Timestamp,tyre_wear_rear_left,tyre_wear_rear_right,tyre_wear_front_left,tyre_wear_front_right,fuel_in_tank,actual_tyre_compound,visual_tyre_compound,tyres_age_laps,ers_store_energy,tyre_surface_temp_rear_left,tyre_surface_temp_rear_right,tyre_surface_temp_front_left,tyre_surface_temp_front_right,tyre_inner_temp_rear_left,tyre_inner_temp_rear_right,tyre_inner_temp_front_left,tyre_inner_temp_front_right,tyre_pressure_rear_left,tyre_pressure_rear_right,tyre_pressure_front_left,tyre_pressure_front_right,lap_distance,last_lap_ms,sector_1_ms,sector_2_ms,delta_in_front_ms,delta_leader_ms,car_position,current_lap,num_pit_stops,pit_timer_active,pit_timer_ms,track_temp,air_temp,total_laps,pit_rejoin_position,starting_position,finishing_position,dnf,penalties_time,fastest_lap
0,0,0,0,0,25.677,20,18,0,4000000,61,61,63,63,101,101,102,102,20.108,20.108,22.352,22.352,179.897,0,0,0,0,0,9,1,0,0,0,28,23,14,20,9,9,FALSE,0,FALSE
0.22772801,0,0,0,0,25.676,20,18,0,4000000,61,61,63,63,101,101,102,102,20.096,20.096,22.341,22.341,179.897,0,0,0,0,0,9,1,0,0,0,28,23,14,20,9,9,FALSE,0,FALSE
0.73407316,0.038,0.038,0,0,25.673,20,18,0,4000000,86,86,62,62,100,100,102,102,20.078,20.078,22.324,22.324,180.312,0,0,0,0,0,9,1,0,0,0,28,23,14,20,9,9,FALSE,0,FALSE
1.2321103,0.056,0.057,0,0,25.67,20,18,0,4000000,89,89,62,62,100,100,101,101,20.072,20.072,22.307,22.307,182.711,0,0,0,0,0,9,1,0,0,0,28,23,14,20,9,9,FALSE,0,FALSE
1.7306032,0.066,0.067,0,0,25.667,20,18,0,4000000,85,86,63,63,100,100,101,101,20.064,20.065,22.289,22.289,187.351,0,0,0,0,0,9,1,0,0,0,28,23,14,20,9,9,FALSE,0,FALSE
2.2299268,0.077,0.078,0,0,25.661,20,18,0,4000000,84,84,64,64,100,100,101,101,20.055,20.055,22.273,22.273,194.283,0,0,0,0,0,9,1,0,0,0,28,23,14,20,9,9,FALSE,0,FALSE
2.7332351,0.1,0.101,0,0,25.655,20,18,0,4000000,87,88,65,65,100,100,100,100,20.047,20.047,22.257,22.256,203.542,0,0,0,0,0,9,1,0,0,0,28,23,14,20,9,9,FALSE,0,FALSE
3.233537,0.113,0.115,0,0,25.647,20,18,0,4000000,82,83,65,66,100,100,100,100,20.038,20.039,22.241,22.241,215.302,0,0,0,0,0,9,1,0,0,0,28,23,14,20,9,9,FALSE,0,FALSE
3.7322075,0.132,0.133,0,0,25.637,20,18,0,3999975,81,81,66,66,99,99,100,100,20.028,20.028,22.225,22.225,229.563,0,0,0,0,0,9,1,0,0,0,28,23,14,20,9,9,FALSE,0,FALSE
4.235917,0.175,0.176,0,0,25.625,20,18,0,3999930.8,91,91,67,67,99,99,100,100,20.019,20.02,22.211,22.211,246.617,0,0,0,0,0,9,1,0,0,0,28,23,14,20,9,9,FALSE,0,FALSE
4.7278557,0.222,0.224,0,0,25.613,20,18,0,3989458.2,88,88,68,68,99,99,99,99,20.015,20.016,22.196,22.196,266.434,0,0,0,967,3283,9,1,0,0,0,28,23,14,20,9,9,FALSE,0,FALSE
5.229985,0.24,0.242,0,0,25.6,20,18,0,3961826.8,78,78,68,68,99,99,99,99,20.005,20.006,22.182,22.182,289.264,0,0,0,967,3283,9,1,0,0,0,28,23,14,20,9,9,FALSE,0,FALSE
5.7361016,0.255,0.257,0,0,25.587,20,18,0,3930597.8,74,74,68,69,99,99,99,99,19.992,19.993,22.168,22.168,315.033,0,0,0,967,3283,9,1,0,0,0,28,23,14,20,9,9,FALSE,0,FALSE
6.2339883,0.267,0.269,0,0,25.573,20,18,0,3885928.2,73,73,69,69,99,99,99,99,19.978,19.979,22.155,22.155,343.358,0,0,0,267,2017,9,1,0,0,0,28,23,14,20,9,9,FALSE,0,FALSE
6.7318487,0.277,0.279,0,0,25.561,20,18,0,3839682.5,72,72,69,69,98,98,98,98,19.964,19.964,22.141,22.141,373.934,0,0,0,166,2017,8,1,0,0,0,28,23,14,20,9,9,FALSE,0,FALSE
7.2281694,0.287,0.289,0,0,25.547,20,18,0,3782679,72,71,69,69,98,98,98,98,19.949,19.95,22.128,22.128,406.572,0,0,0,166,1300,8,1,0,0,0,28,23,14,20,9,9,FALSE,0,FALSE
7.7331743,0.294,0.296,0,0,25.533,20,18,0,3765876.5,71,71,70,70,98,98,98,98,19.935,19.936,22.115,22.115,441.033,0,0,0,100,1033,8,1,0,0,0,28,23,14,20,9,9,FALSE,0,FALSE
8.233367,0.301,0.302,0,0,25.52,20,18,0,3762629,71,71,70,70,97,97,98,98,19.921,19.921,22.102,22.102,476.735,0,0,0,100,1033,8,1,0,0,0,28,23,14,20,9,9,FALSE,0,FALSE
8.734488,0.307,0.308,0,0,25.507,20,18,0,3753989,71,71,70,70,97,97,98,98,19.906,19.907,22.09,22.09,513.573,0,0,0,66,883,8,1,0,0,0,28,23,14,20,9,9,FALSE,0,FALSE
9.236258,0.313,0.314,0,0,25.493,20,18,0,3745349,71,71,70,70,97,97,97,97,19.892,19.893,22.077,22.077,551.513,0,0,0,67,817,8,1,0,0,0,28,23,14,20,9,9,FALSE,0,FALSE
9.732497,0.32,0.322,0.003,0.003,25.479,20,18,0,3740394.5,71,72,71,71,97,97,97,97,19.878,19.879,22.065,22.065,590.396,0,0,0,67,817,8,1,0,0,0,28,23,14,20,9,9,FALSE,0,FALSE
10.234429,0.342,0.34,0.025,0.029,25.478,20,18,0,3773101.5,73,73,74,74,97,97,97,97,19.872,19.872,22.063,22.063,624.276,0,0,0,50,767,8,1,0,0,0,28,23,14,20,9,9,FALSE,0,FALSE
10.735967,0.351,0.349,0.03,0.034,25.476,20,18,0,3800508,70,71,71,71,96,97,97,97,19.87,19.871,22.065,22.065,651.322,0,0,0,65436,767,9,1,0,0,0,28,23,14,20,9,9,FALSE,0,FALSE
11.232867,0.358,0.355,0.033,0.036,25.475,20,18,0,3825588.8,70,70,70,70,96,96,97,97,19.869,19.87,22.068,22.068,673.532,0,0,0,65436,917,9,1,0,0,0,28,23,14,20,9,9,FALSE,0,FALSE
11.721324,0.362,0.359,0.035,0.039,25.475,20,18,0,3846947.5,69,69,70,70,96,97,97,97,19.87,19.871,22.071,22.071,690.753,0,0,0,65436,917,8,1,0,0,0,28,23,14,20,9,9,FALSE,0,FALSE
12.235279,0.363,0.361,0.035,0.039,25.475,20,18,0,3865075,68,68,69,69,97,97,97,97,19.871,19.872,22.074,22.074,705.638,0,0,0,167,917,7,1,0,0,0,28,23,14,20,9,9,FALSE,0,FALSE
12.736783,0.366,0.362,0.039,0.043,25.475,20,18,0,3879560.8,68,67,70,69,97,97,97,97,19.872,19.873,22.077,22.077,717.48,0,0,0,167,917,7,1,0,0,0,28,23,14,20,9,9,FALSE,0,FALSE
13.23795,0.371,0.366,0.047,0.049,25.475,20,18,0,3887159.8,70,68,73,70,97,97,97,97,19.873,19.874,22.081,22.08,726.763,0,0,0,167,1267,7,1,0,0,0,28,23,14,20,9,9,FALSE,0,FALSE
13.731403,0.376,0.37,0.054,0.054,25.473,20,18,0,3893151.8,71,68,74,70,97,97,98,97,19.875,19.875,22.086,22.083,736.028,0,0,0,167,1267,7,1,0,0,0,28,23,14,20,9,9,FALSE,0,FALSE
14.2337675,0.382,0.375,0.067,0.063,25.47,20,18,0,3899378.2,72,70,78,72,97,97,98,98,19.877,19.876,22.091,22.086,752.364,0,0,0,167,1267,7,1,0,0,0,28,23,14,20,9,9,FALSE,0,FALSE
14.731467,0.392,0.383,0.085,0.074,25.467,20,18,0,3905817.8,74,72,82,74,97,97,98,98,19.88,19.878,22.098,22.09,763.993,0,0,0,350,1267,7,1,0,0,0,28,23,14,20,9,9,FALSE,0,FALSE
15.233238,0.406,0.396,0.092,0.08,25.462,20,18,0,3913045.8,77,75,78,73,97,97,98,98,19.884,19.88,22.104,22.093,775.22,0,0,0,350,1583,6,1,0,0,0,28,23,14,20,9,9,FALSE,0,FALSE
15.73432,0.416,0.407,0.093,0.081,25.454,20,18,0,3921370,76,74,73,70,97,97,98,98,19.889,19.884,22.108,22.095,788.521,0,0,0,350,1583,6,1,0,0,0,28,23,14,20,9,9,FALSE,0,FALSE
16.237919,0.423,0.414,0.093,0.081,25.446,20,18,0,3934190.2,73,73,70,69,97,97,98,98,19.892,19.886,22.11,22.096,804.174,0,0,0,633,1583,6,1,0,0,0,28,23,14,20,9,9,FALSE,0,FALSE
16.73402,0.428,0.421,0.099,0.089,25.439,20,18,0,3941964.5,71,72,70,73,97,97,98,98,19.894,19.888,22.11,22.097,821.494,0,0,0,633,1583,6,1,0,0,0,28,23,14,20,9,9,FALSE,0,FALSE
17.234968,0.438,0.434,0.112,0.104,25.432,20,18,0,3949968.8,72,76,74,77,97,97,98,98,19.895,19.89,22.111,22.1,842.291,0,0,0,633,1583,6,1,0,0,0,28,23,14,20,9,9,FALSE,0,FALSE
17.735664,0.452,0.451,0.121,0.114,25.424,20,18,0,3958039.8,73,77,73,75,97,97,98,98,19.897,19.894,22.112,22.102,865.899,0,0,0,217,1434,6,1,0,0,0,28,23,14,20,9,9,FALSE,0,FALSE
18.235968,0.466,0.467,0.127,0.12,25.413,20,18,0,3970647,73,76,71,72,97,97,98,98,19.898,19.897,22.113,22.103,886.083,0,0,0,217,1434,6,1,0,0,0,28,23,14,20,9,9,FALSE,0,FALSE
18.732092,0.495,0.494,0.133,0.125,25.4,20,18,0,3967117.2,78,79,71,71,97,97,98,98,19.901,19.9,22.112,22.103,909.05,0,0,0,217,1500,6,1,0,0,0,28,23,14,20,9,9,FALSE,0,FALSE
19.233454,0.508,0.509,0.134,0.126,25.387,20,18,0,3951757,74,74,69,70,97,97,98,98,19.903,19.903,22.111,22.102,935.055,0,0,0,217,1600,6,1,0,0,0,28,23,14,20,9,9,FALSE,0,FALSE
19.732752,0.527,0.525,0.141,0.134,25.373,20,18,0,3907618.8,76,74,73,72,97,97,98,98,19.903,19.903,22.109,22.1,964.685,0,0,0,284,1600,6,1,0,0,0,28,23,14,20,9,9,FALSE,0,FALSE
20.235743,0.564,0.558,0.161,0.152,25.36,20,18,0,3856904.8,79,76,75,73,97,97,98,98,19.906,19.905,22.109,22.099,994.917,0,0,0,284,1633,6,1,0,0,0,28,23,14,20,9,9,FALSE,0,FALSE
20.733343,0.581,0.572,0.165,0.157,25.347,20,18,0,3806584.5,73,72,71,70,97,97,98,98,19.907,19.905,22.107,22.097,1026.763,0,0,0,317,1633,6,1,0,0,0,28,23,14,20,9,9,FALSE,0,FALSE
21.232288,0.593,0.582,0.166,0.159,25.333,20,18,0,3748969.5,72,71,70,69,97,97,98,98,19.906,19.903,22.104,22.093,1060.618,0,0,0,317,1633,6,1,0,0,0,28,23,14,20,9,9,FALSE,0,FALSE
21.733534,0.603,0.592,0.166,0.159,25.32,20,18,0,3696888.5,71,71,69,69,97,97,98,98,19.905,19.902,22.1,22.089,1096.125,0,0,0,317,1650,6,1,0,0,0,28,23,14,20,9,9,FALSE,0,FALSE
22.234646,0.612,0.6,0.166,0.159,25.306,20,18,0,3639273.5,72,72,70,70,97,97,98,98,19.903,19.9,22.095,22.085,1132.958,0,0,0,317,1650,6,1,0,0,0,28,23,14,20,9,9,FALSE,0,FALSE
22.733213,0.621,0.608,0.166,0.159,25.292,20,18,0,3581658.5,72,72,70,70,97,97,98,97,19.901,19.898,22.091,22.08,1171.116,0,0,0,317,1650,6,1,0,0,0,28,23,14,20,9,9,FALSE,0,FALSE
23.236158,0.63,0.616,0.166,0.159,25.279,20,18,0,3524043.5,72,72,70,70,97,97,98,97,19.898,19.895,22.086,22.075,1210.455,0,0,0,317,1650,6,1,0,0,0,28,23,14,20,9,9,FALSE,0,FALSE
23.733404,0.636,0.623,0.166,0.159,25.266,20,18,0,3489846.5,72,72,70,70,97,97,97,97,19.895,19.892,22.08,22.069,1250.7,0,0,0,317,1650,6,1,0,0,0,28,23,14,20,9,9,FALSE,0,FALSE
24.234306,0.642,0.628,0.166,0.159,25.252,20,18,0,3481206.5,72,72,70,70,97,97,97,97,19.892,19.889,22.074,22.064,1291.522,0,0,0,333,1650,6,1,0,0,0,28,23,14,20,9,9,FALSE,0,FALSE
24.735168,0.647,0.634,0.166,0.159,25.238,20,18,0,3472566.5,72,72,70,70,97,97,97,97,19.888,19.885,22.068,22.057,1332.894,0,0,0,316,1633,6,1,0,0,0,28,23,14,20,9,9,FALSE,0,FALSE
25.231283,0.652,0.639,0.166,0.159,25.225,20,18,0,3463926.5,72,72,70,70,97,97,97,97,19.884,19.881,22.061,22.051,1374.775,0,0,0,316,1633,6,1,0,0,0,28,23,14,20,9,9,FALSE,0,FALSE
25.73585,0.66,0.648,0.174,0.166,25.212,20,18,0,3464973.8,73,73,74,74,97,97,97,97,19.88,19.877,22.055,22.044,1416.848,0,0,0,333,1633,6,1,0,0,0,28,23,14,20,9,9,FALSE,0,FALSE
26.235659,0.684,0.669,0.203,0.197,25.21,20,18,0,3498286.2,74,74,77,77,97,97,97,97,19.881,19.878,22.058,22.047,1452.31,0,0,0,350,1650,6,1,0,0,0,28,23,14,20,9,9,FALSE,0,FALSE
26.729496,0.707,0.694,0.219,0.221,25.209,20,18,0,3525472.2,73,73,74,74,97,97,97,97,19.886,19.884,22.064,22.055,1479.563,0,0,0,350,1650,6,1,0,0,0,28,23,14,20,9,9,FALSE,0,FALSE
27.237806,0.719,0.704,0.23,0.232,25.209,20,18,0,3549938.2,73,71,75,73,97,97,97,97,19.891,19.888,22.071,22.061,1501.237,0,0,0,383,1717,6,1,0,0,0,28,23,14,20,9,9,FALSE,0,FALSE
27.73658,0.736,0.717,0.258,0.254,25.209,20,18,0,3570621.2,77,73,83,78,97,97,97,97,19.897,19.893,22.078,22.068,1518.563,0,0,0,383,1717,6,1,0,0,0,28,23,14,20,9,9,FALSE,0,FALSE
28.238323,0.758,0.73,0.296,0.286,25.206,20,18,0,3579812.2,80,74,90,84,97,97,98,97,19.905,19.898,22.089,22.077,1537.701,0,0,0,383,1717,6,1,0,0,0,28,23,14,20,9,9,FALSE,0,FALSE
28.737284,0.771,0.74,0.337,0.316,25.203,20,18,0,3587222.8,78,73,94,86,97,97,98,98,19.913,19.903,22.102,22.087,1558.425,0,0,0,400,1750,6,1,0,0,0,28,23,14,20,9,9,FALSE,0,FALSE
29.231697,0.789,0.754,0.368,0.338,25.198,20,18,0,3594640,79,75,92,83,97,97,98,98,19.92,19.908,22.115,22.096,1574.078,0,0,0,400,1750,6,1,0,0,0,28,23,14,20,9,9,FALSE,0,FALSE
29.734478,0.805,0.767,0.388,0.353,25.192,20,18,0,3602193.5,79,74,85,78,98,97,98,98,19.927,19.913,22.126,22.103,1589.746,0,0,0,400,1750,6,1,0,0,0,28,23,14,20,9,9,FALSE,0,FALSE
30.231504,0.821,0.78,0.398,0.362,25.184,20,18,0,3609908,78,74,79,74,98,97,98,98,19.934,19.917,22.133,22.108,1605.445,0,0,0,400,1983,6,1,0,0,0,28,23,14,20,9,9,FALSE,0,FALSE
30.733437,0.843,0.801,0.404,0.367,25.174,20,18,0,3617857.8,78,76,74,71,98,97,98,98,19.94,19.923,22.137,22.111,1624.476,0,0,0,416,1983,6,1,0,0,0,28,23,14,20,9,9,FALSE,0,FALSE
31.23373,0.859,0.815,0.405,0.369,25.162,20,18,0,3622044.5,77,76,72,70,98,98,98,98,19.945,19.927,22.139,22.112,1646.017,0,0,0,416,1984,6,1,0,0,0,28,23,14,20,9,9,FALSE,0,FALSE
31.732971,0.89,0.844,0.406,0.369,25.148,20,18,0,3619672,80,80,72,68,98,98,98,98,19.95,19.932,22.14,22.112,1669.777,0,0,0,267,1984,6,1,0,0,0,28,23,14,20,9,9,FALSE,0,FALSE
32.23566,0.909,0.862,0.406,0.369,25.136,20,18,0,3620120.2,74,74,69,68,98,98,98,98,19.954,19.937,22.14,22.112,1695.929,0,0,0,267,1984,6,1,0,0,0,28,23,14,20,9,9,FALSE,0,FALSE
32.731403,0.919,0.873,0.408,0.371,25.122,20,18,0,3613507.2,72,73,69,70,98,98,98,98,19.956,19.939,22.139,22.111,1724.21,0,0,0,233,1983,6,1,0,0,0,28,23,14,20,9,9,FALSE,0,FALSE
33.2358,0.929,0.885,0.411,0.374,25.109,20,18,0,3611295.5,71,73,70,71,98,98,98,98,19.957,19.941,22.137,22.11,1754.41,0,0,0,233,1983,6,1,0,0,0,28,23,14,20,9,9,FALSE,0,FALSE
33.734863,0.944,0.904,0.423,0.386,25.096,20,18,0,3602979.5,72,75,72,73,98,98,98,98,19.957,19.942,22.136,22.11,1786.303,0,0,0,250,1984,6,1,0,0,0,28,23,14,20,9,9,FALSE,0,FALSE
34.234497,0.96,0.925,0.438,0.4,25.082,20,18,0,3594339.5,73,76,73,74,98,98,98,98,19.958,19.944,22.135,22.109,1820.631,0,33986,0,266,1984,6,1,0,0,0,28,23,14,20,9,9,FALSE,0,FALSE
34.735306,0.977,0.941,0.456,0.415,25.078,20,18,0,3616072.5,74,72,76,74,98,98,98,98,19.959,19.946,22.135,22.109,1854.234,0,33986,0,266,1983,6,1,0,0,0,28,23,14,20,9,9,FALSE,0,FALSE
35.234535,1.014,0.969,0.506,0.457,25.078,20,18,0,3636857,80,76,86,80,98,98,98,98,19.964,19.949,22.139,22.112,1882.462,0,33986,0,300,2017,6,1,0,0,0,28,23,14,20,9,9,FALSE,0,FALSE
35.732826,1.052,0.993,0.567,0.515,25.077,20,18,0,3646249,84,74,90,89,98,98,99,98,19.969,19.952,22.147,22.117,1911.659,0,33986,0,300,2017,6,1,0,0,0,28,23,14,20,9,9,FALSE,0,FALSE
36.23511,1.101,1.029,0.638,0.577,25.07,20,18,0,3652450.2,84,77,92,87,98,98,99,98,19.978,19.956,22.156,22.125,1940.08,0,33986,0,350,2067,6,1,0,0,0,28,23,14,20,9,9,FALSE,0,FALSE
36.734356,1.133,1.053,0.671,0.605,25.06,20,18,0,3657603.5,80,75,82,78,99,98,99,98,19.983,19.959,22.162,22.129,1966.208,0,33986,0,350,2067,6,1,0,0,0,28,23,14,20,9,9,FALSE,0,FALSE
37.23091,1.152,1.071,0.683,0.618,25.047,20,18,0,3654412.2,75,75,74,76,99,98,99,98,19.986,19.961,22.162,22.129,1993.777,0,33986,0,350,2083,6,1,0,0,0,28,23,14,20,9,9,FALSE,0,FALSE
37.733833,1.192,1.123,0.731,0.676,25.036,20,18,0,3659136,79,86,82,86,99,98,99,98,19.988,19.965,22.163,22.132,2024.267,0,33986,0,350,2133,6,1,0,0,0,28,23,14,20,9,9,FALSE,0,FALSE
38.233,1.236,1.173,0.771,0.727,25.023,20,18,0,3657034.2,79,82,79,85,99,98,99,98,19.992,19.971,22.164,22.136,2055.543,0,33986,0,333,2133,6,1,0,0,0,28,23,14,20,9,9,FALSE,0,FALSE
38.73462,1.276,1.221,0.808,0.771,25.01,20,18,0,3654978.8,79,82,78,83,99,98,99,98,19.995,19.976,22.164,22.138,2085.734,0,33986,0,367,2200,6,1,0,0,0,28,23,14,20,9,9,FALSE,0,FALSE
39.23487,1.309,1.261,0.836,0.801,24.996,20,18,0,3646614,75,78,75,77,99,99,99,98,19.997,19.979,22.163,22.139,2117.552,0,33986,0,367,2200,6,1,0,0,0,28,23,14,20,9,9,FALSE,0,FALSE
39.733765,1.324,1.281,0.846,0.811,24.982,20,18,0,3637974,72,75,72,73,99,99,99,98,19.996,19.98,22.16,22.136,2150.763,0,33986,0,400,2200,6,1,0,0,0,28,23,14,20,9,9,FALSE,0,FALSE
40.229893,1.339,1.296,0.863,0.828,24.974,20,18,0,3653284.2,74,74,76,76,99,99,99,98,19.995,19.98,22.158,22.135,2183.363,0,33986,0,400,2200,6,1,0,0,0,28,23,14,20,9,9,FALSE,0,FALSE
40.73299,1.35,1.307,0.871,0.837,24.973,20,18,0,3681032.8,72,71,74,72,99,99,99,98,19.997,19.982,22.161,22.138,2209.333,0,33986,0,433,2283,6,1,0,0,0,28,23,14,20,9,9,FALSE,0,FALSE
41.233036,1.356,1.311,0.874,0.841,24.973,20,18,0,3705737.2,70,70,72,71,99,99,99,98,19.999,19.985,22.165,22.141,2230.865,0,33986,0,433,2283,6,1,0,0,0,28,23,14,20,9,9,FALSE,0,FALSE
41.73167,1.365,1.318,0.882,0.85,24.973,20,18,0,3726185,73,70,73,73,99,99,99,99,20.002,19.987,22.168,22.144,2248.787,0,33986,0,433,2283,6,1,0,0,0,28,23,14,20,9,9,FALSE,0,FALSE
42.23264,1.378,1.328,0.902,0.866,24.973,20,18,0,3742366,75,71,81,76,99,99,99,99,20.007,19.989,22.174,22.149,2261.902,0,33986,0,433,2400,6,1,0,0,0,28,23,14,20,9,9,FALSE,0,FALSE
42.73426,1.388,1.336,0.932,0.885,24.973,20,18,0,3753773.8,75,72,89,80,99,99,99,99,20.012,19.993,22.182,22.155,2273.423,0,33986,0,433,2400,6,1,0,0,0,28,23,14,20,9,9,FALSE,0,FALSE
43.23455,1.396,1.342,0.959,0.904,24.971,20,18,0,3759120.8,76,72,93,82,99,99,99,99,20.016,19.996,22.194,22.163,2286.185,0,33986,0,433,2400,6,1,0,0,0,28,23,14,20,9,9,FALSE,0,FALSE
43.73259,1.408,1.352,0.969,0.912,24.966,20,18,0,3764834,77,73,86,79,99,99,100,99,20.022,20,22.204,22.169,2298.807,0,33986,0,433,2400,6,1,0,0,0,28,23,14,20,9,9,FALSE,0,FALSE
44.23632,1.429,1.372,0.976,0.918,24.96,20,18,0,3771420,82,79,81,75,99,99,100,99,20.028,20.005,22.211,22.174,2311.435,0,33986,0,433,2400,6,1,0,0,0,28,23,14,20,9,9,FALSE,0,FALSE
44.73575,1.446,1.389,0.98,0.921,24.952,20,18,0,3777787.8,80,78,75,72,100,99,100,99,20.036,20.011,22.215,22.176,2325.071,0,33986,0,216,2400,6,1,0,0,0,28,23,14,20,9,9,FALSE,0,FALSE
45.234673,1.462,1.407,0.982,0.924,24.941,20,18,0,3783570.8,79,79,72,70,100,99,100,99,20.042,20.017,22.218,22.178,2341.047,0,33986,0,216,2400,6,1,0,0,0,28,23,14,20,9,9,FALSE,0,FALSE
45.731106,1.477,1.423,0.983,0.925,24.929,20,18,0,3791235,76,76,70,68,100,99,100,99,20.047,20.022,22.219,22.178,2360.208,0,33986,0,216,2600,6,1,0,0,0,28,23,14,20,9,9,FALSE,0,FALSE
46.230885,1.492,1.44,0.983,0.926,24.917,20,18,0,3791000.8,75,75,69,69,100,99,100,99,20.05,20.026,22.218,22.177,2382.132,0,33986,0,400,2600,6,1,0,0,0,28,23,14,20,9,9,FALSE,0,FALSE
46.7338,1.507,1.457,0.983,0.926,24.903,20,18,0,3760054.8,74,74,69,69,100,99,100,99,20.053,20.029,22.217,22.177,2406.897,0,33986,0,400,2550,6,1,0,0,0,28,23,14,20,9,9,FALSE,0,FALSE
47.234917,1.52,1.471,0.983,0.926,24.89,20,18,0,3721326,73,73,69,69,100,99,100,99,20.055,20.03,22.216,22.175,2434.104,0,33986,0,334,2550,6,1,0,0,0,28,23,14,20,9,9,FALSE,0,FALSE
47.729668,1.532,1.483,0.983,0.926,24.876,20,18,0,3672225.2,72,72,69,69,100,99,100,99,20.056,20.031,22.213,22.174,2463.756,0,33986,0,334,2550,6,1,0,0,0,28,23,14,20,9,9,FALSE,0,FALSE
48.231487,1.542,1.493,0.983,0.926,24.863,20,18,0,3625775.2,72,72,69,69,100,99,100,99,20.056,20.031,22.211,22.171,2495.443,0,33986,0,300,2517,6,1,0,0,0,28,23,14,20,9,9,FALSE,0,FALSE
48.733936,1.549,1.501,0.984,0.926,24.85,20,18,0,3617135.2,71,71,70,69,100,99,100,99,20.055,20.031,22.207,22.168,2528.897,0,33986,0,300,2517,6,1,0,0,0,28,23,14,20,9,9,FALSE,0,FALSE
49.233562,1.558,1.512,0.989,0.931,24.836,20,18,0,3608495.2,72,73,71,72,100,99,100,99,20.054,20.03,22.204,22.165,2563.875,0,33986,0,300,2500,6,1,0,0,0,28,23,14,20,9,9,FALSE,0,FALSE
49.732403,1.579,1.539,1.013,0.955,24.823,20,18,0,3605353.8,74,77,75,77,100,99,99,99,20.053,20.03,22.201,22.163,2599.788,0,33986,0,300,2500,6,1,0,0,0,28,23,14,20,9,9,FALSE,0,FALSE
50.229465,1.606,1.574,1.051,0.994,24.815,20,18,0,3624276,75,77,77,80,100,100,99,99,20.053,20.032,22.2,22.164,2634.783,0,33986,0,317,2500,6,1,0,0,0,28,23,14,20,9,9,FALSE,0,FALSE
50.73023,1.627,1.6,1.075,1.018,24.813,20,18,0,3653126.8,74,76,76,79,100,100,100,99,20.056,20.036,22.203,22.168,2665.534,0,33986,0,317,2500,6,1,0,0,0,28,23,14,20,9,9,FALSE,0,FALSE
51.23532,1.643,1.621,1.092,1.035,24.812,20,18,0,3678743.8,73,76,75,78,100,100,100,99,20.059,20.041,22.207,22.173,2689.563,0,33986,0,317,2533,6,1,0,0,0,28,23,14,20,9,9,FALSE,0,FALSE
51.731915,1.655,1.636,1.109,1.05,24.812,20,18,0,3701105.8,74,76,77,79,100,100,100,99,20.062,20.046,22.212,22.179,2708.575,0,33986,0,350,2533,6,1,0,0,0,28,23,14,20,9,9,FALSE,0,FALSE
52.22789,1.668,1.655,1.121,1.065,24.812,20,18,0,3718873.8,74,79,77,79,100,100,100,99,20.066,20.051,22.217,22.185,2724.501,0,33986,0,350,2533,6,1,0,0,0,28,23,14,20,9,9,FALSE,0,FALSE
52.732388,1.68,1.669,1.133,1.081,24.812,20,18,0,3733062.8,74,78,77,82,100,100,100,99,20.071,20.058,22.222,22.191,2736.531,0,33986,0,350,2533,6,1,0,0,0,28,23,14,20,9,9,FALSE,0,FALSE
53.235897,1.686,1.676,1.148,1.105,24.812,20,18,0,3741220.5,73,76,79,88,100,100,100,99,20.075,20.064,22.227,22.2,2747.581,0,33986,0,350,2633,6,1,0,0,0,28,23,14,20,9,9,FALSE,0,FALSE
53.7362,1.693,1.685,1.158,1.12,24.808,20,18,0,3746344,74,76,78,87,100,100,100,100,20.079,20.069,22.233,22.21,2764.384,0,33986,0,350,2633,6,1,0,0,0,28,23,14,20,9,9,FALSE,0,FALSE
54.23236,1.704,1.698,1.166,1.129,24.804,20,18,0,3751985.5,75,79,76,83,100,100,100,100,20.083,20.075,22.238,22.218,2774.632,0,33986,0,350,2750,6,1,0,0,0,28,23,14,20,9,9,FALSE,0,FALSE
54.732113,1.724,1.716,1.168,1.131,24.796,20,18,0,3756800.8,79,81,72,76,101,100,100,100,20.088,20.082,22.241,22.224,2787.138,0,33986,0,350,2750,6,1,0,0,0,28,23,14,20,9,9,FALSE,0,FALSE
55.234318,1.735,1.726,1.168,1.131,24.787,20,18,0,3759849.5,77,77,70,71,101,101,100,100,20.094,20.088,22.242,22.226,2802.318,0,33986,0,350,2750,6,1,0,0,0,28,23,14,20,9,9,FALSE,0,FALSE
55.727913,1.75,1.74,1.168,1.131,24.775,20,18,0,3765769,76,76,68,69,101,101,100,100,20.098,20.092,22.243,22.227,2820.161,0,33986,0,350,2750,6,1,0,0,0,28,23,14,20,9,9,FALSE,0,FALSE
56.230488,1.772,1.761,1.168,1.131,24.763,20,18,0,3756271.8,78,78,68,68,101,101,100,100,20.103,20.097,22.242,22.227,2840.808,0,33986,0,350,2767,6,1,0,0,0,28,23,14,20,9,9,FALSE,0,FALSE
56.730484,1.792,1.781,1.168,1.131,24.749,20,18,0,3725914.2,76,76,68,68,101,101,100,100,20.107,20.101,22.241,22.226,2864.48,0,33986,0,333,2767,6,1,0,0,0,28,23,14,20,9,9,FALSE,0,FALSE
57.23256,1.805,1.794,1.168,1.131,24.737,20,18,0,3692424.5,73,73,69,69,101,101,100,100,20.109,20.103,22.239,22.225,2890.861,0,33986,0,333,2767,6,1,0,0,0,28,23,14,20,9,9,FALSE,0,FALSE
57.729305,1.816,1.806,1.168,1.131,24.723,20,18,0,3651269.5,72,73,69,69,101,101,100,100,20.11,20.105,22.238,22.223,2919.833,0,33986,0,283,2750,6,1,0,0,0,28,23,14,20,9,9,FALSE,0,FALSE
58.228615,1.824,1.814,1.168,1.131,24.71,20,18,0,3648726.8,71,72,70,70,101,101,100,100,20.111,20.105,22.235,22.221,2950.817,0,33986,0,283,2717,6,1,0,0,0,28,23,14,20,9,9,FALSE,0,FALSE
58.72891,1.831,1.821,1.168,1.131,24.696,20,18,0,3640138.2,71,71,70,70,101,101,100,100,20.11,20.105,22.233,22.219,2983.552,0,33986,0,250,2717,6,1,0,0,0,28,23,14,20,9,9,FALSE,0,FALSE
59.232067,1.838,1.828,1.168,1.131,24.683,20,18,0,3631498.2,71,71,70,70,101,101,100,100,20.109,20.104,22.229,22.216,3017.876,0,33986,0,250,2733,6,1,0,0,0,28,23,14,20,9,9,FALSE,0,FALSE
59.73436,1.844,1.834,1.168,1.131,24.67,20,18,0,3628162.5,71,71,70,70,101,101,100,100,20.108,20.103,22.225,22.212,3053.414,0,33986,0,250,2717,6,1,0,0,0,28,23,14,20,9,9,FALSE,0,FALSE
60.231068,1.85,1.84,1.168,1.131,24.656,20,18,0,3619522.5,71,71,70,70,101,101,100,100,20.106,20.101,22.221,22.208,3090.146,0,33986,0,250,2717,6,1,0,0,0,28,23,14,20,9,9,FALSE,0,FALSE
60.732746,1.856,1.846,1.168,1.131,24.642,20,18,0,3610882.5,71,71,70,70,101,101,100,100,20.104,20.099,22.216,22.203,3127.994,0,33986,0,250,2717,6,1,0,0,0,28,23,14,20,9,9,FALSE,0,FALSE
61.232304,1.862,1.852,1.168,1.131,24.629,20,18,0,3602242.5,72,72,71,70,101,101,100,99,20.102,20.096,22.211,22.198,3166.854,0,33986,0,250,2700,6,1,0,0,0,28,23,14,20,9,9,FALSE,0,FALSE
61.730843,1.868,1.858,1.168,1.131,24.615,20,18,0,3593602.5,72,72,71,70,101,101,100,99,20.099,20.094,22.206,22.193,3206.613,0,33986,0,233,2684,6,1,0,0,0,28,23,14,20,9,9,FALSE,0,FALSE
62.232784,1.874,1.863,1.168,1.131,24.602,20,18,0,3590335.5,72,72,71,71,101,101,99,99,20.096,20.09,22.2,22.187,3247.039,0,33986,0,217,2684,6,1,0,0,0,28,23,14,20,9,9,FALSE,0,FALSE
62.73201,1.88,1.868,1.168,1.131,24.588,20,18,0,3581695.5,72,72,71,71,101,101,99,99,20.092,20.087,22.193,22.18,3288.089,0,33986,0,216,2650,6,1,0,0,0,28,23,14,20,9,9,FALSE,0,FALSE
63.228184,1.885,1.874,1.168,1.131,24.575,20,18,0,3573055.5,72,72,71,71,101,100,99,99,20.088,20.083,22.186,22.174,3329.758,0,33986,0,216,2650,6,1,0,0,0,28,23,14,20,9,9,FALSE,0,FALSE
63.728703,1.902,1.89,1.191,1.155,24.567,20,18,0,3597346.2,74,74,76,76,101,100,99,99,20.086,20.081,22.185,22.172,3368.934,0,33986,0,200,2650,6,1,0,0,0,28,23,14,20,9,9,FALSE,0,FALSE
64.233795,1.912,1.901,1.2,1.163,24.566,20,18,0,3628546.5,71,71,72,72,101,100,99,99,20.088,20.083,22.188,22.176,3400.341,0,33986,0,200,2633,6,1,0,0,0,28,23,14,20,9,9,FALSE,0,FALSE
64.73447,1.921,1.915,1.219,1.182,24.566,20,18,0,3656755.8,71,75,76,77,101,100,99,99,20.089,20.085,22.192,22.18,3427.278,0,33986,0,200,2633,6,1,0,0,0,28,23,14,20,9,9,FALSE,0,FALSE
65.23039,1.944,1.947,1.262,1.238,24.566,20,18,0,3678566.8,76,81,84,92,101,101,99,99,20.092,20.09,22.198,22.188,3450.345,0,33986,0,283,2733,6,1,0,0,0,28,23,14,20,9,9,FALSE,0,FALSE
65.73184,1.966,1.974,1.311,1.305,24.561,20,18,0,3687712,77,81,89,99,101,101,100,99,20.096,20.097,22.207,22.201,3475.102,0,33986,0,283,2733,6,1,0,0,0,28,23,14,20,9,9,FALSE,0,FALSE
66.23115,1.993,2.009,1.361,1.366,24.554,20,18,0,3694604.5,79,85,90,98,101,101,100,100,20.101,20.104,22.217,22.215,3499.011,0,33986,0,283,2767,6,1,0,0,0,28,23,14,20,9,9,FALSE,0,FALSE
66.735146,2.022,2.045,1.399,1.414,24.545,20,18,0,3701283.8,80,85,85,92,101,101,100,100,20.106,20.112,22.225,22.227,3520.699,0,33986,0,300,2767,6,1,0,0,0,28,23,14,20,9,9,FALSE,0,FALSE
67.234665,2.072,2.104,1.425,1.445,24.532,20,18,0,3706364.2,89,95,81,86,101,101,100,100,20.113,20.121,22.231,22.235,3543.13,0,33986,0,300,2800,6,1,0,0,0,28,23,14,20,9,9,FALSE,0,FALSE
67.73189,2.166,2.217,1.445,1.467,24.522,20,18,0,3713416.5,99,109,77,81,101,101,100,100,20.126,20.138,22.234,22.24,3566.316,0,33986,0,333,2800,6,1,0,0,0,28,23,14,20,9,9,FALSE,0,FALSE
68.23269,2.183,2.236,1.459,1.482,24.51,20,18,0,3717484.8,78,82,75,77,101,102,100,100,20.133,20.148,22.236,22.242,3590.459,0,33986,0,333,2800,6,1,0,0,0,28,23,14,20,9,9,FALSE,0,FALSE
68.73183,2.211,2.27,1.478,1.502,24.497,20,18,0,3718204,78,81,75,78,101,102,100,100,20.135,20.152,22.236,22.244,3616.582,0,33986,0,350,2850,6,1,0,0,0,28,23,14,20,9,9,FALSE,0,FALSE
69.2318,2.239,2.302,1.497,1.521,24.484,20,18,0,3697882.8,77,81,75,77,101,102,100,100,20.137,20.156,22.237,22.245,3644.681,0,33986,0,350,2933,6,1,0,0,0,28,23,14,20,9,9,FALSE,0,FALSE
69.7303,2.265,2.333,1.517,1.54,24.471,20,18,0,3657988.5,75,80,75,76,101,102,100,100,20.139,20.159,22.236,22.245,3675.215,0,33986,0,367,2933,6,1,0,0,0,28,23,14,20,9,9,FALSE,0,FALSE
70.229195,2.279,2.349,1.523,1.546,24.457,20,18,0,3649583,72,73,71,71,101,102,100,100,20.138,20.16,22.234,22.243,3707.578,0,33986,0,400,2950,6,1,0,0,0,28,23,14,20,9,9,FALSE,0,FALSE
70.73265,2.295,2.362,1.533,1.556,24.443,20,18,0,3640943,75,73,75,72,101,102,100,100,20.137,20.158,22.232,22.24,3741.133,0,33986,0,400,2983,6,1,0,0,0,28,23,14,20,9,9,FALSE,0,FALSE
71.23183,2.328,2.389,1.57,1.591,24.429,20,18,0,3632303,80,77,83,79,101,102,100,100,20.137,20.157,22.231,22.238,3775.454,0,33986,0,416,2983,6,1,0,0,0,28,23,14,20,9,9,FALSE,0,FALSE
71.73185,2.393,2.444,1.651,1.663,24.416,20,18,0,3623663,86,82,91,86,102,102,100,100,20.14,20.159,22.233,22.239,3811.098,0,33986,0,417,2983,6,1,0,0,0,28,23,14,20,9,9,FALSE,0,FALSE
72.23165,2.459,2.499,1.743,1.743,24.402,20,18,0,3615023,86,82,94,88,102,102,100,100,20.144,20.16,22.237,22.24,3847.679,0,33986,0,417,2984,6,1,0,0,0,28,23,14,20,9,9,FALSE,0,FALSE
72.73122,2.524,2.553,1.832,1.821,24.389,20,18,0,3611822,85,80,91,86,102,102,100,100,20.148,20.161,22.24,22.242,3884.364,0,33986,0,434,2984,6,1,0,0,0,28,23,14,20,9,9,FALSE,0,FALSE
73.23191,2.582,2.601,1.898,1.88,24.376,20,18,0,3603182,83,79,85,81,102,102,100,100,20.15,20.161,22.242,22.241,3920.904,0,33986,0,433,2984,6,1,0,0,0,28,23,14,20,9,9,FALSE,0,FALSE
73.730484,2.627,2.638,1.945,1.924,24.362,20,18,0,3594542,81,77,82,78,102,102,100,100,20.15,20.16,22.241,22.239,3956.714,0,33986,0,433,3000,6,1,0,0,0,28,23,14,20,9,9,FALSE,0,FALSE
74.22991,2.655,2.659,1.965,1.944,24.348,20,18,0,3585902,75,74,74,72,102,102,100,100,20.149,20.157,22.237,22.234,3993.162,0,33986,0,450,3000,6,1,0,0,0,28,23,14,20,9,9,FALSE,0,FALSE
74.73502,2.664,2.666,1.967,1.947,24.336,20,18,0,3587337.8,71,71,71,70,102,102,100,100,20.145,20.152,22.231,22.227,4030.619,0,33986,40402,433,3000,6,1,0,0,0,28,23,14,20,9,9,FALSE,0,FALSE
75.73294,2.725,2.716,2.036,2.012,24.334,20,18,0,3647692.5,82,77,87,83,102,102,100,100,20.147,20.152,22.235,22.229,4089.946,0,33986,40402,433,3000,6,1,0,0,0,28,23,14,20,9,9,FALSE,0,FALSE
76.232414,2.771,2.753,2.104,2.066,24.334,20,18,0,3671526,87,81,98,90,102,102,100,100,20.154,20.157,22.245,22.236,4111.948,0,33986,40402,450,3000,6,1,0,0,0,28,23,14,20,9,9,FALSE,0,FALSE
76.73232,2.798,2.773,2.167,2.113,24.333,20,18,0,3688548.5,82,77,103,92,102,102,100,100,20.162,20.162,22.259,22.246,4130.688,0,33986,40402,450,2950,6,1,0,0,0,28,23,14,20,9,9,FALSE,0,FALSE
77.23403,2.818,2.791,2.207,2.141,24.326,20,18,0,3694896.2,81,78,96,85,102,102,101,100,20.168,20.165,22.272,22.254,4150.598,0,33986,40402,383,2950,6,1,0,0,0,28,23,14,20,9,9,FALSE,0,FALSE
77.72907,2.841,2.81,2.227,2.156,24.317,20,18,0,3701226,81,78,86,79,102,102,101,100,20.173,20.169,22.281,22.26,4170.843,0,33986,40402,383,2950,6,1,0,0,0,28,23,14,20,9,9,FALSE,0,FALSE
78.22998,2.863,2.83,2.243,2.17,24.307,20,18,0,3707322,80,77,81,75,102,102,101,100,20.178,20.172,22.286,22.262,4190.999,0,33986,40402,383,2950,6,1,0,0,0,28,23,14,20,9,9,FALSE,0,FALSE
78.73207,2.895,2.86,2.257,2.181,24.294,20,18,0,3707004.8,83,81,77,73,102,102,101,101,20.182,20.175,22.289,22.263,4212.992,0,33986,40402,517,3100,6,1,0,0,0,28,23,14,20,9,9,FALSE,0,FALSE
79.23296,2.92,2.883,2.258,2.183,24.281,20,18,0,3680916.2,78,76,72,70,102,102,101,101,20.186,20.178,22.289,22.262,4238.091,0,33986,40402,517,3166,6,1,0,0,0,28,23,14,20,9,9,FALSE,0,FALSE
79.73087,2.935,2.895,2.258,2.183,24.267,20,18,0,3638129.2,75,73,70,70,102,102,101,100,20.187,20.179,22.287,22.26,4265.787,0,33986,40402,566,3166,6,1,0,0,0,28,23,14,20,9,9,FALSE,0,FALSE
80.22786,2.946,2.906,2.258,2.183,24.254,20,18,0,3593665.8,73,73,70,70,102,102,101,100,20.187,20.178,22.285,22.258,4295.836,0,33986,40402,566,3166,6,1,0,0,0,28,23,14,20,9,9,FALSE,0,FALSE
80.729706,2.956,2.916,2.258,2.183,24.241,20,18,0,3537734.8,73,73,70,70,102,102,101,100,20.186,20.177,22.281,22.255,4327.881,0,33986,40402,566,3183,6,1,0,0,0,28,23,14,20,9,9,FALSE,0,FALSE
81.23104,2.965,2.925,2.258,2.183,24.227,20,18,0,3480119.8,73,73,70,70,102,102,101,100,20.185,20.176,22.278,22.251,4361.902,0,33986,40402,550,3183,6,1,0,0,0,28,23,14,20,9,9,FALSE,0,FALSE
81.72848,2.974,2.933,2.258,2.183,24.214,20,18,0,3428026,72,72,70,70,102,102,101,100,20.182,20.173,22.274,22.247,4397.539,0,33986,40402,550,3183,6,1,0,0,0,28,23,14,20,9,9,FALSE,0,FALSE
82.23242,2.982,2.942,2.258,2.183,24.2,20,18,0,3370411,72,72,70,70,102,102,101,100,20.18,20.171,22.269,22.243,4434.604,0,33986,40402,516,3150,6,1,0,0,0,28,23,14,20,9,9,FALSE,0,FALSE
82.73068,2.99,2.95,2.258,2.183,24.186,20,18,0,3312796,72,72,70,70,102,102,101,100,20.177,20.168,22.264,22.238,4473.05,0,33986,40402,500,3134,6,1,0,0,0,28,23,14,20,9,9,FALSE,0,FALSE
83.23348,2.997,2.958,2.258,2.183,24.172,20,18,0,3255181,72,72,71,71,102,102,100,100,20.173,20.164,22.258,22.232,4512.73,0,33986,40402,467,3100,6,1,0,0,0,28,23,14,20,9,9,FALSE,0,FALSE
83.7309,3.004,2.965,2.258,2.183,24.16,20,18,0,3203080.2,72,72,71,70,102,102,100,100,20.169,20.161,22.252,22.226,4553.382,0,33986,40402,467,3100,6,1,0,0,0,28,23,14,20,9,9,FALSE,0,FALSE
84.2322,3.011,2.972,2.258,2.183,24.146,20,18,0,3168320.2,72,72,71,71,102,102,100,100,20.165,20.156,22.246,22.22,4594.919,0,33986,40402,433,3066,6,1,0,0,0,28,23,14,20,9,9,FALSE,0,FALSE
84.73344,3.016,2.977,2.258,2.183,24.132,20,18,0,3159680.2,73,73,71,71,102,102,100,100,20.161,20.152,22.239,22.214,4637.08,0,33986,40402,400,3016,6,1,0,0,0,28,23,14,20,9,9,FALSE,0,FALSE
85.23253,3.022,2.983,2.258,2.183,24.118,20,18,0,3151040.2,73,73,72,72,102,102,100,100,20.156,20.148,22.232,22.207,4679.751,0,33986,40402,383,3016,6,1,0,0,0,28,23,14,20,9,9,FALSE,0,FALSE
85.73238,3.027,2.988,2.258,2.183,24.104,20,18,0,3142400.2,73,73,72,71,102,102,100,99,20.151,20.143,22.225,22.2,4722.862,0,33986,40402,383,3016,6,1,0,0,0,28,23,14,20,9,9,FALSE,0,FALSE
86.233116,3.033,2.994,2.258,2.183,24.091,20,18,0,3133760.2,73,73,72,72,102,101,100,99,20.146,20.138,22.217,22.192,4766.341,0,33986,40402,367,2967,6,1,0,0,0,28,23,14,20,9,9,FALSE,0,FALSE
86.73072,3.038,3,2.259,2.185,24.077,20,18,0,3128076.8,72,72,72,72,102,101,100,99,20.14,20.132,22.209,22.184,4810.116,0,33986,40402,350,2967,6,1,0,0,0,28,23,14,20,9,9,FALSE,0,FALSE
87.23059,3.064,3.026,2.299,2.216,24.074,20,18,0,3162919.2,74,74,77,77,102,101,100,99,20.139,20.131,22.21,22.185,4848.677,0,33986,40402,333,2967,6,1,0,0,0,28,23,14,20,9,9,FALSE,0,FALSE
87.73086,3.083,3.046,2.319,2.234,24.073,20,18,0,3192441.5,73,73,75,75,102,101,100,99,20.141,20.133,22.216,22.191,4878.38,0,33986,40402,333,2900,6,1,0,0,0,28,23,14,20,9,9,FALSE,0,FALSE
88.22821,3.101,3.062,2.338,2.253,24.073,20,18,0,3216575.2,76,74,78,77,102,101,100,99,20.145,20.136,22.222,22.197,4901.333,0,33986,40402,333,2900,6,1,0,0,0,28,23,14,20,9,9,FALSE,0,FALSE
88.730354,3.128,3.082,2.382,2.287,24.073,20,18,0,3235745.8,81,76,91,84,102,102,100,100,20.151,20.14,22.232,22.205,4919.144,0,33986,40402,350,2934,6,1,0,0,0,28,23,14,20,9,9,FALSE,0,FALSE
89.2316,3.144,3.094,2.428,2.32,24.069,20,18,0,3245145,79,75,96,86,102,102,100,100,20.158,20.145,22.245,22.215,4934.973,0,33986,40402,350,2934,6,1,0,0,0,28,23,14,20,9,9,FALSE,0,FALSE
89.73502,3.159,3.108,2.453,2.336,24.063,20,18,0,3251325.2,79,76,90,81,102,102,100,100,20.163,20.149,22.258,22.223,4958.072,0,33986,40402,350,2983,6,1,0,0,0,28,23,14,20,9,9,FALSE,0,FALSE
90.22867,3.177,3.124,2.464,2.344,24.054,20,18,0,3255613,79,76,81,75,102,102,101,100,20.168,20.153,22.267,22.229,4975.31,0,33986,40402,400,2983,6,1,0,0,0,28,23,14,20,9,9,FALSE,0,FALSE
90.73185,3.203,3.149,2.473,2.353,24.043,20,18,0,3255130.2,82,80,77,72,102,102,101,100,20.174,20.158,22.272,22.232,4994.974,0,33986,40402,400,3016,6,1,0,0,0,28,23,14,20,9,9,FALSE,0,FALSE
91.22968,3.226,3.172,2.48,2.359,24.03,20,18,0,3253363.5,79,78,74,71,102,102,101,100,20.18,20.163,22.275,22.234,5016.56,0,33986,40402,433,3016,6,1,0,0,0,28,23,14,20,9,9,FALSE,0,FALSE
91.731544,3.247,3.192,2.486,2.366,24.016,20,18,0,3237732,78,76,73,71,102,102,101,100,20.184,20.166,22.277,22.236,5040.268,0,33986,40402,433,3016,6,1,0,0,0,28,23,14,20,9,9,FALSE,0,FALSE
92.23288,3.271,3.215,2.495,2.374,24.004,20,18,0,3201600.2,78,76,73,71,102,102,101,100,20.187,20.169,22.279,22.236,5066.948,0,33986,40402,400,3000,6,1,0,0,0,28,23,14,20,9,9,FALSE,0,FALSE
92.72816,3.287,3.227,2.495,2.376,23.99,20,18,0,3152704.2,75,73,71,70,102,102,101,100,20.189,20.17,22.279,22.236,5096.638,0,33986,40402,400,3000,6,1,0,0,0,28,23,14,20,9,9,FALSE,0,FALSE
93.23058,3.299,3.237,2.495,2.376,23.977,20,18,0,3103466.8,73,72,69,70,102,102,101,100,20.19,20.17,22.277,22.235,5128.214,0,33986,40402,383,3000,6,1,0,0,0,28,23,14,20,9,9,FALSE,0,FALSE
93.7278,3.308,3.247,2.495,2.376,23.963,20,18,0,3045851.8,73,73,70,71,102,102,101,100,20.189,20.169,22.275,22.233,5161.798,0,33986,40402,383,3000,6,1,0,0,0,28,23,14,20,9,9,FALSE,0,FALSE
94.23192,3.316,3.255,2.495,2.376,23.95,20,18,0,2993722.2,72,72,70,70,102,102,101,100,20.188,20.169,22.273,22.231,5197.139,0,33986,40402,384,3000,6,1,0,0,0,28,23,14,20,9,9,FALSE,0,FALSE
94.732704,3.324,3.263,2.495,2.376,23.937,20,18,0,2936107.2,73,72,71,71,102,102,101,100,20.187,20.167,22.27,22.228,5234.008,0,33986,40402,383,3000,6,1,0,0,0,28,23,14,20,9,9,FALSE,0,FALSE
95.23224,3.332,3.272,2.495,2.376,23.923,20,18,0,2878492.2,73,73,71,71,102,102,101,100,20.185,20.165,22.266,22.225,5272.308,0,33986,40402,383,3000,6,1,0,0,0,28,23,14,20,9,9,FALSE,0,FALSE
95.729675,3.34,3.279,2.495,2.376,23.91,20,18,0,2826293.5,72,72,71,71,102,102,100,100,20.183,20.163,22.262,22.221,5311.855,0,33986,40402,350,2950,6,1,0,0,0,28,23,14,20,9,9,FALSE,0,FALSE
96.22898,3.347,3.286,2.495,2.376,23.896,20,18,0,2768678.5,72,72,71,71,102,102,100,100,20.18,20.16,22.257,22.216,5352.326,0,33986,40402,317,2934,6,1,0,0,0,28,23,14,20,9,9,FALSE,0,FALSE
96.72515,3.354,3.293,2.495,2.376,23.883,20,18,0,2712984,72,72,71,71,102,102,100,100,20.177,20.157,22.252,22.211,5392.341,0,33986,40402,283,2900,6,1,0,0,0,28,23,14,20,9,9,FALSE,0,FALSE
97.22641,3.362,3.3,2.495,2.376,23.869,20,18,1,2653448.5,73,73,71,71,102,102,100,100,20.173,20.154,22.246,22.206,27.208,96896,0,0,283,2900,6,2,0,0,0,28,23,14,20,9,9,FALSE,0,FALSE
97.7311,3.369,3.308,2.495,2.376,23.855,20,18,1,2595833.5,73,73,71,71,102,102,100,99,20.169,20.15,22.24,22.2,70.401,96896,0,0,266,2850,6,2,0,0,0,28,23,14,20,9,9,FALSE,0,FALSE
98.22762,3.376,3.315,2.495,2.376,23.841,20,18,1,2538218.5,73,73,71,71,102,102,100,99,20.165,20.146,22.233,22.193,114.276,96896,0,0,234,2817,6,2,0,0,0,28,23,14,20,9,9,FALSE,0,FALSE
98.729515,3.383,3.322,2.495,2.376,23.827,20,18,1,2480603.5,73,73,72,71,102,102,100,99,20.16,20.141,22.226,22.186,158.806,96896,0,0,216,2766,6,2,0,0,0,28,23,14,20,9,9,FALSE,0,FALSE
99.227135,3.39,3.329,2.495,2.376,23.813,20,18,1,2429908,73,73,71,71,102,101,100,99,20.155,20.136,22.218,22.179,203.904,96896,0,0,200,2766,6,2,0,0,0,28,23,14,20,9,9,FALSE,0,FALSE
99.73222,3.395,3.334,2.495,2.376,23.8,20,18,1,2421557,72,71,70,70,102,101,100,99,20.15,20.131,22.21,22.171,249.331,96896,0,0,200,2717,6,2,0,0,0,28,23,14,20,9,9,FALSE,0,FALSE
100.22919,3.401,3.339,2.495,2.376,23.786,20,18,1,2413310,73,72,71,71,102,101,99,99,20.144,20.125,22.202,22.163,294.9,96896,0,0,167,2667,6,2,0,0,0,28,23,14,20,9,9,FALSE,0,FALSE
100.72897,3.407,3.344,2.496,2.377,23.772,20,18,1,2405166.2,73,73,71,71,101,101,99,99,20.138,20.119,22.194,22.155,340.611,96896,0,0,133,2600,6,2,0,0,0,28,23,14,20,9,9,FALSE,0,FALSE
101.22656,3.413,3.349,2.496,2.377,23.758,20,18,1,2397107.8,73,73,72,71,101,101,99,99,20.131,20.113,22.185,22.147,386.44,96896,0,0,133,2517,6,2,0,0,0,28,23,14,20,9,9,FALSE,0,FALSE
101.72896,3.418,3.354,2.496,2.377,23.744,20,18,1,2389110.8,73,73,71,71,101,101,99,98,20.125,20.106,22.176,22.138,432.361,96896,0,0,100,2517,6,2,0,0,0,28,23,14,20,9,9,FALSE,0,FALSE
102.22851,3.426,3.366,2.502,2.382,23.731,20,18,1,2381163.2,73,74,72,72,101,101,99,98,20.118,20.1,22.167,22.129,478.36,96896,0,0,100,2467,6,2,0,0,0,28,23,14,20,9,9,FALSE,0,FALSE
102.72878,3.432,3.373,2.503,2.383,23.717,20,18,1,2373212.8,74,73,72,72,101,101,99,98,20.11,20.093,22.158,22.12,524.31,96896,0,0,100,2467,6,2,0,0,0,28,23,14,20,9,9,FALSE,0,FALSE
103.22467,3.439,3.378,2.504,2.384,23.704,20,18,1,2365434.8,73,72,71,71,101,101,99,98,20.104,20.086,22.149,22.112,568.612,96896,0,0,83,2383,6,2,0,0,0,28,23,14,20,9,9,FALSE,0,FALSE
103.73063,3.451,3.39,2.517,2.398,23.692,20,18,1,2375736,74,75,76,75,101,100,98,98,20.097,20.08,22.141,22.104,614.832,96896,0,0,66,2383,6,2,0,0,0,28,23,14,20,9,9,FALSE,0,FALSE
104.23208,3.474,3.411,2.545,2.426,23.692,20,18,1,2410305,74,74,77,76,101,100,99,98,20.097,20.08,22.145,22.108,651.329,96896,0,0,66,2383,6,2,0,0,0,28,23,14,20,9,9,FALSE,0,FALSE
104.73186,3.495,3.434,2.567,2.449,23.691,20,18,1,2437739.8,75,76,77,77,101,100,99,98,20.1,20.083,22.152,22.115,679.022,96896,0,0,66,2383,6,2,0,0,0,28,23,14,20,9,9,FALSE,0,FALSE
105.22851,3.51,3.448,2.576,2.458,23.69,20,18,1,2459642.8,74,74,75,74,101,101,99,98,20.104,20.088,22.159,22.122,699.395,96896,0,0,66,2367,5,2,0,0,0,28,23,14,20,9,9,FALSE,0,FALSE
105.730965,3.516,3.452,2.581,2.463,23.69,20,18,1,2477668.8,72,71,74,72,101,101,99,98,20.108,20.091,22.165,22.128,715.073,96896,0,0,66,2367,5,2,0,0,0,28,23,14,20,9,9,FALSE,0,FALSE
106.228745,3.524,3.458,2.595,2.474,23.69,20,18,1,2491281.5,73,70,78,74,101,101,99,98,20.111,20.094,22.172,22.134,727.172,96896,0,0,66,2367,5,2,0,0,0,28,23,14,20,9,9,FALSE,0,FALSE
106.73137,3.533,3.465,2.621,2.491,23.69,20,18,1,2500477,74,71,87,78,101,101,99,98,20.116,20.096,22.181,22.141,739.744,96896,0,0,700,2367,5,2,0,0,0,28,23,14,20,9,9,FALSE,0,FALSE
107.22871,3.54,3.471,2.644,2.507,23.688,20,18,1,2505617.2,74,72,90,80,101,101,99,99,20.12,20.099,22.192,22.149,756.208,96896,0,0,700,2434,5,2,0,0,0,28,23,14,20,9,9,FALSE,0,FALSE
107.72732,3.55,3.479,2.656,2.515,23.685,20,18,1,2510573.8,76,73,87,78,101,101,100,99,20.124,20.102,22.204,22.156,766.265,96896,0,0,700,2434,5,2,0,0,0,28,23,14,20,9,9,FALSE,0,FALSE
108.2284,3.558,3.488,2.66,2.518,23.68,20,18,1,2515661,76,73,80,74,101,101,100,99,20.129,20.106,22.212,22.162,777.178,96896,0,0,700,2500,5,2,0,0,0,28,23,14,20,9,9,FALSE,0,FALSE
108.72879,3.567,3.5,2.66,2.518,23.672,20,18,1,2519180.5,75,75,73,71,101,101,100,99,20.133,20.11,22.218,22.166,790.272,96896,0,0,700,2500,5,2,0,0,0,28,23,14,20,9,9,FALSE,0,FALSE
109.2321,3.579,3.513,2.662,2.52,23.661,20,18,1,2522713.5,76,76,70,70,101,101,100,99,20.137,20.114,22.221,22.168,806.079,96896,0,0,650,2500,5,2,0,0,0,28,23,14,20,9,9,FALSE,0,FALSE
109.732254,3.598,3.532,2.669,2.528,23.651,20,18,1,2534119.5,78,78,71,73,102,101,100,99,20.141,20.118,22.222,22.171,824.372,96896,0,0,650,2500,5,2,0,0,0,28,23,14,20,9,9,FALSE,0,FALSE
110.22981,3.623,3.561,2.686,2.549,23.641,20,18,1,2539435,80,83,76,79,102,101,100,99,20.146,20.124,22.225,22.175,849.465,96896,0,0,567,2517,5,2,0,0,0,28,23,14,20,9,9,FALSE,0,FALSE
110.7283,3.644,3.584,2.698,2.562,23.63,20,18,1,2545047.5,77,80,74,76,102,101,100,99,20.15,20.131,22.228,22.18,872.746,96896,0,0,567,2517,5,2,0,0,0,28,23,14,20,9,9,FALSE,0,FALSE
111.230804,3.664,3.606,2.707,2.571,23.617,20,18,1,2549424.5,75,78,72,73,102,101,100,99,20.153,20.135,22.229,22.182,895.925,96896,0,0,533,2500,5,2,0,0,0,28,23,14,20,9,9,FALSE,0,FALSE
111.73294,3.68,3.623,2.711,2.574,23.604,20,18,1,2535911,75,75,70,72,102,101,100,99,20.155,20.138,22.229,22.183,921.922,96896,0,0,533,2500,5,2,0,0,0,28,23,14,20,9,9,FALSE,0,FALSE
112.230064,3.699,3.645,2.713,2.575,23.591,20,18,1,2492571.5,76,77,71,69,102,102,100,99,20.156,20.139,22.228,22.183,951.15,96896,0,0,534,2500,5,2,0,0,0,28,23,14,20,9,9,FALSE,0,FALSE
112.73351,3.725,3.667,2.727,2.59,23.577,20,18,1,2442611.8,79,76,76,74,102,102,100,99,20.158,20.141,22.228,22.182,982.102,96896,0,0,534,2500,5,2,0,0,0,28,23,14,20,9,9,FALSE,0,FALSE
113.23074,3.752,3.69,2.741,2.603,23.564,20,18,1,2393206.8,76,74,73,71,102,102,100,99,20.161,20.142,22.228,22.181,1013.303,96896,0,0,517,2500,5,2,0,0,0,28,23,14,20,9,9,FALSE,0,FALSE
113.72972,3.767,3.703,2.745,2.607,23.55,20,18,1,2335591.8,74,73,71,70,102,102,100,99,20.161,20.142,22.226,22.179,1046.614,96896,0,0,517,2500,5,2,0,0,0,28,23,14,20,9,9,FALSE,0,FALSE
114.23252,3.776,3.711,2.745,2.608,23.537,20,18,1,2304096.8,72,71,70,70,102,102,100,99,20.16,20.141,22.223,22.176,1081.68,96896,0,0,516,2500,5,2,0,0,0,28,23,14,20,9,9,FALSE,0,FALSE
114.728195,3.783,3.718,2.745,2.608,23.524,20,18,1,2300891.8,72,72,70,70,102,101,100,99,20.158,20.138,22.219,22.172,1117.824,96896,0,0,517,2484,5,2,0,0,0,28,23,14,20,9,9,FALSE,0,FALSE
114.76582,3.784,3.718,2.745,2.608,23.523,20,18,1,2300315.8,72,72,70,70,102,101,100,99,20.157,20.138,22.219,22.172,1120.271,96896,0,0,517,2484,5,2,0,0,0,28,23,14,20,9,9,FALSE,0,FALSE
115.26609,3.79,3.724,2.745,2.608,23.509,20,18,1,2291675.8,72,72,71,70,102,101,100,99,20.155,20.136,22.215,22.168,1157.548,96896,0,0,483,2484,5,2,0,0,0,28,23,14,20,9,9,FALSE,0,FALSE
115.77145,3.798,3.732,2.745,2.608,23.495,20,18,1,2237325.8,72,72,71,70,102,101,100,99,20.152,20.133,22.21,22.163,1195.945,96896,0,0,483,2450,5,2,0,0,0,28,23,14,20,9,9,FALSE,0,FALSE
116.27079,3.805,3.74,2.745,2.608,23.481,20,18,1,2196035.8,72,72,71,71,102,101,100,99,20.149,20.13,22.205,22.158,1235.505,96896,0,0,484,2434,5,2,0,0,0,28,23,14,20,9,9,FALSE,0,FALSE
116.7678,3.81,3.745,2.745,2.608,23.469,20,18,1,2192790.5,72,72,71,71,102,101,99,99,20.145,20.127,22.199,22.153,1275.812,96896,0,0,467,2400,5,2,0,0,0,28,23,14,20,9,9,FALSE,0,FALSE
117.271194,3.816,3.751,2.745,2.608,23.455,20,18,1,2184150.5,72,72,71,71,102,101,99,99,20.141,20.123,22.193,22.147,1316.618,96896,0,0,467,2400,5,2,0,0,0,28,23,14,20,9,9,FALSE,0,FALSE
117.77392,3.821,3.757,2.745,2.608,23.441,20,18,1,2175510.5,72,72,71,71,101,101,99,98,20.137,20.119,22.186,22.141,1357.971,96896,0,0,450,2400,5,2,0,0,0,28,23,14,20,9,9,FALSE,0,FALSE
118.272934,3.83,3.766,2.755,2.616,23.43,20,18,1,2179091.8,73,73,75,74,101,101,99,98,20.133,20.115,22.18,22.135,1399.495,96896,0,0,417,2350,5,2,0,0,0,28,23,14,20,9,9,FALSE,0,FALSE
118.76904,3.85,3.782,2.777,2.634,23.428,20,18,1,2212225.8,73,72,74,73,101,101,99,98,20.133,20.115,22.183,22.137,1434.608,96896,0,0,433,2350,5,2,0,0,0,28,23,14,20,9,9,FALSE,0,FALSE
119.26993,3.857,3.79,2.782,2.637,23.427,20,18,1,2241323.2,71,70,71,71,101,101,99,98,20.134,20.116,22.186,22.141,1463.333,96896,0,0,433,2350,5,2,0,0,0,28,23,14,20,9,9,FALSE,0,FALSE
119.76668,3.866,3.797,2.791,2.646,23.426,20,18,1,2267529.8,73,71,74,73,101,101,99,99,20.135,20.117,22.189,22.144,1487.581,96896,0,0,433,2350,5,2,0,0,0,28,23,14,20,9,9,FALSE,0,FALSE
120.273,3.893,3.816,2.835,2.682,23.426,20,18,1,2289098.8,80,75,89,83,102,101,99,99,20.14,20.12,22.197,22.151,1506.984,96896,0,0,533,2350,5,2,0,0,0,28,23,14,20,9,9,FALSE,0,FALSE
120.769295,3.911,3.829,2.886,2.722,23.426,20,18,1,2301913.8,80,74,97,88,102,101,100,99,20.146,20.124,22.21,22.161,1522.98,96896,0,0,533,2583,5,2,0,0,0,28,23,14,20,9,9,FALSE,0,FALSE
121.26912,3.932,3.843,2.925,2.755,23.422,20,18,1,2309536,82,75,96,88,102,101,100,99,20.153,20.128,22.223,22.171,1549.766,96896,0,0,616,2583,5,2,0,0,0,28,23,14,20,9,9,FALSE,0,FALSE
121.77151,3.95,3.857,2.951,2.773,23.416,20,18,1,2317151,80,75,90,82,102,101,100,99,20.159,20.131,22.234,22.18,1570.974,96896,0,0,616,2583,5,2,0,0,0,28,23,14,20,9,9,FALSE,0,FALSE
122.26858,3.969,3.873,2.969,2.787,23.409,20,18,1,2324913.8,80,76,84,78,102,101,100,99,20.165,20.135,22.243,22.185,1589.241,96896,0,0,616,2550,5,2,0,0,0,28,23,14,20,9,9,FALSE,0,FALSE
122.77132,3.989,3.889,2.985,2.8,23.401,20,18,1,2332876.8,80,75,80,75,102,101,100,99,20.17,20.138,22.249,22.189,1606.853,96896,0,0,566,2550,5,2,0,0,0,28,23,14,20,9,9,FALSE,0,FALSE
123.270996,4.005,3.902,2.993,2.808,23.39,20,18,1,2340854.2,78,74,76,73,102,102,100,99,20.174,20.141,22.252,22.192,1626.535,96896,0,0,566,2550,5,2,0,0,0,28,23,14,20,9,9,FALSE,0,FALSE
123.76848,4.023,3.921,2.995,2.81,23.378,20,18,1,2338077,78,76,72,70,102,102,100,99,20.177,20.143,22.254,22.192,1648.92,96896,0,0,566,2500,5,2,0,0,0,28,23,14,20,9,9,FALSE,0,FALSE
124.26872,4.051,3.947,2.996,2.812,23.364,20,18,1,2307946,79,78,71,68,102,102,100,99,20.18,20.147,22.254,22.192,1673.868,96896,0,0,483,2500,5,2,0,0,0,28,23,14,20,9,9,FALSE,0,FALSE
124.769356,4.07,3.966,2.998,2.813,23.351,20,18,1,2269892.8,75,76,69,69,102,102,100,99,20.182,20.149,22.252,22.19,1701.339,96896,0,0,483,2500,5,2,0,0,0,28,23,14,20,9,9,FALSE,0,FALSE
125.268234,4.083,3.98,2.999,2.814,23.339,20,18,1,2226863.5,73,74,70,71,102,102,100,99,20.183,20.15,22.25,22.189,1730.896,96896,0,0,483,2500,5,2,0,0,0,28,23,14,20,9,9,FALSE,0,FALSE
125.76804,4.098,3.998,3.008,2.822,23.325,20,18,1,2172305.8,74,76,72,73,102,102,100,99,20.183,20.15,22.248,22.187,1762.432,96896,0,0,466,2466,5,2,0,0,0,28,23,14,20,9,9,FALSE,0,FALSE
126.265305,4.113,4.017,3.019,2.833,23.311,20,18,1,2157135.8,73,75,72,74,102,102,100,99,20.182,20.151,22.246,22.186,1796.035,96896,0,0,466,2466,5,2,0,0,0,28,23,14,20,9,9,FALSE,0,FALSE
126.77192,4.129,4.038,3.034,2.846,23.297,20,18,1,2148495.8,73,77,74,73,102,102,100,99,20.181,20.151,22.243,22.185,1832.04,96896,29474,0,466,2466,5,2,0,0,0,28,23,14,20,9,9,FALSE,0,FALSE
127.271126,4.156,4.061,3.069,2.878,23.295,20,18,1,2175823,79,76,85,80,102,102,100,99,20.18,20.151,22.243,22.184,1865.953,96896,29474,0,466,2450,5,2,0,0,0,28,23,14,20,9,9,FALSE,0,FALSE
127.772964,4.213,4.107,3.17,2.961,23.294,20,18,1,2205248,86,81,102,93,102,102,100,99,20.186,20.155,22.252,22.19,1894.812,96896,29474,0,450,2450,5,2,0,0,0,28,23,14,20,9,9,FALSE,0,FALSE
128.2704,4.245,4.13,3.249,3.024,23.291,20,18,1,2222142.2,82,77,102,91,102,102,101,99,20.192,20.159,22.265,22.2,1921.028,96896,29474,0,450,2450,5,2,0,0,0,28,23,14,20,9,9,FALSE,0,FALSE
128.77,4.283,4.159,3.314,3.078,23.283,20,18,1,2229584.2,85,79,97,88,103,102,101,100,20.198,20.162,22.276,22.208,1945.651,96896,29474,0,450,2450,5,2,0,0,0,28,23,14,20,9,9,FALSE,0,FALSE
129.27023,4.32,4.189,3.342,3.1,23.273,20,18,1,2234120.5,84,79,82,78,103,102,101,100,20.203,20.165,22.283,22.212,1969.68,96896,29474,0,534,2567,5,2,0,0,0,28,23,14,20,9,9,FALSE,0,FALSE
129.76904,4.34,4.21,3.353,3.114,23.261,20,18,1,2237788.2,76,77,75,77,103,102,101,100,20.206,20.167,22.284,22.213,1996.111,96896,29474,0,534,2567,5,2,0,0,0,28,23,14,20,9,9,FALSE,0,FALSE
130.27324,4.364,4.243,3.385,3.154,23.251,20,18,1,2242979.2,76,80,78,85,103,102,101,100,20.207,20.17,22.284,22.214,2025.616,96896,29474,0,616,2567,5,2,0,0,0,28,23,14,20,9,9,FALSE,0,FALSE
130.76735,4.402,4.286,3.442,3.23,23.24,20,18,1,2247698.2,81,85,86,94,103,102,101,100,20.209,20.173,22.286,22.221,2054.898,96896,29474,0,616,2666,5,2,0,0,0,28,23,14,20,9,9,FALSE,0,FALSE
131.26666,4.447,4.34,3.473,3.267,23.226,20,18,1,2242706,81,84,78,82,103,102,101,100,20.212,20.179,22.288,22.225,2083.087,96896,29474,0,700,2666,5,2,0,0,0,28,23,14,20,9,9,FALSE,0,FALSE
131.77077,4.467,4.363,3.487,3.281,23.213,20,18,1,2240475.8,75,77,73,75,103,102,101,100,20.212,20.181,22.285,22.225,2113.347,96896,29474,0,783,2666,5,2,0,0,0,28,23,14,20,9,9,FALSE,0,FALSE
132.27098,4.479,4.378,3.493,3.285,23.2,20,18,1,2232101.2,73,75,72,72,103,102,101,100,20.21,20.18,22.282,22.222,2145.257,96896,29474,0,783,2666,5,2,0,0,0,28,23,14,20,9,9,FALSE,0,FALSE
132.77145,4.488,4.39,3.499,3.29,23.186,20,18,1,2226332.2,73,74,73,73,103,102,101,100,20.207,20.179,22.278,22.218,2178.522,96896,29474,0,817,2833,5,2,0,0,0,28,23,14,20,9,9,FALSE,0,FALSE
133.25723,4.506,4.408,3.522,3.314,23.185,20,18,1,2254140,74,75,77,77,103,102,101,100,20.207,20.179,22.279,22.22,2206.474,96896,29474,0,817,2833,5,2,0,0,0,28,23,14,20,9,9,FALSE,0,FALSE
133.76811,4.514,4.416,3.528,3.32,23.184,20,18,1,2278653.5,72,71,74,73,103,102,101,100,20.209,20.181,22.283,22.224,2229.635,96896,29474,0,817,2833,5,2,0,0,0,28,23,14,20,9,9,FALSE,0,FALSE
134.26222,4.532,4.43,3.55,3.34,23.184,20,18,1,2299038,78,74,81,78,103,102,101,100,20.211,20.183,22.288,22.228,2247.591,96896,29474,0,817,2934,5,2,0,0,0,28,23,14,20,9,9,FALSE,0,FALSE
134.76945,4.551,4.444,3.587,3.368,23.184,20,18,1,2314995.5,80,75,92,84,103,102,101,100,20.216,20.186,22.297,22.235,2260.784,96896,29474,0,834,2934,5,2,0,0,0,28,23,14,20,9,9,FALSE,0,FALSE
135.26344,4.559,4.451,3.624,3.393,23.183,20,18,1,2324807.5,77,74,99,87,103,102,101,100,20.221,20.189,22.309,22.244,2272.652,96896,29474,0,834,2934,5,2,0,0,0,28,23,14,20,9,9,FALSE,0,FALSE
135.77074,4.568,4.459,3.647,3.408,23.179,20,18,1,2330390.8,77,74,95,84,103,102,102,100,20.225,20.191,22.323,22.252,2288.551,96896,29474,0,834,2933,5,2,0,0,0,28,23,14,20,9,9,FALSE,0,FALSE
136.26541,4.582,4.47,3.658,3.417,23.174,20,18,1,2336484.5,79,75,88,80,103,103,102,100,20.229,20.194,22.333,22.259,2302.242,96896,29474,0,834,2933,5,2,0,0,0,28,23,14,20,9,9,FALSE,0,FALSE
136.77132,4.603,4.489,3.668,3.425,23.168,20,18,1,2343320,83,79,83,76,103,103,102,101,20.234,20.198,22.34,22.264,2315.249,96896,29474,0,717,2933,5,2,0,0,0,28,23,14,20,9,9,FALSE,0,FALSE
137.26842,4.628,4.512,3.675,3.431,23.16,20,18,1,2350740,85,82,78,74,103,103,102,101,20.242,20.203,22.344,22.266,2329.249,96896,29474,0,717,2933,5,2,0,0,0,28,23,14,20,9,9,FALSE,0,FALSE
137.76727,4.643,4.53,3.677,3.433,23.149,20,18,1,2356966.5,81,80,73,70,104,103,102,101,20.247,20.208,22.347,22.268,2345.48,96896,29474,0,717,2966,5,2,0,0,0,28,23,14,20,9,9,FALSE,0,FALSE
138.27116,4.66,4.549,3.677,3.434,23.136,20,18,1,2361501.2,78,78,70,69,104,103,102,101,20.251,20.212,22.347,22.268,2365.106,96896,29474,0,733,2966,5,2,0,0,0,28,23,14,20,9,9,FALSE,0,FALSE
138.7708,4.679,4.57,3.677,3.434,23.124,20,18,1,2342699.8,78,78,69,69,104,103,102,101,20.254,20.215,22.346,22.267,2387.561,96896,29474,0,733,2966,5,2,0,0,0,28,23,14,20,9,9,FALSE,0,FALSE
139.26881,4.693,4.586,3.677,3.434,23.111,20,18,1,2312756,75,74,69,70,104,103,102,101,20.255,20.217,22.344,22.265,2412.872,96896,29474,0,683,2933,5,2,0,0,0,28,23,14,20,9,9,FALSE,0,FALSE
139.77036,4.706,4.599,3.677,3.434,23.097,20,18,1,2269823.2,74,73,69,70,104,103,102,101,20.256,20.217,22.341,22.264,2440.565,96896,29474,0,683,2933,5,2,0,0,0,28,23,14,20,9,9,FALSE,0,FALSE
140.26787,4.716,4.61,3.677,3.434,23.084,20,18,1,2225191.8,73,72,70,70,104,103,102,100,20.255,20.216,22.339,22.261,2470.499,96896,29474,0,650,2900,5,2,0,0,0,28,23,14,20,9,9,FALSE,0,FALSE
140.77026,4.726,4.62,3.678,3.434,23.071,20,18,1,2175854.2,72,73,70,70,104,103,102,100,20.253,20.215,22.335,22.259,2502.398,96896,29474,0,617,2900,5,2,0,0,0,28,23,14,20,9,9,FALSE,0,FALSE
141.26863,4.733,4.627,3.678,3.434,23.057,20,18,1,2167214.2,72,72,70,70,104,103,102,100,20.251,20.213,22.331,22.255,2536.029,96896,29474,0,617,2867,5,2,0,0,0,28,23,14,20,9,9,FALSE,0,FALSE
141.76955,4.743,4.64,3.686,3.442,23.043,20,18,1,2158574.2,73,74,72,74,104,103,102,100,20.248,20.211,22.327,22.252,2571.103,96896,29474,0,600,2867,5,2,0,0,0,28,23,14,20,9,9,FALSE,0,FALSE
142.26852,4.767,4.671,3.713,3.469,23.03,20,18,1,2155384.2,75,78,75,78,104,103,102,100,20.246,20.211,22.324,22.25,2606.715,96896,29474,0,600,2867,5,2,0,0,0,28,23,14,20,9,9,FALSE,0,FALSE
142.76695,4.799,4.711,3.757,3.513,23.023,20,18,1,2171521.8,78,80,81,83,103,103,102,100,20.246,20.212,22.323,22.251,2641.99,96896,29474,0,583,2867,5,2,0,0,0,28,23,14,20,9,9,FALSE,0,FALSE
143.2654,4.828,4.745,3.789,3.545,23.021,20,18,1,2198650.8,77,80,80,82,104,103,102,100,20.248,20.216,22.328,22.257,2671.315,96896,29474,0,583,2867,5,2,0,0,0,28,23,14,20,9,9,FALSE,0,FALSE
143.76796,4.84,4.76,3.801,3.556,23.02,20,18,1,2222506.8,73,76,75,77,104,103,102,101,20.251,20.22,22.332,22.262,2693.627,96896,29474,0,600,2867,5,2,0,0,0,28,23,14,20,9,9,FALSE,0,FALSE
144.27026,4.848,4.771,3.811,3.567,23.02,20,18,1,2243400.2,72,75,75,77,104,103,102,101,20.252,20.223,22.336,22.267,2711.468,96896,29474,0,600,2867,5,2,0,0,0,28,23,14,20,9,9,FALSE,0,FALSE
144.76736,4.856,4.781,3.822,3.579,23.02,20,18,1,2260548.8,72,75,75,78,104,103,102,101,20.254,20.227,22.339,22.273,2726.367,96896,29474,0,600,2867,5,2,0,0,0,28,23,14,20,9,9,FALSE,0,FALSE
145.26942,4.864,4.792,3.837,3.6,23.02,20,18,1,2273889.2,73,76,78,85,104,103,102,101,20.255,20.23,22.344,22.28,2737.49,96896,29474,0,666,3000,5,2,0,0,0,28,23,14,20,9,9,FALSE,0,FALSE
145.76636,4.871,4.798,3.853,3.628,23.019,20,18,1,2280374.8,73,75,80,92,104,103,102,101,20.257,20.234,22.349,22.289,2752.838,96896,29474,0,666,3000,5,2,0,0,0,28,23,14,20,9,9,FALSE,0,FALSE
146.26683,4.878,4.808,3.859,3.636,23.015,20,18,1,2285639.5,74,76,78,86,104,103,102,101,20.259,20.237,22.354,22.299,2768.795,96896,29474,0,666,3033,5,2,0,0,0,28,23,14,20,9,9,FALSE,0,FALSE
146.7661,4.887,4.817,3.864,3.641,23.01,20,18,1,2291108.2,74,76,74,80,104,103,102,101,20.261,20.241,22.357,22.306,2779.63,96896,29474,0,666,3033,5,2,0,0,0,28,23,14,20,9,9,FALSE,0,FALSE
147.26773,4.907,4.834,3.866,3.643,23.001,20,18,1,2295909.2,80,80,71,75,104,103,102,101,20.265,20.245,22.359,22.31,2793.111,96896,29474,0,666,3033,5,2,0,0,0,28,23,14,20,9,9,FALSE,0,FALSE
147.77003,4.926,4.851,3.866,3.643,22.99,20,18,1,2299093.8,81,80,69,71,104,104,102,101,20.269,20.25,22.359,22.311,2809.243,96896,29474,0,633,3033,5,2,0,0,0,28,23,14,20,9,9,FALSE,0,FALSE
148.27214,4.952,4.876,3.866,3.643,22.978,20,18,1,2303467.2,82,81,68,69,104,104,102,101,20.274,20.255,22.359,22.311,2828.235,96896,29474,0,633,3016,5,2,0,0,0,28,23,14,20,9,9,FALSE,0,FALSE
148.77063,4.977,4.901,3.866,3.643,22.965,20,18,1,2287957.2,80,80,68,69,104,104,102,101,20.279,20.259,22.357,22.311,2850.142,96896,29474,0,566,3016,5,2,0,0,0,28,23,14,20,9,9,FALSE,0,FALSE
149.26837,4.994,4.917,3.866,3.643,22.952,20,18,1,2259185.2,76,76,69,69,104,104,102,101,20.281,20.262,22.355,22.309,2875.02,96896,29474,0,566,3016,5,2,0,0,0,28,23,14,20,9,9,FALSE,0,FALSE
149.76907,5.006,4.929,3.866,3.643,22.939,20,18,1,2217045.2,74,74,69,70,104,104,102,101,20.282,20.263,22.353,22.307,2902.436,96896,29474,0,516,2983,5,2,0,0,0,28,23,14,20,9,9,FALSE,0,FALSE
150.26848,5.016,4.941,3.867,3.643,22.926,20,18,1,2172818,73,73,70,70,104,104,102,101,20.281,20.263,22.351,22.305,2932.26,96896,29474,0,516,2967,5,2,0,0,0,28,23,14,20,9,9,FALSE,0,FALSE
150.76859,5.025,4.95,3.867,3.643,22.912,20,18,1,2139813.8,72,72,70,70,104,104,102,101,20.28,20.262,22.348,22.303,2964.125,96896,29474,0,467,2967,5,2,0,0,0,28,23,14,20,9,9,FALSE,0,FALSE
151.26454,5.032,4.957,3.867,3.643,22.898,20,18,1,2131173.8,72,72,70,70,104,104,102,101,20.278,20.26,22.344,22.3,2997.722,96896,29474,0,467,2950,5,2,0,0,0,28,23,14,20,9,9,FALSE,0,FALSE
151.7678,5.039,4.963,3.867,3.643,22.885,20,18,1,2122533.8,72,72,71,70,104,104,102,101,20.276,20.258,22.34,22.296,3032.763,96896,29474,0,450,2950,5,2,0,0,0,28,23,14,20,9,9,FALSE,0,FALSE
152.26794,5.045,4.969,3.867,3.643,22.872,20,18,1,2119319.2,72,72,71,71,104,104,102,101,20.273,20.255,22.336,22.292,3068.9,96896,29474,0,416,2950,5,2,0,0,0,28,23,14,20,9,9,FALSE,0,FALSE
152.77124,5.051,4.975,3.867,3.643,22.858,20,18,1,2110679.2,72,72,71,70,104,104,102,101,20.27,20.252,22.331,22.287,3106.146,96896,29474,0,416,2933,5,2,0,0,0,28,23,14,20,9,9,FALSE,0,FALSE
153.26433,5.058,4.981,3.867,3.643,22.844,20,18,1,2102039.2,72,72,71,71,104,104,102,101,20.267,20.249,22.326,22.282,3144.411,96896,29474,0,400,2933,5,2,0,0,0,28,23,14,20,9,9,FALSE,0,FALSE
153.77248,5.064,4.987,3.867,3.643,22.83,20,18,1,2093397.5,72,72,71,71,104,103,101,101,20.263,20.245,22.32,22.276,3183.591,96896,29474,0,400,2917,5,2,0,0,0,28,23,14,20,9,9,FALSE,0,FALSE
154.26952,5.069,4.993,3.867,3.643,22.817,20,18,1,2084753.8,73,72,71,71,104,103,101,101,20.259,20.241,22.313,22.27,3223.587,96896,29474,0,366,2917,5,2,0,0,0,28,23,14,20,9,9,FALSE,0,FALSE
154.76813,5.075,4.998,3.867,3.643,22.804,20,18,1,2081490.4,72,72,71,71,104,103,101,101,20.254,20.237,22.307,22.264,3264.142,96896,29474,0,366,2917,5,2,0,0,0,28,23,14,20,9,9,FALSE,0,FALSE
155.27147,5.08,5.003,3.867,3.643,22.79,20,18,1,2072846.6,73,72,71,71,104,103,101,100,20.249,20.232,22.299,22.257,3305.292,96896,29474,0,367,2884,5,2,0,0,0,28,23,14,20,9,9,FALSE,0,FALSE
155.76967,5.086,5.009,3.867,3.643,22.776,20,18,1,2064202.9,72,73,71,71,103,103,101,100,20.244,20.227,22.292,22.25,3346.992,96896,29474,0,350,2884,5,2,0,0,0,28,23,14,20,9,9,FALSE,0,FALSE
156.26372,5.103,5.026,3.892,3.668,22.769,20,18,1,2087663.1,74,74,77,76,103,103,101,100,20.241,20.224,22.289,22.247,3386.297,96896,29474,0,334,2850,5,2,0,0,0,28,23,14,20,9,9,FALSE,0,FALSE
156.76686,5.125,5.056,3.926,3.705,22.769,20,18,1,2118296.8,74,77,79,81,103,103,101,100,20.242,20.226,22.294,22.253,3416.95,96896,29474,0,334,2850,5,2,0,0,0,28,23,14,20,9,9,FALSE,0,FALSE
157.26662,5.152,5.093,3.968,3.755,22.769,20,18,1,2142848,78,83,84,90,103,103,101,100,20.244,20.231,22.301,22.261,3441.531,96896,29474,0,334,2883,5,2,0,0,0,28,23,14,20,9,9,FALSE,0,FALSE
157.76906,5.174,5.121,4.013,3.817,22.768,20,18,1,2159098.8,77,81,88,98,104,103,101,101,20.248,20.237,22.31,22.274,3464.369,96896,29474,0,366,2883,5,2,0,0,0,28,23,14,20,9,9,FALSE,0,FALSE
158.26956,5.195,5.148,4.049,3.862,22.761,20,18,1,2166124.2,78,84,86,94,104,103,101,101,20.251,20.243,22.318,22.286,3489.408,96896,29474,0,366,2883,5,2,0,0,0,28,23,14,20,9,9,FALSE,0,FALSE
158.76898,5.22,5.179,4.077,3.896,22.753,20,18,1,2172830.5,79,84,82,89,104,104,102,101,20.255,20.249,22.325,22.296,3511.397,96896,29474,0,350,2883,5,2,0,0,0,28,23,14,20,9,9,FALSE,0,FALSE
159.26929,5.246,5.211,4.099,3.923,22.742,20,18,1,2179115.8,80,84,79,84,104,104,102,101,20.258,20.255,22.329,22.303,3533.486,96896,29474,0,350,2933,5,2,0,0,0,28,23,14,20,9,9,FALSE,0,FALSE
159.76909,5.286,5.257,4.12,3.948,22.729,20,18,1,2183590,84,88,78,82,104,104,102,101,20.262,20.261,22.332,22.308,3556.939,96896,29474,0,400,2933,5,2,0,0,0,28,23,14,20,9,9,FALSE,0,FALSE
160.26791,5.313,5.288,4.141,3.969,22.717,20,18,1,2190176.2,78,82,77,80,104,104,102,101,20.266,20.267,22.334,22.312,3581.958,96896,29474,0,400,2933,5,2,0,0,0,28,23,14,20,9,9,FALSE,0,FALSE
160.77182,5.349,5.332,4.167,3.997,22.703,20,18,1,2185153.2,80,85,78,81,104,104,102,101,20.268,20.272,22.336,22.315,3608.671,96896,29474,0,350,2967,5,2,0,0,0,28,23,14,20,9,9,FALSE,0,FALSE
161.26984,5.374,5.361,4.187,4.017,22.69,20,18,1,2178030.5,76,80,76,78,104,104,102,101,20.27,20.275,22.337,22.316,3637.423,96896,29474,0,350,3000,5,2,0,0,0,28,23,14,20,9,9,FALSE,0,FALSE
161.76851,5.399,5.392,4.207,4.038,22.677,20,18,1,2156068.5,76,80,76,77,104,104,102,101,20.269,20.277,22.336,22.317,3668.248,96896,29474,0,334,3000,5,2,0,0,0,28,23,14,20,9,9,FALSE,0,FALSE
162.2674,5.419,5.416,4.219,4.049,22.663,20,18,1,2128724.5,73,76,72,72,104,104,102,101,20.269,20.278,22.335,22.316,3701.005,96896,29474,0,334,3017,5,2,0,0,0,28,23,14,20,9,9,FALSE,0,FALSE
162.76971,5.431,5.426,4.224,4.054,22.649,20,18,1,2120084.5,74,73,73,71,104,104,102,101,20.266,20.276,22.332,22.313,3734.916,96896,29474,0,317,3017,5,2,0,0,0,28,23,14,20,9,9,FALSE,0,FALSE
163.26357,5.47,5.458,4.275,4.1,22.635,20,18,1,2111444.5,84,80,88,83,104,104,102,101,20.266,20.274,22.331,22.311,3769.314,96896,29474,0,300,3017,5,2,0,0,0,28,23,14,20,9,9,FALSE,0,FALSE
163.7696,5.541,5.517,4.368,4.18,22.622,20,18,1,2102804.5,87,82,93,88,104,104,102,101,20.269,20.275,22.335,22.312,3804.631,96896,29474,0,300,3017,5,2,0,0,0,28,23,14,20,9,9,FALSE,0,FALSE
164.26648,5.607,5.572,4.46,4.26,22.609,20,18,1,2099581.8,87,82,93,87,104,104,102,101,20.272,20.276,22.339,22.314,3840.807,96896,29474,0,300,3033,5,2,0,0,0,28,23,14,20,9,9,FALSE,0,FALSE
164.77016,5.67,5.624,4.542,4.332,22.595,20,18,1,2090939,85,81,91,85,104,104,102,101,20.275,20.276,22.342,22.315,3877.465,96896,29474,0,300,3033,5,2,0,0,0,28,23,14,20,9,9,FALSE,0,FALSE
165.26778,5.731,5.675,4.617,4.398,22.582,20,18,1,2082295.2,85,81,88,84,104,104,102,101,20.276,20.276,22.343,22.315,3914.155,96896,29474,0,300,3033,5,2,0,0,0,28,23,14,20,9,9,FALSE,0,FALSE
165.76848,5.777,5.713,4.665,4.443,22.568,20,18,1,2073651.5,81,77,82,79,104,104,102,101,20.276,20.274,22.342,22.312,3950.358,96896,29474,0,300,3034,5,2,0,0,0,28,23,14,20,9,9,FALSE,0,FALSE
166.26505,5.806,5.735,4.687,4.465,22.554,20,18,1,2065007.8,76,74,76,73,104,104,102,101,20.274,20.27,22.339,22.307,3986.719,96896,29474,0,317,3034,5,2,0,0,0,28,23,14,20,9,9,FALSE,0,FALSE
166.76805,5.819,5.745,4.692,4.471,22.54,20,18,1,2061006.6,74,71,70,71,104,104,102,101,20.27,20.265,22.332,22.301,4024.347,96896,29474,40136,317,3033,5,2,0,0,0,28,23,14,20,9,9,FALSE,0,FALSE
167.27023,5.841,5.762,4.712,4.489,22.539,20,18,1,2093269.2,75,73,76,75,104,104,102,101,20.268,20.261,22.33,22.299,4057.767,96896,29474,40136,300,3033,5,2,0,0,0,28,23,14,20,9,9,FALSE,0,FALSE
167.76782,5.874,5.787,4.748,4.522,22.539,20,18,1,2122432.8,81,76,84,80,104,104,102,101,20.27,20.262,22.334,22.302,4084.395,96896,29474,40136,300,3033,5,2,0,0,0,28,23,14,20,9,9,FALSE,0,FALSE
168.2625,5.905,5.81,4.791,4.557,22.539,20,18,1,2146985.8,82,77,90,83,104,104,102,101,20.274,20.264,22.341,22.307,4106.829,96896,29474,40136,317,3050,5,2,0,0,0,28,23,14,20,9,9,FALSE,0,FALSE
168.76869,5.931,5.83,4.848,4.6,22.538,20,18,1,2164851.2,82,77,99,88,104,104,102,101,20.28,20.267,22.352,22.314,4126.202,96896,29474,40136,317,3033,5,2,0,0,0,28,23,14,20,9,9,FALSE,0,FALSE
169.26637,5.95,5.846,4.894,4.631,22.532,20,18,1,2171377.8,80,77,97,86,104,104,102,102,20.284,20.269,22.364,22.322,4146.404,96896,29474,40136,317,3033,5,2,0,0,0,28,23,14,20,9,9,FALSE,0,FALSE
169.76979,5.975,5.867,4.92,4.651,22.524,20,18,1,2177739.8,83,79,89,80,104,104,102,102,20.288,20.271,22.373,22.327,4167.96,96896,29474,40136,283,3033,5,2,0,0,0,28,23,14,20,9,9,FALSE,0,FALSE
170.26796,6.001,5.891,4.936,4.664,22.513,20,18,1,2182500,83,79,82,76,104,104,102,102,20.293,20.274,22.379,22.33,4188.308,96896,29474,40136,283,3033,5,2,0,0,0,28,23,14,20,9,9,FALSE,0,FALSE
170.76424,6.032,5.92,4.95,4.676,22.5,20,18,1,2182270,83,81,78,74,104,104,103,102,20.297,20.277,22.381,22.331,4210.429,96896,29474,40136,384,3134,5,2,0,0,0,28,23,14,20,9,9,FALSE,0,FALSE
171.26501,6.052,5.94,4.953,4.68,22.486,20,18,1,2176993.2,77,75,72,70,105,104,103,102,20.3,20.28,22.382,22.33,4235.421,96896,29474,40136,384,3167,5,2,0,0,0,28,23,14,20,9,9,FALSE,0,FALSE
171.77008,6.065,5.952,4.953,4.68,22.474,20,18,1,2139897,74,74,70,70,104,104,102,102,20.3,20.279,22.38,22.328,4263.074,96896,29474,40136,400,3167,5,2,0,0,0,28,23,14,20,9,9,FALSE,0,FALSE
172.26976,6.076,5.963,4.953,4.68,22.461,20,18,1,2095160,73,73,70,70,104,104,102,102,20.299,20.278,22.377,22.326,4293.167,96896,29474,40136,400,3167,5,2,0,0,0,28,23,14,20,9,9,FALSE,0,FALSE
172.76837,6.086,5.973,4.953,4.68,22.447,20,18,1,2039006.1,73,73,70,70,104,104,102,102,20.297,20.276,22.373,22.322,4325.32,96896,29474,40136,400,3184,5,2,0,0,0,28,23,14,20,9,9,FALSE,0,FALSE
173.2598,6.095,5.982,4.953,4.68,22.433,20,18,1,1981391.1,73,73,71,70,104,104,102,101,20.294,20.274,22.369,22.319,4359.48,96896,29474,40136,367,3184,5,2,0,0,0,28,23,14,20,9,9,FALSE,0,FALSE
173.77104,6.103,5.99,4.953,4.68,22.421,20,18,1,1939031,72,72,70,70,104,104,102,101,20.291,20.271,22.365,22.314,4395.206,96896,29474,40136,367,3167,5,2,0,0,0,28,23,14,20,9,9,FALSE,0,FALSE
174.26917,6.109,5.996,4.953,4.68,22.407,20,18,1,1930387.2,72,72,70,70,104,104,102,101,20.287,20.267,22.36,22.31,4432.193,96896,29474,40136,350,3150,5,2,0,0,0,28,23,14,20,9,9,FALSE,0,FALSE
174.7665,6.115,6.002,4.953,4.68,22.393,20,18,1,1921743.5,72,72,70,70,104,104,102,101,20.283,20.263,22.354,22.304,4470.271,96896,29474,40136,333,3116,5,2,0,0,0,28,23,14,20,9,9,FALSE,0,FALSE
175.26733,6.121,6.008,4.953,4.68,22.379,20,18,1,1913099.8,72,72,71,71,104,104,102,101,20.278,20.259,22.348,22.299,4509.351,96896,29474,40136,333,3116,5,2,0,0,0,28,23,14,20,9,9,FALSE,0,FALSE
175.76888,6.126,6.014,4.953,4.68,22.365,20,18,1,1904456,72,72,71,70,104,104,102,101,20.274,20.254,22.342,22.292,4549.337,96896,29474,40136,300,3083,5,2,0,0,0,28,23,14,20,9,9,FALSE,0,FALSE
176.27147,6.132,6.02,4.953,4.68,22.353,20,18,1,1901203.6,72,72,71,71,104,104,102,101,20.268,20.249,22.335,22.286,4589.992,96896,29474,40136,284,3067,5,2,0,0,0,28,23,14,20,9,9,FALSE,0,FALSE
176.76576,6.137,6.025,4.953,4.68,22.339,20,18,1,1892559.9,73,73,71,71,104,103,102,101,20.263,20.244,22.327,22.279,4631.357,96896,29474,40136,266,3050,5,2,0,0,0,28,23,14,20,9,9,FALSE,0,FALSE
177.26666,6.142,6.031,4.953,4.68,22.325,20,18,1,1883916.1,73,73,72,72,104,103,101,101,20.258,20.239,22.32,22.272,4673.378,96896,29474,40136,266,3050,5,2,0,0,0,28,23,14,20,9,9,FALSE,0,FALSE
177.77032,6.147,6.037,4.953,4.68,22.311,20,18,1,1875272.4,73,73,72,71,104,103,101,101,20.252,20.233,22.312,22.264,4715.977,96896,29474,40136,250,3050,5,2,0,0,0,28,23,14,20,9,9,FALSE,0,FALSE
178.2707,6.153,6.042,4.953,4.68,22.297,20,18,1,1866628.6,73,73,72,72,103,103,101,100,20.246,20.227,22.304,22.256,4759.068,96896,29474,40136,217,2984,5,2,0,0,0,28,23,14,20,9,9,FALSE,0,FALSE
178.76761,6.158,6.047,4.953,4.68,22.283,20,18,1,1860669.8,73,73,72,71,103,103,101,100,20.239,20.221,22.296,22.248,4802.56,96896,29474,40136,217,2984,5,2,0,0,0,28,23,14,20,9,9,FALSE,0,FALSE
179.26933,6.183,6.072,4.987,4.712,22.28,20,18,1,1894156,75,74,77,77,103,103,101,100,20.237,20.219,22.296,22.248,4841.237,96896,29474,40136,217,2984,5,2,0,0,0,28,23,14,20,9,9,FALSE,0,FALSE
179.76758,6.203,6.095,5.011,4.733,22.279,20,18,1,1923795.1,74,74,76,75,103,103,101,100,20.238,20.22,22.301,22.254,4870.976,96896,29474,40136,216,2950,5,2,0,0,0,28,23,14,20,9,9,FALSE,0,FALSE
180.26791,6.214,6.104,5.019,4.741,22.278,20,18,1,1949188.2,73,72,74,72,103,103,101,100,20.241,20.222,22.306,22.258,4894.249,96896,29474,40136,216,2950,5,2,0,0,0,28,23,14,20,9,9,FALSE,0,FALSE
180.77054,6.227,6.113,5.038,4.757,22.278,20,18,1,1970055.1,75,72,80,76,103,103,101,101,20.243,20.224,22.312,22.263,4913.298,96896,29474,40136,250,3016,5,2,0,0,0,28,23,14,20,9,9,FALSE,0,FALSE
181.26678,6.247,6.127,5.067,4.779,22.278,20,18,1,1983478.4,79,74,85,78,104,103,101,101,20.247,20.226,22.32,22.27,4928.99,96896,29474,40136,250,3016,5,2,0,0,0,28,23,14,20,9,9,FALSE,0,FALSE
181.76723,6.265,6.143,5.097,4.798,22.273,20,18,1,1989957.5,81,77,89,80,104,103,102,101,20.252,20.229,22.329,22.275,4953.985,96896,29474,40136,250,3117,5,2,0,0,0,28,23,14,20,9,9,FALSE,0,FALSE
182.26869,6.285,6.16,5.112,4.81,22.266,20,18,1,1996199.5,81,78,83,76,104,103,102,101,20.257,20.232,22.337,22.28,4971.107,96896,29474,40136,350,3117,5,2,0,0,0,28,23,14,20,9,9,FALSE,0,FALSE
182.76723,6.305,6.179,5.122,4.819,22.255,20,18,1,1998742.1,80,77,78,73,104,103,102,101,20.262,20.236,22.342,22.284,4990.027,96896,29474,40136,350,3100,5,2,0,0,0,28,23,14,20,9,9,FALSE,0,FALSE
183.26178,6.327,6.199,5.134,4.829,22.244,20,18,1,2002312,80,77,76,72,104,103,102,101,20.267,20.239,22.345,22.286,5010.929,96896,29474,40136,350,3100,5,2,0,0,0,28,23,14,20,9,9,FALSE,0,FALSE
183.76454,6.352,6.223,5.143,4.838,22.23,20,18,1,2000219.2,80,78,75,71,104,103,102,101,20.27,20.242,22.348,22.287,5033.586,96896,29474,40136,300,3100,5,2,0,0,0,28,23,14,20,9,9,FALSE,0,FALSE
184.26779,6.368,6.238,5.146,4.841,22.217,20,18,1,1988456.6,76,75,72,70,104,103,102,101,20.273,20.244,22.348,22.287,5059.019,96896,29474,40136,300,3100,5,2,0,0,0,28,23,14,20,9,9,FALSE,0,FALSE
184.76585,6.385,6.253,5.148,4.844,22.204,20,18,1,1942375.5,75,74,71,70,104,103,102,101,20.274,20.244,22.348,22.286,5087.632,96896,29474,40136,300,3116,5,2,0,0,0,28,23,14,20,9,9,FALSE,0,FALSE
185.26407,6.396,6.262,5.148,4.844,22.191,20,18,1,1920953.1,73,72,70,70,104,103,102,101,20.273,20.244,22.346,22.285,5118.642,96896,29474,40136,316,3116,5,2,0,0,0,28,23,14,20,9,9,FALSE,0,FALSE
185.76007,6.403,6.27,5.148,4.844,22.177,20,18,1,1912361.1,73,72,70,71,104,103,102,101,20.272,20.242,22.343,22.283,5151.33,96896,29474,40136,316,3116,5,2,0,0,0,28,23,14,20,9,9,FALSE,0,FALSE
186.26515,6.409,6.276,5.148,4.844,22.163,20,18,1,1903717.4,72,72,70,70,104,103,102,101,20.27,20.24,22.34,22.28,5185.615,96896,29474,40136,333,3100,5,2,0,0,0,28,23,14,20,9,9,FALSE,0,FALSE
186.76006,6.415,6.283,5.148,4.844,22.15,20,18,1,1900470.2,72,72,71,71,104,103,102,101,20.268,20.238,22.336,22.277,5221.23,96896,29474,40136,333,3100,5,2,0,0,0,28,23,14,20,9,9,FALSE,0,FALSE
187.26465,6.421,6.289,5.148,4.844,22.137,20,18,1,1891826.5,72,72,71,70,104,103,102,101,20.265,20.236,22.332,22.274,5257.982,96896,29474,40136,316,3083,5,2,0,0,0,28,23,14,20,9,9,FALSE,0,FALSE
187.76031,6.428,6.295,5.148,4.844,22.123,20,18,1,1883182.8,72,72,71,71,104,103,102,101,20.262,20.233,22.328,22.269,5295.826,96896,29474,40136,316,3066,5,2,0,0,0,28,23,14,20,9,9,FALSE,0,FALSE
188.2605,6.433,6.301,5.148,4.844,22.109,20,18,1,1874539,72,72,71,71,104,103,102,101,20.258,20.229,22.323,22.264,5334.653,96896,29474,40136,317,3067,5,2,0,0,0,28,23,14,20,9,9,FALSE,0,FALSE
188.76147,6.439,6.306,5.148,4.844,22.095,20,18,1,1865895.2,72,72,71,71,104,103,101,100,20.254,20.225,22.317,22.259,5374.337,96896,29474,40136,317,3067,5,2,0,0,0,28,23,14,20,9,9,FALSE,0,FALSE
189.26288,6.444,6.312,5.148,4.844,22.083,20,18,2,1862602.9,72,72,71,71,104,103,101,100,20.25,20.221,22.311,22.253,5.749,92282,0,0,333,3050,5,3,0,0,0,28,23,14,20,9,9,FALSE,0,FALSE
189.76146,6.45,6.317,5.148,4.844,22.069,20,18,2,1853959.1,72,72,71,71,103,103,101,100,20.245,20.217,22.304,22.247,46.761,92282,0,0,317,3034,5,3,0,0,0,28,23,14,20,9,9,FALSE,0,FALSE
190.26347,6.455,6.322,5.148,4.844,22.055,20,18,2,1845315.4,72,72,71,71,103,103,101,100,20.24,20.212,22.297,22.24,88.338,92282,0,0,316,3016,5,3,0,0,0,28,23,14,20,9,9,FALSE,0,FALSE
190.76286,6.461,6.328,5.148,4.844,22.041,20,18,2,1836671.6,73,73,71,71,103,103,101,100,20.235,20.207,22.29,22.233,130.462,92282,0,0,316,3016,5,3,0,0,0,28,23,14,20,9,9,FALSE,0,FALSE
191.26765,6.466,6.333,5.148,4.844,22.027,20,18,2,1828027.9,72,72,71,71,103,103,101,100,20.229,20.201,22.282,22.226,173.108,92282,0,0,300,3000,5,3,0,0,0,28,23,14,20,9,9,FALSE,0,FALSE
191.76436,6.471,6.338,5.148,4.844,22.014,20,18,2,1819384.1,72,72,71,71,103,103,101,100,20.223,20.195,22.274,22.218,216.225,92282,0,0,284,2967,5,3,0,0,0,28,23,14,20,9,9,FALSE,0,FALSE
192.03368,6.474,6.341,5.148,4.844,22.006,20,18,2,1814774.1,73,73,71,71,103,102,101,100,20.219,20.192,22.27,22.214,239.395,92282,0,0,284,2967,5,3,0,0,0,28,23,14,20,9,9,FALSE,0,FALSE
192.5423,6.48,6.347,5.148,4.844,21.992,20,18,2,1806130.4,73,73,72,72,103,102,100,100,20.213,20.186,22.261,22.206,283.12,92282,0,0,283,2950,5,3,0,0,0,28,23,14,20,9,9,FALSE,0,FALSE
193.04253,6.485,6.352,5.148,4.844,21.979,20,18,2,1797486.6,73,73,71,71,103,102,100,99,20.206,20.179,22.252,22.197,327.197,92282,0,0,267,2917,5,3,0,0,0,28,23,14,20,9,9,FALSE,0,FALSE
193.54292,6.491,6.357,5.148,4.844,21.964,20,18,2,1788554.8,72,72,71,71,103,102,100,99,20.199,20.172,22.243,22.188,373.073,92282,0,0,250,2900,5,3,0,0,0,28,23,14,20,9,9,FALSE,0,FALSE
194.04337,6.496,6.363,5.148,4.844,21.951,20,18,2,1779911,73,73,72,71,102,102,100,99,20.192,20.165,22.233,22.179,417.737,92282,0,0,233,2850,5,3,0,0,0,28,23,14,20,9,9,FALSE,0,FALSE
194.53984,6.502,6.368,5.149,4.845,21.937,20,18,2,1771555.4,73,72,71,71,102,102,100,99,20.184,20.158,22.224,22.17,461.13,92282,0,0,233,2850,5,3,0,0,0,28,23,14,20,9,9,FALSE,0,FALSE
195.04567,6.508,6.373,5.149,4.845,21.923,20,18,2,1762683.5,73,73,71,71,102,102,100,99,20.176,20.15,22.214,22.16,507.704,92282,0,0,217,2800,5,3,0,0,0,28,23,14,20,9,9,FALSE,0,FALSE
195.5457,6.514,6.381,5.151,4.847,21.909,20,18,2,1754195.5,73,73,72,72,102,102,100,99,20.168,20.142,22.204,22.151,552.925,92282,0,0,217,2800,5,3,0,0,0,28,23,14,20,9,9,FALSE,0,FALSE
196.04558,6.526,6.396,5.166,4.861,21.898,20,18,2,1762126.2,75,75,76,75,102,101,99,99,20.161,20.135,22.196,22.143,597.497,92282,0,0,200,2800,5,3,0,0,0,28,23,14,20,9,9,FALSE,0,FALSE
196.54303,6.55,6.418,5.194,4.892,21.897,20,18,2,1796757,74,74,77,77,102,101,99,99,20.16,20.135,22.199,22.146,634.296,92282,0,0,200,2800,5,3,0,0,0,28,23,14,20,9,9,FALSE,0,FALSE
197.04034,6.567,6.434,5.207,4.906,21.896,20,18,2,1824379.1,73,73,74,74,102,101,100,99,20.162,20.137,22.205,22.152,661.818,92282,0,0,200,2834,5,3,0,0,0,28,23,14,20,9,9,FALSE,0,FALSE
197.54115,6.574,6.441,5.21,4.909,21.895,20,18,2,1848748.2,71,71,71,71,102,101,100,99,20.163,20.139,22.21,22.157,684.502,92282,0,0,200,2834,5,3,0,0,0,28,23,14,20,9,9,FALSE,0,FALSE
198.03865,6.579,6.446,5.213,4.912,21.895,20,18,2,1869748.8,70,70,71,70,102,102,100,99,20.165,20.14,22.214,22.161,702.992,92282,0,0,250,2834,5,3,0,0,0,28,23,14,20,9,9,FALSE,0,FALSE
198.54048,6.587,6.452,5.222,4.92,21.895,20,18,2,1886555.8,72,70,74,72,102,102,100,99,20.167,20.142,22.218,22.166,717.56,92282,0,0,250,2834,5,3,0,0,0,28,23,14,20,9,9,FALSE,0,FALSE
199.043,6.597,6.459,5.242,4.936,21.895,20,18,2,1899390.2,74,71,81,76,102,102,100,99,20.171,20.145,22.225,22.172,728.297,92282,0,0,250,3017,5,3,0,0,0,28,23,14,20,9,9,FALSE,0,FALSE
199.54388,6.604,6.465,5.267,4.951,21.895,20,18,2,1906128,73,71,89,78,102,102,100,99,20.175,20.147,22.235,22.179,738.491,92282,0,0,250,3017,5,3,0,0,0,28,23,14,20,9,9,FALSE,0,FALSE
200.04346,6.609,6.471,5.288,4.96,21.892,20,18,2,1910714.4,73,73,92,77,102,102,100,99,20.178,20.15,22.247,22.185,757.103,92282,0,0,334,3017,5,3,0,0,0,28,23,14,20,9,9,FALSE,0,FALSE
200.54015,6.625,6.482,5.297,4.969,21.889,20,18,2,1915509,79,75,86,77,102,102,100,99,20.182,20.153,22.257,22.191,767.853,92282,0,0,334,3150,5,3,0,0,0,28,23,14,20,9,9,FALSE,0,FALSE
201.54375,6.64,6.501,5.297,4.97,21.875,20,18,2,1920985,76,76,72,70,102,102,101,99,20.19,20.16,22.268,22.199,792.414,92282,0,0,334,3150,5,3,0,0,0,28,23,14,20,9,9,FALSE,0,FALSE
202.04388,6.65,6.513,5.298,4.971,21.865,20,18,2,1925150.6,76,76,70,70,103,102,101,99,20.194,20.164,22.27,22.201,808.4,92282,0,0,400,3150,5,3,0,0,0,28,23,14,20,9,9,FALSE,0,FALSE
202.5464,6.664,6.527,5.306,4.98,21.856,20,18,2,1932916.9,75,76,71,73,103,102,101,100,20.197,20.167,22.271,22.203,826.443,92282,0,0,400,3150,5,3,0,0,0,28,23,14,20,9,9,FALSE,0,FALSE
203.03972,6.681,6.546,5.318,4.993,21.846,20,18,2,1937942.2,76,79,74,77,103,102,101,100,20.2,20.171,22.273,22.206,849.312,92282,0,0,400,3150,5,3,0,0,0,28,23,14,20,9,9,FALSE,0,FALSE
203.5404,6.701,6.57,5.33,5.006,21.835,20,18,2,1944144.5,77,81,74,76,103,102,101,100,20.202,20.176,22.274,22.21,872.102,92282,0,0,334,3150,5,3,0,0,0,28,23,14,20,9,9,FALSE,0,FALSE
204.0395,6.722,6.592,5.339,5.014,21.822,20,18,2,1945224.2,76,79,72,73,103,102,101,100,20.205,20.18,22.275,22.212,895.354,92282,0,0,334,3183,5,3,0,0,0,28,23,14,20,9,9,FALSE,0,FALSE
204.54019,6.738,6.609,5.343,5.018,21.809,20,18,2,1945141.1,74,75,70,72,103,102,101,100,20.207,20.183,22.275,22.212,921.452,92282,0,0,333,3183,5,3,0,0,0,28,23,14,20,9,9,FALSE,0,FALSE
205.04471,6.754,6.626,5.349,5.023,21.795,20,18,2,1900374.9,75,74,72,70,103,102,101,100,20.207,20.184,22.274,22.211,951.77,92282,0,0,333,3167,5,3,0,0,0,28,23,14,20,9,9,FALSE,0,FALSE
205.53772,6.782,6.65,5.364,5.038,21.783,20,18,2,1856792.9,79,76,75,73,103,102,101,100,20.209,20.185,22.273,22.21,982.177,92282,0,0,317,3167,5,3,0,0,0,28,23,14,20,9,9,FALSE,0,FALSE
206.04205,6.8,6.665,5.37,5.044,21.769,20,18,2,1800930.6,75,73,72,71,103,102,101,100,20.21,20.185,22.272,22.209,1013.751,92282,0,0,317,3167,5,3,0,0,0,28,23,14,20,9,9,FALSE,0,FALSE
206.54198,6.818,6.68,5.376,5.051,21.755,20,18,2,1743315.6,74,72,72,71,103,102,101,100,20.209,20.184,22.27,22.206,1047.502,92282,0,0,317,3167,5,3,0,0,0,28,23,14,20,9,9,FALSE,0,FALSE
207.0419,6.827,6.687,5.376,5.052,21.743,20,18,2,1735195.1,71,70,70,70,103,102,101,100,20.207,20.182,22.266,22.203,1082.971,92282,0,0,300,3150,5,3,0,0,0,28,23,14,20,9,9,FALSE,0,FALSE
207.54263,6.834,6.694,5.376,5.052,21.729,20,18,2,1726551.4,70,71,70,70,103,102,100,99,20.204,20.178,22.262,22.199,1119.678,92282,0,0,300,3133,5,3,0,0,0,28,23,14,20,9,9,FALSE,0,FALSE
208.04,6.84,6.7,5.376,5.052,21.715,20,18,2,1717907.6,71,71,71,70,103,102,100,99,20.201,20.175,22.257,22.194,1157.612,92282,0,0,300,3133,5,3,0,0,0,28,23,14,20,9,9,FALSE,0,FALSE
208.54504,6.846,6.706,5.376,5.052,21.701,20,18,2,1708975.8,71,71,71,70,103,102,100,99,20.196,20.171,22.252,22.189,1197.988,92282,0,0,267,3100,5,3,0,0,0,28,23,14,20,9,9,FALSE,0,FALSE
209.04558,6.852,6.712,5.376,5.052,21.688,20,18,2,1705689.8,71,71,71,71,102,102,100,99,20.192,20.167,22.246,22.184,1238.038,92282,0,0,250,3067,5,3,0,0,0,28,23,14,20,9,9,FALSE,0,FALSE
209.5436,6.857,6.718,5.376,5.052,21.674,20,18,2,1697046,71,71,71,71,102,102,100,99,20.187,20.162,22.24,22.178,1278.852,92282,0,0,250,3067,5,3,0,0,0,28,23,14,20,9,9,FALSE,0,FALSE
210.04153,6.862,6.723,5.376,5.052,21.661,20,18,2,1688690.4,71,71,71,71,102,102,100,99,20.182,20.158,22.233,22.172,1319.052,92282,0,0,233,3067,5,3,0,0,0,28,23,14,20,9,9,FALSE,0,FALSE
210.54323,6.867,6.73,5.376,5.052,21.647,20,18,2,1679758.5,71,71,71,71,102,102,100,99,20.177,20.152,22.226,22.165,1362.773,92282,0,0,217,3000,5,3,0,0,0,28,23,14,20,9,9,FALSE,0,FALSE
211.04335,6.875,6.739,5.384,5.06,21.634,20,18,2,1681546.1,72,72,74,74,102,102,100,99,20.171,20.147,22.219,22.159,1405.446,92282,0,0,217,3000,5,3,0,0,0,28,23,14,20,9,9,FALSE,0,FALSE
211.54314,6.895,6.758,5.407,5.082,21.632,20,18,2,1715614.5,73,73,75,74,102,102,100,99,20.171,20.147,22.222,22.162,1441.642,92282,0,0,217,2933,5,3,0,0,0,28,23,14,20,9,9,FALSE,0,FALSE
212.0415,6.905,6.772,5.417,5.088,21.631,20,18,2,1744211.4,72,73,74,72,102,102,100,99,20.172,20.149,22.226,22.165,1470.008,92282,0,0,200,2933,5,3,0,0,0,28,23,14,20,9,9,FALSE,0,FALSE
212.5402,6.921,6.783,5.431,5.103,21.63,20,18,2,1770421.6,75,72,76,74,102,102,100,99,20.174,20.151,22.23,22.17,1494.666,92282,0,0,200,2933,5,3,0,0,0,28,23,14,20,9,9,FALSE,0,FALSE
213.04225,6.947,6.804,5.467,5.132,21.63,20,18,2,1793402.1,81,77,87,81,102,102,100,99,20.179,20.154,22.238,22.176,1514.064,92282,0,0,250,3016,5,3,0,0,0,28,23,14,20,9,9,FALSE,0,FALSE
213.54294,6.97,6.819,5.51,5.17,21.63,20,18,2,1810092,82,75,93,88,102,102,100,99,20.187,20.159,22.25,22.186,1534.948,92282,0,0,250,3016,5,3,0,0,0,28,23,14,20,9,9,FALSE,0,FALSE
214.03944,6.986,6.832,5.55,5.2,21.625,20,18,2,1817247.9,81,75,96,87,103,102,101,99,20.194,20.163,22.262,22.196,1558.523,92282,0,0,250,3000,5,3,0,0,0,28,23,14,20,9,9,FALSE,0,FALSE
214.54486,7.007,6.849,5.578,5.219,21.618,20,18,2,1825063.4,82,77,91,82,103,102,101,100,20.2,20.167,22.274,22.205,1576.157,92282,0,0,217,3000,5,3,0,0,0,28,23,14,20,9,9,FALSE,0,FALSE
215.04237,7.025,6.863,5.598,5.234,21.612,20,18,2,1832525.9,81,76,86,79,103,102,101,100,20.206,20.171,22.283,22.211,1592.264,92282,0,0,217,3050,5,3,0,0,0,28,23,14,20,9,9,FALSE,0,FALSE
215.54419,7.046,6.88,5.613,5.247,21.604,20,18,2,1840653.2,80,75,81,75,103,102,101,100,20.212,20.175,22.29,22.216,1609.325,92282,0,0,217,3050,5,3,0,0,0,28,23,14,20,9,9,FALSE,0,FALSE
216.04347,7.062,6.895,5.618,5.252,21.593,20,18,2,1847153.8,78,75,74,72,103,102,101,100,20.216,20.178,22.294,22.218,1628.982,92282,0,0,250,3050,5,3,0,0,0,28,23,14,20,9,9,FALSE,0,FALSE
216.54466,7.084,6.915,5.62,5.254,21.58,20,18,2,1850412.6,78,77,72,69,103,102,101,100,20.22,20.181,22.295,22.219,1651.224,92282,0,0,250,3050,5,3,0,0,0,28,23,14,20,9,9,FALSE,0,FALSE
217.54057,7.124,6.954,5.621,5.255,21.555,20,18,2,1847241.2,73,73,69,69,103,102,101,100,20.225,20.186,22.294,22.217,1701.785,92282,0,0,284,3100,5,3,0,0,0,28,23,14,20,9,9,FALSE,0,FALSE
218.04187,7.135,6.966,5.623,5.257,21.541,20,18,2,1810451.8,73,74,70,71,103,102,101,100,20.225,20.187,22.292,22.216,1730.76,92282,0,0,300,3100,5,3,0,0,0,28,23,14,20,9,9,FALSE,0,FALSE
218.5425,7.147,6.982,5.631,5.264,21.528,20,18,2,1800637.9,73,75,71,72,103,102,101,100,20.224,20.187,22.29,22.215,1761.797,92282,0,0,300,3117,5,3,0,0,0,28,23,14,20,9,9,FALSE,0,FALSE
219.04477,7.164,7.003,5.647,5.28,21.514,20,18,2,1791775,74,76,74,75,103,102,101,100,20.223,20.188,22.288,22.214,1795.653,92282,0,0,317,3117,5,3,0,0,0,28,23,14,20,9,9,FALSE,0,FALSE
219.53934,7.185,7.029,5.664,5.297,21.501,20,18,2,1786442.1,73,78,75,73,103,102,101,100,20.223,20.189,22.286,22.213,1829.524,92282,29984,0,300,3117,5,3,0,0,0,28,23,14,20,9,9,FALSE,0,FALSE
220.04517,7.22,7.057,5.703,5.332,21.501,20,18,2,1819190.5,80,76,83,78,103,102,101,100,20.224,20.19,22.287,22.214,1862.604,92282,29984,0,300,3117,5,3,0,0,0,28,23,14,20,9,9,FALSE,0,FALSE
220.54106,7.241,7.071,5.727,5.354,21.5,20,18,2,1844231.6,77,73,81,77,103,102,101,100,20.226,20.191,22.29,22.216,1890.146,92282,29984,0,317,3133,5,3,0,0,0,28,23,14,20,9,9,FALSE,0,FALSE
221.03781,7.282,7.095,5.782,5.404,21.499,20,18,2,1864085.1,85,75,91,85,103,102,101,100,20.231,20.191,22.296,22.22,1918.187,92282,29984,0,317,3167,5,3,0,0,0,28,23,14,20,9,9,FALSE,0,FALSE
221.54349,7.318,7.125,5.846,5.455,21.491,20,18,2,1871578.5,83,77,93,85,103,103,101,100,20.237,20.195,22.305,22.226,1945.102,92282,29984,0,350,3167,5,3,0,0,0,28,23,14,20,9,9,FALSE,0,FALSE
222.03955,7.346,7.146,5.869,5.474,21.481,20,18,2,1878013.6,80,75,81,76,103,103,101,100,20.242,20.197,22.31,22.23,1968.724,92282,29984,0,350,3217,5,3,0,0,0,28,23,14,20,9,9,FALSE,0,FALSE
222.54149,7.36,7.161,5.878,5.484,21.47,20,18,2,1881872.9,75,75,74,76,103,103,101,100,20.243,20.197,22.31,22.229,1994.863,92282,29984,0,384,3217,5,3,0,0,0,28,23,14,20,9,9,FALSE,0,FALSE
223.04358,7.393,7.201,5.913,5.529,21.458,20,18,2,1886645.5,79,82,79,85,103,103,101,100,20.244,20.199,22.31,22.232,2024.919,92282,29984,0,466,3217,5,3,0,0,0,28,23,14,20,9,9,FALSE,0,FALSE
223.54384,7.428,7.241,5.947,5.571,21.445,20,18,2,1888204.2,80,83,79,84,103,103,101,100,20.246,20.203,22.311,22.235,2055.118,92282,29984,0,466,3217,5,3,0,0,0,28,23,14,20,9,9,FALSE,0,FALSE
224.03906,7.457,7.275,5.972,5.6,21.432,20,18,2,1882510.4,77,80,76,80,104,103,101,100,20.247,20.206,22.31,22.237,2083.581,92282,29984,0,533,3217,5,3,0,0,0,28,23,14,20,9,9,FALSE,0,FALSE
224.54019,7.48,7.304,5.99,5.619,21.419,20,18,2,1880004.4,74,77,73,75,103,103,101,100,20.246,20.207,22.308,22.236,2114.728,92282,29984,0,533,3433,5,3,0,0,0,28,23,14,20,9,9,FALSE,0,FALSE
225.04338,7.495,7.324,6.001,5.629,21.405,20,18,2,1871108.6,73,76,73,74,103,103,101,100,20.244,20.207,22.304,22.233,2148.555,92282,29984,0,566,3433,5,3,0,0,0,28,23,14,20,9,9,FALSE,0,FALSE
225.54434,7.508,7.338,6.014,5.642,21.394,20,18,2,1876834.6,74,75,76,76,103,103,101,100,20.242,20.206,22.301,22.231,2181.792,92282,29984,0,566,3433,5,3,0,0,0,28,23,14,20,9,9,FALSE,0,FALSE
226.04236,7.523,7.354,6.029,5.657,21.392,20,18,2,1904068.1,74,73,75,75,103,103,101,100,20.242,20.207,22.303,22.234,2208.008,92282,29984,0,583,3433,5,3,0,0,0,28,23,14,20,9,9,FALSE,0,FALSE
226.53876,7.533,7.362,6.037,5.666,21.392,20,18,2,1928703.5,73,72,75,73,103,103,101,100,20.243,20.208,22.307,22.237,2229.52,92282,29984,0,583,3600,5,3,0,0,0,28,23,14,20,9,9,FALSE,0,FALSE
227.0403,7.546,7.371,6.049,5.679,21.392,20,18,2,1948586,76,71,77,76,103,103,101,100,20.246,20.209,22.311,22.241,2246.877,92282,29984,0,583,3600,5,3,0,0,0,28,23,14,20,9,9,FALSE,0,FALSE
227.5438,7.561,7.382,6.075,5.698,21.392,20,18,2,1964309.1,78,73,85,79,104,103,101,100,20.25,20.211,22.318,22.247,2260.228,92282,29984,0,617,3600,5,3,0,0,0,28,23,14,20,9,9,FALSE,0,FALSE
228.04109,7.57,7.389,6.106,5.718,21.392,20,18,2,1971409.2,77,73,93,82,104,103,102,100,20.253,20.213,22.327,22.253,2272.153,92282,29984,0,617,3600,5,3,0,0,0,28,23,14,20,9,9,FALSE,0,FALSE
228.54297,7.581,7.399,6.135,5.737,21.389,20,18,2,1977376.8,77,75,95,82,104,103,102,100,20.257,20.215,22.339,22.261,2291.015,92282,29984,0,617,3600,5,3,0,0,0,28,23,14,20,9,9,FALSE,0,FALSE
229.04333,7.594,7.409,6.147,5.747,21.385,20,18,2,1983408.6,79,75,88,79,104,103,102,101,20.261,20.218,22.349,22.267,2304.448,92282,29984,0,617,3633,5,3,0,0,0,28,23,14,20,9,9,FALSE,0,FALSE
229.541,7.607,7.42,6.156,5.754,21.38,20,18,2,1989782,79,75,82,76,104,103,102,101,20.265,20.22,22.355,22.271,2316.935,92282,29984,0,550,3633,5,3,0,0,0,28,23,14,20,9,9,FALSE,0,FALSE
230.0437,7.618,7.432,6.16,5.758,21.371,20,18,2,1996844,78,76,77,73,104,103,102,101,20.269,20.223,22.359,22.273,2331.538,92282,29984,0,550,3633,5,3,0,0,0,28,23,14,20,9,9,FALSE,0,FALSE
230.54164,7.633,7.448,6.162,5.76,21.361,20,18,2,2003953.1,78,77,73,70,104,103,102,101,20.272,20.226,22.361,22.274,2347.409,92282,29984,0,550,3633,5,3,0,0,0,28,23,14,20,9,9,FALSE,0,FALSE
231.03949,7.648,7.465,6.163,5.761,21.349,20,18,2,2014182.6,77,76,70,69,104,103,102,101,20.274,20.228,22.361,22.274,2367.003,92282,29984,0,450,3550,5,3,0,0,0,28,23,14,20,9,9,FALSE,0,FALSE
231.53938,7.663,7.482,6.163,5.762,21.336,20,18,2,2010438,76,75,69,69,104,103,102,101,20.276,20.231,22.36,22.273,2389.235,92282,29984,0,450,3517,5,3,0,0,0,28,23,14,20,9,9,FALSE,0,FALSE
232.04333,7.675,7.495,6.163,5.762,21.322,20,18,2,2010500.5,74,73,69,69,104,103,102,101,20.277,20.231,22.358,22.271,2415.006,92282,29984,0,417,3517,5,3,0,0,0,28,23,14,20,9,9,FALSE,0,FALSE
232.20518,7.678,7.498,6.163,5.762,21.318,20,18,2,2008747.6,73,73,69,69,104,103,102,101,20.277,20.231,22.357,22.271,2422.931,92282,29984,0,417,3517,5,3,0,0,0,28,23,14,20,9,9,FALSE,0,FALSE
232.70576,7.687,7.508,6.163,5.762,21.305,20,18,2,2002244.1,73,72,69,69,104,103,102,101,20.276,20.23,22.354,22.269,2450.767,92282,29984,0,417,3517,5,3,0,0,0,28,23,14,20,9,9,FALSE,0,FALSE
233.20505,7.695,7.516,6.163,5.762,21.291,20,18,2,1994780.2,72,72,69,69,104,103,102,101,20.274,20.229,22.351,22.266,2480.664,92282,29984,0,416,3517,5,3,0,0,0,28,23,14,20,9,9,FALSE,0,FALSE
233.7094,7.703,7.524,6.163,5.762,21.278,20,18,2,1992019,72,71,69,69,104,103,102,101,20.272,20.227,22.347,22.263,2512.222,92282,29984,0,416,3516,5,3,0,0,0,28,23,14,20,9,9,FALSE,0,FALSE
234.20715,7.711,7.533,6.166,5.764,21.264,20,18,2,1983375.8,72,73,70,71,104,103,102,100,20.269,20.225,22.343,22.259,2545.396,92282,29984,0,400,3516,5,3,0,0,0,28,23,14,20,9,9,FALSE,0,FALSE
234.7078,7.722,7.547,6.174,5.771,21.251,20,18,2,1974732,72,74,72,73,104,103,102,100,20.267,20.223,22.339,22.256,2580.068,92282,29984,0,400,3516,5,3,0,0,0,28,23,14,20,9,9,FALSE,0,FALSE
235.20766,7.75,7.582,6.206,5.805,21.238,20,18,2,1971460,76,79,77,79,104,103,102,100,20.264,20.223,22.335,22.254,2615.142,92282,29984,0,400,3533,5,3,0,0,0,28,23,14,20,9,9,FALSE,0,FALSE
235.7063,7.781,7.62,6.247,5.845,21.232,20,18,2,1989320.1,77,80,80,82,104,103,102,100,20.264,20.224,22.335,22.255,2650.871,92282,29984,0,400,3533,5,3,0,0,0,28,23,14,20,9,9,FALSE,0,FALSE
236.20923,7.805,7.649,6.275,5.871,21.23,20,18,2,2016079.9,76,79,79,80,104,103,102,100,20.266,20.227,22.339,22.26,2679.321,92282,29984,0,400,3533,5,3,0,0,0,28,23,14,20,9,9,FALSE,0,FALSE
236.70338,7.822,7.669,6.292,5.887,21.229,20,18,2,2039243.2,75,78,77,79,104,103,102,101,20.268,20.231,22.343,22.266,2700.326,92282,29984,0,417,3533,5,3,0,0,0,28,23,14,20,9,9,FALSE,0,FALSE
237.20784,7.842,7.691,6.308,5.905,21.228,20,18,2,2058785.8,78,81,78,81,104,103,102,101,20.272,20.237,22.348,22.273,2716.714,92282,29984,0,417,3600,5,3,0,0,0,28,23,14,20,9,9,FALSE,0,FALSE
237.71019,7.848,7.7,6.316,5.913,21.228,20,18,2,2074840.5,74,77,76,79,104,103,102,101,20.275,20.242,22.353,22.28,2729.979,92282,29984,0,417,3600,5,3,0,0,0,28,23,14,20,9,9,FALSE,0,FALSE
238.20638,7.854,7.707,6.327,5.932,21.228,20,18,2,2085078.1,73,75,77,84,104,103,102,101,20.277,20.246,22.357,22.286,2739.739,92282,29984,0,417,3600,5,3,0,0,0,28,23,14,20,9,9,FALSE,0,FALSE
238.7054,7.863,7.716,6.34,5.955,21.227,20,18,2,2091598.2,75,76,78,90,104,104,102,101,20.279,20.249,22.362,22.296,2760.576,92282,29984,0,416,3600,5,3,0,0,0,28,23,14,20,9,9,FALSE,0,FALSE
239.2052,7.875,7.73,6.348,5.966,21.223,20,18,2,2096796.9,77,80,77,85,104,104,102,101,20.282,20.253,22.366,22.305,2771.951,92282,29984,0,416,3600,5,3,0,0,0,28,23,14,20,9,9,FALSE,0,FALSE
239.70804,7.894,7.749,6.35,5.967,21.216,20,18,2,2101706.2,80,82,73,78,104,104,102,101,20.287,20.259,22.369,22.311,2783.29,92282,29984,0,416,3666,5,3,0,0,0,28,23,14,20,9,9,FALSE,0,FALSE
240.20651,7.905,7.758,6.351,5.968,21.207,20,18,2,2104627.2,78,78,70,73,104,104,102,101,20.29,20.264,22.37,22.314,2797.33,92282,29984,0,416,3666,5,3,0,0,0,28,23,14,20,9,9,FALSE,0,FALSE
240.70816,7.925,7.776,6.351,5.968,21.196,20,18,2,2109698.8,80,79,69,70,104,104,102,101,20.294,20.268,22.37,22.316,2814.049,92282,29984,0,416,3666,5,3,0,0,0,28,23,14,20,9,9,FALSE,0,FALSE
241.20929,7.949,7.798,6.351,5.968,21.184,20,18,2,2117783.2,81,80,68,69,104,104,102,101,20.298,20.272,22.369,22.315,2833.617,92282,29984,0,416,3650,5,3,0,0,0,28,23,14,20,9,9,FALSE,0,FALSE
241.70781,7.964,7.813,6.351,5.968,21.171,20,18,2,2113851.5,76,76,68,69,105,104,102,101,20.301,20.275,22.368,22.314,2855.955,92282,29984,0,383,3650,5,3,0,0,0,28,23,14,20,9,9,FALSE,0,FALSE
242.20424,7.977,7.826,6.351,5.968,21.158,20,18,2,2113913,73,73,69,69,105,104,102,101,20.302,20.276,22.366,22.313,2881.003,92282,29984,0,383,3650,5,3,0,0,0,28,23,14,20,9,9,FALSE,0,FALSE
242.70729,7.987,7.836,6.351,5.968,21.145,20,18,2,2107606,72,72,69,69,105,104,102,101,20.301,20.275,22.364,22.311,2908.368,92282,29984,0,367,3633,5,3,0,0,0,28,23,14,20,9,9,FALSE,0,FALSE
243.20514,7.996,7.845,6.351,5.968,21.131,20,18,2,2100249.2,71,72,70,70,104,104,102,101,20.299,20.274,22.361,22.309,2937.94,92282,29984,0,367,3616,5,3,0,0,0,28,23,14,20,9,9,FALSE,0,FALSE
243.70734,8.004,7.853,6.351,5.968,21.118,20,18,2,2097441.8,71,71,70,70,104,104,102,101,20.297,20.272,22.358,22.306,2969.457,92282,29984,0,333,3616,5,3,0,0,0,28,23,14,20,9,9,FALSE,0,FALSE
244.20564,8.011,7.861,6.351,5.968,21.104,20,18,2,2088798.4,71,71,70,70,104,104,102,101,20.295,20.27,22.354,22.303,3002.794,92282,29984,0,333,3617,5,3,0,0,0,28,23,14,20,9,9,FALSE,0,FALSE
244.70326,8.018,7.868,6.351,5.968,21.092,20,18,2,2085500.4,71,71,71,70,104,104,102,101,20.292,20.267,22.35,22.3,3037.701,92282,29984,0,333,3617,5,3,0,0,0,28,23,14,20,9,9,FALSE,0,FALSE
245.20877,8.024,7.874,6.351,5.968,21.078,20,18,2,2076856.6,71,71,71,71,104,104,102,101,20.288,20.264,22.346,22.295,3073.883,92282,29984,0,333,3617,5,3,0,0,0,28,23,14,20,9,9,FALSE,0,FALSE
245.70808,8.03,7.88,6.351,5.968,21.064,20,18,2,2068212.9,71,71,71,71,104,104,102,101,20.284,20.26,22.341,22.291,3111.343,92282,29984,0,333,3617,5,3,0,0,0,28,23,14,20,9,9,FALSE,0,FALSE
246.20712,8.037,7.887,6.351,5.968,21.05,20,18,2,2059569.1,71,71,71,71,104,104,102,101,20.28,20.256,22.335,22.286,3149.98,92282,29984,0,333,3617,5,3,0,0,0,28,23,14,20,9,9,FALSE,0,FALSE
246.70088,8.043,7.892,6.351,5.968,21.038,20,18,2,2056232.1,71,71,71,71,104,104,102,101,20.275,20.251,22.329,22.28,3189.655,92282,29984,0,350,3617,5,3,0,0,0,28,23,14,20,9,9,FALSE,0,FALSE
247.20529,8.048,7.898,6.351,5.968,21.024,20,18,2,2047588.4,71,71,71,71,104,104,102,101,20.27,20.246,22.323,22.274,3230.132,92282,29984,0,333,3583,5,3,0,0,0,28,23,14,20,9,9,FALSE,0,FALSE
247.70645,8.054,7.904,6.351,5.968,21.01,20,18,2,2038944.6,71,71,71,71,104,103,101,101,20.265,20.241,22.316,22.267,3271.436,92282,29984,0,333,3583,5,3,0,0,0,28,23,14,20,9,9,FALSE,0,FALSE
248.20639,8.059,7.91,6.351,5.968,20.996,20,18,2,2030300.9,71,71,71,71,104,103,101,100,20.259,20.236,22.309,22.261,3313.519,92282,29984,0,334,3534,5,3,0,0,0,28,23,14,20,9,9,FALSE,0,FALSE
248.69656,8.066,7.915,6.352,5.969,20.983,20,18,2,2023594.8,71,71,71,71,104,103,101,100,20.253,20.23,22.301,22.253,3356.299,92282,29984,0,334,3534,5,3,0,0,0,28,23,14,20,9,9,FALSE,0,FALSE
249.20155,8.089,7.941,6.386,6.005,20.981,20,18,2,2057878.9,75,76,78,79,104,103,101,100,20.251,20.228,22.301,22.254,3394.288,92282,29984,0,333,3534,5,3,0,0,0,28,23,14,20,9,9,FALSE,0,FALSE
249.70462,8.113,7.974,6.425,6.043,20.979,20,18,2,2086727.8,75,81,82,83,104,103,101,100,20.252,20.231,22.307,22.26,3424.091,92282,29984,0,333,3500,5,3,0,0,0,28,23,14,20,9,9,FALSE,0,FALSE
250.2054,8.139,8.008,6.454,6.079,20.979,20,18,2,2112177.5,76,80,80,85,104,103,101,101,20.255,20.237,22.313,22.268,3448.76,92282,29984,0,333,3500,5,3,0,0,0,28,23,14,20,9,9,FALSE,0,FALSE
250.70328,8.16,8.036,6.495,6.132,20.977,20,18,2,2131051,77,82,86,94,104,103,101,101,20.259,20.243,22.32,22.278,3473.912,92282,29984,0,300,3500,5,3,0,0,0,28,23,14,20,9,9,FALSE,0,FALSE
251.2067,8.185,8.069,6.541,6.189,20.97,20,18,2,2137838.2,79,86,90,97,104,104,102,101,20.263,20.249,22.329,22.291,3497.315,92282,29984,0,300,3450,5,3,0,0,0,28,23,14,20,9,9,FALSE,0,FALSE
251.70634,8.213,8.103,6.571,6.229,20.962,20,18,2,2144616.2,80,85,83,91,104,104,102,101,20.267,20.257,22.337,22.303,3518.35,92282,29984,0,233,3450,5,3,0,0,0,28,23,14,20,9,9,FALSE,0,FALSE
252.20898,8.236,8.132,6.594,6.257,20.952,20,18,2,2151123.2,78,83,80,85,104,104,102,101,20.271,20.263,22.342,22.31,3539.834,92282,29984,0,233,3517,5,3,0,0,0,28,23,14,20,9,9,FALSE,0,FALSE
252.70497,8.26,8.161,6.61,6.275,20.94,20,18,2,2157262.5,77,81,76,79,104,104,102,101,20.273,20.268,22.345,22.315,3562.583,92282,29984,0,267,3517,5,3,0,0,0,28,23,14,20,9,9,FALSE,0,FALSE
253.2058,8.281,8.184,6.623,6.287,20.928,20,18,2,2160960.5,76,80,74,76,104,104,102,101,20.275,20.271,22.346,22.318,3587.062,92282,29984,0,267,3517,5,3,0,0,0,28,23,14,20,9,9,FALSE,0,FALSE
253.70976,8.305,8.212,6.642,6.307,20.914,20,18,2,2154511.2,77,80,76,78,104,104,102,101,20.276,20.274,22.347,22.319,3614.461,92282,29984,0,316,3600,5,3,0,0,0,28,23,14,20,9,9,FALSE,0,FALSE
254.20653,8.34,8.254,6.669,6.336,20.901,20,18,2,2147704.8,79,84,78,80,104,104,102,101,20.278,20.278,22.348,22.321,3641.896,92282,29984,0,316,3600,5,3,0,0,0,28,23,14,20,9,9,FALSE,0,FALSE
254.7064,8.367,8.287,6.693,6.359,20.887,20,18,2,2142758.2,76,81,76,78,104,104,102,102,20.279,20.281,22.348,22.323,3672.171,92282,29984,0,334,3634,5,3,0,0,0,28,23,14,20,9,9,FALSE,0,FALSE
255.20703,8.384,8.309,6.703,6.369,20.874,20,18,2,2137171.2,73,76,72,72,104,104,102,102,20.278,20.282,22.347,22.322,3704.182,92282,29984,0,334,3650,5,3,0,0,0,28,23,14,20,9,9,FALSE,0,FALSE
255.70757,8.408,8.328,6.724,6.388,20.86,20,18,2,2128531.2,78,76,78,75,104,104,102,101,20.277,20.281,22.345,22.32,3737.469,92282,29984,0,350,3683,5,3,0,0,0,28,23,14,20,9,9,FALSE,0,FALSE
256.20734,8.439,8.353,6.752,6.416,20.846,20,18,2,2119891.2,79,76,80,77,104,104,102,101,20.276,20.28,22.344,22.317,3771.354,92282,29984,0,367,3683,5,3,0,0,0,28,23,14,20,9,9,FALSE,0,FALSE
256.7049,8.495,8.4,6.819,6.476,20.833,20,18,2,2111251.2,86,81,89,84,104,104,102,101,20.278,20.28,22.345,22.317,3806.849,92282,29984,0,367,3683,5,3,0,0,0,28,23,14,20,9,9,FALSE,0,FALSE
257.20425,8.549,8.445,6.885,6.535,20.82,20,18,2,2108032.5,84,79,89,84,104,104,102,101,20.281,20.28,22.347,22.317,3843.478,92282,29984,0,366,3683,5,3,0,0,0,28,23,14,20,9,9,FALSE,0,FALSE
257.7102,8.621,8.505,6.976,6.614,20.806,20,18,2,2099104.5,87,82,90,85,104,104,102,101,20.283,20.281,22.35,22.318,3881.524,92282,29984,0,383,3683,5,3,0,0,0,28,23,14,20,9,9,FALSE,0,FALSE
258.20926,8.675,8.549,7.047,6.677,20.793,20,18,2,2090749.6,85,80,91,86,104,104,102,101,20.285,20.28,22.351,22.318,3916.905,92282,29984,0,383,3683,5,3,0,0,0,28,23,14,20,9,9,FALSE,0,FALSE
258.7078,8.741,8.605,7.124,6.745,20.779,20,18,2,2082105.9,85,80,87,83,104,104,102,101,20.287,20.28,22.353,22.317,3952.592,92282,29984,0,384,3683,5,3,0,0,0,28,23,14,20,9,9,FALSE,0,FALSE
259.20456,8.774,8.631,7.151,6.771,20.765,20,18,2,2073462.1,76,74,76,73,104,104,102,101,20.286,20.277,22.35,22.313,3988.649,92282,29984,0,384,3700,5,3,0,0,0,28,23,14,20,9,9,FALSE,0,FALSE
259.7048,8.785,8.641,7.157,6.776,20.752,20,18,2,2071293.1,73,73,74,73,104,104,102,101,20.281,20.272,22.344,22.307,4025.869,92282,29984,40254,384,3700,5,3,0,0,0,28,23,14,20,9,9,FALSE,0,FALSE
260.20874,8.804,8.659,7.177,6.798,20.75,20,18,2,2101949.2,74,72,76,75,104,104,102,101,20.279,20.27,22.344,22.307,4057.761,92282,29984,40254,400,3700,5,3,0,0,0,28,23,14,20,9,9,FALSE,0,FALSE
260.70532,8.828,8.676,7.206,6.824,20.75,20,18,2,2130173.5,78,74,81,78,104,104,102,101,20.28,20.269,22.347,22.31,4083.688,92282,29984,40254,400,3700,5,3,0,0,0,28,23,14,20,9,9,FALSE,0,FALSE
261.2066,8.862,8.702,7.257,6.866,20.75,20,18,2,2153840.8,84,78,93,86,104,104,102,101,20.284,20.271,22.354,22.315,4105.728,92282,29984,40254,417,3733,5,3,0,0,0,28,23,14,20,9,9,FALSE,0,FALSE
261.7087,8.887,8.721,7.318,6.911,20.749,20,18,2,2166662.5,82,77,101,90,104,104,102,102,20.29,20.274,22.366,22.323,4124.952,92282,29984,40254,417,3733,5,3,0,0,0,28,23,14,20,9,9,FALSE,0,FALSE
262.2088,8.907,8.737,7.368,6.945,20.744,20,18,2,2173397.2,81,77,99,87,104,104,102,102,20.294,20.276,22.379,22.331,4145.73,92282,29984,40254,400,3733,5,3,0,0,0,28,23,14,20,9,9,FALSE,0,FALSE
262.70505,8.931,8.757,7.401,6.97,20.736,20,18,2,2179951.2,82,78,92,83,104,104,103,102,20.297,20.278,22.389,22.337,4167.614,92282,29984,40254,400,3733,5,3,0,0,0,28,23,14,20,9,9,FALSE,0,FALSE
263.20618,8.953,8.776,7.416,6.982,20.727,20,18,2,2185918.8,80,77,82,76,105,104,103,102,20.301,20.28,22.395,22.34,4187.79,92282,29984,40254,400,3800,5,3,0,0,0,28,23,14,20,9,9,FALSE,0,FALSE
263.70526,8.975,8.796,7.427,6.992,20.714,20,18,2,2188727.8,80,78,77,73,105,104,103,102,20.304,20.281,22.397,22.341,4209.512,92282,29984,40254,450,3800,5,3,0,0,0,28,23,14,20,9,9,FALSE,0,FALSE
264.2074,8.997,8.818,7.431,6.996,20.701,20,18,2,2183692.5,77,76,72,71,105,104,103,102,20.306,20.283,22.397,22.34,4233.979,92282,29984,40254,450,3800,5,3,0,0,0,28,23,14,20,9,9,FALSE,0,FALSE
264.70837,9.01,8.83,7.431,6.996,20.688,20,18,2,2149107.8,74,74,70,70,105,104,103,102,20.306,20.282,22.395,22.338,4261.181,92282,29984,40254,483,3850,5,3,0,0,0,28,23,14,20,9,9,FALSE,0,FALSE
265.20526,9.021,8.841,7.431,6.996,20.675,20,18,2,2105647.8,73,73,70,70,105,104,103,102,20.304,20.281,22.392,22.335,4290.866,92282,29984,40254,483,3866,5,3,0,0,0,28,23,14,20,9,9,FALSE,0,FALSE
265.7073,9.031,8.851,7.431,6.996,20.661,20,18,2,2050508.8,73,73,70,70,105,104,103,102,20.302,20.279,22.388,22.331,4322.593,92282,29984,40254,500,3866,5,3,0,0,0,28,23,14,20,9,9,FALSE,0,FALSE
266.20618,9.04,8.861,7.431,6.996,20.648,20,18,2,1992893.8,73,73,71,70,104,104,103,102,20.299,20.276,22.384,22.328,4356.347,92282,29984,40254,500,3866,5,3,0,0,0,28,23,14,20,9,9,FALSE,0,FALSE
266.7049,9.048,8.869,7.431,6.996,20.635,20,18,2,1940707.5,72,72,70,70,104,104,102,102,20.296,20.273,22.379,22.323,4391.727,92282,29984,40254,500,3850,5,3,0,0,0,28,23,14,20,9,9,FALSE,0,FALSE
267.20667,9.057,8.878,7.431,6.996,20.621,20,18,2,1883092.5,72,72,70,70,104,104,102,101,20.292,20.27,22.374,22.318,4428.588,92282,29984,40254,500,3833,5,3,0,0,0,28,23,14,20,9,9,FALSE,0,FALSE
267.70496,9.065,8.886,7.431,6.996,20.607,20,18,2,1825477.5,72,72,71,71,104,104,102,101,20.288,20.266,22.368,22.313,4466.866,92282,29984,40254,484,3800,5,3,0,0,0,28,23,14,20,9,9,FALSE,0,FALSE
268.20584,9.072,8.893,7.431,6.996,20.594,20,18,2,1778083.4,72,72,71,71,104,104,102,101,20.284,20.261,22.362,22.307,4506.413,92282,29984,40254,484,3800,5,3,0,0,0,28,23,14,20,9,9,FALSE,0,FALSE
268.7056,9.077,8.899,7.431,6.996,20.581,20,18,2,1769439.6,72,72,71,71,104,104,102,101,20.279,20.256,22.356,22.301,4546.729,92282,29984,40254,467,3784,5,3,0,0,0,28,23,14,20,9,9,FALSE,0,FALSE
269.20697,9.082,8.905,7.431,6.996,20.567,20,18,2,1760795.9,72,72,71,71,104,104,102,101,20.273,20.251,22.349,22.294,4587.728,92282,29984,40254,433,3733,5,3,0,0,0,28,23,14,20,9,9,FALSE,0,FALSE
269.7092,9.088,8.91,7.431,6.996,20.553,20,18,2,1752152.1,73,73,72,71,104,103,102,101,20.268,20.246,22.341,22.287,4629.372,92282,29984,40254,417,3733,5,3,0,0,0,28,23,14,20,9,9,FALSE,0,FALSE
270.20435,9.093,8.915,7.431,6.996,20.54,20,18,2,1743508.4,73,73,72,72,104,103,102,101,20.262,20.241,22.334,22.28,4671.603,92282,29984,40254,417,3733,5,3,0,0,0,28,23,14,20,9,9,FALSE,0,FALSE
270.7068,9.099,8.921,7.431,6.996,20.526,20,18,2,1734864.6,73,73,72,71,104,103,102,101,20.257,20.235,22.326,22.273,4714.343,92282,29984,40254,400,3666,5,3,0,0,0,28,23,14,20,9,9,FALSE,0,FALSE
271.20746,9.104,8.926,7.431,6.996,20.512,20,18,2,1726220.9,73,73,72,72,104,103,101,101,20.25,20.229,22.318,22.265,4757.524,92282,29984,40254,384,3666,5,3,0,0,0,28,23,14,20,9,9,FALSE,0,FALSE
271.70316,9.109,8.932,7.431,6.996,20.498,20,18,2,1717577.1,73,73,72,71,103,103,101,100,20.244,20.223,22.309,22.256,4801.085,92282,29984,40254,367,3617,5,3,0,0,0,28,23,14,20,9,9,FALSE,0,FALSE
272.2036,9.129,8.952,7.458,7.021,20.493,20,18,2,1744313.9,74,74,77,76,103,103,101,100,20.24,20.219,22.306,22.253,4841.798,92282,29984,40254,367,3617,5,3,0,0,0,28,23,14,20,9,9,FALSE,0,FALSE
272.70627,9.151,8.976,7.484,7.045,20.491,20,18,2,1774856.2,75,75,77,77,103,103,101,100,20.24,20.219,22.311,22.258,4873.512,92282,29984,40254,350,3617,5,3,0,0,0,28,23,14,20,9,9,FALSE,0,FALSE
273.2038,9.169,8.993,7.5,7.062,20.491,20,18,2,1800450.6,76,74,77,76,103,103,101,101,20.243,20.222,22.317,22.264,4897.894,92282,29984,40254,350,3616,5,3,0,0,0,28,23,14,20,9,9,FALSE,0,FALSE
273.70737,9.197,9.015,7.532,7.087,20.491,20,18,2,1819751.4,82,77,85,79,104,103,102,101,20.248,20.225,22.324,22.271,4916.935,92282,29984,40254,350,3616,5,3,0,0,0,28,23,14,20,9,9,FALSE,0,FALSE
274.20554,9.216,9.029,7.566,7.111,20.491,20,18,2,1831286.1,80,75,90,81,104,103,102,101,20.254,20.229,22.334,22.278,4933.413,92282,29984,40254,350,3633,5,3,0,0,0,28,23,14,20,9,9,FALSE,0,FALSE
274.70416,9.23,9.041,7.596,7.13,20.486,20,18,2,1837561.5,79,76,90,80,104,103,102,101,20.259,20.232,22.345,22.285,4957.088,92282,29984,40254,350,3633,5,3,0,0,0,28,23,14,20,9,9,FALSE,0,FALSE
275.20312,9.245,9.054,7.606,7.138,20.478,20,18,2,1843293.2,78,75,81,75,104,103,102,101,20.263,20.235,22.353,22.29,4973.86,92282,29984,40254,300,3633,5,3,0,0,0,28,23,14,20,9,9,FALSE,0,FALSE
275.70276,9.261,9.068,7.616,7.147,20.468,20,18,2,1847847,78,75,77,73,104,103,102,101,20.266,20.238,22.358,22.293,4992.745,92282,29984,40254,300,3616,5,3,0,0,0,28,23,14,20,9,9,FALSE,0,FALSE
276.20255,9.283,9.089,7.626,7.156,20.457,20,18,2,1850654.2,79,77,76,72,104,103,102,101,20.27,20.24,22.361,22.295,5013.304,92282,29984,40254,300,3616,5,3,0,0,0,28,23,14,20,9,9,FALSE,0,FALSE
276.70627,9.304,9.109,7.633,7.162,20.443,20,18,2,1847725.8,78,77,74,71,104,103,102,101,20.273,20.243,22.363,22.296,5035.798,92282,29984,40254,283,3616,5,3,0,0,0,28,23,14,20,9,9,FALSE,0,FALSE
277.20575,9.324,9.128,7.637,7.167,20.431,20,18,2,1820086.2,77,75,72,70,104,103,102,101,20.276,20.245,22.364,22.296,5061.205,92282,29984,40254,283,3650,5,3,0,0,0,28,23,14,20,9,9,FALSE,0,FALSE
277.70718,9.338,9.14,7.638,7.168,20.417,20,18,2,1774118.2,74,73,70,69,104,103,102,101,20.276,20.245,22.363,22.295,5089.86,92282,29984,40254,300,3650,5,3,0,0,0,28,23,14,20,9,9,FALSE,0,FALSE
278.20612,9.346,9.149,7.638,7.168,20.404,20,18,2,1752810.5,73,72,70,70,104,103,102,101,20.276,20.244,22.361,22.294,5120.776,92282,29984,40254,333,3666,5,3,0,0,0,28,23,14,20,9,9,FALSE,0,FALSE
278.69733,9.353,9.156,7.638,7.168,20.39,20,18,2,1744230.9,73,72,70,71,104,103,102,101,20.274,20.243,22.358,22.292,5153.409,92282,29984,40254,333,3650,5,3,0,0,0,28,23,14,20,9,9,FALSE,0,FALSE
279.20392,9.36,9.163,7.638,7.168,20.377,20,18,2,1735587.1,72,72,70,70,104,103,102,101,20.272,20.241,22.355,22.289,5187.642,92282,29984,40254,333,3650,5,3,0,0,0,28,23,14,20,9,9,FALSE,0,FALSE
279.7053,9.366,9.169,7.638,7.168,20.364,20,18,2,1732356.4,72,72,71,71,104,103,102,101,20.27,20.239,22.352,22.286,5223.231,92282,29984,40254,350,3650,5,3,0,0,0,28,23,14,20,9,9,FALSE,0,FALSE
280.20667,9.372,9.175,7.638,7.168,20.35,20,18,2,1723712.6,72,72,71,70,104,103,102,101,20.267,20.236,22.348,22.282,5259.948,92282,29984,40254,350,3650,5,3,0,0,0,28,23,14,20,9,9,FALSE,0,FALSE
280.7036,9.378,9.181,7.638,7.168,20.336,20,18,2,1715068.9,72,72,71,71,104,103,102,101,20.264,20.233,22.343,22.278,5297.762,92282,29984,40254,350,3633,5,3,0,0,0,28,23,14,20,9,9,FALSE,0,FALSE
281.2004,9.384,9.187,7.638,7.168,20.322,20,18,2,1706425.1,71,71,71,71,104,103,102,101,20.26,20.23,22.338,22.273,5336.581,92282,29984,40254,367,3617,5,3,0,0,0,28,23,14,20,9,9,FALSE,0,FALSE
281.69653,9.39,9.193,7.638,7.168,20.309,20,18,2,1697781.4,71,71,71,71,104,103,102,101,20.255,20.225,22.332,22.268,5376.411,92282,29984,40254,367,3617,5,3,0,0,0,28,23,14,20,9,9,FALSE,0,FALSE
282.20078,9.395,9.198,7.638,7.168,20.296,20,18,3,1694510.1,71,71,71,71,104,103,102,101,20.25,20.22,22.326,22.262,8.133,92904,0,0,350,3600,5,4,0,0,0,28,23,14,20,9,9,FALSE,0,FALSE
282.7012,9.401,9.204,7.638,7.168,20.282,20,18,3,1685866.4,71,71,71,71,103,103,101,100,20.245,20.215,22.32,22.256,49.661,92904,0,0,366,3583,5,4,0,0,0,28,23,14,20,9,9,FALSE,0,FALSE
283.20193,9.406,9.209,7.638,7.168,20.268,20,18,3,1677222.6,71,71,71,71,103,103,101,100,20.239,20.21,22.313,22.249,91.922,92904,0,0,366,3566,5,4,0,0,0,28,23,14,20,9,9,FALSE,0,FALSE
283.7008,9.412,9.214,7.638,7.168,20.254,20,18,3,1668578.9,71,71,71,71,103,103,101,100,20.233,20.204,22.305,22.242,134.893,92904,0,0,367,3566,5,4,0,0,0,28,23,14,20,9,9,FALSE,0,FALSE
284.19717,9.418,9.219,7.638,7.168,20.241,20,18,3,1659935.1,71,71,71,71,103,103,101,100,20.227,20.197,22.297,22.235,178.496,92904,0,0,367,3534,5,4,0,0,0,28,23,14,20,9,9,FALSE,0,FALSE
284.70215,9.423,9.225,7.638,7.168,20.227,20,18,3,1651291.4,71,71,71,71,103,102,101,100,20.22,20.191,22.289,22.227,222.668,92904,0,0,366,3483,5,4,0,0,0,28,23,14,20,9,9,FALSE,0,FALSE
285.20264,9.428,9.231,7.638,7.168,20.213,20,18,3,1642647.6,71,71,71,71,103,102,101,100,20.213,20.184,22.281,22.219,267.354,92904,0,0,383,3450,5,4,0,0,0,28,23,14,20,9,9,FALSE,0,FALSE
285.7037,9.433,9.236,7.638,7.168,20.199,20,18,3,1634101.6,71,71,71,71,103,102,101,100,20.206,20.177,22.272,22.211,312.488,92904,0,0,417,3417,5,4,0,0,0,28,23,14,20,9,9,FALSE,0,FALSE
286.20227,9.438,9.242,7.638,7.168,20.185,20,18,3,1625834.5,71,71,72,71,103,102,101,99,20.198,20.17,22.263,22.202,358.029,92904,0,0,400,3417,5,4,0,0,0,28,23,14,20,9,9,FALSE,0,FALSE
286.70557,9.443,9.247,7.638,7.168,20.172,20,18,3,1617804.6,71,70,71,71,102,102,100,99,20.19,20.162,22.254,22.193,403.912,92904,0,0,417,3350,5,4,0,0,0,28,23,14,20,9,9,FALSE,0,FALSE
287.20438,9.448,9.252,7.638,7.168,20.158,20,18,3,1609981.6,71,71,72,71,102,102,100,99,20.182,20.154,22.245,22.184,450.09,92904,0,0,416,3350,5,4,0,0,0,28,23,14,20,9,9,FALSE,0,FALSE
287.703,9.453,9.257,7.638,7.168,20.144,20,18,3,1602351.2,71,71,71,71,102,102,100,99,20.174,20.146,22.235,22.175,496.547,92904,0,0,416,3266,5,4,0,0,0,28,23,14,20,9,9,FALSE,0,FALSE
288.1977,9.458,9.261,7.638,7.168,20.13,20,18,3,1594895.4,71,71,71,71,102,101,100,99,20.165,20.138,22.225,22.165,543.254,92904,0,0,400,3266,5,4,0,0,0,28,23,14,20,9,9,FALSE,0,FALSE
288.69623,9.467,9.269,7.645,7.176,20.118,20,18,3,1598062,72,73,74,74,102,101,100,99,20.157,20.129,22.216,22.156,589.908,92904,0,0,367,3266,5,4,0,0,0,28,23,14,20,9,9,FALSE,0,FALSE
289.2001,9.491,9.293,7.675,7.207,20.117,20,18,3,1635105.9,74,74,77,76,102,101,100,99,20.155,20.128,22.218,22.158,629.703,92904,0,0,350,3266,5,4,0,0,0,28,23,14,20,9,9,FALSE,0,FALSE
289.70728,9.514,9.315,7.696,7.229,20.115,20,18,3,1665027.6,74,74,76,75,102,101,100,99,20.157,20.13,22.223,22.164,660.482,92904,0,0,350,3116,5,4,0,0,0,28,23,14,20,9,9,FALSE,0,FALSE
290.20306,9.526,9.327,7.703,7.236,20.114,20,18,3,1690267.2,72,72,73,73,102,101,100,99,20.16,20.133,22.229,22.171,684.123,92904,0,0,400,3116,5,4,0,0,0,28,23,14,20,9,9,FALSE,0,FALSE
290.7061,9.532,9.332,7.706,7.239,20.113,20,18,3,1711939,71,70,71,71,102,101,100,99,20.163,20.136,22.234,22.176,702.539,92904,0,0,400,3116,5,4,0,0,0,28,23,14,20,9,9,FALSE,0,FALSE
291.20526,9.537,9.336,7.713,7.245,20.113,20,18,3,1730162,71,69,73,71,102,101,100,99,20.165,20.138,22.239,22.181,717.078,92904,0,0,400,3116,5,4,0,0,0,28,23,14,20,9,9,FALSE,0,FALSE
291.7049,9.546,9.343,7.734,7.262,20.113,20,18,3,1743976.1,73,70,82,76,102,102,100,99,20.168,20.141,22.246,22.186,727.766,92904,0,0,400,3333,5,4,0,0,0,28,23,14,20,9,9,FALSE,0,FALSE
292.20502,9.554,9.349,7.759,7.279,20.113,20,18,3,1753228.9,74,71,89,80,102,102,100,99,20.172,20.143,22.256,22.194,737.457,92904,0,0,400,3333,5,4,0,0,0,28,23,14,20,9,9,FALSE,0,FALSE
292.702,9.56,9.356,7.777,7.288,20.11,20,18,3,1757788.5,74,73,90,78,102,102,101,99,20.175,20.146,22.267,22.201,754.432,92904,0,0,583,3333,5,4,0,0,0,28,23,14,20,9,9,FALSE,0,FALSE
293.20322,9.573,9.367,7.785,7.294,20.106,20,18,3,1762892.2,78,75,84,76,102,102,101,100,20.18,20.15,22.277,22.207,766.129,92904,0,0,583,3333,5,4,0,0,0,28,23,14,20,9,9,FALSE,0,FALSE
293.70508,9.582,9.378,7.787,7.296,20.1,20,18,3,1766556.4,77,76,77,72,102,102,101,100,20.185,20.154,22.284,22.212,777.479,92904,0,0,583,3333,5,4,0,0,0,28,23,14,20,9,9,FALSE,0,FALSE
294.20187,9.602,9.402,7.787,7.296,20.091,20,18,3,1770438.1,81,82,72,70,102,102,101,100,20.19,20.16,22.288,22.215,791.232,92904,0,0,583,3533,5,4,0,0,0,28,23,14,20,9,9,FALSE,0,FALSE
294.6999,9.618,9.419,7.789,7.298,20.082,20,18,3,1777058,79,79,70,70,103,102,101,100,20.196,20.167,22.29,22.217,807.65,92904,0,0,583,3533,5,4,0,0,0,28,23,14,20,9,9,FALSE,0,FALSE
295.20215,9.63,9.432,7.795,7.305,20.072,20,18,3,1777598,76,77,70,73,103,102,101,100,20.2,20.171,22.291,22.219,826.139,92904,0,0,583,3533,5,4,0,0,0,28,23,14,20,9,9,FALSE,0,FALSE
295.7051,9.65,9.454,7.809,7.321,20.061,20,18,3,1782509.2,77,81,75,77,103,102,101,100,20.204,20.176,22.293,22.223,851.717,92904,0,0,400,3416,5,4,0,0,0,28,23,14,20,9,9,FALSE,0,FALSE
296.20416,9.668,9.476,7.821,7.334,20.05,20,18,3,1788793.4,75,79,74,76,103,102,101,100,20.207,20.181,22.295,22.226,874.461,92904,0,0,400,3416,5,4,0,0,0,28,23,14,20,9,9,FALSE,0,FALSE
296.7007,9.685,9.496,7.832,7.345,20.039,20,18,3,1794968.5,74,78,73,74,103,102,101,100,20.209,20.185,22.296,22.228,897.889,92904,0,0,400,3400,5,4,0,0,0,28,23,14,20,9,9,FALSE,0,FALSE
297.19986,9.699,9.512,7.835,7.348,20.027,20,18,3,1797843.9,74,75,69,72,103,102,101,100,20.21,20.187,22.295,22.229,923.67,92904,0,0,317,3400,5,4,0,0,0,28,23,14,20,9,9,FALSE,0,FALSE
297.69968,9.712,9.526,7.839,7.351,20.013,20,18,3,1791646.8,74,73,71,68,103,102,101,100,20.21,20.188,22.293,22.227,952.531,92904,0,0,317,3400,5,4,0,0,0,28,23,14,20,9,9,FALSE,0,FALSE
298.2052,9.753,9.56,7.875,7.38,20.001,20,18,3,1795113.5,83,79,81,77,103,102,101,100,20.213,20.19,22.294,22.227,982.684,92904,0,0,117,3400,5,4,0,0,0,28,23,14,20,9,9,FALSE,0,FALSE
298.70465,9.774,9.577,7.886,7.392,19.988,20,18,3,1794377.4,76,73,74,72,103,102,101,100,20.215,20.191,22.295,22.227,1012.717,92904,0,0,117,3417,5,4,0,0,0,28,23,14,20,9,9,FALSE,0,FALSE
299.20483,9.788,9.589,7.888,7.394,19.975,20,18,3,1741862,73,72,71,70,103,102,101,100,20.215,20.19,22.292,22.224,1044.572,92904,0,0,34,3467,5,4,0,0,0,28,23,14,20,9,9,FALSE,0,FALSE
299.7054,9.797,9.598,7.888,7.394,19.961,20,18,3,1715262.1,71,71,70,70,103,102,101,100,20.213,20.188,22.289,22.221,1078.346,92904,0,0,34,3467,5,4,0,0,0,28,23,14,20,9,9,FALSE,0,FALSE
300.20477,9.803,9.605,7.889,7.394,19.948,20,18,3,1711964.8,71,71,70,70,103,102,101,100,20.21,20.185,22.284,22.217,1113.492,92904,0,0,50,3450,5,4,0,0,0,28,23,14,20,9,9,FALSE,0,FALSE
300.7028,9.809,9.612,7.889,7.394,19.934,20,18,3,1703321,71,71,71,71,103,102,101,100,20.207,20.182,22.28,22.213,1149.77,92904,0,0,34,3466,5,4,0,0,0,28,23,14,20,9,9,FALSE,0,FALSE
301.2057,9.815,9.617,7.889,7.394,19.921,20,18,3,1698571.2,71,71,71,71,103,102,101,100,20.203,20.179,22.275,22.208,1187.15,92904,0,0,50,3466,5,4,0,0,0,28,23,14,20,9,9,FALSE,0,FALSE
301.70102,9.816,9.62,7.889,7.394,19.912,20,18,3,1702913.8,70,70,71,71,103,102,101,100,20.199,20.175,22.269,22.203,1224.957,92904,0,0,50,3467,5,4,0,0,0,28,23,14,20,9,9,FALSE,0,FALSE
302.20517,9.82,9.625,7.89,7.395,19.901,20,18,3,1703597.6,70,71,71,71,103,102,101,99,20.194,20.171,22.264,22.198,1262.836,92904,0,0,84,3467,5,4,0,0,0,28,23,14,20,9,9,FALSE,0,FALSE
302.7033,9.826,9.632,7.89,7.395,19.887,20,18,3,1694953.9,71,71,71,71,102,102,100,99,20.19,20.166,22.257,22.192,1301.516,92904,0,0,100,3466,5,4,0,0,0,28,23,14,20,9,9,FALSE,0,FALSE
303.20056,9.833,9.637,7.891,7.396,19.874,20,18,3,1691570.4,71,70,71,70,102,102,100,99,20.184,20.161,22.25,22.186,1341.15,92904,0,0,133,3466,5,4,0,0,0,28,23,14,20,9,9,FALSE,0,FALSE
303.70178,9.84,9.644,7.893,7.398,19.861,20,18,3,1686619.1,71,71,72,72,102,102,100,99,20.179,20.156,22.243,22.179,1381.576,92904,0,0,133,3466,5,4,0,0,0,28,23,14,20,9,9,FALSE,0,FALSE
304.20374,9.857,9.661,7.913,7.418,19.859,20,18,3,1719841.1,72,72,74,73,102,102,100,99,20.177,20.154,22.243,22.179,1417.307,92904,0,0,150,3484,5,4,0,0,0,28,23,14,20,9,9,FALSE,0,FALSE
304.70566,9.865,9.667,7.917,7.421,19.859,20,18,3,1749307.4,70,70,71,70,102,102,100,99,20.178,20.155,22.246,22.182,1446.564,92904,0,0,200,3484,5,4,0,0,0,28,23,14,20,9,9,FALSE,0,FALSE
305.20667,9.868,9.67,7.92,7.423,19.858,20,18,3,1775454.6,70,69,70,70,102,102,100,99,20.178,20.155,22.248,22.184,1471.875,92904,0,0,200,3484,5,4,0,0,0,28,23,14,20,9,9,FALSE,0,FALSE
305.70023,9.878,9.677,7.931,7.435,19.858,20,18,3,1798571.5,73,70,75,73,102,102,100,99,20.179,20.155,22.25,22.187,1493.709,92904,0,0,200,3700,5,4,0,0,0,28,23,14,20,9,9,FALSE,0,FALSE
306.20377,9.897,9.69,7.955,7.453,19.858,20,18,3,1816653.2,77,73,81,76,102,102,100,99,20.182,20.157,22.256,22.191,1511.641,92904,0,0,383,3700,5,4,0,0,0,28,23,14,20,9,9,FALSE,0,FALSE
306.70294,9.912,9.7,7.978,7.474,19.858,20,18,3,1830590.9,78,72,84,80,102,102,101,99,20.187,20.159,22.263,22.197,1528.926,92904,0,0,383,3817,5,4,0,0,0,28,23,14,20,9,9,FALSE,0,FALSE
307.20093,9.932,9.712,8.008,7.499,19.856,20,18,3,1836879.8,81,74,89,84,102,102,101,100,20.193,20.161,22.271,22.204,1555.412,92904,0,0,383,3817,5,4,0,0,0,28,23,14,20,9,9,FALSE,0,FALSE
307.70078,9.946,9.723,8.028,7.513,19.851,20,18,3,1842855.1,79,74,86,79,103,102,101,100,20.198,20.164,22.28,22.21,1573.732,92904,0,0,517,3817,5,4,0,0,0,28,23,14,20,9,9,FALSE,0,FALSE
308.2036,9.958,9.733,8.038,7.521,19.845,20,18,3,1848925.1,77,73,80,75,103,102,101,100,20.202,20.167,22.286,22.214,1591.039,92904,0,0,517,3817,5,4,0,0,0,28,23,14,20,9,9,FALSE,0,FALSE
308.70383,9.971,9.744,8.046,7.529,19.836,20,18,3,1854293.8,77,74,77,73,103,102,101,100,20.205,20.168,22.29,22.217,1608.279,92904,0,0,517,3834,5,4,0,0,0,28,23,14,20,9,9,FALSE,0,FALSE
309.20496,9.985,9.757,8.055,7.538,19.827,20,18,3,1860089,77,74,75,73,103,102,101,100,20.208,20.17,22.292,22.218,1626.863,92904,0,0,317,3834,5,4,0,0,0,28,23,14,20,9,9,FALSE,0,FALSE
309.70554,9.996,9.767,8.057,7.54,19.817,20,18,3,1861378.4,75,74,72,70,103,102,101,100,20.21,20.171,22.293,22.219,1647.053,92904,0,0,317,3834,5,4,0,0,0,28,23,14,20,9,9,FALSE,0,FALSE
310.20328,10.01,9.78,8.058,7.54,19.803,20,18,3,1857261.1,75,74,70,69,103,102,101,100,20.212,20.172,22.292,22.218,1669.742,92904,0,0,317,3834,5,4,0,0,0,28,23,14,20,9,9,FALSE,0,FALSE
310.7016,10.023,9.793,8.058,7.54,19.79,20,18,3,1857343.1,73,74,69,69,103,102,101,100,20.212,20.173,22.29,22.216,1695.205,92904,0,0,50,3834,5,4,0,0,0,28,23,14,20,9,9,FALSE,0,FALSE
311.20038,10.033,9.804,8.06,7.542,19.777,20,18,3,1850948.5,73,74,70,71,103,102,101,100,20.212,20.174,22.288,22.215,1722.875,92904,0,0,50,3917,5,4,0,0,0,28,23,14,20,9,9,FALSE,0,FALSE
311.70303,10.043,9.815,8.063,7.544,19.763,20,18,3,1843571.9,72,73,70,71,103,102,101,100,20.211,20.173,22.285,22.213,1752.652,92904,0,0,50,3917,4,4,0,0,0,28,23,14,20,9,9,FALSE,0,FALSE
312.2012,10.056,9.833,8.074,7.554,19.75,20,18,3,1840832.1,73,75,72,73,103,102,101,100,20.21,20.173,22.283,22.211,1783.938,92904,0,0,167,3967,4,4,0,0,0,28,23,14,20,9,9,FALSE,0,FALSE
312.7018,10.066,9.845,8.078,7.557,19.736,20,18,3,1832206.6,72,73,71,71,103,102,101,100,20.208,20.173,22.279,22.209,1817.361,92904,30412,0,167,3966,4,4,0,0,0,28,23,14,20,9,9,FALSE,0,FALSE
313.1994,10.081,9.86,8.091,7.572,19.734,20,18,3,1859496,72,73,73,73,103,102,101,100,20.207,20.173,22.279,22.209,1848.574,92904,30412,0,65519,3966,5,4,0,0,0,28,23,14,20,9,9,FALSE,0,FALSE
313.70258,10.09,9.867,8.102,7.582,19.734,20,18,3,1885654.1,73,71,76,73,103,102,101,100,20.208,20.174,22.281,22.211,1873.293,92904,30412,0,65519,4017,5,4,0,0,0,28,23,14,20,9,9,FALSE,0,FALSE
314.2044,10.114,9.885,8.135,7.607,19.731,20,18,3,1896293.1,79,75,83,77,103,102,101,100,20.211,20.175,22.287,22.215,1896.418,92904,30412,0,17,4017,5,4,0,0,0,28,23,14,20,9,9,FALSE,0,FALSE
314.70364,10.134,9.9,8.168,7.632,19.725,20,18,3,1903472.5,79,75,87,79,103,102,101,100,20.214,20.177,22.292,22.219,1920.777,92904,30412,0,17,4217,5,4,0,0,0,28,23,14,20,9,9,FALSE,0,FALSE
315.20493,10.173,9.931,8.209,7.666,19.716,20,18,3,1910366.5,87,81,88,81,103,102,101,100,20.22,20.18,22.3,22.224,1945.107,92904,30412,0,183,4217,5,4,0,0,0,28,23,14,20,9,9,FALSE,0,FALSE
315.70612,10.229,9.978,8.224,7.679,19.707,20,18,3,1917229.9,87,82,78,74,103,102,101,100,20.229,20.188,22.305,22.227,1968.354,92904,30412,0,183,4217,5,4,0,0,0,28,23,14,20,9,9,FALSE,0,FALSE
316.20297,10.245,9.996,8.24,7.699,19.697,20,18,3,1927292,77,78,75,78,103,102,101,100,20.232,20.19,22.306,22.228,1992.441,92904,30412,0,234,4217,5,4,0,0,0,28,23,14,20,9,9,FALSE,0,FALSE
316.70267,10.268,10.023,8.253,7.715,19.686,20,18,3,1931055.5,75,79,74,74,103,103,101,100,20.234,20.193,22.306,22.23,2018.791,92904,30412,0,234,4217,5,4,0,0,0,28,23,14,20,9,9,FALSE,0,FALSE
317.2044,10.294,10.051,8.272,7.744,19.674,20,18,3,1934206.2,80,81,75,83,103,103,101,100,20.234,20.195,22.305,22.231,2048.199,92904,30412,0,283,4550,5,4,0,0,0,28,23,14,20,9,9,FALSE,0,FALSE
317.7059,10.336,10.099,8.301,7.779,19.66,20,18,3,1929279.6,81,84,77,82,103,103,101,100,20.237,20.199,22.304,22.234,2077.191,92904,30412,0,283,4550,5,4,0,0,0,28,23,14,20,9,9,FALSE,0,FALSE
318.20294,10.358,10.124,8.315,7.793,19.646,20,18,3,1921697.8,74,77,73,75,103,103,101,100,20.238,20.202,22.303,22.234,2107.178,92904,30412,0,350,4550,5,4,0,0,0,28,23,14,20,9,9,FALSE,0,FALSE
318.6998,10.373,10.143,8.325,7.803,19.634,20,18,3,1918898.1,73,75,72,73,103,103,101,100,20.236,20.202,22.3,22.232,2138.959,92904,30412,0,384,4550,5,4,0,0,0,28,23,14,20,9,9,FALSE,0,FALSE
319.20117,10.381,10.153,8.327,7.804,19.62,20,18,3,1911116.1,72,73,71,71,103,103,101,100,20.234,20.2,22.296,22.229,2172.164,92904,30412,0,384,4734,5,4,0,0,0,28,23,14,20,9,9,FALSE,0,FALSE
319.7003,10.398,10.171,8.349,7.827,19.616,20,18,3,1938753,74,74,76,76,103,103,101,100,20.233,20.201,22.297,22.23,2202.039,92904,30412,0,400,4734,5,4,0,0,0,28,23,14,20,9,9,FALSE,0,FALSE
320.19708,10.41,10.182,8.357,7.836,19.616,20,18,3,1963813.8,73,72,74,73,103,103,101,100,20.235,20.202,22.301,22.234,2224.988,92904,30412,0,400,4734,5,4,0,0,0,28,23,14,20,9,9,FALSE,0,FALSE
320.70074,10.419,10.189,8.366,7.845,19.616,20,18,3,1984850.9,74,71,75,74,103,103,101,100,20.236,20.204,22.305,22.238,2243.406,92904,30412,0,400,4833,5,4,0,0,0,28,23,14,20,9,9,FALSE,0,FALSE
321.2044,10.435,10.2,8.388,7.864,19.616,20,18,3,2001869.2,77,73,82,78,103,103,101,100,20.24,20.205,22.31,22.243,2257.529,92904,30412,0,400,4833,5,4,0,0,0,28,23,14,20,9,9,FALSE,0,FALSE
321.70538,10.446,10.209,8.417,7.883,19.616,20,18,3,2013610.8,77,73,90,81,103,103,101,100,20.244,20.208,22.319,22.249,2269.217,92904,30412,0,417,4833,5,4,0,0,0,28,23,14,20,9,9,FALSE,0,FALSE
322.20236,10.454,10.216,8.449,7.903,19.614,20,18,3,2019866.2,76,73,96,83,104,103,102,100,20.248,20.21,22.331,22.257,2283.887,92904,30412,0,417,4833,5,4,0,0,0,28,23,14,20,9,9,FALSE,0,FALSE
322.70187,10.466,10.225,8.461,7.913,19.61,20,18,3,2025465.6,78,74,89,80,104,103,102,101,20.251,20.212,22.341,22.263,2298.512,92904,30412,0,417,4850,5,4,0,0,0,28,23,14,20,9,9,FALSE,0,FALSE
323.2023,10.479,10.236,8.468,7.919,19.604,20,18,3,2031625.6,79,75,83,76,104,103,102,101,20.256,20.215,22.349,22.268,2311.428,92904,30412,0,417,4850,5,4,0,0,0,28,23,14,20,9,9,FALSE,0,FALSE
323.7039,10.487,10.245,8.471,7.922,19.597,20,18,3,2038300.1,77,74,77,73,104,103,102,101,20.259,20.217,22.354,22.271,2324.875,92904,30412,0,334,4850,5,4,0,0,0,28,23,14,20,9,9,FALSE,0,FALSE
324.20245,10.501,10.261,8.474,7.925,19.587,20,18,3,2045323,78,77,74,71,104,103,102,101,20.262,20.22,22.356,22.273,2340.291,92904,30412,0,334,4850,5,4,0,0,0,28,23,14,20,9,9,FALSE,0,FALSE
324.6984,10.513,10.273,8.476,7.926,19.576,20,18,3,2053012.5,76,75,71,69,104,103,102,101,20.265,20.223,22.357,22.273,2358.48,92904,30412,0,334,4850,5,4,0,0,0,28,23,14,20,9,9,FALSE,0,FALSE
325.19943,10.529,10.292,8.476,7.927,19.563,20,18,3,2048066,78,78,69,69,104,103,102,101,20.267,20.225,22.356,22.272,2379.424,92904,30412,0,333,4850,5,4,0,0,0,28,23,14,20,9,9,FALSE,0,FALSE
325.70074,10.548,10.313,8.476,7.927,19.55,20,18,3,2023636.9,77,77,69,69,104,103,102,101,20.269,20.227,22.354,22.271,2403.166,92904,30412,0,333,4850,5,4,0,0,0,28,23,14,20,9,9,FALSE,0,FALSE
326.20273,10.56,10.326,8.476,7.927,19.538,20,18,3,2011895.6,74,73,69,69,104,103,102,101,20.27,20.228,22.352,22.27,2429.52,92904,30412,0,283,4833,5,4,0,0,0,28,23,14,20,9,9,FALSE,0,FALSE
326.69897,10.569,10.336,8.476,7.927,19.524,20,18,3,2005060.5,72,72,69,69,104,103,102,101,20.269,20.228,22.349,22.268,2458.033,92904,30412,0,283,4833,5,4,0,0,0,28,23,14,20,9,9,FALSE,0,FALSE
327.1983,10.577,10.344,8.476,7.927,19.511,20,18,3,2002728,71,72,70,69,104,103,102,101,20.268,20.226,22.346,22.265,2488.498,92904,30412,0,267,4833,5,4,0,0,0,28,23,14,20,9,9,FALSE,0,FALSE
327.7041,10.585,10.352,8.476,7.927,19.497,20,18,3,1994267.5,71,71,69,69,104,103,102,100,20.265,20.225,22.343,22.262,2520.646,92904,30412,0,267,4800,5,4,0,0,0,28,23,14,20,9,9,FALSE,0,FALSE
328.20065,10.593,10.361,8.479,7.929,19.483,20,18,3,1985623.8,71,72,70,71,104,103,102,100,20.263,20.222,22.338,22.258,2554.451,92904,30412,0,250,4800,5,4,0,0,0,28,23,14,20,9,9,FALSE,0,FALSE
328.70383,10.613,10.388,8.5,7.95,19.47,20,18,3,1976980,74,77,74,76,104,103,102,100,20.261,20.222,22.335,22.256,2589.469,92904,30412,0,250,4800,5,4,0,0,0,28,23,14,20,9,9,FALSE,0,FALSE
329.20108,10.633,10.413,8.522,7.971,19.461,20,18,3,1989296.4,74,76,76,77,104,103,102,100,20.259,20.221,22.332,22.254,2624.396,92904,30412,0,250,4800,5,4,0,0,0,28,23,14,20,9,9,FALSE,0,FALSE
329.70236,10.649,10.434,8.539,7.987,19.459,20,18,3,2017897.2,73,75,75,76,104,103,102,100,20.259,20.222,22.333,22.257,2656.254,92904,30412,0,234,4867,5,4,0,0,0,28,23,14,20,9,9,FALSE,0,FALSE
330.20245,10.663,10.451,8.554,8.002,19.458,20,18,3,2043575.5,73,76,75,77,104,103,102,100,20.26,20.225,22.336,22.261,2681.336,92904,30412,0,234,4867,5,4,0,0,0,28,23,14,20,9,9,FALSE,0,FALSE
330.70386,10.674,10.465,8.567,8.016,19.458,20,18,3,2066398,73,76,75,78,104,103,102,101,20.261,20.228,22.339,22.266,2700.543,92904,30412,0,284,4867,5,4,0,0,0,28,23,14,20,9,9,FALSE,0,FALSE
331.20285,10.683,10.477,8.578,8.029,19.458,20,18,3,2084626.2,73,75,75,79,104,103,102,101,20.263,20.232,22.343,22.271,2716.689,92904,30412,0,284,5000,5,4,0,0,0,28,23,14,20,9,9,FALSE,0,FALSE
332.19983,10.698,10.496,8.603,8.067,19.458,20,18,3,2109933.5,73,75,78,88,104,103,102,101,20.266,20.239,22.35,22.284,2741.102,92904,30412,0,284,5000,5,4,0,0,0,28,23,14,20,9,9,FALSE,0,FALSE
332.7018,10.704,10.503,8.619,8.091,19.456,20,18,3,2115488,73,76,81,91,104,103,102,101,20.268,20.242,22.356,22.294,2761.52,92904,30412,0,383,5000,5,4,0,0,0,28,23,14,20,9,9,FALSE,0,FALSE
333.20245,10.713,10.515,8.627,8.101,19.452,20,18,3,2120925.2,74,78,78,85,104,103,102,101,20.269,20.245,22.36,22.303,2772.238,92904,30412,0,383,5017,5,4,0,0,0,28,23,14,20,9,9,FALSE,0,FALSE
333.69815,10.724,10.527,8.63,8.104,19.446,20,18,3,2126716,75,78,74,79,104,104,102,101,20.272,20.25,22.363,22.309,2783.734,92904,30412,0,383,5017,5,4,0,0,0,28,23,14,20,9,9,FALSE,0,FALSE
334.19916,10.734,10.536,8.631,8.105,19.437,20,18,3,2130528.5,75,76,71,73,104,104,102,101,20.274,20.253,22.364,22.312,2797.961,92904,30412,0,383,5017,5,4,0,0,0,28,23,14,20,9,9,FALSE,0,FALSE
334.70187,10.748,10.552,8.631,8.105,19.426,20,18,3,2135852.8,77,78,69,70,104,104,102,101,20.276,20.256,22.364,22.313,2814.74,92904,30412,0,350,5017,5,4,0,0,0,28,23,14,20,9,9,FALSE,0,FALSE
335.202,10.768,10.571,8.631,8.105,19.415,20,18,3,2142517.5,79,79,68,69,104,104,102,101,20.279,20.259,22.362,22.312,2834.303,92904,30412,0,350,5017,5,4,0,0,0,28,23,14,20,9,9,FALSE,0,FALSE
335.7044,10.798,10.599,8.631,8.105,19.401,20,18,3,2117466,81,81,68,69,104,104,102,101,20.283,20.263,22.36,22.311,2856.717,92904,30412,0,334,5017,5,4,0,0,0,28,23,14,20,9,9,FALSE,0,FALSE
336.2007,10.817,10.618,8.631,8.105,19.389,20,18,3,2104270.5,75,75,69,69,104,104,102,101,20.285,20.266,22.358,22.309,2881.963,92904,30412,0,334,5017,5,4,0,0,0,28,23,14,20,9,9,FALSE,0,FALSE
336.7028,10.827,10.628,8.631,8.105,19.375,20,18,3,2097841.2,72,72,69,69,104,104,102,101,20.285,20.265,22.356,22.307,2909.566,92904,30412,0,283,5000,5,4,0,0,0,28,23,14,20,9,9,FALSE,0,FALSE
337.2042,10.835,10.637,8.631,8.105,19.362,20,18,3,2095684.8,71,71,70,70,104,104,102,101,20.284,20.264,22.353,22.305,2939.318,92904,30412,0,283,4967,5,4,0,0,0,28,23,14,20,9,9,FALSE,0,FALSE
337.7028,10.843,10.644,8.631,8.105,19.349,20,18,3,2087401.6,71,71,70,70,104,104,102,101,20.281,20.262,22.349,22.302,2971.035,92904,30412,0,267,4967,5,4,0,0,0,28,23,14,20,9,9,FALSE,0,FALSE
338.20145,10.851,10.652,8.631,8.105,19.335,20,18,3,2078757.9,71,71,70,70,104,104,102,101,20.279,20.26,22.345,22.298,3004.566,92904,30412,0,267,4966,5,4,0,0,0,28,23,14,20,9,9,FALSE,0,FALSE
338.70337,10.857,10.659,8.631,8.105,19.322,20,18,3,2075393.8,71,71,70,70,104,104,102,101,20.276,20.257,22.341,22.294,3039.604,92904,30412,0,266,4966,5,4,0,0,0,28,23,14,20,9,9,FALSE,0,FALSE
339.20123,10.864,10.665,8.631,8.105,19.309,20,18,3,2066750,71,71,71,70,104,104,102,101,20.272,20.254,22.336,22.29,3075.961,92904,30412,0,266,4966,5,4,0,0,0,28,23,14,20,9,9,FALSE,0,FALSE
339.70193,10.87,10.671,8.631,8.105,19.295,20,18,3,2058106.2,71,71,71,71,104,104,102,101,20.268,20.25,22.331,22.285,3113.627,92904,30412,0,266,4950,5,4,0,0,0,28,23,14,20,9,9,FALSE,0,FALSE
340.2002,10.876,10.677,8.631,8.105,19.281,20,18,3,2049462.5,71,71,71,71,104,103,102,101,20.264,20.246,22.325,22.279,3152.496,92904,30412,0,250,4950,5,4,0,0,0,28,23,14,20,9,9,FALSE,0,FALSE
340.7002,10.883,10.683,8.631,8.105,19.267,20,18,3,2040818.8,71,71,71,71,104,103,101,101,20.259,20.241,22.319,22.273,3192.438,92904,30412,0,250,4950,5,4,0,0,0,28,23,14,20,9,9,FALSE,0,FALSE
341.20306,10.889,10.689,8.631,8.105,19.254,20,18,3,2037655.2,71,71,71,71,104,103,101,101,20.254,20.236,22.313,22.267,3233.27,92904,30412,0,250,4917,5,4,0,0,0,28,23,14,20,9,9,FALSE,0,FALSE
341.70468,10.894,10.694,8.631,8.105,19.241,20,18,3,2029011.5,71,71,71,71,104,103,101,100,20.249,20.231,22.306,22.26,3274.867,92904,30412,0,250,4917,5,4,0,0,0,28,23,14,20,9,9,FALSE,0,FALSE
342.20276,10.9,10.699,8.631,8.105,19.227,20,18,3,2020367.8,71,71,71,71,103,103,101,100,20.243,20.225,22.298,22.253,3317.238,92904,30412,0,217,4867,5,4,0,0,0,28,23,14,20,9,9,FALSE,0,FALSE
342.6987,10.91,10.709,8.64,8.114,19.215,20,18,3,2024207.1,73,73,75,75,103,103,101,100,20.237,20.22,22.291,22.247,3359.922,92904,30412,0,217,4867,5,4,0,0,0,28,23,14,20,9,9,FALSE,0,FALSE
343.1986,10.934,10.737,8.676,8.152,19.213,20,18,3,2057874.5,75,77,79,80,103,103,101,100,20.237,20.22,22.294,22.25,3395.762,92904,30412,0,217,4817,5,4,0,0,0,28,23,14,20,9,9,FALSE,0,FALSE
343.70163,10.954,10.762,8.697,8.172,19.211,20,18,3,2086327.9,73,77,76,77,103,103,101,100,20.239,20.223,22.299,22.256,3423.875,92904,30412,0,217,4817,5,4,0,0,0,28,23,14,20,9,9,FALSE,0,FALSE
344.2006,10.969,10.783,8.72,8.199,19.211,20,18,3,2113308,74,78,78,83,103,103,101,101,20.241,20.227,22.305,22.263,3446.748,92904,30412,0,217,4850,5,4,0,0,0,28,23,14,20,9,9,FALSE,0,FALSE
344.70496,10.99,10.813,8.762,8.247,19.209,20,18,3,2131932.5,75,85,88,90,103,103,101,101,20.244,20.233,22.312,22.273,3469.289,92904,30412,0,217,4884,5,4,0,0,0,28,23,14,20,9,9,FALSE,0,FALSE
345.19757,11.017,10.845,8.789,8.284,19.202,20,18,3,2138703.5,80,85,84,91,104,103,101,101,20.248,20.241,22.32,22.284,3493.18,92904,30412,0,217,4884,5,4,0,0,0,28,23,14,20,9,9,FALSE,0,FALSE
345.70178,11.039,10.872,8.809,8.309,19.193,20,18,3,2145140.8,79,83,79,85,104,104,102,101,20.253,20.248,22.326,22.293,3514.287,92904,30412,0,234,4884,5,4,0,0,0,28,23,14,20,9,9,FALSE,0,FALSE
346.1997,11.056,10.893,8.822,8.324,19.182,20,18,3,2151407,76,80,76,79,104,104,102,101,20.256,20.253,22.33,22.298,3536.105,92904,30412,0,234,4950,5,4,0,0,0,28,23,14,20,9,9,FALSE,0,FALSE
346.70468,11.079,10.919,8.839,8.343,19.17,20,18,3,2157506.8,77,81,76,79,104,104,102,101,20.258,20.257,22.332,22.302,3559.219,92904,30412,0,300,4950,5,4,0,0,0,28,23,14,20,9,9,FALSE,0,FALSE
347.2046,11.107,10.952,8.86,8.364,19.158,20,18,3,2164683,79,83,77,79,104,104,102,101,20.261,20.262,22.334,22.306,3583.762,92904,30412,0,300,4950,5,4,0,0,0,28,23,14,20,9,9,FALSE,0,FALSE
347.7008,11.144,10.995,8.884,8.391,19.145,20,18,3,2158523.5,81,85,78,80,104,104,102,101,20.264,20.267,22.336,22.309,3609.979,92904,30412,0,333,5000,5,4,0,0,0,28,23,14,20,9,9,FALSE,0,FALSE
348.20117,11.175,11.033,8.909,8.417,19.131,20,18,3,2151569,78,83,77,79,104,104,102,101,20.267,20.272,22.337,22.311,3638.111,92904,30412,0,333,5000,5,4,0,0,0,28,23,14,20,9,9,FALSE,0,FALSE
348.70145,11.203,11.067,8.933,8.44,19.118,20,18,3,2149375.2,76,81,76,78,104,104,102,101,20.268,20.275,22.338,22.313,3668.23,92904,30412,0,350,5033,5,4,0,0,0,28,23,14,20,9,9,FALSE,0,FALSE
349.20367,11.218,11.086,8.942,8.449,19.104,20,18,3,2141094.2,72,75,72,72,104,104,102,101,20.267,20.277,22.337,22.312,3700.207,92904,30412,0,350,5050,5,4,0,0,0,28,23,14,20,9,9,FALSE,0,FALSE
349.70236,11.229,11.095,8.946,8.454,19.091,20,18,3,2132454.2,74,73,73,72,104,104,102,101,20.265,20.275,22.334,22.309,3733.559,92904,30412,0,383,5050,5,4,0,0,0,28,23,14,20,9,9,FALSE,0,FALSE
350.19836,11.275,11.134,9,8.501,19.077,20,18,3,2123814.2,84,81,87,82,104,104,102,101,20.266,20.274,22.334,22.308,3767.367,92904,30412,0,383,5050,5,4,0,0,0,28,23,14,20,9,9,FALSE,0,FALSE
350.70126,11.341,11.19,9.082,8.573,19.063,20,18,3,2115174.2,87,82,92,86,104,104,102,101,20.27,20.276,22.337,22.309,3801.943,92904,30412,0,383,5067,5,4,0,0,0,28,23,14,20,9,9,FALSE,0,FALSE
351.20236,11.406,11.244,9.163,8.644,19.049,20,18,3,2106534.2,86,82,91,86,104,104,102,101,20.273,20.277,22.341,22.311,3837.498,92904,30412,0,417,5067,5,4,0,0,0,28,23,14,20,9,9,FALSE,0,FALSE
351.7022,11.47,11.298,9.244,8.715,19.035,20,18,3,2097894.2,86,81,91,85,104,104,102,101,20.276,20.278,22.344,22.312,3873.699,92904,30412,0,434,5100,5,4,0,0,0,28,23,14,20,9,9,FALSE,0,FALSE
352.2034,11.53,11.347,9.316,8.779,19.023,20,18,3,2094722.1,84,80,89,84,104,104,102,101,20.278,20.278,22.345,22.311,3909.91,92904,30412,0,434,5100,5,4,0,0,0,28,23,14,20,9,9,FALSE,0,FALSE
352.69873,11.586,11.395,9.38,8.837,19.009,20,18,3,2086078.4,84,80,87,83,104,104,102,101,20.279,20.277,22.346,22.31,3945.609,92904,30412,0,450,5100,5,4,0,0,0,28,23,14,20,9,9,FALSE,0,FALSE
353.19733,11.631,11.431,9.421,8.875,18.995,20,18,3,2077434.6,79,76,78,75,104,104,102,101,20.279,20.275,22.344,22.307,3981.412,92904,30412,0,467,5134,5,4,0,0,0,28,23,14,20,9,9,FALSE,0,FALSE
353.70233,11.64,11.439,9.422,8.876,18.981,20,18,3,2068790.9,73,72,71,71,104,104,102,101,20.275,20.271,22.338,22.301,4018.615,92904,30412,41019,467,5134,5,4,0,0,0,28,23,14,20,9,9,FALSE,0,FALSE
354.20245,11.662,11.459,9.455,8.906,18.977,20,18,3,2095433.2,76,74,79,78,104,104,102,101,20.273,20.268,22.337,22.299,4052.82,92904,30412,41019,484,5134,5,4,0,0,0,28,23,14,20,9,9,FALSE,0,FALSE
354.70383,11.691,11.481,9.488,8.937,18.976,20,18,3,2123293,79,75,83,79,104,104,102,101,20.274,20.268,22.341,22.303,4079.564,92904,30412,41019,484,5150,5,4,0,0,0,28,23,14,20,9,9,FALSE,0,FALSE
355.19672,11.713,11.497,9.516,8.961,18.976,20,18,3,2147336.2,79,74,83,79,104,104,102,101,20.277,20.269,22.347,22.307,4103.184,92904,30412,41019,466,5150,5,4,0,0,0,28,23,14,20,9,9,FALSE,0,FALSE
355.69827,11.75,11.526,9.573,9.005,18.976,20,18,3,2167592,86,80,97,88,104,104,102,101,20.282,20.271,22.355,22.313,4123.514,92904,30412,41019,466,5117,5,4,0,0,0,28,23,14,20,9,9,FALSE,0,FALSE
356.20248,11.772,11.544,9.63,9.045,18.972,20,18,3,2175529.5,82,78,102,89,104,104,102,102,20.288,20.275,22.368,22.322,4143.082,92904,30412,41019,466,5117,5,4,0,0,0,28,23,14,20,9,9,FALSE,0,FALSE
356.70166,11.796,11.565,9.66,9.067,18.964,20,18,3,2181900.5,83,79,92,82,104,104,102,102,20.293,20.277,22.38,22.329,4164.496,92904,30412,41019,417,5117,5,4,0,0,0,28,23,14,20,9,9,FALSE,0,FALSE
357.1994,11.815,11.58,9.676,9.08,18.954,20,18,3,2188236.8,80,77,83,77,104,104,103,102,20.296,20.28,22.386,22.332,4184.074,92904,30412,41019,417,5200,5,4,0,0,0,28,23,14,20,9,9,FALSE,0,FALSE
357.70178,11.852,11.613,9.698,9.098,18.944,20,18,3,2194474.2,86,82,82,76,105,104,103,102,20.301,20.282,22.39,22.334,4204.781,92904,30412,41019,500,5200,5,4,0,0,0,28,23,14,20,9,9,FALSE,0,FALSE
358.20227,11.877,11.637,9.702,9.102,18.93,20,18,3,2192466,79,78,73,71,105,104,103,102,20.305,20.286,22.392,22.334,4227.857,92904,30412,41019,500,5200,5,4,0,0,0,28,23,14,20,9,9,FALSE,0,FALSE
358.70367,11.889,11.65,9.702,9.102,18.918,20,18,3,2171215.5,75,74,70,70,105,104,103,102,20.306,20.286,22.39,22.333,4253.945,92904,30412,41019,533,5266,5,4,0,0,0,28,23,14,20,9,9,FALSE,0,FALSE
359.19827,11.901,11.662,9.702,9.102,18.904,20,18,3,2125590.8,74,74,70,70,105,104,103,102,20.305,20.285,22.387,22.33,4282.58,92904,30412,41019,533,5266,5,4,0,0,0,28,23,14,20,9,9,FALSE,0,FALSE
359.70193,11.911,11.672,9.702,9.102,18.891,20,18,3,2078536.6,73,73,70,70,105,104,103,102,20.303,20.283,22.384,22.327,4313.438,92904,30412,41019,550,5300,5,4,0,0,0,28,23,14,20,9,9,FALSE,0,FALSE
360.19977,11.921,11.681,9.702,9.102,18.877,20,18,3,2021234.2,73,73,71,70,105,104,102,102,20.3,20.281,22.38,22.324,4346.318,92904,30412,41019,550,5300,5,4,0,0,0,28,23,14,20,9,9,FALSE,0,FALSE
360.7021,11.93,11.69,9.702,9.102,18.864,20,18,3,1977223.2,72,72,70,70,104,104,102,101,20.297,20.278,22.376,22.32,4381.055,92904,30412,41019,550,5300,5,4,0,0,0,28,23,14,20,9,9,FALSE,0,FALSE
361.20334,11.936,11.696,9.702,9.102,18.851,20,18,3,1968579.5,72,72,70,70,104,104,102,101,20.294,20.274,22.371,22.315,4417.018,92904,30412,41019,533,5300,5,4,0,0,0,28,23,14,20,9,9,FALSE,0,FALSE
361.70145,11.942,11.703,9.702,9.102,18.837,20,18,3,1959935.8,72,72,70,70,104,104,102,101,20.29,20.27,22.366,22.31,4454.098,92904,30412,41019,517,5284,5,4,0,0,0,28,23,14,20,9,9,FALSE,0,FALSE
362.20312,11.948,11.709,9.702,9.102,18.823,20,18,3,1951292,72,72,71,70,104,104,102,101,20.285,20.266,22.36,22.305,4492.223,92904,30412,41019,517,5284,5,4,0,0,0,28,23,14,20,9,9,FALSE,0,FALSE
362.6985,11.954,11.715,9.702,9.102,18.809,20,18,3,1942648.2,72,72,71,71,104,104,102,101,20.281,20.261,22.354,22.299,4531.307,92904,30412,41019,500,5284,5,4,0,0,0,28,23,14,20,9,9,FALSE,0,FALSE
363.19812,11.96,11.72,9.702,9.102,18.796,20,18,3,1934004.5,72,72,71,71,104,104,102,101,20.275,20.256,22.347,22.292,4571.246,92904,30412,41019,500,5266,5,4,0,0,0,28,23,14,20,9,9,FALSE,0,FALSE
363.70114,11.965,11.726,9.702,9.102,18.782,20,18,3,1925360.8,73,73,71,71,104,104,102,101,20.27,20.251,22.34,22.286,4611.961,92904,30412,41019,500,5266,5,4,0,0,0,28,23,14,20,9,9,FALSE,0,FALSE
364.202,11.97,11.732,9.702,9.102,18.769,20,18,3,1922238,73,73,72,71,104,103,102,101,20.265,20.246,22.333,22.279,4653.234,92904,30412,41019,483,5266,5,4,0,0,0,28,23,14,20,9,9,FALSE,0,FALSE
364.7014,11.976,11.737,9.702,9.102,18.755,20,18,3,1913594.2,73,73,72,72,104,103,102,101,20.259,20.241,22.325,22.272,4695.08,92904,30412,41019,467,5217,5,4,0,0,0,28,23,14,20,9,9,FALSE,0,FALSE
365.1963,11.981,11.743,9.702,9.102,18.741,20,18,3,1904950.5,73,73,72,72,104,103,101,101,20.253,20.235,22.317,22.264,4737.441,92904,30412,41019,467,5217,5,4,0,0,0,28,23,14,20,9,9,FALSE,0,FALSE
365.7022,11.986,11.749,9.702,9.102,18.728,20,18,3,1896306.8,73,73,72,72,104,103,101,100,20.247,20.229,22.309,22.256,4780.258,92904,30412,41019,450,5183,5,4,0,0,0,28,23,14,20,9,9,FALSE,0,FALSE
366.1962,11.997,11.761,9.713,9.113,18.716,20,18,3,1903594,74,74,76,75,103,103,101,100,20.241,20.223,22.302,22.249,4822.801,92904,30412,41019,450,5183,5,4,0,0,0,28,23,14,20,9,9,FALSE,0,FALSE
366.69913,12.022,11.785,9.744,9.142,18.716,20,18,3,1937393.9,75,75,78,77,103,103,101,100,20.24,20.222,22.304,22.252,4857.797,92904,30412,41019,450,5167,5,4,0,0,0,28,23,14,20,9,9,FALSE,0,FALSE
367.20166,12.037,11.803,9.758,9.155,18.715,20,18,3,1964966.6,73,73,75,74,103,103,101,100,20.242,20.224,22.31,22.257,4884.672,92904,30412,41019,450,5167,5,4,0,0,0,28,23,14,20,9,9,FALSE,0,FALSE
367.70044,12.054,11.815,9.779,9.174,18.715,20,18,3,1987990.1,76,73,80,76,103,103,101,101,20.244,20.226,22.315,22.262,4906.414,92904,30412,41019,450,5217,5,4,0,0,0,28,23,14,20,9,9,FALSE,0,FALSE
368.19824,12.074,11.829,9.803,9.193,18.715,20,18,3,2002156.2,78,73,83,77,104,103,102,101,20.248,20.228,22.323,22.268,4924.236,92904,30412,41019,450,5217,5,4,0,0,0,28,23,14,20,9,9,FALSE,0,FALSE
368.70142,12.089,11.841,9.838,9.215,18.713,20,18,3,2011354.9,78,74,91,81,104,103,102,101,20.252,20.23,22.331,22.273,4947.582,92904,30412,41019,450,5234,5,4,0,0,0,28,23,14,20,9,9,FALSE,0,FALSE
369.19983,12.109,11.857,9.865,9.236,18.707,20,18,3,2017696.8,80,76,87,79,104,103,102,101,20.257,20.233,22.342,22.281,4966.217,92904,30412,41019,450,5234,5,4,0,0,0,28,23,14,20,9,9,FALSE,0,FALSE
369.7011,12.124,11.87,9.881,9.249,18.699,20,18,3,2024055,78,75,82,76,104,103,102,101,20.261,20.235,22.348,22.285,4983.82,92904,30412,41019,450,5234,5,4,0,0,0,28,23,14,20,9,9,FALSE,0,FALSE
370.19943,12.143,11.887,9.895,9.26,18.69,20,18,3,2030455.5,79,75,78,74,104,103,102,101,20.265,20.238,22.354,22.288,5003.262,92904,30412,41019,450,5167,5,4,0,0,0,28,23,14,20,9,9,FALSE,0,FALSE
370.69406,12.158,11.9,9.899,9.264,18.679,20,18,3,2032128.8,77,75,74,71,104,103,102,101,20.267,20.239,22.356,22.289,5023.953,92904,30412,41019,367,5167,5,4,0,0,0,28,23,14,20,9,9,FALSE,0,FALSE
371.197,12.18,11.922,9.906,9.271,18.665,20,18,3,2027284.1,78,77,73,71,104,103,102,101,20.27,20.241,22.357,22.29,5046.953,92904,30412,41019,367,5167,5,4,0,0,0,28,23,14,20,9,9,FALSE,0,FALSE
371.70148,12.199,11.94,9.909,9.274,18.652,20,18,3,1997101.6,76,74,71,70,104,103,102,101,20.271,20.242,22.357,22.289,5073.184,92904,30412,41019,417,5184,5,4,0,0,0,28,23,14,20,9,9,FALSE,0,FALSE
372.1985,12.211,11.951,9.909,9.274,18.639,20,18,3,1956249.6,73,73,70,70,104,103,102,101,20.272,20.242,22.355,22.288,5102.455,92904,30412,41019,417,5200,5,4,0,0,0,28,23,14,20,9,9,FALSE,0,FALSE
372.6928,12.218,11.959,9.909,9.274,18.626,20,18,3,1948230.4,72,72,69,70,104,103,102,101,20.27,20.241,22.352,22.286,5133.594,92904,30412,41019,434,5200,5,4,0,0,0,28,23,14,20,9,9,FALSE,0,FALSE
373.18872,12.225,11.966,9.909,9.274,18.612,20,18,3,1939904.6,73,72,70,71,104,103,102,101,20.269,20.239,22.35,22.284,5165.305,92904,30412,41019,467,5200,5,4,0,0,0,28,23,14,20,9,9,FALSE,0,FALSE
373.699,12.232,11.973,9.909,9.274,18.598,20,18,3,1930972.8,72,72,70,71,104,103,102,101,20.266,20.237,22.346,22.281,5200.828,92904,30412,41019,467,5200,5,4,0,0,0,28,23,14,20,9,9,FALSE,0,FALSE
374.19916,12.238,11.979,9.909,9.274,18.586,20,18,3,1927705.5,72,72,71,71,104,103,102,101,20.264,20.234,22.342,22.277,5236.488,92904,30412,41019,467,5183,5,4,0,0,0,28,23,14,20,9,9,FALSE,0,FALSE
374.69888,12.244,11.985,9.909,9.274,18.572,20,18,3,1919061.8,72,72,71,71,104,103,102,101,20.261,20.231,22.338,22.273,5273.262,92904,30412,41019,484,5184,5,4,0,0,0,28,23,14,20,9,9,FALSE,0,FALSE
375.1904,12.25,11.991,9.909,9.274,18.558,20,18,3,1910706.1,72,72,71,71,104,103,102,101,20.257,20.228,22.333,22.269,5309.818,92904,30412,41019,484,5184,5,4,0,0,0,28,23,14,20,9,9,FALSE,0,FALSE
375.69568,12.256,11.997,9.909,9.274,18.544,20,18,3,1901774.2,71,71,71,71,104,103,102,101,20.253,20.224,22.327,22.263,5349.961,92904,30412,41019,483,5166,5,4,0,0,0,28,23,14,20,9,9,FALSE,0,FALSE
376.199,12.262,12.003,9.909,9.274,18.53,20,18,3,1893130.5,71,71,71,71,104,103,101,100,20.248,20.219,22.321,22.258,5389.82,92904,30412,41019,500,5150,5,4,0,0,0,28,23,14,20,9,9,FALSE,0,FALSE
376.6985,12.267,12.008,9.909,9.274,18.518,20,18,4,1889865.5,71,71,71,71,103,103,101,100,20.243,20.214,22.315,22.252,21.592,94335,0,0,500,5150,5,5,0,0,0,28,23,14,20,9,9,FALSE,0,FALSE
377.19946,12.273,12.014,9.909,9.274,18.504,20,18,4,1881221.8,71,71,71,71,103,103,101,100,20.237,20.209,22.308,22.245,63.09,94335,0,0,500,5117,5,5,0,0,0,28,23,14,20,9,9,FALSE,0,FALSE
377.6952,12.278,12.019,9.909,9.274,18.49,20,18,4,1872578,71,71,71,71,103,103,101,100,20.231,20.203,22.301,22.239,105.287,94335,0,0,500,5117,5,5,0,0,0,28,23,14,20,9,9,FALSE,0,FALSE
378.19702,12.284,12.025,9.909,9.274,18.476,20,18,4,1863934.2,71,71,71,71,103,103,101,100,20.225,20.197,22.293,22.231,148.184,94335,0,0,517,5100,5,5,0,0,0,28,23,14,20,9,9,FALSE,0,FALSE
378.6994,12.289,12.03,9.909,9.274,18.462,20,18,4,1855290.5,72,72,72,72,103,102,101,100,20.218,20.191,22.286,22.224,191.711,94335,0,0,500,5050,5,5,0,0,0,28,23,14,20,9,9,FALSE,0,FALSE
379.20084,12.295,12.036,9.909,9.274,18.449,20,18,4,1846646.8,71,71,72,71,103,102,101,100,20.211,20.184,22.277,22.216,235.801,94335,0,0,500,5017,5,5,0,0,0,28,23,14,20,9,9,FALSE,0,FALSE
379.69974,12.3,12.041,9.909,9.274,18.435,20,18,4,1838003,72,72,72,72,103,102,101,100,20.204,20.177,22.269,22.208,280.361,94335,0,0,534,5017,5,5,0,0,0,28,23,14,20,9,9,FALSE,0,FALSE
380.19907,12.305,12.046,9.909,9.274,18.421,20,18,4,1829389.4,72,72,72,72,103,102,100,99,20.197,20.17,22.26,22.199,325.342,94335,0,0,534,4984,5,5,0,0,0,28,23,14,20,9,9,FALSE,0,FALSE
380.69937,12.311,12.051,9.909,9.274,18.407,20,18,4,1821000.9,71,71,71,71,102,102,100,99,20.189,20.162,22.251,22.191,370.707,94335,0,0,534,4984,5,5,0,0,0,28,23,14,20,9,9,FALSE,0,FALSE
381.19876,12.316,12.056,9.909,9.274,18.393,20,18,4,1812829.8,72,72,72,72,102,102,100,99,20.181,20.155,22.242,22.182,416.387,94335,0,0,550,4984,5,5,0,0,0,28,23,14,20,9,9,FALSE,0,FALSE
381.69623,12.321,12.061,9.909,9.274,18.38,20,18,4,1804847.9,71,71,71,71,102,102,100,99,20.173,20.147,22.232,22.173,462.344,94335,0,0,550,4984,5,5,0,0,0,28,23,14,20,9,9,FALSE,0,FALSE
382.20062,12.326,12.066,9.909,9.274,18.366,20,18,4,1797054.6,71,71,71,71,102,101,100,99,20.164,20.138,22.222,22.163,508.574,94335,0,0,550,4800,5,5,0,0,0,28,23,14,20,9,9,FALSE,0,FALSE
382.69446,12.331,12.071,9.909,9.274,18.352,20,18,4,1789430.6,71,71,72,71,102,101,100,99,20.156,20.13,22.213,22.154,555.043,94335,0,0,567,4800,5,5,0,0,0,28,23,14,20,9,9,FALSE,0,FALSE
383.19064,12.343,12.083,9.921,9.286,18.341,20,18,4,1798644.6,75,75,76,75,102,101,100,99,20.148,20.122,22.205,22.146,599.453,94335,0,0,567,4800,5,5,0,0,0,28,23,14,20,9,9,FALSE,0,FALSE
383.69986,12.37,12.108,9.951,9.318,18.341,20,18,4,1835456.2,75,74,77,77,102,101,100,99,20.147,20.122,22.208,22.149,638.652,94335,0,0,533,4800,5,5,0,0,0,28,23,14,20,9,9,FALSE,0,FALSE
384.20145,12.389,12.127,9.968,9.336,18.34,20,18,4,1864708.2,73,73,75,74,102,101,100,99,20.15,20.124,22.214,22.156,667.627,94335,0,0,533,4766,5,5,0,0,0,28,23,14,20,9,9,FALSE,0,FALSE
384.69604,12.399,12.137,9.974,9.342,18.339,20,18,4,1888815.1,72,72,73,72,102,101,100,99,20.152,20.127,22.22,22.162,689.975,94335,0,0,583,4766,5,5,0,0,0,28,23,14,20,9,9,FALSE,0,FALSE
385.19272,12.405,12.142,9.978,9.346,18.338,20,18,4,1908462.5,71,70,72,71,102,101,100,99,20.155,20.13,22.224,22.167,706.771,94335,0,0,583,4766,5,5,0,0,0,28,23,14,20,9,9,FALSE,0,FALSE
385.69858,12.413,12.148,9.993,9.357,18.338,20,18,4,1926609.9,73,70,77,74,102,101,100,99,20.158,20.132,22.23,22.172,720.904,94335,0,0,583,4900,5,5,0,0,0,28,23,14,20,9,9,FALSE,0,FALSE
386.1972,12.424,12.156,10.02,9.378,18.338,20,18,4,1939220.4,75,71,86,80,102,101,100,99,20.162,20.135,22.239,22.179,731.223,94335,0,0,583,4900,5,5,0,0,0,28,23,14,20,9,9,FALSE,0,FALSE
386.69937,12.429,12.161,10.049,9.393,18.337,20,18,4,1946243.9,73,72,94,80,102,101,100,99,20.166,20.138,22.251,22.187,746.408,94335,0,0,733,4900,5,5,0,0,0,28,23,14,20,9,9,FALSE,0,FALSE
387.20102,12.439,12.169,10.064,9.404,18.334,20,18,4,1952110.2,76,73,90,79,102,102,101,99,20.169,20.141,22.263,22.195,761.42,94335,0,0,733,4900,5,5,0,0,0,28,23,14,20,9,9,FALSE,0,FALSE
387.69626,12.45,12.178,10.069,9.408,18.329,20,18,4,1958535.4,77,74,83,75,102,102,101,99,20.174,20.145,22.273,22.201,771.859,94335,0,0,733,4967,5,5,0,0,0,28,23,14,20,9,9,FALSE,0,FALSE
388.19925,12.462,12.194,10.07,9.409,18.321,20,18,4,1966379.5,78,77,76,72,102,102,101,100,20.179,20.149,22.279,22.206,784.1,94335,0,0,733,4967,5,5,0,0,0,28,23,14,20,9,9,FALSE,0,FALSE
388.697,12.471,12.208,10.07,9.409,18.311,20,18,4,1975362.9,76,77,71,70,102,102,101,100,20.184,20.153,22.282,22.208,798.838,94335,0,0,600,4967,5,5,0,0,0,28,23,14,20,9,9,FALSE,0,FALSE
389.1976,12.481,12.218,10.073,9.412,18.303,20,18,4,1987953.4,74,75,70,71,102,102,101,100,20.187,20.157,22.284,22.21,816.098,94335,0,0,600,4900,5,5,0,0,0,28,23,14,20,9,9,FALSE,0,FALSE
389.70026,12.49,12.23,10.082,9.423,18.294,20,18,4,1995977.5,73,75,72,75,102,102,101,100,20.189,20.16,22.285,22.213,835.623,94335,0,0,600,4900,5,5,0,0,0,28,23,14,20,9,9,FALSE,0,FALSE
390.2003,12.506,12.251,10.097,9.44,18.286,20,18,4,2004357.4,76,80,75,78,102,102,101,100,20.191,20.164,22.287,22.217,861.057,94335,0,0,467,4900,5,5,0,0,0,28,23,14,20,9,9,FALSE,0,FALSE
390.70007,12.519,12.268,10.108,9.452,18.277,20,18,4,2012639.5,74,78,74,76,103,102,101,100,20.193,20.169,22.289,22.22,881.174,94335,0,0,467,4916,5,5,0,0,0,28,23,14,20,9,9,FALSE,0,FALSE
391.20078,12.541,12.29,10.114,9.458,18.265,20,18,4,2019116.8,78,79,71,73,103,102,101,100,20.195,20.172,22.289,22.221,903.816,94335,0,0,416,4916,5,5,0,0,0,28,23,14,20,9,9,FALSE,0,FALSE
391.6974,12.557,12.31,10.116,9.459,18.251,20,18,4,2016625.5,75,76,70,71,103,102,101,100,20.197,20.175,22.289,22.222,929.363,94335,0,0,416,4916,5,5,0,0,0,28,23,14,20,9,9,FALSE,0,FALSE
392.19757,12.576,12.33,10.121,9.463,18.238,20,18,4,2013121.9,75,76,73,69,103,102,101,100,20.199,20.176,22.287,22.221,958.252,94335,0,0,316,5000,5,5,0,0,0,28,23,14,20,9,9,FALSE,0,FALSE
392.69894,12.596,12.347,10.131,9.473,18.224,20,18,4,2005935.2,76,74,73,72,103,102,101,100,20.2,20.177,22.286,22.219,988.098,94335,0,0,316,5033,5,5,0,0,0,28,23,14,20,9,9,FALSE,0,FALSE
393.19257,12.613,12.361,10.14,9.482,18.212,20,18,4,2003686.5,75,73,73,71,103,102,101,100,20.2,20.177,22.285,22.218,1017.643,94335,0,0,300,5033,5,5,0,0,0,28,23,14,20,9,9,FALSE,0,FALSE
393.7,12.625,12.371,10.142,9.485,18.198,20,18,4,1994848.9,72,71,71,70,103,102,101,100,20.199,20.175,22.282,22.215,1051.209,94335,0,0,300,5050,5,5,0,0,0,28,23,14,20,9,9,FALSE,0,FALSE
394.19727,12.634,12.378,10.143,9.486,18.184,20,18,4,1986205.1,71,70,70,70,103,102,101,100,20.197,20.173,22.279,22.211,1085.434,94335,0,0,284,5050,5,5,0,0,0,28,23,14,20,9,9,FALSE,0,FALSE
394.69824,12.643,12.386,10.143,9.486,18.171,20,18,4,1983307.9,71,71,70,70,103,102,101,100,20.194,20.17,22.274,22.207,1120.959,94335,0,0,267,5050,5,5,0,0,0,28,23,14,20,9,9,FALSE,0,FALSE
395.19385,12.65,12.393,10.143,9.486,18.158,20,18,4,1974664.1,71,71,71,70,102,102,101,100,20.191,20.167,22.27,22.203,1157.707,94335,0,0,267,5050,5,5,0,0,0,28,23,14,20,9,9,FALSE,0,FALSE
395.697,12.656,12.399,10.143,9.486,18.144,20,18,4,1966020.4,71,71,71,70,102,102,101,99,20.187,20.163,22.264,22.198,1195.652,94335,0,0,283,5050,5,5,0,0,0,28,23,14,20,9,9,FALSE,0,FALSE
396.19678,12.662,12.406,10.143,9.486,18.13,20,18,4,1957376.6,71,71,71,71,102,102,100,99,20.183,20.159,22.259,22.193,1234.695,94335,0,0,283,5050,5,5,0,0,0,28,23,14,20,9,9,FALSE,0,FALSE
396.70035,12.668,12.412,10.143,9.486,18.117,20,18,4,1954117,71,71,71,71,102,102,100,99,20.179,20.155,22.253,22.187,1274.713,94335,0,0,300,5033,5,5,0,0,0,28,23,14,20,9,9,FALSE,0,FALSE
397.19772,12.673,12.417,10.143,9.486,18.103,20,18,4,1945473.2,71,71,71,71,102,102,100,99,20.174,20.15,22.246,22.181,1315.459,94335,0,0,300,5033,5,5,0,0,0,28,23,14,20,9,9,FALSE,0,FALSE
397.69467,12.679,12.423,10.143,9.486,18.09,20,18,4,1936829.5,71,71,71,71,102,102,100,99,20.168,20.145,22.239,22.174,1356.986,94335,0,0,300,5033,5,5,0,0,0,28,23,14,20,9,9,FALSE,0,FALSE
398.19775,12.685,12.429,10.145,9.488,18.076,20,18,4,1931307.8,71,71,73,72,102,102,100,99,20.163,20.14,22.232,22.168,1399.217,94335,0,0,284,4967,5,5,0,0,0,28,23,14,20,9,9,FALSE,0,FALSE
398.69846,12.713,12.451,10.185,9.519,18.073,20,18,4,1964616.9,76,74,79,77,102,102,100,99,20.162,20.139,22.234,22.169,1436.363,94335,0,0,284,4967,5,5,0,0,0,28,23,14,20,9,9,FALSE,0,FALSE
399.19843,12.731,12.468,10.201,9.529,18.072,20,18,4,1993570.2,73,73,74,73,102,102,100,99,20.165,20.141,22.239,22.174,1465.184,94335,0,0,284,4967,5,5,0,0,0,28,23,14,20,9,9,FALSE,0,FALSE
399.69965,12.739,12.475,10.208,9.536,18.071,20,18,4,2019145.9,72,70,74,72,102,102,100,99,20.167,20.143,22.243,22.178,1488.734,94335,0,0,284,5033,5,5,0,0,0,28,23,14,20,9,9,FALSE,0,FALSE
400.70154,12.779,12.504,10.277,9.594,18.071,20,18,4,2059198.9,80,74,92,86,102,102,100,99,20.176,20.149,22.26,22.192,1523.781,94335,0,0,366,5033,5,5,0,0,0,28,23,14,20,9,9,FALSE,0,FALSE
401.19754,12.796,12.515,10.316,9.626,18.069,20,18,4,2067744,80,74,96,89,102,102,101,100,20.183,20.153,22.272,22.203,1546.852,94335,0,0,366,5117,5,5,0,0,0,28,23,14,20,9,9,FALSE,0,FALSE
401.69843,12.809,12.525,10.338,9.642,18.064,20,18,4,2074844.6,79,74,90,82,102,102,101,100,20.188,20.156,22.284,22.212,1566.957,94335,0,0,450,5117,5,5,0,0,0,28,23,14,20,9,9,FALSE,0,FALSE
402.19598,12.825,12.538,10.354,9.654,18.058,20,18,4,2082157.1,79,75,85,78,103,102,101,100,20.194,20.159,22.293,22.218,1583.854,94335,0,0,450,5217,5,5,0,0,0,28,23,14,20,9,9,FALSE,0,FALSE
402.69382,12.842,12.552,10.364,9.662,18.051,20,18,4,2089724.6,80,76,80,75,103,102,101,100,20.198,20.162,22.299,22.222,1601.084,94335,0,0,450,5217,5,5,0,0,0,28,23,14,20,9,9,FALSE,0,FALSE
403.1959,12.862,12.574,10.369,9.667,18.04,20,18,4,2097536,80,79,74,72,103,102,101,100,20.203,20.166,22.303,22.225,1619.338,94335,0,0,384,5217,5,5,0,0,0,28,23,14,20,9,9,FALSE,0,FALSE
403.696,12.881,12.595,10.371,9.669,18.028,20,18,4,2104731.2,78,78,71,70,103,102,101,100,20.208,20.171,22.304,22.226,1640.148,94335,0,0,384,5217,5,5,0,0,0,28,23,14,20,9,9,FALSE,0,FALSE
404.19318,12.895,12.608,10.371,9.669,18.014,20,18,4,2100299.5,75,75,70,69,103,102,101,100,20.211,20.174,22.304,22.226,1663.58,94335,0,0,384,5217,5,5,0,0,0,28,23,14,20,9,9,FALSE,0,FALSE
404.6985,12.906,12.619,10.371,9.669,18.002,20,18,4,2099999,73,73,69,69,103,102,101,100,20.212,20.175,22.303,22.225,1689.533,94335,0,0,0,5216,4,5,0,0,0,28,23,14,20,9,9,FALSE,0,FALSE
405.19406,12.916,12.63,10.373,9.671,17.988,20,18,4,2093389.2,73,74,70,71,103,102,101,100,20.212,20.175,22.301,22.224,1717.625,94335,0,0,0,5216,4,5,0,0,0,28,23,14,20,9,9,FALSE,0,FALSE
405.70004,12.925,12.641,10.377,9.674,17.975,20,18,4,2091142.8,72,74,71,72,103,102,101,100,20.211,20.176,22.299,22.223,1747.66,94335,0,0,166,5233,4,5,0,0,0,28,23,14,20,9,9,FALSE,0,FALSE
406.1992,12.937,12.656,10.385,9.681,17.962,20,18,4,2082918.9,73,75,72,73,103,102,101,100,20.21,20.176,22.297,22.222,1779.195,94335,0,0,150,5233,4,5,0,0,0,28,23,14,20,9,9,FALSE,0,FALSE
406.69855,12.95,12.673,10.393,9.69,17.948,20,18,4,2074278.1,73,75,72,73,103,102,101,100,20.209,20.176,22.295,22.22,1812.312,94335,30150,0,150,5233,4,5,0,0,0,28,23,14,20,9,9,FALSE,0,FALSE
407.699,12.972,12.693,10.414,9.709,17.942,20,18,4,2123562.8,73,71,75,73,103,102,101,100,20.209,20.177,22.295,22.221,1871.494,94335,30150,0,0,5234,5,5,0,0,0,28,23,14,20,9,9,FALSE,0,FALSE
408.19543,12.996,12.707,10.441,9.737,17.942,20,18,4,2141392.2,81,72,80,79,103,102,101,100,20.212,20.178,22.299,22.224,1896.727,94335,30150,0,0,5283,5,5,0,0,0,28,23,14,20,9,9,FALSE,0,FALSE
408.699,13.02,12.724,10.492,9.764,17.94,20,18,4,2149676.2,79,74,93,78,103,102,101,100,20.217,20.179,22.305,22.227,1921.646,94335,30150,0,0,5283,5,5,0,0,0,28,23,14,20,9,9,FALSE,0,FALSE
409.19568,13.05,12.747,10.538,9.803,17.934,20,18,4,2157019.8,82,77,91,81,103,102,101,100,20.222,20.181,22.315,22.232,1945,94335,30150,0,0,5283,5,5,0,0,0,28,23,14,20,9,9,FALSE,0,FALSE
409.7007,13.072,12.765,10.554,9.816,17.924,20,18,4,2163442.2,79,75,79,75,103,102,101,100,20.226,20.184,22.321,22.235,1967.262,94335,30150,0,83,5283,4,5,0,0,0,28,23,14,20,9,9,FALSE,0,FALSE
410.1992,13.09,12.784,10.559,9.822,17.912,20,18,4,2164344,76,76,73,73,103,102,101,100,20.228,20.186,22.321,22.236,1991.527,94335,30150,0,450,5600,4,5,0,0,0,28,23,14,20,9,9,FALSE,0,FALSE
410.69785,13.117,12.816,10.588,9.859,17.901,20,18,4,2167068.5,78,80,78,84,103,102,101,100,20.23,20.188,22.321,22.238,2018.027,94335,30150,0,584,5600,4,5,0,0,0,28,23,14,20,9,9,FALSE,0,FALSE
411.19644,13.151,12.856,10.637,9.924,17.892,20,18,4,2172201.5,80,84,85,93,103,102,102,100,20.232,20.192,22.323,22.243,2045.264,94335,30150,0,584,5600,4,5,0,0,0,28,23,14,20,9,9,FALSE,0,FALSE
411.6988,13.19,12.903,10.68,9.978,17.88,20,18,4,2176707.5,81,85,82,89,103,103,102,100,20.235,20.198,22.326,22.25,2071.723,94335,30150,0,750,5950,4,5,0,0,0,28,23,14,20,9,9,FALSE,0,FALSE
412.20013,13.224,12.943,10.698,9.998,17.867,20,18,4,2170683.8,78,81,75,77,103,103,102,100,20.237,20.202,22.326,22.252,2099.793,94335,30150,0,750,5950,4,5,0,0,0,28,23,14,20,9,9,FALSE,0,FALSE
412.69833,13.235,12.955,10.701,10,17.854,20,18,4,2168467.2,72,74,71,72,103,103,102,100,20.236,20.202,22.323,22.25,2130.084,94335,30150,0,750,5950,4,5,0,0,0,28,23,14,20,9,9,FALSE,0,FALSE
413.18466,13.243,12.965,10.704,10.002,17.84,20,18,4,2160365.8,73,74,72,71,103,103,101,100,20.234,20.201,22.319,22.246,2160.766,94335,30150,0,750,6083,4,5,0,0,0,28,23,14,20,9,9,FALSE,0,FALSE
413.69595,13.257,12.98,10.72,10.019,17.832,20,18,4,2174471,75,75,77,77,103,103,101,100,20.232,20.2,22.317,22.245,2193.26,94335,30150,0,850,6083,4,5,0,0,0,28,23,14,20,9,9,FALSE,0,FALSE
414.1998,13.27,12.991,10.729,10.029,17.831,20,18,4,2200955.2,73,73,75,74,103,103,101,100,20.233,20.201,22.32,22.248,2217.928,94335,30150,0,850,6083,4,5,0,0,0,28,23,14,20,9,9,FALSE,0,FALSE
414.6967,13.279,12.998,10.738,10.039,17.831,20,18,4,2223690.2,74,71,76,74,103,103,102,100,20.234,20.202,22.323,22.251,2237.842,94335,30150,0,850,6234,4,5,0,0,0,28,23,14,20,9,9,FALSE,0,FALSE
415.19528,13.295,13.009,10.76,10.058,17.831,20,18,4,2241576.2,78,73,82,78,103,103,102,100,20.238,20.203,22.328,22.256,2253.732,94335,30150,0,984,6234,4,5,0,0,0,28,23,14,20,9,9,FALSE,0,FALSE
415.6988,13.31,13.02,10.793,10.081,17.831,20,18,4,2255052.2,79,74,91,82,103,103,102,100,20.242,20.206,22.336,22.262,2266.373,94335,30150,0,984,6234,4,5,0,0,0,28,23,14,20,9,9,FALSE,0,FALSE
416.19983,13.318,13.027,10.83,10.104,17.829,20,18,4,2262264.8,77,74,98,85,103,103,102,101,20.246,20.208,22.348,22.269,2283.053,94335,30150,0,984,6167,4,5,0,0,0,28,23,14,20,9,9,FALSE,0,FALSE
416.6977,13.333,13.038,10.85,10.121,17.825,20,18,4,2268351.8,80,75,94,84,104,103,102,101,20.25,20.21,22.359,22.276,2298.615,94335,30150,0,984,6167,4,5,0,0,0,28,23,14,20,9,9,FALSE,0,FALSE
417.19626,13.351,13.052,10.867,10.135,17.821,20,18,4,2274709.5,82,77,89,81,104,103,102,101,20.255,20.213,22.368,22.282,2311.121,94335,30150,0,900,6167,4,5,0,0,0,28,23,14,20,9,9,FALSE,0,FALSE
417.69922,13.368,13.067,10.878,10.143,17.815,20,18,4,2281553.8,82,78,83,77,104,103,102,101,20.26,20.216,22.375,22.287,2323.773,94335,30150,0,900,6167,4,5,0,0,0,28,23,14,20,9,9,FALSE,0,FALSE
418.19275,13.379,13.079,10.88,10.144,17.806,20,18,4,2287380.5,79,77,76,72,104,103,102,101,20.264,20.219,22.379,22.289,2337.883,94335,30150,0,900,6167,4,5,0,0,0,28,23,14,20,9,9,FALSE,0,FALSE
418.69727,13.4,13.101,10.88,10.145,17.794,20,18,4,2294002.8,80,80,72,69,104,103,102,101,20.268,20.223,22.379,22.289,2355.975,94335,30150,0,833,6133,4,5,0,0,0,28,23,14,20,9,9,FALSE,0,FALSE
419.19955,13.42,13.125,10.88,10.146,17.781,20,18,4,2294104.5,80,80,70,69,104,103,102,101,20.271,20.227,22.378,22.288,2376.709,94335,30150,0,833,6133,4,5,0,0,0,28,23,14,20,9,9,FALSE,0,FALSE
419.69608,13.434,13.141,10.88,10.146,17.768,20,18,4,2295595.2,76,76,69,69,104,103,102,101,20.273,20.229,22.376,22.286,2400.205,94335,30150,0,800,6133,4,5,0,0,0,28,23,14,20,9,9,FALSE,0,FALSE
420.2001,13.445,13.152,10.88,10.146,17.755,20,18,4,2295451.5,74,73,69,70,104,103,102,101,20.274,20.229,22.374,22.285,2426.148,94335,30150,0,800,6133,4,5,0,0,0,28,23,14,20,9,9,FALSE,0,FALSE
420.69437,13.454,13.162,10.88,10.146,17.741,20,18,4,2288841.8,73,72,69,70,104,103,102,101,20.273,20.229,22.371,22.282,2454.197,94335,30150,0,767,6100,4,5,0,0,0,28,23,14,20,9,9,FALSE,0,FALSE
421.19608,13.463,13.17,10.88,10.146,17.728,20,18,4,2286688.8,72,72,70,70,104,103,102,101,20.271,20.227,22.367,22.279,2484.209,94335,30150,0,767,6100,4,5,0,0,0,28,23,14,20,9,9,FALSE,0,FALSE
421.69986,13.47,13.178,10.881,10.146,17.715,20,18,4,2278423.8,72,72,70,70,104,103,102,101,20.269,20.225,22.363,22.276,2515.801,94335,30150,0,750,6100,4,5,0,0,0,28,23,14,20,9,9,FALSE,0,FALSE
422.1938,13.478,13.187,10.882,10.147,17.701,20,18,4,2269783.8,72,72,70,70,104,103,102,101,20.266,20.223,22.359,22.272,2549.037,94335,30150,0,750,6100,4,5,0,0,0,28,23,14,20,9,9,FALSE,0,FALSE
422.69452,13.488,13.201,10.891,10.155,17.688,20,18,4,2266472.2,72,74,72,73,104,103,102,101,20.263,20.221,22.354,22.269,2583.678,94335,30150,0,750,6100,4,5,0,0,0,28,23,14,20,9,9,FALSE,0,FALSE
423.1882,13.517,13.237,10.925,10.192,17.675,20,18,4,2258120.2,77,80,78,81,104,103,102,101,20.261,20.221,22.351,22.267,2617.441,94335,30150,0,733,6100,4,5,0,0,0,28,23,14,20,9,9,FALSE,0,FALSE
423.6931,13.556,13.282,10.977,10.242,17.669,20,18,4,2275534.2,78,80,82,83,104,103,102,101,20.262,20.223,22.351,22.269,2654.07,94335,30150,0,733,6100,4,5,0,0,0,28,23,14,20,9,9,FALSE,0,FALSE
424.1944,13.579,13.31,11.002,10.266,17.667,20,18,4,2302153.8,76,78,78,80,104,103,102,101,20.264,20.226,22.355,22.274,2682.08,94335,30150,0,750,6134,4,5,0,0,0,28,23,14,20,9,9,FALSE,0,FALSE
424.6957,13.595,13.329,11.019,10.282,17.666,20,18,4,2325095.5,75,78,78,80,104,103,102,101,20.266,20.23,22.359,22.28,2702.742,94335,30150,0,750,6134,4,5,0,0,0,28,23,14,20,9,9,FALSE,0,FALSE
425.19937,13.606,13.343,11.031,10.296,17.666,20,18,4,2344407.8,74,77,76,79,104,103,102,101,20.268,20.234,22.364,22.286,2719.6,94335,30150,0,750,6134,4,5,0,0,0,28,23,14,20,9,9,FALSE,0,FALSE
425.69516,13.615,13.354,11.046,10.316,17.666,20,18,4,2360212.8,73,77,79,84,104,103,102,101,20.27,20.238,22.368,22.292,2732.979,94335,30150,0,750,6150,4,5,0,0,0,28,23,14,20,9,9,FALSE,0,FALSE
426.1985,13.623,13.364,11.065,10.348,17.666,20,18,4,2371088.2,74,76,82,93,104,103,102,101,20.272,20.242,22.374,22.302,2743.914,94335,30150,0,767,6150,4,5,0,0,0,28,23,14,20,9,9,FALSE,0,FALSE
426.69287,13.629,13.371,11.078,10.365,17.663,20,18,4,2376001.5,73,76,81,91,104,103,102,101,20.274,20.246,22.38,22.314,2763.834,94335,30150,0,767,6150,4,5,0,0,0,28,23,14,20,9,9,FALSE,0,FALSE
427.19598,13.638,13.381,11.082,10.37,17.659,20,18,4,2380594.8,74,77,77,83,104,104,103,102,20.276,20.249,22.385,22.322,2773.553,94335,30150,0,767,6133,4,5,0,0,0,28,23,14,20,9,9,FALSE,0,FALSE
427.6984,13.654,13.395,11.085,10.373,17.652,20,18,4,2386219,78,79,73,77,104,104,103,102,20.279,20.253,22.387,22.327,2785.348,94335,30150,0,767,6133,4,5,0,0,0,28,23,14,20,9,9,FALSE,0,FALSE
428.19373,13.662,13.407,11.086,10.374,17.643,20,18,4,2392943.8,76,77,70,74,104,104,103,102,20.282,20.257,22.388,22.33,2799.854,94335,30150,0,733,6133,4,5,0,0,0,28,23,14,20,9,9,FALSE,0,FALSE
428.69437,13.677,13.424,11.087,10.374,17.634,20,18,4,2400732.5,77,80,69,71,104,104,103,102,20.284,20.259,22.387,22.331,2816.482,94335,30150,0,733,6133,4,5,0,0,0,28,23,14,20,9,9,FALSE,0,FALSE
429.19394,13.693,13.438,11.087,10.374,17.623,20,18,4,2411512,76,77,69,69,104,104,103,102,20.286,20.263,22.386,22.331,2835.473,94335,30150,0,767,6133,4,5,0,0,0,28,23,14,20,9,9,FALSE,0,FALSE
429.69498,13.71,13.455,11.087,10.374,17.61,20,18,4,2408162,76,76,69,69,104,104,103,102,20.288,20.265,22.385,22.329,2857.09,94335,30150,0,767,6184,4,5,0,0,0,28,23,14,20,9,9,FALSE,0,FALSE
430.19647,13.725,13.47,11.087,10.374,17.596,20,18,4,2403230,74,74,69,69,104,104,103,102,20.289,20.267,22.383,22.328,2881.51,94335,30150,0,800,6216,4,5,0,0,0,28,23,14,20,9,9,FALSE,0,FALSE
430.69376,13.736,13.481,11.087,10.374,17.583,20,18,4,2402619,72,72,70,70,104,104,102,102,20.289,20.266,22.38,22.326,2908.385,94335,30150,0,800,6216,4,5,0,0,0,28,23,14,20,9,9,FALSE,0,FALSE
431.19525,13.745,13.491,11.087,10.374,17.57,20,18,4,2395491.5,72,72,70,70,104,104,102,102,20.288,20.265,22.378,22.323,2937.475,94335,30150,0,817,6216,4,5,0,0,0,28,23,14,20,9,9,FALSE,0,FALSE
431.69708,13.753,13.499,11.087,10.374,17.557,20,18,4,2392892.5,71,71,70,70,104,104,102,101,20.286,20.264,22.374,22.321,2968.586,94335,30150,0,817,6233,4,5,0,0,0,28,23,14,20,9,9,FALSE,0,FALSE
432.18982,13.761,13.507,11.087,10.374,17.544,20,18,4,2384571.5,71,71,71,70,104,104,102,101,20.283,20.261,22.371,22.317,3000.355,94335,30150,0,800,6233,4,5,0,0,0,28,23,14,20,9,9,FALSE,0,FALSE
432.6946,13.768,13.514,11.087,10.374,17.529,20,18,4,2375643.5,71,71,71,71,104,104,102,101,20.28,20.259,22.366,22.314,3036.008,94335,30150,0,800,6234,4,5,0,0,0,28,23,14,20,9,9,FALSE,0,FALSE
433.19318,13.774,13.521,11.087,10.374,17.517,20,18,4,2372407.2,71,71,71,71,104,104,102,101,20.277,20.255,22.362,22.309,3071.842,94335,30150,0,800,6234,4,5,0,0,0,28,23,14,20,9,9,FALSE,0,FALSE
433.69604,13.781,13.528,11.087,10.374,17.503,20,18,4,2363767.2,71,71,71,71,104,104,102,101,20.273,20.252,22.357,22.305,3108.9,94335,30150,0,784,6233,4,5,0,0,0,28,23,14,20,9,9,FALSE,0,FALSE
434.19534,13.788,13.535,11.087,10.374,17.489,20,18,4,2355127.2,71,71,71,71,104,104,102,101,20.269,20.248,22.351,22.3,3147.119,94335,30150,0,783,6233,4,5,0,0,0,28,23,14,20,9,9,FALSE,0,FALSE
434.69595,13.794,13.542,11.087,10.374,17.475,20,18,4,2346487.2,71,71,71,71,104,103,102,101,20.264,20.244,22.345,22.294,3186.393,94335,30150,0,783,6233,4,5,0,0,0,28,23,14,20,9,9,FALSE,0,FALSE
435.19565,13.799,13.548,11.087,10.374,17.462,20,18,4,2343169.8,71,71,71,71,104,103,102,101,20.26,20.239,22.339,22.288,3226.502,94335,30150,0,767,6233,4,5,0,0,0,28,23,14,20,9,9,FALSE,0,FALSE
435.69052,13.805,13.554,11.087,10.374,17.449,20,18,4,2334817.8,71,71,71,71,104,103,102,101,20.254,20.234,22.332,22.282,3265.971,94335,30150,0,750,6233,4,5,0,0,0,28,23,14,20,9,9,FALSE,0,FALSE
436.19498,13.811,13.56,11.087,10.374,17.435,20,18,4,2325889.8,72,71,72,71,104,103,102,101,20.249,20.229,22.325,22.274,3308.92,94335,30150,0,717,6183,4,5,0,0,0,28,23,14,20,9,9,FALSE,0,FALSE
436.69812,13.817,13.566,11.087,10.374,17.421,20,18,4,2317249.8,71,71,70,70,103,103,101,101,20.243,20.223,22.317,22.267,3351.088,94335,30150,0,717,6184,4,5,0,0,0,28,23,14,20,9,9,FALSE,0,FALSE
437.19293,13.837,13.589,11.116,10.409,17.417,20,18,4,2346378,74,75,78,79,103,103,101,101,20.24,20.22,22.315,22.265,3389.924,94335,30150,0,683,6184,4,5,0,0,0,28,23,14,20,9,9,FALSE,0,FALSE
437.69836,13.854,13.612,11.141,10.435,17.415,20,18,4,2375558.8,73,76,77,79,103,103,101,101,20.241,20.222,22.319,22.271,3420.295,94335,30150,0,683,6150,4,5,0,0,0,28,23,14,20,9,9,FALSE,0,FALSE
438.19705,13.878,13.646,11.183,10.485,17.415,20,18,4,2401046.8,77,82,84,90,103,103,102,101,20.242,20.227,22.325,22.278,3445.455,94335,30150,0,683,6150,4,5,0,0,0,28,23,14,20,9,9,FALSE,0,FALSE
438.69687,13.904,13.678,11.236,10.555,17.414,20,18,4,2419585.2,78,83,90,100,103,103,102,101,20.246,20.233,22.334,22.291,3469.988,94335,30150,0,683,6150,4,5,0,0,0,28,23,14,20,9,9,FALSE,0,FALSE
439.1945,13.928,13.709,11.287,10.617,17.406,20,18,4,2426462.5,79,85,92,100,104,103,102,101,20.25,20.239,22.344,22.305,3494.578,94335,30150,0,617,6117,4,5,0,0,0,28,23,14,20,9,9,FALSE,0,FALSE
439.69846,13.956,13.745,11.32,10.659,17.398,20,18,4,2433298,80,85,86,93,104,104,102,101,20.254,20.247,22.352,22.317,3515.943,94335,30150,0,617,6117,4,5,0,0,0,28,23,14,20,9,9,FALSE,0,FALSE
440.1961,13.983,13.779,11.345,10.69,17.388,20,18,4,2439777.5,80,85,81,86,104,104,102,102,20.258,20.253,22.357,22.325,3537.566,94335,30150,0,617,6117,4,5,0,0,0,28,23,14,20,9,9,FALSE,0,FALSE
440.69736,14.007,13.807,11.359,10.706,17.376,20,18,4,2445925,77,81,76,79,104,104,102,102,20.261,20.258,22.36,22.33,3560.428,94335,30150,0,617,6134,4,5,0,0,0,28,23,14,20,9,9,FALSE,0,FALSE
441.19556,14.027,13.831,11.375,10.722,17.364,20,18,4,2452410.8,76,80,76,78,104,104,102,102,20.262,20.261,22.361,22.332,3584.914,94335,30150,0,617,6184,4,5,0,0,0,28,23,14,20,9,9,FALSE,0,FALSE
441.6968,14.057,13.865,11.396,10.744,17.351,20,18,4,2448956.5,79,83,77,79,104,104,102,102,20.264,20.265,22.362,22.334,3611.119,94335,30150,0,667,6184,4,5,0,0,0,28,23,14,20,9,9,FALSE,0,FALSE
442.1976,14.088,13.901,11.421,10.769,17.337,20,18,4,2441971.5,78,82,77,79,104,104,102,102,20.265,20.268,22.362,22.335,3639.25,94335,30150,0,683,6200,4,5,0,0,0,28,23,14,20,9,9,FALSE,0,FALSE
442.6969,14.116,13.936,11.445,10.794,17.324,20,18,4,2439757.8,76,81,77,78,104,104,102,102,20.266,20.271,22.362,22.336,3669.291,94335,30150,0,683,6200,4,5,0,0,0,28,23,14,20,9,9,FALSE,0,FALSE
443.1867,14.13,13.954,11.454,10.801,17.311,20,18,4,2431771,73,75,72,72,104,104,102,102,20.265,20.272,22.361,22.335,3700.074,94335,30150,0,717,6234,4,5,0,0,0,28,23,14,20,9,9,FALSE,0,FALSE
443.69547,14.144,13.965,11.462,10.81,17.297,20,18,4,2422844.2,75,74,76,73,104,104,102,102,20.263,20.27,22.358,22.332,3734.428,94335,30150,0,717,6234,4,5,0,0,0,28,23,14,20,9,9,FALSE,0,FALSE
444.19772,14.191,14.005,11.513,10.855,17.283,20,18,4,2414204.2,84,80,85,81,104,104,102,102,20.263,20.269,22.358,22.33,3768.254,94335,30150,0,716,6234,4,5,0,0,0,28,23,14,20,9,9,FALSE,0,FALSE
444.69458,14.242,14.047,11.566,10.905,17.269,20,18,4,2405564.2,84,80,85,81,104,104,102,102,20.266,20.27,22.359,22.33,3803.582,94335,30150,0,733,6250,4,5,0,0,0,28,23,14,20,9,9,FALSE,0,FALSE
445.1973,14.303,14.093,11.626,10.969,17.256,20,18,4,2402299,90,80,86,88,104,104,102,102,20.268,20.269,22.359,22.33,3840.271,94335,30150,0,733,6250,4,5,0,0,0,28,23,14,20,9,9,FALSE,0,FALSE
445.69705,14.456,14.193,11.694,11.047,17.243,20,18,4,2394197.5,112,92,83,88,104,104,102,102,20.277,20.271,22.36,22.332,3877.072,94335,30150,0,733,6266,4,5,0,0,0,28,23,14,20,9,9,FALSE,0,FALSE
446.1951,14.673,14.371,11.756,11.115,17.23,20,18,4,2390680.2,115,109,83,81,104,104,102,102,20.295,20.283,22.36,22.333,3912.773,94335,30150,0,734,6266,4,5,0,0,0,28,23,14,20,9,9,FALSE,0,FALSE
446.69476,14.71,14.401,11.806,11.161,17.217,20,18,4,2382040.2,85,80,86,83,104,104,102,102,20.299,20.284,22.358,22.331,3947.363,94335,30150,0,734,6267,4,5,0,0,0,28,23,14,20,9,9,FALSE,0,FALSE
447.19595,14.754,14.438,11.84,11.193,17.203,20,18,4,2373400.2,78,75,79,76,104,104,102,102,20.298,20.282,22.356,22.327,3981.74,94335,30150,0,734,6267,4,5,0,0,0,28,23,14,20,9,9,FALSE,0,FALSE
447.69547,14.767,14.449,11.844,11.198,17.19,20,18,4,2364760.2,73,73,72,71,104,104,102,101,20.294,20.277,22.35,22.32,4017.488,94335,30150,40955,766,6283,4,5,0,0,0,28,23,14,20,9,9,FALSE,0,FALSE
448.1949,14.784,14.462,11.859,11.214,17.182,20,18,4,2380453.2,75,73,76,75,104,104,102,101,20.29,20.272,22.345,22.315,4052.602,94335,30150,40955,766,6283,4,5,0,0,0,28,23,14,20,9,9,FALSE,0,FALSE
448.69534,14.811,14.483,11.89,11.245,17.181,20,18,4,2411021.5,79,75,82,79,104,104,102,101,20.289,20.27,22.345,22.314,4081.703,94335,30150,40955,800,6333,4,5,0,0,0,28,23,14,20,9,9,FALSE,0,FALSE
449.1945,14.856,14.517,11.958,11.301,17.181,20,18,4,2437368.5,86,80,97,89,104,104,102,101,20.293,20.272,22.352,22.319,4105.725,94335,30150,40955,800,6333,4,5,0,0,0,28,23,14,20,9,9,FALSE,0,FALSE
449.69977,14.886,14.541,12.027,11.355,17.181,20,18,4,2457702.5,83,78,103,93,104,104,102,102,20.299,20.275,22.364,22.328,4126.127,94335,30150,40955,800,6333,4,5,0,0,0,28,23,14,20,9,9,FALSE,0,FALSE
450.1997,14.905,14.556,12.079,11.392,17.177,20,18,4,2466487.2,81,77,102,90,105,104,102,102,20.303,20.277,22.376,22.336,4145.586,94335,30150,40955,666,6233,4,5,0,0,0,28,23,14,20,9,9,FALSE,0,FALSE
450.69592,14.929,14.576,12.111,11.416,17.169,20,18,4,2472979.5,82,78,93,83,105,104,103,102,20.306,20.278,22.386,22.342,4165.398,94335,30150,40955,666,6233,4,5,0,0,0,28,23,14,20,9,9,FALSE,0,FALSE
451.1957,14.961,14.603,12.143,11.44,17.16,20,18,4,2479470.8,86,81,90,81,105,104,103,102,20.311,20.281,22.393,22.345,4184.555,94335,30150,40955,800,6367,4,5,0,0,0,28,23,14,20,9,9,FALSE,0,FALSE
451.69897,15.013,14.648,12.163,11.455,17.151,20,18,4,2486094.5,92,88,82,76,105,104,103,102,20.317,20.286,22.398,22.347,4204.785,94335,30150,40955,800,6367,4,5,0,0,0,28,23,14,20,9,9,FALSE,0,FALSE
452.19696,15.034,14.671,12.165,11.458,17.137,20,18,4,2483609.8,82,81,74,71,105,104,103,102,20.322,20.289,22.398,22.346,4227.281,94335,30150,40955,867,6367,4,5,0,0,0,28,23,14,20,9,9,FALSE,0,FALSE
452.69507,15.049,14.685,12.165,11.458,17.125,20,18,4,2468400.8,76,75,71,70,105,104,103,102,20.323,20.29,22.396,22.343,4252.82,94335,30150,40955,867,6467,4,5,0,0,0,28,23,14,20,9,9,FALSE,0,FALSE
453.69464,15.076,14.711,12.165,11.458,17.098,20,18,4,2380321,74,73,70,70,105,104,103,102,20.319,20.287,22.388,22.336,4310.896,94335,30150,40955,867,6500,4,5,0,0,0,28,23,14,20,9,9,FALSE,0,FALSE
454.19785,15.086,14.721,12.165,11.458,17.085,20,18,4,2324199.5,73,73,71,71,105,104,103,102,20.317,20.284,22.384,22.332,4343.018,94335,30150,40955,900,6500,4,5,0,0,0,28,23,14,20,9,9,FALSE,0,FALSE
454.6971,15.095,14.731,12.165,11.458,17.071,20,18,4,2266584.5,73,73,71,70,105,104,102,102,20.313,20.281,22.379,22.327,4377.076,94335,30150,40955,916,6516,4,5,0,0,0,28,23,14,20,9,9,FALSE,0,FALSE
455.1962,15.102,14.737,12.165,11.458,17.058,20,18,4,2256769.8,72,72,71,70,105,104,102,102,20.309,20.277,22.374,22.322,4412.514,94335,30150,40955,916,6516,4,5,0,0,0,28,23,14,20,9,9,FALSE,0,FALSE
455.69296,15.108,14.744,12.165,11.458,17.044,20,18,4,2248129.8,72,72,71,71,105,104,102,101,20.305,20.273,22.368,22.316,4449.02,94335,30150,40955,900,6516,4,5,0,0,0,28,23,14,20,9,9,FALSE,0,FALSE
456.19052,15.114,14.75,12.165,11.458,17.031,20,18,4,2239777.8,73,73,71,71,105,104,102,101,20.3,20.269,22.362,22.311,4485.283,94335,30150,40955,900,6500,4,5,0,0,0,28,23,14,20,9,9,FALSE,0,FALSE
456.6975,15.12,14.756,12.165,11.458,17.017,20,18,4,2230849.8,72,72,71,71,104,104,102,101,20.295,20.264,22.355,22.304,4525.029,94335,30150,40955,900,6500,4,5,0,0,0,28,23,14,20,9,9,FALSE,0,FALSE
456.7649,15.121,14.757,12.165,11.458,17.015,20,18,4,2229697.8,73,72,71,71,104,104,102,101,20.294,20.263,22.354,22.303,4530.227,94335,30150,40955,900,6500,4,5,0,0,0,28,23,14,20,9,9,FALSE,0,FALSE
457.26767,15.127,14.763,12.165,11.458,17.001,20,18,4,2221057.8,73,73,71,71,104,104,102,101,20.289,20.258,22.347,22.296,4569.662,94335,30150,40955,900,6484,4,5,0,0,0,28,23,14,20,9,9,FALSE,0,FALSE
457.76382,15.132,14.769,12.165,11.458,16.988,20,18,4,2217742,73,73,72,72,104,104,102,101,20.283,20.252,22.339,22.289,4609.738,94335,30150,40955,884,6484,4,5,0,0,0,28,23,14,20,9,9,FALSE,0,FALSE
458.26517,15.138,14.774,12.165,11.458,16.975,20,18,4,2209102,74,74,72,72,104,104,102,101,20.278,20.247,22.332,22.282,4650.361,94335,30150,40955,866,6484,4,5,0,0,0,28,23,14,20,9,9,FALSE,0,FALSE
458.76746,15.143,14.78,12.165,11.458,16.961,20,18,4,2200462,73,73,72,72,104,103,102,101,20.272,20.241,22.324,22.274,4691.535,94335,30150,40955,850,6450,4,5,0,0,0,28,23,14,20,9,9,FALSE,0,FALSE
459.26846,15.149,14.785,12.165,11.458,16.947,20,18,4,2191822,74,73,72,72,104,103,101,101,20.266,20.235,22.316,22.266,4733.186,94335,30150,40955,850,6450,4,5,0,0,0,28,23,14,20,9,9,FALSE,0,FALSE
459.76297,15.155,14.791,12.165,11.458,16.934,20,18,4,2183182,74,74,72,72,104,103,101,100,20.259,20.229,22.307,22.258,4775.25,94335,30150,40955,850,6467,4,5,0,0,0,28,23,14,20,9,9,FALSE,0,FALSE
460.26538,15.16,14.797,12.166,11.458,16.92,20,18,4,2176209.8,73,74,72,72,104,103,101,100,20.252,20.223,22.299,22.25,4817.645,94335,30150,40955,850,6467,4,5,0,0,0,28,23,14,20,9,9,FALSE,0,FALSE
460.76077,15.181,14.819,12.197,11.489,16.916,20,18,4,2208861.8,75,74,78,77,104,103,101,100,20.249,20.22,22.298,22.249,4855.146,94335,30150,40955,850,6433,4,5,0,0,0,28,23,14,20,9,9,FALSE,0,FALSE
461.26788,15.2,14.84,12.218,11.509,16.915,20,18,4,2237408.5,74,74,76,76,104,103,101,100,20.25,20.221,22.303,22.254,4883.762,94335,30150,40955,850,6450,4,5,0,0,0,28,23,14,20,9,9,FALSE,0,FALSE
461.76715,15.219,14.854,12.24,11.529,16.915,20,18,4,2261231.5,77,74,81,78,104,103,101,100,20.253,20.223,22.309,22.26,4906.154,94335,30150,40955,833,6450,4,5,0,0,0,28,23,14,20,9,9,FALSE,0,FALSE
462.26657,15.247,14.876,12.287,11.566,16.915,20,18,4,2280371.2,83,77,93,85,104,103,101,101,20.258,20.226,22.319,22.268,4923.572,94335,30150,40955,833,6450,4,5,0,0,0,28,23,14,20,9,9,FALSE,0,FALSE
462.7679,15.263,14.888,12.334,11.596,16.912,20,18,4,2288703.2,79,76,99,85,104,103,102,101,20.264,20.23,22.332,22.277,4943.02,94335,30150,40955,833,6450,4,5,0,0,0,28,23,14,20,9,9,FALSE,0,FALSE
463.26883,15.277,14.901,12.348,11.607,16.904,20,18,4,2294578,79,76,87,79,104,103,102,101,20.268,20.233,22.343,22.284,4963.215,94335,30150,40955,817,6450,4,5,0,0,0,28,23,14,20,9,9,FALSE,0,FALSE
463.76245,15.3,14.92,12.365,11.62,16.896,20,18,4,2300884.8,81,78,82,76,104,103,102,101,20.272,20.236,22.35,22.289,4980.652,94335,30150,40955,817,6450,4,5,0,0,0,28,23,14,20,9,9,FALSE,0,FALSE
464.26636,15.324,14.943,12.377,11.63,16.885,20,18,4,2305054.8,81,79,78,73,104,103,102,101,20.277,20.24,22.355,22.292,5000.383,94335,30150,40955,800,6450,4,5,0,0,0,28,23,14,20,9,9,FALSE,0,FALSE
464.7649,15.341,14.96,12.381,11.635,16.872,20,18,4,2302493.2,78,77,74,71,104,103,102,101,20.281,20.242,22.358,22.293,5021.809,94335,30150,40955,800,6450,4,5,0,0,0,28,23,14,20,9,9,FALSE,0,FALSE
465.26654,15.367,14.984,12.39,11.643,16.859,20,18,4,2294487.2,79,77,74,71,104,103,102,101,20.284,20.245,22.359,22.294,5045.504,94335,30150,40955,816,6450,4,5,0,0,0,28,23,14,20,9,9,FALSE,0,FALSE
465.7662,15.385,15.001,12.392,11.646,16.846,20,18,4,2252867.8,76,75,72,70,104,104,102,101,20.286,20.246,22.359,22.294,5072.328,94335,30150,40955,816,6466,4,5,0,0,0,28,23,14,20,9,9,FALSE,0,FALSE
466.26712,15.396,15.011,12.392,11.646,16.833,20,18,4,2223489,73,72,70,70,104,103,102,101,20.285,20.246,22.358,22.292,5102.123,94335,30150,40955,800,6467,4,5,0,0,0,28,23,14,20,9,9,FALSE,0,FALSE
466.76373,15.403,15.019,12.392,11.646,16.819,20,18,4,2215284.5,73,72,70,71,104,103,102,101,20.284,20.245,22.355,22.291,5133.666,94335,30150,40955,800,6467,4,5,0,0,0,28,23,14,20,9,9,FALSE,0,FALSE
467.2652,15.41,15.026,12.392,11.646,16.806,20,18,4,2206645.8,73,72,71,71,104,103,102,101,20.283,20.243,22.353,22.289,5166.83,94335,30150,40955,800,6467,4,5,0,0,0,28,23,14,20,9,9,FALSE,0,FALSE
467.76556,15.417,15.033,12.392,11.646,16.792,20,18,4,2198005.8,73,72,71,71,104,103,102,101,20.28,20.241,22.349,22.286,5201.48,94335,30150,40955,800,6450,4,5,0,0,0,28,23,14,20,9,9,FALSE,0,FALSE
468.26096,15.423,15.039,12.392,11.646,16.779,20,18,4,2194721,72,72,71,71,104,103,102,101,20.278,20.239,22.346,22.282,5237.248,94335,30150,40955,800,6450,4,5,0,0,0,28,23,14,20,9,9,FALSE,0,FALSE
468.76514,15.429,15.045,12.392,11.646,16.765,20,18,4,2186081,73,73,71,71,104,103,102,101,20.275,20.236,22.341,22.279,5274.096,94335,30150,40955,784,6434,4,5,0,0,0,28,23,14,20,9,9,FALSE,0,FALSE
469.26053,15.435,15.051,12.392,11.646,16.752,20,18,4,2177441,73,72,71,71,104,103,102,101,20.271,20.233,22.337,22.274,5311.943,94335,30150,40955,767,6434,4,5,0,0,0,28,23,14,20,9,9,FALSE,0,FALSE
469.76114,15.441,15.057,12.392,11.646,16.738,20,18,4,2168801,71,71,71,71,104,103,102,101,20.267,20.229,22.331,22.269,5350.736,94335,30150,40955,767,6433,4,5,0,0,0,28,23,14,20,9,9,FALSE,0,FALSE
470.26263,15.447,15.063,12.392,11.646,16.724,20,18,4,2160161,71,71,71,71,104,103,102,101,20.262,20.224,22.325,22.264,5390.469,94335,30150,40955,767,6433,4,5,0,0,0,28,23,14,20,9,9,FALSE,0,FALSE
470.761,15.453,15.069,12.392,11.646,16.71,20,18,5,2151521,71,71,71,71,104,103,101,100,20.257,20.219,22.319,22.258,22.227,94058,0,0,767,6400,4,6,0,0,0,28,23,14,20,9,9,FALSE,0,FALSE
471.2653,15.459,15.075,12.392,11.646,16.696,20,18,5,2142881,71,71,72,71,104,103,101,100,20.251,20.214,22.313,22.251,63.684,94058,0,0,734,6400,4,6,0,0,0,28,23,14,20,9,9,FALSE,0,FALSE
471.76654,15.464,15.08,12.392,11.646,16.684,20,18,5,2139889.8,71,71,71,71,103,103,101,100,20.245,20.208,22.305,22.245,105.664,94058,0,0,733,6400,4,6,0,0,0,28,23,14,20,9,9,FALSE,0,FALSE
472.26337,15.47,15.086,12.392,11.646,16.67,20,18,5,2131249.8,71,71,71,71,103,103,101,100,20.239,20.202,22.298,22.238,148.289,94058,0,0,733,6367,4,6,0,0,0,28,23,14,20,9,9,FALSE,0,FALSE
472.76337,15.475,15.091,12.392,11.646,16.656,20,18,5,2122609.8,72,72,72,72,103,103,101,100,20.233,20.196,22.29,22.23,191.518,94058,0,0,700,6367,4,6,0,0,0,28,23,14,20,9,9,FALSE,0,FALSE
473.26672,15.481,15.097,12.392,11.646,16.642,20,18,5,2113969.8,72,72,72,72,103,102,101,100,20.226,20.19,22.282,22.222,235.281,94058,0,0,667,6333,4,6,0,0,0,28,23,14,20,9,9,FALSE,0,FALSE
473.76523,15.487,15.102,12.392,11.646,16.628,20,18,5,2105329.8,72,72,72,72,103,102,101,100,20.219,20.183,22.274,22.214,279.494,94058,0,0,616,6333,4,6,0,0,0,28,23,14,20,9,9,FALSE,0,FALSE
474.26825,15.492,15.108,12.392,11.646,16.614,20,18,5,2096689.5,72,72,72,72,103,102,101,100,20.211,20.175,22.265,22.206,324.129,94058,0,0,616,6333,4,6,0,0,0,28,23,14,20,9,9,FALSE,0,FALSE
474.769,15.498,15.113,12.392,11.646,16.601,20,18,5,2088081.1,72,72,72,71,103,102,100,99,20.203,20.168,22.256,22.197,369.143,94058,0,0,600,6333,4,6,0,0,0,28,23,14,20,9,9,FALSE,0,FALSE
475.26492,15.503,15.118,12.392,11.646,16.587,20,18,5,2079659.9,73,72,72,72,103,102,100,99,20.196,20.16,22.247,22.188,414.463,94058,0,0,567,6250,4,6,0,0,0,28,23,14,20,9,9,FALSE,0,FALSE
475.76288,15.508,15.123,12.392,11.646,16.573,20,18,5,2071423.4,71,71,72,71,102,102,100,99,20.187,20.152,22.237,22.179,460.051,94058,0,0,550,6250,4,6,0,0,0,28,23,14,20,9,9,FALSE,0,FALSE
476.26736,15.513,15.128,12.392,11.646,16.559,20,18,5,2063377.8,71,71,71,71,102,102,100,99,20.179,20.144,22.228,22.17,505.916,94058,0,0,516,6250,4,6,0,0,0,28,23,14,20,9,9,FALSE,0,FALSE
476.76477,15.519,15.133,12.392,11.646,16.546,20,18,5,2055507.1,71,71,72,71,102,101,100,99,20.17,20.135,22.218,22.161,552.029,94058,0,0,516,6250,4,6,0,0,0,28,23,14,20,9,9,FALSE,0,FALSE
477.2643,15.528,15.142,12.4,11.653,16.533,20,18,5,2058368.5,74,74,76,75,102,101,100,99,20.161,20.127,22.209,22.152,598.051,94058,0,0,484,6067,4,6,0,0,0,28,23,14,20,9,9,FALSE,0,FALSE
477.7664,15.553,15.166,12.431,11.686,16.532,20,18,5,2094444,74,74,77,76,102,101,100,99,20.16,20.126,22.211,22.153,637.104,94058,0,0,450,6067,4,6,0,0,0,28,23,14,20,9,9,FALSE,0,FALSE
478.26352,15.576,15.188,12.454,11.708,16.531,20,18,5,2124227.8,75,75,76,76,102,101,100,99,20.162,20.128,22.217,22.16,667.086,94058,0,0,450,6067,4,6,0,0,0,28,23,14,20,9,9,FALSE,0,FALSE
478.767,15.591,15.204,12.462,11.717,16.53,20,18,5,2148492.8,73,73,73,73,102,101,100,99,20.165,20.132,22.223,22.167,689.666,94058,0,0,484,6067,4,6,0,0,0,28,23,14,20,9,9,FALSE,0,FALSE
479.26364,15.597,15.21,12.467,11.722,16.529,20,18,5,2169199.2,72,71,73,72,102,101,100,99,20.168,20.135,22.228,22.172,707.178,94058,0,0,484,6067,4,6,0,0,0,28,23,14,20,9,9,FALSE,0,FALSE
479.76404,15.607,15.217,12.483,11.735,16.529,20,18,5,2185976.5,74,71,79,75,102,101,100,99,20.171,20.138,22.235,22.178,720.305,94058,0,0,484,6184,4,6,0,0,0,28,23,14,20,9,9,FALSE,0,FALSE
480.2658,15.616,15.224,12.509,11.754,16.529,20,18,5,2196199.8,75,71,86,80,102,102,100,99,20.175,20.141,22.244,22.185,729.91,94058,0,0,484,6184,4,6,0,0,0,28,23,14,20,9,9,FALSE,0,FALSE
480.7641,15.622,15.23,12.538,11.768,16.528,20,18,5,2202081.2,73,72,94,80,102,102,100,99,20.179,20.143,22.255,22.193,743.789,94058,0,0,600,6184,4,6,0,0,0,28,23,14,20,9,9,FALSE,0,FALSE
481.26617,15.63,15.237,12.549,11.775,16.525,20,18,5,2208015,75,73,89,77,102,102,101,99,20.182,20.147,22.268,22.2,761.568,94058,0,0,600,6184,4,6,0,0,0,28,23,14,20,9,9,FALSE,0,FALSE
481.76266,15.641,15.246,12.555,11.78,16.52,20,18,5,2214562.2,77,74,82,75,102,102,101,100,20.187,20.15,22.277,22.206,772.248,94058,0,0,600,6184,4,6,0,0,0,28,23,14,20,9,9,FALSE,0,FALSE
482.26544,15.659,15.269,12.556,11.782,16.512,20,18,5,2222768.5,82,82,75,71,102,102,101,100,20.192,20.154,22.283,22.21,784.65,94058,0,0,600,6250,4,6,0,0,0,28,23,14,20,9,9,FALSE,0,FALSE
482.76715,15.676,15.287,12.557,11.782,16.504,20,18,5,2234018.5,80,80,71,70,103,102,101,100,20.199,20.162,22.286,22.213,799.268,94058,0,0,650,6250,4,6,0,0,0,28,23,14,20,9,9,FALSE,0,FALSE
483.26254,15.687,15.298,12.56,11.786,16.494,20,18,5,2241565.8,76,77,70,71,103,102,101,100,20.203,20.166,22.288,22.215,816.201,94058,0,0,650,6250,4,6,0,0,0,28,23,14,20,9,9,FALSE,0,FALSE
483.76553,15.711,15.323,12.571,11.8,16.484,20,18,5,2251958.2,81,82,73,76,103,102,101,100,20.207,20.171,22.289,22.217,835.842,94058,0,0,650,6167,4,6,0,0,0,28,23,14,20,9,9,FALSE,0,FALSE
484.26572,15.763,15.386,12.589,11.821,16.474,20,18,5,2258480.8,91,97,76,79,103,102,101,100,20.214,20.181,22.292,22.222,863.025,94058,0,0,517,6167,4,6,0,0,0,28,23,14,20,9,9,FALSE,0,FALSE
484.76428,15.79,15.416,12.597,11.828,16.462,20,18,5,2263192.2,79,82,73,74,103,102,101,100,20.222,20.191,22.293,22.225,884.246,94058,0,0,517,6167,4,6,0,0,0,28,23,14,20,9,9,FALSE,0,FALSE
485.2616,15.815,15.441,12.604,11.835,16.448,20,18,5,2259532.5,78,80,72,73,103,103,101,100,20.225,20.196,22.294,22.226,908.412,94058,0,0,483,6150,4,6,0,0,0,28,23,14,20,9,9,FALSE,0,FALSE
485.7656,15.828,15.455,12.606,11.836,16.436,20,18,5,2238075.2,75,74,70,71,103,103,101,100,20.226,20.198,22.293,22.226,935.479,94058,0,0,483,6183,4,6,0,0,0,28,23,14,20,9,9,FALSE,0,FALSE
486.26483,15.847,15.473,12.612,11.843,16.422,20,18,5,2191002.5,76,75,73,71,103,103,101,100,20.228,20.199,22.292,22.225,966.383,94058,0,0,500,6183,4,6,0,0,0,28,23,14,20,9,9,FALSE,0,FALSE
486.765,15.872,15.495,12.624,11.855,16.409,20,18,5,2143729.2,77,74,74,72,103,103,101,100,20.229,20.199,22.291,22.224,997.4,94058,0,0,500,6183,4,6,0,0,0,28,23,14,20,9,9,FALSE,0,FALSE
487.26733,15.889,15.51,12.629,11.86,16.395,20,18,5,2086540,74,73,72,71,103,103,101,100,20.229,20.199,22.289,22.222,1029.863,94058,0,0,483,6167,4,6,0,0,0,28,23,14,20,9,9,FALSE,0,FALSE
487.7621,15.9,15.518,12.631,11.862,16.382,20,18,5,2076263.9,72,71,71,70,103,103,101,100,20.227,20.197,22.286,22.219,1064.215,94058,0,0,484,6167,4,6,0,0,0,28,23,14,20,9,9,FALSE,0,FALSE
488.2642,15.908,15.525,12.631,11.863,16.369,20,18,5,2073001.1,71,70,70,70,103,103,101,100,20.225,20.194,22.282,22.216,1099.904,94058,0,0,484,6116,4,6,0,0,0,28,23,14,20,9,9,FALSE,0,FALSE
488.76547,15.914,15.532,12.631,11.863,16.355,20,18,5,2064357.4,71,71,71,70,103,102,101,100,20.221,20.191,22.278,22.211,1136.846,94058,0,0,450,6116,4,6,0,0,0,28,23,14,20,9,9,FALSE,0,FALSE
489.26288,15.921,15.538,12.631,11.863,16.341,20,18,5,2055713.6,71,71,71,71,103,102,101,100,20.217,20.187,22.273,22.207,1174.984,94058,0,0,450,6116,4,6,0,0,0,28,23,14,20,9,9,FALSE,0,FALSE
489.76733,15.927,15.544,12.631,11.863,16.327,20,18,5,2047069.9,71,71,71,71,103,102,101,99,20.213,20.184,22.267,22.202,1214.211,94058,0,0,416,6116,4,6,0,0,0,28,23,14,20,9,9,FALSE,0,FALSE
490.26645,15.932,15.55,12.631,11.863,16.315,20,18,5,2043766,71,71,71,71,103,102,100,99,20.209,20.179,22.262,22.196,1254.322,94058,0,0,416,6116,4,6,0,0,0,28,23,14,20,9,9,FALSE,0,FALSE
490.7668,15.938,15.556,12.631,11.863,16.301,20,18,5,2035122.2,71,71,71,71,103,102,100,99,20.204,20.175,22.255,22.191,1295.195,94058,0,0,384,6116,4,6,0,0,0,28,23,14,20,9,9,FALSE,0,FALSE
491.2683,15.943,15.562,12.631,11.863,16.287,20,18,5,2026478.5,71,71,71,71,103,102,100,99,20.199,20.17,22.249,22.184,1336.834,94058,0,0,366,6016,4,6,0,0,0,28,23,14,20,9,9,FALSE,0,FALSE
491.76547,15.949,15.57,12.633,11.864,16.273,20,18,5,2017834.8,71,71,71,71,103,102,100,99,20.193,20.164,22.242,22.178,1379.16,94058,0,0,366,6016,4,6,0,0,0,28,23,14,20,9,9,FALSE,0,FALSE
492.2657,15.964,15.585,12.651,11.882,16.265,20,18,5,2034055.8,74,73,76,76,102,102,100,99,20.189,20.161,22.237,22.174,1420.459,94058,0,0,317,5967,4,6,0,0,0,28,23,14,20,9,9,FALSE,0,FALSE
492.76767,15.994,15.604,12.68,11.909,16.264,20,18,5,2065854,77,74,79,75,102,102,100,99,20.19,20.162,22.242,22.179,1453.314,94058,0,0,317,5967,4,6,0,0,0,28,23,14,20,9,9,FALSE,0,FALSE
493.26794,16.008,15.64,12.706,11.922,16.262,20,18,5,2091135.9,74,76,76,73,103,102,100,99,20.193,20.167,22.249,22.184,1479.156,94058,0,0,317,6034,4,6,0,0,0,28,23,14,20,9,9,FALSE,0,FALSE
493.76807,16.021,15.65,12.722,11.937,16.262,20,18,5,2115038.5,75,73,78,75,103,102,100,99,20.196,20.17,22.255,22.19,1499.961,94058,0,0,367,6034,4,6,0,0,0,28,23,14,20,9,9,FALSE,0,FALSE
494.2668,16.041,15.665,12.754,11.962,16.262,20,18,5,2133882.8,79,75,87,80,103,102,101,99,20.201,20.173,22.263,22.196,1516.391,94058,0,0,367,6034,4,6,0,0,0,28,23,14,20,9,9,FALSE,0,FALSE
494.76712,16.058,15.675,12.788,11.993,16.261,20,18,5,2144202.2,81,73,91,86,103,102,101,100,20.207,20.177,22.274,22.205,1535.885,94058,0,0,367,6133,4,6,0,0,0,28,23,14,20,9,9,FALSE,0,FALSE
495.26773,16.074,15.688,12.819,12.015,16.257,20,18,5,2151407.8,80,74,92,84,103,102,101,100,20.213,20.18,22.285,22.214,1561.055,94058,0,0,466,6133,4,6,0,0,0,28,23,14,20,9,9,FALSE,0,FALSE
495.76688,16.092,15.702,12.841,12.031,16.251,20,18,5,2158763,81,76,88,80,103,102,101,100,20.218,20.183,22.295,22.221,1578.35,94058,0,0,466,6150,4,6,0,0,0,28,23,14,20,9,9,FALSE,0,FALSE
496.26654,16.11,15.718,12.851,12.039,16.243,20,18,5,2166360.8,80,77,81,75,103,102,101,100,20.223,20.187,22.303,22.226,1596.084,94058,0,0,466,6150,4,6,0,0,0,28,23,14,20,9,9,FALSE,0,FALSE
496.767,16.128,15.737,12.856,12.043,16.232,20,18,5,2174158.8,80,78,74,72,103,102,101,100,20.228,20.19,22.307,22.229,1614.23,94058,0,0,467,6150,4,6,0,0,0,28,23,14,20,9,9,FALSE,0,FALSE
497.2678,16.144,15.754,12.858,12.046,16.22,20,18,5,2178942.5,77,76,71,70,103,103,101,100,20.232,20.194,22.308,22.23,1634.961,94058,0,0,467,6150,4,6,0,0,0,28,23,14,20,9,9,FALSE,0,FALSE
497.76056,16.167,15.779,12.861,12.05,16.207,20,18,5,2180599,80,79,72,71,103,103,101,100,20.235,20.197,22.308,22.231,1658.305,94058,0,0,417,6067,4,6,0,0,0,28,23,14,20,9,9,FALSE,0,FALSE
498.26425,16.191,15.8,12.863,12.052,16.194,20,18,5,2180883,77,75,70,68,103,103,101,100,20.238,20.2,22.308,22.23,1684.268,94058,0,0,417,6067,4,6,0,0,0,28,23,14,20,9,9,FALSE,0,FALSE
498.7644,16.204,15.811,12.863,12.052,16.18,20,18,5,2174336.8,74,73,69,70,103,103,101,100,20.239,20.201,22.307,22.229,1712.654,94058,0,0,400,6050,4,6,0,0,0,28,23,14,20,9,9,FALSE,0,FALSE
499.26352,16.215,15.824,12.868,12.056,16.167,20,18,5,2166803.8,73,74,71,72,103,103,101,100,20.238,20.201,22.305,22.228,1742.621,94058,0,0,400,6033,4,6,0,0,0,28,23,14,20,9,9,FALSE,0,FALSE
499.7658,16.233,15.847,12.884,12.072,16.154,20,18,5,2164015.2,74,77,73,75,103,103,101,100,20.238,20.202,22.303,22.227,1774.285,94058,0,0,400,6033,4,6,0,0,0,28,23,14,20,9,9,FALSE,0,FALSE
500.2633,16.248,15.867,12.896,12.083,16.14,20,18,5,2155377,73,75,73,74,103,103,101,100,20.237,20.202,22.301,22.226,1808.021,94058,29722,0,400,6017,4,6,0,0,0,28,23,14,20,9,9,FALSE,0,FALSE
500.765,16.263,15.882,12.904,12.093,16.129,20,18,5,2157191.8,73,73,72,73,103,103,101,100,20.236,20.202,22.299,22.225,1843.883,94058,29722,0,400,6017,4,6,0,0,0,28,23,14,20,9,9,FALSE,0,FALSE
501.26727,16.302,15.922,12.972,12.144,16.129,20,18,5,2187056,83,79,91,85,103,103,101,100,20.238,20.204,22.304,22.227,1873.373,94058,29722,0,384,6017,4,6,0,0,0,28,23,14,20,9,9,FALSE,0,FALSE
501.7665,16.346,15.956,13.056,12.211,16.128,20,18,5,2208607,84,79,101,92,103,103,101,100,20.244,20.209,22.315,22.236,1899.42,94058,29722,0,384,6017,4,6,0,0,0,28,23,14,20,9,9,FALSE,0,FALSE
502.25964,16.377,15.98,13.115,12.259,16.121,20,18,5,2214471.2,84,79,96,88,104,103,102,100,20.25,20.212,22.326,22.244,1925.672,94058,29722,0,434,6017,4,6,0,0,0,28,23,14,20,9,9,FALSE,0,FALSE
502.76343,16.424,16.019,13.15,12.287,16.111,20,18,5,2219110.8,90,84,87,80,104,103,102,100,20.256,20.216,22.334,22.249,1951.646,94058,29722,0,434,6067,4,6,0,0,0,28,23,14,20,9,9,FALSE,0,FALSE
503.26547,16.463,16.053,13.158,12.294,16.1,20,18,5,2223734.2,80,78,74,73,104,103,102,100,20.263,20.221,22.336,22.251,1977.078,94058,29722,0,500,6067,4,6,0,0,0,28,23,14,20,9,9,FALSE,0,FALSE
503.76672,16.474,16.066,13.164,12.301,16.087,20,18,5,2220713.8,74,74,71,73,104,103,102,100,20.263,20.222,22.335,22.25,2004.289,94058,29722,0,500,6067,4,6,0,0,0,28,23,14,20,9,9,FALSE,0,FALSE
504.2652,16.504,16.105,13.203,12.347,16.077,20,18,5,2225841.2,80,83,80,86,104,103,102,100,20.263,20.224,22.334,22.251,2035.045,94058,29722,0,516,6067,4,6,0,0,0,28,23,14,20,9,9,FALSE,0,FALSE
504.7652,16.55,16.157,13.244,12.398,16.064,20,18,5,2222248,82,86,80,86,104,103,102,100,20.266,20.228,22.336,22.256,2065.492,94058,29722,0,516,6200,4,6,0,0,0,28,23,14,20,9,9,FALSE,0,FALSE
505.2677,16.585,16.2,13.273,12.432,16.051,20,18,5,2219994,78,82,77,80,104,103,102,100,20.268,20.232,22.335,22.258,2095.484,94058,29722,0,550,6200,4,6,0,0,0,28,23,14,20,9,9,FALSE,0,FALSE
505.76562,16.599,16.217,13.282,12.44,16.037,20,18,5,2211623.5,73,75,72,73,104,103,102,100,20.266,20.232,22.333,22.257,2127.402,94058,29722,0,584,6200,4,6,0,0,0,28,23,14,20,9,9,FALSE,0,FALSE
506.26797,16.61,16.232,13.289,12.445,16.023,20,18,5,2202983.5,73,75,73,73,104,103,102,100,20.264,20.231,22.329,22.253,2160.875,94058,29722,0,584,6300,4,6,0,0,0,28,23,14,20,9,9,FALSE,0,FALSE
506.7651,16.626,16.25,13.308,12.464,16.017,20,18,5,2219696.2,75,75,78,77,104,103,102,100,20.262,20.23,22.327,22.252,2193.609,94058,29722,0,600,6300,4,6,0,0,0,28,23,14,20,9,9,FALSE,0,FALSE
507.2625,16.641,16.265,13.321,12.478,16.015,20,18,5,2245567.8,74,74,75,75,104,103,102,100,20.263,20.232,22.33,22.256,2218.943,94058,29722,0,600,6316,4,6,0,0,0,28,23,14,20,9,9,FALSE,0,FALSE
507.76337,16.652,16.273,13.332,12.489,16.015,20,18,5,2268266.8,74,72,77,75,104,103,102,100,20.265,20.233,22.334,22.26,2238.836,94058,29722,0,600,6316,4,6,0,0,0,28,23,14,20,9,9,FALSE,0,FALSE
508.26547,16.673,16.289,13.362,12.514,16.015,20,18,5,2286358.8,81,75,86,82,104,103,102,101,20.268,20.235,22.341,22.266,2254.262,94058,29722,0,600,6384,4,6,0,0,0,28,23,14,20,9,9,FALSE,0,FALSE
508.7629,16.689,16.302,13.401,12.542,16.015,20,18,5,2299052,80,76,96,86,104,103,102,101,20.274,20.239,22.352,22.274,2265.807,94058,29722,0,634,6384,4,6,0,0,0,28,23,14,20,9,9,FALSE,0,FALSE
509.26334,16.696,16.308,13.432,12.562,16.013,20,18,5,2306238,77,74,99,86,104,103,102,101,20.278,20.241,22.365,22.283,2278.523,94058,29722,0,634,6384,4,6,0,0,0,28,23,14,20,9,9,FALSE,0,FALSE
509.7668,16.708,16.318,13.445,12.572,16.008,20,18,5,2312039.2,79,75,91,82,104,103,102,101,20.282,20.244,22.376,22.29,2294.453,94058,29722,0,634,6400,4,6,0,0,0,28,23,14,20,9,9,FALSE,0,FALSE
510.2673,16.727,16.334,13.457,12.582,16.003,20,18,5,2318438.5,83,78,86,79,104,104,103,101,20.287,20.247,22.385,22.296,2307.6,94058,29722,0,634,6400,4,6,0,0,0,28,23,14,20,9,9,FALSE,0,FALSE
510.76346,16.742,16.347,13.465,12.588,15.996,20,18,5,2325376.5,81,77,81,75,104,104,103,101,20.293,20.251,22.39,22.3,2320.666,94058,29722,0,633,6400,4,6,0,0,0,28,23,14,20,9,9,FALSE,0,FALSE
511.26056,16.757,16.364,13.469,12.592,15.987,20,18,5,2331650.5,81,79,76,72,104,104,103,101,20.297,20.254,22.394,22.302,2335.543,94058,29722,0,633,6400,4,6,0,0,0,28,23,14,20,9,9,FALSE,0,FALSE
511.76578,16.792,16.4,13.472,12.595,15.976,20,18,5,2339600.2,87,86,73,70,105,104,103,101,20.303,20.26,22.395,22.302,2352.951,94058,29722,0,633,6384,4,6,0,0,0,28,23,14,20,9,9,FALSE,0,FALSE
512.2636,16.82,16.43,13.472,12.595,15.963,20,18,5,2345815,83,83,70,69,105,104,103,101,20.309,20.266,22.395,22.302,2373.352,94058,29722,0,584,6384,4,6,0,0,0,28,23,14,20,9,9,FALSE,0,FALSE
512.76514,16.833,16.445,13.472,12.595,15.95,20,18,5,2341624.8,77,76,69,69,105,104,103,101,20.312,20.27,22.393,22.301,2396.488,94058,29722,0,584,6384,4,6,0,0,0,28,23,14,20,9,9,FALSE,0,FALSE
513.2614,16.844,16.457,13.472,12.595,15.937,20,18,5,2341496,74,73,69,70,105,104,103,101,20.312,20.27,22.391,22.299,2422.188,94058,29722,0,533,6384,4,6,0,0,0,28,23,14,20,9,9,FALSE,0,FALSE
513.76373,16.854,16.467,13.472,12.595,15.923,20,18,5,2334991.8,73,72,69,69,105,104,103,101,20.311,20.269,22.388,22.297,2450.033,94058,29722,0,533,6333,4,6,0,0,0,28,23,14,20,9,9,FALSE,0,FALSE
514.2662,16.862,16.476,13.472,12.595,15.91,20,18,5,2332907.8,72,72,70,69,105,104,103,101,20.31,20.268,22.385,22.295,2479.926,94058,29722,0,517,6333,4,6,0,0,0,28,23,14,20,9,9,FALSE,0,FALSE
514.76245,16.87,16.483,13.472,12.595,15.897,20,18,5,2324690.5,72,72,70,69,105,104,103,101,20.307,20.266,22.381,22.292,2511.445,94058,29722,0,500,6333,4,6,0,0,0,28,23,14,20,9,9,FALSE,0,FALSE
515.26184,16.878,16.492,13.473,12.596,15.883,20,18,5,2316051.2,72,72,70,71,105,104,102,101,20.305,20.263,22.377,22.288,2544.617,94058,29722,0,500,6333,4,6,0,0,0,28,23,14,20,9,9,FALSE,0,FALSE
515.76685,16.889,16.506,13.482,12.604,15.869,20,18,5,2307411.2,73,74,72,73,105,104,102,101,20.302,20.261,22.373,22.285,2579.266,94058,29722,0,483,6283,4,6,0,0,0,28,23,14,20,9,9,FALSE,0,FALSE
516.26575,16.91,16.534,13.505,12.628,15.857,20,18,5,2304135.8,75,78,75,77,104,104,102,101,20.299,20.26,22.369,22.282,2614.373,94058,29722,0,483,6283,4,6,0,0,0,28,23,14,20,9,9,FALSE,0,FALSE
516.7658,16.934,16.565,13.537,12.659,15.853,20,18,5,2329165.8,76,79,78,80,104,104,102,101,20.298,20.26,22.367,22.282,2649.465,94058,29722,0,483,6283,4,6,0,0,0,28,23,14,20,9,9,FALSE,0,FALSE
517.2641,16.958,16.594,13.563,12.685,15.851,20,18,5,2356834.5,76,79,78,80,104,104,102,101,20.299,20.263,22.37,22.287,2678.148,94058,29722,0,483,6283,4,6,0,0,0,28,23,14,20,9,9,FALSE,0,FALSE
517.76154,16.974,16.613,13.58,12.702,15.85,20,18,5,2380886.2,75,78,78,80,105,104,102,101,20.301,20.267,22.374,22.292,2699.586,94058,29722,0,500,6300,4,6,0,0,0,28,23,14,20,9,9,FALSE,0,FALSE
518.26215,16.99,16.632,13.598,12.722,15.85,20,18,5,2400289.2,76,79,79,82,105,104,102,101,20.304,20.271,22.378,22.298,2716.584,94058,29722,0,500,6300,4,6,0,0,0,28,23,14,20,9,9,FALSE,0,FALSE
518.76215,17.001,16.647,13.612,12.738,15.85,20,18,5,2415920.5,75,79,79,83,105,104,103,101,20.306,20.276,22.383,22.305,2730.135,94058,29722,0,500,6350,4,6,0,0,0,28,23,14,20,9,9,FALSE,0,FALSE
519.2666,17.008,16.655,13.627,12.763,15.85,20,18,5,2426835.5,74,77,80,89,105,104,103,101,20.308,20.281,22.388,22.313,2740.383,94058,29722,0,533,6350,4,6,0,0,0,28,23,14,20,9,9,FALSE,0,FALSE
519.7661,17.014,16.662,13.638,12.783,15.848,20,18,5,2432143,74,76,79,90,105,104,103,102,20.31,20.284,22.393,22.323,2761.52,94058,29722,0,533,6350,4,6,0,0,0,28,23,14,20,9,9,FALSE,0,FALSE
520.26184,17.022,16.672,13.645,12.79,15.844,20,18,5,2437578,74,77,77,84,105,104,103,102,20.312,20.287,22.397,22.332,2772.457,94058,29722,0,533,6350,4,6,0,0,0,28,23,14,20,9,9,FALSE,0,FALSE
520.765,17.031,16.681,13.648,12.794,15.838,20,18,5,2443369.2,74,77,73,78,105,104,103,102,20.313,20.29,22.4,22.337,2783.955,94058,29722,0,533,6350,4,6,0,0,0,28,23,14,20,9,9,FALSE,0,FALSE
521.26324,17.052,16.698,13.649,12.795,15.829,20,18,5,2447387,80,80,71,73,105,104,103,102,20.316,20.294,22.401,22.34,2798.166,94058,29722,0,516,6350,4,6,0,0,0,28,23,14,20,9,9,FALSE,0,FALSE
521.7656,17.077,16.722,13.649,12.795,15.817,20,18,5,2452780.2,83,83,69,70,105,104,103,102,20.321,20.298,22.4,22.341,2814.945,94058,29722,0,516,6350,4,6,0,0,0,28,23,14,20,9,9,FALSE,0,FALSE
522.26355,17.105,16.75,13.649,12.795,15.806,20,18,5,2458795.2,82,82,68,69,105,105,103,102,20.327,20.305,22.399,22.34,2834.477,94058,29722,0,516,6350,4,6,0,0,0,28,23,14,20,9,9,FALSE,0,FALSE
522.7642,17.124,16.769,13.649,12.795,15.792,20,18,5,2454868,78,78,69,69,105,105,103,102,20.33,20.308,22.397,22.339,2856.803,94058,29722,0,483,6316,4,6,0,0,0,28,23,14,20,9,9,FALSE,0,FALSE
523.2652,17.138,16.782,13.649,12.795,15.78,20,18,5,2454834.5,74,74,69,69,105,105,103,102,20.331,20.309,22.395,22.337,2881.809,94058,29722,0,483,6316,4,6,0,0,0,28,23,14,20,9,9,FALSE,0,FALSE
523.7656,17.148,16.792,13.649,12.795,15.766,20,18,5,2448546,72,72,69,70,105,105,103,102,20.33,20.308,22.392,22.335,2909.137,94058,29722,0,450,6300,4,6,0,0,0,28,23,14,20,9,9,FALSE,0,FALSE
524.2626,17.157,16.801,13.649,12.795,15.754,20,18,5,2446470.5,71,72,70,70,105,105,103,102,20.328,20.307,22.389,22.333,2938.658,94058,29722,0,450,6300,4,6,0,0,0,28,23,14,20,9,9,FALSE,0,FALSE
524.7658,17.164,16.809,13.649,12.795,15.74,20,18,5,2438301.8,71,71,70,70,105,105,103,102,20.325,20.304,22.385,22.33,2970.123,94058,29722,0,433,6283,4,6,0,0,0,28,23,14,20,9,9,FALSE,0,FALSE
525.2631,17.172,16.817,13.649,12.795,15.726,20,18,5,2429662.8,71,71,70,70,105,105,103,102,20.323,20.302,22.381,22.326,3003.422,94058,29722,0,417,6283,4,6,0,0,0,28,23,14,20,9,9,FALSE,0,FALSE
525.7589,17.179,16.823,13.649,12.795,15.714,20,18,5,2426548.5,71,71,71,70,105,104,102,102,20.319,20.299,22.377,22.322,3037.064,94058,29722,0,417,6267,4,6,0,0,0,28,23,14,20,9,9,FALSE,0,FALSE
526.2597,17.185,16.83,13.649,12.795,15.7,20,18,5,2417620.5,71,71,71,71,105,104,102,101,20.315,20.295,22.372,22.317,3074.385,94058,29722,0,400,6267,4,6,0,0,0,28,23,14,20,9,9,FALSE,0,FALSE
526.76434,17.192,16.836,13.649,12.795,15.686,20,18,5,2408980.5,71,71,71,71,105,104,102,101,20.311,20.291,22.367,22.312,3111.828,94058,29722,0,400,6250,4,6,0,0,0,28,23,14,20,9,9,FALSE,0,FALSE
527.2622,17.198,16.843,13.649,12.795,15.672,20,18,5,2400340.5,71,71,71,71,105,104,102,101,20.307,20.287,22.361,22.307,3150.469,94058,29722,0,400,6250,4,6,0,0,0,28,23,14,20,9,9,FALSE,0,FALSE
527.7631,17.204,16.849,13.649,12.795,15.66,20,18,5,2397001.2,71,71,71,71,105,104,102,101,20.302,20.282,22.355,22.301,3190.154,94058,29722,0,367,6217,4,6,0,0,0,28,23,14,20,9,9,FALSE,0,FALSE
528.2643,17.21,16.854,13.649,12.795,15.646,20,18,5,2388361.2,71,71,71,71,104,104,102,101,20.296,20.277,22.348,22.295,3230.658,94058,29722,0,333,6217,4,6,0,0,0,28,23,14,20,9,9,FALSE,0,FALSE
528.76556,17.216,16.859,13.649,12.795,15.632,20,18,5,2379721.2,71,71,71,71,104,104,102,101,20.291,20.271,22.341,22.288,3272.004,94058,29722,0,333,6184,4,6,0,0,0,28,23,14,20,9,9,FALSE,0,FALSE
529.2621,17.222,16.865,13.649,12.795,15.619,20,18,5,2371081.2,72,71,71,72,104,104,102,101,20.285,20.265,22.334,22.281,3314.135,94058,29722,0,317,6184,4,6,0,0,0,28,23,14,20,9,9,FALSE,0,FALSE
529.7609,17.23,16.873,13.657,12.802,15.606,20,18,5,2372266.2,72,72,74,74,104,104,102,101,20.279,20.259,22.326,22.274,3356.74,94058,29722,0,284,6167,4,6,0,0,0,28,23,14,20,9,9,FALSE,0,FALSE
530.26166,17.254,16.904,13.69,12.844,15.604,20,18,5,2405326.8,75,78,78,81,104,104,102,101,20.278,20.259,22.328,22.277,3392.998,94058,29722,0,267,6167,4,6,0,0,0,28,23,14,20,9,9,FALSE,0,FALSE
530.76337,17.271,16.927,13.714,12.869,15.603,20,18,5,2434034.2,74,77,78,80,104,104,102,101,20.279,20.262,22.333,22.283,3421.281,94058,29722,0,267,6133,4,6,0,0,0,28,23,14,20,9,9,FALSE,0,FALSE
531.2628,17.297,16.962,13.75,12.913,15.603,20,18,5,2457950.5,77,82,82,88,104,104,102,101,20.282,20.267,22.34,22.291,3444.211,94058,29722,0,267,6183,4,6,0,0,0,28,23,14,20,9,9,FALSE,0,FALSE
531.7665,17.315,16.988,13.786,12.953,15.599,20,18,5,2468206.2,75,84,86,87,104,104,102,101,20.285,20.273,22.347,22.302,3467.109,94058,29722,0,300,6183,4,6,0,0,0,28,23,14,20,9,9,FALSE,0,FALSE
532.26556,17.341,17.02,13.81,12.991,15.592,20,18,5,2475155.2,80,84,82,90,104,104,102,101,20.288,20.279,22.353,22.311,3492.928,94058,29722,0,300,6200,4,6,0,0,0,28,23,14,20,9,9,FALSE,0,FALSE
532.7609,17.364,17.049,13.842,13.03,15.584,20,18,5,2481903.5,79,84,83,90,104,104,102,101,20.292,20.285,22.358,22.32,3514.85,94058,29722,0,316,6200,4,6,0,0,0,28,23,14,20,9,9,FALSE,0,FALSE
533.26117,17.394,17.086,13.87,13.065,15.574,20,18,5,2488571.5,80,86,81,87,104,104,102,102,20.295,20.291,22.363,22.328,3536.76,94058,29722,0,316,6200,4,6,0,0,0,28,23,14,20,9,9,FALSE,0,FALSE
533.7622,17.418,17.115,13.889,13.086,15.563,20,18,5,2494805,78,82,78,81,104,104,102,102,20.298,20.297,22.367,22.334,3559.641,94058,29722,0,284,6200,4,6,0,0,0,28,23,14,20,9,9,FALSE,0,FALSE
534.266,17.441,17.143,13.91,13.108,15.551,20,18,5,2502188.8,77,82,77,80,104,105,102,102,20.3,20.301,22.369,22.337,3583.912,94058,29722,0,284,6250,4,6,0,0,0,28,23,14,20,9,9,FALSE,0,FALSE
534.7643,17.485,17.193,13.935,13.136,15.538,20,18,5,2498902,84,89,78,81,105,105,102,102,20.303,20.306,22.37,22.34,3609.832,94058,29722,0,300,6250,4,6,0,0,0,28,23,14,20,9,9,FALSE,0,FALSE
535.2648,17.511,17.223,13.951,13.152,15.524,20,18,5,2492074,76,80,75,77,105,105,102,102,20.305,20.31,22.37,22.341,3637.859,94058,29722,0,300,6250,4,6,0,0,0,28,23,14,20,9,9,FALSE,0,FALSE
535.76465,17.536,17.254,13.969,13.17,15.51,20,18,5,2484447.2,75,79,75,76,105,105,102,102,20.305,20.312,22.37,22.342,3668.141,94058,29722,0,350,6250,4,6,0,0,0,28,23,14,20,9,9,FALSE,0,FALSE
536.2598,17.552,17.274,13.98,13.179,15.496,20,18,5,2476103.2,73,76,72,73,105,105,102,102,20.304,20.312,22.368,22.34,3700.484,94058,29722,0,350,6317,4,6,0,0,0,28,23,14,20,9,9,FALSE,0,FALSE
536.76306,17.565,17.285,13.986,13.186,15.484,20,18,5,2473287,75,73,74,72,105,105,102,102,20.301,20.31,22.365,22.337,3733.807,94058,29722,0,367,6317,4,6,0,0,0,28,23,14,20,9,9,FALSE,0,FALSE
537.26385,17.6,17.314,14.027,13.223,15.47,20,18,5,2464647,82,78,85,80,105,105,102,102,20.301,20.308,22.364,22.335,3767.691,94058,29722,0,384,6317,4,6,0,0,0,28,23,14,20,9,9,FALSE,0,FALSE
537.7627,17.667,17.37,14.109,13.294,15.456,20,18,5,2456007,87,83,92,86,105,105,102,102,20.303,20.309,22.366,22.335,3802.656,94058,29722,0,384,6334,4,6,0,0,0,28,23,14,20,9,9,FALSE,0,FALSE
538.26556,17.729,17.422,14.186,13.363,15.442,20,18,5,2447367,86,81,90,85,105,105,102,102,20.306,20.31,22.369,22.336,3838.709,94058,29722,0,384,6334,4,6,0,0,0,28,23,14,20,9,9,FALSE,0,FALSE
538.76624,17.792,17.475,14.262,13.431,15.429,20,18,5,2444192.2,85,81,89,85,105,105,102,102,20.309,20.31,22.371,22.337,3875.406,94058,29722,0,400,6350,4,6,0,0,0,28,23,14,20,9,9,FALSE,0,FALSE
539.26434,17.843,17.517,14.321,13.484,15.416,20,18,5,2435552.2,83,79,87,82,105,105,102,102,20.309,20.309,22.372,22.335,3911.99,94058,29722,0,400,6350,4,6,0,0,0,28,23,14,20,9,9,FALSE,0,FALSE
539.764,17.907,17.571,14.398,13.552,15.402,20,18,5,2426912.2,86,82,89,84,105,105,102,102,20.31,20.308,22.372,22.334,3947.85,94058,29722,0,400,6350,4,6,0,0,0,28,23,14,20,9,9,FALSE,0,FALSE
540.26685,17.955,17.612,14.446,13.597,15.388,20,18,5,2418272.2,81,78,80,77,105,105,102,102,20.31,20.306,22.371,22.331,3983.754,94058,29722,0,400,6350,4,6,0,0,0,28,23,14,20,9,9,FALSE,0,FALSE
540.76135,17.968,17.623,14.448,13.6,15.374,20,18,5,2409632.2,73,72,71,71,105,105,102,102,20.306,20.301,22.365,22.324,4020.854,94058,29722,40351,400,6367,4,6,0,0,0,28,23,14,20,9,9,FALSE,0,FALSE
541.26306,17.992,17.642,14.475,13.622,15.37,20,18,5,2436212.5,76,73,77,76,105,104,102,102,20.303,20.297,22.363,22.322,4055.176,94058,29722,40351,400,6367,4,6,0,0,0,28,23,14,20,9,9,FALSE,0,FALSE
541.76526,18.02,17.664,14.51,13.654,15.369,20,18,5,2464558.5,80,75,85,81,105,104,102,102,20.304,20.297,22.366,22.325,4082.121,94058,29722,40351,400,6367,4,6,0,0,0,28,23,14,20,9,9,FALSE,0,FALSE
542.2646,18.056,17.69,14.575,13.706,15.369,20,18,5,2488075.2,83,78,97,88,105,104,102,102,20.308,20.298,22.375,22.331,4104.949,94058,29722,40351,400,6384,4,6,0,0,0,28,23,14,20,9,9,FALSE,0,FALSE
542.76337,18.081,17.709,14.638,13.754,15.369,20,18,5,2507670.5,81,76,102,91,105,105,103,102,20.313,20.3,22.387,22.34,4124.932,94058,29722,40351,400,6384,4,6,0,0,0,28,23,14,20,9,9,FALSE,0,FALSE
543.26337,18.098,17.723,14.686,13.788,15.366,20,18,5,2516798.8,80,76,100,88,105,105,103,102,20.316,20.301,22.4,22.348,4144.035,94058,29722,40351,400,6333,4,6,0,0,0,28,23,14,20,9,9,FALSE,0,FALSE
543.7587,18.117,17.738,14.712,13.807,15.36,20,18,5,2523045,80,77,92,82,105,105,103,102,20.319,20.303,22.409,22.353,4163.531,94058,29722,40351,333,6333,4,6,0,0,0,28,23,14,20,9,9,FALSE,0,FALSE
544.2612,18.148,17.765,14.733,13.824,15.351,20,18,5,2529662,84,81,85,78,105,105,103,102,20.323,20.305,22.416,22.357,4183.217,94058,29722,40351,333,6467,4,6,0,0,0,28,23,14,20,9,9,FALSE,0,FALSE
544.76404,18.172,17.788,14.742,13.832,15.339,20,18,5,2530347,81,79,77,73,105,105,103,102,20.327,20.308,22.419,22.358,4203.762,94058,29722,40351,450,6467,4,6,0,0,0,28,23,14,20,9,9,FALSE,0,FALSE
545.26263,18.197,17.813,14.747,13.836,15.325,20,18,5,2525731.5,79,78,73,71,105,105,103,102,20.33,20.31,22.419,22.357,4227.164,94058,29722,40351,450,6467,4,6,0,0,0,28,23,14,20,9,9,FALSE,0,FALSE
545.7626,18.208,17.824,14.747,13.837,15.312,20,18,5,2525418.8,74,73,70,70,105,105,103,102,20.33,20.309,22.417,22.355,4253.543,94058,29722,40351,484,6500,4,6,0,0,0,28,23,14,20,9,9,FALSE,0,FALSE
546.264,18.217,17.833,14.747,13.837,15.298,20,18,5,2518575.8,73,73,70,70,105,105,103,102,20.328,20.307,22.413,22.352,4282.172,94058,29722,40351,484,6516,4,6,0,0,0,28,23,14,20,9,9,FALSE,0,FALSE
546.7615,18.224,17.841,14.747,13.837,15.286,20,18,5,2516234.8,73,73,70,70,105,105,103,102,20.325,20.305,22.41,22.349,4312.809,94058,29722,40351,500,6516,4,6,0,0,0,28,23,14,20,9,9,FALSE,0,FALSE
547.2629,18.232,17.849,14.747,13.837,15.272,20,18,5,2507749.8,72,73,71,70,105,105,103,102,20.322,20.302,22.406,22.345,4345.088,94058,29722,40351,500,6516,4,6,0,0,0,28,23,14,20,9,9,FALSE,0,FALSE
547.76025,18.239,17.856,14.747,13.837,15.258,20,18,5,2499109.8,72,72,70,70,105,104,103,102,20.319,20.299,22.401,22.341,4378.957,94058,29722,40351,500,6534,4,6,0,0,0,28,23,14,20,9,9,FALSE,0,FALSE
548.26605,18.245,17.863,14.747,13.837,15.245,20,18,5,2495804,72,72,70,70,105,104,103,102,20.315,20.295,22.396,22.336,4414.137,94058,29722,40351,484,6534,4,6,0,0,0,28,23,14,20,9,9,FALSE,0,FALSE
548.7601,18.251,17.869,14.747,13.837,15.232,20,18,5,2487164,72,72,71,70,105,104,103,102,20.31,20.291,22.39,22.331,4450.426,94058,29722,40351,484,6534,4,6,0,0,0,28,23,14,20,9,9,FALSE,0,FALSE
549.2634,18.258,17.875,14.747,13.837,15.218,20,18,5,2478524,72,72,71,71,105,104,103,102,20.306,20.286,22.384,22.325,4487.824,94058,29722,40351,500,6533,4,6,0,0,0,28,23,14,20,9,9,FALSE,0,FALSE
549.7643,18.265,17.881,14.747,13.837,15.204,20,18,5,2469884,72,72,71,71,105,104,102,101,20.301,20.281,22.378,22.319,4526.248,94058,29722,40351,500,6533,4,6,0,0,0,28,23,14,20,9,9,FALSE,0,FALSE
550.2634,18.271,17.887,14.747,13.837,15.19,20,18,5,2461244,73,73,71,71,104,104,102,101,20.295,20.276,22.371,22.312,4565.592,94058,29722,40351,484,6517,4,6,0,0,0,28,23,14,20,9,9,FALSE,0,FALSE
550.7602,18.277,17.893,14.747,13.837,15.177,20,18,5,2458005.5,73,73,72,71,104,104,102,101,20.29,20.271,22.363,22.305,4605.75,94058,29722,40351,484,6517,4,6,0,0,0,28,23,14,20,9,9,FALSE,0,FALSE
551.26196,18.283,17.899,14.747,13.837,15.164,20,18,5,2449365.5,74,74,72,72,104,104,102,101,20.284,20.265,22.356,22.298,4646.48,94058,29722,40351,466,6517,4,6,0,0,0,28,23,14,20,9,9,FALSE,0,FALSE
551.7641,18.289,17.904,14.747,13.837,15.15,20,18,5,2440725.5,73,73,72,72,104,104,102,101,20.279,20.26,22.348,22.291,4687.828,94058,29722,40351,450,6500,4,6,0,0,0,28,23,14,20,9,9,FALSE,0,FALSE
552.26373,18.295,17.91,14.747,13.837,15.136,20,18,5,2432085.5,73,73,72,72,104,104,102,101,20.272,20.254,22.34,22.283,4729.719,94058,29722,40351,450,6500,4,6,0,0,0,28,23,14,20,9,9,FALSE,0,FALSE
552.76245,18.301,17.916,14.747,13.837,15.122,20,18,5,2423445.5,73,73,72,72,104,104,102,101,20.266,20.248,22.332,22.275,4772.09,94058,29722,40351,450,6483,4,6,0,0,0,28,23,14,20,9,9,FALSE,0,FALSE
553.2643,18.308,17.923,14.75,13.839,15.109,20,18,5,2418395.2,74,74,73,73,104,103,102,101,20.259,20.241,22.323,22.266,4814.854,94058,29722,40351,433,6483,4,6,0,0,0,28,23,14,20,9,9,FALSE,0,FALSE
553.7648,18.334,17.95,14.786,13.871,15.107,20,18,5,2452982.2,75,75,78,77,104,103,102,101,20.257,20.239,22.324,22.267,4852.088,94058,29722,40351,416,6450,4,6,0,0,0,28,23,14,20,9,9,FALSE,0,FALSE
554.2625,18.357,17.978,14.812,13.894,15.106,20,18,5,2481194.2,75,77,78,77,104,103,102,101,20.259,20.241,22.329,22.273,4880.434,94058,29722,40351,416,6483,4,6,0,0,0,28,23,14,20,9,9,FALSE,0,FALSE
554.764,18.375,17.994,14.828,13.911,15.105,20,18,5,2505044.2,77,74,78,76,104,103,102,101,20.262,20.244,22.335,22.279,4902.078,94058,29722,40351,416,6483,4,6,0,0,0,28,23,14,20,9,9,FALSE,0,FALSE
555.2604,18.391,18.005,14.852,13.93,15.105,20,18,5,2525453.5,78,73,84,79,104,103,102,101,20.265,20.246,22.342,22.285,4919.477,94058,29722,40351,433,6483,4,6,0,0,0,28,23,14,20,9,9,FALSE,0,FALSE
555.76154,18.41,18.017,14.884,13.956,15.103,20,18,5,2534233.8,81,73,89,83,104,104,102,101,20.27,20.248,22.351,22.291,4936.205,94058,29722,40351,433,6550,4,6,0,0,0,28,23,14,20,9,9,FALSE,0,FALSE
556.26447,18.434,18.04,14.91,13.972,15.099,20,18,5,2542009.8,84,80,91,83,104,104,102,101,20.275,20.251,22.36,22.296,4959.469,94058,29722,40351,433,6550,4,6,0,0,0,28,23,14,20,9,9,FALSE,0,FALSE
556.7611,18.451,18.054,14.92,13.98,15.091,20,18,5,2549674.2,80,77,81,76,104,104,102,101,20.281,20.255,22.368,22.301,4975.771,94058,29722,40351,483,6550,4,6,0,0,0,28,23,14,20,9,9,FALSE,0,FALSE
557.26355,18.464,18.066,14.926,13.986,15.081,20,18,5,2557477.2,77,75,76,72,104,104,102,101,20.285,20.257,22.373,22.304,4994.129,94058,29722,40351,483,6550,4,6,0,0,0,28,23,14,20,9,9,FALSE,0,FALSE
557.763,18.478,18.08,14.931,13.991,15.069,20,18,5,2564563.5,77,75,74,71,104,104,102,101,20.287,20.259,22.375,22.306,5014.281,94058,29722,40351,467,6550,4,6,0,0,0,28,23,14,20,9,9,FALSE,0,FALSE
558.2622,18.504,18.106,14.939,13.998,15.057,20,18,5,2568294.8,80,79,74,71,104,104,102,101,20.29,20.261,22.376,22.306,5036.301,94058,29722,40351,467,6550,4,6,0,0,0,28,23,14,20,9,9,FALSE,0,FALSE
558.7597,18.523,18.124,14.943,14.003,15.044,20,18,5,2568329,77,75,72,70,104,104,102,101,20.292,20.263,22.377,22.306,5061.18,94058,29722,40351,500,6600,4,6,0,0,0,28,23,14,20,9,9,FALSE,0,FALSE
559.2606,18.537,18.137,14.944,14.004,15.03,20,18,5,2525646.2,75,74,70,70,104,104,102,101,20.293,20.264,22.376,22.305,5089.133,94058,29722,40351,500,6600,4,6,0,0,0,28,23,14,20,9,9,FALSE,0,FALSE
559.7597,18.55,18.149,14.944,14.004,15.018,20,18,5,2479929.2,74,73,70,70,104,104,102,101,20.292,20.263,22.374,22.304,5119.574,94058,29722,40351,500,6600,4,6,0,0,0,28,23,14,20,9,9,FALSE,0,FALSE
560.2586,18.56,18.159,14.944,14.004,15.004,20,18,5,2425098.5,74,73,70,71,104,104,102,101,20.292,20.261,22.371,22.302,5150.875,94058,29722,40351,500,6634,4,6,0,0,0,28,23,14,20,9,9,FALSE,0,FALSE
560.7629,18.57,18.169,14.944,14.005,14.99,20,18,5,2365563,73,73,71,71,104,104,102,101,20.29,20.26,22.368,22.299,5186.389,94058,29722,40351,483,6616,4,6,0,0,0,28,23,14,20,9,9,FALSE,0,FALSE
561.26135,18.577,18.177,14.944,14.005,14.977,20,18,5,2352566.5,73,72,71,71,104,104,102,101,20.288,20.258,22.364,22.296,5222.281,94058,29722,40351,466,6616,4,6,0,0,0,28,23,14,20,9,9,FALSE,0,FALSE
561.7582,18.583,18.182,14.944,14.005,14.964,20,18,5,2344214.5,72,72,71,71,104,104,102,101,20.285,20.255,22.36,22.293,5257.982,94058,29722,40351,466,6584,4,6,0,0,0,28,23,14,20,9,9,FALSE,0,FALSE
562.2606,18.589,18.189,14.944,14.005,14.95,20,18,5,2335286.5,73,73,71,71,104,104,102,101,20.281,20.252,22.356,22.289,5297.129,94058,29722,40351,434,6584,4,6,0,0,0,28,23,14,20,9,9,FALSE,0,FALSE
562.76263,18.596,18.195,14.944,14.005,14.936,20,18,5,2326646.5,72,72,72,71,104,104,102,101,20.278,20.248,22.351,22.284,5335.902,94058,29722,40351,434,6566,4,6,0,0,0,28,23,14,20,9,9,FALSE,0,FALSE
563.25574,18.601,18.201,14.944,14.005,14.923,20,18,5,2318294.5,72,71,72,71,104,103,102,101,20.273,20.244,22.345,22.279,5374.25,94058,29722,40351,434,6566,3,6,0,0,0,28,23,14,20,9,9,FALSE,0,FALSE
563.5671,18.605,18.204,14.944,14.005,14.915,20,18,5,2318159,71,71,72,71,104,103,102,101,20.27,20.241,22.341,22.275,5399.689,94058,29722,40351,434,6566,3,6,0,0,0,28,23,14,20,9,9,FALSE,0,FALSE
564.06757,18.61,18.209,14.944,14.005,14.901,20,18,6,2309519,72,72,72,71,104,103,102,101,20.265,20.236,22.335,22.269,31.623,93185,0,0,2300,6566,3,7,0,0,0,28,23,14,20,9,9,FALSE,0,FALSE
564.57025,18.616,18.215,14.944,14.005,14.888,20,18,6,2300879,72,71,72,71,104,103,102,101,20.259,20.231,22.328,22.263,73.125,93185,0,0,2300,6550,2,7,0,0,0,28,23,14,20,9,9,FALSE,0,FALSE
565.07043,18.622,18.221,14.944,14.005,14.874,20,18,6,2292239,72,71,72,71,104,103,101,100,20.253,20.225,22.321,22.256,115.219,93185,0,0,6534,6534,2,7,0,0,0,28,23,14,20,9,9,FALSE,0,FALSE
565.5696,18.627,18.226,14.944,14.005,14.86,20,18,6,2283599,72,72,72,72,104,103,101,100,20.247,20.219,22.314,22.249,157.906,93185,0,0,6534,6534,2,7,0,0,0,28,23,14,20,9,9,FALSE,0,FALSE
566.06824,18.633,18.232,14.944,14.005,14.846,20,18,6,2274959,72,72,72,71,103,103,101,100,20.241,20.213,22.306,22.242,201.113,93185,0,0,6483,6483,2,7,0,0,0,28,23,14,20,9,9,FALSE,0,FALSE
566.567,18.638,18.237,14.944,14.005,14.832,20,18,6,2266319,70,70,71,71,103,103,101,100,20.234,20.206,22.298,22.234,244.783,93185,0,0,6483,6483,2,7,0,0,0,28,23,14,20,9,9,FALSE,0,FALSE
567.0668,18.644,18.243,14.944,14.005,14.818,20,18,6,2257679,72,72,72,72,103,103,101,100,20.227,20.199,22.289,22.226,288.822,93185,0,0,6483,6483,2,7,0,0,0,28,23,14,20,9,9,FALSE,0,FALSE
567.56854,18.65,18.248,14.944,14.005,14.805,20,18,6,2249039,72,72,72,72,103,102,101,100,20.219,20.192,22.281,22.217,333.219,93185,0,0,6483,6483,2,7,0,0,0,28,23,14,20,9,9,FALSE,0,FALSE
568.071,18.656,18.253,14.944,14.005,14.791,20,18,6,2240399,72,72,72,72,103,102,101,100,20.212,20.184,22.272,22.209,377.91,93185,0,0,6400,6400,2,7,0,0,0,28,23,14,20,9,9,FALSE,0,FALSE
568.56494,18.661,18.259,14.944,14.005,14.777,20,18,6,2231759.2,72,72,72,72,103,102,101,99,20.204,20.177,22.262,22.2,422.832,93185,0,0,6400,6400,2,7,0,0,0,28,23,14,20,9,9,FALSE,0,FALSE
569.06537,18.666,18.264,14.944,14.005,14.763,20,18,6,2223212.8,72,72,72,72,103,102,100,99,20.196,20.169,22.253,22.191,467.973,93185,0,0,6400,6400,2,7,0,0,0,28,23,14,20,9,9,FALSE,0,FALSE
569.5674,18.671,18.269,14.944,14.005,14.749,20,18,6,2214817.5,72,72,72,72,102,102,100,99,20.187,20.161,22.243,22.181,513.332,93185,0,0,6400,6400,2,7,0,0,0,28,23,14,20,9,9,FALSE,0,FALSE
570.07086,18.677,18.275,14.944,14.005,14.736,20,18,6,2206556.2,72,72,72,72,102,102,100,99,20.179,20.152,22.234,22.172,558.879,93185,0,0,6267,6267,2,7,0,0,0,28,23,14,20,9,9,FALSE,0,FALSE
570.5718,18.684,18.282,14.948,14.008,14.723,20,18,6,2204922.8,73,73,74,73,102,102,100,99,20.17,20.144,22.224,22.163,604.414,93185,0,0,6267,6267,2,7,0,0,0,28,23,14,20,9,9,FALSE,0,FALSE
571.0674,18.709,18.306,14.979,14.04,14.721,20,18,6,2241216.2,75,75,77,77,102,102,100,99,20.167,20.142,22.225,22.163,643.676,93185,0,0,6267,6267,2,7,0,0,0,28,23,14,20,9,9,FALSE,0,FALSE
571.5711,18.732,18.329,15.004,14.065,14.72,20,18,6,2271362,76,76,78,77,102,102,100,99,20.169,20.143,22.231,22.17,673.664,93185,0,0,6217,6217,2,7,0,0,0,28,23,14,20,9,9,FALSE,0,FALSE
572.0695,18.746,18.342,15.012,14.073,14.719,20,18,6,2295197.8,73,73,74,74,102,102,100,99,20.172,20.147,22.237,22.176,696.117,93185,0,0,6217,6217,2,7,0,0,0,28,23,14,20,9,9,FALSE,0,FALSE
572.57025,18.756,18.35,15.025,14.085,14.719,20,18,6,2315066,74,72,77,75,102,102,100,99,20.175,20.15,22.243,22.182,713.484,93185,0,0,6250,6250,2,7,0,0,0,28,23,14,20,9,9,FALSE,0,FALSE
573.07,18.771,18.362,15.055,14.108,14.719,20,18,6,2330362.2,77,73,87,80,102,102,100,99,20.18,20.153,22.252,22.189,726.461,93185,0,0,6250,6250,2,7,0,0,0,28,23,14,20,9,9,FALSE,0,FALSE
573.5682,18.779,18.369,15.094,14.133,14.719,20,18,6,2341378.5,75,73,98,85,102,102,101,99,20.185,20.156,22.264,22.198,740.527,93185,0,0,6250,6250,2,7,0,0,0,28,23,14,20,9,9,FALSE,0,FALSE
574.06757,18.787,18.375,15.119,14.15,14.717,20,18,6,2346583.8,75,73,98,85,102,102,101,100,20.188,20.159,22.278,22.208,757.883,93185,0,0,6250,6250,2,7,0,0,0,28,23,14,20,9,9,FALSE,0,FALSE
574.5644,18.799,18.385,15.133,14.162,14.714,20,18,6,2351656.8,78,74,91,82,103,102,101,100,20.193,20.162,22.292,22.217,767.562,93185,0,0,6134,6134,2,7,0,0,0,28,23,14,20,9,9,FALSE,0,FALSE
575.0693,18.814,18.398,15.138,14.166,14.709,20,18,6,2357429.8,80,76,83,77,103,102,101,100,20.198,20.166,22.301,22.224,778.523,93185,0,0,6134,6134,2,7,0,0,0,28,23,14,20,9,9,FALSE,0,FALSE
575.56476,18.824,18.411,15.139,14.167,14.701,20,18,6,2360870.8,78,77,75,72,103,102,101,100,20.203,20.17,22.307,22.228,791.418,93185,0,0,6134,6134,2,7,0,0,0,28,23,14,20,9,9,FALSE,0,FALSE
576.06903,18.844,18.432,15.141,14.169,14.69,20,18,6,2364583.2,81,80,71,71,103,102,101,100,20.208,20.175,22.31,22.231,807.07,93185,0,0,6134,6134,2,7,0,0,0,28,23,14,20,9,9,FALSE,0,FALSE
576.57135,18.871,18.458,15.149,14.18,14.681,20,18,6,2373896.2,82,82,72,75,103,102,101,100,20.215,20.181,22.311,22.234,825.117,93185,0,0,6150,6150,2,7,0,0,0,28,23,14,20,9,9,FALSE,0,FALSE
577.0665,18.892,18.483,15.166,14.2,14.671,20,18,6,2380138.5,80,83,76,80,103,102,101,100,20.219,20.187,22.313,22.238,848.977,93185,0,0,6150,6150,2,7,0,0,0,28,23,14,20,9,9,FALSE,0,FALSE
577.568,18.914,18.508,15.176,14.211,14.66,20,18,6,2384845.5,78,81,74,76,103,103,101,100,20.223,20.193,22.315,22.242,871.609,93185,0,0,6150,6150,2,7,0,0,0,28,23,14,20,9,9,FALSE,0,FALSE
578.0707,18.942,18.535,15.186,14.22,14.647,20,18,6,2385278.5,79,81,73,74,103,103,101,100,20.227,20.198,22.316,22.244,894.473,93185,0,0,6150,6150,2,7,0,0,0,28,23,14,20,9,9,FALSE,0,FALSE
578.56793,18.958,18.554,15.191,14.224,14.635,20,18,6,2386374.2,75,77,70,73,103,103,101,100,20.229,20.201,22.316,22.245,920.117,93185,0,0,6150,6150,2,7,0,0,0,28,23,14,20,9,9,FALSE,0,FALSE
579.0691,18.976,18.572,15.193,14.227,14.621,20,18,6,2380077.5,74,73,67,67,103,103,101,100,20.23,20.202,22.314,22.244,948.746,93185,0,0,6150,6150,2,7,0,0,0,28,23,14,20,9,9,FALSE,0,FALSE
579.5705,18.996,18.591,15.201,14.234,14.607,20,18,6,2372975,76,75,73,71,103,103,101,100,20.23,20.203,22.312,22.241,979.508,93185,0,0,6150,6150,2,7,0,0,0,28,23,14,20,9,9,FALSE,0,FALSE
580.0692,19.014,18.606,15.209,14.243,14.594,20,18,6,2359921,76,74,74,72,103,103,101,100,20.231,20.203,22.311,22.24,1009.836,93185,0,0,6150,6150,2,7,0,0,0,28,23,14,20,9,9,FALSE,0,FALSE
580.566,19.031,18.62,15.213,14.248,14.58,20,18,6,2303182.2,74,73,72,71,103,103,101,100,20.23,20.202,22.309,22.237,1042.062,93185,0,0,6150,6150,2,7,0,0,0,28,23,14,20,9,9,FALSE,0,FALSE
581.0709,19.043,18.63,15.215,14.25,14.567,20,18,6,2245567.2,73,72,71,70,103,103,101,100,20.229,20.2,22.305,22.234,1076.168,93185,0,0,6150,6150,2,7,0,0,0,28,23,14,20,9,9,FALSE,0,FALSE
581.57074,19.053,18.64,15.215,14.25,14.553,20,18,6,2205909.8,73,72,71,71,103,103,101,100,20.227,20.198,22.302,22.23,1111.824,93185,0,0,6134,6134,2,7,0,0,0,28,23,14,20,9,9,FALSE,0,FALSE
582.06903,19.06,18.647,15.215,14.251,14.54,20,18,6,2202837.2,73,72,71,71,103,103,101,100,20.224,20.196,22.297,22.226,1148.434,93185,0,0,6134,6134,2,7,0,0,0,28,23,14,20,9,9,FALSE,0,FALSE
582.57074,19.067,18.653,15.215,14.251,14.526,20,18,6,2194197.2,73,73,71,71,103,103,101,100,20.221,20.193,22.292,22.221,1185.961,93185,0,0,6134,6134,2,7,0,0,0,28,23,14,20,9,9,FALSE,0,FALSE
583.0698,19.074,18.659,15.215,14.251,14.512,20,18,6,2185557.2,73,73,71,71,103,102,101,100,20.218,20.189,22.286,22.216,1224.328,93185,0,0,6134,6134,2,7,0,0,0,28,23,14,20,9,9,FALSE,0,FALSE
583.5718,19.081,18.666,15.215,14.251,14.499,20,18,6,2176917.2,73,73,71,71,103,102,101,100,20.214,20.186,22.28,22.211,1263.441,93185,0,0,6134,6134,2,7,0,0,0,28,23,14,20,9,9,FALSE,0,FALSE
584.0714,19.087,18.672,15.215,14.251,14.485,20,18,6,2168277.2,73,73,71,71,103,102,101,100,20.21,20.182,22.274,22.205,1303.203,93185,0,0,6100,6100,2,7,0,0,0,28,23,14,20,9,9,FALSE,0,FALSE
584.5648,19.093,18.677,15.215,14.251,14.472,20,18,6,2164995.5,73,73,71,71,103,102,101,99,20.205,20.177,22.267,22.198,1343.426,93185,0,0,6100,6100,2,7,0,0,0,28,23,14,20,9,9,FALSE,0,FALSE
585.0658,19.098,18.683,15.215,14.251,14.458,20,18,6,2156355.5,73,73,71,71,103,102,100,99,20.2,20.173,22.26,22.191,1384.059,93185,0,0,6100,6100,2,7,0,0,0,28,23,14,20,9,9,FALSE,0,FALSE
585.57166,19.108,18.693,15.225,14.26,14.447,20,18,6,2160092.8,74,74,75,75,103,102,100,99,20.195,20.168,22.254,22.185,1424.699,93185,0,0,6100,6100,2,7,0,0,0,28,23,14,20,9,9,FALSE,0,FALSE
586.0619,19.136,18.72,15.273,14.293,14.445,20,18,6,2191505.5,76,78,86,79,103,102,100,99,20.195,20.168,22.257,22.188,1458.312,93185,0,0,6100,6100,2,7,0,0,0,28,23,14,20,9,9,FALSE,0,FALSE
586.5707,19.149,18.745,15.285,14.302,14.444,20,18,6,2217676.8,74,74,77,74,103,102,101,99,20.198,20.172,22.263,22.194,1484.617,93185,0,0,6133,6133,2,7,0,0,0,28,23,14,20,9,9,FALSE,0,FALSE
587.07135,19.171,18.763,15.315,14.328,14.444,20,18,6,2240191.2,79,75,85,80,103,102,101,99,20.201,20.175,22.27,22.199,1505.562,93185,0,0,6133,6133,2,7,0,0,0,28,23,14,20,9,9,FALSE,0,FALSE
587.5705,19.202,18.786,15.366,14.369,14.444,20,18,6,2257280.8,84,79,97,88,103,102,101,100,20.208,20.18,22.281,22.208,1521.719,93185,0,0,6133,6133,2,7,0,0,0,28,23,14,20,9,9,FALSE,0,FALSE
588.06854,19.216,18.796,15.405,14.404,14.442,20,18,6,2265251,81,75,97,91,103,102,101,100,20.215,20.184,22.295,22.219,1544.691,93185,0,0,6133,6133,2,7,0,0,0,28,23,14,20,9,9,FALSE,0,FALSE
588.56146,19.232,18.809,15.431,14.423,14.437,20,18,6,2271233,80,75,92,84,103,102,101,100,20.22,20.187,22.307,22.229,1566.09,93185,0,0,6133,6133,2,7,0,0,0,28,23,14,20,9,9,FALSE,0,FALSE
589.07007,19.252,18.826,15.449,14.435,14.43,20,18,6,2277340.8,82,78,86,79,103,102,101,100,20.226,20.191,22.316,22.236,1583.191,93185,0,0,6184,6184,2,7,0,0,0,28,23,14,20,9,9,FALSE,0,FALSE
589.5675,19.27,18.843,15.458,14.444,14.422,20,18,6,2280436.8,81,78,79,75,103,103,102,100,20.231,20.194,22.322,22.24,1600.582,93185,0,0,6184,6184,2,7,0,0,0,28,23,14,20,9,9,FALSE,0,FALSE
590.0689,19.293,18.868,15.463,14.448,14.411,20,18,6,2279157.2,82,80,74,72,103,103,102,100,20.236,20.198,22.325,22.242,1619.203,93185,0,0,6184,6184,2,7,0,0,0,28,23,14,20,9,9,FALSE,0,FALSE
590.5644,19.312,18.887,15.466,14.452,14.398,20,18,6,2275728.5,78,77,72,70,103,103,102,100,20.24,20.202,22.326,22.243,1641.023,93185,0,0,6184,6184,2,7,0,0,0,28,23,14,20,9,9,FALSE,0,FALSE
591.0666,19.337,18.912,15.468,14.454,14.385,20,18,6,2249163,78,79,72,69,103,103,102,100,20.243,20.205,22.326,22.243,1665.527,93185,0,0,6116,6116,2,7,0,0,0,28,23,14,20,9,9,FALSE,0,FALSE
591.5679,19.356,18.93,15.468,14.454,14.372,20,18,6,2209619.8,75,74,69,69,103,103,102,100,20.245,20.207,22.325,22.242,1692.578,93185,0,0,6067,6067,2,7,0,0,0,28,23,14,20,9,9,FALSE,0,FALSE
592.0676,19.368,18.943,15.469,14.455,14.359,20,18,6,2171706.5,74,74,71,71,103,103,102,100,20.245,20.208,22.323,22.24,1721.992,93185,0,0,6067,6067,2,7,0,0,0,28,23,14,20,9,9,FALSE,0,FALSE
592.56775,19.378,18.955,15.475,14.46,14.345,20,18,6,2163758.8,73,74,71,72,103,103,101,100,20.244,20.208,22.321,22.239,1752.957,93185,0,0,6033,6033,2,7,0,0,0,28,23,14,20,9,9,FALSE,0,FALSE
593.06775,19.396,18.978,15.49,14.475,14.332,20,18,6,2155198.5,74,76,73,75,103,103,101,100,20.243,20.208,22.319,22.238,1785.492,93185,0,0,6033,6033,2,7,0,0,0,28,23,14,20,9,9,FALSE,0,FALSE
593.56885,19.414,19.002,15.508,14.492,14.318,20,18,6,2146558.5,76,78,75,77,103,103,101,100,20.242,20.208,22.317,22.237,1820.199,93185,29664,0,6016,6016,2,7,0,0,0,28,23,14,20,9,9,FALSE,0,FALSE
594.0698,19.436,19.022,15.53,14.512,14.312,20,18,6,2167166,77,74,79,77,103,103,101,100,20.242,20.209,22.316,22.237,1854.562,93185,29664,0,6016,6016,2,7,0,0,0,28,23,14,20,9,9,FALSE,0,FALSE
594.5701,19.482,19.058,15.604,14.573,14.312,20,18,6,2195966.5,84,79,95,87,103,103,102,100,20.245,20.21,22.322,22.24,1883.113,93185,29664,0,6000,6000,2,7,0,0,0,28,23,14,20,9,9,FALSE,0,FALSE
595.06757,19.522,19.084,15.677,14.643,14.31,20,18,6,2205066.8,87,76,94,94,104,103,102,100,20.25,20.213,22.331,22.247,1911.641,93185,29664,0,6000,6000,2,7,0,0,0,28,23,14,20,9,9,FALSE,0,FALSE
595.56934,19.573,19.12,15.733,14.691,14.303,20,18,6,2211168.2,87,79,92,86,104,103,102,100,20.258,20.215,22.339,22.254,1939.898,93185,29664,0,6000,6000,2,7,0,0,0,28,23,14,20,9,9,FALSE,0,FALSE
596.072,19.602,19.144,15.758,14.712,14.292,20,18,6,2213025.8,81,76,81,77,104,103,102,100,20.262,20.217,22.343,22.257,1966.078,93185,29664,0,6016,6016,2,7,0,0,0,28,23,14,16,9,9,FALSE,0,FALSE
596.57153,19.626,19.168,15.771,14.727,14.278,20,18,6,2207673.5,78,78,75,77,104,103,102,100,20.263,20.217,22.342,22.256,1993.719,93185,29664,0,6016,6016,2,7,0,0,0,28,23,14,16,9,9,FALSE,0,FALSE
597.0676,19.663,19.211,15.805,14.768,14.265,20,18,6,2207477.8,80,83,79,85,104,103,102,100,20.264,20.22,22.341,22.257,2024.469,93185,29664,0,6016,6016,2,7,0,0,0,28,23,14,16,9,9,FALSE,0,FALSE
597.57007,19.71,19.264,15.85,14.826,14.252,20,18,6,2202185.5,83,86,82,88,104,103,102,100,20.266,20.224,22.341,22.261,2056.277,93185,29664,0,6016,6016,2,7,0,0,0,28,23,14,16,9,9,FALSE,0,FALSE
598.07086,19.753,19.315,15.894,14.878,14.239,20,18,6,2199808.2,80,84,81,85,104,103,102,101,20.268,20.227,22.341,22.264,2086.773,93185,29664,0,6033,6033,2,7,0,0,0,28,23,14,16,9,9,FALSE,0,FALSE
598.56665,19.798,19.367,15.928,14.911,14.225,20,18,6,2191522.5,79,84,76,76,104,103,102,101,20.269,20.23,22.34,22.264,2118.949,93185,29664,0,6033,6033,2,7,0,0,0,28,23,14,16,9,9,FALSE,0,FALSE
599.06915,19.812,19.384,15.937,14.917,14.211,20,18,6,2182882.5,73,76,73,72,104,103,102,100,20.266,20.23,22.336,22.261,2152.215,93185,29664,0,6033,6033,2,7,0,0,0,28,23,14,16,9,9,FALSE,0,FALSE
599.56854,19.823,19.397,15.947,14.927,14.201,20,18,6,2188303.5,74,75,76,76,104,103,102,100,20.263,20.227,22.332,22.257,2186.145,93185,29664,0,6017,6017,2,7,0,0,0,28,23,14,16,9,9,FALSE,0,FALSE
600.0685,19.841,19.416,15.966,14.946,14.199,20,18,6,2216548.2,75,74,76,76,104,103,102,100,20.263,20.228,22.334,22.26,2213.652,93185,29664,0,6017,6017,2,7,0,0,0,28,23,14,16,9,9,FALSE,0,FALSE
600.5728,19.851,19.424,15.975,14.955,14.199,20,18,6,2241262.5,74,72,76,74,104,103,102,101,20.264,20.229,22.338,22.263,2235.262,93185,29664,0,6066,6066,2,7,0,0,0,28,23,14,16,9,9,FALSE,0,FALSE
601.07007,19.869,19.437,15.999,14.975,14.199,20,18,6,2261090.2,78,74,83,78,104,103,102,101,20.267,20.23,22.343,22.268,2252.422,93185,29664,0,6066,6066,2,7,0,0,0,28,23,14,15,9,9,FALSE,0,FALSE
601.5701,19.886,19.451,16.034,15.001,14.199,20,18,6,2276842.2,80,76,92,83,104,103,102,101,20.271,20.233,22.352,22.274,2265.336,93185,29664,0,6066,6066,2,7,0,0,0,28,23,14,15,9,9,FALSE,0,FALSE
602.0699,19.894,19.458,16.068,15.024,14.198,20,18,6,2286411.2,77,74,98,86,104,103,102,101,20.275,20.236,22.364,22.282,2278.824,93185,29664,0,6066,6066,2,7,0,0,0,28,23,14,15,9,9,FALSE,0,FALSE
602.5673,19.904,19.466,16.088,15.04,14.195,20,18,6,2291898.5,78,74,94,84,104,103,102,101,20.279,20.238,22.376,22.291,2293.426,93185,29664,0,5916,5916,2,7,0,0,0,28,23,14,15,9,9,FALSE,0,FALSE
603.07153,19.918,19.477,16.098,15.048,14.19,20,18,6,2297802.2,80,75,87,80,104,103,103,101,20.283,20.24,22.386,22.297,2305.363,93185,29664,0,5916,5916,2,7,0,0,0,28,23,14,15,9,9,FALSE,0,FALSE
603.56995,19.93,19.488,16.106,15.055,14.184,20,18,6,2304335.8,79,76,82,76,104,103,103,101,20.287,20.242,22.392,22.301,2317.691,93185,29664,0,5916,5916,2,7,0,0,0,28,23,14,15,9,9,FALSE,0,FALSE
604.0703,19.945,19.504,16.11,15.058,14.175,20,18,6,2311131.5,80,78,76,72,104,103,103,101,20.291,20.245,22.396,22.303,2331.672,93185,29664,0,5916,5916,2,7,0,0,0,28,23,14,15,9,9,FALSE,0,FALSE
604.56866,19.96,19.521,16.111,15.059,14.164,20,18,6,2316853.8,79,79,72,70,104,104,103,101,20.294,20.248,22.397,22.304,2348.164,93185,29664,0,5916,5916,2,7,0,0,0,28,23,14,15,9,9,FALSE,0,FALSE
605.0706,19.984,19.547,16.111,15.059,14.152,20,18,6,2325000,80,80,70,69,104,104,103,101,20.298,20.252,22.396,22.303,2368.02,93185,29664,0,6033,6033,2,7,0,0,0,28,23,14,15,9,9,FALSE,0,FALSE
605.56525,20,19.564,16.111,15.059,14.139,20,18,6,2321250.2,77,76,69,69,105,104,103,101,20.3,20.255,22.395,22.302,2390.582,93185,29664,0,6033,6033,2,7,0,0,0,28,23,14,15,9,9,FALSE,0,FALSE
606.06665,20.014,19.579,16.111,15.059,14.126,20,18,6,2301754.8,76,75,69,70,105,104,103,101,20.301,20.256,22.393,22.301,2415.805,93185,29664,0,6033,6033,2,7,0,0,0,28,23,14,15,9,9,FALSE,0,FALSE
606.5677,20.025,19.591,16.111,15.059,14.112,20,18,6,2276821.2,74,73,69,70,105,104,103,101,20.301,20.256,22.39,22.299,2443.359,93185,29664,0,6033,6033,2,7,0,0,0,28,23,14,15,9,9,FALSE,0,FALSE
607.067,20.034,19.6,16.111,15.059,14.098,20,18,6,2269462,73,72,70,70,104,104,103,101,20.299,20.255,22.387,22.296,2472.977,93185,29664,0,5950,5950,2,7,0,0,0,28,23,14,15,9,9,FALSE,0,FALSE
607.56805,20.041,19.608,16.111,15.059,14.086,20,18,6,2266736.5,72,72,70,70,104,104,103,101,20.297,20.253,22.383,22.293,2504.18,93185,29664,0,5950,5950,2,7,0,0,0,28,23,14,15,9,9,FALSE,0,FALSE
608.06775,20.049,19.616,16.112,15.06,14.072,20,18,6,2258118.5,73,73,70,71,104,104,102,101,20.295,20.251,22.379,22.29,2536.988,93185,29664,0,5950,5950,2,7,0,0,0,28,23,14,15,9,9,FALSE,0,FALSE
608.56476,20.059,19.63,16.12,15.068,14.058,20,18,6,2249478.5,73,75,73,74,104,104,102,101,20.292,20.249,22.375,22.287,2571.293,93185,29664,0,5950,5950,2,7,0,0,0,28,23,14,15,9,9,FALSE,0,FALSE
609.06696,20.082,19.658,16.144,15.092,14.045,20,18,6,2246264.5,75,78,76,78,104,104,102,101,20.29,20.248,22.372,22.284,2606.242,93185,29664,0,5967,5967,2,7,0,0,0,28,23,14,15,9,9,FALSE,0,FALSE
609.56555,20.111,19.695,16.18,15.128,14.034,20,18,6,2250683.8,76,79,78,81,104,104,102,101,20.288,20.248,22.369,22.284,2642.312,93185,29664,0,5967,5967,2,7,0,0,0,28,23,14,15,9,9,FALSE,0,FALSE
610.0715,20.132,19.722,16.205,15.153,14.033,20,18,6,2280056,75,78,77,79,104,104,102,101,20.288,20.25,22.37,22.286,2675.172,93185,29664,0,6017,6017,2,7,0,0,0,28,23,14,15,9,9,FALSE,0,FALSE
610.5689,20.152,19.746,16.227,15.175,14.032,20,18,6,2306569.5,76,79,79,80,104,104,102,101,20.289,20.253,22.372,22.29,2699.781,93185,29664,0,6017,6017,2,7,0,0,0,28,23,14,15,9,9,FALSE,0,FALSE
611.0689,20.175,19.773,16.251,15.2,14.032,20,18,6,2328463.5,79,82,81,84,104,104,102,101,20.292,20.258,22.377,22.296,2719.039,93185,29664,0,5917,5917,2,7,0,0,0,28,23,14,15,9,9,FALSE,0,FALSE
611.5672,20.21,19.815,16.277,15.233,14.032,20,18,6,2344996.8,87,93,85,91,104,104,103,101,20.298,20.267,22.384,22.305,2734.223,93185,29664,0,5917,5917,2,7,0,0,0,28,23,14,15,9,9,FALSE,0,FALSE
612.0713,20.255,19.865,16.309,15.284,14.032,20,18,6,2354503,98,104,91,105,105,104,103,101,20.309,20.281,22.392,22.318,2745.484,93185,29664,0,5917,5917,2,7,0,0,0,28,23,14,15,9,9,FALSE,0,FALSE
612.5699,20.287,19.903,16.339,15.331,14.03,20,18,6,2359290.2,99,105,95,112,105,104,103,102,20.324,20.298,22.403,22.336,2758.406,93185,29664,0,5917,5917,2,7,0,0,0,28,23,14,15,9,9,FALSE,0,FALSE
613.0698,20.295,19.911,16.347,15.342,14.027,20,18,6,2364028.5,87,91,87,101,105,105,103,102,20.334,20.312,22.412,22.352,2767.598,93185,29664,0,6000,6000,2,7,0,0,0,28,23,14,15,9,9,FALSE,0,FALSE
613.56635,20.306,19.922,16.35,15.346,14.022,20,18,6,2368573,82,85,80,88,105,105,103,102,20.34,20.32,22.417,22.363,2777.422,93185,29664,0,6000,6000,2,7,0,0,0,28,23,14,15,9,9,FALSE,0,FALSE
614.0712,20.315,19.93,16.351,15.346,14.014,20,18,6,2371190,78,79,74,78,105,105,103,102,20.344,20.325,22.42,22.368,2790.168,93185,29664,0,6000,6000,2,7,0,0,0,28,23,14,15,9,9,FALSE,0,FALSE
614.56586,20.33,19.945,16.351,15.346,14.004,20,18,6,2374198,79,80,71,72,105,105,103,102,20.347,20.328,22.42,22.37,2805.473,93185,29664,0,6000,6000,2,7,0,0,0,28,23,14,15,9,9,FALSE,0,FALSE
615.0644,20.355,19.97,16.351,15.346,13.992,20,18,6,2372652.2,83,83,69,70,105,105,103,102,20.35,20.332,22.419,22.37,2823.492,93185,29664,0,6000,6000,2,7,0,0,0,28,23,14,15,9,9,FALSE,0,FALSE
615.56525,20.383,19.998,16.351,15.346,13.98,20,18,6,2358259,82,82,69,69,106,105,103,102,20.355,20.337,22.417,22.369,2844.312,93185,29664,0,6150,6150,2,7,0,0,0,28,23,14,15,9,9,FALSE,0,FALSE
616.07025,20.405,20.019,16.351,15.346,13.967,20,18,6,2332635.5,78,78,69,69,106,105,103,102,20.358,20.34,22.415,22.367,2868.129,93185,29664,0,6117,6117,2,7,0,0,0,28,23,14,15,9,9,FALSE,0,FALSE
616.5681,20.417,20.031,16.351,15.346,13.954,20,18,6,2293737,75,75,70,70,106,105,103,102,20.358,20.34,22.412,22.364,2894.477,93185,29664,0,6117,6117,2,7,0,0,0,28,23,14,15,9,9,FALSE,0,FALSE
617.0656,20.429,20.043,16.351,15.346,13.94,20,18,6,2247018,74,74,70,70,106,105,103,102,20.357,20.34,22.409,22.362,2923.348,93185,29664,0,6117,6117,2,7,0,0,0,28,23,14,15,9,9,FALSE,0,FALSE
617.5669,20.436,20.05,16.351,15.346,13.928,20,18,6,2240211.2,73,73,70,70,106,105,103,102,20.355,20.338,22.405,22.359,2954.109,93185,29664,0,6083,6083,2,7,0,0,0,28,23,14,15,9,9,FALSE,0,FALSE
618.06805,20.444,20.058,16.351,15.346,13.914,20,18,6,2231663,73,73,71,71,105,105,103,102,20.352,20.336,22.402,22.355,2986.602,93185,29664,0,6083,6083,2,7,0,0,0,28,23,14,15,9,9,FALSE,0,FALSE
618.5652,20.451,20.066,16.351,15.346,13.9,20,18,6,2223023,73,73,71,71,105,105,103,102,20.35,20.333,22.397,22.351,3020.594,93185,29664,0,6083,6083,2,7,0,0,0,28,23,14,15,9,9,FALSE,0,FALSE
619.068,20.457,20.073,16.351,15.346,13.888,20,18,6,2219663,73,73,71,71,105,105,103,102,20.346,20.33,22.392,22.347,3055.746,93185,29664,0,6084,6084,2,7,0,0,0,28,23,14,15,9,9,FALSE,0,FALSE
619.56976,20.463,20.08,16.351,15.346,13.874,20,18,6,2211023,73,73,71,71,105,105,103,102,20.343,20.327,22.387,22.342,3091.938,93185,29664,0,6084,6084,2,7,0,0,0,28,23,14,15,9,9,FALSE,0,FALSE
620.07117,20.47,20.087,16.351,15.346,13.86,20,18,6,2202383,73,72,71,71,105,105,103,102,20.339,20.323,22.382,22.337,3129.133,93185,29664,0,6100,6100,2,7,0,0,0,28,23,14,15,9,9,FALSE,0,FALSE
620.5652,20.476,20.094,16.351,15.346,13.846,20,18,6,2193743,73,73,71,71,105,105,102,102,20.334,20.319,22.375,22.331,3167.242,93185,29664,0,6100,6100,2,7,0,0,0,28,23,14,15,9,9,FALSE,0,FALSE
621.0682,20.483,20.101,16.351,15.346,13.832,20,18,6,2185103,73,73,72,71,105,105,102,102,20.33,20.314,22.369,22.325,3206.18,93185,29664,0,6150,6150,2,7,0,0,0,28,23,14,15,9,9,FALSE,0,FALSE
621.56616,20.489,20.107,16.351,15.346,13.819,20,18,6,2176463,73,73,72,71,105,105,102,101,20.325,20.31,22.362,22.318,3245.836,93185,29664,0,6150,6150,2,7,0,0,0,28,23,14,15,9,9,FALSE,0,FALSE
622.06836,20.494,20.113,16.351,15.346,13.806,20,18,6,2173160,73,73,72,71,105,105,102,101,20.32,20.305,22.355,22.311,3285.98,93185,29664,0,6166,6166,2,7,0,0,0,28,23,14,15,9,9,FALSE,0,FALSE
622.56464,20.501,20.119,16.351,15.347,13.792,20,18,6,2164520,74,74,72,72,105,104,102,101,20.314,20.299,22.347,22.304,3326.57,93185,29664,0,6166,6166,2,7,0,0,0,28,23,14,15,9,9,FALSE,0,FALSE
623.06445,20.511,20.129,16.361,15.356,13.781,20,18,6,2167610.8,74,75,75,75,105,104,102,101,20.308,20.294,22.34,22.297,3367.156,93185,29664,0,6167,6167,2,7,0,0,0,28,23,14,15,9,9,FALSE,0,FALSE
623.56744,20.531,20.156,16.388,15.394,13.779,20,18,6,2199285,74,76,77,79,105,104,102,101,20.307,20.293,22.341,22.299,3400.848,93185,29664,0,6167,6167,2,7,0,0,0,28,23,14,15,9,9,FALSE,0,FALSE
624.0678,20.555,20.187,16.42,15.426,13.778,20,18,6,2225913,76,82,82,84,105,104,102,101,20.309,20.296,22.346,22.306,3426.887,93185,29664,0,6184,6184,2,7,0,0,0,28,23,14,15,9,9,FALSE,0,FALSE
624.56464,20.582,20.222,16.458,15.477,13.777,20,18,6,2237611.5,79,84,84,91,105,105,102,101,20.312,20.302,22.354,22.315,3448.133,93185,29664,0,6234,6234,2,7,0,0,0,28,23,14,15,9,9,FALSE,0,FALSE
625.0668,20.6,20.248,16.488,15.51,13.772,20,18,6,2245081,77,84,84,88,105,105,102,102,20.314,20.307,22.36,22.325,3472.797,93185,29664,0,6234,6234,2,7,0,0,0,28,23,14,15,9,9,FALSE,0,FALSE
625.56885,20.636,20.286,16.517,15.556,13.764,20,18,6,2252054.2,84,87,84,92,105,105,102,102,20.318,20.313,22.365,22.334,3497.926,93185,29664,0,6266,6266,2,7,0,0,0,28,23,14,15,9,9,FALSE,0,FALSE
626.0707,20.659,20.314,16.546,15.592,13.755,20,18,6,2258661.2,80,84,82,89,105,105,102,102,20.321,20.318,22.37,22.342,3520.078,93185,29664,0,6266,6266,2,7,0,0,0,28,23,14,15,9,9,FALSE,0,FALSE
626.56726,20.698,20.362,16.575,15.626,13.744,20,18,6,2265261,84,90,81,86,105,105,102,102,20.325,20.324,22.375,22.349,3542.473,93185,29664,0,6266,6266,2,7,0,0,0,28,23,14,15,9,9,FALSE,0,FALSE
627.0704,20.733,20.405,16.6,15.654,13.733,20,18,6,2271557.2,82,87,79,83,105,105,102,102,20.329,20.331,22.378,22.354,3565.797,93185,29664,0,6233,6233,2,7,0,0,0,28,23,14,15,9,9,FALSE,0,FALSE
627.56824,20.756,20.432,16.616,15.671,13.72,20,18,6,2273665.2,78,82,76,78,105,105,102,102,20.33,20.335,22.379,22.357,3590.594,93185,29664,0,6266,6266,2,7,0,0,0,28,23,14,15,9,9,FALSE,0,FALSE
628.0659,20.782,20.462,16.635,15.69,13.707,20,18,6,2272998.8,78,82,76,78,105,105,102,102,20.331,20.337,22.379,22.358,3617.383,93185,29664,0,6266,6266,2,7,0,0,0,28,23,14,15,9,9,FALSE,0,FALSE
628.5638,20.809,20.494,16.654,15.71,13.693,20,18,6,2265915.8,77,81,76,77,105,105,102,102,20.331,20.339,22.379,22.359,3646.141,93185,29664,0,6266,6266,2,7,0,0,0,28,23,14,15,9,9,FALSE,0,FALSE
629.0691,20.833,20.522,16.672,15.727,13.68,20,18,6,2231063,76,80,76,76,105,105,102,102,20.33,20.34,22.377,22.358,3677.102,93185,29664,0,6266,6266,2,7,0,0,0,28,23,14,15,9,9,FALSE,0,FALSE
629.5659,20.847,20.54,16.679,15.733,13.667,20,18,6,2222602.8,73,74,72,72,105,105,102,102,20.328,20.34,22.375,22.356,3709.695,93185,29664,0,6283,6283,2,7,0,0,0,28,23,14,15,9,9,FALSE,0,FALSE
630.0703,20.868,20.556,16.694,15.749,13.653,20,18,6,2213962.8,77,75,76,74,105,105,102,102,20.325,20.337,22.372,22.352,3743.262,93185,29664,0,6283,6283,2,7,0,0,0,28,23,14,15,9,9,FALSE,0,FALSE
630.56555,20.905,20.586,16.73,15.783,13.639,20,18,6,2205322.8,82,78,82,79,105,105,102,102,20.325,20.335,22.371,22.35,3777.371,93185,29664,0,6316,6316,2,7,0,0,0,28,23,14,15,9,9,FALSE,0,FALSE
631.0677,20.959,20.632,16.799,15.845,13.626,20,18,6,2202033.5,86,82,90,86,105,105,102,102,20.326,20.334,22.372,22.349,3812.91,93185,29664,0,6316,6316,2,7,0,0,0,28,23,14,15,9,9,FALSE,0,FALSE
631.5671,21.023,20.686,16.88,15.917,13.613,20,18,6,2193393.5,86,82,92,87,105,105,102,102,20.328,20.334,22.374,22.35,3849.25,93185,29664,0,6316,6316,2,7,0,0,0,28,23,14,15,9,9,FALSE,0,FALSE
632.068,21.09,20.742,16.968,15.994,13.6,20,18,6,2184753.5,87,83,92,87,105,105,102,102,20.33,20.334,22.377,22.351,3885.73,93185,29664,0,6334,6334,2,7,0,0,0,28,23,14,15,9,9,FALSE,0,FALSE
632.5672,21.15,20.793,17.04,16.058,13.586,20,18,6,2176113.5,85,81,88,84,105,105,102,102,20.331,20.333,22.378,22.35,3922.09,93185,29664,0,6334,6334,2,7,0,0,0,28,23,14,15,9,9,FALSE,0,FALSE
633.0683,21.189,20.825,17.074,16.091,13.573,20,18,6,2167473.5,79,76,79,76,105,105,102,102,20.33,20.33,22.376,22.347,3957.785,93185,29664,0,6350,6350,2,7,0,0,0,28,23,14,15,9,9,FALSE,0,FALSE
633.5698,21.212,20.842,17.089,16.107,13.559,20,18,6,2158833.5,76,74,75,73,105,105,102,102,20.327,20.325,22.371,22.341,3993.91,93185,29664,0,6350,6350,2,7,0,0,0,28,23,14,15,9,9,FALSE,0,FALSE
634.06494,21.226,20.855,17.101,16.119,13.548,20,18,6,2163737.2,75,74,76,76,105,105,102,102,20.321,20.32,22.365,22.334,4030.629,93185,29664,40385,6367,6367,2,7,0,0,0,28,23,14,15,9,9,FALSE,0,FALSE
634.5674,21.246,20.872,17.122,16.14,13.547,20,18,6,2193250.2,75,73,77,76,105,105,102,102,20.32,20.318,22.366,22.336,4060.754,93185,29664,40385,6400,6400,2,7,0,0,0,28,23,14,15,9,9,FALSE,0,FALSE
635.0703,21.272,20.891,17.158,16.171,13.547,20,18,6,2218678.2,80,75,86,81,105,105,102,102,20.321,20.317,22.37,22.339,4085.469,93185,29664,40385,6400,6400,2,7,0,0,0,28,23,14,15,9,9,FALSE,0,FALSE
635.5645,21.303,20.914,17.204,16.208,13.547,20,18,6,2234870.2,83,77,91,83,105,105,102,102,20.324,20.318,22.378,22.344,4107.727,93185,29664,40385,6400,6400,2,7,0,0,0,28,23,14,15,9,9,FALSE,0,FALSE
636.06726,21.329,20.933,17.261,16.25,13.546,20,18,6,2246461.5,82,77,98,88,105,105,103,102,20.328,20.319,22.387,22.35,4128.578,93185,29664,40385,6367,6367,2,7,0,0,0,28,23,14,15,9,9,FALSE,0,FALSE
636.57007,21.356,20.953,17.313,16.293,13.541,20,18,6,2253526.2,84,78,99,89,105,105,103,102,20.331,20.319,22.398,22.357,4151.629,93185,29664,40385,6367,6367,2,7,0,0,0,28,23,14,15,9,9,FALSE,0,FALSE
637.0635,21.389,20.982,17.369,16.332,13.533,20,18,6,2260076.2,87,82,100,89,105,105,103,102,20.336,20.322,22.409,22.364,4172.996,93185,29664,40385,6367,6367,2,7,0,0,0,28,23,14,15,9,9,FALSE,0,FALSE
637.56714,21.45,21.035,17.403,16.357,13.523,20,18,6,2266808.2,99,93,91,83,105,105,103,102,20.343,20.327,22.418,22.368,4193.246,93185,29664,40385,6316,6316,2,7,0,0,0,28,23,14,15,9,9,FALSE,0,FALSE
638.0664,21.509,21.089,17.407,16.361,13.514,20,18,6,2271839.2,92,89,77,74,106,105,103,102,20.355,20.336,22.421,22.369,4214.148,93185,29664,40385,6316,6316,2,7,0,0,0,28,23,14,15,9,9,FALSE,0,FALSE
638.561,21.534,21.115,17.41,16.365,13.5,20,18,6,2269956,83,81,73,71,106,105,103,102,20.358,20.339,22.42,22.368,4237.434,93185,29664,40385,6316,6316,2,7,0,0,0,28,23,14,15,9,9,FALSE,0,FALSE
639.068,21.546,21.125,17.41,16.365,13.488,20,18,6,2269632.8,75,74,71,70,106,105,103,102,20.358,20.338,22.417,22.365,4263.359,93185,29664,40385,6367,6367,2,7,0,0,0,28,23,14,15,9,9,FALSE,0,FALSE
639.56226,21.558,21.138,17.41,16.365,13.474,20,18,6,2247249,75,74,70,70,106,105,103,102,20.356,20.336,22.413,22.361,4291.539,93185,29664,40385,6417,6417,2,7,0,0,0,28,23,14,15,9,9,FALSE,0,FALSE
640.0666,21.57,21.148,17.41,16.365,13.461,20,18,6,2201564.2,74,74,71,70,105,105,103,102,20.353,20.333,22.409,22.357,4321.98,93185,29664,40385,6417,6417,2,7,0,0,0,28,23,14,15,9,9,FALSE,0,FALSE
640.5641,21.581,21.16,17.41,16.365,13.448,20,18,6,2144928,74,74,69,69,105,105,103,102,20.349,20.33,22.404,22.353,4354.32,93185,29664,40385,6417,6417,2,7,0,0,0,28,23,14,15,9,9,FALSE,0,FALSE
641.0654,21.593,21.171,17.41,16.365,13.434,20,18,6,2115171.8,75,73,70,70,105,105,103,102,20.346,20.326,22.399,22.348,4388.242,93185,29664,40385,6434,6434,2,7,0,0,0,28,23,14,16,9,9,FALSE,0,FALSE
641.5656,21.6,21.178,17.41,16.365,13.421,20,18,6,2111888,73,72,71,71,105,105,103,102,20.341,20.321,22.394,22.342,4423.352,93185,29664,40385,6434,6434,2,7,0,0,0,28,23,14,16,9,9,FALSE,0,FALSE
642.06616,21.607,21.184,17.41,16.365,13.407,20,18,6,2103248,73,72,71,71,105,105,103,102,20.336,20.316,22.388,22.336,4459.488,93185,29664,40385,6434,6434,2,7,0,0,0,28,23,14,16,9,9,FALSE,0,FALSE
642.57324,21.614,21.191,17.41,16.365,13.393,20,18,6,2094606.9,73,72,71,71,105,105,103,102,20.331,20.311,22.381,22.33,4496.676,93185,29664,40385,6450,6450,2,7,0,0,0,28,23,14,16,9,9,FALSE,0,FALSE
643.0726,21.621,21.197,17.41,16.365,13.38,20,18,6,2085963.1,73,73,71,71,105,105,102,102,20.325,20.305,22.374,22.324,4534.828,93185,29664,40385,6450,6450,2,7,0,0,0,28,23,14,16,9,9,FALSE,0,FALSE
643.5742,21.627,21.203,17.41,16.365,13.366,20,18,6,2077319.4,73,73,71,71,105,104,102,101,20.319,20.299,22.367,22.317,4573.848,93185,29664,40385,6450,6450,2,7,0,0,0,28,23,14,16,9,9,FALSE,0,FALSE
644.0734,21.633,21.209,17.41,16.365,13.352,20,18,6,2068675.6,74,73,72,72,105,104,102,101,20.313,20.294,22.36,22.31,4613.641,93185,29664,40385,6450,6450,2,7,0,0,0,28,23,14,16,9,9,FALSE,0,FALSE
644.5756,21.639,21.215,17.41,16.365,13.339,20,18,6,2065399.1,74,73,72,72,105,104,102,101,20.307,20.287,22.352,22.302,4653.992,93185,29664,40385,6450,6450,2,7,0,0,0,28,23,14,16,9,9,FALSE,0,FALSE
645.07446,21.644,21.22,17.41,16.365,13.326,20,18,6,2056755.4,74,74,72,72,105,104,102,101,20.301,20.281,22.344,22.295,4694.836,93185,29664,40385,6450,6450,2,7,0,0,0,28,23,14,16,9,9,FALSE,0,FALSE
645.5739,21.65,21.226,17.41,16.365,13.312,20,18,6,2048111.6,74,74,72,72,104,104,102,101,20.294,20.275,22.336,22.287,4736.156,93185,29664,40385,6450,6450,2,7,0,0,0,28,23,14,16,9,9,FALSE,0,FALSE
646.0732,21.655,21.232,17.41,16.365,13.298,20,18,6,2039467.9,74,74,72,72,104,104,102,101,20.287,20.268,22.327,22.278,4777.875,93185,29664,40385,6433,6433,2,7,0,0,0,28,23,14,16,9,9,FALSE,0,FALSE
646.5713,21.661,21.238,17.41,16.365,13.284,20,18,6,2030824.1,74,74,72,71,104,104,101,101,20.28,20.261,22.318,22.27,4819.941,93185,29664,40385,6433,6433,2,7,0,0,0,28,23,14,16,9,9,FALSE,0,FALSE
647.07416,21.683,21.261,17.441,16.395,13.281,20,18,6,2063531,75,75,78,77,104,104,101,101,20.276,20.257,22.317,22.269,4857.531,93185,29664,40385,6417,6417,2,7,0,0,0,28,23,14,16,9,9,FALSE,0,FALSE
647.57355,21.708,21.29,17.47,16.424,13.28,20,18,6,2091712.2,78,78,80,79,104,104,102,101,20.277,20.258,22.322,22.274,4886.121,93185,29664,40385,6417,6417,2,7,0,0,0,28,23,14,16,9,9,FALSE,0,FALSE
648.07214,21.746,21.319,17.52,16.465,13.28,20,18,6,2113635.8,85,80,92,85,104,104,102,101,20.282,20.262,22.331,22.282,4908.094,93185,29664,40385,6417,6417,2,7,0,0,0,28,23,14,16,9,9,FALSE,0,FALSE
648.5745,21.779,21.343,17.564,16.499,13.28,20,18,6,2130648.5,86,79,95,86,104,104,102,101,20.289,20.267,22.343,22.291,4925.574,93185,29664,40385,6417,6417,2,7,0,0,0,28,23,14,16,9,9,FALSE,0,FALSE
649.0737,21.795,21.356,17.602,16.522,13.279,20,18,6,2139022.2,84,78,101,90,104,104,102,101,20.294,20.269,22.352,22.296,4950.191,93185,29664,40385,6417,6417,2,7,0,0,0,28,23,14,16,9,9,FALSE,0,FALSE
649.5738,21.812,21.37,17.637,16.549,13.275,20,18,6,2145421.2,82,77,97,87,104,104,102,101,20.299,20.272,22.366,22.306,4966.859,93185,29664,40385,6366,6366,2,7,0,0,0,28,23,14,16,9,9,FALSE,0,FALSE
650.0731,21.828,21.383,17.65,16.559,13.269,20,18,6,2151668.5,79,75,84,78,105,104,102,101,20.303,20.274,22.375,22.312,4983.012,93185,29664,40385,6366,6366,2,7,0,0,0,28,23,14,16,9,9,FALSE,0,FALSE
650.5775,21.842,21.397,17.654,16.564,13.258,20,18,6,2151152.8,78,76,76,73,105,104,102,101,20.306,20.276,22.38,22.315,5001.977,93185,29664,40385,6350,6350,2,7,0,0,0,28,23,14,16,9,9,FALSE,0,FALSE
651.07745,21.862,21.418,17.659,16.568,13.246,20,18,6,2147758.8,79,78,74,71,105,104,103,101,20.308,20.278,22.381,22.316,5022.25,93185,29664,40385,6350,6350,2,7,0,0,0,28,23,14,16,9,9,FALSE,0,FALSE
651.57404,21.89,21.446,17.667,16.576,13.232,20,18,6,2133821.8,82,81,74,71,105,104,103,101,20.311,20.28,22.382,22.316,5043.883,93185,29664,40385,6350,6350,2,7,0,0,0,28,23,14,16,9,9,FALSE,0,FALSE
652.07166,21.913,21.468,17.67,16.58,13.22,20,18,6,2101048.2,79,76,71,70,105,104,103,101,20.313,20.282,22.382,22.316,5069.535,93185,29664,40385,6350,6350,2,7,0,0,0,28,23,14,16,9,9,FALSE,0,FALSE
652.5749,21.931,21.483,17.671,16.581,13.206,20,18,6,2056050.6,75,74,67,67,105,104,102,101,20.314,20.282,22.38,22.314,5097.965,93185,29664,40385,6467,6467,2,7,0,0,0,28,23,14,16,9,9,FALSE,0,FALSE
653.06647,21.945,21.494,17.671,16.581,13.193,20,18,6,2010375.9,75,73,70,70,105,104,102,101,20.313,20.281,22.377,22.311,5128.418,93185,29664,40385,6467,6467,2,7,0,0,0,28,23,14,16,9,9,FALSE,0,FALSE
653.57446,21.954,21.504,17.671,16.581,13.179,20,18,6,1966898.5,74,73,71,71,105,104,102,101,20.311,20.279,22.374,22.309,5160.668,93185,29664,40385,6467,6467,2,7,0,0,0,28,23,14,16,9,9,FALSE,0,FALSE
654.0718,21.961,21.511,17.671,16.581,13.165,20,18,6,1958254.8,73,73,71,71,105,104,102,101,20.308,20.276,22.371,22.306,5194.586,93185,29664,40385,6467,6467,2,7,0,0,0,28,23,14,16,9,9,FALSE,0,FALSE
654.5731,21.968,21.517,17.671,16.581,13.153,20,18,6,1954983.6,73,73,71,71,105,104,102,101,20.305,20.273,22.367,22.302,5229.816,93185,29664,40385,6467,6467,2,7,0,0,0,28,23,14,16,9,9,FALSE,0,FALSE
655.0735,21.974,21.524,17.671,16.581,13.139,20,18,6,1946339.9,73,73,71,71,105,104,102,101,20.302,20.27,22.363,22.298,5266.051,93185,29664,40385,6483,6483,2,7,0,0,0,28,23,14,16,9,9,FALSE,0,FALSE
655.57355,21.98,21.53,17.671,16.581,13.125,20,18,6,1937696.1,73,73,71,71,104,104,102,101,20.298,20.266,22.358,22.294,5303.289,93185,29664,40385,6483,6483,2,7,0,0,0,28,23,14,16,9,9,FALSE,0,FALSE
656.07,21.987,21.536,17.671,16.581,13.111,20,18,6,1929052.4,73,73,71,71,104,104,102,101,20.294,20.262,22.353,22.289,5341.445,93185,29664,40385,6483,6483,2,7,0,0,0,28,23,14,16,9,9,FALSE,0,FALSE
656.571,21.993,21.542,17.671,16.581,13.097,20,18,6,1920408.6,73,73,72,71,104,104,102,101,20.289,20.258,22.347,22.283,5380.391,93185,29664,40385,6483,6483,2,7,0,0,0,28,23,14,16,9,9,FALSE,0,FALSE
657.07166,21.999,21.548,17.671,16.581,13.084,20,18,7,1911764.9,73,73,72,71,104,104,102,101,20.284,20.253,22.34,22.277,11.152,93246,0,0,6483,6483,2,8,0,0,0,28,23,14,16,9,9,FALSE,0,FALSE
657.571,22.004,21.553,17.671,16.581,13.071,20,18,7,1908440.2,73,73,72,71,104,104,102,101,20.279,20.248,22.334,22.271,51.324,93246,0,0,4483,4483,2,8,0,0,0,28,23,14,16,9,9,FALSE,0,FALSE
658.07385,22.01,21.559,17.671,16.581,13.057,20,18,7,1899796.5,73,73,72,72,104,103,102,101,20.274,20.243,22.327,22.264,91.922,93246,0,0,4483,4483,2,8,0,0,0,28,23,14,16,9,9,FALSE,0,FALSE
658.5734,22.016,21.565,17.671,16.581,13.044,20,18,7,1891152.8,73,73,71,71,104,103,101,100,20.268,20.237,22.319,22.257,132.973,93246,0,0,4483,4483,2,8,0,0,0,28,23,14,16,9,9,FALSE,0,FALSE
659.074,22.021,21.57,17.671,16.581,13.03,20,18,7,1882509,73,73,71,71,104,103,101,100,20.262,20.232,22.311,22.25,174.457,93246,0,0,0,0,1,8,0,0,0,28,23,14,16,9,9,FALSE,0,FALSE
659.57684,22.027,21.576,17.671,16.581,13.016,20,18,7,1873577.1,73,73,72,71,104,103,101,100,20.255,20.225,22.303,22.242,217.723,93246,0,0,0,0,1,8,0,0,0,28,23,14,16,9,9,FALSE,0,FALSE
660.07513,22.033,21.582,17.671,16.581,13.002,20,18,7,1865221.5,74,73,71,71,104,103,101,100,20.249,20.219,22.295,22.234,258.523,93246,0,0,0,0,1,8,0,0,0,28,23,14,16,9,9,FALSE,0,FALSE
660.57544,22.039,21.587,17.671,16.581,12.989,20,18,7,1856577.8,73,73,72,71,103,103,101,100,20.242,20.212,22.286,22.225,301.016,93246,0,0,0,0,1,8,0,0,0,28,23,14,16,9,9,FALSE,0,FALSE
661.0705,22.045,21.593,17.671,16.581,12.975,20,18,7,1847934,73,73,72,72,103,103,101,100,20.235,20.205,22.277,22.217,343.793,93246,0,0,0,0,1,8,0,0,0,28,23,14,16,9,9,FALSE,0,FALSE
661.5714,22.05,21.599,17.671,16.581,12.961,20,18,7,1839290.2,74,74,72,72,103,103,101,100,20.228,20.198,22.268,22.208,386.805,93246,0,0,0,0,1,8,0,0,0,28,23,14,16,9,9,FALSE,0,FALSE
662.0743,22.056,21.604,17.671,16.581,12.947,20,18,7,1830646.5,74,73,72,72,103,102,100,99,20.22,20.191,22.258,22.199,430.008,93246,0,0,0,0,1,8,0,0,0,28,23,14,16,9,9,FALSE,0,FALSE
662.5751,22.062,21.61,17.671,16.581,12.933,20,18,7,1822002.8,73,73,72,71,103,102,100,99,20.212,20.183,22.249,22.19,473.383,93246,0,0,0,0,1,8,0,0,0,28,23,14,16,9,9,FALSE,0,FALSE
663.07635,22.068,21.616,17.671,16.581,12.919,20,18,7,1813070.9,74,73,72,72,103,102,100,99,20.204,20.175,22.239,22.18,518.375,93246,0,0,0,0,1,8,0,0,0,28,23,14,16,9,9,FALSE,0,FALSE
663.57446,22.073,21.621,17.671,16.581,12.906,20,18,7,1804715.2,74,74,72,72,103,102,100,99,20.196,20.167,22.229,22.17,560.59,93246,0,0,0,0,1,8,0,0,0,28,23,14,16,9,9,FALSE,0,FALSE
664.0698,22.08,21.628,17.675,16.585,12.892,20,18,7,1800180.9,74,74,74,73,102,102,100,99,20.187,20.159,22.219,22.161,604.266,93246,0,0,0,0,1,8,0,0,0,28,23,14,16,9,9,FALSE,0,FALSE
664.57526,22.105,21.652,17.706,16.617,12.89,20,18,7,1834311.6,75,75,78,77,102,102,100,99,20.184,20.156,22.22,22.161,642.02,93246,0,0,0,0,1,8,0,0,0,28,23,14,16,9,9,FALSE,0,FALSE
665.07434,22.125,21.671,17.726,16.637,12.889,20,18,7,1862361.8,74,74,76,75,102,102,100,99,20.185,20.158,22.225,22.167,670.688,93246,0,0,0,0,1,8,0,0,0,28,23,14,16,9,9,FALSE,0,FALSE
665.5739,22.134,21.681,17.731,16.642,12.888,20,18,7,1885972.6,72,72,73,72,102,102,100,99,20.187,20.16,22.23,22.173,692.734,93246,0,0,0,0,1,8,0,0,0,28,23,14,16,9,9,FALSE,0,FALSE
666.0724,22.142,21.686,17.741,16.651,12.888,20,18,7,1906176.1,73,71,75,73,102,102,100,99,20.189,20.161,22.235,22.178,710.355,93246,0,0,0,0,1,8,0,0,0,28,23,14,16,9,9,FALSE,0,FALSE
666.57166,22.158,21.698,17.767,16.671,12.888,20,18,7,1921596.9,77,73,84,78,102,102,100,99,20.192,20.164,22.243,22.184,723.859,93246,0,0,0,0,1,8,0,0,0,28,23,14,16,9,9,FALSE,0,FALSE
667.0734,22.171,21.71,17.8,16.691,12.888,20,18,7,1933396.2,77,75,93,81,103,102,100,99,20.197,20.167,22.253,22.191,736.664,93246,0,0,0,0,1,8,0,0,0,28,23,14,16,9,9,FALSE,0,FALSE
667.57367,22.177,21.715,17.83,16.709,12.886,20,18,7,1939039.1,75,74,97,83,103,102,101,99,20.201,20.17,22.267,22.2,757.918,93246,0,0,0,0,1,8,0,0,0,28,23,14,16,9,9,FALSE,0,FALSE
668.07043,22.193,21.727,17.839,16.718,12.883,20,18,7,1944254.9,80,75,89,80,103,102,101,100,20.206,20.173,22.279,22.207,767.891,93246,0,0,0,0,1,8,0,0,0,28,23,14,16,9,9,FALSE,0,FALSE
668.57294,22.201,21.734,17.843,16.721,12.878,20,18,7,1949959.8,77,74,81,75,103,102,101,100,20.21,20.176,22.287,22.213,778.816,93246,0,0,0,0,1,8,0,0,0,28,23,14,16,9,9,FALSE,0,FALSE
669.0729,22.211,21.748,17.844,16.723,12.87,20,18,7,1954899.9,77,76,75,72,103,102,101,100,20.214,20.179,22.292,22.216,791.914,93246,0,0,0,0,1,8,0,0,0,28,23,14,16,9,9,FALSE,0,FALSE
669.5706,22.226,21.765,17.845,16.724,12.861,20,18,7,1962409.4,78,78,71,70,103,102,101,100,20.218,20.183,22.294,22.218,807.609,93246,0,0,0,0,1,8,0,0,0,28,23,14,16,9,9,FALSE,0,FALSE
670.07086,22.236,21.777,17.854,16.734,12.853,20,18,7,1967914.8,75,76,72,75,103,102,101,100,20.22,20.186,22.296,22.221,825.449,93246,0,0,0,0,1,8,0,0,0,28,23,14,16,9,9,FALSE,0,FALSE
670.5761,22.252,21.796,17.868,16.752,12.845,20,18,7,1974350,77,80,76,79,103,102,101,100,20.223,20.19,22.297,22.224,849.199,93246,0,0,0,0,1,8,0,0,0,28,23,14,16,9,9,FALSE,0,FALSE
671.07526,22.278,21.827,17.883,16.768,12.835,20,18,7,1980806.6,81,85,76,78,103,103,101,100,20.225,20.195,22.3,22.229,870.594,93246,0,0,0,0,1,8,0,0,0,28,23,14,16,9,9,FALSE,0,FALSE
671.57556,22.328,21.886,17.894,16.78,12.823,20,18,7,1986900,89,95,74,75,103,103,101,100,20.231,20.204,22.301,22.231,891.785,93246,0,0,0,0,1,8,0,0,0,28,23,14,16,9,9,FALSE,0,FALSE
672.0743,22.356,21.915,17.897,16.782,12.81,20,18,7,1977666.6,79,81,71,71,103,103,101,100,20.238,20.212,22.301,22.232,915.547,93246,0,0,0,0,1,8,0,0,0,28,23,14,16,9,9,FALSE,0,FALSE
672.5711,22.372,21.931,17.899,16.784,12.797,20,18,7,1944519.9,77,75,70,71,103,103,101,100,20.239,20.214,22.3,22.231,942.527,93246,0,0,0,0,1,8,0,0,0,28,23,14,16,9,9,FALSE,0,FALSE
673.0746,22.39,21.949,17.903,16.789,12.783,20,18,7,1899008.1,76,75,72,71,103,103,101,100,20.24,20.214,22.298,22.23,972.879,93246,0,0,0,0,1,8,0,0,0,28,23,14,16,9,9,FALSE,0,FALSE
673.57135,22.412,21.969,17.913,16.799,12.771,20,18,7,1852807.8,77,75,74,72,103,103,101,100,20.24,20.214,22.297,22.228,1003.312,93246,0,0,0,0,1,8,0,0,0,28,23,14,16,9,9,FALSE,0,FALSE
674.0719,22.428,21.982,17.917,16.803,12.757,20,18,7,1796220.9,75,73,72,71,103,103,101,100,20.24,20.213,22.295,22.226,1035.473,93246,0,0,0,0,1,8,0,0,0,28,23,14,16,9,9,FALSE,0,FALSE
674.5704,22.44,21.993,17.917,16.804,12.743,20,18,7,1738605.9,73,73,71,70,103,103,101,100,20.238,20.211,22.291,22.222,1069.516,93246,0,0,0,0,1,8,0,0,0,28,23,14,16,9,9,FALSE,0,FALSE
675.0748,22.448,22,17.917,16.804,12.73,20,18,7,1719031.1,72,72,71,70,103,103,101,100,20.236,20.208,22.287,22.219,1105.016,93246,0,0,0,0,1,8,0,0,0,28,23,14,16,9,9,FALSE,0,FALSE
675.5698,22.455,22.006,17.917,16.804,12.717,20,18,7,1710387.4,72,73,71,71,103,103,101,100,20.233,20.205,22.282,22.214,1141.52,93246,0,0,0,0,1,8,0,0,0,28,23,14,16,9,9,FALSE,0,FALSE
676.0739,22.461,22.012,17.917,16.804,12.703,20,18,7,1701743.6,72,73,71,71,103,103,101,100,20.229,20.202,22.277,22.209,1178.98,93246,0,0,0,0,1,8,0,0,0,28,23,14,16,9,9,FALSE,0,FALSE
676.57526,22.467,22.019,17.917,16.804,12.689,20,18,7,1693099.9,73,73,71,71,103,103,101,100,20.225,20.199,22.272,22.204,1217.297,93246,0,0,0,0,1,8,0,0,0,28,23,14,16,9,9,FALSE,0,FALSE
677.0706,22.473,22.025,17.917,16.804,12.675,20,18,7,1684456.1,73,73,71,71,103,103,101,99,20.221,20.195,22.266,22.199,1256.367,93246,0,0,0,0,1,8,0,0,0,28,23,14,16,9,9,FALSE,0,FALSE
677.5732,22.479,22.031,17.917,16.804,12.661,20,18,7,1675812.4,73,73,71,71,103,102,100,99,20.217,20.191,22.26,22.193,1296.094,93246,0,0,0,0,1,8,0,0,0,28,23,14,16,9,9,FALSE,0,FALSE
678.0737,22.485,22.037,17.917,16.804,12.649,20,18,7,1672527.8,73,73,71,71,103,102,100,99,20.212,20.186,22.253,22.186,1336.297,93246,0,0,0,0,1,8,0,0,0,28,23,14,16,9,9,FALSE,0,FALSE
678.57355,22.49,22.043,17.917,16.804,12.635,20,18,7,1663884,73,73,71,71,103,102,100,99,20.207,20.181,22.246,22.18,1376.891,93246,0,0,0,0,1,8,0,0,0,28,23,14,16,9,9,FALSE,0,FALSE
679.071,22.496,22.049,17.917,16.804,12.621,20,18,7,1655470.1,73,73,72,71,103,102,100,99,20.201,20.176,22.238,22.173,1417.914,93246,0,0,0,0,1,8,0,0,0,28,23,14,16,9,9,FALSE,0,FALSE
679.57,22.523,22.07,17.958,16.835,12.618,20,18,7,1687415.9,76,74,79,77,103,102,100,99,20.199,20.174,22.239,22.173,1454.484,93246,0,0,0,0,1,8,0,0,0,28,23,14,16,9,9,FALSE,0,FALSE
680.07355,22.54,22.091,17.987,16.851,12.617,20,18,7,1715947.2,75,73,78,75,103,102,100,99,20.201,20.176,22.245,22.177,1483.137,93246,0,0,0,0,1,8,0,0,0,28,23,14,16,9,9,FALSE,0,FALSE
681.07367,22.612,22.149,18.08,16.928,12.616,20,18,7,1758792.5,89,82,99,91,103,102,101,99,20.214,20.185,22.264,22.193,1523.277,93246,0,0,0,0,1,8,0,0,0,28,23,14,16,9,9,FALSE,0,FALSE
681.5745,22.631,22.162,18.126,16.967,12.614,20,18,7,1769433.4,83,76,101,92,103,102,101,100,20.223,20.19,22.278,22.205,1548.488,93246,0,0,0,0,1,8,0,0,0,28,23,14,16,9,9,FALSE,0,FALSE
682.0725,22.651,22.179,18.162,16.993,12.608,20,18,7,1776894.9,83,78,97,87,103,103,101,100,20.229,20.194,22.292,22.216,1567.965,93246,0,0,0,0,1,8,0,0,0,28,23,14,16,9,9,FALSE,0,FALSE
682.57275,22.705,22.225,18.182,17.008,12.602,20,18,7,1784789.2,98,92,89,81,103,103,101,100,20.239,20.201,22.303,22.224,1584.316,93246,0,0,0,0,1,8,0,0,0,28,23,14,16,9,9,FALSE,0,FALSE
683.07446,22.763,22.272,18.211,17.029,12.595,20,18,7,1792845.5,103,95,90,82,104,103,101,100,20.253,20.213,22.311,22.229,1599.73,93246,0,0,0,0,1,8,0,0,0,28,23,14,16,9,9,FALSE,0,FALSE
683.5739,22.805,22.31,18.223,17.04,12.587,20,18,7,1800884.8,95,90,82,77,104,103,101,100,20.268,20.225,22.318,22.234,1615.961,93246,0,0,0,0,1,8,0,0,0,28,23,14,16,9,9,FALSE,0,FALSE
684.07294,22.828,22.334,18.224,17.041,12.575,20,18,7,1807252.1,84,82,74,72,104,103,101,100,20.277,20.232,22.321,22.236,1635.27,93246,0,0,0,0,1,8,0,0,0,28,23,14,16,9,9,FALSE,0,FALSE
684.5726,22.857,22.365,18.225,17.043,12.562,20,18,7,1802169,84,84,71,70,104,103,101,100,20.281,20.236,22.321,22.237,1657.141,93246,0,0,0,0,1,8,0,0,0,28,23,14,16,9,9,FALSE,0,FALSE
685.07355,22.89,22.396,18.227,17.045,12.549,20,18,7,1769713.2,81,81,69,69,104,103,101,100,20.286,20.241,22.32,22.236,1681.863,93246,0,0,0,0,1,8,0,0,0,28,23,14,16,9,9,FALSE,0,FALSE
685.57153,22.907,22.412,18.227,17.045,12.536,20,18,7,1734097.6,75,75,70,69,104,103,101,100,20.287,20.243,22.319,22.234,1709.488,93246,0,0,0,0,1,8,0,0,0,28,23,14,16,9,9,FALSE,0,FALSE
686.07385,22.921,22.428,18.232,17.049,12.522,20,18,7,1685086.1,74,75,71,72,104,103,101,100,20.287,20.243,22.316,22.233,1739.055,93246,0,0,0,0,1,8,0,0,0,28,23,14,16,9,9,FALSE,0,FALSE
686.57465,22.938,22.449,18.246,17.063,12.509,20,18,7,1662766.9,75,77,74,76,104,103,101,100,20.286,20.243,22.315,22.232,1770.668,93246,0,0,0,0,1,8,0,0,0,28,23,14,16,9,9,FALSE,0,FALSE
687.0703,22.961,22.477,18.264,17.081,12.495,20,18,7,1654131,75,77,73,75,104,103,101,100,20.285,20.244,22.313,22.232,1803.934,93246,0,0,0,0,1,8,0,0,0,28,23,14,16,9,9,FALSE,0,FALSE
687.57355,22.97,22.487,18.266,17.082,12.481,20,18,7,1646815.8,73,74,72,71,104,103,101,100,20.283,20.243,22.31,22.23,1839.762,93246,30149,0,0,0,1,8,0,0,0,28,23,14,16,9,9,FALSE,0,FALSE
688.07135,23.003,22.515,18.314,17.124,12.479,20,18,7,1675865.4,82,78,88,83,104,103,101,100,20.283,20.242,22.312,22.231,1871.07,93246,30149,0,0,0,1,8,0,0,0,28,23,14,16,9,9,FALSE,0,FALSE
689.0693,23.106,22.597,18.476,17.255,12.471,20,18,7,1703719.1,85,80,98,89,104,104,102,100,20.299,20.253,22.336,22.248,1923.832,93246,30149,0,0,0,1,8,0,0,0,28,23,14,16,9,9,FALSE,0,FALSE
689.57355,23.145,22.629,18.513,17.285,12.462,20,18,7,1709105.5,87,81,88,81,105,104,102,100,20.304,20.256,22.344,22.254,1949.805,93246,30149,0,0,0,1,8,0,0,0,28,23,14,16,9,9,FALSE,0,FALSE
690.0713,23.171,22.65,18.522,17.293,12.45,20,18,7,1707626,78,75,75,73,105,104,102,100,20.308,20.258,22.347,22.256,1975.27,93246,30149,0,0,0,1,8,0,0,0,28,23,14,16,9,9,FALSE,0,FALSE
690.57104,23.19,22.672,18.538,17.313,12.438,20,18,7,1707403.6,77,78,75,78,105,104,102,100,20.308,20.258,22.346,22.256,2002.809,93246,30149,0,0,0,1,8,0,0,0,28,23,14,16,9,9,FALSE,0,FALSE
691.07196,23.225,22.712,18.57,17.352,12.425,20,18,7,1708490.2,81,83,78,84,105,104,102,100,20.309,20.261,22.346,22.258,2033.523,93246,30149,0,0,0,1,8,0,0,0,28,23,14,16,9,9,FALSE,0,FALSE
691.5707,23.265,22.758,18.604,17.392,12.411,20,18,7,1701690.2,81,83,79,84,105,104,102,100,20.311,20.264,22.346,22.261,2064.344,93246,30149,0,0,0,1,8,0,0,0,28,23,14,10,9,9,FALSE,0,FALSE
692.0733,23.31,22.809,18.645,17.44,12.398,20,18,7,1699392.4,82,85,80,85,105,104,102,101,20.313,20.268,22.346,22.264,2094.695,93246,30149,0,0,0,1,8,0,0,0,28,23,14,10,9,9,FALSE,0,FALSE
692.571,23.352,22.857,18.664,17.461,12.385,20,18,7,1697377.4,78,79,72,74,105,104,102,101,20.314,20.27,22.344,22.263,2126.461,93246,30149,0,0,0,1,8,0,0,0,28,23,14,10,9,9,FALSE,0,FALSE
693.0731,23.367,22.874,18.673,17.468,12.372,20,18,7,1688762.5,75,77,74,70,105,104,102,100,20.311,20.268,22.34,22.259,2159.242,93246,30149,0,0,0,1,8,0,0,0,28,23,14,10,9,9,FALSE,0,FALSE
693.5713,23.397,22.909,18.698,17.491,12.361,20,18,7,1692722.5,76,78,78,78,105,104,102,100,20.311,20.269,22.338,22.257,2192.094,93246,30149,0,0,0,1,8,0,0,0,28,23,14,10,9,9,FALSE,0,FALSE
694.07324,23.421,22.936,18.723,17.52,12.359,20,18,7,1719933.1,78,78,79,80,105,104,102,100,20.312,20.27,22.341,22.261,2218.504,93246,30149,0,0,0,1,8,0,0,0,28,23,14,10,9,9,FALSE,0,FALSE
694.571,23.441,22.953,18.74,17.536,12.359,20,18,7,1743167,78,76,80,77,105,104,102,101,20.315,20.273,22.346,22.266,2238.984,93246,30149,0,0,0,1,8,0,0,0,28,23,14,10,9,9,FALSE,0,FALSE
695.0709,23.463,22.971,18.766,17.557,12.359,20,18,7,1761604.2,82,78,86,80,105,104,102,101,20.319,20.275,22.353,22.272,2254.84,93246,30149,0,0,0,1,8,0,0,0,28,23,14,10,9,9,FALSE,0,FALSE
695.56903,23.49,22.994,18.801,17.581,12.359,20,18,7,1773180.5,87,82,95,84,105,104,102,101,20.325,20.28,22.362,22.279,2266.961,93246,30149,0,0,0,1,8,0,0,0,28,23,14,10,9,9,FALSE,0,FALSE
696.0755,23.503,23.005,18.839,17.605,12.357,20,18,7,1779568.9,82,79,101,87,105,104,102,101,20.332,20.286,22.375,22.287,2281.43,93246,30149,0,0,0,1,8,0,0,0,28,23,14,10,9,9,FALSE,0,FALSE
696.56976,23.52,23.02,18.858,17.619,12.352,20,18,7,1785589.2,84,80,94,84,105,104,103,101,20.337,20.289,22.388,22.295,2296.5,93246,30149,0,0,0,1,8,0,0,0,28,23,14,10,9,9,FALSE,0,FALSE
697.072,23.568,23.059,18.868,17.627,12.347,20,18,7,1792202.2,101,93,86,79,105,104,103,101,20.347,20.296,22.397,22.301,2308.863,93246,30149,0,0,0,1,8,0,0,0,28,23,14,10,9,9,FALSE,0,FALSE
697.5726,23.628,23.11,18.886,17.642,12.342,20,18,7,1799082.5,112,103,87,79,106,105,103,101,20.364,20.309,22.404,22.305,2320.441,93246,30149,0,0,0,1,8,0,0,0,28,23,14,10,9,9,FALSE,0,FALSE
698.0708,23.666,23.145,18.889,17.644,12.336,20,18,7,1805297.2,103,97,79,74,106,105,103,101,20.382,20.325,22.409,22.308,2332.922,93246,30149,0,0,0,1,8,0,0,0,28,23,14,10,9,9,FALSE,0,FALSE
698.56976,23.674,23.154,18.89,17.645,12.327,20,18,7,1811110.4,85,83,74,71,106,105,103,101,20.391,20.332,22.411,22.31,2347.371,93246,30149,0,0,0,1,8,0,0,0,28,23,14,10,9,9,FALSE,0,FALSE
699.0742,23.696,23.176,18.89,17.645,12.315,20,18,7,1815534.2,84,83,71,69,106,105,103,101,20.395,20.336,22.411,22.309,2364.848,93246,30149,0,0,0,1,8,0,0,0,28,23,14,10,9,9,FALSE,0,FALSE
699.56494,23.745,23.226,18.89,17.645,12.303,20,18,7,1805811.1,91,90,69,69,106,105,103,101,20.402,20.343,22.409,22.308,2385.059,93246,30149,0,0,0,1,8,0,0,0,28,23,14,10,9,9,FALSE,0,FALSE
700.0723,23.768,23.254,18.891,17.646,12.289,20,18,7,1777587.2,82,82,69,69,106,105,103,101,20.407,20.348,22.407,22.306,2408.098,93246,30149,0,0,0,1,8,0,0,0,28,23,14,10,9,9,FALSE,0,FALSE
700.5711,23.784,23.271,18.891,17.646,12.277,20,18,7,1746008.4,76,76,69,70,107,105,103,101,20.407,20.349,22.404,22.304,2433.887,93246,30149,0,0,0,1,8,0,0,0,28,23,14,10,9,9,FALSE,0,FALSE
701.0719,23.797,23.284,18.891,17.646,12.263,20,18,7,1701301.2,75,74,69,70,106,105,103,101,20.406,20.348,22.401,22.302,2462.09,93246,30149,0,0,0,1,8,0,0,0,28,23,14,10,9,9,FALSE,0,FALSE
701.57245,23.807,23.294,18.891,17.646,12.25,20,18,7,1677691.8,73,73,70,70,106,105,103,101,20.404,20.346,22.398,22.299,2492.516,93246,30149,0,0,0,1,8,0,0,0,28,23,14,10,9,9,FALSE,0,FALSE
702.0705,23.815,23.303,18.892,17.647,12.236,20,18,7,1669242.1,72,73,70,71,106,105,103,101,20.4,20.343,22.394,22.296,2524.539,93246,30149,0,0,0,1,8,0,0,0,28,23,14,10,9,9,FALSE,0,FALSE
702.57355,23.824,23.315,18.896,17.65,12.222,20,18,7,1660598.4,72,74,71,71,106,105,103,101,20.397,20.34,22.389,22.292,2558.172,93246,30149,0,0,0,1,8,0,0,0,28,23,14,10,9,9,FALSE,0,FALSE
703.0744,23.837,23.332,18.91,17.664,12.209,20,18,7,1651954.6,74,77,74,76,106,105,103,101,20.393,20.338,22.385,22.289,2593.008,93246,30149,0,0,0,1,8,0,0,0,28,23,14,10,9,9,FALSE,0,FALSE
703.57324,23.883,23.386,18.959,17.719,12.196,20,18,7,1648730.6,81,84,80,84,106,105,103,101,20.391,20.338,22.383,22.289,2628.023,93246,30149,0,0,0,1,8,0,0,0,28,23,14,10,9,9,FALSE,0,FALSE
704.07025,23.915,23.424,19.008,17.758,12.191,20,18,7,1671203.1,77,79,83,82,106,105,103,101,20.391,20.339,22.384,22.291,2663.02,93246,30149,0,0,0,1,8,0,0,0,28,23,14,10,9,9,FALSE,0,FALSE
704.5685,23.943,23.453,19.035,17.782,12.19,20,18,7,1696854,80,81,80,81,106,105,103,101,20.392,20.342,22.389,22.297,2688.922,93246,30149,0,0,0,1,8,0,0,0,28,23,14,10,9,9,FALSE,0,FALSE
705.07117,23.97,23.485,19.052,17.8,12.189,20,18,7,1718243.5,80,84,78,81,106,105,103,101,20.396,20.348,22.394,22.303,2707.98,93246,30149,0,0,0,1,8,0,0,0,28,23,14,10,9,9,FALSE,0,FALSE
705.57074,23.981,23.498,19.066,17.818,12.189,20,18,7,1736154.1,76,80,78,82,106,105,103,101,20.399,20.353,22.399,22.31,2723.727,93246,30149,0,0,0,1,8,0,0,0,28,23,14,10,9,9,FALSE,0,FALSE
706.07104,23.992,23.512,19.084,17.843,12.189,20,18,7,1749130,76,80,81,88,106,106,103,101,20.401,20.357,22.404,22.318,2735.609,93246,30149,0,0,0,1,8,0,0,0,28,23,14,10,9,9,FALSE,0,FALSE
706.57074,23.999,23.52,19.1,17.872,12.189,20,18,7,1756887.1,75,77,82,94,106,106,103,102,20.403,20.36,22.41,22.329,2750.387,93246,30149,0,0,0,1,8,0,0,0,28,23,14,10,9,9,FALSE,0,FALSE
707.06885,24.009,23.532,19.114,17.889,12.186,20,18,7,1761993.6,76,79,82,92,106,106,103,102,20.404,20.363,22.415,22.34,2768.02,93246,30149,0,0,0,1,8,0,0,0,28,23,14,10,9,9,FALSE,0,FALSE
707.57324,24.026,23.553,19.117,17.894,12.181,20,18,7,1767681.9,80,84,76,83,106,106,103,102,20.407,20.368,22.42,22.348,2778.191,93246,30149,0,0,0,1,8,0,0,0,28,23,14,10,9,9,FALSE,0,FALSE
708.0714,24.034,23.56,19.118,17.894,12.174,20,18,7,1771639.8,77,79,72,76,107,106,103,102,20.409,20.373,22.422,22.353,2790.555,93246,30149,0,0,0,1,8,0,0,0,28,23,14,10,9,9,FALSE,0,FALSE
708.57245,24.045,23.572,19.118,17.894,12.165,20,18,7,1776055.9,77,78,69,72,107,106,103,102,20.41,20.375,22.422,22.355,2805.508,93246,30149,0,0,0,1,8,0,0,0,28,23,14,10,9,9,FALSE,0,FALSE
709.0669,24.061,23.59,19.118,17.894,12.154,20,18,7,1783344.2,78,79,68,70,107,106,103,102,20.412,20.377,22.421,22.355,2823.008,93246,30149,0,0,0,1,8,0,0,0,28,23,14,10,9,9,FALSE,0,FALSE
709.57117,24.086,23.616,19.118,17.894,12.142,20,18,7,1786341,82,82,69,69,107,106,103,102,20.414,20.38,22.419,22.355,2843.145,93246,30149,0,0,0,1,8,0,0,0,28,23,14,10,9,9,FALSE,0,FALSE
710.07263,24.114,23.641,19.118,17.894,12.128,20,18,7,1759405,81,80,69,69,107,106,103,102,20.417,20.384,22.417,22.353,2866.082,93246,30149,0,0,0,1,8,0,0,0,28,23,14,10,9,9,FALSE,0,FALSE
710.5737,24.13,23.657,19.118,17.894,12.116,20,18,7,1727803.5,76,76,70,69,107,106,103,102,20.418,20.385,22.415,22.351,2891.793,93246,30149,0,0,0,1,8,0,0,0,28,23,14,10,9,9,FALSE,0,FALSE
711.06793,24.142,23.669,19.118,17.894,12.102,20,18,7,1682961.5,74,75,70,70,107,106,103,102,20.417,20.384,22.412,22.349,2919.996,93246,30149,0,0,0,1,8,0,0,0,28,23,14,10,9,9,FALSE,0,FALSE
711.5689,24.153,23.681,19.118,17.894,12.089,20,18,7,1636680,74,74,70,71,107,106,103,102,20.415,20.383,22.409,22.347,2950.41,93246,30149,0,0,0,1,8,0,0,0,28,23,14,10,9,9,FALSE,0,FALSE
712.0703,24.164,23.693,19.118,17.894,12.075,20,18,7,1579735.4,74,74,71,71,107,106,103,102,20.413,20.381,22.405,22.344,2982.996,93246,30149,0,0,0,1,8,0,0,0,28,23,14,10,9,9,FALSE,0,FALSE
712.57214,24.174,23.704,19.118,17.894,12.062,20,18,7,1522120.4,74,74,71,71,107,106,103,102,20.41,20.378,22.401,22.34,3017.449,93246,30149,0,0,0,1,8,0,0,0,28,23,14,10,9,9,FALSE,0,FALSE
712.91205,24.178,23.71,19.118,17.894,12.053,20,18,7,1518197,73,73,71,71,106,106,103,102,20.407,20.376,22.398,22.337,3042.375,93246,30149,0,0,0,1,8,0,0,0,28,23,14,10,9,9,FALSE,0,FALSE
713.4138,24.185,23.717,19.118,17.894,12.039,20,18,7,1509553.2,73,73,71,71,106,106,103,102,20.403,20.373,22.394,22.333,3078.852,93246,30149,0,0,0,1,8,0,0,0,28,23,14,10,9,9,FALSE,0,FALSE
713.9129,24.191,23.724,19.118,17.894,12.025,20,18,7,1500909.5,74,74,72,72,106,106,103,102,20.399,20.369,22.388,22.328,3116.312,93246,30149,0,0,0,1,8,0,0,0,28,23,14,10,9,9,FALSE,0,FALSE
714.41486,24.198,23.731,19.118,17.894,12.012,20,18,7,1492265.8,73,74,72,71,106,106,103,102,20.395,20.365,22.383,22.323,3154.664,93246,30149,0,0,0,1,8,0,0,0,28,23,14,10,9,9,FALSE,0,FALSE
714.9171,24.204,23.737,19.118,17.894,11.998,20,18,7,1483622,73,73,72,71,106,106,102,101,20.39,20.36,22.376,22.317,3193.805,93246,30149,0,0,0,1,8,0,0,0,28,23,14,10,9,9,FALSE,0,FALSE
715.4153,24.21,23.744,19.118,17.894,11.984,20,18,7,1474978.2,74,73,72,71,106,106,102,101,20.385,20.355,22.37,22.311,3233.645,93246,30149,0,0,0,1,8,0,0,0,28,23,14,10,9,9,FALSE,0,FALSE
715.9156,24.216,23.75,19.118,17.894,11.971,20,18,7,1471700.1,73,73,72,71,106,105,102,101,20.379,20.35,22.363,22.304,3273.949,93246,30149,0,0,0,1,8,0,0,0,28,23,14,10,9,9,FALSE,0,FALSE
716.41486,24.222,23.756,19.118,17.894,11.958,20,18,7,1463056.4,74,74,72,71,106,105,102,101,20.373,20.344,22.355,22.297,3314.703,93246,30149,0,0,0,1,8,0,0,0,28,23,14,10,9,9,FALSE,0,FALSE
716.91113,24.228,23.762,19.118,17.894,11.944,20,18,7,1454412.6,73,73,71,70,106,105,102,101,20.367,20.338,22.347,22.289,3355.82,93246,30149,0,0,0,1,8,0,0,0,28,23,14,10,9,9,FALSE,0,FALSE
717.4114,24.248,23.782,19.148,17.923,11.938,20,18,7,1480622.2,75,75,78,77,106,105,102,101,20.363,20.335,22.345,22.287,3393.578,93246,30149,0,0,0,1,8,0,0,0,28,23,14,10,9,9,FALSE,0,FALSE
717.9147,24.27,23.812,19.178,17.956,11.937,20,18,7,1509828.4,75,78,79,81,106,105,102,101,20.363,20.336,22.35,22.293,3422.711,93246,30149,0,0,0,1,8,0,0,0,28,23,14,10,9,9,FALSE,0,FALSE
718.41547,24.3,23.852,19.224,18.013,11.937,20,18,7,1535413.4,80,86,86,93,106,105,102,101,20.365,20.341,22.356,22.301,3446.195,93246,30149,0,0,0,1,8,0,0,0,28,23,14,10,9,9,FALSE,0,FALSE
718.91644,24.328,23.886,19.276,18.083,11.935,20,18,7,1549257.8,81,85,92,103,106,105,102,101,20.369,20.348,22.366,22.315,3467.992,93246,30149,0,0,0,1,8,0,0,0,28,23,14,10,9,9,FALSE,0,FALSE
719.4156,24.352,23.915,19.314,18.131,11.927,20,18,7,1555945.6,81,86,88,97,106,105,102,102,20.372,20.353,22.375,22.329,3491.188,93246,30149,0,0,0,1,8,0,0,0,28,23,14,10,9,9,FALSE,0,FALSE
719.9169,24.4,23.973,19.342,18.167,11.918,20,18,7,1562772.8,91,97,83,90,106,106,103,102,20.378,20.362,22.382,22.339,3512.184,93246,30149,0,0,0,1,8,0,0,0,28,23,14,10,9,9,FALSE,0,FALSE
720.4146,24.464,24.049,19.358,18.187,11.91,20,18,7,1569816,96,103,77,82,106,106,103,102,20.387,20.375,22.386,22.347,3533,93246,30149,0,0,0,1,8,0,0,0,28,23,14,10,9,9,FALSE,0,FALSE
720.9116,24.475,24.061,19.367,18.196,11.9,20,18,7,1576139.2,78,81,75,77,106,106,103,102,20.392,20.381,22.387,22.349,3554.637,93246,30149,0,0,0,1,8,0,0,0,28,23,14,10,9,9,FALSE,0,FALSE
721.41486,24.498,24.088,19.389,18.222,11.889,20,18,7,1582530.9,79,83,78,82,106,106,103,102,20.392,20.383,22.388,22.352,3577.352,93246,30149,0,0,0,1,8,0,0,0,28,23,14,10,9,9,FALSE,0,FALSE
721.91406,24.534,24.135,19.413,18.245,11.878,20,18,7,1589065.8,81,88,79,80,106,106,103,102,20.394,20.388,22.39,22.355,3601.07,93246,30149,0,0,0,1,8,0,0,0,28,23,14,10,9,9,FALSE,0,FALSE
722.41144,24.552,24.156,19.424,18.256,11.866,20,18,7,1592720.1,77,81,75,76,106,106,103,102,20.394,20.391,22.39,22.356,3626.422,93246,30149,0,0,0,1,8,0,0,0,28,23,14,10,9,9,FALSE,0,FALSE
722.91724,24.577,24.184,19.44,18.271,11.852,20,18,7,1583544,77,81,75,76,106,106,103,102,20.393,20.392,22.389,22.356,3653.898,93246,30149,0,0,0,1,8,0,0,0,28,23,14,10,9,9,FALSE,0,FALSE
723.4119,24.603,24.214,19.455,18.285,11.839,20,18,7,1548122.5,76,81,75,75,106,106,103,102,20.392,20.393,22.388,22.355,3683.902,93246,30149,0,0,0,1,8,0,0,0,28,23,14,10,9,9,FALSE,0,FALSE
723.913,24.616,24.229,19.46,18.291,11.826,20,18,7,1539989.4,74,74,72,72,106,106,103,102,20.39,20.392,22.385,22.352,3715.578,93246,30149,0,0,0,1,8,0,0,0,28,23,14,10,9,9,FALSE,0,FALSE
724.4097,24.638,24.247,19.476,18.306,11.812,20,18,7,1531366.4,77,75,77,74,106,106,103,102,20.387,20.389,22.382,22.349,3748.379,93246,30149,0,0,0,1,8,0,0,0,28,23,14,10,9,9,FALSE,0,FALSE
724.9119,24.69,24.291,19.532,18.357,11.798,20,18,7,1522722.6,87,83,88,83,106,106,103,102,20.387,20.387,22.382,22.348,3781.434,93246,30149,0,0,0,1,8,0,0,0,28,23,14,10,9,9,FALSE,0,FALSE
725.416,24.756,24.347,19.604,18.421,11.784,20,18,7,1514078.9,88,83,90,86,106,106,103,102,20.39,20.388,22.385,22.348,3815.754,93246,30149,0,0,0,1,8,0,0,0,28,23,14,10,9,9,FALSE,0,FALSE
725.91785,24.822,24.403,19.676,18.486,11.771,20,18,7,1505435.1,88,84,90,85,106,106,103,102,20.392,20.388,22.387,22.348,3851.25,93246,30149,0,0,0,1,8,0,0,0,28,23,14,10,9,9,FALSE,0,FALSE
726.4135,24.883,24.455,19.742,18.545,11.758,20,18,7,1502120.1,86,81,87,83,106,106,103,102,20.394,20.387,22.388,22.348,3887.297,93246,30149,0,0,0,1,8,0,0,0,28,23,14,10,9,9,FALSE,0,FALSE
726.9158,24.936,24.499,19.8,18.598,11.745,20,18,7,1493476.4,85,81,86,82,106,106,103,102,20.394,20.385,22.388,22.346,3923.523,93246,30149,0,0,0,1,8,0,0,0,28,23,14,10,9,9,FALSE,0,FALSE
727.4143,24.973,24.529,19.829,18.627,11.731,20,18,7,1484832.6,78,75,78,75,106,106,103,102,20.392,20.382,22.385,22.342,3959.18,93246,30149,0,0,0,1,8,0,0,0,28,23,14,10,9,9,FALSE,0,FALSE
727.9149,24.99,24.542,19.838,18.636,11.717,20,18,7,1476188.9,75,73,73,72,106,106,102,102,20.388,20.377,22.379,22.336,3995.32,93246,30149,0,0,0,1,8,0,0,0,28,23,14,10,9,9,FALSE,0,FALSE
728.41345,25.002,24.55,19.841,18.641,11.704,20,18,7,1469346.6,74,72,72,71,106,106,102,102,20.382,20.37,22.372,22.329,4032.602,93246,30149,40985,0,0,1,8,0,0,0,28,23,14,10,9,9,FALSE,0,FALSE
728.91394,25.023,24.569,19.863,18.663,11.7,20,18,7,1499081.9,77,75,78,77,106,106,102,102,20.378,20.366,22.37,22.327,4065.934,93246,30149,40985,0,0,1,8,0,0,0,28,23,14,10,9,9,FALSE,0,FALSE
729.414,25.065,24.602,19.915,18.71,11.7,20,18,7,1527935.2,86,80,90,85,106,106,102,102,20.38,20.366,22.375,22.331,4092.082,93246,30149,40985,0,0,1,8,0,0,0,28,23,14,10,9,9,FALSE,0,FALSE
729.9168,25.115,24.64,19.975,18.757,11.7,20,18,7,1550736.1,90,83,97,88,106,106,103,102,20.387,20.37,22.384,22.337,4114.207,93246,30149,40985,0,0,1,8,0,0,0,28,23,14,10,9,9,FALSE,0,FALSE
730.4141,25.15,24.668,20.034,18.801,11.7,20,18,7,1568109.1,87,81,101,90,106,106,103,102,20.394,20.374,22.396,22.346,4133.332,93246,30149,40985,0,0,1,8,0,0,0,28,23,14,10,9,9,FALSE,0,FALSE
730.9145,25.167,24.682,20.083,18.836,11.695,20,18,7,1575649.5,82,78,101,89,106,106,103,102,20.398,20.376,22.409,22.354,4151.59,93246,30149,40985,0,0,1,8,0,0,0,28,23,14,10,9,9,FALSE,0,FALSE
731.4131,25.191,24.701,20.107,18.854,11.689,20,18,7,1582135.1,83,79,90,81,106,106,103,102,20.401,20.377,22.418,22.359,4169.547,93246,30149,40985,0,0,1,8,0,0,0,28,23,14,10,9,9,FALSE,0,FALSE
731.916,25.215,24.722,20.127,18.87,11.68,20,18,7,1588576.5,83,79,85,78,106,106,103,102,20.404,20.378,22.424,22.362,4188.031,93246,30149,40985,0,0,1,8,0,0,0,28,23,14,10,9,9,FALSE,0,FALSE
732.40765,25.239,24.745,20.135,18.877,11.669,20,18,7,1589765,82,80,77,73,106,106,103,102,20.407,20.38,22.426,22.362,4207.477,93246,30149,40985,0,0,1,8,0,0,0,28,23,14,10,9,9,FALSE,0,FALSE
732.9106,25.264,24.77,20.135,18.877,11.655,20,18,7,1585852.5,81,80,71,70,107,106,103,102,20.408,20.381,22.425,22.361,4231.422,93246,30149,40985,0,0,1,8,0,0,0,28,23,14,10,9,9,FALSE,0,FALSE
733.41327,25.283,24.786,20.135,18.878,11.643,20,18,7,1554749.2,77,75,67,68,107,106,103,102,20.408,20.38,22.422,22.358,4257.383,93246,30149,40985,0,0,1,8,0,0,0,28,23,14,10,9,9,FALSE,0,FALSE
733.9154,25.298,24.799,20.135,18.878,11.629,20,18,7,1510292.4,76,74,70,70,106,106,103,102,20.407,20.378,22.418,22.354,4285.641,93246,30149,40985,0,0,1,8,0,0,0,28,23,14,10,9,9,FALSE,0,FALSE
734.416,25.307,24.807,20.135,18.878,11.616,20,18,7,1508020.2,73,73,71,70,106,106,103,102,20.404,20.376,22.414,22.351,4315.926,93246,30149,40985,0,0,1,8,0,0,0,28,23,14,10,9,9,FALSE,0,FALSE
734.9112,25.315,24.815,20.135,18.878,11.602,20,18,7,1499670.6,73,73,71,71,106,106,103,102,20.401,20.372,22.41,22.347,4347.809,93246,30149,40985,0,0,1,8,0,0,0,28,23,14,10,9,9,FALSE,0,FALSE
735.41437,25.322,24.822,20.135,18.878,11.589,20,18,7,1491026.9,73,73,71,70,106,106,103,102,20.397,20.368,22.405,22.342,4381.25,93246,30149,40985,0,0,1,8,0,0,0,28,23,14,10,9,9,FALSE,0,FALSE
735.91486,25.329,24.829,20.135,18.878,11.576,20,18,7,1487696.8,73,73,71,70,106,106,103,102,20.392,20.364,22.4,22.337,4416.027,93246,30149,40985,0,0,1,8,0,0,0,28,23,14,10,9,9,FALSE,0,FALSE
736.4144,25.337,24.836,20.135,18.878,11.562,20,18,7,1479053,73,73,71,71,106,106,103,102,20.387,20.359,22.395,22.332,4451.84,93246,30149,40985,0,0,1,8,0,0,0,28,23,14,10,9,9,FALSE,0,FALSE
736.91235,25.344,24.842,20.135,18.878,11.548,20,18,7,1470409.2,73,73,71,71,106,106,103,102,20.382,20.354,22.388,22.326,4488.727,93246,30149,40985,0,0,1,8,0,0,0,28,23,14,10,9,9,FALSE,0,FALSE
737.412,25.35,24.849,20.135,18.878,11.535,20,18,7,1461765.5,73,73,71,71,106,105,103,101,20.376,20.349,22.382,22.32,4526.609,93246,30149,40985,0,0,1,8,0,0,0,28,23,14,10,9,9,FALSE,0,FALSE
737.914,25.356,24.855,20.135,18.878,11.521,20,18,7,1453121.8,73,73,71,71,106,105,102,101,20.371,20.343,22.375,22.313,4565.395,93246,30149,40985,0,0,1,8,0,0,0,28,23,14,10,9,9,FALSE,0,FALSE
738.4152,25.363,24.861,20.135,18.878,11.507,20,18,7,1444478,74,73,72,72,106,105,102,101,20.365,20.337,22.368,22.307,4604.98,93246,30149,40985,0,0,1,8,0,0,0,28,23,14,10,9,9,FALSE,0,FALSE
738.9129,25.368,24.867,20.135,18.878,11.494,20,18,7,1441243,74,74,72,72,106,105,102,101,20.359,20.332,22.36,22.299,4645.25,93246,30149,40985,0,0,1,8,0,0,0,28,23,14,10,9,9,FALSE,0,FALSE
739.4127,25.374,24.873,20.135,18.878,11.48,20,18,7,1432599.2,74,74,72,72,105,105,102,101,20.352,20.325,22.353,22.292,4685.973,93246,30149,40985,0,0,1,8,0,0,0,28,23,14,10,9,9,FALSE,0,FALSE
739.9122,25.38,24.878,20.135,18.878,11.467,20,18,7,1423955.5,74,74,72,72,105,105,102,101,20.346,20.319,22.345,22.284,4727.184,93246,30149,40985,0,0,1,8,0,0,0,28,23,14,10,9,9,FALSE,0,FALSE
740.41254,25.385,24.885,20.135,18.878,11.453,20,18,7,1415311.8,74,74,72,72,105,105,102,101,20.339,20.312,22.336,22.276,4768.812,93246,30149,40985,0,0,1,8,0,0,0,28,23,14,10,9,9,FALSE,0,FALSE
740.913,25.391,24.891,20.135,18.878,11.439,20,18,7,1406668,74,74,72,72,105,105,102,101,20.331,20.305,22.328,22.268,4810.797,93246,30149,40985,0,0,1,8,0,0,0,28,23,14,10,9,9,FALSE,0,FALSE
741.41394,25.412,24.912,20.163,18.906,11.434,20,18,7,1435662.5,75,75,78,77,105,105,102,101,20.327,20.302,22.325,22.266,4849.008,93246,30149,40985,0,0,1,8,0,0,0,28,23,14,10,9,9,FALSE,0,FALSE
741.91187,25.428,24.93,20.18,18.921,11.433,20,18,7,1465018.6,74,73,75,74,105,105,102,101,20.327,20.301,22.329,22.27,4878.52,93246,30149,40985,0,0,1,8,0,0,0,28,23,14,10,9,9,FALSE,0,FALSE
742.41296,25.447,24.945,20.199,18.939,11.433,20,18,7,1489875,78,74,80,77,105,105,102,101,20.328,20.302,22.334,22.275,4902.004,93246,30149,40985,0,0,1,8,0,0,0,28,23,14,10,9,9,FALSE,0,FALSE
742.9142,25.485,24.974,20.245,18.975,11.433,20,18,7,1506637.6,87,81,92,84,105,105,102,101,20.334,20.305,22.343,22.282,4920.344,93246,30149,40985,0,0,1,8,0,0,0,28,23,14,10,9,9,FALSE,0,FALSE
743.4151,25.522,25.004,20.284,19.001,11.432,20,18,7,1513468.6,89,84,94,83,105,105,102,101,20.342,20.311,22.354,22.29,4939.047,93246,30149,40985,0,0,1,8,0,0,0,28,23,14,10,9,9,FALSE,0,FALSE
743.9148,25.537,25.016,20.3,19.013,11.426,20,18,7,1519806.5,81,78,85,79,105,105,102,101,20.349,20.316,22.364,22.296,4961.469,93246,30149,40985,0,0,1,8,0,0,0,28,23,14,10,9,9,FALSE,0,FALSE
744.4093,25.55,25.027,20.312,19.023,11.419,20,18,7,1525974.8,78,75,81,75,105,105,102,101,20.352,20.317,22.37,22.3,4977.977,93246,30149,40985,0,0,1,8,0,0,0,28,23,14,10,9,9,FALSE,0,FALSE
744.9141,25.574,25.049,20.33,19.037,11.41,20,18,7,1532458.4,82,79,80,74,106,105,102,101,20.355,20.319,22.375,22.303,4997.824,93246,30149,40985,0,0,1,8,0,0,0,28,23,14,10,9,9,FALSE,0,FALSE
745.41595,25.604,25.078,20.336,19.042,11.397,20,18,7,1533071.6,83,81,74,72,106,105,102,101,20.359,20.322,22.377,22.304,5018.203,93246,30149,40985,0,0,1,8,0,0,0,28,23,14,10,9,9,FALSE,0,FALSE
745.91284,25.623,25.097,20.34,19.047,11.384,20,18,7,1528353.8,78,77,73,71,106,105,102,101,20.361,20.324,22.378,22.304,5040.695,93246,30149,40985,0,0,1,8,0,0,0,28,23,14,10,9,9,FALSE,0,FALSE
746.414,25.644,25.117,20.346,19.054,11.371,20,18,7,1528052.6,78,76,73,71,106,105,102,101,20.363,20.325,22.378,22.304,5066.273,93246,30149,40985,0,0,1,8,0,0,0,28,23,14,10,9,9,FALSE,0,FALSE
746.9126,25.659,25.13,20.349,19.057,11.357,20,18,7,1521289,75,74,71,70,106,105,102,101,20.363,20.325,22.377,22.303,5094.707,93246,30149,40985,0,0,1,8,0,0,0,28,23,14,10,9,9,FALSE,0,FALSE
747.4136,25.672,25.143,20.349,19.058,11.344,20,18,7,1519121,74,73,70,71,106,105,102,101,20.362,20.323,22.374,22.301,5124.855,93246,30149,40985,0,0,1,8,0,0,0,28,23,14,10,9,9,FALSE,0,FALSE
747.90894,25.679,25.151,20.349,19.058,11.331,20,18,7,1511062.4,74,73,71,71,106,105,102,101,20.36,20.321,22.371,22.299,5155.488,93246,30149,40985,0,0,1,8,0,0,0,28,23,14,10,9,9,FALSE,0,FALSE
748.4137,25.687,25.158,20.349,19.058,11.317,20,18,7,1502130.5,73,73,71,71,106,105,102,101,20.357,20.318,22.368,22.296,5189.906,93246,30149,40985,0,0,1,8,0,0,0,28,23,14,10,9,9,FALSE,0,FALSE
748.91144,25.694,25.165,20.349,19.058,11.303,20,18,7,1493486.8,73,73,71,71,106,105,102,101,20.354,20.315,22.364,22.292,5224.652,93246,30149,40985,0,0,1,8,0,0,0,28,23,14,10,9,9,FALSE,0,FALSE
749.4104,25.7,25.171,20.349,19.058,11.29,20,18,7,1490229,73,73,71,71,105,105,102,101,20.35,20.312,22.359,22.288,5260.414,93246,30149,40985,0,0,1,8,0,0,0,28,23,14,10,9,9,FALSE,0,FALSE
749.91394,25.712,25.183,20.361,19.07,11.279,20,18,7,1495402.5,74,75,77,75,105,105,102,101,20.346,20.308,22.356,22.285,5294.34,93246,30149,40985,0,0,1,8,0,0,0,28,23,14,10,9,9,FALSE,0,FALSE
750.41364,25.737,25.21,20.404,19.108,11.278,20,18,7,1524533.8,77,77,83,81,105,105,102,101,20.347,20.309,22.36,22.289,5318.797,93246,30149,40985,0,0,1,8,0,0,0,28,23,14,10,9,9,FALSE,0,FALSE
750.9096,25.752,25.224,20.412,19.116,11.276,20,18,7,1547897,75,75,76,75,105,105,102,101,20.348,20.312,22.366,22.295,5336.438,93246,30149,40985,0,0,1,8,0,0,0,28,23,14,10,9,9,FALSE,0,FALSE
751.4074,25.764,25.235,20.418,19.122,11.276,20,18,7,1566957.5,76,75,74,74,105,105,102,101,20.35,20.314,22.37,22.299,5361.145,93246,30149,40985,0,0,1,8,0,0,0,28,23,14,10,9,9,FALSE,0,FALSE
751.9135,25.781,25.241,20.421,19.125,11.276,20,18,7,1579535.4,78,73,72,72,106,105,102,101,20.3,20.3,22.7,22.7,5375.461,93246,30149,40985,0,0,1,8,0,1,0,28,23,14,0,9,9,FALSE,0,FALSE
752.4005,25.781,25.241,20.421,19.125,11.274,20,18,7,1585644.9,72,70,70,70,106,105,102,101,20.3,20.3,22.7,22.7,5385.648,93246,30149,40985,0,0,1,8,0,1,0,28,23,14,0,9,9,FALSE,0,FALSE
752.90784,25.781,25.241,20.421,19.125,11.273,20,18,7,1592040.5,69,68,69,69,105,105,102,101,20.3,20.3,22.7,22.7,5396.445,93246,30149,40985,0,0,1,8,0,1,0,28,23,14,0,9,9,FALSE,0,FALSE
753.40424,25.781,25.241,20.421,19.125,11.272,20,18,7,1598449.6,68,67,69,69,105,105,102,101,20.3,20.3,22.7,22.7,5407.293,93246,30149,40985,0,0,1,8,0,1,0,28,23,14,0,9,9,FALSE,0,FALSE
753.90985,25.781,25.241,20.421,19.125,11.271,20,18,8,1605075.9,67,67,68,68,105,105,103,101,20.3,20.3,22.7,22.7,9.773,96546,0,0,0,0,1,9,0,1,0,28,23,14,0,9,9,FALSE,0,FALSE
754.4039,25.781,25.241,20.421,19.125,11.27,20,18,8,1611274.6,67,67,68,68,105,105,103,101,20.3,20.3,22.7,22.7,20.43,96546,0,0,0,0,1,9,0,1,0,28,23,14,0,9,9,FALSE,0,FALSE
754.90656,25.781,25.241,20.421,19.125,11.269,20,18,8,1617687.1,67,67,68,68,105,105,103,101,20.3,20.3,22.7,22.7,31.453,96546,0,0,0,0,1,9,0,1,0,28,23,14,0,9,9,FALSE,0,FALSE
755.39813,25.781,25.241,20.421,19.125,11.269,20,18,8,1624099.6,66,67,68,68,105,105,103,101,20.3,20.3,22.7,22.7,42.48,96546,0,0,0,0,1,9,0,1,0,28,23,14,0,9,9,FALSE,0,FALSE
755.9031,25.781,25.241,20.421,19.125,11.268,20,18,8,1630512.1,66,66,68,68,105,105,102,101,20.3,20.3,22.7,22.7,53.504,96546,0,0,0,0,1,9,0,1,0,28,23,14,0,9,9,FALSE,0,FALSE
756.4093,25.781,25.241,20.421,19.125,11.267,20,18,8,1636924.6,66,66,68,68,105,105,102,101,20.3,20.3,22.7,22.7,64.516,96546,0,0,0,0,1,9,0,1,0,28,23,14,0,9,9,FALSE,0,FALSE
756.9108,25.781,25.241,20.421,19.125,11.266,20,18,8,1643550.9,66,66,68,68,105,104,102,101,20.3,20.3,22.7,22.7,75.891,96546,0,0,0,0,1,9,0,1,0,28,23,14,0,9,9,FALSE,0,FALSE
757.40985,25.781,25.241,20.421,19.125,11.266,20,18,8,1649963.4,66,66,68,68,105,104,102,101,20.3,20.3,22.7,22.7,86.902,96546,0,0,0,0,1,9,0,1,0,28,23,14,0,9,9,FALSE,0,FALSE
758.4012,25.781,25.241,20.421,19.125,11.265,20,18,8,1718401.5,66,66,68,68,105,104,102,101,20.3,20.3,22.7,22.7,107.016,96546,0,0,0,0,1,9,0,1,0,28,23,14,0,9,9,FALSE,0,FALSE
758.9066,25.781,25.241,20.421,19.125,11.265,20,18,8,1758576.9,66,66,68,68,105,104,102,101,20.3,20.3,22.7,22.7,116.855,96546,0,0,0,0,1,9,0,1,0,28,23,14,0,9,9,FALSE,0,FALSE
759.4076,25.781,25.241,20.421,19.125,11.265,20,18,8,1758576.9,65,65,68,68,105,104,102,101,20.3,20.3,22.7,22.7,122.43,96546,0,0,0,0,1,9,0,1,0,28,23,14,0,9,9,FALSE,0,FALSE
759.9085,25.781,25.241,20.421,19.125,11.264,20,18,8,1758576.9,64,64,68,68,105,104,102,101,20.31,20.276,22.376,22.311,123.953,96546,0,0,0,0,1,9,0,1,116,28,23,14,0,9,9,FALSE,0,FALSE
760.4099,25.781,25.241,20.421,19.125,11.264,20,18,8,1758576.9,63,63,68,68,105,104,102,101,20.305,20.271,22.376,22.311,123.832,96546,0,0,0,0,1,9,0,1,616,28,23,14,0,9,9,FALSE,0,FALSE
760.9084,0,0,0,0,11.263,19,17,0,1758576.9,70,70,70,70,70,70,70,70,18.544,18.544,20.553,20.553,123.855,96546,0,0,0,0,1,9,0,1,1116,28,23,14,0,9,9,FALSE,0,FALSE
761.40454,0,0,0,0,11.261,19,17,0,1758576.9,70,70,70,70,70,70,70,70,18.544,18.544,20.553,20.553,123.859,96546,0,0,0,0,1,9,0,1,1616,28,23,14,0,9,9,FALSE,0,FALSE
761.91046,0,0,0,0,11.258,19,17,0,1758576.9,70,70,70,70,70,70,70,70,18.544,18.544,20.553,20.553,123.859,96546,0,0,0,0,1,9,0,1,2116,28,23,14,0,9,9,FALSE,0,FALSE
762.39996,0,0,0,0,11.256,19,17,0,1758576.9,69,69,70,70,70,70,70,70,18.546,18.547,20.553,20.553,123.902,96546,0,0,0,0,1,9,0,1,2433,28,23,14,0,9,9,FALSE,0,FALSE
762.90796,0,0,0,0,11.254,19,17,0,1758576.9,68,68,69,69,70,70,70,70,20.3,20.3,22.7,22.7,124.352,96546,0,0,0,0,1,9,0,1,2433,28,23,14,0,9,9,FALSE,0,FALSE
763.40204,0,0,0,0,11.254,19,17,0,1758576.9,78,78,69,69,70,70,70,70,20.3,20.3,22.7,22.7,127.129,96546,0,0,0,0,1,9,0,1,2433,28,23,14,0,9,9,FALSE,0,FALSE
763.9032,0,0,0,0,11.254,19,17,0,1758576.9,88,88,69,69,71,71,70,70,20.3,20.3,22.7,22.7,131.961,96546,0,0,0,0,1,9,0,1,2433,28,23,14,0,9,9,FALSE,0,FALSE
764.4099,0,0,0,0,11.254,19,17,0,1776994.9,93,93,69,69,71,71,70,70,20.3,20.3,22.7,22.7,138.914,96546,0,0,0,0,1,9,0,1,2433,28,23,14,0,9,9,FALSE,0,FALSE
764.90546,0.005,0.005,0.002,0.002,11.254,19,17,0,1807406.8,89,89,69,69,71,71,70,70,20.3,20.3,22.7,22.7,149.227,96546,0,0,0,0,1,9,1,1,2433,28,23,14,0,9,9,FALSE,0,FALSE
765.40814,0.005,0.005,0.002,0.002,11.252,19,17,0,1815432.5,77,77,68,68,72,72,70,70,20.3,20.3,22.7,22.7,160.117,96546,0,0,0,0,1,9,1,1,2433,28,23,14,0,9,9,FALSE,0,FALSE
765.91077,0.005,0.005,0.002,0.002,11.251,19,17,0,1823756.5,71,71,67,67,72,72,70,70,20.3,20.3,22.7,22.7,171.484,96546,0,0,0,0,1,9,1,1,2433,28,23,14,0,9,9,FALSE,0,FALSE
766.4123,0.005,0.005,0.002,0.002,11.25,19,17,0,1831815.2,68,68,67,67,72,72,70,70,20.3,20.3,22.7,22.7,182.5,96546,0,0,0,0,1,9,1,1,2433,28,23,14,0,9,9,FALSE,0,FALSE
766.9115,0.005,0.005,0.002,0.002,11.249,19,17,0,1839874,66,66,66,66,73,73,70,70,20.3,20.3,22.7,22.7,193.52,96546,0,0,0,0,1,9,1,1,2433,28,23,14,0,9,9,FALSE,0,FALSE
767.40985,0.005,0.005,0.002,0.002,11.249,19,17,0,1847932.8,65,65,66,66,73,73,71,71,20.3,20.3,22.7,22.7,204.539,96546,0,0,0,0,1,9,1,1,2433,28,23,14,0,9,9,FALSE,0,FALSE
767.90826,0.005,0.005,0.002,0.002,11.248,19,17,0,1855722.9,65,65,66,66,73,73,71,71,20.3,20.3,22.7,22.7,215.188,96546,0,0,0,0,2,9,1,1,2433,28,23,14,0,9,9,FALSE,0,FALSE
768.4087,0.005,0.005,0.002,0.002,11.247,19,17,0,1863781.6,65,65,66,66,73,73,71,71,20.3,20.3,22.7,22.7,226.207,96546,0,0,0,0,2,9,1,1,2433,28,23,14,0,9,9,FALSE,0,FALSE
768.9116,0.005,0.005,0.002,0.002,11.246,19,17,0,1872109,65,65,66,66,73,73,71,71,20.3,20.3,22.7,22.7,237.598,96546,0,0,0,0,2,9,1,1,2433,28,23,14,0,9,9,FALSE,0,FALSE
769.41223,0.005,0.005,0.002,0.002,11.245,19,17,0,1880167.8,64,64,66,66,74,74,71,71,20.3,20.3,22.7,22.7,248.617,96546,0,0,0,0,2,9,1,1,2433,28,23,14,0,9,9,FALSE,0,FALSE
769.91235,0.005,0.005,0.002,0.002,11.244,19,17,0,1888226.5,64,64,66,66,74,74,71,71,20.3,20.3,22.7,22.7,259.637,96546,0,0,0,0,3,9,1,1,2433,28,23,14,0,9,9,FALSE,0,FALSE
770.40857,0.005,0.005,0.002,0.002,11.243,19,17,0,1896016.6,64,64,66,66,74,74,71,71,20.3,20.3,22.7,22.7,270.293,96546,0,0,0,0,3,9,1,1,2433,28,23,14,0,9,9,FALSE,0,FALSE
770.9121,0.005,0.005,0.002,0.002,11.243,19,17,0,1904344,64,64,66,66,74,74,72,72,20.3,20.3,22.7,22.7,281.684,96546,0,0,0,0,3,9,1,1,2433,28,23,14,0,9,9,FALSE,0,FALSE
771.41254,0.005,0.005,0.002,0.002,11.242,19,17,0,1912402.8,64,64,66,66,74,74,72,72,20.3,20.3,22.7,22.7,292.703,96546,0,0,0,0,3,9,1,1,2433,28,23,14,0,9,9,FALSE,0,FALSE
771.91364,0.005,0.005,0.002,0.002,11.241,19,17,0,1920461.5,64,64,66,66,75,75,72,72,20.3,20.3,22.7,22.7,303.723,96546,0,0,0,0,3,9,1,1,2433,28,23,14,0,9,9,FALSE,0,FALSE
772.4019,0.005,0.005,0.002,0.002,11.24,19,17,0,1928251.6,64,64,66,66,75,75,72,72,20.3,20.3,22.7,22.7,314.375,96546,0,0,0,0,3,9,1,1,2433,28,23,14,0,9,9,FALSE,0,FALSE
772.91156,0.005,0.005,0.002,0.002,11.239,19,17,0,1936579,64,64,66,66,75,75,72,72,20.3,20.3,22.7,22.7,325.766,96546,0,0,0,0,3,9,1,1,2433,28,23,14,0,9,9,FALSE,0,FALSE
773.4131,0.005,0.005,0.002,0.002,11.238,19,17,0,1944637.8,64,64,66,66,75,75,72,72,20.3,20.3,22.7,22.7,336.789,96546,0,0,0,0,3,9,1,1,2433,28,23,14,0,9,9,FALSE,0,FALSE
773.9121,0.005,0.005,0.002,0.002,11.237,19,17,0,1952696.5,64,64,66,66,75,75,72,72,20.3,20.3,22.7,22.7,347.812,96546,0,0,0,0,3,9,1,1,2433,28,23,14,0,9,9,FALSE,0,FALSE
774.40857,0.005,0.005,0.002,0.002,11.237,19,17,0,1960486.6,64,64,66,66,75,75,72,72,20.3,20.3,22.7,22.7,358.465,96546,0,0,0,0,3,9,1,1,2433,28,23,14,0,9,9,FALSE,0,FALSE
774.9096,0.005,0.005,0.002,0.002,11.236,19,17,0,1968814,64,64,66,66,75,75,72,72,20.3,20.3,22.7,22.7,369.855,96546,0,0,0,0,3,9,1,1,2433,28,23,14,0,9,9,FALSE,0,FALSE
775.4045,0.005,0.005,0.002,0.002,11.235,19,17,0,1976604.1,64,64,66,66,76,76,72,72,20.3,20.3,22.7,22.7,380.508,96546,0,0,0,0,3,9,1,1,2433,28,23,14,0,9,9,FALSE,0,FALSE
775.9144,0.005,0.005,0.002,0.002,11.234,19,17,0,1984931.5,64,64,66,66,76,76,73,73,20.3,20.3,22.7,22.7,391.891,96546,0,0,0,0,4,9,1,1,2433,28,23,14,0,9,9,FALSE,0,FALSE
776.4142,0.005,0.005,0.002,0.002,11.233,19,17,0,1992990.1,64,64,66,66,76,76,73,73,18.883,18.884,20.741,20.741,402.84,96546,0,0,0,0,4,9,1,0,0,28,23,14,0,9,9,FALSE,0,FALSE
776.9129,0.007,0.007,0.002,0.002,11.229,19,17,0,2001504.5,65,65,65,65,76,76,73,73,18.89,18.891,20.746,20.746,414.078,96546,0,0,0,0,5,9,1,0,0,28,23,14,0,9,9,FALSE,0,FALSE
777.41077,0.022,0.022,0.002,0.002,11.221,19,17,0,2016676.2,72,72,65,65,76,76,73,73,18.898,18.899,20.75,20.75,426.926,96546,0,0,0,0,5,9,1,0,0,28,23,14,0,9,9,FALSE,0,FALSE
777.9113,0.045,0.044,0.002,0.002,11.211,19,17,0,2028294,76,75,65,65,76,76,73,73,18.909,18.911,20.754,20.754,442.035,96546,0,0,0,0,5,9,1,0,0,28,23,14,0,9,9,FALSE,0,FALSE
778.4135,0.11,0.108,0.002,0.002,11.199,19,17,0,2034588.1,95,94,65,65,77,77,73,73,18.925,18.926,20.757,20.758,459.77,96546,0,0,0,0,6,9,1,0,0,28,23,14,0,9,9,FALSE,0,FALSE
778.90753,0.174,0.171,0.003,0.003,11.187,19,17,0,2039958.4,90,90,66,66,77,77,73,73,18.946,18.947,20.761,20.761,479.5,96546,0,0,0,0,7,9,1,0,0,28,23,14,0,9,9,FALSE,0,FALSE
779.4132,0.191,0.188,0.004,0.004,11.173,19,17,0,2035484.9,76,75,66,66,77,77,73,73,18.96,18.961,20.765,20.765,503.477,96546,0,0,0,0,7,9,1,0,0,28,23,14,0,9,9,FALSE,0,FALSE
780.4097,0.214,0.212,0.004,0.004,11.146,19,17,0,2028766.6,71,70,67,67,78,78,73,73,18.976,18.977,20.771,20.772,557.641,96546,0,0,0,0,8,9,1,0,0,28,23,14,0,9,9,FALSE,0,FALSE
780.9067,0.224,0.221,0.004,0.004,11.134,19,17,0,2026931.1,69,69,67,67,78,78,73,73,18.983,18.983,20.774,20.775,586.762,96546,0,0,0,0,8,9,1,0,0,28,23,14,0,9,9,FALSE,0,FALSE
781.41394,0.233,0.23,0.004,0.004,11.12,19,17,0,2018412.1,69,70,68,67,78,78,73,73,18.99,18.99,20.777,20.777,619.477,96546,0,0,0,0,8,9,1,0,0,28,23,14,0,9,9,FALSE,0,FALSE
781.91,0.251,0.248,0.028,0.024,11.11,19,17,0,2027533.8,72,73,76,75,78,78,73,73,18.996,18.997,20.782,20.782,651.445,96546,0,0,0,8883,8,9,1,0,0,28,23,14,20,9,9,FALSE,0,FALSE
782.39996,0.276,0.268,0.05,0.042,11.109,19,17,0,2053566.8,72,72,73,73,78,78,74,74,19.008,19.009,20.795,20.795,675.605,96546,0,0,0,8883,8,9,1,0,0,28,23,14,20,9,9,FALSE,0,FALSE
782.9116,0.289,0.28,0.057,0.049,11.108,19,17,0,2076486.1,71,71,71,71,78,78,74,74,19.021,19.021,20.809,20.809,695.074,96546,0,0,483,9067,8,9,1,0,0,28,23,14,20,9,9,FALSE,0,FALSE
783.4121,0.292,0.283,0.059,0.052,11.108,19,17,0,2094427.1,68,68,69,69,79,79,74,74,19.033,19.033,20.822,20.822,709.418,96546,0,0,483,9334,8,9,1,0,0,28,23,14,20,9,9,FALSE,0,FALSE
783.91364,0.298,0.288,0.071,0.062,11.108,19,17,0,2108747,69,67,73,71,79,79,74,74,19.044,19.044,20.836,20.835,721.012,96546,0,0,483,9334,8,9,1,0,0,28,23,14,20,9,9,FALSE,0,FALSE
784.41187,0.306,0.293,0.091,0.078,11.108,19,17,0,2118064.5,70,67,78,74,79,79,74,74,19.056,19.055,20.851,20.849,729.863,96546,0,0,483,9334,8,9,1,0,0,28,23,14,20,9,9,FALSE,0,FALSE
784.9146,0.313,0.3,0.108,0.085,11.106,19,17,0,2123171,70,69,82,73,79,79,75,75,19.068,19.066,20.868,20.863,742.477,96546,0,0,567,9334,8,9,1,0,0,28,23,14,20,9,9,FALSE,0,FALSE
785.4104,0.323,0.309,0.124,0.095,11.102,19,17,0,2129070.5,72,71,82,73,79,79,75,75,19.08,19.077,20.886,20.876,760.777,96546,0,0,567,9334,8,9,1,0,0,28,23,14,20,9,9,FALSE,0,FALSE
785.9138,0.355,0.336,0.132,0.102,11.097,19,17,0,2135737.8,84,80,78,72,80,80,75,75,19.095,19.091,20.902,20.889,771.172,96546,0,0,567,9567,8,9,1,0,0,28,23,14,20,9,9,FALSE,0,FALSE
786.41125,0.374,0.354,0.134,0.103,11.091,19,17,0,2143003.2,81,78,73,69,80,80,76,75,19.114,19.108,20.916,20.901,782.59,96546,0,0,567,9567,8,9,1,0,0,28,23,14,20,9,9,FALSE,0,FALSE
786.9114,0.386,0.372,0.134,0.103,11.082,19,17,0,2151699.2,77,78,69,67,80,80,76,75,19.129,19.122,20.928,20.911,796.367,96546,0,0,683,9567,8,9,1,0,0,28,23,14,20,9,9,FALSE,0,FALSE
787.4145,0.403,0.39,0.137,0.107,11.072,19,17,0,2163221.5,76,76,67,68,81,80,76,76,19.143,19.137,20.937,20.921,812.684,96546,0,0,683,9567,8,9,1,0,0,28,23,14,20,9,9,FALSE,0,FALSE
787.9112,0.418,0.407,0.147,0.119,11.062,19,17,0,2171019.5,74,75,69,72,81,81,76,76,19.155,19.149,20.947,20.931,830.891,96546,0,0,683,9600,8,9,1,0,0,28,23,14,20,9,9,FALSE,0,FALSE
788.4132,0.439,0.43,0.161,0.136,11.054,19,17,0,2182948.2,76,78,72,75,81,81,76,76,19.166,19.162,20.956,20.943,857.215,96546,0,0,667,9600,8,9,1,0,0,28,23,14,20,9,9,FALSE,0,FALSE
788.90955,0.458,0.454,0.174,0.148,11.043,19,17,0,2188591.5,73,77,71,72,81,81,76,76,19.177,19.176,20.966,20.954,878.316,96546,0,0,667,9650,8,9,1,0,0,28,23,14,20,9,9,FALSE,0,FALSE
789.40906,0.499,0.495,0.184,0.158,11.03,19,17,0,2184538,80,83,70,71,81,81,77,76,19.189,19.189,20.975,20.963,900.848,96546,0,0,683,9650,8,9,1,0,0,28,23,14,20,9,9,FALSE,0,FALSE
789.9097,0.522,0.519,0.186,0.16,11.017,19,17,0,2160133.8,74,74,68,68,82,82,77,76,19.201,19.202,20.983,20.971,927.836,96546,0,0,683,9650,8,9,1,0,0,28,23,14,20,9,9,FALSE,0,FALSE
790.4138,0.543,0.539,0.192,0.167,11.003,19,17,0,2115114,74,72,69,69,82,82,77,77,19.211,19.211,20.989,20.978,957.641,96546,0,0,716,9700,8,9,1,0,0,28,23,14,20,9,9,FALSE,0,FALSE
790.9127,0.561,0.554,0.196,0.172,10.991,19,17,0,2068988.1,72,71,69,68,82,82,77,77,19.22,19.22,20.996,20.984,989,96546,0,0,733,9700,8,9,1,0,0,28,23,14,20,9,9,FALSE,0,FALSE
791.41223,0.581,0.571,0.204,0.18,10.977,19,17,0,2012336,73,71,70,68,82,82,77,77,19.228,19.227,21.002,20.99,1020.844,96546,0,0,733,9700,8,9,1,0,0,28,23,14,20,9,9,FALSE,0,FALSE
791.9114,0.605,0.591,0.212,0.189,10.963,19,17,0,1954721,72,70,70,68,82,82,77,77,19.236,19.234,21.008,20.996,1054.887,96546,0,0,717,9717,8,9,1,0,0,28,23,14,20,9,9,FALSE,0,FALSE
792.40326,0.616,0.601,0.213,0.19,10.951,19,17,0,1904477.2,69,69,68,68,82,82,77,77,19.242,19.24,21.013,21,1089.363,96546,0,0,684,9717,8,9,1,0,0,28,23,14,20,9,9,FALSE,0,FALSE
792.90967,0.628,0.612,0.213,0.19,10.936,19,17,0,1844941.8,69,69,68,68,83,82,77,77,19.248,19.245,21.016,21.004,1127.809,96546,0,0,684,9684,8,9,1,0,0,28,23,14,20,9,9,FALSE,0,FALSE
793.4115,0.637,0.622,0.213,0.19,10.923,19,17,0,1787326.8,69,69,68,68,83,83,77,77,19.252,19.25,21.02,21.007,1166.488,96546,0,0,667,9684,8,9,1,0,0,28,23,14,20,9,9,FALSE,0,FALSE
793.91223,0.646,0.631,0.213,0.19,10.91,19,17,0,1735182.5,69,69,68,68,83,83,77,77,19.256,19.254,21.023,21.01,1206.438,96546,0,0,633,9650,8,9,1,0,0,28,23,14,20,9,9,FALSE,0,FALSE
794.40497,0.654,0.639,0.213,0.19,10.896,19,17,0,1679488,69,69,68,68,83,83,77,77,19.26,19.258,21.025,21.012,1245.98,96546,0,0,633,9650,8,9,1,0,0,28,23,14,20,9,9,FALSE,0,FALSE
794.9114,0.662,0.647,0.213,0.19,10.882,19,17,0,1639541,69,69,69,69,83,83,77,77,19.264,19.262,21.027,21.015,1289.293,96546,0,0,617,9567,8,9,1,0,0,28,23,14,20,9,9,FALSE,0,FALSE
795.412,0.668,0.654,0.213,0.19,10.868,19,17,0,1630897.2,69,69,69,69,83,83,77,77,19.267,19.265,21.028,21.016,1331.918,96546,0,0,600,9517,8,9,1,0,0,28,23,14,20,9,9,FALSE,0,FALSE
795.9097,0.674,0.661,0.214,0.191,10.855,19,17,0,1622253.5,69,69,69,69,83,83,77,77,19.269,19.267,21.03,21.017,1375.121,96546,0,0,566,9517,8,9,1,0,0,28,23,14,20,9,9,FALSE,0,FALSE
796.412,0.684,0.671,0.225,0.2,10.842,19,17,0,1624036,71,71,73,72,83,83,77,77,19.271,19.27,21.031,21.019,1418.551,96546,0,0,566,9483,8,9,1,0,0,28,23,14,20,9,9,FALSE,0,FALSE
796.91437,0.717,0.697,0.276,0.24,10.84,19,17,0,1658286.2,73,71,77,76,83,83,78,77,19.28,19.278,21.043,21.03,1455.145,96546,0,0,550,9483,8,9,1,0,0,28,23,14,20,9,9,FALSE,0,FALSE
797.4101,0.747,0.727,0.412,0.265,10.839,19,17,0,1686964.2,74,72,89,74,83,83,78,78,19.292,19.29,21.066,21.045,1483.574,96546,0,0,550,9434,8,9,1,0,0,28,23,14,20,9,9,FALSE,0,FALSE
797.9114,0.795,0.767,0.466,0.311,10.838,19,17,0,1711050.4,84,79,91,82,84,84,78,78,19.307,19.303,21.086,21.061,1505.473,96546,0,0,534,9434,8,9,1,0,0,28,23,14,20,9,9,FALSE,0,FALSE
798.41437,0.834,0.797,0.531,0.364,10.838,19,17,0,1731489,84,78,97,89,84,84,79,78,19.326,19.319,21.109,21.081,1522.449,96546,0,0,534,9434,8,9,1,0,0,28,23,14,20,9,9,FALSE,0,FALSE
798.9136,0.849,0.807,0.578,0.406,10.837,19,17,0,1744007.4,78,73,97,90,84,84,79,79,19.342,19.331,21.132,21.102,1544.352,96546,0,0,534,9433,8,9,1,0,0,28,23,14,20,9,9,FALSE,0,FALSE
799.40924,0.863,0.817,0.607,0.427,10.833,19,17,0,1750790.8,77,72,91,84,85,84,80,79,19.355,19.342,21.154,21.12,1563.484,96546,0,0,500,9433,8,9,1,0,0,28,23,14,20,9,9,FALSE,0,FALSE
799.90967,0.881,0.832,0.624,0.44,10.827,19,17,0,1758286.8,77,73,84,77,85,84,80,79,19.369,19.354,21.172,21.136,1579.863,96546,0,0,500,9600,8,9,1,0,0,28,23,14,20,9,9,FALSE,0,FALSE
800.4091,0.897,0.847,0.633,0.447,10.819,19,17,0,1765592.5,76,73,77,72,85,85,80,79,19.381,19.365,21.187,21.149,1595.895,96546,0,0,500,9600,8,9,1,0,0,28,23,14,20,9,9,FALSE,0,FALSE
800.90967,0.912,0.861,0.64,0.454,10.809,19,17,0,1773619.2,75,72,72,70,85,85,80,80,19.393,19.376,21.199,21.16,1613.891,96546,0,0,650,9600,8,9,1,0,0,28,23,14,20,9,9,FALSE,0,FALSE
801.4097,0.931,0.88,0.645,0.459,10.797,19,17,0,1779172.9,75,74,70,68,85,85,80,80,19.405,19.386,21.209,21.169,1634.371,96546,0,0,650,9600,8,9,1,0,0,28,23,14,20,9,9,FALSE,0,FALSE
801.9109,0.955,0.904,0.646,0.46,10.785,19,17,0,1774872.1,76,75,68,67,86,85,81,80,19.416,19.397,21.217,21.177,1657.305,96546,0,0,650,9600,8,9,1,0,0,28,23,14,20,9,9,FALSE,0,FALSE
802.4039,0.973,0.923,0.646,0.46,10.772,19,17,0,1745013.1,72,72,66,66,86,85,81,80,19.426,19.407,21.224,21.184,1682.227,96546,0,0,650,9600,8,9,1,0,0,28,23,14,20,9,9,FALSE,0,FALSE
802.9091,0.989,0.94,0.648,0.462,10.758,19,17,0,1700595.4,71,72,67,67,86,86,81,80,19.434,19.415,21.23,21.191,1710.895,96546,0,0,634,9600,8,9,1,0,0,28,23,14,20,9,9,FALSE,0,FALSE
803.9105,1.011,0.965,0.657,0.47,10.732,19,17,0,1674068.1,70,72,69,70,86,86,81,80,19.448,19.43,21.241,21.203,1774.406,96546,0,0,617,9600,8,9,1,0,0,28,23,14,20,9,9,FALSE,0,FALSE
804.4124,1.051,1.014,0.706,0.524,10.718,19,17,0,1665424.4,77,81,78,82,86,86,81,80,19.455,19.439,21.248,21.212,1808.129,96546,50891,0,600,9600,8,9,1,0,0,28,23,14,20,9,9,FALSE,0,FALSE
804.912,1.083,1.051,0.736,0.555,10.71,19,17,0,1674486.4,72,73,74,74,87,86,81,81,19.464,19.45,21.256,21.221,1842.762,96546,50891,0,600,9600,8,9,1,0,0,28,23,14,20,9,9,FALSE,0,FALSE
805.4107,1.127,1.084,0.794,0.605,10.71,19,17,0,1694118.6,79,74,83,78,87,86,81,81,19.474,19.458,21.267,21.231,1872,96546,50891,0,616,9583,8,9,1,0,0,28,23,14,20,9,9,FALSE,0,FALSE
805.91296,1.164,1.112,0.864,0.663,10.71,19,17,0,1709357.4,80,75,91,84,87,87,82,81,19.485,19.467,21.28,21.243,1900.695,96546,50891,0,616,9583,8,9,1,0,0,28,23,14,20,9,9,FALSE,0,FALSE
806.4131,1.214,1.147,0.951,0.741,10.703,19,17,0,1715661.2,84,77,96,91,87,87,82,81,19.497,19.476,21.296,21.256,1929.559,96546,50891,0,684,9583,8,9,1,0,0,28,23,14,20,9,9,FALSE,0,FALSE
806.9101,1.257,1.181,1.002,0.782,10.694,19,17,0,1721013.4,82,76,86,80,87,87,82,81,19.509,19.485,21.31,21.268,1956.344,96546,50891,0,684,9650,8,9,1,0,0,28,23,14,20,9,9,FALSE,0,FALSE
807.9101,1.313,1.237,1.048,0.835,10.669,19,17,0,1721713.5,76,78,75,80,88,87,82,82,19.526,19.5,21.325,21.283,2012.879,96546,50891,0,733,9684,8,9,1,0,0,28,23,14,20,9,9,FALSE,0,FALSE
808.4121,1.357,1.289,1.107,0.91,10.656,19,17,0,1725161.9,78,81,81,89,88,87,83,82,19.534,19.51,21.332,21.294,2044.473,96546,50891,0,733,9684,8,9,1,0,0,28,23,14,20,9,9,FALSE,0,FALSE
808.9076,1.407,1.348,1.172,0.992,10.644,19,17,0,1729225.6,79,83,83,91,88,88,83,82,19.542,19.52,21.341,21.305,2073.523,96546,50891,0,767,9700,8,9,1,0,0,28,23,14,20,9,9,FALSE,0,FALSE
809.40607,1.455,1.402,1.217,1.041,10.631,19,17,0,1730060.1,77,80,77,80,88,88,83,82,19.55,19.529,21.348,21.315,2103.969,96546,50891,0,767,9750,8,9,1,0,0,28,23,14,20,9,9,FALSE,0,FALSE
809.9106,1.481,1.432,1.23,1.053,10.617,19,17,0,1721478.6,71,74,71,70,88,88,83,82,19.555,19.536,21.351,21.319,2137.008,96546,50891,0,767,9750,8,9,1,0,0,28,23,14,20,9,9,FALSE,0,FALSE
810.41095,1.491,1.444,1.233,1.055,10.603,19,17,0,1712834.9,70,72,69,69,88,88,83,82,19.559,19.54,21.353,21.321,2170.266,96546,50891,0,867,9800,8,9,1,0,0,28,23,14,20,9,9,FALSE,0,FALSE
810.9121,1.51,1.465,1.264,1.085,10.599,19,17,0,1737570.1,72,73,76,76,88,88,83,82,19.563,19.546,21.359,21.327,2200.887,96546,50891,0,867,9850,8,9,1,0,0,28,23,14,20,9,9,FALSE,0,FALSE
811.41064,1.521,1.475,1.271,1.092,10.598,19,17,0,1762778.1,70,70,71,71,89,88,83,83,19.571,19.553,21.369,21.338,2224.117,96546,50891,0,867,9850,8,9,1,0,0,28,23,14,20,9,9,FALSE,0,FALSE
811.9095,1.536,1.487,1.293,1.113,10.598,19,17,0,1784185.4,73,70,77,75,89,88,83,83,19.578,19.561,21.38,21.348,2242.871,96546,50891,0,867,9916,8,9,1,0,0,28,23,14,20,9,9,FALSE,0,FALSE
812.4072,1.561,1.504,1.335,1.147,10.598,19,17,0,1800343.5,78,73,87,82,89,88,84,83,19.589,19.569,21.394,21.361,2256.637,96546,50891,0,866,9916,8,9,1,0,0,28,23,14,20,9,9,FALSE,0,FALSE
813.4134,1.58,1.52,1.418,1.203,10.595,19,17,0,1817663.6,74,71,98,85,89,89,84,83,19.609,19.586,21.433,21.392,2283.125,96546,50891,0,866,9916,8,9,1,0,0,28,23,14,20,9,9,FALSE,0,FALSE
813.91034,1.594,1.53,1.44,1.22,10.591,19,17,0,1823372.2,76,72,92,82,89,89,85,84,19.619,19.594,21.452,21.406,2297.98,96546,50891,0,866,9984,8,9,1,0,0,28,23,14,20,9,9,FALSE,0,FALSE
814.41296,1.612,1.546,1.452,1.23,10.586,19,17,0,1829583.4,79,74,84,77,90,89,85,84,19.629,19.602,21.468,21.419,2310.812,96546,50891,0,817,9984,8,9,1,0,0,28,23,14,20,9,9,FALSE,0,FALSE
814.9127,1.643,1.576,1.456,1.234,10.578,19,17,0,1836643.2,84,81,77,72,90,89,85,84,19.641,19.613,21.48,21.429,2324.234,96546,50891,0,817,9984,8,9,1,0,0,28,23,14,20,9,9,FALSE,0,FALSE
815.4085,1.657,1.593,1.458,1.235,10.569,19,17,0,1840955.1,78,78,71,69,90,89,85,84,19.652,19.623,21.488,21.436,2339.145,96546,50891,0,817,9984,8,9,1,0,0,28,23,14,20,9,9,FALSE,0,FALSE
815.90735,1.685,1.625,1.46,1.238,10.556,19,17,0,1848190.4,79,80,69,67,90,90,85,84,19.663,19.634,21.495,21.442,2357.406,96546,50891,0,850,10033,8,9,1,0,0,28,23,14,20,9,9,FALSE,0,FALSE
816.411,1.708,1.65,1.46,1.238,10.543,19,17,0,1847545.8,76,77,67,66,90,90,85,84,19.672,19.644,21.5,21.448,2379.531,96546,50891,0,850,10033,8,9,1,0,0,28,23,14,20,9,9,FALSE,0,FALSE
816.90607,1.726,1.671,1.46,1.238,10.53,19,17,0,1816570,74,74,66,67,91,90,85,85,19.68,19.652,21.504,21.452,2402.973,96546,50891,0,800,10017,8,9,1,0,0,28,23,14,20,9,9,FALSE,0,FALSE
817.4097,1.741,1.688,1.46,1.239,10.517,19,17,0,1780526.6,72,71,66,67,91,90,85,85,19.686,19.658,21.508,21.456,2430.723,96546,50891,0,800,10017,8,9,1,0,0,28,23,14,20,9,9,FALSE,0,FALSE
817.91,1.754,1.701,1.46,1.239,10.504,19,17,0,1738023.9,70,70,66,67,91,90,85,85,19.691,19.663,21.511,21.46,2460.027,96546,50891,0,783,9983,8,9,1,0,0,28,23,14,20,9,9,FALSE,0,FALSE
818.4122,1.764,1.711,1.46,1.239,10.49,19,17,0,1710693.8,69,69,67,67,91,90,86,85,19.695,19.667,21.513,21.463,2491.25,96546,50891,0,783,9983,8,9,1,0,0,28,23,14,20,9,9,FALSE,0,FALSE
818.9113,1.772,1.719,1.46,1.239,10.476,19,17,0,1702067.6,69,69,67,67,91,90,86,85,19.698,19.67,21.515,21.465,2524.129,96546,50891,0,767,9967,8,9,1,0,0,28,23,14,20,9,9,FALSE,0,FALSE
819.4082,1.78,1.729,1.463,1.241,10.463,19,17,0,1693712,69,70,68,69,91,90,86,85,19.7,19.673,21.517,21.467,2557.336,96546,50891,0,733,9967,8,9,1,0,0,28,23,14,20,9,9,FALSE,0,FALSE
819.90955,1.804,1.76,1.49,1.267,10.45,19,17,0,1690217.6,72,75,72,74,91,90,86,85,19.703,19.677,21.519,21.47,2593.918,96546,50891,0,733,9933,8,9,1,0,0,28,23,14,20,9,9,FALSE,0,FALSE
820.411,1.836,1.8,1.532,1.31,10.438,19,17,0,1693909.6,74,77,76,79,91,91,86,85,19.706,19.682,21.522,21.475,2629.273,96546,50891,0,717,9934,8,9,1,0,0,28,23,14,20,9,9,FALSE,0,FALSE
820.91266,1.866,1.837,1.567,1.345,10.438,19,17,0,1723112.9,73,76,75,78,91,91,86,85,19.713,19.69,21.53,21.484,2661.332,96546,50891,0,717,9934,8,9,1,0,0,28,23,14,20,9,9,FALSE,0,FALSE
821.4118,1.883,1.857,1.585,1.362,10.437,19,17,0,1748449,71,74,73,75,91,91,86,85,19.719,19.699,21.539,21.494,2686.281,96546,50891,0,767,9984,8,9,1,0,0,28,23,14,20,9,9,FALSE,0,FALSE
821.91205,1.895,1.872,1.598,1.374,10.436,19,17,0,1769680.8,71,73,73,75,91,91,86,85,19.726,19.707,21.548,21.505,2704.953,96546,50891,0,767,9984,8,9,1,0,0,28,23,14,20,9,9,FALSE,0,FALSE
822.4042,1.904,1.884,1.609,1.387,10.436,19,17,0,1785123.8,70,73,72,75,92,91,86,86,19.733,19.715,21.557,21.516,2719.691,96546,50891,0,767,10116,8,9,1,0,0,28,23,14,20,9,9,FALSE,0,FALSE
823.4135,1.918,1.902,1.634,1.427,10.436,19,17,0,1806478,70,71,73,83,92,91,87,86,19.746,19.731,21.576,21.539,2743.949,96546,50891,0,850,10116,8,9,1,0,0,28,23,14,20,9,9,FALSE,0,FALSE
823.909,1.928,1.913,1.649,1.45,10.435,19,17,0,1811396.1,72,74,76,86,92,92,87,86,19.752,19.738,21.584,21.553,2765.445,96546,50891,0,850,10117,8,9,1,0,0,28,23,14,20,9,9,FALSE,0,FALSE
824.4083,1.936,1.924,1.656,1.457,10.431,19,17,0,1816688.2,71,74,73,80,92,92,87,86,19.759,19.747,21.594,21.566,2775.211,96546,50891,0,850,10117,8,9,1,0,0,28,23,14,20,9,9,FALSE,0,FALSE
824.90643,1.948,1.934,1.658,1.46,10.424,19,17,0,1821048.8,73,74,70,74,92,92,87,87,19.765,19.755,21.601,21.577,2787.086,96546,50891,0,817,10117,8,9,1,0,0,28,23,14,20,9,9,FALSE,0,FALSE
825.4068,1.965,1.949,1.659,1.46,10.414,19,17,0,1823278.5,75,75,67,70,92,92,87,87,19.773,19.763,21.607,21.584,2801.766,96546,50891,0,817,10117,8,9,1,0,0,28,23,14,20,9,9,FALSE,0,FALSE
825.90686,1.996,1.98,1.659,1.46,10.402,19,17,0,1827647,81,81,66,67,92,92,87,87,19.782,19.772,21.612,21.59,2819.18,96546,50891,0,817,10117,8,9,1,0,0,28,23,14,20,9,9,FALSE,0,FALSE
826.411,2.025,2.007,1.659,1.46,10.39,19,17,0,1826295,77,77,66,66,93,92,87,87,19.792,19.783,21.616,21.595,2840.168,96546,50891,0,867,10117,8,9,1,0,0,28,23,14,20,9,9,FALSE,0,FALSE
826.9106,2.056,2.037,1.659,1.46,10.376,19,17,0,1797763.9,77,76,66,66,93,93,87,87,19.8,19.791,21.62,21.598,2863.496,96546,50891,0,867,10200,8,9,1,0,0,28,23,14,20,9,9,FALSE,0,FALSE
827.4088,2.073,2.054,1.659,1.46,10.364,19,17,0,1766349.5,72,72,66,67,93,93,87,87,19.806,19.797,21.623,21.602,2888.73,96546,50891,0,833,10200,8,9,1,0,0,28,23,14,20,9,9,FALSE,0,FALSE
827.9093,2.087,2.069,1.659,1.46,10.35,19,17,0,1720144.8,70,71,67,67,93,93,87,87,19.811,19.801,21.625,21.605,2917.418,96546,50891,0,833,10183,8,9,1,0,0,28,23,14,20,9,9,FALSE,0,FALSE
828.41034,2.1,2.082,1.659,1.46,10.337,19,17,0,1679916,69,69,67,67,93,93,87,87,19.814,19.805,21.627,21.607,2949.535,96546,50891,0,833,10183,8,9,1,0,0,28,23,14,20,9,9,FALSE,0,FALSE
828.9062,2.108,2.09,1.659,1.46,10.324,19,17,0,1671573.4,69,69,67,67,93,93,87,87,19.816,19.807,21.629,21.609,2981.477,96546,50891,0,833,10166,8,9,1,0,0,28,23,14,20,9,9,FALSE,0,FALSE
829.4077,2.116,2.098,1.659,1.46,10.31,19,17,0,1662929.6,69,69,68,68,93,93,87,87,19.818,19.809,21.63,21.61,3016.121,96546,50891,0,833,10166,8,9,1,0,0,28,23,14,20,9,9,FALSE,0,FALSE
830.40784,2.13,2.112,1.659,1.46,10.283,19,17,0,1651157.6,69,69,68,68,93,93,87,87,19.819,19.811,21.631,21.611,3089.32,96546,50891,0,783,10100,8,9,1,0,0,28,23,14,20,9,9,FALSE,0,FALSE
830.91046,2.138,2.119,1.659,1.46,10.269,19,17,0,1642225.8,68,68,68,68,93,93,87,87,19.82,19.811,21.631,21.611,3128.965,96546,50891,0,783,10100,8,9,1,0,0,28,23,14,20,9,9,FALSE,0,FALSE
831.4088,2.145,2.126,1.659,1.46,10.256,19,17,0,1633870.1,69,69,68,68,93,93,87,87,19.82,19.811,21.63,21.611,3167.055,96546,50891,0,783,10067,8,9,1,0,0,28,23,14,20,9,9,FALSE,0,FALSE
831.9092,2.151,2.132,1.659,1.46,10.243,19,17,0,1630644.2,69,69,69,68,93,93,87,87,19.819,19.811,21.629,21.609,3207.34,96546,50891,0,783,10067,8,9,1,0,0,28,23,14,20,9,9,FALSE,0,FALSE
832.4002,2.158,2.138,1.659,1.46,10.229,19,17,0,1622000.5,69,69,68,69,93,93,87,87,19.818,19.81,21.627,21.608,3248.305,96546,50891,0,766,10033,8,9,1,0,0,28,23,14,20,9,9,FALSE,0,FALSE
832.90784,2.164,2.145,1.659,1.46,10.215,19,17,0,1613356.8,69,69,69,69,93,93,87,87,19.817,19.809,21.625,21.606,3289.984,96546,50891,0,750,10000,8,9,1,0,0,28,23,14,20,9,9,FALSE,0,FALSE
833.40906,2.17,2.152,1.659,1.46,10.201,19,17,0,1604713,68,69,68,68,93,93,87,87,19.815,19.807,21.622,21.603,3332.316,96546,50891,0,750,9966,8,9,1,0,0,28,23,14,20,9,9,FALSE,0,FALSE
833.906,2.183,2.165,1.676,1.477,10.191,19,17,0,1614314.1,71,71,72,72,93,93,87,87,19.814,19.806,21.62,21.602,3374.223,96546,50891,0,750,9966,8,9,1,0,0,28,23,14,20,9,9,FALSE,0,FALSE
834.4113,2.208,2.19,1.711,1.51,10.189,19,17,0,1647957.6,72,73,75,75,93,93,87,87,19.818,19.81,21.628,21.61,3409.184,96546,50891,0,750,9934,8,9,1,0,0,28,23,14,20,9,9,FALSE,0,FALSE
834.91095,2.23,2.22,1.746,1.548,10.189,19,17,0,1676507,72,77,77,81,93,93,88,87,19.823,19.818,21.639,21.621,3435.699,96546,50891,0,767,9967,8,9,1,0,0,28,23,14,20,9,9,FALSE,0,FALSE
835.4041,2.257,2.255,1.792,1.608,10.189,19,17,0,1700033.1,75,80,83,91,93,93,88,88,19.83,19.827,21.65,21.635,3457.805,96546,50891,0,767,9967,8,9,1,0,0,28,23,14,20,9,9,FALSE,0,FALSE
835.9108,2.278,2.282,1.842,1.673,10.185,19,17,0,1712132.2,75,79,86,95,93,93,88,88,19.838,19.837,21.665,21.654,3482.391,96546,50891,0,750,9967,8,9,1,0,0,28,23,14,20,9,9,FALSE,0,FALSE
836.4098,2.297,2.307,1.862,1.697,10.177,19,17,0,1718699.8,74,78,78,84,94,94,88,88,19.845,19.847,21.677,21.669,3504.113,96546,50891,0,750,9967,8,9,1,0,0,28,23,14,20,9,9,FALSE,0,FALSE
836.91113,2.32,2.333,1.878,1.714,10.166,19,17,0,1724035.8,75,78,73,78,94,94,88,88,19.852,19.855,21.686,21.68,3525.496,96546,50891,0,750,9967,8,9,1,0,0,28,23,14,20,9,9,FALSE,0,FALSE
837.4096,2.347,2.365,1.899,1.738,10.154,19,17,0,1730139.9,75,79,74,77,94,94,89,88,19.859,19.864,21.693,21.689,3548.234,96546,50891,0,850,10084,8,9,1,0,0,28,23,14,20,9,9,FALSE,0,FALSE
837.9107,2.376,2.4,1.923,1.764,10.141,19,17,0,1735794.9,75,80,74,77,94,94,89,89,19.865,19.873,21.7,21.697,3572.438,96546,50891,0,850,10084,8,9,1,0,0,28,23,14,20,9,9,FALSE,0,FALSE
838.4097,2.407,2.436,1.946,1.788,10.129,19,17,0,1736493,75,79,73,76,94,94,89,89,19.872,19.881,21.706,21.704,3598.191,96546,50891,0,833,10084,8,9,1,0,0,28,23,14,20,9,9,FALSE,0,FALSE
838.9093,2.434,2.467,1.967,1.809,10.116,19,17,0,1729966.8,74,78,73,75,94,94,89,89,19.877,19.887,21.711,21.71,3625.004,96546,50891,0,833,10116,8,9,1,0,0,28,23,14,20,9,9,FALSE,0,FALSE
839.40753,2.466,2.505,1.992,1.835,10.102,19,17,0,1691999.9,75,79,73,75,94,94,89,89,19.881,19.894,21.716,21.716,3654.656,96546,50891,0,833,10150,8,9,1,0,0,28,23,14,20,9,9,FALSE,0,FALSE
839.90955,2.489,2.534,2.01,1.851,10.088,19,17,0,1667606.8,71,75,71,72,94,95,89,89,19.885,19.9,21.72,21.72,3687.551,96546,50891,0,833,10150,8,9,1,0,0,28,23,14,20,9,9,FALSE,0,FALSE
840.41174,2.504,2.551,2.018,1.859,10.075,19,17,0,1658963.2,70,71,69,69,94,95,89,89,19.887,19.903,21.722,21.723,3720.836,96546,50891,0,833,10167,8,9,1,0,0,28,23,14,20,9,9,FALSE,0,FALSE
841.4114,2.589,2.621,2.109,1.944,10.047,19,17,0,1641675.8,80,76,81,78,95,95,89,89,19.895,19.908,21.73,21.728,3790.23,96546,50891,0,833,10167,8,9,1,0,0,28,23,14,20,9,9,FALSE,0,FALSE
841.91144,2.655,2.676,2.198,2.024,10.035,19,17,0,1638416.2,83,79,88,83,95,95,89,89,19.901,19.912,21.736,21.733,3826.508,96546,50891,0,833,10183,8,9,1,0,0,28,23,14,20,9,9,FALSE,0,FALSE
842.40155,2.725,2.734,2.302,2.115,10.022,19,17,0,1630060.6,83,79,91,85,95,95,89,89,19.907,19.916,21.744,21.738,3861.879,96546,50891,0,833,10183,8,9,1,0,0,28,23,14,20,9,9,FALSE,0,FALSE
842.91046,2.801,2.798,2.408,2.208,10.008,19,17,0,1621128.8,84,79,88,83,95,95,90,89,19.913,19.92,21.751,21.744,3899.621,96546,50891,0,833,10183,8,9,1,0,0,28,23,14,20,9,9,FALSE,0,FALSE
843.40936,2.86,2.846,2.478,2.271,9.995,19,17,0,1612773.1,81,77,83,79,95,95,90,89,19.918,19.923,21.756,21.747,3934.539,96546,50891,0,833,10200,8,9,1,0,0,28,23,14,20,9,9,FALSE,0,FALSE
843.907,2.899,2.878,2.513,2.306,9.981,19,17,0,1604129.4,76,73,76,73,95,95,90,89,19.921,19.924,21.758,21.748,3970.16,96546,50891,0,850,10200,8,9,1,0,0,28,23,14,20,9,9,FALSE,0,FALSE
844.41174,2.917,2.891,2.52,2.313,9.967,19,17,0,1595197.5,70,70,69,68,95,95,90,89,19.92,19.922,21.757,21.746,4008.18,96546,50891,40022,850,10200,8,9,1,0,0,28,23,14,20,9,9,FALSE,0,FALSE
844.9109,2.935,2.909,2.544,2.34,9.959,19,17,0,1612319.8,72,71,75,75,95,95,90,89,19.92,19.922,21.757,21.746,4043.734,96546,50891,40022,850,10217,8,9,1,0,0,28,23,14,20,9,9,FALSE,0,FALSE
845.40814,2.966,2.935,2.578,2.373,9.958,19,17,0,1639696.5,77,73,79,77,95,95,90,90,19.924,19.925,21.765,21.753,4070.32,96546,50891,40022,917,10267,8,9,1,0,0,28,23,14,20,9,9,FALSE,0,FALSE
845.90796,2.993,2.954,2.612,2.402,9.958,19,17,0,1660321.5,77,72,80,76,95,95,90,90,19.93,19.929,21.775,21.762,4093.348,96546,50891,40022,917,10267,8,9,1,0,0,28,23,14,20,9,9,FALSE,0,FALSE
846.4104,3.015,2.969,2.646,2.429,9.958,19,17,0,1676086.5,76,71,82,76,95,95,90,90,19.937,19.933,21.785,21.77,4115.547,96546,50891,40022,917,10267,8,9,1,0,0,28,23,14,20,9,9,FALSE,0,FALSE
846.9101,3.041,2.988,2.702,2.473,9.958,19,17,0,1686828.8,78,73,91,84,95,95,90,90,19.943,19.937,21.797,21.779,4136.312,96546,50891,40022,950,10316,8,9,1,0,0,28,23,14,20,9,9,FALSE,0,FALSE
847.4103,3.072,3.015,2.762,2.511,9.952,19,17,0,1693520.6,79,78,97,84,96,95,90,90,19.951,19.941,21.811,21.788,4159.629,96546,50891,40022,950,10316,8,9,1,0,0,28,23,14,20,9,9,FALSE,0,FALSE
847.9072,3.104,3.042,2.794,2.536,9.943,19,17,0,1699646.4,82,78,88,79,96,95,91,90,19.958,19.947,21.823,21.797,4179.305,96546,50891,40022,967,10316,8,9,1,0,0,28,23,14,20,9,9,FALSE,0,FALSE
848.41077,3.144,3.078,2.812,2.551,9.931,19,17,0,1702103.1,82,79,78,73,96,96,91,90,19.966,19.954,21.833,21.803,4200.984,96546,50891,40022,967,10316,8,9,1,0,0,28,23,14,20,9,9,FALSE,0,FALSE
848.9078,3.167,3.101,2.818,2.556,9.917,19,17,0,1697588.4,76,75,71,69,96,96,91,90,19.972,19.959,21.837,21.807,4223.688,96546,50891,40022,1000,10350,8,9,1,0,0,28,23,14,20,9,9,FALSE,0,FALSE
849.4107,3.184,3.117,2.818,2.557,9.904,19,17,0,1662626.2,72,72,68,67,96,96,91,90,19.976,19.962,21.84,21.808,4251.117,96546,50891,40022,1000,10350,8,9,1,0,0,28,23,14,20,9,9,FALSE,0,FALSE
849.908,3.197,3.129,2.818,2.557,9.891,19,17,0,1617210.9,71,71,67,67,96,96,91,90,19.977,19.964,21.841,21.809,4279.215,96546,50891,40022,1000,10417,8,9,1,0,0,28,23,14,20,9,9,FALSE,0,FALSE
850.41144,3.208,3.14,2.818,2.557,9.878,19,17,0,1567393.8,70,71,68,68,96,96,91,90,19.978,19.964,21.841,21.81,4311.418,96546,50891,40022,1000,10417,8,9,1,0,0,28,23,14,20,9,9,FALSE,0,FALSE
850.91064,3.219,3.151,2.818,2.557,9.864,19,17,0,1509841.8,71,71,68,68,96,96,91,90,19.978,19.965,21.841,21.81,4344.633,96546,50891,40022,934,10417,8,9,1,0,0,28,23,14,20,9,9,FALSE,0,FALSE
851.4117,3.228,3.16,2.818,2.557,9.851,19,17,0,1457538.2,70,70,68,68,96,96,91,90,19.978,19.965,21.84,21.809,4379.477,96546,50891,40022,916,10400,8,9,1,0,0,28,23,14,20,9,9,FALSE,0,FALSE
851.90533,3.237,3.169,2.818,2.557,9.838,19,17,0,1401843.8,70,70,68,68,96,96,91,90,19.977,19.964,21.839,21.808,4414.543,96546,50891,40022,916,10400,8,9,1,0,0,28,23,14,20,9,9,FALSE,0,FALSE
852.39825,3.246,3.179,2.818,2.557,9.824,19,17,0,1344228.8,70,70,68,68,96,96,91,90,19.976,19.963,21.837,21.806,4452.211,96546,50891,40022,884,10367,8,9,1,0,0,28,23,14,20,9,9,FALSE,0,FALSE
852.9083,3.255,3.188,2.818,2.557,9.81,19,17,0,1286613.8,70,70,68,68,96,96,91,90,19.974,19.961,21.834,21.804,4491.156,96546,50891,40022,850,10367,8,9,1,0,0,28,23,14,20,9,9,FALSE,0,FALSE
853.41095,3.263,3.196,2.818,2.557,9.797,19,17,0,1242341.1,70,70,68,68,96,96,91,90,19.972,19.96,21.832,21.801,4532.543,96546,50891,40022,850,10333,8,9,1,0,0,28,23,14,20,9,9,FALSE,0,FALSE
853.90826,3.269,3.202,2.818,2.557,9.784,19,17,0,1233985.5,70,70,68,68,96,96,91,90,19.97,19.957,21.828,21.798,4571.879,96546,50891,40022,817,10333,8,9,1,0,0,28,23,14,20,9,9,FALSE,0,FALSE
854.4066,3.275,3.208,2.818,2.557,9.77,19,17,0,1225341.8,71,71,69,69,96,96,91,90,19.967,19.955,21.825,21.795,4613.148,96546,50891,40022,800,10316,8,9,1,0,0,28,23,14,20,9,9,FALSE,0,FALSE
854.90955,3.281,3.215,2.818,2.557,9.756,19,17,0,1216409.9,71,71,69,69,96,96,91,90,19.964,19.952,21.821,21.791,4656.352,96546,50891,40022,766,10283,8,9,1,0,0,28,23,14,20,9,9,FALSE,0,FALSE
855.4095,3.287,3.222,2.818,2.557,9.742,19,17,0,1207766.1,71,71,69,69,96,96,91,90,19.961,19.949,21.817,21.787,4698.641,96546,50891,40022,766,10250,8,9,1,0,0,28,23,14,20,9,9,FALSE,0,FALSE
855.9077,3.293,3.228,2.818,2.557,9.729,19,17,0,1199410.5,71,71,69,69,96,95,91,90,19.958,19.946,21.812,21.783,4739.902,96546,50891,40022,733,10250,8,9,1,0,0,28,23,14,20,9,9,FALSE,0,FALSE
856.40845,3.299,3.234,2.818,2.557,9.715,19,17,0,1190766.8,71,71,69,69,96,95,90,90,19.954,19.942,21.807,21.778,4782.934,96546,50891,40022,717,10234,8,9,1,0,0,28,23,14,20,9,9,FALSE,0,FALSE
856.90955,3.312,3.247,2.832,2.571,9.704,19,17,0,1197855.4,72,72,73,73,96,95,90,90,19.951,19.939,21.804,21.775,4826.988,96546,50891,40022,683,10183,8,9,1,0,0,28,23,14,20,9,9,FALSE,0,FALSE
857.4089,3.335,3.271,2.864,2.602,9.702,19,17,0,1230264.6,72,72,75,75,96,95,90,90,19.952,19.941,21.809,21.781,4860.816,96546,50891,40022,683,10183,8,9,1,0,0,28,23,14,20,9,9,FALSE,0,FALSE
857.9107,3.351,3.288,2.878,2.616,9.701,19,17,0,1258506.1,71,70,72,72,96,95,91,90,19.957,19.945,21.818,21.79,4888.633,96546,50891,40022,683,10183,8,9,1,0,0,28,23,14,20,9,9,FALSE,0,FALSE
858.91205,3.4,3.323,2.961,2.682,9.701,19,17,0,1298220.1,79,73,90,82,96,96,91,90,19.97,19.955,21.84,21.809,4927.418,96546,50891,40022,700,10234,8,9,1,0,0,28,23,14,20,9,9,FALSE,0,FALSE
859.40894,3.415,3.336,3.012,2.713,9.698,19,17,0,1305801.1,75,73,95,82,96,96,91,91,19.977,19.96,21.856,21.821,4949.43,96546,50891,40022,700,10234,8,9,1,0,0,28,23,14,20,9,9,FALSE,0,FALSE
859.9101,3.437,3.354,3.034,2.731,9.691,19,17,0,1312287.1,78,74,85,76,96,96,92,91,19.984,19.966,21.871,21.832,4967.859,96546,50891,40022,700,10234,8,9,1,0,0,28,23,14,20,9,9,FALSE,0,FALSE
860.40985,3.456,3.37,3.046,2.741,9.682,19,17,0,1316485.5,76,73,77,72,96,96,92,91,19.991,19.971,21.881,21.839,4986.004,96546,50891,40022,700,10234,8,9,1,0,0,28,23,14,20,9,9,FALSE,0,FALSE
860.9035,3.481,3.395,3.057,2.75,9.67,19,17,0,1316932.8,78,76,74,70,96,96,92,91,19.997,19.976,21.888,21.845,5005.672,96546,50891,40022,733,10266,8,9,1,0,0,28,23,14,20,9,9,FALSE,0,FALSE
861.4085,3.505,3.418,3.062,2.755,9.657,19,17,0,1307926.5,76,75,70,68,97,96,92,91,20.004,19.982,21.893,21.849,5028.012,96546,50891,40022,733,10266,8,9,1,0,0,28,23,14,20,9,9,FALSE,0,FALSE
861.90894,3.529,3.441,3.07,2.763,9.644,19,17,0,1275955.9,75,73,70,68,97,96,92,91,20.009,19.987,21.897,21.852,5053.105,96546,50891,40022,734,10266,8,9,1,0,0,28,23,14,20,9,9,FALSE,0,FALSE
862.40204,3.548,3.458,3.072,2.766,9.63,19,17,0,1230694,72,71,68,67,97,96,92,91,20.013,19.99,21.9,21.855,5081.305,96546,50891,40022,734,10234,8,9,1,0,0,28,23,14,20,9,9,FALSE,0,FALSE
863.4034,3.57,3.481,3.072,2.766,9.604,19,17,0,1126540.9,71,70,67,68,97,96,92,91,20.016,19.993,21.902,21.858,5144.949,96546,50891,40022,750,10233,8,9,1,0,0,28,23,14,20,9,9,FALSE,0,FALSE
863.90717,3.58,3.491,3.072,2.766,9.59,19,17,0,1071687.4,70,70,68,68,97,96,92,91,20.017,19.994,21.902,21.858,5179.684,96546,50891,40022,750,10233,8,9,1,0,0,28,23,14,20,9,9,FALSE,0,FALSE
864.40656,3.587,3.497,3.072,2.766,9.577,19,17,0,1064164.5,70,70,68,68,97,96,92,91,20.017,19.994,21.902,21.858,5215.723,96546,50891,40022,733,10200,8,9,1,0,0,28,23,14,20,9,9,FALSE,0,FALSE
864.9056,3.594,3.504,3.072,2.766,9.563,19,17,0,1055520.8,70,70,68,68,97,96,92,91,20.017,19.994,21.901,21.858,5252.859,96546,50891,40022,733,10167,8,9,1,0,0,28,23,14,20,9,9,FALSE,0,FALSE
865.4066,3.601,3.511,3.072,2.766,9.549,19,17,0,1046877.4,70,70,68,68,97,96,92,91,20.016,19.993,21.899,21.856,5290.98,96546,50891,40022,733,10167,8,9,1,0,0,28,23,14,20,9,9,FALSE,0,FALSE
865.90515,3.608,3.518,3.072,2.766,9.536,19,17,0,1038235.5,69,69,68,68,97,96,92,91,20.015,19.992,21.897,21.855,5330,96546,50891,40022,733,10133,8,9,1,0,0,28,23,14,20,9,9,FALSE,0,FALSE
866.4086,3.614,3.524,3.072,2.766,9.522,19,17,0,1029593.6,69,69,68,68,97,96,92,91,20.012,19.99,21.895,21.852,5369.941,96546,50891,40022,717,10133,8,9,1,0,0,28,23,14,20,9,9,FALSE,0,FALSE
866.9049,3.62,3.53,3.072,2.766,9.509,19,17,1,1026335.06,69,69,69,68,97,96,92,91,20.01,19.988,21.892,21.85,1.668,113406,0,0,700,10133,8,10,1,0,0,28,23,14,20,9,9,FALSE,0,FALSE
867.40533,3.626,3.536,3.072,2.766,9.495,19,17,1,1017693.2,69,69,69,69,97,96,92,91,20.006,19.985,21.888,21.846,43.137,113406,0,0,700,10133,8,10,1,0,0,28,23,14,20,9,9,FALSE,0,FALSE
867.9035,3.632,3.543,3.072,2.766,9.481,19,17,1,1009051.3,69,69,69,69,97,96,92,91,20.003,19.981,21.884,21.843,85.277,113406,0,0,700,10083,8,10,1,0,0,28,23,14,20,9,9,FALSE,0,FALSE
868.4075,3.639,3.549,3.072,2.766,9.468,19,17,1,1000409.44,69,69,69,69,96,96,92,91,19.999,19.978,21.88,21.839,128.051,113406,0,0,683,10083,8,10,1,0,0,28,23,14,20,9,9,FALSE,0,FALSE
868.9082,3.645,3.555,3.072,2.766,9.454,19,17,1,991767.56,69,69,69,69,96,96,92,91,19.995,19.974,21.875,21.834,171.418,113406,0,0,683,10083,8,10,1,0,0,28,23,14,20,9,9,FALSE,0,FALSE
869.40704,3.651,3.561,3.072,2.766,9.44,19,17,1,983125.7,69,69,69,69,96,96,91,91,19.991,19.97,21.87,21.829,215.312,113406,0,0,667,10083,8,10,1,0,0,28,23,14,20,9,9,FALSE,0,FALSE
869.9084,3.657,3.567,3.072,2.766,9.426,19,17,1,974483.8,69,69,69,69,96,96,91,91,19.986,19.965,21.864,21.824,259.676,113406,0,0,667,9966,8,10,1,0,0,28,23,14,20,9,9,FALSE,0,FALSE
870.4026,3.663,3.573,3.072,2.766,9.412,19,17,1,965841.94,69,69,69,69,96,96,91,91,19.981,19.96,21.859,21.819,304.426,113406,0,0,666,9966,8,10,1,0,0,28,23,14,20,9,9,FALSE,0,FALSE
870.9032,3.669,3.579,3.072,2.766,9.399,19,17,1,957290.8,69,69,69,69,96,96,91,91,19.975,19.955,21.853,21.813,349.555,113406,0,0,667,9883,8,10,1,0,0,28,23,14,20,9,9,FALSE,0,FALSE
871.4053,3.675,3.585,3.072,2.766,9.385,19,17,1,948948.8,70,70,70,69,96,96,91,90,19.97,19.949,21.846,21.807,394.988,113406,0,0,650,9883,8,10,1,0,0,28,23,14,20,9,9,FALSE,0,FALSE
871.9072,3.681,3.59,3.072,2.766,9.371,19,17,1,940784.4,69,69,69,69,96,95,91,90,19.964,19.944,21.84,21.801,440.68,113406,0,0,633,9800,8,10,1,0,0,28,23,14,20,9,9,FALSE,0,FALSE
872.3979,3.686,3.596,3.072,2.766,9.357,19,17,1,932786.9,69,69,69,69,96,95,91,90,19.958,19.938,21.833,21.794,486.613,113406,0,0,633,9800,8,10,1,0,0,28,23,14,20,9,9,FALSE,0,FALSE
872.90204,3.692,3.602,3.072,2.766,9.344,19,17,1,924942.7,69,69,69,69,96,95,91,90,19.951,19.931,21.826,21.788,532.77,113406,0,0,616,9766,8,10,1,0,0,28,23,14,20,9,9,FALSE,0,FALSE
873.40735,3.697,3.608,3.072,2.766,9.33,19,17,1,917225.4,70,70,69,69,95,95,91,90,19.945,19.925,21.819,21.781,579.098,113406,0,0,616,9766,8,10,1,0,0,28,23,14,20,9,9,FALSE,0,FALSE
873.9061,3.715,3.625,3.093,2.788,9.321,19,17,1,934149.1,72,73,74,73,95,95,91,90,19.94,19.921,21.816,21.777,623.863,113406,0,0,600,9667,8,10,1,0,0,28,23,14,20,9,9,FALSE,0,FALSE
874.40765,3.739,3.649,3.123,2.819,9.32,19,17,1,968197.4,72,72,74,74,95,95,91,90,19.942,19.923,21.823,21.784,659.754,113406,0,0,600,9667,8,10,1,0,0,28,23,14,20,9,9,FALSE,0,FALSE
874.90594,3.764,3.675,3.147,2.842,9.319,19,17,1,995268.56,73,73,74,74,95,95,91,90,19.947,19.928,21.832,21.794,686.879,113406,0,0,567,9667,8,10,1,0,0,28,23,14,20,9,9,FALSE,0,FALSE
875.4064,3.779,3.69,3.159,2.855,9.318,19,17,1,1017433.7,72,72,73,73,96,95,91,90,19.953,19.934,21.842,21.804,706.887,113406,0,0,567,9667,8,10,1,0,0,28,23,14,20,9,9,FALSE,0,FALSE
875.90936,3.796,3.703,3.183,2.875,9.318,19,17,1,1034759.25,74,72,79,75,96,95,91,91,19.96,19.941,21.852,21.814,721.703,113406,0,0,567,9667,8,10,1,0,0,28,23,14,20,9,9,FALSE,0,FALSE
876.4091,3.809,3.713,3.217,2.899,9.318,19,17,1,1048096.5,74,71,87,79,96,95,91,91,19.967,19.947,21.865,21.825,733.031,113406,0,0,567,9667,8,10,1,0,0,28,23,14,20,9,9,FALSE,0,FALSE
876.9056,3.816,3.719,3.249,2.922,9.317,19,17,1,1055179.8,73,70,92,82,96,96,92,91,19.974,19.952,21.881,21.837,748.695,113406,0,0,450,9667,8,10,1,0,0,28,23,14,20,9,9,FALSE,0,FALSE
877.4065,3.83,3.733,3.273,2.936,9.313,19,17,1,1060379.2,75,73,91,79,96,96,92,91,19.98,19.958,21.897,21.849,761.234,113406,0,0,450,9716,8,10,1,0,0,28,23,14,20,9,9,FALSE,0,FALSE
877.9095,3.843,3.743,3.281,2.942,9.308,19,17,1,1066013.1,75,73,83,75,96,96,92,91,19.988,19.964,21.911,21.859,771.809,113406,0,0,450,9716,8,10,1,0,0,28,23,14,20,9,9,FALSE,0,FALSE
878.4082,3.861,3.76,3.291,2.952,9.303,19,17,1,1071920.5,80,76,79,74,96,96,92,91,19.994,19.969,21.921,21.867,783.738,113406,0,0,450,9716,8,10,1,0,0,28,23,14,20,9,9,FALSE,0,FALSE
878.90845,3.925,3.819,3.296,2.959,9.298,19,17,1,1073418.6,105,101,75,74,97,96,92,92,20.007,19.981,21.93,21.875,791.855,113406,0,0,450,9716,8,10,1,0,0,28,23,14,20,9,9,FALSE,0,FALSE
879.4035,3.943,3.838,3.299,2.962,9.294,19,17,1,1077429.6,94,91,72,71,97,96,93,92,20.026,19.998,21.937,21.882,801.125,113406,0,0,450,9716,7,10,1,0,0,28,23,14,20,9,9,FALSE,0,FALSE
879.90564,3.953,3.85,3.3,2.963,9.288,19,17,1,1079145.2,83,82,69,69,97,97,93,92,20.039,20.01,21.942,21.887,812.379,113406,0,0,450,9716,7,10,1,0,0,28,23,14,20,9,9,FALSE,0,FALSE
880.40344,3.967,3.863,3.304,2.968,9.28,19,17,1,1084558.5,79,78,68,70,97,97,93,92,20.047,20.018,21.946,21.892,826.059,113406,0,0,950,9716,7,10,1,0,0,28,23,14,20,9,9,FALSE,0,FALSE
880.9089,3.99,3.887,3.315,2.981,9.272,19,17,1,1087742.8,80,81,71,73,97,97,93,92,20.054,20.026,21.949,21.897,845.242,113406,0,0,950,10283,7,10,1,0,0,28,23,14,20,9,9,FALSE,0,FALSE
881.4068,4.004,3.903,3.319,2.985,9.263,19,17,1,1090431.2,75,76,69,70,98,97,93,92,20.06,20.033,21.953,21.902,865.949,113406,0,0,1167,10283,7,10,1,0,0,28,23,14,20,9,9,FALSE,0,FALSE
881.908,4.02,3.919,3.325,2.991,9.253,19,17,1,1091199.2,73,75,69,69,98,97,93,92,20.064,20.038,21.956,21.906,884.516,113406,0,0,1167,10617,7,10,1,0,0,28,23,14,20,9,9,FALSE,0,FALSE
882.3991,4.04,3.937,3.329,2.994,9.24,19,17,1,1088156,74,75,68,68,98,97,93,92,20.068,20.043,21.959,21.909,906.047,113406,0,0,1167,10617,7,10,1,0,0,28,23,14,20,9,9,FALSE,0,FALSE
882.9074,4.057,3.955,3.329,2.995,9.226,19,17,1,1057641.4,73,73,66,68,98,97,93,92,20.071,20.047,21.96,21.911,930.762,113406,0,0,1167,10617,7,10,1,0,0,28,23,14,20,9,9,FALSE,0,FALSE
883.409,4.076,3.974,3.335,3,9.214,19,17,1,1022523.06,73,73,70,68,98,97,93,92,20.074,20.049,21.961,21.912,959.289,113406,0,0,1283,10783,7,10,1,0,0,28,23,14,20,9,9,FALSE,0,FALSE
883.90924,4.103,3.998,3.347,3.013,9.2,19,17,1,975019.8,76,73,71,69,98,97,93,92,20.077,20.052,21.962,21.913,989.285,113406,0,0,1283,10783,7,10,1,0,0,28,23,14,20,9,9,FALSE,0,FALSE
884.90625,4.138,4.027,3.355,3.022,9.173,19,17,1,869918.75,71,70,68,68,98,97,93,92,20.08,20.053,21.963,21.914,1053.031,113406,0,0,1350,10867,7,10,1,0,0,28,23,14,20,9,9,FALSE,0,FALSE
885.4069,4.149,4.038,3.355,3.023,9.161,19,17,1,817789.8,69,69,68,68,98,97,93,92,20.079,20.053,21.961,21.912,1087.82,113406,0,0,1350,10867,7,10,1,0,0,28,23,14,20,9,9,FALSE,0,FALSE
885.9031,4.159,4.048,3.355,3.023,9.147,19,17,1,760174.8,69,69,68,68,98,97,93,92,20.078,20.051,21.959,21.911,1124.094,113406,0,0,1333,10866,7,10,1,0,0,28,23,14,20,9,9,FALSE,0,FALSE
886.40955,4.169,4.058,3.355,3.023,9.133,19,17,1,700639.3,69,69,68,68,98,97,93,92,20.076,20.05,21.957,21.909,1163.117,113406,0,0,1333,10850,7,10,1,0,0,28,23,14,20,9,9,FALSE,0,FALSE
886.90875,4.177,4.066,3.355,3.023,9.119,19,17,1,656371.9,69,69,68,69,98,97,93,92,20.074,20.048,21.954,21.906,1200.922,113406,0,0,1316,10850,7,10,1,0,0,28,23,14,20,9,9,FALSE,0,FALSE
887.40936,4.184,4.074,3.356,3.023,9.105,19,17,1,647730,69,69,69,69,98,97,93,92,20.071,20.046,21.951,21.903,1240.992,113406,0,0,1316,10833,7,10,1,0,0,28,23,14,20,9,9,FALSE,0,FALSE
887.90704,4.19,4.082,3.357,3.024,9.093,19,17,1,644509.5,69,70,69,69,98,97,93,92,20.068,20.043,21.947,21.9,1281.688,113406,0,0,1300,10833,7,10,1,0,0,28,23,14,20,9,9,FALSE,0,FALSE
888.4054,4.196,4.09,3.358,3.024,9.079,19,17,1,635867.6,69,69,69,69,98,97,93,92,20.065,20.04,21.943,21.896,1322.961,113406,0,0,1300,10800,7,10,1,0,0,28,23,14,20,9,9,FALSE,0,FALSE
888.90094,4.202,4.096,3.358,3.024,9.065,19,17,1,627225.75,69,69,69,69,98,97,93,92,20.061,20.036,21.938,21.892,1364.824,113406,0,0,1283,10750,7,10,1,0,0,28,23,14,20,9,9,FALSE,0,FALSE
889.40826,4.208,4.102,3.358,3.024,9.051,19,17,1,618583.9,69,69,69,69,97,97,93,92,20.057,20.032,21.933,21.887,1407.258,113406,0,0,1283,10750,7,10,1,0,0,28,23,14,20,9,9,FALSE,0,FALSE
889.9073,4.231,4.122,3.391,3.054,9.046,19,17,1,646537.25,73,72,76,74,97,97,93,92,20.056,20.031,21.935,21.889,1446.336,113406,0,0,1283,10717,7,10,1,0,0,28,23,14,20,9,9,FALSE,0,FALSE
890.40845,4.251,4.142,3.414,3.072,9.045,19,17,1,677104.75,72,71,74,73,98,97,93,92,20.059,20.034,21.942,21.895,1476.855,113406,0,0,1250,10717,7,10,1,0,0,28,23,14,20,9,9,FALSE,0,FALSE
890.9089,4.289,4.172,3.458,3.111,9.044,19,17,1,703423.8,80,75,83,79,98,97,93,92,20.065,20.039,21.951,21.904,1500.828,113406,0,0,1250,10716,7,10,1,0,0,28,23,14,20,9,9,FALSE,0,FALSE
891.40906,4.324,4.199,3.516,3.158,9.044,19,17,1,725923.2,82,76,92,85,98,97,93,92,20.074,20.046,21.965,21.916,1519.199,113406,0,0,1133,10716,7,10,1,0,0,28,23,14,20,9,9,FALSE,0,FALSE
891.9066,4.346,4.213,3.564,3.199,9.043,19,17,1,741361.25,80,73,94,87,98,97,93,92,20.083,20.051,21.98,21.929,1543.102,113406,0,0,1133,10666,7,10,1,0,0,28,23,14,20,9,9,FALSE,0,FALSE
892.3996,4.362,4.225,3.605,3.23,9.038,19,17,1,748717.06,78,72,93,84,98,97,94,93,20.09,20.056,21.995,21.942,1565.004,113406,0,0,1133,10666,7,10,1,0,0,28,23,14,20,9,9,FALSE,0,FALSE
892.9077,4.383,4.242,3.627,3.245,9.032,19,17,1,756235.5,78,74,85,78,98,98,94,93,20.097,20.061,22.008,21.952,1581.785,113406,0,0,1133,10666,7,10,1,0,0,28,23,14,20,9,9,FALSE,0,FALSE
893.4083,4.398,4.254,3.639,3.256,9.025,19,17,1,763921.56,76,72,78,73,98,98,94,93,20.103,20.065,22.018,21.959,1598.609,113406,0,0,1150,10700,7,10,1,0,0,28,23,14,20,9,9,FALSE,0,FALSE
893.90765,4.419,4.273,3.652,3.267,9.015,19,17,1,771816.44,78,74,75,72,98,98,94,93,20.109,20.069,22.024,21.964,1616.402,113406,0,0,1150,10700,7,10,1,0,0,28,23,14,20,9,9,FALSE,0,FALSE
894.4055,4.441,4.295,3.657,3.272,9.003,19,17,1,773298.8,78,76,71,69,99,98,94,93,20.115,20.073,22.029,21.968,1637.277,113406,0,0,1150,10700,7,10,1,0,0,28,23,14,20,9,9,FALSE,0,FALSE
894.907,4.465,4.32,3.657,3.273,8.99,19,17,1,759716.2,77,76,68,67,99,98,94,93,20.119,20.078,22.032,21.97,1660.637,113406,0,0,1150,10716,7,10,1,0,0,28,23,14,20,9,9,FALSE,0,FALSE
895.40326,4.481,4.335,3.657,3.273,8.977,19,17,1,740977.9,72,72,66,66,99,98,94,93,20.123,20.082,22.033,21.971,1686.875,113406,0,0,1150,10716,7,10,1,0,0,28,23,14,20,9,9,FALSE,0,FALSE
895.90875,4.492,4.347,3.659,3.274,8.963,19,17,1,734237.7,71,72,68,68,99,98,94,93,20.124,20.083,22.033,21.972,1715.516,113406,0,0,1133,10716,7,10,1,0,0,28,23,14,20,9,9,FALSE,0,FALSE
896.4081,4.504,4.362,3.665,3.28,8.95,19,17,1,726562.9,71,72,68,70,99,98,94,93,20.125,20.085,22.033,21.973,1745.891,113406,0,0,1133,10716,7,10,1,0,0,28,23,14,20,9,9,FALSE,0,FALSE
896.9064,4.517,4.38,3.675,3.288,8.937,19,17,1,723719.25,71,73,69,70,99,98,94,93,20.125,20.087,22.033,21.974,1777.816,113406,0,0,1116,10733,7,10,1,0,0,28,23,14,20,9,9,FALSE,0,FALSE
897.40594,4.534,4.401,3.689,3.302,8.923,19,17,1,715077.4,72,74,71,72,99,98,94,93,20.125,20.088,22.033,21.975,1811.895,113406,30415,0,1116,10733,7,10,1,0,0,28,23,14,20,9,9,FALSE,0,FALSE
897.9089,4.553,4.423,3.705,3.317,8.913,19,17,1,722149.75,72,71,72,71,99,98,94,93,20.125,20.09,22.033,21.975,1847.328,113406,30415,0,1116,10733,7,10,1,0,0,28,23,14,20,9,9,FALSE,0,FALSE
898.4062,4.602,4.46,3.784,3.383,8.913,19,17,1,751026.6,82,76,91,84,99,98,94,93,20.13,20.093,22.039,21.98,1876.316,113406,30415,0,1116,10733,7,10,1,0,0,28,23,14,20,9,9,FALSE,0,FALSE
898.9067,4.645,4.492,3.873,3.455,8.91,19,17,1,760887.2,82,76,94,86,99,98,95,93,20.136,20.097,22.052,21.99,1904.164,113406,30415,0,1117,10733,7,10,1,0,0,28,23,14,20,9,9,FALSE,0,FALSE
899.4019,4.681,4.519,3.919,3.496,8.903,19,17,1,766881.4,81,75,87,81,99,98,95,94,20.143,20.101,22.061,21.997,1933.008,113406,30415,0,1117,10800,7,10,1,0,0,28,23,14,20,9,9,FALSE,0,FALSE
899.90656,4.723,4.552,3.951,3.522,8.893,19,17,1,771817.44,80,75,79,74,99,98,95,94,20.148,20.104,22.067,22.001,1960.18,113406,30415,0,1183,10800,7,10,1,0,0,28,23,14,20,9,9,FALSE,0,FALSE
900.40375,4.738,4.566,3.955,3.526,8.879,19,17,1,765511.06,72,71,69,69,99,98,95,94,20.151,20.105,22.068,22.002,1987.996,113406,30415,0,1200,10816,7,10,1,0,0,28,23,14,20,9,9,FALSE,0,FALSE
900.90344,4.767,4.605,3.998,3.572,8.867,19,17,1,767270.25,75,81,80,80,99,98,95,94,20.152,20.107,22.069,22.004,2019.07,113406,30415,0,1200,10816,7,10,1,0,0,28,23,14,20,9,9,FALSE,0,FALSE
901.40405,4.818,4.666,4.066,3.659,8.855,19,17,1,771908.75,79,83,84,91,99,99,95,94,20.155,20.113,22.073,22.01,2051.188,113406,30415,0,1217,10850,7,10,1,0,0,28,23,14,20,9,9,FALSE,0,FALSE
901.90704,4.867,4.724,4.13,3.739,8.843,19,17,1,774020.6,80,84,80,87,99,99,95,94,20.158,20.118,22.077,22.018,2081.293,113406,30415,0,1250,10900,7,10,1,0,0,28,23,14,20,9,9,FALSE,0,FALSE
902.4039,4.894,4.758,4.149,3.758,8.83,19,17,1,771435.2,72,75,72,73,99,99,95,94,20.159,20.122,22.077,22.02,2112.449,113406,30415,0,1250,10900,7,10,1,0,0,28,23,14,20,9,9,FALSE,0,FALSE
902.9055,4.907,4.775,4.157,3.765,8.817,19,17,1,762822.7,71,73,70,70,99,99,95,94,20.157,20.122,22.075,22.019,2145.227,113406,30415,0,1283,10950,7,10,1,0,0,28,23,14,20,9,9,FALSE,0,FALSE
903.40576,4.917,4.788,4.164,3.772,8.803,19,17,1,759319.8,71,73,71,71,99,99,95,94,20.155,20.121,22.072,22.016,2179.137,113406,30415,0,1283,10950,7,10,1,0,0,28,23,14,20,9,9,FALSE,0,FALSE
903.90436,4.935,4.806,4.185,3.795,8.802,19,17,1,789056.56,72,71,73,73,99,99,95,94,20.156,20.122,22.075,22.02,2208,113406,30415,0,1283,10983,7,10,1,0,0,28,23,14,20,9,9,FALSE,0,FALSE
904.40485,4.949,4.817,4.196,3.807,8.801,19,17,1,813862,72,70,73,72,99,99,95,94,20.158,20.125,22.081,22.025,2230.402,113406,30415,0,1283,10983,7,10,1,0,0,28,23,14,20,9,9,FALSE,0,FALSE
904.9069,4.964,4.827,4.213,3.823,8.801,19,17,1,834708.2,75,69,75,74,99,99,95,94,20.162,20.127,22.087,22.031,2248.52,113406,30415,0,1233,10983,7,10,1,0,0,28,23,14,20,9,9,FALSE,0,FALSE
905.40894,4.983,4.841,4.249,3.85,8.801,19,17,1,850825.4,77,72,85,78,100,99,95,94,20.167,20.13,22.095,22.038,2262.039,113406,30415,0,1233,11050,7,10,1,0,0,28,23,14,20,9,9,FALSE,0,FALSE
905.9055,4.993,4.85,4.291,3.878,8.801,19,17,1,861031.4,75,71,94,82,100,99,95,94,20.172,20.133,22.108,22.047,2275.469,113406,30415,0,1233,11050,7,10,1,0,0,28,23,14,20,9,9,FALSE,0,FALSE
906.40784,5.004,4.858,4.317,3.896,8.798,19,17,1,866738.4,76,71,92,81,100,99,96,95,20.176,20.136,22.122,22.057,2292.086,113406,30415,0,1233,11050,7,10,1,0,0,28,23,14,20,9,9,FALSE,0,FALSE
906.90454,5.019,4.87,4.331,3.908,8.793,19,17,1,872832.25,77,72,85,78,100,99,96,95,20.182,20.139,22.133,22.065,2304.844,113406,30415,0,933,11050,7,10,1,0,0,28,23,14,20,9,9,FALSE,0,FALSE
907.40436,5.034,4.883,4.341,3.916,8.787,19,17,1,879524.8,77,73,80,74,100,99,96,95,20.187,20.142,22.142,22.071,2317.605,113406,30415,0,933,10967,7,10,1,0,0,28,23,14,20,9,9,FALSE,0,FALSE
907.9076,5.047,4.896,4.345,3.92,8.779,19,17,1,885239.44,76,74,74,70,100,99,96,95,20.191,20.145,22.148,22.075,2331.828,113406,30415,0,933,10967,7,10,1,0,0,28,23,14,20,9,9,FALSE,0,FALSE
908.40784,5.07,4.921,4.349,3.923,8.768,19,17,1,892854,78,77,71,68,100,99,96,95,20.196,20.15,22.151,22.077,2348.535,113406,30415,0,934,10967,7,10,1,0,0,28,23,14,20,9,9,FALSE,0,FALSE
908.9037,5.092,4.943,4.349,3.923,8.756,19,17,1,898203.7,77,77,68,67,100,99,96,95,20.201,20.155,22.153,22.078,2368.422,113406,30415,0,934,10984,7,10,1,0,0,28,23,14,20,9,9,FALSE,0,FALSE
909.4041,5.109,4.963,4.349,3.923,8.743,19,17,1,873625.9,75,75,67,67,100,99,96,95,20.204,20.158,22.153,22.079,2391.133,113406,30415,0,900,10984,7,10,1,0,0,28,23,14,20,9,9,FALSE,0,FALSE
909.9034,5.123,4.978,4.349,3.923,8.73,19,17,1,853847.3,73,72,67,67,100,99,96,95,20.206,20.16,22.152,22.079,2416.684,113406,30415,0,900,10966,7,10,1,0,0,28,23,14,20,9,9,FALSE,0,FALSE
910.40155,5.133,4.989,4.349,3.923,8.716,19,17,1,847407.44,71,70,67,67,100,99,96,95,20.207,20.161,22.151,22.078,2444.395,113406,30415,0,900,10966,7,10,1,0,0,28,23,14,20,9,9,FALSE,0,FALSE
910.90247,5.143,4.998,4.349,3.923,8.703,19,17,1,840013.3,71,70,67,67,100,99,96,95,20.206,20.16,22.15,22.077,2474.125,113406,30415,0,900,10967,7,10,1,0,0,28,23,14,20,9,9,FALSE,0,FALSE
911.4072,5.151,5.007,4.349,3.923,8.69,19,17,1,837259.94,70,70,68,67,100,99,96,95,20.205,20.16,22.148,22.076,2505.434,113406,30415,0,900,10933,7,10,1,0,0,28,23,14,20,9,9,FALSE,0,FALSE
911.9041,5.16,5.015,4.349,3.923,8.676,19,17,1,828629.7,70,70,68,68,100,99,96,95,20.204,20.158,22.145,22.074,2538.32,113406,30415,0,883,10933,7,10,1,0,0,28,23,14,20,9,9,FALSE,0,FALSE
912.40405,5.17,5.028,4.355,3.929,8.662,19,17,1,819987.8,70,72,69,70,100,99,96,95,20.202,20.157,22.142,22.072,2572.742,113406,30415,0,883,10933,7,10,1,0,0,28,23,14,20,9,9,FALSE,0,FALSE
912.90753,5.205,5.071,4.402,3.979,8.65,19,17,1,816706.75,76,80,78,81,100,99,96,95,20.201,20.158,22.141,22.072,2607.777,113406,30415,0,883,10950,7,10,1,0,0,28,23,14,20,9,9,FALSE,0,FALSE
913.40686,5.25,5.127,4.459,4.04,8.637,19,17,1,818025.5,76,79,79,82,100,99,96,95,20.202,20.161,22.142,22.074,2643.516,113406,30415,0,883,10950,7,10,1,0,0,28,23,14,20,9,9,FALSE,0,FALSE
913.90546,5.281,5.163,4.494,4.074,8.636,19,17,1,846325.06,75,77,77,79,100,99,96,95,20.204,20.165,22.146,22.08,2675.152,113406,30415,0,884,10950,7,10,1,0,0,28,23,14,20,9,9,FALSE,0,FALSE
914.40643,5.301,5.186,4.515,4.091,8.635,19,17,1,870496.44,74,76,75,76,100,100,96,95,20.207,20.17,22.152,22.087,2697.879,113406,30415,0,884,10950,7,10,1,0,0,28,23,14,20,9,9,FALSE,0,FALSE
914.90314,5.315,5.203,4.531,4.108,8.635,19,17,1,890511,73,76,75,77,100,100,96,95,20.211,20.174,22.158,22.094,2715.172,113406,30415,0,884,10983,7,10,1,0,0,28,23,14,20,9,9,FALSE,0,FALSE
915.4076,5.325,5.215,4.544,4.124,8.635,19,17,1,906578.4,71,75,74,78,100,100,96,95,20.214,20.18,22.164,22.102,2729.066,113406,30415,0,884,10983,7,10,1,0,0,28,23,14,20,9,9,FALSE,0,FALSE
915.9049,5.333,5.225,4.561,4.151,8.635,19,17,1,916919.5,71,74,77,85,100,100,97,96,20.216,20.184,22.171,22.111,2739.41,113406,30415,0,767,10983,7,10,1,0,0,28,23,14,20,9,9,FALSE,0,FALSE
916.4028,5.34,5.233,4.579,4.181,8.633,19,17,1,922067.2,71,74,79,90,101,100,97,96,20.219,20.188,22.178,22.124,2758.488,113406,30415,0,767,10983,7,10,1,0,0,28,23,14,20,9,9,FALSE,0,FALSE
916.9048,5.348,5.244,4.586,4.19,8.63,19,17,1,927398.75,71,75,75,84,101,100,97,96,20.222,20.193,22.184,22.135,2771.059,113406,30415,0,767,10983,7,10,1,0,0,28,23,14,20,9,9,FALSE,0,FALSE
917.4057,5.36,5.254,4.589,4.192,8.623,19,17,1,931439.4,73,75,71,76,101,100,97,96,20.224,20.197,22.189,22.142,2782.387,113406,30415,0,767,11050,7,10,1,0,0,28,23,14,20,9,9,FALSE,0,FALSE
917.9075,5.376,5.267,4.59,4.194,8.614,19,17,1,935315.75,75,75,68,71,101,100,97,96,20.228,20.201,22.192,22.147,2796.609,113406,30415,0,716,11050,7,10,1,0,0,28,23,14,20,9,9,FALSE,0,FALSE
918.4049,5.392,5.283,4.59,4.194,8.603,19,17,1,939726.06,75,75,67,68,101,100,97,96,20.231,20.205,22.193,22.15,2813.551,113406,30415,0,716,11050,7,10,1,0,0,28,23,14,20,9,9,FALSE,0,FALSE
918.9064,5.412,5.303,4.59,4.194,8.591,19,17,1,947838.7,76,76,66,67,101,100,97,96,20.235,20.209,22.193,22.151,2833.34,113406,30415,0,716,11000,7,10,1,0,0,28,23,14,20,9,9,FALSE,0,FALSE
919.4081,5.43,5.321,4.59,4.194,8.578,19,17,1,936924.75,75,75,66,66,101,100,97,96,20.238,20.212,22.193,22.151,2855.914,113406,30415,0,683,11000,7,10,1,0,0,28,23,14,20,9,9,FALSE,0,FALSE
919.90845,5.451,5.34,4.59,4.194,8.565,19,17,1,906308.9,73,73,67,67,101,100,97,96,20.24,20.214,22.193,22.151,2881.375,113406,30415,0,683,10983,7,10,1,0,0,28,23,14,20,9,9,FALSE,0,FALSE
920.40326,5.466,5.356,4.59,4.194,8.551,19,17,1,861909,71,71,67,67,101,100,97,96,20.241,20.215,22.192,22.151,2909.477,113406,30415,0,650,10983,7,10,1,0,0,28,23,14,20,9,9,FALSE,0,FALSE
920.90375,5.476,5.366,4.59,4.194,8.539,19,17,1,842519.5,69,70,68,68,101,100,97,96,20.24,20.215,22.19,22.15,2939.91,113406,30415,0,634,10950,7,10,1,0,0,28,23,14,20,9,9,FALSE,0,FALSE
921.40546,5.485,5.375,4.59,4.194,8.525,19,17,1,834001.3,69,69,68,68,101,100,97,96,20.239,20.214,22.189,22.148,2972.32,113406,30415,0,634,10950,7,10,1,0,0,28,23,14,20,9,9,FALSE,0,FALSE
921.9035,5.493,5.383,4.59,4.194,8.511,19,17,1,825359.44,69,69,68,68,101,100,97,96,20.237,20.213,22.186,22.146,3006.469,113406,30415,0,634,10917,7,10,1,0,0,28,23,14,20,9,9,FALSE,0,FALSE
922.39935,5.5,5.391,4.59,4.194,8.498,19,17,1,822082.4,69,69,68,68,101,100,97,96,20.234,20.21,22.184,22.144,3042.016,113406,30415,0,633,10917,7,10,1,0,0,28,23,14,20,9,9,FALSE,0,FALSE
922.9041,5.507,5.398,4.59,4.194,8.485,19,17,1,813440.5,69,69,69,68,101,100,97,96,20.232,20.208,22.18,22.141,3078.832,113406,30415,0,633,10900,7,10,1,0,0,28,23,14,20,9,9,FALSE,0,FALSE
923.4056,5.514,5.405,4.59,4.194,8.471,19,17,1,804798.6,70,70,69,69,101,100,97,96,20.228,20.205,22.177,22.137,3116.875,113406,30415,0,633,10866,7,10,1,0,0,28,23,14,20,9,9,FALSE,0,FALSE
923.9037,5.521,5.411,4.59,4.194,8.457,19,17,1,796156.75,69,69,69,69,101,100,97,96,20.225,20.202,22.172,22.133,3156.016,113406,30415,0,616,10866,7,10,1,0,0,28,23,14,20,9,9,FALSE,0,FALSE
924.4059,5.528,5.418,4.59,4.194,8.444,19,17,1,792910,69,69,69,69,101,100,96,96,20.221,20.198,22.168,22.129,3196.133,113406,30415,0,634,10833,7,10,1,0,0,28,23,14,20,9,9,FALSE,0,FALSE
924.9068,5.535,5.424,4.59,4.194,8.43,19,17,1,784268.1,69,69,69,69,100,100,96,96,20.217,20.194,22.162,22.124,3236.977,113406,30415,0,634,10817,7,10,1,0,0,28,23,14,20,9,9,FALSE,0,FALSE
925.407,5.541,5.43,4.59,4.194,8.417,19,17,1,775626.25,69,69,69,69,100,100,96,96,20.212,20.189,22.157,22.118,3278.574,113406,30415,0,633,10817,7,10,1,0,0,28,23,14,20,9,9,FALSE,0,FALSE
925.9038,5.548,5.436,4.59,4.194,8.403,19,17,1,766984.4,69,69,69,68,100,100,96,96,20.207,20.184,22.151,22.113,3320.879,113406,30415,0,617,10800,7,10,1,0,0,28,23,14,20,9,9,FALSE,0,FALSE
926.3999,5.557,5.445,4.597,4.2,8.39,19,17,1,765833.8,70,71,71,71,100,100,96,95,20.202,20.179,22.145,22.107,3363.609,113406,30415,0,617,10750,7,10,1,0,0,28,23,14,20,9,9,FALSE,0,FALSE
926.9039,5.58,5.473,4.631,4.239,8.388,19,17,1,799763.6,73,74,75,77,100,100,96,95,20.202,20.179,22.147,22.11,3400.062,113406,30415,0,617,10750,7,10,1,0,0,28,23,14,20,9,9,FALSE,0,FALSE
927.9062,5.643,5.556,4.732,4.359,8.387,19,17,1,852373.5,78,84,87,96,100,100,96,96,20.21,20.192,22.165,22.131,3450.266,113406,30415,0,617,10717,7,10,1,0,0,28,23,14,20,9,9,FALSE,0,FALSE
928.40247,5.664,5.582,4.784,4.429,8.381,19,17,1,861274.2,76,81,88,99,100,100,97,96,20.215,20.199,22.177,22.148,3473.359,113406,30415,0,617,10733,7,10,1,0,0,28,23,14,20,9,9,FALSE,0,FALSE
928.9048,5.693,5.618,4.817,4.47,8.373,19,17,1,867943.4,78,84,82,89,101,100,97,96,20.22,20.207,22.187,22.161,3497.27,113406,30415,0,650,10733,7,10,1,0,0,28,23,14,20,9,9,FALSE,0,FALSE
929.40015,5.715,5.645,4.836,4.493,8.363,19,17,1,874313,76,80,76,81,101,100,97,97,20.224,20.214,22.194,22.171,3519.438,113406,30415,0,650,10783,7,10,1,0,0,28,23,14,20,9,9,FALSE,0,FALSE
929.9014,5.74,5.674,4.856,4.515,8.351,19,17,1,880444.7,76,80,75,78,101,101,97,97,20.228,20.22,22.198,22.177,3542.535,113406,30415,0,700,10783,7,10,1,0,0,28,23,14,20,9,9,FALSE,0,FALSE
930.40424,5.769,5.71,4.883,4.544,8.339,19,17,1,886612.44,76,81,76,79,101,101,97,97,20.231,20.225,22.202,22.183,3566.934,113406,30415,0,700,10783,7,10,1,0,0,28,23,14,20,9,9,FALSE,0,FALSE
930.9036,5.801,5.747,4.906,4.568,8.327,19,17,1,888029.44,77,81,75,77,101,101,97,97,20.234,20.231,22.205,22.188,3592.75,113406,30415,0,700,10783,7,10,1,0,0,28,23,14,20,9,9,FALSE,0,FALSE
931.4057,5.83,5.781,4.929,4.592,8.313,19,17,1,881309,75,80,74,76,101,101,97,97,20.236,20.235,22.208,22.191,3620.555,113406,30415,0,700,10783,7,10,1,0,0,28,23,14,20,9,9,FALSE,0,FALSE
931.90173,5.86,5.818,4.956,4.619,8.299,19,17,1,873817.56,75,80,75,77,101,101,97,97,20.238,20.239,22.21,22.194,3650.23,113406,30415,0,700,10750,7,10,1,0,0,28,23,14,20,9,9,FALSE,0,FALSE
932.40106,5.884,5.848,4.976,4.639,8.286,19,17,1,871169,72,77,73,73,101,101,97,97,20.239,20.242,22.21,22.195,3681.723,113406,30415,0,700,10734,7,10,1,0,0,28,23,14,20,9,9,FALSE,0,FALSE
932.9077,5.897,5.865,4.983,4.645,8.273,19,17,1,862572.4,71,72,69,69,101,101,97,97,20.238,20.243,22.21,22.195,3714.766,113406,30415,0,717,10734,7,10,1,0,0,28,23,14,20,9,9,FALSE,0,FALSE
933.404,5.932,5.894,5.022,4.68,8.259,19,17,1,853930.5,79,76,81,76,101,101,97,97,20.238,20.242,22.209,22.194,3748.699,113406,30415,0,750,10734,7,10,1,0,0,28,23,14,20,9,9,FALSE,0,FALSE
933.9061,5.991,5.944,5.089,4.74,8.245,19,17,1,845288.6,82,78,85,80,101,101,97,97,20.241,20.244,22.212,22.195,3782.828,113406,30415,0,750,10734,7,10,1,0,0,28,23,14,20,9,9,FALSE,0,FALSE
934.40814,6.045,5.988,5.14,4.789,8.232,19,17,1,839372.6,80,76,80,77,101,101,97,97,20.244,20.245,22.215,22.196,3818.699,113406,30415,0,750,10733,7,10,1,0,0,28,23,14,20,9,9,FALSE,0,FALSE
934.90356,6.099,6.032,5.211,4.853,8.219,19,17,1,833405.5,83,79,87,83,101,101,97,97,20.246,20.244,22.216,22.196,3855.781,113406,30415,0,750,10734,7,10,1,0,0,28,23,14,20,9,9,FALSE,0,FALSE
935.40765,6.173,6.094,5.308,4.939,8.205,19,17,1,824763.6,85,80,90,84,101,101,97,97,20.249,20.245,22.22,22.198,3892.883,113406,30415,0,767,10734,7,10,1,0,0,28,23,14,20,9,9,FALSE,0,FALSE
935.90466,6.234,6.144,5.378,5.002,8.191,19,17,1,816121.75,82,78,85,80,101,101,97,97,20.251,20.246,22.222,22.198,3929.496,113406,30415,0,767,10734,7,10,1,0,0,28,23,14,20,9,9,FALSE,0,FALSE
936.40393,6.297,6.196,5.449,5.067,8.178,19,17,1,807479.9,83,79,84,79,101,101,97,97,20.253,20.245,22.223,22.197,3965.234,113406,30415,0,783,10750,7,10,1,0,0,28,23,14,20,9,9,FALSE,0,FALSE
936.90796,6.319,6.213,5.459,5.077,8.164,19,17,1,798838,71,71,71,69,101,101,97,97,20.251,20.242,22.22,22.193,4002.07,113406,30415,0,783,10733,7,10,1,0,0,28,23,14,20,9,9,FALSE,0,FALSE
937.40375,6.334,6.227,5.479,5.094,8.154,19,17,1,810825.6,73,72,75,73,101,101,97,97,20.248,20.239,22.216,22.189,4038.539,113406,30415,39657,783,10750,7,10,1,0,0,28,23,14,20,9,9,FALSE,0,FALSE
937.90735,6.36,6.248,5.505,5.121,8.153,19,17,1,840540.56,76,72,77,75,101,101,97,97,20.248,20.238,22.22,22.193,4067.625,113406,30415,39657,783,10750,7,10,1,0,0,28,23,14,20,9,9,FALSE,0,FALSE
938.4057,6.384,6.265,5.536,5.149,8.153,19,17,1,866921.2,77,72,81,77,101,101,97,97,20.251,20.239,22.225,22.197,4091.781,113406,30415,39657,817,10784,7,10,1,0,0,28,23,14,20,9,9,FALSE,0,FALSE
938.9075,6.416,6.288,5.585,5.187,8.153,19,17,1,884083.2,80,74,88,80,101,101,98,97,20.256,20.241,22.234,22.203,4113.273,113406,30415,39657,817,10784,7,10,1,0,0,28,23,14,20,9,9,FALSE,0,FALSE
939.9044,6.472,6.332,5.705,5.274,8.146,19,17,1,901031.4,81,78,100,86,101,101,98,97,20.266,20.246,22.256,22.218,4157.059,113406,30415,39657,817,10800,7,10,1,0,0,28,23,14,20,9,9,FALSE,0,FALSE
940.40704,6.499,6.355,5.732,5.295,8.137,19,17,1,907466.5,81,77,87,78,101,101,98,97,20.271,20.249,22.267,22.225,4177.867,113406,30415,39657,817,10800,7,10,1,0,0,28,23,14,20,9,9,FALSE,0,FALSE
940.9003,6.525,6.378,5.749,5.309,8.126,19,17,1,911854.7,80,77,79,74,102,101,98,97,20.275,20.251,22.272,22.228,4199.102,113406,30415,39657,817,10817,7,10,1,0,0,28,23,14,20,9,9,FALSE,0,FALSE
941.403,6.559,6.411,5.758,5.319,8.112,19,17,1,907568.2,80,78,73,70,102,101,98,97,20.279,20.254,22.275,22.229,4222.602,113406,30415,39657,817,10817,7,10,1,0,0,28,23,14,20,9,9,FALSE,0,FALSE
941.90106,6.574,6.426,5.759,5.32,8.099,19,17,1,885453.4,74,73,69,68,102,101,98,97,20.28,20.255,22.274,22.228,4249.074,113406,30415,39657,850,10817,7,10,1,0,0,28,23,14,20,9,9,FALSE,0,FALSE
942.39856,6.587,6.438,5.759,5.32,8.085,19,17,1,838641.5,72,72,68,68,102,101,98,97,20.28,20.255,22.273,22.226,4278.086,113406,30415,39657,850,10850,7,10,1,0,0,28,23,14,20,9,9,FALSE,0,FALSE
942.9064,6.597,6.449,5.759,5.32,8.073,19,17,1,790661.25,71,72,69,68,102,101,98,97,20.278,20.253,22.27,22.224,4309.234,113406,30415,39657,850,10850,7,10,1,0,0,28,23,14,20,9,9,FALSE,0,FALSE
943.39795,6.609,6.459,5.759,5.32,8.059,19,17,1,733129.06,72,72,69,68,102,101,98,97,20.276,20.252,22.267,22.221,4342.414,113406,30415,39657,850,10833,7,10,1,0,0,28,23,14,20,9,9,FALSE,0,FALSE
943.90607,6.618,6.469,5.759,5.32,8.046,19,17,1,680958.06,71,71,69,68,102,101,98,97,20.273,20.249,22.264,22.217,4377.348,113406,30415,39657,850,10833,7,10,1,0,0,28,23,14,20,9,9,FALSE,0,FALSE
944.40326,6.628,6.478,5.759,5.32,8.032,19,17,1,623343.06,71,71,69,68,101,101,98,97,20.27,20.246,22.26,22.214,4413.703,113406,30415,39657,850,10816,7,10,1,0,0,28,23,14,20,9,9,FALSE,0,FALSE
944.90405,6.637,6.488,5.759,5.32,8.019,19,17,1,565728.06,71,71,69,69,101,101,98,97,20.267,20.243,22.255,22.209,4451.469,113406,30415,39657,833,10816,7,10,1,0,0,28,23,14,20,9,9,FALSE,0,FALSE
945.4024,6.646,6.497,5.759,5.32,8.005,19,17,1,508113.06,71,71,69,69,101,101,98,97,20.263,20.24,22.25,22.205,4490.508,113406,30415,39657,817,10784,7,10,1,0,0,28,23,14,20,9,9,FALSE,0,FALSE
945.9017,6.654,6.505,5.759,5.32,7.992,19,17,1,455975.9,71,71,69,69,101,101,98,97,20.259,20.236,22.245,22.199,4530.617,113406,30415,39657,817,10784,7,10,1,0,0,28,23,14,20,9,9,FALSE,0,FALSE
946.4061,6.662,6.514,5.759,5.32,7.978,19,17,1,399993.34,71,71,69,69,101,101,98,97,20.254,20.231,22.239,22.194,4571.578,113406,30415,39657,800,10767,7,10,1,0,0,28,23,14,20,9,9,FALSE,0,FALSE
946.9065,6.668,6.52,5.759,5.32,7.965,19,17,1,391412.78,72,72,70,70,101,101,98,97,20.25,20.227,22.232,22.188,4613.266,113406,30415,39657,766,10683,7,10,1,0,0,28,23,14,20,9,9,FALSE,0,FALSE
947.9054,6.681,6.532,5.759,5.32,7.937,19,17,1,374628.22,72,72,70,70,101,100,97,97,20.24,20.217,22.219,22.175,4698.078,113406,30415,39657,750,10666,7,10,1,0,0,28,23,14,20,9,9,FALSE,0,FALSE
948.39923,6.687,6.539,5.759,5.32,7.923,19,17,1,366420.5,72,72,70,70,101,100,97,96,20.234,20.212,22.212,22.168,4741.078,113406,30415,39657,733,10634,7,10,1,0,0,28,23,14,20,9,9,FALSE,0,FALSE
948.90125,6.693,6.545,5.759,5.32,7.909,19,17,1,358333.4,72,72,70,70,101,100,97,96,20.228,20.206,22.205,22.161,4784.383,113406,30415,39657,717,10617,7,10,1,0,0,28,23,14,20,9,9,FALSE,0,FALSE
949.4023,6.705,6.558,5.772,5.332,7.898,19,17,1,363678.4,73,73,73,73,101,100,97,96,20.223,20.201,22.198,22.155,4827.398,113406,30415,39657,700,10617,7,10,1,0,0,28,23,14,20,9,9,FALSE,0,FALSE
949.90546,6.73,6.584,5.804,5.363,7.896,19,17,1,397406.34,73,73,75,75,101,100,97,96,20.222,20.201,22.201,22.158,4862.934,113406,30415,39657,700,10584,7,10,1,0,0,28,23,14,20,9,9,FALSE,0,FALSE
950.4053,6.757,6.611,5.83,5.393,7.894,19,17,1,424927.94,75,74,76,76,101,100,97,96,20.225,20.203,22.208,22.166,4889.734,113406,30415,39657,700,10600,7,10,1,0,0,28,23,14,20,9,9,FALSE,0,FALSE
950.90314,6.778,6.628,5.862,5.42,7.894,19,17,1,447891.8,76,73,82,78,101,100,97,97,20.23,20.207,22.217,22.173,4910.379,113406,30415,39657,650,10600,7,10,1,0,0,28,23,14,20,9,9,FALSE,0,FALSE
951.4072,6.804,6.646,5.905,5.453,7.894,19,17,1,461129.25,79,73,88,81,101,100,97,97,20.235,20.211,22.228,22.182,4927.023,113406,30415,39657,650,10600,7,10,1,0,0,28,23,14,20,9,9,FALSE,0,FALSE
951.90375,6.826,6.664,5.952,5.479,7.892,19,17,1,469304.16,80,74,97,82,101,100,98,97,20.241,20.213,22.238,22.189,4952.734,113406,30415,39657,650,10617,7,10,1,0,0,28,23,14,20,9,9,FALSE,0,FALSE
952.39905,6.872,6.704,5.987,5.51,7.884,19,17,1,477307.1,89,83,91,81,101,101,98,97,20.25,20.22,22.252,22.198,4969.539,113406,30415,39657,617,10617,7,10,1,0,0,28,23,14,20,9,9,FALSE,0,FALSE
952.9003,6.904,6.731,5.997,5.517,7.876,19,17,1,485356.34,83,79,79,73,101,101,98,97,20.26,20.227,22.262,22.205,4987.297,113406,30415,39657,617,10584,7,10,1,0,0,28,23,14,20,9,9,FALSE,0,FALSE
953.4015,6.917,6.743,6.004,5.524,7.867,19,17,1,495450.7,76,74,74,70,101,101,98,97,20.265,20.231,22.266,22.208,5006.758,113406,30415,39657,567,10584,7,10,1,0,0,28,23,14,20,9,9,FALSE,0,FALSE
953.9025,6.942,6.767,6.011,5.531,7.854,19,17,1,492593.72,78,76,72,69,101,101,98,97,20.268,20.233,22.269,22.21,5027.98,113406,30415,39657,567,10584,7,10,1,0,0,28,23,14,20,9,9,FALSE,0,FALSE
954.39813,6.964,6.789,6.017,5.536,7.84,19,17,1,475046,76,75,70,68,101,101,98,97,20.272,20.236,22.271,22.211,5051.812,113406,30415,39657,650,10666,7,10,1,0,0,28,23,14,20,9,9,FALSE,0,FALSE
954.8997,6.984,6.807,6.019,5.54,7.827,19,17,1,438763.84,74,73,69,68,102,101,98,97,20.273,20.238,22.272,22.211,5078.879,113406,30415,39657,650,10666,7,10,1,0,0,28,23,14,20,9,9,FALSE,0,FALSE
955.9019,7.011,6.831,6.019,5.54,7.801,19,17,1,342480.2,72,70,67,69,102,101,98,97,20.274,20.237,22.269,22.21,5140.508,113406,30415,39657,667,10700,7,10,1,0,0,28,23,14,20,9,9,FALSE,0,FALSE
956.40436,7.021,6.841,6.019,5.54,7.787,19,17,1,297011.06,71,71,69,69,101,101,98,97,20.273,20.236,22.267,22.208,5174.273,113406,30415,39657,700,10700,7,10,1,0,0,28,23,14,20,9,9,FALSE,0,FALSE
956.9006,7.028,6.849,6.019,5.54,7.774,19,17,1,283810.3,71,71,69,69,101,101,98,97,20.271,20.234,22.265,22.206,5209.625,113406,30415,39657,700,10700,7,10,1,0,0,28,23,14,20,9,9,FALSE,0,FALSE
957.404,7.035,6.855,6.019,5.54,7.761,19,17,1,279366.66,71,71,69,69,101,101,98,97,20.269,20.232,22.262,22.204,5246.07,113406,30415,39657,700,10700,7,10,1,0,0,28,23,14,20,9,9,FALSE,0,FALSE
958.40063,7.048,6.869,6.019,5.54,7.733,19,17,1,270800.88,71,71,69,69,101,101,98,97,20.263,20.227,22.254,22.197,5321.93,113406,30415,39657,716,10683,7,10,1,0,0,28,23,14,20,9,9,FALSE,0,FALSE
958.8988,7.055,6.875,6.019,5.54,7.719,19,17,1,266673.5,69,69,69,69,101,101,98,97,20.259,20.223,22.249,22.192,5361.266,113406,30415,39657,717,10683,7,10,1,0,0,28,23,14,20,9,9,FALSE,0,FALSE
959.3999,7.061,6.882,6.019,5.54,7.705,19,17,1,262646.38,69,69,69,69,101,100,98,97,20.254,20.219,22.244,22.187,5401.461,113406,30415,39657,717,10683,7,10,1,0,0,28,23,14,20,9,9,FALSE,0,FALSE
959.8989,7.067,6.887,6.019,5.54,7.693,19,17,2,264113.47,69,69,69,69,101,100,98,97,20.249,20.214,22.239,22.182,33.566,92611,0,0,733,10634,7,11,1,0,0,28,23,14,20,9,9,FALSE,0,FALSE
959.972,7.068,6.888,6.019,5.54,7.691,19,17,2,263579.16,69,69,69,69,101,100,98,97,20.248,20.213,22.238,22.181,39.082,92611,0,0,733,10634,7,11,1,0,0,28,23,14,20,9,9,FALSE,0,FALSE
960.47375,7.074,6.894,6.019,5.54,7.677,19,17,2,259627.27,70,69,69,69,101,100,98,97,20.243,20.208,22.232,22.176,80.805,92611,0,0,734,10634,7,11,1,0,0,28,23,14,20,9,9,FALSE,0,FALSE
960.9755,7.08,6.9,6.019,5.54,7.663,19,17,2,255771.48,70,70,70,70,101,100,97,96,20.237,20.203,22.225,22.17,123.148,92611,0,0,717,10634,7,11,1,0,0,28,23,14,20,9,9,FALSE,0,FALSE
961.4692,7.086,6.906,6.019,5.54,7.649,19,17,2,251984.67,70,70,70,69,101,100,97,96,20.231,20.197,22.219,22.163,166.094,92611,0,0,734,10634,7,11,1,0,0,28,23,14,20,9,9,FALSE,0,FALSE
961.97656,7.093,6.912,6.019,5.54,7.635,19,17,2,248112.42,70,70,70,69,101,100,97,96,20.225,20.191,22.211,22.156,211.023,92611,0,0,750,10583,7,11,1,0,0,28,23,14,20,9,9,FALSE,0,FALSE
962.47595,7.098,6.918,6.019,5.54,7.622,19,17,2,244527.16,70,70,70,70,100,100,97,96,20.218,20.185,22.204,22.149,253.504,92611,0,0,750,10583,7,11,1,0,0,28,23,14,20,9,9,FALSE,0,FALSE
962.97504,7.104,6.924,6.019,5.54,7.608,19,17,2,240855.62,70,70,70,70,100,100,97,96,20.212,20.178,22.196,22.141,297.816,92611,0,0,750,10516,7,11,1,0,0,28,23,14,20,9,9,FALSE,0,FALSE
963.47906,7.11,6.93,6.019,5.54,7.594,19,17,2,237101.23,70,70,70,70,100,100,97,96,20.204,20.171,22.188,22.133,343.992,92611,0,0,750,10516,7,11,1,0,0,28,23,14,20,9,9,FALSE,0,FALSE
963.9734,7.116,6.935,6.019,5.54,7.58,19,17,2,233629.47,70,70,70,70,100,99,97,96,20.197,20.164,22.18,22.126,387.465,92611,0,0,750,10516,7,11,1,0,0,28,23,14,20,9,9,FALSE,0,FALSE
964.4786,7.122,6.941,6.019,5.54,7.566,19,17,2,230011.16,70,70,70,70,100,99,97,96,20.189,20.156,22.171,22.117,434.176,92611,0,0,767,10450,7,11,1,0,0,28,23,14,20,9,9,FALSE,0,FALSE
964.9759,7.128,6.947,6.019,5.54,7.553,19,17,2,226721.73,70,70,70,70,100,99,96,95,20.182,20.149,22.163,22.109,478.094,92611,0,0,783,10417,7,11,1,0,0,28,23,14,20,9,9,FALSE,0,FALSE
965.4757,7.133,6.952,6.019,5.54,7.539,19,17,2,223411.02,70,70,70,70,100,99,96,95,20.174,20.141,22.154,22.1,523.734,92611,0,0,783,10417,7,11,1,0,0,28,23,14,20,9,9,FALSE,0,FALSE
965.97125,7.139,6.958,6.019,5.54,7.525,19,17,2,220181.16,69,69,69,69,100,99,96,95,20.165,20.133,22.145,22.092,569.547,92611,0,0,783,10333,7,11,1,0,0,28,23,14,20,9,9,FALSE,0,FALSE
966.47437,7.153,6.972,6.035,5.556,7.515,19,17,2,234493.78,72,73,75,73,99,99,96,95,20.158,20.126,22.138,22.085,614.402,92611,0,0,783,10333,7,11,1,0,0,28,23,14,20,9,9,FALSE,0,FALSE
966.97754,7.183,6.996,6.067,5.591,7.514,19,17,2,269902.62,74,73,75,75,99,99,96,95,20.158,20.126,22.142,22.089,651.957,92611,0,0,783,10284,7,11,1,0,0,28,23,14,20,9,9,FALSE,0,FALSE
967.47485,7.22,7.017,6.089,5.616,7.513,19,17,2,296345,79,73,75,75,99,99,96,95,20.161,20.129,22.149,22.097,678.484,92611,0,0,800,10317,7,11,1,0,0,28,23,14,20,9,9,FALSE,0,FALSE
967.97565,7.232,7.027,6.095,5.623,7.512,19,17,2,318741.25,72,70,72,71,100,99,96,95,20.167,20.133,22.156,22.104,699.172,92611,0,0,800,10317,7,11,1,0,0,28,23,14,20,9,9,FALSE,0,FALSE
968.46606,7.241,7.035,6.105,5.632,7.512,19,17,2,337061.6,72,69,73,71,100,99,96,96,20.17,20.136,22.163,22.111,715.105,92611,0,0,800,10317,7,11,1,0,0,28,23,14,20,9,9,FALSE,0,FALSE
968.9744,7.253,7.043,6.125,5.648,7.512,19,17,2,350092.94,73,69,79,74,100,99,97,96,20.174,20.139,22.171,22.118,726.945,92611,0,0,800,10383,7,11,1,0,0,28,23,14,20,9,9,FALSE,0,FALSE
969.476,7.263,7.052,6.157,5.665,7.512,19,17,2,359575,73,71,88,76,100,99,97,96,20.179,20.142,22.181,22.125,740.32,92611,0,0,700,10383,7,11,1,0,0,28,23,14,20,9,9,FALSE,0,FALSE
969.97473,7.27,7.058,6.181,5.681,7.51,19,17,2,364297.72,73,70,90,77,100,99,97,96,20.183,20.146,22.194,22.133,758.832,92611,0,0,700,10383,7,11,1,0,0,28,23,14,20,9,9,FALSE,0,FALSE
970.4761,7.286,7.069,6.191,5.69,7.507,19,17,2,369322.6,77,72,84,75,100,99,97,96,20.188,20.149,22.206,22.141,769.027,92611,0,0,700,10317,7,11,1,0,0,28,23,14,20,9,9,FALSE,0,FALSE
970.97363,7.295,7.081,6.193,5.691,7.501,19,17,2,372198.03,75,73,76,71,100,99,97,96,20.193,20.153,22.214,22.147,780.348,92611,0,0,700,10317,7,11,1,0,0,28,23,14,20,9,9,FALSE,0,FALSE
971.4755,7.312,7.104,6.193,5.692,7.492,19,17,2,375271.06,77,78,71,68,100,99,97,96,20.198,20.158,22.219,22.151,794.176,92611,0,0,700,10317,7,11,1,0,0,28,23,14,20,9,9,FALSE,0,FALSE
971.97766,7.334,7.126,6.198,5.697,7.48,19,17,2,380459,79,79,69,70,100,99,97,96,20.204,20.164,22.222,22.154,811.469,92611,0,0,517,10317,7,11,1,0,0,28,23,14,20,9,9,FALSE,0,FALSE
972.4766,7.362,7.155,6.204,5.705,7.471,19,17,2,392157.9,78,79,68,71,100,100,97,96,20.21,20.172,22.224,22.158,830.203,92611,0,0,517,10317,7,11,1,0,0,28,23,14,20,9,9,FALSE,0,FALSE
972.9778,7.377,7.173,6.221,5.724,7.461,19,17,2,398516.44,75,78,74,76,100,100,97,96,20.214,20.177,22.226,22.161,857.59,92611,0,0,433,10283,7,11,1,0,0,28,23,14,20,9,9,FALSE,0,FALSE
973.4783,7.416,7.224,6.248,5.754,7.452,19,17,2,405207.7,81,87,76,79,100,100,97,96,20.219,20.184,22.23,22.167,878.633,92611,0,0,433,10283,7,11,1,0,0,28,23,14,20,9,9,FALSE,0,FALSE
973.97687,7.443,7.255,6.255,5.761,7.439,19,17,2,405559.56,76,79,71,72,101,100,98,96,20.223,20.192,22.233,22.17,901.711,92611,0,0,400,10300,7,11,1,0,0,28,23,14,20,9,9,FALSE,0,FALSE
974.47675,7.46,7.275,6.256,5.762,7.426,19,17,2,405883.94,74,75,68,69,101,100,98,97,20.226,20.195,22.233,22.171,927.68,92611,0,0,400,10300,7,11,1,0,0,28,23,14,20,9,9,FALSE,0,FALSE
974.97644,7.477,7.293,6.261,5.767,7.413,19,17,2,399694.7,75,74,69,69,101,100,98,97,20.227,20.196,22.232,22.171,957.051,92611,0,0,400,10300,7,11,1,0,0,28,23,14,20,9,9,FALSE,0,FALSE
975.4787,7.501,7.314,6.272,5.778,7.399,19,17,2,395263.97,74,72,71,70,101,100,98,97,20.229,20.197,22.232,22.171,987.43,92611,0,0,400,10300,7,11,1,0,0,28,23,14,20,9,9,FALSE,0,FALSE
975.97516,7.519,7.328,6.279,5.786,7.387,19,17,2,390221.44,73,71,70,69,101,100,98,96,20.229,20.197,22.231,22.17,1017.125,92611,0,0,433,10350,7,11,1,0,0,28,23,14,20,9,9,FALSE,0,FALSE
976.4745,7.532,7.339,6.283,5.79,7.373,19,17,2,381826.4,70,69,70,68,101,100,97,96,20.228,20.196,22.229,22.168,1049.801,92611,0,0,433,10350,7,11,1,0,0,28,23,14,20,9,9,FALSE,0,FALSE
976.9745,7.543,7.348,6.284,5.791,7.359,19,17,2,373512.9,69,69,68,68,101,100,97,96,20.226,20.193,22.226,22.165,1084.184,92611,0,0,433,10350,7,11,1,0,0,28,23,14,20,9,9,FALSE,0,FALSE
977.4785,7.551,7.355,6.284,5.791,7.346,19,17,2,370359.38,69,69,68,68,101,100,97,96,20.223,20.19,22.222,22.161,1121.105,92611,0,0,450,10350,7,11,1,0,0,28,23,14,20,9,9,FALSE,0,FALSE
977.9746,7.559,7.362,6.284,5.791,7.333,19,17,2,362484.03,69,69,69,68,101,100,97,96,20.22,20.187,22.218,22.158,1156.855,92611,0,0,467,10350,7,11,1,0,0,28,23,14,20,9,9,FALSE,0,FALSE
978.472,7.567,7.37,6.284,5.791,7.319,19,17,2,354454.8,69,69,69,69,100,100,97,96,20.217,20.184,22.214,22.153,1195.016,92611,0,0,467,10350,7,11,1,0,0,28,23,14,20,9,9,FALSE,0,FALSE
978.9753,7.574,7.377,6.284,5.791,7.305,19,17,2,346563,69,69,69,69,100,100,97,96,20.213,20.18,22.209,22.149,1234.25,92611,0,0,466,10350,7,11,1,0,0,28,23,14,20,9,9,FALSE,0,FALSE
979.4765,7.581,7.383,6.284,5.791,7.292,19,17,2,343958.47,69,69,69,69,100,100,97,96,20.208,20.176,22.203,22.144,1275.77,92611,0,0,467,10317,7,11,1,0,0,28,23,14,20,9,9,FALSE,0,FALSE
979.97894,7.587,7.39,6.284,5.791,7.278,19,17,2,336318.6,69,69,69,69,100,100,97,96,20.203,20.171,22.197,22.138,1316.684,92611,0,0,466,10317,7,11,1,0,0,28,23,14,20,9,9,FALSE,0,FALSE
980.4756,7.593,7.396,6.284,5.791,7.265,19,17,2,329109.94,69,69,69,69,100,100,97,96,20.198,20.167,22.191,22.132,1356.949,92611,0,0,466,10300,7,11,1,0,0,28,23,14,20,9,9,FALSE,0,FALSE
980.9758,7.599,7.403,6.284,5.791,7.251,19,17,2,321831.03,69,70,69,69,100,99,97,96,20.193,20.162,22.184,22.126,1399.273,92611,0,0,466,10300,7,11,1,0,0,28,23,14,20,9,9,FALSE,0,FALSE
981.4764,7.626,7.427,6.323,5.823,7.247,19,17,2,355261.56,73,73,77,75,100,99,97,96,20.191,20.16,22.185,22.127,1438.805,92611,0,0,467,10234,7,11,1,0,0,28,23,14,20,9,9,FALSE,0,FALSE
981.97614,7.654,7.454,6.354,5.844,7.246,19,17,2,383362.06,74,73,76,73,100,99,97,96,20.194,20.163,22.192,22.132,1467.18,92611,0,0,467,10234,7,11,1,0,0,28,23,14,20,9,9,FALSE,0,FALSE
982.4773,7.667,7.464,6.363,5.854,7.245,19,17,2,408942.62,72,70,72,71,100,100,97,96,20.197,20.166,22.198,22.139,1491.367,92611,0,0,467,10317,7,11,1,0,0,28,23,14,20,9,9,FALSE,0,FALSE
982.9764,7.677,7.471,6.374,5.864,7.245,19,17,2,431199.88,71,68,73,71,100,100,97,96,20.2,20.168,22.204,22.144,1510.188,92611,0,0,450,10317,7,11,1,0,0,28,23,14,20,9,9,FALSE,0,FALSE
983.4742,7.694,7.483,6.404,5.89,7.245,19,17,2,446701.84,75,70,82,77,100,100,97,96,20.204,20.17,22.211,22.15,1526.375,92611,0,0,450,10317,7,11,1,0,0,28,23,14,20,9,9,FALSE,0,FALSE
983.97815,7.719,7.499,6.441,5.92,7.241,19,17,2,454190.9,80,73,87,81,100,100,97,96,20.211,20.174,22.222,22.159,1552.59,92611,0,0,450,10400,7,11,1,0,0,28,23,14,20,9,9,FALSE,0,FALSE
984.473,7.735,7.512,6.463,5.936,7.236,19,17,2,461249.56,78,73,85,77,100,100,98,96,20.217,20.177,22.232,22.167,1570.539,92611,0,0,400,10400,7,11,1,0,0,28,23,14,20,9,9,FALSE,0,FALSE
984.97705,7.754,7.528,6.48,5.949,7.229,19,17,2,469034.8,78,73,80,74,101,100,98,97,20.223,20.181,22.241,22.173,1588.145,92611,0,0,400,10450,7,11,1,0,0,28,23,14,20,9,9,FALSE,0,FALSE
985.4779,7.769,7.54,6.488,5.956,7.22,19,17,2,476758.44,76,72,75,71,101,100,98,97,20.228,20.184,22.246,22.177,1605.078,92611,0,0,400,10450,7,11,1,0,0,28,23,14,20,9,9,FALSE,0,FALSE
985.97253,7.791,7.561,6.498,5.966,7.21,19,17,2,484440.16,78,74,73,70,101,100,98,97,20.232,20.187,22.25,22.18,1623.516,92611,0,0,433,10450,7,11,1,0,0,28,23,14,20,9,9,FALSE,0,FALSE
986.4745,7.815,7.585,6.503,5.97,7.198,19,17,2,491041.16,78,77,71,69,101,100,98,97,20.236,20.191,22.253,22.182,1645.434,92611,0,0,433,10450,7,11,1,0,0,28,23,14,20,9,9,FALSE,0,FALSE
986.9704,7.837,7.608,6.503,5.971,7.184,19,17,2,486507.3,75,75,68,66,101,100,98,97,20.24,20.195,22.253,22.182,1669.828,92611,0,0,400,10450,7,11,1,0,0,28,23,14,20,9,9,FALSE,0,FALSE
987.475,7.85,7.621,6.503,5.971,7.171,19,17,2,485940.9,71,71,67,67,101,100,98,97,20.241,20.196,22.252,22.182,1696.898,92611,0,0,400,10417,7,11,1,0,0,28,23,14,20,9,9,FALSE,0,FALSE
987.9755,7.862,7.635,6.507,5.974,7.158,19,17,2,478866.28,71,72,68,70,101,100,98,97,20.241,20.197,22.251,22.181,1726.117,92611,0,0,384,10417,7,11,1,0,0,28,23,14,20,9,9,FALSE,0,FALSE
988.4687,7.874,7.65,6.513,5.98,7.145,19,17,2,476392.72,71,72,69,70,101,100,98,97,20.241,20.198,22.25,22.181,1757.172,92611,0,0,384,10417,7,11,1,0,0,28,23,14,20,9,9,FALSE,0,FALSE
988.9723,7.888,7.668,6.524,5.989,7.131,19,17,2,467820.1,71,73,70,71,101,100,98,97,20.24,20.198,22.248,22.18,1789.91,92611,0,0,384,10417,7,11,1,0,0,28,23,14,20,9,9,FALSE,0,FALSE
989.47485,7.903,7.688,6.535,6,7.117,19,17,2,459178.22,71,75,72,70,101,100,98,97,20.239,20.199,22.246,22.179,1825.242,92611,29686,0,384,10400,7,11,1,0,0,28,23,14,20,9,9,FALSE,0,FALSE
989.9756,7.925,7.708,6.567,6.025,7.112,19,17,2,479043.8,74,72,79,75,101,100,98,97,20.238,20.199,22.246,22.179,1859.477,92611,29686,0,384,10400,7,11,1,0,0,28,23,14,20,9,9,FALSE,0,FALSE
990.4737,7.986,7.755,6.668,6.107,7.112,19,17,2,507837.47,85,80,99,89,101,100,98,97,20.243,20.202,22.255,22.185,1887.965,92611,29686,0,400,10400,7,11,1,0,0,28,23,14,20,9,9,FALSE,0,FALSE
990.97363,8.025,7.785,6.759,6.18,7.107,19,17,2,519300.7,82,76,99,89,101,100,98,97,20.25,20.206,22.268,22.195,1915.508,92611,29686,0,400,10400,7,11,1,0,0,28,23,14,20,9,9,FALSE,0,FALSE
991.47504,8.076,7.826,6.819,6.23,7.097,19,17,2,524442.2,85,79,90,82,101,100,98,97,20.257,20.21,22.279,22.203,1943.301,92611,29686,0,433,10400,7,11,1,0,0,28,23,14,20,9,9,FALSE,0,FALSE
991.9765,8.121,7.863,6.845,6.252,7.085,19,17,2,524654.25,80,76,77,73,101,100,98,97,20.264,20.215,22.285,22.206,1970.559,92611,29686,0,433,10467,7,11,1,0,0,28,23,14,20,9,9,FALSE,0,FALSE
992.4783,8.145,7.889,6.863,6.273,7.071,19,17,2,520483.84,76,77,73,76,101,100,98,97,20.265,20.216,22.285,22.207,1998.898,92611,29686,0,467,10467,7,11,1,0,0,28,23,14,20,9,9,FALSE,0,FALSE
992.97766,8.184,7.939,6.902,6.318,7.059,19,17,2,523894.53,77,81,77,81,101,101,98,97,20.267,20.22,22.286,22.209,2030.832,92611,29686,0,483,10467,7,11,1,0,0,28,23,14,20,9,9,FALSE,0,FALSE
993.4781,8.233,7.995,6.956,6.385,7.046,19,17,2,527335.2,80,83,80,86,101,101,98,97,20.27,20.225,22.288,22.214,2062.961,92611,29686,0,483,10500,7,11,1,0,0,28,23,14,20,9,9,FALSE,0,FALSE
993.9768,8.28,8.051,6.998,6.434,7.033,19,17,2,519118.2,78,82,77,81,101,101,98,97,20.272,20.229,22.289,22.218,2093.879,92611,29686,0,483,10500,7,11,1,0,0,28,23,14,20,9,9,FALSE,0,FALSE
994.47656,8.306,8.084,7.019,6.456,7.019,19,17,2,510491.9,72,76,72,73,101,101,98,97,20.272,20.231,22.287,22.218,2126.762,92611,29686,0,483,10516,7,11,1,0,0,28,23,14,20,9,9,FALSE,0,FALSE
994.97565,8.316,8.097,7.024,6.46,7.005,19,17,2,502138.1,71,73,70,70,101,101,98,97,20.269,20.23,22.284,22.215,2159.863,92611,29686,0,483,10533,7,11,1,0,0,28,23,14,20,9,9,FALSE,0,FALSE
995.47906,8.336,8.12,7.051,6.486,7,19,17,2,525789.06,73,74,76,76,101,101,98,97,20.268,20.23,22.284,22.216,2193.117,92611,29686,0,483,10533,7,11,1,0,0,28,23,14,20,9,9,FALSE,0,FALSE
995.97595,8.353,8.136,7.063,6.499,6.999,19,17,2,551241,72,72,74,73,101,101,98,97,20.27,20.233,22.288,22.221,2216.633,92611,29686,0,483,10533,7,11,1,0,0,28,23,14,20,9,9,FALSE,0,FALSE
996.4744,8.361,8.142,7.069,6.505,6.999,19,17,2,573256.75,71,70,72,71,101,101,99,97,20.272,20.234,22.293,22.225,2235.875,92611,29686,0,483,10533,7,11,1,0,0,28,23,14,20,9,9,FALSE,0,FALSE
996.9756,8.371,8.15,7.079,6.517,6.999,19,17,2,591037.44,73,69,73,73,102,101,99,97,20.274,20.236,22.297,22.23,2251.398,92611,29686,0,483,10533,7,11,1,0,0,28,23,14,20,9,9,FALSE,0,FALSE
997.4749,8.384,8.159,7.105,6.536,6.999,19,17,2,603697.6,75,70,82,76,102,101,99,98,20.277,20.237,22.304,22.235,2262.539,92611,29686,0,483,10533,7,11,1,0,0,28,23,14,20,9,9,FALSE,0,FALSE
997.9768,8.394,8.168,7.139,6.556,6.998,19,17,2,610005.9,74,71,90,79,102,101,99,98,20.281,20.239,22.314,22.242,2273.746,92611,29686,0,417,10634,7,11,1,0,0,28,23,14,20,9,9,FALSE,0,FALSE
998.46747,8.405,8.178,7.162,6.571,6.994,19,17,2,615442.06,75,72,90,78,102,101,99,98,20.284,20.242,22.325,22.249,2289.102,92611,29686,0,417,10634,7,11,1,0,0,28,23,14,20,9,9,FALSE,0,FALSE
998.97314,8.425,8.194,7.173,6.58,6.988,19,17,2,621712.1,80,76,84,76,102,101,99,98,20.289,20.245,22.334,22.255,2303.676,92611,29686,0,417,10634,7,11,1,0,0,28,23,14,20,9,9,FALSE,0,FALSE
999.4769,8.445,8.213,7.18,6.586,6.981,19,17,2,628973.44,80,77,78,72,102,101,99,98,20.295,20.25,22.341,22.259,2318.211,92611,29686,0,417,10634,7,11,1,0,0,28,23,14,20,9,9,FALSE,0,FALSE
999.9728,8.46,8.23,7.185,6.591,6.972,19,17,2,635757.25,79,77,74,70,102,101,99,98,20.3,20.254,22.345,22.262,2333.137,92611,29686,0,300,10800,7,11,1,0,0,28,23,14,20,9,9,FALSE,0,FALSE
1000.4767,8.483,8.254,7.19,6.596,6.96,19,17,2,643784.25,79,77,72,68,102,101,99,98,20.305,20.258,22.347,22.263,2351.527,92611,29686,0,300,10800,7,11,1,0,0,28,23,14,20,9,9,FALSE,0,FALSE
1000.9769,8.509,8.283,7.19,6.597,6.948,19,17,2,647063.4,78,78,69,67,102,101,99,98,20.31,20.263,22.348,22.263,2372.305,92611,29686,0,300,10800,7,11,1,0,0,28,23,14,20,9,9,FALSE,0,FALSE
1001.47394,8.522,8.297,7.19,6.597,6.935,19,17,2,642749.3,74,74,67,68,102,101,99,98,20.312,20.266,22.347,22.263,2394.984,92611,29686,0,234,10750,7,11,1,0,0,28,23,14,20,9,9,FALSE,0,FALSE
1001.97046,8.533,8.309,7.19,6.597,6.922,19,17,2,642422.75,72,71,67,68,102,101,99,98,20.312,20.266,22.345,22.262,2420.867,92611,29686,0,234,10750,7,11,1,0,0,28,23,14,20,9,9,FALSE,0,FALSE
1002.4733,8.543,8.32,7.19,6.597,6.908,19,17,2,635823.75,71,70,67,67,102,101,99,98,20.312,20.266,22.343,22.261,2448.91,92611,29686,0,133,10666,7,11,1,0,0,28,23,14,20,9,9,FALSE,0,FALSE
1002.97144,8.553,8.33,7.191,6.597,6.895,19,17,2,628267.1,70,70,67,68,102,101,99,98,20.311,20.265,22.34,22.259,2479.035,92611,29686,0,133,10633,7,11,1,0,0,28,23,14,20,9,9,FALSE,0,FALSE
1003.4767,8.561,8.339,7.191,6.597,6.881,19,17,2,625133.94,70,70,68,67,102,101,99,98,20.309,20.263,22.337,22.256,2511.91,92611,29686,0,83,10633,7,11,1,0,0,28,23,14,20,9,9,FALSE,0,FALSE
1003.97284,8.569,8.347,7.191,6.597,6.868,19,17,2,616780.1,70,70,68,68,102,101,99,98,20.306,20.261,22.334,22.253,2544.254,92611,29686,0,66,10616,7,11,1,0,0,28,23,14,20,9,9,FALSE,0,FALSE
1004.4752,8.583,8.365,7.202,6.607,6.854,19,17,2,608138.25,71,73,70,71,102,101,99,98,20.304,20.259,22.33,22.25,2579.16,92611,29686,0,66,10617,7,11,1,0,0,28,23,14,20,9,9,FALSE,0,FALSE
1004.971,8.602,8.39,7.223,6.626,6.845,19,17,2,617138.4,71,74,73,74,102,101,99,98,20.302,20.259,22.327,22.248,2614.047,92611,29686,0,84,10617,7,11,1,0,0,28,23,14,20,9,9,FALSE,0,FALSE
1005.47534,8.616,8.41,7.242,6.645,6.845,19,17,2,648362.94,71,74,73,75,102,101,99,98,20.301,20.26,22.328,22.25,2645.305,92611,29686,0,83,10600,7,11,1,0,0,28,23,14,20,9,9,FALSE,0,FALSE
1005.97485,8.654,8.454,7.278,6.68,6.843,19,17,2,673730.8,79,82,79,81,102,101,99,98,20.303,20.264,22.331,22.255,2671.09,92611,29686,0,83,10716,7,11,1,0,0,28,23,14,20,9,9,FALSE,0,FALSE
1006.4734,8.677,8.482,7.292,6.696,6.843,19,17,2,696357.6,75,78,74,77,102,101,99,98,20.308,20.271,22.337,22.262,2690.652,92611,29686,0,83,10716,7,11,1,0,0,28,23,14,20,9,9,FALSE,0,FALSE
1006.97675,8.681,8.487,7.297,6.701,6.843,19,17,2,715802.06,70,71,70,74,102,102,99,98,20.311,20.275,22.34,22.268,2707.051,92611,29686,0,183,10716,7,11,1,0,0,28,23,14,20,9,9,FALSE,0,FALSE
1007.47473,8.686,8.495,7.301,6.706,6.843,19,17,2,730635.44,69,72,70,73,102,102,99,98,20.312,20.277,22.342,22.271,2720.477,92611,29686,0,183,10984,7,11,1,0,0,28,23,14,20,9,9,FALSE,0,FALSE
1007.97516,8.692,8.505,7.311,6.719,6.843,19,17,2,740110.9,69,73,72,76,102,102,99,98,20.312,20.28,22.345,22.276,2732.012,92611,29686,0,183,10984,7,11,1,0,0,28,23,14,20,9,9,FALSE,0,FALSE
1008.4742,8.7,8.514,7.328,6.749,6.843,19,17,2,745514.56,70,73,75,86,102,102,99,98,20.313,20.283,22.349,22.283,2741.703,92611,29686,0,183,10984,7,11,1,0,0,28,23,14,20,9,9,FALSE,0,FALSE
1008.9723,8.708,8.523,7.343,6.773,6.84,19,17,2,750724.25,71,74,77,88,102,102,100,99,20.314,20.285,22.353,22.293,2762.68,92611,29686,0,300,10984,7,11,1,0,0,28,23,14,20,9,9,FALSE,0,FALSE
1009.47034,8.721,8.538,7.349,6.78,6.835,19,17,2,756361.6,73,77,74,82,102,102,100,99,20.316,20.289,22.357,22.301,2773.625,92611,29686,0,300,10984,7,11,1,0,0,28,23,14,20,9,9,FALSE,0,FALSE
1009.97327,8.741,8.556,7.351,6.783,6.828,19,17,2,761427.1,78,79,70,75,102,102,100,99,20.319,20.294,22.359,22.306,2786.137,92611,29686,0,300,11200,7,11,1,0,0,28,23,14,20,9,9,FALSE,0,FALSE
1010.47253,8.755,8.568,7.353,6.784,6.818,19,17,2,766688.9,76,76,68,71,102,102,100,99,20.323,20.298,22.359,22.308,2801.531,92611,29686,0,300,11200,7,11,1,0,0,28,23,14,20,9,9,FALSE,0,FALSE
1010.973,8.776,8.588,7.353,6.784,6.806,19,17,2,771987.4,78,77,67,68,102,102,100,99,20.326,20.301,22.359,22.309,2819.57,92611,29686,0,367,11084,7,11,1,0,0,28,23,14,20,9,9,FALSE,0,FALSE
1011.4719,8.798,8.609,7.353,6.784,6.794,19,17,2,774816.5,76,76,66,67,103,102,100,99,20.33,20.305,22.357,22.308,2840.457,92611,29686,0,367,11084,7,11,1,0,0,28,23,14,20,9,9,FALSE,0,FALSE
1011.9731,8.817,8.628,7.353,6.784,6.78,19,17,2,770219.75,74,74,67,67,103,102,100,99,20.331,20.307,22.355,22.307,2864.215,92611,29686,0,234,11084,7,11,1,0,0,28,23,14,20,9,9,FALSE,0,FALSE
1012.47406,8.832,8.642,7.355,6.786,6.768,19,17,2,769752.2,72,71,68,68,103,102,100,99,20.331,20.307,22.353,22.305,2890.512,92611,29686,0,234,11016,7,11,1,0,0,28,23,14,20,9,9,FALSE,0,FALSE
1012.9765,8.845,8.655,7.355,6.787,6.754,19,17,2,762610.56,70,70,68,68,103,102,100,99,20.331,20.306,22.351,22.303,2920.105,92611,29686,0,133,11016,7,11,1,0,0,28,23,14,20,9,9,FALSE,0,FALSE
1013.47217,8.854,8.664,7.356,6.787,6.741,19,17,2,760387.25,70,70,68,69,103,102,99,99,20.329,20.305,22.348,22.3,2949.656,92611,29686,0,133,11000,7,11,1,0,0,28,23,14,20,9,9,FALSE,0,FALSE
1013.97314,8.864,8.678,7.359,6.789,6.728,19,17,2,751841.2,70,71,69,69,102,102,99,99,20.327,20.303,22.344,22.298,2982.172,92611,29686,0,100,10983,7,11,1,0,0,28,23,14,20,9,9,FALSE,0,FALSE
1014.47504,8.873,8.687,7.359,6.789,6.714,19,17,2,743199.3,70,70,69,69,102,102,99,99,20.324,20.301,22.341,22.294,3016.395,92611,29686,0,100,10983,7,11,1,0,0,28,23,14,20,9,9,FALSE,0,FALSE
1014.9729,8.88,8.695,7.359,6.789,6.701,19,17,2,740038.7,69,70,69,69,102,102,99,98,20.32,20.298,22.336,22.29,3052.066,92611,29686,0,100,10967,7,11,1,0,0,28,23,14,20,9,9,FALSE,0,FALSE
1015.4753,8.888,8.703,7.359,6.789,6.687,19,17,2,731396.8,69,69,69,69,102,102,99,98,20.317,20.294,22.332,22.286,3088.98,92611,29686,0,117,10967,7,11,1,0,0,28,23,14,20,9,9,FALSE,0,FALSE
1015.9723,8.895,8.71,7.359,6.789,6.673,19,17,2,722754.94,69,69,69,69,102,102,99,98,20.312,20.291,22.326,22.281,3127.156,92611,29686,0,134,10950,7,11,1,0,0,28,23,14,20,9,9,FALSE,0,FALSE
1016.47485,8.903,8.717,7.359,6.79,6.66,19,17,2,714113.06,69,69,69,69,102,102,99,98,20.308,20.286,22.321,22.275,3166.504,92611,29686,0,134,10917,7,11,1,0,0,28,23,14,20,9,9,FALSE,0,FALSE
1016.9735,8.91,8.723,7.359,6.79,6.647,19,17,2,710833.5,69,69,69,69,102,102,99,98,20.303,20.281,22.314,22.269,3206.812,92611,29686,0,134,10917,7,11,1,0,0,28,23,14,20,9,9,FALSE,0,FALSE
1017.4729,8.916,8.729,7.359,6.79,6.633,19,17,2,702191.6,69,69,69,69,102,102,99,98,20.297,20.276,22.308,22.263,3247.98,92611,29686,0,133,10900,7,11,1,0,0,28,23,14,20,9,9,FALSE,0,FALSE
1017.97363,8.922,8.735,7.359,6.79,6.619,19,17,2,693549.75,70,69,69,69,102,101,99,98,20.292,20.27,22.301,22.256,3289.98,92611,29686,0,150,10867,7,11,1,0,0,28,23,14,20,9,9,FALSE,0,FALSE
1018.4733,8.929,8.742,7.359,6.79,6.605,19,17,2,684907.9,70,70,70,69,102,101,99,98,20.286,20.264,22.293,22.249,3332.738,92611,29686,0,150,10867,7,11,1,0,0,28,23,14,20,9,9,FALSE,0,FALSE
1018.9749,8.949,8.762,7.388,6.819,6.6,19,17,2,711623.5,73,72,75,75,102,101,99,98,20.282,20.261,22.291,22.247,3372.855,92611,29686,0,133,10833,7,11,1,0,0,28,23,14,20,9,9,FALSE,0,FALSE
1019.47125,8.968,8.784,7.409,6.839,6.599,19,17,2,741518.4,71,72,73,73,102,101,99,98,20.284,20.263,22.296,22.252,3404.215,92611,29686,0,133,10800,7,11,1,0,0,28,23,14,20,9,9,FALSE,0,FALSE
1019.968,8.984,8.807,7.435,6.867,6.598,19,17,2,768384.7,71,76,76,79,102,101,99,98,20.284,20.265,22.301,22.258,3430.207,92611,29686,0,133,10800,7,11,1,0,0,28,23,14,20,9,9,FALSE,0,FALSE
1020.4731,9.011,8.842,7.473,6.917,6.598,19,17,2,786574.3,75,80,80,87,102,101,99,98,20.287,20.271,22.308,22.267,3452.004,92611,29686,0,200,10883,7,11,1,0,0,28,23,14,20,9,9,FALSE,0,FALSE
1020.9762,9.031,8.873,7.51,6.964,6.596,19,17,2,794979.25,75,81,82,91,102,102,99,98,20.29,20.277,22.315,22.278,3478.266,92611,29686,0,200,10883,7,11,1,0,0,28,23,14,20,9,9,FALSE,0,FALSE
1021.4759,9.058,8.901,7.543,7.02,6.59,19,17,2,801688.56,77,81,83,94,102,102,99,98,20.294,20.283,22.321,22.29,3500.809,92611,29686,0,200,10883,7,11,1,0,0,28,23,14,20,9,9,FALSE,0,FALSE
1021.9773,9.087,8.936,7.571,7.055,6.58,19,17,2,808468.5,78,82,79,86,102,102,99,99,20.297,20.289,22.327,22.3,3522.906,92611,29686,0,217,10933,7,11,1,0,0,28,23,14,20,9,9,FALSE,0,FALSE
1022.47534,9.114,8.968,7.589,7.076,6.569,19,17,2,814346.3,77,82,75,80,102,102,99,99,20.301,20.295,22.331,22.306,3544.527,92611,29686,0,217,10933,7,11,1,0,0,28,23,14,20,9,9,FALSE,0,FALSE
1022.97314,9.143,9.002,7.612,7.101,6.557,19,17,2,820368.25,77,82,76,79,102,102,99,99,20.304,20.3,22.334,22.311,3568.473,92611,29686,0,183,10967,7,11,1,0,0,28,23,14,20,9,9,FALSE,0,FALSE
1023.476,9.17,9.034,7.632,7.121,6.544,19,17,2,824395.6,76,80,75,77,102,102,99,99,20.306,20.304,22.336,22.314,3594.109,92611,29686,0,183,10967,7,11,1,0,0,28,23,14,20,9,9,FALSE,0,FALSE
1023.9701,9.207,9.078,7.661,7.153,6.531,19,17,2,820811.2,78,82,76,79,102,102,99,99,20.308,20.309,22.337,22.317,3621.613,92611,29686,0,134,10967,7,11,1,0,0,28,23,14,20,9,9,FALSE,0,FALSE
1024.4744,9.234,9.11,7.68,7.172,6.517,19,17,2,814139.06,74,78,73,75,102,102,99,99,20.31,20.312,22.338,22.318,3651.066,92611,29686,0,134,10967,7,11,1,0,0,28,23,14,20,9,9,FALSE,0,FALSE
1024.9761,9.252,9.133,7.694,7.184,6.504,19,17,2,811655.5,72,76,72,72,102,102,99,99,20.309,20.313,22.337,22.318,3682.906,92611,29686,0,100,10966,7,11,1,0,0,28,23,14,20,9,9,FALSE,0,FALSE
1025.4749,9.264,9.146,7.697,7.187,6.49,19,17,2,803077.9,70,71,69,68,102,102,99,99,20.306,20.313,22.334,22.316,3716.129,92611,29686,0,100,10967,7,11,1,0,0,28,23,14,20,9,9,FALSE,0,FALSE
1025.9713,9.286,9.163,7.712,7.202,6.477,19,17,2,794436,74,72,73,71,102,102,99,99,20.305,20.31,22.332,22.312,3750.117,92611,29686,0,100,10967,7,11,1,0,0,28,23,14,20,9,9,FALSE,0,FALSE
1026.4755,9.332,9.201,7.764,7.25,6.463,19,17,2,785794.1,82,78,84,80,102,102,99,99,20.305,20.309,22.331,22.311,3784.852,92611,29686,0,116,10966,7,11,1,0,0,28,23,14,20,9,9,FALSE,0,FALSE
1026.9747,9.402,9.258,7.847,7.325,6.45,19,17,2,782594.3,85,80,88,84,102,102,99,99,20.308,20.31,22.334,22.312,3820.887,92611,29686,0,116,10967,7,11,1,0,0,28,23,14,20,9,9,FALSE,0,FALSE
1027.4734,9.474,9.318,7.938,7.405,6.436,19,17,2,773952.44,85,80,89,84,102,102,99,99,20.311,20.31,22.337,22.313,3857.668,92611,29686,0,117,10967,7,11,1,0,0,28,23,14,20,9,9,FALSE,0,FALSE
1027.9764,9.538,9.371,8.015,7.474,6.422,19,17,2,765022.5,82,78,87,82,102,102,99,99,20.313,20.31,22.339,22.313,3895.906,92611,29686,0,100,10950,7,11,1,0,0,28,23,14,20,9,9,FALSE,0,FALSE
1028.4698,9.61,9.432,8.103,7.551,6.409,19,17,2,756668.7,85,80,88,83,102,102,99,99,20.315,20.31,22.341,22.312,3931.125,92611,29686,0,100,10950,7,11,1,0,0,28,23,14,20,9,9,FALSE,0,FALSE
1028.9756,9.665,9.478,8.163,7.608,6.395,19,17,2,748026.8,80,78,83,79,102,102,99,99,20.316,20.309,22.341,22.311,3966.828,92611,29686,0,100,10950,7,11,1,0,0,28,23,14,20,9,9,FALSE,0,FALSE
1029.4752,9.695,9.504,8.18,7.626,6.381,19,17,2,739384.94,73,72,72,70,102,102,99,99,20.313,20.306,22.337,22.306,4004.035,92611,29686,0,116,10966,7,11,1,0,0,28,23,14,20,9,9,FALSE,0,FALSE
1029.972,9.719,9.527,8.202,7.647,6.377,19,17,2,765165.8,73,72,73,72,102,102,99,99,20.311,20.303,22.335,22.304,4038.781,92611,29686,40315,116,10950,7,11,1,0,0,28,23,14,20,9,9,FALSE,0,FALSE
1030.4692,9.736,9.542,8.216,7.66,6.376,19,17,2,793274.44,73,71,73,72,102,102,99,99,20.311,20.302,22.337,22.305,4066.059,92611,29686,40315,100,11033,7,11,1,0,0,28,23,14,20,9,9,FALSE,0,FALSE
1030.9728,9.758,9.557,8.243,7.686,6.376,19,17,2,816703.6,77,71,79,76,102,102,99,99,20.313,20.303,22.341,22.309,4088.41,92611,29686,40315,100,11033,7,11,1,0,0,28,23,14,20,9,9,FALSE,0,FALSE
1031.4729,9.786,9.578,8.283,7.717,6.376,19,17,2,830858.5,79,74,86,79,102,102,99,99,20.316,20.304,22.348,22.314,4108.336,92611,29686,40315,183,11033,7,11,1,0,0,28,23,14,20,9,9,FALSE,0,FALSE
1031.9762,9.811,9.595,8.329,7.75,6.376,19,17,2,840267.56,79,74,91,82,102,102,100,99,20.321,20.305,22.356,22.32,4127.141,92611,29686,40315,183,11150,7,11,1,0,0,28,23,14,20,9,9,FALSE,0,FALSE
1032.474,9.836,9.616,8.366,7.777,6.37,19,17,2,846912,80,75,89,80,102,102,100,99,20.324,20.307,22.366,22.325,4148.027,92611,29686,40315,183,11150,7,11,1,0,0,28,23,14,20,9,9,FALSE,0,FALSE
1032.9718,9.854,9.632,8.382,7.789,6.361,19,17,2,853291.25,77,74,80,74,103,102,100,99,20.328,20.309,22.372,22.328,4170.395,92611,29686,40315,283,11233,7,11,1,0,0,28,23,14,20,9,9,FALSE,0,FALSE
1033.4722,9.878,9.651,8.407,7.81,6.351,19,17,2,859693.4,79,75,81,75,103,102,100,99,20.33,20.309,22.376,22.33,4191.43,92611,29686,40315,283,11233,7,11,1,0,0,28,23,14,20,9,9,FALSE,0,FALSE
1033.9734,9.921,9.691,8.427,7.827,6.339,19,17,2,860259.4,85,82,78,73,103,102,100,99,20.334,20.312,22.379,22.331,4213.734,92611,29686,40315,333,11233,7,11,1,0,0,28,23,14,20,9,9,FALSE,0,FALSE
1034.4745,9.98,9.742,8.435,7.834,6.326,19,17,2,861766.9,85,82,71,71,103,102,100,99,20.342,20.317,22.38,22.331,4238.723,92611,29686,40315,333,11267,7,11,1,0,0,28,23,14,20,9,9,FALSE,0,FALSE
1034.9762,9.995,9.757,8.435,7.835,6.313,19,17,2,855495.6,74,73,69,69,103,102,100,99,20.343,20.318,22.378,22.329,4266.09,92611,29686,40315,333,11267,7,11,1,0,0,28,23,14,20,9,9,FALSE,0,FALSE
1035.4719,10.008,9.767,8.435,7.836,6.3,19,17,2,853453.3,72,71,69,68,103,102,100,99,20.342,20.317,22.375,22.326,4295.668,92611,29686,40315,333,11267,7,11,1,0,0,28,23,14,20,9,9,FALSE,0,FALSE
1035.9761,10.017,9.776,8.435,7.836,6.287,19,17,2,845370,71,71,69,68,103,102,100,99,20.339,20.314,22.371,22.323,4326.969,92611,29686,40315,367,11300,7,11,1,0,0,28,23,14,20,9,9,FALSE,0,FALSE
1036.4744,10.025,9.784,8.435,7.836,6.273,19,17,2,836743.1,71,71,69,69,103,102,100,99,20.336,20.311,22.367,22.319,4359.973,92611,29686,40315,367,11300,7,11,1,0,0,28,23,14,20,9,9,FALSE,0,FALSE
1036.9752,10.033,9.792,8.435,7.836,6.259,19,17,2,828101.25,70,70,68,68,103,102,100,99,20.332,20.308,22.362,22.315,4394.516,92611,29686,40315,367,11317,7,11,1,0,0,28,23,14,20,9,9,FALSE,0,FALSE
1037.4734,10.04,9.799,8.435,7.836,6.246,19,17,2,824829.75,70,70,68,68,103,102,100,99,20.328,20.304,22.357,22.31,4430.258,92611,29686,40315,367,11317,7,11,1,0,0,28,23,14,20,9,9,FALSE,0,FALSE
1037.9719,10.047,9.806,8.435,7.836,6.232,19,17,2,816187.9,70,70,69,68,102,102,100,99,20.324,20.299,22.351,22.305,4467.148,92611,29686,40315,384,11317,7,11,1,0,0,28,23,14,20,9,9,FALSE,0,FALSE
1038.4706,10.054,9.813,8.435,7.836,6.219,19,17,2,807546,71,70,69,69,102,102,99,99,20.319,20.295,22.345,22.299,4505.148,92611,29686,40315,384,11300,7,11,1,0,0,28,23,14,20,9,9,FALSE,0,FALSE
1038.9745,10.061,9.82,8.435,7.836,6.205,19,17,2,798904.1,70,70,69,69,102,102,99,99,20.314,20.29,22.339,22.293,4544.156,92611,29686,40315,366,11300,7,11,1,0,0,28,23,14,20,9,9,FALSE,0,FALSE
1039.4764,10.068,9.827,8.435,7.836,6.191,19,17,2,789974.2,71,71,69,69,102,102,99,98,20.308,20.284,22.332,22.286,4585.402,92611,29686,40315,366,11300,7,11,1,0,0,28,23,14,20,9,9,FALSE,0,FALSE
1039.9753,10.073,9.833,8.435,7.836,6.178,19,17,2,787068.4,72,72,70,70,102,102,99,98,20.303,20.279,22.325,22.279,4624.703,92611,29686,40315,384,11300,7,11,1,0,0,28,23,14,20,9,9,FALSE,0,FALSE
1040.472,10.08,9.839,8.435,7.836,6.164,19,17,2,778426.5,71,71,70,70,102,102,99,98,20.297,20.274,22.318,22.272,4665.961,92611,29686,40315,384,11300,7,11,1,0,0,28,23,14,20,9,9,FALSE,0,FALSE
1040.9735,10.085,9.846,8.435,7.836,6.151,19,17,2,769784.6,72,72,70,70,102,101,99,98,20.291,20.268,22.31,22.265,4707.828,92611,29686,40315,367,11284,7,11,1,0,0,28,23,14,20,9,9,FALSE,0,FALSE
1041.4696,10.092,9.852,8.435,7.836,6.137,19,17,2,761142.75,72,72,70,70,102,101,99,98,20.285,20.262,22.302,22.258,4750.227,92611,29686,40315,350,11267,7,11,1,0,0,28,23,14,20,9,9,FALSE,0,FALSE
1041.9739,10.098,9.859,8.435,7.836,6.123,19,17,2,752500.9,71,71,70,70,102,101,99,98,20.279,20.256,22.294,22.25,4793.098,92611,29686,40315,333,11250,7,11,1,0,0,28,23,14,20,9,9,FALSE,0,FALSE
1042.4751,10.118,9.879,8.462,7.862,6.116,19,17,2,775163.75,73,73,75,75,102,101,99,98,20.274,20.252,22.291,22.246,4833.605,92611,29686,40315,333,11250,7,11,1,0,0,28,23,14,20,9,9,FALSE,0,FALSE
1042.9736,10.143,9.907,8.491,7.89,6.116,19,17,2,806422,73,74,75,75,102,101,99,98,20.275,20.253,22.296,22.251,4865.07,92611,29686,40315,333,11233,7,11,1,0,0,28,23,14,20,9,9,FALSE,0,FALSE
1043.4719,10.155,9.919,8.499,7.898,6.115,19,17,2,830881.7,71,70,72,71,102,101,99,98,20.277,20.255,22.301,22.257,4889.234,92611,29686,40315,333,11317,7,11,1,0,0,28,23,14,20,9,9,FALSE,0,FALSE
1043.9724,10.172,9.931,8.523,7.919,6.115,19,17,2,851572.94,74,71,79,75,102,101,99,98,20.279,20.256,22.307,22.262,4908.781,92611,29686,40315,383,11317,7,11,1,0,0,28,23,14,20,9,9,FALSE,0,FALSE
1044.4722,10.194,9.947,8.573,7.956,6.113,19,17,2,862030.44,78,73,91,83,102,101,99,98,20.284,20.259,22.317,22.27,4924.375,92611,29686,40315,383,11450,7,11,1,0,0,28,23,14,20,9,9,FALSE,0,FALSE
1044.9746,10.212,9.962,8.607,7.978,6.108,19,17,2,868309.1,77,74,90,79,102,101,99,98,20.289,20.262,22.329,22.278,4944.586,92611,29686,40315,383,11450,7,11,1,0,0,28,23,14,20,9,9,FALSE,0,FALSE
1045.4714,10.231,9.979,8.628,7.993,6.101,19,17,2,874540.1,78,75,84,76,102,101,99,98,20.293,20.265,22.339,22.285,4965.125,92611,29686,40315,500,11450,7,11,1,0,0,28,23,14,20,9,9,FALSE,0,FALSE
1045.9718,10.252,9.998,8.638,8.002,6.091,19,17,2,878196.44,78,75,77,72,102,101,99,98,20.298,20.269,22.346,22.289,4983.414,92611,29686,40315,500,11450,7,11,1,0,0,28,23,14,20,9,9,FALSE,0,FALSE
1046.4724,10.277,10.023,8.649,8.012,6.079,19,17,2,878886.8,79,77,74,71,102,101,99,99,20.302,20.272,22.35,22.292,5004.203,92611,29686,40315,500,11450,7,11,1,0,0,28,23,14,20,9,9,FALSE,0,FALSE
1046.9701,10.305,10.051,8.657,8.019,6.066,19,17,2,874678.4,78,77,72,69,102,102,100,99,20.307,20.276,22.352,22.293,5027.012,92611,29686,40315,483,11450,7,11,1,0,0,28,23,14,20,9,9,FALSE,0,FALSE
1047.472,10.327,10.071,8.665,8.027,6.053,19,17,2,874463.9,76,74,71,69,102,102,100,99,20.309,20.278,22.354,22.294,5052.156,92611,29686,40315,483,11450,7,11,1,0,0,28,23,14,20,9,9,FALSE,0,FALSE
1047.9755,10.343,10.085,8.668,8.031,6.039,19,17,2,867748.75,72,71,69,68,102,102,100,99,20.311,20.279,22.354,22.293,5080.156,92611,29686,40315,450,11434,7,11,1,0,0,28,23,14,20,9,9,FALSE,0,FALSE
1048.4691,10.353,10.094,8.668,8.031,6.026,19,17,2,865501.9,71,70,68,68,102,102,100,99,20.31,20.278,22.352,22.292,5110.594,92611,29686,40315,450,11417,7,11,1,0,0,28,23,14,20,9,9,FALSE,0,FALSE
1048.9681,10.361,10.102,8.668,8.031,6.013,19,17,2,857059.1,71,70,68,69,102,102,99,99,20.309,20.276,22.35,22.291,5142.711,92611,29686,40315,450,11416,7,11,1,0,0,28,23,14,20,9,9,FALSE,0,FALSE
1049.4736,10.369,10.11,8.668,8.031,5.999,19,17,2,848417.25,71,71,69,69,102,102,99,98,20.307,20.275,22.347,22.289,5176.477,92611,29686,40315,466,11416,7,11,1,0,0,28,23,14,20,9,9,FALSE,0,FALSE
1049.9667,10.376,10.118,8.668,8.031,5.986,19,17,2,845181.7,71,70,69,69,102,101,99,98,20.305,20.273,22.344,22.286,5211.703,92611,29686,40315,466,11416,7,11,1,0,0,28,23,14,20,9,9,FALSE,0,FALSE
1050.4678,10.383,10.125,8.668,8.031,5.972,19,17,2,836539.8,71,71,69,69,102,101,99,98,20.303,20.27,22.34,22.282,5248.07,92611,29686,40315,467,11400,7,11,1,0,0,28,23,14,20,9,9,FALSE,0,FALSE
1050.9692,10.39,10.132,8.668,8.031,5.959,19,17,2,827897.94,71,71,69,69,102,101,99,98,20.299,20.267,22.336,22.278,5285.555,92611,29686,40315,467,11400,7,11,1,0,0,28,23,14,20,9,9,FALSE,0,FALSE
1051.4729,10.397,10.138,8.668,8.031,5.945,19,17,2,819256.06,70,70,69,69,102,101,99,98,20.296,20.264,22.331,22.274,5324.055,92611,29686,40315,466,11400,7,11,1,0,0,28,23,14,20,9,9,FALSE,0,FALSE
1051.9717,10.404,10.145,8.668,8.031,5.931,19,17,2,810614.2,69,69,69,69,102,101,99,98,20.292,20.26,22.326,22.269,5363.574,92611,29686,40315,466,11383,7,11,1,0,0,28,23,14,20,9,9,FALSE,0,FALSE
1052.4723,10.41,10.151,8.668,8.031,5.918,19,17,2,807346.44,69,69,69,69,102,101,99,98,20.287,20.255,22.32,22.264,5403.918,92611,29686,40315,466,11383,7,11,1,0,0,28,23,14,20,9,9,FALSE,0,FALSE
1052.9738,10.417,10.158,8.668,8.031,5.904,19,17,3,798704.56,69,69,69,69,102,101,99,98,20.281,20.25,22.314,22.258,36.254,93036,0,0,467,11383,7,12,1,0,0,28,23,14,20,9,9,FALSE,0,FALSE
1053.4739,10.423,10.164,8.668,8.031,5.891,19,17,3,790062.7,69,69,69,69,102,101,99,98,20.276,20.245,22.308,22.251,78.242,93036,0,0,450,11383,7,12,1,0,0,28,23,14,20,9,9,FALSE,0,FALSE
1053.9701,10.429,10.17,8.668,8.031,5.877,19,17,3,781420.8,70,70,70,70,101,101,99,98,20.27,20.239,22.3,22.245,120.918,93036,0,0,450,11383,7,12,1,0,0,28,23,14,20,9,9,FALSE,0,FALSE
1054.4679,10.435,10.176,8.668,8.031,5.863,19,17,3,772778.94,70,70,70,70,101,101,99,98,20.264,20.233,22.293,22.238,164.262,93036,0,0,467,11317,7,12,1,0,0,28,23,14,20,9,9,FALSE,0,FALSE
1054.9705,10.442,10.182,8.668,8.031,5.849,19,17,3,764137.06,70,70,70,70,101,101,98,97,20.257,20.227,22.285,22.23,208.191,93036,0,0,450,11317,7,12,1,0,0,28,23,14,20,9,9,FALSE,0,FALSE
1055.4702,10.448,10.188,8.668,8.031,5.835,19,17,3,755495.2,70,69,70,70,101,101,98,97,20.25,20.22,22.277,22.222,252.641,93036,0,0,433,11233,7,12,1,0,0,28,23,14,20,9,9,FALSE,0,FALSE
1055.9719,10.454,10.194,8.668,8.031,5.822,19,17,3,746860.6,70,70,70,70,101,100,98,97,20.243,20.213,22.269,22.214,297.516,93036,0,0,416,11233,7,12,1,0,0,28,23,14,20,9,9,FALSE,0,FALSE
1056.4708,10.46,10.2,8.668,8.031,5.808,19,17,3,738425.7,70,70,70,70,101,100,98,97,20.235,20.206,22.26,22.206,342.816,93036,0,0,416,11150,7,12,1,0,0,28,23,14,20,9,9,FALSE,0,FALSE
1056.9695,10.466,10.206,8.668,8.031,5.794,19,17,3,730226.75,70,70,70,70,101,100,98,97,20.228,20.198,22.251,22.198,388.453,93036,0,0,416,11150,7,12,1,0,0,28,23,14,20,9,9,FALSE,0,FALSE
1057.4744,10.472,10.212,8.668,8.031,5.78,19,17,3,722223.3,70,70,70,70,101,100,98,97,20.22,20.19,22.242,22.189,434.379,93036,0,0,416,11116,7,12,1,0,0,28,23,14,20,9,9,FALSE,0,FALSE
1057.9701,10.477,10.218,8.668,8.031,5.767,19,17,3,714407.2,70,70,70,70,100,100,98,97,20.212,20.182,22.233,22.18,480.574,93036,0,0,400,11116,7,12,1,0,0,28,23,14,20,9,9,FALSE,0,FALSE
1058.4686,10.483,10.223,8.668,8.031,5.753,19,17,3,706768.1,70,70,70,70,100,100,97,96,20.203,20.174,22.224,22.171,527.027,93036,0,0,400,11034,7,12,1,0,0,28,23,14,20,9,9,FALSE,0,FALSE
1058.9656,10.489,10.229,8.668,8.031,5.739,19,17,3,699282.8,69,68,69,69,100,100,97,96,20.194,20.165,22.214,22.161,573.691,93036,0,0,366,10966,7,12,1,0,0,28,23,14,20,9,9,FALSE,0,FALSE
1059.4722,10.511,10.25,8.693,8.057,5.732,19,17,3,723432.4,73,73,75,74,100,99,97,96,20.188,20.16,22.209,22.157,617.988,93036,0,0,366,10966,7,12,1,0,0,28,23,14,20,9,9,FALSE,0,FALSE
1059.9717,10.538,10.276,8.724,8.088,5.731,19,17,3,756202.8,73,73,75,75,100,99,97,96,20.189,20.161,22.214,22.162,653,93036,0,0,367,10917,7,12,1,0,0,28,23,14,20,9,9,FALSE,0,FALSE
1060.468,10.574,10.305,8.75,8.113,5.73,19,17,3,783365.9,79,76,76,76,100,99,97,96,20.193,20.165,22.222,22.169,679.383,93036,0,0,367,10966,7,12,1,0,0,28,23,14,20,9,9,FALSE,0,FALSE
1060.9642,10.617,10.315,8.757,8.122,5.73,19,17,3,804358.4,83,72,73,72,100,100,97,97,20.201,20.169,22.229,22.177,698.859,93036,0,0,350,10966,7,12,1,0,0,28,23,14,20,9,9,FALSE,0,FALSE
1061.4713,10.625,10.321,8.763,8.127,5.73,19,17,3,821324.3,75,69,72,70,100,100,98,97,20.208,20.173,22.235,22.183,713.879,93036,0,0,350,11084,7,12,1,0,0,28,23,14,20,9,9,FALSE,0,FALSE
1061.9731,10.634,10.328,8.775,8.136,5.73,19,17,3,834031.8,74,69,74,71,100,100,98,97,20.213,20.176,22.242,22.189,724.867,93036,0,0,350,11084,7,12,1,0,0,28,23,14,20,9,9,FALSE,0,FALSE
1062.4717,10.64,10.333,8.788,8.146,5.73,19,17,3,841327,72,68,77,72,100,100,98,97,20.217,20.178,22.249,22.195,733.199,93036,0,0,350,11084,7,12,1,0,0,28,23,14,20,9,9,FALSE,0,FALSE
1062.9695,10.647,10.34,8.813,8.158,5.727,19,17,3,845862.7,72,70,85,74,101,100,98,97,20.221,20.181,22.258,22.201,746.512,93036,0,0,250,11084,7,12,1,0,0,28,23,14,20,9,9,FALSE,0,FALSE
1063.4696,10.658,10.349,8.83,8.169,5.724,19,17,3,850737.5,74,71,85,74,101,100,98,97,20.224,20.184,22.269,22.207,761.668,93036,0,0,250,11084,7,12,1,0,0,28,23,14,20,9,9,FALSE,0,FALSE
1063.9703,10.67,10.36,8.833,8.172,5.719,19,17,3,855338.94,75,72,78,71,101,100,98,97,20.229,20.188,22.277,22.213,772.672,93036,0,0,250,11400,7,12,1,0,0,28,23,14,20,9,9,FALSE,0,FALSE
1064.4669,10.682,10.378,8.834,8.173,5.711,19,17,3,858191.4,76,76,72,68,101,100,98,97,20.234,20.192,22.283,22.216,785.422,93036,0,0,250,11400,7,12,1,0,0,28,23,14,20,9,9,FALSE,0,FALSE
1064.9722,10.694,10.392,8.834,8.174,5.702,19,17,3,865100.94,75,75,69,68,101,100,98,97,20.238,20.197,22.286,22.219,800.797,93036,0,0,250,11400,7,12,1,0,0,28,23,14,20,9,9,FALSE,0,FALSE
1065.4694,10.709,10.408,8.841,8.182,5.693,19,17,3,865321.3,75,75,69,71,101,100,98,97,20.242,20.201,22.288,22.222,818.461,93036,0,0,467,11400,7,12,1,0,0,28,23,14,20,9,9,FALSE,0,FALSE
1065.9703,10.746,10.448,8.858,8.205,5.682,19,17,3,869604.8,83,85,72,77,101,100,98,97,20.246,20.207,22.29,22.226,838.82,93036,0,0,467,11400,7,12,1,0,0,28,23,14,20,9,9,FALSE,0,FALSE
1066.4689,10.794,10.505,8.873,8.223,5.672,19,17,3,876119.4,85,90,73,76,101,100,99,98,20.255,20.218,22.293,22.231,864.871,93036,0,0,250,11267,7,12,1,0,0,28,23,14,20,9,9,FALSE,0,FALSE
1066.9719,10.815,10.526,8.882,8.231,5.659,19,17,3,877759.44,77,80,71,72,101,101,99,98,20.26,20.225,22.295,22.234,887.289,93036,0,0,250,11267,7,12,1,0,0,28,23,14,20,9,9,FALSE,0,FALSE
1067.4731,10.834,10.545,8.886,8.234,5.646,19,17,3,877861.06,73,75,69,69,101,101,99,98,20.262,20.229,22.295,22.235,912.672,93036,0,0,200,11267,7,12,1,0,0,28,23,14,20,9,9,FALSE,0,FALSE
1067.9696,10.846,10.558,8.888,8.236,5.633,19,17,3,871430.56,73,71,68,69,101,101,99,98,20.263,20.23,22.294,22.234,940.926,93036,0,0,200,11267,7,12,1,0,0,28,23,14,20,9,9,FALSE,0,FALSE
1068.4674,10.868,10.577,8.898,8.244,5.62,19,17,3,869412.56,74,72,72,69,101,101,99,98,20.264,20.23,22.293,22.234,972.641,93036,0,0,150,11267,7,12,1,0,0,28,23,14,20,9,9,FALSE,0,FALSE
1068.9674,10.889,10.594,8.909,8.256,5.606,19,17,3,861332.3,74,72,72,70,101,101,99,98,20.265,20.23,22.293,22.233,1003.949,93036,0,0,150,11267,7,12,1,0,0,28,23,14,20,9,9,FALSE,0,FALSE
1069.4724,10.906,10.608,8.915,8.263,5.592,19,17,3,852719.8,71,70,70,69,101,101,99,98,20.264,20.229,22.291,22.231,1036.719,93036,0,0,117,11250,7,12,1,0,0,28,23,14,20,9,9,FALSE,0,FALSE
1069.972,10.916,10.617,8.916,8.264,5.579,19,17,3,844077.94,69,69,68,68,101,101,98,97,20.262,20.227,22.288,22.228,1071.18,93036,0,0,117,11233,7,12,1,0,0,28,23,14,20,9,9,FALSE,0,FALSE
1070.4697,10.924,10.624,8.916,8.264,5.566,19,17,3,840928.2,69,69,68,68,101,101,98,97,20.259,20.224,22.284,22.224,1107.039,93036,0,0,100,11233,7,12,1,0,0,28,23,14,20,9,9,FALSE,0,FALSE
1070.9703,10.931,10.632,8.916,8.264,5.552,19,17,3,832286.3,69,69,69,69,101,101,98,97,20.256,20.221,22.28,22.22,1144.129,93036,0,0,83,11216,7,12,1,0,0,28,23,14,20,9,9,FALSE,0,FALSE
1071.4705,10.941,10.646,8.921,8.268,5.538,19,17,3,823644.44,69,71,69,70,101,100,98,97,20.252,20.218,22.275,22.216,1182.391,93036,0,0,83,11216,7,12,1,0,0,28,23,14,20,9,9,FALSE,0,FALSE
1071.9703,10.951,10.654,8.922,8.27,5.524,19,17,3,815002.56,69,69,69,69,101,100,98,97,20.248,20.214,22.27,22.212,1221.711,93036,0,0,83,11183,7,12,1,0,0,28,23,14,20,9,9,FALSE,0,FALSE
1072.4677,10.96,10.661,8.924,8.272,5.511,19,17,3,806360.7,70,69,70,69,101,100,98,97,20.244,20.21,22.265,22.206,1261.984,93036,0,0,66,11150,7,12,1,0,0,28,23,14,20,9,9,FALSE,0,FALSE
1072.972,10.967,10.671,8.926,8.274,5.498,19,17,3,803271.94,70,70,70,69,101,100,98,97,20.239,20.206,22.259,22.201,1303.016,93036,0,0,67,11150,7,12,1,0,0,28,23,14,20,9,9,FALSE,0,FALSE
1073.4727,10.975,10.677,8.927,8.275,5.484,19,17,3,794630.06,70,69,70,69,101,100,98,97,20.234,20.201,22.252,22.195,1344.633,93036,0,0,67,11133,7,12,1,0,0,28,23,14,20,9,9,FALSE,0,FALSE
1073.9689,10.983,10.684,8.927,8.275,5.47,19,17,3,785988.2,70,70,70,69,101,100,98,97,20.229,20.196,22.246,22.188,1386.914,93036,0,0,50,11133,7,12,1,0,0,28,23,14,20,9,9,FALSE,0,FALSE
1074.4717,11,10.7,8.949,8.292,5.461,19,17,3,800902.9,73,73,76,74,101,100,98,97,20.224,20.192,22.241,22.184,1428.395,93036,0,0,50,11067,7,12,1,0,0,28,23,14,20,9,9,FALSE,0,FALSE
1074.9714,11.032,10.737,9.026,8.322,5.46,19,17,3,832534.4,74,78,92,75,101,100,98,97,20.226,20.193,22.247,22.189,1461.438,93036,0,0,34,11067,7,12,1,0,0,28,23,14,20,9,9,FALSE,0,FALSE
1075.469,11.048,10.751,9.037,8.333,5.459,19,17,3,859845.1,73,72,76,72,101,100,98,97,20.229,20.197,22.256,22.195,1487.133,93036,0,0,34,11100,7,12,1,0,0,28,23,14,20,9,9,FALSE,0,FALSE
1075.9716,11.064,10.762,9.056,8.35,5.459,19,17,3,883645.1,74,70,78,74,101,100,98,97,20.232,20.2,22.263,22.2,1507.633,93036,0,0,34,11100,7,12,1,0,0,28,23,14,20,9,9,FALSE,0,FALSE
1076.471,11.085,10.776,9.093,8.385,5.459,19,17,3,901843,77,71,85,82,101,100,98,97,20.237,20.203,22.272,22.208,1524.199,93036,0,0,0,11100,7,12,1,0,0,28,23,14,20,9,9,FALSE,0,FALSE
1076.9713,11.114,10.798,9.139,8.419,5.457,19,17,3,909696.94,82,75,93,85,101,100,98,97,20.245,20.207,22.284,22.218,1546.328,93036,0,0,0,11116,7,12,1,0,0,28,23,14,20,9,9,FALSE,0,FALSE
1077.4698,11.132,10.813,9.172,8.444,5.451,19,17,3,917117.7,79,74,91,82,101,100,99,97,20.251,20.211,22.296,22.227,1565.57,93036,0,0,0,11116,7,12,1,0,0,28,23,14,20,9,9,FALSE,0,FALSE
1077.9692,11.155,10.832,9.193,8.459,5.444,19,17,3,924745.8,80,75,85,77,101,100,99,98,20.258,20.215,22.306,22.234,1582.113,93036,0,0,0,11266,6,12,1,0,0,28,23,14,20,9,9,FALSE,0,FALSE
1078.4673,11.177,10.85,9.21,8.473,5.436,19,17,3,932567.4,80,75,80,74,101,101,99,98,20.263,20.219,22.313,22.239,1598.742,93036,0,0,700,11266,6,12,1,0,0,28,23,14,20,9,9,FALSE,0,FALSE
1078.9734,11.198,10.869,9.221,8.483,5.426,19,17,3,940490.25,79,75,76,72,101,101,99,98,20.268,20.222,22.318,22.243,1616.824,93036,0,0,700,11266,6,12,1,0,0,28,23,14,20,9,9,FALSE,0,FALSE
1079.471,11.222,10.892,9.227,8.49,5.415,19,17,3,949273.06,79,77,72,70,101,101,99,98,20.273,20.226,22.321,22.245,1638.164,93036,0,0,700,11266,6,12,1,0,0,28,23,14,20,9,9,FALSE,0,FALSE
1079.9725,11.254,10.921,9.228,8.49,5.402,19,17,3,945969.9,80,78,69,68,102,101,99,98,20.277,20.23,22.322,22.245,1661.602,93036,0,0,700,11266,6,12,1,0,0,28,23,14,20,9,9,FALSE,0,FALSE
1080.3717,11.265,10.932,9.228,8.491,5.392,19,17,3,946833.06,73,73,67,67,102,101,99,98,20.279,20.232,22.321,22.245,1682.281,93036,0,0,700,11266,6,12,1,0,0,28,23,14,20,9,9,FALSE,0,FALSE
1080.8749,11.278,10.947,9.232,8.494,5.378,19,17,3,940346.7,72,73,68,69,102,101,99,98,20.279,20.232,22.32,22.244,1710.469,93036,0,0,683,11266,6,12,1,0,0,28,23,14,20,9,9,FALSE,0,FALSE
1081.377,11.289,10.959,9.235,8.496,5.364,19,17,3,932608.9,71,72,68,69,102,101,99,98,20.279,20.233,22.318,22.243,1741.465,93036,0,0,683,11266,6,12,1,0,0,28,23,14,20,9,9,FALSE,0,FALSE
1081.8712,11.3,10.975,9.242,8.502,5.351,19,17,3,930205.9,71,73,69,70,102,101,99,98,20.278,20.233,22.316,22.242,1772.18,93036,0,0,683,11250,6,12,1,0,0,28,23,14,20,9,9,FALSE,0,FALSE
1082.3776,11.315,10.993,9.253,8.512,5.337,19,17,3,921276.4,72,74,71,72,102,101,99,98,20.276,20.233,22.313,22.24,1807.176,93036,29818,0,666,11250,6,12,1,0,0,28,23,14,20,9,9,FALSE,0,FALSE
1082.8743,11.332,11.015,9.266,8.525,5.326,19,17,3,921449.25,71,73,71,71,102,101,99,98,20.275,20.233,22.311,22.239,1841.793,93036,29818,0,666,11250,6,12,1,0,0,28,23,14,20,9,9,FALSE,0,FALSE
1083.3765,11.373,11.048,9.327,8.578,5.326,19,17,3,951907.4,80,76,88,82,102,101,99,98,20.277,20.234,22.314,22.242,1872.785,93036,29818,0,667,11250,6,12,1,0,0,28,23,14,20,9,9,FALSE,0,FALSE
1083.8726,11.42,11.082,9.419,8.655,5.326,19,17,3,967677.9,84,77,99,92,102,101,99,98,20.282,20.238,22.324,22.249,1899.672,93036,29818,0,667,11250,6,12,1,0,0,28,23,14,20,9,9,FALSE,0,FALSE
1084.3756,11.468,11.108,9.492,8.718,5.321,19,17,3,974498.7,84,75,98,89,102,101,99,98,20.29,20.239,22.334,22.256,1927.969,93036,29818,0,684,11284,6,12,1,0,0,28,23,14,20,9,9,FALSE,0,FALSE
1084.8706,11.509,11.141,9.548,8.759,5.312,19,17,3,980020.5,84,78,91,82,102,101,99,98,20.295,20.241,22.344,22.261,1954.297,93036,29818,0,684,11284,6,12,1,0,0,28,23,14,20,9,9,FALSE,0,FALSE
1085.375,11.552,11.177,9.566,8.775,5.299,19,17,3,976509.25,80,76,75,73,102,101,99,98,20.3,20.244,22.348,22.264,1980.211,93036,29818,0,700,11333,6,12,1,0,0,28,23,14,20,9,9,FALSE,0,FALSE
1085.8741,11.582,11.213,9.597,8.815,5.288,19,17,3,980503.94,78,80,76,82,102,101,99,98,20.302,20.246,22.348,22.265,2008.008,93036,29818,0,700,11400,6,12,1,0,0,28,23,14,20,9,9,FALSE,0,FALSE
1086.3757,11.627,11.266,9.651,8.885,5.276,19,17,3,985106.2,80,83,81,90,102,101,99,98,20.304,20.251,22.349,22.27,2037.652,93036,29818,0,716,11400,6,12,1,0,0,28,23,14,20,9,9,FALSE,0,FALSE
1086.8717,11.675,11.322,9.701,8.946,5.263,19,17,3,987789.6,81,85,81,87,102,101,100,98,20.306,20.255,22.351,22.275,2067.188,93036,29818,0,766,11400,6,12,1,0,0,28,23,14,20,9,9,FALSE,0,FALSE
1087.373,11.709,11.363,9.726,8.973,5.25,19,17,3,981093.3,75,78,74,76,102,101,100,98,20.308,20.259,22.35,22.277,2097.16,93036,29818,0,766,11466,6,12,1,0,0,28,23,14,20,9,9,FALSE,0,FALSE
1087.8711,11.724,11.382,9.734,8.981,5.237,19,17,3,978285.5,71,73,70,71,102,101,99,98,20.305,20.259,22.347,22.275,2129.086,93036,29818,0,816,11466,6,12,1,0,0,28,23,14,20,9,9,FALSE,0,FALSE
1088.3745,11.733,11.394,9.737,8.983,5.223,19,17,3,969643.6,71,73,70,70,102,101,99,98,20.302,20.257,22.342,22.271,2162.508,93036,29818,0,816,11466,6,12,1,0,0,28,23,14,20,9,9,FALSE,0,FALSE
1088.8754,11.751,11.414,9.759,9.004,5.216,19,17,3,987245.25,73,74,76,76,102,101,99,98,20.3,20.256,22.341,22.269,2194.895,93036,29818,0,817,11500,6,12,1,0,0,28,23,14,20,9,9,FALSE,0,FALSE
1089.3715,11.763,11.426,9.768,9.013,5.216,19,17,3,1014261.1,71,71,73,72,102,101,99,98,20.301,20.257,22.344,22.273,2220.07,93036,29818,0,817,11500,6,12,1,0,0,28,23,14,20,9,9,FALSE,0,FALSE
1089.8762,11.777,11.436,9.782,9.028,5.216,19,17,3,1038085.5,73,70,76,74,102,101,99,98,20.302,20.258,22.348,22.277,2240.949,93036,29818,0,817,11500,6,12,1,0,0,28,23,14,20,9,9,FALSE,0,FALSE
1090.3752,11.798,11.452,9.816,9.054,5.216,19,17,3,1055434.4,78,73,85,79,102,101,100,98,20.306,20.26,22.354,22.282,2255.969,93036,29818,0,833,11566,6,12,1,0,0,28,23,14,20,9,9,FALSE,0,FALSE
1090.8749,11.813,11.464,9.858,9.083,5.216,19,17,3,1068938.4,77,73,94,83,102,101,100,98,20.31,20.262,22.365,22.29,2268.809,93036,29818,0,833,11566,6,12,1,0,0,28,23,14,20,9,9,FALSE,0,FALSE
1091.3732,11.822,11.471,9.899,9.112,5.214,19,17,3,1076392.9,75,72,100,86,102,101,100,99,20.314,20.265,22.378,22.298,2284.406,93036,29818,0,833,11566,6,12,1,0,0,28,23,14,20,9,9,FALSE,0,FALSE
1091.8738,11.837,11.483,9.923,9.131,5.211,19,17,3,1082029.9,78,73,95,85,102,101,100,99,20.318,20.267,22.392,22.307,2298.223,93036,29818,0,833,11566,6,12,1,0,0,28,23,14,20,9,9,FALSE,0,FALSE
1092.3767,11.856,11.498,9.933,9.139,5.206,19,17,3,1088320.9,80,75,86,78,102,101,100,99,20.323,20.27,22.402,22.314,2310.801,93036,29818,0,667,11483,6,12,1,0,0,28,23,14,20,9,9,FALSE,0,FALSE
1092.871,11.869,11.512,9.937,9.143,5.198,19,17,3,1094474.2,78,75,78,73,103,101,100,99,20.328,20.273,22.408,22.318,2323.316,93036,29818,0,667,11483,6,12,1,0,0,28,23,14,20,9,9,FALSE,0,FALSE
1093.3663,11.887,11.534,9.941,9.146,5.188,19,17,3,1100713.5,79,78,73,70,103,102,101,99,20.331,20.276,22.411,22.32,2338.531,93036,29818,0,667,11483,6,12,1,0,0,28,23,14,20,9,9,FALSE,0,FALSE
1093.8766,11.915,11.564,9.941,9.147,5.176,19,17,3,1105000.8,82,82,69,68,103,102,101,99,20.336,20.281,22.412,22.32,2357.34,93036,29818,0,683,11533,6,12,1,0,0,28,23,14,20,9,9,FALSE,0,FALSE
1094.367,11.938,11.587,9.942,9.148,5.164,19,17,3,1108155.5,78,77,68,67,103,102,101,99,20.34,20.286,22.411,22.319,2377.875,93036,29818,0,683,11533,6,12,1,0,0,28,23,14,20,9,9,FALSE,0,FALSE
1094.8759,11.953,11.604,9.942,9.148,5.15,19,17,3,1096638.5,75,74,67,68,103,102,100,99,20.342,20.288,22.409,22.318,2401.84,93036,29818,0,683,11483,6,12,1,0,0,28,23,14,20,9,9,FALSE,0,FALSE
1095.3726,11.966,11.618,9.942,9.148,5.138,19,17,3,1081465.9,72,71,67,68,103,102,100,99,20.342,20.288,22.407,22.316,2428.277,93036,29818,0,600,11483,6,12,1,0,0,28,23,14,20,9,9,FALSE,0,FALSE
1095.8666,11.976,11.628,9.942,9.148,5.124,19,17,3,1074597.4,71,70,67,68,103,102,100,99,20.341,20.287,22.404,22.314,2456.859,93036,29818,0,583,11483,6,12,1,0,0,28,23,14,20,9,9,FALSE,0,FALSE
1096.3713,11.985,11.637,9.942,9.148,5.111,19,17,3,1072132.8,70,70,68,68,103,102,100,99,20.339,20.286,22.401,22.312,2487.242,93036,29818,0,583,11467,6,12,1,0,0,28,23,14,20,9,9,FALSE,0,FALSE
1096.8739,11.993,11.645,9.942,9.148,5.098,19,17,3,1063693.6,70,70,68,68,103,102,100,99,20.337,20.283,22.397,22.308,2519.25,93036,29818,0,567,11467,6,12,1,0,0,28,23,14,20,9,9,FALSE,0,FALSE
1097.3741,12.003,11.657,9.945,9.15,5.084,19,17,3,1055049.9,70,71,68,69,103,102,100,99,20.334,20.281,22.393,22.305,2552.91,93036,29818,0,567,11433,6,12,1,0,0,28,23,14,20,9,9,FALSE,0,FALSE
1097.8732,12.023,11.683,9.967,9.172,5.071,19,17,3,1051776.6,73,76,73,75,103,102,100,99,20.331,20.28,22.389,22.302,2587.852,93036,29818,0,566,11433,6,12,1,0,0,28,23,14,20,9,9,FALSE,0,FALSE
1098.3717,12.055,11.723,10.003,9.209,5.057,19,17,3,1045487.56,75,78,75,78,103,102,100,99,20.33,20.28,22.386,22.301,2622.918,93036,29818,0,567,11434,6,12,1,0,0,28,23,14,20,9,9,FALSE,0,FALSE
1098.8724,12.078,11.753,10.029,9.235,5.055,19,17,3,1075294.1,73,75,75,76,103,102,100,99,20.329,20.281,22.386,22.302,2657.562,93036,29818,0,567,11434,6,12,1,0,0,28,23,14,20,9,9,FALSE,0,FALSE
1099.3734,12.097,11.776,10.051,9.255,5.054,19,17,3,1102034,73,76,75,77,103,102,100,99,20.33,20.284,22.389,22.306,2684.582,93036,29818,0,583,11450,6,12,1,0,0,28,23,14,20,9,9,FALSE,0,FALSE
1099.873,12.109,11.791,10.063,9.267,5.053,19,17,3,1125695.9,71,74,74,75,103,102,100,99,20.332,20.287,22.392,22.311,2704.828,93036,29818,0,583,11450,6,12,1,0,0,28,23,14,20,9,9,FALSE,0,FALSE
1100.3745,12.123,11.809,10.081,9.289,5.053,19,17,3,1144619.2,72,76,76,80,103,102,100,99,20.333,20.291,22.396,22.317,2721.438,93036,29818,0,583,11450,6,12,1,0,0,28,23,14,20,9,9,FALSE,0,FALSE
1100.8762,12.135,11.824,10.098,9.31,5.053,19,17,3,1160118.5,72,76,77,83,103,102,100,99,20.336,20.296,22.401,22.325,2734.836,93036,29818,0,583,11483,6,12,1,0,0,28,23,14,20,9,9,FALSE,0,FALSE
1101.372,12.142,11.833,10.113,9.335,5.053,19,17,3,1169281.4,72,75,78,87,103,102,100,99,20.338,20.299,22.406,22.333,2745.531,93036,29818,0,566,11483,6,12,1,0,0,28,23,14,20,9,9,FALSE,0,FALSE
1101.8743,12.15,11.842,10.131,9.36,5.051,19,17,3,1174322,72,75,80,90,103,102,101,99,20.34,20.303,22.412,22.344,2763.508,93036,29818,0,566,11483,6,12,1,0,0,28,23,14,20,9,9,FALSE,0,FALSE
1102.3743,12.162,11.857,10.139,9.37,5.047,19,17,3,1179756.1,73,78,76,84,103,102,101,100,20.342,20.307,22.417,22.353,2773.43,93036,29818,0,566,11534,6,12,1,0,0,28,23,14,20,9,9,FALSE,0,FALSE
1102.8752,12.172,11.866,10.14,9.371,5.04,19,17,3,1183650.5,74,75,72,76,103,102,101,100,20.344,20.311,22.42,22.359,2785.301,93036,29818,0,566,11534,6,12,1,0,0,28,23,14,20,9,9,FALSE,0,FALSE
1103.37,12.19,11.883,10.141,9.372,5.031,19,17,3,1187060.1,77,77,68,72,103,102,101,100,20.346,20.315,22.42,22.362,2800.027,93036,29818,0,550,11534,6,12,1,0,0,28,23,14,20,9,9,FALSE,0,FALSE
1103.8745,12.216,11.908,10.141,9.372,5.019,19,17,3,1191886.8,80,80,67,68,103,102,101,100,20.35,20.319,22.42,22.363,2817.375,93036,29818,0,550,11534,6,12,1,0,0,28,23,14,20,9,9,FALSE,0,FALSE
1104.3649,12.242,11.932,10.141,9.372,5.008,19,17,3,1195993.1,78,77,67,67,103,102,101,100,20.355,20.324,22.418,22.362,2837.531,93036,29818,0,550,11534,6,12,1,0,0,28,23,14,20,9,9,FALSE,0,FALSE
1104.8752,12.263,11.952,10.141,9.372,4.994,19,17,3,1191742.4,75,75,67,67,103,102,101,100,20.358,20.327,22.417,22.361,2860.527,93036,29818,0,550,11567,6,12,1,0,0,28,23,14,20,9,9,FALSE,0,FALSE
1105.3689,12.277,11.966,10.141,9.372,4.981,19,17,3,1191559.4,72,72,67,67,103,103,101,100,20.358,20.328,22.414,22.359,2886.195,93036,29818,0,550,11567,6,12,1,0,0,28,23,14,20,9,9,FALSE,0,FALSE
1105.8749,12.288,11.977,10.141,9.372,4.968,19,17,3,1184939.5,71,70,68,68,103,102,101,100,20.357,20.327,22.412,22.357,2914.277,93036,29818,0,484,11534,6,12,1,0,0,28,23,14,20,9,9,FALSE,0,FALSE
1106.3752,12.298,11.987,10.141,9.372,4.955,19,17,3,1182696.6,70,70,68,68,103,102,100,100,20.356,20.325,22.409,22.354,2944.559,93036,29818,0,484,11500,6,12,1,0,0,28,23,14,20,9,9,FALSE,0,FALSE
1106.8702,12.307,11.996,10.141,9.372,4.941,19,17,3,1174257.5,70,69,68,68,103,102,100,100,20.353,20.323,22.405,22.351,2976.715,93036,29818,0,467,11500,6,12,1,0,0,28,23,14,20,9,9,FALSE,0,FALSE
1107.3691,12.316,12.004,10.141,9.372,4.927,19,17,3,1165613.8,70,69,69,69,103,102,100,99,20.35,20.321,22.401,22.348,3010.645,93036,29818,0,467,11500,6,12,1,0,0,28,23,14,20,9,9,FALSE,0,FALSE
1107.8745,12.323,12.012,10.141,9.372,4.915,19,17,3,1162315,69,69,69,69,103,102,100,99,20.347,20.318,22.397,22.344,3046.043,93036,29818,0,467,11500,6,12,1,0,0,28,23,14,20,9,9,FALSE,0,FALSE
1108.3685,12.33,12.019,10.141,9.372,4.901,19,17,3,1153671.2,69,69,69,69,103,102,100,99,20.343,20.314,22.392,22.339,3082.742,93036,29818,0,467,11467,6,12,1,0,0,28,23,14,20,9,9,FALSE,0,FALSE
1108.8698,12.337,12.026,10.141,9.372,4.887,19,17,3,1145027.5,71,70,70,70,103,102,100,99,20.339,20.31,22.387,22.334,3120.703,93036,29818,0,483,11450,6,12,1,0,0,28,23,14,20,9,9,FALSE,0,FALSE
1109.3705,12.344,12.033,10.141,9.372,4.873,19,17,3,1136383.8,70,69,70,69,103,102,100,99,20.335,20.306,22.381,22.329,3159.809,93036,29818,0,483,11450,6,12,1,0,0,28,23,14,20,9,9,FALSE,0,FALSE
1109.8717,12.351,12.04,10.141,9.372,4.861,19,17,3,1133098,70,69,70,69,103,102,100,99,20.33,20.301,22.375,22.323,3199.879,93036,29818,0,483,11433,6,12,1,0,0,28,23,14,20,9,9,FALSE,0,FALSE
1110.3727,12.358,12.046,10.141,9.372,4.847,19,17,3,1124454.2,70,69,70,69,102,102,100,99,20.324,20.296,22.368,22.317,3240.723,93036,29818,0,483,11400,6,12,1,0,0,28,23,14,20,9,9,FALSE,0,FALSE
1110.8737,12.365,12.052,10.141,9.372,4.833,19,17,3,1115810.5,70,69,70,69,102,102,100,99,20.319,20.291,22.361,22.31,3282.352,93036,29818,0,483,11400,6,12,1,0,0,28,23,14,20,9,9,FALSE,0,FALSE
1111.3632,12.371,12.058,10.141,9.372,4.819,19,17,3,1107166.8,70,69,69,70,102,102,100,99,20.313,20.285,22.354,22.303,3324.711,93036,29818,0,500,11383,6,12,1,0,0,28,23,14,20,9,9,FALSE,0,FALSE
1111.8682,12.389,12.076,10.166,9.396,4.812,19,17,3,1127035.1,73,73,75,75,102,102,99,99,20.309,20.281,22.35,22.3,3365.508,93036,29818,0,500,11350,6,12,1,0,0,28,23,14,20,9,9,FALSE,0,FALSE
1112.3721,12.409,12.104,10.188,9.424,4.811,19,17,3,1157318.1,71,73,73,74,102,102,100,99,20.31,20.282,22.354,22.305,3397.648,93036,29818,0,483,11350,6,12,1,0,0,28,23,14,20,9,9,FALSE,0,FALSE
1112.8715,12.422,12.122,10.208,9.445,4.81,19,17,3,1183512.2,71,75,75,77,102,102,100,99,20.311,20.285,22.359,22.31,3423.637,93036,29818,0,483,11417,6,12,1,0,0,28,23,14,20,9,9,FALSE,0,FALSE
1113.3746,12.442,12.151,10.237,9.48,4.81,19,17,3,1198831,73,78,77,82,102,102,100,99,20.312,20.289,22.364,22.317,3445.734,93036,29818,0,567,11417,6,12,1,0,0,28,23,14,20,9,9,FALSE,0,FALSE
1113.8735,12.457,12.177,10.269,9.513,4.81,19,17,3,1209099.8,72,80,81,83,102,102,100,99,20.314,20.294,22.37,22.325,3469.203,93036,29818,0,567,11417,6,12,1,0,0,28,23,14,20,9,9,FALSE,0,FALSE
1114.3629,12.49,12.211,10.305,9.576,4.806,19,17,3,1216548.6,80,84,83,95,102,102,100,99,20.317,20.3,22.376,22.336,3493.906,93036,29818,0,617,11500,6,12,1,0,0,28,23,14,20,9,9,FALSE,0,FALSE
1114.8724,12.515,12.24,10.328,9.605,4.797,19,17,3,1222959,79,82,78,86,102,102,100,99,20.321,20.306,22.382,22.346,3515.07,93036,29818,0,617,11500,6,12,1,0,0,28,23,14,20,9,9,FALSE,0,FALSE
1115.3712,12.543,12.273,10.347,9.627,4.786,19,17,3,1229152.4,78,82,76,81,102,102,100,100,20.325,20.312,22.385,22.352,3537.082,93036,29818,0,617,11517,6,12,1,0,0,28,23,14,20,9,9,FALSE,0,FALSE
1115.8732,12.573,12.308,10.369,9.65,4.773,19,17,3,1235191.5,78,82,76,79,103,102,100,100,20.328,20.317,22.387,22.357,3560.625,93036,29818,0,617,11517,6,12,1,0,0,28,23,14,20,9,9,FALSE,0,FALSE
1116.3739,12.601,12.34,10.386,9.668,4.761,19,17,3,1237670.5,76,80,74,77,103,102,100,100,20.33,20.322,22.389,22.359,3585.906,93036,29818,0,617,11566,6,12,1,0,0,28,23,14,20,9,9,FALSE,0,FALSE
1116.8745,12.633,12.378,10.412,9.695,4.747,19,17,3,1231366.4,78,82,76,79,103,102,100,100,20.332,20.326,22.39,22.362,3613.152,93036,29818,0,616,11566,6,12,1,0,0,28,23,14,20,9,9,FALSE,0,FALSE
1117.369,12.665,12.415,10.434,9.718,4.733,19,17,3,1224263.2,75,79,74,76,103,103,100,100,20.333,20.329,22.39,22.363,3642.316,93036,29818,0,583,11566,6,12,1,0,0,28,23,14,20,9,9,FALSE,0,FALSE
1117.8679,12.69,12.447,10.456,9.739,4.721,19,17,3,1221937,74,79,75,76,103,103,100,100,20.333,20.331,22.39,22.364,3673.605,93036,29818,0,583,11566,6,12,1,0,0,28,23,14,20,9,9,FALSE,0,FALSE
1118.3712,12.709,12.469,10.467,9.749,4.707,19,17,3,1213508.1,71,74,71,70,103,103,100,100,20.332,20.332,22.388,22.362,3706.398,93036,29818,0,584,11584,6,12,1,0,0,28,23,14,20,9,9,FALSE,0,FALSE
1118.871,12.733,12.49,10.483,9.767,4.693,19,17,3,1204864.4,76,74,74,72,103,103,100,100,20.33,20.331,22.386,22.359,3739.996,93036,29818,0,584,11584,6,12,1,0,0,28,23,14,20,9,9,FALSE,0,FALSE
1119.3748,12.773,12.522,10.525,9.806,4.679,19,17,3,1196220.6,81,77,82,78,103,103,100,100,20.33,20.329,22.385,22.357,3773.922,93036,29818,0,600,11584,6,12,1,0,0,28,23,14,20,9,9,FALSE,0,FALSE
1119.8724,12.825,12.565,10.576,9.855,4.666,19,17,3,1192968.9,81,77,82,79,103,103,100,100,20.332,20.329,22.386,22.357,3809.508,93036,29818,0,600,11600,6,12,1,0,0,28,23,14,20,9,9,FALSE,0,FALSE
1120.3729,12.879,12.61,10.637,9.912,4.653,19,17,3,1184325.1,82,78,85,81,103,103,100,100,20.333,20.328,22.386,22.356,3846.441,93036,29818,0,600,11600,6,12,1,0,0,28,23,14,20,9,9,FALSE,0,FALSE
1120.8743,12.957,12.675,10.739,10.002,4.639,19,17,3,1175681.4,87,82,92,86,103,103,100,100,20.336,20.329,22.388,22.356,3883.59,93036,29818,0,600,11617,6,12,1,0,0,28,23,14,20,9,9,FALSE,0,FALSE
1121.3733,13.027,12.734,10.825,10.079,4.626,19,17,3,1167037.6,84,79,88,83,103,103,100,100,20.338,20.329,22.391,22.357,3920.379,93036,29818,0,600,11617,6,12,1,0,0,28,23,14,20,9,9,FALSE,0,FALSE
1121.8723,13.09,12.786,10.894,10.142,4.612,19,17,3,1158393.9,83,78,84,80,103,103,100,100,20.339,20.328,22.391,22.355,3956.289,93036,29818,0,600,11600,6,12,1,0,0,28,23,14,20,9,9,FALSE,0,FALSE
1122.3734,13.125,12.814,10.919,10.167,4.598,19,17,3,1149750.1,74,72,73,71,103,102,100,100,20.338,20.325,22.388,22.351,3992.828,93036,29818,0,600,11616,6,12,1,0,0,28,23,14,20,9,9,FALSE,0,FALSE
1122.8748,13.135,12.822,10.923,10.171,4.587,19,17,3,1154666.1,71,70,71,70,103,102,100,99,20.333,20.32,22.382,22.344,4030.18,93036,29818,40196,600,11600,6,12,1,0,0,28,23,14,20,9,9,FALSE,0,FALSE
1123.3716,13.157,12.839,10.943,10.191,4.585,19,17,3,1185856.8,74,71,75,73,103,102,100,99,20.331,20.317,22.381,22.343,4062.246,93036,29818,40196,600,11600,6,12,1,0,0,28,23,14,20,9,9,FALSE,0,FALSE
1123.8699,13.187,12.861,10.979,10.224,4.585,19,17,3,1214904.4,78,73,82,78,103,102,100,99,20.333,20.317,22.384,22.346,4088.656,93036,29818,40196,617,11633,6,12,1,0,0,28,23,14,20,9,9,FALSE,0,FALSE
1124.3625,13.229,12.893,11.043,10.275,4.585,19,17,3,1239068.6,84,78,94,86,103,102,100,100,20.338,20.319,22.392,22.352,4110.953,93036,29818,40196,617,11633,6,12,1,0,0,28,23,14,20,9,9,FALSE,0,FALSE
1124.8721,13.259,12.916,11.113,10.328,4.583,19,17,3,1254828.1,81,76,102,90,103,102,100,100,20.344,20.323,22.405,22.36,4130.262,93036,29818,40196,617,11633,6,12,1,0,0,28,23,14,20,9,9,FALSE,0,FALSE
1125.3746,13.296,12.95,11.164,10.363,4.574,19,17,3,1260675.1,87,84,98,86,103,102,101,100,20.349,20.326,22.418,22.368,4151.457,93036,29818,40196,516,11633,6,12,1,0,0,28,23,14,20,9,9,FALSE,0,FALSE
1125.8693,13.372,13.016,11.197,10.388,4.567,19,17,3,1267569.4,101,94,91,81,103,103,101,100,20.361,20.335,22.427,22.374,4172.039,93036,29818,40196,516,11566,6,12,1,0,0,28,23,14,20,9,9,FALSE,0,FALSE
1126.3716,13.442,13.076,11.213,10.4,4.559,19,17,3,1274333.9,97,92,80,74,103,103,101,100,20.375,20.347,22.434,22.377,4191.539,93036,29818,40196,516,11566,6,12,1,0,0,28,23,14,20,9,9,FALSE,0,FALSE
1126.8738,13.457,13.091,11.223,10.411,4.548,19,17,3,1280373.4,81,78,76,73,104,103,101,100,20.381,20.351,22.435,22.377,4212.289,93036,29818,40196,567,11566,6,12,1,0,0,28,23,14,20,9,9,FALSE,0,FALSE
1127.3693,13.48,13.113,11.23,10.416,4.537,19,17,3,1289195.2,76,76,72,69,104,103,101,100,20.384,20.353,22.436,22.377,4235.402,93036,29818,40196,567,11650,6,12,1,0,0,28,23,14,20,9,9,FALSE,0,FALSE
1127.873,13.496,13.128,11.23,10.416,4.524,19,17,3,1284356.5,73,73,70,68,104,103,101,100,20.384,20.353,22.434,22.374,4260.828,93036,29818,40196,650,11650,6,12,1,0,0,28,23,14,20,9,9,FALSE,0,FALSE
1128.3735,13.51,13.144,11.23,10.417,4.51,19,17,3,1277955.4,73,72,68,69,104,103,101,100,20.383,20.352,22.43,22.372,4288.508,93036,29818,40196,717,11817,6,12,1,0,0,28,23,14,20,9,9,FALSE,0,FALSE
1128.8741,13.52,13.155,11.23,10.417,4.497,19,17,3,1273295.4,71,71,68,69,103,103,101,100,20.381,20.35,22.427,22.369,4318.332,93036,29818,40196,717,11817,6,12,1,0,0,28,23,14,20,9,9,FALSE,0,FALSE
1129.3723,13.53,13.164,11.23,10.417,4.484,19,17,3,1267849,71,71,68,69,103,103,101,100,20.379,20.348,22.423,22.365,4349.738,93036,29818,40196,750,11850,6,12,1,0,0,28,23,14,20,9,9,FALSE,0,FALSE
1129.8716,13.538,13.173,11.23,10.417,4.47,19,17,3,1259215.1,71,70,68,68,103,103,101,100,20.375,20.344,22.418,22.361,4382.781,93036,29818,40196,750,11850,6,12,1,0,0,28,23,14,20,9,9,FALSE,0,FALSE
1130.3721,13.546,13.181,11.23,10.417,4.457,19,17,3,1255861.2,71,71,69,69,103,103,101,100,20.371,20.341,22.413,22.356,4417.281,93036,29818,40196,750,11884,6,12,1,0,0,28,23,14,20,9,9,FALSE,0,FALSE
1130.8752,13.553,13.188,11.23,10.417,4.444,19,17,3,1247217.5,71,70,69,69,103,103,100,100,20.367,20.337,22.407,22.35,4452.883,93036,29818,40196,784,11884,6,12,1,0,0,28,23,14,20,9,9,FALSE,0,FALSE
1131.3749,13.561,13.195,11.23,10.417,4.43,19,17,3,1238573.8,71,71,69,69,103,103,100,99,20.363,20.332,22.401,22.345,4489.613,93036,29818,40196,817,11900,6,12,1,0,0,28,23,14,20,9,9,FALSE,0,FALSE
1131.8729,13.568,13.202,11.23,10.417,4.416,19,17,3,1229930,71,71,69,69,103,103,100,99,20.358,20.328,22.395,22.339,4527.398,93036,29818,40196,817,11900,6,12,1,0,0,28,23,14,20,9,9,FALSE,0,FALSE
1132.3702,13.575,13.209,11.23,10.417,4.402,19,17,3,1221286.2,71,71,70,69,103,102,100,99,20.353,20.323,22.388,22.332,4566.137,93036,29818,40196,816,11917,6,12,1,0,0,28,23,14,20,9,9,FALSE,0,FALSE
1133.3716,13.588,13.222,11.23,10.417,4.376,19,17,3,1209417.9,72,72,71,71,103,102,100,99,20.342,20.312,22.373,22.318,4646.043,93036,29818,40196,850,11916,6,12,1,0,0,28,23,14,20,9,9,FALSE,0,FALSE
1133.8746,13.594,13.228,11.23,10.417,4.362,19,17,3,1200774.1,72,72,70,70,103,102,100,99,20.336,20.307,22.366,22.311,4686.84,93036,29818,40196,850,11917,7,12,1,0,0,28,23,14,20,9,9,FALSE,0,FALSE
1134.3601,13.6,13.236,11.231,10.417,4.348,19,17,3,1192130.4,72,72,70,70,103,102,100,99,20.33,20.301,22.358,22.304,4728.152,93036,29818,40196,0,11917,7,12,1,0,0,28,23,14,20,9,9,FALSE,0,FALSE
1134.8694,13.606,13.243,11.231,10.417,4.335,19,17,3,1183486.6,72,72,70,70,102,102,99,99,20.324,20.296,22.35,22.296,4769.895,93036,29818,40196,17,11900,7,12,1,0,0,28,23,14,20,9,9,FALSE,0,FALSE
1135.8745,13.642,13.277,11.278,10.452,4.325,19,17,3,1229362.6,71,71,73,72,102,102,99,99,20.318,20.29,22.348,22.294,4843.254,93036,29818,40196,34,11916,7,12,1,0,0,28,23,14,20,9,9,FALSE,0,FALSE
1136.3732,13.65,13.286,11.282,10.456,4.324,19,17,3,1255819.5,69,69,70,70,102,102,100,99,20.318,20.29,22.351,22.297,4869.73,93036,29818,40196,83,11916,7,12,1,0,0,28,23,14,20,9,9,FALSE,0,FALSE
1136.8727,13.654,13.289,11.286,10.461,4.324,19,17,3,1279793.2,69,67,70,69,102,102,100,99,20.318,20.29,22.353,22.3,4892.199,93036,29818,40196,83,12100,7,12,1,0,0,28,23,14,20,9,9,FALSE,0,FALSE
1137.3724,13.669,13.299,11.311,10.481,4.324,19,17,3,1294418.2,73,70,79,74,102,102,100,99,20.319,20.29,22.358,22.303,4911.715,93036,29818,40196,233,12100,7,12,1,0,0,28,23,14,20,9,9,FALSE,0,FALSE
1137.874,13.694,13.316,11.351,10.511,4.324,19,17,3,1303701.9,78,72,87,79,102,102,100,99,20.323,20.291,22.365,22.308,4928.355,93036,29818,40196,233,12200,7,12,1,0,0,28,23,14,20,9,9,FALSE,0,FALSE
1138.3723,13.711,13.331,11.409,10.546,4.321,19,17,3,1310395.8,77,74,98,83,102,102,100,99,20.326,20.293,22.376,22.315,4952.859,93036,29818,40196,233,12200,7,12,1,0,0,28,23,14,20,9,9,FALSE,0,FALSE
1138.8722,13.737,13.352,11.437,10.568,4.315,19,17,3,1316812.6,81,76,89,79,103,102,100,99,20.33,20.296,22.388,22.322,4969.719,93036,29818,40196,233,12200,7,12,1,0,0,28,23,14,20,9,9,FALSE,0,FALSE
1139.3623,13.76,13.372,11.448,10.577,4.306,19,17,3,1322000.4,79,75,79,73,103,102,100,99,20.335,20.299,22.394,22.326,4987.852,93036,29818,40196,333,12200,7,12,1,0,0,28,23,14,20,9,9,FALSE,0,FALSE
1139.8708,13.775,13.386,11.456,10.584,4.295,19,17,3,1324561.9,76,74,74,71,103,102,100,99,20.338,20.3,22.397,22.327,5008.035,93036,29818,40196,333,12183,7,12,1,0,0,28,23,14,20,9,9,FALSE,0,FALSE
1140.3735,13.798,13.408,11.463,10.592,4.282,19,17,3,1323698.6,77,76,72,69,103,102,100,99,20.34,20.302,22.398,22.327,5030.07,93036,29818,40196,183,12183,7,12,1,0,0,28,23,14,20,9,9,FALSE,0,FALSE
1141.3683,13.83,13.438,11.468,10.597,4.255,19,17,3,1317421,72,71,69,68,103,102,100,99,20.341,20.303,22.396,22.325,5082.383,93036,29818,40196,150,12200,7,12,1,0,0,28,23,14,20,9,9,FALSE,0,FALSE
1141.8689,13.84,13.447,11.468,10.598,4.242,19,17,3,1309934.2,71,70,68,68,103,102,100,99,20.34,20.301,22.394,22.322,5112.402,93036,29818,40196,150,12216,7,12,1,0,0,28,23,14,20,9,9,FALSE,0,FALSE
1142.368,13.849,13.456,11.468,10.598,4.229,19,17,3,1307084.9,71,70,68,69,103,102,100,99,20.338,20.299,22.39,22.32,5144.16,93036,29818,40196,150,12216,7,12,1,0,0,28,23,14,20,9,9,FALSE,0,FALSE
1142.8662,13.857,13.464,11.468,10.598,4.215,19,17,3,1298441.1,71,70,69,68,103,102,100,99,20.335,20.296,22.386,22.317,5177.637,93036,29818,40196,150,12217,7,12,1,0,0,28,23,14,20,9,9,FALSE,0,FALSE
1143.3704,13.865,13.471,11.468,10.598,4.202,19,17,3,1295195,71,70,69,69,103,102,100,99,20.332,20.294,22.382,22.313,5212.672,93036,29818,40196,150,12217,7,12,1,0,0,28,23,14,20,9,9,FALSE,0,FALSE
1143.8726,13.872,13.479,11.468,10.598,4.189,19,17,3,1286551.2,71,71,69,69,103,102,100,99,20.329,20.29,22.378,22.308,5248.91,93036,29818,40196,133,12217,7,12,1,0,0,28,23,14,20,9,9,FALSE,0,FALSE
1144.3652,13.879,13.486,11.468,10.598,4.175,19,17,3,1277907.5,70,70,69,69,102,102,100,99,20.325,20.287,22.372,22.304,5286.34,93036,29818,40196,133,12217,7,12,1,0,0,28,23,14,20,9,9,FALSE,0,FALSE
1144.8695,13.886,13.493,11.468,10.598,4.161,19,17,3,1269263.8,70,70,69,69,102,102,100,99,20.321,20.283,22.367,22.298,5324.859,93036,29818,40196,150,12217,7,12,1,0,0,28,23,14,20,9,9,FALSE,0,FALSE
1145.365,13.893,13.499,11.468,10.598,4.147,19,17,3,1260620,69,69,69,69,102,102,100,99,20.316,20.278,22.361,22.293,5364.453,93036,29818,40196,133,12217,7,12,1,0,0,28,23,14,20,9,9,FALSE,0,FALSE
1145.8688,13.899,13.506,11.468,10.598,4.134,19,17,3,1257337.2,69,69,69,69,102,101,100,98,20.31,20.272,22.354,22.286,5404.895,93036,29818,40196,117,12217,7,12,1,0,0,28,23,14,20,9,9,FALSE,0,FALSE
1146.3668,13.905,13.512,11.468,10.598,4.121,19,17,4,1248693.5,69,69,69,69,102,101,99,98,20.304,20.267,22.347,22.28,37.422,93387,0,0,117,12217,7,13,1,0,0,28,23,14,20,9,9,FALSE,0,FALSE
1146.8654,13.912,13.518,11.468,10.598,4.107,19,17,4,1240049.8,70,69,70,69,102,101,99,98,20.298,20.261,22.34,22.273,79.656,93387,0,0,100,12133,7,13,1,0,0,28,23,14,20,9,9,FALSE,0,FALSE
1147.3708,13.926,13.535,11.478,10.607,4.093,19,17,4,1231406,71,73,71,72,102,101,99,98,20.291,20.255,22.332,22.266,122.586,93387,0,0,100,12133,7,13,1,0,0,28,23,14,20,9,9,FALSE,0,FALSE
1147.8661,13.942,13.548,11.486,10.616,4.079,19,17,4,1222762.2,73,71,72,71,102,101,99,98,20.285,20.249,22.325,22.259,166.023,93387,0,0,67,12133,7,13,1,0,0,28,23,14,20,9,9,FALSE,0,FALSE
1148.3678,13.95,13.557,11.488,10.618,4.065,19,17,4,1214118.5,70,71,70,70,102,101,99,98,20.279,20.243,22.317,22.252,209.863,93387,0,0,67,12067,7,13,1,0,0,28,23,14,20,9,9,FALSE,0,FALSE
1148.868,13.956,13.563,11.488,10.618,4.052,19,17,4,1205474.8,71,70,70,70,101,101,99,98,20.272,20.236,22.309,22.244,254.086,93387,0,0,67,12067,7,13,1,0,0,28,23,14,20,9,9,FALSE,0,FALSE
1149.3701,13.963,13.569,11.488,10.618,4.038,19,17,4,1196831,70,70,70,70,101,101,99,98,20.264,20.229,22.3,22.235,298.613,93387,0,0,50,12034,7,13,1,0,0,28,23,14,20,9,9,FALSE,0,FALSE
1149.8711,13.969,13.575,11.488,10.618,4.024,19,17,4,1188187.2,70,70,71,70,101,101,99,97,20.257,20.221,22.292,22.227,343.453,93387,0,0,50,12034,7,13,1,0,0,28,23,14,20,9,9,FALSE,0,FALSE
1150.3715,13.975,13.581,11.488,10.618,4.01,19,17,4,1179595.4,71,71,71,71,101,100,98,97,20.249,20.214,22.282,22.218,388.523,93387,0,0,50,11966,7,13,1,0,0,28,23,14,20,9,9,FALSE,0,FALSE
1150.8685,13.981,13.587,11.488,10.618,3.996,19,17,4,1171126.5,71,70,71,70,101,100,98,97,20.241,20.206,22.273,22.209,433.77,93387,0,0,33,11933,7,13,1,0,0,28,23,14,20,9,9,FALSE,0,FALSE
1151.3702,13.988,13.593,11.488,10.618,3.983,19,17,4,1162785.1,70,70,71,70,101,100,98,97,20.232,20.198,22.264,22.2,479.207,93387,0,0,33,11933,7,13,1,0,0,28,23,14,20,9,9,FALSE,0,FALSE
1151.8698,13.994,13.599,11.488,10.618,3.969,19,17,4,1154569.2,71,70,71,70,101,100,98,97,20.223,20.189,22.254,22.191,524.828,93387,0,0,33,11850,7,13,1,0,0,28,23,14,20,9,9,FALSE,0,FALSE
1152.3678,13.999,13.605,11.488,10.618,3.955,19,17,4,1146462.4,69,69,69,69,100,100,98,97,20.215,20.18,22.244,22.181,570.594,93387,0,0,17,11817,7,13,1,0,0,28,23,14,20,9,9,FALSE,0,FALSE
1152.8699,14.021,13.625,11.515,10.645,3.949,19,17,4,1171882.6,73,73,76,75,100,100,98,97,20.209,20.175,22.24,22.178,613.559,93387,0,0,17,11817,7,13,1,0,0,28,23,14,20,9,9,FALSE,0,FALSE
1153.3688,14.047,13.65,11.542,10.674,3.948,19,17,4,1203613.6,73,73,75,75,100,100,98,97,20.209,20.176,22.245,22.183,647.062,93387,0,0,17,11784,7,13,1,0,0,28,23,14,20,9,9,FALSE,0,FALSE
1153.8691,14.06,13.663,11.55,10.682,3.947,19,17,4,1229994.8,70,70,71,71,100,100,98,97,20.212,20.179,22.251,22.189,672.742,93387,0,0,17,11883,7,13,1,0,0,28,23,14,20,9,9,FALSE,0,FALSE
1154.3553,14.069,13.672,11.556,10.687,3.946,19,17,4,1251222.1,70,70,70,70,100,100,98,97,20.214,20.181,22.256,22.194,692.234,93387,0,0,17,11883,7,13,1,0,0,28,23,14,20,9,9,FALSE,0,FALSE
1154.8643,14.074,13.677,11.558,10.69,3.946,19,17,4,1269129.6,69,68,69,69,100,100,98,97,20.216,20.184,22.261,22.199,708.016,93387,0,0,66,11883,7,13,1,0,0,28,23,14,20,9,9,FALSE,0,FALSE
1155.3678,14.079,13.679,11.566,10.697,3.946,19,17,4,1280257.4,69,67,72,69,100,100,98,97,20.218,20.185,22.266,22.204,720.109,93387,0,0,66,12084,7,13,1,0,0,28,23,14,20,9,9,FALSE,0,FALSE
1155.8718,14.088,13.686,11.589,10.714,3.946,19,17,4,1289368,71,68,80,74,101,100,98,97,20.22,20.187,22.272,22.209,729.508,93387,0,0,66,12084,7,13,1,0,0,28,23,14,20,9,9,FALSE,0,FALSE
1156.3691,14.095,13.692,11.61,10.727,3.946,19,17,4,1295755.8,71,69,84,75,101,100,98,97,20.223,20.189,22.281,22.216,738.82,93387,0,0,66,12084,7,13,1,0,0,28,23,14,20,9,9,FALSE,0,FALSE
1156.8718,14.101,13.7,11.627,10.733,3.944,19,17,4,1299995.9,70,71,86,73,101,100,99,97,20.226,20.191,22.292,22.222,756.062,93387,0,0,150,12084,7,13,1,0,0,28,23,14,20,9,9,FALSE,0,FALSE
1157.3715,14.119,13.715,11.634,10.74,3.939,19,17,4,1304930.4,78,75,81,72,101,100,99,97,20.23,20.195,22.301,22.227,767.812,93387,0,0,150,12084,7,13,1,0,0,28,23,14,20,9,9,FALSE,0,FALSE
1157.8722,14.13,13.727,11.635,10.74,3.933,19,17,4,1308407.2,76,75,75,69,101,100,99,98,20.235,20.199,22.307,22.231,779,93387,0,0,150,12400,7,13,1,0,0,28,23,14,20,9,9,FALSE,0,FALSE
1159.3712,14.167,13.769,11.645,10.752,3.907,19,17,4,1320954.2,74,74,69,71,101,100,99,98,20.246,20.211,22.314,22.238,826.211,93387,0,0,416,12284,7,13,1,0,0,28,23,14,20,9,9,FALSE,0,FALSE
1159.8667,14.194,13.799,11.657,10.766,3.896,19,17,4,1324120.2,77,80,71,74,101,100,99,98,20.25,20.216,22.315,22.241,847.844,93387,0,0,416,12284,7,13,1,0,0,28,23,14,20,9,9,FALSE,0,FALSE
1160.3728,14.219,13.827,11.674,10.784,3.885,19,17,4,1329647.1,77,81,73,75,101,101,99,98,20.253,20.221,22.317,22.244,870.492,93387,0,0,217,12284,7,13,1,0,0,28,23,14,20,9,9,FALSE,0,FALSE
1160.8677,14.256,13.872,11.689,10.799,3.873,19,17,4,1335526.8,78,83,72,73,101,101,99,98,20.258,20.229,22.318,22.247,893.773,93387,0,0,217,12367,7,13,1,0,0,28,23,14,20,9,9,FALSE,0,FALSE
1161.369,14.27,13.886,11.69,10.801,3.86,19,17,4,1335506.6,73,74,68,69,101,101,99,98,20.26,20.232,22.318,22.248,919.633,93387,0,0,267,12367,7,13,1,0,0,28,23,14,20,9,9,FALSE,0,FALSE
1161.8721,14.285,13.901,11.696,10.805,3.847,19,17,4,1328951,73,72,70,69,101,101,99,98,20.26,20.233,22.317,22.247,948.625,93387,0,0,267,12350,7,13,1,0,0,28,23,14,20,9,9,FALSE,0,FALSE
1162.3683,14.308,13.921,11.708,10.817,3.833,19,17,4,1321482.2,75,72,72,70,101,101,99,98,20.261,20.233,22.316,22.246,979.859,93387,0,0,216,12350,7,13,1,0,0,28,23,14,20,9,9,FALSE,0,FALSE
1162.868,14.328,13.937,11.717,10.828,3.82,19,17,4,1318742.5,73,71,71,69,101,101,99,98,20.262,20.233,22.315,22.245,1010.914,93387,0,0,216,12333,7,13,1,0,0,28,23,14,20,9,9,FALSE,0,FALSE
1163.37,14.343,13.949,11.723,10.834,3.806,19,17,4,1310108,72,70,70,69,101,101,99,98,20.261,20.231,22.312,22.242,1043.828,93387,0,0,183,12333,7,13,1,0,0,28,23,14,20,9,9,FALSE,0,FALSE
1163.8677,14.356,13.96,11.725,10.836,3.793,19,17,4,1306791.5,69,69,69,68,101,101,99,98,20.259,20.229,22.309,22.239,1078.406,93387,0,0,183,12333,7,13,1,0,0,28,23,14,20,9,9,FALSE,0,FALSE
1164.3627,14.364,13.967,11.725,10.836,3.78,19,17,4,1298147.8,69,69,68,68,101,101,99,98,20.256,20.226,22.305,22.235,1114.297,93387,0,0,183,12333,7,13,1,0,0,28,23,14,20,9,9,FALSE,0,FALSE
1164.8699,14.371,13.975,11.725,10.837,3.766,19,17,4,1289504,69,69,69,69,101,101,99,97,20.252,20.222,22.3,22.23,1151.516,93387,0,0,166,12316,7,13,1,0,0,28,23,14,20,9,9,FALSE,0,FALSE
1165.3695,14.378,13.983,11.726,10.837,3.752,19,17,4,1280860.2,69,69,69,69,101,100,99,97,20.248,20.219,22.295,22.225,1189.961,93387,0,0,150,12300,7,13,1,0,0,28,23,14,20,9,9,FALSE,0,FALSE
1165.8707,14.385,13.99,11.726,10.837,3.738,19,17,4,1272216.5,69,69,69,69,101,100,98,97,20.244,20.214,22.289,22.22,1229.516,93387,0,0,150,12300,7,13,1,0,0,28,23,14,20,9,9,FALSE,0,FALSE
1166.3693,14.393,13.996,11.726,10.838,3.726,19,17,4,1269044.2,69,69,69,69,101,100,98,97,20.239,20.21,22.283,22.214,1270.031,93387,0,0,133,12250,7,13,1,0,0,28,23,14,20,9,9,FALSE,0,FALSE
1166.8672,14.408,14.007,11.732,10.845,3.712,19,17,4,1260400.5,70,69,70,69,101,100,98,97,20.234,20.205,22.277,22.209,1311.141,93387,0,0,117,12250,7,13,1,0,0,28,23,14,20,9,9,FALSE,0,FALSE
1167.3718,14.415,14.016,11.734,10.846,3.698,19,17,4,1251756.8,70,70,70,70,101,100,98,97,20.229,20.2,22.27,22.202,1352.891,93387,0,0,116,12216,7,13,1,0,0,28,23,14,20,9,9,FALSE,0,FALSE
1167.8693,14.422,14.026,11.738,10.849,3.684,19,17,4,1243113,70,71,70,71,101,100,98,97,20.224,20.195,22.263,22.196,1395.289,93387,0,0,116,12216,7,13,1,0,0,28,23,14,20,9,9,FALSE,0,FALSE
1168.372,14.44,14.047,11.762,10.872,3.675,19,17,4,1259301.4,73,73,75,75,101,100,98,97,20.22,20.192,22.26,22.193,1436.391,93387,0,0,100,12150,7,13,1,0,0,28,23,14,20,9,9,FALSE,0,FALSE
1168.8693,14.464,14.073,11.793,10.903,3.674,19,17,4,1291111.4,74,73,77,76,101,100,98,97,20.221,20.193,22.265,22.198,1468.734,93387,0,0,84,12150,7,13,1,0,0,28,23,14,20,9,9,FALSE,0,FALSE
1169.368,14.483,14.092,11.808,10.92,3.673,19,17,4,1316508.1,73,73,74,74,101,100,98,97,20.224,20.197,22.271,22.205,1492.789,93387,0,0,84,12150,7,13,1,0,0,28,23,14,20,9,9,FALSE,0,FALSE
1169.8718,14.493,14.1,11.816,10.928,3.673,19,17,4,1337595.8,72,70,73,72,101,100,98,97,20.228,20.2,22.277,22.211,1511.25,93387,0,0,84,12150,7,13,1,0,0,28,23,14,20,9,9,FALSE,0,FALSE
1170.3717,14.508,14.111,11.834,10.946,3.673,19,17,4,1354104.4,75,70,78,76,101,100,98,97,20.232,20.203,22.284,22.218,1528.75,93387,0,0,67,12150,7,13,1,0,0,28,23,14,20,9,9,FALSE,0,FALSE
1170.8683,14.567,14.156,11.875,10.977,3.673,19,17,4,1363606.5,100,89,91,83,101,100,99,97,20.24,20.208,22.294,22.226,1548.508,93387,0,0,67,12183,7,13,1,0,0,28,23,14,20,9,9,FALSE,0,FALSE
1171.3663,14.724,14.272,11.924,11.015,3.673,19,17,4,1365043.2,138,127,106,94,101,101,99,98,20.268,20.231,22.309,22.238,1560.844,93387,0,0,67,12183,7,13,1,0,0,28,23,14,20,9,9,FALSE,0,FALSE
1171.8702,14.847,14.358,11.964,11.047,3.673,19,17,4,1365043.2,144,135,114,102,102,101,99,98,20.306,20.264,22.33,22.255,1566.375,93387,0,0,100,12183,7,13,1,0,0,28,23,14,20,9,9,FALSE,0,FALSE
1172.3665,14.909,14.422,11.966,11.05,3.67,19,17,4,1365043.2,140,137,105,95,103,102,99,98,20.343,20.298,22.35,22.271,1567.578,93387,0,0,100,12183,7,13,1,0,0,28,23,14,20,9,9,FALSE,0,FALSE
1172.8737,14.949,14.464,11.966,11.05,3.667,19,17,4,1365043.2,134,133,96,87,103,103,100,98,20.377,20.332,22.366,22.283,1566.797,93387,0,0,64669,12183,8,13,1,0,0,28,23,14,20,9,9,FALSE,0,FALSE
1173.3716,14.967,14.479,11.966,11.05,3.664,19,17,4,1365043.2,124,122,88,81,104,103,100,99,20.407,20.361,22.378,22.293,1564.727,93387,0,0,64669,12183,8,13,1,0,0,28,23,14,20,9,9,FALSE,0,FALSE
1173.8689,15.006,14.515,11.968,11.052,3.659,19,17,4,1365043.2,125,121,84,79,104,104,100,99,20.431,20.386,22.384,22.299,1562.5,93387,0,0,64669,12183,8,13,1,0,0,28,23,14,20,9,9,FALSE,0,FALSE
1174.3617,15.023,14.54,11.972,11.064,3.658,19,17,4,1365043.2,119,118,81,80,105,104,100,99,20.453,20.409,22.391,22.306,1562.062,93387,0,0,64669,12183,8,13,1,0,0,28,23,14,20,9,9,FALSE,0,FALSE
1174.8708,15.086,14.591,11.972,11.064,3.651,19,17,4,1365043.2,131,127,77,76,105,104,100,99,20.478,20.433,22.397,22.312,1562.039,93387,0,0,64669,12183,9,13,1,0,0,28,23,14,20,9,9,FALSE,0,FALSE
1175.3718,15.164,14.678,11.972,11.064,3.646,19,17,4,1365043.2,141,135,74,73,106,105,100,99,20.498,20.464,22.402,22.316,1561.984,93387,0,0,62069,12183,9,13,1,0,0,28,23,14,20,9,9,FALSE,0,FALSE
1175.8687,15.268,14.684,11.972,11.064,3.646,19,17,4,1365043.2,143,122,70,70,106,106,100,99,20.533,20.492,22.405,22.319,1561.742,93387,0,0,62069,12183,9,13,1,0,0,28,23,14,20,9,9,FALSE,0,FALSE
1176.3723,15.276,14.701,11.972,11.064,3.646,19,17,4,1365043.2,130,115,69,68,107,106,100,99,20.56,20.513,22.407,22.322,1560.57,93387,0,0,62069,12183,9,13,1,0,0,28,23,14,20,9,9,FALSE,0,FALSE
1176.8705,15.304,14.724,11.992,11.083,3.644,19,17,4,1365043.2,124,112,76,75,107,106,101,99,20.587,20.534,22.41,22.326,1559.641,93387,0,0,62069,12183,9,13,1,0,0,28,23,14,20,9,9,FALSE,0,FALSE
1177.3679,15.408,14.821,11.992,11.083,3.638,19,17,4,1365043.2,141,135,73,72,108,107,101,99,20.616,20.559,22.414,22.33,1560.445,93387,0,0,62069,12183,9,13,1,0,0,28,23,14,20,9,9,FALSE,0,FALSE
1177.8687,15.514,14.922,11.992,11.084,3.634,19,17,4,1365043.2,142,140,70,70,108,107,101,99,20.65,20.592,22.417,22.333,1563.164,93387,0,0,62069,12183,9,13,1,0,0,28,23,14,20,9,9,FALSE,0,FALSE
1178.3688,15.556,14.959,11.992,11.084,3.632,19,17,4,1365043.2,132,131,68,68,109,108,101,99,20.682,20.623,22.418,22.335,1568.406,93387,0,0,62069,12183,9,13,1,0,0,28,23,14,20,9,9,FALSE,0,FALSE
1178.8667,15.57,14.976,11.993,11.084,3.627,19,17,4,1365043.2,119,121,67,68,110,108,101,99,20.706,20.643,22.419,22.336,1576.023,93387,0,0,3367,19317,9,13,1,0,0,28,23,14,20,9,9,FALSE,0,FALSE
1179.3698,15.599,15.003,11.993,11.084,3.622,19,17,4,1370682.5,112,113,66,66,110,109,101,99,20.726,20.663,22.418,22.336,1586.312,93387,0,0,3367,19317,9,13,1,0,0,28,23,14,20,9,9,FALSE,0,FALSE
1179.8685,15.608,15.016,11.993,11.085,3.617,19,17,4,1377224,94,97,66,66,110,109,101,99,20.739,20.678,22.417,22.336,1598.602,93387,0,0,3367,19317,9,13,1,0,0,28,23,14,20,9,9,FALSE,0,FALSE
1180.3715,15.616,15.027,11.994,11.086,3.609,19,17,4,1384848.9,84,85,66,65,110,109,101,99,20.744,20.684,22.417,22.336,1611.914,93387,0,0,3367,19317,9,13,1,0,0,28,23,14,20,9,9,FALSE,0,FALSE
1180.8706,15.634,15.05,11.994,11.086,3.601,19,17,4,1397439.6,82,85,66,66,110,109,101,99,20.746,20.688,22.416,22.335,1626.148,93387,0,0,3367,19317,10,13,1,0,0,28,23,14,20,9,9,FALSE,0,FALSE
1181.369,15.674,15.092,11.994,11.086,3.589,19,17,4,1404093.2,90,90,66,66,110,109,101,99,20.75,20.693,22.414,22.334,1643.141,93387,0,0,3367,20133,10,13,1,0,0,28,23,14,20,9,9,FALSE,0,FALSE
1181.8677,15.697,15.113,11.994,11.086,3.577,19,17,4,1409649.6,81,81,67,66,110,109,101,99,20.753,20.697,22.412,22.332,1663.008,93387,0,0,3367,20133,10,13,1,0,0,28,23,14,20,9,9,FALSE,0,FALSE
1182.3673,15.716,15.132,11.995,11.087,3.564,19,17,4,1405569.9,77,77,67,66,110,109,100,99,20.753,20.697,22.41,22.33,1685.664,93387,0,0,0,20133,10,13,1,0,0,28,23,14,20,9,9,FALSE,0,FALSE
1182.8666,15.73,15.145,11.995,11.087,3.551,19,17,4,1404614.1,74,74,68,67,110,109,100,99,20.75,20.695,22.407,22.328,1711.375,93387,0,0,0,20133,10,13,1,0,0,28,23,14,20,9,9,FALSE,0,FALSE
1183.3699,15.745,15.161,11.995,11.087,3.537,19,17,4,1361138.6,74,74,68,68,110,109,100,99,20.747,20.692,22.404,22.326,1739.352,93387,0,0,167,20383,10,13,1,0,0,28,23,14,20,9,9,FALSE,0,FALSE
1183.8694,15.755,15.172,11.996,11.088,3.524,19,17,4,1354920.8,72,72,69,69,110,109,100,99,20.743,20.688,22.401,22.323,1769.734,93387,0,0,167,20383,10,13,1,0,0,28,23,14,20,9,9,FALSE,0,FALSE
1184.3618,15.775,15.197,12.013,11.105,3.511,19,17,4,1346546.5,74,77,72,74,110,109,100,99,20.738,20.684,22.398,22.321,1802.211,93387,0,0,217,20383,10,13,1,0,0,28,23,14,20,9,9,FALSE,0,FALSE
1184.8676,15.798,15.226,12.03,11.121,3.498,19,17,4,1341463.6,73,76,71,71,110,109,100,99,20.734,20.682,22.396,22.32,1836.938,93387,38486,0,216,20383,10,13,1,0,0,28,23,14,20,9,9,FALSE,0,FALSE
1185.3671,15.831,15.251,12.077,11.162,3.498,19,17,4,1372911.9,81,77,85,80,110,109,100,99,20.731,20.679,22.396,22.319,1868.031,93387,38486,0,216,20517,10,13,1,0,0,28,23,14,20,9,9,FALSE,0,FALSE
1185.8696,15.887,15.295,12.176,11.242,3.497,19,17,4,1394452.8,87,80,100,90,110,109,100,99,20.734,20.679,22.405,22.325,1895.352,93387,38486,0,234,20517,10,13,1,0,0,28,23,14,20,9,9,FALSE,0,FALSE
1186.3701,15.926,15.324,12.263,11.311,3.492,19,17,4,1401024.8,85,79,101,91,110,109,101,99,20.736,20.679,22.416,22.333,1923,93387,38486,0,234,20517,10,13,1,0,0,28,23,14,20,9,9,FALSE,0,FALSE
1186.8682,15.972,15.359,12.316,11.354,3.485,19,17,4,1407189.9,87,80,90,82,110,109,101,99,20.738,20.678,22.425,22.338,1949.508,93387,38486,0,267,20550,10,13,1,0,0,28,23,14,20,9,9,FALSE,0,FALSE
1187.8687,16.027,15.412,12.356,11.396,3.462,19,17,4,1408195.4,77,79,74,78,110,109,101,99,20.737,20.675,22.426,22.339,2002.391,93387,38486,0,300,20600,10,13,1,0,0,28,23,14,20,9,9,FALSE,0,FALSE
1188.3665,16.067,15.46,12.402,11.456,3.45,19,17,4,1412871,81,84,79,87,110,109,101,99,20.735,20.674,22.426,22.342,2032.531,93387,38486,0,334,20617,10,13,1,0,0,28,23,14,20,9,9,FALSE,0,FALSE
1188.8678,16.109,15.508,12.442,11.505,3.438,19,17,4,1414808.5,81,84,79,85,110,109,101,99,20.733,20.675,22.425,22.345,2062.805,93387,38486,0,334,20617,10,13,1,0,0,28,23,14,20,9,9,FALSE,0,FALSE
1189.3711,16.161,15.569,12.477,11.547,3.424,19,17,4,1407114.8,82,87,76,80,110,109,101,99,20.732,20.676,22.424,22.346,2092.703,93387,38486,0,400,20684,10,13,1,0,0,28,23,14,20,9,9,FALSE,0,FALSE
1189.8706,16.179,15.592,12.489,11.557,3.411,19,17,4,1404346.5,73,76,71,72,110,109,101,99,20.728,20.674,22.421,22.344,2124.531,93387,38486,0,400,20684,10,13,1,0,0,28,23,14,20,9,9,FALSE,0,FALSE
1190.3707,16.193,15.611,12.497,11.565,3.397,19,17,4,1395702.8,73,76,71,71,110,109,101,99,20.721,20.67,22.416,22.34,2157.875,93387,38486,0,417,20700,10,13,1,0,0,28,23,14,20,9,9,FALSE,0,FALSE
1190.8716,16.214,15.633,12.52,11.588,3.39,19,17,4,1412944.1,76,76,76,76,110,109,101,99,20.716,20.666,22.413,22.338,2190.188,93387,38486,0,417,20733,10,13,1,0,0,28,23,14,20,9,9,FALSE,0,FALSE
1191.3699,16.23,15.648,12.531,11.6,3.39,19,17,4,1439834.2,74,74,74,73,110,109,101,99,20.714,20.664,22.416,22.341,2215.328,93387,38486,0,450,20733,10,13,1,0,0,28,23,14,20,9,9,FALSE,0,FALSE
1191.8721,16.242,15.657,12.541,11.611,3.39,19,17,4,1462398.5,74,72,75,73,110,109,101,99,20.712,20.662,22.419,22.344,2235.125,93387,38486,0,450,20733,10,13,1,0,0,28,23,14,20,9,9,FALSE,0,FALSE
1192.368,16.257,15.668,12.558,11.627,3.39,19,17,4,1480689.1,77,72,78,75,110,109,101,99,20.712,20.66,22.424,22.348,2250.922,93387,38486,0,450,20817,10,13,1,0,0,28,23,14,20,9,9,FALSE,0,FALSE
1192.8716,16.272,15.679,12.58,11.643,3.39,19,17,4,1490811.2,78,73,82,76,110,109,101,100,20.713,20.659,22.43,22.353,2262.672,93387,38486,0,533,20817,10,13,1,0,0,28,23,14,20,9,9,FALSE,0,FALSE
1193.3684,16.283,15.688,12.603,11.659,3.39,19,17,4,1497480.2,77,73,86,77,110,109,101,100,20.713,20.658,22.437,22.358,2277.18,93387,38486,0,533,20817,10,13,1,0,0,28,23,14,20,9,9,FALSE,0,FALSE
1193.872,16.302,15.704,12.631,11.678,3.388,19,17,4,1503236.4,84,76,92,81,110,109,101,100,20.715,20.657,22.445,22.362,2295.117,93387,38486,0,533,20816,10,13,1,0,0,28,23,14,20,9,9,FALSE,0,FALSE
1194.3641,16.323,15.72,12.647,11.691,3.384,19,17,4,1509117.6,85,78,87,78,110,109,101,100,20.719,20.657,22.455,22.367,2307.523,93387,38486,0,533,20816,10,13,1,0,0,28,23,14,20,9,9,FALSE,0,FALSE
1194.868,16.335,15.732,12.651,11.695,3.377,19,17,4,1515434.1,81,76,79,73,110,109,101,100,20.722,20.658,22.461,22.371,2319.812,93387,38486,0,533,20816,10,13,1,0,0,28,23,14,20,9,9,FALSE,0,FALSE
1195.3658,16.351,15.75,12.656,11.699,3.368,19,17,4,1522089.1,80,78,75,71,110,109,101,100,20.723,20.658,22.464,22.373,2334,93387,38486,0,533,20767,10,13,1,0,0,28,23,14,20,9,9,FALSE,0,FALSE
1195.8707,16.38,15.78,12.661,11.703,3.358,19,17,4,1529884.6,85,83,72,69,110,109,101,100,20.725,20.66,22.465,22.373,2350.578,93387,38486,0,533,20767,10,13,1,0,0,28,23,14,20,9,9,FALSE,0,FALSE
1196.3687,16.405,15.806,12.661,11.704,3.345,19,17,4,1531322.8,83,83,69,67,110,109,101,100,20.726,20.661,22.465,22.372,2370.172,93387,38486,0,467,20767,10,13,1,0,0,28,23,14,20,9,9,FALSE,0,FALSE
1196.8678,16.433,15.838,12.661,11.704,3.333,19,17,4,1511820.2,81,81,67,68,110,109,101,100,20.728,20.663,22.463,22.371,2392.609,93387,38486,0,467,20767,10,13,1,0,0,28,23,14,20,9,9,FALSE,0,FALSE
1197.3639,16.45,15.857,12.661,11.704,3.32,19,17,4,1481720.8,76,75,67,68,110,109,101,100,20.727,20.663,22.46,22.369,2417.953,93387,38486,0,450,20767,10,13,1,0,0,28,23,14,20,9,9,FALSE,0,FALSE
1197.8629,16.466,15.873,12.661,11.704,3.306,19,17,4,1438422.5,75,73,68,68,110,109,101,100,20.724,20.66,22.457,22.366,2445.773,93387,38486,0,450,20734,10,13,1,0,0,28,23,14,20,9,9,FALSE,0,FALSE
1198.3694,16.479,15.886,12.661,11.704,3.294,19,17,4,1393316.9,73,72,68,68,110,109,101,100,20.72,20.656,22.453,22.363,2475.875,93387,38486,0,433,20734,10,13,1,0,0,28,23,14,20,9,9,FALSE,0,FALSE
1198.8716,16.488,15.896,12.661,11.704,3.28,19,17,4,1378774,72,71,68,68,110,109,101,100,20.715,20.651,22.449,22.36,2507.867,93387,38486,0,433,20683,10,13,1,0,0,28,23,14,20,9,9,FALSE,0,FALSE
1199.3662,16.497,15.905,12.662,11.705,3.266,19,17,4,1370130.2,72,72,68,68,110,108,101,100,20.709,20.646,22.445,22.356,2541.516,93387,38486,0,416,20683,10,13,1,0,0,28,23,14,20,9,9,FALSE,0,FALSE
1199.8693,16.511,15.923,12.675,11.718,3.254,19,17,4,1366822.4,73,75,72,73,109,108,101,100,20.703,20.641,22.44,22.352,2576.578,93387,38486,0,383,20667,10,13,1,0,0,28,23,14,20,9,9,FALSE,0,FALSE
1200.3682,16.546,15.966,12.713,11.758,3.24,19,17,4,1358178.6,76,80,75,78,109,108,101,100,20.698,20.639,22.437,22.351,2611.992,93387,38486,0,383,20650,10,13,1,0,0,28,23,14,20,9,9,FALSE,0,FALSE
1200.8624,16.577,16.006,12.76,11.805,3.232,19,17,4,1377228.2,77,80,79,82,109,108,101,100,20.695,20.637,22.436,22.352,2647.641,93387,38486,0,367,20650,10,13,1,0,0,28,23,14,20,9,9,FALSE,0,FALSE
1201.3668,16.626,16.06,12.803,11.848,3.23,19,17,4,1403352.1,84,87,81,83,109,108,101,100,20.695,20.64,22.441,22.358,2676.953,93387,38486,0,367,20650,10,13,1,0,0,28,23,14,20,9,9,FALSE,0,FALSE
1201.8682,16.655,16.09,12.815,11.858,3.229,19,17,4,1424994.8,79,80,74,76,109,108,101,100,20.699,20.645,22.446,22.365,2698.305,93387,38486,0,383,20650,10,13,1,0,0,28,23,14,20,9,9,FALSE,0,FALSE
1202.3647,16.663,16.098,12.823,11.866,3.229,19,17,4,1443904.1,74,75,73,74,109,108,101,100,20.699,20.646,22.45,22.369,2714.523,93387,38486,0,383,20650,10,13,1,0,0,28,23,14,20,9,9,FALSE,0,FALSE
1202.8706,16.672,16.111,12.842,11.89,3.229,19,17,4,1458555.9,73,76,78,82,109,108,101,100,20.698,20.647,22.454,22.375,2727.453,93387,38486,0,383,20700,10,13,1,0,0,28,23,14,20,9,9,FALSE,0,FALSE
1203.3671,16.681,16.121,12.864,11.922,3.229,19,17,4,1466645.6,73,76,81,90,109,108,101,100,20.698,20.649,22.46,22.385,2736.844,93387,38486,0,383,20700,10,13,1,0,0,28,23,14,20,9,9,FALSE,0,FALSE
1203.8682,16.688,16.129,12.874,11.941,3.226,19,17,4,1471689.5,74,75,78,90,109,108,101,100,20.697,20.649,22.466,22.395,2748.812,93387,38486,0,434,20700,10,13,1,0,0,28,23,14,20,9,9,FALSE,0,FALSE
1204.3661,16.698,16.14,12.883,11.953,3.222,19,17,4,1477109.2,74,77,76,85,109,108,102,100,20.696,20.65,22.471,22.405,2768.391,93387,38486,0,434,20700,10,13,1,0,0,28,23,14,20,9,9,FALSE,0,FALSE
1204.8661,16.712,16.156,12.889,11.96,3.217,19,17,4,1483130.4,76,79,73,79,109,109,102,101,20.695,20.652,22.474,22.412,2779.719,93387,38486,0,434,20900,10,13,1,0,0,28,23,14,20,9,9,FALSE,0,FALSE
1205.3672,16.726,16.168,12.89,11.96,3.208,19,17,4,1487001.5,77,78,70,73,109,109,102,101,20.696,20.654,22.475,22.416,2793.414,93387,38486,0,434,20900,10,13,1,0,0,28,23,14,20,9,9,FALSE,0,FALSE
1205.8708,16.752,16.191,12.89,11.96,3.197,19,17,4,1492387.5,82,81,68,69,109,109,102,101,20.697,20.655,22.475,22.417,2809.852,93387,38486,0,617,20900,10,13,1,0,0,28,23,14,20,9,9,FALSE,0,FALSE
1206.3673,16.785,16.222,12.89,11.96,3.186,19,17,4,1493501.6,84,83,67,67,109,109,102,101,20.7,20.658,22.474,22.417,2829.031,93387,38486,0,617,20900,10,13,1,0,0,28,23,14,20,9,9,FALSE,0,FALSE
1206.8679,16.823,16.259,12.89,11.96,3.173,19,17,4,1471566,85,84,67,67,109,109,102,101,20.703,20.662,22.472,22.416,2851.086,93387,38486,0,500,20900,10,13,1,0,0,28,23,14,20,9,9,FALSE,0,FALSE
1207.3661,16.851,16.286,12.89,11.96,3.16,19,17,4,1443158.8,78,77,67,67,109,109,101,101,20.705,20.663,22.47,22.414,2876.047,93387,38486,0,500,20784,10,13,1,0,0,28,23,14,20,9,9,FALSE,0,FALSE
1207.8693,16.868,16.302,12.89,11.96,3.146,19,17,4,1400267.8,74,74,68,68,109,109,101,101,20.703,20.662,22.467,22.412,2903.672,93387,38486,0,450,20784,10,13,1,0,0,28,23,14,20,9,9,FALSE,0,FALSE
1208.3698,16.882,16.317,12.891,11.96,3.134,19,17,4,1354987.1,72,72,68,68,109,109,101,100,20.7,20.659,22.464,22.409,2933.797,93387,38486,0,450,20683,10,13,1,0,0,28,23,14,20,9,9,FALSE,0,FALSE
1208.866,16.895,16.33,12.891,11.96,3.12,19,17,4,1298275.1,72,72,69,69,109,109,101,100,20.695,20.655,22.461,22.406,2966.219,93387,38486,0,416,20683,10,13,1,0,0,28,23,14,20,9,9,FALSE,0,FALSE
1209.3646,16.905,16.341,12.891,11.96,3.107,19,17,4,1246086.9,71,71,69,69,109,108,101,100,20.69,20.65,22.457,22.403,3000.805,93387,38486,0,416,20683,10,13,1,0,0,28,23,14,20,9,9,FALSE,0,FALSE
1209.863,16.916,16.351,12.891,11.96,3.093,19,17,4,1188471.9,71,71,69,69,109,108,101,100,20.685,20.645,22.453,22.399,3037.078,93387,38486,0,367,20634,10,13,1,0,0,28,23,14,20,9,9,FALSE,0,FALSE
1210.369,16.926,16.362,12.891,11.96,3.079,19,17,4,1130856.9,71,71,69,69,109,108,101,100,20.679,20.64,22.448,22.395,3075.047,93387,38486,0,316,20583,10,13,1,0,0,28,23,14,20,9,9,FALSE,0,FALSE
1210.8678,16.936,16.371,12.891,11.96,3.066,19,17,4,1073241.9,71,71,70,70,109,108,101,100,20.672,20.633,22.443,22.39,3114.539,93387,38486,0,316,20583,10,13,1,0,0,28,23,14,20,9,9,FALSE,0,FALSE
1211.367,16.944,16.379,12.891,11.96,3.053,19,17,4,1021101.25,71,71,70,69,109,108,101,100,20.665,20.627,22.437,22.384,3155.211,93387,38486,0,283,20533,10,13,1,0,0,28,23,14,20,9,9,FALSE,0,FALSE
1211.8667,16.953,16.389,12.891,11.96,3.039,19,17,4,963486.25,71,71,70,70,109,108,101,100,20.658,20.62,22.43,22.378,3197.078,93387,38486,0,217,20467,10,13,1,0,0,28,23,14,20,9,9,FALSE,0,FALSE
1212.3655,16.962,16.397,12.892,11.961,3.025,19,17,4,905871.25,71,71,70,70,108,108,101,100,20.651,20.613,22.424,22.372,3240.07,93387,38486,0,167,20467,10,13,1,0,0,28,23,14,20,9,9,FALSE,0,FALSE
1213.366,16.976,16.414,12.894,11.962,2.998,19,17,4,864100.94,72,71,71,71,108,108,100,100,20.634,20.598,22.409,22.358,3328.359,93387,38486,0,133,20300,10,13,1,0,0,28,23,14,20,9,9,FALSE,0,FALSE
1213.8643,16.988,16.422,12.902,11.972,2.984,19,17,4,863800.2,74,73,75,74,108,107,100,100,20.626,20.59,22.402,22.351,3372.938,93387,38486,0,100,20234,10,13,1,0,0,28,23,14,20,9,9,FALSE,0,FALSE
1214.3625,17.015,16.448,12.938,12.007,2.983,19,17,4,899193.7,75,75,77,77,108,107,100,100,20.624,20.587,22.404,22.353,3410.992,93387,38486,0,100,20234,9,13,1,0,0,28,23,14,20,9,9,FALSE,0,FALSE
1214.8667,17.051,16.488,12.99,12.057,2.982,19,17,4,927399.3,79,82,83,85,108,107,101,100,20.624,20.589,22.411,22.361,3440.125,93387,38486,0,4316,20150,9,13,1,0,0,28,23,14,20,9,9,FALSE,0,FALSE
1215.3668,17.099,16.546,13.051,12.135,2.982,19,17,4,951540.2,85,91,91,100,108,107,101,100,20.629,20.596,22.422,22.374,3464.828,93387,38486,0,4316,20150,9,13,1,0,0,28,23,14,20,9,9,FALSE,0,FALSE
1215.8644,17.121,16.576,13.105,12.203,2.982,19,17,4,969546.8,79,85,93,103,108,108,101,100,20.634,20.604,22.434,22.391,3485.359,93387,38486,0,4316,20033,9,13,1,0,0,28,23,14,20,9,9,FALSE,0,FALSE
1216.3672,17.137,16.597,13.149,12.259,2.978,19,17,4,976124.2,77,83,92,103,108,108,101,100,20.636,20.609,22.446,22.408,3501.82,93387,38486,0,4200,20033,9,13,1,0,0,28,23,14,20,9,9,FALSE,0,FALSE
1216.8679,17.156,16.62,13.17,12.288,2.972,19,17,4,982456.56,78,82,83,92,108,108,101,101,20.637,20.613,22.456,22.422,3518.086,93387,38486,0,4550,20033,9,13,1,0,0,28,23,14,20,9,9,FALSE,0,FALSE
1217.3625,17.173,16.639,13.177,12.296,2.963,19,17,4,986321.4,76,79,74,79,108,108,101,101,20.638,20.617,22.461,22.43,3535.641,93387,38486,0,4550,20384,9,13,1,0,0,28,23,14,20,9,9,FALSE,0,FALSE
1217.8646,17.189,16.655,13.181,12.299,2.951,19,17,4,984059.75,76,77,71,73,108,108,101,101,20.638,20.618,22.463,22.433,3555.531,93387,38486,0,4550,20384,10,13,1,0,0,28,23,14,20,9,9,FALSE,0,FALSE
1218.3636,17.213,16.677,13.187,12.306,2.937,19,17,4,979668.94,77,79,71,72,108,108,101,101,20.639,20.619,22.463,22.435,3578.047,93387,38486,0,65420,20384,10,13,1,0,0,28,23,14,20,9,9,FALSE,0,FALSE
1218.8679,17.24,16.707,13.202,12.32,2.924,19,17,4,979648,78,81,73,74,108,108,101,101,20.639,20.621,22.464,22.436,3603.008,93387,38486,0,65420,20634,10,13,1,0,0,28,23,14,20,9,9,FALSE,0,FALSE
1219.37,17.268,16.738,13.219,12.337,2.911,19,17,4,956858.8,78,81,73,75,108,108,101,101,20.639,20.623,22.465,22.438,3630.047,93387,38486,0,17,20634,10,13,1,0,0,28,23,14,20,9,9,FALSE,0,FALSE
1219.8629,17.298,16.773,13.237,12.354,2.897,19,17,4,907684.75,77,81,73,74,108,108,101,101,20.638,20.624,22.465,22.438,3659.328,93387,38486,0,17,20700,10,13,1,0,0,28,23,14,20,9,9,FALSE,0,FALSE
1220.3688,17.319,16.798,13.253,12.368,2.884,19,17,4,902157.5,74,78,73,73,108,108,101,101,20.636,20.625,22.464,22.438,3690.461,93387,38486,0,33,20700,10,13,1,0,0,28,23,14,20,9,9,FALSE,0,FALSE
1220.8647,17.331,16.813,13.257,12.372,2.87,19,17,4,893553.94,72,73,70,70,108,108,101,101,20.632,20.623,22.462,22.436,3723.172,93387,38486,0,33,20700,10,13,1,0,0,28,23,14,20,9,9,FALSE,0,FALSE
1221.3687,17.351,16.829,13.274,12.389,2.857,19,17,4,884912.06,77,74,77,74,108,108,101,101,20.629,20.619,22.459,22.433,3757.336,93387,38486,0,50,20784,10,13,1,0,0,28,23,14,20,9,9,FALSE,0,FALSE
1221.8646,17.423,16.89,13.349,12.457,2.843,19,17,4,876270.2,89,84,87,82,108,108,101,101,20.63,20.618,22.461,22.434,3792.836,93387,38486,0,34,20784,10,13,1,0,0,28,23,14,20,9,9,FALSE,0,FALSE
1222.3683,17.487,16.944,13.436,12.537,2.829,19,17,4,867628.3,88,83,93,88,108,108,101,101,20.632,20.618,22.464,22.435,3829.023,93387,38486,0,34,20800,9,13,1,0,0,28,23,14,20,9,9,FALSE,0,FALSE
1222.8687,17.584,17.027,13.575,12.655,2.815,19,17,4,858986.44,91,86,101,92,108,108,102,101,20.636,20.619,22.471,22.439,3864.93,93387,38486,0,34,20800,9,13,1,0,0,28,23,14,20,9,9,FALSE,0,FALSE
1223.3689,17.663,17.094,13.706,12.769,2.801,19,17,4,850344.56,90,85,100,93,108,108,102,101,20.638,20.62,22.478,22.443,3900.297,93387,38486,0,4917,20800,9,13,1,0,0,28,23,14,20,9,9,FALSE,0,FALSE
1223.8639,17.752,17.171,13.841,12.884,2.788,19,17,4,841702.7,90,85,101,92,108,108,102,101,20.641,20.62,22.484,22.447,3934.797,93387,38486,0,4917,20833,9,13,1,0,0,28,23,14,20,9,9,FALSE,0,FALSE
1224.3651,17.821,17.229,13.917,12.951,2.775,19,17,4,838401.2,83,80,83,79,108,108,102,101,20.643,20.619,22.487,22.448,3968.914,93387,38486,0,5000,20833,9,13,1,0,0,28,23,14,20,9,9,FALSE,0,FALSE
1224.8656,17.833,17.238,13.918,12.953,2.762,19,17,4,829759.3,72,73,71,69,108,108,102,101,20.638,20.613,22.482,22.442,4004.586,93387,38486,0,5000,20900,9,13,1,0,0,28,23,14,20,9,9,FALSE,0,FALSE
1225.3702,17.846,17.249,13.935,12.965,2.748,19,17,4,829185.7,74,72,76,73,108,108,102,101,20.631,20.606,22.475,22.435,4040.977,93387,38486,40484,5034,20934,9,13,1,0,0,28,23,14,20,9,9,FALSE,0,FALSE
1225.8673,17.873,17.27,13.965,12.993,2.747,19,17,4,859163.4,78,74,79,77,108,108,102,101,20.628,20.602,22.476,22.435,4071.492,93387,38486,40484,5034,20933,9,13,1,0,0,28,23,14,20,9,9,FALSE,0,FALSE
1226.3684,17.914,17.301,14.021,13.041,2.747,19,17,4,885629,85,78,90,84,108,108,102,101,20.629,20.601,22.482,22.439,4096.062,93387,38486,40484,5033,20933,9,13,1,0,0,28,23,14,20,9,9,FALSE,0,FALSE
1226.8679,17.953,17.331,14.086,13.091,2.747,19,17,4,907596.8,85,79,98,88,108,108,102,101,20.633,20.602,22.492,22.446,4117.406,93387,38486,40484,5033,20933,9,13,1,0,0,28,23,14,20,9,9,FALSE,0,FALSE
1227.3678,17.977,17.349,14.15,13.138,2.745,19,17,4,920619.6,82,76,102,90,108,108,102,101,20.636,20.603,22.504,22.454,4136.633,93387,38486,40484,5000,20866,9,13,1,0,0,28,23,14,20,9,9,FALSE,0,FALSE
1227.8687,18,17.369,14.187,13.165,2.738,19,17,4,927061.6,82,78,94,83,108,108,102,101,20.639,20.603,22.516,22.461,4158.047,93387,38486,40484,5000,20866,9,13,1,0,0,28,23,14,20,9,9,FALSE,0,FALSE
1228.3679,18.037,17.401,14.219,13.189,2.729,19,17,4,933525.1,87,82,89,80,108,108,102,101,20.641,20.604,22.524,22.466,4177.93,93387,38486,40484,5000,20866,9,13,1,0,0,28,23,14,20,9,9,FALSE,0,FALSE
1228.8673,18.083,17.442,14.232,13.2,2.718,19,17,4,937965.1,89,85,79,74,108,108,102,101,20.647,20.608,22.528,22.467,4198.383,93387,38486,40484,5067,20933,9,13,1,0,0,28,23,14,20,9,9,FALSE,0,FALSE
1229.37,18.1,17.46,14.236,13.204,2.705,19,17,4,934793.5,79,78,73,70,108,108,102,101,20.648,20.608,22.528,22.466,4221.109,93387,38486,40484,5067,20933,9,13,1,0,0,28,23,14,20,9,9,FALSE,0,FALSE
1229.8696,18.121,17.48,14.238,13.206,2.692,19,17,4,913122.2,76,75,70,69,108,108,102,101,20.648,20.607,22.527,22.464,4246.891,93387,38486,40484,5117,20983,9,13,1,0,0,28,23,14,20,9,9,FALSE,0,FALSE
1230.3679,18.135,17.494,14.238,13.206,2.679,19,17,4,868424.6,74,74,69,69,108,108,102,101,20.645,20.604,22.523,22.461,4275.211,93387,38486,40484,5117,20983,9,13,1,0,0,28,23,14,20,9,9,FALSE,0,FALSE
1230.8683,18.148,17.506,14.238,13.206,2.666,19,17,4,822154.1,73,73,69,69,108,108,102,101,20.641,20.601,22.519,22.458,4305.812,93387,38486,40484,5117,20967,9,13,1,0,0,28,23,14,20,9,9,FALSE,0,FALSE
1231.3633,18.159,17.518,14.238,13.206,2.652,19,17,4,765189.8,73,73,69,69,108,107,102,101,20.637,20.596,22.515,22.454,4338.414,93387,38486,40484,5117,20967,9,13,1,0,0,28,23,14,20,9,9,FALSE,0,FALSE
1231.8657,18.17,17.529,14.238,13.206,2.638,19,17,4,707574.8,73,73,70,69,108,107,102,101,20.632,20.592,22.51,22.449,4372.891,93387,38486,40484,5100,20984,9,13,1,0,0,28,23,14,20,9,9,FALSE,0,FALSE
1232.8677,18.189,17.548,14.238,13.206,2.612,19,17,4,597811.7,73,73,70,70,108,107,102,101,20.621,20.581,22.499,22.439,4446.086,93387,38486,40484,5100,20984,9,13,1,0,0,28,23,14,20,9,9,FALSE,0,FALSE
1233.3687,18.198,17.557,14.238,13.206,2.598,19,17,4,540196.7,73,73,70,70,108,107,102,101,20.615,20.575,22.493,22.433,4484.68,93387,38486,40484,5083,20983,9,13,1,0,0,28,23,14,20,9,9,FALSE,0,FALSE
1233.8687,18.207,17.566,14.238,13.206,2.585,19,17,4,487985.75,72,72,70,70,108,107,102,101,20.608,20.569,22.486,22.427,4524.359,93387,38486,40484,5083,20983,9,13,1,0,0,28,23,14,20,9,9,FALSE,0,FALSE
1234.3646,18.215,17.574,14.238,13.206,2.572,19,17,4,430370.75,73,73,70,70,108,107,102,101,20.602,20.563,22.479,22.42,4564.867,93387,38486,40484,5083,20983,9,13,1,0,0,28,23,14,20,9,9,FALSE,0,FALSE
1234.8657,18.224,17.583,14.238,13.206,2.558,19,17,4,373339.4,74,73,71,71,107,107,102,101,20.595,20.556,22.472,22.413,4606.266,93387,38486,40484,5033,20983,9,13,1,0,0,28,23,14,20,9,9,FALSE,0,FALSE
1235.3693,18.232,17.592,14.238,13.206,2.544,19,17,4,321480.03,74,74,71,71,107,107,101,100,20.588,20.55,22.464,22.406,4648.43,93387,38486,40484,5033,20950,9,13,1,0,0,28,23,14,20,9,9,FALSE,0,FALSE
1235.866,18.24,17.599,14.238,13.206,2.53,19,17,4,288120.03,74,74,71,71,107,106,101,100,20.581,20.543,22.456,22.398,4691.219,93387,38486,40484,4983,20950,9,13,1,0,0,28,23,14,20,9,9,FALSE,0,FALSE
1236.3632,18.246,17.606,14.238,13.206,2.516,19,17,4,283571.7,74,74,71,71,107,106,101,100,20.573,20.535,22.448,22.39,4734.32,93387,38486,40484,4983,20950,9,13,1,0,0,28,23,14,20,9,9,FALSE,0,FALSE
1236.8665,18.252,17.613,14.239,13.206,2.502,19,17,4,279133.88,74,74,71,71,107,106,101,100,20.565,20.528,22.439,22.382,4777.617,93387,38486,40484,4983,20950,9,13,1,0,0,28,23,14,20,9,9,FALSE,0,FALSE
1237.362,18.261,17.621,14.245,13.212,2.489,19,17,4,280972.3,74,74,74,73,107,106,101,100,20.557,20.52,22.431,22.374,4820.938,93387,38486,40484,4933,20916,9,13,1,0,0,28,23,14,20,9,9,FALSE,0,FALSE
1237.8684,18.288,17.649,14.281,13.246,2.487,19,17,4,315537.62,74,74,77,77,107,106,101,100,20.553,20.517,22.432,22.375,4857.891,93387,38486,40484,4933,20916,9,13,1,0,0,28,23,14,20,9,9,FALSE,0,FALSE
1238.365,18.31,17.672,14.305,13.27,2.486,19,17,4,343726.62,74,74,76,75,107,106,101,100,20.553,20.517,22.437,22.38,4885.898,93387,38486,40484,4900,20916,9,13,1,0,0,28,23,14,20,9,9,FALSE,0,FALSE
1238.8695,18.331,17.687,14.331,13.293,2.486,19,17,4,366578.06,77,73,81,77,107,106,101,100,20.554,20.517,22.443,22.386,4907.797,93387,38486,40484,4900,20916,9,13,1,0,0,28,23,14,20,9,9,FALSE,0,FALSE
1239.3695,18.362,17.711,14.38,13.331,2.486,19,17,4,385639.25,83,77,92,84,107,106,101,100,20.558,20.518,22.453,22.393,4925.18,93387,38486,40484,4900,20900,9,13,1,0,0,28,23,14,20,9,9,FALSE,0,FALSE
1239.8691,18.384,17.729,14.438,13.366,2.483,19,17,4,393379.9,80,77,101,85,107,106,101,100,20.563,20.521,22.466,22.403,4946.281,93387,38486,40484,4900,20900,9,13,1,0,0,28,23,14,20,9,9,FALSE,0,FALSE
1240.3657,18.402,17.745,14.459,13.383,2.476,19,17,4,399594.28,80,76,89,79,107,106,102,101,20.566,20.523,22.479,22.41,4965.359,93387,38486,40484,4900,20900,9,13,1,0,0,28,23,14,20,9,9,FALSE,0,FALSE
1240.8672,18.426,17.766,14.47,13.392,2.467,19,17,4,404373.97,81,77,80,73,107,106,102,101,20.569,20.525,22.486,22.415,4983.062,93387,38486,40484,4900,20900,9,13,1,0,0,28,23,14,20,9,9,FALSE,0,FALSE
1241.3651,18.445,17.785,14.477,13.398,2.455,19,17,4,403484.03,78,77,74,70,107,106,102,101,20.571,20.526,22.49,22.417,5003.25,93387,38486,40484,4883,20900,9,13,1,0,0,28,23,14,20,9,9,FALSE,0,FALSE
1241.8679,18.489,17.829,14.488,13.409,2.442,19,17,4,399606.72,87,85,74,71,107,106,102,101,20.575,20.529,22.492,22.418,5025.367,93387,38486,40484,4883,20883,9,13,1,0,0,28,23,14,20,9,9,FALSE,0,FALSE
1242.3643,18.52,17.858,14.496,13.416,2.428,19,17,4,394262.5,79,77,72,70,107,106,102,101,20.579,20.532,22.493,22.418,5049.758,93387,38486,40484,4883,20883,9,13,1,0,0,28,23,14,20,9,9,FALSE,0,FALSE
1242.8635,18.539,17.875,14.498,13.42,2.415,19,17,4,363509.28,75,74,70,68,107,106,102,101,20.579,20.532,22.492,22.417,5077.219,93387,38486,40484,4883,20900,9,13,1,0,0,28,23,14,20,9,9,FALSE,0,FALSE
1243.3676,18.551,17.888,14.498,13.42,2.402,19,17,4,324057.4,73,72,69,69,107,106,102,101,20.577,20.53,22.491,22.416,5107.461,93387,38486,40484,4884,20900,9,13,1,0,0,28,23,14,20,9,9,FALSE,0,FALSE
1243.8636,18.562,17.899,14.499,13.42,2.388,19,17,4,286146.56,73,72,69,70,107,106,102,101,20.575,20.527,22.488,22.414,5139.594,93387,38486,40484,4884,20884,9,13,1,0,0,28,23,14,20,9,9,FALSE,0,FALSE
1244.3615,18.571,17.908,14.499,13.42,2.374,19,17,4,258073.66,73,72,70,70,107,106,102,101,20.571,20.524,22.485,22.411,5173.484,93387,38486,40484,4884,20884,9,13,1,0,0,28,23,14,20,9,9,FALSE,0,FALSE
1244.8622,18.578,17.915,14.499,13.42,2.362,19,17,4,252460.48,72,72,70,70,107,106,102,100,20.567,20.521,22.481,22.408,5208.727,93387,38486,40484,4884,20884,9,13,1,0,0,28,23,14,20,9,9,FALSE,0,FALSE
1245.3644,18.584,17.922,14.499,13.42,2.348,19,17,4,248707.67,72,72,70,70,107,106,102,100,20.563,20.516,22.477,22.405,5245.008,93387,38486,40484,4900,20900,9,13,1,0,0,28,23,14,20,9,9,FALSE,0,FALSE
1245.8672,18.591,17.929,14.499,13.42,2.334,19,17,4,244993.3,72,72,70,70,107,106,102,100,20.558,20.512,22.472,22.4,5282.266,93387,38486,40484,4900,20917,9,13,1,0,0,28,23,14,20,9,9,FALSE,0,FALSE
1246.3639,18.598,17.935,14.499,13.42,2.321,19,17,4,241317.02,72,72,70,70,107,106,101,100,20.553,20.507,22.467,22.395,5320.406,93387,38486,40484,4916,20917,9,13,1,0,0,28,23,14,20,9,9,FALSE,0,FALSE
1246.8636,18.605,17.942,14.499,13.42,2.307,19,17,4,237678.42,72,72,70,70,107,106,101,100,20.548,20.502,22.461,22.39,5359.336,93387,38486,40484,4916,20933,9,13,1,0,0,28,23,14,20,9,9,FALSE,0,FALSE
1247.3634,18.612,17.948,14.499,13.42,2.293,19,17,4,234077.11,72,72,70,70,106,106,101,100,20.542,20.497,22.455,22.384,5398.898,93387,38486,40484,4933,20950,9,13,1,0,0,28,23,14,20,9,9,FALSE,0,FALSE
1247.8647,18.618,17.955,14.499,13.42,2.28,19,17,5,235894.06,72,72,70,70,106,106,101,100,20.536,20.491,22.448,22.378,30.242,101576,0,0,4933,20950,9,14,1,0,0,28,23,14,20,9,9,FALSE,0,FALSE
1248.3639,18.624,17.961,14.499,13.42,2.266,19,17,5,232311.05,72,72,70,70,106,105,101,100,20.529,20.485,22.441,22.371,70.828,101576,0,0,4950,20950,9,14,1,0,0,28,23,14,20,9,9,FALSE,0,FALSE
1248.8639,18.63,17.967,14.499,13.42,2.253,19,17,5,228764.75,72,72,70,70,106,105,101,100,20.522,20.478,22.434,22.364,111.805,101576,0,0,4983,20966,9,14,1,0,0,28,23,14,20,9,9,FALSE,0,FALSE
1249.3625,18.637,17.973,14.499,13.42,2.239,19,17,5,225254.81,73,72,71,70,106,105,101,100,20.515,20.471,22.426,22.357,153.188,101576,0,0,5000,20983,9,14,1,0,0,28,23,14,20,9,9,FALSE,0,FALSE
1249.8627,18.643,17.979,14.499,13.42,2.225,19,17,5,221780.86,73,73,71,70,106,105,101,99,20.508,20.464,22.418,22.349,194.938,101576,0,0,5000,20983,9,14,1,0,0,28,23,14,20,9,9,FALSE,0,FALSE
1250.3624,18.649,17.985,14.499,13.42,2.211,19,17,5,218342.52,73,73,70,70,106,105,100,99,20.5,20.457,22.409,22.341,237.008,101576,0,0,5033,21017,9,14,1,0,0,28,23,14,20,9,9,FALSE,0,FALSE
1250.8628,18.656,17.992,14.499,13.42,2.198,19,17,5,214939.39,73,73,71,70,106,105,100,99,20.492,20.449,22.4,22.332,279.359,101576,0,0,5033,21017,9,14,1,0,0,28,23,14,20,9,9,FALSE,0,FALSE
1251.3649,18.662,17.998,14.499,13.42,2.184,19,17,5,211571.17,73,73,71,70,105,105,100,99,20.484,20.441,22.391,22.323,321.969,101576,0,0,5083,21017,9,14,1,0,0,28,23,14,20,9,9,FALSE,0,FALSE
1251.866,18.668,18.004,14.499,13.42,2.17,19,17,5,208237.48,74,73,71,71,105,104,100,99,20.476,20.433,22.382,22.315,364.812,101576,0,0,5083,21017,9,14,1,0,0,28,23,14,20,9,9,FALSE,0,FALSE
1252.3647,18.675,18.01,14.499,13.42,2.156,19,17,5,204937.97,73,72,70,70,105,104,100,99,20.467,20.425,22.372,22.305,407.844,101576,0,0,5083,21017,9,14,1,0,0,28,23,14,20,9,9,FALSE,0,FALSE
1252.8617,18.681,18.017,14.499,13.42,2.142,19,17,5,201672.27,73,73,70,70,105,104,100,99,20.459,20.416,22.363,22.296,451.016,101576,0,0,5083,21017,9,14,1,0,0,28,23,14,20,9,9,FALSE,0,FALSE
1253.3636,18.687,18.023,14.499,13.42,2.128,19,17,5,198440.05,73,72,70,70,105,104,100,98,20.449,20.408,22.353,22.286,494.344,101576,0,0,5216,21016,9,14,1,0,0,28,23,14,20,9,9,FALSE,0,FALSE
1253.8597,18.694,18.029,14.499,13.42,2.114,19,17,5,195240.97,73,72,70,70,105,104,99,98,20.44,20.398,22.343,22.277,537.805,101576,0,0,5216,21016,9,14,1,0,0,28,23,14,20,9,9,FALSE,0,FALSE
1254.3644,18.7,18.035,14.499,13.42,2.101,19,17,5,192074.7,74,74,71,70,104,104,99,98,20.43,20.389,22.332,22.267,581.359,101576,0,0,5216,21033,9,14,1,0,0,28,23,14,20,9,9,FALSE,0,FALSE
1254.8627,18.717,18.052,14.519,13.442,2.092,19,17,5,211811.42,74,74,76,75,104,104,99,98,20.423,20.382,22.326,22.26,623.156,101576,0,0,5216,21033,9,14,1,0,0,28,23,14,20,9,9,FALSE,0,FALSE
1255.3645,18.745,18.079,14.552,13.475,2.091,19,17,5,243826.34,75,75,77,77,104,103,99,98,20.421,20.381,22.33,22.264,656,101576,0,0,5334,21084,9,14,1,0,0,28,23,14,20,9,9,FALSE,0,FALSE
1255.8643,18.778,18.111,14.571,13.495,2.09,19,17,5,269180.84,78,77,75,75,104,104,99,98,20.423,20.383,22.336,22.271,680.352,101576,0,0,5334,21084,9,14,1,0,0,28,23,14,20,9,9,FALSE,0,FALSE
1256.3627,18.786,18.119,14.576,13.499,2.089,19,17,5,290329.3,72,72,72,71,104,104,99,98,20.425,20.385,22.342,22.277,698.812,101576,0,0,5334,21084,9,14,1,0,0,28,23,14,20,9,9,FALSE,0,FALSE
1256.864,18.792,18.124,14.584,13.507,2.089,19,17,5,307354.3,71,69,73,71,104,104,99,98,20.426,20.386,22.347,22.282,713.031,101576,0,0,5400,21084,9,14,1,0,0,28,23,14,20,9,9,FALSE,0,FALSE
1257.3658,18.801,18.129,14.595,13.515,2.089,19,17,5,317302.78,72,69,75,71,104,104,100,98,20.427,20.386,22.352,22.287,724.305,101576,0,0,5400,21250,9,14,1,0,0,28,23,14,20,9,9,FALSE,0,FALSE
1257.8646,18.807,18.135,14.614,13.526,2.089,19,17,5,327415.56,71,70,81,72,104,104,100,99,20.428,20.386,22.358,22.291,735.633,101576,0,0,5400,21250,9,14,1,0,0,28,23,14,20,9,9,FALSE,0,FALSE
1258.3671,18.821,18.147,14.641,13.543,2.087,19,17,5,333465.38,77,74,90,79,104,104,100,99,20.429,20.386,22.366,22.295,758.094,101576,0,0,5400,21250,9,14,1,0,0,28,23,14,20,9,9,FALSE,0,FALSE
1258.8651,18.854,18.168,14.657,13.559,2.084,19,17,5,339775.8,88,81,88,80,105,104,100,99,20.435,20.39,22.376,22.302,767.93,101576,0,0,5233,21183,9,14,1,0,0,28,23,14,20,9,9,FALSE,0,FALSE
1259.3646,18.896,18.204,14.664,13.565,2.079,19,17,5,346697.53,99,90,82,76,105,104,100,99,20.446,20.397,22.385,22.308,778.055,101576,0,0,5233,21183,9,14,1,0,0,28,23,14,20,9,9,FALSE,0,FALSE
1259.8655,18.934,18.238,14.667,13.567,2.073,19,17,5,356850.1,98,92,76,72,105,104,100,99,20.46,20.408,22.39,22.313,789.43,101576,0,0,5233,21183,9,14,1,0,0,28,23,14,20,9,9,FALSE,0,FALSE
1260.3668,18.946,18.249,14.671,13.573,2.066,19,17,5,362517.16,85,82,72,72,105,104,100,99,20.469,20.415,22.394,22.316,802.758,101576,0,0,5233,21183,9,14,1,0,0,28,23,14,20,9,9,FALSE,0,FALSE
1260.868,18.978,18.281,14.674,13.576,2.057,19,17,5,370193.25,87,85,69,71,105,104,100,99,20.476,20.421,22.395,22.318,818.102,101576,0,0,5233,21183,9,14,1,0,0,28,23,14,20,9,9,FALSE,0,FALSE
1261.3657,19.007,18.309,14.682,13.586,2.047,19,17,5,380486.1,85,85,70,73,105,104,100,99,20.481,20.427,22.396,22.32,836.32,101576,0,0,5366,21350,9,14,1,0,0,28,23,14,20,9,9,FALSE,0,FALSE
1261.8617,19.04,18.345,14.694,13.599,2.037,19,17,5,386791.16,85,87,72,75,105,104,100,99,20.486,20.433,22.397,22.323,862.914,101576,0,0,5366,21350,9,14,1,0,0,28,23,14,20,9,9,FALSE,0,FALSE
1262.3644,19.078,18.386,14.701,13.605,2.024,19,17,5,386871.44,84,86,70,71,106,105,100,99,20.491,20.44,22.397,22.325,883.727,101576,0,0,5383,21367,9,14,1,0,0,28,23,14,20,9,9,FALSE,0,FALSE
1262.8655,19.099,18.404,14.704,13.607,2.011,19,17,5,382220.62,76,78,69,69,106,105,100,99,20.493,20.443,22.397,22.324,907.555,101576,0,0,5383,21367,9,14,1,0,0,28,23,14,20,9,9,FALSE,0,FALSE
1263.3677,19.113,18.42,14.704,13.607,1.998,19,17,5,361090.3,75,74,67,69,106,105,100,99,20.492,20.443,22.395,22.323,934.305,101576,0,0,5383,21367,9,14,1,0,0,28,23,14,20,9,9,FALSE,0,FALSE
1263.863,19.136,18.445,14.71,13.612,1.984,19,17,5,320491.16,78,77,71,69,106,105,100,99,20.491,20.442,22.393,22.322,965.062,101576,0,0,5400,21367,9,14,1,0,0,28,23,14,20,9,9,FALSE,0,FALSE
1264.3628,19.163,18.468,14.72,13.623,1.971,19,17,5,290802.22,75,73,72,70,106,105,100,99,20.491,20.442,22.391,22.321,996.086,101576,0,0,5416,21367,9,14,1,0,0,28,23,14,20,9,9,FALSE,0,FALSE
1264.8657,19.178,18.481,14.724,13.627,1.958,19,17,5,262615.88,73,72,70,69,105,105,100,99,20.489,20.439,22.389,22.318,1028.008,101576,0,0,5416,21383,9,14,1,0,0,28,23,14,20,9,9,FALSE,0,FALSE
1265.3647,19.189,18.49,14.725,13.628,1.944,19,17,5,237521.75,72,71,69,69,105,105,100,99,20.486,20.436,22.385,22.315,1061.695,101576,0,0,5416,21383,9,14,1,0,0,28,23,14,20,9,9,FALSE,0,FALSE
1265.8633,19.199,18.499,14.726,13.63,1.931,19,17,5,219406.1,71,70,69,69,105,104,100,99,20.482,20.432,22.381,22.31,1096.75,101576,0,0,5416,21383,9,14,1,0,0,28,23,14,20,9,9,FALSE,0,FALSE
1266.3647,19.208,18.507,14.726,13.63,1.917,19,17,5,207747.23,72,72,70,69,105,104,100,99,20.477,20.427,22.377,22.306,1132.898,101576,0,0,5433,21383,9,14,1,0,0,28,23,14,20,9,9,FALSE,0,FALSE
1266.8634,19.216,18.514,14.726,13.63,1.904,19,17,5,204452.75,72,72,70,69,105,104,100,99,20.472,20.423,22.371,22.301,1170,101576,0,0,5433,21416,9,14,1,0,0,28,23,14,20,9,9,FALSE,0,FALSE
1267.3605,19.223,18.521,14.726,13.63,1.89,19,17,5,201192.02,72,72,70,69,105,104,100,99,20.467,20.418,22.366,22.296,1207.969,101576,0,0,5433,21416,9,14,1,0,0,28,23,14,20,9,9,FALSE,0,FALSE
1267.8656,19.23,18.528,14.726,13.63,1.876,19,17,5,197964.72,72,72,70,70,105,104,100,98,20.462,20.413,22.36,22.29,1246.695,101576,0,0,5500,21416,9,14,1,0,0,28,23,14,20,9,9,FALSE,0,FALSE
1268.3666,19.237,18.535,14.726,13.63,1.862,19,17,5,194770.53,72,72,70,70,105,104,100,98,20.456,20.408,22.353,22.284,1286.094,101576,0,0,5500,21450,9,14,1,0,0,28,23,14,20,9,9,FALSE,0,FALSE
1268.8623,19.244,18.541,14.726,13.63,1.85,19,17,5,196871.7,72,72,70,70,105,104,99,98,20.45,20.402,22.346,22.278,1325.969,101576,0,0,5500,21450,9,14,1,0,0,28,23,14,20,9,9,FALSE,0,FALSE
1269.3635,19.25,18.547,14.726,13.63,1.836,19,17,5,193688.66,72,72,70,70,105,104,99,98,20.443,20.396,22.339,22.271,1366.219,101576,0,0,5600,21450,9,14,1,0,0,28,23,14,20,9,9,FALSE,0,FALSE
1269.8604,19.26,18.556,14.734,13.637,1.823,19,17,5,198997.81,73,73,74,73,105,104,99,98,20.437,20.39,22.332,22.264,1406.664,101576,0,0,5600,21484,9,14,1,0,0,28,23,14,20,9,9,FALSE,0,FALSE
1270.3634,19.282,18.575,14.763,13.659,1.821,19,17,5,231009.14,73,72,74,72,104,104,99,98,20.435,20.388,22.334,22.266,1440.859,101576,0,0,5700,21500,9,14,1,0,0,28,23,14,20,9,9,FALSE,0,FALSE
1270.8644,19.289,18.582,14.769,13.662,1.82,19,17,5,258998.64,70,69,70,70,104,104,99,98,20.433,20.386,22.336,22.268,1468.883,101576,0,0,5700,21500,9,14,1,0,0,28,23,14,20,9,9,FALSE,0,FALSE
1271.3654,19.302,18.591,14.784,13.676,1.82,19,17,5,284256.4,73,70,74,73,104,104,99,98,20.433,20.385,22.339,22.271,1492.609,101576,0,0,5783,21633,9,14,1,0,0,28,23,14,20,9,9,FALSE,0,FALSE
1271.8662,19.33,18.612,14.828,13.711,1.82,19,17,5,304487.75,80,74,87,80,105,104,99,98,20.435,20.386,22.346,22.277,1511.875,101576,0,0,5783,21633,9,14,1,0,0,28,23,14,20,9,9,FALSE,0,FALSE
1272.3663,19.355,18.629,14.88,13.756,1.82,19,17,5,319610.78,82,74,95,88,105,104,100,98,20.44,20.388,22.358,22.286,1530.203,101576,0,0,5700,21633,9,14,1,0,0,28,23,14,20,9,9,FALSE,0,FALSE
1272.867,19.377,18.646,14.925,13.791,1.816,19,17,5,326128.94,82,75,96,88,105,104,100,99,20.445,20.39,22.37,22.296,1556.609,101576,0,0,5700,21650,9,14,1,0,0,28,23,14,20,9,9,FALSE,0,FALSE
1273.3639,19.4,18.665,14.952,13.81,1.81,19,17,5,332381.53,82,77,91,82,105,104,100,99,20.45,20.392,22.381,22.304,1574.969,101576,0,0,5700,21650,9,14,1,0,0,28,23,14,20,9,9,FALSE,0,FALSE
1273.8667,19.424,18.685,14.972,13.826,1.803,19,17,5,338728.75,82,77,84,77,105,104,100,99,20.454,20.395,22.39,22.309,1592.547,101576,0,0,5650,21600,9,14,1,0,0,28,23,14,20,9,9,FALSE,0,FALSE
1274.362,19.447,18.705,14.981,13.833,1.794,19,17,5,343753.66,80,76,76,72,105,104,100,99,20.459,20.398,22.395,22.312,1610.109,101576,0,0,5650,21600,9,14,1,0,0,28,23,14,20,9,9,FALSE,0,FALSE
1274.8629,19.463,18.722,14.986,13.839,1.783,19,17,5,344712.9,77,75,72,70,105,104,100,99,20.461,20.399,22.396,22.313,1630.344,101576,0,0,5650,21600,9,14,1,0,0,28,23,14,20,9,9,FALSE,0,FALSE
1275.3643,19.489,18.748,14.991,13.843,1.77,19,17,5,341463.5,79,78,71,68,105,104,100,99,20.462,20.4,22.397,22.313,1653.281,101576,0,0,5650,21600,9,14,1,0,0,28,23,14,20,9,9,FALSE,0,FALSE
1275.8636,19.507,18.766,14.991,13.844,1.757,19,17,5,327396.94,74,74,68,67,105,104,100,99,20.463,20.401,22.395,22.312,1678.781,101576,0,0,5600,21550,9,14,1,0,0,28,23,14,20,9,9,FALSE,0,FALSE
1276.3617,19.522,18.781,14.993,13.845,1.743,19,17,5,295187.66,73,73,68,68,105,104,100,99,20.462,20.4,22.393,22.31,1707.039,101576,0,0,5600,21550,9,14,1,0,0,28,23,14,20,9,9,FALSE,0,FALSE
1276.8636,19.533,18.795,14.997,13.848,1.731,19,17,5,281001.72,72,73,69,70,105,104,100,99,20.46,20.399,22.39,22.308,1737.203,101576,0,0,5567,21550,9,14,1,0,0,28,23,14,20,9,9,FALSE,0,FALSE
1277.362,19.547,18.812,15.006,13.857,1.717,19,17,5,276791.88,72,74,70,72,105,104,100,99,20.457,20.398,22.388,22.306,1769.016,101576,0,0,5567,21550,9,14,1,0,0,28,23,14,20,9,9,FALSE,0,FALSE
1277.863,19.561,18.831,15.016,13.866,1.703,19,17,5,272518.84,72,74,71,72,105,104,100,99,20.454,20.396,22.385,22.305,1802.703,101576,0,0,5550,21483,9,14,1,0,0,28,23,14,20,9,9,FALSE,0,FALSE
1278.3645,19.584,18.859,15.035,13.884,1.69,19,17,5,273502.9,73,77,74,72,105,104,100,99,20.451,20.396,22.382,22.303,1838.516,101576,30402,0,5566,21483,9,14,1,0,0,28,23,14,20,9,9,FALSE,0,FALSE
1278.8638,19.628,18.895,15.1,13.939,1.69,19,17,5,304473.56,83,79,91,84,105,104,100,99,20.451,20.396,22.384,22.304,1869.477,101576,30402,0,5566,21517,9,14,1,0,0,28,23,14,20,9,9,FALSE,0,FALSE
1279.3629,19.681,18.936,15.207,14.025,1.689,19,17,5,319120.8,84,78,102,92,105,104,100,99,20.456,20.398,22.395,22.312,1897.391,101576,30402,0,5600,21517,9,14,1,0,0,28,23,14,20,9,9,FALSE,0,FALSE
1279.8616,19.728,18.973,15.295,14.098,1.681,19,17,5,325579.1,87,81,101,92,105,104,100,99,20.46,20.4,22.406,22.319,1926.164,101576,30402,0,5600,21550,9,14,1,0,0,28,23,14,20,9,9,FALSE,0,FALSE
1280.3635,19.778,19.013,15.338,14.134,1.671,19,17,5,331397,86,80,86,80,105,104,101,99,20.465,20.402,22.414,22.324,1953.625,101576,30402,0,5600,21550,9,14,1,0,0,28,23,14,20,9,9,FALSE,0,FALSE
1280.866,19.799,19.031,15.345,14.141,1.658,19,17,5,327923.12,76,73,72,71,105,104,101,99,20.467,20.402,22.414,22.324,1980.961,101576,30402,0,5600,21550,9,14,1,0,0,28,23,14,20,9,9,FALSE,0,FALSE
1281.3645,19.825,19.061,15.375,14.177,1.645,19,17,5,328858.84,76,79,78,82,105,104,101,99,20.465,20.4,22.412,22.323,2011.32,101576,30402,0,5584,21550,9,14,1,0,0,28,23,14,20,9,9,FALSE,0,FALSE
1281.8629,19.883,19.133,15.443,14.258,1.634,19,17,5,334468.34,84,88,86,93,105,104,101,99,20.466,20.404,22.414,22.327,2043.445,101576,30402,0,5584,21550,9,14,1,0,0,28,23,14,20,9,9,FALSE,0,FALSE
1282.3619,19.935,19.195,15.508,14.339,1.621,19,17,5,336837,83,87,85,92,105,104,101,99,20.467,20.408,22.416,22.333,2073.906,101576,30402,0,5584,21583,9,14,1,0,0,28,23,14,20,9,9,FALSE,0,FALSE
1282.865,19.987,19.258,15.546,14.384,1.609,19,17,5,339030.28,80,84,76,80,105,104,101,99,20.468,20.412,22.416,22.336,2104.5,101576,30402,0,5584,21583,9,14,1,0,0,28,23,14,20,9,9,FALSE,0,FALSE
1283.3624,19.999,19.273,15.553,14.389,1.595,19,17,5,331621.56,72,75,72,71,105,104,101,99,20.464,20.41,22.411,22.332,2136.844,101576,30402,0,5550,21583,9,14,1,0,0,28,23,14,20,9,9,FALSE,0,FALSE
1283.8643,20.012,19.29,15.56,14.396,1.581,19,17,5,324281.6,73,75,71,72,105,104,100,99,20.46,20.408,22.406,22.328,2170.484,101576,30402,0,5550,21617,9,14,1,0,0,28,23,14,20,9,9,FALSE,0,FALSE
1284.363,20.034,19.313,15.589,14.425,1.578,19,17,5,352340.4,74,74,77,77,105,104,100,99,20.457,20.406,22.406,22.328,2200.758,101576,30402,0,5550,21633,9,14,1,0,0,28,23,14,20,9,9,FALSE,0,FALSE
1284.8633,20.049,19.327,15.6,14.437,1.577,19,17,5,377578.66,73,72,75,73,105,104,100,99,20.457,20.407,22.41,22.332,2223.758,101576,30402,0,5566,21633,9,14,1,0,0,28,23,14,20,9,9,FALSE,0,FALSE
1285.3617,20.063,19.336,15.613,14.451,1.577,19,17,5,398078.53,75,70,76,74,105,104,101,99,20.458,20.406,22.414,22.336,2242.477,101576,30402,0,5566,21717,9,14,1,0,0,28,23,14,20,9,9,FALSE,0,FALSE
1285.8646,20.079,19.348,15.638,14.471,1.577,19,17,5,415931.8,77,72,82,77,105,104,101,99,20.46,20.406,22.419,22.34,2257.266,101576,30402,0,5583,21717,9,14,1,0,0,28,23,14,20,9,9,FALSE,0,FALSE
1286.3649,20.094,19.36,15.679,14.497,1.577,19,17,5,427922.66,77,73,93,82,105,104,101,99,20.463,20.408,22.429,22.347,2269.867,101576,30402,0,5583,21717,9,14,1,0,0,28,23,14,20,9,9,FALSE,0,FALSE
1286.8633,20.105,19.371,15.715,14.524,1.575,19,17,5,433648.56,77,73,98,86,105,104,101,100,20.465,20.408,22.441,22.353,2287.633,101576,30402,0,5400,21717,9,14,1,0,0,28,23,14,20,9,9,FALSE,0,FALSE
1287.3599,20.132,19.393,15.738,14.54,1.572,19,17,5,439394.66,85,79,94,83,105,104,101,100,20.47,20.411,22.453,22.361,2301.211,101576,30402,0,5400,21717,9,14,1,0,0,28,23,14,20,9,9,FALSE,0,FALSE
1287.8644,20.148,19.405,15.742,14.544,1.568,19,17,5,445279.2,82,76,83,76,105,104,101,100,20.476,20.414,22.461,22.367,2313.141,101576,30402,0,5400,21633,9,14,1,0,0,28,23,14,20,9,9,FALSE,0,FALSE
1288.3649,20.162,19.419,15.751,14.551,1.561,19,17,5,451658.53,80,76,79,73,105,104,101,100,20.479,20.416,22.466,22.37,2325.789,101576,30402,0,5400,21633,9,14,1,0,0,28,23,14,20,9,9,FALSE,0,FALSE
1288.8606,20.19,19.451,15.754,14.554,1.551,19,17,5,456556.9,85,85,74,70,105,104,101,100,20.483,20.419,22.469,22.371,2340.492,101576,30402,0,5417,21633,9,14,1,0,0,28,23,14,20,9,9,FALSE,0,FALSE
1289.3638,20.229,19.487,15.756,14.556,1.54,19,17,5,464583.53,86,85,71,67,106,104,101,100,20.49,20.426,22.469,22.371,2357.992,101576,30402,0,5417,21633,9,14,1,0,0,28,23,14,20,9,9,FALSE,0,FALSE
1289.8652,20.246,19.504,15.756,14.556,1.529,19,17,5,474608.4,79,78,68,67,106,104,101,100,20.493,20.429,22.469,22.37,2378.062,101576,30402,0,5417,21633,9,14,1,0,0,28,23,14,20,9,9,FALSE,0,FALSE
1290.3652,20.265,19.527,15.756,14.556,1.516,19,17,5,454401.25,77,77,67,68,106,104,101,100,20.494,20.431,22.466,22.368,2400.742,101576,30402,0,5416,21633,9,14,1,0,0,28,23,14,20,9,9,FALSE,0,FALSE
1290.8628,20.281,19.545,15.756,14.556,1.503,19,17,5,423845.28,75,74,67,68,106,104,101,100,20.494,20.431,22.464,22.366,2426.188,101576,30402,0,5416,21633,9,14,1,0,0,28,23,14,20,9,9,FALSE,0,FALSE
1291.359,20.295,19.56,15.756,14.556,1.49,19,17,5,382120.9,73,73,68,68,106,104,101,100,20.493,20.43,22.46,22.364,2453.109,101576,30402,0,5416,21633,9,14,1,0,0,28,23,14,20,9,9,FALSE,0,FALSE
1291.8655,20.307,19.572,15.756,14.556,1.477,19,17,5,355015.16,72,71,68,68,106,104,101,100,20.49,20.427,22.457,22.361,2484.25,101576,30402,0,5416,21650,9,14,1,0,0,28,23,14,20,9,9,FALSE,0,FALSE
1292.3606,20.316,19.58,15.756,14.556,1.463,19,17,5,347379.66,71,71,69,68,105,104,101,100,20.486,20.424,22.453,22.357,2516.016,101576,30402,0,5416,21650,9,14,1,0,0,28,23,14,20,9,9,FALSE,0,FALSE
1292.8617,20.325,19.59,15.758,14.557,1.449,19,17,5,339656.62,71,72,69,69,105,104,101,100,20.483,20.421,22.448,22.353,2549.32,101576,30402,0,5416,21667,9,14,1,0,0,28,23,14,20,9,9,FALSE,0,FALSE
1293.362,20.344,19.614,15.779,14.579,1.435,19,17,5,332121.3,74,77,74,76,105,104,101,100,20.479,20.418,22.444,22.35,2584.031,101576,30402,0,5416,21683,9,14,1,0,0,28,23,14,20,9,9,FALSE,0,FALSE
1293.8652,20.39,19.67,15.829,14.633,1.423,19,17,5,330034.16,78,82,78,81,105,104,101,100,20.477,20.419,22.442,22.35,2618.734,101576,30402,0,5416,21717,9,14,1,0,0,28,23,14,20,9,9,FALSE,0,FALSE
1294.3608,20.42,19.707,15.864,14.667,1.418,19,17,5,350977,75,77,76,78,105,104,101,100,20.475,20.419,22.441,22.351,2653.992,101576,30402,0,5500,21717,9,14,1,0,0,28,23,14,20,9,9,FALSE,0,FALSE
1294.8636,20.439,19.731,15.883,14.686,1.416,19,17,5,377531.47,73,76,74,76,105,104,101,100,20.475,20.421,22.444,22.355,2682.43,101576,30402,0,5500,21750,9,14,1,0,0,28,23,14,20,9,9,FALSE,0,FALSE
1295.3632,20.45,19.745,15.895,14.697,1.415,19,17,5,400964.1,72,74,73,75,105,104,101,100,20.475,20.422,22.446,22.359,2703.664,101576,30402,0,5533,21750,9,14,1,0,0,28,23,14,20,9,9,FALSE,0,FALSE
1295.8618,20.467,19.765,15.914,14.717,1.415,19,17,5,420592.94,74,78,76,79,105,104,101,100,20.475,20.425,22.45,22.364,2720.875,101576,30402,0,5533,21750,9,14,1,0,0,28,23,14,20,9,9,FALSE,0,FALSE
1296.3622,20.483,19.785,15.934,14.744,1.415,19,17,5,436226.47,75,80,79,85,105,104,101,100,20.477,20.429,22.455,22.372,2734.312,101576,30402,0,5467,21750,9,14,1,0,0,28,23,14,20,9,9,FALSE,0,FALSE
1296.8617,20.491,19.795,15.953,14.774,1.415,19,17,5,446315.38,74,77,81,91,105,104,101,100,20.479,20.433,22.46,22.381,2744.945,101576,30402,0,5467,21750,9,14,1,0,0,28,23,14,20,9,9,FALSE,0,FALSE
1297.36,20.498,19.804,15.968,14.795,1.413,19,17,5,451312.7,73,76,81,90,105,105,101,100,20.48,20.436,22.466,22.392,2761.461,101576,30402,0,5467,21750,9,14,1,0,0,28,23,14,20,9,9,FALSE,0,FALSE
1297.8638,20.506,19.813,15.973,14.801,1.41,19,17,5,456489.25,73,76,76,83,105,105,102,100,20.481,20.439,22.471,22.401,2771.445,101576,30402,0,5450,21750,9,14,1,0,0,28,23,14,20,9,9,FALSE,0,FALSE
1298.3613,20.518,19.824,15.976,14.804,1.403,19,17,5,461298.8,74,76,72,77,105,105,102,100,20.481,20.441,22.473,22.407,2782.711,101576,30402,0,5450,21816,9,14,1,0,0,28,23,14,20,9,9,FALSE,0,FALSE
1298.864,20.53,19.838,15.976,14.804,1.395,19,17,5,465240.53,75,76,68,72,105,105,102,100,20.482,20.443,22.474,22.409,2796.844,101576,30402,0,5450,21816,9,14,1,0,0,28,23,14,20,9,9,FALSE,0,FALSE
1299.3606,20.545,19.858,15.976,14.804,1.384,19,17,5,472070.22,76,79,67,70,105,105,102,100,20.484,20.445,22.473,22.41,2813.438,101576,30402,0,5450,21816,9,14,1,0,0,28,23,14,20,9,9,FALSE,0,FALSE
1299.8632,20.566,19.881,15.977,14.805,1.374,19,17,5,483088.94,77,79,67,67,105,105,102,100,20.485,20.447,22.472,22.41,2832.352,101576,30402,0,5450,21816,9,14,1,0,0,28,23,14,20,9,9,FALSE,0,FALSE
1300.3632,20.591,19.903,15.977,14.805,1.361,19,17,5,480325.5,77,77,67,67,105,105,101,100,20.487,20.45,22.47,22.408,2853.805,101576,30402,0,5467,21816,9,14,1,0,0,28,23,14,20,9,9,FALSE,0,FALSE
1300.8655,20.606,19.918,15.977,14.805,1.348,19,17,5,474757.53,74,74,68,67,105,105,101,100,20.488,20.451,22.467,22.406,2878.031,101576,30402,0,5467,21850,9,14,1,0,0,28,23,14,20,9,9,FALSE,0,FALSE
1301.364,20.621,19.933,15.977,14.805,1.335,19,17,5,434694.03,73,73,68,68,105,105,101,100,20.487,20.451,22.465,22.404,2904.742,101576,30402,0,5450,21850,9,14,1,0,0,28,23,14,20,9,9,FALSE,0,FALSE
1301.8658,20.634,19.946,15.977,14.805,1.321,19,17,5,386903.25,73,73,68,68,105,105,101,100,20.485,20.449,22.462,22.401,2933.953,101576,30402,0,5434,21850,9,14,1,0,0,28,23,14,20,9,9,FALSE,0,FALSE
1302.3612,20.643,19.955,15.977,14.805,1.308,19,17,5,370230.53,72,72,69,69,105,105,101,100,20.483,20.447,22.458,22.398,2965.203,101576,30402,0,5434,21834,9,14,1,0,0,28,23,14,20,9,9,FALSE,0,FALSE
1302.8602,20.651,19.964,15.977,14.805,1.294,19,17,5,362103.78,71,71,69,69,105,105,101,100,20.48,20.444,22.454,22.395,2998.156,101576,30402,0,5433,21834,9,14,1,0,0,28,23,14,20,9,9,FALSE,0,FALSE
1303.3638,20.659,19.972,15.977,14.805,1.281,19,17,5,354080.2,72,71,69,69,105,105,101,100,20.476,20.441,22.45,22.391,3032.57,101576,30402,0,5433,21833,9,14,1,0,0,28,23,14,20,9,9,FALSE,0,FALSE
1303.861,20.666,19.979,15.977,14.805,1.268,19,17,5,351531.4,72,71,70,69,105,105,101,100,20.472,20.438,22.445,22.386,3068.148,101576,30402,0,5466,21850,9,14,1,0,0,28,23,14,20,9,9,FALSE,0,FALSE
1304.3625,20.674,19.986,15.977,14.805,1.254,19,17,5,343707.47,72,71,69,69,105,104,101,100,20.468,20.434,22.439,22.381,3104.727,101576,30402,0,5466,21850,9,14,1,0,0,28,23,14,20,9,9,FALSE,0,FALSE
1304.8599,20.681,19.993,15.977,14.805,1.24,19,17,5,336073.72,72,71,70,69,105,104,101,100,20.464,20.429,22.434,22.376,3142.281,101576,30402,0,5466,21883,9,14,1,0,0,28,23,14,20,9,9,FALSE,0,FALSE
1305.3638,20.688,20,15.977,14.805,1.227,19,17,5,328625.53,72,72,70,70,105,104,101,100,20.459,20.425,22.427,22.37,3180.719,101576,30402,0,5534,21900,9,14,1,0,0,28,23,14,20,9,9,FALSE,0,FALSE
1305.865,20.695,20.007,15.977,14.805,1.213,19,17,5,321358.38,72,72,70,70,105,104,101,100,20.454,20.42,22.421,22.364,3219.945,101576,30402,0,5534,21900,9,14,1,0,0,28,23,14,20,9,9,FALSE,0,FALSE
1306.3645,20.702,20.014,15.977,14.805,1.199,19,17,5,314267.84,72,72,70,70,105,104,101,100,20.448,20.415,22.414,22.357,3259.836,101576,30402,0,5583,21933,9,14,1,0,0,28,23,14,20,9,9,FALSE,0,FALSE
1306.8618,20.708,20.02,15.977,14.805,1.186,19,17,5,312586.22,72,72,70,70,105,104,100,100,20.442,20.409,22.407,22.35,3300.156,101576,30402,0,5583,21950,9,14,1,0,0,28,23,14,20,9,9,FALSE,0,FALSE
1307.3577,20.715,20.026,15.977,14.805,1.173,19,17,5,306236.56,72,72,70,69,105,104,100,99,20.437,20.403,22.399,22.343,3339.547,101576,30402,0,5666,21966,9,14,1,0,0,28,23,14,20,9,9,FALSE,0,FALSE
1307.8547,20.731,20.043,15.999,14.827,1.164,19,17,5,321744.9,74,74,75,76,104,104,100,99,20.431,20.398,22.394,22.338,3379.07,101576,30402,0,5666,21966,9,14,1,0,0,28,23,14,20,9,9,FALSE,0,FALSE
1308.3558,20.753,20.075,16.028,14.863,1.162,19,17,5,351483.8,73,75,75,77,104,104,100,99,20.431,20.399,22.397,22.343,3410.211,101576,30402,0,5717,21983,9,14,1,0,0,28,23,14,20,9,9,FALSE,0,FALSE
1308.8617,20.774,20.104,16.061,14.899,1.162,19,17,5,374686.03,74,79,79,82,104,104,100,99,20.431,20.402,22.403,22.35,3435.477,101576,30402,0,5733,22016,9,14,1,0,0,28,23,14,20,9,9,FALSE,0,FALSE
1309.3643,20.796,20.134,16.088,14.936,1.162,19,17,5,386206.1,74,80,77,85,104,104,100,100,20.432,20.406,22.409,22.358,3457.445,101576,30402,0,5733,22016,9,14,1,0,0,28,23,14,20,9,9,FALSE,0,FALSE
1309.8627,20.814,20.158,16.122,14.978,1.162,19,17,5,394645.94,75,80,82,90,104,104,101,100,20.434,20.41,22.414,22.367,3481.984,101576,30402,0,5750,22016,9,14,1,0,0,28,23,14,20,9,9,FALSE,0,FALSE
1310.3649,20.872,20.231,16.16,15.028,1.157,19,17,5,401829.8,93,101,85,94,105,104,101,100,20.438,20.417,22.42,22.377,3502.93,101576,30402,0,5750,22016,9,14,1,0,0,28,23,14,20,9,9,FALSE,0,FALSE
1310.862,20.945,20.316,16.179,15.051,1.152,19,17,5,408456.12,97,105,80,87,105,104,101,100,20.45,20.434,22.425,22.385,3521.594,101576,30402,0,5750,22050,9,14,1,0,0,28,23,14,20,9,9,FALSE,0,FALSE
1311.3645,20.96,20.332,16.19,15.064,1.142,19,17,5,413777.1,80,83,74,78,105,105,101,100,20.456,20.443,22.428,22.391,3541.062,101576,30402,0,5850,22050,9,14,1,0,0,28,23,14,20,9,9,FALSE,0,FALSE
1311.8635,20.992,20.363,16.2,15.074,1.129,19,17,5,411195,82,84,72,75,105,105,101,100,20.458,20.446,22.429,22.393,3562.562,101576,30402,0,5850,22050,9,14,1,0,0,28,23,14,20,9,9,FALSE,0,FALSE
1312.3595,21.052,20.429,16.216,15.091,1.116,19,17,5,407607.22,89,93,74,76,105,105,101,100,20.463,20.453,22.429,22.394,3586.422,101576,30402,0,5850,22166,9,14,1,0,0,28,23,14,20,9,9,FALSE,0,FALSE
1312.8586,21.111,20.497,16.234,15.11,1.103,19,17,5,408002.38,86,91,73,75,105,105,101,100,20.469,20.461,22.429,22.396,3611.523,101576,30402,0,5967,22166,9,14,1,0,0,28,23,14,20,9,9,FALSE,0,FALSE
1313.3632,21.13,20.517,16.244,15.12,1.089,19,17,5,401206.9,76,79,73,73,105,105,101,100,20.47,20.463,22.427,22.395,3640.656,101576,30402,0,5967,22367,9,14,1,0,0,28,23,14,20,9,9,FALSE,0,FALSE
1313.8641,21.157,20.549,16.261,15.136,1.075,19,17,5,393831.03,74,78,73,73,105,105,101,100,20.468,20.464,22.426,22.394,3670.727,101576,30402,0,5967,22367,9,14,1,0,0,28,23,14,20,9,9,FALSE,0,FALSE
1314.362,21.173,20.569,16.272,15.146,1.062,19,17,5,391345.72,72,76,71,72,105,105,101,100,20.465,20.463,22.424,22.392,3702.211,101576,30402,0,5967,22417,9,14,1,0,0,28,23,14,20,9,9,FALSE,0,FALSE
1314.8638,21.184,20.581,16.274,15.148,1.049,19,17,5,382929.34,71,72,70,69,105,105,101,100,20.461,20.46,22.42,22.389,3734.961,101576,30402,0,5984,22417,9,14,1,0,0,28,23,14,20,9,9,FALSE,0,FALSE
1315.3636,21.227,20.618,16.325,15.194,1.035,19,17,5,374599.6,84,81,86,81,105,105,101,100,20.459,20.457,22.418,22.386,3769.25,101576,30402,0,5984,22467,9,14,1,0,0,28,23,14,20,9,9,FALSE,0,FALSE
1315.8605,21.306,20.685,16.406,15.266,1.021,19,17,5,366392.28,87,82,88,83,105,105,101,100,20.462,20.458,22.421,22.387,3804.836,101576,30402,0,6016,22467,9,14,1,0,0,28,23,14,20,9,9,FALSE,0,FALSE
1316.361,21.369,20.734,16.459,15.321,1.007,19,17,5,358305.62,85,78,83,81,105,105,101,100,20.464,20.456,22.421,22.387,3841.375,101576,30402,0,6016,22483,9,14,1,0,0,28,23,14,20,9,9,FALSE,0,FALSE
1316.8645,21.443,20.797,16.553,15.405,0.993,19,17,5,350339.84,88,83,93,87,105,105,101,100,20.466,20.455,22.423,22.387,3878.062,101576,30402,0,6016,22500,9,14,1,0,0,28,23,14,20,9,9,FALSE,0,FALSE
1317.3575,21.523,20.866,16.656,15.494,0.98,19,17,5,342801.6,88,83,94,88,105,105,101,100,20.468,20.455,22.426,22.388,3912.906,101576,30402,0,6050,22500,9,14,1,0,0,28,23,14,20,9,9,FALSE,0,FALSE
1317.8618,21.61,20.94,16.766,15.59,0.966,19,17,5,334939.34,90,85,92,86,105,105,101,100,20.47,20.455,22.43,22.389,3949.164,101576,30402,0,6050,22517,9,14,1,0,0,28,23,14,20,9,9,FALSE,0,FALSE
1318.3605,21.654,20.977,16.8,15.622,0.953,19,17,5,332891.34,77,74,76,73,105,105,101,100,20.469,20.453,22.428,22.386,3984.406,101576,30402,0,6133,22550,9,14,1,0,0,28,23,14,20,9,9,FALSE,0,FALSE
1318.8623,21.663,20.984,16.8,15.623,0.939,19,17,5,325520.44,72,72,70,70,105,105,101,100,20.463,20.446,22.421,22.379,4020.945,101576,30402,40770,6133,22550,9,14,1,0,0,28,23,14,20,9,9,FALSE,0,FALSE
1319.3617,21.683,21.003,16.824,15.647,0.934,19,17,5,350371.1,74,72,75,75,105,105,101,100,20.459,20.441,22.418,22.376,4054.891,101576,30402,40770,6167,22583,9,14,1,0,0,28,23,14,20,9,9,FALSE,0,FALSE
1319.8613,21.721,21.031,16.876,15.692,0.933,19,17,5,376986,81,76,87,81,105,105,101,100,20.459,20.44,22.422,22.379,4082,101576,30402,40770,6167,22583,9,14,1,0,0,28,23,14,20,9,9,FALSE,0,FALSE
1320.8611,21.803,21.093,17.026,15.81,0.933,19,17,5,419361.78,83,77,103,91,105,105,101,100,20.468,20.442,22.443,22.394,4126.836,101576,30402,40770,6167,22517,9,14,1,0,0,28,23,14,20,9,9,FALSE,0,FALSE
1321.3644,21.827,21.112,17.089,15.854,0.929,19,17,5,426836.7,81,77,102,89,105,105,101,100,20.47,20.443,22.456,22.402,4148.289,101576,30402,40770,6083,22517,9,14,1,0,0,28,23,14,20,9,9,FALSE,0,FALSE
1321.862,21.855,21.135,17.127,15.883,0.923,19,17,5,433658.3,83,78,94,84,105,105,101,100,20.473,20.444,22.467,22.408,4169.32,101576,30402,40770,6100,22517,9,14,1,0,0,28,23,14,20,9,9,FALSE,0,FALSE
1322.363,21.882,21.157,17.149,15.901,0.915,19,17,5,440077.53,81,77,83,76,105,105,102,101,20.476,20.445,22.474,22.412,4188.891,101576,30402,40770,6100,22517,9,14,1,0,0,28,23,14,20,9,9,FALSE,0,FALSE
1322.8596,21.906,21.182,17.157,15.908,0.902,19,17,5,436490.5,80,78,76,72,105,105,102,101,20.477,20.445,22.476,22.412,4210.156,101576,30402,40770,6100,22550,9,14,1,0,0,28,23,14,20,9,9,FALSE,0,FALSE
1323.3644,21.958,21.235,17.165,15.916,0.89,19,17,5,421506.44,86,85,73,70,105,105,102,100,20.481,20.447,22.475,22.41,4234.258,101576,30402,40770,6100,22550,9,14,1,0,0,28,23,14,20,9,9,FALSE,0,FALSE
1323.8633,21.975,21.251,17.165,15.917,0.876,19,17,5,381509.66,75,75,69,68,105,105,102,100,20.481,20.448,22.473,22.407,4261.133,101576,30402,40770,6100,22550,9,14,1,0,0,28,23,14,20,9,9,FALSE,0,FALSE
1324.364,21.992,21.266,17.165,15.917,0.862,19,17,5,337294.22,74,73,66,67,105,105,101,100,20.478,20.446,22.469,22.403,4290.414,101576,30402,40770,6100,22600,9,14,1,0,0,28,23,14,20,9,9,FALSE,0,FALSE
1324.8616,22.005,21.277,17.165,15.917,0.85,19,17,5,299902.06,73,72,69,69,105,105,101,100,20.475,20.442,22.464,22.399,4321.492,101576,30402,40770,6067,22600,9,14,1,0,0,28,23,14,20,9,9,FALSE,0,FALSE
1325.3649,22.015,21.287,17.165,15.917,0.836,19,17,5,269654.53,72,72,69,69,105,105,101,100,20.471,20.438,22.459,22.394,4354.344,101576,30402,40770,6066,22633,9,14,1,0,0,28,23,14,20,9,9,FALSE,0,FALSE
1325.8652,22.024,21.296,17.165,15.917,0.822,19,17,5,243837.48,71,71,69,69,105,104,101,100,20.467,20.433,22.454,22.39,4388.82,101576,30402,40770,6066,22633,9,14,1,0,0,28,23,14,20,9,9,FALSE,0,FALSE
1326.3615,22.033,21.304,17.165,15.917,0.809,19,17,5,225437.69,71,71,69,69,105,104,101,100,20.461,20.428,22.448,22.384,4424.602,101576,30402,40770,6066,22633,9,14,1,0,0,28,23,14,20,9,9,FALSE,0,FALSE
1326.8608,22.041,21.312,17.166,15.917,0.795,19,17,5,202906.62,72,71,70,69,105,104,101,100,20.456,20.423,22.442,22.378,4461.477,101576,30402,40770,6066,22666,9,14,1,0,0,28,23,14,20,9,9,FALSE,0,FALSE
1327.3574,22.05,21.32,17.166,15.918,0.782,19,17,5,182550.84,72,71,70,69,105,104,101,100,20.45,20.418,22.436,22.372,4498.133,101576,30402,40770,6066,22666,9,14,1,0,0,28,23,14,20,9,9,FALSE,0,FALSE
1327.8612,22.058,21.328,17.166,15.918,0.768,19,17,5,161860.9,72,72,70,70,105,104,101,100,20.444,20.411,22.428,22.366,4538.312,101576,30402,40770,6066,22684,9,14,1,0,0,28,23,14,20,9,9,FALSE,0,FALSE
1328.3629,22.065,21.336,17.167,15.918,0.754,19,17,5,142421.17,72,72,70,70,105,104,101,100,20.438,20.405,22.421,22.359,4578.086,101576,30402,40770,6066,22684,9,14,1,0,0,28,23,14,20,9,9,FALSE,0,FALSE
1328.86,22.071,21.344,17.168,15.918,0.741,19,17,5,128909.95,72,73,71,70,104,104,101,100,20.431,20.399,22.414,22.352,4618.555,101576,30402,40770,6083,22684,9,14,1,0,0,28,23,14,20,9,9,FALSE,0,FALSE
1329.3594,22.078,21.351,17.168,15.918,0.728,19,17,5,110987.16,73,73,71,70,104,104,100,99,20.425,20.393,22.406,22.345,4658.195,101576,30402,40770,6083,22700,9,14,1,0,0,28,23,14,20,9,9,FALSE,0,FALSE
1329.8608,22.084,21.358,17.168,15.918,0.714,19,17,5,105017.28,73,73,71,71,104,104,100,99,20.417,20.386,22.398,22.337,4701.086,101576,30402,40770,6083,22700,9,14,1,0,0,28,23,14,20,9,9,FALSE,0,FALSE
1330.3601,22.09,21.366,17.169,15.919,0.7,19,17,5,102268.74,72,73,71,71,104,103,100,99,20.41,20.38,22.39,22.329,4742.961,101576,30402,40770,6117,22700,9,14,1,0,0,28,23,14,20,9,9,FALSE,0,FALSE
1330.8622,22.096,21.373,17.169,15.919,0.686,19,17,5,99524.336,73,73,71,70,104,103,100,99,20.403,20.373,22.381,22.32,4785.109,101576,30402,40770,6117,22700,9,14,1,0,0,28,23,14,20,9,9,FALSE,0,FALSE
1331.3641,22.112,21.389,17.187,15.937,0.676,19,17,5,115657.89,74,74,75,75,104,103,100,99,20.396,20.366,22.375,22.315,4826.25,101576,30402,40770,6133,22700,9,14,1,0,0,28,23,14,20,9,9,FALSE,0,FALSE
1331.8623,22.142,21.416,17.218,15.97,0.675,19,17,5,147404.19,75,74,77,77,104,103,100,99,20.395,20.366,22.378,22.318,4858.945,101576,30402,40770,6133,22700,9,14,1,0,0,28,23,14,20,9,9,FALSE,0,FALSE
1332.3605,22.156,21.431,17.227,15.98,0.674,19,17,5,174294.52,72,71,73,72,104,103,100,99,20.396,20.366,22.383,22.323,4884,101576,30402,40770,6133,22784,9,14,1,0,0,28,23,14,20,9,9,FALSE,0,FALSE
1332.8577,22.166,21.438,17.238,15.99,0.674,19,17,5,197354.53,72,69,74,72,104,103,100,99,20.397,20.366,22.387,22.328,4904,101576,30402,40770,6200,22784,9,14,1,0,0,28,23,14,20,9,9,FALSE,0,FALSE
1333.3589,22.184,21.45,17.261,16.009,0.674,19,17,5,211624.1,76,71,79,74,104,103,100,99,20.399,20.367,22.393,22.332,4921.172,101576,30402,40770,6200,22784,9,14,1,0,0,28,23,14,20,9,9,FALSE,0,FALSE
1333.8635,22.205,21.462,17.282,16.03,0.672,19,17,5,222099.52,80,70,82,78,104,103,100,99,20.402,20.367,22.399,22.337,4942.695,101576,30402,40770,6200,22867,9,14,1,0,0,28,23,14,20,9,9,FALSE,0,FALSE
1334.3599,22.229,21.486,17.32,16.05,0.668,19,17,5,229028.52,83,76,88,79,104,103,100,99,20.407,20.369,22.408,22.342,4963.484,101576,30402,40770,6267,22867,9,14,1,0,0,28,23,14,20,9,9,FALSE,0,FALSE
1334.862,22.243,21.498,17.329,16.058,0.661,19,17,5,235959.06,77,73,79,73,104,103,101,99,20.411,20.371,22.415,22.346,4980.242,101576,30402,40770,6267,22867,9,14,1,0,0,28,23,14,20,9,9,FALSE,0,FALSE
1335.3625,22.261,21.515,17.337,16.065,0.651,19,17,5,239667.1,77,75,75,70,104,103,101,99,20.413,20.372,22.418,22.348,4999.344,101576,30402,40770,6267,22833,9,14,1,0,0,28,23,14,20,9,9,FALSE,0,FALSE
1335.8616,22.289,21.543,17.345,16.073,0.638,19,17,5,240886.6,80,78,73,70,104,103,101,99,20.416,20.374,22.42,22.349,5020.078,101576,30402,40770,6216,22833,9,14,1,0,0,28,23,14,20,9,9,FALSE,0,FALSE
1336.3579,22.311,21.564,17.356,16.086,0.626,19,17,5,248820.8,78,76,73,72,104,103,101,99,20.418,20.375,22.421,22.35,5041.562,101576,30402,40770,6216,22833,9,14,1,0,0,28,23,14,20,9,9,FALSE,0,FALSE
1336.8623,22.335,21.586,17.362,16.092,0.613,19,17,5,246155.16,76,74,71,69,104,103,101,99,20.419,20.377,22.422,22.35,5067.57,101576,30402,40770,6250,22833,9,14,1,0,0,28,23,14,20,9,9,FALSE,0,FALSE
1337.3582,22.349,21.598,17.362,16.092,0.6,19,17,5,228200.53,73,72,69,68,104,103,101,99,20.419,20.376,22.42,22.348,5094.852,101576,30402,40770,6250,22866,9,14,1,0,0,28,23,14,20,9,9,FALSE,0,FALSE
1337.8623,22.361,21.609,17.362,16.092,0.587,19,17,5,212580.81,73,71,68,69,104,103,101,99,20.417,20.374,22.417,22.346,5126.102,101576,30402,40770,6300,22866,9,14,1,0,0,28,23,14,20,9,9,FALSE,0,FALSE
1338.3611,22.371,21.619,17.362,16.092,0.573,19,17,5,191481.64,73,72,69,70,104,103,101,99,20.415,20.371,22.414,22.344,5158.062,101576,30402,40770,6316,22866,9,14,1,0,0,28,23,14,20,9,9,FALSE,0,FALSE
1338.8593,22.379,21.628,17.362,16.092,0.56,19,17,5,171768.45,72,72,69,69,104,103,101,99,20.412,20.369,22.411,22.341,5190.586,101576,30402,40770,6316,22866,9,14,1,0,0,28,23,14,20,9,9,FALSE,0,FALSE
1339.3573,22.387,21.636,17.362,16.092,0.547,19,17,5,157362.61,72,71,70,70,104,103,100,99,20.409,20.366,22.407,22.337,5225.656,101576,30402,40770,6316,22933,9,14,1,0,0,28,23,14,20,9,9,FALSE,0,FALSE
1339.8625,22.395,21.644,17.362,16.092,0.533,19,17,5,137417.39,71,71,70,69,104,103,100,99,20.405,20.362,22.402,22.333,5263.07,101576,30402,40770,6350,22933,9,14,1,0,0,28,23,14,20,9,9,FALSE,0,FALSE
1340.363,22.403,21.651,17.362,16.092,0.519,19,17,5,118676.414,72,72,70,69,104,103,100,99,20.401,20.358,22.397,22.329,5300.383,101576,30402,40770,6367,22933,9,14,1,0,0,28,23,14,20,9,9,FALSE,0,FALSE
