Timestamp,tyre_wear_rear_left,tyre_wear_rear_right,tyre_wear_front_left,tyre_wear_front_right,fuel_in_tank,actual_tyre_compound,visual_tyre_compound,tyres_age_laps,ers_store_energy,tyre_surface_temp_rear_left,tyre_surface_temp_rear_right,tyre_surface_temp_front_left,tyre_surface_temp_front_right,tyre_inner_temp_rear_left,tyre_inner_temp_rear_right,tyre_inner_temp_front_left,tyre_inner_temp_front_right,tyre_pressure_rear_left,tyre_pressure_rear_right,tyre_pressure_front_left,tyre_pressure_front_right,lap_distance,last_lap_ms,sector_1_ms,sector_2_ms,delta_in_front_ms,delta_leader_ms,car_position,current_lap,num_pit_stops,pit_timer_active,pit_timer_ms,track_temp,air_temp,total_laps,pit_rejoin_position,starting_position,finishing_position,dnf,penalties_time,fastest_lap
0,0,0,0,0,25.273,20,18,0,4000000,61,61,62,62,100,100,101,101,20.07,20.07,22.32,22.32,155.889,0,0,0,0,0,12,1,0,0,0,27,22,14,20,12,7,False,0,False
0.32350138,0,0,0,0,25.271,20,18,0,4000000,60,60,62,62,100,100,101,101,20.053,20.053,22.306,22.306,155.889,0,0,0,0,0,12,1,0,0,0,27,22,14,20,12,7,False,0,False
0.8252436,0.049,0.049,0,0,25.268,20,18,0,4000000,91,91,61,61,100,100,101,101,20.039,20.039,22.288,22.288,156.661,0,0,0,0,0,12,1,0,0,0,27,22,14,20,12,7,False,0,False
1.3207693,0.09,0.09,0,0,25.265,20,18,0,4000000,106,106,62,62,100,100,101,101,20.038,20.038,22.271,22.271,159.383,0,0,0,0,0,12,1,0,0,0,27,22,14,20,12,7,False,0,False
1.8225795,0.131,0.13,0,0,25.259,20,18,0,4000000,113,113,63,62,100,100,100,100,20.041,20.041,22.254,22.254,164.509,0,0,0,0,0,12,1,0,0,0,27,22,14,20,12,7,False,0,False
2.3213112,0.182,0.181,0,0,25.252,20,18,0,4000000,119,119,63,63,100,100,100,100,20.048,20.047,22.238,22.238,171.485,0,0,0,0,0,12,1,0,0,0,27,22,14,20,12,7,False,0,False
2.8201966,0.228,0.228,0,0,25.245,20,18,0,4000000,116,116,64,64,100,100,100,100,20.055,20.055,22.222,22.222,180.999,0,0,0,0,0,12,1,0,0,0,27,22,14,20,12,7,False,0,False
3.3229208,0.253,0.252,0,0,25.236,20,18,0,4000000,100,100,66,65,100,100,100,100,20.059,20.059,22.206,22.206,193.332,0,0,0,0,0,12,1,0,0,0,27,22,14,20,12,7,False,0,False
3.8218803,0.267,0.266,0,0,25.227,20,18,0,4000000,86,86,66,66,100,100,99,99,20.054,20.053,22.191,22.191,207.482,0,0,0,1650,0,12,1,0,0,0,27,22,14,20,12,7,False,0,False
4.32415,0.304,0.304,0,0,25.214,20,18,0,3999925.5,90,90,67,67,100,100,99,99,20.045,20.045,22.176,22.176,225.431,0,0,0,1650,0,12,1,0,0,0,27,22,14,20,12,7,False,0,False
4.822127,0.348,0.348,0,0,25.202,20,18,0,3999428.2,87,87,67,67,100,100,99,99,20.04,20.039,22.162,22.162,244.881,0,0,0,1650,4083,12,1,0,0,0,27,22,14,20,12,7,False,0,False
5.322124,0.361,0.362,0,0,25.189,20,18,0,3995256.8,76,76,68,68,99,99,99,99,20.029,20.029,22.148,22.148,267.77,0,0,0,383,4083,12,1,0,0,0,27,22,14,20,12,7,False,0,False
5.825858,0.374,0.375,0,0,25.176,20,18,0,3972620.5,73,73,68,68,99,99,98,98,20.014,20.014,22.134,22.134,294.263,0,0,0,383,2550,12,1,0,0,0,27,22,14,20,12,7,False,0,False
6.3204756,0.386,0.387,0,0,25.163,20,18,0,3929862,72,72,69,69,99,99,98,98,20,20,22.121,22.121,321.515,0,0,0,300,2550,12,1,0,0,0,27,22,14,20,12,7,False,0,False
6.8258085,0.397,0.398,0,0,25.149,20,18,0,3882015,72,72,69,69,99,99,98,98,19.985,19.985,22.107,22.107,353.137,0,0,0,300,1700,12,1,0,0,0,27,22,14,20,12,7,False,0,False
7.320748,0.405,0.406,0,0,25.136,20,18,0,3857899,71,71,69,69,98,98,98,98,19.971,19.971,22.095,22.095,384.619,0,0,0,200,1700,12,1,0,0,0,27,22,14,20,12,7,False,0,False
7.8260045,0.412,0.414,0,0,25.122,20,18,0,3848971,71,71,69,70,98,98,97,97,19.956,19.956,22.081,22.081,419.968,0,0,0,200,1433,12,1,0,0,0,27,22,14,20,12,7,False,0,False
8.324023,0.418,0.421,0.001,0,25.109,20,18,0,3845839.5,71,71,69,70,98,98,97,97,19.941,19.941,22.069,22.069,455.575,0,0,0,150,1433,12,1,0,0,0,27,22,14,20,12,7,False,0,False
8.825319,0.426,0.428,0.001,0.001,25.095,20,18,0,3837199.5,71,71,70,69,98,98,97,97,19.926,19.926,22.056,22.056,492.3,0,0,0,116,1283,12,1,0,0,0,27,22,14,20,12,7,False,0,False
9.319941,0.433,0.433,0.002,0.002,25.082,20,18,0,3828847.5,71,71,70,70,97,97,97,97,19.913,19.912,22.044,22.044,528.906,0,0,0,116,1200,12,1,0,0,0,27,22,14,20,12,7,False,0,False
9.820198,0.438,0.439,0.002,0.002,25.068,20,18,0,3820207.5,71,71,69,69,97,97,97,97,19.898,19.898,22.032,22.032,567.791,0,0,0,116,1150,12,1,0,0,0,27,22,14,20,12,7,False,0,False
10.321371,0.452,0.452,0.02,0.023,25.059,20,18,0,3837285.2,73,73,75,76,97,97,97,97,19.887,19.887,22.024,22.024,605.688,0,0,0,133,1150,12,1,0,0,0,27,22,14,20,12,7,False,0,False
10.821101,0.466,0.464,0.028,0.032,25.059,20,18,0,3867868.2,71,71,72,71,97,97,97,97,19.884,19.884,22.026,22.026,636.278,0,0,0,133,1150,13,1,0,0,0,27,22,14,20,12,7,False,0,False
11.324108,0.474,0.472,0.032,0.036,25.058,20,18,0,3894461.5,70,70,71,70,97,97,97,97,19.883,19.883,22.029,22.028,661.984,0,0,0,0,1116,13,1,0,0,0,27,22,14,20,12,7,False,0,False
11.8191805,0.481,0.479,0.036,0.039,25.057,20,18,0,3915333.8,70,70,70,70,97,97,97,97,19.883,19.884,22.032,22.032,681.121,0,0,0,0,1116,13,1,0,0,0,27,22,14,20,12,7,False,0,False
12.32203,0.484,0.482,0.037,0.041,25.057,20,18,0,3933024.8,69,69,69,69,97,97,97,97,19.885,19.885,22.036,22.035,696.789,0,0,0,0,1116,13,1,0,0,0,27,22,14,20,12,7,False,0,False
12.8199835,0.486,0.484,0.038,0.042,25.057,20,18,0,3947549,68,68,69,68,97,97,97,97,19.886,19.886,22.039,22.039,709.52,0,0,0,0,1733,12,1,0,0,0,27,22,14,20,12,7,False,0,False
13.313446,0.489,0.486,0.039,0.043,25.057,20,18,0,3958856.5,68,68,69,68,97,97,97,97,19.887,19.888,22.043,22.042,719.38,0,0,0,0,1733,12,1,0,0,0,27,22,14,20,12,7,False,0,False
13.824841,0.491,0.488,0.043,0.047,25.056,20,18,0,3960099,68,67,70,68,97,97,97,97,19.889,19.889,22.046,22.045,727.232,0,0,0,0,1733,12,1,0,0,0,27,22,14,20,12,7,False,0,False
14.323154,0.494,0.49,0.046,0.049,25.056,20,18,0,3960859,68,67,70,68,97,97,97,97,19.89,19.889,22.049,22.048,735.208,0,0,0,0,1733,12,1,0,0,0,27,22,14,20,12,7,False,0,False
14.823772,0.495,0.491,0.047,0.05,25.056,20,18,0,3960859,68,67,70,68,97,97,97,97,19.891,19.89,22.053,22.05,747.976,0,0,0,0,1733,12,1,0,0,0,27,22,14,20,12,7,False,0,False
15.325186,0.498,0.493,0.053,0.054,25.056,20,18,0,3960859,68,67,72,68,97,97,97,97,19.892,19.89,22.056,22.052,757.619,0,0,0,0,1733,11,1,0,0,0,27,22,14,20,12,7,False,0,False
15.821745,0.502,0.497,0.056,0.057,25.054,20,18,0,3960859,69,68,72,68,97,97,97,97,19.893,19.891,22.059,22.054,764.7,0,0,0,0,1733,11,1,0,0,0,27,22,14,20,12,7,False,0,False
16.323183,0.504,0.499,0.057,0.058,25.051,20,18,0,3962425.2,69,68,70,68,97,97,97,97,19.894,19.891,22.063,22.056,773.059,0,0,0,0,2566,12,1,0,0,0,27,22,14,20,12,7,False,0,False
16.824497,0.507,0.503,0.057,0.058,25.046,20,18,0,3964025,69,69,68,67,97,97,97,97,19.895,19.892,22.065,22.057,782.852,0,0,0,0,2566,12,1,0,0,0,27,22,14,20,12,7,False,0,False
17.324772,0.512,0.51,0.057,0.058,25.039,20,18,0,3966914.5,70,70,67,67,97,97,97,97,19.897,19.893,22.066,22.058,794.859,0,0,0,0,2566,12,1,0,0,0,27,22,14,20,12,7,False,0,False
17.826517,0.518,0.518,0.058,0.059,25.032,20,18,0,3974151.8,71,71,67,68,97,97,97,97,19.898,19.895,22.066,22.059,809.286,0,0,0,65502,2566,12,1,0,0,0,27,22,14,20,12,7,False,0,False
18.325361,0.525,0.525,0.063,0.064,25.024,20,18,0,3978051.8,72,72,68,71,97,97,97,97,19.9,19.897,22.066,22.06,825.491,0,0,0,65502,3017,12,1,0,0,0,27,22,14,20,12,7,False,0,False
18.822227,0.537,0.539,0.074,0.078,25.016,20,18,0,3984049.2,74,76,72,76,97,97,97,97,19.901,19.899,22.067,22.062,846.14,0,0,0,65502,3017,12,1,0,0,0,27,22,14,20,12,7,False,0,False
19.323221,0.558,0.565,0.085,0.09,25.007,20,18,0,3990601.8,76,80,72,75,97,97,97,97,19.905,19.904,22.069,22.065,868.453,0,0,0,284,3017,12,1,0,0,0,27,22,14,20,12,7,False,0,False
19.82749,0.575,0.582,0.09,0.095,24.995,20,18,0,3991579.8,75,77,70,71,97,97,97,97,19.907,19.908,22.069,22.066,889.035,0,0,0,284,3183,12,1,0,0,0,27,22,14,20,12,7,False,0,False
20.322227,0.595,0.6,0.093,0.097,24.982,20,18,0,3987188.2,75,76,69,70,97,97,97,97,19.91,19.911,22.069,22.066,911.795,0,0,0,300,3183,12,1,0,0,0,27,22,14,20,12,7,False,0,False
20.8223,0.605,0.611,0.093,0.098,24.97,20,18,0,3986738.5,73,72,69,70,97,97,97,97,19.911,19.913,22.068,22.065,938.198,0,0,0,300,3283,12,1,0,0,0,27,22,14,20,12,7,False,0,False
21.32542,0.628,0.632,0.104,0.106,24.956,20,18,0,3979943.2,76,75,73,70,97,97,97,97,19.913,19.913,22.066,22.064,969.152,0,0,0,183,3283,12,1,0,0,0,27,22,14,20,12,7,False,0,False
21.825653,0.644,0.646,0.11,0.113,24.942,20,18,0,3972473.2,73,72,71,70,97,97,97,97,19.914,19.914,22.065,22.062,999.307,0,0,0,183,3283,12,1,0,0,0,27,22,14,20,12,7,False,0,False
22.326231,0.656,0.655,0.113,0.117,24.929,20,18,0,3969858,72,71,70,69,97,97,97,97,19.914,19.913,22.063,22.06,1030.78,0,0,0,116,3333,12,1,0,0,0,27,22,14,20,12,7,False,0,False
22.817936,0.666,0.664,0.115,0.119,24.916,20,18,0,3961507.2,71,71,70,69,97,97,97,97,19.913,19.911,22.06,22.057,1062.815,0,0,0,116,3350,12,1,0,0,0,27,22,14,20,12,7,False,0,False
23.323961,0.674,0.671,0.115,0.119,24.901,20,18,0,3952579.2,71,70,69,69,97,97,97,97,19.911,19.909,22.056,22.053,1098.644,0,0,0,117,3350,12,1,0,0,0,27,22,14,20,12,7,False,0,False
23.825125,0.681,0.677,0.115,0.12,24.889,20,18,0,3949437.2,71,71,70,69,97,97,97,97,19.909,19.907,22.052,22.048,1134.598,0,0,0,117,3350,12,1,0,0,0,27,22,14,20,12,7,False,0,False
24.32412,0.687,0.683,0.115,0.12,24.875,20,18,0,3940797.2,71,71,69,70,97,97,97,97,19.907,19.904,22.048,22.044,1171.649,0,0,0,117,3350,12,1,0,0,0,27,22,14,20,12,7,False,0,False
24.82073,0.693,0.689,0.115,0.12,24.861,20,18,0,3932445.2,71,71,70,70,97,97,97,97,19.904,19.902,22.043,22.039,1208.515,0,0,0,150,3366,12,1,0,0,0,27,22,14,20,12,7,False,0,False
25.326887,0.699,0.696,0.115,0.12,24.847,20,18,0,3923517.2,71,71,70,70,97,97,97,97,19.901,19.899,22.037,22.033,1248.943,0,0,0,167,3366,12,1,0,0,0,27,22,14,20,12,7,False,0,False
25.825777,0.704,0.702,0.115,0.12,24.833,20,18,0,3914877.2,71,71,70,70,97,97,97,97,19.897,19.895,22.031,22.028,1288.944,0,0,0,200,3383,12,1,0,0,0,27,22,14,20,12,7,False,0,False
26.322834,0.709,0.708,0.115,0.12,24.82,20,18,0,3911696.5,71,71,70,70,97,97,97,96,19.893,19.892,22.025,22.022,1329.639,0,0,0,200,3383,12,1,0,0,0,27,22,14,20,12,7,False,0,False
26.818525,0.714,0.714,0.116,0.12,24.807,20,18,0,3903344.5,71,72,70,70,97,97,96,96,19.89,19.888,22.019,22.015,1369.503,0,0,0,217,3383,12,1,0,0,0,27,22,14,20,12,7,False,0,False
27.325716,0.729,0.73,0.134,0.138,24.8,20,18,0,3923502.2,73,73,74,74,97,97,96,96,19.887,19.886,22.016,22.013,1410.429,0,0,0,250,3400,12,1,0,0,0,27,22,14,20,12,7,False,0,False
27.826649,0.744,0.742,0.144,0.148,24.799,20,18,0,3954679.8,72,72,73,72,97,97,96,96,19.889,19.888,22.02,22.016,1442.421,0,0,0,250,3400,12,1,0,0,0,27,22,14,20,12,7,False,0,False
28.32286,0.754,0.755,0.152,0.153,24.798,20,18,0,3980858.5,71,72,72,71,97,97,97,96,19.893,19.892,22.025,22.021,1468.093,0,0,0,267,3400,12,1,0,0,0,27,22,14,20,12,7,False,0,False
28.823093,0.762,0.761,0.156,0.158,24.797,20,18,0,4000000,71,70,71,70,97,97,97,97,19.897,19.896,22.03,22.026,1488.777,0,0,0,267,3617,12,1,0,0,0,27,22,14,20,12,7,False,0,False
29.323544,0.767,0.764,0.163,0.165,24.797,20,18,0,4000000,71,68,72,71,97,97,97,97,19.901,19.899,22.035,22.03,1506.156,0,0,0,267,3617,12,1,0,0,0,27,22,14,20,12,7,False,0,False
29.82628,0.781,0.774,0.192,0.188,24.797,20,18,0,4000000,76,71,83,78,97,97,97,97,19.906,19.902,22.042,22.036,1521.363,0,0,0,300,3834,12,1,0,0,0,27,22,14,20,12,7,False,0,False
30.324398,0.808,0.792,0.222,0.213,24.794,20,18,0,4000000,82,76,87,81,97,97,97,97,19.914,19.907,22.051,22.044,1542.998,0,0,0,300,3834,12,1,0,0,0,27,22,14,20,12,7,False,0,False
30.82655,0.823,0.803,0.243,0.229,24.793,20,18,0,4000000,79,74,85,79,97,97,97,97,19.922,19.912,22.061,22.051,1563.364,0,0,0,267,3834,12,1,0,0,0,27,22,14,20,12,7,False,0,False
31.32655,0.834,0.811,0.256,0.239,24.788,20,18,0,4000000,77,73,81,75,98,97,97,97,19.929,19.917,22.07,22.057,1579.005,0,0,0,267,3834,12,1,0,0,0,27,22,14,20,12,7,False,0,False
31.825274,0.849,0.828,0.261,0.243,24.779,20,18,0,4000000,78,77,76,72,98,97,97,97,19.934,19.921,22.075,22.061,1595.264,0,0,0,267,4016,12,1,0,0,0,27,22,14,20,12,7,False,0,False
32.32364,0.883,0.857,0.272,0.252,24.771,20,18,0,4000000,84,81,75,72,98,98,97,97,19.943,19.928,22.08,22.064,1612.211,0,0,0,267,4016,12,1,0,0,0,27,22,14,20,12,7,False,0,False
32.820442,0.898,0.871,0.275,0.256,24.76,20,18,0,3999905.5,78,76,72,70,98,98,97,97,19.95,19.934,22.082,22.066,1631.159,0,0,0,250,4016,12,1,0,0,0,27,22,14,20,12,7,False,0,False
33.321423,0.916,0.89,0.276,0.257,24.747,20,18,0,3998295.2,77,76,70,68,98,98,98,97,19.954,19.938,22.084,22.066,1653.33,0,0,0,250,4100,12,1,0,0,0,27,22,14,20,12,7,False,0,False
33.818672,0.93,0.904,0.276,0.257,24.733,20,18,0,3993210.2,73,73,68,68,98,98,98,97,19.958,19.942,22.084,22.066,1678.265,0,0,0,183,4100,12,1,0,0,0,27,22,14,20,12,7,False,0,False
34.32267,0.942,0.916,0.278,0.258,24.72,20,18,0,3992249.8,71,72,69,69,98,98,97,97,19.96,19.944,22.083,22.065,1706.78,0,0,0,183,4134,12,1,0,0,0,27,22,14,20,12,7,False,0,False
34.823288,0.952,0.928,0.28,0.261,24.706,20,18,0,3984970.5,71,72,69,70,98,98,97,97,19.961,19.945,22.081,22.064,1736.326,0,0,0,167,4134,12,1,0,0,0,27,22,14,20,12,7,False,0,False
35.32573,0.962,0.941,0.287,0.266,24.694,20,18,0,3982316.5,71,73,70,71,98,98,97,97,19.961,19.947,22.08,22.063,1767.742,0,0,0,167,4167,12,1,0,0,0,27,22,14,20,12,7,False,0,False
35.822685,0.978,0.962,0.3,0.28,24.68,20,18,0,3973690.8,72,75,72,73,98,98,97,97,19.962,19.948,22.079,22.063,1801.103,0,0,0,150,4184,12,1,0,0,0,27,22,14,20,12,7,False,0,False
36.323933,0.995,0.983,0.313,0.291,24.666,20,18,0,3968739.2,71,74,72,72,98,98,97,97,19.962,19.95,22.077,22.062,1836.892,0,35866,0,167,4184,12,1,0,0,0,27,22,14,20,12,7,False,0,False
36.82563,1.024,1.013,0.361,0.328,24.666,20,18,0,3999619.8,78,75,84,79,98,98,97,97,19.965,19.953,22.081,22.064,1867.901,0,35866,0,167,4200,12,1,0,0,0,27,22,14,20,12,7,False,0,False
37.32263,1.069,1.047,0.444,0.394,24.666,20,18,0,4000000,82,77,97,89,98,98,98,97,19.972,19.958,22.091,22.071,1894.319,0,35866,0,183,4200,12,1,0,0,0,27,22,14,20,12,7,False,0,False
37.822277,1.098,1.069,0.51,0.445,24.663,20,18,0,4000000,81,77,96,87,99,98,98,97,19.978,19.962,22.103,22.08,1918.806,0,35866,0,183,4266,12,1,0,0,0,27,22,14,20,12,7,False,0,False
38.323425,1.128,1.091,0.544,0.474,24.656,20,18,0,3999906.2,80,75,86,80,99,98,98,98,19.985,19.967,22.112,22.086,1944.719,0,35866,0,200,4266,12,1,0,0,0,27,22,14,20,12,7,False,0,False
38.823154,1.15,1.108,0.563,0.49,24.647,20,18,0,3999865.8,77,73,77,74,99,98,98,98,19.99,19.97,22.117,22.09,1968.952,0,35866,0,200,4266,12,1,0,0,0,27,22,14,20,12,7,False,0,False
39.326096,1.166,1.126,0.578,0.508,24.636,20,18,0,3999845,75,75,74,78,99,98,98,98,19.993,19.971,22.118,22.091,1994.804,0,35866,0,267,4266,12,1,0,0,0,27,22,14,20,12,7,False,0,False
39.82295,1.196,1.162,0.607,0.544,24.625,20,18,0,4000000,75,80,78,80,99,98,98,98,19.996,19.976,22.119,22.094,2023.333,0,35866,0,267,4266,12,1,0,0,0,27,22,14,20,12,7,False,0,False
40.326164,1.223,1.195,0.638,0.582,24.613,20,18,0,4000000,76,80,78,82,99,99,98,98,19.998,19.98,22.121,22.097,2053.083,0,35866,0,216,4533,12,1,0,0,0,27,22,14,20,12,7,False,0,False
40.826054,1.254,1.233,0.667,0.616,24.601,20,18,0,3998425.2,77,80,76,80,99,99,98,98,20,19.985,22.121,22.1,2081.902,0,35866,0,216,4533,12,1,0,0,0,27,22,14,20,12,7,False,0,False
41.322952,1.277,1.261,0.682,0.633,24.588,20,18,0,3996108.8,73,76,73,74,99,99,98,98,20.002,19.988,22.12,22.101,2112.221,0,35866,0,233,4533,12,1,0,0,0,27,22,14,20,12,7,False,0,False
41.8238,1.292,1.281,0.694,0.643,24.574,20,18,0,3987687.8,72,75,72,73,99,99,98,98,20.001,19.989,22.118,22.099,2144.206,0,35866,0,233,4533,12,1,0,0,0,27,22,14,20,12,7,False,0,False
42.32494,1.307,1.297,0.712,0.661,24.566,20,18,0,4000000,74,75,77,77,99,99,98,98,20.001,19.99,22.118,22.099,2175.425,0,35866,0,234,4717,12,1,0,0,0,27,22,14,20,12,7,False,0,False
42.819927,1.319,1.308,0.722,0.672,24.566,20,18,0,4000000,72,72,73,73,99,99,98,98,20.004,19.993,22.122,22.103,2199.025,0,35866,0,234,4717,12,1,0,0,0,27,22,14,20,12,7,False,0,False
43.309425,1.325,1.312,0.726,0.676,24.566,20,18,0,4000000,70,69,72,71,99,99,98,98,20.006,19.995,22.126,22.107,2219.212,0,35866,0,217,4717,12,1,0,0,0,27,22,14,20,12,7,False,0,False
43.820534,1.328,1.314,0.728,0.679,24.566,20,18,0,4000000,70,68,71,70,99,99,98,98,20.009,19.997,22.129,22.11,2236.7,0,35866,0,217,5050,12,1,0,0,0,27,22,14,20,12,7,False,0,False
44.32699,1.333,1.318,0.731,0.683,24.566,20,18,0,4000000,70,68,70,70,99,99,98,98,20.011,19.999,22.133,22.113,2251.438,0,35866,0,217,5050,11,1,0,0,0,27,22,14,20,12,7,False,0,False
44.82394,1.337,1.321,0.743,0.692,24.566,20,18,0,4000000,71,68,76,72,99,99,98,98,20.014,20,22.136,22.116,2262.606,0,35866,0,217,5050,11,1,0,0,0,27,22,14,20,12,7,False,0,False
45.32533,1.347,1.329,0.773,0.71,24.565,20,18,0,4000000,73,71,87,77,99,99,99,98,20.017,20.002,22.143,22.121,2274.364,0,35866,0,400,5267,12,1,0,0,0,27,22,14,20,12,7,False,0,False
45.82508,1.356,1.336,0.79,0.722,24.563,20,18,0,4000000,75,71,86,77,99,99,99,98,20.021,20.005,22.153,22.127,2288.317,0,35866,0,400,5267,12,1,0,0,0,27,22,14,20,12,7,False,0,False
46.323223,1.365,1.342,0.8,0.73,24.56,20,18,0,4000000,75,71,82,76,99,99,99,98,20.025,20.008,22.16,22.131,2300.857,0,35866,0,400,5267,11,1,0,0,0,27,22,14,20,12,7,False,0,False
46.824356,1.374,1.35,0.807,0.736,24.555,20,18,0,4000000,75,72,78,73,99,99,99,98,20.03,20.01,22.166,22.135,2312.962,0,35866,0,400,5267,11,1,0,0,0,27,22,14,20,12,7,False,0,False
47.3237,1.384,1.36,0.81,0.74,24.547,20,18,0,4000000,75,74,75,71,100,99,99,98,20.034,20.013,22.17,22.137,2326.157,0,35866,0,300,5267,11,1,0,0,0,27,22,14,20,12,7,False,0,False
47.825127,1.398,1.375,0.814,0.743,24.538,20,18,0,4000000,77,76,73,70,100,99,99,98,20.038,20.016,22.172,22.138,2341.611,0,35866,0,300,5467,11,1,0,0,0,27,22,14,20,12,7,False,0,False
48.32641,1.409,1.386,0.814,0.744,24.526,20,18,0,4000000,74,74,70,68,100,99,99,98,20.041,20.02,22.173,22.138,2360.134,0,35866,0,300,5467,11,1,0,0,0,27,22,14,20,12,7,False,0,False
48.821033,1.428,1.408,0.814,0.744,24.514,20,18,0,3988555.8,77,78,69,68,100,99,99,98,20.044,20.023,22.172,22.138,2380.675,0,35866,0,450,5467,11,1,0,0,0,27,22,14,20,12,7,False,0,False
49.3249,1.445,1.428,0.814,0.744,24.5,20,18,0,3955602,75,75,68,69,100,99,99,98,20.048,20.027,22.171,22.137,2405.62,0,35866,0,450,5467,11,1,0,0,0,27,22,14,20,12,7,False,0,False
49.821213,1.455,1.439,0.814,0.744,24.488,20,18,0,3950022.5,72,72,68,69,100,99,99,98,20.05,20.028,22.169,22.135,2431.382,0,35866,0,367,5467,11,1,0,0,0,27,22,14,20,12,7,False,0,False
50.323715,1.464,1.449,0.814,0.744,24.473,20,18,0,3942824.8,71,71,68,69,100,99,99,98,20.05,20.029,22.167,22.133,2461.139,0,35866,0,367,5467,11,1,0,0,0,27,22,14,20,12,7,False,0,False
50.82222,1.471,1.456,0.814,0.744,24.461,20,18,0,3940613.8,71,71,69,69,100,99,99,98,20.05,20.028,22.164,22.131,2490.757,0,35866,0,333,5450,11,1,0,0,0,27,22,14,20,12,7,False,0,False
51.32072,1.479,1.464,0.815,0.745,24.447,20,18,0,3932108.2,70,71,69,69,100,99,99,98,20.049,20.028,22.161,22.128,2523.011,0,35866,0,350,5450,11,1,0,0,0,27,22,14,20,12,7,False,0,False
51.824738,1.488,1.476,0.82,0.749,24.433,20,18,0,3923180.2,71,73,70,71,100,99,99,98,20.047,20.027,22.158,22.125,2558.077,0,35866,0,350,5450,11,1,0,0,0,27,22,14,20,12,7,False,0,False
52.323124,1.501,1.493,0.832,0.76,24.42,20,18,0,3919923.8,72,74,72,73,100,99,99,98,20.046,20.026,22.154,22.122,2593.181,0,35866,0,366,5450,11,1,0,0,0,27,22,14,20,12,7,False,0,False
52.822807,1.52,1.518,0.86,0.787,24.41,20,18,0,3931092,74,76,77,79,100,99,99,98,20.045,20.027,22.152,22.121,2628.063,0,35866,0,383,5483,11,1,0,0,0,27,22,14,20,12,7,False,0,False
53.314613,1.546,1.549,0.889,0.815,24.409,20,18,0,3957916.5,75,78,77,79,100,99,99,98,20.048,20.031,22.156,22.126,2657.521,0,35866,0,383,5483,11,1,0,0,0,27,22,14,20,12,7,False,0,False
53.824707,1.562,1.569,0.906,0.832,24.408,20,18,0,3982854.5,73,76,75,77,100,100,99,98,20.052,20.036,22.161,22.132,2682.013,0,35866,0,383,5567,11,1,0,0,0,27,22,14,20,12,7,False,0,False
54.324314,1.569,1.578,0.912,0.838,24.407,20,18,0,4000000,71,73,72,74,100,100,99,98,20.055,20.041,22.165,22.138,2700.343,0,35866,0,400,5567,11,1,0,0,0,27,22,14,20,12,7,False,0,False
54.815594,1.572,1.582,0.915,0.84,24.407,20,18,0,4000000,69,71,71,72,100,100,99,98,20.057,20.044,22.169,22.142,2715.26,0,35866,0,400,5783,11,1,0,0,0,27,22,14,20,12,7,False,0,False
55.32086,1.576,1.588,0.926,0.853,24.407,20,18,0,4000000,69,72,73,77,100,100,99,99,20.059,20.048,22.172,22.147,2728.272,0,35866,0,400,5783,11,1,0,0,0,27,22,14,20,12,7,False,0,False
55.82469,1.584,1.598,0.94,0.877,24.407,20,18,0,4000000,71,73,76,84,100,100,99,99,20.061,20.052,22.177,22.155,2738.887,0,35866,0,400,5783,11,1,0,0,0,27,22,14,20,12,7,False,0,False
56.32158,1.59,1.605,0.959,0.907,24.407,20,18,0,4000000,72,74,81,93,100,100,99,99,20.064,20.055,22.183,22.164,2755.074,0,35866,0,350,5783,11,1,0,0,0,27,22,14,20,12,7,False,0,False
56.823307,1.599,1.616,0.968,0.92,24.403,20,18,0,4000000,73,76,78,87,100,100,99,99,20.067,20.06,22.189,22.176,2769.68,0,35866,0,350,5783,11,1,0,0,0,27,22,14,20,12,7,False,0,False
57.324413,1.607,1.625,0.971,0.922,24.398,20,18,0,4000000,73,75,74,79,100,100,99,99,20.071,20.065,22.193,22.183,2780.67,0,35866,0,350,5934,11,1,0,0,0,27,22,14,20,12,7,False,0,False
57.820366,1.623,1.637,0.972,0.923,24.389,20,18,0,4000000,77,77,71,74,100,100,99,99,20.074,20.069,22.196,22.187,2793.847,0,35866,0,350,5934,11,1,0,0,0,27,22,14,20,12,7,False,0,False
58.3248,1.646,1.658,0.972,0.923,24.378,20,18,0,3999939.8,81,80,69,70,100,100,99,99,20.08,20.075,22.196,22.189,2810.766,0,35866,0,384,5934,11,1,0,0,0,27,22,14,20,12,7,False,0,False
58.82032,1.685,1.695,0.972,0.923,24.365,20,18,0,3999999.2,86,86,68,69,101,100,99,99,20.088,20.082,22.196,22.189,2829.335,0,35866,0,384,5950,11,1,0,0,0,27,22,14,20,12,7,False,0,False
59.320312,1.712,1.721,0.972,0.923,24.352,20,18,0,3977761.5,81,80,68,68,101,101,99,99,20.095,20.089,22.195,22.189,2851.344,0,35866,0,384,5950,11,1,0,0,0,27,22,14,20,12,7,False,0,False
59.826084,1.729,1.738,0.972,0.923,24.339,20,18,0,3947307.8,75,75,69,69,101,101,99,99,20.099,20.093,22.194,22.188,2877.271,0,35866,0,350,5950,11,1,0,0,0,27,22,14,20,12,7,False,0,False
60.321712,1.739,1.748,0.972,0.923,24.326,20,18,0,3938936.5,72,72,69,69,101,101,99,99,20.1,20.095,22.193,22.186,2903.854,0,35866,0,350,5917,11,1,0,0,0,26,22,14,20,12,7,False,0,False
60.820957,1.748,1.757,0.972,0.923,24.312,20,18,0,3931579.5,71,72,69,69,101,101,99,99,20.101,20.095,22.191,22.184,2933.465,0,35866,0,300,5917,11,1,0,0,0,26,22,14,20,12,7,False,0,False
61.32469,1.755,1.765,0.972,0.923,24.299,20,18,0,3928622.5,71,71,69,70,101,101,99,99,20.1,20.095,22.188,22.182,2966.023,0,35866,0,283,5900,11,1,0,0,0,26,22,14,20,12,7,False,0,False
61.823837,1.762,1.772,0.972,0.923,24.285,20,18,0,3919983.8,71,71,70,70,101,101,99,99,20.099,20.094,22.185,22.179,2999.247,0,35866,0,283,5900,11,1,0,0,0,26,22,14,20,12,7,False,0,False
62.320995,1.769,1.779,0.972,0.923,24.272,20,18,0,3911631.8,71,71,70,70,101,101,99,99,20.098,20.093,22.182,22.176,3032.803,0,35866,0,283,5900,11,1,0,0,0,26,22,14,20,12,7,False,0,False
62.819798,1.775,1.785,0.972,0.923,24.259,20,18,0,3908566.8,71,71,70,70,101,101,99,99,20.097,20.092,22.178,22.172,3068.8,0,35866,0,300,5900,11,1,0,0,0,26,22,14,20,12,7,False,0,False
63.315483,1.781,1.791,0.972,0.923,24.245,20,18,0,3899926.8,71,71,70,70,101,101,99,99,20.095,20.09,22.174,22.168,3105.834,0,35866,0,300,5900,11,1,0,0,0,26,22,14,20,12,7,False,0,False
63.823338,1.787,1.797,0.972,0.923,24.231,20,18,0,3890998.8,71,71,70,70,101,101,99,99,20.092,20.088,22.169,22.163,3145.218,0,35866,0,316,5900,11,1,0,0,0,26,22,14,20,12,7,False,0,False
64.32259,1.793,1.803,0.972,0.923,24.217,20,18,0,3882358.8,72,72,70,70,101,100,99,99,20.09,20.085,22.164,22.158,3184.304,0,35866,0,333,5900,11,1,0,0,0,26,22,14,20,12,7,False,0,False
64.82138,1.799,1.809,0.972,0.923,24.204,20,18,0,3874006.8,72,72,70,70,101,100,99,99,20.087,20.082,22.158,22.153,3222.896,0,35866,0,367,5883,11,1,0,0,0,26,22,14,20,12,7,False,0,False
65.321266,1.804,1.814,0.972,0.923,24.191,20,18,0,3870806.8,72,72,70,71,100,100,99,99,20.083,20.079,22.152,22.147,3263.491,0,35866,0,367,5883,11,1,0,0,0,26,22,14,20,12,7,False,0,False
65.82422,1.81,1.82,0.972,0.923,24.177,20,18,0,3861878.8,72,72,71,71,100,100,99,98,20.079,20.075,22.146,22.14,3306.006,0,35866,0,367,5850,11,1,0,0,0,26,22,14,20,12,7,False,0,False
66.32048,1.816,1.825,0.972,0.923,24.163,20,18,0,3853526.8,72,72,70,71,100,100,98,98,20.075,20.071,22.139,22.134,3346.312,0,35866,0,383,5850,11,1,0,0,0,26,22,14,20,12,7,False,0,False
66.821785,1.833,1.841,0.995,0.947,24.157,20,18,0,3877485,73,73,76,76,100,100,98,98,20.073,20.069,22.137,22.132,3385.59,0,35866,0,400,5833,11,1,0,0,0,26,22,14,20,12,7,False,0,False
67.32292,1.852,1.861,1.019,0.97,24.156,20,18,0,3907833.8,72,74,76,77,100,100,98,98,20.076,20.071,22.143,22.137,3417.175,0,35866,0,400,5833,11,1,0,0,0,26,22,14,20,12,7,False,0,False
67.824265,1.877,1.896,1.067,1.028,24.156,20,18,0,3929632.2,76,82,85,92,100,100,99,99,20.079,20.076,22.15,22.146,3441.73,0,35866,0,400,5850,11,1,0,0,0,26,22,14,20,12,7,False,0,False
68.32097,1.897,1.923,1.119,1.098,24.154,20,18,0,3940368.2,76,81,89,99,100,100,99,99,20.083,20.083,22.16,22.16,3463.685,0,35866,0,383,5850,11,1,0,0,0,26,22,14,20,12,7,False,0,False
68.819405,1.921,1.953,1.168,1.16,24.147,20,18,0,3946076.5,78,83,90,99,101,101,99,99,20.088,20.09,22.171,22.174,3488.118,0,35866,0,383,5850,11,1,0,0,0,26,22,14,20,12,7,False,0,False
69.32145,1.943,1.983,1.217,1.221,24.142,20,18,0,3952223.2,77,83,90,99,101,101,99,99,20.092,20.097,22.181,22.188,3509.407,0,35866,0,400,5867,11,1,0,0,0,26,22,14,20,12,7,False,0,False
69.8242,1.966,2.013,1.246,1.259,24.134,20,18,0,3957760.5,77,82,82,89,101,101,99,99,20.096,20.104,22.189,22.199,3530.746,0,35866,0,400,5950,11,1,0,0,0,26,22,14,20,12,7,False,0,False
70.32394,1.981,2.031,1.258,1.272,24.125,20,18,0,3960183.8,74,77,75,79,101,101,99,100,20.099,20.108,22.193,22.205,3552.344,0,35866,0,467,5950,11,1,0,0,0,26,22,14,20,12,7,False,0,False
70.82383,2.001,2.054,1.277,1.289,24.114,20,18,0,3962064.2,76,80,77,78,101,101,99,100,20.101,20.112,22.195,22.208,3575.212,0,35866,0,467,5950,11,1,0,0,0,26,22,14,20,12,7,False,0,False
71.32398,2.031,2.09,1.301,1.313,24.102,20,18,0,3961157.5,78,83,77,79,101,101,99,100,20.103,20.116,22.197,22.211,3599.492,0,35866,0,550,6067,11,1,0,0,0,26,22,14,20,12,7,False,0,False
71.82234,2.053,2.115,1.315,1.327,24.089,20,18,0,3944174,76,79,75,76,101,101,99,100,20.106,20.12,22.199,22.213,3624.98,0,35866,0,550,6067,11,1,0,0,0,26,22,14,20,12,7,False,0,False
72.32288,2.088,2.154,1.336,1.349,24.074,20,18,0,3895190.8,78,81,75,77,101,101,99,100,20.108,20.124,22.199,22.214,3654.754,0,35866,0,567,6134,11,1,0,0,0,26,22,14,20,12,7,False,0,False
72.81354,2.105,2.175,1.345,1.357,24.062,20,18,0,3849539.8,73,77,72,73,101,101,99,100,20.109,20.127,22.198,22.214,3685.168,0,35866,0,567,6134,11,1,0,0,0,26,22,14,20,12,7,False,0,False
73.31162,2.117,2.187,1.346,1.358,24.048,20,18,0,3792280.2,73,73,71,70,101,101,99,100,20.107,20.126,22.196,22.211,3718.474,0,35866,0,600,6183,11,1,0,0,0,26,22,14,20,12,7,False,0,False
73.82239,2.143,2.208,1.368,1.38,24.035,20,18,0,3734665.2,78,76,78,76,101,101,99,100,20.107,20.125,22.194,22.208,3752.724,0,35866,0,617,6183,11,1,0,0,0,26,22,14,20,12,7,False,0,False
74.32331,2.201,2.257,1.43,1.436,24.021,20,18,0,3682357.2,83,80,85,82,101,101,99,100,20.11,20.126,22.196,22.208,3788.944,0,35866,0,617,6200,11,1,0,0,0,26,22,14,20,12,7,False,0,False
74.819984,2.255,2.303,1.499,1.499,24.008,20,18,0,3674005.2,84,80,89,85,101,101,99,100,20.113,20.127,22.198,22.209,3824.268,0,35866,0,600,6200,11,1,0,0,0,26,22,14,20,12,7,False,0,False
75.32217,2.32,2.357,1.583,1.574,23.994,20,18,0,3665365.2,85,81,90,86,101,101,99,100,20.116,20.129,22.201,22.21,3861.501,0,35866,0,600,6200,11,1,0,0,0,26,22,14,20,12,7,False,0,False
76.32144,2.451,2.467,1.754,1.724,23.967,20,18,0,3607272.8,84,80,88,83,101,101,100,100,20.122,20.13,22.206,22.211,3935.64,0,35866,0,600,6167,11,1,0,0,0,26,22,14,20,12,7,False,0,False
76.81814,2.5,2.508,1.8,1.769,23.953,20,18,0,3579042.8,80,77,80,77,101,101,100,100,20.123,20.129,22.206,22.209,3972.016,0,35866,0,600,6166,11,1,0,0,0,26,22,14,20,12,7,False,0,False
77.323204,2.515,2.519,1.805,1.774,23.939,20,18,0,3570114.8,72,72,71,70,101,101,99,100,20.12,20.125,22.201,22.203,4010.818,0,35866,41387,600,6150,11,1,0,0,0,26,22,14,20,12,7,False,0,False
77.82469,2.533,2.535,1.825,1.797,23.934,20,18,0,3594848,74,73,76,76,101,101,99,99,20.118,20.123,22.199,22.201,4046.056,0,35866,41387,583,6150,11,1,0,0,0,26,22,14,20,12,7,False,0,False
78.32397,2.555,2.552,1.85,1.822,23.933,20,18,0,3623292.2,77,73,79,77,101,101,100,100,20.12,20.124,22.203,22.204,4073.727,0,35866,41387,583,6183,11,1,0,0,0,26,22,14,20,12,7,False,0,False
78.82032,2.579,2.568,1.885,1.852,23.933,20,18,0,3646365.5,79,74,85,81,101,101,100,100,20.123,20.125,22.208,22.209,4097.044,0,35866,41387,616,6183,11,1,0,0,0,26,22,14,20,12,7,False,0,False
79.321724,2.612,2.593,1.948,1.9,23.933,20,18,0,3665521.2,82,77,97,88,101,101,100,100,20.128,20.127,22.218,22.215,4118.926,0,35866,41387,616,6183,11,1,0,0,0,26,22,14,20,12,7,False,0,False
79.82154,2.633,2.609,2.008,1.943,23.931,20,18,0,3677784.5,80,75,100,89,101,101,100,100,20.134,20.13,22.231,22.224,4139.084,0,35866,41387,583,6167,11,1,0,0,0,26,22,14,20,12,7,False,0,False
80.3211,2.657,2.628,2.057,1.979,23.924,20,18,0,3684322.5,82,78,98,87,101,101,100,100,20.138,20.133,22.244,22.232,4160.857,0,35866,41387,583,6167,11,1,0,0,0,26,22,14,20,12,7,False,0,False
80.81635,2.688,2.654,2.085,2,23.915,20,18,0,3690827.8,84,79,88,80,102,101,100,100,20.144,20.137,22.254,22.238,4180.509,0,35866,41387,583,6167,11,1,0,0,0,26,22,14,20,12,7,False,0,False
81.32373,2.714,2.677,2.102,2.014,23.904,20,18,0,3696543.5,81,78,80,75,102,102,100,100,20.149,20.14,22.259,22.241,4201.815,0,35866,41387,616,6216,11,1,0,0,0,26,22,14,20,12,7,False,0,False
81.82056,2.735,2.698,2.105,2.017,23.891,20,18,0,3683039.8,78,77,73,71,102,102,100,100,20.153,20.143,22.261,22.241,4224.203,0,35866,41387,616,6216,11,1,0,0,0,26,22,14,20,12,7,False,0,False
82.32425,2.753,2.716,2.106,2.018,23.878,20,18,0,3648745.8,76,74,68,70,102,102,100,100,20.154,20.144,22.26,22.24,4251.403,0,35866,41387,683,6216,11,1,0,0,0,26,22,14,20,12,7,False,0,False
82.819016,2.767,2.728,2.106,2.018,23.864,20,18,0,3604844.2,75,73,69,70,102,102,100,100,20.155,20.143,22.257,22.238,4279.011,0,35866,41387,683,6300,11,1,0,0,0,26,22,14,20,12,7,False,0,False
83.32008,2.778,2.738,2.106,2.018,23.851,20,18,0,3558296.8,73,73,70,70,102,102,100,100,20.154,20.142,22.254,22.235,4309.736,0,35866,41387,700,6300,11,1,0,0,0,26,22,14,20,12,7,False,0,False
83.82106,2.788,2.748,2.106,2.018,23.838,20,18,0,3501191,73,73,70,70,102,102,100,100,20.153,20.141,22.251,22.232,4342.435,0,35866,41387,717,6317,11,1,0,0,0,26,22,14,20,12,7,False,0,False
84.32203,2.797,2.757,2.106,2.018,23.824,20,18,0,3443576,72,72,70,70,102,102,100,100,20.151,20.139,22.247,22.228,4377.019,0,35866,41387,717,6317,11,1,0,0,0,26,22,14,20,12,7,False,0,False
84.8204,2.805,2.765,2.106,2.018,23.811,20,18,0,3391476.8,72,72,70,70,102,101,100,100,20.148,20.137,22.243,22.224,4413.052,0,35866,41387,700,6283,11,1,0,0,0,26,22,14,20,12,7,False,0,False
85.31959,2.813,2.774,2.106,2.018,23.797,20,18,0,3333861.8,72,72,70,70,102,101,100,100,20.145,20.134,22.238,22.22,4450.514,0,35866,41387,683,6283,11,1,0,0,0,26,22,14,20,12,7,False,0,False
85.8233,2.821,2.782,2.106,2.018,23.783,20,18,0,3274326.2,72,72,70,70,102,101,100,100,20.142,20.131,22.233,22.214,4490.61,0,35866,41387,683,6250,11,1,0,0,0,26,22,14,20,12,7,False,0,False
86.32008,2.828,2.789,2.106,2.018,23.77,20,18,0,3225161.8,72,72,71,71,101,101,100,100,20.138,20.127,22.227,22.209,4529.248,0,35866,41387,667,6250,11,1,0,0,0,26,22,14,20,12,7,False,0,False
86.82083,2.834,2.795,2.106,2.018,23.756,20,18,0,3216521.8,72,72,71,71,101,101,100,100,20.134,20.123,22.221,22.203,4570.042,0,35866,41387,634,6250,11,1,0,0,0,26,22,14,20,12,7,False,0,False
87.321915,2.839,2.801,2.106,2.018,23.743,20,18,0,3213456.5,72,73,71,71,101,101,100,99,20.13,20.119,22.215,22.197,4611.409,0,35866,41387,600,6200,11,1,0,0,0,26,22,14,20,12,7,False,0,False
87.818886,2.844,2.807,2.106,2.018,23.729,20,18,0,3204816.5,73,73,71,71,101,101,100,99,20.125,20.114,22.208,22.19,4653.266,0,35866,41387,600,6200,11,1,0,0,0,26,22,14,20,12,7,False,0,False
88.319984,2.85,2.812,2.106,2.018,23.715,20,18,0,3196176.5,73,73,71,71,101,101,99,99,20.12,20.11,22.201,22.183,4695.628,0,35866,41387,584,6134,11,1,0,0,0,26,22,14,20,12,7,False,0,False
88.81923,2.855,2.818,2.106,2.018,23.702,20,18,0,3187536.5,73,73,71,72,101,101,99,99,20.115,20.105,22.194,22.176,4738.431,0,35866,41387,567,6134,11,1,0,0,0,26,22,14,20,12,7,False,0,False
89.31957,2.86,2.823,2.106,2.018,23.688,20,18,0,3178896.5,73,73,71,71,101,101,99,99,20.11,20.1,22.186,22.169,4781.602,0,35866,41387,533,6083,11,1,0,0,0,26,22,14,20,12,7,False,0,False
89.81806,2.877,2.84,2.127,2.033,23.678,20,18,0,3190384,76,75,78,75,101,101,99,99,20.105,20.095,22.181,22.163,4824.014,0,35866,41387,533,6083,11,1,0,0,0,26,22,14,20,12,7,False,0,False
90.31594,2.898,2.862,2.153,2.059,23.677,20,18,0,3223656.2,74,73,76,76,101,101,99,99,20.106,20.096,22.185,22.167,4858.321,0,35866,41387,517,6067,11,1,0,0,0,26,22,14,20,12,7,False,0,False
90.82216,2.908,2.871,2.159,2.065,23.675,20,18,0,3250731.2,71,71,72,72,101,101,99,99,20.108,20.098,22.19,22.172,4885.359,0,35866,41387,517,6067,11,1,0,0,0,26,22,14,20,12,7,False,0,False
91.322,2.924,2.883,2.183,2.085,23.675,20,18,0,3275872.2,76,72,80,77,101,101,99,99,20.111,20.1,22.195,22.177,4907.355,0,35866,41387,567,6117,11,1,0,0,0,26,22,14,20,12,7,False,0,False
91.82139,2.952,2.904,2.236,2.127,23.675,20,18,0,3296918.2,82,76,95,87,101,101,100,99,20.117,20.104,22.206,22.185,4924.692,0,35866,41387,567,6133,11,1,0,0,0,26,22,14,20,12,7,False,0,False
92.32173,2.967,2.917,2.283,2.157,23.67,20,18,0,3305887.2,78,76,99,85,101,101,100,99,20.124,20.108,22.22,22.196,4944.104,0,35866,41387,567,6133,11,1,0,0,0,26,22,14,20,12,7,False,0,False
92.821205,2.986,2.933,2.302,2.171,23.662,20,18,0,3313593.5,80,76,88,79,101,101,100,100,20.13,20.113,22.233,22.203,4963.64,0,35866,41387,567,6133,11,1,0,0,0,26,22,14,20,12,7,False,0,False
93.314415,3.009,2.953,2.317,2.184,23.652,20,18,0,3321539.2,81,78,82,76,101,101,100,100,20.136,20.118,22.241,22.209,4981.438,0,35866,41387,567,6183,11,1,0,0,0,26,22,14,20,12,7,False,0,False
93.81705,3.028,2.971,2.325,2.19,23.641,20,18,0,3327643.5,79,77,75,72,102,101,100,100,20.141,20.122,22.246,22.212,5001.654,0,35866,41387,567,6183,11,1,0,0,0,26,22,14,20,12,7,False,0,False
94.321045,3.054,2.998,2.332,2.197,23.628,20,18,0,3330181.8,80,79,74,71,102,101,100,100,20.147,20.126,22.248,22.213,5023.615,0,35866,41387,617,6183,11,1,0,0,0,26,22,14,20,12,7,False,0,False
94.82057,3.075,3.017,2.34,2.205,23.615,20,18,0,3323775.2,77,75,74,71,102,101,100,100,20.151,20.13,22.25,22.214,5047.745,0,35866,41387,617,6166,11,1,0,0,0,26,22,14,20,12,7,False,0,False
95.321075,3.097,3.038,2.344,2.21,23.601,20,18,0,3280885.5,76,74,70,70,102,101,100,100,20.153,20.132,22.251,22.215,5074.954,0,35866,41387,600,6166,11,1,0,0,0,26,22,14,20,12,7,False,0,False
95.82326,3.11,3.049,2.344,2.21,23.588,20,18,0,3235049.2,71,72,67,66,102,101,100,100,20.154,20.133,22.249,22.213,5105.915,0,35866,41387,617,6167,11,1,0,0,0,26,22,14,20,12,7,False,0,False
96.31795,3.122,3.059,2.344,2.21,23.575,20,18,0,3181767.8,73,72,69,69,102,101,100,100,20.154,20.133,22.247,22.21,5136.535,0,35866,41387,617,6167,11,1,0,0,0,26,22,14,20,12,7,False,0,False
96.81549,3.134,3.067,2.344,2.211,23.561,20,18,0,3124152.8,74,72,70,71,102,101,100,100,20.154,20.132,22.245,22.208,5169.811,0,35866,41387,634,5950,11,1,0,0,0,26,22,14,20,12,7,False,0,False
97.31508,3.143,3.078,2.345,2.211,23.547,20,18,0,3066537.8,73,73,70,71,102,101,100,100,20.154,20.132,22.242,22.206,5204.842,0,35866,41387,650,5950,11,1,0,0,0,26,22,14,20,12,7,False,0,False
97.81787,3.152,3.086,2.345,2.211,23.534,20,18,0,3014510.8,73,72,71,71,102,101,100,100,20.152,20.131,22.239,22.203,5241.308,0,35866,41387,650,5984,11,1,0,0,0,26,22,14,20,12,7,False,0,False
98.32016,3.16,3.094,2.345,2.211,23.52,20,18,0,2958528.2,72,72,71,71,102,101,100,99,20.15,20.129,22.235,22.2,5279.149,0,35866,41387,650,6000,11,1,0,0,0,26,22,14,20,12,7,False,0,False
98.81942,3.166,3.1,2.345,2.211,23.507,20,18,0,2949888.2,72,72,71,71,102,101,100,99,20.148,20.127,22.231,22.196,5318.055,0,35866,41387,634,6000,11,1,0,0,0,26,22,14,20,12,7,False,0,False
99.32043,3.172,3.106,2.345,2.211,23.493,20,18,0,2941248.2,72,72,71,71,102,101,100,99,20.145,20.124,22.226,22.191,5357.743,0,35866,41387,634,6017,11,1,0,0,0,26,22,14,20,12,7,False,0,False
99.82083,3.177,3.111,2.345,2.211,23.479,20,18,0,2932608.2,72,72,71,71,102,101,100,99,20.142,20.121,22.221,22.186,5398.079,0,35866,41387,633,6033,11,1,0,0,0,26,22,14,20,12,7,False,0,False
100.31501,3.183,3.116,2.345,2.211,23.466,20,18,1,2929436.5,72,72,71,71,101,101,100,99,20.138,20.118,22.215,22.18,30.097,99932,0,0,617,6100,11,2,0,0,0,26,22,14,20,12,7,False,0,False
100.8154,3.188,3.122,2.345,2.211,23.452,20,18,1,2920796.5,72,72,71,71,101,101,100,99,20.135,20.114,22.209,22.174,71.487,99932,0,0,633,6100,11,2,0,0,0,26,22,14,20,12,7,False,0,False
101.31864,3.194,3.127,2.345,2.211,23.439,20,18,1,2912156.5,72,72,71,71,101,101,99,99,20.13,20.11,22.202,22.168,113.317,99932,0,0,616,6100,11,2,0,0,0,26,22,14,20,12,7,False,0,False
101.816826,3.199,3.133,2.345,2.211,23.425,20,18,1,2903516.5,73,73,71,71,101,101,99,99,20.126,20.105,22.195,22.161,155.598,99932,0,0,616,6100,11,2,0,0,0,26,22,14,20,12,7,False,0,False
102.317085,3.205,3.138,2.345,2.211,23.411,20,18,1,2894876.5,72,72,71,71,101,101,99,99,20.121,20.1,22.188,22.154,198.279,99932,0,0,617,6100,11,2,0,0,0,26,22,14,20,12,7,False,0,False
102.81529,3.21,3.144,2.345,2.211,23.397,20,18,1,2886236.5,72,72,70,70,101,101,99,99,20.115,20.095,22.18,22.146,241.321,99932,0,0,617,6084,11,2,0,0,0,26,22,14,20,12,7,False,0,False
103.313576,3.216,3.149,2.345,2.211,23.383,20,18,1,2877596.5,73,73,71,71,101,101,99,98,20.11,20.09,22.172,22.139,284.648,99932,0,0,616,6084,11,2,0,0,0,26,22,14,20,12,7,False,0,False
103.81258,3.221,3.155,2.345,2.211,23.369,20,18,1,2868956.5,73,73,71,71,101,100,99,98,20.104,20.084,22.164,22.13,328.253,99932,0,0,617,6084,11,2,0,0,0,26,22,14,20,12,7,False,0,False
104.32214,3.227,3.16,2.345,2.211,23.356,20,18,1,2860316.5,72,72,71,71,101,100,99,98,20.098,20.078,22.155,22.122,372.102,99932,0,0,617,6084,11,2,0,0,0,26,22,14,20,12,7,False,0,False
104.8196,3.232,3.165,2.345,2.211,23.342,20,18,1,2851676.5,73,73,72,71,101,100,99,98,20.092,20.072,22.147,22.114,416.145,99932,0,0,617,6117,11,2,0,0,0,26,22,14,20,12,7,False,0,False
105.32129,3.238,3.171,2.345,2.211,23.328,20,18,1,2843036.5,73,72,71,71,100,100,98,98,20.085,20.066,22.138,22.105,460.354,99932,0,0,616,6117,11,2,0,0,0,26,22,14,20,12,7,False,0,False
105.81981,3.243,3.176,2.345,2.211,23.314,20,18,1,2834396.5,73,72,71,71,100,100,98,98,20.078,20.059,22.128,22.096,504.729,99932,0,0,600,6117,11,2,0,0,0,26,22,14,20,12,7,False,0,False
106.319435,3.248,3.181,2.345,2.211,23.301,20,18,1,2825756.5,72,72,71,71,100,100,98,98,20.071,20.052,22.119,22.087,549.249,99932,0,0,600,6117,11,2,0,0,0,26,22,14,20,12,7,False,0,False
106.82045,3.254,3.187,2.345,2.211,23.287,20,18,1,2817116.5,72,72,71,70,100,100,98,97,20.064,20.044,22.11,22.077,593.853,99932,0,0,600,6083,11,2,0,0,0,26,22,14,20,12,7,False,0,False
107.31949,3.275,3.207,2.372,2.24,23.282,20,18,1,2848128.2,74,74,76,76,100,100,98,97,20.06,20.041,22.108,22.076,634.435,99932,0,0,600,6083,11,2,0,0,0,26,22,14,20,12,7,False,0,False
107.821976,3.297,3.229,2.399,2.266,23.281,20,18,1,2879317.5,74,74,77,77,100,100,98,97,20.062,20.043,22.114,22.082,665.753,99932,0,0,600,6083,11,2,0,0,0,26,22,14,20,12,7,False,0,False
108.31679,3.319,3.252,2.413,2.28,23.28,20,18,1,2903738.5,75,75,75,74,100,100,98,98,20.066,20.048,22.121,22.089,689.096,99932,0,0,550,6100,11,2,0,0,0,26,22,14,20,12,7,False,0,False
108.81703,3.326,3.258,2.417,2.284,23.28,20,18,1,2923850.2,72,71,72,72,100,100,98,98,20.07,20.052,22.127,22.095,706.854,99932,0,0,550,6100,11,2,0,0,0,26,22,14,20,12,7,False,0,False
109.321915,3.335,3.265,2.433,2.297,23.28,20,18,1,2939461.8,73,71,78,74,100,100,98,98,20.074,20.055,22.134,22.101,720.253,99932,0,0,550,6233,11,2,0,0,0,26,22,14,20,12,7,False,0,False
109.8207,3.344,3.272,2.461,2.319,23.28,20,18,1,2950150.8,74,71,87,80,100,100,99,98,20.078,20.059,22.143,22.109,729.852,99932,0,0,550,6233,11,2,0,0,0,26,22,14,20,12,7,False,0,False
110.322685,3.35,3.277,2.486,2.332,23.279,20,18,1,2955646.5,73,71,92,80,100,100,99,98,20.083,20.062,22.156,22.118,741.643,99932,0,0,466,6233,11,2,0,0,0,26,22,14,20,12,7,False,0,False
110.821304,3.355,3.283,2.497,2.338,23.276,20,18,1,2960166.5,73,72,88,77,101,100,99,98,20.086,20.065,22.168,22.125,759.171,99932,0,0,466,6233,11,2,0,0,0,26,22,14,20,12,7,False,0,False
111.31572,3.366,3.292,2.502,2.343,23.272,20,18,1,2965388.5,76,73,81,74,101,100,99,98,20.09,20.069,22.177,22.131,770.185,99932,0,0,466,6367,11,2,0,0,0,26,22,14,20,12,7,False,0,False
111.82081,3.374,3.303,2.503,2.344,23.265,20,18,1,2968619,75,75,75,71,101,100,99,98,20.095,20.072,22.184,22.136,782.223,99932,0,0,466,6367,11,2,0,0,0,26,22,14,20,12,7,False,0,False
112.31812,3.386,3.32,2.503,2.344,23.255,20,18,1,2971120.5,77,78,71,69,101,100,99,98,20.099,20.077,22.187,22.139,796.793,99932,0,0,466,6367,11,2,0,0,0,26,22,14,20,12,7,False,0,False
112.81759,3.399,3.334,2.505,2.347,23.244,20,18,1,2977552,76,76,69,71,101,100,99,98,20.104,20.082,22.189,22.141,814.196,99932,0,0,550,6367,11,2,0,0,0,26,22,14,20,12,7,False,0,False
113.31707,3.419,3.355,2.517,2.362,23.235,20,18,1,2987263.5,77,79,72,76,101,101,99,99,20.108,20.087,22.191,22.144,833.735,99932,0,0,550,6084,11,2,0,0,0,26,22,14,20,12,7,False,0,False
113.82075,3.441,3.382,2.537,2.384,23.224,20,18,1,2993536.5,78,82,76,80,101,101,99,99,20.112,20.093,22.194,22.149,860.104,99932,0,0,417,6084,11,2,0,0,0,26,22,14,20,12,7,False,0,False
114.32049,3.474,3.422,2.552,2.4,23.213,20,18,1,2999112,80,85,75,76,101,101,99,99,20.117,20.1,22.197,22.154,881.854,99932,0,0,417,6000,11,2,0,0,0,26,22,14,20,12,7,False,0,False
114.819,3.499,3.446,2.558,2.406,23.199,20,18,1,2994018.5,76,78,71,72,101,101,99,99,20.121,20.106,22.199,22.156,906.551,99932,0,0,400,6000,11,2,0,0,0,26,22,14,20,12,7,False,0,False
115.32124,3.511,3.459,2.562,2.409,23.186,20,18,1,2993457.5,74,73,70,71,101,101,99,99,20.123,20.109,22.198,22.156,933.962,99932,0,0,400,6000,11,2,0,0,0,26,22,14,20,12,7,False,0,False
115.821014,3.525,3.472,2.566,2.413,23.172,20,18,1,2986349.5,74,73,72,70,101,101,99,99,20.124,20.109,22.197,22.155,964.847,99932,0,0,333,5933,11,2,0,0,0,26,22,14,20,12,7,False,0,False
116.31995,3.547,3.49,2.58,2.427,23.159,20,18,1,2984025.5,76,73,74,72,101,101,99,99,20.125,20.11,22.197,22.154,995.692,99932,0,0,333,5900,11,2,0,0,0,26,22,14,20,12,7,False,0,False
116.814545,3.565,3.504,2.588,2.436,23.146,20,18,1,2975511.8,74,72,72,70,101,101,99,99,20.126,20.11,22.196,22.153,1027.768,99932,0,0,300,5900,11,2,0,0,0,26,22,14,20,12,7,False,0,False
117.32041,3.576,3.513,2.591,2.439,23.132,20,18,1,2966871.8,72,71,70,70,101,101,99,99,20.125,20.108,22.194,22.15,1061.59,99932,0,0,300,5900,11,2,0,0,0,26,22,14,20,12,7,False,0,False
117.82092,3.585,3.521,2.591,2.439,23.118,20,18,1,2958231.8,72,71,69,69,101,101,99,99,20.123,20.107,22.19,22.147,1096.833,99932,0,0,266,5900,11,2,0,0,0,26,22,14,20,12,7,False,0,False
118.320335,3.592,3.527,2.591,2.439,23.105,20,18,1,2955090.2,71,71,70,70,101,101,99,99,20.121,20.104,22.186,22.143,1133.167,99932,0,0,266,5850,11,2,0,0,0,26,22,14,20,12,7,False,0,False
118.821,3.598,3.533,2.591,2.439,23.091,20,18,1,2946450.2,71,71,70,70,101,101,99,98,20.119,20.102,22.182,22.139,1170.612,99932,0,0,266,5850,11,2,0,0,0,26,22,14,20,12,7,False,0,False
119.32253,3.604,3.54,2.591,2.439,23.077,20,18,1,2937522.2,71,72,70,70,101,101,99,98,20.116,20.099,22.177,22.134,1210.41,99932,0,0,266,5800,11,2,0,0,0,26,22,14,20,12,7,False,0,False
119.81969,3.609,3.547,2.592,2.439,23.064,20,18,1,2929170.2,71,72,70,70,101,101,99,98,20.112,20.096,22.171,22.129,1248.542,99932,0,0,267,5800,11,2,0,0,0,26,22,14,20,12,7,False,0,False
120.32055,3.614,3.553,2.592,2.439,23.05,20,18,1,2920530.2,71,72,70,70,101,101,99,98,20.108,20.092,22.165,22.123,1288.79,99932,0,0,250,5800,11,2,0,0,0,26,22,14,20,12,7,False,0,False
120.8188,3.62,3.558,2.592,2.439,23.037,20,18,1,2917324.5,72,72,70,70,101,101,99,98,20.104,20.088,22.159,22.117,1329.625,99932,0,0,250,5733,11,2,0,0,0,26,22,14,20,12,7,False,0,False
121.31856,3.625,3.564,2.592,2.439,23.023,20,18,1,2908684.5,72,72,71,70,101,100,99,98,20.1,20.084,22.152,22.111,1371.083,99932,0,0,233,5733,11,2,0,0,0,26,22,14,20,12,7,False,0,False
121.82048,3.635,3.573,2.606,2.45,23.012,20,18,1,2913567.8,73,73,76,74,101,100,99,98,20.096,20.08,22.147,22.105,1412.601,99932,0,0,250,5733,11,2,0,0,0,26,22,14,20,12,7,False,0,False
122.32042,3.661,3.593,2.64,2.476,23.01,20,18,1,2945909.8,74,73,77,75,101,100,99,98,20.096,20.081,22.151,22.109,1447.057,99932,0,0,250,5700,11,2,0,0,0,26,22,14,20,12,7,False,0,False
122.816154,3.677,3.611,2.66,2.485,23.009,20,18,1,2973032,73,73,75,73,101,100,99,98,20.099,20.083,22.157,22.114,1474.062,99932,0,0,250,5784,11,2,0,0,0,26,22,14,20,12,7,False,0,False
123.31806,3.689,3.621,2.669,2.495,23.008,20,18,1,2996841,74,71,74,73,101,101,99,98,20.103,20.086,22.163,22.119,1495.601,99932,0,0,250,5784,11,2,0,0,0,26,22,14,20,12,7,False,0,False
123.819275,3.703,3.632,2.688,2.51,23.008,20,18,1,3016810.2,76,72,79,75,101,101,99,98,20.107,20.089,22.169,22.125,1512.379,99932,0,0,250,5784,11,2,0,0,0,26,22,14,20,12,7,False,0,False
124.321365,3.719,3.642,2.711,2.529,23.007,20,18,1,3028067.2,78,72,83,78,101,101,99,98,20.113,20.093,22.178,22.132,1527.704,99932,0,0,250,5784,11,2,0,0,0,26,22,14,20,12,7,False,0,False
124.82247,3.737,3.655,2.734,2.547,23.004,20,18,1,3034161.2,79,73,85,79,101,101,99,98,20.119,20.097,22.187,22.139,1554.01,99932,0,0,250,5950,11,2,0,0,0,26,22,14,20,12,7,False,0,False
125.32235,3.749,3.663,2.75,2.559,23.001,20,18,1,3039878,77,73,83,76,101,101,99,99,20.125,20.1,22.195,22.145,1572.146,99932,0,0,250,6050,11,2,0,0,0,26,22,14,20,12,7,False,0,False
125.82186,3.76,3.673,2.758,2.566,22.994,20,18,1,3045457.5,76,73,78,73,101,101,99,99,20.13,20.103,22.202,22.15,1589.637,99932,0,0,250,6050,11,2,0,0,0,26,22,14,20,12,7,False,0,False
126.31627,3.772,3.684,2.763,2.57,22.985,20,18,1,3047191.2,76,73,74,71,101,101,100,99,20.134,20.106,22.206,22.153,1607.292,99932,0,0,250,6050,10,2,0,0,0,26,22,14,20,12,7,False,0,False
126.82083,3.788,3.703,2.767,2.574,22.974,20,18,1,3045097.8,77,76,72,70,101,101,100,99,20.138,20.109,22.209,22.155,1626.331,99932,0,0,500,6050,10,2,0,0,0,26,22,14,20,12,7,False,0,False
127.319336,3.804,3.718,2.769,2.577,22.961,20,18,1,3041266.2,76,75,71,69,102,101,100,99,20.141,20.112,22.21,22.156,1648.49,99932,0,0,500,6033,10,2,0,0,0,26,22,14,20,12,7,False,0,False
127.8222,3.819,3.732,2.77,2.578,22.947,20,18,1,3036152.5,74,73,69,68,102,101,100,99,20.144,20.115,22.21,22.156,1673.452,99932,0,0,383,6033,10,2,0,0,0,26,22,14,20,12,7,False,0,False
128.32224,3.83,3.743,2.77,2.578,22.934,20,18,1,3035495.8,72,72,69,68,102,101,100,99,20.145,20.116,22.209,22.155,1701.093,99932,0,0,383,6033,10,2,0,0,0,26,22,14,20,12,7,False,0,False
128.81458,3.838,3.752,2.77,2.578,22.921,20,18,1,3028244.8,72,72,70,70,102,101,100,99,20.145,20.116,22.208,22.155,1730.596,99932,0,0,350,6033,10,2,0,0,0,26,22,14,20,12,7,False,0,False
129.31903,3.852,3.77,2.783,2.591,22.908,20,18,1,3025647.8,73,76,73,74,102,101,100,99,20.145,20.117,22.207,22.154,1761.862,99932,0,0,350,6033,10,2,0,0,0,26,22,14,20,12,7,False,0,False
129.82188,3.876,3.799,2.803,2.611,22.894,20,18,1,3017049,74,76,73,75,102,101,100,99,20.145,20.119,22.206,22.155,1794.662,99932,0,0,350,6033,10,2,0,0,0,26,22,14,20,12,7,False,0,False
130.3191,3.888,3.814,2.81,2.617,22.88,20,18,1,3008409,71,74,72,70,102,101,100,99,20.145,20.12,22.204,22.153,1830.037,99932,30011,0,333,6033,10,2,0,0,0,26,22,14,20,12,7,False,0,False
130.821,3.906,3.829,2.834,2.639,22.878,20,18,1,3037929,76,73,80,76,102,101,100,99,20.144,20.12,22.204,22.153,1863.071,99932,30011,0,333,6017,10,2,0,0,0,26,22,14,20,12,7,False,0,False
131.31474,3.955,3.867,2.917,2.707,22.878,20,18,1,3065532.2,85,80,98,89,102,101,100,99,20.149,20.123,22.212,22.158,1891.266,99932,30011,0,334,6017,10,2,0,0,0,26,22,14,20,12,7,False,0,False
131.82056,3.988,3.892,2.995,2.768,22.876,20,18,1,3074998.5,82,77,99,89,102,101,100,99,20.156,20.127,22.223,22.167,1918.453,99932,30011,0,334,6017,10,2,0,0,0,26,22,14,20,12,7,False,0,False
132.31856,4.024,3.919,3.044,2.81,22.869,20,18,1,3080920.2,83,78,89,82,102,101,100,99,20.161,20.13,22.233,22.174,1944.868,99932,30011,0,366,6050,10,2,0,0,0,26,22,14,20,12,7,False,0,False
132.81804,4.047,3.936,3.062,2.825,22.859,20,18,1,3084616.8,78,74,77,74,102,101,100,99,20.165,20.132,22.238,22.177,1969.888,99932,30011,0,366,6050,10,2,0,0,0,26,22,14,20,12,7,False,0,False
133.31378,4.063,3.954,3.073,2.838,22.846,20,18,1,3080474,75,76,74,76,102,101,100,99,20.167,20.132,22.237,22.177,1996.756,99932,30011,0,416,6050,10,2,0,0,0,26,22,14,20,12,7,False,0,False
133.82065,4.089,3.986,3.103,2.875,22.834,20,18,1,3085000,77,79,78,84,102,101,100,99,20.168,20.135,22.237,22.178,2026.713,99932,30011,0,500,6050,10,2,0,0,0,26,22,14,20,12,7,False,0,False
134.31691,4.131,4.034,3.152,2.938,22.822,20,18,1,3089250.8,81,85,83,90,102,101,100,99,20.17,20.139,22.239,22.183,2057.095,99932,30011,0,500,6200,10,2,0,0,0,26,22,14,20,12,7,False,0,False
134.81868,4.175,4.087,3.193,2.989,22.809,20,18,1,3087351.2,81,85,79,84,102,102,100,99,20.173,20.144,22.24,22.188,2086.465,99932,30011,0,584,6200,10,2,0,0,0,26,22,14,20,12,7,False,0,False
135.32076,4.196,4.114,3.208,3.004,22.796,20,18,1,3084785.2,73,76,73,74,102,102,100,99,20.173,20.146,22.239,22.188,2117.661,99932,30011,0,584,6200,10,2,0,0,0,26,22,14,20,12,7,False,0,False
135.81828,4.208,4.129,3.215,3.01,22.782,20,18,1,3076180.2,72,75,72,72,102,102,100,99,20.172,20.146,22.235,22.185,2150.339,99932,30011,0,634,6334,10,2,0,0,0,26,22,14,20,12,7,False,0,False
136.32085,4.221,4.144,3.23,3.025,22.772,20,18,1,3086495.2,74,75,77,76,102,102,100,99,20.17,20.145,22.233,22.183,2183.049,99932,30011,0,634,6334,10,2,0,0,0,26,22,14,20,12,7,False,0,False
136.81638,4.235,4.158,3.243,3.038,22.771,20,18,1,3113763.8,73,73,74,74,102,102,100,99,20.171,20.147,22.236,22.186,2208.909,99932,30011,0,666,6350,10,2,0,0,0,26,22,14,20,12,7,False,0,False
137.31882,4.243,4.164,3.248,3.044,22.771,20,18,1,3137256.8,72,71,73,72,102,102,100,99,20.173,20.148,22.24,22.19,2229.366,99932,30011,0,666,6350,10,2,0,0,0,26,22,14,20,12,7,False,0,False
137.8206,4.251,4.17,3.258,3.054,22.771,20,18,1,3156437.8,73,70,75,74,102,102,100,99,20.175,20.15,22.244,22.194,2246.131,99932,30011,0,666,6500,10,2,0,0,0,26,22,14,20,12,7,False,0,False
138.31909,4.265,4.18,3.28,3.072,22.771,20,18,1,3166417.5,77,72,82,78,102,102,100,99,20.178,20.151,22.25,22.199,2259.112,99932,30011,0,700,6500,10,2,0,0,0,26,22,14,20,12,7,False,0,False
138.81955,4.277,4.189,3.316,3.095,22.771,20,18,1,3174454.2,77,73,93,82,102,102,100,100,20.183,20.154,22.259,22.205,2271.958,99932,30011,0,700,6500,10,2,0,0,0,26,22,14,20,12,7,False,0,False
139.3201,4.287,4.196,3.35,3.119,22.769,20,18,1,3180502.8,77,73,97,85,102,102,101,100,20.186,20.156,22.271,22.213,2288.971,99932,30011,0,700,6550,10,2,0,0,0,26,22,14,20,12,7,False,0,False
139.81888,4.302,4.207,3.369,3.134,22.765,20,18,1,3186534.2,80,75,92,83,102,102,101,100,20.191,20.158,22.283,22.22,2302.548,99932,30011,0,700,6550,10,2,0,0,0,26,22,14,20,12,7,False,0,False
140.31757,4.317,4.22,3.381,3.143,22.76,20,18,1,3192963.5,80,76,85,78,103,102,101,100,20.196,20.161,22.291,22.226,2315.192,99932,30011,0,600,6550,10,2,0,0,0,26,22,14,20,12,7,False,0,False
140.81746,4.335,4.24,3.385,3.147,22.752,20,18,1,3198433.5,82,80,78,74,103,102,101,100,20.201,20.165,22.296,22.229,2328.985,99932,30011,0,600,6550,10,2,0,0,0,26,22,14,20,12,7,False,0,False
141.31747,4.355,4.263,3.386,3.148,22.741,20,18,1,3203634,81,81,73,70,103,102,101,100,20.206,20.17,22.299,22.23,2345.211,99932,30011,0,600,6566,10,2,0,0,0,26,22,14,20,12,7,False,0,False
141.81767,4.374,4.285,3.386,3.148,22.727,20,18,1,3206753.5,79,80,70,69,103,102,101,100,20.211,20.175,22.299,22.23,2364.849,99932,30011,0,583,6566,10,2,0,0,0,26,22,14,20,12,7,False,0,False
142.32028,4.391,4.304,3.386,3.148,22.715,20,18,1,3208595.2,77,77,69,69,103,102,101,100,20.214,20.179,22.298,22.229,2387.414,99932,30011,0,583,6566,10,2,0,0,0,26,22,14,20,12,7,False,0,False
142.81523,4.402,4.316,3.386,3.149,22.702,20,18,1,3208781.8,74,73,69,69,103,102,101,100,20.215,20.18,22.296,22.228,2412.629,99932,30011,0,533,6566,10,2,0,0,0,26,22,14,20,12,7,False,0,False
143.31795,4.412,4.326,3.386,3.149,22.688,20,18,1,3202515,73,72,69,69,103,102,101,100,20.215,20.18,22.293,22.226,2439.977,99932,30011,0,533,6516,10,2,0,0,0,26,22,14,20,12,7,False,0,False
143.81921,4.421,4.335,3.386,3.149,22.674,20,18,1,3195275.2,72,72,69,69,103,102,101,100,20.214,20.179,22.29,22.224,2469.383,99932,30011,0,500,6516,10,2,0,0,0,26,22,14,20,12,7,False,0,False
144.31984,4.428,4.343,3.386,3.149,22.661,20,18,1,3192744.5,72,72,70,69,103,102,101,100,20.212,20.177,22.287,22.221,2500.571,99932,30011,0,500,6516,10,2,0,0,0,26,22,14,20,12,7,False,0,False
144.82156,4.436,4.35,3.386,3.149,22.648,20,18,1,3184136.8,72,72,70,70,103,102,101,100,20.21,20.175,22.283,22.218,2533.303,99932,30011,0,500,6516,10,2,0,0,0,26,22,14,20,12,7,False,0,False
145.31908,4.444,4.36,3.392,3.154,22.634,20,18,1,3175496.8,72,73,72,73,103,102,101,100,20.207,20.173,22.279,22.214,2567.564,99932,30011,0,484,6483,10,2,0,0,0,26,22,14,20,12,7,False,0,False
145.81786,4.486,4.409,3.435,3.203,22.62,20,18,1,3166856.8,79,82,77,81,103,102,101,100,20.207,20.174,22.277,22.214,2602.696,99932,30011,0,484,6483,10,2,0,0,0,26,22,14,20,12,7,False,0,False
146.31526,4.508,4.438,3.47,3.235,22.612,20,18,1,3180747.2,75,77,79,81,103,102,101,100,20.206,20.175,22.277,22.214,2637.341,99932,30011,0,483,6467,10,2,0,0,0,26,22,14,20,12,7,False,0,False
146.81563,4.531,4.467,3.496,3.261,22.61,20,18,1,3208873.5,75,78,77,79,103,102,101,100,20.208,20.178,22.28,22.219,2666.937,99932,30011,0,483,6467,10,2,0,0,0,26,22,14,20,12,7,False,0,False
147.31955,4.542,4.482,3.51,3.275,22.61,20,18,1,3235925.8,73,76,75,78,103,102,101,100,20.209,20.181,22.283,22.224,2690.275,99932,30011,0,517,6517,10,2,0,0,0,26,22,14,20,12,7,False,0,False
147.81819,4.56,4.503,3.526,3.293,22.61,20,18,1,3257540.5,76,79,76,79,103,102,101,100,20.212,20.186,22.287,22.23,2708.788,99932,30011,0,517,6517,10,2,0,0,0,26,22,14,20,12,7,False,0,False
148.31242,4.569,4.513,3.534,3.301,22.61,20,18,1,3275084.5,73,76,75,77,103,102,101,100,20.215,20.191,22.292,22.235,2723.685,99932,30011,0,517,6634,10,2,0,0,0,26,22,14,20,12,7,False,0,False
148.81175,4.573,4.519,3.542,3.311,22.61,20,18,1,3287174.8,71,74,74,78,103,103,101,100,20.217,20.194,22.295,22.241,2735.139,99932,30011,0,517,6634,10,2,0,0,0,26,22,14,20,12,7,False,0,False
149.31938,4.579,4.526,3.556,3.336,22.61,20,18,1,3297032.8,72,73,77,87,103,103,101,100,20.218,20.197,22.299,22.248,2747.436,99932,30011,0,500,6634,10,2,0,0,0,26,22,14,20,12,7,False,0,False
149.81248,4.587,4.536,3.568,3.35,22.607,20,18,1,3302802.2,73,76,78,86,103,103,101,100,20.22,20.2,22.304,22.257,2766.558,99932,30011,0,500,6700,10,2,0,0,0,26,22,14,20,12,7,False,0,False
150.8168,4.609,4.557,3.573,3.356,22.594,20,18,1,3311507,76,77,71,75,103,103,101,101,20.225,20.208,22.31,22.268,2789.597,99932,30011,0,500,6700,10,2,0,0,0,26,22,14,20,12,7,False,0,False
151.32031,4.625,4.576,3.574,3.357,22.584,20,18,1,3315445.5,78,79,69,72,103,103,101,101,20.229,20.213,22.31,22.27,2805.169,99932,30011,0,483,6700,10,2,0,0,0,26,22,14,20,12,7,False,0,False
152.31828,4.685,4.634,3.575,3.358,22.56,20,18,1,3327975.8,81,81,69,69,103,103,101,101,20.24,20.224,22.308,22.27,2844.039,99932,30011,0,483,6700,10,2,0,0,0,26,22,14,20,12,7,False,0,False
152.81987,4.698,4.647,3.575,3.358,22.546,20,18,1,3323463.8,75,75,69,69,103,103,101,101,20.243,20.226,22.307,22.269,2867.563,99932,30011,0,467,6700,10,2,0,0,0,26,22,14,20,12,7,False,0,False
153.31577,4.709,4.658,3.575,3.358,22.533,20,18,1,3323305.2,73,73,69,69,103,103,101,101,20.243,20.227,22.305,22.267,2893.702,99932,30011,0,467,6700,10,2,0,0,0,26,22,14,20,12,7,False,0,False
153.81575,4.718,4.667,3.575,3.358,22.519,20,18,1,3316563,72,72,70,69,103,103,101,101,20.243,20.227,22.303,22.265,2922.061,99932,30011,0,467,6700,10,2,0,0,0,26,22,14,20,12,7,False,0,False
154.32039,4.726,4.675,3.575,3.358,22.505,20,18,1,3308865.8,72,72,70,70,103,103,101,101,20.242,20.226,22.3,22.263,2952.46,99932,30011,0,467,6700,10,2,0,0,0,26,22,14,20,12,7,False,0,False
154.81645,4.733,4.682,3.575,3.358,22.493,20,18,1,3305983.8,72,72,70,70,103,103,101,100,20.24,20.225,22.297,22.26,2984.56,99932,30011,0,467,6700,10,2,0,0,0,26,22,14,20,12,7,False,0,False
155.31665,4.74,4.689,3.575,3.358,22.479,20,18,1,3297343.8,72,72,70,70,103,103,101,100,20.238,20.223,22.293,22.257,3018.267,99932,30011,0,467,6700,10,2,0,0,0,26,22,14,20,12,7,False,0,False
155.8183,4.747,4.696,3.575,3.358,22.465,20,18,1,3288703.8,72,72,70,70,103,103,101,100,20.236,20.221,22.289,22.253,3053.406,99932,30011,0,467,6700,10,2,0,0,0,26,22,14,20,12,7,False,0,False
156.31346,4.753,4.702,3.575,3.358,22.452,20,18,1,3285717.2,72,72,71,70,103,103,101,100,20.233,20.218,22.284,22.249,3089.776,99932,30011,0,467,6700,10,2,0,0,0,26,22,14,20,12,7,False,0,False
156.81606,4.759,4.709,3.575,3.358,22.438,20,18,1,3277077.2,72,72,70,70,103,103,101,100,20.23,20.215,22.279,22.244,3127.105,99932,30011,0,467,6700,10,2,0,0,0,26,22,14,20,12,7,False,0,False
157.3204,4.765,4.715,3.575,3.358,22.424,20,18,1,3268437.2,72,72,71,71,103,103,101,100,20.226,20.212,22.274,22.238,3165.441,99932,30011,0,450,6667,10,2,0,0,0,26,22,14,20,12,7,False,0,False
157.81673,4.771,4.72,3.575,3.358,22.411,20,18,1,3259797.2,72,72,71,71,103,103,101,100,20.222,20.208,22.268,22.233,3204.687,99932,30011,0,450,6667,10,2,0,0,0,26,22,14,20,12,7,False,0,False
158.31555,4.777,4.726,3.575,3.358,22.397,20,18,1,3251157.2,72,72,71,71,103,103,100,100,20.218,20.204,22.262,22.227,3244.732,99932,30011,0,450,6650,10,2,0,0,0,26,22,14,20,12,7,False,0,False
158.81883,4.782,4.731,3.575,3.358,22.384,20,18,1,3247969.5,72,72,71,71,103,103,100,100,20.214,20.199,22.255,22.22,3285.412,99932,30011,0,450,6650,10,2,0,0,0,26,22,14,20,12,7,False,0,False
159.31169,4.788,4.736,3.575,3.358,22.37,20,18,1,3239329.5,73,72,71,71,103,103,100,100,20.209,20.195,22.248,22.213,3326.601,99932,30011,0,450,6650,10,2,0,0,0,26,22,14,20,12,7,False,0,False
159.81717,4.797,4.745,3.583,3.366,22.358,20,18,1,3241103.5,74,73,74,75,103,102,100,100,20.204,20.19,22.241,22.207,3368.017,99932,30011,0,450,6617,10,2,0,0,0,26,22,14,20,12,7,False,0,False
160.3162,4.818,4.765,3.61,3.392,22.357,20,18,1,3273962.2,74,74,76,76,103,102,100,100,20.203,20.189,22.243,22.209,3402.917,99932,30011,0,434,6617,10,2,0,0,0,26,22,14,20,12,7,False,0,False
160.81667,4.84,4.793,3.642,3.426,22.356,20,18,1,3302174.2,75,80,81,83,103,102,100,100,20.205,20.192,22.249,22.215,3430.317,99932,30011,0,434,6634,10,2,0,0,0,26,22,14,20,12,7,False,0,False
161.32036,4.869,4.83,3.696,3.497,22.356,20,18,1,3325281.5,78,83,89,98,103,103,100,100,20.209,20.199,22.257,22.227,3452.701,99932,30011,0,434,6634,10,2,0,0,0,26,22,14,20,12,7,False,0,False
161.81635,4.886,4.853,3.739,3.557,22.352,20,18,1,3334543.5,77,82,88,99,103,103,101,100,20.213,20.205,22.268,22.241,3476.421,99932,30011,0,434,6634,10,2,0,0,0,26,22,14,20,12,7,False,0,False
162.31898,4.912,4.886,3.769,3.592,22.344,20,18,1,3341225.2,79,85,84,90,103,103,101,100,20.217,20.212,22.276,22.253,3499.283,99932,30011,0,450,6650,10,2,0,0,0,26,22,14,20,12,7,False,0,False
162.81732,4.932,4.911,3.789,3.618,22.334,20,18,1,3347712,78,82,79,84,103,103,101,100,20.22,20.218,22.281,22.262,3520.762,99932,30011,0,450,6750,10,2,0,0,0,26,22,14,20,12,7,False,0,False
163.31516,4.953,4.935,3.806,3.636,22.323,20,18,1,3353924,76,80,76,80,103,103,101,101,20.223,20.222,22.285,22.267,3543.174,99932,30011,0,533,6750,10,2,0,0,0,26,22,14,20,12,7,False,0,False
163.81572,4.978,4.966,3.828,3.66,22.311,20,18,1,3360116,77,82,77,80,103,103,101,101,20.225,20.227,22.287,22.271,3566.891,99932,30011,0,533,6750,10,2,0,0,0,26,22,14,20,12,7,False,0,False
164.31892,5.002,4.995,3.851,3.685,22.299,20,18,1,3364346.5,78,82,77,80,103,103,101,101,20.227,20.231,22.289,22.275,3591.964,99932,30011,0,567,6783,10,2,0,0,0,26,22,14,20,12,7,False,0,False
164.81386,5.034,5.033,3.875,3.71,22.286,20,18,1,3363756.2,79,83,77,80,103,103,101,101,20.229,20.235,22.291,22.278,3618.789,99932,30011,0,567,6783,10,2,0,0,0,26,22,14,20,12,7,False,0,False
165.31888,5.063,5.068,3.897,3.733,22.272,20,18,1,3356628.2,77,81,76,78,103,103,101,101,20.231,20.239,22.292,22.279,3647.559,99932,30011,0,600,6783,10,2,0,0,0,26,22,14,20,12,7,False,0,False
165.8174,5.079,5.088,3.908,3.743,22.259,20,18,1,3354323.2,73,77,73,74,103,103,101,101,20.231,20.24,22.291,22.279,3678.705,99932,30011,0,600,6816,10,2,0,0,0,26,22,14,20,12,7,False,0,False
166.31764,5.089,5.099,3.911,3.746,22.245,20,18,1,3345837,72,73,71,70,103,103,101,101,20.229,20.24,22.289,22.277,3711.515,99932,30011,0,633,6816,10,2,0,0,0,26,22,14,20,12,7,False,0,False
166.81796,5.104,5.111,3.92,3.756,22.231,20,18,1,3337197,75,73,74,72,103,103,101,101,20.227,20.237,22.286,22.274,3745.177,99932,30011,0,650,6867,10,2,0,0,0,26,22,14,20,12,7,False,0,False
167.31825,5.139,5.139,3.958,3.792,22.218,20,18,1,3328557,81,78,84,80,103,103,101,101,20.226,20.236,22.285,22.272,3779.675,99932,30011,0,650,6867,10,2,0,0,0,26,22,14,20,12,7,False,0,False
167.8178,5.2,5.19,4.029,3.856,22.204,20,18,1,3319917,85,81,87,83,103,103,101,101,20.229,20.237,22.287,22.272,3815.619,99932,30011,0,650,6867,10,2,0,0,0,26,22,14,20,12,7,False,0,False
168.31929,5.258,5.238,4.111,3.929,22.191,20,18,1,3316701.2,86,82,93,88,103,103,101,101,20.232,20.237,22.289,22.273,3852.488,99932,30011,0,666,6866,10,2,0,0,0,26,22,14,20,12,7,False,0,False
168.81677,5.326,5.295,4.204,4.009,22.178,20,18,1,3308061.2,85,81,91,86,103,103,101,101,20.235,20.238,22.293,22.274,3889.271,99932,30011,0,666,6866,10,2,0,0,0,26,22,14,20,12,7,False,0,False
169.31776,5.383,5.343,4.273,4.071,22.164,20,18,1,3299421.2,84,80,87,82,103,103,101,101,20.236,20.237,22.295,22.274,3925.785,99932,30011,0,667,6866,10,2,0,0,0,26,22,14,20,12,7,False,0,False
169.81633,5.425,5.377,4.315,4.111,22.15,20,18,1,3290781.2,80,76,81,78,103,103,101,101,20.236,20.235,22.293,22.271,3961.488,99932,30011,0,667,6867,10,2,0,0,0,26,22,14,20,12,7,False,0,False
170.31818,5.452,5.397,4.333,4.129,22.137,20,18,1,3282141.2,75,73,74,72,103,103,101,101,20.234,20.232,22.289,22.266,3998.026,99932,30011,0,667,6867,10,2,0,0,0,26,22,14,20,12,7,False,0,False
170.81863,5.458,5.403,4.335,4.131,22.123,20,18,1,3281550.2,72,71,72,71,103,103,101,100,20.229,20.227,22.283,22.26,4035.48,99932,30011,40463,667,6867,10,2,0,0,0,26,22,14,20,12,7,False,0,False
171.31496,5.483,5.425,4.362,4.16,22.122,20,18,1,3312520.2,78,75,80,79,103,103,101,100,20.228,20.225,22.283,22.26,4067.566,99932,30011,40463,667,6867,10,2,0,0,0,26,22,14,20,12,7,False,0,False
171.81769,5.526,5.459,4.422,4.212,22.122,20,18,1,3339576.8,86,80,94,88,103,103,101,101,20.232,20.227,22.29,22.266,4092.214,99932,30011,40463,667,6867,10,2,0,0,0,26,22,14,20,12,7,False,0,False
172.32086,5.565,5.49,4.494,4.269,22.122,20,18,1,3361483.2,86,81,103,93,103,103,101,101,20.24,20.232,22.304,22.276,4112.292,99932,30011,40463,667,6867,10,2,0,0,0,26,22,14,20,12,7,False,0,False
173.31412,5.609,5.527,4.583,4.333,22.11,20,18,1,3378651.2,84,80,95,84,104,103,102,101,20.251,20.239,22.331,22.294,4149.859,99932,30011,40463,667,6883,10,2,0,0,0,26,22,14,20,12,7,False,0,False
173.81285,5.631,5.546,4.602,4.348,22.101,20,18,1,3384958.2,81,78,85,78,104,103,102,101,20.256,20.242,22.339,22.299,4170.833,99932,30011,40463,667,6883,10,2,0,0,0,26,22,14,20,12,7,False,0,False
174.32016,5.649,5.562,4.615,4.359,22.09,20,18,1,3391152,79,76,79,75,104,103,102,101,20.259,20.244,22.343,22.301,4191.574,99932,30011,40463,816,7033,10,2,0,0,0,26,22,14,20,12,7,False,0,False
174.81836,5.675,5.584,4.629,4.372,22.078,20,18,1,3395551,80,78,77,73,104,103,102,101,20.262,20.246,22.346,22.302,4213.949,99932,30011,40463,816,7033,10,2,0,0,0,26,22,14,20,12,7,False,0,False
175.31415,5.689,5.598,4.63,4.373,22.066,20,18,1,3385827.2,76,74,71,71,104,104,102,101,20.264,20.247,22.346,22.302,4239.058,99932,30011,40463,850,7033,10,2,0,0,0,26,22,14,20,12,7,False,0,False
175.81616,5.702,5.61,4.63,4.374,22.052,20,18,1,3343010.8,74,73,70,70,104,103,102,101,20.264,20.246,22.344,22.3,4266.767,99932,30011,40463,850,7083,10,2,0,0,0,26,22,14,20,12,7,False,0,False
176.31818,5.712,5.62,4.63,4.374,22.039,20,18,1,3298307,73,73,70,70,104,103,102,101,20.263,20.245,22.342,22.298,4296.878,99932,30011,40463,850,7083,10,2,0,0,0,26,22,14,20,12,7,False,0,False
176.81798,5.722,5.63,4.63,4.374,22.025,20,18,1,3242257.8,73,73,71,70,104,103,102,101,20.261,20.243,22.339,22.295,4328.97,99932,30011,40463,850,7084,10,2,0,0,0,26,22,14,20,12,7,False,0,False
177.31944,5.731,5.639,4.63,4.374,22.012,20,18,1,3184642.8,73,73,71,71,104,103,102,101,20.259,20.241,22.335,22.291,4363.005,99932,30011,40463,850,7084,10,2,0,0,0,26,22,14,20,12,7,False,0,False
177.81985,5.739,5.646,4.63,4.374,21.999,20,18,1,3153801.5,72,72,71,70,104,103,102,101,20.256,20.239,22.331,22.287,4398.609,99932,30011,40463,850,7084,10,2,0,0,0,26,22,14,20,12,7,False,0,False
178.31512,5.745,5.653,4.63,4.374,21.985,20,18,1,3145161.5,72,72,70,70,104,103,102,101,20.253,20.235,22.326,22.283,4435.286,99932,30011,40463,833,7050,10,2,0,0,0,26,22,14,20,12,7,False,0,False
178.8161,5.751,5.659,4.63,4.374,21.971,20,18,1,3136521.5,72,72,71,71,104,103,101,101,20.249,20.232,22.321,22.278,4472.984,99932,30011,40463,833,7050,10,2,0,0,0,26,22,14,20,12,7,False,0,False
179.31909,5.757,5.665,4.63,4.374,21.957,20,18,1,3127881.5,72,72,71,71,103,103,101,101,20.245,20.228,22.315,22.272,4511.623,99932,30011,40463,817,7050,10,2,0,0,0,26,22,14,20,12,7,False,0,False
179.8158,5.762,5.671,4.63,4.374,21.944,20,18,1,3119241.5,72,72,71,71,103,103,101,101,20.241,20.223,22.309,22.267,4551.105,99932,30011,40463,800,7017,10,2,0,0,0,26,22,14,20,12,7,False,0,False
180.31812,5.768,5.677,4.63,4.374,21.93,20,18,1,3110601.5,73,73,71,71,103,103,101,100,20.236,20.219,22.303,22.26,4591.339,99932,30011,40463,800,7017,10,2,0,0,0,26,22,14,20,12,7,False,0,False
180.81561,5.773,5.683,4.63,4.374,21.917,20,18,1,3107451,73,73,71,71,103,103,101,100,20.231,20.214,22.296,22.254,4632.192,99932,30011,40463,800,6984,10,2,0,0,0,26,22,14,20,12,7,False,0,False
181.31793,5.779,5.688,4.63,4.374,21.903,20,18,1,3098811,74,74,72,72,103,103,101,100,20.226,20.209,22.289,22.247,4673.52,99932,30011,40463,784,6984,10,2,0,0,0,26,22,14,20,12,7,False,0,False
181.81589,5.784,5.694,4.63,4.374,21.889,20,18,1,3090171,73,73,72,72,103,103,101,100,20.22,20.204,22.281,22.24,4715.345,99932,30011,40463,783,6950,10,2,0,0,0,26,22,14,20,12,7,False,0,False
182.3149,5.789,5.699,4.63,4.374,21.876,20,18,1,3081531,74,74,72,72,103,103,101,100,20.215,20.198,22.274,22.232,4757.602,99932,30011,40463,766,6950,10,2,0,0,0,26,22,14,20,12,7,False,0,False
182.81363,5.795,5.705,4.63,4.374,21.862,20,18,1,3072891,73,73,72,72,103,102,101,100,20.209,20.193,22.266,22.224,4800.218,99932,30011,40463,766,6934,10,2,0,0,0,26,22,14,20,12,7,False,0,False
183.31139,5.811,5.721,4.651,4.395,21.854,20,18,1,3093551.8,74,74,77,76,103,102,100,100,20.205,20.189,22.262,22.221,4840.71,99932,30011,40463,750,6934,10,2,0,0,0,26,22,14,20,12,7,False,0,False
183.8141,5.83,5.742,4.676,4.418,21.854,20,18,1,3125139.2,74,74,76,76,103,102,101,100,20.205,20.189,22.266,22.225,4872.384,99932,30011,40463,750,6917,10,2,0,0,0,26,22,14,20,12,7,False,0,False
184.31941,5.842,5.752,4.688,4.431,21.853,20,18,1,3150542,74,71,76,75,103,102,101,100,20.207,20.191,22.271,22.23,4897.128,99932,30011,40463,750,6950,10,2,0,0,0,26,22,14,20,12,7,False,0,False
184.81642,5.869,5.771,4.733,4.466,21.853,20,18,1,3172756,80,75,90,83,103,103,101,100,20.211,20.193,22.279,22.237,4917.375,99932,30011,40463,750,6950,10,2,0,0,0,26,22,14,20,12,7,False,0,False
185.31717,5.892,5.789,4.789,4.507,21.851,20,18,1,3187330.5,81,76,99,88,103,103,101,100,20.217,20.197,22.292,22.247,4934.634,99932,30011,40463,750,6950,10,2,0,0,0,26,22,14,20,12,7,False,0,False
185.81744,5.909,5.804,4.825,4.53,21.844,20,18,1,3193550.5,80,77,95,84,103,103,101,100,20.223,20.201,22.307,22.256,4957.333,99932,30011,40463,733,6933,10,2,0,0,0,26,22,14,20,12,7,False,0,False
186.30933,5.931,5.822,4.846,4.545,21.837,20,18,1,3199934,81,77,86,78,103,103,101,101,20.228,20.204,22.316,22.263,4974.326,99932,30011,40463,733,6933,10,2,0,0,0,26,22,14,20,12,7,False,0,False
186.81041,5.951,5.84,4.862,4.558,21.828,20,18,1,3205947.2,80,77,81,75,103,103,102,101,20.233,20.208,22.323,22.267,4993.515,99932,30011,40463,733,6933,10,2,0,0,0,26,22,14,20,12,7,False,0,False
187.31863,5.967,5.855,4.866,4.562,21.816,20,18,1,3205371,77,76,74,71,103,103,102,101,20.236,20.21,22.327,22.269,5014.122,99932,30011,40463,733,6950,10,2,0,0,0,26,22,14,20,12,7,False,0,False
187.81523,5.989,5.877,4.87,4.567,21.802,20,18,1,3183513.8,78,77,73,70,103,103,102,101,20.239,20.213,22.328,22.269,5036.894,99932,30011,40463,733,6950,10,2,0,0,0,26,22,14,20,12,7,False,0,False
188.31267,6.012,5.899,4.878,4.575,21.789,20,18,1,3149429,79,77,73,71,103,103,102,101,20.242,20.215,22.329,22.27,5062.736,99932,30011,40463,733,6983,10,2,0,0,0,26,22,14,20,12,7,False,0,False
188.8089,6.028,5.913,4.879,4.577,21.775,20,18,1,3102531.8,74,74,71,70,103,103,102,101,20.243,20.216,22.328,22.269,5091.718,99932,30011,40463,733,6983,10,2,0,0,0,26,22,14,20,12,7,False,0,False
189.31436,6.04,5.924,4.879,4.577,21.762,20,18,1,3054503.5,74,72,69,70,103,103,102,101,20.243,20.215,22.326,22.267,5122.953,99932,30011,40463,750,6984,10,2,0,0,0,26,22,14,20,12,7,False,0,False
189.809,6.049,5.933,4.879,4.577,21.748,20,18,1,2997040.5,74,73,70,71,103,103,102,101,20.242,20.214,22.324,22.265,5155.917,99932,30011,40463,750,6966,10,2,0,0,0,26,22,14,20,12,7,False,0,False
190.31743,6.058,5.943,4.879,4.577,21.735,20,18,1,2939425.5,73,73,71,71,103,103,101,101,20.241,20.213,22.321,22.263,5190.752,99932,30011,40463,750,6966,10,2,0,0,0,26,22,14,20,12,7,False,0,False
190.81573,6.065,5.949,4.879,4.577,21.722,20,18,1,2929755.8,73,72,71,71,103,103,101,100,20.239,20.211,22.317,22.26,5226.996,99932,30011,40463,750,6966,10,2,0,0,0,26,22,14,20,12,7,False,0,False
191.31238,6.071,5.955,4.879,4.577,21.708,20,18,1,2921115.8,72,72,71,71,103,103,101,100,20.236,20.209,22.313,22.256,5264.262,99932,30011,40463,750,6950,10,2,0,0,0,26,22,14,20,12,7,False,0,False
191.81732,6.077,5.961,4.879,4.577,21.694,20,18,1,2912475.8,72,72,71,71,103,103,101,100,20.233,20.206,22.309,22.252,5302.492,99932,30011,40463,733,6917,10,2,0,0,0,26,22,14,20,12,7,False,0,False
192.31097,6.083,5.967,4.879,4.577,21.68,20,18,1,2903835.8,73,72,71,71,103,103,101,100,20.23,20.203,22.304,22.247,5341.577,99932,30011,40463,733,6900,10,2,0,0,0,26,22,14,20,12,7,False,0,False
192.80989,6.088,5.973,4.879,4.577,21.667,20,18,1,2895195.8,73,72,71,71,103,103,101,100,20.226,20.199,22.298,22.242,5381.39,99932,30011,40463,734,6900,10,2,0,0,0,26,22,14,20,12,7,False,0,False
193.31413,6.094,5.978,4.879,4.577,21.654,20,18,2,2891940.8,73,73,71,71,103,103,101,100,20.222,20.195,22.292,22.236,12.883,93208,0,0,734,6900,10,3,0,0,0,26,22,14,20,12,7,False,0,False
193.81242,6.099,5.984,4.879,4.577,21.64,20,18,2,2883300.8,73,73,71,71,103,102,101,100,20.217,20.191,22.286,22.23,53.819,93208,0,0,733,6866,10,3,0,0,0,26,22,14,20,12,7,False,0,False
194.31181,6.105,5.989,4.879,4.577,21.626,20,18,2,2874660.8,73,73,72,71,103,102,101,100,20.212,20.186,22.279,22.223,95.209,93208,0,0,733,6850,10,3,0,0,0,26,22,14,20,12,7,False,0,False
194.81578,6.11,5.994,4.879,4.577,21.613,20,18,2,2866020.8,72,72,71,71,103,102,101,100,20.207,20.181,22.272,22.216,137.059,93208,0,0,733,6850,10,3,0,0,0,26,22,14,20,12,7,False,0,False
195.31277,6.116,6,4.879,4.577,21.599,20,18,2,2857380.8,72,72,71,71,103,102,101,100,20.201,20.176,22.264,22.209,179.335,93208,0,0,717,6816,10,3,0,0,0,26,22,14,20,12,7,False,0,False
195.80925,6.121,6.005,4.879,4.577,21.585,20,18,2,2848740.8,73,73,71,71,103,102,100,99,20.196,20.17,22.256,22.201,221.996,93208,0,0,700,6816,10,3,0,0,0,26,22,14,20,12,7,False,0,False
196.31497,6.127,6.011,4.879,4.577,21.571,20,18,2,2840100.8,73,73,71,71,102,102,100,99,20.189,20.164,22.248,22.193,264.992,93208,0,0,716,6816,10,3,0,0,0,26,22,14,20,12,7,False,0,False
196.81195,6.132,6.016,4.879,4.577,21.557,20,18,2,2831460.8,73,73,71,71,102,102,100,99,20.183,20.158,22.239,22.185,308.273,93208,0,0,716,6816,10,3,0,0,0,26,22,14,20,12,7,False,0,False
197.31442,6.138,6.022,4.879,4.577,21.543,20,18,2,2822820.8,72,72,71,71,102,102,100,99,20.177,20.151,22.23,22.177,351.829,93208,0,0,700,6766,10,3,0,0,0,26,22,14,20,12,7,False,0,False
197.81676,6.143,6.027,4.879,4.577,21.53,20,18,2,2814180.8,73,73,72,72,102,102,100,99,20.17,20.145,22.221,22.168,395.602,93208,0,0,700,6766,10,3,0,0,0,26,22,14,20,12,7,False,0,False
198.31714,6.149,6.033,4.879,4.577,21.516,20,18,2,2805540.8,73,73,72,71,102,101,100,99,20.163,20.138,22.212,22.159,439.554,93208,0,0,683,6766,10,3,0,0,0,26,22,14,20,12,7,False,0,False
198.8106,6.154,6.038,4.879,4.577,21.502,20,18,2,2796900.8,73,73,71,71,102,101,100,99,20.155,20.13,22.203,22.15,483.685,93208,0,0,683,6766,10,3,0,0,0,26,22,14,20,12,7,False,0,False
199.31145,6.16,6.043,4.879,4.577,21.488,20,18,2,2788260.8,73,73,72,71,102,101,99,98,20.147,20.123,22.193,22.14,527.979,93208,0,0,684,6700,10,3,0,0,0,26,22,14,20,12,7,False,0,False
199.81711,6.165,6.049,4.879,4.577,21.475,20,18,2,2779620.8,72,72,71,71,102,101,99,98,20.139,20.115,22.183,22.131,572.409,93208,0,0,666,6700,10,3,0,0,0,26,22,14,20,12,7,False,0,False
200.314,6.181,6.064,4.898,4.597,21.466,20,18,2,2797349,74,74,76,76,101,101,99,98,20.133,20.109,22.177,22.125,615.056,93208,0,0,650,6667,10,3,0,0,0,26,22,14,20,12,7,False,0,False
200.80922,6.202,6.084,4.923,4.623,21.465,20,18,2,2830003,74,74,76,76,101,101,99,98,20.133,20.11,22.181,22.13,648.943,93208,0,0,650,6667,10,3,0,0,0,26,22,14,20,12,7,False,0,False
201.3125,6.215,6.097,4.931,4.631,21.464,20,18,2,2856545.2,72,72,73,73,101,101,99,98,20.135,20.112,22.187,22.135,675.131,93208,0,0,667,6667,10,3,0,0,0,26,22,14,20,12,7,False,0,False
201.81573,6.22,6.102,4.933,4.634,21.464,20,18,2,2878998.5,70,70,71,71,101,101,99,98,20.137,20.114,22.192,22.14,695.879,93208,0,0,667,6733,10,3,0,0,0,26,22,14,20,12,7,False,0,False
202.31374,6.226,6.106,4.942,4.641,21.464,20,18,2,2898518.8,71,70,74,72,101,101,99,99,20.139,20.115,22.196,22.145,712.93,93208,0,0,667,6733,10,3,0,0,0,26,22,14,20,12,7,False,0,False
202.81491,6.24,6.117,4.972,4.665,21.464,20,18,2,2914042.8,76,72,86,79,102,101,100,99,20.142,20.118,22.204,22.151,725.661,93208,0,0,667,6867,10,3,0,0,0,26,22,14,20,12,7,False,0,False
203.31084,6.249,6.124,5.006,4.689,21.463,20,18,2,2924610,75,72,94,84,102,101,100,99,20.147,20.121,22.215,22.16,736.511,93208,0,0,733,6867,10,3,0,0,0,26,22,14,20,12,7,False,0,False
203.81387,6.257,6.131,5.031,4.705,21.459,20,18,2,2929654,76,73,95,83,102,101,100,99,20.151,20.124,22.229,22.169,755.118,93208,0,0,733,6867,10,3,0,0,0,26,22,14,20,12,7,False,0,False
204.31096,6.278,6.149,5.048,4.716,21.455,20,18,2,2935174.2,83,78,91,81,102,101,100,99,20.156,20.128,22.242,22.178,766.214,93208,0,0,733,6883,10,3,0,0,0,26,22,14,20,12,7,False,0,False
204.81464,6.311,6.177,5.056,4.722,21.45,20,18,2,2941367,92,86,84,76,102,101,100,99,20.166,20.135,22.252,22.184,777.448,93208,0,0,733,6883,10,3,0,0,0,26,22,14,20,12,7,False,0,False
205.31552,6.329,6.194,5.057,4.723,21.443,20,18,2,2945427.5,85,82,75,72,102,102,100,99,20.176,20.144,22.258,22.188,790.256,93208,0,0,750,6883,10,3,0,0,0,26,22,14,20,12,7,False,0,False
205.8136,6.343,6.212,5.057,4.723,21.432,20,18,2,2947602.2,80,80,71,70,102,102,100,99,20.183,20.15,22.26,22.191,805.794,93208,0,0,750,6883,10,3,0,0,0,26,22,14,20,12,7,False,0,False
206.31393,6.354,6.224,5.061,4.727,21.423,20,18,2,2956701.8,76,76,70,72,102,102,100,99,20.187,20.155,22.261,22.193,824.048,93208,0,0,750,6850,10,3,0,0,0,26,22,14,20,12,7,False,0,False
207.31686,6.39,6.271,5.097,4.77,21.407,20,18,2,2969814.8,76,82,76,78,103,102,101,99,20.193,20.165,22.266,22.201,870.18,93208,0,0,717,6850,10,3,0,0,0,26,22,14,20,12,7,False,0,False
207.81349,6.403,6.286,5.105,4.778,21.395,20,18,2,2975935.2,74,77,73,74,103,102,101,100,20.195,20.169,22.268,22.204,891.554,93208,0,0,717,6884,10,3,0,0,0,26,22,14,20,12,7,False,0,False
208.31613,6.422,6.307,5.111,4.783,21.382,20,18,2,2973271.8,77,77,70,73,103,102,101,100,20.196,20.171,22.268,22.205,915.591,93208,0,0,717,6884,10,3,0,0,0,26,22,14,20,12,7,False,0,False
208.8121,6.438,6.324,5.114,4.785,21.37,20,18,2,2973496,75,74,71,70,103,102,101,100,20.198,20.173,22.267,22.204,942.594,93208,0,0,784,6884,10,3,0,0,0,26,22,14,20,12,7,False,0,False
209.31628,6.469,6.352,5.128,4.797,21.356,20,18,2,2949718.2,79,77,75,72,103,102,101,100,20.2,20.175,22.266,22.204,972.306,93208,0,0,784,6967,10,3,0,0,0,26,22,14,20,12,7,False,0,False
209.81747,6.487,6.367,5.133,4.803,21.343,20,18,2,2904837.8,75,73,72,71,103,102,101,99,20.201,20.175,22.265,22.202,1002.222,93208,0,0,784,6967,10,3,0,0,0,26,22,14,20,12,7,False,0,False
210.31633,6.502,6.381,5.137,4.807,21.329,20,18,2,2849090.8,74,72,72,71,103,102,101,99,20.201,20.174,22.263,22.2,1033.899,93208,0,0,850,7017,10,3,0,0,0,26,22,14,20,12,7,False,0,False
210.80975,6.517,6.393,5.14,4.811,21.316,20,18,2,2791475.8,73,72,71,70,103,102,100,99,20.199,20.173,22.26,22.197,1067.696,93208,0,0,850,7017,10,3,0,0,0,26,22,14,20,12,7,False,0,False
211.31427,6.527,6.402,5.14,4.811,21.303,20,18,2,2765473.2,72,71,70,70,103,102,100,99,20.197,20.17,22.256,22.193,1103.172,93208,0,0,900,7017,10,3,0,0,0,26,22,14,20,12,7,False,0,False
211.81544,6.534,6.408,5.14,4.811,21.289,20,18,2,2756833.2,71,71,71,71,103,102,100,99,20.194,20.167,22.252,22.189,1139.824,93208,0,0,917,7033,10,3,0,0,0,26,22,14,20,12,7,False,0,False
212.31267,6.541,6.415,5.14,4.811,21.275,20,18,2,2748193.2,71,71,71,71,102,102,100,99,20.19,20.163,22.247,22.184,1177.615,93208,0,0,983,7033,10,3,0,0,0,26,22,14,20,12,7,False,0,False
212.81618,6.547,6.421,5.14,4.811,21.261,20,18,2,2739553.2,71,71,71,71,102,102,100,99,20.186,20.16,22.241,22.179,1216.438,93208,0,0,983,7033,10,3,0,0,0,26,22,14,20,12,7,False,0,False
213.31126,6.552,6.427,5.14,4.811,21.248,20,18,2,2730913.2,71,71,71,71,102,102,100,99,20.182,20.155,22.236,22.174,1256.169,93208,0,0,983,6983,10,3,0,0,0,26,22,14,20,12,7,False,0,False
213.81438,6.558,6.433,5.14,4.811,21.235,20,18,2,2727716.2,71,71,71,71,102,102,100,99,20.177,20.151,22.229,22.168,1296.666,93208,0,0,983,6983,10,3,0,0,0,26,22,14,20,12,7,False,0,False
214.31406,6.563,6.439,5.14,4.811,21.221,20,18,2,2719076.2,71,72,71,71,102,102,100,99,20.172,20.146,22.223,22.162,1337.736,93208,0,0,1017,6934,10,3,0,0,0,26,22,14,20,12,7,False,0,False
214.81255,6.569,6.444,5.14,4.811,21.207,20,18,2,2710436.2,71,71,71,71,102,102,100,99,20.166,20.141,22.216,22.155,1379.427,93208,0,0,1017,6934,10,3,0,0,0,26,22,14,20,12,7,False,0,False
215.31732,6.577,6.452,5.147,4.816,21.194,20,18,2,2709503,72,72,74,73,102,101,100,99,20.161,20.136,22.209,22.149,1421.529,93208,0,0,1017,6900,10,3,0,0,0,26,22,14,20,12,7,False,0,False
215.81223,6.602,6.474,5.199,4.846,21.192,20,18,2,2742867,75,74,86,77,102,101,100,99,20.161,20.135,22.212,22.151,1457.401,93208,0,0,1017,6900,10,3,0,0,0,26,22,14,20,12,7,False,0,False
216.31247,6.62,6.495,5.231,4.866,21.191,20,18,2,2770512.5,76,74,81,77,102,101,100,99,20.163,20.138,22.22,22.157,1484.999,93208,0,0,950,6883,10,3,0,0,0,26,22,14,20,12,7,False,0,False
216.81609,6.654,6.521,5.27,4.899,21.191,20,18,2,2793505.2,83,77,87,81,102,102,100,99,20.169,20.142,22.229,22.164,1506.604,93208,0,0,950,6883,10,3,0,0,0,26,22,14,20,12,7,False,0,False
217.31519,6.673,6.534,5.292,4.917,21.191,20,18,2,2808765.5,79,74,84,78,102,102,100,99,20.176,20.147,22.239,22.172,1525.863,93208,0,0,950,6883,10,3,0,0,0,26,22,14,20,12,7,False,0,False
217.81265,6.694,6.548,5.329,4.947,21.191,20,18,2,2821461.2,81,74,91,84,102,102,100,99,20.182,20.15,22.248,22.18,1554.931,93208,0,0,817,6867,10,3,0,0,0,26,22,14,20,12,7,False,0,False
218.31572,6.708,6.559,5.372,4.977,21.187,20,18,2,2828055.2,78,74,96,85,102,102,100,99,20.187,20.152,22.26,22.188,1572.421,93208,0,0,817,6867,10,3,0,0,0,26,22,14,20,12,7,False,0,False
218.80943,6.726,6.572,5.399,4.998,21.181,20,18,2,2834249.8,79,75,90,81,102,102,101,99,20.192,20.155,22.271,22.197,1588.242,93208,0,0,817,6784,10,3,0,0,0,26,22,14,20,12,7,False,0,False
219.31415,6.748,6.59,5.42,5.014,21.175,20,18,2,2840554.8,81,76,86,79,103,102,101,100,20.197,20.159,22.28,22.203,1603.579,93208,0,0,817,6784,10,3,0,0,0,26,22,14,20,12,7,False,0,False
219.81491,6.772,6.611,5.43,5.023,21.166,20,18,2,2845176.2,82,78,78,74,103,102,101,100,20.203,20.162,22.286,22.207,1621.292,93208,0,0,517,6784,10,3,0,0,0,26,22,14,20,12,7,False,0,False
220.31375,6.784,6.621,5.431,5.024,21.154,20,18,2,2843267.5,76,75,72,70,103,102,101,100,20.207,20.165,22.288,22.208,1641.879,93208,0,0,517,6916,10,3,0,0,0,26,22,14,20,12,7,False,0,False
220.80928,6.806,6.644,5.431,5.024,21.141,20,18,2,2840897.8,78,77,68,69,103,102,101,100,20.21,20.168,22.288,22.208,1664.83,93208,0,0,483,6916,10,3,0,0,0,26,22,14,20,12,7,False,0,False
221.31154,6.831,6.668,5.431,5.024,21.128,20,18,2,2842315.2,75,75,68,67,103,102,101,100,20.212,20.17,22.286,22.207,1690.329,93208,0,0,483,6966,10,3,0,0,0,26,22,14,20,12,7,False,0,False
221.81337,6.848,6.685,5.433,5.026,21.115,20,18,2,2836899.2,74,74,69,70,103,102,101,100,20.213,20.172,22.285,22.205,1718.021,93208,0,0,433,6966,10,3,0,0,0,26,22,14,20,12,7,False,0,False
222.31166,6.857,6.696,5.436,5.028,21.101,20,18,2,2829607,72,73,70,71,103,102,101,100,20.212,20.172,22.282,22.204,1747.593,93208,0,0,433,6966,10,3,0,0,0,26,22,14,20,12,7,False,0,False
222.8132,6.869,6.712,5.445,5.036,21.088,20,18,2,2826912.8,73,75,71,73,103,102,101,100,20.211,20.172,22.28,22.203,1778.927,93208,0,0,434,6966,10,3,0,0,0,26,22,14,20,12,7,False,0,False
223.31056,6.888,6.736,5.462,5.054,21.074,20,18,2,2818297,75,77,74,76,103,102,101,99,20.21,20.172,22.278,22.202,1812.579,93208,30042,0,416,6984,10,3,0,0,0,26,22,14,20,12,7,False,0,False
223.8122,6.904,6.753,5.474,5.065,21.065,20,18,2,2827281.5,73,72,74,73,103,102,101,99,20.209,20.172,22.276,22.201,1847.467,93208,30042,0,416,6984,10,3,0,0,0,26,22,14,20,12,7,False,0,False
224.31453,6.942,6.781,5.531,5.112,21.065,20,18,2,2849115.5,82,77,89,82,103,102,101,100,20.211,20.173,22.279,22.203,1876.922,93208,30042,0,434,6984,10,3,0,0,0,26,22,14,20,12,7,False,0,False
224.81093,6.983,6.811,5.603,5.174,21.065,20,18,2,2868094.5,85,77,96,90,103,102,101,100,20.215,20.175,22.287,22.208,1906.277,93208,30042,0,434,7017,10,3,0,0,0,26,22,14,20,12,7,False,0,False
225.3154,7.034,6.843,5.672,5.241,21.061,20,18,2,2875271.2,88,79,97,92,103,102,101,100,20.222,20.178,22.295,22.216,1934.603,93208,30042,0,417,7017,10,3,0,0,0,26,22,14,20,12,7,False,0,False
225.81407,7.06,6.863,5.703,5.266,21.053,20,18,2,2881010.8,80,75,83,79,103,102,101,100,20.226,20.179,22.301,22.22,1960.448,93208,30042,0,417,7017,10,3,0,0,0,26,22,14,20,12,7,False,0,False
226.31279,7.074,6.875,5.709,5.272,21.041,20,18,2,2878662,74,73,73,73,103,102,101,100,20.227,20.178,22.301,22.219,1986.762,93208,30042,0,416,7017,10,3,0,0,0,26,22,14,20,12,7,False,0,False
226.81265,7.095,6.901,5.73,5.298,21.03,20,18,2,2881962,74,77,75,79,103,102,101,100,20.226,20.178,22.299,22.219,2015.98,93208,30042,0,416,7050,10,3,0,0,0,26,22,14,20,12,7,False,0,False
227.81638,7.164,6.984,5.816,5.405,21.007,20,18,2,2889415,79,83,80,85,103,102,101,100,20.227,20.183,22.299,22.225,2075.853,93208,30042,0,417,7050,10,3,0,0,0,26,22,14,20,12,7,False,0,False
228.31184,7.19,7.015,5.835,5.425,20.994,20,18,2,2889267,75,77,74,76,103,102,101,100,20.227,20.185,22.297,22.225,2106.057,93208,30042,0,466,7183,10,3,0,0,0,26,22,14,20,12,7,False,0,False
228.8124,7.221,7.053,5.858,5.443,20.981,20,18,2,2881468.8,75,80,75,74,103,102,101,100,20.225,20.185,22.294,22.223,2137.787,93208,30042,0,517,7183,10,3,0,0,0,26,22,14,20,12,7,False,0,False
229.3142,7.232,7.067,5.863,5.447,20.967,20,18,2,2872864.8,73,74,72,72,103,102,101,100,20.222,20.184,22.289,22.219,2170.625,93208,30042,0,517,7250,10,3,0,0,0,26,22,14,20,12,7,False,0,False
229.81439,7.247,7.082,5.881,5.466,20.964,20,18,2,2901481.2,73,73,75,74,103,102,101,100,20.221,20.184,22.289,22.219,2200.401,93208,30042,0,533,7250,10,3,0,0,0,26,22,14,20,12,7,False,0,False
230.31447,7.254,7.088,5.885,5.471,20.963,20,18,2,2927983.5,71,71,73,72,103,102,101,100,20.221,20.183,22.291,22.221,2224.706,93208,30042,0,533,7266,10,3,0,0,0,26,22,14,20,12,7,False,0,False
230.81467,7.269,7.099,5.901,5.487,20.963,20,18,2,2950266.2,76,72,78,76,103,102,101,100,20.222,20.184,22.294,22.224,2244.339,93208,30042,0,533,7266,10,3,0,0,0,26,22,14,20,12,7,False,0,False
231.3135,7.293,7.116,5.938,5.517,20.963,20,18,2,2967553,82,76,90,84,103,102,101,100,20.227,20.187,22.301,22.23,2258.955,93208,30042,0,533,7333,10,3,0,0,0,26,22,14,20,12,7,False,0,False
231.81639,7.306,7.126,5.978,5.546,20.963,20,18,2,2981252.5,79,75,98,88,103,102,101,100,20.233,20.19,22.312,22.238,2271.16,93208,30042,0,483,7333,10,3,0,0,0,26,22,14,20,12,7,False,0,False
232.31529,7.314,7.133,6.01,5.568,20.96,20,18,2,2987222.2,77,74,100,88,103,102,102,100,20.236,20.192,22.326,22.247,2284.245,93208,30042,0,483,7333,10,3,0,0,0,26,22,14,20,12,7,False,0,False
232.81342,7.327,7.143,6.023,5.578,20.956,20,18,2,2992989.8,79,75,91,82,103,103,102,100,20.24,20.195,22.338,22.255,2297.235,93208,30042,0,483,7267,10,3,0,0,0,26,22,14,20,12,7,False,0,False
233.31409,7.339,7.154,6.033,5.587,20.951,20,18,2,2999259.5,79,75,85,78,103,103,102,100,20.244,20.197,22.345,22.26,2309.508,93208,30042,0,483,7267,10,3,0,0,0,26,22,14,20,12,7,False,0,False
233.80956,7.355,7.168,6.041,5.593,20.944,20,18,2,3006204.5,80,76,80,74,104,103,102,101,20.249,20.2,22.351,22.264,2322.468,93208,30042,0,184,7267,10,3,0,0,0,26,22,14,20,12,7,False,0,False
234.31667,7.367,7.182,6.042,5.594,20.934,20,18,2,3011017.8,78,77,74,71,104,103,102,101,20.252,20.202,22.353,22.265,2337.649,93208,30042,0,184,7267,10,3,0,0,0,26,22,14,20,12,7,False,0,False
234.8131,7.379,7.195,6.043,5.595,20.923,20,18,2,3018680.2,76,76,71,69,104,103,102,101,20.255,20.205,22.354,22.265,2355.752,93208,30042,0,184,7267,10,3,0,0,0,26,22,14,20,12,7,False,0,False
235.3147,7.398,7.216,6.043,5.596,20.91,20,18,2,3022920,77,77,69,68,104,103,102,101,20.257,20.207,22.352,22.264,2376.864,93208,30042,0,300,7467,10,3,0,0,0,26,22,14,20,12,7,False,0,False
235.81232,7.411,7.23,6.043,5.596,20.897,20,18,2,3018296,75,74,69,69,104,103,102,101,20.258,20.209,22.35,22.262,2400.729,93208,30042,0,300,7467,10,3,0,0,0,26,22,14,20,12,7,False,0,False
236.31435,7.421,7.241,6.043,5.596,20.884,20,18,2,3018039,73,72,69,69,104,103,102,100,20.258,20.209,22.348,22.26,2427.101,93208,30042,0,184,7467,10,3,0,0,0,26,22,14,20,12,7,False,0,False
236.81158,7.431,7.251,6.044,5.596,20.87,20,18,2,3011228.8,73,72,69,69,104,103,102,100,20.257,20.208,22.345,22.258,2455.606,93208,30042,0,184,7467,10,3,0,0,0,26,22,14,20,12,7,False,0,False
237.31372,7.44,7.259,6.044,5.597,20.857,20,18,2,3009006.8,72,71,70,69,104,103,102,100,20.255,20.206,22.341,22.255,2486.046,93208,30042,0,134,7367,10,3,0,0,0,26,22,14,20,12,7,False,0,False
237.81503,7.447,7.267,6.044,5.597,20.843,20,18,2,3000554,71,71,69,69,104,103,102,100,20.253,20.204,22.337,22.251,2518.062,93208,30042,0,134,7367,10,3,0,0,0,26,22,14,20,12,7,False,0,False
238.31598,7.456,7.277,6.048,5.6,20.83,20,18,2,2991914,72,73,70,71,104,103,102,100,20.25,20.202,22.333,22.248,2551.717,93208,30042,0,100,7367,10,3,0,0,0,26,22,14,20,12,7,False,0,False
238.80965,7.47,7.295,6.06,5.612,20.816,20,18,2,2983274,73,75,73,74,104,103,102,100,20.247,20.2,22.329,22.245,2586.698,93208,30042,0,100,7333,10,3,0,0,0,26,22,14,20,12,7,False,0,False
239.31361,7.489,7.321,6.085,5.636,20.806,20,18,2,2993149.5,74,77,76,79,103,103,102,100,20.245,20.199,22.326,22.243,2621.637,93208,30042,0,100,7333,10,3,0,0,0,26,22,14,20,12,7,False,0,False
239.8139,7.511,7.349,6.112,5.664,20.805,20,18,2,3023842.5,74,77,77,79,103,103,102,100,20.245,20.201,22.326,22.245,2653.752,93208,30042,0,83,7333,10,3,0,0,0,26,22,14,20,12,7,False,0,False
240.30853,7.542,7.384,6.144,5.692,20.804,20,18,2,3049930.8,78,81,79,81,104,103,102,100,20.248,20.206,22.331,22.251,2679.093,93208,30042,0,83,7333,10,3,0,0,0,26,22,14,20,12,7,False,0,False
240.81108,7.55,7.393,6.15,5.697,20.804,20,18,2,3072455,73,74,74,75,104,103,102,100,20.25,20.21,22.334,22.256,2698.247,93208,30042,0,83,7366,10,3,0,0,0,26,22,14,20,12,7,False,0,False
241.30846,7.561,7.409,6.166,5.709,20.804,20,18,2,3089166.2,75,77,78,78,104,103,102,100,20.252,20.213,22.338,22.26,2713.097,93208,30042,0,116,7550,10,3,0,0,0,26,22,14,20,12,7,False,0,False
241.81593,7.564,7.413,6.173,5.714,20.804,20,18,2,3097473.8,70,72,74,74,104,103,102,101,20.254,20.216,22.342,22.264,2725.913,93208,30042,0,116,7550,10,3,0,0,0,26,22,14,20,12,7,False,0,False
242.31488,7.566,7.416,6.186,5.731,20.804,20,18,2,3103810.8,69,71,78,79,104,103,102,101,20.254,20.217,22.344,22.267,2737.284,93208,30042,0,116,7550,10,3,0,0,0,26,22,14,20,12,7,False,0,False
242.81192,7.577,7.432,6.206,5.757,20.804,20,18,2,3110577.2,73,77,82,88,104,103,102,101,20.255,20.22,22.35,22.274,2745.983,93208,30042,0,116,7550,10,3,0,0,0,26,22,14,20,12,7,False,0,False
243.31514,7.583,7.44,6.223,5.78,20.802,20,18,2,3115489,73,77,84,91,104,103,102,101,20.257,20.224,22.356,22.284,2755.97,93208,30042,0,166,7550,10,3,0,0,0,26,22,14,20,12,7,False,0,False
243.81387,7.595,7.453,6.232,5.792,20.799,20,18,2,3120191,76,79,80,87,104,103,102,101,20.258,20.228,22.361,22.293,2764.716,93208,30042,0,65519,7550,11,3,0,0,0,26,22,14,20,12,7,False,0,False
244.3105,7.623,7.484,6.237,5.8,20.794,20,18,2,3125992.8,85,89,76,82,104,103,102,101,20.263,20.235,22.365,22.3,2774.453,93208,30042,0,65519,8216,11,3,0,0,0,26,22,14,20,12,7,False,0,False
244.8128,7.632,7.495,6.237,5.8,20.788,20,18,2,3130127.2,79,82,72,75,104,103,102,101,20.269,20.242,22.366,22.304,2786.757,93208,30042,0,65519,8216,11,3,0,0,0,26,22,14,20,12,7,False,0,False
245.31427,7.647,7.507,6.238,5.8,20.778,20,18,2,3133222.8,79,79,70,71,104,104,102,101,20.272,20.247,22.366,22.305,2801.626,93208,30042,0,65519,8216,11,3,0,0,0,26,22,14,20,12,7,False,0,False
245.80974,7.661,7.521,6.238,5.8,20.767,20,18,2,3138414,78,78,69,69,104,104,102,101,20.275,20.249,22.365,22.304,2819.042,93208,30042,0,65519,8216,11,3,0,0,0,26,22,14,20,12,7,False,0,False
246.30997,7.686,7.546,6.238,5.8,20.755,20,18,2,3126580.5,80,80,68,68,104,104,102,101,20.278,20.253,22.363,22.303,2839.177,93208,30042,0,65519,8400,10,3,0,0,0,26,22,14,20,12,7,False,0,False
246.80934,7.716,7.576,6.238,5.8,20.742,20,18,2,3099844,80,80,69,69,104,104,102,101,20.282,20.257,22.36,22.301,2862.317,93208,30042,0,367,8400,10,3,0,0,0,26,22,14,20,12,7,False,0,False
247.31155,7.733,7.593,6.238,5.8,20.729,20,18,2,3067594.5,75,75,69,69,104,104,102,101,20.283,20.258,22.358,22.299,2888.33,93208,30042,0,367,8400,10,3,0,0,0,26,22,14,20,12,7,False,0,False
247.81256,7.746,7.606,6.238,5.8,20.715,20,18,2,3021625.2,73,73,70,70,104,104,102,101,20.283,20.258,22.355,22.296,2916.993,93208,30042,0,300,8400,10,3,0,0,0,26,22,14,20,12,7,False,0,False
248.3135,7.758,7.618,6.238,5.8,20.702,20,18,2,2973847.5,72,72,70,70,104,104,102,101,20.281,20.257,22.351,22.293,2948.009,93208,30042,0,300,8400,10,3,0,0,0,26,22,14,20,12,7,False,0,False
248.81168,7.768,7.629,6.238,5.8,20.688,20,18,2,2916304,72,72,70,70,104,104,102,101,20.279,20.255,22.347,22.289,2981.292,93208,30042,0,250,8367,10,3,0,0,0,26,22,14,20,12,7,False,0,False
249.31215,7.777,7.638,6.238,5.8,20.676,20,18,2,2864281.5,71,71,70,70,104,104,102,101,20.276,20.252,22.343,22.285,3016.577,93208,30042,0,250,8367,10,3,0,0,0,26,22,14,20,12,7,False,0,False
249.8107,7.786,7.647,6.238,5.8,20.662,20,18,2,2806666.5,71,71,71,70,104,104,102,101,20.272,20.249,22.338,22.281,3053.472,93208,30042,0,217,8300,10,3,0,0,0,26,22,14,20,12,7,False,0,False
250.81435,7.803,7.665,6.239,5.801,20.634,20,18,2,2691436.5,71,71,71,71,104,103,102,101,20.264,20.241,22.327,22.271,3131.894,93208,30042,0,133,8250,10,3,0,0,0,26,22,14,20,12,7,False,0,False
251.31206,7.81,7.673,6.239,5.801,20.621,20,18,2,2639518.5,71,72,71,71,104,103,101,101,20.26,20.237,22.321,22.265,3173.017,93208,30042,0,133,8250,10,3,0,0,0,26,22,14,20,12,7,False,0,False
251.81323,7.817,7.679,6.239,5.801,20.608,20,18,2,2599861,72,72,72,71,104,103,101,100,20.255,20.232,22.314,22.259,3214.989,93208,30042,0,100,8183,10,3,0,0,0,26,22,14,20,12,7,False,0,False
252.31459,7.826,7.686,6.242,5.804,20.594,20,18,2,2591221,73,72,73,72,104,103,101,100,20.25,20.227,22.308,22.253,3257.622,93208,30042,0,84,8067,10,3,0,0,0,26,22,14,20,12,7,False,0,False
252.80762,7.833,7.691,6.242,5.805,20.58,20,18,2,2582581,72,72,72,72,103,103,101,100,20.245,20.222,22.301,22.246,3300.753,93208,30042,0,50,8067,10,3,0,0,0,26,22,14,20,12,7,False,0,False
253.30904,7.839,7.696,6.244,5.807,20.566,20,18,2,2576527.5,72,72,73,72,103,103,101,100,20.239,20.216,22.293,22.239,3344.324,93208,30042,0,50,8033,10,3,0,0,0,26,22,14,20,12,7,False,0,False
253.80885,7.858,7.716,6.27,5.833,20.563,20,18,2,2610467.5,74,74,76,75,103,103,101,100,20.237,20.215,22.294,22.24,3382.86,93208,30042,0,50,8033,10,3,0,0,0,26,22,14,20,12,7,False,0,False
254.31339,7.871,7.73,6.282,5.844,20.562,20,18,2,2641039.5,72,73,74,75,103,103,101,100,20.238,20.216,22.297,22.244,3413.45,93208,30042,0,33,7983,10,3,0,0,0,26,22,14,20,12,7,False,0,False
254.80945,7.885,7.749,6.304,5.868,20.562,20,18,2,2667931.8,74,77,78,81,103,103,101,100,20.239,20.219,22.302,22.249,3438.681,93208,30042,0,33,8016,10,3,0,0,0,26,22,14,20,12,7,False,0,False
255.31433,7.908,7.778,6.348,5.927,20.561,20,18,2,2685560,77,82,87,96,103,103,101,100,20.243,20.224,22.309,22.26,3461.48,93208,30042,0,66,8016,10,3,0,0,0,26,22,14,20,12,7,False,0,False
255.81438,7.927,7.803,6.39,5.982,20.556,20,18,2,2692616,78,83,88,97,104,103,101,101,20.246,20.23,22.319,22.273,3485.646,93208,30042,0,66,8016,9,3,0,0,0,26,22,14,20,12,7,False,0,False
256.81186,7.965,7.854,6.436,6.039,20.542,20,18,2,2706238.5,77,82,79,85,104,103,102,101,20.253,20.242,22.332,22.293,3526.857,93208,30042,0,1133,8117,9,3,0,0,0,26,22,14,20,12,7,False,0,False
257.3117,7.981,7.874,6.452,6.056,20.532,20,18,2,2712611,75,79,77,80,104,104,102,101,20.255,20.247,22.335,22.298,3548.047,93208,30042,0,1133,8117,9,3,0,0,0,26,22,14,20,12,7,False,0,False
257.8147,8.007,7.905,6.472,6.079,20.52,20,18,2,2718810.8,78,83,77,81,104,104,102,101,20.258,20.251,22.337,22.302,3570.563,93208,30042,0,1217,8117,9,3,0,0,0,26,22,14,20,12,7,False,0,False
258.31137,8.031,7.931,6.485,6.091,20.508,20,18,2,2721512.5,77,80,74,76,104,104,102,101,20.26,20.256,22.339,22.305,3594.908,93208,30042,0,1217,8233,9,3,0,0,0,26,22,14,20,12,7,False,0,False
259.3142,8.076,7.981,6.51,6.116,20.48,20,18,2,2641538.5,76,79,74,75,104,104,102,101,20.262,20.261,22.338,22.306,3651.048,93208,30042,0,1300,8266,9,3,0,0,0,26,22,14,20,12,7,False,0,False
259.81335,8.095,8.005,6.523,6.128,20.467,20,18,2,2593671.5,75,78,74,74,104,104,102,101,20.262,20.263,22.337,22.306,3682.851,93208,30042,0,1300,8266,9,3,0,0,0,26,22,14,20,12,7,False,0,False
260.3125,8.109,8.02,6.527,6.131,20.454,20,18,2,2555918.5,73,74,71,71,104,104,102,101,20.261,20.263,22.335,22.304,3716.122,93208,30042,0,1300,8266,9,3,0,0,0,26,22,14,20,12,7,False,0,False
260.79715,8.124,8.033,6.542,6.146,20.44,20,18,2,2547566.5,76,74,77,75,104,104,102,101,20.259,20.261,22.332,22.301,3749.149,93208,30042,0,1300,8267,9,3,0,0,0,26,22,14,20,12,7,False,0,False
261.3123,8.19,8.089,6.629,6.221,20.426,20,18,2,2538638.5,88,83,93,87,104,104,102,101,20.262,20.262,22.335,22.301,3784.706,93208,30042,0,1300,8267,9,3,0,0,0,26,22,14,20,12,7,False,0,False
261.81448,8.258,8.146,6.722,6.304,20.412,20,18,2,2529998.5,87,83,95,89,104,104,102,101,20.266,20.264,22.34,22.304,3820.142,93208,30042,0,1300,8267,9,3,0,0,0,26,22,14,20,12,7,False,0,False
262.3133,8.326,8.204,6.81,6.381,20.4,20,18,2,2526724.2,86,82,92,86,104,104,102,101,20.27,20.266,22.344,22.306,3856.37,93208,30042,0,1300,8267,9,3,0,0,0,26,22,14,20,12,7,False,0,False
262.81464,8.38,8.248,6.879,6.442,20.386,20,18,2,2518084.2,84,80,89,84,104,104,102,101,20.272,20.266,22.346,22.306,3892.993,93208,30042,0,1300,8267,9,3,0,0,0,26,22,14,20,12,7,False,0,False
263.31085,8.427,8.287,6.929,6.488,20.373,20,18,2,2509444.2,81,77,83,79,104,104,102,101,20.273,20.265,22.345,22.305,3929.642,93208,30042,0,1317,8284,9,3,0,0,0,26,22,14,20,12,7,False,0,False
263.81107,8.464,8.317,6.964,6.523,20.359,20,18,2,2500804.2,80,77,80,77,104,104,102,101,20.272,20.262,22.343,22.301,3965.542,93208,30042,0,1300,8284,9,3,0,0,0,26,22,14,20,12,7,False,0,False
264.31308,8.483,8.331,6.972,6.532,20.345,20,18,2,2492164.2,73,72,72,71,104,104,102,101,20.269,20.258,22.338,22.296,4002.138,93208,30042,0,1300,8267,9,3,0,0,0,26,22,14,20,12,7,False,0,False
264.81198,8.493,8.34,6.979,6.539,20.336,20,18,2,2504307.5,73,72,74,73,104,104,102,101,20.265,20.254,22.332,22.29,4038.7,93208,30042,41168,1300,8267,9,3,0,0,0,26,22,14,20,12,7,False,0,False
265.312,8.517,8.358,7.004,6.565,20.335,20,18,2,2534813.8,78,74,80,78,104,104,102,101,20.264,20.252,22.333,22.291,4068.681,93208,30042,41168,1317,8267,9,3,0,0,0,26,22,14,20,12,7,False,0,False
265.81042,8.55,8.383,7.05,6.604,20.335,20,18,2,2561658.5,83,77,89,84,104,104,102,101,20.267,20.254,22.339,22.295,4093.267,93208,30042,41168,1317,8300,9,3,0,0,0,26,22,14,20,12,7,False,0,False
266.31027,8.581,8.406,7.104,6.645,20.335,20,18,2,2579343.2,82,77,95,86,104,104,102,101,20.273,20.256,22.348,22.301,4115.038,93208,30042,41168,1333,8300,9,3,0,0,0,26,22,14,20,12,7,False,0,False
266.81375,8.604,8.423,7.162,6.688,20.333,20,18,2,2592237.5,81,76,100,89,104,104,102,101,20.277,20.258,22.36,22.309,4135.144,93208,30042,41168,1333,8250,9,3,0,0,0,26,22,14,20,12,7,False,0,False
267.31412,8.632,8.447,7.211,6.725,20.327,20,18,2,2598950.5,84,81,100,87,104,104,102,101,20.282,20.26,22.371,22.317,4158.081,93208,30042,41168,1333,8250,9,3,0,0,0,26,22,14,20,12,7,False,0,False
267.81168,8.655,8.466,7.237,6.746,20.319,20,18,2,2605437.5,82,78,89,81,104,104,102,102,20.287,20.263,22.38,22.322,4178.187,93208,30042,41168,1283,8250,9,3,0,0,0,26,22,14,20,12,7,False,0,False
268.31033,8.673,8.482,7.249,6.756,20.309,20,18,2,2611401.8,79,76,80,75,104,104,103,102,20.29,20.265,22.385,22.324,4198.604,93208,30042,41168,1283,8283,9,3,0,0,0,26,22,14,20,12,7,False,0,False
268.80777,8.692,8.5,7.253,6.76,20.296,20,18,2,2608412.2,78,76,74,71,104,104,103,102,20.292,20.266,22.385,22.324,4221.099,93208,30042,41168,1300,8283,9,3,0,0,0,26,22,14,20,12,7,False,0,False
269.31284,8.707,8.515,7.254,6.761,20.282,20,18,2,2578341.8,75,74,71,70,104,104,103,102,20.292,20.266,22.384,22.322,4246.785,93208,30042,41168,1350,8283,9,3,0,0,0,26,22,14,20,12,7,False,0,False
269.81348,8.72,8.527,7.254,6.761,20.269,20,18,2,2536948.5,75,74,70,70,104,104,102,101,20.292,20.265,22.381,22.319,4274.964,93208,30042,41168,1350,8350,9,3,0,0,0,26,22,14,20,12,7,False,0,False
270.31412,8.733,8.538,7.254,6.762,20.256,20,18,2,2491100.8,74,73,71,70,104,104,102,101,20.29,20.264,22.377,22.316,4305.491,93208,30042,41168,1367,8350,9,3,0,0,0,26,22,14,20,12,7,False,0,False
270.8117,8.743,8.548,7.254,6.762,20.242,20,18,2,2434419.5,74,73,71,71,104,104,102,101,20.288,20.261,22.374,22.312,4337.894,93208,30042,41168,1367,8367,9,3,0,0,0,26,22,14,20,12,7,False,0,False
271.30908,8.752,8.557,7.254,6.762,20.228,20,18,2,2376804.5,73,73,71,71,104,104,102,101,20.286,20.259,22.369,22.308,4372.173,93208,30042,41168,1350,8367,9,3,0,0,0,26,22,14,20,12,7,False,0,False
271.81357,8.76,8.566,7.254,6.762,20.216,20,18,2,2324712.2,73,73,71,71,104,104,102,101,20.282,20.256,22.364,22.304,4407.942,93208,30042,41168,1334,8367,9,3,0,0,0,26,22,14,20,12,7,False,0,False
272.30927,8.768,8.574,7.254,6.762,20.202,20,18,2,2267097.2,73,73,71,71,104,104,102,101,20.279,20.252,22.359,22.299,4445.065,93208,30042,41168,1334,8317,9,3,0,0,0,26,22,14,20,12,7,False,0,False
272.81027,8.777,8.582,7.254,6.762,20.188,20,18,2,2209482.2,73,73,71,71,104,104,102,101,20.275,20.249,22.353,22.293,4483.481,93208,30042,41168,1317,8317,9,3,0,0,0,26,22,14,20,12,7,False,0,False
273.31308,8.784,8.59,7.254,6.762,20.174,20,18,2,2161662.2,73,73,71,71,104,103,102,101,20.27,20.245,22.347,22.287,4523.035,93208,30042,41168,1284,8317,9,3,0,0,0,26,22,14,20,12,7,False,0,False
273.81192,8.79,8.596,7.254,6.762,20.16,20,18,2,2153022.2,73,73,72,71,104,103,102,101,20.265,20.24,22.34,22.281,4563.378,93208,30042,41168,1267,8284,9,3,0,0,0,26,22,14,20,12,7,False,0,False
274.31168,8.795,8.602,7.254,6.762,20.147,20,18,2,2144382.2,73,73,72,72,104,103,102,101,20.26,20.235,22.333,22.274,4604.315,93208,30042,41168,1250,8284,9,3,0,0,0,26,22,14,20,12,7,False,0,False
274.81128,8.8,8.607,7.254,6.762,20.134,20,18,2,2141277.2,74,74,73,72,104,103,102,101,20.255,20.23,22.326,22.267,4645.642,93208,30042,41168,1250,8234,9,3,0,0,0,26,22,14,20,12,7,False,0,False
275.3123,8.806,8.613,7.254,6.762,20.12,20,18,2,2132637.2,73,73,72,72,104,103,101,100,20.25,20.225,22.318,22.26,4687.411,93208,30042,41168,1234,8200,9,3,0,0,0,26,22,14,20,12,7,False,0,False
275.8092,8.812,8.618,7.254,6.762,20.106,20,18,2,2123997.2,74,73,72,72,103,103,101,100,20.244,20.219,22.311,22.253,4729.569,93208,30042,41168,1234,8200,9,3,0,0,0,26,22,14,20,12,7,False,0,False
276.3104,8.817,8.624,7.254,6.762,20.092,20,18,2,2115357.2,74,74,72,72,103,103,101,100,20.238,20.214,22.302,22.245,4772.057,93208,30042,41168,1234,8184,9,3,0,0,0,26,22,14,20,12,7,False,0,False
276.80713,8.823,8.63,7.254,6.762,20.079,20,18,2,2106717.2,73,73,72,72,103,103,101,100,20.232,20.207,22.294,22.237,4814.826,93208,30042,41168,1217,8184,9,3,0,0,0,26,22,14,20,12,7,False,0,False
277.31317,8.841,8.649,7.281,6.788,20.072,20,18,2,2134034.5,74,74,77,77,103,103,101,100,20.228,20.204,22.292,22.235,4854.062,93208,30042,41168,1217,8133,9,3,0,0,0,26,22,14,20,12,7,False,0,False
277.81033,8.859,8.667,7.302,6.808,20.072,20,18,2,2164163,74,73,76,75,103,103,101,100,20.229,20.205,22.296,22.24,4884.361,93208,30042,41168,1150,8117,9,3,0,0,0,26,22,14,20,12,7,False,0,False
278.3132,8.885,8.688,7.339,6.84,20.072,20,18,2,2189561,80,76,87,82,103,103,101,100,20.232,20.207,22.303,22.246,4908.261,93208,30042,41168,1150,8117,9,3,0,0,0,26,22,14,20,12,7,False,0,False
278.81055,8.923,8.717,7.406,6.893,20.072,20,18,2,2210580.2,86,80,100,91,103,103,101,100,20.239,20.211,22.315,22.256,4926.989,93208,30042,41168,1150,8117,9,3,0,0,0,26,22,14,20,12,7,False,0,False
279.31198,8.939,8.73,7.462,6.93,20.068,20,18,2,2221235,80,77,105,90,103,103,102,101,20.245,20.216,22.331,22.267,4947.7,93208,30042,41168,1050,8033,9,3,0,0,0,26,22,14,20,12,7,False,0,False
279.81073,8.961,8.748,7.496,6.956,20.062,20,18,2,2227561.5,83,78,96,85,104,103,102,101,20.251,20.22,22.346,22.277,4964.702,93208,30042,41168,1050,8033,9,3,0,0,0,26,22,14,20,12,7,False,0,False
280.30844,8.99,8.773,7.518,6.971,20.054,20,18,2,2233935.8,84,81,88,79,104,103,102,101,20.257,20.224,22.357,22.284,4981.738,93208,30042,41168,1050,8100,9,3,0,0,0,26,22,14,20,12,7,False,0,False
280.81006,9.012,8.793,7.524,6.978,20.044,20,18,2,2238051.2,80,79,79,74,104,103,102,101,20.262,20.229,22.361,22.287,5000.888,93208,30042,41168,1116,8100,9,3,0,0,0,26,22,14,20,12,7,False,0,False
281.31113,9.029,8.81,7.528,6.983,20.032,20,18,2,2237919,78,76,74,71,104,103,102,101,20.265,20.232,22.364,22.289,5021.529,93208,30042,41168,1116,8100,9,3,0,0,0,26,22,14,20,12,7,False,0,False
281.81064,9.048,8.828,7.533,6.988,20.018,20,18,2,2233084.2,78,76,73,71,104,103,102,101,20.267,20.234,22.364,22.289,5044.421,93208,30042,41168,1116,8166,9,3,0,0,0,26,22,14,20,12,7,False,0,False
282.31085,9.067,8.846,7.538,6.993,20.005,20,18,2,2207416.8,76,75,72,70,104,103,102,101,20.269,20.235,22.365,22.289,5070.54,93208,30042,41168,1116,8166,9,3,0,0,0,26,22,14,20,12,7,False,0,False
282.80664,9.079,8.857,7.538,6.993,19.991,20,18,2,2160137.2,74,73,70,70,104,103,102,101,20.269,20.235,22.363,22.288,5099.702,93208,30042,41168,1116,8166,9,3,0,0,0,26,22,14,20,12,7,False,0,False
283.30896,9.089,8.868,7.538,6.993,19.978,20,18,2,2111793.5,74,73,70,71,104,103,102,101,20.269,20.235,22.361,22.286,5130.994,93208,30042,41168,1116,8200,9,3,0,0,0,26,22,14,20,12,7,False,0,False
283.80917,9.098,8.878,7.538,6.993,19.965,20,18,2,2054218,74,73,71,71,104,103,102,101,20.268,20.233,22.358,22.284,5164.216,93208,30042,41168,1116,8200,9,3,0,0,0,26,22,14,20,12,7,False,0,False
284.3071,9.106,8.886,7.538,6.993,19.951,20,18,2,2016191.5,73,73,71,71,104,103,102,101,20.266,20.232,22.355,22.282,5199.216,93208,30042,41168,1117,8200,9,3,0,0,0,26,22,14,20,12,7,False,0,False
284.80948,9.112,8.892,7.538,6.993,19.938,20,18,2,2012978.9,73,73,71,71,104,103,102,101,20.263,20.23,22.351,22.279,5235.329,93208,30042,41168,1117,8183,9,3,0,0,0,26,22,14,20,12,7,False,0,False
285.31207,9.118,8.898,7.538,6.993,19.924,20,18,2,2004335.1,73,73,71,71,104,103,102,101,20.261,20.227,22.347,22.275,5272.449,93208,30042,41168,1117,8183,9,3,0,0,0,26,22,14,20,12,7,False,0,False
285.80566,9.124,8.904,7.538,6.993,19.911,20,18,2,1995979.5,73,73,71,71,104,103,102,101,20.257,20.224,22.343,22.27,5309.21,93208,30042,41168,1117,8167,9,3,0,0,0,26,22,14,20,12,7,False,0,False
286.31046,9.131,8.91,7.538,6.993,19.897,20,18,2,1987047.6,73,73,71,71,104,103,102,101,20.254,20.221,22.337,22.265,5349.353,93208,30042,41168,1100,8150,9,3,0,0,0,26,22,14,20,12,7,False,0,False
286.8067,9.136,8.916,7.538,6.993,19.883,20,18,2,1978403.9,73,73,72,71,104,103,102,100,20.25,20.217,22.332,22.26,5388.899,93208,30042,41168,1100,8150,9,3,0,0,0,26,22,14,20,12,7,False,0,False
287.3086,9.142,8.921,7.538,6.993,19.869,20,18,3,1969760.1,73,73,72,71,103,103,102,100,20.245,20.213,22.325,22.254,20.216,93908,0,0,1083,8150,9,4,0,0,0,26,22,14,20,12,7,False,0,False
287.8091,9.148,8.927,7.538,6.993,19.855,20,18,3,1961116.4,73,73,72,71,103,103,101,100,20.241,20.208,22.319,22.248,61.007,93908,0,0,1083,8117,9,4,0,0,0,26,22,14,20,12,7,False,0,False
288.30972,9.153,8.932,7.538,6.993,19.842,20,18,3,1957968.1,73,73,71,71,103,103,101,100,20.236,20.204,22.312,22.241,102.085,93908,0,0,1083,8117,9,4,0,0,0,26,22,14,20,12,7,False,0,False
289.30698,9.164,8.943,7.538,6.993,19.815,20,18,3,1940680.6,73,73,72,72,103,103,101,100,20.225,20.193,22.296,22.227,185.457,93908,0,0,1100,8117,9,4,0,0,0,26,22,14,20,12,7,False,0,False
289.8111,9.17,8.949,7.538,6.993,19.801,20,18,3,1932036.9,73,73,72,71,103,102,101,100,20.219,20.187,22.288,22.219,227.68,93908,0,0,1100,8100,9,4,0,0,0,26,22,14,20,12,7,False,0,False
290.30722,9.176,8.955,7.538,6.993,19.787,20,18,3,1923393.1,73,73,72,72,103,102,101,100,20.213,20.181,22.28,22.211,270.193,93908,0,0,1100,8100,9,4,0,0,0,26,22,14,20,12,7,False,0,False
290.80856,9.181,8.96,7.538,6.993,19.773,20,18,3,1914749.4,73,73,71,71,103,102,101,100,20.206,20.175,22.271,22.203,312.973,93908,0,0,1133,8100,9,4,0,0,0,26,22,14,20,12,7,False,0,False
291.30994,9.187,8.966,7.538,6.993,19.76,20,18,3,1906105.6,73,72,71,71,103,102,101,99,20.2,20.169,22.262,22.194,356.006,93908,0,0,1150,8100,9,4,0,0,0,26,22,14,20,12,7,False,0,False
291.8082,9.193,8.971,7.538,6.993,19.746,20,18,3,1897461.9,73,73,72,71,103,102,100,99,20.193,20.162,22.253,22.186,399.229,93908,0,0,1150,8067,9,4,0,0,0,26,22,14,20,12,7,False,0,False
292.31195,9.198,8.977,7.538,6.993,19.732,20,18,3,1888818.1,73,73,72,72,102,102,100,99,20.185,20.155,22.244,22.177,442.605,93908,0,0,1183,8067,9,4,0,0,0,26,22,14,20,12,7,False,0,False
292.80664,9.208,8.984,7.54,6.996,19.718,20,18,3,1880174.4,74,73,72,71,102,102,100,99,20.178,20.148,22.234,22.167,486.117,93908,0,0,1183,8067,9,4,0,0,0,26,22,14,20,12,7,False,0,False
293.31104,9.214,8.99,7.541,6.997,19.704,20,18,3,1871530.6,73,74,72,72,102,102,100,99,20.171,20.14,22.225,22.158,529.723,93908,0,0,1183,8083,9,4,0,0,0,26,22,14,20,12,7,False,0,False
293.81116,9.22,9,7.545,7,19.69,20,18,3,1862886.9,72,73,71,72,102,101,100,99,20.163,20.133,22.215,22.149,573.449,93908,0,0,1200,8083,9,4,0,0,0,26,22,14,20,12,7,False,0,False
294.31052,9.23,9.011,7.556,7.011,19.679,20,18,3,1869642,74,75,76,75,102,101,100,98,20.155,20.126,22.207,22.141,616.604,93908,0,0,1200,8084,9,4,0,0,0,26,22,14,20,12,7,False,0,False
294.80896,9.253,9.032,7.584,7.04,19.678,20,18,3,1903091.4,74,74,77,77,102,101,100,99,20.154,20.125,22.209,22.143,652.168,93908,0,0,1216,8084,9,4,0,0,0,26,22,14,20,12,7,False,0,False
295.31027,9.269,9.049,7.597,7.054,19.677,20,18,3,1930334.6,74,73,75,74,102,101,100,99,20.155,20.127,22.215,22.149,679.281,93908,0,0,1216,8133,9,4,0,0,0,26,22,14,20,12,7,False,0,False
295.80942,9.282,9.061,7.604,7.061,19.676,20,18,3,1952364.6,73,73,73,73,102,101,100,99,20.158,20.13,22.22,22.155,699.76,93908,0,0,1216,8133,9,4,0,0,0,26,22,14,20,12,7,False,0,False
296.30746,9.29,9.067,7.614,7.07,19.676,20,18,3,1970567,73,71,76,73,102,101,100,99,20.161,20.132,22.226,22.16,715.531,93908,0,0,1216,8133,9,4,0,0,0,26,22,14,20,12,7,False,0,False
296.8105,9.302,9.076,7.639,7.09,19.676,20,18,3,1984613.9,76,72,84,78,102,101,100,99,20.164,20.134,22.233,22.167,727.396,93908,0,0,1183,8183,9,4,0,0,0,26,22,14,20,12,7,False,0,False
297.31036,9.311,9.084,7.673,7.11,19.676,20,18,3,1993561.1,75,73,95,82,102,101,100,99,20.169,20.138,22.245,22.175,739.729,93908,0,0,1183,8183,9,4,0,0,0,26,22,14,20,12,7,False,0,False
297.80945,9.318,9.09,7.691,7.12,19.673,20,18,3,1998331.4,75,73,92,80,102,102,100,99,20.172,20.141,22.258,22.183,758.338,93908,0,0,1183,8183,9,4,0,0,0,26,22,14,20,12,7,False,0,False
298.3087,9.337,9.105,7.702,7.131,19.669,20,18,3,2003579.9,81,77,87,78,102,102,101,99,20.178,20.144,22.269,22.191,768.805,93908,0,0,1183,8183,9,4,0,0,0,26,22,14,20,12,7,False,0,False
298.8109,9.352,9.118,7.704,7.132,19.663,20,18,3,2009342.1,80,77,79,73,102,102,101,99,20.185,20.15,22.277,22.196,780.027,93908,0,0,1167,8183,9,4,0,0,0,26,22,14,20,12,7,False,0,False
299.31104,9.36,9.131,7.704,7.132,19.655,20,18,3,2012396.9,77,77,73,71,102,102,101,99,20.19,20.154,22.281,22.199,793.334,93908,0,0,1167,8183,9,4,0,0,0,26,22,14,20,12,7,False,0,False
299.80634,9.369,9.14,7.706,7.134,19.646,20,18,3,2018268.6,75,75,70,70,103,102,101,99,20.193,20.157,22.283,22.201,809.275,93908,0,0,1167,8183,9,4,0,0,0,26,22,14,20,12,7,False,0,False
300.3107,9.38,9.152,7.711,7.14,19.636,20,18,3,2029697.8,75,75,70,72,103,102,101,100,20.195,20.16,22.284,22.204,827.43,93908,0,0,1150,8183,9,4,0,0,0,26,22,14,20,12,7,False,0,False
300.8095,9.398,9.174,7.727,7.159,19.627,20,18,3,2036095.9,77,81,75,79,103,102,101,100,20.198,20.164,22.286,22.207,852.402,93908,0,0,1150,8183,9,4,0,0,0,26,22,14,20,12,7,False,0,False
301.31085,9.42,9.201,7.742,7.174,19.617,20,18,3,2042556.6,77,81,75,77,103,102,101,100,20.201,20.169,22.288,22.211,873.906,93908,0,0,1150,8183,9,4,0,0,0,26,22,14,20,12,7,False,0,False
301.81134,9.439,9.221,7.748,7.18,19.604,20,18,3,2042586.1,77,79,72,73,103,102,101,100,20.203,20.174,22.289,22.213,896.465,93908,0,0,1150,8200,9,4,0,0,0,26,22,14,20,12,7,False,0,False
302.308,9.457,9.24,7.75,7.181,19.591,20,18,3,2014972.8,76,76,70,72,103,102,101,100,20.205,20.176,22.288,22.213,922.029,93908,0,0,1183,8200,9,4,0,0,0,26,22,14,20,12,7,False,0,False
302.8068,9.483,9.268,7.752,7.183,19.578,20,18,3,1979780.6,76,76,68,66,103,102,101,100,20.207,20.178,22.286,22.212,950.832,93908,0,0,1183,8250,9,4,0,0,0,26,22,14,20,12,7,False,0,False
303.80692,9.553,9.332,7.784,7.211,19.551,20,18,3,1884307.5,75,74,73,71,103,102,101,100,20.212,20.183,22.285,22.21,1012.449,93908,0,0,1234,8250,9,4,0,0,0,26,22,14,20,12,7,False,0,False
304.3107,9.567,9.344,7.786,7.214,19.537,20,18,3,1826988,74,73,71,70,103,102,101,100,20.212,20.182,22.283,22.207,1045.158,93908,0,0,1234,8250,9,4,0,0,0,26,22,14,20,12,7,False,0,False
304.8096,9.578,9.353,7.787,7.215,19.524,20,18,3,1769373,73,72,71,70,103,102,101,100,20.21,20.18,22.279,22.204,1079.662,93908,0,0,1233,8250,9,4,0,0,0,26,22,14,20,12,7,False,0,False
305.3117,9.585,9.36,7.787,7.215,19.511,20,18,3,1749875.9,72,72,71,70,103,102,101,99,20.208,20.177,22.275,22.2,1115.547,93908,0,0,1217,8250,9,4,0,0,0,26,22,14,20,12,7,False,0,False
305.80865,9.591,9.367,7.787,7.215,19.497,20,18,3,1741232.1,72,72,71,71,103,102,101,99,20.205,20.175,22.27,22.196,1152.393,93908,0,0,1217,8217,9,4,0,0,0,26,22,14,20,12,7,False,0,False
306.30927,9.597,9.373,7.787,7.215,19.483,20,18,3,1732588.4,72,72,71,71,103,102,101,99,20.201,20.172,22.265,22.191,1190.146,93908,0,0,1217,8217,9,4,0,0,0,26,22,14,20,12,7,False,0,False
306.80765,9.603,9.379,7.787,7.215,19.469,20,18,3,1723944.6,72,73,71,71,103,102,100,99,20.198,20.168,22.26,22.186,1228.717,93908,0,0,1216,8200,9,4,0,0,0,26,22,14,20,12,7,False,0,False
307.30887,9.609,9.385,7.787,7.215,19.456,20,18,3,1715300.9,73,73,71,71,103,102,100,99,20.194,20.165,22.254,22.18,1268.02,93908,0,0,1216,8200,9,4,0,0,0,26,22,14,20,12,7,False,0,False
307.8086,9.615,9.391,7.787,7.215,19.442,20,18,3,1706657.1,73,73,71,71,102,102,100,99,20.189,20.161,22.248,22.174,1307.955,93908,0,0,1234,8184,9,4,0,0,0,26,22,14,20,12,7,False,0,False
308.80893,9.626,9.403,7.787,7.215,19.415,20,18,3,1694843.8,73,73,71,71,102,102,100,99,20.18,20.152,22.234,22.161,1389.287,93908,0,0,1250,8166,9,4,0,0,0,26,22,14,20,12,7,False,0,False
309.3083,9.641,9.416,7.81,7.233,19.406,20,18,3,1709239,75,74,78,76,102,102,100,99,20.176,20.148,22.23,22.158,1428.834,93908,0,0,1250,8166,9,4,0,0,0,26,22,14,20,12,7,False,0,False
309.80853,9.666,9.442,7.864,7.256,19.404,20,18,3,1739222.1,75,77,87,75,102,102,100,99,20.177,20.149,22.236,22.162,1460.008,93908,0,0,1267,8150,9,4,0,0,0,26,22,14,20,12,7,False,0,False
310.3072,9.676,9.45,7.872,7.264,19.403,20,18,3,1765595.5,73,72,77,73,102,102,100,99,20.18,20.152,22.242,22.167,1484.777,93908,0,0,1267,8233,9,4,0,0,0,26,22,14,20,12,7,False,0,False
310.81042,9.691,9.461,7.888,7.279,19.403,20,18,3,1788597.5,75,72,78,74,102,102,100,99,20.183,20.153,22.248,22.172,1505.096,93908,0,0,1267,8233,9,4,0,0,0,26,22,14,20,12,7,False,0,False
311.30746,9.704,9.47,7.908,7.296,19.403,20,18,3,1807544,77,72,82,77,102,102,100,99,20.186,20.155,22.254,22.177,1522.49,93908,0,0,1317,8300,9,4,0,0,0,26,22,14,20,12,7,False,0,False
311.81027,9.728,9.485,7.948,7.329,19.402,20,18,3,1818315.6,82,75,92,85,102,102,101,99,20.192,20.158,22.263,22.185,1548.832,93908,0,0,1317,8300,9,4,0,0,0,26,22,14,20,12,7,False,0,False
312.30948,9.741,9.495,7.983,7.354,19.398,20,18,3,1825606.4,79,73,93,84,103,102,101,99,20.197,20.161,22.275,22.194,1568.424,93908,0,0,1317,8300,9,4,0,0,0,26,22,14,20,12,7,False,0,False
312.80588,9.756,9.507,8,7.367,19.393,20,18,3,1832992.5,79,74,86,79,103,102,101,99,20.202,20.163,22.285,22.2,1584.762,93908,0,0,1267,8300,9,4,0,0,0,26,22,14,20,12,7,False,0,False
313.3062,9.768,9.516,8.009,7.375,19.386,20,18,3,1840556.6,77,73,80,75,103,102,101,100,20.205,20.165,22.291,22.205,1600.844,93908,0,0,1267,8300,9,4,0,0,0,26,22,14,20,12,7,False,0,False
313.8103,9.783,9.53,8.015,7.381,19.377,20,18,3,1848325.8,77,74,75,72,103,102,101,100,20.209,20.167,22.294,22.207,1618.293,93908,0,0,1267,8300,9,4,0,0,0,26,22,14,20,12,7,False,0,False
314.3084,9.801,9.549,8.017,7.383,19.364,20,18,3,1850699.9,78,77,72,70,103,102,101,100,20.212,20.169,22.295,22.208,1638.871,93908,0,0,1267,8300,9,4,0,0,0,26,22,14,20,12,7,False,0,False
314.8077,9.819,9.569,8.018,7.384,19.351,20,18,3,1852722.9,77,77,70,69,103,102,101,100,20.214,20.172,22.295,22.208,1661.986,93908,0,0,1267,8317,9,4,0,0,0,26,22,14,20,12,7,False,0,False
315.3093,9.836,9.584,8.018,7.384,19.338,20,18,3,1852780.6,75,74,69,68,103,102,101,100,20.216,20.174,22.294,22.207,1687.861,93908,0,0,1267,8317,9,4,0,0,0,26,22,14,20,12,7,False,0,False
316.30923,9.858,9.609,8.024,7.389,19.311,20,18,3,1838785,73,74,71,72,103,102,101,100,20.216,20.175,22.29,22.204,1745.99,93908,0,0,1266,8316,9,4,0,0,0,26,22,14,20,12,7,False,0,False
316.80667,9.871,9.626,8.034,7.399,19.298,20,18,3,1836084.4,73,75,72,74,103,102,101,100,20.215,20.175,22.288,22.203,1777.578,93908,0,0,1267,8316,9,4,0,0,0,26,22,14,20,12,7,False,0,False
317.3083,9.888,9.647,8.047,7.411,19.284,20,18,3,1827449.2,74,76,73,74,103,102,101,99,20.213,20.175,22.286,22.202,1811.215,93908,30154,0,1267,8317,9,4,0,0,0,26,22,14,20,12,7,False,0,False
317.80853,9.901,9.662,8.057,7.421,19.273,20,18,3,1831355.5,72,73,73,73,103,102,101,99,20.212,20.175,22.284,22.201,1846.424,93908,30154,0,1250,8317,9,4,0,0,0,26,22,14,20,12,7,False,0,False
318.3077,9.942,9.694,8.121,7.475,19.273,20,18,3,1857828.1,83,78,92,85,103,102,101,100,20.214,20.176,22.287,22.203,1875.709,93908,30154,0,1250,8317,9,4,0,0,0,26,22,14,20,12,7,False,0,False
318.80997,9.981,9.724,8.191,7.532,19.273,20,18,3,1872502.6,83,78,96,88,103,102,101,100,20.219,20.179,22.296,22.209,1904.174,93908,30154,0,1266,8317,9,4,0,0,0,26,22,14,20,12,7,False,0,False
319.31122,10.033,9.756,8.253,7.596,19.268,20,18,3,1879554.6,90,80,95,91,103,102,101,100,20.226,20.182,22.304,22.217,1932.336,93908,30154,0,1266,8350,9,4,0,0,0,26,22,14,20,12,7,False,0,False
319.80682,10.067,9.782,8.285,7.622,19.259,20,18,3,1884725,82,77,83,79,103,102,101,100,20.232,20.184,22.31,22.222,1958.408,93908,30154,0,1217,8350,9,4,0,0,0,26,22,14,20,12,7,False,0,False
320.30756,10.081,9.796,8.29,7.627,19.246,20,18,3,1879721.5,75,74,73,73,103,102,101,100,20.233,20.184,22.31,22.222,1984.9,93908,30154,0,1217,8350,9,4,0,0,0,26,22,14,20,12,7,False,0,False
320.79675,10.107,9.827,8.32,7.665,19.235,20,18,3,1883798,77,80,78,83,103,102,101,100,20.233,20.185,22.309,22.222,2012.785,93908,30154,0,1217,8433,9,4,0,0,0,26,22,14,20,12,7,False,0,False
321.3103,10.141,9.872,8.364,7.715,19.225,20,18,3,1889196.6,79,83,82,87,103,102,101,100,20.233,20.189,22.31,22.225,2044.777,93908,30154,0,1183,8433,9,4,0,0,0,26,22,14,20,12,7,False,0,False
321.80655,10.175,9.913,8.395,7.753,19.212,20,18,3,1887672.4,79,82,78,83,103,102,101,100,20.234,20.192,22.31,22.228,2074.988,93908,30154,0,1183,8433,9,4,0,0,0,26,22,14,20,12,7,False,0,False
322.30966,10.198,9.94,8.411,7.77,19.199,20,18,3,1885355.8,74,77,73,75,103,103,101,100,20.233,20.193,22.307,22.227,2105.555,93908,30154,0,1184,8500,9,4,0,0,0,26,22,14,20,12,7,False,0,False
322.8094,10.209,9.954,8.418,7.775,19.185,20,18,3,1876864.6,73,75,72,72,103,102,101,100,20.231,20.192,22.303,22.224,2137.818,93908,30154,0,1184,8533,9,4,0,0,0,26,22,14,20,12,7,False,0,False
323.31128,10.217,9.965,8.422,7.779,19.171,20,18,3,1870656,72,74,73,73,103,102,101,100,20.227,20.189,22.298,22.219,2171.477,93908,30154,0,1200,8533,9,4,0,0,0,26,22,14,20,12,7,False,0,False
323.81088,10.236,9.986,8.45,7.808,19.169,20,18,3,1899301.6,75,75,78,78,103,102,101,100,20.227,20.19,22.3,22.221,2200.873,93908,30154,0,1200,8566,9,4,0,0,0,26,22,14,20,12,7,False,0,False
324.30905,10.246,9.994,8.456,7.814,19.168,20,18,3,1923533.2,72,72,75,73,103,102,101,100,20.228,20.191,22.303,22.225,2223.176,93908,30154,0,1200,8566,9,4,0,0,0,26,22,14,20,12,7,False,0,False
325.30518,10.267,10.01,8.488,7.841,19.168,20,18,3,1957696,76,72,83,78,103,103,101,100,20.232,20.193,22.312,22.234,2255.195,93908,30154,0,1133,8650,9,4,0,0,0,26,22,14,20,12,7,False,0,False
325.80963,10.28,10.02,8.524,7.866,19.168,20,18,3,1969471.9,77,73,93,83,103,103,102,100,20.235,20.195,22.322,22.24,2267.582,93908,30154,0,1133,8650,9,4,0,0,0,26,22,14,20,12,7,False,0,False
326.30994,10.29,10.026,8.554,7.887,19.167,20,18,3,1975139.9,77,72,95,85,103,103,102,100,20.239,20.197,22.334,22.248,2284.367,93908,30154,0,1133,8683,9,4,0,0,0,26,22,14,20,12,7,False,0,False
326.80988,10.303,10.038,8.572,7.899,19.164,20,18,3,1980799.2,79,75,92,82,103,103,102,100,20.242,20.199,22.345,22.254,2299.354,93908,30154,0,1133,8683,9,4,0,0,0,26,22,14,20,12,7,False,0,False
327.30756,10.314,10.047,8.581,7.906,19.16,20,18,3,1986755.8,79,74,85,78,104,103,102,100,20.247,20.202,22.353,22.26,2311.801,93908,30154,0,850,8683,9,4,0,0,0,26,22,14,20,12,7,False,0,False
327.80676,10.323,10.057,8.585,7.909,19.153,20,18,3,1992907.2,77,75,78,73,104,103,102,101,20.25,20.204,22.358,22.263,2324.793,93908,30154,0,850,8683,9,4,0,0,0,26,22,14,20,12,7,False,0,False
328.30777,10.337,10.074,8.586,7.911,19.143,20,18,3,1998061.8,78,78,73,70,104,103,102,101,20.252,20.206,22.36,22.264,2339.854,93908,30154,0,850,8650,9,4,0,0,0,26,22,14,20,12,7,False,0,False
328.8099,10.362,10.103,8.587,7.912,19.13,20,18,3,2003082.9,83,84,71,69,104,103,102,101,20.256,20.21,22.36,22.264,2357.885,93908,30154,0,783,8650,9,4,0,0,0,26,22,14,20,12,7,False,0,False
329.30826,10.395,10.137,8.588,7.913,19.118,20,18,3,2008254.9,83,83,70,69,104,103,102,101,20.262,20.217,22.359,22.263,2378.898,93908,30154,0,783,8650,9,4,0,0,0,26,22,14,20,12,7,False,0,False
329.8081,10.408,10.152,8.589,7.914,19.104,20,18,3,2003694.9,76,75,69,69,104,103,102,101,20.264,20.219,22.358,22.262,2402.584,93908,30154,0,684,8650,9,4,0,0,0,26,22,14,20,12,7,False,0,False
330.30765,10.418,10.163,8.589,7.914,19.091,20,18,3,2003534.4,73,73,69,69,104,103,102,100,20.264,20.219,22.355,22.26,2428.709,93908,30154,0,684,8617,9,4,0,0,0,26,22,14,20,12,7,False,0,False
330.80438,10.427,10.173,8.589,7.914,19.078,20,18,3,1997063.2,73,72,69,69,104,103,102,100,20.263,20.219,22.352,22.258,2455.98,93908,30154,0,650,8617,9,4,0,0,0,26,22,14,20,12,7,False,0,False
331.3102,10.436,10.181,8.589,7.914,19.064,20,18,3,1989184.4,72,72,70,69,104,103,102,100,20.262,20.217,22.349,22.256,2487.199,93908,30154,0,650,8617,9,4,0,0,0,26,22,14,20,12,7,False,0,False
331.8096,10.443,10.189,8.589,7.914,19.051,20,18,3,1986334.2,72,72,69,69,104,103,102,100,20.259,20.215,22.345,22.252,2519.049,93908,30154,0,633,8600,9,4,0,0,0,26,22,14,20,12,7,False,0,False
332.3103,10.452,10.199,8.592,7.916,19.037,20,18,3,1977690.5,72,72,70,71,104,103,102,100,20.256,20.213,22.341,22.249,2552.527,93908,30154,0,633,8600,9,4,0,0,0,26,22,14,20,12,7,False,0,False
332.80615,10.465,10.217,8.603,7.927,19.023,20,18,3,1969046.8,73,75,72,74,104,103,102,100,20.254,20.211,22.336,22.246,2587.289,93908,30154,0,616,8566,9,4,0,0,0,26,22,14,20,12,7,False,0,False
333.3064,10.485,10.243,8.627,7.95,19.011,20,18,3,1967529,75,77,75,77,104,103,102,100,20.251,20.21,22.333,22.243,2622.588,93908,30154,0,617,8567,9,4,0,0,0,26,22,14,20,12,7,False,0,False
333.80856,10.517,10.282,8.67,7.991,19.007,20,18,3,1994927.5,77,80,80,82,104,103,102,100,20.251,20.212,22.334,22.246,2656.832,93908,30154,0,617,8567,9,4,0,0,0,26,22,14,20,12,7,False,0,False
334.3101,10.541,10.309,8.693,8.013,19.006,20,18,3,2020532.1,77,79,78,80,104,103,102,100,20.254,20.216,22.338,22.252,2682.99,93908,30154,0,617,8583,9,4,0,0,0,26,22,14,20,12,7,False,0,False
334.80795,10.562,10.331,8.708,8.027,19.005,20,18,3,2041404.6,77,79,77,79,104,103,102,100,20.258,20.221,22.343,22.258,2701.865,93908,30154,0,616,8583,9,4,0,0,0,26,22,14,20,12,7,False,0,False
335.31042,10.566,10.337,8.713,8.032,19.005,20,18,3,2058987.9,72,74,74,75,104,103,102,101,20.26,20.225,22.347,22.263,2717.162,93908,30154,0,616,8583,9,4,0,0,0,26,22,14,20,12,7,False,0,False
335.80588,10.571,10.344,8.723,8.045,19.005,20,18,3,2070835.4,71,74,75,78,104,103,102,101,20.261,20.228,22.351,22.268,2729.764,93908,30154,0,616,8684,9,4,0,0,0,26,22,14,20,12,7,False,0,False
336.30853,10.579,10.354,8.738,8.071,19.005,20,18,3,2076633.8,73,75,77,87,104,103,102,101,20.262,20.231,22.355,22.276,2740.598,93908,30154,0,584,8684,9,4,0,0,0,26,22,14,20,12,7,False,0,False
336.8106,10.587,10.363,8.757,8.101,19.004,20,18,3,2081888.2,74,76,82,94,104,103,102,101,20.264,20.234,22.36,22.286,2763.434,93908,30154,0,584,8684,9,4,0,0,0,26,22,14,20,12,7,False,0,False
337.30597,10.594,10.373,8.763,8.109,19.002,20,18,3,2087203.4,73,77,78,86,104,103,102,101,20.266,20.237,22.365,22.296,2773.209,93908,30154,0,584,8700,9,4,0,0,0,26,22,14,20,12,7,False,0,False
337.80908,10.606,10.384,8.766,8.112,18.995,20,18,3,2092385,75,78,74,79,104,103,102,101,20.267,20.241,22.368,22.302,2784.564,93908,30154,0,584,8700,9,4,0,0,0,26,22,14,20,12,7,False,0,False
338.30878,10.615,10.394,8.767,8.113,18.987,20,18,3,2096510.2,75,76,70,74,104,103,102,101,20.27,20.244,22.369,22.306,2798.691,93908,30154,0,484,8700,9,4,0,0,0,26,22,14,20,12,7,False,0,False
338.8103,10.629,10.411,8.767,8.113,18.976,20,18,3,2102409.8,77,78,68,71,104,104,102,101,20.272,20.247,22.368,22.307,2815.312,93908,30154,0,484,8700,9,4,0,0,0,26,22,14,20,12,7,False,0,False
339.30972,10.649,10.429,8.767,8.113,18.964,20,18,3,2110258.2,78,78,68,69,104,104,102,101,20.274,20.25,22.367,22.306,2834.658,93908,30154,0,484,8717,9,4,0,0,0,26,22,14,20,12,7,False,0,False
339.80566,10.668,10.447,8.767,8.113,18.952,20,18,3,2109758,77,77,69,68,104,104,102,101,20.277,20.253,22.365,22.305,2855.93,93908,30154,0,467,8717,9,4,0,0,0,26,22,14,20,12,7,False,0,False
340.3101,10.684,10.462,8.767,8.113,18.937,20,18,3,2104473.5,74,74,69,69,104,104,102,101,20.278,20.254,22.363,22.304,2881.547,93908,30154,0,467,8717,9,4,0,0,0,26,22,14,20,12,7,False,0,False
340.80478,10.694,10.472,8.767,8.113,18.925,20,18,3,2103960.5,72,72,69,69,104,104,102,101,20.278,20.254,22.361,22.302,2907.832,93908,30154,0,433,8717,9,4,0,0,0,26,22,14,20,12,7,False,0,False
341.3089,10.703,10.482,8.767,8.113,18.911,20,18,3,2096424.4,71,72,70,70,104,104,102,101,20.276,20.253,22.358,22.299,2938.252,93908,30154,0,433,8717,9,4,0,0,0,26,22,14,20,12,7,False,0,False
341.80554,10.711,10.49,8.767,8.113,18.899,20,18,3,2093923,71,71,70,70,104,104,102,101,20.274,20.251,22.355,22.297,2968.621,93908,30154,0,417,8717,9,4,0,0,0,26,22,14,20,12,7,False,0,False
342.80777,10.726,10.504,8.767,8.113,18.87,20,18,3,2076351.6,71,71,71,70,104,103,102,101,20.268,20.245,22.347,22.289,3037.879,93908,30154,0,400,8700,9,4,0,0,0,26,22,14,20,12,7,False,0,False
343.3096,10.732,10.511,8.767,8.113,18.858,20,18,3,2073206.5,71,71,71,70,104,103,102,101,20.264,20.242,22.342,22.285,3074.111,93908,30154,0,400,8700,9,4,0,0,0,26,22,14,20,12,7,False,0,False
343.80725,10.739,10.517,8.767,8.113,18.844,20,18,3,2064562.8,71,71,71,71,104,103,102,101,20.261,20.238,22.337,22.28,3111.588,93908,30154,0,400,8684,9,4,0,0,0,26,22,14,20,12,7,False,0,False
344.30652,10.745,10.524,8.767,8.113,18.83,20,18,3,2055919,71,71,71,71,104,103,102,101,20.256,20.234,22.331,22.275,3150.246,93908,30154,0,400,8634,9,4,0,0,0,26,22,14,20,12,7,False,0,False
344.8034,10.751,10.529,8.767,8.113,18.817,20,18,3,2047563.4,71,71,71,71,104,103,102,101,20.252,20.23,22.325,22.269,3188.629,93908,30154,0,384,8634,9,4,0,0,0,26,22,14,20,12,7,False,0,False
345.30875,10.757,10.535,8.767,8.113,18.802,20,18,3,2038631.5,71,71,71,71,104,103,101,101,20.247,20.225,22.319,22.263,3230.645,93908,30154,0,383,8617,9,4,0,0,0,26,22,14,20,12,7,False,0,False
345.80463,10.764,10.54,8.767,8.113,18.79,20,18,3,2035829.6,71,71,71,71,103,103,101,100,20.241,20.22,22.312,22.257,3270.658,93908,30154,0,367,8617,9,4,0,0,0,26,22,14,20,12,7,False,0,False
346.30624,10.769,10.547,8.768,8.114,18.776,20,18,3,2026897.8,71,71,71,72,103,103,101,100,20.235,20.214,22.304,22.249,3314.17,93908,30154,0,367,8584,9,4,0,0,0,26,22,14,20,12,7,False,0,False
346.80673,10.776,10.553,8.769,8.114,18.762,20,18,3,2019863.1,71,71,72,71,103,103,101,100,20.229,20.208,22.297,22.242,3356.977,93908,30154,0,367,8567,9,4,0,0,0,26,22,14,20,12,7,False,0,False
347.3097,10.798,10.575,8.8,8.146,18.759,20,18,3,2053744.4,74,74,77,77,103,103,101,100,20.227,20.207,22.297,22.243,3395.096,93908,30154,0,350,8567,9,4,0,0,0,26,22,14,20,12,7,False,0,False
347.81012,10.822,10.601,8.834,8.178,18.758,20,18,3,2083669.4,75,78,80,81,103,103,101,100,20.229,20.209,22.302,22.249,3424.518,93908,30154,0,350,8517,9,4,0,0,0,26,22,14,20,12,7,False,0,False
348.3069,10.854,10.643,8.891,8.251,18.758,20,18,3,2109369.5,79,85,90,98,103,103,101,100,20.233,20.215,22.311,22.26,3448.082,93908,30154,0,333,8516,9,4,0,0,0,26,22,14,20,12,7,False,0,False
348.8045,10.872,10.667,8.941,8.318,18.756,20,18,3,2123001.8,77,81,91,103,103,103,102,101,20.237,20.222,22.322,22.275,3469.891,93908,30154,0,333,8533,9,4,0,0,0,26,22,14,20,12,7,False,0,False
349.30637,10.897,10.699,8.982,8.37,18.748,20,18,3,2130014.8,79,85,89,98,103,103,102,101,20.241,20.228,22.332,22.29,3493.604,93908,30154,0,333,8533,9,4,0,0,0,26,22,14,20,12,7,False,0,False
349.81058,10.932,10.74,9.011,8.408,18.739,20,18,3,2136569.5,84,89,83,91,104,103,102,101,20.246,20.237,22.34,22.301,3514.41,93908,30154,0,333,8533,9,4,0,0,0,26,22,14,20,12,7,False,0,False
350.3081,10.981,10.796,9.032,8.433,18.728,20,18,3,2142588.8,89,94,79,85,104,103,102,101,20.253,20.246,22.345,22.309,3535.945,93908,30154,0,333,8533,9,4,0,0,0,26,22,14,20,12,7,False,0,False
350.80792,11.045,10.873,9.048,8.452,18.717,20,18,3,2149336,91,97,76,80,104,104,102,101,20.264,20.259,22.348,22.314,3558.584,93908,30154,0,400,8617,9,4,0,0,0,26,22,14,20,12,7,False,0,False
351.30914,11.064,10.894,9.063,8.467,18.704,20,18,3,2153922.8,79,83,75,77,104,104,102,101,20.268,20.266,22.349,22.317,3582.652,93908,30154,0,400,8617,9,4,0,0,0,26,22,14,20,12,7,False,0,False
351.80746,11.085,10.919,9.076,8.48,18.692,20,18,3,2155635.5,76,80,74,76,104,104,102,101,20.269,20.269,22.35,22.318,3608.738,93908,30154,0,466,8617,9,4,0,0,0,26,22,14,20,12,7,False,0,False
352.30893,11.109,10.947,9.096,8.499,18.678,20,18,3,2148853.8,77,81,76,78,104,104,102,101,20.27,20.272,22.35,22.319,3636.889,93908,30154,0,466,8700,9,4,0,0,0,26,22,14,20,12,7,False,0,False
352.8066,11.139,10.984,9.12,8.524,18.664,20,18,3,2141323,77,81,76,78,104,104,102,101,20.271,20.275,22.35,22.321,3666.965,93908,30154,0,484,8700,9,4,0,0,0,26,22,14,20,12,7,False,0,False
353.30948,11.157,11.006,9.132,8.535,18.651,20,18,3,2138703.8,73,77,73,73,104,104,102,101,20.27,20.276,22.349,22.32,3698.85,93908,30154,0,500,8750,9,4,0,0,0,26,22,14,20,12,7,False,0,False
353.80383,11.167,11.015,9.135,8.539,18.638,20,18,3,2130368,73,73,73,71,104,104,102,101,20.268,20.274,22.346,22.317,3730.793,93908,30154,0,500,8750,9,4,0,0,0,26,22,14,20,12,7,False,0,False
354.31003,11.217,11.058,9.195,8.591,18.624,20,18,3,2121440,86,82,88,83,104,104,102,101,20.268,20.274,22.346,22.316,3765.449,93908,30154,0,533,8783,9,4,0,0,0,26,22,14,20,12,7,False,0,False
354.8097,11.275,11.106,9.261,8.649,18.61,20,18,3,2112800,84,80,88,83,104,104,102,101,20.272,20.275,22.349,22.317,3799.914,93908,30154,0,533,8783,9,4,0,0,0,26,22,14,20,12,7,False,0,False
355.30505,11.337,11.158,9.337,8.717,18.597,20,18,3,2104448,87,82,91,86,104,104,102,101,20.275,20.276,22.352,22.318,3834.494,93908,30154,0,550,8783,9,4,0,0,0,26,22,14,20,12,7,False,0,False
355.80716,11.406,11.216,9.427,8.796,18.583,20,18,3,2100913.5,86,82,92,87,104,104,102,101,20.278,20.277,22.355,22.319,3872.248,93908,30154,0,550,8783,9,4,0,0,0,26,22,14,20,12,7,False,0,False
356.80585,11.504,11.297,9.534,8.893,18.556,20,18,3,2083627.6,80,77,81,78,104,104,102,101,20.28,20.275,22.355,22.316,3945.363,93908,30154,0,567,8817,9,4,0,0,0,26,22,14,20,12,7,False,0,False
357.30777,11.534,11.321,9.558,8.918,18.543,20,18,3,2074983.9,77,74,76,74,104,104,102,101,20.278,20.271,22.352,22.312,3981.365,93908,30154,0,566,8817,9,4,0,0,0,26,22,14,20,12,7,False,0,False
357.80667,11.547,11.33,9.562,8.922,18.529,20,18,3,2067237.1,73,73,72,71,104,104,102,101,20.273,20.266,22.345,22.305,4018.621,93908,30154,40428,566,8800,9,4,0,0,0,26,22,14,20,12,7,False,0,False
358.30954,11.561,11.344,9.578,8.94,18.526,20,18,3,2097306,73,72,74,74,104,104,102,101,20.27,20.263,22.344,22.303,4052.494,93908,30154,40428,566,8816,9,4,0,0,0,26,22,14,20,12,7,False,0,False
358.80774,11.589,11.365,9.614,8.973,18.525,20,18,3,2125902.8,80,76,85,81,104,104,102,101,20.271,20.263,22.346,22.305,4079.512,93908,30154,40428,566,8816,9,4,0,0,0,26,22,14,20,12,7,False,0,False
359.30637,11.63,11.395,9.682,9.028,18.525,20,18,3,2150124.5,85,79,98,89,104,104,102,101,20.276,20.265,22.356,22.312,4102.23,93908,30154,40428,600,8834,9,4,0,0,0,26,22,14,20,12,7,False,0,False
359.81052,11.654,11.413,9.745,9.076,18.524,20,18,3,2166442.8,81,76,102,91,104,104,102,101,20.282,20.268,22.368,22.321,4122.031,93908,30154,40428,600,8834,9,4,0,0,0,26,22,14,20,12,7,False,0,False
360.3091,11.679,11.435,9.798,9.113,18.517,20,18,3,2173053.5,83,79,100,88,104,104,102,102,20.286,20.27,22.381,22.329,4142.34,93908,30154,40428,567,8817,9,4,0,0,0,26,22,14,20,12,7,False,0,False
360.80505,11.706,11.457,9.831,9.137,18.51,20,18,3,2179454,83,79,92,83,104,104,103,102,20.291,20.273,22.391,22.335,4164.104,93908,30154,40428,567,8817,9,4,0,0,0,26,22,14,20,12,7,False,0,False
361.30136,11.731,11.477,9.859,9.159,18.501,20,18,3,2186050,82,78,86,79,104,104,103,102,20.295,20.275,22.397,22.339,4184.363,93908,30154,40428,567,8883,9,4,0,0,0,26,22,14,20,12,7,False,0,False
361.8041,11.754,11.498,9.873,9.171,18.49,20,18,3,2191592.8,80,78,80,75,104,104,103,102,20.298,20.277,22.401,22.34,4205.635,93908,30154,40428,600,8883,9,4,0,0,0,26,22,14,20,12,7,False,0,False
362.30923,11.792,11.536,9.881,9.179,18.476,20,18,3,2188614.5,84,82,74,72,105,104,103,102,20.301,20.279,22.401,22.34,4230.268,93908,30154,40428,600,8900,9,4,0,0,0,26,22,14,20,12,7,False,0,False
362.8058,11.807,11.55,9.881,9.18,18.464,20,18,3,2188851,77,75,71,70,105,104,103,102,20.303,20.28,22.399,22.337,4255.865,93908,30154,40428,617,8900,9,4,0,0,0,26,22,14,20,12,7,False,0,False
363.30762,11.816,11.559,9.881,9.18,18.45,20,18,3,2181763.8,73,73,70,70,105,104,103,102,20.302,20.279,22.396,22.334,4285.479,93908,30154,40428,617,8900,9,4,0,0,0,26,22,14,20,12,7,False,0,False
363.80447,11.823,11.567,9.881,9.18,18.438,20,18,3,2179682,72,72,70,70,104,104,103,102,20.299,20.277,22.392,22.331,4315.105,93908,30154,40428,633,8883,9,4,0,0,0,26,22,14,20,12,7,False,0,False
364.30862,11.831,11.575,9.881,9.18,18.423,20,18,3,2170919.2,72,72,71,70,104,104,103,102,20.296,20.274,22.388,22.327,4348.451,93908,30154,40428,634,8883,9,4,0,0,0,26,22,14,20,12,7,False,0,False
364.80765,11.838,11.582,9.881,9.18,18.41,20,18,3,2162279.2,72,72,70,70,104,104,103,102,20.293,20.271,22.383,22.323,4382.32,93908,30154,40428,634,8883,9,4,0,0,0,26,22,14,20,12,7,False,0,False
365.30914,11.844,11.589,9.881,9.18,18.396,20,18,3,2153639.2,72,72,70,70,104,104,102,101,20.289,20.267,22.378,22.318,4417.578,93908,30154,40428,650,8883,9,4,0,0,0,26,22,14,20,12,7,False,0,False
365.80774,11.851,11.595,9.881,9.18,18.383,20,18,3,2150484,72,72,70,70,104,104,102,101,20.284,20.263,22.372,22.312,4453.906,93908,30154,40428,650,8883,9,4,0,0,0,26,22,14,20,12,7,False,0,False
366.30722,11.857,11.601,9.881,9.18,18.369,20,18,3,2141844,72,72,71,70,104,104,102,101,20.28,20.258,22.366,22.306,4491.32,93908,30154,40428,650,8866,9,4,0,0,0,26,22,14,20,12,7,False,0,False
366.80692,11.863,11.607,9.881,9.18,18.355,20,18,3,2133204,72,72,71,71,104,104,102,101,20.275,20.253,22.359,22.3,4529.75,93908,30154,40428,650,8866,9,4,0,0,0,26,22,14,20,12,7,False,0,False
367.30838,11.869,11.614,9.881,9.18,18.342,20,18,3,2124564,72,72,71,71,104,104,102,101,20.27,20.248,22.352,22.293,4569.086,93908,30154,40428,650,8850,9,4,0,0,0,26,22,14,20,12,7,False,0,False
367.80676,11.874,11.619,9.881,9.18,18.328,20,18,3,2115924,73,73,72,71,104,103,102,101,20.264,20.243,22.345,22.286,4609.236,93908,30154,40428,650,8850,9,4,0,0,0,26,22,14,20,12,7,False,0,False
368.30893,11.88,11.625,9.881,9.18,18.315,20,18,3,2112723.5,73,73,72,72,104,103,102,101,20.259,20.238,22.337,22.279,4649.992,93908,30154,40428,650,8850,9,4,0,0,0,26,22,14,20,12,7,False,0,False
368.80566,11.885,11.63,9.881,9.18,18.302,20,18,3,2104371.5,73,73,72,72,104,103,102,101,20.253,20.232,22.33,22.272,4689.918,93908,30154,40428,650,8850,9,4,0,0,0,26,22,14,20,12,7,False,0,False
369.30316,11.89,11.636,9.881,9.18,18.288,20,18,3,2095730.9,73,73,72,72,104,103,101,101,20.247,20.226,22.321,22.264,4731.738,93908,30154,40428,650,8834,9,4,0,0,0,26,22,14,20,12,7,False,0,False
369.80563,11.896,11.642,9.881,9.18,18.274,20,18,3,2087087.1,73,73,72,72,103,103,101,100,20.241,20.22,22.313,22.256,4774.016,93908,30154,40428,633,8800,9,4,0,0,0,26,22,14,20,12,7,False,0,False
370.3032,11.901,11.648,9.881,9.18,18.26,20,18,3,2079126,73,73,72,72,103,103,101,100,20.234,20.214,22.304,22.247,4816.678,93908,30154,40428,633,8800,9,4,0,0,0,26,22,14,20,12,7,False,0,False
370.80786,11.924,11.671,9.913,9.211,18.257,20,18,3,2113320.8,74,74,77,77,103,103,101,100,20.231,20.211,22.304,22.247,4855.777,93908,30154,40428,633,8800,9,4,0,0,0,26,22,14,20,12,7,False,0,False
371.30634,11.945,11.694,9.934,9.233,18.256,20,18,3,2141733.5,74,75,76,76,103,103,101,100,20.232,20.213,22.309,22.252,4884.582,93908,30154,40428,633,8783,9,4,0,0,0,26,22,14,20,12,7,False,0,False
371.80618,11.97,11.715,9.967,9.263,18.256,20,18,3,2165186.5,80,77,86,81,103,103,101,100,20.236,20.215,22.315,22.259,4906.807,93908,30154,40428,616,8783,9,4,0,0,0,26,22,14,20,12,7,False,0,False
372.30847,12.005,11.741,10.028,9.309,18.256,20,18,3,2182067.8,86,80,99,90,103,103,102,101,20.243,20.22,22.328,22.269,4924.064,93908,30154,40428,616,8783,9,4,0,0,0,26,22,14,20,12,7,False,0,False
372.80014,12.018,11.752,10.076,9.34,18.251,20,18,3,2189273.5,79,76,102,88,104,103,102,101,20.249,20.224,22.342,22.279,4942.412,93908,30154,40428,616,8783,9,4,0,0,0,26,22,14,20,12,7,False,0,False
373.3054,12.037,11.768,10.103,9.359,18.245,20,18,3,2195557.2,81,77,92,82,104,103,102,101,20.254,20.228,22.356,22.288,4962.23,93908,30154,40428,600,8783,9,4,0,0,0,26,22,14,20,12,7,False,0,False
373.80634,12.055,11.783,10.117,9.371,18.236,20,18,3,2202057,79,76,82,76,104,103,102,101,20.259,20.231,22.364,22.293,4980.113,93908,30154,40428,600,8833,9,4,0,0,0,26,22,14,20,12,7,False,0,False
374.30646,12.071,11.797,10.127,9.38,18.227,20,18,3,2208059.8,78,75,78,73,104,103,102,101,20.262,20.233,22.369,22.296,4999.725,93908,30154,40428,600,8833,9,4,0,0,0,26,22,14,20,12,7,False,0,False
374.80197,12.091,11.816,10.132,9.385,18.214,20,18,3,2202052.2,79,77,74,71,104,103,102,101,20.265,20.235,22.371,22.297,5020.041,93908,30154,40428,633,8833,9,4,0,0,0,26,22,14,20,12,7,False,0,False
375.3056,12.122,11.848,10.138,9.391,18.2,20,18,3,2168515.8,81,80,73,71,104,103,102,101,20.269,20.239,22.372,22.298,5043.424,93908,30154,40428,633,8867,9,4,0,0,0,26,22,14,20,12,7,False,0,False
375.80353,12.139,11.865,10.141,9.394,18.188,20,18,3,2132604.8,76,75,72,70,104,103,102,101,20.271,20.241,22.372,22.297,5070.15,93908,30154,40428,650,8867,9,4,0,0,0,26,22,14,20,12,7,False,0,False
376.3072,12.153,11.877,10.141,9.395,18.174,20,18,3,2087178.5,74,73,70,70,104,103,102,101,20.271,20.24,22.371,22.296,5100.955,93908,30154,40428,650,8867,9,4,0,0,0,26,22,14,20,12,7,False,0,False
376.801,12.163,11.887,10.141,9.395,18.161,20,18,3,2033523.2,73,72,70,71,104,103,102,101,20.27,20.239,22.368,22.294,5131.732,93908,30154,40428,650,8867,9,4,0,0,0,26,22,14,20,12,7,False,0,False
377.30438,12.172,11.897,10.141,9.395,18.147,20,18,3,1975908.2,73,73,71,71,104,103,102,101,20.269,20.238,22.365,22.292,5165.547,93908,30154,40428,666,8850,9,4,0,0,0,26,22,14,20,12,7,False,0,False
377.8052,12.181,11.905,10.141,9.395,18.135,20,18,3,1923747.9,73,73,71,71,104,103,102,101,20.267,20.236,22.362,22.29,5201,93908,30154,40428,633,8850,9,4,0,0,0,26,22,14,20,12,7,False,0,False
378.30606,12.189,11.914,10.141,9.395,18.12,20,18,3,1864212.4,73,73,71,71,104,103,102,101,20.265,20.234,22.358,22.286,5239.211,93908,30154,40428,633,8817,9,4,0,0,0,26,22,14,20,12,7,False,0,False
378.80597,12.198,11.922,10.141,9.395,18.106,20,18,3,1806597.4,73,73,71,71,104,103,102,101,20.262,20.231,22.354,22.282,5277.582,93908,30154,40428,616,8783,9,4,0,0,0,26,22,14,20,12,7,False,0,False
380.30228,12.217,11.942,10.141,9.395,18.066,20,18,3,1724466.5,71,71,71,71,104,103,102,101,20.25,20.22,22.337,22.267,5397.68,93908,30154,40428,567,8750,9,4,0,0,0,26,22,14,20,12,7,False,0,False
380.79034,12.223,11.947,10.141,9.395,18.053,20,18,4,1715822.8,71,71,71,71,103,103,102,100,20.244,20.215,22.331,22.261,30.836,93367,0,0,567,8684,9,5,0,0,0,26,22,14,20,12,7,False,0,False
381.3014,12.228,11.953,10.141,9.395,18.039,20,18,4,1707179,71,71,71,71,103,103,102,100,20.239,20.209,22.324,22.254,73.576,93367,0,0,533,8684,9,5,0,0,0,26,22,14,20,12,7,False,0,False
381.80374,12.234,11.958,10.141,9.395,18.025,20,18,4,1698535.2,71,71,71,71,103,103,101,100,20.233,20.203,22.317,22.248,116.91,93367,0,0,533,8684,9,5,0,0,0,26,22,14,20,12,7,False,0,False
382.30026,12.239,11.964,10.141,9.395,18.011,20,18,4,1689891.5,72,72,72,72,103,103,101,100,20.226,20.197,22.309,22.24,160.818,93367,0,0,500,8684,9,5,0,0,0,26,22,14,20,12,7,False,0,False
382.8058,12.245,11.969,10.141,9.395,17.997,20,18,4,1681247.8,71,71,71,71,103,102,101,100,20.22,20.191,22.301,22.233,205.236,93367,0,0,483,8233,9,5,0,0,0,26,22,14,20,12,7,False,0,False
383.30338,12.25,11.975,10.141,9.395,17.984,20,18,4,1672609.6,71,70,71,71,103,102,101,100,20.213,20.184,22.293,22.225,250.109,93367,0,0,483,8233,9,5,0,0,0,26,22,14,20,12,7,False,0,False
383.80652,12.256,11.98,10.141,9.395,17.969,20,18,4,1663856.9,71,71,72,71,103,102,101,100,20.205,20.177,22.284,22.216,296.865,93367,0,0,467,8233,9,5,0,0,0,26,22,14,20,12,7,False,0,False
384.3028,12.261,11.985,10.141,9.395,17.956,20,18,4,1655916,71,72,72,72,103,102,101,100,20.198,20.17,22.275,22.208,340.963,93367,0,0,450,8233,9,5,0,0,0,26,22,14,20,12,7,False,0,False
384.8023,12.266,11.99,10.141,9.395,17.942,20,18,4,1647901.2,72,72,72,72,102,102,101,99,20.19,20.162,22.266,22.199,386.869,93367,0,0,450,8450,9,5,0,0,0,26,22,14,20,12,7,False,0,False
385.3056,12.271,11.996,10.141,9.395,17.928,20,18,4,1640051.4,72,71,72,72,102,102,100,99,20.182,20.154,22.256,22.19,433.014,93367,0,0,416,8450,9,5,0,0,0,26,22,14,20,12,7,False,0,False
385.80292,12.276,12.001,10.141,9.395,17.915,20,18,4,1632365.6,71,71,72,71,102,102,100,99,20.174,20.146,22.247,22.181,479.398,93367,0,0,400,8450,9,5,0,0,0,26,22,14,20,12,7,False,0,False
386.30133,12.281,12.006,10.141,9.395,17.901,20,18,4,1624840.9,72,71,72,72,102,101,100,99,20.165,20.137,22.237,22.171,526.016,93367,0,0,400,8384,9,5,0,0,0,26,22,14,20,12,7,False,0,False
386.80386,12.286,12.011,10.141,9.395,17.887,20,18,4,1617457,70,70,71,71,102,101,100,99,20.156,20.129,22.227,22.161,572.826,93367,0,0,383,8384,9,5,0,0,0,26,22,14,20,12,7,False,0,False
387.30594,12.305,12.029,10.165,9.419,17.88,20,18,4,1641724.8,74,75,77,76,102,101,100,99,20.15,20.123,22.222,22.157,618.758,93367,0,0,383,8317,9,5,0,0,0,26,22,14,20,12,7,False,0,False
387.8073,12.331,12.053,10.192,9.449,17.879,20,18,4,1675585.6,75,74,77,76,102,101,100,99,20.15,20.124,22.226,22.161,653.914,93367,0,0,384,8317,9,5,0,0,0,26,22,14,20,12,7,False,0,False
388.3054,12.353,12.074,10.209,9.466,17.877,20,18,4,1701568.9,76,76,76,76,102,101,100,99,20.154,20.127,22.233,22.168,679.867,93367,0,0,384,8350,9,5,0,0,0,26,22,14,20,12,7,False,0,False
388.80585,12.364,12.085,10.215,9.472,17.877,20,18,4,1725198.6,73,73,73,73,102,101,100,99,20.157,20.131,22.239,22.175,700.859,93367,0,0,384,8350,9,5,0,0,0,26,22,14,20,12,7,False,0,False
389.30716,12.371,12.091,10.223,9.479,17.877,20,18,4,1742628.8,72,71,74,73,102,101,100,99,20.161,20.134,22.244,22.18,716.168,93367,0,0,384,8350,9,5,0,0,0,26,22,14,20,12,7,False,0,False
389.80783,12.382,12.099,10.246,9.496,17.877,20,18,4,1756131.6,75,72,83,77,102,101,100,99,20.164,20.137,22.251,22.186,727.471,93367,0,0,384,8434,9,5,0,0,0,26,22,14,20,12,7,False,0,False
390.80414,12.396,12.11,10.298,9.532,17.874,20,18,4,1767410.6,75,72,94,82,102,102,101,100,20.172,20.143,22.274,22.203,752.463,93367,0,0,300,8434,9,5,0,0,0,26,22,14,20,12,7,False,0,False
391.30145,12.406,12.119,10.313,9.54,17.871,20,18,4,1772367.4,76,74,90,79,102,102,101,100,20.176,20.146,22.287,22.211,764.039,93367,0,0,300,8384,9,5,0,0,0,26,22,14,20,12,7,False,0,False
391.79987,12.414,12.127,10.316,9.543,17.866,20,18,4,1777198.5,76,73,81,75,102,102,101,100,20.181,20.15,22.296,22.217,774.807,93367,0,0,300,8384,9,5,0,0,0,26,22,14,20,12,7,False,0,False
392.3034,12.421,12.137,10.316,9.544,17.859,20,18,4,1781330.9,75,74,74,71,102,102,101,100,20.184,20.153,22.301,22.221,787.705,93367,0,0,300,8384,9,5,0,0,0,26,22,14,20,12,7,False,0,False
392.80612,12.431,12.149,10.317,9.544,17.849,20,18,4,1786618,74,74,70,70,102,102,101,100,20.188,20.157,22.304,22.223,803.758,93367,0,0,400,8384,9,5,0,0,0,26,22,14,20,12,7,False,0,False
393.30386,12.443,12.161,10.323,9.551,17.84,20,18,4,1796241.2,75,76,70,73,102,102,101,100,20.19,20.16,22.305,22.225,820.955,93367,0,0,400,8384,9,5,0,0,0,26,22,14,20,12,7,False,0,False
393.80603,12.462,12.184,10.335,9.567,17.83,20,18,4,1801565.2,77,80,74,77,103,102,101,100,20.194,20.164,22.306,22.229,844.014,93367,0,0,400,8384,9,5,0,0,0,26,22,14,20,12,7,False,0,False
394.30124,12.478,12.201,10.344,9.576,17.82,20,18,4,1807605.9,75,78,73,75,103,102,101,100,20.197,20.169,22.308,22.232,867.92,93367,0,0,267,8384,9,5,0,0,0,26,22,14,20,12,7,False,0,False
394.80142,12.501,12.227,10.357,9.589,17.808,20,18,4,1813564.4,76,80,74,75,103,102,101,100,20.199,20.173,22.309,22.234,890.172,93367,0,0,267,8400,9,5,0,0,0,26,22,14,20,12,7,False,0,False
395.3047,12.527,12.254,10.366,9.597,17.795,20,18,4,1810361.5,77,79,71,73,103,102,101,100,20.202,20.178,22.31,22.236,915.236,93367,0,0,234,8400,9,5,0,0,0,26,22,14,20,12,7,False,0,False
395.8026,12.54,12.269,10.368,9.599,17.782,20,18,4,1809745.6,75,74,70,71,103,102,101,100,20.204,20.179,22.308,22.236,943.35,93367,0,0,234,8400,9,5,0,0,0,26,22,14,20,12,7,False,0,False
396.3072,12.572,12.299,10.391,9.618,17.768,20,18,4,1802366.2,80,77,78,74,103,102,101,100,20.206,20.181,22.308,22.235,975.375,93367,0,0,217,8333,9,5,0,0,0,26,22,14,20,12,7,False,0,False
396.8032,12.591,12.314,10.397,9.624,17.755,20,18,4,1800215.6,74,73,72,71,103,102,101,100,20.207,20.181,22.308,22.234,1005.154,93367,0,0,217,8333,9,5,0,0,0,26,22,14,20,12,7,False,0,False
397.3054,12.601,12.323,10.398,9.626,17.741,20,18,4,1791699,72,71,71,70,103,102,101,100,20.206,20.18,22.305,22.231,1037.393,93367,0,0,217,8333,9,5,0,0,0,26,22,14,20,12,7,False,0,False
397.80276,12.611,12.331,10.4,9.628,17.728,20,18,4,1783055.2,71,70,70,70,103,102,101,100,20.204,20.178,22.301,22.228,1071.4,93367,0,0,216,8083,9,5,0,0,0,26,22,14,20,12,7,False,0,False
398.30396,12.619,12.338,10.4,9.629,17.715,20,18,4,1779792.8,71,70,70,70,103,102,101,100,20.202,20.175,22.297,22.224,1106.873,93367,0,0,216,8083,9,5,0,0,0,26,22,14,20,12,7,False,0,False
398.80576,12.625,12.345,10.4,9.629,17.701,20,18,4,1771149,71,70,70,70,103,102,101,100,20.198,20.171,22.292,22.22,1143.641,93367,0,0,200,8083,9,5,0,0,0,26,22,14,20,12,7,False,0,False
399.30585,12.632,12.352,10.4,9.629,17.687,20,18,4,1762217.1,71,70,71,70,103,102,101,100,20.194,20.168,22.287,22.215,1182.961,93367,0,0,200,8050,9,5,0,0,0,26,22,14,20,12,7,False,0,False
399.80435,12.638,12.358,10.4,9.629,17.673,20,18,4,1753861.5,71,70,71,70,102,102,101,100,20.19,20.164,22.282,22.21,1220.852,93367,0,0,200,8050,9,5,0,0,0,26,22,14,20,12,7,False,0,False
400.30463,12.644,12.364,10.4,9.629,17.66,20,18,4,1747958.5,70,71,71,71,102,102,101,100,20.186,20.16,22.275,22.204,1261.047,93367,0,0,200,8050,9,5,0,0,0,26,22,14,20,12,7,False,0,False
400.80386,12.649,12.37,10.4,9.629,17.647,20,18,4,1742004.5,71,71,71,71,102,102,101,99,20.181,20.155,22.269,22.198,1301.988,93367,0,0,200,8167,9,5,0,0,0,26,22,14,20,12,7,False,0,False
401.30426,12.654,12.376,10.4,9.629,17.633,20,18,4,1733360.8,71,71,71,71,102,102,101,99,20.176,20.15,22.262,22.191,1343.715,93367,0,0,200,8167,9,5,0,0,0,26,22,14,20,12,7,False,0,False
401.80356,12.66,12.382,10.401,9.629,17.619,20,18,4,1724717,71,71,71,71,102,102,100,99,20.17,20.145,22.255,22.185,1386.16,93367,0,0,200,8133,9,5,0,0,0,26,22,14,20,12,7,False,0,False
402.30466,12.679,12.402,10.427,9.655,17.614,20,18,4,1753685.8,74,74,77,76,102,102,100,99,20.168,20.143,22.253,22.184,1425.4,93367,0,0,200,8084,9,5,0,0,0,26,22,14,20,12,7,False,0,False
402.8027,12.697,12.416,10.444,9.67,17.613,20,18,4,1784225,72,73,75,72,102,102,100,99,20.169,20.144,22.258,22.188,1456.025,93367,0,0,184,8084,9,5,0,0,0,26,22,14,20,12,7,False,0,False
403.30255,12.705,12.429,10.452,9.675,17.612,20,18,4,1810923.5,72,71,73,72,102,102,101,99,20.171,20.147,22.262,22.192,1481.164,93367,0,0,184,8200,9,5,0,0,0,26,22,14,20,12,7,False,0,False
403.8042,12.718,12.439,10.469,9.691,17.612,20,18,4,1835017.4,75,71,78,75,102,102,101,99,20.174,20.149,22.267,22.197,1502.1,93367,0,0,184,8200,9,5,0,0,0,26,22,14,20,12,7,False,0,False
404.30017,12.739,12.455,10.507,9.72,17.612,20,18,4,1854692.6,79,75,90,82,102,102,101,100,20.179,20.152,22.276,22.204,1518.707,93367,0,0,250,8200,9,5,0,0,0,26,22,14,20,12,7,False,0,False
404.80127,12.759,12.467,10.546,9.755,17.61,20,18,4,1864975.4,81,74,94,88,102,102,101,100,20.185,20.155,22.287,22.213,1540.008,93367,0,0,250,8200,9,5,0,0,0,26,22,14,20,12,7,False,0,False
405.3057,12.777,12.481,10.577,9.777,17.605,20,18,4,1872316.4,81,76,92,84,102,102,101,100,20.191,20.159,22.299,22.222,1563.264,93367,0,0,250,8283,9,5,0,0,0,26,22,14,20,12,7,False,0,False
405.80304,12.798,12.499,10.597,9.791,17.598,20,18,4,1879866.1,82,77,87,79,103,102,101,100,20.198,20.163,22.308,22.229,1580.42,93367,0,0,250,8283,9,5,0,0,0,26,22,14,20,12,7,False,0,False
406.30392,12.816,12.513,10.611,9.803,17.591,20,18,4,1887581.8,81,76,82,76,103,102,101,100,20.203,20.167,22.315,22.234,1597.648,93367,0,0,250,8083,9,5,0,0,0,26,22,14,20,12,7,False,0,False
406.8036,12.835,12.532,10.619,9.811,17.581,20,18,4,1895445.9,80,77,76,73,103,102,101,100,20.208,20.171,22.32,22.237,1615.539,93367,0,0,283,8083,9,5,0,0,0,26,22,14,20,12,7,False,0,False
407.30402,12.867,12.565,10.624,9.815,17.568,20,18,4,1898397.9,84,83,73,71,103,102,102,100,20.214,20.176,22.322,22.238,1636.438,93367,0,0,283,7817,9,5,0,0,0,26,22,14,20,12,7,False,0,False
407.806,12.887,12.585,10.624,9.816,17.555,20,18,4,1899966.6,77,77,70,69,103,102,102,100,20.219,20.181,22.322,22.238,1660.67,93367,0,0,283,7817,9,5,0,0,0,26,22,14,20,12,7,False,0,False
408.30588,12.9,12.597,10.624,9.816,17.542,20,18,4,1899855.9,73,73,69,68,103,102,101,100,20.22,20.182,22.321,22.237,1686.955,93367,0,0,217,7817,9,5,0,0,0,26,22,14,20,12,7,False,0,False
408.80438,12.91,12.608,10.626,9.817,17.529,20,18,4,1893339.1,72,73,70,70,103,102,101,100,20.22,20.182,22.319,22.236,1714.689,93367,0,0,217,7817,9,5,0,0,0,26,22,14,20,12,7,False,0,False
409.30276,12.92,12.62,10.63,9.821,17.515,20,18,4,1885634.8,72,73,71,71,103,102,101,100,20.22,20.183,22.316,22.234,1745.15,93367,0,0,200,7717,9,5,0,0,0,26,22,14,20,12,7,False,0,False
409.79968,12.932,12.636,10.638,9.828,17.502,20,18,4,1882750,72,74,71,72,103,102,101,100,20.218,20.183,22.314,22.233,1777.27,93367,0,0,183,7717,9,5,0,0,0,26,22,14,20,12,7,False,0,False
410.30463,12.952,12.66,10.656,9.846,17.488,20,18,4,1874106.2,74,77,74,76,103,102,101,100,20.217,20.183,22.312,22.232,1811.654,93367,29765,0,183,7683,9,5,0,0,0,26,22,14,20,12,7,False,0,False
410.8057,12.968,12.676,10.669,9.858,17.483,20,18,4,1894149.4,74,72,75,74,103,102,101,100,20.217,20.183,22.31,22.231,1846.457,93367,29765,0,166,7683,9,5,0,0,0,26,22,14,20,12,7,False,0,False
411.30563,12.988,12.69,10.685,9.874,17.483,20,18,4,1921366.4,74,71,75,73,103,102,101,100,20.218,20.183,22.312,22.231,1875.08,93367,29765,0,166,7683,9,5,0,0,0,26,22,14,20,12,7,False,0,False
411.8052,13.011,12.707,10.721,9.906,17.483,20,18,4,1947026.2,79,75,86,81,103,102,101,100,20.22,20.184,22.315,22.234,1902.291,93367,29765,0,184,7650,9,5,0,0,0,26,22,14,20,12,7,False,0,False
412.29938,13.047,12.735,10.787,9.957,17.477,20,18,4,1954427.9,84,79,97,89,103,102,102,100,20.226,20.188,22.324,22.24,1927.832,93367,29765,0,184,7650,9,5,0,0,0,26,22,14,20,12,7,False,0,False
412.80414,13.087,12.768,10.822,9.985,17.468,20,18,4,1959728.8,87,81,88,80,103,102,102,100,20.232,20.192,22.332,22.246,1952.266,93367,29765,0,217,7650,9,5,0,0,0,26,22,14,20,12,7,False,0,False
413.30286,13.123,12.798,10.834,9.995,17.456,20,18,4,1957223,81,77,76,73,103,103,102,100,20.239,20.196,22.336,22.248,1976.783,93367,29765,0,217,7650,9,5,0,0,0,26,22,14,20,12,7,False,0,False
413.8054,13.148,12.825,10.85,10.014,17.442,20,18,4,1951662.6,78,79,74,77,103,103,102,100,20.241,20.199,22.335,22.249,2003.545,93367,29765,0,317,7634,9,5,0,0,0,26,22,14,20,12,7,False,0,False
414.30402,13.203,12.886,10.887,10.062,17.429,20,18,4,1949631.2,86,89,79,86,103,103,102,100,20.245,20.204,22.336,22.252,2033.834,93367,29765,0,383,7634,9,5,0,0,0,26,22,14,20,12,7,False,0,False
414.80258,13.245,12.936,10.92,10.103,17.416,20,18,4,1951773.5,79,82,79,84,104,103,102,100,20.25,20.211,22.337,22.255,2064.15,93367,29765,0,383,7634,9,5,0,0,0,26,22,14,20,12,7,False,0,False
415.30408,13.28,12.978,10.953,10.141,17.404,20,18,4,1954911.5,79,83,78,82,104,103,102,100,20.251,20.214,22.336,22.258,2093.975,93367,29765,0,433,7533,9,5,0,0,0,26,22,14,20,12,7,False,0,False
415.80176,13.316,13.015,10.98,10.163,17.39,20,18,4,1946632.1,77,80,76,75,104,103,102,100,20.252,20.216,22.335,22.258,2125.672,93367,29765,0,433,7533,9,5,0,0,0,26,22,14,20,12,7,False,0,False
416.30377,13.329,13.032,10.988,10.17,17.376,20,18,4,1937988.5,73,76,73,73,104,103,102,100,20.25,20.217,22.332,22.255,2158.666,93367,29765,0,450,7467,9,5,0,0,0,26,22,14,20,12,7,False,0,False
416.8031,13.344,13.049,11.007,10.19,17.37,20,18,4,1957295.4,75,75,77,77,104,103,102,100,20.249,20.216,22.331,22.255,2190.281,93367,29765,0,450,7467,9,5,0,0,0,26,22,14,20,12,7,False,0,False
417.30414,13.359,13.061,11.017,10.201,17.369,20,18,4,1984029.8,74,73,76,74,104,103,102,100,20.251,20.218,22.335,22.258,2215.016,93367,29765,0,483,7433,9,5,0,0,0,26,22,14,20,12,7,False,0,False
417.80518,13.366,13.068,11.023,10.207,17.369,20,18,4,2006909.6,73,71,74,72,104,103,102,100,20.252,20.219,22.338,22.262,2235.074,93367,29765,0,483,7433,9,5,0,0,0,26,22,14,20,12,7,False,0,False
418.3027,13.374,13.073,11.031,10.216,17.369,20,18,4,2025615.8,73,70,75,73,104,103,102,101,20.254,20.22,22.341,22.265,2251.277,93367,29765,0,483,7533,9,5,0,0,0,26,22,14,20,12,7,False,0,False
418.8045,13.386,13.082,11.056,10.234,17.369,20,18,4,2040341.4,76,72,84,78,104,103,102,101,20.257,20.221,22.347,22.269,2263.266,93367,29765,0,483,7533,9,5,0,0,0,26,22,14,20,12,7,False,0,False
419.30243,13.394,13.089,11.091,10.256,17.368,20,18,4,2047741,75,72,95,83,104,103,102,101,20.26,20.223,22.356,22.276,2275.297,93367,29765,0,483,7533,9,5,0,0,0,26,22,14,20,12,7,False,0,False
419.80527,13.404,13.098,11.115,10.273,17.365,20,18,4,2053203.9,77,74,94,83,104,103,102,101,20.263,20.225,22.368,22.283,2291.402,93367,29765,0,483,7566,9,5,0,0,0,26,22,14,20,12,7,False,0,False
420.3049,13.417,13.108,11.124,10.28,17.36,20,18,4,2059156,79,75,86,79,104,103,102,101,20.267,20.227,22.378,22.289,2304.344,93367,29765,0,483,7566,9,5,0,0,0,26,22,14,20,12,7,False,0,False
420.80402,13.438,13.128,11.13,10.286,17.353,20,18,4,2066037.2,83,80,80,75,104,103,103,101,20.272,20.231,22.384,22.293,2317.4,93367,29765,0,366,7566,9,5,0,0,0,26,22,14,20,12,7,False,0,False
421.30194,13.466,13.157,11.134,10.29,17.344,20,18,4,2073385.4,87,85,76,72,104,103,103,101,20.279,20.237,22.387,22.295,2331.777,93367,29765,0,366,7566,9,5,0,0,0,26,22,14,20,12,7,False,0,False
421.8053,13.487,13.181,11.136,10.292,17.333,20,18,4,2080913.1,83,82,72,70,104,103,103,101,20.286,20.243,22.388,22.296,2348.492,93367,29765,0,366,7566,9,5,0,0,0,26,22,14,20,12,7,False,0,False
422.3027,13.51,13.207,11.137,10.292,17.32,20,18,4,2084316.6,81,82,70,69,104,104,103,101,20.29,20.249,22.388,22.295,2368.406,93367,29765,0,366,7566,9,5,0,0,0,26,22,14,20,12,7,False,0,False
422.7996,13.526,13.225,11.137,10.293,17.307,20,18,4,2086065.2,77,77,69,69,104,104,103,101,20.293,20.252,22.386,22.294,2391.062,93367,29765,0,366,7583,9,5,0,0,0,26,22,14,20,12,7,False,0,False
423.30096,13.538,13.239,11.137,10.293,17.295,20,18,4,2086223.4,75,74,69,69,104,104,103,101,20.294,20.253,22.384,22.292,2416.365,93367,29765,0,366,7583,9,5,0,0,0,26,22,14,20,12,7,False,0,False
423.8005,13.548,13.249,11.137,10.293,17.281,20,18,4,2079866.6,73,72,69,69,104,104,103,101,20.294,20.253,22.381,22.29,2443.848,93367,29765,0,300,7583,9,5,0,0,0,26,22,14,20,12,7,False,0,False
424.29813,13.557,13.258,11.137,10.293,17.267,20,18,4,2072520.8,72,72,69,69,104,104,102,101,20.292,20.251,22.378,22.288,2473.459,93367,29765,0,283,7583,9,5,0,0,0,26,22,14,20,12,7,False,0,False
424.79907,13.565,13.267,11.137,10.293,17.254,20,18,4,2069830,72,72,70,70,104,104,102,101,20.29,20.25,22.374,22.285,2504.842,93367,29765,0,283,7483,9,5,0,0,0,26,22,14,20,12,7,False,0,False
425.80072,13.584,13.29,11.147,10.301,17.227,20,18,4,2052549.9,72,75,72,73,104,103,102,101,20.285,20.246,22.366,22.278,2572.516,93367,29765,0,284,7450,9,5,0,0,0,26,22,14,20,12,7,False,0,False
426.3028,13.602,13.314,11.165,10.319,17.214,20,18,4,2049508.5,74,76,73,75,104,103,102,101,20.282,20.244,22.362,22.275,2607.807,93367,29765,0,250,7450,9,5,0,0,0,26,22,14,20,12,7,False,0,False
426.80093,13.621,13.338,11.192,10.345,17.21,20,18,4,2076740.8,74,76,76,78,104,103,102,101,20.281,20.245,22.361,22.275,2641.896,93367,29765,0,267,7450,9,5,0,0,0,26,22,14,20,12,7,False,0,False
427.29944,13.637,13.359,11.21,10.362,17.208,20,18,4,2103193.5,74,76,76,77,104,104,102,101,20.282,20.247,22.363,22.279,2670.715,93367,29765,0,267,7450,9,5,0,0,0,26,22,14,20,12,7,False,0,False
427.8049,13.652,13.378,11.226,10.379,17.208,20,18,4,2127295.8,74,77,76,78,104,104,102,101,20.283,20.25,22.366,22.283,2692.838,93367,29765,0,300,7500,9,5,0,0,0,26,22,14,20,12,7,False,0,False
428.30188,13.664,13.393,11.245,10.399,17.207,20,18,4,2147505.8,75,77,78,82,104,104,102,101,20.285,20.253,22.37,22.289,2710.736,93367,29765,0,300,7500,9,5,0,0,0,26,22,14,20,12,7,False,0,False
429.30505,13.703,13.449,11.279,10.438,17.207,20,18,4,2175931,82,87,80,86,104,104,102,101,20.292,20.267,22.38,22.302,2737.477,93367,29765,0,300,7583,9,5,0,0,0,26,22,14,20,12,7,False,0,False
429.80408,13.712,13.458,11.295,10.464,17.206,20,18,4,2184133,79,82,81,92,104,104,103,101,20.298,20.275,22.386,22.312,2751.986,93367,29765,0,350,7583,9,5,0,0,0,26,22,14,20,12,7,False,0,False
430.29932,13.72,13.468,11.302,10.473,17.202,20,18,4,2189451.5,77,80,78,86,105,104,103,101,20.301,20.28,22.39,22.321,2768.227,93367,29765,0,350,7583,9,5,0,0,0,26,22,14,20,12,7,False,0,False
430.80182,13.728,13.478,11.307,10.479,17.197,20,18,4,2195343.2,75,78,75,80,105,104,103,102,20.304,20.285,22.394,22.327,2778.971,93367,29765,0,350,7600,9,5,0,0,0,26,22,14,20,12,7,False,0,False
431.3049,13.735,13.485,11.309,10.48,17.19,20,18,4,2201392.8,74,76,72,75,105,104,103,102,20.305,20.288,22.395,22.331,2792.111,93367,29765,0,350,7600,9,5,0,0,0,26,22,14,20,12,7,False,0,False
431.80063,13.747,13.497,11.309,10.481,17.18,20,18,4,2205931.8,76,76,69,71,105,104,103,102,20.307,20.29,22.395,22.332,2807.668,93367,29765,0,283,7600,9,5,0,0,0,26,22,14,20,12,7,False,0,False
432.29938,13.771,13.519,11.309,10.481,17.168,20,18,4,2211677.2,81,80,68,69,105,104,103,102,20.31,20.293,22.393,22.332,2825.9,93367,29765,0,283,7600,9,5,0,0,0,26,22,14,20,12,7,False,0,False
432.80142,13.791,13.539,11.309,10.481,17.156,20,18,4,2214208,78,78,68,68,105,104,103,102,20.313,20.297,22.391,22.331,2846.879,93367,29765,0,283,7584,9,5,0,0,0,26,22,14,20,12,7,False,0,False
433.29993,13.811,13.558,11.31,10.481,17.142,20,18,4,2209565,76,76,69,69,105,104,103,102,20.315,20.299,22.389,22.329,2870.705,93367,29765,0,267,7584,9,5,0,0,0,26,22,14,20,12,7,False,0,False
433.8027,13.823,13.57,11.31,10.481,17.129,20,18,4,2209169.5,73,73,69,69,105,104,103,102,20.315,20.299,22.386,22.327,2897.113,93367,29765,0,267,7583,9,5,0,0,0,26,22,14,20,12,7,False,0,False
434.30267,13.833,13.58,11.31,10.481,17.116,20,18,4,2202219,72,72,70,69,105,104,103,102,20.314,20.298,22.383,22.324,2925.873,93367,29765,0,250,7583,9,5,0,0,0,26,22,14,20,12,7,False,0,False
434.80164,13.841,13.588,11.31,10.481,17.103,20,18,4,2199750.8,71,71,70,70,105,104,102,101,20.312,20.296,22.38,22.321,2956.709,93367,29765,0,250,7550,9,5,0,0,0,26,22,14,20,12,7,False,0,False
435.3003,13.849,13.597,11.31,10.481,17.089,20,18,4,2191169.2,71,71,70,70,105,104,102,101,20.309,20.294,22.376,22.318,2989.445,93367,29765,0,233,7550,9,5,0,0,0,26,22,14,20,12,7,False,0,False
435.80527,13.857,13.604,11.31,10.481,17.075,20,18,4,2182529.2,71,71,70,70,105,104,102,101,20.306,20.291,22.372,22.314,3023.908,93367,29765,0,233,7533,9,5,0,0,0,26,22,14,20,12,7,False,0,False
436.30402,13.863,13.611,11.31,10.481,17.062,20,18,4,2173889.2,71,71,70,70,105,104,102,101,20.302,20.287,22.367,22.309,3059.898,93367,29765,0,233,7533,9,5,0,0,0,26,22,14,20,12,7,False,0,False
436.8008,13.87,13.617,11.31,10.481,17.049,20,18,4,2170884.2,71,71,71,70,104,104,102,101,20.298,20.283,22.361,22.304,3097.111,93367,29765,0,233,7500,9,5,0,0,0,26,22,14,20,12,7,False,0,False
437.30383,13.876,13.623,11.31,10.481,17.035,20,18,4,2162244.2,71,71,71,70,104,104,102,101,20.294,20.279,22.356,22.299,3135.568,93367,29765,0,216,7500,9,5,0,0,0,26,22,14,20,12,7,False,0,False
437.8013,13.883,13.629,11.31,10.481,17.021,20,18,4,2153604.2,71,71,71,71,104,104,102,101,20.289,20.274,22.35,22.293,3175.152,93367,29765,0,217,7483,9,5,0,0,0,26,22,14,20,12,7,False,0,False
438.3041,13.889,13.635,11.31,10.481,17.008,20,18,4,2150435.2,71,71,71,71,104,104,102,101,20.284,20.269,22.343,22.287,3215.725,93367,29765,0,217,7483,9,5,0,0,0,26,22,14,20,12,7,False,0,False
438.80182,13.894,13.64,11.31,10.481,16.994,20,18,4,2141795.2,71,71,71,71,104,104,102,101,20.278,20.264,22.336,22.28,3257.068,93367,29765,0,200,7434,9,5,0,0,0,26,22,14,20,12,7,False,0,False
439.30066,13.9,13.646,11.31,10.481,16.981,20,18,4,2133155.2,71,71,71,71,104,104,102,101,20.273,20.258,22.328,22.273,3299.221,93367,29765,0,200,7434,9,5,0,0,0,26,22,14,20,12,7,False,0,False
439.80426,13.906,13.652,11.31,10.481,16.967,20,18,4,2124515.2,71,71,71,71,104,104,101,101,20.266,20.252,22.321,22.266,3342.111,93367,29765,0,183,7383,9,5,0,0,0,26,22,14,20,12,7,False,0,False
440.2998,13.925,13.671,11.338,10.51,16.962,20,18,4,2154229,74,74,77,77,104,104,101,101,20.263,20.249,22.319,22.264,3381.666,93367,29765,0,183,7333,9,5,0,0,0,26,22,14,20,12,7,False,0,False
440.7907,13.944,13.691,11.363,10.533,16.96,20,18,4,2184109,73,74,76,76,104,104,102,101,20.264,20.251,22.324,22.27,3412.383,93367,29765,0,167,7333,9,5,0,0,0,26,22,14,20,12,7,False,0,False
441.3039,13.96,13.712,11.389,10.563,16.96,20,18,4,2211600.8,74,78,80,83,104,104,102,101,20.265,20.254,22.329,22.276,3437.758,93367,29765,0,167,7366,9,5,0,0,0,26,22,14,20,12,7,False,0,False
441.80258,13.989,13.749,11.44,10.632,16.959,20,18,4,2231380,79,84,89,99,104,104,102,101,20.269,20.26,22.337,22.287,3459.816,93367,29765,0,200,7366,9,5,0,0,0,26,22,14,20,12,7,False,0,False
442.2996,14.006,13.771,11.48,10.685,16.953,20,18,4,2238393.5,77,82,88,97,104,104,102,101,20.273,20.266,22.347,22.302,3483.789,93367,29765,0,200,7366,9,5,0,0,0,26,22,14,20,12,7,False,0,False
442.7987,14.03,13.802,11.508,10.719,16.946,20,18,4,2245239.5,79,84,83,90,104,104,102,101,20.276,20.272,22.355,22.313,3505.432,93367,29765,0,200,7384,9,5,0,0,0,26,22,14,20,12,7,False,0,False
443.30093,14.051,13.827,11.524,10.74,16.936,20,18,4,2251597.8,78,81,77,82,104,104,102,101,20.28,20.277,22.359,22.32,3526.566,93367,29765,0,200,7450,9,5,0,0,0,26,22,14,20,12,7,False,0,False
443.80402,14.073,13.853,11.541,10.758,16.925,20,18,4,2257753.8,77,81,76,80,104,104,102,102,20.282,20.282,22.362,22.325,3548.918,93367,29765,0,200,7450,9,5,0,0,0,26,22,14,20,12,7,False,0,False
444.80316,14.166,13.962,11.591,10.814,16.898,20,18,4,2259546.2,88,95,78,81,104,104,102,102,20.291,20.295,22.366,22.333,3598.158,93367,29765,0,267,7450,9,5,0,0,0,26,22,14,20,12,7,False,0,False
445.8043,14.24,14.049,11.64,10.866,16.872,20,18,4,2251714.8,80,85,77,80,104,105,102,102,20.297,20.306,22.368,22.337,3654.469,93367,29765,0,317,7500,9,5,0,0,0,26,22,14,20,12,7,False,0,False
446.304,14.253,14.066,11.647,10.872,16.859,20,18,4,2249257,73,76,72,72,104,105,102,102,20.297,20.308,22.367,22.337,3686.008,93367,29765,0,350,7500,9,5,0,0,0,26,22,14,20,12,7,False,0,False
446.8035,14.263,14.074,11.648,10.874,16.845,20,18,4,2240698,72,72,71,70,104,105,102,102,20.295,20.306,22.364,22.333,3719.061,93367,29765,0,367,7550,9,5,0,0,0,26,22,14,20,12,7,False,0,False
447.30142,14.278,14.086,11.657,10.883,16.831,20,18,4,2232058,75,73,74,72,104,105,102,102,20.292,20.303,22.361,22.33,3752.809,93367,29765,0,367,7550,9,5,0,0,0,26,22,14,20,12,7,False,0,False
447.8014,14.327,14.127,11.72,10.94,16.817,20,18,4,2223418,86,82,90,85,104,105,102,102,20.293,20.302,22.361,22.329,3787.637,93367,29765,0,384,7550,9,5,0,0,0,26,22,14,20,12,7,False,0,False
448.30328,14.396,14.185,11.807,11.016,16.804,20,18,4,2214778,86,82,92,87,104,105,102,102,20.297,20.304,22.364,22.33,3823.666,93367,29765,0,383,7550,9,5,0,0,0,26,22,14,20,12,7,False,0,False
448.79626,14.461,14.239,11.896,11.093,16.791,20,18,4,2211565.8,86,82,93,87,104,105,102,102,20.299,20.304,22.368,22.332,3860.375,93367,29765,0,383,7550,9,5,0,0,0,26,22,14,20,12,7,False,0,False
449.80484,14.568,14.328,12.017,11.204,16.764,20,18,4,2194285.8,82,78,84,80,105,105,102,102,20.302,20.303,22.369,22.33,3933.639,93367,29765,0,400,7550,9,5,0,0,0,26,22,14,20,12,7,False,0,False
450.29938,14.619,14.371,12.078,11.259,16.75,20,18,4,2185645.8,83,80,87,82,105,105,102,102,20.301,20.3,22.368,22.327,3969.281,93367,29765,0,400,7550,9,5,0,0,0,26,22,14,20,12,7,False,0,False
450.7995,14.652,14.398,12.099,11.278,16.736,20,18,4,2177005.8,74,73,73,72,104,104,102,102,20.3,20.298,22.364,22.323,4006.053,93367,29765,40600,416,7566,9,5,0,0,0,26,22,14,20,12,7,False,0,False
452.29904,14.737,14.47,12.205,11.373,16.727,20,18,4,2246699.2,88,82,97,90,104,104,102,102,20.3,20.294,22.369,22.325,4094.857,93367,29765,40600,417,7567,9,5,0,0,0,26,22,14,20,12,7,False,0,False
452.80405,14.768,14.493,12.272,11.423,16.727,20,18,4,2263777.8,84,78,103,92,105,104,103,102,20.307,20.299,22.382,22.335,4114.439,93367,29765,40600,417,7567,9,5,0,0,0,26,22,14,20,12,7,False,0,False
453.30167,14.787,14.508,12.317,11.457,16.721,20,18,4,2271141.8,81,77,98,87,105,105,103,102,20.311,20.3,22.395,22.344,4133.318,93367,29765,40600,417,7600,9,5,0,0,0,26,22,14,20,12,7,False,0,False
453.80472,14.815,14.531,12.348,11.481,16.713,20,18,4,2277664,84,80,92,83,105,105,103,102,20.316,20.303,22.404,22.349,4156.162,93367,29765,40600,433,7600,9,5,0,0,0,26,22,14,20,12,7,False,0,False
454.30164,14.846,14.558,12.378,11.504,16.703,20,18,4,2284036.8,86,82,88,81,105,105,103,102,20.32,20.306,22.411,22.353,4177.381,93367,29765,40600,433,7600,9,5,0,0,0,26,22,14,20,12,7,False,0,False
454.80206,14.905,14.61,12.398,11.52,16.692,20,18,4,2290524,95,91,83,77,105,105,103,102,20.328,20.312,22.416,22.356,4198.637,93367,29765,40600,467,7617,9,5,0,0,0,26,22,14,20,12,7,False,0,False
455.2997,14.974,14.673,12.413,11.533,16.679,20,18,4,2293339.5,96,93,78,74,105,105,103,102,20.339,20.32,22.419,22.356,4221.498,93367,29765,40600,467,7617,9,5,0,0,0,26,22,14,20,12,7,False,0,False
455.79715,14.995,14.694,12.417,11.537,16.666,20,18,4,2287985.8,79,78,72,71,105,105,103,102,20.344,20.324,22.418,22.355,4247.139,93367,29765,40600,467,7617,9,5,0,0,0,26,22,14,20,12,7,False,0,False
456.79816,15.015,14.713,12.417,11.537,16.639,20,18,4,2282435.5,72,72,70,70,105,105,103,102,20.341,20.321,22.412,22.35,4305.043,93367,29765,40600,483,7616,9,5,0,0,0,26,22,14,20,12,7,False,0,False
457.3021,15.022,14.721,12.417,11.537,16.626,20,18,4,2276860,72,72,70,70,105,105,103,102,20.338,20.318,22.408,22.346,4336.729,93367,29765,40600,483,7616,9,5,0,0,0,26,22,14,20,12,7,False,0,False
457.79922,15.029,14.728,12.417,11.537,16.612,20,18,4,2268220,72,72,71,70,105,105,103,102,20.334,20.315,22.403,22.342,4370.049,93367,29765,40600,500,7616,9,5,0,0,0,26,22,14,20,12,7,False,0,False
458.30243,15.036,14.735,12.417,11.537,16.599,20,18,4,2264903,72,72,70,70,105,105,103,102,20.33,20.311,22.398,22.337,4404.807,93367,29765,40600,500,7633,9,5,0,0,0,26,22,14,20,12,7,False,0,False
458.80054,15.042,14.741,12.417,11.537,16.586,20,18,4,2256263,72,72,71,70,105,105,103,102,20.326,20.307,22.392,22.332,4440.674,93367,29765,40600,500,7633,9,5,0,0,0,26,22,14,20,12,7,False,0,False
459.3017,15.048,14.747,12.417,11.537,16.572,20,18,4,2247623,72,72,71,70,105,105,103,102,20.321,20.302,22.386,22.326,4477.674,93367,29765,40600,517,7633,9,5,0,0,0,26,22,14,20,12,7,False,0,False
459.8015,15.054,14.753,12.417,11.537,16.558,20,18,4,2238983,72,72,71,71,105,104,102,101,20.316,20.297,22.38,22.32,4515.732,93367,29765,40600,516,7617,9,5,0,0,0,26,22,14,20,12,7,False,0,False
460.29953,15.06,14.759,12.417,11.537,16.544,20,18,4,2230343,72,72,71,70,105,104,102,101,20.311,20.292,22.373,22.313,4554.754,93367,29765,40600,516,7617,9,5,0,0,0,26,22,14,20,12,7,False,0,False
460.7987,15.066,14.765,12.417,11.537,16.531,20,18,4,2221703,73,73,71,71,105,104,102,101,20.305,20.286,22.366,22.306,4594.635,93367,29765,40600,516,7600,9,5,0,0,0,26,22,14,20,12,7,False,0,False
461.3043,15.071,14.771,12.417,11.537,16.518,20,18,4,2218455.2,73,73,71,71,104,104,102,101,20.299,20.281,22.358,22.299,4635.164,93367,29765,40600,534,7600,9,5,0,0,0,26,22,14,20,12,7,False,0,False
461.80182,15.076,14.776,12.417,11.537,16.504,20,18,4,2209815.2,74,74,72,72,104,104,102,101,20.293,20.275,22.351,22.292,4676.297,93367,29765,40600,533,7583,9,5,0,0,0,26,22,14,20,12,7,False,0,False
462.29935,15.082,14.782,12.417,11.537,16.49,20,18,4,2201175.2,73,73,72,71,104,104,102,101,20.287,20.269,22.343,22.284,4717.994,93367,29765,40600,533,7583,9,5,0,0,0,26,22,14,20,12,7,False,0,False
462.80103,15.087,14.788,12.417,11.537,16.477,20,18,4,2192535.2,73,74,72,72,104,104,102,101,20.281,20.263,22.334,22.276,4760.188,93367,29765,40600,533,7583,9,5,0,0,0,26,22,14,20,12,7,False,0,False
463.30002,15.092,14.794,12.418,11.537,16.463,20,18,4,2183895.2,73,73,72,71,104,104,102,101,20.274,20.256,22.326,22.268,4802.797,93367,29765,40600,517,7583,9,5,0,0,0,26,22,14,20,12,7,False,0,False
463.80157,15.114,14.815,12.446,11.566,16.458,20,18,4,2214193,74,74,77,77,104,104,102,101,20.27,20.253,22.324,22.266,4841.652,93367,29765,40600,517,7550,9,5,0,0,0,26,22,14,20,12,7,False,0,False
464.29877,15.129,14.832,12.463,11.582,16.458,20,18,4,2244279.2,73,73,74,74,104,104,102,101,20.27,20.253,22.328,22.271,4871.777,93367,29765,40600,517,7533,9,5,0,0,0,26,22,14,20,12,7,False,0,False
464.79907,15.142,14.844,12.473,11.593,16.457,20,18,4,2268668.8,74,73,75,74,104,104,102,101,20.272,20.254,22.332,22.275,4895.682,93367,29765,40600,517,7533,9,5,0,0,0,26,22,14,20,12,7,False,0,False
465.2992,15.162,14.859,12.499,11.614,16.457,20,18,4,2288703,78,74,82,77,104,104,102,101,20.275,20.256,22.338,22.28,4914.795,93367,29765,40600,533,7583,9,5,0,0,0,26,22,14,20,12,7,False,0,False
465.7987,15.179,14.872,12.53,11.637,16.457,20,18,4,2298088.2,79,74,87,80,104,104,102,101,20.279,20.258,22.346,22.286,4930.918,93367,29765,40600,533,7633,9,5,0,0,0,26,22,14,20,12,7,False,0,False
466.299,15.201,14.891,12.565,11.66,16.453,20,18,4,2304632.8,85,79,92,84,104,104,102,101,20.283,20.26,22.356,22.292,4955.727,93367,29765,40600,533,7633,9,5,0,0,0,26,22,14,20,12,7,False,0,False
466.79816,15.225,14.912,12.582,11.673,16.445,20,18,4,2309015.5,85,81,84,78,104,104,102,101,20.29,20.264,22.365,22.298,4972.457,93367,29765,40600,550,7633,9,5,0,0,0,26,22,14,20,12,7,False,0,False
467.80148,15.278,14.96,12.602,11.691,16.425,20,18,4,2318424,81,78,78,73,105,104,102,101,20.302,20.273,22.373,22.303,5011.014,93367,29765,40600,516,7600,9,5,0,0,0,26,22,14,20,12,7,False,0,False
468.30203,15.3,14.98,12.612,11.699,16.413,20,18,4,2319746,79,78,75,72,105,104,102,101,20.305,20.276,22.375,22.305,5032.381,93367,29765,40600,516,7600,9,5,0,0,0,26,22,14,20,12,7,False,0,False
468.80246,15.322,15.001,12.617,11.704,16.4,20,18,4,2316702.2,77,76,73,70,105,104,102,101,20.307,20.278,22.376,22.305,5056.463,93367,29765,40600,566,7600,9,5,0,0,0,26,22,14,20,12,7,False,0,False
469.29926,15.338,15.016,12.618,11.706,16.387,20,18,4,2274607,75,74,71,70,105,104,102,101,20.308,20.278,22.375,22.304,5083.701,93367,29765,40600,566,7633,9,5,0,0,0,26,22,14,20,12,7,False,0,False
469.80078,15.351,15.027,12.618,11.706,16.374,20,18,4,2230747.5,74,72,69,70,105,104,102,101,20.308,20.277,22.373,22.302,5113.531,93367,29765,40600,600,7666,9,5,0,0,0,26,22,14,20,12,7,False,0,False
470.29333,15.361,15.038,12.618,11.706,16.36,20,18,4,2175204,74,73,70,71,105,104,102,101,20.307,20.276,22.37,22.3,5145.375,93367,29765,40600,600,7666,9,5,0,0,0,26,22,14,20,12,7,False,0,False
470.80032,15.37,15.047,12.618,11.706,16.346,20,18,4,2117589,73,73,71,71,105,104,102,101,20.305,20.274,22.366,22.297,5179.24,93367,29765,40600,617,7667,9,5,0,0,0,26,22,14,20,12,7,False,0,False
471.7998,15.384,15.062,12.618,11.706,16.32,20,18,4,2068351.9,73,72,71,71,104,104,102,101,20.299,20.269,22.358,22.29,5251.617,93367,29765,40600,634,7650,9,5,0,0,0,26,22,14,20,12,7,False,0,False
472.29764,15.391,15.068,12.618,11.706,16.306,20,18,4,2059708.1,72,72,71,71,104,104,102,101,20.296,20.266,22.354,22.286,5289.414,93367,29765,40600,617,7633,9,5,0,0,0,26,22,14,20,12,7,False,0,False
472.794,15.397,15.074,12.618,11.706,16.292,20,18,4,2051064.4,72,72,71,71,104,104,102,101,20.292,20.262,22.348,22.281,5328.146,93367,29765,40600,617,7617,9,5,0,0,0,26,22,14,20,12,7,False,0,False
473.2952,15.403,15.08,12.618,11.706,16.278,20,18,4,2042420.6,71,71,71,71,104,104,102,101,20.287,20.257,22.343,22.275,5367.826,93367,29765,40600,617,7600,9,5,0,0,0,26,22,14,20,12,7,False,0,False
474.29675,15.414,15.091,12.618,11.706,16.252,20,18,5,2030485,71,71,71,71,104,104,102,101,20.276,20.247,22.33,22.263,40.6,93373,0,0,616,7583,9,6,0,0,0,26,22,14,20,12,7,False,0,False
474.79794,15.419,15.096,12.618,11.706,16.238,20,18,5,2021841.2,71,71,71,71,104,103,102,100,20.27,20.241,22.323,22.257,82.562,93373,0,0,616,7583,9,6,0,0,0,26,22,14,20,12,7,False,0,False
475.29202,15.425,15.102,12.618,11.706,16.224,20,18,5,2013197.5,72,72,72,72,104,103,101,100,20.264,20.235,22.315,22.249,125.174,93373,0,0,616,7550,9,6,0,0,0,26,22,14,20,12,7,False,0,False
475.79803,15.43,15.107,12.618,11.706,16.21,20,18,5,2004553.8,71,71,72,71,104,103,101,100,20.257,20.228,22.308,22.242,168.412,93373,0,0,600,7550,9,6,0,0,0,26,22,14,20,12,7,False,0,False
476.29807,15.436,15.112,12.618,11.706,16.196,20,18,5,1995910,71,71,71,71,104,103,101,100,20.25,20.222,22.299,22.234,212.201,93373,0,0,600,7550,9,6,0,0,0,26,22,14,20,12,7,False,0,False
476.7998,15.441,15.118,12.618,11.706,16.183,20,18,5,1987266.2,73,72,72,71,103,103,101,100,20.243,20.215,22.291,22.226,256.475,93373,0,0,600,7550,9,6,0,0,0,26,22,14,20,12,7,False,0,False
477.3007,15.447,15.123,12.618,11.706,16.169,20,18,5,1978622.5,71,71,71,71,103,103,101,100,20.235,20.207,22.282,22.218,301.154,93373,0,0,616,7450,9,6,0,0,0,26,22,14,20,12,7,False,0,False
477.80048,15.452,15.128,12.618,11.706,16.155,20,18,5,1970046,72,72,72,71,103,103,101,100,20.228,20.2,22.273,22.209,346.232,93373,0,0,600,7450,9,6,0,0,0,26,22,14,20,12,7,False,0,False
478.29575,15.457,15.134,12.618,11.706,16.141,20,18,5,1961683,72,72,72,72,103,102,101,99,20.22,20.192,22.264,22.2,391.637,93373,0,0,600,7450,9,6,0,0,0,26,22,14,20,12,7,False,0,False
478.8002,15.462,15.139,12.618,11.706,16.127,20,18,5,1953508,72,72,72,72,103,102,100,99,20.211,20.184,22.254,22.191,437.311,93373,0,0,600,7450,9,6,0,0,0,26,22,14,20,12,7,False,0,False
479.29855,15.467,15.144,12.618,11.706,16.114,20,18,5,1945513.2,71,71,72,71,103,102,100,99,20.203,20.175,22.245,22.182,483.25,93373,0,0,600,7350,9,6,0,0,0,26,22,14,20,12,7,False,0,False
479.80048,15.472,15.149,12.618,11.706,16.1,20,18,5,1937688,72,72,72,72,103,102,100,99,20.194,20.167,22.235,22.172,529.43,93373,0,0,600,7350,9,6,0,0,0,26,22,14,20,12,7,False,0,False
480.30014,15.478,15.154,12.618,11.706,16.086,20,18,5,1930001.1,72,71,71,71,102,102,100,99,20.185,20.158,22.225,22.162,575.803,93373,0,0,600,7300,9,6,0,0,0,26,22,14,20,12,7,False,0,False
480.79602,15.494,15.17,12.638,11.727,16.078,20,18,5,1949190.8,74,75,77,76,102,102,100,99,20.178,20.151,22.219,22.157,620.314,93373,0,0,600,7300,9,6,0,0,0,26,22,14,20,12,7,False,0,False
481.29816,15.521,15.192,12.666,11.758,16.077,20,18,5,1983259.4,75,75,77,77,102,102,100,99,20.178,20.151,22.223,22.161,655.865,93373,0,0,600,7300,9,6,0,0,0,26,22,14,20,12,7,False,0,False
481.80157,15.565,15.219,12.686,11.781,16.075,20,18,5,2009955.5,83,78,77,77,102,102,100,99,20.182,20.155,22.23,22.168,682.836,93373,0,0,600,7300,9,6,0,0,0,26,22,14,20,12,7,False,0,False
482.29642,15.586,15.233,12.693,11.789,16.075,20,18,5,2032101.2,78,75,74,74,102,102,100,99,20.189,20.159,22.236,22.175,702.895,93373,0,0,550,7300,9,6,0,0,0,26,22,14,20,12,7,False,0,False
482.7955,15.595,15.243,12.701,11.797,16.075,20,18,5,2048789.1,75,74,75,74,103,102,100,99,20.194,20.163,22.242,22.181,717.65,93373,0,0,550,7300,9,6,0,0,0,26,22,14,20,12,7,False,0,False
483.3009,15.605,15.251,12.723,11.814,16.075,20,18,5,2060941.5,76,73,83,78,103,102,100,99,20.198,20.167,22.25,22.188,727.955,93373,0,0,550,7316,9,6,0,0,0,26,22,14,20,12,7,False,0,False
483.79965,15.611,15.255,12.744,11.828,16.075,20,18,5,2067312.2,75,72,87,79,103,102,100,99,20.202,20.17,22.26,22.196,736.83,93373,0,0,550,7316,9,6,0,0,0,26,22,14,20,12,7,False,0,False
484.2998,15.617,15.261,12.762,11.837,16.072,20,18,5,2071686.1,74,72,90,78,103,102,101,100,20.206,20.173,22.271,22.203,752.246,93373,0,0,366,7316,9,6,0,0,0,26,22,14,20,12,7,False,0,False
484.8016,15.629,15.272,12.771,11.844,16.069,20,18,5,2076538,77,75,85,76,103,102,101,100,20.209,20.176,22.281,22.21,764.82,93373,0,0,366,7583,9,6,0,0,0,26,22,14,20,12,7,False,0,False
485.29807,15.638,15.282,12.772,11.845,16.063,20,18,5,2079672.6,76,75,78,72,103,102,101,100,20.214,20.18,22.289,22.215,775.689,93373,0,0,366,7583,9,6,0,0,0,26,22,14,20,12,7,False,0,False
485.79828,15.645,15.292,12.772,11.845,16.055,20,18,5,2083412.8,75,75,72,70,103,102,101,100,20.217,20.184,22.293,22.218,788.902,93373,0,0,366,7583,9,6,0,0,0,26,22,14,20,12,7,False,0,False
486.2991,15.662,15.311,12.773,11.846,16.044,20,18,5,2086566.4,79,79,70,69,103,102,101,100,20.221,20.188,22.295,22.22,804.76,93373,0,0,366,7583,9,6,0,0,0,26,22,14,20,12,7,False,0,False
486.79886,15.678,15.328,12.781,11.856,16.036,20,18,5,2094509.5,77,78,71,74,103,102,101,100,20.225,20.193,22.297,22.223,822.846,93373,0,0,400,7583,9,6,0,0,0,26,22,14,20,12,7,False,0,False
487.29837,15.694,15.346,12.791,11.867,16.026,20,18,5,2100561,76,78,72,75,103,103,101,100,20.229,20.197,22.298,22.226,844.66,93373,0,0,400,7467,9,6,0,0,0,26,22,14,20,12,7,False,0,False
487.8022,15.708,15.363,12.804,11.88,16.016,20,18,5,2106909,75,79,74,76,103,103,101,100,20.231,20.201,22.3,22.229,868.096,93373,0,0,134,7467,9,6,0,0,0,26,22,14,20,12,7,False,0,False
488.30078,15.729,15.388,12.822,11.901,16.005,20,18,5,2113268,77,80,76,79,103,103,101,100,20.232,20.205,22.302,22.232,890.463,93373,0,0,134,7500,9,6,0,0,0,26,22,14,20,12,7,False,0,False
488.79684,15.75,15.41,12.829,11.907,15.993,20,18,5,2115598.2,76,78,72,73,103,103,101,100,20.235,20.208,22.303,22.234,915.018,93373,0,0,134,7500,8,6,0,0,0,26,22,14,20,12,7,False,0,False
489.30215,15.764,15.423,12.832,11.91,15.98,20,18,5,2115144.8,74,73,70,69,103,103,101,100,20.236,20.21,22.301,22.234,942.447,93373,0,0,584,7517,8,6,0,0,0,26,22,14,20,12,7,False,0,False
489.80228,15.787,15.444,12.843,11.919,15.966,20,18,5,2108651,77,76,74,71,103,103,101,100,20.236,20.21,22.301,22.232,972.781,93373,0,0,584,7517,8,6,0,0,0,26,22,14,20,12,7,False,0,False
490.29776,15.809,15.463,12.855,11.932,15.953,20,18,5,2083126.9,77,75,75,72,103,103,101,100,20.238,20.211,22.3,22.231,1002.836,93373,0,0,566,7516,8,6,0,0,0,26,22,14,20,12,7,False,0,False
490.79858,15.833,15.484,12.865,11.942,15.94,20,18,5,2027573.2,76,74,73,71,103,103,101,100,20.238,20.211,22.299,22.229,1034.609,93373,0,0,566,7516,8,6,0,0,0,26,22,14,20,12,7,False,0,False
491.30154,15.845,15.495,12.865,11.942,15.926,20,18,5,1969958.2,72,72,70,70,103,103,101,100,20.237,20.209,22.296,22.226,1068.416,93373,0,0,584,7516,8,6,0,0,0,26,22,14,20,12,7,False,0,False
491.79776,15.854,15.504,12.865,11.942,15.913,20,18,5,1917818.4,71,71,70,70,103,103,101,100,20.234,20.206,22.291,22.222,1103.951,93373,0,0,584,7534,8,6,0,0,0,26,22,14,20,12,7,False,0,False
492.29617,15.863,15.513,12.865,11.942,15.899,20,18,5,1860203.4,71,71,71,71,103,103,101,100,20.231,20.203,22.287,22.218,1141.066,93373,0,0,584,7534,8,6,0,0,0,26,22,14,20,12,7,False,0,False
492.8003,15.871,15.522,12.865,11.942,15.886,20,18,5,1802588.4,71,71,71,71,103,103,101,100,20.227,20.2,22.282,22.214,1179.67,93373,0,0,550,7534,8,6,0,0,0,26,22,14,20,12,7,False,0,False
493.2973,15.879,15.531,12.865,11.942,15.872,20,18,5,1744973.4,71,72,71,71,103,103,101,100,20.223,20.196,22.276,22.209,1219.602,93373,0,0,533,7450,8,6,0,0,0,26,22,14,20,12,7,False,0,False
493.79727,15.886,15.538,12.865,11.942,15.859,20,18,5,1692908.5,71,71,71,71,103,102,101,100,20.219,20.192,22.271,22.203,1260.551,93373,0,0,500,7450,8,6,0,0,0,26,22,14,20,12,7,False,0,False
494.7987,15.898,15.55,12.865,11.942,15.831,20,18,5,1654400.1,71,71,71,71,103,102,100,99,20.208,20.182,22.257,22.191,1345.092,93373,0,0,467,7350,8,6,0,0,0,26,22,14,20,12,7,False,0,False
495.30032,15.904,15.556,12.865,11.942,15.817,20,18,5,1645756.4,71,71,71,71,103,102,100,99,20.203,20.177,22.25,22.184,1388.326,93373,0,0,433,7350,8,6,0,0,0,26,22,14,20,12,7,False,0,False
495.80194,15.921,15.571,12.889,11.961,15.809,20,18,5,1662566,75,74,78,76,103,102,100,99,20.198,20.173,22.246,22.18,1430.414,93373,0,0,433,7317,8,6,0,0,0,26,22,14,20,12,7,False,0,False
496.29474,15.953,15.596,12.932,11.985,15.808,20,18,5,1694887.1,78,75,81,75,103,102,100,99,20.2,20.174,22.252,22.185,1463.977,93373,0,0,433,7266,8,6,0,0,0,26,22,14,20,12,7,False,0,False
496.79874,15.969,15.609,12.947,12.001,15.807,20,18,5,1722261.4,76,73,77,75,103,102,100,99,20.203,20.176,22.258,22.19,1490.756,93373,0,0,433,7266,8,6,0,0,0,26,22,14,20,12,7,False,0,False
497.2972,15.997,15.631,12.988,12.033,15.807,20,18,5,1745486.6,81,76,88,81,103,102,101,99,20.208,20.18,22.266,22.197,1511.957,93373,0,0,417,7267,8,6,0,0,0,26,22,14,20,12,7,False,0,False
497.7991,16.023,15.649,13.034,12.076,15.807,20,18,5,1764212.1,83,76,94,89,103,102,101,100,20.215,20.184,22.278,22.207,1532.516,93373,0,0,417,7267,8,6,0,0,0,26,22,14,20,12,7,False,0,False
498.2988,16.042,15.663,13.082,12.111,15.806,20,18,5,1775288.1,81,75,99,90,103,102,101,100,20.223,20.189,22.291,22.218,1555.857,93373,0,0,417,7167,8,6,0,0,0,26,22,14,20,12,7,False,0,False
498.798,16.057,15.676,13.11,12.131,15.801,20,18,5,1781269.6,80,76,93,84,103,102,101,100,20.228,20.192,22.305,22.228,1571.59,93373,0,0,317,7167,8,6,0,0,0,26,22,14,20,12,7,False,0,False
499.2914,16.082,15.697,13.131,12.147,15.794,20,18,5,1787435.2,84,79,88,80,103,103,101,100,20.234,20.196,22.315,22.236,1587.066,93373,0,0,317,7234,8,6,0,0,0,26,22,14,20,12,7,False,0,False
499.79962,16.118,15.727,13.151,12.162,15.787,20,18,5,1793836.9,89,84,85,78,103,103,102,100,20.243,20.202,22.323,22.241,1602.447,93373,0,0,317,7234,8,6,0,0,0,26,22,14,20,12,7,False,0,False
500.2967,16.137,15.743,13.156,12.167,15.779,20,18,5,1799223.5,80,77,76,73,104,103,102,100,20.251,20.208,22.328,22.244,1619.857,93373,0,0,384,7234,8,6,0,0,0,26,22,14,20,12,7,False,0,False
500.79184,16.151,15.756,13.16,12.171,15.768,20,18,5,1800204.6,78,76,73,71,104,103,102,100,20.254,20.211,22.33,22.246,1640.039,93373,0,0,384,7267,8,6,0,0,0,26,22,14,20,12,7,False,0,False
501.29886,16.179,15.779,13.16,12.171,15.755,20,18,5,1798469.9,80,81,72,69,104,103,102,100,20.257,20.214,22.33,22.246,1662.305,93373,0,0,500,7267,8,6,0,0,0,26,22,14,20,12,7,False,0,False
502.29602,16.219,15.818,13.161,12.172,15.729,20,18,5,1794400.8,74,73,69,70,104,103,102,100,20.262,20.22,22.328,22.244,1714.342,93373,0,0,550,7267,8,6,0,0,0,26,22,14,20,12,7,False,0,False
502.79974,16.229,15.83,13.165,12.175,15.715,20,18,5,1787340.8,73,74,70,71,104,103,102,100,20.261,20.22,22.326,22.243,1743.385,93373,0,0,550,7267,8,6,0,0,0,26,22,14,20,12,7,False,0,False
503.2987,16.241,15.844,13.171,12.181,15.702,20,18,5,1784916.6,73,74,71,72,104,103,102,100,20.26,20.22,22.324,22.241,1774.363,93373,0,0,567,7284,8,6,0,0,0,26,22,14,20,12,7,False,0,False
503.80054,16.257,15.865,13.185,12.194,15.689,20,18,5,1776374,74,76,73,75,104,103,101,100,20.259,20.22,22.321,22.24,1807.531,93373,29948,0,583,7284,8,6,0,0,0,26,22,14,20,12,7,False,0,False
504.79935,16.3,15.908,13.237,12.24,15.677,20,18,5,1808230,80,76,86,81,104,103,101,100,20.258,20.221,22.321,22.24,1871.926,93373,29948,0,584,7284,8,6,0,0,0,26,22,14,20,12,7,False,0,False
505.29877,16.341,15.939,13.317,12.304,15.676,20,18,5,1825694.5,84,78,99,90,104,103,102,100,20.264,20.224,22.331,22.247,1898.223,93373,29948,0,584,7284,8,6,0,0,0,26,22,14,20,12,7,False,0,False
506.30023,16.397,15.981,13.392,12.366,15.662,20,18,5,1837564.5,79,75,81,77,104,103,102,100,20.272,20.228,22.346,22.257,1951.572,93373,29948,0,633,7284,8,6,0,0,0,26,22,14,20,12,7,False,0,False
506.79904,16.413,15.995,13.398,12.372,15.649,20,18,5,1834009.5,76,73,73,71,104,103,102,100,20.274,20.228,22.346,22.257,1977.43,93373,29948,0,666,7284,8,6,0,0,0,26,22,14,20,12,7,False,0,False
507.29968,16.438,16.023,13.419,12.398,15.636,20,18,5,1830850.9,78,80,76,80,104,103,102,100,20.274,20.228,22.345,22.257,2005.707,93373,29948,0,666,7383,8,6,0,0,0,26,22,14,20,12,7,False,0,False
507.79846,16.472,16.073,13.458,12.448,15.626,20,18,5,1836174.1,77,82,80,86,104,103,102,100,20.274,20.233,22.345,22.259,2037.105,93373,29948,0,683,7383,8,6,0,0,0,26,22,14,20,12,7,False,0,False
508.29465,16.506,16.112,13.495,12.493,15.614,20,18,5,1838893.5,80,83,79,85,104,103,102,101,20.275,20.236,22.346,22.263,2067.75,93373,29948,0,700,7383,8,6,0,0,0,26,22,14,20,12,7,False,0,False
508.79593,16.536,16.149,13.52,12.522,15.601,20,18,5,1837697.4,77,80,76,78,104,103,102,101,20.276,20.238,22.345,22.264,2097.758,93373,29948,0,700,7400,8,6,0,0,0,26,22,14,20,12,7,False,0,False
509.2966,16.553,16.171,13.534,12.536,15.588,20,18,5,1829326.1,74,77,73,75,104,103,102,101,20.274,20.238,22.341,22.262,2129.658,93373,29948,0,717,7400,8,6,0,0,0,26,22,14,20,12,7,False,0,False
509.79846,16.566,16.187,13.542,12.543,15.574,20,18,5,1820682.4,73,75,72,73,104,103,102,100,20.271,20.237,22.337,22.259,2162.883,93373,29948,0,717,7434,8,6,0,0,0,26,22,14,20,12,7,False,0,False
510.2993,16.583,16.205,13.563,12.564,15.568,20,18,5,1840299,75,75,78,78,104,103,102,100,20.27,20.236,22.336,22.258,2194.619,93373,29948,0,716,7434,8,6,0,0,0,26,22,14,20,12,7,False,0,False
510.7948,16.597,16.217,13.574,12.577,15.567,20,18,5,1867012,74,73,76,75,104,103,102,100,20.271,20.237,22.339,22.262,2219.135,93373,29948,0,716,7433,8,6,0,0,0,26,22,14,20,12,7,False,0,False
511.29733,16.61,16.228,13.587,12.59,15.567,20,18,5,1889694.5,75,73,77,75,104,103,102,101,20.273,20.238,22.344,22.266,2239.014,93373,29948,0,716,7433,8,6,0,0,0,26,22,14,20,12,7,False,0,False
511.79675,16.622,16.235,13.602,12.604,15.567,20,18,5,1908443.5,76,72,80,77,104,103,102,101,20.275,20.239,22.348,22.27,2254.916,93373,29948,0,716,7500,8,6,0,0,0,26,22,14,20,12,7,False,0,False
512.29553,16.637,16.248,13.638,12.63,15.567,20,18,5,1923505.8,78,74,92,83,104,103,102,101,20.279,20.241,22.356,22.276,2267.227,93373,29948,0,733,7500,8,6,0,0,0,26,22,14,20,12,7,False,0,False
512.79675,16.644,16.254,13.674,12.654,15.565,20,18,5,1931430.1,76,73,99,87,104,103,102,101,20.282,20.243,22.368,22.284,2281.881,93373,29948,0,733,7500,8,6,0,0,0,26,22,14,20,12,7,False,0,False
513.2957,16.658,16.266,13.69,12.666,15.56,20,18,5,1937156.6,80,76,92,83,104,103,102,101,20.286,20.245,22.38,22.292,2296.779,93373,29948,0,733,7416,8,6,0,0,0,26,22,14,20,12,7,False,0,False
513.79865,16.679,16.283,13.7,12.674,15.555,20,18,5,1943440.4,84,79,85,78,104,104,103,101,20.291,20.249,22.389,22.298,2309.387,93373,29948,0,650,7416,8,6,0,0,0,26,22,14,20,12,7,False,0,False
514.2976,16.689,16.292,13.705,12.678,15.549,20,18,5,1950268.9,79,76,79,74,104,104,103,101,20.296,20.252,22.394,22.301,2322.236,93373,29948,0,650,7416,8,6,0,0,0,26,22,14,20,12,7,False,0,False
514.79974,16.7,16.302,13.709,12.683,15.541,20,18,5,1957558,77,75,75,72,104,104,103,101,20.299,20.254,22.397,22.303,2336.822,93373,29948,0,650,7416,8,6,0,0,0,26,22,14,20,12,7,False,0,False
515.2964,16.71,16.312,13.71,12.683,15.53,20,18,5,1964695,76,75,71,69,105,104,103,101,20.301,20.256,22.397,22.303,2353.859,93373,29948,0,650,7416,8,6,0,0,0,26,22,14,20,12,7,False,0,False
515.79834,16.735,16.339,13.71,12.683,15.518,20,18,5,1971576,80,80,70,69,105,104,103,101,20.304,20.259,22.397,22.302,2373.975,93373,29948,0,650,7416,8,6,0,0,0,26,22,14,20,12,7,False,0,False
516.2987,16.752,16.358,13.71,12.683,15.504,20,18,5,1967913,77,76,69,69,105,104,103,101,20.307,20.261,22.395,22.301,2396.814,93373,29948,0,650,7433,8,6,0,0,0,26,22,14,20,12,7,False,0,False
516.7983,16.764,16.37,13.71,12.683,15.491,20,18,5,1967994.9,74,73,69,69,105,104,103,101,20.307,20.262,22.392,22.299,2422.287,93373,29948,0,634,7433,8,6,0,0,0,26,22,14,20,12,7,False,0,False
517.2926,16.773,16.38,13.71,12.683,15.478,20,18,5,1961594.6,73,72,69,69,105,104,103,101,20.306,20.261,22.389,22.297,2449.896,93373,29948,0,634,7433,8,6,0,0,0,26,22,14,20,12,7,False,0,False
518.29767,16.79,16.396,13.71,12.683,15.451,20,18,5,1951538.4,72,72,70,70,105,104,103,101,20.302,20.258,22.382,22.291,2510.912,93373,29948,0,617,7383,8,6,0,0,0,26,22,14,20,12,7,False,0,False
518.7994,16.798,16.405,13.712,12.685,15.437,20,18,5,1942905,72,73,71,71,104,104,102,101,20.3,20.255,22.378,22.287,2543.836,93373,29948,0,617,7383,8,6,0,0,0,26,22,14,20,12,7,False,0,False
519.3004,16.811,16.422,13.722,12.694,15.424,20,18,5,1934261.2,73,74,72,73,104,104,102,101,20.297,20.253,22.374,22.284,2578.275,93373,29948,0,600,7367,8,6,0,0,0,26,22,14,20,12,7,False,0,False
519.7968,16.84,16.459,13.758,12.733,15.411,20,18,5,1931021.1,78,81,79,82,104,104,102,101,20.294,20.253,22.371,22.282,2613.238,93373,29948,0,600,7367,8,6,0,0,0,26,22,14,20,12,7,False,0,False
520.29443,16.876,16.503,13.812,12.789,15.402,20,18,5,1946089.8,78,81,83,86,104,104,102,101,20.294,20.255,22.371,22.284,2648.75,93373,29948,0,600,7350,8,6,0,0,0,26,22,14,20,12,7,False,0,False
520.79565,16.914,16.545,13.846,12.822,15.4,20,18,5,1972084.5,80,82,81,82,104,104,102,101,20.297,20.259,22.375,22.291,2678.121,93373,29948,0,600,7350,8,6,0,0,0,26,22,14,20,12,7,False,0,False
521.2967,16.931,16.562,13.859,12.832,15.4,20,18,5,1994160.6,76,77,77,77,105,104,102,101,20.301,20.264,22.38,22.296,2699.084,93373,29948,0,600,7367,8,6,0,0,0,26,22,14,20,12,7,False,0,False
521.7998,16.938,16.57,13.867,12.84,15.399,20,18,5,2011756.1,73,75,75,76,105,104,103,101,20.303,20.267,22.384,22.301,2714.873,93373,29948,0,600,7367,8,6,0,0,0,26,22,14,20,12,7,False,0,False
522.2991,16.945,16.579,13.878,12.854,15.399,20,18,5,2026277.6,72,75,76,80,105,104,103,101,20.304,20.27,22.388,22.307,2727.711,93373,29948,0,600,7400,8,6,0,0,0,26,22,14,20,12,7,False,0,False
522.8001,16.951,16.588,13.891,12.873,15.399,20,18,5,2033157.4,72,75,78,84,105,104,103,101,20.305,20.273,22.392,22.314,2737.537,93373,29948,0,633,7400,8,6,0,0,0,26,22,14,20,12,7,False,0,False
523.2951,16.963,16.598,13.902,12.891,15.397,20,18,5,2038441.1,78,77,78,89,105,104,103,101,20.306,20.276,22.396,22.321,2758.34,93373,29948,0,633,7400,8,6,0,0,0,26,22,14,20,12,7,False,0,False
523.7978,16.975,16.613,13.912,12.905,15.394,20,18,5,2043866.9,79,80,80,88,105,104,103,102,20.31,20.28,22.399,22.329,2770.812,93373,29948,0,633,7433,8,6,0,0,0,26,22,14,20,12,7,False,0,False
524.79694,17.003,16.641,13.919,12.912,15.381,20,18,5,2054315.2,80,81,72,76,105,104,103,102,20.318,20.289,22.405,22.341,2794.699,93373,29948,0,650,7433,8,6,0,0,0,26,22,14,20,12,7,False,0,False
525.29767,17.022,16.662,13.919,12.912,15.37,20,18,5,2058566.9,81,82,69,71,105,104,103,102,20.322,20.294,22.405,22.343,2810.602,93373,29948,0,650,7433,8,6,0,0,0,26,22,14,20,12,7,False,0,False
525.794,17.046,16.685,13.919,12.912,15.358,20,18,5,2064843.1,82,82,68,69,105,104,103,102,20.326,20.299,22.404,22.343,2829.268,93373,29948,0,650,7450,8,6,0,0,0,26,22,14,20,12,7,False,0,False
526.296,17.066,16.703,13.919,12.912,15.346,20,18,5,2066949.6,78,78,69,69,105,105,103,102,20.329,20.302,22.402,22.341,2850.648,93373,29948,0,650,7450,8,6,0,0,0,26,22,14,20,12,7,False,0,False
526.7928,17.084,16.72,13.92,12.913,15.332,20,18,5,2062121.2,75,75,69,69,105,105,103,102,20.331,20.304,22.4,22.34,2874.84,93373,29948,0,650,7450,8,6,0,0,0,26,22,14,20,12,7,False,0,False
527.7992,17.104,16.741,13.92,12.913,15.305,20,18,5,2054486,72,72,70,70,105,105,103,102,20.329,20.302,22.395,22.336,2930.477,93373,29948,0,634,7434,8,6,0,0,0,26,22,14,20,12,7,False,0,False
528.29504,17.112,16.749,13.92,12.913,15.293,20,18,5,2051916.4,71,71,70,70,105,105,103,102,20.326,20.3,22.392,22.333,2961.479,93373,29948,0,600,7417,8,6,0,0,0,26,22,14,20,12,7,False,0,False
528.7954,17.12,16.757,13.92,12.913,15.279,20,18,5,2043313,71,71,70,70,105,104,103,102,20.324,20.298,22.388,22.329,2994.326,93373,29948,0,583,7417,8,6,0,0,0,26,22,14,20,12,7,False,0,False
529.2936,17.127,16.764,13.92,12.913,15.265,20,18,5,2034669.2,71,71,71,70,105,104,103,102,20.32,20.295,22.384,22.326,3028.848,93373,29948,0,583,7400,8,6,0,0,0,26,22,14,20,12,7,False,0,False
529.7984,17.134,16.77,13.92,12.913,15.252,20,18,5,2031472.2,71,71,71,71,105,104,102,101,20.317,20.291,22.379,22.321,3064.744,93373,29948,0,583,7400,8,6,0,0,0,26,22,14,20,12,7,False,0,False
530.29504,17.14,16.777,13.92,12.913,15.238,20,18,5,2022828.5,71,71,71,71,105,104,102,101,20.312,20.287,22.374,22.317,3101.891,93373,29948,0,550,7400,8,6,0,0,0,26,22,14,20,12,7,False,0,False
530.7973,17.147,16.783,13.92,12.913,15.225,20,18,5,2014184.8,71,71,71,71,105,104,102,101,20.308,20.283,22.368,22.311,3140.24,93373,29948,0,550,7367,8,6,0,0,0,26,22,14,20,12,7,False,0,False
531.29767,17.153,16.789,13.92,12.913,15.211,20,18,5,2005541,71,71,71,71,105,104,102,101,20.303,20.278,22.362,22.306,3179.676,93373,29948,0,516,7367,8,6,0,0,0,26,22,14,20,12,7,False,0,False
531.7978,17.159,16.795,13.92,12.913,15.197,20,18,5,1996897.2,71,71,71,71,104,104,102,101,20.298,20.273,22.356,22.299,3220.092,93373,29948,0,500,7317,8,6,0,0,0,26,22,14,20,12,7,False,0,False
532.2961,17.164,16.801,13.92,12.913,15.184,20,18,5,1993731.8,71,71,71,71,104,104,102,101,20.292,20.268,22.349,22.293,3261.236,93373,29948,0,500,7317,8,6,0,0,0,26,22,14,20,12,7,False,0,False
532.79315,17.17,16.806,13.92,12.913,15.17,20,18,5,1985088,71,71,71,71,104,104,102,101,20.286,20.262,22.341,22.286,3303.141,93373,29948,0,466,7283,8,6,0,0,0,26,22,14,20,12,7,False,0,False
533.29645,17.176,16.811,13.92,12.913,15.157,20,18,5,1976772.6,71,71,71,71,104,104,102,101,20.28,20.256,22.334,22.278,3345.75,93373,29948,0,450,7266,8,6,0,0,0,26,22,14,20,12,7,False,0,False
533.7938,17.198,16.832,13.95,12.943,15.152,20,18,5,2008973.2,74,74,77,77,104,104,102,101,20.278,20.254,22.333,22.278,3384.207,93373,29948,0,417,7266,8,6,0,0,0,26,22,14,20,12,7,False,0,False
534.2975,17.213,16.848,13.966,12.959,15.151,20,18,5,2038732.9,73,74,75,75,104,104,102,101,20.279,20.255,22.338,22.283,3414.084,93373,29948,0,417,7234,8,6,0,0,0,26,22,14,20,12,7,False,0,False
535.29596,17.26,16.909,14.052,13.07,15.149,20,18,5,2076880.4,78,82,89,100,104,104,102,101,20.285,20.265,22.353,22.303,3458.322,93373,29948,0,450,7267,8,6,0,0,0,26,22,14,20,12,7,False,0,False
535.79675,17.281,16.934,14.086,13.114,15.141,20,18,5,2083582.2,79,83,86,95,104,104,102,101,20.288,20.271,22.362,22.317,3481.926,93373,29948,0,450,7333,8,6,0,0,0,26,22,14,20,12,7,False,0,False
536.79944,17.332,16.996,14.133,13.172,15.122,20,18,5,2096557.5,78,83,78,84,104,104,102,102,20.296,20.284,22.373,22.334,3526.289,93373,29948,0,500,7333,8,6,0,0,0,26,22,14,20,12,7,False,0,False
537.29724,17.354,17.023,14.15,13.191,15.111,20,18,5,2102765.5,77,81,76,79,104,104,102,102,20.299,20.289,22.376,22.339,3549.252,93373,29948,0,533,7366,8,6,0,0,0,26,22,14,20,12,7,False,0,False
537.79846,17.376,17.048,14.17,13.212,15.099,20,18,5,2108864.8,77,81,77,80,105,104,102,102,20.3,20.293,22.378,22.342,3573.615,93373,29948,0,533,7317,8,6,0,0,0,26,22,14,20,12,7,False,0,False
538.2974,17.402,17.08,14.19,13.233,15.087,20,18,5,2115677.5,78,82,76,78,105,104,102,102,20.302,20.296,22.38,22.345,3599.375,93373,29948,0,533,7317,8,6,0,0,0,26,22,14,20,12,7,False,0,False
538.79584,17.429,17.111,14.21,13.253,15.073,20,18,5,2108996.2,77,81,76,78,105,104,102,102,20.303,20.3,22.38,22.347,3627.014,93373,29948,0,533,7317,8,6,0,0,0,26,22,14,20,12,7,False,0,False
539.29645,17.456,17.144,14.232,13.276,15.059,20,18,5,2101533,76,81,77,78,105,105,102,102,20.304,20.302,22.38,22.348,3656.555,93373,29948,0,534,7267,8,6,0,0,0,26,22,14,20,12,7,False,0,False
539.7975,17.479,17.173,14.251,13.294,15.046,20,18,5,2099018,74,79,75,75,105,105,102,102,20.304,20.304,22.379,22.348,3688.016,93373,29948,0,534,7267,8,6,0,0,0,26,22,14,20,12,7,False,0,False
540.298,17.489,17.185,14.255,13.297,15.032,20,18,5,2090419,72,74,71,71,105,105,102,102,20.301,20.303,22.377,22.345,3720.885,93373,29948,0,550,7250,8,6,0,0,0,26,22,14,20,12,7,False,0,False
540.7927,17.517,17.209,14.289,13.328,15.019,20,18,5,2081775.2,81,78,84,80,104,105,102,102,20.3,20.301,22.375,22.343,3754.693,93373,29948,0,567,7250,8,6,0,0,0,26,22,14,20,12,7,False,0,False
541.2935,17.589,17.269,14.378,13.405,15.005,20,18,5,2073131.5,88,83,94,88,105,105,102,102,20.303,20.303,22.378,22.344,3788.537,93373,29948,0,567,7250,8,6,0,0,0,26,22,14,20,12,7,False,0,False
541.79755,17.658,17.328,14.484,13.498,14.991,20,18,5,2064487.8,88,83,97,91,105,105,103,102,20.307,20.305,22.383,22.347,3823.086,93373,29948,0,566,7250,8,6,0,0,0,26,22,14,20,12,7,False,0,False
542.29865,17.73,17.389,14.59,13.588,14.977,20,18,5,2055844,88,83,97,90,105,105,103,102,20.311,20.306,22.388,22.35,3857.998,93373,29948,0,600,7250,8,6,0,0,0,26,22,14,20,12,7,False,0,False
542.794,17.795,17.444,14.673,13.66,14.963,20,18,5,2047200.2,86,82,92,86,105,105,103,102,20.313,20.306,22.391,22.351,3893.195,93373,29948,0,600,7284,8,6,0,0,0,26,22,14,20,12,7,False,0,False
543.2967,17.858,17.496,14.755,13.732,14.95,20,18,5,2038556.5,86,81,91,85,105,105,103,102,20.315,20.306,22.393,22.35,3928.369,93373,29948,0,650,7284,8,6,0,0,0,26,22,14,20,12,7,False,0,False
543.7964,17.919,17.548,14.824,13.794,14.937,20,18,5,2035404.4,85,81,86,82,105,105,103,102,20.316,20.305,22.394,22.349,3963.219,93373,29948,0,667,7317,8,6,0,0,0,26,22,14,20,12,7,False,0,False
544.29614,17.936,17.562,14.831,13.801,14.923,20,18,5,2026760.6,73,73,72,71,105,105,103,102,20.313,20.301,22.389,22.344,3999.359,93373,29948,0,667,7350,8,6,0,0,0,26,22,14,20,12,7,False,0,False
544.79663,17.947,17.573,14.843,13.812,14.913,20,18,5,2033749.1,74,73,76,76,105,104,103,102,20.308,20.296,22.382,22.337,4035.885,93373,29948,40633,684,7350,8,6,0,0,0,26,22,14,20,12,7,False,0,False
545.2971,17.972,17.594,14.869,13.84,14.911,20,18,5,2062703.6,78,75,80,78,105,104,103,102,20.307,20.295,22.384,22.339,4065.477,93373,29948,40633,684,7350,8,6,0,0,0,26,22,14,20,12,7,False,0,False
545.7981,18.002,17.617,14.911,13.875,14.911,20,18,5,2088568.4,82,77,88,83,105,104,103,102,20.31,20.296,22.39,22.344,4089.045,93373,29948,40633,700,7384,8,6,0,0,0,26,22,14,20,12,7,False,0,False
546.2975,18.025,17.634,14.939,13.898,14.911,20,18,5,2102132.8,80,75,85,79,105,104,103,102,20.314,20.297,22.397,22.349,4109.902,93373,29948,40633,700,7384,8,6,0,0,0,26,22,14,20,12,7,False,0,False
546.7965,18.046,17.649,14.982,13.93,14.91,20,18,5,2110195.5,80,75,93,84,105,104,103,102,20.317,20.298,22.405,22.354,4130.141,93373,29948,40633,700,7383,8,6,0,0,0,26,22,14,20,12,7,False,0,False
547.29803,18.077,17.672,15.034,13.971,14.905,20,18,5,2117183.5,85,79,99,88,105,104,103,102,20.321,20.299,22.414,22.359,4153.621,93373,29948,40633,700,7383,8,6,0,0,0,26,22,14,20,12,7,False,0,False
547.7979,18.1,17.693,15.075,13.995,14.896,20,18,5,2123687,83,80,94,83,105,105,103,102,20.325,20.302,22.424,22.365,4174.605,93373,29948,40633,700,7366,8,6,0,0,0,26,22,14,20,12,7,False,0,False
548.2939,18.138,17.727,15.099,14.013,14.886,20,18,5,2130128.2,88,84,86,79,105,105,103,102,20.329,20.305,22.431,22.368,4195.008,93373,29948,40633,666,7366,8,6,0,0,0,26,22,14,20,12,7,False,0,False
548.7966,18.164,17.751,15.104,14.019,14.874,20,18,5,2130649.5,80,79,76,73,105,105,103,102,20.334,20.308,22.433,22.368,4217.039,93373,29948,40633,666,7366,8,6,0,0,0,26,22,14,20,12,7,False,0,False
549.295,18.182,17.768,15.107,14.022,14.86,20,18,5,2123821,77,75,72,71,105,105,103,102,20.335,20.308,22.431,22.366,4242.133,93373,29948,40633,667,7367,8,6,0,0,0,26,22,14,20,12,7,False,0,False
549.7953,18.196,17.782,15.107,14.022,14.847,20,18,5,2084098.5,75,74,70,70,105,105,103,102,20.334,20.307,22.428,22.363,4269.74,93373,29948,40633,667,7367,8,6,0,0,0,26,22,14,20,12,7,False,0,False
550.29663,18.207,17.793,15.107,14.022,14.834,20,18,5,2036672.8,73,73,70,70,105,105,103,102,20.332,20.305,22.425,22.36,4299.867,93373,29948,40633,666,7367,8,6,0,0,0,26,22,14,20,12,7,False,0,False
550.7978,18.217,17.803,15.107,14.022,14.82,20,18,5,1983374.9,73,73,71,70,105,105,103,102,20.329,20.302,22.421,22.356,4331.982,93373,29948,40633,666,7350,8,6,0,0,0,26,22,14,20,12,7,False,0,False
551.29504,18.226,17.813,15.107,14.022,14.807,20,18,5,1925759.9,73,73,71,71,105,104,103,102,20.325,20.299,22.416,22.352,4366.076,93373,29948,40633,650,7350,8,6,0,0,0,26,22,14,20,12,7,False,0,False
551.79645,18.234,17.821,15.107,14.022,14.794,20,18,5,1894877.1,72,72,71,71,105,104,103,102,20.322,20.295,22.411,22.347,4401.799,93373,29948,40633,616,7300,8,6,0,0,0,26,22,14,20,12,7,False,0,False
552.2961,18.24,17.827,15.107,14.022,14.78,20,18,5,1886233.4,72,72,71,71,105,104,103,102,20.317,20.291,22.405,22.342,4438.635,93373,29948,40633,616,7300,8,6,0,0,0,26,22,14,20,12,7,False,0,False
552.79486,18.247,17.834,15.107,14.022,14.766,20,18,5,1877589.6,72,72,71,71,105,104,103,102,20.312,20.286,22.399,22.336,4476.527,93373,29948,40633,600,7300,8,6,0,0,0,26,22,14,20,12,7,False,0,False
553.2967,18.253,17.84,15.107,14.022,14.752,20,18,5,1868945.9,72,72,71,71,105,104,103,102,20.307,20.281,22.392,22.33,4515.393,93373,29948,40633,566,7250,8,6,0,0,0,26,22,14,20,12,7,False,0,False
553.79834,18.259,17.846,15.107,14.022,14.739,20,18,5,1860302.1,72,72,71,71,105,104,103,102,20.301,20.276,22.385,22.323,4555.129,93373,29948,40633,550,7250,8,6,0,0,0,26,22,14,20,12,7,False,0,False
554.2968,18.264,17.851,15.107,14.022,14.725,20,18,5,1851658.4,73,73,71,71,104,104,102,101,20.296,20.27,22.378,22.316,4595.645,93373,29948,40633,550,7250,8,6,0,0,0,26,22,14,20,12,7,False,0,False
554.7966,18.27,17.857,15.107,14.022,14.712,20,18,5,1848519.4,73,73,72,71,104,104,102,101,20.29,20.265,22.37,22.309,4636.756,93373,29948,40633,533,7200,8,6,0,0,0,26,22,14,20,12,7,False,0,False
555.29614,18.275,17.863,15.107,14.022,14.698,20,18,5,1839875.6,74,74,72,72,104,104,102,101,20.284,20.259,22.362,22.301,4678.43,93373,29948,40633,500,7200,8,6,0,0,0,26,22,14,20,12,7,False,0,False
555.79614,18.281,17.869,15.107,14.022,14.684,20,18,5,1831231.9,73,73,72,72,104,104,102,101,20.277,20.253,22.354,22.293,4720.637,93373,29948,40633,500,7183,8,6,0,0,0,26,22,14,20,12,7,False,0,False
556.2929,18.286,17.874,15.107,14.022,14.671,20,18,5,1822588.1,73,73,72,72,104,103,102,101,20.271,20.246,22.346,22.285,4763.305,93373,29948,40633,500,7183,8,6,0,0,0,26,22,14,20,12,7,False,0,False
556.7939,18.287,17.875,15.107,14.022,14.668,20,18,5,1829236.6,72,72,72,71,104,103,102,101,20.263,20.239,22.337,22.276,4805.736,93373,29948,40633,466,7150,8,6,0,0,0,26,22,14,20,12,7,False,0,False
557.29333,18.301,17.89,15.127,14.041,14.666,20,18,5,1854295.4,74,74,77,77,104,103,102,101,20.257,20.233,22.331,22.271,4845.062,93373,29948,40633,450,7117,8,6,0,0,0,26,22,14,20,12,7,False,0,False
557.7965,18.321,17.912,15.153,14.065,14.664,20,18,5,1884451,74,74,76,76,104,103,102,101,20.257,20.233,22.334,22.275,4875.832,93373,29948,40633,450,7117,8,6,0,0,0,26,22,14,20,12,7,False,0,False
558.2946,18.339,17.929,15.172,14.084,14.663,20,18,5,1910181.8,76,74,80,78,104,103,102,101,20.258,20.234,22.339,22.279,4899.754,93373,29948,40633,450,7150,8,6,0,0,0,26,22,14,20,12,7,False,0,False
558.79584,18.374,17.956,15.227,14.127,14.663,20,18,5,1931560.4,85,79,96,88,104,103,102,101,20.263,20.238,22.348,22.287,4918.199,93373,29948,40633,466,7150,8,6,0,0,0,26,22,14,20,12,7,False,0,False
559.29376,18.392,17.969,15.273,14.161,14.66,20,18,5,1941449.5,80,76,98,87,104,103,102,101,20.269,20.241,22.362,22.298,4934.025,93373,29948,40633,466,7150,8,6,0,0,0,26,22,14,20,12,7,False,0,False
559.79736,18.407,17.982,15.297,14.177,14.654,20,18,5,1949165.5,80,76,91,81,104,103,102,101,20.273,20.244,22.374,22.305,4956.426,93373,29948,40633,466,7150,8,6,0,0,0,26,22,14,20,12,7,False,0,False
560.29346,18.428,17.999,15.312,14.189,14.646,20,18,5,1957023,81,77,83,76,104,104,103,101,20.277,20.247,22.381,22.31,4973.273,93373,29948,40633,450,7150,8,6,0,0,0,26,22,14,20,12,7,False,0,False
560.78845,18.443,18.013,15.321,14.196,14.637,20,18,5,1964691.5,78,75,77,73,104,104,103,101,20.281,20.249,22.386,22.313,4991.68,93373,29948,40633,450,7150,8,6,0,0,0,26,22,14,20,12,7,False,0,False
561.2935,18.461,18.029,15.327,14.202,14.625,20,18,5,1977712.2,77,75,74,71,104,104,103,101,20.283,20.25,22.388,22.314,5013.061,93373,29948,40633,450,7167,8,6,0,0,0,26,22,14,20,12,7,False,0,False
561.7958,18.482,18.05,15.337,14.211,14.612,20,18,5,1980651.1,78,76,75,72,104,104,103,101,20.285,20.252,22.389,22.314,5035.316,93373,29948,40633,467,7167,8,6,0,0,0,26,22,14,20,12,7,False,0,False
562.2945,18.502,18.068,15.342,14.217,14.6,20,18,5,1980357.5,77,74,71,71,104,104,103,101,20.287,20.253,22.39,22.314,5060.219,93373,29948,40633,467,7167,8,6,0,0,0,26,22,14,20,12,7,False,0,False
562.79584,18.514,18.079,15.343,14.218,14.586,20,18,5,1973754.9,74,73,70,70,104,104,103,101,20.287,20.252,22.388,22.312,5088.186,93373,29948,40633,400,7184,8,6,0,0,0,26,22,14,20,12,7,False,0,False
563.29,18.524,18.089,15.343,14.218,14.573,20,18,5,1971622,73,72,69,69,104,104,103,101,20.286,20.251,22.385,22.31,5118.391,93373,29948,40633,384,7184,8,6,0,0,0,26,22,14,20,12,7,False,0,False
564.29285,18.54,18.104,15.343,14.218,14.546,20,18,5,1954643.6,72,72,70,70,104,103,102,101,20.282,20.246,22.378,22.305,5183.674,93373,29948,40633,383,7183,8,6,0,0,0,26,22,14,20,12,7,False,0,False
564.7917,18.547,18.111,15.343,14.218,14.532,20,18,5,1945999.9,72,72,71,70,104,103,102,101,20.279,20.243,22.374,22.301,5218.697,93373,29948,40633,383,7183,8,6,0,0,0,26,22,14,20,12,7,False,0,False
565.28955,18.553,18.117,15.343,14.218,14.519,20,18,5,1942863.1,72,72,71,70,104,103,102,101,20.275,20.24,22.37,22.297,5254.918,93373,29948,40633,350,7183,8,6,0,0,0,26,22,14,20,12,7,False,0,False
565.7938,18.559,18.123,15.343,14.218,14.505,20,18,5,1934219.4,72,72,71,71,104,103,102,101,20.271,20.237,22.365,22.292,5292.227,93373,29948,40633,350,7184,8,6,0,0,0,26,22,14,20,12,7,False,0,False
566.28986,18.565,18.13,15.343,14.218,14.491,20,18,5,1925575.6,72,72,71,71,104,103,102,101,20.267,20.233,22.359,22.287,5330.594,93373,29948,40633,350,7184,8,6,0,0,0,26,22,14,20,12,7,False,0,False
566.7934,18.571,18.136,15.343,14.218,14.478,20,18,5,1916931.9,71,71,71,71,104,103,102,101,20.262,20.228,22.353,22.281,5370.014,93373,29948,40633,333,6800,8,6,0,0,0,26,22,14,20,12,7,False,0,False
567.2893,18.577,18.142,15.343,14.218,14.465,20,18,6,1913709.8,71,71,71,71,104,103,102,101,20.256,20.223,22.347,22.275,1.469,93473,0,0,333,6800,7,7,0,0,0,26,22,14,20,12,7,False,0,False
568.29297,18.588,18.153,15.343,14.218,14.437,20,18,6,1896422.2,71,71,71,71,103,103,102,100,20.244,20.211,22.332,22.262,84.703,93473,0,0,283,6800,7,7,0,0,0,26,22,14,20,12,7,False,0,False
568.793,18.594,18.158,15.343,14.218,14.423,20,18,6,1887778.5,71,71,72,71,103,103,102,100,20.238,20.205,22.325,22.254,127.445,93473,0,0,283,6800,6,7,0,0,0,26,22,14,20,12,7,False,0,False
569.2905,18.599,18.164,15.343,14.218,14.409,20,18,6,1879134.8,71,71,71,71,103,103,101,100,20.231,20.198,22.317,22.247,170.885,93473,0,0,233,6800,6,7,0,0,0,26,22,14,20,12,7,False,0,False
569.7938,18.605,18.169,15.343,14.218,14.396,20,18,6,1870491,71,71,71,71,103,102,101,100,20.224,20.191,22.308,22.239,214.939,93473,0,0,216,6800,6,7,0,0,0,26,22,14,20,12,7,False,0,False
570.2939,18.611,18.175,15.343,14.218,14.382,20,18,6,1861847.2,71,71,71,71,103,102,101,100,20.216,20.184,22.299,22.23,259.539,93473,0,0,166,6800,6,7,0,0,0,26,22,14,20,12,7,False,0,False
571.2926,18.622,18.185,15.343,14.218,14.354,20,18,6,1845015.4,71,71,71,71,103,102,101,100,20.201,20.169,22.281,22.213,350.16,93473,0,0,150,6817,6,7,0,0,0,26,22,14,20,12,7,False,0,False
571.7893,18.628,18.191,15.346,14.221,14.341,20,18,6,1837005.4,72,73,73,73,103,102,101,100,20.193,20.161,22.272,22.204,396.066,93473,0,0,133,6817,6,7,0,0,0,26,22,14,20,12,7,False,0,False
572.2933,18.638,18.204,15.352,14.226,14.327,20,18,6,1829167.6,72,72,73,72,102,102,101,99,20.185,20.153,22.262,22.195,442.207,93473,0,0,100,6817,6,7,0,0,0,26,22,14,20,12,7,False,0,False
572.7967,18.645,18.21,15.353,14.228,14.313,20,18,6,1821413.8,72,72,73,72,102,102,100,99,20.176,20.145,22.253,22.186,488.48,93473,0,0,67,6817,6,7,0,0,0,26,22,14,20,12,7,False,0,False
573.29016,18.651,18.215,15.353,14.228,14.299,20,18,6,1813703.1,72,72,72,72,102,101,100,99,20.168,20.137,22.243,22.177,534.828,93473,0,0,67,6850,6,7,0,0,0,26,22,14,20,12,7,False,0,False
573.7908,18.656,18.22,15.353,14.228,14.286,20,18,6,1806020.6,73,73,72,72,102,101,100,99,20.159,20.128,22.233,22.167,581.207,93473,0,0,33,6850,6,7,0,0,0,26,22,14,20,12,7,False,0,False
574.2951,18.677,18.24,15.381,14.256,14.281,20,18,6,1837609,74,75,77,76,102,101,100,99,20.154,20.124,22.231,22.165,623.652,93473,0,0,33,6850,6,7,0,0,0,26,22,14,20,12,7,False,0,False
574.7926,18.7,18.262,15.407,14.283,14.28,20,18,6,1868808.6,75,75,77,77,102,101,100,99,20.155,20.125,22.236,22.17,656.578,93473,0,0,0,6866,6,7,0,0,0,26,22,14,20,12,7,False,0,False
575.29297,18.716,18.278,15.419,14.295,14.279,20,18,6,1894166.5,73,73,74,74,102,101,100,99,20.158,20.128,22.242,22.177,681.406,93473,0,0,0,6866,6,7,0,0,0,26,22,14,20,12,7,False,0,False
575.79626,18.727,18.288,15.424,14.3,14.278,20,18,6,1914371,73,73,73,72,102,101,100,99,20.161,20.132,22.248,22.183,700.121,93473,0,0,33,6900,6,7,0,0,0,26,22,14,20,12,7,False,0,False
576.2947,18.732,18.293,15.428,14.304,14.278,20,18,6,1930195,71,70,72,71,102,101,100,99,20.165,20.135,22.253,22.188,714.082,93473,0,0,33,6900,6,7,0,0,0,26,22,14,20,12,7,False,0,False
577.7935,18.749,18.306,15.459,14.326,14.278,20,18,6,1952939.5,72,70,80,73,102,102,101,100,20.173,20.141,22.271,22.203,747.227,93473,0,0,150,7034,6,7,0,0,0,26,22,14,20,12,7,False,0,False
578.2905,18.755,18.311,15.467,14.331,14.276,20,18,6,1957064.6,72,71,79,72,102,102,101,100,20.176,20.143,22.279,22.207,760.469,93473,0,0,150,7034,6,7,0,0,0,26,22,14,20,12,7,False,0,False
578.7885,18.762,18.317,15.469,14.334,14.272,20,18,6,1960896.1,73,71,76,71,102,102,101,100,20.178,20.145,22.284,22.211,770.117,93473,0,0,150,7366,6,7,0,0,0,26,22,14,20,12,7,False,0,False
579.794,18.78,18.343,15.469,14.334,14.257,20,18,6,1965407.2,76,77,69,68,102,102,101,100,20.185,20.152,22.29,22.216,795.66,93473,0,0,150,7366,6,7,0,0,0,26,22,14,20,12,7,False,0,False
580.2936,18.793,18.355,15.473,14.338,14.248,20,18,6,1971386.6,76,76,69,71,102,102,101,100,20.188,20.156,22.292,22.218,812.027,93473,0,0,383,7366,6,7,0,0,0,26,22,14,20,12,7,False,0,False
581.7935,18.842,18.409,15.499,14.366,14.217,20,18,6,1985655.4,75,78,73,74,103,102,101,100,20.197,20.168,22.295,22.225,878.516,93473,0,0,283,7217,6,7,0,0,0,26,22,14,20,12,7,False,0,False
582.2925,18.872,18.441,15.51,14.377,14.203,20,18,6,1985862.8,79,82,73,74,103,102,101,100,20.2,20.173,22.295,22.227,902.395,93473,0,0,283,7117,6,7,0,0,0,26,22,14,20,12,7,False,0,False
582.7954,18.885,18.455,15.512,14.379,14.191,20,18,6,1985404.4,74,74,70,71,103,102,101,100,20.202,20.176,22.295,22.227,928.957,93473,0,0,234,6983,6,7,0,0,0,26,22,14,20,12,7,False,0,False
583.2937,18.906,18.474,15.524,14.389,14.177,20,18,6,1978621.6,77,75,74,71,103,102,101,100,20.203,20.177,22.294,22.227,958.988,93473,0,0,234,6983,6,7,0,0,0,26,22,14,20,12,7,False,0,False
583.7902,18.927,18.492,15.534,14.399,14.164,20,18,6,1973761.5,75,73,73,71,103,102,101,100,20.205,20.177,22.293,22.226,990.211,93473,0,0,200,6983,6,7,0,0,0,26,22,14,20,12,7,False,0,False
584.28986,18.941,18.503,15.54,14.405,14.151,20,18,6,1968149.6,74,72,72,71,103,102,101,100,20.205,20.177,22.291,22.224,1021.766,93473,0,0,167,6983,6,7,0,0,0,26,22,14,20,12,7,False,0,False
584.7924,18.956,18.515,15.545,14.411,14.137,20,18,6,1959505.9,73,71,71,70,103,102,101,100,20.204,20.175,22.289,22.221,1055.156,93473,0,0,167,6867,6,7,0,0,0,26,22,14,20,12,7,False,0,False
585.29193,18.965,18.524,15.546,14.412,14.123,20,18,6,1950862.1,70,71,70,70,103,102,101,100,20.201,20.172,22.285,22.217,1090.145,93473,0,0,134,6867,6,7,0,0,0,26,22,14,20,12,7,False,0,False
585.7936,18.971,18.531,15.546,14.412,14.11,20,18,6,1947842.5,71,71,71,70,103,102,101,100,20.198,20.17,22.28,22.213,1126.492,93473,0,0,134,6867,6,7,0,0,0,26,22,14,20,12,7,False,0,False
587.2937,18.99,18.55,15.547,14.412,14.069,20,18,6,1921911.2,71,71,71,71,102,102,101,99,20.187,20.159,22.265,22.199,1241.816,93473,0,0,83,6600,6,7,0,0,0,26,22,14,20,12,7,False,0,False
587.7921,18.997,18.556,15.547,14.412,14.055,20,18,6,1913267.5,71,71,71,71,102,102,100,99,20.182,20.155,22.259,22.193,1282.07,93473,0,0,67,6600,6,7,0,0,0,26,22,14,20,12,7,False,0,False
588.29614,19.002,18.562,15.547,14.412,14.042,20,18,6,1910116.1,71,71,71,71,102,102,100,99,20.177,20.15,22.253,22.187,1322.992,93473,0,0,33,6717,6,7,0,0,0,26,22,14,20,12,7,False,0,False
588.78925,19.008,18.568,15.547,14.413,14.028,20,18,6,1901472.4,71,72,72,71,102,102,100,99,20.172,20.145,22.246,22.181,1364.484,93473,0,0,17,6717,6,7,0,0,0,26,22,14,20,12,7,False,0,False
589.294,19.011,18.572,15.548,14.413,14.023,20,18,6,1906333.4,71,71,72,72,102,102,100,99,20.166,20.14,22.239,22.174,1406.191,93473,0,0,17,6666,5,7,0,0,0,26,22,14,20,12,7,False,0,False
589.7964,19.036,18.592,15.582,14.44,14.02,20,18,6,1938785.8,74,74,77,75,102,102,100,99,20.165,20.139,22.24,22.175,1442.113,93473,0,0,1866,6666,6,7,0,0,0,26,22,14,20,12,7,False,0,False
590.2956,19.046,18.603,15.59,14.446,14.019,20,18,6,1967098.4,72,72,73,72,102,102,100,99,20.166,20.14,22.243,22.178,1470.488,93473,0,0,0,6650,6,7,0,0,0,26,22,14,20,12,7,False,0,False
590.79364,19.053,18.608,15.597,14.453,14.019,20,18,6,1992501.6,72,70,73,72,102,102,100,99,20.168,20.141,22.246,22.182,1494.312,93473,0,0,0,6650,6,7,0,0,0,26,22,14,20,12,7,False,0,False
591.2913,19.074,18.624,15.628,14.48,14.019,20,18,6,2013765.1,79,74,85,80,102,102,100,99,20.171,20.143,22.252,22.187,1513.77,93473,0,0,50,6716,6,7,0,0,0,26,22,14,20,12,7,False,0,False
592.2951,19.112,18.649,15.71,14.546,14.017,20,18,6,2034680.2,79,74,96,88,102,102,101,100,20.183,20.15,22.274,22.205,1552.109,93473,0,0,50,6717,6,7,0,0,0,26,22,14,20,12,7,False,0,False
592.79266,19.125,18.66,15.738,14.566,14.013,20,18,6,2040654.2,78,74,93,84,102,102,101,100,20.188,20.152,22.286,22.214,1568.48,93473,0,0,50,6717,6,7,0,0,0,26,22,14,20,12,7,False,0,False
593.2936,19.139,18.67,15.755,14.578,14.008,20,18,6,2046665.8,78,74,86,79,102,102,101,100,20.192,20.155,22.295,22.22,1583.715,93473,0,0,50,6717,6,7,0,0,0,26,22,14,20,12,7,False,0,False
593.7924,19.148,18.678,15.76,14.583,14.002,20,18,6,2052697.8,75,72,78,74,103,102,101,100,20.195,20.156,22.301,22.223,1599.098,93473,0,0,50,6716,6,7,0,0,0,26,22,14,20,12,7,False,0,False
594.2916,19.162,18.692,15.765,14.588,13.993,20,18,6,2054485.5,77,75,74,71,103,102,101,100,20.198,20.158,22.303,22.225,1616.129,93473,0,0,50,6716,5,7,0,0,0,26,22,14,20,12,7,False,0,False
594.7938,19.174,18.704,15.767,14.59,13.981,20,18,6,2051886.1,76,74,72,70,103,102,101,100,20.2,20.16,22.304,22.226,1636.609,93473,0,0,2133,6633,5,7,0,0,0,26,22,14,20,12,7,False,0,False
595.2923,19.207,18.735,15.769,14.593,13.968,20,18,6,2050050.2,84,83,69,69,103,102,101,100,20.203,20.162,22.304,22.225,1659.34,93473,0,0,2217,6633,5,7,0,0,0,26,22,14,20,12,7,False,0,False
595.7932,19.266,18.805,15.771,14.593,13.955,20,18,6,2055045,94,100,68,68,103,102,101,100,20.208,20.169,22.303,22.224,1683.676,93473,0,0,2217,6633,5,7,0,0,0,26,22,14,20,12,7,False,0,False
596.2927,19.312,18.845,15.773,14.596,13.943,20,18,6,2055536.5,81,80,70,71,103,102,101,100,20.217,20.178,22.301,22.223,1709.844,93473,0,0,2216,6633,5,7,0,0,0,26,22,14,20,12,7,False,0,False
596.78986,19.323,18.859,15.782,14.604,13.932,20,18,6,2049148.4,73,75,71,73,103,102,101,100,20.218,20.18,22.299,22.222,1737.293,93473,0,0,2216,6566,5,7,0,0,0,26,22,14,20,12,7,False,0,False
597.293,19.337,18.876,15.79,14.612,13.918,20,18,6,2042053.8,73,75,71,73,103,102,101,100,20.218,20.18,22.296,22.221,1766.473,93473,0,0,2284,6617,5,7,0,0,0,26,22,14,20,12,7,False,0,False
597.7942,19.347,18.889,15.796,14.617,13.905,20,18,6,2039620.2,73,74,72,73,103,102,101,100,20.216,20.18,22.294,22.219,1797.629,93473,0,0,2284,6617,5,7,0,0,0,26,22,14,20,12,7,False,0,False
598.29486,19.361,18.907,15.805,14.625,13.892,20,18,6,2031093.9,72,76,72,71,103,102,101,100,20.214,20.18,22.291,22.217,1831.234,93473,30624,0,2333,6650,5,7,0,0,0,26,22,14,20,12,7,False,0,False
598.7929,19.382,18.922,15.829,14.648,13.888,20,18,6,2051596.2,77,74,79,76,103,102,101,100,20.213,20.179,22.289,22.215,1863.398,93473,30624,0,2333,6650,5,7,0,0,0,26,22,14,20,12,7,False,0,False
599.79504,19.452,18.976,15.941,14.741,13.886,20,18,6,2091918.4,85,79,99,89,103,102,101,100,20.219,20.181,22.298,22.22,1920.727,93473,30624,0,2350,6650,5,7,0,0,0,26,22,14,20,12,7,False,0,False
600.293,19.486,19.002,16.001,14.791,13.879,20,18,6,2097983.2,84,78,93,86,103,102,101,100,20.224,20.183,22.307,22.227,1946.305,93473,30624,0,2350,6650,5,7,0,0,0,26,22,14,17,12,7,False,0,False
600.79175,19.511,19.022,16.017,14.805,13.869,20,18,6,2098697.5,79,75,78,75,103,102,101,100,20.227,20.185,22.311,22.229,1970.629,93473,30624,0,2400,6650,5,7,0,0,0,26,22,14,17,12,7,False,0,False
601.292,19.523,19.035,16.021,14.81,13.856,20,18,6,2093536.9,74,74,71,73,103,102,101,100,20.227,20.184,22.31,22.228,1997.234,93473,30624,0,2400,6650,5,7,0,0,0,26,22,14,17,12,7,False,0,False
601.7923,19.541,19.06,16.056,14.849,13.85,20,18,6,2100179,76,80,81,86,103,102,101,100,20.226,20.184,22.308,22.227,2026.77,93473,30624,0,2450,6650,5,7,0,0,0,26,22,14,17,12,7,False,0,False
602.29376,19.573,19.1,16.112,14.922,13.842,20,18,6,2105967.8,79,83,86,93,103,102,101,100,20.226,20.187,22.31,22.233,2055.266,93473,30624,0,2450,6733,5,7,0,0,0,26,22,14,17,12,7,False,0,False
602.7931,19.597,19.13,16.133,14.946,13.83,20,18,6,2108654.5,75,78,76,79,103,102,101,100,20.226,20.189,22.31,22.236,2082.344,93473,30624,0,2533,6733,5,7,0,0,0,26,22,14,17,12,7,False,0,False
603.29315,19.619,19.155,16.148,14.962,13.817,20,18,6,2101543.2,75,78,74,76,103,102,101,100,20.225,20.19,22.307,22.234,2111.391,93473,30624,0,2533,6733,5,7,0,0,0,26,22,14,17,12,7,False,0,False
603.79333,19.634,19.173,16.157,14.969,13.804,20,18,6,2099110,73,76,72,73,103,102,101,100,20.223,20.189,22.303,22.231,2142.23,93473,30624,0,2533,6917,5,7,0,0,0,26,22,14,17,12,7,False,0,False
604.295,19.642,19.183,16.158,14.971,13.79,20,18,6,2090557.4,73,74,71,71,103,102,101,100,20.219,20.187,22.298,22.226,2174.398,93473,30624,0,2633,6917,5,7,0,0,0,26,22,14,17,12,7,False,0,False
604.79175,19.657,19.199,16.178,14.99,13.786,20,18,6,2116790,74,74,76,75,103,102,101,100,20.218,20.186,22.297,22.226,2203.82,93473,30624,0,2633,6967,5,7,0,0,0,26,22,14,17,12,7,False,0,False
605.2942,19.673,19.212,16.188,15.002,13.785,20,18,6,2141333,74,73,76,74,103,102,101,100,20.219,20.187,22.3,22.229,2226.551,93473,30624,0,2633,6967,5,7,0,0,0,26,22,14,16,12,7,False,0,False
605.7939,19.685,19.222,16.199,15.015,13.785,20,18,6,2161438.5,76,72,76,76,103,102,101,100,20.222,20.189,22.305,22.233,2244.211,93473,30624,0,2633,7017,5,7,0,0,0,26,22,14,16,12,7,False,0,False
606.2931,19.699,19.232,16.219,15.03,13.785,20,18,6,2175730,77,73,82,77,103,102,101,100,20.225,20.19,22.31,22.238,2257.469,93473,30624,0,2767,7017,5,7,0,0,0,26,22,14,16,12,7,False,0,False
606.79236,19.71,19.24,16.238,15.043,13.785,20,18,6,2181960.8,76,73,85,77,103,102,101,100,20.229,20.192,22.317,22.243,2269.988,93473,30624,0,2767,7017,5,7,0,0,0,26,22,14,16,12,7,False,0,False
607.2926,19.72,19.248,16.269,15.063,13.785,20,18,6,2187830.2,77,73,93,81,103,103,102,100,20.232,20.193,22.325,22.247,2289.047,93473,30624,0,2767,6983,5,7,0,0,0,26,22,14,16,12,7,False,0,False
607.79474,19.733,19.257,16.285,15.075,13.783,20,18,6,2193572.5,78,73,89,80,103,103,102,100,20.235,20.195,22.335,22.253,2302.398,93473,30624,0,2733,6983,5,7,0,0,0,26,22,14,16,12,7,False,0,False
608.2958,19.741,19.263,16.292,15.08,13.779,20,18,6,2199561.2,76,72,82,76,103,103,102,100,20.239,20.196,22.341,22.257,2314.262,93473,30624,0,2733,6983,5,7,0,0,0,26,22,14,16,12,7,False,0,False
608.79,19.75,19.272,16.298,15.086,13.772,20,18,6,2206255.8,77,73,78,73,103,103,102,100,20.241,20.197,22.346,22.259,2326.719,93473,30624,0,2733,6983,5,7,0,0,0,26,22,14,16,12,7,False,0,False
609.29175,19.761,19.283,16.299,15.087,13.764,20,18,6,2212287.8,76,75,74,70,103,103,102,100,20.243,20.198,22.347,22.26,2341.086,93473,30624,0,2733,6916,5,7,0,0,0,26,22,14,16,12,7,False,0,False
609.7934,19.783,19.305,16.3,15.088,13.752,20,18,6,2219110,80,80,71,69,103,103,102,100,20.245,20.201,22.348,22.26,2358.508,93473,30624,0,2666,6916,5,7,0,0,0,26,22,14,16,12,7,False,0,False
610.29047,19.801,19.323,16.3,15.088,13.74,20,18,6,2229091.8,79,78,70,69,104,103,102,100,20.248,20.204,22.347,22.258,2378.738,93473,30624,0,2666,6916,5,7,0,0,0,26,22,14,16,12,7,False,0,False
610.7932,19.815,19.342,16.3,15.088,13.727,20,18,6,2225120,77,76,69,70,104,103,102,100,20.25,20.206,22.345,22.257,2401.562,93473,30624,0,2700,6933,5,7,0,0,0,26,22,14,16,12,7,False,0,False
611.2913,19.827,19.355,16.3,15.088,13.713,20,18,6,2219741,74,73,69,69,104,103,102,100,20.25,20.206,22.342,22.255,2426.996,93473,30624,0,2700,6933,5,7,0,0,0,26,22,14,16,12,7,False,0,False
611.7896,19.84,19.368,16.3,15.088,13.7,20,18,6,2183678,74,73,69,70,104,103,102,100,20.25,20.205,22.339,22.253,2454.664,93473,30624,0,2700,6933,5,7,0,0,0,26,22,14,16,12,7,False,0,False
612.29364,19.851,19.379,16.3,15.088,13.687,20,18,6,2136300.5,73,73,70,70,104,103,102,100,20.249,20.204,22.335,22.25,2484.672,93473,30624,0,2683,6933,5,7,0,0,0,26,22,14,16,12,7,False,0,False
612.79193,19.859,19.387,16.3,15.088,13.674,20,18,6,2124703,72,72,70,70,104,103,102,100,20.246,20.202,22.332,22.247,2516.418,93473,30624,0,2683,6950,5,7,0,0,0,26,22,14,16,12,7,False,0,False
613.29065,19.867,19.395,16.301,15.089,13.66,20,18,6,2116063,72,72,70,70,103,103,102,100,20.244,20.2,22.327,22.243,2549.719,93473,30624,0,2683,6950,5,7,0,0,0,26,22,14,16,12,7,False,0,False
613.79047,19.877,19.409,16.309,15.096,13.646,20,18,6,2107423,73,74,72,73,103,103,102,100,20.241,20.198,22.323,22.239,2584.457,93473,30624,0,2683,6950,5,7,0,0,0,26,22,14,16,12,7,False,0,False
614.2915,19.915,19.454,16.36,15.152,13.633,20,18,6,2104187.5,80,83,82,87,103,103,101,100,20.239,20.198,22.32,22.238,2619.438,93473,30624,0,2683,6950,5,7,0,0,0,26,22,14,16,12,7,False,0,False
614.793,19.964,19.512,16.424,15.223,13.623,20,18,6,2109749.8,80,83,83,87,103,103,101,100,20.24,20.2,22.321,22.241,2655.211,93473,30624,0,2683,6950,5,7,0,0,0,26,22,14,16,12,7,False,0,False
615.29376,20.003,19.556,16.474,15.271,13.621,20,18,6,2137286.5,80,82,85,87,103,103,102,100,20.242,20.205,22.325,22.247,2684.512,93473,30624,0,2667,6933,5,7,0,0,0,26,22,14,16,12,7,False,0,False
615.7901,20.041,19.6,16.515,15.322,13.621,20,18,6,2160885.8,84,87,86,94,104,103,102,100,20.247,20.212,22.333,22.257,2706.234,93473,30624,0,2667,6933,5,7,0,0,0,26,22,14,16,12,7,False,0,False
616.29395,20.075,19.649,16.561,15.368,13.62,20,18,6,2179457,86,96,93,96,104,103,102,101,20.253,20.221,22.342,22.268,2724.582,93473,30624,0,2667,6866,5,7,0,0,0,26,22,14,16,12,7,False,0,False
616.7926,20.127,19.707,16.606,15.437,13.62,20,18,6,2193033.2,98,104,98,111,104,103,102,101,20.263,20.236,22.353,22.283,2738.328,93473,30624,0,2667,6866,5,7,0,0,0,26,22,14,16,12,7,False,0,False
617.29285,20.174,19.756,16.653,15.512,13.62,20,18,6,2201699.5,105,109,106,123,104,104,102,101,20.279,20.255,22.367,22.305,2753.305,93473,30624,0,2600,6866,5,7,0,0,0,26,22,14,16,12,7,False,0,False
617.7963,20.181,19.767,16.672,15.535,13.619,20,18,6,2206043,90,95,99,114,104,104,103,102,20.292,20.271,22.382,22.326,2764.957,93473,30624,0,2600,6750,5,7,0,0,0,26,22,14,16,12,7,False,0,False
618.2935,20.185,19.772,16.677,15.54,13.616,20,18,6,2210512,81,84,88,99,104,104,103,102,20.298,20.279,22.391,22.342,2773.227,93473,30624,0,2600,6750,5,7,0,0,0,26,22,14,16,12,7,False,0,False
618.78876,20.197,19.782,16.678,15.542,13.61,20,18,6,2213412.8,79,81,79,86,105,104,103,102,20.302,20.285,22.397,22.351,2783.215,93473,30624,0,2500,6750,5,7,0,0,0,26,22,14,16,12,7,False,0,False
619.2946,20.207,19.795,16.678,15.542,13.602,20,18,6,2215003,78,80,73,77,105,104,103,102,20.305,20.288,22.399,22.356,2796.621,93473,30624,0,2500,6750,5,7,0,0,0,26,22,14,16,12,7,False,0,False
619.79517,20.224,19.813,16.678,15.542,13.591,20,18,6,2219335,79,80,70,72,105,104,103,102,20.308,20.292,22.399,22.358,2812.172,93473,30624,0,2500,6750,5,7,0,0,0,26,22,14,16,12,7,False,0,False
620.29364,20.247,19.836,16.678,15.542,13.58,20,18,6,2229167.5,81,81,69,69,105,104,103,102,20.311,20.296,22.397,22.357,2830.477,93473,30624,0,2783,6750,5,7,0,0,0,26,22,14,16,12,7,False,0,False
620.78577,20.271,19.857,16.678,15.542,13.568,20,18,6,2211998,80,79,69,69,105,104,103,102,20.314,20.299,22.395,22.355,2850.773,93473,30624,0,2783,7033,5,7,0,0,0,26,22,14,16,12,7,False,0,False
621.2942,20.292,19.877,16.678,15.542,13.553,20,18,6,2179392,77,77,69,69,105,105,103,102,20.316,20.301,22.392,22.353,2875.574,93473,30624,0,2783,7033,5,7,0,0,0,26,22,14,16,12,7,False,0,False
621.7943,20.303,19.889,16.678,15.542,13.541,20,18,6,2164947.8,74,74,70,70,105,105,103,102,20.316,20.301,22.389,22.351,2902.273,93473,30624,0,2800,7033,5,7,0,0,0,26,22,14,16,12,7,False,0,False
622.2924,20.312,19.898,16.678,15.542,13.527,20,18,6,2157934.2,73,73,70,70,105,104,103,102,20.314,20.3,22.386,22.348,2931.105,93473,30624,0,2800,7033,5,7,0,0,0,26,22,14,16,12,7,False,0,False
623.29236,20.328,19.914,16.678,15.542,13.5,20,18,6,2146976.8,73,72,71,70,105,104,102,102,20.309,20.295,22.378,22.341,2994.293,93473,30624,0,2783,7033,5,7,0,0,0,26,22,14,16,12,7,False,0,False
623.7946,20.335,19.921,16.678,15.542,13.487,20,18,6,2138336.8,73,72,71,71,105,104,102,102,20.306,20.293,22.374,22.337,3028.215,93473,30624,0,2783,7033,5,7,0,0,0,26,22,14,16,12,7,False,0,False
624.2908,20.342,19.927,16.678,15.542,13.473,20,18,6,2129696.8,73,72,71,71,105,104,102,102,20.303,20.289,22.369,22.332,3063.461,93473,30624,0,2783,7050,5,7,0,0,0,26,22,14,16,12,7,False,0,False
624.7894,20.348,19.934,16.678,15.542,13.46,20,18,6,2126670.5,73,72,71,71,104,104,102,102,20.299,20.286,22.364,22.327,3099.801,93473,30624,0,2783,7050,5,7,0,0,0,26,22,14,16,12,7,False,0,False
625.2921,20.354,19.94,16.678,15.542,13.446,20,18,6,2118030.5,72,73,71,71,104,104,102,102,20.295,20.282,22.358,22.322,3137.031,93473,30624,0,2783,7050,5,7,0,0,0,26,22,14,16,12,7,False,0,False
625.7949,20.361,19.947,16.678,15.542,13.432,20,18,6,2109390.5,73,73,71,71,104,104,102,101,20.291,20.278,22.352,22.316,3175.18,93473,30624,0,2783,7050,5,7,0,0,0,26,22,14,16,12,7,False,0,False
626.2903,20.367,19.954,16.678,15.542,13.418,20,18,6,2100750.5,73,73,71,71,104,104,102,101,20.286,20.273,22.345,22.309,3214.152,93473,30624,0,2766,7050,5,7,0,0,0,26,22,14,16,12,7,False,0,False
626.79144,20.373,19.96,16.678,15.542,13.405,20,18,6,2092108.2,73,73,71,71,104,104,102,101,20.281,20.268,22.338,22.303,3253.836,93473,30624,0,2766,7050,5,7,0,0,0,26,22,14,16,12,7,False,0,False
627.2899,20.379,19.967,16.678,15.542,13.391,20,18,6,2083464.5,73,73,72,71,104,104,102,101,20.276,20.263,22.33,22.295,3294.125,93473,30624,0,2767,7050,5,7,0,0,0,26,22,14,16,12,7,False,0,False
627.79456,20.385,19.973,16.678,15.542,13.377,20,18,6,2074820.8,73,73,72,71,104,104,102,101,20.27,20.257,22.323,22.288,3334.945,93473,30624,0,2767,7050,5,7,0,0,0,26,22,14,16,12,7,False,0,False
628.2928,20.399,19.986,16.697,15.561,13.368,20,18,6,2092345.2,75,75,77,77,104,104,101,101,20.266,20.253,22.318,22.284,3374.266,93473,30624,0,2767,7033,5,7,0,0,0,26,22,14,16,12,7,False,0,False
628.7889,20.418,20.004,16.719,15.583,13.367,20,18,6,2122035,74,74,76,76,104,104,102,101,20.266,20.254,22.322,22.288,3404.215,93473,30624,0,2750,7033,5,7,0,0,0,26,22,14,16,12,7,False,0,False
629.79175,20.454,20.053,16.786,15.666,13.367,20,18,6,2164568.2,77,82,87,96,104,104,102,101,20.269,20.26,22.334,22.303,3450.605,93473,30624,0,2817,7100,5,7,0,0,0,26,22,14,16,12,7,False,0,False
630.2944,20.472,20.08,16.822,15.708,13.36,20,18,6,2171586.8,76,85,87,91,104,104,102,101,20.272,20.266,22.342,22.315,3474.191,93473,30624,0,2817,7166,5,7,0,0,0,26,22,14,16,12,7,False,0,False
630.7938,20.506,20.119,16.851,15.747,13.353,20,18,6,2178433.2,82,88,84,91,104,104,102,102,20.276,20.273,22.349,22.324,3498.184,93473,30624,0,2883,7166,5,7,0,0,0,26,22,14,16,12,7,False,0,False
631.29205,20.53,20.149,16.87,15.771,13.343,20,18,6,2184875.5,79,83,79,84,104,104,102,102,20.28,20.279,22.354,22.332,3520.176,93473,30624,0,2883,7166,5,7,0,0,0,26,22,14,16,12,7,False,0,False
631.7914,20.549,20.172,16.888,15.79,13.332,20,18,6,2191235.5,77,81,77,80,104,104,102,102,20.282,20.283,22.357,22.336,3542.914,93473,30624,0,2883,7150,5,7,0,0,0,26,22,14,16,12,7,False,0,False
632.29254,20.568,20.195,16.901,15.804,13.32,20,18,6,2196406.2,76,80,75,77,104,104,102,102,20.283,20.286,22.358,22.339,3566.922,93473,30624,0,2883,7150,5,7,0,0,0,26,22,14,16,12,7,False,0,False
632.79425,20.6,20.231,16.924,15.828,13.307,20,18,6,2193622.5,80,85,78,80,104,104,102,102,20.284,20.29,22.359,22.341,3592.539,93473,30624,0,2883,7133,5,7,0,0,0,26,22,14,16,12,7,False,0,False
633.2879,20.633,20.27,16.946,15.852,13.294,20,18,6,2193175.2,79,83,77,79,104,104,102,102,20.286,20.294,22.36,22.343,3618.852,93473,30624,0,2866,7133,5,7,0,0,0,26,22,14,16,12,7,False,0,False
633.79156,20.658,20.299,16.966,15.87,13.28,20,18,6,2185654.2,76,80,76,77,104,104,102,102,20.287,20.296,22.36,22.344,3648.859,93473,30624,0,2867,7133,5,7,0,0,0,26,22,14,16,12,7,False,0,False
634.2929,20.683,20.33,16.985,15.889,13.267,20,18,6,2146625,76,80,76,76,104,104,102,102,20.286,20.298,22.359,22.344,3679.902,93473,30624,0,2867,7133,5,7,0,0,0,26,22,14,16,12,7,False,0,False
634.7922,20.698,20.349,16.994,15.897,13.253,20,18,6,2136474.5,73,75,72,72,104,104,102,102,20.285,20.298,22.356,22.342,3712.523,93473,30624,0,2883,7133,5,7,0,0,0,26,22,14,16,12,7,False,0,False
635.79065,20.778,20.416,17.077,15.972,13.226,20,18,6,2119194.5,86,82,87,83,104,104,102,102,20.284,20.295,22.355,22.338,3781.078,93473,30624,0,2884,7150,5,7,0,0,0,26,22,14,17,12,7,False,0,False
636.2916,20.832,20.461,17.144,16.034,13.212,20,18,6,2110554.5,86,82,90,86,104,104,102,102,20.286,20.295,22.356,22.338,3817.055,93473,30624,0,2883,7167,5,7,0,0,0,26,22,14,17,12,7,False,0,False
636.79364,20.901,20.52,17.234,16.112,13.198,20,18,6,2101914.5,87,83,93,87,104,104,102,102,20.289,20.296,22.359,22.339,3853.781,93473,30624,0,2883,7167,5,7,0,0,0,26,22,14,17,12,7,False,0,False
637.29474,20.966,20.575,17.319,16.187,13.184,20,18,6,2093272.8,87,83,92,87,104,104,102,102,20.291,20.296,22.362,22.339,3890.516,93473,30624,0,2883,7167,5,7,0,0,0,26,22,14,17,12,7,False,0,False
637.7935,21.029,20.628,17.393,16.253,13.172,20,18,6,2090083,84,80,88,83,104,104,102,102,20.293,20.296,22.363,22.339,3926.73,93473,30624,0,2883,7167,5,7,0,0,0,26,22,14,17,12,7,False,0,False
638.292,21.085,20.675,17.455,16.309,13.158,20,18,6,2081439.2,85,81,85,81,104,104,102,102,20.293,20.294,22.363,22.337,3961.977,93473,30624,0,2883,7166,5,7,0,0,0,26,22,14,17,12,7,False,0,False
638.7901,21.106,20.692,17.465,16.319,13.144,20,18,6,2072795.5,73,73,73,71,104,104,102,102,20.291,20.29,22.359,22.332,3998.129,93473,30624,0,2883,7166,5,7,0,0,0,26,22,14,17,12,7,False,0,False
639.2915,21.123,20.706,17.492,16.336,13.135,20,18,6,2083842.8,76,75,83,77,104,104,102,102,20.286,20.285,22.354,22.326,4034.148,93473,30624,41001,2883,7183,5,7,0,0,0,26,22,14,17,12,7,False,0,False
639.79016,21.141,20.721,17.515,16.355,13.134,20,18,6,2113258.8,75,72,78,75,104,104,102,102,20.285,20.284,22.356,22.328,4063.184,93473,30624,41001,2883,7183,5,7,0,0,0,26,22,14,17,12,7,False,0,False
640.29254,21.164,20.736,17.546,16.383,13.134,20,18,6,2137313.2,79,74,84,80,104,104,102,102,20.286,20.283,22.36,22.33,4087.676,93473,30624,41001,2883,7183,5,7,0,0,0,26,22,14,17,12,7,False,0,False
640.79254,21.197,20.761,17.6,16.425,13.134,20,18,6,2151862.5,83,77,93,85,104,104,102,102,20.29,20.284,22.367,22.335,4110.074,93473,30624,41001,2933,7233,5,7,0,0,0,26,22,14,17,12,7,False,0,False
641.29114,21.224,20.781,17.66,16.469,13.134,20,18,6,2165609.2,82,77,99,89,104,104,102,102,20.294,20.285,22.378,22.342,4130.891,93473,30624,41001,2933,7166,5,7,0,0,0,26,22,14,17,12,7,False,0,False
641.79095,21.252,20.805,17.715,16.512,13.127,20,18,6,2172429.5,86,81,101,91,104,104,103,102,20.297,20.287,22.389,22.349,4153.938,93473,30624,41001,2883,7166,5,7,0,0,0,26,22,14,17,12,7,False,0,False
642.2933,21.314,20.859,17.762,16.546,13.118,20,18,6,2179181.2,99,94,96,86,105,104,103,102,20.305,20.292,22.399,22.356,4174.973,93473,30624,41001,2883,7166,5,7,0,0,0,26,22,14,17,12,7,False,0,False
642.79407,21.416,20.946,17.782,16.563,13.111,20,18,6,2186445,114,107,86,80,105,105,103,102,20.321,20.305,22.405,22.359,4194.652,93473,30624,41001,2850,7134,5,7,0,0,0,26,22,14,17,12,7,False,0,False
643.2932,21.446,20.973,17.797,16.575,13.1,20,18,6,2187898.5,87,84,78,74,105,105,103,102,20.333,20.314,22.408,22.36,4215.109,93473,30624,41001,2850,7134,5,7,0,0,0,26,22,14,17,12,7,False,0,False
643.7921,21.461,20.989,17.797,16.576,13.086,20,18,6,2173975,78,77,72,71,105,105,103,102,20.335,20.315,22.407,22.358,4238.598,93473,30624,41001,2850,7200,5,7,0,0,0,26,22,14,17,12,7,False,0,False
644.2913,21.476,21.004,17.797,16.576,13.073,20,18,6,2140838.8,76,75,70,70,105,105,103,102,20.334,20.314,22.404,22.355,4265.016,93473,30624,41001,2917,7200,5,7,0,0,0,26,22,14,17,12,7,False,0,False
644.7897,21.488,21.016,17.797,16.576,13.059,20,18,6,2094361.5,74,74,70,70,105,105,103,102,20.332,20.312,22.4,22.351,4293.934,93473,30624,41001,2950,7200,5,7,0,0,0,26,22,14,17,12,7,False,0,False
645.2897,21.498,21.026,17.797,16.576,13.047,20,18,6,2046681.6,74,73,70,71,105,105,103,102,20.329,20.309,22.395,22.347,4325.031,93473,30624,41001,2950,7250,5,7,0,0,0,26,22,14,17,12,7,False,0,False
645.79315,21.508,21.036,17.797,16.576,13.033,20,18,6,1989230,74,73,71,71,105,105,103,102,20.326,20.306,22.39,22.343,4358.062,93473,30624,41001,2950,7250,5,7,0,0,0,26,22,14,17,12,7,False,0,False
646.2925,21.518,21.046,17.797,16.576,13.019,20,18,6,1931615,73,73,71,71,105,105,103,102,20.322,20.302,22.385,22.338,4392.891,93473,30624,41001,2950,7250,5,7,0,0,0,26,22,14,17,12,7,False,0,False
646.79254,21.525,21.053,17.797,16.576,13.006,20,18,6,1926781.9,72,72,71,70,105,104,102,102,20.318,20.298,22.379,22.333,4428.949,93473,30624,41001,2950,7250,5,7,0,0,0,26,22,14,17,12,7,False,0,False
647.294,21.532,21.059,17.797,16.576,12.992,20,18,6,1918138.1,73,72,71,71,105,104,102,102,20.313,20.293,22.373,22.327,4466.023,93473,30624,41001,2950,7250,5,7,0,0,0,26,22,14,17,12,7,False,0,False
647.79266,21.539,21.066,17.797,16.576,12.979,20,18,6,1909494.4,73,73,71,71,105,104,102,101,20.307,20.288,22.367,22.32,4504.066,93473,30624,41001,2934,7250,5,7,0,0,0,26,22,14,17,12,7,False,0,False
648.2939,21.545,21.072,17.797,16.576,12.965,20,18,6,1900850.6,73,72,71,71,105,104,102,101,20.302,20.282,22.36,22.314,4542.984,93473,30624,41001,2916,7216,5,7,0,0,0,26,22,14,17,12,7,False,0,False
648.792,21.551,21.078,17.797,16.576,12.951,20,18,6,1892206.9,73,73,71,71,104,104,102,101,20.296,20.276,22.352,22.307,4582.68,93473,30624,41001,2916,7216,5,7,0,0,0,26,22,14,17,12,7,False,0,False
649.29236,21.557,21.084,17.797,16.576,12.937,20,18,6,1883563.1,74,74,72,72,104,104,102,101,20.29,20.271,22.345,22.299,4623.062,93473,30624,41001,2916,7200,5,7,0,0,0,26,22,14,17,12,7,False,0,False
649.7931,21.563,21.089,17.797,16.576,12.924,20,18,6,1880365.9,74,73,72,72,104,104,102,101,20.284,20.265,22.337,22.292,4663.902,93473,30624,41001,2900,7200,5,7,0,0,0,26,22,14,17,12,7,False,0,False
650.2929,21.568,21.095,17.797,16.576,12.911,20,18,6,1871722.1,74,74,72,72,104,104,102,101,20.278,20.259,22.329,22.284,4705.223,93473,30624,41001,2900,7200,5,7,0,0,0,26,22,14,17,12,7,False,0,False
650.7912,21.574,21.101,17.798,16.576,12.897,20,18,6,1863078.4,74,74,72,72,104,104,101,101,20.271,20.252,22.321,22.276,4746.961,93473,30624,41001,2883,7200,5,7,0,0,0,26,22,14,17,12,7,False,0,False
651.292,21.579,21.107,17.798,16.576,12.883,20,18,6,1854434.6,73,74,72,72,104,103,101,101,20.264,20.245,22.312,22.268,4789.059,93473,30624,41001,2883,7183,5,7,0,0,0,26,22,14,17,12,7,False,0,False
651.7912,21.59,21.119,17.81,16.588,12.872,20,18,6,1861347.9,74,74,76,76,104,103,101,100,20.258,20.239,22.304,22.26,4830.773,93473,30624,41001,2883,7183,5,7,0,0,0,26,22,14,17,12,7,False,0,False
652.2926,21.613,21.142,17.84,16.616,12.871,20,18,6,1893649.1,75,75,78,78,104,103,101,101,20.256,20.238,22.307,22.263,4864.867,93473,30624,41001,2850,7167,5,7,0,0,0,26,22,14,17,12,7,False,0,False
652.7931,21.627,21.155,17.854,16.63,12.87,20,18,6,1920374.4,74,72,77,75,104,103,101,101,20.257,20.239,22.312,22.268,4891.266,93473,30624,41001,2850,7166,5,7,0,0,0,26,22,14,17,12,7,False,0,False
653.2917,21.657,21.178,17.902,16.668,12.87,20,18,6,1941726.6,82,77,91,84,104,103,101,101,20.261,20.241,22.32,22.274,4912.957,93473,30624,41001,2850,7166,5,7,0,0,0,26,22,14,17,12,7,False,0,False
653.78986,21.686,21.199,17.957,16.711,12.87,20,18,6,1958828.4,83,77,98,88,104,103,102,101,20.267,20.244,22.332,22.284,4930.719,93473,30624,41001,2866,7067,5,7,0,0,0,26,22,14,17,12,7,False,0,False
654.2917,21.703,21.215,18.007,16.743,12.863,20,18,6,1965285.9,81,78,100,87,104,104,102,101,20.272,20.247,22.346,22.293,4955.82,93473,30624,41001,2866,7067,5,7,0,0,0,26,22,14,17,12,7,False,0,False
654.7893,21.737,21.243,18.035,16.764,12.856,20,18,6,1971813,87,83,91,82,104,104,102,101,20.277,20.251,22.357,22.3,4973.062,93473,30624,41001,2767,7067,5,7,0,0,0,26,22,14,17,12,7,False,0,False
655.2811,21.791,21.289,18.056,16.779,12.848,20,18,6,1978368.8,96,90,86,78,104,104,102,101,20.287,20.258,22.365,22.305,4991.242,93473,30624,41001,2767,7067,5,7,0,0,0,26,22,14,17,12,7,False,0,False
655.7925,21.82,21.317,18.065,16.788,12.838,20,18,6,1983337.2,83,81,77,74,104,104,102,101,20.296,20.266,22.37,22.308,5011.422,93473,30624,41001,2700,7067,5,7,0,0,0,26,22,14,17,12,7,False,0,False
656.29156,21.839,21.336,18.07,16.793,12.825,20,18,6,1979399.1,79,78,74,71,104,104,102,101,20.299,20.268,22.371,22.308,5032.918,93473,30624,41001,2734,7067,5,7,0,0,0,26,22,14,17,12,7,False,0,False
656.79205,21.86,21.356,18.075,16.798,12.811,20,18,6,1974105.2,77,75,72,70,105,104,102,101,20.301,20.27,22.371,22.308,5057.324,93473,30624,41001,2734,7067,5,7,0,0,0,26,22,14,17,12,7,False,0,False
657.2913,21.874,21.37,18.075,16.798,12.798,20,18,6,1937129.6,75,74,71,70,105,104,102,101,20.302,20.27,22.37,22.307,5084.797,93473,30624,41001,2734,7017,5,7,0,0,0,26,22,14,17,12,7,False,0,False
657.7931,21.885,21.381,18.075,16.798,12.785,20,18,6,1892497.4,74,73,70,71,105,104,102,101,20.301,20.269,22.368,22.305,5114.906,93473,30624,41001,2734,7017,5,7,0,0,0,26,22,14,17,12,7,False,0,False
658.28595,21.893,21.389,18.075,16.798,12.772,20,18,6,1884423.8,73,72,70,71,104,104,102,101,20.299,20.267,22.365,22.303,5145.707,93473,30624,41001,2750,7017,5,7,0,0,0,26,22,14,17,12,7,False,0,False
658.79047,21.9,21.397,18.075,16.798,12.758,20,18,6,1875491.9,73,73,71,71,104,104,102,101,20.297,20.265,22.362,22.3,5180.258,93473,30624,41001,2750,7017,5,7,0,0,0,26,22,14,17,12,7,False,0,False
659.7861,21.913,21.409,18.075,16.798,12.731,20,18,6,1863870.6,73,73,71,71,104,104,102,101,20.291,20.259,22.354,22.293,5249.836,93473,30624,41001,2733,7017,5,7,0,0,0,26,22,14,17,12,7,False,0,False
660.2903,21.92,21.416,18.075,16.798,12.717,20,18,6,1854938.8,73,73,71,71,104,104,102,101,20.287,20.256,22.349,22.289,5287.996,93473,30624,41001,2733,7017,5,7,0,0,0,26,22,14,17,12,7,False,0,False
660.7902,21.926,21.422,18.075,16.798,12.703,20,18,6,1846295,73,73,71,71,104,104,102,101,20.283,20.252,22.344,22.284,5325.883,93473,30624,41001,2733,7017,5,7,0,0,0,26,22,14,17,12,7,False,0,False
661.28674,21.932,21.428,18.075,16.798,12.69,20,18,6,1837939.4,73,73,71,71,104,104,102,101,20.279,20.248,22.338,22.278,5363.309,93473,30624,41001,2650,7017,5,7,0,0,0,26,22,14,17,12,7,False,0,False
661.78815,21.938,21.434,18.075,16.798,12.676,20,18,6,1829295.6,73,73,72,71,104,103,102,101,20.274,20.244,22.332,22.273,5402.707,93473,30624,41001,2650,7017,5,7,0,0,0,26,22,14,17,12,7,False,0,False
662.2837,21.944,21.44,18.075,16.798,12.662,20,18,7,1820651.9,73,73,72,71,104,103,102,101,20.269,20.239,22.326,22.266,33.945,94578,0,0,2650,4900,4,8,0,0,0,26,22,14,17,12,7,False,0,False
662.7846,21.95,21.445,18.075,16.798,12.649,20,18,7,1812008.1,73,73,71,71,104,103,101,100,20.264,20.234,22.319,22.26,74.621,94578,0,0,2650,4900,4,8,0,0,0,26,22,14,17,12,7,False,0,False
663.28766,21.956,21.451,18.075,16.798,12.635,20,18,7,1803364.4,73,73,72,71,104,103,101,100,20.258,20.228,22.311,22.253,115.746,94578,0,0,2650,4900,3,8,0,0,0,26,22,14,17,12,7,False,0,False
663.7821,21.962,21.456,18.075,16.798,12.622,20,18,7,1800313.4,74,73,72,72,104,103,101,100,20.252,20.223,22.303,22.245,157.234,94578,0,0,0,0,1,8,0,0,0,26,22,14,17,12,7,False,0,False
664.29236,21.967,21.462,18.075,16.798,12.608,20,18,7,1791381.5,73,73,71,71,103,103,101,100,20.246,20.217,22.295,22.237,200.445,94578,0,0,0,0,1,8,0,0,0,26,22,14,17,12,7,False,0,False
664.78796,21.973,21.468,18.075,16.798,12.595,20,18,7,1783025.9,73,73,71,71,103,103,101,100,20.24,20.21,22.287,22.229,241.207,94578,0,0,0,0,1,8,0,0,0,26,22,14,17,12,7,False,0,False
665.29065,21.979,21.474,18.075,16.798,12.58,20,18,7,1774094,74,73,72,72,103,103,101,100,20.233,20.204,22.278,22.221,285.086,94578,0,0,0,0,1,8,0,0,0,26,22,14,17,12,7,False,0,False
665.7906,21.985,21.48,18.075,16.798,12.566,20,18,7,1765450.2,74,74,72,72,103,103,101,100,20.226,20.197,22.269,22.212,327.84,94578,0,0,0,0,1,8,0,0,0,26,22,14,17,12,7,False,0,False
666.2871,21.991,21.485,18.075,16.798,12.553,20,18,7,1757094.6,73,73,71,71,103,102,100,100,20.219,20.19,22.26,22.204,369.402,94578,0,0,0,0,1,8,0,0,0,26,22,14,17,12,7,False,0,False
666.7917,21.996,21.491,18.075,16.798,12.539,20,18,7,1748162.8,74,74,72,72,103,102,100,99,20.211,20.183,22.251,22.194,414.035,94578,0,0,0,0,1,8,0,0,0,26,22,14,17,12,7,False,0,False
667.7929,22.007,21.503,18.075,16.798,12.511,20,18,7,1730875.2,73,73,71,71,103,102,100,99,20.195,20.167,22.231,22.176,500.914,94578,0,0,0,0,1,8,0,0,0,26,22,14,17,12,7,False,0,False
668.2826,22.013,21.509,18.075,16.798,12.498,20,18,7,1722519.6,73,73,72,71,102,102,100,99,20.187,20.16,22.222,22.167,543.113,94578,0,0,0,0,1,8,0,0,0,26,22,14,17,12,7,False,0,False
668.78546,22.019,21.514,18.075,16.799,12.484,20,18,7,1713875.9,74,74,72,71,102,102,100,99,20.179,20.151,22.212,22.157,586.863,94578,0,0,0,0,1,8,0,0,0,26,22,14,17,12,7,False,0,False
669.29254,22.038,21.532,18.099,16.824,12.476,20,18,7,1736619.1,74,75,77,76,102,102,100,99,20.173,20.146,22.207,22.152,629.355,94578,0,0,0,0,1,8,0,0,0,26,22,14,17,12,7,False,0,False
669.787,22.066,21.552,18.121,16.849,12.475,20,18,7,1767338.2,75,74,76,76,102,102,100,99,20.174,20.146,22.211,22.157,660.414,94578,0,0,0,0,1,8,0,0,0,26,22,14,17,12,7,False,0,False
670.2851,22.083,21.566,18.128,16.857,12.474,20,18,7,1793989,74,73,73,73,102,102,100,99,20.176,20.148,22.217,22.162,685.211,94578,0,0,0,0,1,8,0,0,0,26,22,14,17,12,7,False,0,False
670.789,22.092,21.573,18.133,16.862,12.473,20,18,7,1816513.2,72,71,72,71,102,102,100,99,20.178,20.151,22.221,22.167,704.41,94578,0,0,0,0,1,8,0,0,0,26,22,14,17,12,7,False,0,False
671.2901,22.102,21.582,18.15,16.875,12.473,20,18,7,1835808.2,74,72,78,75,102,102,100,99,20.181,20.153,22.227,22.172,719.59,94578,0,0,0,0,1,8,0,0,0,26,22,14,17,12,7,False,0,False
671.7898,22.115,21.591,18.179,16.898,12.473,20,18,7,1850042.1,76,73,88,81,102,102,100,99,20.185,20.155,22.236,22.179,730.402,94578,0,0,0,0,1,8,0,0,0,26,22,14,17,12,7,False,0,False
672.29254,22.121,21.597,18.21,16.915,12.472,20,18,7,1857407.1,74,72,95,82,102,102,100,99,20.188,20.158,22.248,22.188,745.5,94578,0,0,0,0,1,8,0,0,0,26,22,14,17,12,7,False,0,False
672.78973,22.131,21.605,18.223,16.924,12.469,20,18,7,1863436.5,76,73,90,79,102,102,100,99,20.192,20.161,22.26,22.196,760.926,94578,0,0,0,0,1,8,0,0,0,26,22,14,17,12,7,False,0,False
673.2872,22.139,21.611,18.227,16.928,12.465,20,18,7,1869710.8,76,73,82,75,103,102,101,99,20.196,20.163,22.269,22.201,770.902,94578,0,0,0,0,1,8,0,0,0,26,22,14,17,12,7,False,0,False
673.78467,22.144,21.616,18.228,16.929,12.458,20,18,7,1877175.8,74,71,76,72,103,102,101,100,20.199,20.165,22.275,22.205,782.832,94578,0,0,0,0,1,8,0,0,0,26,22,14,17,12,7,False,0,False
674.29065,22.152,21.626,18.229,16.931,12.45,20,18,7,1886132.2,74,73,72,70,103,102,101,100,20.201,20.167,22.278,22.208,797.445,94578,0,0,0,0,1,8,0,0,0,26,22,14,17,12,7,False,0,False
674.7888,22.163,21.639,18.231,16.932,12.442,20,18,7,1901628.4,75,75,70,70,103,102,101,100,20.203,20.169,22.28,22.209,813.5,94578,0,0,0,0,1,8,0,0,0,26,22,14,17,12,7,False,0,False
675.29083,22.177,21.656,18.249,16.956,12.434,20,18,7,1908149.8,76,78,76,80,103,102,101,100,20.206,20.172,22.282,22.213,832.184,94578,0,0,0,0,1,8,0,0,0,26,22,14,17,12,7,False,0,False
675.7899,22.218,21.707,18.271,16.983,12.424,20,18,7,1914596.9,89,94,79,84,103,102,101,100,20.21,20.179,22.285,22.219,857.586,94578,0,0,0,0,1,8,0,0,0,26,22,14,17,12,7,False,0,False
676.2917,22.297,21.804,18.281,16.992,12.415,20,18,7,1921681.4,102,111,75,77,103,103,101,100,20.223,20.196,22.287,22.223,876.824,94578,0,0,0,0,1,8,0,0,0,26,22,14,17,12,7,False,0,False
676.78845,22.353,21.866,18.291,17.003,12.404,20,18,7,1925755.9,95,102,73,74,103,103,101,100,20.235,20.213,22.289,22.226,896.984,94578,0,0,0,0,1,8,0,0,0,26,22,14,17,12,7,False,0,False
677.2902,22.371,21.884,18.294,17.006,12.389,20,18,7,1921129.8,78,80,71,71,103,103,101,100,20.241,20.221,22.289,22.226,921.449,94578,0,0,0,0,1,8,0,0,0,26,22,14,17,12,7,False,0,False
677.7912,22.384,21.896,18.297,17.009,12.377,20,18,7,1920723.5,75,74,71,71,103,103,101,100,20.242,20.222,22.288,22.225,948.312,94578,0,0,0,0,1,8,0,0,0,26,22,14,17,12,7,False,0,False
678.28973,22.402,21.912,18.304,17.017,12.363,20,18,7,1914158,76,74,72,71,103,103,101,100,20.243,20.222,22.286,22.224,977.453,94578,0,0,0,0,1,8,0,0,0,26,22,14,17,12,7,False,0,False
678.79065,22.418,21.925,18.31,17.024,12.35,20,18,7,1906720.5,75,73,73,71,103,103,101,100,20.243,20.221,22.285,22.222,1006.918,94578,0,0,0,0,1,8,0,0,0,26,22,14,17,12,7,False,0,False
679.2892,22.43,21.935,18.313,17.027,12.337,20,18,7,1904027.8,73,73,72,70,103,103,101,100,20.242,20.219,22.282,22.219,1038.141,94578,0,0,0,0,1,8,0,0,0,26,22,14,17,12,7,False,0,False
679.7878,22.44,21.943,18.314,17.028,12.323,20,18,7,1895693,73,72,71,70,103,103,101,100,20.24,20.217,22.279,22.216,1069.867,94578,0,0,0,0,1,8,0,0,0,26,22,14,17,12,7,False,0,False
680.287,22.45,21.951,18.315,17.029,12.31,20,18,7,1887049.2,73,72,71,70,103,103,101,100,20.237,20.214,22.275,22.212,1104.074,94578,0,0,0,0,1,8,0,0,0,26,22,14,17,12,7,False,0,False
680.77954,22.457,21.958,18.315,17.029,12.297,20,18,7,1883730.8,73,72,70,71,103,103,101,100,20.234,20.211,22.27,22.208,1139.367,94578,0,0,0,0,1,8,0,0,0,26,22,14,17,12,7,False,0,False
681.28534,22.464,21.964,18.315,17.029,12.283,20,18,7,1875087,73,72,71,71,103,103,101,100,20.231,20.208,22.265,22.204,1175.664,94578,0,0,0,0,1,8,0,0,0,26,22,14,17,12,7,False,0,False
681.7891,22.47,21.971,18.315,17.029,12.27,20,18,7,1866443.2,73,72,71,71,103,103,100,99,20.227,20.204,22.26,22.198,1212.926,94578,0,0,0,0,1,8,0,0,0,26,22,14,17,12,7,False,0,False
682.2869,22.477,21.977,18.315,17.029,12.256,20,18,7,1857799.5,73,73,71,71,103,103,100,99,20.223,20.2,22.254,22.193,1251.066,94578,0,0,0,0,1,8,0,0,0,26,22,14,17,12,7,False,0,False
682.7887,22.483,21.984,18.315,17.029,12.242,20,18,7,1849155.8,73,73,71,71,103,103,100,99,20.219,20.196,22.248,22.187,1289.984,94578,0,0,0,0,1,8,0,0,0,26,22,14,17,12,7,False,0,False
683.28516,22.488,21.991,18.316,17.03,12.228,20,18,7,1840512,73,73,71,71,103,102,100,99,20.214,20.192,22.241,22.181,1329.574,94578,0,0,0,0,1,8,0,0,0,26,22,14,17,12,7,False,0,False
683.77814,22.494,21.997,18.316,17.03,12.216,20,18,7,1837167,73,73,71,71,103,102,100,99,20.209,20.187,22.234,22.174,1369.559,94578,0,0,0,0,1,8,0,0,0,26,22,14,17,12,7,False,0,False
684.7855,22.526,22.023,18.353,17.06,12.201,20,18,7,1868711.8,75,74,76,75,103,102,100,99,20.203,20.181,22.23,22.17,1443.465,94578,0,0,65503,65503,2,8,0,0,0,26,22,14,17,12,7,False,0,False
685.2894,22.54,22.038,18.369,17.067,12.2,20,18,7,1895947.8,73,73,75,72,103,102,100,99,20.204,20.183,22.234,22.174,1470.879,94578,0,0,17,17,2,8,0,0,0,26,22,14,17,12,7,False,0,False
685.784,22.548,22.045,18.374,17.073,12.199,20,18,7,1917643.5,72,71,73,71,103,102,100,99,20.206,20.184,22.238,22.178,1491.383,94578,0,0,17,17,2,8,0,0,0,26,22,14,17,12,7,False,0,False
686.2897,22.558,22.052,18.389,17.086,12.199,20,18,7,1938037,74,71,78,74,103,102,100,99,20.208,20.185,22.243,22.182,1509.641,94578,0,0,134,134,2,8,0,0,0,26,22,14,17,12,7,False,0,False
686.78864,22.576,22.065,18.421,17.112,12.199,20,18,7,1952258.1,79,73,87,81,103,102,100,99,20.212,20.187,22.251,22.188,1523.789,94578,0,0,134,134,2,8,0,0,0,26,22,14,17,12,7,False,0,False
687.28827,22.597,22.079,18.44,17.127,12.196,20,18,7,1958197.8,82,75,85,80,103,102,100,99,20.217,20.19,22.259,22.195,1547.402,94578,0,0,134,134,2,8,0,0,0,26,22,14,17,12,7,False,0,False
687.78796,22.61,22.089,18.457,17.139,12.191,20,18,7,1964166.6,79,74,83,77,103,102,101,99,20.223,20.192,22.267,22.201,1568.016,94578,0,0,266,266,2,8,0,0,0,26,22,14,17,12,7,False,0,False
688.28925,22.626,22.102,18.474,17.152,12.185,20,18,7,1970477.9,79,75,82,76,103,103,101,100,20.227,20.195,22.274,22.205,1585.996,94578,0,0,266,266,2,8,0,0,0,26,22,14,17,12,7,False,0,False
688.7891,22.642,22.117,18.482,17.159,12.178,20,18,7,1974714,79,75,77,73,103,103,101,100,20.231,20.197,22.278,22.208,1602.777,94578,0,0,266,266,2,8,0,0,0,26,22,14,17,12,7,False,0,False
689.29126,22.659,22.136,18.484,17.162,12.166,20,18,7,1972766.5,78,77,72,70,103,103,101,100,20.234,20.2,22.28,22.21,1622.066,94578,0,0,250,250,2,8,0,0,0,26,22,14,17,12,7,False,0,False
689.789,22.682,22.161,18.488,17.165,12.154,20,18,7,1953121.1,81,81,72,70,103,103,101,100,20.238,20.203,22.281,22.21,1643.098,94578,0,0,0,0,1,8,0,0,0,26,22,14,17,12,7,False,0,False
690.78784,22.726,22.205,18.491,17.169,12.127,20,18,7,1885255.5,74,75,69,69,103,103,101,100,20.243,20.209,22.279,22.209,1694.953,94578,0,0,0,0,1,8,0,0,0,26,22,14,17,12,7,False,0,False
691.28406,22.74,22.222,18.496,17.173,12.114,20,18,7,1836566,75,76,71,72,103,103,101,100,20.243,20.209,22.278,22.208,1724.73,94578,0,0,0,0,1,8,0,0,0,26,22,14,17,12,7,False,0,False
691.7907,22.756,22.241,18.503,17.179,12.1,20,18,7,1785395.8,74,75,71,72,103,103,101,100,20.242,20.21,22.276,22.207,1757.492,94578,0,0,0,0,1,8,0,0,0,26,22,14,17,12,7,False,0,False
692.28674,22.766,22.253,18.506,17.182,12.087,20,18,7,1754186.9,73,74,71,72,103,103,101,100,20.241,20.209,22.273,22.205,1790.102,94578,0,0,0,0,1,8,0,0,0,26,22,14,17,12,7,False,0,False
692.7888,22.78,22.27,18.517,17.192,12.073,20,18,7,1745543.1,74,78,74,73,103,103,101,100,20.239,20.209,22.27,22.203,1826.422,94578,30624,0,0,0,1,8,0,0,0,26,22,14,17,12,7,False,0,False
693.29016,22.804,22.293,18.545,17.218,12.068,20,18,7,1766825.8,78,75,82,78,103,103,101,99,20.238,20.208,22.269,22.202,1862.32,94578,30624,0,0,0,1,8,0,0,0,26,22,14,17,12,7,False,0,False
693.7819,22.858,22.336,18.633,17.289,12.068,20,18,7,1784963.4,86,81,98,89,103,103,101,100,20.242,20.211,22.276,22.207,1891.453,94578,30624,0,0,0,1,8,0,0,0,26,22,14,17,12,7,False,0,False
694.28937,22.904,22.37,18.719,17.365,12.065,20,18,7,1797265,86,80,101,93,104,103,101,100,20.248,20.214,22.286,22.214,1922.891,94578,30624,0,0,0,1,8,0,0,0,26,22,14,17,12,7,False,0,False
694.78937,22.947,22.403,18.79,17.424,12.058,20,18,7,1803271.4,85,80,95,87,104,103,101,100,20.253,20.216,22.296,22.221,1950.59,94578,30624,0,0,0,1,8,0,0,0,26,22,14,17,12,7,False,0,False
695.29047,22.981,22.43,18.814,17.445,12.047,20,18,7,1806044.6,81,76,79,76,104,103,101,100,20.257,20.218,22.3,22.224,1976.852,94578,30624,0,0,0,1,8,0,0,0,26,22,14,17,12,7,False,0,False
695.7892,23,22.451,18.829,17.461,12.035,20,18,7,1804520.9,75,78,76,77,104,103,101,100,20.257,20.218,22.299,22.223,2005.695,94578,30624,0,0,0,1,8,0,0,0,26,22,14,17,12,7,False,0,False
696.2891,23.023,22.482,18.868,17.517,12.029,20,18,7,1811228.2,78,80,82,91,104,103,101,100,20.256,20.219,22.298,22.225,2035.707,94578,30624,0,0,0,1,8,0,0,0,26,22,14,13,12,7,False,0,False
696.78754,23.062,22.529,18.929,17.594,12.019,20,18,7,1816654.6,81,85,86,93,104,103,101,100,20.257,20.221,22.301,22.231,2064.441,94578,30624,0,0,0,1,8,0,0,0,26,22,14,13,12,7,False,0,False
697.7906,23.167,22.648,18.99,17.659,11.993,20,18,7,1814895.4,83,88,76,75,104,103,101,100,20.261,20.23,22.299,22.234,2123.113,94578,30624,0,0,0,1,8,0,0,0,26,22,14,13,12,7,False,0,False
698.29205,23.176,22.658,18.992,17.66,11.98,20,18,7,1809471.9,73,75,72,71,104,103,101,100,20.259,20.23,22.295,22.23,2154.227,94578,30624,0,0,0,1,8,0,0,0,26,22,14,13,12,7,False,0,False
698.78735,23.182,22.664,18.994,17.662,11.967,20,18,7,1804388.8,72,73,72,71,104,103,101,100,20.255,20.227,22.29,22.225,2185.793,94578,30624,0,0,0,1,8,0,0,0,26,22,14,13,12,7,False,0,False
699.78973,23.217,22.695,19.027,17.698,11.964,20,18,7,1857396.5,75,73,76,74,104,103,101,100,20.256,20.227,22.294,22.23,2236.723,94578,30624,0,0,0,1,8,0,0,0,26,22,14,13,12,7,False,0,False
700.28906,23.233,22.707,19.046,17.717,11.964,20,18,7,1876401.9,79,73,80,79,104,103,101,100,20.258,20.228,22.299,22.234,2253.117,94578,30624,0,0,0,1,8,0,0,0,26,22,14,13,12,7,False,0,False
700.79236,23.255,22.724,19.083,17.742,11.964,20,18,7,1891772.2,82,77,91,83,104,103,101,100,20.263,20.231,22.307,22.241,2266.164,94578,30624,0,0,0,1,8,0,0,0,26,22,14,13,12,7,False,0,False
701.286,23.263,22.731,19.115,17.764,11.964,20,18,7,1900414.1,78,74,97,85,104,103,101,100,20.267,20.233,22.318,22.249,2278,94578,30624,0,0,0,1,8,0,0,0,26,22,14,13,12,7,False,0,False
701.78705,23.273,22.738,19.131,17.776,11.962,20,18,7,1905817.6,78,74,92,82,104,103,102,100,20.271,20.235,22.33,22.256,2291.215,94578,30624,0,0,0,1,8,0,0,0,26,22,14,13,12,7,False,0,False
702.2879,23.282,22.745,19.138,17.783,11.958,20,18,7,1911555.8,78,73,84,78,104,103,102,100,20.274,20.237,22.338,22.261,2302.816,94578,30624,0,0,0,1,8,0,0,0,26,22,14,13,12,7,False,0,False
702.7891,23.29,22.753,19.144,17.787,11.952,20,18,7,1917937.1,76,73,79,74,104,103,102,101,20.276,20.237,22.343,22.265,2314.883,94578,30624,0,0,0,1,8,0,0,0,26,22,14,13,12,7,False,0,False
703.28845,23.313,22.775,19.149,17.792,11.944,20,18,7,1925288.6,83,80,76,72,104,103,102,101,20.279,20.24,22.346,22.266,2328.32,94578,30624,0,0,0,1,8,0,0,0,26,22,14,13,12,7,False,0,False
703.7834,23.329,22.79,19.151,17.794,11.934,20,18,7,1932690,80,79,73,69,104,103,102,101,20.284,20.243,22.348,22.267,2343.973,94578,30624,0,0,0,1,8,0,0,0,26,22,14,13,12,7,False,0,False
704.2888,23.346,22.808,19.151,17.794,11.922,20,18,7,1940405.5,78,78,70,69,104,103,102,101,20.286,20.246,22.347,22.266,2362.953,94578,30624,0,0,0,1,8,0,0,0,26,22,14,13,12,7,False,0,False
704.78516,23.363,22.83,19.151,17.794,11.909,20,18,7,1943071.5,78,78,69,70,104,104,102,101,20.288,20.248,22.346,22.265,2384.551,94578,30624,0,0,0,1,8,0,0,0,26,22,14,13,12,7,False,0,False
705.2887,23.376,22.844,19.151,17.794,11.896,20,18,7,1938235.9,75,75,69,70,104,104,102,101,20.289,20.25,22.344,22.264,2408.859,94578,30624,0,0,0,1,8,0,0,0,26,22,14,13,12,7,False,0,False
705.7895,23.387,22.855,19.151,17.794,11.883,20,18,7,1937535.4,73,73,69,70,104,104,102,100,20.289,20.249,22.341,22.262,2436.383,94578,30624,0,0,0,1,8,0,0,0,26,22,14,13,12,7,False,0,False
706.2884,23.396,22.864,19.151,17.794,11.869,20,18,7,1930859.4,73,72,69,70,104,104,102,100,20.287,20.247,22.338,22.259,2464.133,94578,30624,0,0,0,1,8,0,0,0,26,22,14,13,12,7,False,0,False
706.786,23.404,22.872,19.151,17.794,11.856,20,18,7,1928541,72,72,70,70,104,103,102,100,20.285,20.245,22.335,22.256,2494.66,94578,30624,0,0,0,1,8,0,0,0,26,22,14,13,12,7,False,0,False
707.2865,23.413,22.88,19.152,17.795,11.843,20,18,7,1920099.8,72,72,70,70,104,103,102,100,20.283,20.243,22.331,22.253,2526.637,94578,30624,0,0,0,1,8,0,0,0,26,22,14,13,12,7,False,0,False
707.7894,23.422,22.892,19.155,17.798,11.828,20,18,7,1911167.9,72,73,71,71,104,103,102,100,20.28,20.24,22.326,22.249,2561.352,94578,30624,0,0,0,1,8,0,0,0,26,22,14,13,12,7,False,0,False
708.29004,23.438,22.913,19.173,17.816,11.816,20,18,7,1907862,74,77,75,77,104,103,102,100,20.276,20.238,22.322,22.246,2596.199,94578,30624,0,0,0,1,8,0,0,0,26,22,14,13,12,7,False,0,False
708.7881,23.474,22.956,19.217,17.863,11.803,20,18,7,1904232,78,81,80,83,104,103,101,100,20.275,20.239,22.32,22.246,2630.086,94578,30624,0,0,0,1,8,0,0,0,26,22,14,13,12,7,False,0,False
709.2886,23.507,22.997,19.256,17.905,11.801,20,18,7,1933124.1,78,81,79,83,104,103,102,100,20.276,20.241,22.322,22.249,2663.105,94578,30624,0,0,0,1,8,0,0,0,26,22,14,13,12,7,False,0,False
709.78827,23.526,23.02,19.276,17.924,11.8,20,18,7,1959658.4,75,78,77,79,104,103,102,100,20.277,20.244,22.324,22.253,2689.207,94578,30624,0,0,0,1,8,0,0,0,26,22,14,13,12,7,False,0,False
710.28876,23.541,23.038,19.292,17.94,11.799,20,18,7,1982369.8,75,78,77,79,104,104,102,100,20.279,20.248,22.328,22.258,2709.312,94578,30624,0,0,0,1,8,0,0,0,26,22,14,13,12,7,False,0,False
710.788,23.561,23.064,19.316,17.97,11.799,20,18,7,2000580.2,78,83,82,87,104,104,102,101,20.282,20.253,22.333,22.265,2725.523,94578,30624,0,0,0,1,8,0,0,0,26,22,14,13,12,7,False,0,False
711.2853,23.586,23.093,19.339,18.005,11.799,20,18,7,2012560.2,84,88,84,94,104,104,102,101,20.287,20.261,22.34,22.276,2737.445,94578,30624,0,0,0,1,8,0,0,0,26,22,14,13,12,7,False,0,False
711.78613,23.6,23.107,19.361,18.043,11.798,20,18,7,2019384.9,81,84,87,101,104,104,102,101,20.294,20.269,22.347,22.289,2752.484,94578,30624,0,0,0,1,8,0,0,0,26,22,14,13,12,7,False,0,False
712.28705,23.608,23.118,19.374,18.058,11.795,20,18,7,2024617.1,78,82,84,94,104,104,102,101,20.298,20.275,22.354,22.302,2767.602,94578,30624,0,0,0,1,8,0,0,0,26,22,14,13,12,7,False,0,False
712.7888,23.629,23.143,19.379,18.064,11.79,20,18,7,2030504.2,83,87,78,85,105,104,102,101,20.302,20.282,22.359,22.311,2777.902,94578,30624,0,0,0,1,8,0,0,0,26,22,14,13,12,7,False,0,False
713.29,23.638,23.152,19.38,18.065,11.783,20,18,7,2035899.5,78,80,73,77,105,104,102,101,20.307,20.289,22.362,22.316,2790.938,94578,30624,0,0,0,1,8,0,0,0,26,22,14,13,12,7,False,0,False
714.28815,23.662,23.18,19.38,18.065,11.763,20,18,7,2048057.1,78,79,68,70,105,104,102,101,20.31,20.294,22.361,22.318,2822.883,94578,30624,0,0,0,1,8,0,0,0,26,22,14,13,12,7,False,0,False
714.7883,23.682,23.198,19.38,18.065,11.752,20,18,7,2056429.1,79,79,69,68,105,104,102,101,20.313,20.297,22.359,22.317,2842.941,94578,30624,0,0,0,1,8,0,0,0,26,22,14,13,12,7,False,0,False
715.28644,23.696,23.212,19.38,18.065,11.738,20,18,7,2052302.9,76,76,69,69,105,104,102,101,20.314,20.299,22.357,22.315,2865.672,94578,30624,0,0,0,1,8,0,0,0,26,22,14,13,12,7,False,0,False
715.78876,23.708,23.224,19.38,18.065,11.725,20,18,7,2049710.6,74,74,69,69,105,104,102,101,20.314,20.299,22.354,22.313,2891.039,94578,30624,0,0,0,1,8,0,0,0,26,22,14,13,12,7,False,0,False
716.2857,23.718,23.234,19.38,18.065,11.712,20,18,7,2046037.5,73,73,70,70,105,104,102,101,20.313,20.298,22.352,22.311,2918.613,94578,30624,0,0,0,1,8,0,0,0,26,22,14,13,12,7,False,0,False
716.78705,23.727,23.243,19.38,18.065,11.698,20,18,7,2038644.8,73,73,70,70,105,104,102,101,20.312,20.297,22.349,22.308,2948.254,94578,30624,0,0,0,1,8,0,0,0,26,22,14,13,12,7,False,0,False
717.286,23.735,23.251,19.38,18.065,11.685,20,18,7,2035936.1,72,73,70,70,105,104,102,101,20.31,20.295,22.345,22.304,2979.742,94578,30624,0,0,0,1,8,0,0,0,26,22,14,13,12,7,False,0,False
717.78906,23.742,23.26,19.38,18.065,11.671,20,18,7,2027300.5,73,73,71,70,105,104,102,101,20.307,20.293,22.341,22.301,3012.801,94578,30624,0,0,0,1,8,0,0,0,26,22,14,13,12,7,False,0,False
718.28766,23.749,23.268,19.38,18.065,11.657,20,18,7,2018656.8,73,73,71,71,105,104,102,101,20.304,20.29,22.336,22.297,3047.293,94578,30624,0,0,0,1,8,0,0,0,26,22,14,13,12,7,False,0,False
718.7876,23.756,23.275,19.38,18.065,11.645,20,18,7,2015385.6,73,73,71,71,105,104,102,101,20.301,20.287,22.331,22.292,3082.891,94578,30624,0,0,0,1,8,0,0,0,26,22,14,13,12,7,False,0,False
719.28406,23.762,23.282,19.38,18.065,11.631,20,18,7,2006741.9,74,74,72,72,104,104,102,101,20.297,20.283,22.326,22.287,3119.508,94578,30624,0,0,0,1,8,0,0,0,26,22,14,13,12,7,False,0,False
719.7866,23.769,23.289,19.38,18.065,11.617,20,18,7,1998098.1,73,73,71,71,104,104,101,101,20.293,20.28,22.32,22.281,3157.094,94578,30624,0,0,0,1,8,0,0,0,26,22,14,13,12,7,False,0,False
720.2891,23.775,23.296,19.38,18.065,11.603,20,18,7,1989454.4,73,73,71,71,104,104,101,101,20.289,20.276,22.314,22.276,3195.566,94578,30624,0,0,0,1,8,0,0,0,26,22,14,13,12,7,False,0,False
720.78613,23.782,23.303,19.38,18.065,11.589,20,18,7,1980810.6,73,73,71,71,104,104,101,101,20.284,20.271,22.308,22.269,3234.82,94578,30624,0,0,0,1,8,0,0,0,26,22,14,13,12,7,False,0,False
721.2863,23.787,23.309,19.38,18.065,11.577,20,18,7,1977500.5,73,73,71,71,104,104,101,101,20.279,20.267,22.301,22.262,3274.711,94578,30624,0,0,0,1,8,0,0,0,26,22,14,14,12,7,False,0,False
721.7892,23.793,23.315,19.38,18.065,11.563,20,18,7,1968568.6,74,73,71,72,104,104,101,100,20.274,20.261,22.293,22.255,3316.375,94578,30624,0,0,0,1,8,0,0,0,26,22,14,14,12,7,False,0,False
722.2844,23.799,23.321,19.38,18.065,11.549,20,18,7,1960213,73,73,72,71,104,104,101,100,20.269,20.256,22.286,22.248,3355.801,94578,30624,0,0,0,1,8,0,0,0,26,22,14,14,12,7,False,0,False
723.28754,23.836,23.358,19.427,18.112,11.545,20,18,7,2018703.8,73,76,77,78,104,104,101,100,20.267,20.254,22.289,22.252,3421.277,94578,30624,0,0,0,1,8,0,0,0,26,22,14,14,12,7,False,0,False
723.7842,23.866,23.397,19.475,18.172,11.545,20,18,7,2039604.2,79,85,87,94,104,104,101,100,20.269,20.259,22.296,22.26,3444.504,94578,30624,0,0,0,1,8,0,0,0,26,22,14,14,12,7,False,0,False
724.2869,23.889,23.427,19.526,18.242,11.543,20,18,7,2051165.8,78,82,90,102,104,104,101,101,20.273,20.266,22.305,22.274,3466.352,94578,30624,0,0,0,1,8,0,0,0,26,22,14,14,12,7,False,0,False
724.78894,23.912,23.456,19.56,18.285,11.536,20,18,7,2057952.2,80,85,87,95,104,104,101,101,20.276,20.271,22.314,22.287,3490.211,94578,30624,0,0,0,1,8,0,0,0,26,22,14,14,12,7,False,0,False
725.2878,23.953,23.504,19.583,18.314,11.526,20,18,7,2064556.5,87,92,81,87,104,104,101,101,20.281,20.279,22.32,22.296,3511.664,94578,30624,0,0,0,1,8,0,0,0,26,22,14,14,12,7,False,0,False
726.2859,24.002,23.562,19.614,18.348,11.504,20,18,7,2077177.1,78,82,77,80,104,104,102,101,20.288,20.29,22.325,22.305,3556.516,94578,30624,0,0,0,1,8,0,0,0,26,22,14,14,12,7,False,0,False
726.7873,24.027,23.591,19.633,18.368,11.492,20,18,7,2081346.1,78,82,76,79,104,104,102,101,20.29,20.294,22.326,22.308,3580.859,94578,30624,0,0,0,1,8,0,0,0,26,22,14,14,12,7,False,0,False
727.28766,24.055,23.624,19.649,18.385,11.479,20,18,7,2082597.9,78,82,75,77,104,104,102,101,20.291,20.297,22.327,22.309,3606.938,94578,30624,0,0,0,1,8,0,0,0,26,22,14,14,12,7,False,0,False
727.7871,24.078,23.65,19.666,18.402,11.465,20,18,7,2075709.1,77,81,75,77,104,104,102,101,20.291,20.299,22.327,22.31,3634.98,94578,30624,0,0,0,1,8,0,0,0,26,22,14,14,12,7,False,0,False
728.29065,24.103,23.681,19.685,18.42,11.451,20,18,7,2067805.1,75,79,75,76,104,105,102,101,20.291,20.301,22.326,22.31,3665.879,94578,30624,0,0,0,1,8,0,0,0,26,22,14,14,12,7,False,0,False
728.78864,24.12,23.702,19.697,18.431,11.439,20,18,7,2065366.6,73,77,73,73,104,105,102,101,20.289,20.301,22.324,22.309,3696.328,94578,30624,0,0,0,1,8,0,0,0,26,22,14,14,12,7,False,0,False
729.2876,24.129,23.713,19.699,18.433,11.425,20,18,7,2056727.5,72,73,71,71,104,104,101,101,20.286,20.299,22.321,22.306,3729.359,94578,30624,0,0,0,1,8,0,0,0,26,22,14,14,12,7,False,0,False
730.28644,24.239,23.807,19.833,18.552,11.397,20,18,7,2039440,92,87,97,91,104,104,102,101,20.288,20.298,22.322,22.304,3798.93,94578,30624,0,0,0,1,8,0,0,0,26,22,14,14,12,7,False,0,False
730.7842,24.315,23.872,19.938,18.643,11.385,20,18,7,2036081,88,84,96,90,104,105,102,101,20.293,20.3,22.328,22.307,3834.098,94578,30624,0,0,0,1,8,0,0,0,26,22,14,14,12,7,False,0,False
731.78467,24.453,23.988,20.124,18.804,11.358,20,18,7,2018793.5,87,82,93,87,104,105,102,101,20.298,20.301,22.335,22.31,3903.551,94578,30624,0,0,0,1,8,0,0,0,26,22,14,14,12,7,False,0,False
732.28534,24.522,24.047,20.221,18.887,11.345,20,18,7,2010149.8,88,84,95,88,104,105,102,101,20.3,20.301,22.338,22.311,3937.492,94578,30624,0,0,0,1,8,0,0,0,26,22,14,14,12,7,False,0,False
732.7882,24.573,24.09,20.266,18.929,11.332,20,18,7,2001506,80,77,81,77,105,104,102,101,20.301,20.3,22.338,22.309,3971.383,94578,30624,0,0,0,1,8,0,0,0,26,22,14,14,12,7,False,0,False
733.2866,24.582,24.098,20.268,18.931,11.319,20,18,7,1992862.2,72,72,71,71,104,104,102,101,20.296,20.295,22.332,22.302,4006.805,94578,30624,40787,0,0,1,8,0,0,0,26,22,14,14,12,7,False,0,False
733.7855,24.592,24.107,20.273,18.936,11.31,20,18,7,2005334.6,73,73,73,73,104,104,102,101,20.29,20.289,22.326,22.296,4042.379,94578,30624,40787,0,0,1,8,0,0,0,26,22,14,14,12,7,False,0,False
734.2881,24.618,24.129,20.303,18.966,11.309,20,18,7,2034178.9,80,76,82,79,104,104,102,101,20.289,20.287,22.326,22.296,4071.32,94578,30624,40787,0,0,1,8,0,0,0,26,22,14,14,12,7,False,0,False
735.2884,24.69,24.183,20.419,19.058,11.309,20,18,7,2076600.4,84,78,98,89,104,104,102,101,20.298,20.29,22.343,22.308,4116.402,94578,30624,40787,0,0,1,8,0,0,0,26,22,14,14,12,7,False,0,False
735.7884,24.711,24.198,20.476,19.1,11.308,20,18,7,2091354.5,81,76,101,90,105,104,102,101,20.302,20.292,22.354,22.316,4135.789,94578,30624,40787,0,0,1,8,0,0,0,26,22,14,14,12,7,False,0,False
736.7874,24.753,24.235,20.53,19.141,11.294,20,18,7,2103652.8,82,79,84,78,105,104,102,102,20.308,20.294,22.373,22.327,4176.594,94578,30624,40787,0,0,1,8,0,0,0,26,22,14,15,12,7,False,0,False
737.28973,24.77,24.252,20.536,19.146,11.282,20,18,7,2103555.8,79,77,76,73,105,104,102,102,20.31,20.295,22.375,22.327,4197.609,94578,30624,40787,0,0,1,8,0,0,0,26,22,14,15,12,7,False,0,False
737.78687,24.796,24.277,20.543,19.153,11.27,20,18,7,2103481.2,81,79,74,71,105,104,102,102,20.312,20.296,22.375,22.326,4219.281,94578,30624,40787,0,0,1,8,0,0,0,26,22,14,15,12,7,False,0,False
738.2868,24.816,24.296,20.546,19.157,11.257,20,18,7,2103615,78,76,72,70,105,104,102,102,20.313,20.297,22.374,22.324,4244.711,94578,30624,40787,0,0,1,8,0,0,0,26,22,14,15,12,7,False,0,False
738.7863,24.827,24.306,20.546,19.157,11.243,20,18,7,2097181.2,74,73,70,70,105,104,102,101,20.312,20.295,22.371,22.321,4272.445,94578,30624,40787,0,0,1,8,0,0,0,26,22,14,15,12,7,False,0,False
739.2851,24.837,24.315,20.546,19.157,11.23,20,18,7,2080711.6,73,73,70,70,105,104,102,101,20.309,20.293,22.367,22.317,4302.273,94578,30624,40787,0,0,1,8,0,0,0,26,22,14,15,12,7,False,0,False
739.785,24.848,24.326,20.546,19.157,11.217,20,18,7,2025643,74,73,71,70,105,104,102,101,20.306,20.29,22.363,22.313,4333.965,94578,30624,40787,0,0,1,8,0,0,0,26,22,14,15,12,7,False,0,False
740.2897,24.86,24.338,20.546,19.157,11.202,20,18,7,1966107.5,74,73,69,69,105,104,102,101,20.303,20.287,22.357,22.308,4368.621,94578,30624,40787,0,0,1,8,0,0,0,26,22,14,15,12,7,False,0,False
740.7815,24.875,24.351,20.546,19.157,11.19,20,18,7,1916013.5,74,74,71,71,105,104,102,101,20.301,20.284,22.353,22.303,4402.398,94578,30624,40787,0,0,1,8,0,0,0,26,22,14,15,12,7,False,0,False
741.2886,24.885,24.36,20.546,19.157,11.176,20,18,7,1858398.5,73,73,71,71,104,104,102,101,20.297,20.28,22.347,22.298,4438.602,94578,30624,40787,0,0,1,8,0,0,0,26,22,14,15,12,7,False,0,False
741.78784,24.894,24.369,20.546,19.157,11.162,20,18,7,1805680.6,73,73,71,71,104,104,102,101,20.293,20.276,22.341,22.292,4476.203,94578,30624,40787,0,0,1,8,0,0,0,26,22,14,15,12,7,False,0,False
742.28625,24.9,24.375,20.546,19.157,11.149,20,18,7,1797036.9,73,73,71,71,104,104,102,101,20.288,20.271,22.335,22.286,4514.863,94578,30624,40787,0,0,1,8,0,0,0,26,22,14,15,12,7,False,0,False
742.7852,24.906,24.381,20.546,19.157,11.135,20,18,7,1788393.1,72,72,71,71,104,104,102,101,20.283,20.266,22.328,22.28,4554.324,94578,30624,40787,0,0,1,8,0,0,0,26,22,14,15,12,7,False,0,False
743.78046,24.918,24.393,20.546,19.157,11.108,20,18,7,1776558.6,73,73,72,71,104,104,101,101,20.271,20.255,22.314,22.266,4635.219,94578,30624,40787,0,0,1,8,0,0,0,26,22,14,15,12,7,False,0,False
744.287,24.923,24.399,20.546,19.157,11.094,20,18,7,1767914.9,74,74,72,72,104,104,101,100,20.265,20.249,22.306,22.258,4676.398,94578,30624,40787,0,0,1,8,0,0,0,26,22,14,15,12,7,False,0,False
744.7885,24.929,24.405,20.546,19.157,11.081,20,18,7,1759271.1,74,74,72,72,104,103,101,100,20.259,20.243,22.298,22.251,4718.035,94578,30624,40787,0,0,1,8,0,0,0,26,22,14,15,12,7,False,0,False
745.2848,24.935,24.41,20.546,19.157,11.067,20,18,7,1750627.4,74,74,72,72,104,103,101,100,20.253,20.237,22.29,22.243,4760.051,94578,30624,40787,0,0,1,8,0,0,0,26,22,14,15,12,7,False,0,False
745.7866,24.937,24.413,20.547,19.157,11.062,20,18,7,1753579.9,72,72,72,72,103,103,101,100,20.246,20.23,22.281,22.235,4802.016,94578,30624,40787,0,0,1,8,0,0,0,26,22,14,15,12,7,False,0,False
746.28467,24.948,24.425,20.56,19.17,11.06,20,18,7,1773676.5,74,74,76,76,103,103,101,100,20.239,20.223,22.274,22.228,4841.613,94578,30624,40787,0,0,1,8,0,0,0,26,22,14,15,12,7,False,0,False
746.78217,24.972,24.452,20.596,19.201,11.058,20,18,7,1803677.8,76,77,81,79,103,103,101,100,20.238,20.223,22.277,22.231,4873.047,94578,30624,40787,0,0,1,8,0,0,0,26,22,14,15,12,7,False,0,False
747.2827,24.99,24.474,20.619,19.219,11.057,20,18,7,1829086.5,76,75,80,77,103,103,101,100,20.24,20.225,22.284,22.237,4896.812,94578,30624,40787,0,0,1,8,0,0,0,26,22,14,15,12,7,False,0,False
747.7862,25.018,24.494,20.664,19.255,11.057,20,18,7,1849602.6,82,77,92,85,103,103,101,100,20.244,20.228,22.293,22.244,4915.793,94578,30624,40787,0,0,1,8,0,0,0,26,22,14,15,12,7,False,0,False
748.2889,25.041,24.512,20.713,19.291,11.055,20,18,7,1860552.6,82,77,96,86,104,103,101,100,20.249,20.231,22.305,22.253,4932.145,94578,30624,40787,0,0,1,8,0,0,0,26,22,14,15,12,7,False,0,False
748.78455,25.058,24.526,20.745,19.312,11.049,20,18,7,1866960.8,80,77,93,82,104,103,101,100,20.253,20.233,22.317,22.26,4956.758,94578,30624,40787,0,0,1,8,0,0,0,26,22,14,15,12,7,False,0,False
749.2858,25.08,24.545,20.761,19.324,11.042,20,18,7,1873365.6,81,77,83,77,104,103,102,101,20.258,20.236,22.325,22.266,4974.145,94578,30624,40787,0,0,1,8,0,0,0,26,22,14,15,12,7,False,0,False
749.78656,25.1,24.563,20.772,19.334,11.032,20,18,7,1878968.2,80,77,78,74,104,103,102,101,20.261,20.238,22.33,22.269,4993.57,94578,30624,40787,0,0,1,8,0,0,0,26,22,14,15,12,7,False,0,False
750.28754,25.125,24.589,20.779,19.341,11.019,20,18,7,1877904.5,81,80,75,72,104,103,102,101,20.264,20.24,22.332,22.27,5014.598,94578,30624,40787,0,0,1,8,0,0,0,26,22,14,15,12,7,False,0,False
750.7855,25.158,24.621,20.788,19.349,11.005,20,18,7,1873002.1,81,80,74,72,104,103,102,101,20.269,20.244,22.334,22.27,5037.582,94578,30624,40787,0,0,1,8,0,0,0,26,22,14,15,12,7,False,0,False
751.2866,25.178,24.64,20.793,19.355,10.992,20,18,7,1872594.6,77,77,73,71,104,103,102,101,20.27,20.245,22.334,22.27,5063.422,94578,30624,40787,0,0,1,8,0,0,0,26,22,14,15,12,7,False,0,False
751.78735,25.19,24.651,20.794,19.357,10.979,20,18,7,1865650.1,74,73,71,70,104,103,102,101,20.27,20.245,22.333,22.269,5092.23,94578,30624,40787,0,0,1,8,0,0,0,26,22,14,15,12,7,False,0,False
752.2873,25.201,24.661,20.795,19.358,10.966,20,18,7,1863330.6,74,72,70,71,104,103,102,101,20.269,20.243,22.33,22.267,5122.906,94578,30624,40787,0,0,1,8,0,0,0,26,22,14,15,12,7,False,0,False
752.78107,25.21,24.669,20.796,19.359,10.952,20,18,7,1854834.9,74,72,71,71,104,103,102,101,20.267,20.241,22.327,22.264,5155.035,94578,30624,40787,0,0,1,8,0,0,0,26,22,14,15,12,7,False,0,False
753.2855,25.217,24.676,20.796,19.359,10.938,20,18,7,1846191.1,73,73,71,71,104,103,102,100,20.265,20.238,22.324,22.262,5188.672,94578,30624,40787,0,0,1,8,0,0,0,26,22,14,15,12,7,False,0,False
754.2863,25.23,24.69,20.796,19.359,10.912,20,18,7,1834296.4,72,72,71,71,104,103,101,100,20.258,20.232,22.316,22.254,5259.684,94578,30624,40787,0,0,1,8,0,0,0,26,22,14,15,12,7,False,0,False
754.78064,25.237,24.697,20.804,19.367,10.91,20,18,7,1851904.4,73,73,75,74,104,103,101,100,20.254,20.228,22.312,22.25,5292.84,94578,30624,40787,0,0,1,8,0,0,0,26,22,14,15,12,7,False,0,False
755.284,25.261,24.722,20.836,19.397,10.908,20,18,7,1879283,76,76,79,78,104,103,101,100,20.254,20.229,22.315,22.254,5317.219,94578,30624,40787,0,0,1,8,0,0,0,26,22,14,15,12,7,False,0,False
756.2796,25.289,24.749,20.849,19.41,10.906,20,18,7,1921442.9,76,75,74,73,104,103,102,101,20.259,20.234,22.324,22.263,5358.164,94578,30624,40787,0,0,1,8,0,0,0,26,22,14,15,12,7,False,0,False
756.78015,25.312,24.768,20.853,19.414,10.906,20,18,7,1933511.5,83,80,73,72,104,103,102,101,20.3,20.3,22.7,22.7,5373.398,94578,30624,40787,0,0,1,8,0,1,0,26,22,14,0,12,7,False,0,False
757.2817,25.317,24.772,20.853,19.414,10.901,20,18,7,1939626.6,77,76,70,70,104,103,102,101,20.3,20.3,22.7,22.7,5383.035,94578,30624,40787,0,0,1,8,0,1,0,26,22,14,0,12,7,False,0,False
757.7812,25.317,24.773,20.853,19.414,10.899,20,18,7,1947635.9,72,71,69,69,104,103,102,101,20.3,20.3,22.7,22.7,5393.73,94578,30624,40787,0,0,1,8,0,1,0,26,22,14,0,12,7,False,0,False
758.28186,25.317,24.773,20.853,19.414,10.898,20,18,7,1955689.2,69,69,69,69,104,103,102,101,20.3,20.3,22.7,22.7,5404.582,94578,30624,40787,0,0,1,8,0,1,0,26,22,14,0,12,7,False,0,False
758.7807,25.317,24.773,20.853,19.414,10.897,20,18,8,1963748,68,68,68,68,104,103,102,101,20.3,20.3,22.7,22.7,6.668,96620,0,0,0,0,1,9,0,1,0,26,22,14,0,12,7,False,0,False
759.279,25.317,24.773,20.853,19.414,10.896,20,18,8,1971806.8,67,67,68,68,104,103,102,101,20.3,20.3,22.7,22.7,17.711,96620,0,0,0,0,1,9,0,1,0,26,22,14,0,12,7,False,0,False
759.7774,25.317,24.773,20.853,19.414,10.895,20,18,8,1979865.5,67,67,68,68,104,103,102,101,20.3,20.3,22.7,22.7,28.754,96620,0,0,0,0,1,9,0,1,0,26,22,14,0,12,7,False,0,False
760.27264,25.317,24.773,20.853,19.414,10.894,20,18,8,1987924.2,67,67,68,68,104,103,102,101,20.3,20.3,22.7,22.7,39.793,96620,0,0,0,0,1,9,0,1,0,26,22,14,0,12,7,False,0,False
760.7772,25.317,24.773,20.853,19.414,10.893,20,18,8,1995983,66,66,68,68,104,103,102,101,20.3,20.3,22.7,22.7,50.836,96620,0,0,0,0,1,9,0,1,0,26,22,14,0,12,7,False,0,False
761.27264,25.317,24.773,20.853,19.414,10.893,20,18,8,2004041.8,66,66,68,68,104,103,102,101,20.3,20.3,22.7,22.7,61.863,96620,0,0,0,0,1,9,0,1,0,26,22,14,0,12,7,False,0,False
762.274,25.317,24.773,20.853,19.414,10.891,20,18,8,2020159.2,66,66,68,68,104,103,102,101,20.3,20.3,22.7,22.7,83.91,96620,0,0,0,0,1,9,0,1,0,26,22,14,0,12,7,False,0,False
762.77704,25.317,24.773,20.853,19.414,10.89,20,18,8,2028218,66,66,68,68,104,103,102,101,20.3,20.3,22.7,22.7,94.934,96620,0,0,0,0,1,9,0,1,0,26,22,14,0,12,7,False,0,False
763.2802,25.317,24.773,20.853,19.414,10.889,20,18,8,2036276.8,66,66,68,68,104,103,102,101,20.3,20.3,22.7,22.7,105.961,96620,0,0,0,0,1,9,0,1,0,26,22,14,0,12,7,False,0,False
763.77856,25.317,24.773,20.853,19.414,10.888,20,18,8,2044335.5,66,66,68,68,103,103,102,101,20.3,20.3,22.7,22.7,116.977,96620,0,0,0,0,1,9,0,1,0,26,22,14,0,12,7,False,0,False
764.27277,25.317,24.773,20.853,19.414,10.887,20,18,8,2052394.2,66,66,68,68,103,103,102,101,20.3,20.3,22.7,22.7,127.992,96620,0,0,0,0,1,9,0,1,0,26,22,14,0,12,7,False,0,False
764.7762,25.317,24.773,20.853,19.414,10.887,20,18,8,2060453,66,66,68,68,103,103,102,101,20.3,20.3,22.7,22.7,139.008,96620,0,0,0,0,1,9,0,1,0,26,22,14,0,12,7,False,0,False
765.28345,25.317,24.773,20.853,19.414,10.886,20,18,8,2068511.8,66,66,68,68,103,103,101,101,20.3,20.3,22.7,22.7,150.02,96620,0,0,0,0,1,9,0,1,0,26,22,14,0,12,7,False,0,False
765.7796,25.317,24.773,20.853,19.414,10.885,20,18,8,2076570.5,66,66,68,68,103,103,101,101,20.3,20.3,22.7,22.7,161.035,96620,0,0,0,0,1,9,0,1,0,26,22,14,0,12,7,False,0,False
766.2775,25.317,24.773,20.853,19.414,10.884,20,18,8,2084629.2,66,66,68,68,103,103,101,100,20.3,20.3,22.7,22.7,172.051,96620,0,0,0,0,1,9,0,1,0,26,22,14,0,12,7,False,0,False
766.7759,25.317,24.773,20.853,19.414,10.884,20,18,8,2127553.2,66,65,68,68,103,103,101,100,20.3,20.3,22.7,22.7,182.125,96620,0,0,0,0,1,9,0,1,0,26,22,14,0,12,7,False,0,False
767.2768,25.317,24.773,20.853,19.414,10.884,20,18,8,2175880.5,65,65,68,68,103,103,101,100,20.3,20.3,22.7,22.7,191.902,96620,0,0,0,0,1,9,0,1,0,26,22,14,0,12,7,False,0,False
767.7795,25.317,24.773,20.853,19.414,10.884,20,18,8,2198191,64,64,68,68,103,102,101,100,20.3,20.3,22.7,22.7,200.625,96620,0,0,0,0,1,9,0,1,0,26,22,14,0,12,7,False,0,False
768.2821,25.317,24.773,20.853,19.414,10.884,20,18,8,2198191,64,64,68,68,103,102,101,100,20.3,20.3,22.7,22.7,204.672,96620,0,0,0,0,1,9,0,1,0,26,22,14,0,12,7,False,0,False
768.78174,25.317,24.773,20.853,19.414,10.883,20,18,8,2198191,63,63,68,68,103,102,101,100,20.201,20.18,22.312,22.259,205.066,96620,0,0,0,0,1,9,0,1,300,26,22,14,0,12,7,False,0,False
769.28094,25.317,24.773,20.853,19.414,10.881,20,18,8,2198191,62,62,68,68,103,102,101,100,20.199,20.176,22.312,22.259,205.051,96620,0,0,0,0,1,9,0,1,799,26,22,14,0,12,7,False,0,False
769.7835,0,0,0,0,10.878,18,16,0,2198191,70,69,70,70,70,70,70,70,18.668,18.669,20.691,20.691,205.07,96620,0,0,0,0,1,9,0,1,1299,26,22,14,0,12,7,False,0,False
770.28186,0,0,0,0,10.875,18,16,0,2198191,70,69,70,70,70,70,70,70,18.668,18.669,20.691,20.691,205.074,96620,0,0,0,0,1,9,0,1,1799,26,22,14,0,12,7,False,0,False
770.7806,0,0,0,0,10.873,18,16,0,2198191,70,69,70,70,70,70,70,70,18.668,18.669,20.691,20.691,205.074,96620,0,0,0,0,1,9,0,1,2299,26,22,14,0,12,7,False,0,False
771.28314,0,0,0,0,10.87,18,16,0,2198191,68,67,69,69,70,70,70,70,18.676,18.679,20.693,20.693,205.191,96620,0,0,0,0,1,9,0,1,2399,26,22,14,0,12,7,False,0,False
771.7789,0,0,0,0,10.87,18,16,0,2198191,70,71,69,69,70,70,70,70,20.3,20.3,22.7,22.7,206.367,96620,0,0,0,0,2,9,0,1,2399,26,22,14,0,12,7,False,0,False
772.27344,0,0,0,0,10.869,18,16,0,2198191,82,82,69,69,70,70,70,70,20.3,20.3,22.7,22.7,210.102,96620,0,0,0,0,2,9,0,1,2399,26,22,14,0,12,7,False,0,False
773.2759,0,0,0,0,10.869,18,16,0,2231814.2,93,93,69,69,71,71,70,70,20.3,20.3,22.7,22.7,225.441,96620,0,0,0,0,2,9,0,1,2399,26,22,14,0,12,7,False,0,False
773.77924,0,0,0,0,10.869,18,16,0,2279833.5,93,93,69,69,72,72,70,70,20.3,20.3,22.7,22.7,236.012,96620,0,0,0,0,2,9,0,1,2399,26,22,14,0,12,7,False,0,False
774.27136,0,0,0,0,10.869,18,16,0,2326386,92,92,69,69,72,72,70,70,20.3,20.3,22.7,22.7,246.906,96620,0,0,0,0,3,9,0,1,2399,26,22,14,0,12,7,False,0,False
774.7745,0.007,0.007,0.002,0.002,10.868,18,16,0,2338568.2,80,80,67,67,72,72,70,70,20.3,20.3,22.7,22.7,258.156,96620,0,0,0,0,3,9,1,1,2399,26,22,14,0,12,7,False,0,False
775.2788,0.007,0.007,0.002,0.002,10.867,18,16,0,2346620.2,72,72,66,66,73,73,70,70,20.3,20.3,22.7,22.7,269.152,96620,0,0,0,0,5,9,1,1,2399,26,22,14,0,12,7,False,0,False
775.7786,0.007,0.007,0.002,0.002,10.866,18,16,0,2354679.2,67,67,65,65,73,73,70,70,20.3,20.3,22.7,22.7,280.172,96620,0,0,0,0,5,9,1,1,2399,26,22,14,0,12,7,False,0,False
776.2829,0.007,0.007,0.002,0.002,10.865,18,16,0,2362741,65,65,65,65,73,73,70,70,20.3,20.3,22.7,22.7,291.191,96620,0,0,0,0,5,9,1,1,2399,26,22,14,0,12,7,False,0,False
776.78284,0.007,0.007,0.002,0.002,10.864,18,16,0,2370802.8,64,64,64,64,73,73,70,70,20.3,20.3,22.7,22.7,302.215,96620,0,0,0,0,5,9,1,1,2399,26,22,14,0,12,7,False,0,False
777.28345,0.007,0.007,0.002,0.002,10.864,18,16,0,2378865.2,63,63,64,64,74,74,71,71,20.3,20.3,22.7,22.7,313.234,96620,0,0,0,0,5,9,1,1,2399,26,22,14,0,12,7,False,0,False
777.7801,0.007,0.007,0.002,0.002,10.863,18,16,0,2386927.8,63,63,64,64,74,74,71,71,20.3,20.3,22.7,22.7,324.258,96620,0,0,0,0,5,9,1,1,2399,26,22,14,0,12,7,False,0,False
778.2823,0.007,0.007,0.002,0.002,10.862,18,16,0,2394990.2,63,63,64,64,74,74,71,71,20.3,20.3,22.7,22.7,335.281,96620,0,0,0,0,5,9,1,1,2399,26,22,14,0,12,7,False,0,False
778.78235,0.007,0.007,0.002,0.002,10.861,18,16,0,2403052.8,62,63,64,64,74,74,71,71,20.3,20.3,22.7,22.7,346.305,96620,0,0,0,0,7,9,1,1,2399,26,22,14,0,12,7,False,0,False
779.2846,0.007,0.007,0.002,0.002,10.86,18,16,0,2411114.5,62,62,64,64,74,74,71,71,20.3,20.3,22.7,22.7,357.324,96620,0,0,0,0,7,9,1,1,2399,26,22,14,0,12,7,False,0,False
779.7851,0.007,0.007,0.002,0.002,10.859,18,16,0,2419176.5,62,62,64,64,74,74,71,71,20.3,20.3,22.7,22.7,368.348,96620,0,0,0,0,7,9,1,1,2399,26,22,14,0,12,7,False,0,False
780.2837,0.007,0.007,0.002,0.002,10.858,18,16,0,2427232.8,62,62,64,64,75,75,71,71,20.3,20.3,22.7,22.7,379.363,96620,0,0,0,0,7,9,1,1,2399,26,22,14,0,12,7,False,0,False
780.78345,0.007,0.007,0.002,0.002,10.858,18,16,0,2435287.8,62,62,64,64,75,75,71,71,20.3,20.3,22.7,22.7,390.383,96620,0,0,0,0,7,9,1,1,2399,26,22,14,0,12,7,False,0,False
781.2825,0.007,0.007,0.002,0.002,10.857,18,16,0,2443342.8,62,62,64,64,75,75,72,72,18.959,18.961,20.812,20.812,401.34,96620,0,0,0,0,7,9,1,0,0,26,22,14,0,12,7,False,0,False
781.78516,0.015,0.015,0.002,0.002,10.849,18,16,0,2452706.8,65,65,63,63,75,75,72,72,18.967,18.969,20.818,20.818,413.285,96620,0,0,0,0,8,9,1,0,0,26,22,14,0,12,7,False,0,False
782.28534,0.037,0.036,0.002,0.002,10.84,18,16,0,2467722,71,71,63,63,75,75,72,72,18.976,18.979,20.823,20.823,427.523,96620,0,0,0,0,8,9,1,0,0,26,22,14,0,12,7,False,0,False
782.78265,0.073,0.071,0.002,0.002,10.828,18,16,0,2480355.2,78,78,63,63,75,75,72,72,18.988,18.991,20.828,20.828,444.207,96620,0,0,0,0,8,9,1,0,0,26,22,14,0,12,7,False,0,False
783.28516,0.151,0.149,0.002,0.002,10.816,18,16,0,2487456.8,87,87,63,63,76,76,72,72,19.006,19.008,20.833,20.833,463.793,96620,0,0,0,0,9,9,1,0,0,26,22,14,0,12,7,False,0,False
783.7782,0.174,0.171,0.002,0.002,10.803,18,16,0,2483698.5,74,74,64,64,76,76,72,72,19.021,19.023,20.838,20.838,486.207,96620,0,0,0,0,9,9,1,0,0,26,22,14,0,12,7,False,0,False
784.27924,0.191,0.189,0.002,0.002,10.789,18,16,0,2478463.5,70,70,64,64,76,76,72,72,19.031,19.033,20.842,20.843,511.418,96620,0,0,0,0,10,9,1,0,0,26,22,14,0,12,7,False,0,False
784.78094,0.206,0.204,0.003,0.003,10.776,18,16,0,2477687,69,68,64,65,76,76,72,72,19.04,19.042,20.847,20.847,538.961,96620,0,0,0,0,10,9,1,0,0,26,22,14,0,12,7,False,0,False
785.78644,0.233,0.229,0.004,0.004,10.75,18,16,0,2467939.5,68,69,66,65,77,77,72,72,19.055,19.057,20.855,20.855,600.008,96620,0,0,0,0,10,9,1,0,0,26,22,14,0,12,7,False,0,False
786.2815,0.244,0.241,0.004,0.004,10.736,18,16,0,2459514.2,68,69,67,66,77,77,72,72,19.062,19.064,20.858,20.858,632.852,96620,0,0,0,0,10,9,1,0,0,26,22,14,20,12,7,False,0,False
786.7826,0.273,0.27,0.045,0.043,10.733,18,16,0,2487460.8,70,70,72,72,77,77,72,72,19.071,19.074,20.868,20.868,662.215,96620,0,0,0,0,10,9,1,0,0,26,22,14,20,12,7,False,0,False
787.28314,0.293,0.291,0.06,0.056,10.732,18,16,0,2510708,69,70,70,70,77,77,73,73,19.083,19.086,20.882,20.882,684.219,96620,0,0,750,9567,10,9,1,0,0,26,22,14,20,12,7,False,0,False
787.78546,0.3,0.297,0.064,0.06,10.732,18,16,0,2530313.5,67,67,68,68,77,77,73,73,19.095,19.098,20.895,20.895,701.25,96620,0,0,750,9567,10,9,1,0,0,26,22,14,20,12,7,False,0,False
788.2812,0.308,0.303,0.078,0.072,10.732,18,16,0,2543902,67,66,70,68,78,78,73,73,19.107,19.109,20.908,20.908,715.133,96620,0,0,750,9567,10,9,1,0,0,26,22,14,20,12,7,False,0,False
788.78357,0.322,0.313,0.102,0.091,10.732,18,16,0,2554343,69,66,75,71,78,78,73,73,19.119,19.12,20.923,20.921,727.055,96620,0,0,750,9800,10,9,1,0,0,26,22,14,20,12,7,False,0,False
789.28204,0.333,0.322,0.15,0.118,10.732,18,16,0,2560670.5,69,67,86,75,78,78,74,74,19.131,19.131,20.94,20.935,742.934,96620,0,0,884,9800,10,9,1,0,0,26,22,14,20,12,7,False,0,False
790.2823,0.362,0.344,0.196,0.153,10.728,18,16,0,2570397.8,73,69,82,74,78,78,74,74,19.157,19.154,20.98,20.966,768.875,96620,0,0,884,9767,10,9,1,0,0,26,22,14,20,12,7,False,0,False
791.28253,0.394,0.383,0.202,0.158,10.714,18,16,0,2579190.8,73,73,70,67,79,79,75,74,19.184,19.178,21.008,20.99,793.09,96620,0,0,767,9767,10,9,1,0,0,26,22,14,20,12,7,False,0,False
791.78217,0.417,0.407,0.204,0.16,10.703,18,16,0,2582383.5,75,74,66,66,79,79,75,75,19.197,19.191,21.019,21,809.086,96620,0,0,767,9767,10,9,1,0,0,26,22,14,20,12,7,False,0,False
792.28314,0.44,0.431,0.217,0.176,10.694,18,16,0,2592459.8,73,74,67,70,79,79,75,75,19.21,19.204,21.028,21.01,827.605,96620,0,0,767,9817,10,9,1,0,0,26,22,14,20,12,7,False,0,False
792.7815,0.469,0.467,0.249,0.216,10.686,18,16,0,2598980.5,75,78,73,77,80,80,75,75,19.222,19.218,21.038,21.022,853.309,96620,0,0,767,9817,10,9,1,0,0,26,22,14,20,12,7,False,0,False
793.2859,0.501,0.506,0.272,0.239,10.676,18,16,0,2605325.8,73,78,72,74,80,80,75,75,19.234,19.232,21.049,21.034,874.582,96620,0,0,767,9833,10,9,1,0,0,26,22,14,20,12,7,False,0,False
793.7841,0.54,0.547,0.284,0.251,10.663,18,16,0,2605769.8,74,77,68,70,80,80,76,75,19.246,19.246,21.058,21.045,897.113,96620,0,0,750,9833,10,9,1,0,0,26,22,14,20,12,7,False,0,False
794.78534,0.588,0.596,0.293,0.259,10.636,18,16,0,2536628.5,72,70,66,67,80,81,76,76,19.266,19.267,21.072,21.058,951.691,96620,0,0,800,9867,10,9,1,0,0,26,22,14,20,12,7,False,0,False
795.2853,0.619,0.624,0.306,0.272,10.624,18,16,0,2492170.8,72,70,69,68,81,81,76,76,19.276,19.276,21.078,21.064,983.121,96620,0,0,800,9867,10,9,1,0,0,26,22,14,20,12,7,False,0,False
795.7831,0.652,0.651,0.32,0.287,10.61,18,16,0,2436967.2,72,70,69,67,81,81,76,76,19.285,19.284,21.085,21.07,1014.508,96620,0,0,800,9867,10,9,1,0,0,26,22,14,20,12,7,False,0,False
796.2833,0.672,0.669,0.322,0.29,10.596,18,16,0,2379352.2,69,68,66,66,81,81,76,76,19.293,19.291,21.09,21.075,1047.934,96620,0,0,800,9883,10,9,1,0,0,26,22,14,20,12,7,False,0,False
796.78156,0.687,0.683,0.323,0.291,10.583,18,16,0,2327328.8,67,67,66,66,81,81,76,76,19.299,19.297,21.094,21.079,1083.23,96620,0,0,800,9883,10,9,1,0,0,26,22,14,20,12,7,False,0,False
797.2834,0.7,0.696,0.323,0.291,10.569,18,16,0,2269713.8,67,67,66,66,81,81,76,76,19.304,19.302,21.098,21.083,1120.027,96620,0,0,800,9850,10,9,1,0,0,26,22,14,20,12,7,False,0,False
797.7816,0.713,0.709,0.323,0.291,10.556,18,16,0,2212098.8,67,67,66,66,81,81,76,76,19.308,19.307,21.101,21.086,1158.32,96620,0,0,766,9850,10,9,1,0,0,26,22,14,20,12,7,False,0,False
798.2816,0.725,0.721,0.323,0.291,10.542,18,16,0,2154483.8,67,67,67,67,81,81,76,76,19.313,19.311,21.103,21.088,1197.965,96620,0,0,750,9817,10,9,1,0,0,26,22,14,20,12,7,False,0,False
798.78424,0.736,0.732,0.323,0.291,10.529,18,16,0,2102383,67,68,67,67,81,81,76,76,19.317,19.315,21.106,21.091,1238.652,96620,0,0,750,9817,10,9,1,0,0,26,22,14,20,12,7,False,0,False
799.282,0.746,0.742,0.323,0.291,10.515,18,16,0,2077415.5,67,67,67,67,81,81,76,76,19.32,19.318,21.107,21.092,1280.254,96620,0,0,734,9734,10,9,1,0,0,26,22,14,20,12,7,False,0,False
799.78394,0.755,0.75,0.323,0.291,10.501,18,16,0,2068771.8,67,67,67,67,82,82,76,76,19.323,19.321,21.109,21.094,1322.523,96620,0,0,700,9684,10,9,1,0,0,26,22,14,20,12,7,False,0,False
800.2774,0.764,0.759,0.323,0.291,10.488,18,16,0,2060128,67,67,67,67,82,82,76,76,19.325,19.324,21.109,21.095,1365.391,96620,0,0,684,9684,10,9,1,0,0,26,22,14,20,12,7,False,0,False
800.77576,0.773,0.768,0.323,0.291,10.474,18,16,0,2051484.2,67,68,67,67,82,82,76,76,19.327,19.326,21.11,21.095,1408.801,96620,0,0,684,9633,10,9,1,0,0,26,22,14,20,12,7,False,0,False
801.2854,0.812,0.801,0.379,0.335,10.47,18,16,0,2084158.9,71,70,75,73,82,82,77,76,19.334,19.332,21.118,21.103,1448.016,96620,0,0,650,9633,10,9,1,0,0,26,22,14,20,12,7,False,0,False
801.78253,0.841,0.84,0.471,0.366,10.469,18,16,0,2114567.5,70,70,78,71,82,82,77,77,19.344,19.343,21.135,21.117,1478.465,96620,0,0,650,9600,10,9,1,0,0,26,22,14,20,12,7,False,0,False
802.2849,0.877,0.869,0.519,0.409,10.468,18,16,0,2141191.8,75,71,81,76,82,82,77,77,19.356,19.354,21.151,21.131,1502.535,96620,0,0,633,9600,10,9,1,0,0,26,22,14,20,12,7,False,0,False
803.28394,0.949,0.921,0.68,0.545,10.468,18,16,0,2180396.5,77,71,96,88,83,83,78,77,19.387,19.378,21.194,21.169,1545.23,96620,0,0,633,9517,10,9,1,0,0,26,22,14,20,12,7,False,0,False
803.7835,0.967,0.934,0.732,0.585,10.464,18,16,0,2188010.5,74,70,92,84,83,83,78,78,19.401,19.39,21.217,21.189,1564.242,96620,0,0,534,9517,10,9,1,0,0,26,22,14,20,12,7,False,0,False
805.28284,1.033,0.987,0.797,0.635,10.444,18,16,0,2210755.5,73,69,74,70,84,83,79,78,19.439,19.421,21.266,21.231,1611.434,96620,0,0,633,9617,10,9,1,0,0,26,22,14,20,12,7,False,0,False
805.783,1.056,1.008,0.804,0.643,10.433,18,16,0,2218168.5,73,71,70,67,84,84,79,79,19.45,19.431,21.277,21.24,1631.215,96620,0,0,633,9667,10,9,1,0,0,26,22,14,20,12,7,False,0,False
806.28217,1.092,1.04,0.806,0.645,10.42,18,16,0,2222380.8,76,75,66,65,84,84,79,79,19.461,19.441,21.286,21.248,1653.43,96620,0,0,700,9667,10,9,1,0,0,26,22,14,20,12,7,False,0,False
806.77795,1.127,1.081,0.807,0.646,10.406,18,16,0,2218291.2,76,74,65,65,84,84,79,79,19.471,19.453,21.292,21.255,1678.082,96620,0,0,700,9667,10,9,1,0,0,26,22,14,20,12,7,False,0,False
807.28516,1.144,1.099,0.809,0.648,10.394,18,16,0,2217666.8,69,70,65,65,84,84,80,79,19.48,19.462,21.298,21.261,1705.258,96620,0,0,716,9667,10,9,1,0,0,26,22,14,20,12,7,False,0,False
807.78156,1.158,1.117,0.814,0.652,10.38,18,16,0,2210584,69,70,66,67,85,84,80,79,19.488,19.47,21.303,21.268,1734.344,96620,0,0,716,9683,10,9,1,0,0,26,22,14,20,12,7,False,0,False
808.2784,1.174,1.136,0.822,0.658,10.367,18,16,0,2208158.5,68,70,66,67,85,84,80,79,19.494,19.477,21.309,21.274,1765.383,96620,0,0,733,9683,10,9,1,0,0,26,22,14,20,12,7,False,0,False
808.7785,1.196,1.164,0.843,0.679,10.353,18,16,0,2199599.2,70,72,69,71,85,85,80,79,19.5,19.484,21.314,21.28,1798.121,96620,0,0,734,9683,10,9,1,0,0,26,22,14,20,12,7,False,0,False
809.27985,1.235,1.213,0.879,0.716,10.34,18,16,0,2192449.8,71,74,70,71,85,85,80,79,19.508,19.493,21.32,21.287,1832.91,96620,50397,0,734,9683,10,9,1,0,0,26,22,14,20,12,7,False,0,False
809.7836,1.282,1.249,0.952,0.779,10.338,18,16,0,2219941.8,76,72,83,78,85,85,80,80,19.515,19.501,21.328,21.295,1865.117,96620,50397,0,750,9700,10,9,1,0,0,26,22,14,20,12,7,False,0,False
810.2831,1.345,1.296,1.061,0.868,10.338,18,16,0,2236764.5,79,74,91,83,85,85,80,80,19.527,19.51,21.342,21.306,1894.582,96620,50397,0,750,9700,10,9,1,0,0,26,22,14,20,12,7,False,0,False
810.7818,1.421,1.344,1.182,0.981,10.336,18,16,0,2245098.8,84,75,96,90,86,85,81,80,19.54,19.518,21.357,21.319,1924.586,96620,50397,0,750,9700,10,9,1,0,0,26,22,14,20,12,7,False,0,False
811.28186,1.475,1.384,1.255,1.044,10.328,18,16,0,2251024.8,79,73,85,79,86,85,81,80,19.552,19.527,21.372,21.332,1952.074,96620,50397,0,750,9716,10,9,1,0,0,26,22,14,20,12,7,False,0,False
811.7844,1.506,1.41,1.271,1.059,10.316,18,16,0,2248622,73,70,71,69,86,85,81,80,19.561,19.534,21.381,21.34,1978.762,96620,50397,0,750,9716,10,9,1,0,0,26,22,14,20,12,7,False,0,False
812.2805,1.526,1.434,1.294,1.086,10.303,18,16,0,2248170.8,70,71,71,74,86,86,81,80,19.567,19.54,21.385,21.344,2008.414,96620,50397,0,767,9717,10,9,1,0,0,26,22,14,20,12,7,False,0,False
812.7765,1.581,1.5,1.387,1.208,10.293,18,16,0,2253492.8,76,79,83,92,86,86,81,81,19.574,19.548,21.392,21.354,2039.707,96620,50397,0,767,9717,10,9,1,0,0,26,22,14,20,12,7,False,0,False
813.2806,1.637,1.57,1.5,1.351,10.284,18,16,0,2259056.2,76,81,87,96,86,86,81,81,19.582,19.558,21.402,21.369,2068.824,96620,50397,0,817,9767,10,9,1,0,0,26,22,14,20,12,7,False,0,False
813.78,1.684,1.627,1.59,1.46,10.277,18,16,0,2265743,74,77,81,92,86,86,81,81,19.588,19.567,21.412,21.38,2096.957,96620,50397,0,817,9817,10,9,1,0,0,26,22,14,20,12,7,False,0,False
814.7825,1.727,1.684,1.616,1.482,10.254,18,16,0,2264796.2,68,70,67,67,87,86,82,81,19.596,19.579,21.419,21.389,2155.504,96620,50397,0,817,9950,10,9,1,0,0,26,22,14,20,12,7,False,0,False
815.28076,1.74,1.697,1.624,1.49,10.242,18,16,0,2265980.8,68,69,69,69,87,86,82,81,19.599,19.582,21.419,21.39,2186.867,96620,50397,0,916,10050,10,9,1,0,0,26,22,14,20,12,7,False,0,False
815.7851,1.764,1.723,1.654,1.521,10.241,18,16,0,2292890.8,70,70,72,71,87,86,82,81,19.605,19.588,21.427,21.398,2213.086,96620,50397,0,916,10050,10,9,1,0,0,26,22,14,20,12,7,False,0,False
816.27936,1.777,1.732,1.665,1.532,10.24,18,16,0,2315344,69,67,71,69,87,87,82,81,19.611,19.595,21.437,21.407,2233.449,96620,50397,0,916,10050,10,9,1,0,0,26,22,14,20,12,7,False,0,False
817.2845,1.817,1.76,1.737,1.589,10.24,18,16,0,2345692.8,73,69,83,76,87,87,82,82,19.628,19.608,21.46,21.428,2262.688,96620,50397,0,1100,10167,10,9,1,0,0,26,22,14,20,12,7,False,0,False
817.7832,1.833,1.773,1.786,1.619,10.24,18,16,0,2353059.2,73,69,90,78,87,87,83,82,19.637,19.615,21.476,21.44,2277.816,96620,50397,0,1100,10167,10,9,1,0,0,26,22,14,20,12,7,False,0,False
818.78107,1.87,1.802,1.843,1.663,10.233,18,16,0,2365092,75,70,83,76,88,87,83,82,19.656,19.63,21.508,21.464,2308.402,96620,50397,0,1033,10133,10,9,1,0,0,26,22,14,20,12,7,False,0,False
819.28357,1.889,1.818,1.854,1.673,10.227,18,16,0,2371927.5,74,71,77,72,88,87,83,82,19.665,19.637,21.521,21.474,2321.211,96620,50397,0,1033,10133,10,9,1,0,0,26,22,14,20,12,7,False,0,False
819.78467,1.906,1.837,1.861,1.679,10.218,18,16,0,2378728.5,74,72,72,68,88,87,83,83,19.674,19.644,21.53,21.481,2335.875,96620,50397,0,1033,10133,10,9,1,0,0,26,22,14,20,12,7,False,0,False
820.2815,1.934,1.862,1.863,1.681,10.206,18,16,0,2385010,75,74,69,65,88,88,84,83,19.682,19.652,21.537,21.487,2353.23,96620,50397,0,950,10050,10,9,1,0,0,26,22,14,20,12,7,False,0,False
820.7797,1.973,1.906,1.863,1.682,10.194,18,16,0,2389740.5,76,76,65,65,88,88,84,83,19.692,19.662,21.542,21.492,2373.883,96620,50397,0,950,10050,10,9,1,0,0,26,22,14,20,12,7,False,0,False
821.2832,1.992,1.929,1.863,1.682,10.18,18,16,0,2385381,72,71,64,65,88,88,84,83,19.699,19.67,21.546,21.496,2397.262,96620,50397,0,933,10050,10,9,1,0,0,26,22,14,20,12,7,False,0,False
821.7834,2.008,1.946,1.863,1.682,10.167,18,16,0,2385294.5,70,69,64,65,89,88,84,83,19.705,19.675,21.549,21.499,2423.18,96620,50397,0,933,10050,10,9,1,0,0,26,22,14,20,12,7,False,0,False
822.28375,2.021,1.96,1.863,1.682,10.153,18,16,0,2378702.8,68,68,64,65,89,88,84,83,19.709,19.679,21.551,21.503,2451.199,96620,50397,0,900,10050,10,9,1,0,0,26,22,14,20,12,7,False,0,False
823.28253,2.045,1.984,1.863,1.682,10.127,18,16,0,2368408.8,68,67,65,65,89,88,84,83,19.715,19.686,21.555,21.507,2512.855,96620,50397,0,900,10017,10,9,1,0,0,26,22,14,20,12,7,False,0,False
823.77734,2.057,1.997,1.866,1.684,10.113,18,16,0,2359768.8,68,69,66,66,89,88,84,83,19.718,19.688,21.556,21.509,2546.023,96620,50397,0,900,10017,10,9,1,0,0,26,22,14,20,12,7,False,0,False
824.2808,2.079,2.025,1.889,1.706,10.099,18,16,0,2351128.8,69,72,69,71,89,88,84,83,19.72,19.692,21.557,21.511,2580.613,96620,50397,0,900,10000,10,9,1,0,0,26,22,14,20,12,7,False,0,False
824.7794,2.119,2.076,1.934,1.753,10.087,18,16,0,2347839.5,71,75,72,74,89,88,84,83,19.723,19.697,21.56,21.514,2615.465,96620,50397,0,900,10000,10,9,1,0,0,26,22,14,20,12,7,False,0,False
825.2804,2.152,2.118,1.979,1.796,10.08,18,16,0,2366337.5,71,73,73,75,89,89,84,83,19.727,19.702,21.564,21.52,2651.141,96620,50397,0,900,10000,10,9,1,0,0,26,22,14,20,12,7,False,0,False
825.78284,2.186,2.159,2.022,1.834,10.078,18,16,0,2392895.5,71,74,74,76,89,89,84,83,19.734,19.71,21.574,21.531,2679.328,96620,50397,0,917,10033,10,9,1,0,0,26,22,14,20,12,7,False,0,False
826.2803,2.21,2.186,2.044,1.855,10.077,18,16,0,2414892,71,73,72,74,89,89,84,84,19.741,19.72,21.584,21.542,2699.668,96620,50397,0,917,10033,10,9,1,0,0,26,22,14,20,12,7,False,0,False
826.7801,2.219,2.197,2.053,1.863,10.077,18,16,0,2433433,67,70,69,71,89,89,84,84,19.749,19.729,21.594,21.553,2715.703,96620,50397,0,917,10033,10,9,1,0,0,26,22,14,20,12,7,False,0,False
827.7842,2.238,2.223,2.092,1.92,10.077,18,16,0,2453169.2,68,71,73,81,90,89,85,84,19.761,19.745,21.613,21.577,2739.324,96620,50397,0,1000,10117,10,9,1,0,0,26,22,14,20,12,7,False,0,False
828.7831,2.276,2.267,2.132,1.983,10.071,18,16,0,2464385,74,78,74,83,90,90,85,85,19.776,19.762,21.634,21.608,2772.785,96620,50397,0,1000,10133,10,9,1,0,0,26,22,14,20,12,7,False,0,False
829.27997,2.295,2.29,2.138,1.99,10.065,18,16,0,2470473.2,73,77,70,76,90,90,85,85,19.785,19.774,21.643,21.62,2784.676,96620,50397,0,1016,10133,10,9,1,0,0,26,22,14,20,12,7,False,0,False
829.7806,2.31,2.304,2.14,1.992,10.056,18,16,0,2474267,72,73,67,70,90,90,85,85,19.792,19.783,21.649,21.629,2799.324,96620,50397,0,1016,10133,10,9,1,0,0,26,22,14,20,12,7,False,0,False
830.2806,2.328,2.326,2.14,1.992,10.044,18,16,0,2478914.5,72,73,64,67,90,90,85,85,19.799,19.791,21.654,21.636,2816.566,96620,50397,0,1016,10133,10,9,1,0,0,26,22,14,20,12,7,False,0,False
830.78436,2.35,2.346,2.14,1.992,10.033,18,16,0,2486677.5,72,72,64,65,90,90,86,85,19.806,19.798,21.659,21.641,2836.645,96620,50397,0,967,10133,10,9,1,0,0,26,22,14,20,12,7,False,0,False
831.28143,2.372,2.367,2.14,1.992,10.019,18,16,0,2482519.8,71,71,64,64,91,90,86,85,19.812,19.804,21.662,21.645,2859.457,96620,50397,0,967,10083,10,9,1,0,0,26,22,14,20,12,7,False,0,False
831.78235,2.39,2.385,2.141,1.992,10.006,18,16,0,2482637.2,68,69,64,65,91,90,86,85,19.817,19.809,21.665,21.648,2884.965,96620,50397,0,950,10083,10,9,1,0,0,26,22,14,20,12,7,False,0,False
832.7808,2.426,2.422,2.141,1.992,9.98,18,16,0,2406163,68,68,65,65,91,91,86,85,19.825,19.817,21.67,21.654,2943.387,96620,50397,0,950,10067,10,9,1,0,0,26,22,14,20,12,7,False,0,False
833.283,2.437,2.434,2.141,1.992,9.966,18,16,0,2397644.2,67,67,66,66,91,91,86,85,19.827,19.82,21.672,21.656,2975.816,96620,50397,0,933,10067,10,9,1,0,0,26,22,14,20,12,7,False,0,False
834.2801,2.458,2.454,2.141,1.992,9.939,18,16,0,2383157.5,67,67,66,66,91,91,86,86,19.83,19.823,21.674,21.658,3045.516,96620,50397,0,933,10016,10,9,1,0,0,26,22,14,20,12,7,False,0,False
834.7802,2.468,2.463,2.141,1.992,9.925,18,16,0,2377258.8,67,67,66,66,91,91,86,86,19.831,19.824,21.674,21.658,3082.258,96620,50397,0,916,10016,10,9,1,0,0,26,22,14,20,12,7,False,0,False
835.2822,2.477,2.473,2.141,1.992,9.912,18,16,0,2368618.8,68,68,67,67,91,91,86,86,19.832,19.825,21.674,21.658,3120.18,96620,50397,0,917,9984,10,9,1,0,0,26,22,14,20,12,7,False,0,False
835.7808,2.487,2.482,2.141,1.992,9.898,18,16,0,2359978.8,67,67,67,67,91,91,86,86,19.832,19.825,21.673,21.658,3159.164,96620,50397,0,917,9984,10,9,1,0,0,26,22,14,20,12,7,False,0,False
836.7827,2.505,2.498,2.141,1.993,9.87,18,16,0,2342698.8,67,67,67,67,91,91,86,85,19.831,19.824,21.67,21.655,3239.855,96620,50397,0,917,9950,10,9,1,0,0,26,22,14,20,12,7,False,0,False
838.2785,2.53,2.523,2.142,1.994,9.83,18,16,0,2324286,67,68,67,68,91,91,86,85,19.827,19.819,21.663,21.648,3365.781,96620,50397,0,900,9900,10,9,1,0,0,26,22,14,20,12,7,False,0,False
838.7763,2.561,2.555,2.186,2.038,9.827,18,16,0,2357784.5,70,71,73,73,91,91,86,85,19.829,19.822,21.668,21.653,3403.457,96620,50397,0,900,9867,10,9,1,0,0,26,22,14,20,12,7,False,0,False
839.2757,2.607,2.609,2.263,2.115,9.827,18,16,0,2386574.2,74,79,81,84,91,91,86,86,19.835,19.83,21.679,21.665,3432.266,96620,50397,0,850,9867,10,9,1,0,0,26,22,14,20,12,7,False,0,False
839.7803,2.676,2.694,2.366,2.249,9.826,18,16,0,2409176.8,81,87,91,101,91,91,86,86,19.846,19.843,21.695,21.684,3454.699,96620,50397,0,850,9834,10,9,1,0,0,26,22,14,20,12,7,False,0,False
840.2804,2.701,2.727,2.437,2.345,9.822,18,16,0,2416623.5,74,79,88,99,91,91,86,86,19.856,19.856,21.712,21.706,3477.371,96620,50397,0,850,9834,10,9,1,0,0,26,22,14,20,12,7,False,0,False
840.7805,2.733,2.768,2.473,2.389,9.815,18,16,0,2423263.2,74,79,80,87,91,92,87,87,19.864,19.867,21.726,21.724,3499.219,96620,50397,0,850,9834,10,9,1,0,0,26,22,14,20,12,7,False,0,False
841.2795,2.765,2.805,2.504,2.425,9.805,18,16,0,2429596.5,74,78,75,81,92,92,87,87,19.872,19.876,21.736,21.737,3520.375,96620,50397,0,850,9834,10,9,1,0,0,26,22,14,20,12,7,False,0,False
843.2831,2.924,2.991,2.622,2.55,9.753,18,16,0,2423529,74,78,73,76,92,92,87,87,19.898,19.911,21.763,21.769,3621.047,96620,50397,0,984,9984,10,9,1,0,0,26,22,14,20,12,7,False,0,False
843.7787,2.969,3.045,2.661,2.591,9.739,18,16,0,2415971.2,73,78,73,75,92,92,87,87,19.903,19.918,21.769,21.776,3650.867,96620,50397,0,984,9984,10,9,1,0,0,26,22,14,20,12,7,False,0,False
844.2789,2.993,3.076,2.68,2.609,9.726,18,16,0,2413281.5,69,73,69,70,92,93,87,88,19.907,19.924,21.773,21.78,3682.664,96620,50397,0,984,9984,10,9,1,0,0,26,22,14,20,12,7,False,0,False
844.7816,3.007,3.094,2.685,2.613,9.713,18,16,0,2404662.5,68,69,67,66,92,93,87,88,19.909,19.927,21.774,21.782,3715.961,96620,50397,0,984,9984,10,9,1,0,0,26,22,14,20,12,7,False,0,False
845.2788,3.053,3.131,2.74,2.662,9.699,18,16,0,2396022.5,77,74,79,75,92,93,88,88,19.911,19.929,21.777,21.784,3749.988,96620,50397,0,966,9983,10,9,1,0,0,26,22,14,20,12,7,False,0,False
845.78125,3.132,3.197,2.824,2.738,9.685,18,16,0,2387382.5,78,74,80,76,92,93,88,88,19.918,19.933,21.783,21.788,3784.23,96620,50397,0,983,10000,10,9,1,0,0,26,22,14,20,12,7,False,0,False
846.279,3.19,3.244,2.88,2.794,9.672,18,16,0,2384172.8,77,73,78,75,93,93,88,88,19.923,19.936,21.788,21.791,3820.422,96620,50397,0,1000,10000,10,9,1,0,0,26,22,14,20,12,7,False,0,False
846.7786,3.275,3.314,2.995,2.897,9.659,18,16,0,2375532.8,82,78,87,82,93,93,88,88,19.928,19.939,21.793,21.795,3857.551,96620,50397,0,1000,10000,10,9,1,0,0,26,22,14,20,12,7,False,0,False
847.28217,3.375,3.398,3.135,3.021,9.645,18,16,0,2366892.8,82,78,88,83,93,93,88,88,19.935,19.944,21.8,21.8,3894.586,96620,50397,0,1000,10016,10,9,1,0,0,26,22,14,20,12,7,False,0,False
847.7795,3.452,3.461,3.224,3.104,9.631,18,16,0,2358252.8,78,74,82,78,93,93,88,88,19.94,19.947,21.805,21.803,3931.172,96620,50397,0,1000,10016,10,9,1,0,0,26,22,14,20,12,7,False,0,False
848.279,3.533,3.527,3.305,3.178,9.618,18,16,0,2349612.8,78,74,77,74,93,93,88,88,19.944,19.949,21.809,21.806,3966.973,96620,50397,0,1000,10000,10,9,1,0,0,26,22,14,20,12,7,False,0,False
848.7792,3.55,3.54,3.311,3.185,9.604,18,16,0,2340972.8,69,69,68,66,93,93,88,88,19.944,19.948,21.808,21.804,4003.828,96620,50397,0,1000,10017,10,9,1,0,0,26,22,14,20,12,7,False,0,False
849.2805,3.569,3.555,3.328,3.2,9.593,18,16,0,2346929.5,70,69,71,70,93,93,88,88,19.943,19.946,21.806,21.801,4041.137,96620,50397,39934,1000,10017,10,9,1,0,0,26,22,14,20,12,7,False,0,False
849.78107,3.612,3.593,3.382,3.255,9.591,18,16,0,2376830.8,75,72,78,77,93,93,88,88,19.946,19.949,21.812,21.807,4071.23,96620,50397,39934,1017,10000,10,9,1,0,0,26,22,14,20,12,7,False,0,False
850.28107,3.68,3.648,3.488,3.346,9.591,18,16,0,2402088.5,83,77,94,87,93,93,88,88,19.955,19.955,21.826,21.819,4094.215,96620,50397,39934,1017,10017,10,9,1,0,0,26,22,14,20,12,7,False,0,False
850.7795,3.722,3.679,3.59,3.423,9.591,18,16,0,2419872,79,74,99,89,93,93,89,88,19.966,19.963,21.844,21.834,4113.023,96620,50397,39934,1017,10017,10,9,1,0,0,26,22,14,20,12,7,False,0,False
851.28064,3.751,3.703,3.644,3.463,9.584,18,16,0,2426764.5,77,73,91,82,94,93,89,89,19.974,19.969,21.862,21.847,4131.059,96620,50397,39934,1067,10083,10,9,1,0,0,26,22,14,20,12,7,False,0,False
851.7807,3.805,3.747,3.683,3.49,9.576,18,16,0,2433395.8,83,79,84,75,94,94,89,89,19.983,19.975,21.875,21.856,4154.164,96620,50397,39934,1067,10083,10,9,1,0,0,26,22,14,20,12,7,False,0,False
852.2818,3.846,3.785,3.722,3.515,9.566,18,16,0,2439568.8,79,77,81,73,94,94,89,89,19.993,19.984,21.886,21.863,4176.035,96620,50397,39934,1116,10133,10,9,1,0,0,26,22,14,20,12,7,False,0,False
852.77893,3.898,3.834,3.748,3.537,9.554,18,16,0,2440351.8,82,80,76,71,94,94,89,89,20.001,19.991,21.894,21.869,4197.754,96620,50397,39934,1116,10133,10,9,1,0,0,26,22,14,20,12,7,False,0,False
853.2807,3.955,3.888,3.758,3.546,9.54,18,16,0,2435903,78,76,70,67,94,94,90,89,20.011,19.999,21.9,21.873,4221.641,96620,50397,39934,1116,10133,10,9,1,0,0,26,22,14,20,12,7,False,0,False
853.7822,3.974,3.905,3.759,3.548,9.527,18,16,0,2421249.2,71,70,67,66,94,94,90,89,20.016,20.003,21.902,21.875,4248.402,96620,50397,39934,1116,10133,10,9,1,0,0,26,22,14,20,12,7,False,0,False
854.7779,4.013,3.941,3.761,3.551,9.501,18,16,0,2326610.8,69,69,65,65,94,94,90,89,20.019,20.007,21.904,21.877,4308.555,96620,50397,39934,1083,10133,10,9,1,0,0,26,22,14,20,12,7,False,0,False
855.2785,4.028,3.956,3.761,3.551,9.487,18,16,0,2269243.2,69,69,66,66,94,94,90,89,20.02,20.008,21.904,21.877,4341.484,96620,50397,39934,1083,10133,10,9,1,0,0,26,22,14,20,12,7,False,0,False
855.77924,4.04,3.969,3.761,3.551,9.473,18,16,0,2224688.2,68,68,66,66,94,94,90,89,20.021,20.008,21.904,21.877,4376.234,96620,50397,39934,1083,10133,10,9,1,0,0,26,22,14,20,12,7,False,0,False
856.2787,4.049,3.979,3.761,3.551,9.46,18,16,0,2221494.2,68,68,66,66,94,94,90,89,20.02,20.008,21.903,21.876,4412.184,96620,50397,39934,1066,10100,10,9,1,0,0,26,22,14,20,12,7,False,0,False
856.78076,4.059,3.988,3.761,3.551,9.447,18,16,0,2212854.2,68,68,66,66,94,94,90,89,20.019,20.007,21.901,21.874,4449.129,96620,50397,39934,1066,10100,10,9,1,0,0,26,22,14,20,12,7,False,0,False
857.28046,4.068,3.997,3.761,3.551,9.433,18,16,0,2204214.2,68,68,66,66,94,94,90,89,20.018,20.006,21.899,21.872,4487.051,96620,50397,39934,1050,10084,10,9,1,0,0,26,22,14,20,12,7,False,0,False
857.7807,4.077,4.006,3.761,3.551,9.419,18,16,0,2195574.2,68,68,66,66,94,94,89,89,20.016,20.004,21.896,21.87,4525.855,96620,50397,39934,1033,10084,10,9,1,0,0,26,22,14,20,12,7,False,0,False
858.2818,4.085,4.015,3.761,3.551,9.405,18,16,0,2186934.2,68,69,67,67,94,94,89,89,20.014,20.002,21.893,21.867,4565.441,96620,50397,39934,1033,10066,10,9,1,0,0,26,22,14,20,12,7,False,0,False
858.7807,4.094,4.023,3.761,3.551,9.391,18,16,0,2178294.2,69,69,67,67,94,94,89,89,20.012,20,21.89,21.864,4605.73,96620,50397,39934,1050,10066,10,9,1,0,0,26,22,14,20,12,7,False,0,False
859.2802,4.102,4.032,3.761,3.551,9.378,18,16,0,2169654.2,70,70,68,68,94,94,89,89,20.01,19.998,21.886,21.86,4646.629,96620,50397,39934,1033,10066,10,9,1,0,0,26,22,14,20,12,7,False,0,False
859.78125,4.109,4.04,3.761,3.551,9.365,18,16,0,2166568.5,69,69,67,67,94,94,89,89,20.007,19.995,21.882,21.857,4687.953,96620,50397,39934,1034,10034,10,9,1,0,0,26,22,14,20,12,7,False,0,False
860.7702,4.125,4.057,3.761,3.551,9.338,18,16,0,2149576.5,69,69,68,67,94,94,89,89,20.001,19.989,21.873,21.848,4770.32,96620,50397,39934,1034,10017,10,9,1,0,0,26,22,14,20,12,7,False,0,False
862.2786,4.191,4.126,3.836,3.622,9.319,18,16,0,2202363.5,69,69,71,71,94,94,89,89,20.001,19.99,21.879,21.854,4880.418,96620,50397,39934,1050,10034,10,9,1,0,0,26,22,14,20,12,7,False,0,False
862.78253,4.215,4.143,3.867,3.65,9.319,18,16,0,2225343.8,72,68,76,73,94,94,89,89,20.006,19.994,21.888,21.862,4903.082,96620,50397,39934,1050,10034,10,9,1,0,0,26,22,14,20,12,7,False,0,False
863.2802,4.243,4.163,3.908,3.682,9.319,18,16,0,2238967,74,69,79,74,94,94,90,89,20.012,19.998,21.898,21.871,4922.133,96620,50397,39934,1050,10034,10,9,1,0,0,26,22,14,20,12,7,False,0,False
863.7805,4.274,4.188,3.983,3.731,9.318,18,16,0,2252173.5,75,72,91,79,94,94,90,89,20.019,20.003,21.912,21.882,4943.922,96620,50397,39934,1033,10033,10,9,1,0,0,26,22,14,20,12,7,False,0,False
864.2789,4.302,4.21,4.026,3.762,9.311,18,16,0,2258513.5,77,72,86,76,94,94,90,89,20.027,20.009,21.927,21.892,4964.426,96620,50397,39934,1033,10033,10,9,1,0,0,26,22,14,20,12,7,False,0,False
864.7751,4.324,4.228,4.049,3.78,9.303,18,16,0,2264889.5,74,70,79,72,95,94,90,90,20.033,20.013,21.938,21.9,4982.195,96620,50397,39934,1033,10033,10,9,1,0,0,26,22,14,20,12,7,False,0,False
865.2793,4.359,4.26,4.065,3.794,9.293,18,16,0,2267665.2,76,73,73,69,95,94,90,90,20.04,20.018,21.946,21.906,5002.137,96620,50397,39934,967,10000,10,9,1,0,0,26,22,14,20,12,7,False,0,False
865.7782,4.39,4.291,4.073,3.802,9.279,18,16,0,2250095.8,75,74,70,67,95,94,90,90,20.046,20.024,21.952,21.911,5023.957,96620,50397,39934,967,10000,10,9,1,0,0,26,22,14,20,12,7,False,0,False
866.27747,4.43,4.329,4.087,3.816,9.266,18,16,0,2219398,75,73,69,67,95,95,90,90,20.052,20.029,21.956,21.914,5048.336,96620,50397,39934,967,10017,10,9,1,0,0,26,22,14,20,12,7,False,0,False
866.77515,4.453,4.351,4.087,3.817,9.253,18,16,0,2175447.5,71,70,66,65,95,95,91,90,20.056,20.033,21.959,21.916,5075.953,96620,50397,39934,967,10017,10,9,1,0,0,26,22,14,20,12,7,False,0,False
867.27747,4.472,4.368,4.088,3.818,9.24,18,16,0,2129948.8,69,68,65,65,95,95,91,90,20.058,20.035,21.96,21.917,5106.367,96620,50397,39934,967,10017,10,9,1,0,0,26,22,14,20,12,7,False,0,False
867.7805,4.49,4.384,4.089,3.82,9.226,18,16,0,2073429.1,70,68,65,66,95,95,91,90,20.06,20.036,21.96,21.918,5138.66,96620,50397,39934,950,10000,10,9,1,0,0,26,22,14,20,12,7,False,0,False
868.2809,4.505,4.399,4.09,3.82,9.212,18,16,0,2015814.1,70,69,66,67,95,95,91,90,20.061,20.037,21.96,21.919,5172.77,96620,50397,39934,950,9983,10,9,1,0,0,26,22,14,20,12,7,False,0,False
868.7749,4.517,4.412,4.09,3.82,9.199,18,16,0,1984914,69,69,66,67,95,95,91,90,20.062,20.037,21.96,21.919,5208.508,96620,50397,39934,950,9966,10,9,1,0,0,26,22,14,20,12,7,False,0,False
869.2758,4.526,4.421,4.09,3.82,9.186,18,16,0,1976270.2,69,68,67,67,95,95,91,90,20.061,20.037,21.959,21.918,5245.332,96620,50397,39934,950,9966,10,9,1,0,0,26,22,14,20,12,7,False,0,False
870.7766,4.552,4.447,4.09,3.82,9.144,18,16,0,1950339,69,69,67,67,95,95,90,90,20.058,20.034,21.952,21.913,5361.242,96620,50397,39934,933,9933,10,9,1,0,0,26,22,14,20,12,7,False,0,False
871.27325,4.561,4.456,4.09,3.82,9.13,18,16,0,1941695.2,69,69,67,67,95,95,90,90,20.056,20.032,21.949,21.91,5401.301,96620,50397,39934,933,9933,10,9,1,0,0,26,22,14,20,12,7,False,0,False
871.7759,4.569,4.464,4.09,3.82,9.118,18,16,1,1938511.4,69,69,67,67,95,95,90,90,20.053,20.03,21.945,21.906,33.105,112895,0,0,933,9933,10,10,1,0,0,26,22,14,20,12,7,False,0,False
872.2785,4.577,4.472,4.09,3.82,9.104,18,16,1,1929867.6,69,69,67,67,95,94,90,90,20.051,20.028,21.941,21.902,74.176,112895,0,0,933,9884,10,10,1,0,0,26,22,14,20,12,7,False,0,False
872.7774,4.586,4.48,4.09,3.82,9.09,18,16,1,1921223.9,69,69,67,67,95,94,90,90,20.048,20.025,21.937,21.898,115.648,112895,0,0,934,9884,10,10,1,0,0,26,22,14,20,12,7,False,0,False
873.27826,4.594,4.489,4.09,3.82,9.076,18,16,1,1912580.1,69,69,67,67,95,94,90,89,20.044,20.022,21.932,21.894,157.531,112895,0,0,950,9884,10,10,1,0,0,26,22,14,20,12,7,False,0,False
874.2769,4.61,4.505,4.09,3.82,9.049,18,16,1,1895292.6,69,69,66,66,95,94,90,89,20.037,20.014,21.921,21.883,242.34,112895,0,0,983,9884,10,10,1,0,0,26,22,14,20,12,7,False,0,False
874.77686,4.619,4.514,4.09,3.82,9.035,18,16,1,1880119.4,70,70,67,68,95,94,90,89,20.033,20.01,21.915,21.878,285.16,112895,0,0,983,9850,10,10,1,0,0,26,22,14,20,12,7,False,0,False
875.2761,4.63,4.525,4.09,3.82,9.021,18,16,1,1822504.4,70,70,68,67,95,94,90,89,20.028,20.006,21.909,21.872,328.418,112895,0,0,1000,9850,10,10,1,0,0,26,22,14,20,12,7,False,0,False
875.7782,4.642,4.536,4.09,3.82,9.007,18,16,1,1764889.4,69,69,67,67,94,94,90,89,20.024,20.002,21.903,21.866,372.16,112895,0,0,1017,9817,10,10,1,0,0,26,22,14,20,12,7,False,0,False
876.2761,4.653,4.547,4.09,3.82,8.993,18,16,1,1707274.4,71,70,68,68,94,94,89,89,20.019,19.997,21.897,21.86,416.281,112895,0,0,1033,9817,10,10,1,0,0,26,22,14,20,12,7,False,0,False
877.2793,4.675,4.568,4.09,3.82,8.966,18,16,1,1592044.4,70,69,67,67,94,94,89,89,20.008,19.987,21.883,21.847,505.508,112895,0,0,1050,9783,10,10,1,0,0,26,22,14,20,12,7,False,0,False
877.7739,4.685,4.577,4.09,3.821,8.952,18,16,1,1554092,69,69,68,67,94,94,89,89,20.003,19.981,21.876,21.84,550.535,112895,0,0,1050,9750,10,10,1,0,0,26,22,14,20,12,7,False,0,False
878.2789,4.693,4.586,4.095,3.825,8.938,18,16,1,1550431.4,69,70,69,68,94,94,89,88,19.997,19.975,21.869,21.833,595.441,112895,0,0,1067,9750,10,10,1,0,0,26,22,14,20,12,7,False,0,False
878.77936,4.724,4.615,4.138,3.87,8.934,18,16,1,1583182.6,70,71,73,72,94,94,89,88,19.996,19.975,21.872,21.836,634.449,112895,0,0,1067,9683,10,10,1,0,0,26,22,14,20,12,7,False,0,False
879.27783,4.753,4.641,4.164,3.898,8.933,18,16,1,1613171.9,69,69,71,71,94,94,89,89,20,19.979,21.881,21.845,664.363,112895,0,0,1100,9750,10,10,1,0,0,26,22,14,20,12,7,False,0,False
879.7765,4.765,4.65,4.168,3.904,8.932,18,16,1,1638268.4,67,67,68,67,94,94,89,89,20.004,19.983,21.888,21.853,687.84,112895,0,0,1100,9750,10,10,1,0,0,26,22,14,20,12,7,False,0,False
880.2785,4.773,4.657,4.174,3.909,8.932,18,16,1,1660296.5,67,66,67,67,94,94,89,89,20.007,19.987,21.896,21.86,707.152,112895,0,0,1100,9750,10,10,1,0,0,26,22,14,20,12,7,False,0,False
880.7808,4.792,4.673,4.207,3.935,8.932,18,16,1,1677902.4,71,68,76,72,94,94,90,89,20.012,19.991,21.904,21.868,722.164,112895,0,0,1100,9833,10,10,1,0,0,26,22,14,20,12,7,False,0,False
881.2783,4.811,4.687,4.259,3.975,8.932,18,16,1,1690819.9,72,69,86,78,94,94,90,89,20.019,19.996,21.916,21.878,733.215,112895,0,0,1050,9833,10,10,1,0,0,26,22,14,20,12,7,False,0,False
881.7801,4.821,4.695,4.303,4.005,8.931,18,16,1,1696627.9,71,68,91,81,94,94,90,89,20.025,20.001,21.932,21.89,748.543,112895,0,0,1050,9833,10,10,1,0,0,26,22,14,20,12,7,False,0,False
882.2798,4.835,4.707,4.33,4.021,8.928,18,16,1,1701637.6,72,69,89,78,95,94,90,90,20.031,20.006,21.948,21.902,761.172,112895,0,0,1050,9884,10,10,1,0,0,26,22,14,20,12,7,False,0,False
882.7756,4.848,4.72,4.338,4.028,8.923,18,16,1,1706675.4,72,69,81,73,95,94,91,90,20.037,20.011,21.961,21.911,771.754,112895,0,0,1050,9884,10,10,1,0,0,26,22,14,20,12,7,False,0,False
883.28076,4.876,4.751,4.343,4.032,8.915,18,16,1,1711757.4,77,76,74,69,95,94,91,90,20.044,20.017,21.971,21.918,784.465,112895,0,0,1000,9884,10,10,1,0,0,26,22,14,20,12,7,False,0,False
884.2768,4.912,4.788,4.35,4.04,8.896,18,16,1,1728006,73,73,66,68,95,95,91,90,20.057,20.029,21.981,21.928,817.062,112895,0,0,1000,9800,10,10,1,0,0,26,22,14,20,12,7,False,0,False
884.7799,4.94,4.82,4.371,4.066,8.887,18,16,1,1732646,74,76,69,73,95,95,91,90,20.063,20.036,21.985,21.934,837.621,112895,0,0,850,9800,10,10,1,0,0,26,22,14,20,12,7,False,0,False
885.2785,4.981,4.869,4.399,4.099,8.876,18,16,1,1738987,77,82,72,76,95,95,91,90,20.069,20.044,21.99,21.941,863.672,112895,0,0,850,9800,10,10,1,0,0,26,22,14,20,12,7,False,0,False
885.7778,5.045,4.945,4.419,4.12,8.864,18,16,1,1742377,81,86,70,72,95,95,91,90,20.077,20.055,21.995,21.947,885.484,112895,0,0,817,9800,10,10,1,0,0,26,22,14,20,12,7,False,0,False
886.2788,5.07,4.97,4.424,4.124,8.85,18,16,1,1737210.8,72,74,67,67,96,95,91,90,20.083,20.063,21.997,21.95,910.355,112895,0,0,817,9800,10,10,1,0,0,26,22,14,20,12,7,False,0,False
886.77576,5.084,4.989,4.425,4.124,8.838,18,16,1,1736533.5,70,70,65,66,96,95,91,90,20.085,20.066,21.998,21.952,938.02,112895,0,0,816,9816,10,10,1,0,0,26,22,14,20,12,7,False,0,False
887.27655,5.119,5.022,4.451,4.145,8.824,18,16,1,1729443.8,74,73,72,69,96,95,91,90,20.088,20.068,22,21.953,969.047,112895,0,0,816,9816,10,10,1,0,0,26,22,14,20,12,7,False,0,False
887.7779,5.157,5.053,4.473,4.167,8.811,18,16,1,1727082.2,73,71,71,68,96,95,91,90,20.092,20.07,22.002,21.954,999.938,112895,0,0,816,9816,10,10,1,0,0,26,22,14,20,12,7,False,0,False
888.77344,5.185,5.076,4.476,4.171,8.783,18,16,1,1710000.2,68,68,66,66,96,95,91,90,20.093,20.071,22.001,21.953,1065.555,112895,0,0,816,9816,10,10,1,0,0,26,22,14,20,12,7,False,0,False
889.2784,5.195,5.086,4.476,4.171,8.77,18,16,1,1701356.5,68,68,66,66,96,95,91,90,20.093,20.07,21.999,21.951,1100.492,112895,0,0,817,9816,10,10,1,0,0,26,22,14,20,12,7,False,0,False
889.77856,5.204,5.095,4.476,4.171,8.757,18,16,1,1698109.8,68,68,66,66,96,95,91,90,20.091,20.069,21.997,21.949,1136.445,112895,0,0,817,9817,10,10,1,0,0,26,22,14,20,12,7,False,0,False
890.2789,5.213,5.104,4.476,4.171,8.743,18,16,1,1689466,68,68,66,66,96,95,91,90,20.09,20.068,21.994,21.947,1173.418,112895,0,0,817,9817,10,10,1,0,0,26,22,14,20,12,7,False,0,False
890.77985,5.222,5.113,4.476,4.171,8.729,18,16,1,1680822.2,68,69,67,66,96,95,91,90,20.088,20.066,21.991,21.944,1211.332,112895,0,0,833,9817,10,10,1,0,0,26,22,14,20,12,7,False,0,False
891.28033,5.232,5.122,4.477,4.172,8.715,18,16,1,1672178.5,69,68,67,66,96,95,91,90,20.086,20.064,21.987,21.94,1250.086,112895,0,0,850,9816,10,10,1,0,0,26,22,14,20,12,7,False,0,False
891.7772,5.243,5.131,4.477,4.172,8.702,18,16,1,1663534.8,69,69,67,67,96,95,91,90,20.084,20.062,21.983,21.936,1289.574,112895,0,0,850,9816,10,10,1,0,0,26,22,14,20,12,7,False,0,False
892.2804,5.252,5.14,4.477,4.172,8.688,18,16,1,1654891,69,69,67,67,95,95,91,90,20.081,20.059,21.978,21.932,1329.699,112895,0,0,850,9800,10,10,1,0,0,26,22,14,20,12,7,False,0,False
892.77655,5.261,5.148,4.477,4.172,8.675,18,16,1,1651681.4,69,69,67,67,95,95,91,90,20.078,20.056,21.973,21.928,1370.297,112895,0,0,867,9783,10,10,1,0,0,26,22,14,20,12,7,False,0,False
893.27747,5.271,5.159,4.481,4.176,8.661,18,16,1,1647613.8,70,70,68,68,95,95,91,90,20.074,20.053,21.968,21.923,1411.219,112895,0,0,883,9783,10,10,1,0,0,26,22,14,20,12,7,False,0,False
893.7794,5.304,5.186,4.528,4.214,8.658,18,16,1,1678649,71,70,73,72,95,95,91,90,20.075,20.054,21.972,21.926,1446.645,112895,0,0,883,9783,10,10,1,0,0,26,22,14,20,12,7,False,0,False
894.2786,5.323,5.211,4.559,4.227,8.658,18,16,1,1706021.5,69,69,71,69,95,95,91,90,20.078,20.058,21.979,21.933,1474.121,112895,0,0,967,9783,10,10,1,0,0,26,22,14,20,12,7,False,0,False
894.7772,5.347,5.229,4.588,4.256,8.658,18,16,1,1728311.1,72,68,75,73,96,95,91,90,20.083,20.061,21.987,21.94,1496.016,112895,0,0,967,9867,10,10,1,0,0,26,22,14,20,12,7,False,0,False
895.2798,5.377,5.251,4.629,4.287,8.658,18,16,1,1741837.4,75,70,80,74,96,95,91,90,20.089,20.066,21.997,21.949,1513.801,112895,0,0,967,9867,10,10,1,0,0,26,22,14,20,12,7,False,0,False
895.7799,5.408,5.267,4.677,4.335,8.657,18,16,1,1749866,79,69,83,81,96,95,91,91,20.096,20.07,22.008,21.958,1534.859,112895,0,0,1033,9933,10,10,1,0,0,26,22,14,20,12,7,False,0,False
896.2789,5.439,5.29,4.748,4.384,8.654,18,16,1,1756248.1,78,70,91,83,96,95,92,91,20.104,20.074,22.022,21.969,1562.082,112895,0,0,1033,9933,10,10,1,0,0,26,22,14,20,12,7,False,0,False
897.27826,5.487,5.327,4.805,4.428,8.642,18,16,1,1768771.2,76,71,79,73,96,95,92,91,20.117,20.082,22.045,21.987,1597.445,112895,0,0,950,9850,10,10,1,0,0,26,22,14,20,12,7,False,0,False
897.7794,5.512,5.351,4.818,4.44,8.632,18,16,1,1772004.9,76,72,73,70,96,96,92,91,20.122,20.085,22.051,21.992,1615.355,112895,0,0,950,9850,10,10,1,0,0,26,22,14,20,12,7,False,0,False
898.27716,5.551,5.388,4.828,4.449,8.62,18,16,1,1770453.9,77,74,70,67,96,96,92,91,20.129,20.09,22.056,21.995,1636.484,112895,0,0,883,9816,10,10,1,0,0,26,22,14,20,12,7,False,0,False
898.7778,5.574,5.411,4.828,4.45,8.607,18,16,1,1766180.1,73,72,66,65,96,96,92,91,20.133,20.094,22.058,21.997,1660.16,112895,0,0,883,9816,10,10,1,0,0,26,22,14,20,12,7,False,0,False
899.2782,5.6,5.433,4.828,4.45,8.594,18,16,1,1766135.8,71,70,65,64,96,96,92,91,20.136,20.097,22.059,21.998,1686.57,112895,0,0,866,9816,10,10,1,0,0,26,22,14,20,12,7,False,0,False
899.77637,5.616,5.449,4.829,4.452,8.58,18,16,1,1759390.2,70,69,65,66,97,96,92,91,20.137,20.098,22.058,21.998,1715.328,112895,0,0,866,9816,10,10,1,0,0,26,22,14,20,12,7,False,0,False
900.274,5.633,5.47,4.838,4.459,8.566,18,16,1,1751703.2,69,70,66,67,97,96,92,91,20.138,20.1,22.058,21.998,1745.723,112895,0,0,850,9816,10,10,1,0,0,26,22,14,20,12,7,False,0,False
900.77594,5.649,5.491,4.85,4.469,8.553,18,16,1,1748848.2,69,71,67,68,97,96,92,91,20.138,20.101,22.058,21.999,1777.746,112895,0,0,850,9816,10,10,1,0,0,26,22,14,20,12,7,False,0,False
901.2785,5.672,5.521,4.869,4.488,8.54,18,16,1,1740204.5,70,73,69,70,97,96,92,91,20.138,20.102,22.057,21.999,1812.043,112895,29800,0,850,9816,10,10,1,0,0,26,22,14,20,12,7,False,0,False
901.778,5.693,5.544,4.889,4.507,8.529,18,16,1,1745198.2,69,69,71,70,97,96,92,91,20.137,20.103,22.056,21.999,1847.805,112895,29800,0,850,9800,10,10,1,0,0,26,22,14,20,12,7,False,0,False
902.2789,5.754,5.591,4.969,4.576,8.529,18,16,1,1764788.9,77,73,81,76,97,96,92,91,20.14,20.105,22.06,22.001,1879.391,112895,29800,0,850,9800,10,10,1,0,0,26,22,14,20,12,7,False,0,False
902.7777,5.82,5.64,5.082,4.673,8.529,18,16,1,1790069,82,75,93,86,97,96,92,91,20.145,20.108,22.069,22.008,1910.367,112895,29800,0,816,9800,10,10,1,0,0,26,22,14,20,12,7,False,0,False
903.27765,5.882,5.687,5.195,4.766,8.522,18,16,1,1796429.6,82,75,92,84,97,96,93,91,20.153,20.113,22.081,22.017,1939.164,112895,29800,0,816,9766,10,10,1,0,0,26,22,14,20,12,7,False,0,False
903.7779,5.929,5.724,5.231,4.798,8.512,18,16,1,1799346.2,77,72,77,73,97,96,93,92,20.159,20.116,22.088,22.022,1965.652,112895,29800,0,767,9766,10,10,1,0,0,26,22,14,20,12,7,False,0,False
904.27515,5.952,5.746,5.238,4.805,8.498,18,16,1,1792673.2,71,70,68,68,97,96,93,92,20.161,20.116,22.089,22.022,1994.004,112895,29800,0,767,9733,10,10,1,0,0,26,22,14,20,12,7,False,0,False
904.77563,5.988,5.795,5.303,4.882,8.491,18,16,1,1798958.6,74,78,79,85,97,96,93,92,20.161,20.118,22.09,22.024,2025.508,112895,29800,0,783,9733,10,10,1,0,0,26,22,14,20,12,7,False,0,False
905.2749,6.041,5.86,5.409,5.018,8.483,18,16,1,1804799.8,77,81,86,95,97,96,93,92,20.163,20.123,22.094,22.033,2055.398,112895,29800,0,783,9783,10,10,1,0,0,26,22,14,20,12,7,False,0,False
905.778,6.105,5.938,5.476,5.102,8.471,18,16,1,1808178.5,78,82,78,84,97,96,93,92,20.166,20.128,22.099,22.041,2083.586,112895,29800,0,800,9783,10,10,1,0,0,26,22,14,20,12,7,False,0,False
906.27686,6.135,5.974,5.496,5.12,8.458,18,16,1,1805997.8,71,73,70,71,97,96,93,92,20.167,20.131,22.098,22.042,2113.816,112895,29800,0,800,9833,10,10,1,0,0,26,22,14,20,12,7,False,0,False
906.7735,6.163,6.008,5.517,5.136,8.444,18,16,1,1797684.1,70,74,70,70,97,96,93,92,20.165,20.132,22.096,22.041,2145.504,112895,29800,0,800,9916,10,10,1,0,0,26,22,14,20,12,7,False,0,False
907.2762,6.175,6.023,5.52,5.138,8.43,18,16,1,1789040.4,69,70,68,67,97,96,93,92,20.163,20.131,22.093,22.038,2178.352,112895,29800,0,866,9916,10,10,1,0,0,26,22,14,20,12,7,False,0,False
907.7781,6.205,6.049,5.551,5.175,8.426,18,16,1,1811771.1,72,71,73,73,97,96,93,92,20.163,20.131,22.093,22.039,2209.457,112895,29800,0,866,9966,10,10,1,0,0,26,22,14,20,12,7,False,0,False
908.2753,6.232,6.072,5.575,5.202,8.425,18,16,1,1837623.4,73,71,74,73,97,96,93,92,20.166,20.134,22.099,22.044,2233.305,112895,29800,0,866,9966,10,10,1,0,0,26,22,14,20,12,7,False,0,False
908.7796,6.274,6.107,5.62,5.243,8.425,18,16,1,1858077.4,80,75,82,78,97,97,93,92,20.172,20.138,22.107,22.052,2251.328,112895,29800,0,866,9984,10,10,1,0,0,26,22,14,20,12,7,False,0,False
909.2768,6.32,6.143,5.697,5.297,8.425,18,16,1,1873435.9,84,78,96,85,97,97,93,92,20.182,20.145,22.12,22.062,2264.387,112895,29800,0,900,9984,10,10,1,0,0,26,22,14,20,12,7,False,0,False
910.27637,6.355,6.173,5.793,5.364,8.418,18,16,1,1888151.6,79,74,95,83,98,97,94,93,20.197,20.156,22.155,22.086,2294.762,112895,29800,0,900,9984,10,10,1,0,0,26,22,14,20,12,7,False,0,False
910.7787,6.378,6.192,5.807,5.375,8.412,18,16,1,1894695.9,78,73,85,77,98,97,94,93,20.204,20.161,22.167,22.095,2307.859,112895,29800,0,900,9867,10,10,1,0,0,26,22,14,20,12,7,False,0,False
911.2765,6.413,6.223,5.83,5.393,8.405,18,16,1,1901953.2,82,78,81,74,98,97,94,93,20.211,20.166,22.176,22.102,2321.004,112895,29800,0,717,9867,10,10,1,0,0,26,22,14,20,12,7,False,0,False
911.7767,6.482,6.284,5.842,5.403,8.397,18,16,1,1909665.5,92,87,76,70,98,97,94,93,20.222,20.175,22.184,22.107,2335.594,112895,29800,0,717,9867,10,10,1,0,0,26,22,14,20,12,7,False,0,False
912.77527,6.535,6.321,5.846,5.406,8.378,18,16,1,1925547.6,83,74,67,65,98,97,94,93,20.236,20.187,22.189,22.111,2371.094,112895,29800,0,666,9833,10,10,1,0,0,26,22,14,20,12,7,False,0,False
913.2786,6.578,6.364,5.846,5.407,8.366,18,16,1,1931207.6,82,78,65,65,98,97,94,93,20.242,20.191,22.189,22.111,2392.242,112895,29800,0,666,9833,10,10,1,0,0,26,22,14,20,12,7,False,0,False
913.77374,6.605,6.396,5.846,5.408,8.352,18,16,1,1927194.6,75,73,64,66,99,98,94,93,20.247,20.195,22.189,22.111,2416.02,112895,29800,0,700,9867,10,10,1,0,0,26,22,14,20,12,7,False,0,False
914.27405,6.622,6.415,5.846,5.408,8.34,18,16,1,1900122.9,71,70,65,65,99,98,94,93,20.248,20.196,22.187,22.111,2442.242,112895,29800,0,700,9867,10,10,1,0,0,26,22,14,20,12,7,False,0,False
914.77747,6.64,6.433,5.846,5.408,8.326,18,16,1,1853961.6,70,70,65,65,99,98,94,93,20.249,20.197,22.186,22.11,2470.938,112895,29800,0,750,9917,10,10,1,0,0,26,22,14,20,12,7,False,0,False
915.274,6.654,6.447,5.846,5.408,8.313,18,16,1,1828093,69,69,66,66,99,98,94,93,20.248,20.196,22.184,22.108,2501.82,112895,29800,0,766,9917,10,10,1,0,0,26,22,14,20,12,7,False,0,False
916.27466,6.678,6.475,5.855,5.415,8.286,18,16,1,1810876.5,69,70,67,68,98,98,94,93,20.244,20.194,22.179,22.104,2568.457,112895,29800,0,766,9933,10,10,1,0,0,26,22,14,20,12,7,False,0,False
916.77576,6.712,6.519,5.895,5.456,8.273,18,16,1,1807640.8,72,75,72,75,98,98,94,93,20.243,20.194,22.177,22.104,2603.414,112895,29800,0,800,9950,10,10,1,0,0,26,22,14,20,12,7,False,0,False
917.275,6.752,6.57,5.942,5.503,8.261,18,16,1,1807960.5,73,75,74,76,98,98,94,93,20.242,20.195,22.176,22.104,2639.625,112895,29800,0,800,9933,10,10,1,0,0,26,22,14,20,12,7,False,0,False
917.7769,6.794,6.621,5.993,5.552,8.26,18,16,1,1837079,74,76,76,78,98,98,94,93,20.244,20.199,22.179,22.11,2672.129,112895,29800,0,800,9933,10,10,1,0,0,26,22,14,20,12,7,False,0,False
918.2778,6.824,6.654,6.023,5.579,8.258,18,16,1,1860939,73,75,74,76,99,98,94,93,20.247,20.204,22.186,22.117,2695.531,112895,29800,0,800,9950,10,10,1,0,0,26,22,14,20,12,7,False,0,False
918.77716,6.84,6.674,6.04,5.596,8.258,18,16,1,1881392.8,70,73,72,74,99,98,94,93,20.251,20.209,22.192,22.125,2713.105,112895,29800,0,800,9967,10,10,1,0,0,26,22,14,20,12,7,False,0,False
919.27686,6.852,6.69,6.058,5.617,8.258,18,16,1,1896690.8,69,73,73,76,99,98,94,93,20.254,20.214,22.198,22.133,2727.371,112895,29800,0,800,9967,10,10,1,0,0,26,22,14,20,12,7,False,0,False
919.7767,6.863,6.704,6.077,5.645,8.258,18,16,1,1908108.8,69,72,73,80,99,98,95,94,20.256,20.219,22.205,22.141,2738.555,112895,29800,0,800,9967,10,10,1,0,0,26,22,14,20,12,7,False,0,False
920.2753,6.873,6.715,6.102,5.686,8.257,18,16,1,1914413.9,70,72,77,88,99,98,95,94,20.259,20.223,22.211,22.153,2757.164,112895,29800,0,800,9967,10,10,1,0,0,26,22,14,20,12,7,False,0,False
920.77124,6.885,6.731,6.112,5.699,8.253,18,16,1,1919568.5,70,74,74,83,99,98,95,94,20.262,20.228,22.218,22.164,2769.902,112895,29800,0,800,9966,10,10,1,0,0,26,22,14,20,12,7,False,0,False
921.2727,6.902,6.749,6.119,5.707,8.247,18,16,1,1925475.5,72,75,71,76,99,98,95,94,20.265,20.233,22.223,22.173,2781.457,112895,29800,0,800,9966,10,10,1,0,0,26,22,14,20,12,7,False,0,False
921.7769,6.923,6.766,6.12,5.708,8.238,18,16,1,1927641.5,74,75,67,71,99,98,95,94,20.268,20.238,22.226,22.178,2795.504,112895,29800,0,800,9966,10,10,1,0,0,26,22,14,20,12,7,False,0,False
922.2751,6.953,6.796,6.12,5.708,8.227,18,16,1,1930303.9,77,77,65,67,99,98,95,94,20.273,20.243,22.228,22.181,2812.387,112895,29800,0,800,9966,10,10,1,0,0,26,22,14,20,12,7,False,0,False
922.77814,6.985,6.827,6.12,5.708,8.215,18,16,1,1934655.1,76,75,64,65,99,99,95,94,20.278,20.249,22.228,22.183,2832.156,112895,29800,0,800,9934,10,10,1,0,0,26,22,14,20,12,7,False,0,False
923.2774,7.007,6.849,6.12,5.708,8.202,18,16,1,1930611.9,72,72,64,65,99,99,95,94,20.281,20.252,22.228,22.183,2854.727,112895,29800,0,767,9934,10,10,1,0,0,26,22,14,20,12,7,False,0,False
923.777,7.026,6.868,6.121,5.708,8.189,18,16,1,1930778.6,69,70,65,65,99,99,95,94,20.283,20.254,22.228,22.183,2880.059,112895,29800,0,767,9934,10,10,1,0,0,26,22,14,20,12,7,False,0,False
924.27576,7.041,6.884,6.121,5.708,8.175,18,16,1,1924322.2,69,69,65,65,99,99,95,94,20.283,20.255,22.227,22.183,2907.715,112895,29800,0,717,9934,10,10,1,0,0,26,22,14,20,12,7,False,0,False
924.7737,7.054,6.896,6.121,5.708,8.162,18,16,1,1922157.4,68,68,66,66,99,99,95,94,20.282,20.254,22.226,22.182,2937.543,112895,29800,0,700,9866,10,10,1,0,0,26,22,14,20,12,7,False,0,False
925.2743,7.065,6.908,6.121,5.708,8.149,18,16,1,1913854.8,68,68,66,66,99,99,95,94,20.281,20.253,22.224,22.181,2969.297,112895,29800,0,700,9866,10,10,1,0,0,26,22,14,20,12,7,False,0,False
925.7775,7.076,6.919,6.121,5.708,8.135,18,16,1,1905211,68,68,66,66,99,99,95,94,20.279,20.252,22.222,22.179,3002.852,112895,29800,0,717,9867,10,10,1,0,0,26,22,14,20,12,7,False,0,False
926.2718,7.086,6.929,6.121,5.708,8.122,18,16,1,1896855.4,68,68,67,67,99,99,95,94,20.277,20.25,22.219,22.176,3036.793,112895,29800,0,716,9867,10,10,1,0,0,26,22,14,20,12,7,False,0,False
926.777,7.096,6.939,6.121,5.708,8.108,18,16,1,1893392.4,68,67,67,67,99,99,95,94,20.274,20.247,22.216,22.173,3074.359,112895,29800,0,716,9833,10,10,1,0,0,26,22,14,20,12,7,False,0,False
927.27527,7.106,6.948,6.121,5.708,8.095,18,16,1,1884748.6,67,67,67,67,99,98,95,94,20.271,20.244,22.212,22.17,3111.965,112895,29800,0,716,9833,10,10,1,0,0,26,22,14,20,12,7,False,0,False
927.7792,7.115,6.957,6.121,5.708,8.081,18,16,1,1876104.9,68,68,67,67,99,98,95,94,20.268,20.241,22.208,22.166,3150.699,112895,29800,0,733,9833,10,10,1,0,0,26,22,14,20,12,7,False,0,False
928.2785,7.124,6.966,6.121,5.708,8.067,18,16,1,1867461.1,68,68,67,67,99,98,95,94,20.264,20.238,22.204,22.162,3190.445,112895,29800,0,716,9800,10,10,1,0,0,26,22,14,20,12,7,False,0,False
929.2758,7.141,6.982,6.121,5.708,8.04,18,16,1,1855589.9,68,68,68,67,99,98,94,94,20.255,20.229,22.193,22.152,3272.289,112895,29800,0,717,9750,10,10,1,0,0,26,22,14,20,12,7,False,0,False
929.7743,7.15,6.99,6.121,5.708,8.027,18,16,1,1846946.1,68,68,68,68,99,98,94,94,20.25,20.224,22.187,22.146,3314.262,112895,29800,0,716,9716,10,10,1,0,0,26,22,14,20,12,7,False,0,False
930.2763,7.157,6.998,6.121,5.708,8.013,18,16,1,1840313.1,68,68,68,68,98,98,94,94,20.245,20.219,22.181,22.14,3356.859,112895,29800,0,716,9716,10,10,1,0,0,26,22,14,20,12,7,False,0,False
930.77545,7.188,7.029,6.163,5.751,8.009,18,16,1,1873563.6,71,71,74,73,98,98,94,94,20.244,20.218,22.183,22.142,3394.762,112895,29800,0,717,9684,10,10,1,0,0,26,22,14,20,12,7,False,0,False
931.27673,7.22,7.066,6.212,5.797,8.009,18,16,1,1903180.9,71,76,78,78,99,98,94,94,20.246,20.222,22.19,22.149,3423.883,112895,29800,0,717,9700,10,10,1,0,0,26,22,14,20,12,7,False,0,False
931.7776,7.264,7.125,6.295,5.906,8.009,18,16,1,1927191.6,75,81,86,95,99,98,95,94,20.251,20.229,22.2,22.162,3447.258,112895,29800,0,717,9700,10,10,1,0,0,26,22,14,20,12,7,False,0,False
932.77576,7.337,7.224,6.424,6.068,7.999,18,16,1,1942801.6,77,83,84,92,99,99,95,94,20.26,20.246,22.222,22.193,3496.855,112895,29800,0,717,9700,10,10,1,0,0,26,22,14,20,12,7,False,0,False
933.2771,7.369,7.264,6.463,6.116,7.991,18,16,1,1949443.4,76,81,79,86,99,99,95,95,20.264,20.254,22.23,22.204,3518.695,112895,29800,0,717,9700,10,10,1,0,0,26,22,14,20,12,7,False,0,False
933.77747,7.419,7.324,6.498,6.158,7.979,18,16,1,1954985.6,79,85,76,81,99,99,95,95,20.269,20.261,22.236,22.213,3541.145,112895,29800,0,700,9700,10,10,1,0,0,26,22,14,20,12,7,False,0,False
934.2769,7.489,7.402,6.527,6.19,7.966,18,16,1,1953063.5,83,88,74,77,99,99,95,95,20.276,20.271,22.241,22.22,3565.258,112895,29800,0,700,9700,10,10,1,0,0,26,22,14,20,12,7,False,0,False
934.77484,7.512,7.428,6.536,6.197,7.953,18,16,1,1952689.6,72,75,70,71,99,99,95,95,20.28,20.277,22.243,22.223,3591.477,112895,29800,0,717,9700,10,10,1,0,0,26,22,14,20,12,7,False,0,False
935.2765,7.579,7.507,6.589,6.256,7.939,18,16,1,1945923.1,81,87,76,79,99,99,95,95,20.283,20.282,22.246,22.227,3619.266,112895,29800,0,717,9700,10,10,1,0,0,26,22,14,20,12,7,False,0,False
935.77576,7.632,7.572,6.633,6.302,7.926,18,16,1,1938513.4,75,80,75,77,99,99,95,95,20.287,20.289,22.248,22.231,3648.414,112895,29800,0,716,9633,10,10,1,0,0,26,22,14,20,12,7,False,0,False
936.2766,7.676,7.626,6.673,6.342,7.913,18,16,1,1936017.4,73,79,74,75,99,99,95,95,20.288,20.293,22.25,22.234,3679.191,112895,29800,0,716,9633,10,10,1,0,0,26,22,14,20,12,7,False,0,False
937.27527,7.73,7.682,6.718,6.385,7.885,18,16,1,1918839,74,72,76,72,99,99,95,95,20.287,20.294,22.249,22.233,3745.273,112895,29800,0,767,9650,10,10,1,0,0,26,22,14,20,12,7,False,0,False
938.2772,7.921,7.843,6.96,6.597,7.858,18,16,1,1901551.5,85,80,90,84,99,99,95,95,20.295,20.298,22.258,22.238,3814.25,112895,29800,0,767,9684,10,10,1,0,0,26,22,14,20,12,7,False,0,False
938.7745,8.019,7.925,7.083,6.706,7.844,18,16,1,1892907.8,85,79,89,84,99,99,96,95,20.3,20.3,22.263,22.241,3850.145,112895,29800,0,800,9684,10,10,1,0,0,26,22,14,20,12,7,False,0,False
939.27686,8.115,8.006,7.203,6.813,7.831,18,16,1,1886436.8,84,79,88,83,100,100,96,95,20.304,20.301,22.268,22.243,3886.535,112895,29800,0,800,9684,10,10,1,0,0,26,22,14,20,12,7,False,0,False
939.7779,8.202,8.079,7.291,6.893,7.817,18,16,1,1828821.8,81,77,82,77,100,100,96,95,20.307,20.302,22.27,22.243,3923.238,112895,29800,0,800,9717,10,10,1,0,0,26,22,14,20,12,7,False,0,False
940.27747,8.263,8.129,7.344,6.945,7.804,18,16,1,1777736.2,77,74,76,73,100,100,96,95,20.307,20.301,22.27,22.241,3959.836,112895,29800,0,834,9717,10,10,1,0,0,26,22,14,20,12,7,False,0,False
940.77454,8.291,8.15,7.358,6.961,7.79,18,16,1,1769092.5,71,70,69,68,100,99,96,95,20.305,20.297,22.266,22.237,3997.016,112895,29800,0,834,9700,10,10,1,0,0,26,22,14,20,12,7,False,0,False
941.77655,8.343,8.193,7.409,7.015,7.778,18,16,1,1808418.5,73,70,74,73,100,99,96,95,20.301,20.293,22.265,22.236,4064.055,112895,29800,39725,817,9700,10,10,1,0,0,26,22,14,20,12,7,False,0,False
942.77435,8.413,8.243,7.498,7.09,7.778,18,16,1,1848347.2,77,71,82,76,100,99,96,95,20.309,20.296,22.279,22.247,4109.957,112895,29800,39725,850,9717,10,10,1,0,0,26,22,14,20,12,7,False,0,False
943.27405,8.448,8.269,7.562,7.138,7.778,18,16,1,1860281,78,72,89,80,100,99,96,95,20.314,20.298,22.288,22.253,4130.688,112895,29800,39725,850,9750,10,10,1,0,0,26,22,14,20,12,7,False,0,False
943.7744,8.496,8.304,7.633,7.196,7.774,18,16,1,1867341.8,84,78,94,84,100,100,96,96,20.32,20.3,22.299,22.26,4153.898,112895,29800,39725,850,9750,10,10,1,0,0,26,22,14,20,12,7,False,0,False
944.27545,8.533,8.34,7.681,7.224,7.766,18,16,1,1873796.5,81,78,88,78,100,100,96,96,20.326,20.305,22.311,22.266,4174.844,112895,29800,39725,850,9750,10,10,1,0,0,26,22,14,20,12,7,False,0,False
944.77576,8.571,8.375,7.704,7.243,7.754,18,16,1,1878161.6,80,77,79,73,100,100,96,96,20.331,20.308,22.318,22.27,4195.645,112895,29800,39725,833,9733,10,10,1,0,0,26,22,14,20,12,7,False,0,False
945.27747,8.603,8.406,7.712,7.251,7.741,18,16,1,1874784,77,74,72,69,100,100,97,96,20.335,20.311,22.321,22.272,4218.555,112895,29800,39725,833,9733,10,10,1,0,0,26,22,14,20,12,7,False,0,False
945.7767,8.627,8.428,7.715,7.254,7.728,18,16,1,1848484.4,73,72,68,67,100,100,97,96,20.336,20.312,22.321,22.271,4244.559,112895,29800,39725,850,9767,10,10,1,0,0,26,22,14,20,12,7,False,0,False
946.2743,8.647,8.446,7.715,7.255,7.714,18,16,1,1803002.6,72,70,67,66,100,100,97,96,20.337,20.312,22.319,22.27,4273.133,112895,29800,39725,850,9767,10,10,1,0,0,26,22,14,20,12,7,False,0,False
946.77057,8.662,8.461,7.715,7.255,7.702,18,16,1,1757856.2,70,70,67,67,100,100,96,96,20.336,20.31,22.317,22.268,4302.953,112895,29800,39725,833,9767,10,10,1,0,0,26,22,14,20,12,7,False,0,False
947.2758,8.677,8.476,7.715,7.255,7.688,18,16,1,1698730.9,70,70,67,67,100,100,96,96,20.334,20.309,22.314,22.265,4336.871,112895,29800,39725,833,9717,10,10,1,0,0,26,22,14,20,12,7,False,0,False
947.77747,8.69,8.489,7.715,7.255,7.674,18,16,1,1641115.9,70,70,67,67,100,100,96,96,20.332,20.307,22.311,22.262,4371.605,112895,29800,39725,833,9717,10,10,1,0,0,26,22,14,20,12,7,False,0,False
948.77344,8.71,8.51,7.715,7.255,7.647,18,16,1,1611432,69,69,67,67,100,100,96,95,20.325,20.301,22.303,22.254,4444.902,112895,29800,39725,800,9700,10,10,1,0,0,26,22,14,20,12,7,False,0,False
949.2739,8.719,8.519,7.715,7.255,7.633,18,16,1,1602788.2,69,69,67,67,100,99,96,95,20.321,20.297,22.298,22.25,4483.09,112895,29800,39725,800,9700,10,10,1,0,0,26,22,14,20,12,7,False,0,False
949.77515,8.728,8.528,7.715,7.255,7.62,18,16,1,1594144.5,69,69,67,67,100,99,96,95,20.317,20.293,22.292,22.245,4522.184,112895,29800,39725,766,9633,10,10,1,0,0,26,22,14,20,12,7,False,0,False
950.2763,8.736,8.537,7.715,7.255,7.606,18,16,1,1585500.8,69,69,68,67,100,99,96,95,20.312,20.288,22.287,22.239,4562.09,112895,29800,39725,733,9633,10,10,1,0,0,26,22,14,20,12,7,False,0,False
950.775,8.745,8.545,7.715,7.255,7.592,18,16,1,1576857,70,70,68,68,100,99,96,95,20.307,20.284,22.281,22.233,4602.727,112895,29800,39725,733,9616,10,10,1,0,0,26,22,14,20,12,7,False,0,False
951.2774,8.753,8.553,7.715,7.255,7.579,18,16,1,1573751,71,71,69,68,100,99,96,95,20.302,20.279,22.274,22.227,4643.93,112895,29800,39725,733,9600,10,10,1,0,0,26,22,14,20,12,7,False,0,False
951.77356,8.761,8.562,7.715,7.255,7.565,18,16,1,1565107.2,70,70,68,68,99,99,96,95,20.297,20.274,22.268,22.221,4685.617,112895,29800,39725,717,9600,10,10,1,0,0,26,22,14,20,12,7,False,0,False
952.2766,8.769,8.57,7.715,7.255,7.552,18,16,1,1556463.5,70,70,68,68,99,99,96,95,20.292,20.269,22.261,22.214,4727.793,112895,29800,39725,700,9583,10,10,1,0,0,26,22,14,20,12,7,False,0,False
952.7741,8.777,8.579,7.715,7.255,7.538,18,16,1,1547819.8,70,70,68,68,99,99,95,95,20.286,20.263,22.254,22.207,4770.383,112895,29800,39725,683,9567,10,10,1,0,0,26,22,14,20,12,7,False,0,False
953.2731,8.785,8.588,7.717,7.257,7.524,18,16,1,1541853.2,70,70,69,69,99,99,95,95,20.28,20.258,22.246,22.2,4813.312,112895,29800,39725,683,9567,10,10,1,0,0,26,22,14,20,12,7,False,0,False
953.77673,8.82,8.622,7.766,7.301,7.521,18,16,1,1575870,71,71,74,74,99,99,95,95,20.278,20.256,22.247,22.201,4850.957,112895,29800,39725,650,9517,10,10,1,0,0,26,22,14,20,12,7,False,0,False
954.274,8.842,8.645,7.787,7.322,7.52,18,16,1,1604347.8,70,69,71,70,99,99,95,95,20.28,20.257,22.253,22.207,4879.883,112895,29800,39725,650,9517,10,10,1,0,0,26,22,14,20,12,7,False,0,False
954.7731,8.861,8.658,7.808,7.342,7.52,18,16,1,1629302,71,68,74,71,99,99,95,95,20.282,20.259,22.259,22.213,4903.246,112895,29800,39725,666,9550,10,10,1,0,0,26,22,14,20,12,7,False,0,False
956.2729,8.966,8.741,8.006,7.484,7.51,18,16,1,1664981.8,79,74,91,80,100,99,96,95,20.301,20.271,22.298,22.241,4962.113,112895,29800,39725,650,9550,10,10,1,0,0,26,22,14,20,12,7,False,0,False
956.77246,9.003,8.773,8.028,7.5,7.502,18,16,1,1670019.9,80,76,82,74,100,99,96,95,20.308,20.276,22.309,22.248,4979.039,112895,29800,39725,650,9550,10,10,1,0,0,26,22,14,20,12,7,False,0,False
957.27405,9.039,8.809,8.043,7.513,7.49,18,16,1,1669209.4,80,77,75,70,100,99,96,95,20.314,20.281,22.315,22.252,4999.809,112895,29800,39725,650,9550,10,10,1,0,0,26,22,14,20,12,7,False,0,False
957.7741,9.083,8.852,8.053,7.523,7.476,18,16,1,1665022.6,79,77,71,68,100,99,96,95,20.32,20.287,22.319,22.255,5021.938,112895,29800,39725,634,9550,10,10,1,0,0,26,22,14,20,12,7,False,0,False
958.2745,9.113,8.881,8.062,7.532,7.463,18,16,1,1639839.4,75,73,70,67,100,99,97,95,20.324,20.29,22.321,22.256,5046.656,112895,29800,39725,634,9550,10,10,1,0,0,26,22,14,20,12,7,False,0,False
959.27246,9.153,8.919,8.065,7.536,7.437,18,16,1,1559028.2,70,69,66,66,100,99,97,95,20.327,20.292,22.321,22.256,5103.945,112895,29800,39725,567,9500,10,10,1,0,0,26,22,14,20,12,7,False,0,False
959.7733,9.164,8.93,8.065,7.536,7.423,18,16,1,1550249.4,69,68,66,67,100,99,97,95,20.326,20.291,22.319,22.255,5137.336,112895,29800,39725,567,9500,10,10,1,0,0,26,22,14,20,12,7,False,0,False
960.27637,9.175,8.941,8.065,7.536,7.409,18,16,1,1541605.6,70,69,67,67,100,99,96,95,20.325,20.29,22.317,22.253,5171.273,112895,29800,39725,567,9484,10,10,1,0,0,26,22,14,20,12,7,False,0,False
960.7709,9.184,8.95,8.065,7.536,7.396,18,16,1,1533250,69,69,67,67,100,99,96,95,20.323,20.288,22.315,22.251,5205.453,112895,29800,39725,567,9484,10,10,1,0,0,26,22,14,20,12,7,False,0,False
961.2699,9.194,8.959,8.065,7.536,7.383,18,16,1,1530150.5,69,69,67,67,100,99,96,95,20.321,20.286,22.312,22.249,5241.926,112895,29800,39725,567,9484,10,10,1,0,0,26,22,14,20,12,7,False,0,False
961.7721,9.203,8.969,8.065,7.536,7.369,18,16,1,1521506.8,69,69,67,67,100,99,96,95,20.318,20.284,22.308,22.245,5279.445,112895,29800,39725,550,9484,10,10,1,0,0,26,22,14,20,12,7,False,0,False
962.2737,9.212,8.978,8.065,7.536,7.355,18,16,1,1512574.9,69,69,68,67,100,99,96,95,20.315,20.281,22.304,22.241,5319.246,112895,29800,39725,550,9450,10,10,1,0,0,26,22,14,20,12,7,False,0,False
962.7719,9.221,8.987,8.065,7.536,7.342,18,16,1,1504219.2,68,68,68,67,100,99,96,95,20.311,20.277,22.299,22.237,5357.406,112895,29800,39725,550,9450,10,10,1,0,0,26,22,14,20,12,7,False,0,False
963.7714,9.238,9.004,8.065,7.536,7.315,18,16,2,1492388.2,68,68,68,67,100,99,96,95,20.302,20.268,22.289,22.227,30.035,92025,0,0,533,9434,10,11,1,0,0,26,22,14,20,12,7,False,0,False
964.2729,9.246,9.012,8.065,7.536,7.301,18,16,2,1483456.4,68,68,68,67,99,99,96,95,20.296,20.263,22.282,22.221,73.363,92025,0,0,533,9434,10,11,1,0,0,26,22,14,20,12,7,False,0,False
964.7709,9.255,9.02,8.065,7.536,7.287,18,16,2,1475100.8,68,68,68,68,99,99,96,95,20.291,20.258,22.276,22.215,114.539,92025,0,0,533,9350,10,11,1,0,0,26,22,14,20,12,7,False,0,False
965.2727,9.263,9.029,8.065,7.536,7.273,18,16,2,1466168.9,68,68,68,68,99,99,96,95,20.285,20.252,22.269,22.208,159.234,92025,0,0,517,9350,10,11,1,0,0,26,22,14,20,12,7,False,0,False
965.772,9.271,9.037,8.065,7.536,7.26,18,16,2,1457813.2,68,68,68,68,99,99,96,95,20.279,20.246,22.262,22.202,201.602,92025,0,0,500,9350,10,11,1,0,0,26,22,14,20,12,7,False,0,False
966.27155,9.279,9.045,8.065,7.536,7.246,18,16,2,1449169.5,67,67,67,67,99,98,95,94,20.272,20.24,22.254,22.195,245.938,92025,0,0,500,9350,10,11,1,0,0,26,22,14,20,12,7,False,0,False
966.7708,9.287,9.053,8.065,7.536,7.232,18,16,2,1440525.8,68,68,68,68,99,98,95,94,20.265,20.233,22.247,22.187,290.707,92025,0,0,467,9350,10,11,1,0,0,26,22,14,20,12,7,False,0,False
967.27057,9.295,9.061,8.065,7.536,7.218,18,16,2,1432009.8,68,68,68,68,99,98,95,94,20.258,20.226,22.238,22.179,335.887,92025,0,0,467,9250,10,11,1,0,0,26,22,14,20,12,7,False,0,False
967.77386,9.303,9.069,8.065,7.536,7.204,18,16,2,1423467.1,69,69,69,68,99,98,95,94,20.25,20.218,22.23,22.171,382.949,92025,0,0,450,9250,10,11,1,0,0,26,22,14,20,12,7,False,0,False
968.2741,9.311,9.077,8.065,7.536,7.19,18,16,2,1415405.2,68,68,68,68,98,98,95,94,20.243,20.211,22.221,22.163,428.785,92025,0,0,450,9167,10,11,1,0,0,26,22,14,20,12,7,False,0,False
969.2751,9.326,9.092,8.065,7.536,7.163,18,16,2,1399831.9,68,68,68,68,98,98,95,94,20.226,20.195,22.203,22.145,521.262,92025,0,0,400,9066,10,11,1,0,0,26,22,14,20,12,7,False,0,False
969.77594,9.334,9.099,8.065,7.536,7.149,18,16,2,1392292,67,67,67,67,98,97,94,93,20.218,20.187,22.194,22.136,567.852,92025,0,0,400,9066,10,11,1,0,0,26,22,14,20,12,7,False,0,False
970.2736,9.356,9.121,8.091,7.563,7.14,18,16,2,1408915.1,71,71,73,72,98,97,94,93,20.211,20.18,22.188,22.131,613.043,92025,0,0,400,8967,10,11,1,0,0,26,22,14,20,12,7,False,0,False
970.7716,9.39,9.154,8.131,7.604,7.139,18,16,2,1442103.6,71,71,73,73,98,97,94,93,20.211,20.181,22.193,22.136,648.359,92025,0,0,383,8967,10,11,1,0,0,26,22,14,20,12,7,False,0,False
971.2694,9.417,9.18,8.156,7.629,7.138,18,16,2,1470179.9,70,70,71,71,98,97,95,94,20.214,20.184,22.2,22.143,676.328,92025,0,0,383,9000,10,11,1,0,0,26,22,14,20,12,7,False,0,False
971.7706,9.429,9.191,8.162,7.636,7.137,18,16,2,1493431.6,68,68,69,68,98,97,95,94,20.217,20.188,22.207,22.15,697.949,92025,0,0,400,9000,10,11,1,0,0,26,22,14,20,12,7,False,0,False
972.7734,9.461,9.216,8.214,7.677,7.137,18,16,2,1528782.9,72,69,80,74,98,98,95,94,20.224,20.194,22.221,22.163,727.973,92025,0,0,400,9050,10,11,1,0,0,26,22,14,20,12,7,False,0,False
973.2727,9.474,9.227,8.261,7.711,7.137,18,16,2,1538858.8,72,69,89,79,98,98,95,94,20.229,20.197,22.233,22.172,739.137,92025,0,0,400,9050,10,11,1,0,0,26,22,14,20,12,7,False,0,False
974.273,9.499,9.248,8.309,7.742,7.132,18,16,2,1548585.6,73,70,86,75,98,98,96,94,20.239,20.205,22.26,22.191,764.312,92025,0,0,416,9050,10,11,1,0,0,26,22,14,20,12,7,False,0,False
974.7721,9.509,9.258,8.313,7.746,7.127,18,16,2,1553297,72,69,78,71,98,98,96,94,20.244,20.208,22.27,22.198,774.859,92025,0,0,416,9200,10,11,1,0,0,26,22,14,20,12,7,False,0,False
975.2735,9.536,9.292,8.315,7.748,7.118,18,16,2,1557242.8,77,77,71,68,99,98,96,95,20.249,20.213,22.276,22.202,788.445,92025,0,0,416,9200,10,11,1,0,0,26,22,14,20,12,7,False,0,False
975.77673,9.554,9.313,8.318,7.751,7.108,18,16,2,1562306.4,74,75,68,67,99,98,96,95,20.255,20.219,22.28,22.205,804.324,92025,0,0,567,9200,10,11,1,0,0,26,22,14,20,12,7,False,0,False
976.7658,9.602,9.365,8.346,7.784,7.088,18,16,2,1581795.5,75,77,71,74,99,98,96,95,20.263,20.229,22.285,22.213,845.664,92025,0,0,450,9133,10,11,1,0,0,26,22,14,20,12,7,False,0,False
977.2733,9.63,9.4,8.366,7.806,7.077,18,16,2,1588320.6,73,77,71,73,99,98,96,95,20.267,20.235,22.287,22.217,870.59,92025,0,0,450,9133,10,11,1,0,0,26,22,14,20,12,7,False,0,False
977.77356,9.666,9.442,8.389,7.829,7.065,18,16,2,1594421.5,74,79,71,73,99,98,96,95,20.27,20.241,22.29,22.221,893.57,92025,0,0,450,9133,10,11,1,0,0,26,22,14,20,12,7,False,0,False
978.2744,9.691,9.472,8.398,7.837,7.052,18,16,2,1590072.2,72,75,67,71,99,98,96,95,20.273,20.245,22.291,22.223,919.32,92025,0,0,416,9116,10,11,1,0,0,26,22,14,20,12,7,False,0,False
978.7728,9.712,9.495,8.402,7.842,7.039,18,16,2,1589725,72,70,67,67,99,99,96,95,20.274,20.246,22.29,22.224,948.156,92025,0,0,416,9116,10,11,1,0,0,26,22,14,20,12,7,False,0,False
980.2726,9.797,9.567,8.437,7.878,6.998,18,16,2,1571564.1,70,68,68,67,99,99,96,95,20.278,20.248,22.288,22.221,1042.586,92025,0,0,417,9134,10,11,1,0,0,26,22,14,20,12,7,False,0,False
980.7652,9.81,9.578,8.439,7.88,6.985,18,16,2,1563208.5,68,67,67,66,99,99,96,95,20.276,20.246,22.285,22.218,1075.738,92025,0,0,416,9133,10,11,1,0,0,26,22,14,20,12,7,False,0,False
981.27313,9.821,9.589,8.439,7.88,6.972,18,16,2,1559809.2,67,67,67,66,99,98,96,95,20.274,20.243,22.282,22.215,1112.684,92025,0,0,416,9133,10,11,1,0,0,26,22,14,20,12,7,False,0,False
981.77527,9.831,9.598,8.439,7.88,6.958,18,16,2,1551165.5,67,67,67,67,99,98,96,95,20.27,20.24,22.278,22.211,1149.656,92025,0,0,416,9133,10,11,1,0,0,26,22,14,20,12,7,False,0,False
982.27344,9.841,9.608,8.439,7.88,6.944,18,16,2,1542521.8,67,67,67,67,99,98,96,95,20.267,20.237,22.273,22.207,1187.84,92025,0,0,384,9100,10,11,1,0,0,26,22,14,20,12,7,False,0,False
982.7743,9.85,9.617,8.439,7.88,6.93,18,16,2,1533878,67,67,67,67,99,98,96,95,20.263,20.233,22.268,22.202,1227.121,92025,0,0,383,9100,10,11,1,0,0,26,22,14,20,12,7,False,0,False
983.2753,9.859,9.628,8.44,7.88,6.917,18,16,2,1525234.2,67,68,67,67,99,98,96,94,20.259,20.229,22.263,22.197,1267.379,92025,0,0,383,9100,10,11,1,0,0,26,22,14,20,12,7,False,0,False
983.7721,9.866,9.637,8.44,7.881,6.904,18,16,2,1522409.2,67,67,67,67,99,98,95,94,20.254,20.225,22.257,22.192,1307.062,92025,0,0,367,9050,10,11,1,0,0,26,22,14,20,12,7,False,0,False
985.27484,9.912,9.679,8.479,7.912,6.869,18,16,2,1528453.9,72,71,75,73,98,98,95,94,20.24,20.212,22.242,22.177,1433.055,92025,0,0,316,9016,10,11,1,0,0,26,22,14,20,12,7,False,0,False
985.7743,9.957,9.72,8.535,7.943,6.868,18,16,2,1559859.4,73,73,77,72,98,98,95,94,20.243,20.214,22.248,22.183,1464.551,92025,0,0,300,8984,10,11,1,0,0,26,22,14,20,12,7,False,0,False
986.2728,9.98,9.738,8.555,7.963,6.867,18,16,2,1586445.2,72,70,74,72,99,98,95,94,20.247,20.218,22.255,22.189,1489.164,92025,0,0,300,8984,10,11,1,0,0,26,22,14,20,12,7,False,0,False
986.77203,10.018,9.766,8.613,8.009,6.867,18,16,2,1606716.9,78,72,85,78,99,98,96,94,20.253,20.222,22.264,22.197,1508.094,92025,0,0,316,9016,10,11,1,0,0,26,22,14,20,12,7,False,0,False
987.27277,10.05,9.788,8.69,8.07,6.867,18,16,2,1623481.8,78,72,95,86,99,98,96,95,20.26,20.226,22.279,22.208,1525.242,92025,0,0,316,9016,10,11,1,0,0,26,22,14,20,12,7,False,0,False
987.77374,10.082,9.81,8.741,8.113,6.862,18,16,2,1631021.4,80,73,93,85,99,98,96,95,20.268,20.23,22.293,22.219,1552.168,92025,0,0,316,9066,10,11,1,0,0,26,22,14,20,12,7,False,0,False
988.2724,10.108,9.831,8.775,8.136,6.857,18,16,2,1638374.8,78,72,87,78,99,98,96,95,20.274,20.235,22.305,22.228,1571.848,92025,0,0,333,9066,10,11,1,0,0,26,22,14,20,12,7,False,0,False
988.7732,10.148,9.865,8.802,8.158,6.848,18,16,2,1646439.6,81,76,81,74,99,98,96,95,20.282,20.24,22.315,22.236,1590.809,92025,0,0,333,9066,10,11,1,0,0,26,22,14,20,12,7,False,0,False
989.2714,10.179,9.891,8.822,8.175,6.839,18,16,2,1654149.1,78,74,77,72,99,98,97,95,20.289,20.245,22.322,22.24,1608.168,92025,0,0,333,9050,10,11,1,0,0,26,22,14,20,12,7,False,0,False
989.77515,10.211,9.92,8.837,8.188,6.828,18,16,2,1661314.1,77,73,73,69,99,99,97,95,20.294,20.248,22.326,22.244,1629.23,92025,0,0,300,8917,10,11,1,0,0,26,22,14,20,12,7,False,0,False
990.2713,10.242,9.952,8.84,8.192,6.815,18,16,2,1663236.4,75,75,69,66,99,99,97,95,20.299,20.252,22.329,22.245,1651.469,92025,0,0,300,8917,10,11,1,0,0,26,22,14,20,12,7,False,0,False
990.77136,10.265,9.974,8.841,8.193,6.803,18,16,2,1663463.1,71,71,66,65,100,99,97,95,20.302,20.255,22.329,22.245,1677.043,92025,0,0,183,8917,10,11,1,0,0,26,22,14,20,12,7,False,0,False
991.27045,10.281,9.991,8.843,8.195,6.789,18,16,2,1656957.9,69,70,66,66,100,99,97,95,20.302,20.256,22.328,22.245,1705.199,92025,0,0,183,8917,10,11,1,0,0,26,22,14,20,12,7,False,0,False
991.771,10.296,10.009,8.85,8.2,6.775,18,16,2,1649435.5,69,71,67,68,100,99,97,95,20.302,20.256,22.326,22.244,1735.262,92025,0,0,133,8917,10,11,1,0,0,26,22,14,20,12,7,False,0,False
992.2719,10.315,10.034,8.862,8.212,6.762,18,16,2,1646619,69,71,68,69,100,99,97,95,20.301,20.257,22.325,22.244,1767.039,92025,0,0,133,8917,10,11,1,0,0,26,22,14,20,12,7,False,0,False
992.7735,10.335,10.059,8.879,8.228,6.748,18,16,2,1637687.1,70,72,69,71,99,99,97,95,20.3,20.257,22.323,22.243,1802.047,92025,0,0,117,8850,10,11,1,0,0,26,22,14,20,12,7,False,0,False
993.2712,10.36,10.091,8.898,8.244,6.737,18,16,2,1640334.6,69,71,70,69,99,99,97,95,20.299,20.258,22.321,22.242,1836.938,92025,29416,0,117,8850,10,11,1,0,0,26,22,14,20,12,7,False,0,False
994.27216,10.458,10.168,9.052,8.372,6.737,18,16,2,1697310.5,82,76,95,86,100,99,97,95,20.304,20.261,22.331,22.249,1895.152,92025,29416,0,100,8850,10,11,1,0,0,26,22,14,20,12,7,False,0,False
994.7716,10.513,10.211,9.161,8.457,6.729,18,16,2,1703658.2,82,76,97,86,100,99,97,95,20.311,20.266,22.344,22.258,1922.379,92025,29416,0,100,8867,10,11,1,0,0,26,22,14,20,12,7,False,0,False
995.27216,10.57,10.257,9.208,8.497,6.719,18,16,2,1708598.6,82,76,83,77,100,99,97,96,20.318,20.27,22.353,22.264,1949.531,92025,29416,0,133,8867,10,11,1,0,0,26,22,14,20,12,7,False,0,False
995.7744,10.603,10.285,9.22,8.51,6.705,18,16,2,1704594.8,74,71,71,69,100,99,97,96,20.322,20.272,22.356,22.266,1977.25,92025,29416,0,133,8867,10,11,1,0,0,26,22,14,20,12,7,False,0,False
996.2739,10.639,10.326,9.249,8.544,6.692,18,16,2,1699600.4,74,76,71,75,100,99,97,96,20.323,20.273,22.355,22.267,2006.785,92025,29416,0,167,8917,10,11,1,0,0,26,22,14,20,12,7,False,0,False
996.7738,10.716,10.419,9.335,8.646,6.679,18,16,2,1701867.5,82,87,83,90,100,99,97,96,20.326,20.279,22.357,22.271,2039.516,92025,29416,0,167,8917,10,11,1,0,0,26,22,14,20,12,7,False,0,False
997.2698,10.788,10.504,9.414,8.744,6.667,18,16,2,1704233.4,80,84,81,88,100,99,97,96,20.33,20.286,22.361,22.278,2070.031,92025,29416,0,150,8917,10,11,1,0,0,26,22,14,20,12,7,False,0,False
998.27325,10.891,10.629,9.502,8.842,6.639,18,16,2,1686922,71,75,71,72,100,99,97,96,20.333,20.293,22.361,22.282,2135.781,92025,29416,0,150,8917,10,11,1,0,0,26,22,14,20,12,7,False,0,False
998.7744,10.906,10.648,9.511,8.849,6.625,18,16,2,1680517.5,69,71,69,69,100,99,97,96,20.331,20.293,22.357,22.28,2170.234,92025,29416,0,167,8950,10,11,1,0,0,26,22,14,20,12,7,False,0,False
999.2726,10.94,10.683,9.554,8.898,6.622,18,16,2,1709802.6,73,73,76,76,100,99,97,96,20.331,20.294,22.359,22.282,2200.359,92025,29416,0,167,8950,10,11,1,0,0,26,22,14,20,12,7,False,0,False
1000.27356,10.976,10.713,9.576,8.923,6.622,18,16,2,1756390.1,71,69,71,70,100,99,97,96,20.336,20.298,22.37,22.293,2241.348,92025,29416,0,167,9034,10,11,1,0,0,26,22,14,20,12,7,False,0,False
1000.7655,10.991,10.724,9.598,8.944,6.622,18,16,2,1771661.9,73,68,76,74,100,99,97,96,20.339,20.3,22.375,22.298,2254.25,92025,29416,0,167,9034,10,11,1,0,0,26,22,14,20,12,7,False,0,False
1001.2725,11.007,10.737,9.624,8.962,6.622,18,16,2,1780832.4,73,69,79,74,100,100,98,96,20.343,20.302,22.383,22.305,2264.414,92025,29416,0,167,9034,10,11,1,0,0,26,22,14,20,12,7,False,0,False
1001.7716,11.014,10.743,9.639,8.972,6.62,18,16,2,1786077.4,71,68,79,72,100,100,98,96,20.346,20.304,22.39,22.31,2276.297,92025,29416,0,184,9034,10,11,1,0,0,26,22,14,20,12,7,False,0,False
1003.7708,11.103,10.83,9.685,9.01,6.596,18,16,2,1810656.2,81,79,72,68,101,100,98,97,20.363,20.316,22.412,22.324,2335.16,92025,29416,0,266,9233,10,11,1,0,0,26,22,14,20,12,7,False,0,False
1004.2722,11.193,10.914,9.699,9.021,6.587,18,16,2,1818889.6,97,94,73,68,101,100,98,97,20.375,20.327,22.415,22.325,2351.746,92025,29416,0,266,9233,10,11,1,0,0,26,22,14,20,12,7,False,0,False
1004.7724,11.238,10.958,9.704,9.024,6.574,18,16,2,1823263.6,87,85,69,67,101,100,98,97,20.386,20.337,22.417,22.326,2370.77,92025,29416,0,266,9233,10,11,1,0,0,26,22,14,20,12,7,False,0,False
1005.27386,11.264,10.987,9.704,9.025,6.561,18,16,2,1825270.5,76,76,66,66,101,100,98,97,20.392,20.343,22.416,22.326,2393.449,92025,29416,0,183,9150,10,11,1,0,0,26,22,14,20,12,7,False,0,False
1005.7723,11.281,11.006,9.704,9.025,6.548,18,16,2,1820415.9,72,72,65,66,101,100,98,97,20.394,20.345,22.415,22.326,2417.289,92025,29416,0,183,9150,10,11,1,0,0,26,22,14,20,12,7,False,0,False
1006.26434,11.296,11.021,9.704,9.025,6.535,18,16,2,1819892.6,70,69,65,66,101,100,98,97,20.394,20.345,22.412,22.324,2444.262,92025,29416,0,167,9150,10,11,1,0,0,26,22,14,20,12,7,False,0,False
1006.77185,11.31,11.035,9.704,9.025,6.521,18,16,2,1812817.4,69,69,66,66,101,100,98,97,20.393,20.344,22.41,22.322,2473.336,92025,29416,0,167,9167,10,11,1,0,0,26,22,14,20,12,7,False,0,False
1007.26666,11.322,11.047,9.704,9.025,6.508,18,16,2,1810435.9,69,69,66,66,101,100,98,97,20.391,20.343,22.407,22.32,2504.32,92025,29416,0,183,9167,10,11,1,0,0,26,22,14,20,12,7,False,0,False
1007.773,11.334,11.061,9.705,9.025,6.494,18,16,2,1801573.6,69,69,66,67,101,100,98,96,20.388,20.341,22.403,22.317,2538.047,92025,29416,0,200,9183,10,11,1,0,0,26,22,14,20,12,7,False,0,False
1008.27155,11.346,11.076,9.713,9.032,6.481,18,16,2,1793218,69,71,68,69,101,100,98,96,20.386,20.339,22.399,22.313,2571.18,92025,29416,0,200,9167,10,11,1,0,0,26,22,14,20,12,7,False,0,False
1009.2737,11.424,11.173,9.807,9.124,6.466,18,16,2,1820036.6,71,74,74,75,101,100,98,96,20.384,20.341,22.399,22.316,2638.715,92025,29416,0,200,9167,10,11,1,0,0,26,22,14,20,12,7,False,0,False
1009.7738,11.433,11.188,9.819,9.136,6.465,18,16,2,1846157.8,68,70,70,72,101,100,98,97,20.384,20.343,22.401,22.32,2666.434,92025,29416,0,200,9167,10,11,1,0,0,26,22,14,20,12,7,False,0,False
1010.77246,11.46,11.222,9.847,9.162,6.464,18,16,2,1890371.8,69,72,70,72,101,100,98,97,20.385,20.347,22.407,22.328,2706.004,92025,29416,0,317,9284,10,11,1,0,0,26,22,14,20,12,7,False,0,False
1011.27185,11.467,11.232,9.856,9.171,6.464,18,16,2,1906105.8,67,70,69,72,101,100,98,97,20.386,20.35,22.41,22.333,2720.504,92025,29416,0,317,9450,10,11,1,0,0,26,22,14,20,12,7,False,0,False
1011.77216,11.474,11.242,9.87,9.19,6.464,18,16,2,1916520,67,70,71,75,101,100,98,97,20.387,20.352,22.413,22.338,2732.602,92025,29416,0,317,9450,10,11,1,0,0,26,22,14,20,12,7,False,0,False
1012.27423,11.485,11.254,9.894,9.237,6.463,18,16,2,1923432.5,69,71,74,87,101,101,98,97,20.387,20.355,22.417,22.346,2743.789,92025,29416,0,450,9450,10,11,1,0,0,26,22,14,20,12,7,False,0,False
1012.77203,11.497,11.268,9.911,9.26,6.459,18,16,2,1928738.6,71,73,75,86,101,101,98,97,20.388,20.357,22.422,22.356,2765.246,92025,29416,0,450,9483,10,11,1,0,0,26,22,14,20,12,7,False,0,False
1013.2696,11.513,11.287,9.927,9.279,6.454,18,16,2,1934824.8,72,75,75,83,101,101,98,97,20.39,20.361,22.426,22.365,2775.906,92025,29416,0,450,9483,10,11,1,0,0,26,22,14,20,12,7,False,0,False
1013.7716,11.552,11.33,9.938,9.293,6.448,18,16,2,1941743.5,81,85,72,79,101,101,98,97,20.394,20.367,22.429,22.372,2788.773,92025,29416,0,450,9483,10,11,1,0,0,26,22,14,20,12,7,False,0,False
1014.2687,11.592,11.375,9.94,9.296,6.439,18,16,2,1948336,83,86,69,72,101,101,98,97,20.402,20.377,22.431,22.376,2803.629,92025,29416,0,466,9483,10,11,1,0,0,26,22,14,20,12,7,False,0,False
1014.7718,11.626,11.409,9.94,9.296,6.427,18,16,2,1952445.4,82,83,66,67,101,101,98,97,20.407,20.384,22.431,22.377,2821.008,92025,29416,0,466,9483,10,11,1,0,0,26,22,14,20,12,7,False,0,False
1015.7703,11.69,11.47,9.94,9.296,6.402,18,16,2,1953104.8,74,73,65,65,102,101,98,97,20.416,20.394,22.428,22.375,2864.352,92025,29416,0,417,9450,10,11,1,0,0,26,22,14,20,12,7,False,0,False
1016.27277,11.709,11.49,9.94,9.296,6.389,18,16,2,1952829,70,70,66,66,102,101,98,97,20.417,20.394,22.425,22.373,2891.062,92025,29416,0,417,9450,10,11,1,0,0,26,22,14,20,12,7,False,0,False
1017.26953,11.742,11.523,9.94,9.296,6.362,18,16,2,1893117.9,69,69,66,66,102,101,98,97,20.414,20.392,22.42,22.368,2949.023,92025,29416,0,383,9433,10,11,1,0,0,26,22,14,20,12,7,False,0,False
1017.77246,11.754,11.535,9.94,9.296,6.349,18,16,2,1884547.1,68,68,67,67,102,101,98,97,20.411,20.39,22.416,22.365,2981.695,92025,29416,0,383,9433,10,11,1,0,0,26,22,14,20,12,7,False,0,False
1018.27014,11.765,11.546,9.94,9.296,6.335,18,16,2,1875903.4,68,68,67,67,101,101,98,97,20.408,20.387,22.412,22.362,3016.094,92025,29416,0,383,9433,10,11,1,0,0,26,22,14,20,12,7,False,0,False
1018.7718,11.775,11.556,9.94,9.296,6.322,18,16,2,1872766.6,68,68,67,67,101,101,98,97,20.405,20.384,22.408,22.357,3051.965,92025,29416,0,383,9384,10,11,1,0,0,26,22,14,20,12,7,False,0,False
1019.2729,11.785,11.566,9.94,9.296,6.308,18,16,2,1863834.8,68,68,67,67,101,101,98,97,20.401,20.38,22.403,22.353,3090.355,92025,29416,0,384,9384,10,11,1,0,0,26,22,14,20,12,7,False,0,False
1019.7719,11.794,11.575,9.94,9.296,6.294,18,16,2,1855479.1,68,67,67,67,101,101,98,97,20.397,20.376,22.398,22.348,3127.465,92025,29416,0,384,9367,10,11,1,0,0,26,22,14,20,12,7,False,0,False
1020.2697,11.803,11.584,9.94,9.296,6.282,18,16,2,1852111.9,68,68,68,68,101,101,98,97,20.392,20.371,22.392,22.343,3166.93,92025,29416,0,384,9334,10,11,1,0,0,26,22,14,20,12,7,False,0,False
1020.77124,11.812,11.592,9.94,9.296,6.268,18,16,2,1843468.1,68,68,68,68,101,101,98,97,20.387,20.366,22.386,22.337,3207.223,92025,29416,0,384,9334,10,11,1,0,0,26,22,14,20,12,7,False,0,False
1021.771,11.829,11.608,9.94,9.297,6.241,18,16,2,1826180.6,68,68,68,68,101,101,97,97,20.375,20.355,22.372,22.324,3290.316,92025,29416,0,367,9267,10,11,1,0,0,26,22,14,20,12,7,False,0,False
1022.27094,11.839,11.616,9.94,9.297,6.227,18,16,2,1817536.9,68,68,68,68,101,100,97,96,20.369,20.349,22.365,22.317,3332.977,92025,29416,0,367,9267,10,11,1,0,0,26,22,14,20,12,7,False,0,False
1022.7663,11.861,11.639,9.966,9.323,6.218,18,16,2,1834305.4,71,71,73,73,101,100,97,96,20.364,20.344,22.361,22.312,3374.629,92025,29416,0,367,9250,10,11,1,0,0,26,22,14,20,12,7,False,0,False
1023.2695,11.894,11.673,10.009,9.363,6.217,18,16,2,1866285.5,71,73,75,75,101,100,97,96,20.365,20.345,22.365,22.317,3407.805,92025,29416,0,350,9216,10,11,1,0,0,26,22,14,20,12,7,False,0,False
1023.7718,11.925,11.714,10.054,9.412,6.217,18,16,2,1894214,72,77,77,81,101,100,97,97,20.367,20.349,22.372,22.325,3434.035,92025,29416,0,350,9216,10,11,1,0,0,26,22,14,20,12,7,False,0,False
1024.2689,11.961,11.761,10.118,9.499,6.216,18,16,2,1909142.1,74,80,83,93,101,101,98,97,20.37,20.355,22.38,22.336,3456.891,92025,29416,0,366,9216,10,11,1,0,0,26,22,14,20,12,7,False,0,False
1024.7705,12.002,11.815,10.189,9.584,6.21,18,16,2,1916451.4,78,84,87,95,101,101,98,97,20.374,20.362,22.389,22.349,3483.367,92025,29416,0,366,9200,10,11,1,0,0,26,22,14,20,12,7,False,0,False
1025.2732,12.045,11.871,10.245,9.652,6.201,18,16,2,1923456.9,78,84,84,91,101,101,98,97,20.379,20.371,22.399,22.363,3507.574,92025,29416,0,333,9200,10,11,1,0,0,26,22,14,20,12,7,False,0,False
1025.7716,12.086,11.922,10.289,9.707,6.192,18,16,2,1929916.6,78,84,80,87,101,101,98,97,20.383,20.378,22.406,22.373,3529.168,92025,29416,0,333,9200,10,11,1,0,0,26,22,14,20,12,7,False,0,False
1026.271,12.123,11.968,10.321,9.744,6.181,18,16,2,1936236.8,75,81,76,80,101,101,98,98,20.386,20.385,22.41,22.38,3552.266,92025,29416,0,333,9200,10,11,1,0,0,26,22,14,20,12,7,False,0,False
1027.2721,12.21,12.073,10.39,9.818,6.156,18,16,2,1944527.4,78,83,75,78,101,101,98,98,20.391,20.394,22.416,22.389,3602.457,92025,29416,0,317,9183,10,11,1,0,0,26,22,14,20,12,7,False,0,False
1027.772,12.258,12.129,10.427,9.858,6.143,18,16,2,1937698.8,76,81,74,77,101,101,98,98,20.393,20.399,22.417,22.392,3630.332,92025,29416,0,300,9183,10,11,1,0,0,26,22,14,20,12,7,False,0,False
1028.2717,12.297,12.176,10.459,9.89,6.129,18,16,2,1930097.2,74,78,73,75,101,101,98,98,20.394,20.402,22.418,22.393,3660.324,92025,29416,0,333,9183,10,11,1,0,0,26,22,14,20,12,7,False,0,False
1028.7727,12.318,12.203,10.471,9.9,6.116,18,16,2,1927045.6,69,73,69,68,101,101,98,98,20.393,20.403,22.417,22.393,3693.762,92025,29416,0,333,9216,10,11,1,0,0,26,22,14,20,12,7,False,0,False
1029.2711,12.334,12.216,10.476,9.906,6.102,18,16,2,1918690,70,70,69,68,101,101,98,98,20.39,20.401,22.414,22.39,3726.164,92025,29416,0,350,9234,10,11,1,0,0,26,22,14,20,12,7,False,0,False
1029.7719,12.367,12.242,10.501,9.932,6.088,18,16,2,1910046.2,74,71,73,71,101,101,98,98,20.389,20.399,22.412,22.387,3760.316,92025,29416,0,350,9234,10,11,1,0,0,26,22,14,20,12,7,False,0,False
1030.2693,12.441,12.303,10.589,10.013,6.075,18,16,2,1901402.5,83,79,86,81,101,101,98,98,20.39,20.398,22.412,22.386,3795.848,92025,29416,0,366,9233,10,11,1,0,0,26,22,14,20,12,7,False,0,False
1030.7697,12.539,12.385,10.713,10.122,6.062,18,16,2,1898236.6,84,79,90,84,101,101,98,98,20.393,20.399,22.416,22.388,3832.418,92025,29416,0,350,9233,10,11,1,0,0,26,22,14,20,12,7,False,0,False
1031.7722,12.725,12.539,10.941,10.324,6.034,18,16,2,1880949.1,82,78,87,81,101,101,98,98,20.399,20.4,22.422,22.389,3906.574,92025,29416,0,350,9233,10,11,1,0,0,26,22,14,20,12,7,False,0,False
1032.2697,12.817,12.616,11.048,10.42,6.021,18,16,2,1872305.4,83,78,86,81,101,101,98,98,20.401,20.399,22.424,22.389,3943.066,92025,29416,0,366,9233,10,11,1,0,0,26,22,14,20,12,7,False,0,False
1032.7723,12.879,12.666,11.101,10.471,6.007,18,16,2,1863661.6,75,73,75,72,101,101,98,98,20.401,20.397,22.422,22.386,3979.32,92025,29416,0,350,9234,10,11,1,0,0,26,22,14,20,12,7,False,0,False
1033.2732,12.9,12.683,11.108,10.481,5.993,18,16,2,1854916,70,69,68,67,101,101,98,98,20.396,20.392,22.416,22.379,4018.266,92025,29416,40303,350,9217,10,11,1,0,0,26,22,14,20,12,7,False,0,False
1033.772,12.932,12.708,11.14,10.508,5.989,18,16,2,1883604.5,74,71,73,72,101,101,98,97,20.393,20.388,22.414,22.377,4051.988,92025,29416,40303,350,9217,10,11,1,0,0,26,22,14,20,12,7,False,0,False
1035.2721,13.08,12.821,11.352,10.683,5.988,18,16,2,1955017.2,81,75,97,86,101,101,98,98,20.407,20.394,22.437,22.394,4122.297,92025,29416,40303,350,9200,10,11,1,0,0,26,22,14,20,12,7,False,0,False
1035.7715,13.111,12.841,11.407,10.728,5.984,18,16,2,1961992.4,80,72,90,84,102,101,99,98,20.412,20.396,22.45,22.403,4142.414,92025,29416,40303,350,9200,10,11,1,0,0,26,22,14,20,12,7,False,0,False
1036.2717,13.142,12.87,11.448,10.752,5.979,18,16,2,1968694.1,78,75,88,78,102,101,99,98,20.417,20.398,22.459,22.408,4165.129,92025,29416,40303,317,9200,10,11,1,0,0,26,22,14,20,12,7,False,0,False
1036.7704,13.171,12.894,11.47,10.771,5.969,18,16,2,1974780.8,78,74,80,73,102,101,99,98,20.42,20.399,22.466,22.411,4185.047,92025,29416,40303,317,9233,10,11,1,0,0,26,22,14,20,12,7,False,0,False
1037.2731,13.204,12.926,11.482,10.781,5.956,18,16,2,1975040.6,77,75,73,69,102,101,99,98,20.423,20.401,22.469,22.412,4207.219,92025,29416,40303,350,9233,10,11,1,0,0,26,22,14,20,12,7,False,0,False
1037.7701,13.234,12.956,11.488,10.789,5.943,18,16,2,1970230,75,74,70,67,102,101,99,98,20.425,20.403,22.469,22.411,4230.613,92025,29416,40303,350,9233,10,11,1,0,0,26,22,14,20,12,7,False,0,False
1038.2689,13.256,12.975,11.489,10.79,5.931,18,16,2,1969629.4,72,71,67,66,102,101,99,98,20.426,20.402,22.467,22.409,4257.438,92025,29416,40303,367,9233,10,11,1,0,0,26,22,14,20,12,7,False,0,False
1038.7687,13.271,12.989,11.49,10.791,5.917,18,16,2,1962621.1,70,70,64,64,102,101,99,98,20.424,20.401,22.465,22.406,4286.426,92025,29416,40303,367,9267,10,11,1,0,0,26,22,14,20,12,7,False,0,False
1039.7706,13.301,13.016,11.49,10.791,5.89,18,16,2,1912561.2,70,70,67,67,102,101,99,98,20.419,20.396,22.457,22.399,4349.871,92025,29416,40303,367,9267,10,11,1,0,0,26,22,14,20,12,7,False,0,False
1040.2727,13.315,13.031,11.49,10.791,5.877,18,16,2,1858506.1,69,69,67,67,102,101,99,98,20.416,20.393,22.452,22.395,4385.656,92025,29416,40303,367,9283,10,11,1,0,0,26,22,14,20,12,7,False,0,False
1040.7682,13.324,13.04,11.49,10.791,5.864,18,16,2,1850150.5,69,69,67,67,102,101,99,98,20.412,20.389,22.447,22.39,4420.43,92025,29416,40303,367,9283,10,11,1,0,0,26,22,14,20,12,7,False,0,False
1041.2717,13.333,13.049,11.49,10.791,5.85,18,16,2,1841506.8,69,69,67,67,101,101,99,98,20.408,20.385,22.442,22.385,4457.559,92025,29416,40303,367,9267,10,11,1,0,0,26,22,14,20,12,7,False,0,False
1041.7711,13.342,13.059,11.49,10.791,5.836,18,16,2,1832863,69,69,67,67,101,101,98,97,20.403,20.381,22.436,22.379,4495.793,92025,29416,40303,350,9267,10,11,1,0,0,26,22,14,20,12,7,False,0,False
1042.2698,13.351,13.068,11.49,10.791,5.822,18,16,2,1824219.2,69,69,68,67,101,101,98,97,20.398,20.376,22.43,22.373,4535.031,92025,29416,40303,334,9250,10,11,1,0,0,26,22,14,20,12,7,False,0,False
1042.7697,13.36,13.077,11.49,10.791,5.809,18,16,2,1815575.5,69,69,67,67,101,101,98,97,20.393,20.371,22.423,22.367,4575.164,92025,29416,40303,317,9250,10,11,1,0,0,26,22,14,20,12,7,False,0,False
1043.2719,13.368,13.085,11.49,10.791,5.796,18,16,2,1812341.2,70,70,68,68,101,101,98,97,20.387,20.365,22.416,22.36,4615.949,92025,29416,40303,317,9217,10,11,1,0,0,26,22,14,20,12,7,False,0,False
1043.7728,13.376,13.094,11.49,10.791,5.782,18,16,2,1803409.4,70,70,68,68,101,101,98,97,20.381,20.36,22.408,22.353,4658.824,92025,29416,40303,300,9217,10,11,1,0,0,26,22,14,20,12,7,False,0,False
1044.2686,13.384,13.102,11.49,10.791,5.768,18,16,2,1795053.8,70,70,68,68,101,100,98,97,20.376,20.354,22.401,22.345,4699.535,92025,29416,40303,284,9184,10,11,1,0,0,26,22,14,20,12,7,False,0,False
1044.7686,13.393,13.11,11.49,10.791,5.754,18,16,2,1786410,70,70,69,68,101,100,98,97,20.37,20.348,22.393,22.338,4742.188,92025,29416,40303,284,9184,10,11,1,0,0,26,22,14,20,12,7,False,0,False
1045.7705,13.417,13.137,11.512,10.812,5.73,18,16,2,1789426.9,71,71,73,73,101,100,97,97,20.357,20.336,22.378,22.324,4827.734,92025,29416,40303,267,9150,10,11,1,0,0,26,22,14,20,12,7,False,0,False
1046.2709,13.454,13.176,11.557,10.855,5.728,18,16,2,1820968.6,72,73,75,75,101,100,98,97,20.357,20.336,22.382,22.328,4862.078,92025,29416,40303,234,9117,10,11,1,0,0,26,22,14,20,12,7,False,0,False
1046.7697,13.486,13.219,11.585,10.882,5.727,18,16,2,1848491.4,73,74,74,73,101,100,98,97,20.36,20.34,22.389,22.334,4888.043,92025,29416,40303,234,9167,10,11,1,0,0,26,22,14,20,12,7,False,0,False
1047.2719,13.511,13.238,11.615,10.908,5.727,18,16,2,1872099.1,74,71,77,73,101,100,98,97,20.363,20.343,22.396,22.341,4908.531,92025,29416,40303,234,9167,10,11,1,0,0,26,22,14,20,12,7,False,0,False
1047.7697,13.537,13.255,11.652,10.937,5.727,18,16,2,1892271.8,76,70,82,76,101,100,98,97,20.367,20.345,22.404,22.347,4925.062,92025,29416,40303,267,9167,10,11,1,0,0,26,22,14,20,12,7,False,0,False
1048.7717,13.586,13.296,11.716,10.981,5.716,18,16,2,1904917.8,76,73,80,73,101,100,98,97,20.377,20.351,22.423,22.36,4966.191,92025,29416,40303,267,9217,10,11,1,0,0,26,22,14,20,12,7,False,0,False
1049.2683,13.61,13.317,11.735,10.998,5.707,18,16,2,1911171.4,76,73,77,71,101,100,98,97,20.381,20.354,22.429,22.364,4984.215,92025,29416,40303,300,9217,10,11,1,0,0,26,22,14,20,12,7,False,0,False
1049.7682,13.637,13.341,11.751,11.011,5.697,18,16,2,1916146.8,76,73,74,69,101,101,98,97,20.385,20.356,22.434,22.367,5004.387,92025,29416,40303,300,9183,10,11,1,0,0,26,22,14,20,12,7,False,0,False
1050.2695,13.672,13.375,11.765,11.024,5.684,18,16,2,1915685.9,77,75,72,68,101,101,98,97,20.389,20.359,22.437,22.369,5026.156,92025,29416,40303,266,9183,10,11,1,0,0,26,22,14,20,12,7,False,0,False
1050.7672,13.703,13.404,11.775,11.034,5.67,18,16,2,1908725.4,75,73,70,68,101,101,98,97,20.392,20.361,22.439,22.37,5050.371,92025,29416,40303,266,9183,10,11,1,0,0,26,22,14,20,12,7,False,0,False
1051.7692,13.746,13.445,11.778,11.038,5.644,18,16,2,1822822.5,70,69,66,66,101,101,98,97,20.394,20.362,22.437,22.368,5108.191,92025,29416,40303,266,9183,10,11,1,0,0,26,22,14,20,12,7,False,0,False
1052.2682,13.761,13.461,11.778,11.038,5.63,18,16,2,1766097.8,70,69,66,67,101,101,98,97,20.393,20.361,22.435,22.366,5140.637,92025,29416,40303,267,9183,10,11,1,0,0,26,22,14,20,12,7,False,0,False
1052.7689,13.775,13.475,11.778,11.038,5.617,18,16,2,1708482.8,70,70,67,67,101,101,98,97,20.391,20.36,22.432,22.364,5175.113,92025,29416,40303,267,9184,10,11,1,0,0,26,22,14,20,12,7,False,0,False
1053.2673,13.785,13.485,11.778,11.038,5.604,18,16,2,1693883.6,69,69,67,67,101,101,98,97,20.389,20.358,22.429,22.362,5211.164,92025,29416,40303,267,9150,10,11,1,0,0,26,22,14,20,12,7,False,0,False
1053.7668,13.794,13.494,11.778,11.038,5.59,18,16,2,1685239.9,69,69,68,67,101,101,98,97,20.387,20.355,22.425,22.358,5248.391,92025,29416,40303,250,9150,10,11,1,0,0,26,22,14,20,12,7,False,0,False
1054.2695,13.803,13.503,11.778,11.038,5.576,18,16,2,1676596.1,69,69,68,67,101,100,98,97,20.383,20.352,22.421,22.354,5286.695,92025,29416,40303,234,9117,10,11,1,0,0,26,22,14,20,12,7,False,0,False
1054.7635,13.812,13.512,11.778,11.038,5.562,18,16,2,1667952.4,69,69,68,68,101,100,98,97,20.38,20.349,22.416,22.35,5325.961,92025,29416,40303,234,9084,10,11,1,0,0,26,22,14,20,12,7,False,0,False
1055.2687,13.821,13.521,11.778,11.038,5.549,18,16,2,1659308.6,68,68,68,68,101,100,98,97,20.375,20.344,22.411,22.345,5366.18,92025,29416,40303,217,9084,10,11,1,0,0,26,22,14,20,12,7,False,0,False
1055.7695,13.829,13.529,11.778,11.038,5.536,18,16,2,1656207,68,68,68,67,101,100,98,97,20.37,20.339,22.405,22.339,5407.23,92025,29416,40303,200,9067,10,11,1,0,0,26,22,14,20,12,7,False,0,False
1057.2661,13.854,13.554,11.778,11.038,5.494,18,16,3,1630275.8,68,68,68,68,100,100,98,97,20.352,20.322,22.384,22.32,126.27,92383,0,0,167,9067,10,12,1,0,0,26,22,14,20,12,7,False,0,False
1057.767,13.862,13.562,11.778,11.038,5.48,18,16,3,1621632,68,68,68,68,100,100,97,96,20.345,20.316,22.377,22.313,170.258,92383,0,0,166,8966,10,12,1,0,0,26,22,14,20,12,7,False,0,False
1058.2667,13.87,13.57,11.778,11.038,5.467,18,16,3,1612988.2,68,68,68,68,100,100,97,96,20.339,20.309,22.369,22.305,214.781,92383,0,0,150,8966,10,12,1,0,0,26,22,14,20,12,7,False,0,False
1058.7665,13.878,13.578,11.778,11.038,5.453,18,16,3,1604378.4,68,68,68,68,100,100,97,96,20.331,20.302,22.36,22.297,259.777,92383,0,0,150,8966,10,12,1,0,0,26,22,14,20,12,7,False,0,False
1059.268,13.886,13.586,11.778,11.038,5.439,18,16,3,1596006,68,68,68,68,100,99,97,96,20.324,20.295,22.352,22.289,305.168,92383,0,0,134,8966,10,12,1,0,0,26,22,14,20,12,7,False,0,False
1059.768,13.894,13.594,11.778,11.038,5.425,18,16,3,1587894.6,68,68,68,68,100,99,97,96,20.316,20.287,22.343,22.28,350.934,92383,0,0,117,8783,10,12,1,0,0,26,22,14,20,12,7,False,0,False
1060.2686,13.903,13.606,11.782,11.041,5.412,18,16,3,1579978,69,69,69,69,100,99,97,96,20.308,20.28,22.334,22.272,396.969,92383,0,0,100,8783,10,12,1,0,0,26,22,14,20,12,7,False,0,False
1061.2701,13.921,13.621,11.783,11.043,5.384,18,16,3,1564481.6,69,68,69,68,99,99,96,95,20.292,20.264,22.316,22.254,489.547,92383,0,0,83,8683,10,12,1,0,0,26,22,14,20,12,7,False,0,False
1061.7672,13.929,13.629,11.783,11.043,5.37,18,16,3,1556870.1,69,68,69,69,99,99,96,95,20.283,20.255,22.306,22.245,536.035,92383,0,0,84,8683,10,12,1,0,0,26,22,14,20,12,7,False,0,False
1062.2639,13.937,13.636,11.783,11.043,5.356,18,16,3,1549306.6,70,70,69,69,99,99,96,95,20.275,20.246,22.297,22.236,582.586,92383,0,0,84,8600,10,12,1,0,0,26,22,14,20,12,7,False,0,False
1062.7667,13.966,13.665,11.826,11.086,5.351,18,16,3,1580722.6,71,72,75,73,99,98,96,95,20.27,20.243,22.295,22.234,624.934,92383,0,0,67,8600,10,12,1,0,0,26,22,14,20,12,7,False,0,False
1063.269,13.992,13.689,11.851,11.112,5.35,18,16,3,1612879.9,70,70,72,71,99,98,96,95,20.271,20.244,22.301,22.24,657.953,92383,0,0,66,8550,10,12,1,0,0,26,22,14,20,12,7,False,0,False
1064.2698,14.021,13.715,11.868,11.13,5.349,18,16,3,1662792.8,69,68,69,68,99,99,96,95,20.275,20.249,22.311,22.25,704.793,92383,0,0,100,8583,10,12,1,0,0,26,22,14,20,12,7,False,0,False
1064.7668,14.037,13.727,11.894,11.151,5.349,18,16,3,1680422.8,71,68,76,72,99,99,96,95,20.278,20.251,22.317,22.256,720.445,92383,0,0,100,8600,9,12,1,0,0,26,22,14,20,12,7,False,0,False
1065.2678,14.058,13.743,11.945,11.189,5.349,18,16,3,1694592.1,73,70,87,79,99,99,97,96,20.283,20.254,22.327,22.264,732.512,92383,0,0,100,8600,9,12,1,0,0,26,22,14,20,12,7,False,0,False
1065.7687,14.069,13.752,11.996,11.227,5.348,18,16,3,1703586.4,73,69,95,84,99,99,97,96,20.288,20.258,22.341,22.274,746.828,92383,0,0,867,8600,9,12,1,0,0,26,22,14,20,12,7,False,0,False
1066.2694,14.082,13.763,12.034,11.25,5.345,18,16,3,1708492.9,73,70,96,82,99,99,97,96,20.292,20.26,22.356,22.285,758.715,92383,0,0,50,8600,10,12,1,0,0,26,22,14,20,12,7,False,0,False
1066.7651,14.096,13.775,12.048,11.261,5.342,18,16,3,1713677.4,73,70,88,77,99,99,97,96,20.297,20.264,22.37,22.294,768.34,92383,0,0,50,8600,9,12,1,0,0,26,22,14,20,12,7,False,0,False
1067.2682,14.108,13.789,12.051,11.263,5.336,18,16,3,1718333.8,73,71,78,72,100,99,97,96,20.301,20.267,22.379,22.3,779.977,92383,0,0,50,8667,9,12,1,0,0,26,22,14,20,12,7,False,0,False
1068.268,14.148,13.837,12.054,11.267,5.317,18,16,3,1729513.8,75,75,68,68,100,99,98,96,20.309,20.275,22.387,22.306,810.812,92383,0,0,717,8667,9,12,1,0,0,26,22,14,20,12,7,False,0,False
1068.7659,14.17,13.86,12.067,11.282,5.306,18,16,3,1730820,74,75,68,71,100,99,98,96,20.313,20.28,22.388,22.309,830.02,92383,0,0,717,8667,9,12,1,0,0,26,22,14,20,12,7,False,0,False
1069.2699,14.199,13.896,12.095,11.314,5.297,18,16,3,1737309.5,75,79,74,77,100,99,98,96,20.317,20.285,22.391,22.313,856.941,92383,0,0,650,8600,9,12,1,0,0,26,22,14,20,12,7,False,0,False
1069.7703,14.233,13.943,12.135,11.36,5.289,18,16,3,1744133.1,74,81,77,81,100,99,98,96,20.32,20.291,22.394,22.319,877.699,92383,0,0,650,8567,9,12,1,0,0,26,22,14,20,12,7,False,0,False
1070.2701,14.266,13.983,12.153,11.38,5.278,18,16,3,1747431.2,75,78,71,74,100,99,98,97,20.323,20.298,22.397,22.323,900.297,92383,0,0,567,8567,9,12,1,0,0,26,22,14,20,12,7,False,0,False
1070.7695,14.295,14.017,12.156,11.381,5.265,18,16,3,1747908.9,73,75,68,68,100,100,98,97,20.326,20.301,22.397,22.324,925.605,92383,0,0,567,8616,9,12,1,0,0,26,22,14,20,12,7,False,0,False
1071.2693,14.328,14.048,12.17,11.39,5.251,18,16,3,1741877.8,75,74,71,67,100,100,98,97,20.327,20.302,22.396,22.324,954.094,92383,0,0,400,8616,9,12,1,0,0,26,22,14,20,12,7,False,0,False
1071.77,14.36,14.075,12.185,11.405,5.238,18,16,3,1734814.9,74,71,71,68,100,100,98,97,20.329,20.303,22.396,22.322,984.285,92383,0,0,400,8616,9,12,1,0,0,26,22,14,20,12,7,False,0,False
1072.2693,14.38,14.091,12.192,11.412,5.225,18,16,3,1732305.2,71,69,69,67,100,100,98,97,20.329,20.303,22.394,22.32,1014.637,92383,0,0,334,8634,9,12,1,0,0,26,22,14,20,12,7,False,0,False
1072.7672,14.399,14.107,12.196,11.417,5.211,18,16,3,1723775.1,69,67,67,66,100,100,98,96,20.328,20.301,22.391,22.317,1046.965,92383,0,0,334,8634,9,12,1,0,0,26,22,14,20,12,7,False,0,False
1073.2687,14.413,14.118,12.197,11.419,5.197,18,16,3,1715131.4,68,67,67,66,100,99,98,96,20.326,20.298,22.388,22.314,1081.082,92383,0,0,300,8634,9,12,1,0,0,26,22,14,20,12,7,False,0,False
1073.7705,14.425,14.128,12.197,11.42,5.185,18,16,3,1711814.5,68,67,67,67,100,99,98,96,20.323,20.295,22.383,22.31,1116.598,92383,0,0,283,8650,9,12,1,0,0,26,22,14,20,12,7,False,0,False
1074.2635,14.436,14.138,12.197,11.42,5.171,18,16,3,1703170.8,68,67,67,67,100,99,97,96,20.319,20.291,22.378,22.305,1153.41,92383,0,0,283,8650,9,12,1,0,0,26,22,14,20,12,7,False,0,False
1074.7666,14.446,14.148,12.197,11.42,5.157,18,16,3,1694527,68,67,67,67,100,99,97,96,20.315,20.287,22.373,22.3,1191.465,92383,0,0,267,8650,9,12,1,0,0,26,22,14,20,12,7,False,0,False
1075.7699,14.464,14.166,12.197,11.42,5.131,18,16,3,1682560.8,67,67,68,67,100,99,97,96,20.306,20.278,22.361,22.289,1270.766,92383,0,0,267,8650,9,12,1,0,0,26,22,14,20,12,7,False,0,False
1076.2678,14.472,14.174,12.197,11.42,5.117,18,16,3,1673917,68,68,68,67,100,99,97,96,20.301,20.273,22.355,22.283,1311.656,92383,0,0,267,8650,9,12,1,0,0,26,22,14,20,12,7,False,0,False
1076.7644,14.48,14.183,12.197,11.42,5.103,18,16,3,1665273.2,68,68,68,68,99,99,97,96,20.295,20.268,22.348,22.276,1353.324,92383,0,0,283,8633,9,12,1,0,0,26,22,14,20,12,7,False,0,False
1077.2697,14.49,14.196,12.201,11.423,5.089,18,16,3,1656629.5,68,69,68,69,99,99,97,96,20.289,20.263,22.34,22.27,1395.715,92383,0,0,283,8633,9,12,1,0,0,26,22,14,20,12,7,False,0,False
1077.7692,14.517,14.225,12.238,11.459,5.082,18,16,3,1681555.5,71,71,74,74,99,99,97,96,20.286,20.26,22.338,22.268,1435.492,92383,0,0,283,8600,9,12,1,0,0,26,22,14,20,12,7,False,0,False
1078.77,14.576,14.281,12.294,11.521,5.081,18,16,3,1737711.4,72,70,73,72,99,99,97,96,20.292,20.266,22.35,22.281,1489.383,92383,0,0,300,8616,9,12,1,0,0,26,22,14,20,12,7,False,0,False
1079.7692,14.608,14.303,12.332,11.555,5.08,18,16,3,1773545.4,73,68,76,73,99,99,97,96,20.299,20.27,22.364,22.293,1522.609,92383,0,0,316,8616,9,12,1,0,0,26,22,14,20,12,7,False,0,False
1080.27,14.637,14.322,12.362,11.58,5.077,18,16,3,1780735.8,77,70,80,75,100,99,97,96,20.305,20.273,22.371,22.3,1545.371,92383,0,0,316,8734,9,12,1,0,0,26,22,14,20,12,7,False,0,False
1080.7662,14.655,14.336,12.381,11.595,5.072,18,16,3,1788002.1,75,70,78,72,100,99,97,96,20.31,20.276,22.379,22.305,1566.137,92383,0,0,367,8734,9,12,1,0,0,26,22,14,20,12,7,False,0,False
1081.2672,14.669,14.347,12.398,11.609,5.066,18,16,3,1795505.6,73,69,77,71,100,99,98,96,20.314,20.278,22.385,22.31,1582.855,92383,0,0,367,8817,9,12,1,0,0,26,22,14,20,12,7,False,0,False
1082.266,14.73,14.397,12.445,11.647,5.051,18,16,3,1811118.1,78,73,75,71,100,99,98,96,20.324,20.283,22.397,22.318,1616.523,92383,0,0,367,8817,9,12,1,0,0,26,22,14,20,12,7,False,0,False
1082.7657,14.76,14.426,12.451,11.653,5.039,18,16,3,1816750.5,76,74,70,68,100,99,98,97,20.33,20.287,22.4,22.32,1637.035,92383,0,0,300,8850,9,12,1,0,0,26,22,14,20,12,7,False,0,False
1083.7635,14.809,14.475,12.452,11.654,5.012,18,16,3,1813553.1,70,70,65,65,100,99,98,97,20.335,20.293,22.4,22.32,1685.598,92383,0,0,233,8850,8,12,1,0,0,26,22,14,20,12,7,False,0,False
1084.2676,14.824,14.49,12.452,11.654,4.999,18,16,3,1812708.1,69,70,66,66,100,99,98,96,20.335,20.293,22.398,22.318,1713.934,92383,0,0,233,8850,8,12,1,0,0,26,22,14,20,12,7,False,0,False
1085.267,14.867,14.543,12.482,11.683,4.973,18,16,3,1802420.5,70,73,69,71,100,99,98,96,20.334,20.294,22.395,22.317,1775.746,92383,0,0,166,8850,8,12,1,0,0,26,22,14,20,12,7,False,0,False
1085.7682,14.89,14.572,12.499,11.699,4.959,18,16,3,1793776.8,70,73,69,71,100,99,98,96,20.333,20.295,22.393,22.316,1809.676,92383,29907,0,166,8850,8,12,1,0,0,26,22,14,20,12,7,False,0,False
1086.268,14.905,14.591,12.516,11.706,4.948,18,16,3,1795264.6,68,68,71,68,100,99,98,96,20.331,20.295,22.391,22.314,1845.723,92383,29907,0,150,8850,8,12,1,0,0,26,22,14,20,12,7,False,0,False
1086.7639,14.952,14.634,12.58,11.765,4.948,18,16,3,1825667.8,77,73,84,78,100,99,98,96,20.332,20.296,22.394,22.316,1875.547,92383,29907,0,150,8850,8,12,1,0,0,26,22,14,20,12,7,False,0,False
1087.267,15.017,14.684,12.705,11.865,4.946,18,16,3,1844077.6,82,76,99,89,100,99,98,97,20.339,20.3,22.405,22.324,1902.164,92383,29907,0,133,8867,8,12,1,0,0,26,22,14,20,12,7,False,0,False
1087.7648,15.073,14.727,12.806,11.947,4.938,18,16,3,1849724.4,84,77,96,88,100,100,98,97,20.345,20.304,22.418,22.333,1928.875,92383,29907,0,133,8867,8,12,1,0,0,26,22,14,20,12,7,False,0,False
1088.2683,15.139,14.779,12.873,12,4.928,18,16,3,1855007.9,85,78,88,80,100,100,98,97,20.352,20.308,22.427,22.34,1954.652,92383,29907,0,150,8867,8,12,1,0,0,26,22,14,20,12,7,False,0,False
1088.7675,15.169,14.804,12.887,12.014,4.916,18,16,3,1854359.1,74,71,72,71,101,100,98,97,20.357,20.31,22.431,22.342,1980.832,92383,29907,0,150,8867,8,12,1,0,0,26,22,14,20,12,7,False,0,False
1089.2678,15.23,14.872,12.933,12.073,4.903,18,16,3,1850650.6,81,84,76,82,101,100,98,97,20.359,20.312,22.431,22.344,2009.812,92383,29907,0,217,8933,8,12,1,0,0,26,22,14,20,12,7,False,0,False
1089.7688,15.329,14.987,12.994,12.151,4.891,18,16,3,1855632.8,84,88,76,83,101,100,98,97,20.366,20.321,22.433,22.35,2041.043,92383,29907,0,217,8933,8,12,1,0,0,26,22,14,20,12,7,False,0,False
1090.2653,15.359,15.027,13.051,12.218,4.882,18,16,3,1861271,75,80,81,87,101,100,98,97,20.367,20.325,22.433,22.353,2070.625,92383,29907,0,217,8950,8,12,1,0,0,26,22,14,20,12,7,False,0,False
1090.7662,15.415,15.093,13.144,12.33,4.875,18,16,3,1867932.5,77,79,82,86,101,100,98,97,20.369,20.329,22.436,22.36,2099.141,92383,29907,0,266,8950,8,12,1,0,0,26,22,14,20,12,7,False,0,False
1091.2672,15.447,15.135,13.166,12.365,4.864,18,16,3,1872335.4,73,75,74,76,101,100,98,97,20.369,20.331,22.437,22.361,2128.289,92383,29907,0,266,9016,8,12,1,0,0,26,22,14,20,12,7,False,0,False
1091.7677,15.477,15.169,13.178,12.376,4.852,18,16,3,1870231.5,71,74,70,70,101,100,98,97,20.368,20.331,22.434,22.359,2158.559,92383,29907,0,334,9100,8,12,1,0,0,26,22,14,20,12,7,False,0,False
1093.2665,15.533,15.221,13.231,12.442,4.838,18,16,3,1921442.1,70,68,72,71,101,100,98,97,20.367,20.331,22.436,22.363,2235.43,92383,29907,0,434,9300,8,12,1,0,0,26,22,14,20,12,7,False,0,False
1093.7671,15.557,15.237,13.266,12.473,4.838,18,16,3,1940127.2,75,69,80,76,101,100,99,97,20.369,20.331,22.441,22.367,2251.773,92383,29907,0,434,9300,8,12,1,0,0,26,22,14,20,12,7,False,0,False
1094.2664,15.578,15.254,13.325,12.515,4.838,18,16,3,1952751.2,75,70,92,82,101,100,99,97,20.373,20.333,22.45,22.374,2264.254,92383,29907,0,533,9300,8,12,1,0,0,26,22,14,20,12,7,False,0,False
1094.7673,15.59,15.264,13.386,12.554,4.837,18,16,3,1961215.1,73,70,101,85,101,100,99,98,20.377,20.334,22.464,22.383,2278.309,92383,29907,0,533,9300,8,12,1,0,0,26,22,14,20,12,7,False,0,False
1095.2676,15.608,15.277,13.42,12.58,4.833,18,16,3,1966958,76,71,96,84,101,100,99,98,20.38,20.336,22.478,22.391,2295.051,92383,29907,0,533,9300,8,12,1,0,0,26,22,14,20,12,7,False,0,False
1095.7681,15.629,15.294,13.434,12.591,4.828,18,16,3,1973155.4,77,72,87,78,101,100,99,98,20.384,20.338,22.488,22.398,2308.066,92383,29907,0,533,9300,8,12,1,0,0,26,22,14,20,12,7,False,0,False
1096.2689,15.65,15.314,13.445,12.601,4.821,18,16,3,1980076.6,77,73,80,73,101,100,99,98,20.388,20.34,22.495,22.402,2321.105,92383,29907,0,483,9250,8,12,1,0,0,26,22,14,20,12,7,False,0,False
1096.7668,15.676,15.343,13.453,12.608,4.812,18,16,3,1986449.6,79,77,75,70,101,100,99,98,20.392,20.343,22.499,22.404,2336.074,92383,29907,0,483,9250,8,12,1,0,0,26,22,14,20,12,7,False,0,False
1097.2675,15.733,15.396,13.456,12.611,4.801,18,16,3,1993555.9,85,83,70,67,101,100,100,98,20.399,20.349,22.5,22.404,2353.559,92383,29907,0,483,9250,8,12,1,0,0,26,22,14,20,12,7,False,0,False
1097.7671,15.774,15.443,13.457,12.612,4.788,18,16,3,1999912.4,81,81,67,66,101,101,99,98,20.406,20.356,22.499,22.403,2374.172,92383,29907,0,383,9250,8,12,1,0,0,26,22,14,20,12,7,False,0,False
1098.764,15.813,15.486,13.458,12.613,4.762,18,16,3,1995566.1,71,70,66,66,102,101,99,98,20.409,20.36,22.494,22.4,2423.395,92383,29907,0,317,9117,8,12,1,0,0,26,22,14,20,12,7,False,0,False
1099.2639,15.827,15.501,13.458,12.613,4.748,18,16,3,1988951.1,70,69,66,66,101,101,99,98,20.408,20.359,22.491,22.397,2451.43,92383,29907,0,317,9117,8,12,1,0,0,26,22,14,20,12,7,False,0,False
1099.7626,15.84,15.514,13.458,12.613,4.734,18,16,3,1981377.9,69,69,66,66,101,101,99,98,20.406,20.357,22.487,22.394,2481.527,92383,29907,0,283,9083,8,12,1,0,0,26,22,14,20,12,7,False,0,False
1100.2677,15.851,15.526,13.458,12.613,4.721,18,16,3,1978539.1,68,69,66,66,101,101,99,98,20.403,20.355,22.483,22.39,2513.285,92383,29907,0,283,9083,8,12,1,0,0,26,22,14,20,12,7,False,0,False
1100.7655,15.862,15.539,13.46,12.614,4.708,18,16,3,1969895.4,69,69,67,67,101,100,99,98,20.4,20.352,22.478,22.386,2546.727,92383,29907,0,283,9083,8,12,1,0,0,26,22,14,20,12,7,False,0,False
1101.269,15.882,15.566,13.479,12.632,4.694,18,16,3,1961251.6,70,73,70,71,101,100,99,98,20.396,20.35,22.473,22.382,2581.605,92383,29907,0,266,9083,8,12,1,0,0,26,22,14,20,12,7,False,0,False
1102.2651,15.951,15.655,13.56,12.713,4.676,18,16,3,1983477.8,72,75,74,77,101,100,99,98,20.392,20.349,22.468,22.38,2652.418,92383,29907,0,250,9083,8,12,1,0,0,26,22,14,20,12,7,False,0,False
1102.7648,15.985,15.694,13.598,12.749,4.675,18,16,3,2010150.6,73,75,76,78,101,100,99,98,20.394,20.352,22.472,22.385,2680.566,92383,29907,0,250,9083,8,12,1,0,0,26,22,14,20,12,7,False,0,False
1103.2689,16.02,15.734,13.627,12.778,4.674,18,16,3,2032708.2,75,78,75,78,101,101,99,98,20.397,20.357,22.477,22.392,2700.938,92383,29907,0,267,9100,8,12,1,0,0,26,22,14,20,12,7,False,0,False
1103.7683,16.035,15.752,13.644,12.796,4.674,18,16,3,2051445.4,71,75,74,77,101,101,99,98,20.4,20.362,22.481,22.398,2717.281,92383,29907,0,267,9133,8,12,1,0,0,26,22,14,20,12,7,False,0,False
1104.264,16.048,15.769,13.662,12.818,4.674,18,16,3,2065999,71,75,74,79,101,101,99,98,20.402,20.367,22.486,22.405,2730.039,92383,29907,0,267,9133,8,12,1,0,0,26,22,14,20,12,7,False,0,False
1104.7642,16.056,15.78,13.672,12.834,4.674,18,16,3,2073064.2,69,72,72,79,101,101,99,98,20.404,20.371,22.49,22.413,2740.168,92383,29907,0,267,9133,8,12,1,0,0,26,22,14,20,12,7,False,0,False
1105.2657,16.068,15.792,13.688,12.862,4.673,18,16,3,2078803.4,72,74,75,84,101,101,99,98,20.405,20.373,22.493,22.42,2762.852,92383,29907,0,283,9133,8,12,1,0,0,26,22,14,20,12,7,False,0,False
1105.7673,16.086,15.815,13.702,12.879,4.67,18,16,3,2084063.6,73,78,74,82,101,101,99,98,20.408,20.378,22.497,22.429,2772.695,92383,29907,0,283,9133,8,12,1,0,0,26,22,14,20,12,7,False,0,False
1106.2673,16.1,15.827,13.705,12.882,4.664,18,16,3,2087984.1,73,75,70,75,102,101,100,98,20.41,20.383,22.5,22.435,2783.816,92383,29907,0,283,9133,8,12,1,0,0,26,22,14,20,12,7,False,0,False
1106.7655,16.116,15.841,13.707,12.884,4.655,18,16,3,2092960.4,73,74,67,71,102,101,100,98,20.413,20.386,22.501,22.438,2797.75,92383,29907,0,283,9133,8,12,1,0,0,26,22,14,20,12,7,False,0,False
1107.2681,16.134,15.859,13.707,12.884,4.645,18,16,3,2098466.8,73,73,66,67,102,101,100,98,20.415,20.389,22.501,22.439,2814.215,92383,29907,0,283,9133,8,12,1,0,0,26,22,14,20,12,7,False,0,False
1108.2646,16.185,15.907,13.707,12.884,4.62,18,16,3,2104396.2,74,73,65,65,102,101,99,98,20.419,20.393,22.498,22.437,2855.402,92383,29907,0,283,9133,8,12,1,0,0,26,22,14,20,12,7,False,0,False
1108.7653,16.207,15.929,13.707,12.884,4.606,18,16,3,2099276.2,71,71,66,66,102,101,99,98,20.42,20.395,22.495,22.436,2880.23,92383,29907,0,283,9133,8,12,1,0,0,26,22,14,20,12,7,False,0,False
1109.2639,16.223,15.945,13.707,12.884,4.594,18,16,3,2098553.2,69,69,66,66,102,101,99,98,20.419,20.394,22.493,22.434,2907.543,92383,29907,0,266,9133,8,12,1,0,0,26,22,14,20,12,7,False,0,False
1109.768,16.237,15.959,13.707,12.884,4.58,18,16,3,2093931,68,68,66,66,102,101,99,98,20.418,20.393,22.49,22.431,2937.176,92383,29907,0,266,9100,8,12,1,0,0,26,22,14,20,12,7,False,0,False
1110.2677,16.249,15.971,13.708,12.884,4.567,18,16,3,2088390.1,68,68,67,67,102,101,99,98,20.415,20.391,22.486,22.428,2968.723,92383,29907,0,234,9100,8,12,1,0,0,26,22,14,20,12,7,False,0,False
1110.7651,16.26,15.983,13.708,12.884,4.553,18,16,3,2079746.4,68,68,67,67,102,101,99,98,20.412,20.388,22.482,22.424,3002.121,92383,29907,0,234,9066,8,12,1,0,0,26,22,14,20,12,7,False,0,False
1111.2642,16.271,15.993,13.708,12.884,4.541,18,16,3,2076464.9,68,68,67,67,102,101,99,98,20.409,20.385,22.478,22.42,3037.129,92383,29907,0,216,9066,8,12,1,0,0,26,22,14,20,12,7,False,0,False
1111.7656,16.28,16.003,13.708,12.884,4.527,18,16,3,2067821.1,68,68,67,67,101,101,99,98,20.405,20.381,22.473,22.416,3073.453,92383,29907,0,200,9066,8,12,1,0,0,26,22,14,20,12,7,False,0,False
1112.2675,16.29,16.013,13.708,12.884,4.513,18,16,3,2059177.4,68,67,68,67,101,101,99,98,20.401,20.377,22.468,22.411,3111.098,92383,29907,0,200,9066,8,12,1,0,0,26,22,14,20,12,7,False,0,False
1113.2681,16.309,16.03,13.708,12.884,4.485,18,16,3,2041889.9,68,68,68,68,101,101,99,98,20.391,20.368,22.456,22.4,3189.895,92383,29907,0,150,9033,8,12,1,0,0,26,22,14,20,12,7,False,0,False
1113.7656,16.318,16.038,13.708,12.884,4.473,18,16,3,2038687.2,68,68,68,68,101,101,99,98,20.386,20.363,22.449,22.393,3230.695,92383,29907,0,150,9033,8,12,1,0,0,26,22,14,20,12,7,False,0,False
1114.2667,16.326,16.047,13.708,12.884,4.459,18,16,3,2030043.5,68,68,68,68,101,101,99,98,20.38,20.357,22.442,22.387,3272.277,92383,29907,0,134,8967,8,12,1,0,0,26,22,14,20,12,7,False,0,False
1114.7609,16.335,16.056,13.708,12.884,4.445,18,16,3,2021399.8,68,68,68,68,101,100,98,98,20.374,20.352,22.435,22.38,3314.617,92383,29907,0,100,8950,8,12,1,0,0,26,22,14,20,12,7,False,0,False
1115.2644,16.346,16.067,13.713,12.89,4.431,18,16,3,2017053.9,69,69,70,70,101,100,98,97,20.368,20.345,22.427,22.372,3357.141,92383,29907,0,84,8950,8,12,1,0,0,26,22,14,20,12,7,False,0,False
1115.7607,16.38,16.1,13.758,12.936,4.429,18,16,3,2050944.1,72,71,75,75,101,100,98,97,20.367,20.344,22.428,22.374,3393.633,92383,29907,0,84,8917,8,12,1,0,0,26,22,14,20,12,7,False,0,False
1116.2651,16.413,16.132,13.796,12.971,4.428,18,16,3,2078864,72,73,76,76,101,100,98,98,20.369,20.346,22.434,22.38,3421.359,92383,29907,0,67,8950,8,12,1,0,0,26,22,14,20,12,7,False,0,False
1116.7651,16.449,16.179,13.852,13.042,4.428,18,16,3,2101032.2,75,80,82,89,101,100,99,98,20.372,20.352,22.442,22.389,3442.824,92383,29907,0,67,8950,8,12,1,0,0,26,22,14,20,12,7,False,0,False
1117.2671,16.476,16.214,13.907,13.12,4.425,18,16,3,2109066,74,79,84,95,101,101,99,98,20.376,20.358,22.451,22.403,3462.867,92383,29907,0,100,8950,8,12,1,0,0,26,22,14,20,12,7,False,0,False
1117.7651,16.502,16.249,13.943,13.166,4.419,18,16,3,2115949.2,74,79,80,89,101,101,99,98,20.379,20.364,22.46,22.416,3486.395,92383,29907,0,100,9067,8,12,1,0,0,26,22,14,20,12,7,False,0,False
1118.2651,16.521,16.274,13.961,13.186,4.411,18,16,3,2122503.8,72,76,74,79,101,101,99,98,20.382,20.37,22.465,22.424,3508.176,92383,29907,0,200,9067,8,12,1,0,0,26,22,14,20,12,7,False,0,False
1118.7654,16.546,16.302,13.979,13.206,4.4,18,16,3,2126799.8,74,77,73,77,101,101,99,98,20.383,20.373,22.468,22.429,3529.945,92383,29907,0,200,9067,8,12,1,0,0,26,22,14,20,12,7,False,0,False
1119.2662,16.594,16.359,14.016,13.248,4.388,18,16,3,2133079.5,78,84,76,80,101,101,99,98,20.387,20.379,22.471,22.434,3552.961,92383,29907,0,200,9117,8,12,1,0,0,26,22,14,20,12,7,False,0,False
1119.7654,16.629,16.402,14.049,13.285,4.377,18,16,3,2139352.5,75,80,76,79,101,101,99,98,20.39,20.385,22.474,22.439,3577.086,92383,29907,0,250,9117,8,12,1,0,0,26,22,14,20,12,7,False,0,False
1120.2682,16.668,16.453,14.09,13.329,4.366,18,16,3,2149966.8,75,81,76,80,101,101,99,99,20.392,20.389,22.477,22.444,3602.414,92383,29907,0,250,9133,8,12,1,0,0,26,22,14,20,12,7,False,0,False
1120.7644,16.705,16.498,14.123,13.365,4.354,18,16,3,2150884,74,79,74,77,101,101,99,99,20.393,20.394,22.478,22.447,3629.039,92383,29907,0,217,9133,8,12,1,0,0,26,22,14,20,12,7,False,0,False
1121.2626,16.736,16.535,14.142,13.383,4.341,18,16,3,2143916.2,72,76,71,72,101,101,99,99,20.394,20.396,22.478,22.448,3657.883,92383,29907,0,217,9133,8,12,1,0,0,26,22,14,20,12,7,False,0,False
1121.7626,16.759,16.563,14.155,13.394,4.328,18,16,3,2141640.2,69,75,71,68,101,101,99,99,20.392,20.397,22.477,22.447,3689.516,92383,29907,0,200,9167,8,12,1,0,0,26,22,14,20,12,7,False,0,False
1122.2668,16.78,16.581,14.161,13.402,4.314,18,16,3,2133187,71,70,69,68,101,101,99,99,20.39,20.396,22.475,22.444,3722.098,92383,29907,0,200,9167,8,12,1,0,0,26,22,14,20,12,7,False,0,False
1122.7672,16.803,16.599,14.177,13.418,4.3,18,16,3,2124547,72,70,72,70,101,101,99,99,20.389,20.393,22.472,22.441,3755.352,92383,29907,0,200,9217,8,12,1,0,0,26,22,14,20,12,7,False,0,False
1123.2664,16.87,16.654,14.24,13.477,4.286,18,16,3,2115907,80,76,79,75,101,101,99,98,20.389,20.393,22.472,22.439,3790.121,92383,29907,0,200,9250,8,12,1,0,0,26,22,14,20,12,7,False,0,False
1124.2643,17.017,16.773,14.431,13.646,4.26,18,16,3,2104081.8,84,79,93,86,101,101,99,98,20.393,20.391,22.474,22.438,3864.164,92383,29907,0,183,9234,8,12,1,0,0,26,22,14,20,12,7,False,0,False
1124.7676,17.131,16.869,14.613,13.802,4.246,18,16,3,2095441,87,81,99,91,101,101,99,99,20.397,20.393,22.48,22.441,3900.863,92383,29907,0,167,9234,8,12,1,0,0,26,22,14,20,12,7,False,0,False
1125.2671,17.236,16.957,14.792,13.954,4.233,18,16,3,2086797.2,86,80,99,90,101,101,99,99,20.4,20.393,22.486,22.445,3936.434,92383,29907,0,167,9250,8,12,1,0,0,26,22,14,20,12,7,False,0,False
1125.7654,17.334,17.041,14.909,14.057,4.219,18,16,3,2078153.5,82,79,85,80,101,101,99,99,20.403,20.394,22.49,22.446,3971.418,92383,29907,0,167,9267,8,12,1,0,0,26,22,14,20,12,7,False,0,False
1126.7628,17.383,17.09,14.955,14.096,4.197,18,16,3,2084482.9,71,71,76,73,101,101,99,98,20.395,20.386,22.48,22.435,4043.52,92383,29907,40547,184,9284,8,12,1,0,0,26,22,14,20,12,7,False,0,False
1127.2646,17.434,17.132,15.002,14.14,4.196,18,16,3,2113260.8,79,74,80,76,101,101,99,98,20.397,20.386,22.484,22.438,4071.539,92383,29907,40547,184,9284,8,12,1,0,0,26,22,14,20,12,7,False,0,False
1127.7661,17.47,17.158,15.047,14.18,4.196,18,16,3,2139446.2,77,72,82,77,101,101,99,99,20.4,20.386,22.489,22.442,4095.055,92383,29907,40547,184,9317,8,12,1,0,0,26,22,14,20,12,7,False,0,False
1128.2662,17.515,17.191,15.124,14.238,4.196,18,16,3,2161524.5,80,75,93,83,101,101,99,99,20.404,20.388,22.498,22.448,4115.652,92383,29907,40547,217,9300,8,12,1,0,0,26,22,14,20,12,7,False,0,False
1128.7635,17.547,17.216,15.198,14.291,4.193,18,16,3,2169874,78,73,96,84,102,101,100,99,20.409,20.39,22.51,22.456,4134.754,92383,29907,40547,217,9300,8,12,1,0,0,26,22,14,20,12,7,False,0,False
1129.2649,17.582,17.244,15.241,14.324,4.185,18,16,3,2176361.8,80,76,90,81,102,101,100,99,20.413,20.392,22.52,22.462,4157.523,92383,29907,40547,200,9300,8,12,1,0,0,26,22,14,20,12,7,False,0,False
1130.2656,17.669,17.322,15.295,14.368,4.164,18,16,3,2186234,80,77,77,72,102,101,100,99,20.423,20.398,22.531,22.468,4200.078,92383,29907,40547,200,9333,8,12,1,0,0,26,22,14,20,12,7,False,0,False
1130.7626,17.709,17.361,15.309,14.382,4.15,18,16,3,2181271,79,77,73,69,102,101,100,99,20.426,20.4,22.532,22.468,4224.059,92383,29907,40547,217,9333,8,12,1,0,0,26,22,14,20,12,7,False,0,False
1131.2659,17.731,17.382,15.312,14.385,4.137,18,16,3,2180900.8,72,71,69,66,102,101,100,99,20.428,20.401,22.531,22.466,4250.902,92383,29907,40547,217,9333,8,12,1,0,0,26,22,14,20,12,7,False,0,False
1131.7646,17.751,17.399,15.312,14.385,4.123,18,16,3,2173952.5,71,70,67,66,102,101,100,99,20.427,20.399,22.529,22.462,4279.895,92383,29907,40547,183,9300,8,12,1,0,0,26,22,14,20,12,7,False,0,False
1132.2664,17.763,17.411,15.312,14.385,4.11,18,16,3,2171507,69,69,67,67,102,101,100,99,20.424,20.397,22.525,22.459,4310.848,92383,29907,40547,183,9300,8,12,1,0,0,26,22,14,20,12,7,False,0,False
1132.7653,17.773,17.422,15.312,14.385,4.097,18,16,3,2162938,69,69,67,67,102,101,100,99,20.421,20.394,22.52,22.455,4343.477,92383,29907,40547,166,9300,8,12,1,0,0,26,22,14,20,12,7,False,0,False
1133.2671,17.785,17.432,15.312,14.386,4.083,18,16,3,2154298,69,69,67,67,102,101,100,99,20.418,20.39,22.516,22.45,4377.699,92383,29907,40547,150,9300,8,12,1,0,0,26,22,14,20,12,7,False,0,False
1133.766,17.795,17.442,15.312,14.386,4.07,18,16,3,2151139.5,68,68,67,67,102,101,100,99,20.413,20.386,22.51,22.445,4413.27,92383,29907,40547,150,9300,8,12,1,0,0,26,22,14,20,12,7,False,0,False
1134.2639,17.804,17.451,15.312,14.386,4.056,18,16,3,2142499.5,69,69,67,67,102,101,100,99,20.409,20.382,22.504,22.44,4449.965,92383,29907,40547,133,9300,8,12,1,0,0,26,22,14,20,12,7,False,0,False
1134.7642,17.813,17.461,15.312,14.386,4.042,18,16,3,2133926.5,69,69,67,67,101,101,99,98,20.404,20.377,22.498,22.434,4487.82,92383,29907,40547,133,9283,8,12,1,0,0,26,22,14,20,12,7,False,0,False
1135.2634,17.821,17.47,15.312,14.386,4.029,18,16,3,2128153.2,69,69,67,67,101,101,99,98,20.398,20.372,22.491,22.427,4526.711,92383,29907,40547,133,9283,8,12,1,0,0,26,22,14,20,12,7,False,0,False
1135.7659,17.826,17.477,15.313,14.386,4.017,18,16,3,2131605.2,69,69,68,68,101,101,99,98,20.393,20.367,22.484,22.421,4566.23,92383,29907,40547,117,9267,8,12,1,0,0,26,22,14,20,12,7,False,0,False
1136.2645,17.831,17.483,15.313,14.386,4.005,18,16,3,2135307.5,69,69,69,68,101,101,99,98,20.387,20.361,22.476,22.414,4606.074,92383,29907,40547,83,9233,8,12,1,0,0,26,22,14,20,12,7,False,0,False
1136.7611,17.835,17.487,15.313,14.386,3.994,18,16,3,2139512,70,70,69,69,101,101,99,98,20.381,20.356,22.469,22.407,4645.992,92383,29907,40547,83,9233,8,12,1,0,0,26,22,14,20,12,7,False,0,False
1137.7649,17.849,17.502,15.313,14.386,3.968,18,16,3,2130441.5,71,71,69,69,101,100,99,98,20.369,20.344,22.453,22.392,4726.355,92383,29907,40547,84,9250,8,12,1,0,0,26,22,14,20,12,7,False,0,False
1138.265,17.858,17.51,15.313,14.386,3.954,18,16,3,2121801.5,71,71,69,69,101,100,99,98,20.363,20.338,22.445,22.384,4767.297,92383,29907,40547,83,9250,8,12,1,0,0,26,22,14,20,12,7,False,0,False
1138.76,17.875,17.526,15.332,14.404,3.944,18,16,3,2131608.5,72,72,74,73,101,100,98,97,20.357,20.332,22.438,22.377,4807.863,92383,29907,40547,100,9267,8,12,1,0,0,26,22,14,20,12,7,False,0,False
1139.2634,17.903,17.553,15.365,14.431,3.943,18,16,3,2163976.8,70,69,71,71,101,100,99,97,20.356,20.332,22.44,22.379,4841.012,92383,29907,40547,100,9284,8,12,1,0,0,26,22,14,20,12,7,False,0,False
1139.7672,17.912,17.562,15.37,14.435,3.943,18,16,3,2191328.2,68,67,68,68,101,100,99,98,20.356,20.331,22.443,22.382,4868.133,92383,29907,40547,117,9284,8,12,1,0,0,26,22,14,20,12,7,False,0,False
1140.7638,17.938,17.581,15.404,14.465,3.942,18,16,3,2234250.2,71,68,76,72,101,100,99,98,20.356,20.331,22.448,22.388,4910.578,92383,29907,40547,300,9450,8,12,1,0,0,26,22,14,20,12,7,False,0,False
1141.265,17.967,17.601,15.446,14.497,3.942,18,16,3,2244361.5,76,70,82,75,101,100,99,98,20.36,20.332,22.456,22.393,4926.473,92383,29907,40547,300,9550,8,12,1,0,0,26,22,14,20,12,7,False,0,False
1142.2671,18.01,17.636,15.512,14.542,3.936,18,16,3,2257324.8,76,72,83,74,101,100,99,98,20.367,20.335,22.472,22.402,4966.43,92383,29907,40547,300,9550,8,12,1,0,0,26,22,14,20,12,7,False,0,False
1142.7628,18.038,17.66,15.528,14.555,3.927,18,16,3,2261546.5,77,74,78,71,101,100,99,98,20.371,20.338,22.477,22.405,4983.742,92383,29907,40547,450,9550,8,12,1,0,0,26,22,14,20,12,7,False,0,False
1143.2614,18.065,17.688,15.536,14.563,3.916,18,16,3,2259783.2,76,74,72,68,101,100,99,98,20.374,20.34,22.48,22.406,5003.406,92383,29907,40547,450,9566,8,12,1,0,0,26,22,14,20,12,7,False,0,False
1143.7616,18.092,17.714,15.541,14.569,3.903,18,16,3,2255788,75,74,70,67,101,100,99,98,20.377,20.342,22.481,22.406,5025.539,92383,29907,40547,450,9566,8,12,1,0,0,26,22,14,20,12,7,False,0,False
1144.2638,18.119,17.74,15.549,14.576,3.89,18,16,3,2255951.5,74,73,70,67,101,100,99,98,20.379,20.344,22.481,22.405,5050.395,92383,29907,40547,183,9566,8,12,1,0,0,26,22,14,20,12,7,False,0,False
1144.7642,18.137,17.756,15.551,14.58,3.876,18,16,3,2249672.8,71,70,68,67,101,100,99,98,20.38,20.344,22.479,22.404,5077.637,92383,29907,40547,183,9566,8,12,1,0,0,26,22,14,20,12,7,False,0,False
1145.759,18.162,17.781,15.552,14.58,3.85,18,16,3,2239800.5,70,69,67,68,101,100,99,98,20.378,20.341,22.474,22.399,5138.574,92383,29907,40547,66,9584,8,12,1,0,0,26,22,14,20,12,7,False,0,False
1146.7609,18.183,17.803,15.552,14.58,3.822,18,16,3,2222537.2,70,69,68,68,101,100,99,98,20.373,20.337,22.466,22.393,5205.926,92383,29907,40547,0,9566,7,12,1,0,0,26,22,14,20,12,7,False,0,False
1147.2628,18.193,17.812,15.552,14.581,3.809,18,16,3,2219379,70,69,68,68,101,100,99,98,20.37,20.334,22.462,22.389,5241.59,92383,29907,40547,4333,9583,7,12,1,0,0,26,22,14,20,12,7,False,0,False
1148.2618,18.212,17.831,15.552,14.581,3.782,18,16,3,2202099,70,70,68,68,101,100,99,97,20.363,20.328,22.451,22.379,5315.828,92383,29907,40547,4367,9584,7,12,1,0,0,26,22,14,20,12,7,False,0,False
1148.7627,18.222,17.84,15.552,14.581,3.768,18,16,3,2193459,68,68,68,68,101,100,99,97,20.359,20.324,22.446,22.374,5354.398,92383,29907,40547,4367,9600,8,12,1,0,0,26,22,14,20,12,7,False,0,False
1149.2618,18.231,17.849,15.552,14.581,3.754,18,16,3,2184819,68,68,69,68,100,100,98,97,20.354,20.319,22.439,22.368,5393.895,92383,29907,40547,0,9600,8,12,1,0,0,26,22,14,20,12,7,False,0,False
1149.7635,18.239,17.857,15.552,14.581,3.741,18,16,4,2181488.5,68,68,69,68,100,100,98,97,20.348,20.314,22.433,22.361,25.25,93667,0,0,0,9600,8,13,1,0,0,26,22,14,20,12,7,False,0,False
1150.2622,18.247,17.865,15.552,14.581,3.728,18,16,4,2172848.5,68,68,69,68,100,100,98,97,20.342,20.308,22.426,22.355,66.238,93667,0,0,16,9600,8,13,1,0,0,26,22,14,20,12,7,False,0,False
1150.7611,18.256,17.874,15.552,14.581,3.714,18,16,4,2164208.5,68,68,68,68,100,100,98,97,20.336,20.302,22.418,22.347,107.855,93667,0,0,4400,9567,7,13,1,0,0,26,22,14,20,12,7,False,0,False
1151.2614,18.264,17.882,15.552,14.581,3.7,18,16,4,2155568.5,69,68,69,68,100,99,98,97,20.33,20.296,22.41,22.34,150.105,93667,0,0,4400,9567,7,13,1,0,0,26,22,14,20,12,7,False,0,False
1151.7623,18.273,17.891,15.552,14.581,3.686,18,16,4,2146928.5,69,69,69,69,100,99,98,97,20.323,20.29,22.402,22.332,192.922,93667,0,0,4400,9567,7,13,1,0,0,26,22,14,20,12,7,False,0,False
1152.2605,18.281,17.899,15.552,14.581,3.672,18,16,4,2138288.5,69,69,69,69,100,99,98,97,20.316,20.283,22.394,22.324,236.254,93667,0,0,4400,9567,7,13,1,0,0,26,22,14,20,12,7,False,0,False
1152.7632,18.29,17.907,15.552,14.581,3.659,18,16,4,2129648.5,69,69,69,69,100,99,98,96,20.309,20.276,22.385,22.316,280.02,93667,0,0,4417,9567,7,13,1,0,0,26,22,14,20,12,7,False,0,False
1153.7573,18.306,17.924,15.552,14.581,3.631,18,16,4,2112368.5,69,69,69,69,99,99,97,96,20.294,20.261,22.367,22.299,368.668,93667,0,0,4433,9483,7,13,1,0,0,26,22,14,20,12,7,False,0,False
1154.2566,18.314,17.935,15.555,14.582,3.617,18,16,4,2103728.5,69,70,69,70,99,99,97,96,20.286,20.253,22.358,22.29,413.441,93667,0,0,4433,9417,7,13,1,0,0,26,22,14,20,12,7,False,0,False
1154.7595,18.322,17.946,15.557,14.583,3.603,18,16,4,2095109.5,69,69,69,69,99,99,97,96,20.277,20.246,22.348,22.281,458.398,93667,0,0,4433,9417,7,13,1,0,0,26,22,14,20,12,7,False,0,False
1155.2635,18.335,17.954,15.559,14.588,3.59,18,16,4,2086629.5,70,68,70,69,99,98,97,96,20.269,20.237,22.339,22.272,503.602,93667,0,0,4433,9350,7,13,1,0,0,26,22,14,20,12,7,False,0,False
1155.7584,18.346,17.963,15.561,14.59,3.576,18,16,4,2078279.1,69,69,69,69,99,98,97,96,20.261,20.229,22.329,22.262,549.02,93667,0,0,4450,9350,7,13,1,0,0,26,22,14,20,12,7,False,0,False
1156.2626,18.354,17.972,15.562,14.59,3.562,18,16,4,2070022.1,68,69,69,68,99,98,96,95,20.252,20.22,22.319,22.252,594.566,93667,0,0,4450,9317,7,13,1,0,0,26,22,14,20,12,7,False,0,False
1156.7616,18.384,18.001,15.601,14.63,3.557,18,16,4,2098156.8,71,72,74,73,99,98,96,95,20.246,20.216,22.316,22.249,636.68,93667,0,0,4450,9317,7,13,1,0,0,26,22,14,20,12,7,False,0,False
1157.2653,18.418,18.034,15.641,14.67,3.556,18,16,4,2129667.8,72,72,75,75,99,98,97,95,20.247,20.217,22.321,22.255,669.289,93667,0,0,4450,9284,7,13,1,0,0,26,22,14,20,12,7,False,0,False
1157.7638,18.438,18.053,15.653,14.682,3.554,18,16,4,2154753.2,70,70,71,70,99,98,97,96,20.25,20.22,22.328,22.262,693.984,93667,0,0,4450,9284,7,13,1,0,0,26,22,14,20,12,7,False,0,False
1158.2633,18.458,18.071,15.674,14.702,3.554,18,16,4,2176391.2,72,70,74,72,99,98,97,96,20.253,20.223,22.334,22.268,713.047,93667,0,0,4467,9284,7,13,1,0,0,26,22,14,20,12,7,False,0,False
1158.763,18.489,18.095,15.72,14.737,3.554,18,16,4,2193251.5,77,72,84,77,99,98,97,96,20.259,20.227,22.343,22.276,727.039,93667,0,0,4467,9234,7,13,1,0,0,26,22,14,20,12,7,False,0,False
1159.2623,18.506,18.108,15.771,14.773,3.554,18,16,4,2205786.8,75,71,93,82,99,98,97,96,20.265,20.232,22.356,22.285,741.469,93667,0,0,4350,9234,7,13,1,0,0,26,22,14,20,12,7,False,0,False
1159.7635,18.518,18.117,15.81,14.8,3.553,18,16,4,2211953.8,74,70,95,82,99,98,97,96,20.271,20.235,22.37,22.295,756.508,93667,0,0,4350,9234,7,13,1,0,0,26,22,14,20,12,7,False,0,False
1160.262,18.529,18.127,15.829,14.813,3.551,18,16,4,2216846.8,73,69,89,78,99,98,98,96,20.276,20.239,22.384,22.305,765.617,93667,0,0,4183,9150,7,13,1,0,0,26,22,14,20,12,7,False,0,False
1161.2625,18.558,18.154,15.841,14.824,3.54,18,16,4,2228393.8,73,70,74,70,99,98,98,96,20.285,20.245,22.402,22.317,788.367,93667,0,0,4183,9150,7,13,1,0,0,26,22,14,20,12,7,False,0,False
1161.7625,18.571,18.167,15.844,14.827,3.531,18,16,4,2231978,72,71,70,69,99,99,98,97,20.288,20.248,22.406,22.32,802.922,93667,0,0,4183,9150,7,13,1,0,0,26,22,14,20,12,7,False,0,False
1162.2638,18.608,18.203,15.853,14.838,3.521,18,16,4,2239252.8,78,78,68,71,99,99,98,97,20.293,20.252,22.408,22.323,820.07,93667,0,0,4217,9150,7,13,1,0,0,26,22,14,20,12,7,False,0,False
1162.76,18.635,18.232,15.869,14.856,3.511,18,16,4,2250522.2,77,78,71,74,99,99,98,97,20.298,20.258,22.409,22.326,841.758,93667,0,0,4217,9217,7,13,1,0,0,26,22,14,20,12,7,False,0,False
1163.2621,18.671,18.274,15.892,14.882,3.501,18,16,4,2256892.2,76,80,72,75,100,99,98,97,20.303,20.264,22.412,22.331,866.961,93667,0,0,4217,9217,7,13,1,0,0,26,22,14,20,12,7,False,0,False
1163.7614,18.701,18.305,15.902,14.891,3.488,18,16,4,2257657.2,74,77,69,70,100,99,98,97,20.306,20.27,22.413,22.333,888.883,93667,0,0,4167,9217,7,13,1,0,0,26,22,14,20,12,7,False,0,False
1164.2639,18.729,18.334,15.911,14.899,3.474,18,16,4,2252363.2,73,74,68,71,100,99,98,97,20.309,20.274,22.413,22.334,913.906,93667,0,0,4167,9200,7,13,1,0,0,26,22,14,20,12,7,False,0,False
1164.7596,18.757,18.361,15.914,14.903,3.461,18,16,4,2251980,72,71,67,67,100,99,98,97,20.31,20.276,22.412,22.334,941.875,93667,0,0,4167,9200,7,13,1,0,0,26,22,14,20,12,7,False,0,False
1165.2635,18.797,18.398,15.936,14.921,3.448,18,16,4,2245069,76,77,73,68,100,99,98,97,20.312,20.277,22.411,22.333,972.938,93667,0,0,4133,9200,7,13,1,0,0,26,22,14,20,12,7,False,0,False
1165.7605,18.828,18.424,15.952,14.937,3.434,18,16,4,2237270,73,71,71,68,100,99,98,97,20.314,20.278,22.41,22.332,1003.539,93667,0,0,4117,9200,7,13,1,0,0,26,22,14,20,12,7,False,0,False
1166.2623,18.846,18.438,15.956,14.942,3.421,18,16,4,2234405,71,69,69,67,100,99,98,97,20.314,20.277,22.408,22.33,1035.469,93667,0,0,4117,9200,7,13,1,0,0,26,22,14,20,12,7,False,0,False
1166.7628,18.859,18.449,15.956,14.943,3.407,18,16,4,2225765,70,69,67,67,100,99,98,97,20.312,20.276,22.405,22.326,1068.977,93667,0,0,4117,9200,7,13,1,0,0,26,22,14,20,12,7,False,0,False
1167.2638,18.87,18.46,15.956,14.943,3.393,18,16,4,2217125,69,69,67,67,100,99,98,97,20.31,20.274,22.401,22.323,1103.844,93667,0,0,4117,9200,7,13,1,0,0,26,22,14,20,12,7,False,0,False
1167.7625,18.879,18.469,15.956,14.943,3.381,18,16,4,2213891.8,69,69,68,67,100,99,98,96,20.307,20.271,22.397,22.318,1139.719,93667,0,0,4133,9200,7,13,1,0,0,26,22,14,20,12,7,False,0,False
1168.2637,18.89,18.478,15.957,14.944,3.367,18,16,4,2205251.8,70,69,68,68,100,99,98,96,20.304,20.269,22.392,22.314,1176.586,93667,0,0,4133,9200,7,13,1,0,0,26,22,14,20,12,7,False,0,False
1170.2637,18.931,18.516,15.958,14.945,3.313,18,16,4,2176036.8,70,70,68,68,99,99,97,96,20.289,20.255,22.368,22.292,1332.234,93667,0,0,4150,9216,7,13,1,0,0,26,22,14,20,12,7,False,0,False
1171.2644,18.95,18.534,15.965,14.951,3.285,18,16,4,2163961.2,70,70,71,70,99,98,97,96,20.28,20.246,22.354,22.278,1413.211,93667,0,0,4200,9183,7,13,1,0,0,26,22,14,20,12,7,False,0,False
1171.7622,18.986,18.565,16.015,14.99,3.283,18,16,4,2195620.2,72,71,75,73,99,98,97,96,20.28,20.245,22.356,22.28,1448.055,93667,0,0,4200,9183,7,13,1,0,0,26,22,14,20,12,7,False,0,False
1172.2657,19.004,18.585,16.039,15.001,3.282,18,16,4,2222633.5,70,69,72,70,99,99,97,96,20.281,20.247,22.361,22.285,1475.477,93667,0,0,4250,9183,7,13,1,0,0,26,22,14,20,12,7,False,0,False
1172.7621,19.028,18.602,16.067,15.027,3.282,18,16,4,2246243.5,73,69,76,73,99,99,97,96,20.284,20.248,22.366,22.289,1497.797,93667,0,0,4250,9267,7,13,1,0,0,26,22,14,20,12,7,False,0,False
1173.2626,19.057,18.623,16.104,15.057,3.282,18,16,4,2263123.8,76,71,81,75,99,99,97,96,20.288,20.251,22.373,22.295,1515.789,93667,0,0,4267,9267,7,13,1,0,0,26,22,14,20,12,7,False,0,False
1173.7616,19.088,18.641,16.152,15.101,3.282,18,16,4,2274264.5,79,70,87,81,99,99,98,96,20.294,20.254,22.382,22.302,1539.055,93667,0,0,4267,9283,7,13,1,0,0,26,22,14,20,12,7,False,0,False
1174.7604,19.144,18.686,16.244,15.167,3.271,18,16,4,2286858,78,73,86,78,100,99,98,96,20.306,20.26,22.404,22.318,1581.891,93667,0,0,4167,9283,7,13,1,0,0,26,22,14,20,12,7,False,0,False
1175.2622,19.178,18.715,16.27,15.188,3.262,18,16,4,2293179.8,80,75,81,74,100,99,98,97,20.311,20.263,22.411,22.323,1599.07,93667,0,0,4050,9184,7,13,1,0,0,26,22,14,20,12,7,False,0,False
1175.7622,19.222,18.752,16.299,15.213,3.253,18,16,4,2299572.5,83,77,79,74,100,99,98,97,20.317,20.267,22.417,22.327,1617.32,93667,0,0,4050,9184,7,13,1,0,0,26,22,14,20,12,7,False,0,False
1176.2601,19.26,18.786,16.31,15.223,3.242,18,16,4,2302165.8,79,75,73,69,100,99,98,97,20.324,20.272,22.421,22.329,1638.664,93667,0,0,4050,9184,7,13,1,0,0,26,22,14,20,12,7,False,0,False
1176.7594,19.307,18.832,16.314,15.227,3.229,18,16,4,2299527.8,81,79,69,67,100,99,98,97,20.328,20.276,22.421,22.329,1662.023,93667,0,0,3967,9184,7,13,1,0,0,26,22,14,20,12,7,False,0,False
1177.2598,19.341,18.869,16.316,15.23,3.216,18,16,4,2300871.5,75,74,66,67,100,99,98,97,20.333,20.28,22.42,22.328,1687.594,93667,0,0,3967,9117,7,13,1,0,0,26,22,14,20,12,7,False,0,False
1177.7618,19.358,18.888,16.321,15.233,3.203,18,16,4,2294395.5,71,72,67,68,100,99,98,97,20.333,20.281,22.418,22.327,1715.586,93667,0,0,3966,9117,7,13,1,0,0,26,22,14,20,12,7,False,0,False
1178.2587,19.375,18.909,16.329,15.241,3.189,18,16,4,2286954.5,70,72,68,69,100,99,98,97,20.332,20.281,22.416,22.326,1745.461,93667,0,0,3966,9117,7,13,1,0,0,26,22,14,20,12,7,False,0,False
1178.7595,19.392,18.932,16.339,15.25,3.176,18,16,4,2284456.2,70,71,68,69,100,99,98,97,20.331,20.282,22.413,22.324,1777.109,93667,0,0,3983,9117,7,13,1,0,0,26,22,14,20,12,7,False,0,False
1180.757,19.562,19.074,16.563,15.453,3.15,18,16,4,2317865.2,85,73,90,88,100,99,98,97,20.334,20.284,22.418,22.328,1907.391,93667,29723,0,4016,9116,7,13,1,0,0,26,22,14,20,12,7,False,0,False
1181.2593,19.629,19.124,16.689,15.552,3.146,18,16,4,2325160.2,83,76,97,89,100,99,98,97,20.34,20.286,22.427,22.334,1937.031,93667,29723,0,3984,9116,7,13,1,0,0,26,22,14,20,12,7,False,0,False
1182.2603,19.728,19.204,16.783,15.632,3.124,18,16,4,2328032.2,74,73,73,73,100,99,98,97,20.348,20.288,22.436,22.339,1991.234,93667,29723,0,3933,9066,7,13,1,0,0,26,22,14,20,12,7,False,0,False
1182.7638,19.777,19.269,16.844,15.701,3.113,18,16,4,2332390,75,82,80,82,100,99,98,97,20.348,20.29,22.435,22.34,2021.922,93667,29723,0,3933,9066,7,13,1,0,0,26,22,14,20,12,7,False,0,False
1183.2615,19.832,19.334,16.922,15.801,3.102,18,16,4,2337222.5,78,82,83,90,100,99,98,97,20.348,20.294,22.436,22.344,2052.914,93667,29723,0,3933,9067,7,13,1,0,0,26,22,14,20,12,7,False,0,False
1183.757,19.898,19.414,16.989,15.883,3.089,18,16,4,2341424.8,79,83,80,86,100,99,98,97,20.35,20.298,22.437,22.348,2082.242,93667,29723,0,3933,9067,7,13,1,0,0,26,22,14,20,12,7,False,0,False
1184.26,19.931,19.454,17.008,15.903,3.077,18,16,4,2339710,71,73,70,72,100,99,98,97,20.349,20.299,22.434,22.348,2113,93667,29723,0,3933,9100,7,13,1,0,0,26,22,14,20,12,7,False,0,False
1184.7605,19.949,19.478,17.02,15.913,3.063,18,16,4,2331165,70,74,70,70,100,99,98,97,20.346,20.298,22.429,22.343,2145.453,93667,29723,0,3933,9100,7,13,1,0,0,26,22,14,20,12,7,False,0,False
1185.2623,19.965,19.498,17.034,15.925,3.049,18,16,4,2326851.8,71,73,72,72,100,99,98,97,20.342,20.295,22.424,22.339,2179.086,93667,29723,0,3933,9133,7,13,1,0,0,26,22,14,20,12,7,False,0,False
1185.7627,19.988,19.522,17.069,15.958,3.047,18,16,4,2354392.5,71,71,74,73,100,99,98,97,20.341,20.295,22.425,22.341,2207.812,93667,29723,0,3933,9167,7,13,1,0,0,26,22,14,20,12,7,False,0,False
1186.7573,20.029,19.554,17.11,15.999,3.046,18,16,4,2399297,74,69,77,74,100,99,98,97,20.344,20.298,22.434,22.349,2247.734,93667,29723,0,3950,9217,7,13,1,0,0,26,22,14,20,12,7,False,0,False
1187.2634,20.054,19.573,17.151,16.029,3.046,18,16,4,2415354,76,71,84,77,100,99,99,97,20.348,20.3,22.442,22.355,2261.352,93667,29723,0,3950,9217,7,13,1,0,0,26,22,14,20,12,7,False,0,False
1187.7604,20.071,19.587,17.197,16.059,3.046,18,16,4,2426169.5,75,71,92,79,100,100,99,97,20.353,20.302,22.452,22.362,2274.641,93667,29723,0,3950,9217,7,13,1,0,0,26,22,14,20,12,7,False,0,False
1188.2615,20.086,19.598,17.231,16.083,3.043,18,16,4,2431836.2,75,71,91,80,101,100,99,97,20.356,20.304,22.464,22.369,2291.477,93667,29723,0,3950,9217,7,13,1,0,0,26,22,14,20,12,7,False,0,False
1189.2634,20.118,19.623,17.26,16.107,3.034,18,16,4,2444206.2,75,70,80,73,101,100,99,98,20.364,20.308,22.48,22.38,2316.664,93667,29723,0,3683,9217,7,13,1,0,0,26,22,14,20,12,7,False,0,False
1189.7609,20.134,19.639,17.265,16.112,3.026,18,16,4,2450656.2,75,72,74,70,101,100,99,98,20.367,20.309,22.485,22.382,2330.336,93667,29723,0,3683,9133,7,13,1,0,0,26,22,14,20,12,7,False,0,False
1190.2634,20.159,19.668,17.268,16.115,3.015,18,16,4,2457043.5,76,75,70,67,101,100,99,98,20.37,20.312,22.486,22.383,2346.375,93667,29723,0,3683,9133,7,13,1,0,0,26,22,14,20,12,7,False,0,False
1190.7606,20.2,19.709,17.268,16.115,3.003,18,16,4,2464230.8,80,79,67,65,101,100,99,98,20.374,20.316,22.486,22.382,2365.844,93667,29723,0,3633,9133,7,13,1,0,0,26,22,14,20,12,7,False,0,False
1191.2585,20.223,19.734,17.268,16.116,2.99,18,16,4,2460588.5,75,74,66,66,101,100,99,98,20.378,20.32,22.485,22.381,2388.07,93667,29723,0,3550,9133,7,13,1,0,0,26,22,14,20,12,7,False,0,False
1191.7601,20.24,19.753,17.268,16.116,2.976,18,16,4,2455451.5,72,71,66,66,101,100,99,98,20.379,20.321,22.482,22.38,2413.023,93667,29723,0,3550,9067,7,13,1,0,0,26,22,14,20,12,7,False,0,False
1192.7616,20.269,19.783,17.268,16.117,2.95,18,16,4,2447568.2,70,69,67,66,101,100,99,97,20.377,20.319,22.476,22.375,2469.273,93667,29723,0,3550,9050,7,13,1,0,0,26,22,14,20,12,7,False,0,False
1193.2609,20.282,19.795,17.269,16.117,2.937,18,16,4,2445048.2,69,69,67,67,101,100,99,97,20.375,20.317,22.473,22.372,2500.102,93667,29723,0,3500,9050,7,13,1,0,0,26,22,14,20,12,7,False,0,False
1194.2559,20.306,19.825,17.277,16.124,2.91,18,16,4,2428133.5,69,70,68,69,101,100,99,97,20.37,20.314,22.464,22.366,2565.43,93667,29723,0,3500,9033,7,13,1,0,0,26,22,14,20,12,7,False,0,False
1195.7582,20.422,19.97,17.413,16.26,2.882,18,16,4,2453716.8,75,78,77,80,101,100,99,97,20.366,20.315,22.459,22.366,2670.164,93667,29723,0,3534,9050,7,13,1,0,0,26,22,14,20,12,7,False,0,False
1196.2625,20.457,20.01,17.445,16.291,2.881,18,16,4,2479355.8,75,77,76,78,101,100,99,97,20.369,20.32,22.464,22.372,2694.625,93667,29723,0,3534,9066,7,13,1,0,0,26,22,14,20,12,7,False,0,False
1196.7594,20.473,20.03,17.464,16.311,2.881,18,16,4,2501242,71,74,74,77,101,100,99,97,20.371,20.325,22.468,22.378,2713.438,93667,29723,0,3534,9066,7,13,1,0,0,26,22,14,20,12,7,False,0,False
1198.263,20.517,20.085,17.549,16.428,2.881,18,16,4,2540464.5,71,74,82,93,101,100,99,98,20.379,20.339,22.487,22.408,2757.641,93667,29723,0,3450,9033,7,13,1,0,0,26,22,14,20,12,7,False,0,False
1198.7576,20.525,20.096,17.556,16.437,2.879,18,16,4,2545122.2,70,73,77,85,101,100,99,98,20.381,20.343,22.493,22.419,2768.938,93667,29723,0,3450,9033,7,13,1,0,0,26,22,14,20,12,7,False,0,False
1199.2579,20.539,20.109,17.56,16.442,2.874,18,16,4,2548811.2,71,74,73,78,101,100,99,98,20.382,20.347,22.497,22.426,2778.859,93667,29723,0,3450,9000,7,13,1,0,0,26,22,14,20,12,7,False,0,False
1199.7601,20.554,20.121,17.56,16.442,2.866,18,16,4,2551524.8,72,73,69,72,101,100,99,98,20.385,20.35,22.499,22.431,2791.406,93667,29723,0,3367,9000,7,13,1,0,0,26,22,14,20,12,7,False,0,False
1201.2595,20.641,20.207,17.561,16.442,2.832,18,16,4,2564121.8,78,77,65,65,101,101,99,98,20.395,20.361,22.496,22.432,2845.32,93667,29723,0,3467,9000,7,13,1,0,0,26,22,14,20,12,7,False,0,False
1201.7626,20.661,20.228,17.561,16.442,2.818,18,16,4,2559583.8,73,73,65,66,101,101,99,98,20.397,20.364,22.494,22.431,2868.93,93667,29723,0,3467,9084,7,13,1,0,0,26,22,14,20,12,7,False,0,False
1202.761,20.691,20.258,17.562,16.442,2.792,18,16,4,2552612.2,70,70,67,67,101,101,99,98,20.397,20.365,22.489,22.427,2923.281,93667,29723,0,3450,9050,7,13,1,0,0,26,22,14,20,12,7,False,0,False
1203.2626,20.703,20.271,17.562,16.442,2.778,18,16,4,2544924,70,70,67,67,101,101,99,98,20.396,20.364,22.486,22.424,2953.586,93667,29723,0,3433,9050,7,13,1,0,0,26,22,14,20,12,7,False,0,False
1203.754,20.714,20.283,17.562,16.443,2.766,18,16,4,2542411,70,69,67,67,101,101,99,98,20.394,20.362,22.483,22.421,2984.57,93667,29723,0,3466,9050,7,13,1,0,0,26,22,14,20,12,7,False,0,False
1204.2592,20.726,20.294,17.562,16.443,2.751,18,16,4,2533483,70,69,68,67,101,101,99,98,20.392,20.361,22.479,22.418,3019.266,93667,29723,0,3466,9050,7,13,1,0,0,26,22,14,20,12,7,False,0,False
1205.2622,20.746,20.316,17.562,16.443,2.725,18,16,4,2521738.2,70,70,68,68,101,101,99,98,20.386,20.356,22.469,22.409,3090.344,93667,29723,0,3500,9050,7,13,1,0,0,26,22,14,20,12,7,False,0,False
1205.762,20.756,20.327,17.562,16.443,2.711,18,16,4,2513098.2,70,69,68,68,101,100,99,98,20.383,20.353,22.464,22.404,3127.383,93667,29723,0,3517,9050,7,13,1,0,0,26,22,14,20,12,7,False,0,False
1206.2605,20.765,20.337,17.562,16.443,2.697,18,16,4,2504458.2,70,70,68,68,101,100,99,98,20.38,20.35,22.458,22.399,3165.367,93667,29723,0,3517,9050,7,13,1,0,0,26,22,14,20,12,7,False,0,False
1206.7584,20.774,20.347,17.562,16.443,2.683,18,16,4,2495818.2,70,70,68,68,101,100,99,98,20.376,20.346,22.452,22.393,3204.203,93667,29723,0,3517,9050,7,13,1,0,0,26,22,14,20,12,7,False,0,False
1207.2606,20.784,20.357,17.562,16.443,2.669,18,16,4,2487178.2,70,70,68,68,101,100,99,98,20.371,20.342,22.446,22.387,3243.781,93667,29723,0,3583,9050,7,13,1,0,0,26,22,14,20,12,7,False,0,False
1207.7585,20.792,20.365,17.562,16.443,2.657,18,16,4,2483914.5,70,70,69,68,101,100,98,98,20.367,20.338,22.439,22.38,3283.953,93667,29723,0,3583,9050,7,13,1,0,0,26,22,14,20,12,7,False,0,False
1208.2612,20.802,20.373,17.562,16.443,2.643,18,16,4,2475274.5,70,70,69,68,101,100,98,97,20.362,20.333,22.431,22.373,3324.523,93667,29723,0,3616,9050,7,13,1,0,0,26,22,14,20,12,7,False,0,False
1208.7599,20.815,20.385,17.574,16.455,2.631,18,16,4,2477421.8,71,71,72,72,101,100,98,97,20.357,20.328,22.424,22.366,3365.219,93667,29723,0,3616,9050,7,13,1,0,0,26,22,14,20,12,7,False,0,False
1209.2599,20.848,20.417,17.616,16.499,2.629,18,16,4,2509171.8,72,72,76,76,101,100,98,97,20.357,20.328,22.427,22.369,3399.133,93667,29723,0,3650,9050,7,13,1,0,0,26,22,14,20,12,7,False,0,False
1209.7617,20.872,20.446,17.652,16.535,2.628,18,16,4,2535911.5,70,74,77,78,101,100,98,97,20.358,20.33,22.432,22.375,3425.141,93667,29723,0,3650,9100,7,13,1,0,0,26,22,14,20,12,7,False,0,False
1210.7577,20.936,20.538,17.763,16.668,2.622,18,16,4,2555944.8,72,83,85,87,101,100,99,98,20.364,20.342,22.447,22.396,3470.789,93667,29723,0,3683,9100,7,13,1,0,0,26,22,14,20,12,7,False,0,False
1211.7618,21.017,20.636,17.853,16.79,2.606,18,16,4,2569660.8,77,83,80,87,101,101,99,98,20.371,20.356,22.46,22.417,3518.492,93667,29723,0,3717,9150,7,13,1,0,0,26,22,14,20,12,7,False,0,False
1212.2603,21.064,20.693,17.887,16.831,2.595,18,16,4,2576067.8,78,84,77,82,101,101,99,98,20.375,20.363,22.465,22.424,3541.227,93667,29723,0,3683,9150,7,13,1,0,0,26,22,14,20,12,7,False,0,False
1212.7626,21.096,20.731,17.912,16.857,2.583,18,16,4,2580933.5,75,80,74,77,101,101,99,98,20.377,20.368,22.467,22.429,3565.305,93667,29723,0,3683,9116,7,13,1,0,0,26,22,14,20,12,7,False,0,False
1213.2598,21.14,20.782,17.944,16.89,2.57,18,16,4,2586763.8,77,81,74,77,101,101,99,98,20.379,20.372,22.469,22.432,3590.938,93667,29723,0,3683,9116,7,13,1,0,0,26,22,14,20,12,7,False,0,False
1213.7562,21.182,20.832,17.977,16.925,2.557,18,16,4,2580199.5,76,81,75,77,101,101,99,98,20.381,20.376,22.47,22.434,3618.398,93667,29723,0,3666,9066,7,13,1,0,0,26,22,14,20,12,7,False,0,False
1214.2582,21.226,20.884,18.013,16.961,2.543,18,16,4,2572869.5,75,80,74,76,101,101,99,98,20.382,20.38,22.47,22.436,3647.727,93667,29723,0,3650,9066,7,13,1,0,0,26,22,14,20,12,7,False,0,False
1214.76,21.259,20.926,18.041,16.987,2.53,18,16,4,2570405,72,77,73,74,101,101,99,98,20.382,20.382,22.47,22.436,3679.023,93667,29723,0,3650,9066,7,13,1,0,0,26,22,14,20,12,7,False,0,False
1215.2588,21.278,20.948,18.049,16.995,2.516,18,16,4,2561873.2,70,71,69,69,101,101,99,98,20.38,20.382,22.467,22.434,3711.852,93667,29723,0,3666,9000,7,13,1,0,0,26,22,14,20,12,7,False,0,False
1215.7614,21.306,20.97,18.068,17.015,2.502,18,16,4,2553233.2,73,71,73,70,101,101,99,98,20.378,20.379,22.464,22.431,3745.648,93667,29723,0,3683,9000,7,13,1,0,0,26,22,14,20,12,7,False,0,False
1216.2595,21.374,21.027,18.15,17.09,2.489,18,16,4,2544593.2,83,79,87,82,101,101,99,98,20.378,20.378,22.464,22.43,3779.812,93667,29723,0,3683,8983,7,13,1,0,0,26,22,14,20,12,7,False,0,False
1216.7577,21.482,21.119,18.272,17.199,2.475,18,16,4,2535953.2,87,82,90,84,101,101,99,98,20.383,20.38,22.468,22.432,3815.117,93667,29723,0,3683,8983,7,13,1,0,0,26,22,14,20,12,7,False,0,False
1217.2603,21.564,21.186,18.369,17.288,2.462,18,16,4,2532702.8,83,79,88,83,101,101,99,98,20.385,20.38,22.471,22.432,3851.516,93667,29723,0,3683,8983,7,13,1,0,0,26,22,14,20,12,7,False,0,False
1217.7596,21.659,21.266,18.479,17.385,2.449,18,16,4,2524062.8,84,79,87,82,101,101,99,98,20.388,20.381,22.473,22.433,3888.242,93667,29723,0,3683,8983,7,13,1,0,0,26,22,14,20,12,7,False,0,False
1218.2633,21.73,21.324,18.552,17.455,2.435,18,16,4,2515422.8,81,76,82,78,101,101,99,98,20.389,20.38,22.473,22.431,3925.039,93667,29723,0,3683,8983,7,13,1,0,0,26,22,14,20,12,7,False,0,False
1219.259,21.832,21.406,18.637,17.539,2.408,18,16,4,2498142.8,73,71,72,69,101,101,99,98,20.387,20.374,22.467,22.423,3997.719,93667,29723,0,3700,8984,7,13,1,0,0,26,22,14,20,12,7,False,0,False
1219.7592,21.847,21.418,18.646,17.548,2.396,18,16,4,2503797.5,70,70,71,70,101,101,99,98,20.381,20.368,22.461,22.416,4034.992,93667,29723,40200,3700,8984,7,13,1,0,0,26,22,14,20,12,7,False,0,False
1220.2599,21.884,21.452,18.689,17.593,2.394,18,16,4,2533862,75,72,78,76,101,101,99,98,20.381,20.367,22.463,22.418,4065.508,93667,29723,40200,3716,8967,7,13,1,0,0,26,22,14,20,12,7,False,0,False
1220.7598,21.939,21.494,18.759,17.652,2.394,18,16,4,2558068.2,82,76,87,81,101,101,99,98,20.384,20.369,22.47,22.424,4089.609,93667,29723,40200,3716,8983,7,13,1,0,0,26,22,14,20,12,7,False,0,False
1221.2589,21.976,21.52,18.799,17.685,2.394,18,16,4,2569518,78,72,83,77,101,101,99,98,20.39,20.371,22.478,22.429,4111.578,93667,29723,40200,3716,8983,7,13,1,0,0,26,22,14,20,12,7,False,0,False
1221.7551,22.008,21.544,18.855,17.729,2.394,18,16,4,2588434.2,78,73,89,80,101,101,99,98,20.393,20.372,22.485,22.434,4131.578,93667,29723,40200,3716,8983,7,13,1,0,0,26,22,14,20,12,7,False,0,False
1222.2607,22.045,21.572,18.931,17.787,2.391,18,16,4,2596335.5,81,75,96,85,101,101,99,99,20.398,20.374,22.496,22.441,4153.859,93667,29723,40200,3667,8950,7,13,1,0,0,26,22,14,20,12,7,False,0,False
1224.2544,22.176,21.697,18.985,17.834,2.346,18,16,4,2593743.8,74,73,69,67,102,101,100,99,20.412,20.383,22.511,22.448,4240.258,93667,29723,40200,3683,9000,7,13,1,0,0,26,22,14,20,12,7,False,0,False
1224.7595,22.196,21.713,18.985,17.834,2.332,18,16,4,2592755.8,72,71,67,67,102,101,100,99,20.412,20.382,22.509,22.446,4268.859,93667,29723,40200,3717,9000,7,13,1,0,0,26,22,14,20,12,7,False,0,False
1225.2615,22.214,21.727,18.985,17.835,2.319,18,16,4,2585349.2,71,70,68,67,102,101,100,99,20.41,20.38,22.506,22.443,4298.711,93667,29723,40200,3717,9000,7,13,1,0,0,26,22,14,20,12,7,False,0,False
1225.7598,22.226,21.739,18.985,17.835,2.306,18,16,4,2582653.2,70,70,68,67,101,101,100,98,20.408,20.378,22.503,22.439,4330.258,93667,29723,40200,3717,9000,7,13,1,0,0,26,22,14,20,12,7,False,0,False
1226.2563,22.237,21.75,18.985,17.835,2.292,18,16,4,2574017,70,70,68,68,101,101,99,98,20.405,20.375,22.498,22.436,4363.375,93667,29723,40200,3717,9000,7,13,1,0,0,26,22,14,20,12,7,False,0,False
1226.7605,22.248,21.761,18.985,17.835,2.278,18,16,4,2565377,70,69,68,67,101,101,99,98,20.401,20.372,22.494,22.431,4397.93,93667,29723,40200,3733,8983,7,13,1,0,0,26,22,14,20,12,7,False,0,False
1227.2616,22.259,21.771,18.985,17.835,2.265,18,16,4,2562129,69,69,67,67,101,101,99,98,20.397,20.368,22.488,22.426,4433.594,93667,29723,40200,3733,8983,7,13,1,0,0,26,22,14,20,12,7,False,0,False
1227.7604,22.269,21.781,18.985,17.835,2.252,18,16,4,2553489,69,69,68,67,101,101,99,98,20.393,20.364,22.483,22.421,4470.305,93667,29723,40200,3750,8983,7,13,1,0,0,26,22,14,20,12,7,False,0,False
1228.261,22.278,21.79,18.985,17.835,2.238,18,16,4,2544849,70,69,68,68,101,101,99,98,20.388,20.359,22.476,22.415,4508.031,93667,29723,40200,3750,8984,7,13,1,0,0,26,22,14,20,12,7,False,0,False
1229.2604,22.297,21.809,18.985,17.835,2.21,18,16,4,2527569,70,70,68,68,101,100,99,98,20.378,20.349,22.463,22.402,4586.141,93667,29723,40200,3767,8967,7,13,1,0,0,26,22,14,20,12,7,False,0,False
1229.7585,22.306,21.818,18.985,17.835,2.196,18,16,4,2518929,71,71,69,69,101,100,99,98,20.373,20.344,22.456,22.396,4626.336,93667,29723,40200,3767,8966,7,13,1,0,0,26,22,14,20,12,7,False,0,False
1230.2579,22.314,21.827,18.986,17.835,2.184,18,16,4,2515758.2,71,71,69,69,101,100,99,98,20.368,20.339,22.449,22.389,4667.086,93667,29723,40200,3767,8966,7,13,1,0,0,26,22,14,20,12,7,False,0,False
1230.7596,22.322,21.836,18.986,17.835,2.17,18,16,4,2507118.2,71,71,70,69,101,100,99,98,20.362,20.334,22.441,22.381,4708.266,93667,29723,40200,3767,8967,7,13,1,0,0,26,22,14,20,12,7,False,0,False
1231.2598,22.331,21.845,18.986,17.835,2.156,18,16,4,2498478.2,71,71,69,69,101,100,98,97,20.356,20.328,22.433,22.374,4749.867,93667,29723,40200,3767,8967,7,13,1,0,0,26,22,14,20,12,7,False,0,False
1231.7592,22.339,21.854,18.986,17.835,2.142,18,16,4,2489838.2,71,71,69,69,100,100,98,97,20.35,20.322,22.425,22.365,4791.844,93667,29723,40200,3784,8967,7,13,1,0,0,26,22,14,20,12,7,False,0,False
1232.2577,22.361,21.874,19.018,17.857,2.132,18,16,4,2499196,72,72,75,74,100,100,98,97,20.344,20.317,22.418,22.359,4833.203,93667,29723,40200,3784,8950,7,13,1,0,0,26,22,14,20,12,7,False,0,False
1233.7603,22.443,21.947,19.15,17.954,2.129,18,16,4,2575941.2,74,69,77,73,100,100,98,97,20.348,20.319,22.436,22.373,4912.812,93667,29723,40200,3767,8967,7,13,1,0,0,26,22,14,20,12,7,False,0,False
1234.2538,22.471,21.967,19.201,17.993,2.129,18,16,4,2589180.8,76,71,85,78,100,100,99,97,20.352,20.321,22.443,22.379,4929.609,93667,29723,40200,3717,8967,7,13,1,0,0,26,22,14,20,12,7,False,0,False
1234.7609,22.501,21.994,19.278,18.043,2.125,18,16,4,2596113,78,74,97,83,101,100,99,98,20.357,20.324,22.456,22.387,4955.727,93667,29723,40200,3717,8933,7,13,1,0,0,26,22,14,20,12,7,False,0,False
1235.2572,22.536,22.02,19.315,18.071,2.12,18,16,4,2602676,80,74,89,79,101,100,99,98,20.362,20.327,22.467,22.394,4972.695,93667,29723,40200,3717,8933,7,13,1,0,0,26,22,14,20,12,7,False,0,False
1235.753,22.56,22.041,19.33,18.084,2.112,18,16,4,2607442,77,73,79,73,101,100,99,98,20.367,20.33,22.475,22.399,4990.531,93667,29723,40200,3616,8933,7,13,1,0,0,26,22,14,20,12,7,False,0,False
1236.2595,22.592,22.073,19.337,18.09,2.099,18,16,4,2604519.8,76,75,72,68,101,100,99,98,20.371,20.333,22.478,22.401,5011.523,93667,29723,40200,3616,8833,7,13,1,0,0,26,22,14,20,12,7,False,0,False
1236.7548,22.627,22.108,19.349,18.103,2.086,18,16,4,2600133,78,76,72,69,101,100,99,98,20.374,20.335,22.48,22.401,5033.258,93667,29723,40200,3616,8833,7,13,1,0,0,26,22,14,20,12,7,False,0,False
1237.2601,22.663,22.141,19.362,18.115,2.073,18,16,4,2599785.2,75,73,70,68,101,100,99,98,20.378,20.338,22.481,22.402,5059.242,93667,29723,40200,3617,8867,7,13,1,0,0,26,22,14,20,12,7,False,0,False
1237.7585,22.68,22.156,19.362,18.116,2.059,18,16,4,2593100,71,70,68,67,101,100,99,98,20.378,20.338,22.48,22.401,5087.375,93667,29723,40200,3617,8867,7,13,1,0,0,26,22,14,20,12,7,False,0,False
1238.259,22.692,22.169,19.362,18.116,2.046,18,16,4,2590891.8,70,69,67,67,101,100,99,98,20.377,20.337,22.477,22.399,5117.719,93667,29723,40200,3600,8866,7,13,1,0,0,26,22,14,20,12,7,False,0,False
1238.7582,22.703,22.18,19.362,18.116,2.033,18,16,4,2582507.2,70,69,67,68,101,100,99,98,20.375,20.335,22.474,22.397,5149.656,93667,29723,40200,3600,8866,7,13,1,0,0,26,22,14,20,12,7,False,0,False
1239.7582,22.724,22.201,19.362,18.116,2.005,18,16,4,2567952.5,70,69,68,68,101,100,99,98,20.371,20.331,22.467,22.391,5218.156,93667,29723,40200,3634,8900,7,13,1,0,0,26,22,14,20,12,7,False,0,False
1240.2534,22.733,22.21,19.362,18.116,1.993,18,16,4,2562274.8,70,70,68,68,101,100,99,98,20.368,20.329,22.463,22.387,5252.93,93667,29723,40200,3666,8900,7,13,1,0,0,26,22,14,20,12,7,False,0,False
1240.7576,22.743,22.22,19.363,18.116,1.978,18,16,4,2553346.8,70,70,68,68,101,100,99,98,20.365,20.325,22.458,22.382,5291.18,93667,29723,40200,3666,8916,7,13,1,0,0,26,22,14,20,12,7,False,0,False
1241.7582,22.762,22.239,19.363,18.116,1.951,18,16,4,2536066.8,70,70,68,68,101,100,99,97,20.357,20.318,22.447,22.372,5367.953,93667,29723,40200,3717,8934,7,13,1,0,0,26,22,14,20,12,7,False,0,False
1242.2545,22.771,22.248,19.363,18.116,1.937,18,16,4,2527714.8,70,70,69,68,100,100,99,97,20.353,20.314,22.441,22.367,5406.125,93667,29723,40200,3717,8950,7,13,1,0,0,26,22,14,20,12,7,False,0,False
1242.755,22.78,22.257,19.363,18.116,1.924,18,16,5,2519074.8,70,70,68,68,100,100,98,97,20.348,20.31,22.434,22.36,37.438,92830,0,0,3717,8950,7,14,1,0,0,26,22,14,20,12,7,False,0,False
1243.2595,22.789,22.265,19.363,18.116,1.91,18,16,5,2515580.2,70,70,68,68,100,100,98,97,20.343,20.305,22.427,22.354,79.453,92830,0,0,3767,8950,7,14,1,0,0,26,22,14,20,12,7,False,0,False
1243.7587,22.798,22.274,19.363,18.116,1.897,18,16,5,2506940.2,70,70,69,68,100,99,98,97,20.337,20.3,22.42,22.347,120.5,92830,0,0,3783,8950,7,14,1,0,0,26,22,14,20,12,7,False,0,False
1244.2493,22.806,22.282,19.363,18.116,1.883,18,16,5,2498588.2,71,71,69,69,100,99,98,97,20.332,20.295,22.412,22.339,160.594,92830,0,0,3817,8967,7,14,1,0,0,26,22,14,20,12,7,False,0,False
1244.7555,22.815,22.291,19.363,18.116,1.87,18,16,5,2489948.2,70,70,69,68,100,99,98,97,20.326,20.289,22.404,22.332,202.453,92830,0,0,3850,8967,7,14,1,0,0,26,22,14,20,12,7,False,0,False
1245.2559,22.824,22.299,19.363,18.116,1.855,18,16,5,2481020.2,69,69,67,67,100,99,98,97,20.32,20.283,22.395,22.323,246.07,92830,0,0,3866,8967,7,14,1,0,0,26,22,14,20,12,7,False,0,False
1245.7578,22.833,22.308,19.363,18.116,1.841,18,16,5,2472380.2,71,70,69,69,100,99,98,96,20.313,20.277,22.387,22.315,288.57,92830,0,0,3866,8967,7,14,1,0,0,26,22,14,20,12,7,False,0,False
1246.7556,22.85,22.325,19.363,18.116,1.814,18,16,5,2455388.2,70,70,68,68,99,99,97,96,20.3,20.264,22.369,22.298,372.945,92830,0,0,3916,8966,7,14,1,0,0,26,22,14,20,12,7,False,0,False
1247.2592,22.859,22.334,19.363,18.116,1.8,18,16,5,2446460.2,71,71,69,69,99,99,97,96,20.292,20.257,22.359,22.289,417.602,92830,0,0,4000,8966,7,14,1,0,0,26,22,14,20,12,7,False,0,False
1248.2593,22.877,22.351,19.363,18.116,1.772,18,16,5,2429180.2,70,70,68,68,99,98,97,96,20.277,20.242,22.34,22.27,504.523,92830,0,0,4000,8966,7,14,1,0,0,26,22,14,20,12,7,False,0,False
1248.7512,22.886,22.359,19.363,18.116,1.759,18,16,5,2420828.2,70,70,69,68,99,98,97,96,20.27,20.235,22.33,22.261,546.742,92830,0,0,4000,8950,7,14,1,0,0,26,22,14,20,12,7,False,0,False
1249.757,22.926,22.399,19.401,18.157,1.739,18,16,5,2440298.2,72,72,75,74,99,98,96,95,20.257,20.222,22.317,22.248,632.117,92830,0,0,4117,8966,7,14,1,0,0,26,22,14,20,12,7,False,0,False
1250.2585,22.958,22.43,19.435,18.191,1.739,18,16,5,2470902.2,71,71,73,73,99,98,97,95,20.257,20.223,22.322,22.254,662.891,92830,0,0,4117,8966,7,14,1,0,0,26,22,14,20,12,7,False,0,False
1251.2573,22.983,22.454,19.451,18.206,1.738,18,16,5,2515789.5,68,67,69,68,99,98,97,96,20.261,20.228,22.332,22.264,705.156,92830,0,0,4117,9000,7,14,1,0,0,26,22,14,20,12,7,False,0,False
1251.7571,23.001,22.468,19.477,18.227,1.738,18,16,5,2532166.5,71,68,76,72,99,98,97,96,20.264,20.23,22.338,22.27,719.484,92830,0,0,4066,9000,7,14,1,0,0,26,22,14,20,12,7,False,0,False
1252.2583,23.02,22.481,19.516,18.257,1.738,18,16,5,2543607,73,69,84,77,99,98,97,96,20.268,20.232,22.347,22.277,730.398,92830,0,0,4066,9100,7,14,1,0,0,26,22,14,20,12,7,False,0,False
1252.7563,23.031,22.492,19.571,18.285,1.735,18,16,5,2549960.8,72,70,95,79,99,98,97,96,20.272,20.235,22.36,22.285,748.273,92830,0,0,4066,9100,7,14,1,0,0,26,22,14,20,12,7,False,0,False
1253.2596,23.05,22.506,19.598,18.305,1.732,18,16,5,2555323.2,75,71,91,78,99,98,97,96,20.276,20.238,22.374,22.293,763.172,92830,0,0,4066,9100,7,14,1,0,0,26,22,14,20,12,7,False,0,False
1253.7557,23.066,22.519,19.61,18.314,1.728,18,16,5,2560802.5,75,71,84,74,99,98,98,96,20.281,20.242,22.385,22.3,773.469,92830,0,0,4066,9000,7,14,1,0,0,26,22,14,20,12,7,False,0,False
1254.2545,23.078,22.531,19.614,18.318,1.722,18,16,5,2567185.5,74,70,76,70,99,98,98,96,20.285,20.244,22.392,22.305,785.945,92830,0,0,3783,9000,7,14,1,0,0,26,22,14,20,12,7,False,0,False
1254.7568,23.09,22.546,19.615,18.319,1.713,18,16,5,2572611.8,72,71,70,67,99,99,98,96,20.289,20.247,22.396,22.308,801.125,92830,0,0,3783,9000,7,14,1,0,0,26,22,14,20,12,7,False,0,False
1255.2583,23.105,22.561,19.626,18.333,1.706,18,16,5,2582029.5,71,71,69,71,99,99,98,96,20.291,20.249,22.398,22.31,818.125,92830,0,0,3783,8900,7,14,1,0,0,26,22,14,20,12,7,False,0,False
1255.7563,23.127,22.588,19.644,18.357,1.698,18,16,5,2588336.5,73,75,71,75,99,99,98,96,20.294,20.252,22.4,22.314,837.359,92830,0,0,3633,8900,7,14,1,0,0,26,22,14,20,12,7,False,0,False
1256.2605,23.151,22.616,19.661,18.376,1.689,18,16,5,2594773,73,77,72,74,99,99,98,96,20.296,20.257,22.402,22.318,862.977,92830,0,0,3633,8900,7,14,1,0,0,26,22,14,20,12,7,False,0,False
1257.7577,23.255,22.722,19.683,18.397,1.652,18,16,5,2588736.2,73,72,67,67,100,99,98,97,20.305,20.27,22.402,22.321,932.859,92830,0,0,3633,8900,7,14,1,0,0,26,22,14,20,12,7,False,0,False
1258.2573,23.279,22.747,19.688,18.401,1.638,18,16,5,2544339.2,73,72,69,67,100,99,98,97,20.306,20.271,22.4,22.32,962.773,92830,0,0,3667,8900,7,14,1,0,0,26,22,14,20,12,7,False,0,False
1258.7582,23.305,22.77,19.696,18.411,1.624,18,16,5,2493053.2,73,71,70,68,100,99,98,96,20.307,20.271,22.399,22.318,993.445,92830,0,0,3667,8967,7,14,1,0,0,26,22,14,20,12,7,False,0,False
1259.2546,23.337,22.796,19.709,18.425,1.612,18,16,5,2444280,73,71,70,68,100,99,98,96,20.307,20.271,22.397,22.316,1024.18,92830,0,0,3684,8967,7,14,1,0,0,26,22,14,20,12,7,False,0,False
1259.7543,23.361,22.816,19.715,18.432,1.598,18,16,5,2386665,71,70,69,67,100,99,98,96,20.307,20.27,22.395,22.314,1057.961,92830,0,0,3700,8967,7,14,1,0,0,26,22,14,20,12,7,False,0,False
1260.2577,23.375,22.83,19.715,18.432,1.585,18,16,5,2339208.5,68,68,67,67,100,99,98,96,20.305,20.268,22.391,22.31,1094.555,92830,0,0,3700,8950,7,14,1,0,0,26,22,14,20,12,7,False,0,False
1260.7561,23.387,22.84,19.715,18.432,1.571,18,16,5,2330568.5,70,69,68,67,100,99,98,96,20.303,20.266,22.386,22.306,1131.031,92830,0,0,3717,8950,7,14,1,0,0,26,22,14,20,12,7,False,0,False
1261.257,23.398,22.85,19.715,18.432,1.557,18,16,5,2321928.5,70,69,68,68,99,99,98,96,20.3,20.263,22.381,22.301,1168.453,92830,0,0,3733,8933,7,14,1,0,0,26,22,14,20,12,7,False,0,False
1261.7574,23.408,22.86,19.715,18.432,1.543,18,16,5,2313288.5,70,70,68,68,99,99,97,96,20.296,20.26,22.376,22.296,1206.742,92830,0,0,3733,8933,7,14,1,0,0,26,22,14,20,12,7,False,0,False
1262.2574,23.418,22.869,19.715,18.432,1.53,18,16,5,2304648.5,70,70,68,68,99,99,97,96,20.293,20.257,22.37,22.291,1245.797,92830,0,0,3733,8950,7,14,1,0,0,26,22,14,20,12,7,False,0,False
1262.7578,23.428,22.878,19.715,18.432,1.516,18,16,5,2296008.5,70,70,68,68,99,99,97,96,20.289,20.253,22.364,22.285,1285.516,92830,0,0,3817,8950,7,14,1,0,0,26,22,14,20,12,7,False,0,False
1263.2556,23.437,22.887,19.715,18.432,1.504,18,16,5,2293027.5,70,70,68,68,99,99,97,96,20.284,20.249,22.357,22.279,1324.383,92830,0,0,3817,8983,7,14,1,0,0,26,22,14,20,12,7,False,0,False
1263.754,23.446,22.897,19.717,18.433,1.49,18,16,5,2284387.5,70,70,68,68,99,98,97,96,20.28,20.244,22.35,22.272,1364.977,92830,0,0,3900,8983,7,14,1,0,0,26,22,14,20,12,7,False,0,False
1264.2545,23.455,22.906,19.717,18.433,1.476,18,16,5,2275747.5,70,70,68,68,99,98,97,96,20.274,20.24,22.343,22.265,1405.984,92830,0,0,3900,9000,7,14,1,0,0,26,22,14,20,12,7,False,0,False
1264.7554,23.487,22.935,19.766,18.474,1.471,18,16,5,2304054,72,72,76,74,99,98,97,96,20.273,20.238,22.343,22.265,1443.133,92830,0,0,3900,9033,7,14,1,0,0,26,22,14,20,12,7,False,0,False
1265.2582,23.514,22.96,19.782,18.496,1.471,18,16,5,2333915.5,71,70,71,71,99,98,97,96,20.275,20.24,22.347,22.27,1473.25,92830,0,0,3900,9033,7,14,1,0,0,26,22,14,20,12,7,False,0,False
1265.7578,23.54,22.98,19.81,18.524,1.47,18,16,5,2358140,74,69,76,74,99,98,97,96,20.277,20.242,22.352,22.275,1496.664,92830,0,0,3950,9067,7,14,1,0,0,26,22,14,20,12,7,False,0,False
1266.2562,23.584,23.013,19.877,18.575,1.47,18,16,5,2377761.2,81,74,89,81,99,98,97,96,20.283,20.245,22.361,22.283,1514.961,92830,0,0,3950,9067,7,14,1,0,0,26,22,14,20,12,7,False,0,False
1266.756,23.617,23.034,19.94,18.632,1.469,18,16,5,2386967.8,81,72,93,87,99,99,97,96,20.291,20.25,22.374,22.293,1535.203,92830,0,0,3866,9066,7,14,1,0,0,26,22,14,20,12,7,False,0,False
1267.2585,23.645,23.056,19.995,18.671,1.464,18,16,5,2393238.8,79,73,92,83,99,99,98,96,20.298,20.254,22.387,22.303,1561.031,92830,0,0,3866,9066,7,14,1,0,0,26,22,14,20,12,7,False,0,False
1267.7565,23.675,23.081,20.037,18.702,1.458,18,16,5,2399525.5,79,74,90,80,100,99,98,96,20.304,20.257,22.398,22.311,1578.797,92830,0,0,3866,9000,7,14,1,0,0,26,22,14,20,12,7,False,0,False
1268.2587,23.706,23.106,20.06,18.721,1.451,18,16,5,2405824,79,74,82,75,100,99,98,96,20.31,20.261,22.407,22.317,1596.266,92830,0,0,3817,9000,7,14,1,0,0,26,22,14,20,12,7,False,0,False
1268.755,23.732,23.131,20.074,18.733,1.442,18,16,5,2410560.5,77,73,76,71,100,99,98,97,20.314,20.264,22.412,22.321,1613.531,92830,0,0,3817,9000,7,14,1,0,0,26,22,14,20,12,7,False,0,False
1269.7543,23.807,23.204,20.087,18.747,1.417,18,16,5,2408379.2,81,78,69,68,100,99,98,97,20.323,20.27,22.415,22.323,1658.359,92830,0,0,3817,8933,7,14,1,0,0,26,22,14,20,12,7,False,0,False
1270.2589,23.861,23.258,20.09,18.749,1.404,18,16,5,2411314,81,81,65,66,100,99,98,97,20.327,20.274,22.414,22.322,1685.008,92830,0,0,3717,8933,7,14,1,0,0,26,22,14,20,12,7,False,0,False
1270.756,23.891,23.29,20.097,18.757,1.39,18,16,5,2405590.5,75,74,67,69,100,99,98,97,20.33,20.277,22.412,22.321,1712.938,92830,0,0,3717,8933,7,14,1,0,0,26,22,14,20,12,7,False,0,False
1271.2589,23.909,23.313,20.105,18.764,1.376,18,16,5,2398276.2,71,72,68,69,100,99,98,97,20.331,20.279,22.41,22.321,1742.57,92830,0,0,3666,8933,7,14,1,0,0,26,22,14,20,12,7,False,0,False
1271.7587,23.924,23.332,20.112,18.77,1.363,18,16,5,2395646.2,69,71,68,68,100,99,98,97,20.329,20.279,22.408,22.319,1773.945,92830,0,0,3666,8933,7,14,1,0,0,26,22,14,20,12,7,False,0,False
1272.7579,23.965,23.383,20.138,18.795,1.337,18,16,5,2384818,70,72,69,70,100,99,98,96,20.326,20.278,22.402,22.315,1843.492,92830,29935,0,3700,8883,7,14,1,0,0,26,22,14,20,12,7,False,0,False
1273.2596,24.005,23.413,20.185,18.839,1.337,18,16,5,2413737.8,76,72,79,74,100,99,98,96,20.326,20.278,22.403,22.315,1874.195,92830,29935,0,3750,8883,7,14,1,0,0,26,22,14,20,12,7,False,0,False
1274.2488,24.143,23.523,20.393,19.01,1.331,18,16,5,2448289.8,88,81,101,90,100,99,98,97,20.34,20.287,22.422,22.329,1927.773,92830,29935,0,3717,8900,7,14,1,0,0,26,22,14,20,12,7,False,0,False
1274.7551,24.196,23.566,20.442,19.051,1.322,18,16,5,2453608.2,83,78,86,79,100,99,98,97,20.347,20.291,22.432,22.336,1952.828,92830,29935,0,3717,8900,7,14,1,0,0,26,22,14,20,12,7,False,0,False
1275.2545,24.224,23.59,20.454,19.062,1.31,18,16,5,2451742.5,75,71,73,71,100,99,98,97,20.351,20.294,22.435,22.338,1977.867,92830,29935,0,3717,8900,7,14,1,0,0,26,22,14,20,12,7,False,0,False
1275.7563,24.273,23.644,20.495,19.114,1.297,18,16,5,2449526.5,79,81,76,81,100,99,98,97,20.353,20.296,22.435,22.34,2005.883,92830,29935,0,3784,8984,7,14,1,0,0,26,22,14,20,12,7,False,0,False
1276.2582,24.404,23.791,20.567,19.211,1.285,18,16,5,2454328.8,96,100,81,91,101,100,98,97,20.36,20.305,22.437,22.346,2035.344,92830,29935,0,3784,8984,7,14,1,0,0,26,22,14,20,12,7,False,0,False
1276.756,24.643,24.06,20.637,19.291,1.275,18,16,5,2459879.2,118,122,80,84,101,100,99,97,20.377,20.325,22.441,22.354,2064.188,92830,29935,0,3784,9050,7,14,1,0,0,26,22,14,20,12,7,False,0,False
1277.2584,24.762,24.199,20.663,19.314,1.263,18,16,5,2460386,86,90,73,75,101,100,99,97,20.394,20.345,22.441,22.355,2091.422,92830,29935,0,3784,9050,7,14,1,0,0,26,22,14,20,12,7,False,0,False
1277.7589,24.785,24.225,20.673,19.323,1.249,18,16,5,2453259,72,74,69,70,101,100,98,97,20.395,20.348,22.438,22.354,2120.648,92830,29935,0,3833,9133,7,14,1,0,0,26,22,14,20,12,7,False,0,False
1278.2559,24.801,24.244,20.678,19.328,1.237,18,16,5,2450759.5,70,72,69,68,101,100,98,97,20.393,20.347,22.434,22.35,2151.617,92830,29935,0,3833,9233,7,14,1,0,0,26,22,14,20,12,7,False,0,False
1278.7549,24.814,24.257,20.684,19.333,1.224,18,16,5,2447614.2,71,71,70,69,101,100,98,97,20.39,20.345,22.43,22.346,2182.914,92830,29935,0,3833,9233,7,14,1,0,0,26,22,14,20,12,7,False,0,False
1279.2544,24.857,24.287,20.722,19.386,1.222,18,16,5,2474683.8,76,73,76,78,101,100,98,97,20.39,20.345,22.432,22.349,2210.312,92830,29935,0,4016,9333,7,14,1,0,0,26,22,14,20,12,7,False,0,False
1279.7535,24.878,24.304,20.735,19.4,1.222,18,16,5,2498110.5,73,70,73,73,101,100,98,97,20.393,20.347,22.437,22.354,2231.008,92830,29935,0,4016,9400,7,14,1,0,0,26,22,14,20,12,7,False,0,False
1280.2588,24.893,24.313,20.75,19.417,1.222,18,16,5,2517987,73,68,74,74,101,100,99,97,20.395,20.348,22.441,22.359,2248.25,92830,29935,0,4016,9400,7,14,1,0,0,26,22,14,20,12,7,False,0,False
1280.7551,24.914,24.33,20.79,19.447,1.222,18,16,5,2530280.5,75,70,83,77,101,100,99,97,20.398,20.349,22.448,22.365,2260.297,92830,29935,0,4016,9400,7,14,1,0,0,26,22,14,20,12,7,False,0,False
1281.2568,24.932,24.344,20.819,19.465,1.221,18,16,5,2536683.8,75,71,84,75,101,100,99,97,20.402,20.35,22.456,22.371,2274.312,92830,29935,0,4016,9400,7,14,1,0,0,26,22,14,20,12,7,False,0,False
1282.2576,24.969,24.372,20.893,19.519,1.217,18,16,5,2548767,77,71,89,80,102,100,99,98,20.409,20.354,22.476,22.382,2306.273,92830,29935,0,3917,9400,7,14,1,0,0,26,22,14,20,12,7,False,0,False
1282.7533,24.988,24.387,20.91,19.532,1.212,18,16,5,2554856.5,77,72,84,76,102,101,99,98,20.413,20.355,22.484,22.387,2317.82,92830,29935,0,3917,9400,7,14,1,0,0,26,22,14,20,12,7,False,0,False
1283.2543,25.013,24.414,20.916,19.538,1.204,18,16,5,2560524.8,79,77,77,71,102,101,99,98,20.417,20.357,22.489,22.39,2331.102,92830,29935,0,3917,9400,7,14,1,0,0,26,22,14,20,12,7,False,0,False
1283.7576,25.049,24.45,20.92,19.541,1.194,18,16,5,2568370.5,80,79,71,68,102,101,99,98,20.422,20.362,22.492,22.391,2347.219,92830,29935,0,3816,9400,7,14,1,0,0,26,22,14,20,12,7,False,0,False
1284.7545,25.115,24.521,20.921,19.544,1.17,18,16,5,2577358.5,80,79,67,66,102,101,99,98,20.43,20.37,22.49,22.389,2386.688,92830,29935,0,3816,9316,7,14,1,0,0,26,22,14,20,12,7,False,0,False
1285.2559,25.134,24.543,20.921,19.544,1.156,18,16,5,2572607.2,74,73,66,66,102,101,99,98,20.432,20.372,22.488,22.388,2410.773,92830,29935,0,3817,9316,7,14,1,0,0,26,22,14,20,12,7,False,0,False
1285.7559,25.151,24.56,20.921,19.544,1.144,18,16,5,2572348,71,70,66,66,102,101,99,98,20.431,20.372,22.485,22.386,2437.289,92830,29935,0,3817,9316,7,14,1,0,0,26,22,14,20,12,7,False,0,False
1286.7513,25.178,24.588,20.921,19.544,1.117,18,16,5,2563233.5,70,69,67,66,102,101,99,98,20.428,20.369,22.477,22.38,2496.32,92830,29935,0,3817,9317,7,14,1,0,0,26,22,14,20,12,7,False,0,False
1287.2568,25.191,24.602,20.923,19.545,1.103,18,16,5,2554502.8,69,70,67,67,102,101,99,97,20.424,20.366,22.473,22.376,2529.461,92830,29935,0,3817,9333,7,14,1,0,0,26,22,14,20,12,7,False,0,False
1287.757,25.205,24.62,20.931,19.552,1.089,18,16,5,2545862.8,70,71,68,69,102,101,99,97,20.421,20.364,22.468,22.372,2563.156,92830,29935,0,3817,9350,7,14,1,0,0,26,22,14,20,12,7,False,0,False
1288.2561,25.233,24.656,20.957,19.578,1.075,18,16,5,2537222.8,72,75,71,73,102,101,99,97,20.418,20.362,22.464,22.37,2597.867,92830,29935,0,3850,9350,7,14,1,0,0,26,22,14,20,12,7,False,0,False
1288.7554,25.268,24.7,20.996,19.617,1.063,18,16,5,2536113,73,76,73,76,102,101,99,97,20.416,20.362,22.461,22.368,2632.242,92830,29935,0,3850,9384,7,14,1,0,0,26,22,14,20,12,7,False,0,False
1289.2568,25.318,24.761,21.061,19.678,1.059,18,16,5,2564211.2,77,79,79,82,102,101,99,97,20.416,20.364,22.462,22.37,2668.086,92830,29935,0,3850,9384,7,14,1,0,0,26,22,14,20,12,7,False,0,False
1290.2573,25.374,24.829,21.119,19.738,1.057,18,16,5,2612169,72,76,75,78,102,101,99,98,20.42,20.373,22.471,22.383,2713.57,92830,29935,0,3767,9400,7,14,1,0,0,26,22,14,20,12,7,False,0,False
1290.7588,25.397,24.859,21.148,19.774,1.057,18,16,5,2630843.5,73,78,77,82,102,101,99,98,20.423,20.378,22.477,22.391,2729.914,92830,29935,0,3767,9333,7,14,1,0,0,26,22,14,20,12,7,False,0,False
1291.2551,25.421,24.886,21.174,19.813,1.057,18,16,5,2645242,76,79,78,88,102,101,99,98,20.426,20.384,22.482,22.4,2742.172,92830,29935,0,3767,9333,7,14,1,0,0,26,22,14,20,12,7,False,0,False
1291.7551,25.432,24.901,21.203,19.849,1.057,18,16,5,2655870.5,73,77,82,91,102,101,99,98,20.43,20.39,22.489,22.412,2758.289,92830,29935,0,3767,9333,7,14,1,0,0,26,22,14,20,12,7,False,0,False
1292.2561,25.443,24.914,21.22,19.872,1.055,18,16,5,2660722.2,72,76,80,89,102,101,99,98,20.432,20.395,22.496,22.424,2767.914,92830,29935,0,3767,9250,7,14,1,0,0,26,22,14,20,12,7,False,0,False
1292.7511,25.453,24.926,21.223,19.876,1.051,18,16,5,2665337.8,71,75,74,81,102,101,100,98,20.434,20.399,22.501,22.432,2776.711,92830,29935,0,3600,9250,7,14,1,0,0,26,22,14,20,12,7,False,0,False
1293.2554,25.465,24.936,21.224,19.877,1.044,18,16,5,2667644.5,71,73,70,74,102,101,100,98,20.435,20.402,22.504,22.437,2788.453,92830,29935,0,3600,9250,7,14,1,0,0,26,22,14,20,12,7,False,0,False
1293.7577,25.487,24.956,21.224,19.877,1.035,18,16,5,2670886.8,75,75,67,69,102,101,100,99,20.437,20.405,22.504,22.44,2803.227,92830,29935,0,3600,9250,7,14,1,0,0,26,22,14,20,12,7,False,0,False
1294.7565,25.594,25.063,21.224,19.877,1.011,18,16,5,2676616.8,89,88,65,65,102,102,100,99,20.449,20.417,22.502,22.44,2839.953,92830,29935,0,3833,9516,7,14,1,0,0,26,22,14,20,12,7,False,0,False
1295.256,25.638,25.105,21.224,19.877,0.997,18,16,5,2650688.5,81,80,65,65,102,102,100,98,20.456,20.424,22.5,22.438,2862.609,92830,29935,0,3833,9516,7,14,1,0,0,26,22,14,20,12,7,False,0,False
1295.7555,25.661,25.128,21.224,19.877,0.985,18,16,5,2621090.5,74,74,66,66,102,102,99,98,20.458,20.427,22.498,22.437,2887.25,92830,29935,0,3783,9500,7,14,1,0,0,26,22,14,20,12,7,False,0,False
1296.2535,25.68,25.148,21.224,19.877,0.971,18,16,5,2577068.5,72,72,67,67,102,102,99,98,20.458,20.427,22.495,22.435,2915.227,92830,29935,0,3783,9500,7,14,1,0,0,26,22,14,20,12,7,False,0,False
1296.7528,25.697,25.165,21.224,19.877,0.958,18,16,5,2531304.8,71,71,67,67,102,102,99,98,20.457,20.427,22.492,22.432,2945.508,92830,29935,0,3783,9500,7,14,1,0,0,26,22,14,20,12,7,False,0,False
1297.2565,25.713,25.182,21.224,19.877,0.944,18,16,5,2472676.5,71,70,67,67,102,102,99,98,20.456,20.425,22.489,22.429,2979.055,92830,29935,0,3767,9484,7,14,1,0,0,26,22,14,20,12,7,False,0,False
1297.7551,25.728,25.198,21.224,19.877,0.931,18,16,5,2416982,71,71,68,68,102,102,99,98,20.454,20.424,22.485,22.426,3012.281,92830,29935,0,3750,9484,7,14,1,0,0,26,22,14,20,12,7,False,0,False
1298.2523,25.741,25.213,21.224,19.877,0.918,18,16,5,2364986.2,71,71,68,68,102,102,99,98,20.451,20.421,22.481,22.422,3048.172,92830,29935,0,3750,9483,7,14,1,0,0,26,22,14,20,12,7,False,0,False
1298.7559,25.754,25.228,21.224,19.877,0.904,18,16,5,2307371.2,71,71,68,68,102,102,99,98,20.448,20.419,22.476,22.418,3085.398,92830,29935,0,3750,9467,7,14,1,0,0,26,22,14,20,12,7,False,0,False
1299.2551,25.767,25.242,21.224,19.877,0.89,18,16,5,2249756.2,72,71,68,68,102,102,99,98,20.445,20.416,22.471,22.413,3123.891,92830,29935,0,3750,9467,7,14,1,0,0,26,22,14,20,12,7,False,0,False
1299.7551,25.78,25.256,21.224,19.877,0.877,18,16,5,2192141.2,71,71,69,68,102,102,99,98,20.441,20.413,22.465,22.408,3163.492,92830,29935,0,3750,9467,7,14,1,0,0,26,22,14,20,12,7,False,0,False
1300.2534,25.792,25.269,21.224,19.877,0.863,18,16,5,2141056.2,71,71,69,68,102,102,99,98,20.437,20.409,22.459,22.402,3204.062,92830,29935,0,3767,9450,7,14,1,0,0,26,22,14,20,12,7,False,0,False
1301.2556,25.81,25.288,21.224,19.877,0.836,18,16,5,2129268.5,71,71,69,68,102,101,99,98,20.428,20.4,22.446,22.389,3286.602,92830,29935,0,3767,9466,7,14,1,0,0,26,22,14,20,12,7,False,0,False
1301.753,25.82,25.297,21.224,19.877,0.822,18,16,5,2120628.5,71,71,69,69,102,101,98,98,20.422,20.395,22.438,22.382,3328.453,92830,29935,0,3800,9466,7,14,1,0,0,26,22,14,20,12,7,False,0,False
1302.258,25.837,25.314,21.245,19.898,0.812,18,16,5,2129068.5,72,72,73,73,102,101,98,97,20.417,20.39,22.432,22.376,3371.242,92830,29935,0,3800,9466,7,14,1,0,0,26,22,14,20,12,7,False,0,False
1302.7567,25.872,25.352,21.296,19.944,0.81,18,16,5,2160151.8,73,74,77,77,102,101,98,98,20.417,20.39,22.436,22.38,3404.766,92830,29935,0,3834,9450,7,14,1,0,0,26,22,14,20,12,7,False,0,False
1303.2565,25.899,25.387,21.331,19.981,0.809,18,16,5,2185905.2,71,76,76,78,102,101,99,98,20.418,20.394,22.441,22.386,3431.164,92830,29935,0,3834,9466,7,14,1,0,0,26,22,14,20,12,7,False,0,False
1304.2538,25.959,25.477,21.44,20.11,0.808,18,16,5,2212652,75,84,86,94,102,101,99,98,20.421,20.404,22.454,22.404,3479.812,92830,29935,0,3850,9466,7,14,1,0,0,26,22,14,20,12,7,False,0,False
1304.7562,25.998,25.524,21.5,20.191,0.802,18,16,5,2219966.8,77,83,85,93,102,102,99,98,20.425,20.411,22.463,22.418,3503.156,92830,29935,0,3800,9466,7,14,1,0,0,26,22,14,20,12,7,False,0,False
1305.2565,26.028,25.561,21.531,20.23,0.794,18,16,5,2226716,75,80,78,85,102,102,99,98,20.428,20.417,22.469,22.428,3524.109,92830,29935,0,3817,9467,7,14,1,0,0,26,22,14,20,12,7,False,0,False
1305.7572,26.06,25.601,21.56,20.263,0.784,18,16,5,2233187.5,75,80,76,80,102,102,99,98,20.43,20.422,22.473,22.434,3545.734,92830,29935,0,3817,9467,7,14,1,0,0,26,22,14,20,12,7,False,0,False
1306.257,26.091,25.638,21.583,20.288,0.772,18,16,5,2239389.8,74,79,74,77,102,102,99,98,20.432,20.426,22.475,22.438,3568.625,92830,29935,0,3817,9467,7,14,1,0,0,26,22,14,20,12,7,False,0,False
1307.2548,26.152,25.708,21.621,20.326,0.747,18,16,5,2241221,74,77,71,73,102,102,99,99,20.433,20.431,22.476,22.441,3618.984,92830,29935,0,3867,9500,7,14,1,0,0,26,22,14,20,12,7,False,0,False
1308.257,26.22,25.789,21.672,20.374,0.72,18,16,5,2231630.5,73,78,73,73,102,102,99,99,20.431,20.434,22.474,22.441,3679.266,92830,29935,0,3900,9534,7,14,1,0,0,26,22,14,20,12,7,False,0,False
1308.7548,26.243,25.818,21.684,20.385,0.707,18,16,5,2223536,70,73,69,69,102,102,99,99,20.43,20.434,22.472,22.44,3710.258,92830,29935,0,3917,9550,7,14,1,0,0,26,22,14,20,12,7,False,0,False
1309.2554,26.269,25.84,21.703,20.404,0.693,18,16,5,2214896,74,72,74,71,102,102,99,98,20.427,20.432,22.469,22.437,3743.594,92830,29935,0,3917,9550,7,14,1,0,0,26,22,14,20,12,7,False,0,False
1309.7556,26.324,25.885,21.752,20.451,0.679,18,16,5,2206256,79,75,79,75,102,102,99,98,20.427,20.43,22.468,22.434,3778.211,92830,29935,0,3967,9600,7,14,1,0,0,26,22,14,20,12,7,False,0,False
1310.2577,26.404,25.952,21.847,20.54,0.665,18,16,5,2197328,85,80,89,84,102,102,99,98,20.429,20.43,22.469,22.434,3815.609,92830,29935,0,3967,9600,7,14,1,0,0,26,22,14,20,12,7,False,0,False
1310.758,26.521,26.051,21.988,20.663,0.652,18,16,5,2194099.8,88,83,94,87,102,102,99,98,20.433,20.432,22.474,22.436,3852.281,92830,29935,0,4016,9616,7,14,1,0,0,26,22,14,20,12,7,False,0,False
1311.257,26.611,26.126,22.093,20.758,0.639,18,16,5,2185459.8,83,79,87,82,102,102,99,98,20.436,20.432,22.477,22.437,3888.617,92830,29935,0,4016,9633,7,14,1,0,0,26,22,14,20,12,7,False,0,False
1311.7554,26.706,26.207,22.205,20.858,0.626,18,16,5,2177107.8,86,81,89,83,102,102,99,98,20.438,20.432,22.479,22.437,3923.32,92830,29935,0,4016,9650,7,14,1,0,0,26,22,14,20,12,7,False,0,False
1312.2542,26.794,26.281,22.317,20.958,0.612,18,16,5,2168467.8,84,80,90,84,102,102,99,98,20.44,20.431,22.48,22.437,3958.273,92830,29935,0,4034,9650,7,14,1,0,0,26,22,14,20,12,7,False,0,False
1312.7557,26.877,26.351,22.381,21.016,0.599,18,16,5,2159827.8,77,74,75,73,102,102,99,98,20.441,20.431,22.48,22.435,3993.93,92830,29935,0,4034,9700,7,14,1,0,0,26,22,14,20,12,7,False,0,False
1314.2516,26.99,26.449,22.524,21.147,0.581,18,16,5,2208901.8,84,77,92,86,102,102,99,98,20.436,20.423,22.479,22.433,4088.727,92830,29935,40695,4134,9750,7,14,1,0,0,26,22,14,20,12,7,False,0,False
1314.7528,27.053,26.496,22.632,21.232,0.581,18,16,5,2230017.2,85,78,101,91,102,102,99,99,20.443,20.427,22.492,22.442,4110.438,92830,29935,40695,4134,9750,7,14,1,0,0,26,22,14,20,12,7,False,0,False
1315.2543,27.085,26.52,22.723,21.301,0.579,18,16,5,2241238.5,80,74,103,91,102,102,100,99,20.448,20.429,22.506,22.452,4130.008,92830,29935,40695,4066,9683,7,14,1,0,0,26,22,14,20,12,7,False,0,False
1316.2546,27.16,26.582,22.849,21.392,0.566,18,16,5,2254756.2,81,76,91,81,102,102,100,99,20.456,20.433,22.531,22.467,4171.836,92830,29935,40695,4066,9683,7,14,1,0,0,26,22,14,20,12,7,False,0,False
1316.7523,27.193,26.608,22.88,21.418,0.558,18,16,5,2261441.8,79,74,83,76,102,102,100,99,20.459,20.434,22.537,22.47,4191.766,92830,29935,40695,4100,9733,7,14,1,0,0,26,22,14,20,12,7,False,0,False
1317.2501,27.228,26.642,22.893,21.429,0.546,18,16,5,2261711.8,79,78,75,70,102,102,100,99,20.461,20.434,22.54,22.471,4213.195,92830,29935,40695,4100,9733,7,14,1,0,0,26,22,14,20,12,7,False,0,False
1318.2544,27.278,26.693,22.897,21.434,0.52,18,16,5,2242553.5,72,72,67,67,102,102,100,99,20.462,20.434,22.536,22.467,4264.711,92830,29935,40695,4133,9783,7,14,1,0,0,26,22,14,20,12,7,False,0,False
1318.7567,27.296,26.712,22.897,21.434,0.505,18,16,5,2192459.8,71,71,67,67,102,102,100,99,20.46,20.432,22.532,22.463,4295.258,92830,29935,40695,4150,9783,7,14,1,0,0,26,22,14,20,12,7,False,0,False
1319.2571,27.312,26.728,22.897,21.434,0.493,18,16,5,2143025,71,71,68,67,102,102,100,99,20.457,20.43,22.528,22.459,4326.945,92830,29935,40695,4150,9800,7,14,1,0,0,26,22,14,20,12,7,False,0,False
1319.7555,27.327,26.742,22.897,21.434,0.479,18,16,5,2087330.5,71,71,68,68,102,102,100,99,20.454,20.427,22.524,22.455,4359.422,92830,29935,40695,4150,9800,7,14,1,0,0,26,22,14,20,12,7,False,0,False
1320.2551,27.34,26.756,22.897,21.434,0.466,18,16,5,2035229.4,70,70,68,67,102,102,100,99,20.45,20.423,22.518,22.45,4394.672,92830,29935,40695,4150,9800,7,14,1,0,0,26,22,14,20,12,7,False,0,False
1320.7528,27.354,26.769,22.897,21.434,0.453,18,16,5,1977614.4,70,70,68,67,102,102,100,99,20.446,20.419,22.513,22.445,4431.297,92830,29935,40695,4150,9800,7,14,1,0,0,26,22,14,20,12,7,False,0,False
1322.2573,27.392,26.808,22.897,21.434,0.411,18,16,5,1802848.9,70,70,68,68,102,101,99,98,20.431,20.404,22.493,22.426,4550.117,92830,29935,40695,4166,9800,7,14,1,0,0,26,22,14,20,12,7,False,0,False
1322.7543,27.4,26.816,22.897,21.434,0.398,18,16,5,1796779.9,70,70,69,68,102,101,99,98,20.425,20.399,22.486,22.419,4589.688,92830,29935,40695,4166,9784,7,14,1,0,0,26,22,14,20,12,7,False,0,False
1323.2537,27.409,26.825,22.897,21.434,0.385,18,16,5,1788136.1,71,71,69,69,102,101,99,98,20.419,20.393,22.478,22.412,4631.117,92830,29935,40695,4166,9767,7,14,1,0,0,26,22,14,20,12,7,False,0,False
1323.7532,27.417,26.835,22.897,21.434,0.371,18,16,5,1779492.4,72,72,70,69,102,101,99,98,20.413,20.387,22.47,22.405,4673,92830,29935,40695,4167,9767,7,14,1,0,0,26,22,14,20,12,7,False,0,False
1324.253,27.426,26.844,22.897,21.434,0.357,18,16,5,1770848.6,71,72,69,69,101,101,99,98,20.407,20.381,22.462,22.397,4715.273,92830,29935,40695,4167,9767,7,14,1,0,0,26,22,14,20,12,7,False,0,False
1324.7498,27.434,26.853,22.897,21.434,0.343,18,16,5,1762204.9,72,71,70,69,101,101,99,98,20.4,20.375,22.454,22.389,4757.867,92830,29935,40695,4167,9750,7,14,1,0,0,26,22,14,20,12,7,False,0,False
1325.2567,27.444,26.862,22.897,21.434,0.329,18,16,5,1753273,71,71,69,69,101,101,99,98,20.393,20.368,22.445,22.38,4802.172,92830,29935,40695,4167,9750,7,14,1,0,0,26,22,14,20,12,7,False,0,False
1326.2538,27.507,26.928,23.024,21.513,0.321,18,16,5,1807579.4,72,72,81,74,101,101,99,98,20.39,20.365,22.449,22.382,4872.016,92830,29935,40695,4183,9733,7,14,1,0,0,26,22,14,20,12,7,False,0,False
1326.754,27.524,26.942,23.04,21.529,0.32,18,16,5,1833630.1,70,69,76,71,101,101,99,98,20.391,20.366,22.455,22.387,4896.172,92830,29935,40695,4183,9733,7,14,1,0,0,26,22,14,20,12,7,False,0,False
1327.2539,27.562,26.97,23.102,21.579,0.32,18,16,5,1855033.5,78,73,88,80,101,101,99,98,20.394,20.367,22.463,22.394,4915.805,92830,29935,40695,4167,9767,7,14,1,0,0,26,22,14,20,12,7,False,0,False
1327.7556,27.596,26.995,23.18,21.637,0.319,18,16,5,1864367.9,78,73,96,85,101,101,99,98,20.4,20.37,22.476,22.403,4932.891,92830,29935,40695,4167,9767,7,14,1,0,0,26,22,14,20,12,7,False,0,False
1328.2535,27.621,27.015,23.238,21.675,0.314,18,16,5,1872387.8,78,74,96,83,101,101,99,98,20.404,20.373,22.49,22.412,4957.367,92830,29935,40695,4134,9767,7,14,1,0,0,26,22,14,20,12,7,False,0,False
1328.7479,27.655,27.042,23.263,21.695,0.308,18,16,5,1880431.1,79,74,85,76,102,101,100,98,20.409,20.376,22.5,22.419,4974.469,92830,29935,40695,4134,9767,7,14,1,0,0,26,22,14,20,12,7,False,0,False
1329.2534,27.676,27.06,23.276,21.706,0.298,18,16,5,1888358.2,76,73,76,71,102,101,100,98,20.413,20.378,22.506,22.422,4993.398,92830,29935,40695,4034,9767,7,14,1,0,0,26,22,14,20,12,7,False,0,False
1329.7513,27.701,27.084,23.286,21.716,0.286,18,16,5,1895759.2,75,73,72,69,102,101,100,98,20.416,20.379,22.509,22.424,5013.875,92830,29935,40695,4034,9684,7,14,1,0,0,26,22,14,20,12,7,False,0,False
1330.2551,27.742,27.125,23.297,21.727,0.274,18,16,5,1897409.9,79,77,72,68,102,101,100,98,20.419,20.382,22.51,22.424,5036.242,92830,29935,40695,4034,9684,7,14,1,0,0,26,22,14,20,12,7,False,0,False
1331.2535,27.8,27.181,23.308,21.738,0.247,18,16,5,1828799.8,72,72,68,67,102,101,100,98,20.423,20.385,22.51,22.423,5090.07,92830,29935,40695,4050,9716,7,14,1,0,0,26,22,14,20,12,7,False,0,False
1331.7524,27.817,27.198,23.308,21.738,0.234,18,16,5,1781743.8,71,70,67,68,102,101,100,98,20.422,20.384,22.507,22.421,5120.984,92830,29935,40695,4050,9716,7,14,1,0,0,26,22,14,20,12,7,False,0,False
1332.2538,27.832,27.215,23.308,21.738,0.22,18,16,5,1724446,71,71,68,68,102,101,100,98,20.421,20.383,22.504,22.419,5153.828,92830,29935,40695,4050,9717,7,14,1,0,0,26,22,14,20,12,7,False,0,False
1332.7518,27.847,27.229,23.308,21.738,0.206,18,16,5,1666831,71,71,68,68,102,101,100,98,20.419,20.381,22.5,22.416,5188.547,92830,29935,40695,4033,9717,7,14,1,0,0,26,22,14,20,12,7,False,0,False
1333.254,27.859,27.242,23.308,21.738,0.194,18,16,5,1614854.2,71,70,68,68,102,101,99,98,20.416,20.379,22.496,22.413,5224.789,92830,29935,40695,4016,9700,7,14,1,0,0,26,22,14,20,12,7,False,0,False
1333.7522,27.873,27.255,23.308,21.738,0.18,18,16,5,1557239.2,70,70,68,68,102,101,99,98,20.413,20.376,22.492,22.409,5262.359,92830,29935,40695,4000,9700,7,14,1,0,0,26,22,14,20,12,7,False,0,False
