Timestamp,tyre_wear_rear_left,tyre_wear_rear_right,tyre_wear_front_left,tyre_wear_front_right,fuel_in_tank,actual_tyre_compound,visual_tyre_compound,tyres_age_laps,ers_store_energy,tyre_surface_temp_rear_left,tyre_surface_temp_rear_right,tyre_surface_temp_front_left,tyre_surface_temp_front_right,tyre_inner_temp_rear_left,tyre_inner_temp_rear_right,tyre_inner_temp_front_left,tyre_inner_temp_front_right,tyre_pressure_rear_left,tyre_pressure_rear_right,tyre_pressure_front_left,tyre_pressure_front_right,lap_distance,last_lap_ms,sector_1_ms,sector_2_ms,delta_in_front_ms,delta_leader_ms,car_position,current_lap,num_pit_stops,pit_timer_active,pit_timer_ms,track_temp,air_temp,total_laps,pit_rejoin_position,starting_position,finishing_position,dnf,penalties_time,fastest_lap
0,0,0,0,0,25.575,18,16,0,4000000,56,56,58,58,95,95,97,97,20.078,20.078,22.328,22.328,187.862,0,0,0,0,0,8,1,0,0,0,28,23,14,20,8,3,FALSE,0,FALSE
0.35737824,0,0,0,0,25.574,18,16,0,4000000,56,56,58,58,95,95,96,96,20.061,20.061,22.314,22.314,187.862,0,0,0,0,0,8,1,0,0,0,28,23,14,20,8,3,FALSE,0,FALSE
0.85528576,0.022,0.022,0,0,25.572,18,16,0,4000000,64,64,57,57,95,95,96,96,20.043,20.043,22.297,22.297,188.599,0,0,0,0,0,8,1,0,0,0,28,23,14,20,8,3,FALSE,0,FALSE
1.3570786,0.028,0.028,0,0,25.569,18,16,0,4000000,65,65,57,57,94,94,96,96,20.027,20.027,22.279,22.279,190.847,0,0,0,0,0,8,1,0,0,0,28,23,14,20,8,3,FALSE,0,FALSE
1.8541214,0.035,0.035,0,0,25.566,18,16,0,4000000,66,66,58,58,94,94,96,96,20.011,20.011,22.262,22.262,194.984,0,0,0,0,0,8,1,0,0,0,28,23,14,20,8,3,FALSE,0,FALSE
2.3578713,0.042,0.042,0,0,25.562,18,16,0,4000000,67,67,59,59,94,94,95,95,19.996,19.996,22.246,22.246,201.226,0,0,0,0,0,8,1,0,0,0,28,23,14,20,8,3,FALSE,0,FALSE
2.858,0.067,0.069,0,0,25.555,18,16,0,4000000,74,74,60,60,94,94,95,95,19.983,19.983,22.229,22.229,209.859,0,0,0,0,0,8,1,0,0,0,28,23,14,20,8,3,FALSE,0,FALSE
3.3526947,0.09,0.093,0,0,25.548,18,16,0,4000000,75,76,61,61,93,93,95,95,19.973,19.973,22.214,22.214,220.885,0,0,0,0,0,8,1,0,0,0,28,23,14,20,8,3,FALSE,0,FALSE
3.8546832,0.116,0.118,0,0,25.538,18,16,0,3999985.5,77,77,62,62,93,93,95,95,19.963,19.963,22.199,22.199,234.626,0,0,0,0,0,8,1,0,0,0,28,23,14,20,8,3,FALSE,0,FALSE
4.3556027,0.178,0.181,0,0,25.526,18,16,0,3999940.5,89,89,63,63,93,93,94,94,19.955,19.955,22.184,22.184,251.07,0,0,0,0,0,7,1,0,0,0,28,23,14,20,8,3,FALSE,0,FALSE
4.85493,0.241,0.246,0,0,25.514,18,16,0,3999916.8,84,84,63,63,93,93,94,94,19.952,19.953,22.17,22.17,270.338,0,0,0,933,3166,7,1,0,0,0,28,23,14,20,8,3,FALSE,0,FALSE
5.353408,0.261,0.265,0,0,25.502,18,16,0,3996855.2,73,74,64,64,93,93,94,94,19.943,19.944,22.156,22.156,292.185,0,0,0,933,3166,7,1,0,0,0,28,23,14,20,8,3,FALSE,0,FALSE
5.85521,0.28,0.284,0.001,0.001,25.488,18,16,0,3991871,70,70,65,64,93,93,94,94,19.931,19.932,22.143,22.143,316.818,0,0,0,333,2033,7,1,0,0,0,28,23,14,20,8,3,FALSE,0,FALSE
6.3530755,0.294,0.299,0.001,0.001,25.476,18,16,0,3991375,68,69,65,65,92,92,93,93,19.918,19.919,22.13,22.13,343.914,0,0,0,333,2033,8,1,0,0,0,28,23,14,20,8,3,FALSE,0,FALSE
6.8570414,0.307,0.312,0.001,0.001,25.462,18,16,0,3984243,68,68,65,65,92,92,93,93,19.905,19.906,22.117,22.117,373.174,0,0,0,333,1400,8,1,0,0,0,28,23,14,20,8,3,FALSE,0,FALSE
7.3521533,0.319,0.323,0.001,0.001,25.449,18,16,0,3981768.8,68,67,65,66,92,92,93,93,19.892,19.892,22.104,22.104,404.351,0,0,0,65520,1400,8,1,0,0,0,28,23,14,20,8,3,FALSE,0,FALSE
7.854298,0.329,0.335,0.001,0.001,25.435,18,16,0,3973170,68,68,66,66,92,92,93,93,19.878,19.879,22.092,22.092,437.13,0,0,0,17,1184,8,1,0,0,0,28,23,14,20,8,3,FALSE,0,FALSE
8.3541,0.34,0.345,0.001,0.001,25.421,18,16,0,3964530,68,68,66,66,92,92,93,93,19.865,19.866,22.08,22.08,471.442,0,0,0,17,1084,8,1,0,0,0,28,23,14,20,8,3,FALSE,0,FALSE
8.857533,0.349,0.354,0.001,0.001,25.408,18,16,0,3958684.2,68,67,66,66,91,91,92,92,19.852,19.853,22.067,22.068,507.099,0,0,0,50,1084,8,1,0,0,0,28,23,14,20,8,3,FALSE,0,FALSE
9.354124,0.359,0.364,0.001,0.001,25.395,18,16,0,3952786.2,68,68,66,66,91,91,92,92,19.839,19.84,22.055,22.056,543.786,0,0,0,83,1033,8,1,0,0,0,28,23,14,20,8,3,FALSE,0,FALSE
9.856922,0.369,0.373,0.001,0.001,25.381,18,16,0,3944146.2,69,69,67,67,91,91,92,92,19.826,19.827,22.044,22.044,581.532,0,0,0,83,1000,8,1,0,0,0,28,23,14,20,8,3,FALSE,0,FALSE
10.355683,0.383,0.386,0.013,0.013,25.369,18,16,0,3946435.5,69,70,71,70,91,91,92,92,19.814,19.815,22.033,22.033,619.826,0,0,0,100,1000,8,1,0,0,0,28,23,14,20,8,3,FALSE,0,FALSE
10.858068,0.424,0.423,0.053,0.056,25.367,18,16,0,3977374.5,72,71,73,73,91,91,92,92,19.811,19.812,22.035,22.035,651.582,0,0,0,150,1033,8,1,0,0,0,28,23,14,20,8,3,FALSE,0,FALSE
11.356408,0.457,0.454,0.074,0.076,25.366,18,16,0,4000000,73,72,72,72,91,91,92,92,19.814,19.815,22.041,22.041,675.229,0,0,0,150,1033,8,1,0,0,0,28,23,14,20,8,3,FALSE,0,FALSE
11.852394,0.466,0.464,0.078,0.08,25.365,18,16,0,4000000,68,68,68,68,91,91,92,92,19.818,19.819,22.047,22.047,692.939,0,0,0,150,1033,8,1,0,0,0,28,23,14,20,8,3,FALSE,0,FALSE
12.355234,0.469,0.467,0.08,0.082,25.365,18,16,0,4000000,66,66,66,66,91,91,92,92,19.821,19.822,22.052,22.052,707.003,0,0,0,166,1033,8,1,0,0,0,28,23,14,20,8,3,FALSE,0,FALSE
12.856944,0.473,0.469,0.085,0.087,25.365,18,16,0,4000000,65,64,67,66,91,91,92,92,19.823,19.824,22.057,22.056,718.519,0,0,0,166,1366,8,1,0,0,0,28,23,14,20,8,3,FALSE,0,FALSE
13.359606,0.483,0.477,0.101,0.098,25.365,18,16,0,4000000,67,65,71,67,91,91,92,92,19.825,19.826,22.062,22.061,728.032,0,0,0,166,1366,8,1,0,0,0,28,23,14,20,8,3,FALSE,0,FALSE
13.856252,0.493,0.484,0.115,0.108,25.364,18,16,0,4000000,68,66,73,68,91,91,92,92,19.829,19.828,22.069,22.066,738.265,0,0,0,166,1366,8,1,0,0,0,28,23,14,20,8,3,FALSE,0,FALSE
14.354847,0.503,0.492,0.139,0.124,25.363,18,16,0,4000000,69,67,78,70,91,91,92,92,19.833,19.83,22.076,22.071,754.112,0,0,0,183,1366,8,1,0,0,0,28,23,14,20,8,3,FALSE,0,FALSE
14.856458,0.516,0.503,0.159,0.136,25.361,18,16,0,4000000,71,68,79,70,91,91,93,92,19.837,19.833,22.085,22.076,764.537,0,0,0,183,1366,8,1,0,0,0,28,23,14,20,8,3,FALSE,0,FALSE
15.353914,0.524,0.511,0.161,0.138,25.356,18,16,0,4000000,69,67,73,67,91,91,93,93,19.84,19.835,22.092,22.08,775.194,0,0,0,183,1767,7,1,0,0,0,28,23,14,20,8,3,FALSE,0,FALSE
15.854415,0.532,0.521,0.163,0.14,25.349,18,16,0,3999999.5,69,68,69,66,91,91,93,93,19.844,19.838,22.097,22.083,788.031,0,0,0,183,1767,7,1,0,0,0,28,23,14,20,8,3,FALSE,0,FALSE
16.355206,0.547,0.538,0.164,0.142,25.339,18,16,0,3999964.2,71,70,66,65,91,91,93,93,19.847,19.841,22.1,22.085,803.328,0,0,0,684,1767,7,1,0,0,0,28,23,14,20,8,3,FALSE,0,FALSE
16.85466,0.563,0.556,0.171,0.15,25.329,18,16,0,3999946,70,71,66,68,91,91,93,93,19.851,19.845,22.101,22.087,821.201,0,0,0,684,1767,7,1,0,0,0,28,23,14,20,8,3,FALSE,0,FALSE
17.357092,0.579,0.579,0.189,0.166,25.323,18,16,0,3999951,70,75,71,71,91,91,93,93,19.853,19.848,22.103,22.089,844.303,0,0,0,684,1767,7,1,0,0,0,28,23,14,20,8,3,FALSE,0,FALSE
17.856285,0.612,0.617,0.211,0.196,25.315,18,16,0,3999932.5,73,78,71,75,91,91,93,93,19.857,19.854,22.106,22.094,867.814,0,0,0,383,1650,7,1,0,0,0,28,23,14,20,8,3,FALSE,0,FALSE
18.355639,0.629,0.638,0.224,0.208,25.305,18,16,0,3999898.8,69,73,69,71,91,91,93,93,19.86,19.859,22.108,22.097,888.383,0,0,0,383,1650,7,1,0,0,0,28,23,14,20,8,3,FALSE,0,FALSE
18.855053,0.659,0.671,0.236,0.221,25.292,18,16,0,3997408,72,74,67,70,91,91,93,93,19.863,19.863,22.109,22.099,911.531,0,0,0,367,1584,7,1,0,0,0,28,23,14,20,8,3,FALSE,0,FALSE
19.354994,0.678,0.692,0.239,0.223,25.279,18,16,0,3997435.2,70,71,67,67,92,92,93,93,19.865,19.866,22.108,22.099,937.677,0,0,0,367,1566,7,1,0,0,0,28,23,14,20,8,3,FALSE,0,FALSE
19.858122,0.708,0.719,0.255,0.238,25.266,18,16,0,3990980,73,71,70,68,92,92,93,93,19.867,19.868,22.108,22.098,967.154,0,0,0,250,1566,7,1,0,0,0,28,23,14,20,8,3,FALSE,0,FALSE
20.353447,0.733,0.74,0.264,0.248,25.252,18,16,0,3983619.2,71,68,68,67,92,92,93,93,19.869,19.869,22.108,22.097,996.916,0,0,0,250,1550,7,1,0,0,0,28,23,14,20,8,3,FALSE,0,FALSE
20.855236,0.755,0.757,0.272,0.257,25.239,18,16,0,3980999,70,68,68,67,92,92,93,93,19.87,19.869,22.106,22.095,1028.054,0,0,0,216,1550,7,1,0,0,0,28,23,14,20,8,3,FALSE,0,FALSE
21.352867,0.77,0.769,0.274,0.26,25.225,18,16,0,3972376.8,68,67,66,65,92,92,93,93,19.87,19.868,22.104,22.093,1060.959,0,0,0,216,1534,7,1,0,0,0,28,23,14,20,8,3,FALSE,0,FALSE
21.854557,0.783,0.781,0.275,0.261,25.212,18,16,0,3963736.8,67,67,66,66,92,92,93,93,19.869,19.867,22.101,22.089,1095.401,0,0,0,200,1534,7,1,0,0,0,28,23,14,20,8,3,FALSE,0,FALSE
22.353035,0.794,0.79,0.275,0.261,25.199,18,16,0,3960497.8,68,68,66,66,92,92,93,93,19.868,19.866,22.097,22.085,1131.046,0,0,0,216,1533,7,1,0,0,0,28,23,14,20,8,3,FALSE,0,FALSE
22.85005,0.804,0.8,0.275,0.261,25.185,18,16,0,3951857.8,68,68,66,66,92,91,93,93,19.866,19.864,22.093,22.081,1167.803,0,0,0,216,1533,7,1,0,0,0,28,23,14,20,8,3,FALSE,0,FALSE
23.355726,0.814,0.809,0.275,0.261,25.171,18,16,0,3943217.8,68,68,66,66,91,91,93,92,19.864,19.862,22.089,22.077,1205.638,0,0,0,216,1533,7,1,0,0,0,28,23,14,20,8,3,FALSE,0,FALSE
23.858618,0.823,0.819,0.275,0.261,25.157,18,16,0,3934577.8,68,68,67,66,91,91,93,92,19.861,19.86,22.084,22.072,1244.457,0,0,0,250,1550,7,1,0,0,0,28,23,14,20,8,3,FALSE,0,FALSE
24.35797,0.831,0.828,0.275,0.261,25.144,18,16,0,3925937.8,68,68,67,67,91,91,93,92,19.859,19.857,22.079,22.067,1284.142,0,0,0,267,1550,7,1,0,0,0,28,23,14,20,8,3,FALSE,0,FALSE
24.855694,0.84,0.836,0.275,0.261,25.13,18,16,0,3917297.8,68,68,67,66,91,91,92,92,19.856,19.855,22.073,22.061,1324.601,0,0,0,0,1550,8,1,0,0,0,28,23,14,20,8,3,FALSE,0,FALSE
25.350317,0.848,0.845,0.275,0.261,25.117,18,16,0,3914138,68,68,67,67,91,91,92,92,19.852,19.852,22.067,22.055,1365.626,0,0,0,0,1567,8,1,0,0,0,28,23,14,20,8,3,FALSE,0,FALSE
25.857067,0.857,0.853,0.275,0.261,25.103,18,16,0,3907039.5,68,68,67,67,91,91,92,92,19.849,19.848,22.061,22.049,1407.222,0,0,0,34,1567,8,1,0,0,0,28,23,14,20,8,3,FALSE,0,FALSE
26.357754,0.897,0.886,0.331,0.305,25.1,18,16,0,3939789,71,70,75,73,91,91,92,92,19.85,19.849,22.063,22.051,1444.2,0,0,0,34,1584,8,1,0,0,0,28,23,14,20,8,3,FALSE,0,FALSE
26.85377,0.938,0.931,0.404,0.333,25.098,18,16,0,3967788.8,72,72,78,71,91,91,92,92,19.856,19.855,22.073,22.058,1472.628,0,0,0,50,1584,8,1,0,0,0,28,23,14,20,8,3,FALSE,0,FALSE
27.349173,0.952,0.942,0.413,0.342,25.098,18,16,0,3993693.5,69,67,71,68,91,91,93,92,19.862,19.861,22.081,22.064,1495.284,0,0,0,50,1584,8,1,0,0,0,28,23,14,20,8,3,FALSE,0,FALSE
27.855247,0.967,0.952,0.432,0.36,25.098,18,16,0,4000000,70,67,74,70,92,92,93,92,19.868,19.865,22.087,22.07,1513.863,0,0,0,317,1650,7,1,0,0,0,28,23,14,20,8,3,FALSE,0,FALSE
28.355955,0.999,0.972,0.475,0.4,25.098,18,16,0,4000000,77,70,81,77,92,92,93,93,19.876,19.87,22.097,22.078,1530.83,0,0,0,317,1650,7,1,0,0,0,28,23,14,20,8,3,FALSE,0,FALSE
28.858215,1.039,1.004,0.524,0.433,25.095,18,16,0,4000000,81,74,87,79,92,92,93,93,19.887,19.878,22.109,22.088,1551.798,0,0,0,317,1650,8,1,0,0,0,28,23,14,20,8,3,FALSE,0,FALSE
29.355057,1.059,1.019,0.552,0.453,25.089,18,16,0,4000000,77,72,83,75,92,92,93,93,19.897,19.885,22.12,22.096,1568.502,0,0,0,317,1717,7,1,0,0,0,28,23,14,20,8,3,FALSE,0,FALSE
29.855135,1.081,1.038,0.578,0.472,25.083,18,16,0,4000000,76,71,81,73,92,92,93,93,19.906,19.892,22.13,22.103,1584.436,0,0,0,317,1717,7,1,0,0,0,28,23,14,20,8,3,FALSE,0,FALSE
30.354626,1.128,1.08,0.593,0.485,25.074,18,16,0,4000000,82,78,76,70,92,92,93,93,19.915,19.899,22.138,22.109,1600.769,0,0,0,317,1983,7,1,0,0,0,28,23,14,20,8,3,FALSE,0,FALSE
30.852922,1.152,1.104,0.598,0.49,25.063,18,16,0,4000000,75,73,70,67,93,92,94,93,19.925,19.907,22.143,22.112,1619.279,0,0,0,366,1983,7,1,0,0,0,28,23,14,20,8,3,FALSE,0,FALSE
31.355202,1.172,1.122,0.603,0.495,25.053,18,16,0,3999621.2,72,70,68,66,93,92,94,93,19.931,19.913,22.146,22.114,1640.732,0,0,0,366,2033,7,1,0,0,0,28,23,14,20,8,3,FALSE,0,FALSE
31.84977,1.217,1.162,0.605,0.498,25.039,18,16,0,3996809.8,76,76,67,65,93,92,94,93,19.936,19.919,22.148,22.116,1664.343,0,0,0,366,2033,7,1,0,0,0,28,23,14,20,8,3,FALSE,0,FALSE
32.352867,1.241,1.184,0.605,0.498,25.027,18,16,0,3996043.5,71,70,64,64,93,93,94,93,19.94,19.924,22.148,22.116,1690.331,0,0,0,250,2033,7,1,0,0,0,28,23,14,20,8,3,FALSE,0,FALSE
32.851257,1.259,1.203,0.607,0.499,25.013,18,16,0,3989526.8,69,69,66,66,93,93,94,93,19.944,19.928,22.148,22.115,1718.609,0,0,0,250,2067,7,1,0,0,0,28,23,14,20,8,3,FALSE,0,FALSE
33.355217,1.277,1.225,0.618,0.51,24.999,18,16,0,3981969,69,71,67,69,93,93,94,93,19.946,19.93,22.147,22.116,1748.742,0,0,0,217,2067,7,1,0,0,0,28,23,14,20,8,3,FALSE,0,FALSE
33.857098,1.297,1.251,0.632,0.522,24.986,18,16,0,3979177.2,68,70,67,69,93,93,94,93,19.948,19.934,22.146,22.116,1780.524,0,0,0,200,2100,7,1,0,0,0,28,23,14,20,8,3,FALSE,0,FALSE
34.355003,1.316,1.277,0.646,0.536,24.972,18,16,0,3970537.2,69,72,69,69,93,93,94,93,19.949,19.936,22.145,22.116,1814.918,0,34186,0,200,2116,7,1,0,0,0,28,23,14,20,8,3,FALSE,0,FALSE
34.852825,1.339,1.303,0.668,0.553,24.967,18,16,0,3988054.8,70,70,71,70,93,93,94,93,19.95,19.939,22.145,22.115,1849.605,0,34186,0,216,2116,7,1,0,0,0,28,23,14,20,8,3,FALSE,0,FALSE
35.355423,1.377,1.331,0.714,0.595,24.966,18,16,0,4000000,74,70,79,75,93,93,94,93,19.955,19.942,22.149,22.118,1877.892,0,34186,0,216,2167,7,1,0,0,0,28,23,14,20,8,3,FALSE,0,FALSE
35.853992,1.434,1.373,0.816,0.676,24.966,18,16,0,4000000,80,74,92,84,93,93,94,93,19.962,19.947,22.159,22.125,1905.007,0,34186,0,234,2167,7,1,0,0,0,28,23,14,20,8,3,FALSE,0,FALSE
36.35482,1.501,1.411,0.9,0.763,24.963,18,16,0,4000000,86,74,92,89,93,93,94,93,19.973,19.953,22.17,22.135,1931.279,0,34186,0,234,2217,7,1,0,0,0,28,23,14,20,8,3,FALSE,0,FALSE
36.85633,1.542,1.44,0.943,0.796,24.957,18,16,0,4000000,77,71,82,77,94,93,94,94,19.982,19.958,22.179,22.143,1955.731,0,34186,0,250,2217,7,1,0,0,0,28,23,14,20,8,3,FALSE,0,FALSE
37.356678,1.558,1.455,0.953,0.807,24.946,18,16,0,4000000,70,69,71,71,94,93,94,94,19.987,19.961,22.183,22.145,1979.899,0,34186,0,250,2333,7,1,0,0,0,28,23,14,20,8,3,FALSE,0,FALSE
37.85662,1.589,1.492,0.977,0.837,24.935,18,16,0,4000000,71,73,69,73,94,93,94,94,19.99,19.965,22.184,22.148,2005.302,0,34186,0,200,2333,7,1,0,0,0,28,23,14,20,8,3,FALSE,0,FALSE
38.35686,1.618,1.527,1.008,0.875,24.924,18,16,0,3999847.2,71,74,72,78,94,93,94,94,19.993,19.969,22.184,22.15,2034.138,0,34186,0,200,2333,7,1,0,0,0,28,23,14,20,8,3,FALSE,0,FALSE
38.853344,1.661,1.581,1.063,0.942,24.914,18,16,0,3999889.8,74,78,76,83,94,94,94,94,19.996,19.974,22.185,22.154,2063.711,0,34186,0,217,2517,7,1,0,0,0,28,23,14,20,8,3,FALSE,0,FALSE
39.353767,1.702,1.634,1.112,1,24.905,18,16,0,3998616.2,73,78,75,80,94,94,94,94,19.999,19.98,22.187,22.159,2091.879,0,34186,0,217,2517,7,1,0,0,0,28,23,14,20,8,3,FALSE,0,FALSE
39.85633,1.73,1.668,1.124,1.013,24.891,18,16,0,3991358,70,71,69,70,94,94,94,94,20.002,19.984,22.187,22.16,2121.35,0,34186,0,200,2517,7,1,0,0,0,28,23,14,20,8,3,FALSE,0,FALSE
40.355324,1.743,1.68,1.126,1.014,24.878,18,16,0,3988724,68,70,68,67,94,94,94,94,20.002,19.985,22.184,22.157,2152.603,0,34186,0,200,2783,7,1,0,0,0,28,23,14,20,8,3,FALSE,0,FALSE
40.85487,1.761,1.698,1.144,1.034,24.868,18,16,0,3995092.2,70,70,72,72,94,94,94,94,20.002,19.986,22.182,22.155,2184.505,0,34186,0,100,2783,7,1,0,0,0,28,23,14,20,8,3,FALSE,0,FALSE
41.357697,1.781,1.716,1.159,1.051,24.867,18,16,0,4000000,69,69,71,70,94,94,94,94,20.005,19.989,22.186,22.159,2210.228,0,34186,0,100,2783,7,1,0,0,0,28,23,14,20,8,3,FALSE,0,FALSE
41.85009,1.793,1.726,1.166,1.058,24.867,18,16,0,4000000,68,67,69,68,94,94,94,94,20.009,19.993,22.191,22.164,2230.141,0,34186,0,50,2783,7,1,0,0,0,28,23,14,20,8,3,FALSE,0,FALSE
42.355408,1.799,1.729,1.173,1.066,24.867,18,16,0,4000000,67,65,69,68,94,94,94,94,20.013,19.996,22.195,22.168,2246.429,0,34186,0,50,3000,7,1,0,0,0,28,23,14,20,8,3,FALSE,0,FALSE
42.85583,1.814,1.739,1.195,1.085,24.867,18,16,0,4000000,70,66,74,71,94,94,95,94,20.017,19.998,22.2,22.173,2259.608,0,34186,0,50,3000,7,1,0,0,0,28,23,14,20,8,3,FALSE,0,FALSE
43.354816,1.829,1.75,1.224,1.104,24.867,18,16,0,4000000,71,67,80,72,94,94,95,94,20.022,20.001,22.207,22.177,2272.59,0,34186,0,83,3000,7,1,0,0,0,28,23,14,20,8,3,FALSE,0,FALSE
43.855957,1.846,1.763,1.273,1.139,24.866,18,16,0,4000000,73,68,89,79,94,94,95,94,20.027,20.005,22.218,22.184,2287.578,0,34186,0,83,3067,7,1,0,0,0,28,23,14,20,8,3,FALSE,0,FALSE
44.35581,1.866,1.777,1.308,1.166,24.862,18,16,0,4000000,75,69,89,80,95,94,95,94,20.033,20.009,22.23,22.192,2300.208,0,34186,0,83,3067,7,1,0,0,0,28,23,14,20,8,3,FALSE,0,FALSE
44.853317,1.882,1.79,1.32,1.176,24.857,18,16,0,4000000,74,70,82,75,95,94,95,94,20.04,20.013,22.239,22.198,2312.271,0,34186,0,83,3067,6,1,0,0,0,28,23,14,20,8,3,FALSE,0,FALSE
45.352844,1.901,1.809,1.327,1.182,24.85,18,16,0,3999987.8,74,71,75,70,95,94,95,95,20.046,20.017,22.246,22.203,2325.445,0,34186,0,317,3067,6,1,0,0,0,28,23,14,20,8,3,FALSE,0,FALSE
45.855465,1.925,1.838,1.329,1.185,24.839,18,16,0,3999950,76,75,70,67,95,94,95,95,20.052,20.022,22.249,22.205,2341.055,0,34186,0,317,3200,6,1,0,0,0,28,23,14,20,8,3,FALSE,0,FALSE
46.35393,1.952,1.862,1.331,1.186,24.827,18,16,0,3999909.5,74,74,68,65,95,95,95,95,20.058,20.028,22.251,22.205,2360.007,0,34186,0,317,3200,6,1,0,0,0,28,23,14,20,8,3,FALSE,0,FALSE
46.848965,1.977,1.891,1.331,1.186,24.814,18,16,0,3989880.5,74,74,65,65,95,95,95,95,20.062,20.033,22.251,22.205,2381.884,0,34186,0,450,3200,6,1,0,0,0,28,23,14,20,8,3,FALSE,0,FALSE
47.355827,2.001,1.921,1.331,1.187,24.8,18,16,0,3956408,72,72,65,66,95,95,95,95,20.066,20.037,22.25,22.205,2406.633,0,34186,0,450,3166,6,1,0,0,0,28,23,14,20,8,3,FALSE,0,FALSE
47.856857,2.019,1.941,1.331,1.187,24.787,18,16,0,3920491.8,70,69,65,66,95,95,95,95,20.069,20.04,22.248,22.204,2433.915,0,34186,0,383,3166,6,1,0,0,0,28,23,14,20,8,3,FALSE,0,FALSE
48.35294,2.036,1.958,1.331,1.188,24.774,18,16,0,3880085.8,69,68,65,66,95,95,95,95,20.071,20.041,22.246,22.202,2463.544,0,34186,0,383,3150,6,1,0,0,0,28,23,14,20,8,3,FALSE,0,FALSE
48.851967,2.048,1.969,1.331,1.188,24.761,18,16,0,3874575.2,68,68,66,66,95,95,95,95,20.071,20.042,22.244,22.2,2494.915,0,34186,0,366,3150,6,1,0,0,0,28,23,14,20,8,3,FALSE,0,FALSE
49.354717,2.059,1.982,1.333,1.189,24.747,18,16,0,3865939,67,68,66,66,95,95,95,94,20.071,20.042,22.241,22.197,2527.932,0,34186,0,334,3134,6,1,0,0,0,28,23,14,20,8,3,FALSE,0,FALSE
49.85425,2.07,1.996,1.337,1.192,24.733,18,16,0,3857299,68,69,67,67,95,95,95,94,20.07,20.041,22.237,22.194,2562.531,0,34186,0,334,3134,6,1,0,0,0,28,23,14,20,8,3,FALSE,0,FALSE
50.356144,2.1,2.034,1.374,1.23,24.72,18,16,0,3854073.8,71,74,73,75,95,95,95,94,20.069,20.042,22.235,22.193,2598.114,0,34186,0,333,3134,6,1,0,0,0,28,23,14,20,8,3,FALSE,0,FALSE
50.85642,2.155,2.103,1.441,1.301,24.711,18,16,0,3862207.8,73,76,76,79,95,95,95,94,20.071,20.046,22.234,22.194,2633.819,0,34186,0,350,3133,6,1,0,0,0,28,23,14,20,8,3,FALSE,0,FALSE
51.355274,2.188,2.145,1.479,1.339,24.709,18,16,0,3890863.5,71,74,74,77,95,95,95,95,20.074,20.05,22.238,22.199,2666.092,0,34186,0,350,3133,6,1,0,0,0,28,23,14,20,8,3,FALSE,0,FALSE
51.854343,2.208,2.17,1.5,1.358,24.709,18,16,0,3916558.8,70,72,72,74,95,95,95,95,20.078,20.056,22.242,22.205,2690.74,0,34186,0,367,3133,6,1,0,0,0,28,23,14,20,8,3,FALSE,0,FALSE
52.350918,2.225,2.19,1.518,1.376,24.708,18,16,0,3938239.8,69,72,72,74,95,95,95,95,20.082,20.061,22.247,22.211,2709.386,0,34186,0,367,3133,6,1,0,0,0,28,23,14,20,8,3,FALSE,0,FALSE
52.854298,2.238,2.208,1.538,1.399,24.708,18,16,0,3955655,69,72,73,77,96,95,95,95,20.086,20.067,22.253,22.218,2724.631,0,34186,0,367,3216,6,1,0,0,0,28,23,14,20,8,3,FALSE,0,FALSE
53.354656,2.252,2.225,1.566,1.44,24.708,18,16,0,3968245.8,69,73,77,85,96,95,96,95,20.09,20.074,22.26,22.227,2736.008,0,34186,0,367,3216,6,1,0,0,0,28,23,14,20,8,3,FALSE,0,FALSE
53.85216,2.261,2.236,1.594,1.49,24.707,18,16,0,3974613.2,69,71,79,94,96,95,96,95,20.094,20.08,22.267,22.24,2747.88,0,34186,0,400,3216,6,1,0,0,0,28,23,14,20,8,3,FALSE,0,FALSE
54.351303,2.274,2.251,1.611,1.513,24.703,18,16,0,3979940,70,74,78,89,96,96,96,95,20.099,20.086,22.275,22.254,2767.132,0,34186,0,400,3216,6,1,0,0,0,28,23,14,20,8,3,FALSE,0,FALSE
54.854034,2.293,2.273,1.62,1.522,24.698,18,16,0,3985861.2,72,76,74,81,96,96,96,96,20.104,20.093,22.281,22.264,2778.116,0,34186,0,400,3216,6,1,0,0,0,28,23,14,20,8,3,FALSE,0,FALSE
55.352932,2.305,2.284,1.621,1.524,24.69,18,16,0,3990013.5,71,73,69,74,96,96,96,96,20.108,20.099,22.285,22.27,2791.494,0,34186,0,400,3300,6,1,0,0,0,28,23,14,20,8,3,FALSE,0,FALSE
55.85178,2.328,2.304,1.622,1.524,24.679,18,16,0,3992714.5,73,74,66,69,96,96,96,96,20.113,20.104,22.287,22.274,2807.594,0,34186,0,450,3300,6,1,0,0,0,28,23,14,20,8,3,FALSE,0,FALSE
56.353737,2.364,2.338,1.622,1.524,24.666,18,16,0,3993500.5,77,77,65,66,96,96,96,96,20.119,20.11,22.287,22.275,2826.577,0,34186,0,450,3300,6,1,0,0,0,28,23,14,20,8,3,FALSE,0,FALSE
56.85037,2.396,2.368,1.622,1.524,24.654,18,16,0,3974397.5,75,75,65,65,96,96,96,96,20.125,20.116,22.287,22.276,2848.471,0,34186,0,450,3267,6,1,0,0,0,28,23,14,20,8,3,FALSE,0,FALSE
57.35151,2.42,2.392,1.622,1.524,24.64,18,16,0,3940001,72,72,65,65,96,96,96,96,20.129,20.121,22.286,22.275,2873.41,0,34186,0,400,3267,6,1,0,0,0,28,23,14,20,8,3,FALSE,0,FALSE
57.85068,2.439,2.411,1.622,1.524,24.627,18,16,0,3903190,70,70,66,66,96,96,96,96,20.132,20.123,22.285,22.274,2900.949,0,34186,0,400,3250,6,1,0,0,0,28,23,14,20,8,3,FALSE,0,FALSE
58.351654,2.456,2.428,1.622,1.524,24.613,18,16,0,3853048,69,69,66,66,96,96,96,96,20.134,20.125,22.283,22.273,2930.994,0,34186,0,350,3250,6,1,0,0,0,28,23,14,20,8,3,FALSE,0,FALSE
58.854145,2.471,2.443,1.622,1.524,24.6,18,16,0,3802565.2,69,69,66,66,96,96,96,96,20.135,20.126,22.281,22.271,2963.068,0,34186,0,334,3234,6,1,0,0,0,28,23,14,20,8,3,FALSE,0,FALSE
59.35483,2.485,2.457,1.623,1.524,24.587,18,16,0,3744950.2,69,69,67,67,96,96,96,96,20.135,20.127,22.279,22.268,2997.143,0,34186,0,334,3234,6,1,0,0,0,28,23,14,20,8,3,FALSE,0,FALSE
59.84755,2.497,2.47,1.623,1.524,24.574,18,16,0,3692910.5,69,69,67,67,96,96,96,96,20.135,20.127,22.276,22.266,3032.885,0,34186,0,317,3217,6,1,0,0,0,28,23,14,20,8,3,FALSE,0,FALSE
60.355515,2.509,2.483,1.623,1.524,24.56,18,16,0,3635295.5,69,69,67,67,96,96,96,96,20.134,20.126,22.272,22.262,3070.032,0,34186,0,300,3184,6,1,0,0,0,28,23,14,20,8,3,FALSE,0,FALSE
60.85637,2.519,2.493,1.623,1.524,24.546,18,16,0,3616860.5,68,68,67,67,96,96,96,95,20.133,20.126,22.268,22.258,3108.43,0,34186,0,300,3167,6,1,0,0,0,28,23,14,20,8,3,FALSE,0,FALSE
61.35528,2.528,2.502,1.623,1.524,24.532,18,16,0,3608220.5,69,69,68,67,96,96,96,95,20.132,20.124,22.264,22.254,3147.713,0,34186,0,300,3167,6,1,0,0,0,28,23,14,20,8,3,FALSE,0,FALSE
61.855423,2.536,2.51,1.623,1.524,24.519,18,16,0,3599580.5,69,69,68,67,96,96,96,95,20.13,20.122,22.259,22.249,3187.785,0,34186,0,266,3133,6,1,0,0,0,28,23,14,20,8,3,FALSE,0,FALSE
62.355175,2.545,2.518,1.623,1.524,24.506,18,16,0,3596405.2,69,69,68,68,96,96,95,95,20.128,20.12,22.254,22.244,3228.516,0,34186,0,267,3133,6,1,0,0,0,28,23,14,20,8,3,FALSE,0,FALSE
62.84967,2.553,2.526,1.623,1.524,24.492,18,16,0,3587765.2,69,69,68,67,96,96,95,95,20.125,20.117,22.248,22.238,3269.773,0,34186,0,267,3083,6,1,0,0,0,28,23,14,20,8,3,FALSE,0,FALSE
63.347763,2.562,2.534,1.623,1.524,24.478,18,16,0,3579125.2,69,69,68,67,96,96,95,95,20.122,20.114,22.242,22.232,3311.609,0,34186,0,250,3083,6,1,0,0,0,28,23,14,20,8,3,FALSE,0,FALSE
63.85103,2.579,2.55,1.643,1.545,24.468,18,16,0,3589280,70,70,72,72,96,96,95,95,20.119,20.112,22.237,22.228,3353.04,0,34186,0,233,3066,6,1,0,0,0,28,23,14,20,8,3,FALSE,0,FALSE
64.35036,2.6,2.571,1.666,1.568,24.466,18,16,0,3621923,68,68,70,70,96,96,95,95,20.121,20.113,22.241,22.231,3387.213,0,34186,0,233,3066,6,1,0,0,0,28,23,14,20,8,3,FALSE,0,FALSE
64.85525,2.613,2.585,1.679,1.581,24.465,18,16,0,3650642.5,67,69,70,70,96,96,95,95,20.123,20.115,22.245,22.236,3415.449,0,34186,0,216,3166,6,1,0,0,0,28,23,14,20,8,3,FALSE,0,FALSE
65.351845,2.643,2.629,1.737,1.652,24.465,18,16,0,3671214.5,72,77,80,86,96,96,95,95,20.126,20.121,22.252,22.244,3438.921,0,34186,0,216,3166,6,1,0,0,0,28,23,14,20,8,3,FALSE,0,FALSE
65.85233,2.679,2.675,1.807,1.749,24.46,18,16,0,3679412,74,79,85,96,96,96,96,95,20.132,20.129,22.261,22.257,3461.165,0,34186,0,333,3166,6,1,0,0,0,28,23,14,20,8,3,FALSE,0,FALSE
66.35136,2.722,2.729,1.872,1.831,24.451,18,16,0,3686177.2,77,83,86,95,97,97,96,96,20.138,20.138,22.271,22.271,3487.482,0,34186,0,333,3166,6,1,0,0,0,28,23,14,20,8,3,FALSE,0,FALSE
66.85289,2.767,2.787,1.939,1.914,24.442,18,16,0,3692962.5,78,84,85,94,97,97,96,96,20.144,20.148,22.281,22.285,3510.742,0,34186,0,400,3233,6,1,0,0,0,28,23,14,20,8,3,FALSE,0,FALSE
67.35406,2.814,2.844,1.98,1.963,24.431,18,16,0,3698889,78,83,79,85,97,97,96,96,20.151,20.157,22.288,22.295,3533.571,0,34186,0,400,3233,6,1,0,0,0,28,23,14,20,8,3,FALSE,0,FALSE
67.85305,2.9,2.945,2.026,2.018,24.418,18,16,0,3700910.5,87,94,78,84,97,97,96,96,20.159,20.168,22.293,22.303,3557.678,0,34186,0,366,3233,6,1,0,0,0,28,23,14,20,8,3,FALSE,0,FALSE
68.35574,2.979,3.04,2.058,2.053,24.406,18,16,0,3706892.5,80,85,74,77,97,97,96,96,20.169,20.182,22.297,22.309,3582.746,0,34186,0,366,3250,6,1,0,0,0,28,23,14,20,8,3,FALSE,0,FALSE
68.85482,3.017,3.085,2.094,2.091,24.393,18,16,0,3700416.5,77,82,76,79,97,97,96,96,20.173,20.188,22.299,22.312,3609.615,0,34186,0,384,3250,6,1,0,0,0,28,23,14,20,8,3,FALSE,0,FALSE
69.35671,3.069,3.148,2.139,2.139,24.379,18,16,0,3693202.8,75,80,76,79,97,98,96,96,20.177,20.195,22.301,22.315,3638.237,0,34186,0,384,3250,6,1,0,0,0,28,23,14,20,8,3,FALSE,0,FALSE
69.856674,3.115,3.205,2.176,2.177,24.366,18,16,0,3690888.8,73,78,73,75,97,98,96,96,20.18,20.2,22.303,22.318,3668.646,0,34186,0,416,3266,6,1,0,0,0,28,23,14,20,8,3,FALSE,0,FALSE
70.35445,3.135,3.231,2.188,2.188,24.352,18,16,0,3682440.2,69,72,69,69,97,98,96,96,20.181,20.202,22.302,22.317,3700.929,0,34186,0,416,3266,6,1,0,0,0,28,23,14,20,8,3,FALSE,0,FALSE
70.85047,3.154,3.246,2.197,2.198,24.338,18,16,0,3673800.2,71,70,71,69,97,98,96,96,20.18,20.202,22.3,22.314,3734.597,0,34186,0,434,3284,6,1,0,0,0,28,23,14,20,8,3,FALSE,0,FALSE
71.35499,3.203,3.286,2.249,2.247,24.325,18,16,0,3665160.2,78,74,80,76,97,98,96,96,20.181,20.201,22.299,22.312,3769.145,0,34186,0,450,3300,6,1,0,0,0,28,23,14,20,8,3,FALSE,0,FALSE
71.85269,3.287,3.355,2.351,2.34,24.311,18,16,0,3656520.2,83,78,88,83,97,98,96,96,20.185,20.203,22.302,22.313,3805.181,0,34186,0,450,3300,6,1,0,0,0,28,23,14,20,8,3,FALSE,0,FALSE
72.35581,3.382,3.433,2.476,2.449,24.298,18,16,0,3653317,83,78,90,83,97,98,96,96,20.19,20.205,22.306,22.315,3842.024,0,34186,0,450,3317,6,1,0,0,0,28,23,14,20,8,3,FALSE,0,FALSE
72.85188,3.476,3.512,2.611,2.567,24.285,18,16,0,3644677,84,79,91,85,98,98,96,96,20.194,20.207,22.31,22.317,3879.118,0,34186,0,450,3317,6,1,0,0,0,28,23,14,20,8,3,FALSE,0,FALSE
73.34709,3.578,3.597,2.752,2.69,24.271,18,16,0,3636037,84,79,92,85,98,98,96,96,20.198,20.209,22.315,22.319,3915.881,0,34186,0,450,3300,6,1,0,0,0,28,23,14,20,8,3,FALSE,0,FALSE
73.85584,3.661,3.665,2.841,2.77,24.257,18,16,0,3627397,80,75,81,77,98,98,96,96,20.202,20.21,22.317,22.319,3951.914,0,34186,0,450,3300,6,1,0,0,0,28,23,14,20,8,3,FALSE,0,FALSE
74.35463,3.703,3.697,2.873,2.802,24.244,18,16,0,3618757,73,71,73,70,98,98,96,96,20.201,20.208,22.315,22.315,3988.197,0,34186,0,466,3316,6,1,0,0,0,28,23,14,20,8,3,FALSE,0,FALSE
74.852356,3.714,3.706,2.875,2.804,24.23,18,16,0,3612706,68,68,68,68,98,98,96,96,20.198,20.204,22.309,22.309,4025.754,0,34186,40386,450,3316,6,1,0,0,0,28,23,14,20,8,3,FALSE,0,FALSE
75.355156,3.747,3.736,2.918,2.848,24.226,18,16,0,3641498.5,73,70,75,74,98,98,96,96,20.197,20.202,22.309,22.309,4059.006,0,34186,40386,450,3316,6,1,0,0,0,28,23,14,20,8,3,FALSE,0,FALSE
75.852325,3.802,3.778,2.991,2.912,24.226,18,16,0,3670360,80,74,86,81,98,98,96,96,20.201,20.205,22.316,22.314,4085.16,0,34186,40386,450,3333,6,1,0,0,0,28,23,14,20,8,3,FALSE,0,FALSE
76.35289,3.86,3.821,3.086,2.987,24.226,18,16,0,3693529.8,82,75,96,86,98,98,97,97,20.209,20.209,22.328,22.323,4107.359,0,34186,40386,466,3333,6,1,0,0,0,28,23,14,20,8,3,FALSE,0,FALSE
76.85491,3.894,3.846,3.179,3.056,24.225,18,16,0,3708120.5,79,73,100,89,98,98,97,97,20.216,20.213,22.342,22.333,4127.101,0,34186,40386,466,3317,6,1,0,0,0,28,23,14,20,8,3,FALSE,0,FALSE
77.35428,3.929,3.874,3.233,3.094,24.218,18,16,0,3714812.5,79,74,93,82,98,98,97,97,20.222,20.217,22.356,22.342,4148.872,0,34186,40386,450,3317,6,1,0,0,0,28,23,14,20,8,3,FALSE,0,FALSE
77.85134,3.965,3.903,3.279,3.129,24.211,18,16,0,3721414.5,80,75,88,79,98,98,97,97,20.228,20.22,22.366,22.348,4170.95,0,34186,40386,450,3317,6,1,0,0,0,28,23,14,20,8,3,FALSE,0,FALSE
78.3532,3.993,3.927,3.297,3.144,24.2,18,16,0,3726866,76,73,78,72,98,98,97,97,20.234,20.224,22.373,22.352,4191.79,0,34186,40386,450,3367,6,1,0,0,0,28,23,14,20,8,3,FALSE,0,FALSE
78.8529,4.026,3.957,3.314,3.16,24.187,18,16,0,3727433.8,76,74,74,70,98,98,97,97,20.237,20.226,22.376,22.353,4214.348,0,34186,40386,500,3367,6,1,0,0,0,28,23,14,20,8,3,FALSE,0,FALSE
79.35509,4.07,4,3.324,3.171,24.175,18,16,0,3727532.2,76,74,70,68,98,98,97,97,20.242,20.229,22.377,22.353,4239.752,0,34186,40386,500,3367,6,1,0,0,0,28,23,14,20,8,3,FALSE,0,FALSE
79.85495,4.09,4.02,3.324,3.171,24.161,18,16,0,3698383.5,72,71,66,66,98,98,97,97,20.243,20.23,22.376,22.351,4267.563,0,34186,40386,517,3417,6,1,0,0,0,28,23,14,20,8,3,FALSE,0,FALSE
80.35115,4.106,4.036,3.324,3.171,24.148,18,16,0,3653810.2,70,70,67,67,98,98,97,97,20.243,20.23,22.373,22.349,4297.646,0,34186,40386,534,3417,6,1,0,0,0,28,23,14,20,8,3,FALSE,0,FALSE
80.85359,4.121,4.051,3.324,3.171,24.134,18,16,0,3597770.2,70,70,67,67,98,98,97,97,20.243,20.23,22.37,22.346,4329.741,0,34186,40386,534,3434,6,1,0,0,0,28,23,14,20,8,3,FALSE,0,FALSE
81.3533,4.135,4.065,3.324,3.171,24.12,18,16,0,3540155.2,70,69,67,67,98,98,97,97,20.241,20.228,22.367,22.343,4363.821,0,34186,40386,533,3433,6,1,0,0,0,28,23,14,20,8,3,FALSE,0,FALSE
81.84762,4.147,4.077,3.324,3.171,24.108,18,16,0,3488061,69,69,67,67,98,98,97,97,20.239,20.226,22.363,22.339,4399.515,0,34186,40386,533,3417,6,1,0,0,0,28,23,14,20,8,3,FALSE,0,FALSE
82.352295,4.16,4.09,3.324,3.171,24.094,18,16,0,3430446,69,69,67,67,98,98,97,97,20.237,20.224,22.358,22.335,4436.649,0,34186,40386,517,3417,6,1,0,0,0,28,23,14,20,8,3,FALSE,0,FALSE
82.85158,4.172,4.102,3.324,3.171,24.08,18,16,0,3372831,69,69,67,67,98,98,97,97,20.234,20.221,22.353,22.33,4475.175,0,34186,40386,483,3400,6,1,0,0,0,28,23,14,20,8,3,FALSE,0,FALSE
83.35327,4.182,4.114,3.324,3.171,24.067,18,16,0,3323925.5,69,69,67,67,98,98,97,97,20.231,20.218,22.348,22.324,4514.919,0,34186,40386,467,3367,6,1,0,0,0,28,23,14,20,8,3,FALSE,0,FALSE
83.85352,4.19,4.122,3.324,3.171,24.054,18,16,0,3315285.5,68,68,67,67,98,98,97,96,20.227,20.214,22.342,22.319,4555.405,0,34186,40386,467,3367,6,1,0,0,0,28,23,14,20,8,3,FALSE,0,FALSE
84.35181,4.198,4.13,3.324,3.171,24.04,18,16,0,3306645.5,69,69,68,68,98,98,97,96,20.223,20.21,22.336,22.312,4596.566,0,34186,40386,450,3367,6,1,0,0,0,28,23,14,20,8,3,FALSE,0,FALSE
84.8561,4.206,4.138,3.324,3.171,24.026,18,16,0,3298005.5,70,69,68,68,98,98,97,96,20.219,20.206,22.329,22.306,4638.359,0,34186,40386,416,3300,6,1,0,0,0,28,23,14,20,8,3,FALSE,0,FALSE
85.355095,4.214,4.147,3.324,3.171,24.012,18,16,0,3289365.5,70,70,69,68,98,98,97,96,20.214,20.202,22.322,22.299,4680.722,0,34186,40386,400,3300,6,1,0,0,0,28,23,14,20,8,3,FALSE,0,FALSE
85.85516,4.223,4.155,3.324,3.171,23.998,18,16,0,3280725.5,70,70,68,68,98,98,96,96,20.21,20.197,22.315,22.292,4723.586,0,34186,40386,400,3250,6,1,0,0,0,28,23,14,20,8,3,FALSE,0,FALSE
86.35198,4.231,4.164,3.324,3.171,23.984,18,16,0,3272085.5,70,70,68,68,98,98,96,96,20.205,20.193,22.308,22.285,4766.879,0,34186,40386,367,3250,6,1,0,0,0,28,23,14,20,8,3,FALSE,0,FALSE
87.354,4.275,4.208,3.372,3.219,23.968,18,16,0,3302043.2,71,71,74,74,98,97,96,96,20.198,20.187,22.301,22.279,4848.643,0,34186,40386,334,3200,6,1,0,0,0,28,23,14,20,8,3,FALSE,0,FALSE
87.853455,4.299,4.234,3.397,3.243,23.967,18,16,0,3331098.8,70,69,71,71,98,97,96,96,20.201,20.189,22.307,22.285,4878.099,0,34186,40386,334,3200,6,1,0,0,0,28,23,14,20,8,3,FALSE,0,FALSE
88.34841,4.322,4.252,3.424,3.268,23.967,18,16,0,3356322.8,73,69,76,73,98,98,96,96,20.204,20.192,22.313,22.29,4901.844,0,34186,40386,334,3216,6,1,0,0,0,28,23,14,20,8,3,FALSE,0,FALSE
88.85253,4.364,4.282,3.499,3.325,23.967,18,16,0,3374959,78,72,90,82,98,98,97,96,20.21,20.196,22.323,22.298,4921.038,0,34186,40386,366,3216,6,1,0,0,0,28,23,14,20,8,3,FALSE,0,FALSE
89.35522,4.393,4.305,3.582,3.38,23.966,18,16,0,3389306.5,77,72,100,85,98,98,97,96,20.218,20.2,22.338,22.309,4939.857,0,34186,40386,366,3217,6,1,0,0,0,28,23,14,20,8,3,FALSE,0,FALSE
89.85256,4.417,4.324,3.635,3.416,23.96,18,16,0,3395570,78,73,95,82,98,98,97,97,20.224,20.205,22.355,22.319,4960.794,0,34186,40386,366,3217,6,1,0,0,0,28,23,14,20,8,3,FALSE,0,FALSE
90.35281,4.445,4.348,3.656,3.432,23.953,18,16,0,3400792,77,73,83,75,98,98,97,97,20.231,20.21,22.366,22.327,4977.606,0,34186,40386,350,3217,6,1,0,0,0,28,23,14,20,8,3,FALSE,0,FALSE
90.848694,4.473,4.375,3.668,3.444,23.942,18,16,0,3400612,77,74,76,70,98,98,97,97,20.236,20.214,22.373,22.331,4996.989,0,34186,40386,350,3217,6,1,0,0,0,28,23,14,20,8,3,FALSE,0,FALSE
91.34849,4.503,4.404,3.676,3.451,23.929,18,16,0,3397654.2,75,74,71,68,98,98,97,97,20.242,20.218,22.376,22.333,5018.15,0,34186,40386,383,3266,6,1,0,0,0,28,23,14,20,8,3,FALSE,0,FALSE
91.84983,4.536,4.437,3.685,3.461,23.915,18,16,0,3365623.8,76,74,70,68,99,98,97,97,20.246,20.222,22.378,22.334,5041.805,0,34186,40386,383,3300,6,1,0,0,0,28,23,14,20,8,3,FALSE,0,FALSE
92.35183,4.565,4.464,3.692,3.469,23.903,18,16,0,3329672.8,74,72,69,67,99,98,98,97,20.25,20.225,22.379,22.335,5068.604,0,34186,40386,416,3300,6,1,0,0,0,28,23,14,20,8,3,FALSE,0,FALSE
92.85019,4.584,4.481,3.693,3.47,23.889,18,16,0,3280418,70,70,67,66,99,98,97,97,20.252,20.227,22.379,22.334,5098.408,0,34186,40386,416,3300,6,1,0,0,0,28,23,14,20,8,3,FALSE,0,FALSE
93.350365,4.599,4.497,3.694,3.47,23.876,18,16,0,3230412,70,69,66,67,99,98,97,97,20.252,20.227,22.377,22.333,5130.318,0,34186,40386,417,3300,6,1,0,0,0,28,23,14,20,8,3,FALSE,0,FALSE
93.84698,4.613,4.512,3.694,3.47,23.862,18,16,0,3172797,70,70,67,68,99,98,97,97,20.252,20.227,22.375,22.331,5164.195,0,34186,40386,417,3300,6,1,0,0,0,28,23,14,20,8,3,FALSE,0,FALSE
94.35384,4.623,4.522,3.694,3.47,23.849,18,16,0,3153249.8,69,69,67,67,99,98,97,97,20.252,20.226,22.373,22.329,5199.725,0,34186,40386,417,3300,6,1,0,0,0,28,23,14,20,8,3,FALSE,0,FALSE
94.85266,4.633,4.531,3.694,3.47,23.836,18,16,0,3144609.8,69,69,68,67,99,98,97,97,20.25,20.225,22.369,22.326,5236.43,0,34186,40386,416,3283,6,1,0,0,0,28,23,14,20,8,3,FALSE,0,FALSE
95.351425,4.642,4.54,3.694,3.47,23.822,18,16,0,3135969.8,69,69,68,67,99,98,97,97,20.248,20.223,22.366,22.323,5274.223,0,34186,40386,400,3267,6,1,0,0,0,28,23,14,20,8,3,FALSE,0,FALSE
95.84972,4.651,4.549,3.694,3.47,23.808,18,16,0,3127329.8,69,69,68,68,99,98,97,96,20.246,20.221,22.362,22.319,5312.999,0,34186,40386,400,3267,6,1,0,0,0,28,23,14,20,8,3,FALSE,0,FALSE
96.34623,4.66,4.558,3.694,3.47,23.794,18,16,0,3118689.8,69,69,68,68,98,98,97,96,20.243,20.218,22.357,22.314,5352.645,0,34186,40386,384,3250,6,1,0,0,0,28,23,14,20,8,3,FALSE,0,FALSE
96.84878,4.668,4.566,3.694,3.47,23.781,18,16,0,3115425.2,69,69,68,68,98,98,97,96,20.24,20.216,22.351,22.309,5392.941,0,34186,40386,367,3233,6,1,0,0,0,28,23,14,20,8,3,FALSE,0,FALSE
97.349655,4.676,4.574,3.694,3.47,23.768,18,16,1,3106785.2,69,69,68,68,98,98,97,96,20.237,20.212,22.346,22.303,24.979,97029,0,0,367,3200,6,2,0,0,0,28,23,14,20,8,3,FALSE,0,FALSE
97.84615,4.684,4.582,3.694,3.47,23.754,18,16,1,3098145.2,69,69,68,68,98,98,97,96,20.233,20.209,22.339,22.297,66.528,97029,0,0,350,3200,6,2,0,0,0,28,23,14,20,8,3,FALSE,0,FALSE
98.35221,4.692,4.59,3.694,3.47,23.74,18,16,1,3089505.2,69,69,68,68,98,98,97,96,20.229,20.205,22.333,22.291,108.582,97029,0,0,350,3200,6,2,0,0,0,28,23,14,20,8,3,FALSE,0,FALSE
98.84655,4.701,4.598,3.694,3.47,23.726,18,16,1,3080865.2,69,69,68,68,98,98,97,96,20.224,20.2,22.326,22.284,151.156,97029,0,0,317,3167,6,2,0,0,0,28,23,14,20,8,3,FALSE,0,FALSE
99.3526,4.709,4.606,3.694,3.47,23.712,18,16,1,3072225.2,70,70,68,68,98,98,96,96,20.219,20.196,22.318,22.277,194.197,97029,0,0,300,3133,6,2,0,0,0,28,23,14,20,8,3,FALSE,0,FALSE
99.85311,4.717,4.614,3.694,3.47,23.699,18,16,1,3063585.2,70,69,68,68,98,97,96,96,20.214,20.191,22.31,22.269,237.655,97029,0,0,300,3116,6,2,0,0,0,28,23,14,20,8,3,FALSE,0,FALSE
100.35247,4.726,4.623,3.694,3.47,23.685,18,16,1,3054945.2,70,70,68,68,98,97,96,96,20.209,20.185,22.302,22.261,281.46,97029,0,0,300,3100,6,2,0,0,0,28,23,14,20,8,3,FALSE,0,FALSE
100.84799,4.734,4.631,3.694,3.47,23.671,18,16,1,3046305.2,70,70,68,68,98,97,96,95,20.203,20.179,22.294,22.253,325.598,97029,0,0,283,3100,6,2,0,0,0,28,23,14,20,8,3,FALSE,0,FALSE
101.3525,4.742,4.639,3.694,3.47,23.657,18,16,1,3037665.2,70,69,68,68,98,97,96,95,20.197,20.174,22.285,22.245,370.039,97029,0,0,267,3067,6,2,0,0,0,28,23,14,20,8,3,FALSE,0,FALSE
101.84965,4.75,4.647,3.694,3.47,23.643,18,16,1,3029025.2,70,70,69,69,97,97,96,95,20.191,20.167,22.276,22.236,414.731,97029,0,0,234,3034,6,2,0,0,0,28,23,14,20,8,3,FALSE,0,FALSE
102.34894,4.758,4.655,3.694,3.47,23.63,18,16,1,3020385.5,69,69,68,68,97,97,96,95,20.184,20.161,22.267,22.227,459.64,97029,0,0,234,3034,6,2,0,0,0,28,23,14,20,8,3,FALSE,0,FALSE
102.853096,4.77,4.663,3.696,3.473,23.616,18,16,1,3011810.8,70,69,68,68,97,97,95,95,20.177,20.154,22.258,22.218,504.733,97029,0,0,233,2983,6,2,0,0,0,28,23,14,20,8,3,FALSE,0,FALSE
103.3511,4.778,4.674,3.698,3.474,23.602,18,16,1,3003334.5,69,70,68,68,97,97,95,95,20.17,20.147,22.249,22.209,549.963,97029,0,0,233,2983,6,2,0,0,0,28,23,14,20,8,3,FALSE,0,FALSE
103.85008,4.79,4.689,3.709,3.485,23.589,18,16,1,3003932,70,71,71,71,97,97,95,95,20.163,20.141,22.24,22.2,595.051,97029,0,0,200,2983,6,2,0,0,0,28,23,14,20,8,3,FALSE,0,FALSE
104.349686,4.824,4.721,3.752,3.531,23.588,18,16,1,3039756,71,71,74,74,97,97,95,95,20.162,20.14,22.242,22.203,633.471,97029,0,0,200,2983,6,2,0,0,0,28,23,14,20,8,3,FALSE,0,FALSE
104.84951,4.857,4.753,3.783,3.562,23.587,18,16,1,3068126.2,71,71,73,73,97,97,95,95,20.165,20.143,22.249,22.209,662.944,97029,0,0,184,2900,6,2,0,0,0,28,23,14,20,8,3,FALSE,0,FALSE
105.3496,4.881,4.778,3.797,3.576,23.586,18,16,1,3090982.8,71,71,71,71,97,97,95,95,20.169,20.148,22.256,22.217,685.036,97029,0,0,184,2900,6,2,0,0,0,28,23,14,20,8,3,FALSE,0,FALSE
105.85214,4.887,4.783,3.8,3.579,23.586,18,16,1,3110245.8,67,67,68,68,97,97,96,95,20.173,20.152,22.262,22.223,701.949,97029,0,0,217,2900,6,2,0,0,0,28,23,14,20,8,3,FALSE,0,FALSE
106.348526,4.892,4.786,3.808,3.587,23.586,18,16,1,3124963.8,67,65,69,68,97,97,96,95,20.176,20.154,22.267,22.228,715.924,97029,0,0,217,2900,6,2,0,0,0,28,23,14,20,8,3,FALSE,0,FALSE
106.8515,4.905,4.796,3.838,3.608,23.586,18,16,1,3135860.2,69,66,77,72,97,97,96,95,20.179,20.157,22.274,22.234,726.858,97029,0,0,217,3217,6,2,0,0,0,28,23,14,20,8,3,FALSE,0,FALSE
107.35203,4.918,4.806,3.88,3.637,23.586,18,16,1,3142980,71,67,87,77,97,97,96,95,20.183,20.159,22.284,22.241,736.558,97029,0,0,217,3217,6,2,0,0,0,28,23,14,20,8,3,FALSE,0,FALSE
107.85221,4.928,4.816,3.918,3.656,23.583,18,16,1,3147701.8,71,69,92,77,97,97,96,95,20.187,20.163,22.297,22.249,753.836,97029,0,0,284,3217,6,2,0,0,0,28,23,14,20,8,3,FALSE,0,FALSE
108.35103,4.946,4.83,3.931,3.666,23.58,18,16,1,3152848.8,74,70,85,74,98,97,96,95,20.192,20.166,22.31,22.256,766.004,97029,0,0,284,3217,6,2,0,0,0,28,23,14,20,8,3,FALSE,0,FALSE
108.84922,4.956,4.841,3.934,3.669,23.574,18,16,1,3157113.5,72,70,77,70,98,97,96,96,20.197,20.17,22.319,22.262,777.433,97029,0,0,284,3217,6,2,0,0,0,28,23,14,20,8,3,FALSE,0,FALSE
109.351776,4.971,4.862,3.936,3.671,23.565,18,16,1,3160652.2,73,73,71,67,98,97,97,96,20.201,20.174,22.324,22.266,791.181,97029,0,0,284,3450,6,2,0,0,0,28,23,14,20,8,3,FALSE,0,FALSE
109.85123,4.985,4.878,3.939,3.675,23.555,18,16,1,3165708,72,72,68,68,98,97,97,96,20.206,20.179,22.327,22.268,807.607,97029,0,0,400,3450,6,2,0,0,0,28,23,14,20,8,3,FALSE,0,FALSE
110.352066,5.008,4.902,3.953,3.692,23.546,18,16,1,3176099,73,74,68,72,98,97,97,96,20.209,20.183,22.329,22.271,825.953,97029,0,0,400,3450,6,2,0,0,0,28,23,14,20,8,3,FALSE,0,FALSE
110.85277,5.03,4.927,3.967,3.707,23.536,18,16,1,3180725.2,74,75,70,72,98,97,97,96,20.213,20.188,22.331,22.275,850.4,97029,0,0,400,3350,6,2,0,0,0,28,23,14,20,8,3,FALSE,0,FALSE
111.35177,5.071,4.977,3.989,3.731,23.524,18,16,1,3186808.5,76,81,71,74,98,98,97,96,20.218,20.194,22.333,22.279,873.25,97029,0,0,266,3350,6,2,0,0,0,28,23,14,20,8,3,FALSE,0,FALSE
111.84783,5.108,5.016,4.006,3.748,23.511,18,16,1,3186827.8,75,79,70,71,98,98,97,96,20.222,20.2,22.335,22.282,896.822,97029,0,0,266,3383,6,2,0,0,0,28,23,14,20,8,3,FALSE,0,FALSE
112.35047,5.13,5.043,4.012,3.753,23.499,18,16,1,3186517.5,71,74,67,70,98,98,97,96,20.225,20.204,22.335,22.283,923.195,97029,0,0,250,3383,6,2,0,0,0,28,23,14,20,8,3,FALSE,0,FALSE
112.85015,5.153,5.064,4.017,3.758,23.485,18,16,1,3179824.8,71,70,68,67,98,98,97,96,20.226,20.206,22.334,22.283,952.81,97029,0,0,250,3383,6,2,0,0,0,28,23,14,20,8,3,FALSE,0,FALSE
113.351036,5.19,5.096,4.038,3.778,23.471,18,16,1,3172427.8,75,72,72,69,98,98,97,96,20.228,20.208,22.334,22.282,984.07,97029,0,0,233,3367,6,2,0,0,0,28,23,14,20,8,3,FALSE,0,FALSE
113.85236,5.217,5.119,4.047,3.788,23.458,18,16,1,3139670,72,70,69,67,98,98,97,96,20.23,20.208,22.333,22.28,1015.245,97029,0,0,233,3367,6,2,0,0,0,28,23,14,20,8,3,FALSE,0,FALSE
114.34909,5.24,5.137,4.053,3.795,23.444,18,16,1,3082055,71,69,69,67,98,98,97,96,20.23,20.208,22.331,22.278,1048.531,97029,0,0,233,3367,6,2,0,0,0,28,23,14,20,8,3,FALSE,0,FALSE
114.849396,5.257,5.151,4.056,3.798,23.432,18,16,1,3044530,69,68,67,67,98,98,97,96,20.229,20.207,22.328,22.275,1083.617,97029,0,0,217,3384,6,2,0,0,0,28,23,14,20,8,3,FALSE,0,FALSE
115.349236,5.267,5.161,4.056,3.798,23.418,18,16,1,3035890,69,69,67,67,98,98,97,96,20.228,20.205,22.324,22.271,1119.83,97029,0,0,217,3367,6,2,0,0,0,28,23,14,20,8,3,FALSE,0,FALSE
115.85237,5.278,5.17,4.056,3.798,23.404,18,16,1,3027250,69,69,68,67,98,98,96,96,20.225,20.203,22.319,22.267,1157.082,97029,0,0,200,3350,6,2,0,0,0,28,23,14,20,8,3,FALSE,0,FALSE
116.35177,5.288,5.179,4.056,3.798,23.39,18,16,1,3018610,69,69,68,68,98,98,96,96,20.223,20.2,22.314,22.262,1195.276,97029,0,0,183,3350,6,2,0,0,0,28,23,14,20,8,3,FALSE,0,FALSE
116.849304,5.297,5.188,4.056,3.798,23.377,18,16,1,3009970,69,69,68,68,98,98,96,95,20.22,20.197,22.309,22.257,1234.307,97029,0,0,150,3317,6,2,0,0,0,28,23,14,20,8,3,FALSE,0,FALSE
117.35191,5.307,5.197,4.056,3.798,23.363,18,16,1,3001330,69,69,68,68,98,98,96,95,20.217,20.194,22.303,22.252,1274.076,97029,0,0,150,3317,6,2,0,0,0,28,23,14,20,8,3,FALSE,0,FALSE
117.85093,5.316,5.205,4.056,3.798,23.35,18,16,1,2998066.5,69,69,68,68,98,97,96,95,20.213,20.191,22.297,22.246,1314.418,97029,0,0,150,3317,6,2,0,0,0,28,23,14,20,8,3,FALSE,0,FALSE
118.34817,5.323,5.214,4.056,3.798,23.336,18,16,1,2989426.5,69,69,68,68,98,97,96,95,20.209,20.187,22.29,22.239,1355.278,97029,0,0,117,3317,6,2,0,0,0,28,23,14,20,8,3,FALSE,0,FALSE
118.85015,5.331,5.223,4.057,3.798,23.323,18,16,1,2980786.5,69,69,68,68,98,97,96,95,20.204,20.183,22.283,22.233,1396.688,97029,0,0,117,3266,6,2,0,0,0,28,23,14,20,8,3,FALSE,0,FALSE
119.34983,5.36,5.25,4.099,3.833,23.316,18,16,1,3005146,71,71,75,73,98,97,96,95,20.202,20.181,22.282,22.231,1435.469,97029,0,0,116,3266,6,2,0,0,0,28,23,14,20,8,3,FALSE,0,FALSE
119.84241,5.405,5.295,4.16,3.863,23.315,18,16,1,3033629.2,77,76,81,73,98,97,96,95,20.205,20.183,22.288,22.236,1464.851,97029,0,0,100,3266,6,2,0,0,0,28,23,14,20,8,3,FALSE,0,FALSE
120.34853,5.425,5.313,4.178,3.881,23.315,18,16,1,3059725.8,72,70,75,72,98,97,96,95,20.21,20.188,22.296,22.243,1489.519,97029,0,0,100,3266,6,2,0,0,0,28,23,14,20,8,3,FALSE,0,FALSE
120.851204,5.46,5.34,4.218,3.914,23.315,18,16,1,3077809,77,72,80,75,98,98,96,95,20.216,20.192,22.304,22.25,1508.174,97029,0,0,166,3333,6,2,0,0,0,28,23,14,20,8,3,FALSE,0,FALSE
121.35251,5.48,5.354,4.249,3.939,23.315,18,16,1,3092585,76,70,82,76,98,98,96,95,20.222,20.196,22.313,22.257,1524.527,97029,0,0,166,3333,6,2,0,0,0,28,23,14,20,8,3,FALSE,0,FALSE
121.84873,5.511,5.373,4.295,3.979,23.313,18,16,1,3098995.5,79,71,87,80,98,98,97,96,20.229,20.199,22.323,22.265,1550.703,97029,0,0,166,3434,6,2,0,0,0,28,23,14,20,8,3,FALSE,0,FALSE
122.34594,5.534,5.391,4.329,4.002,23.308,18,16,1,3105060,77,71,85,77,98,98,97,96,20.235,20.203,22.334,22.273,1570.738,97029,0,0,267,3434,6,2,0,0,0,28,23,14,20,8,3,FALSE,0,FALSE
122.851364,5.555,5.408,4.35,4.019,23.301,18,16,1,3111195.2,76,71,80,74,98,98,97,96,20.241,20.207,22.343,22.279,1588.372,97029,0,0,267,3467,6,2,0,0,0,28,23,14,20,8,3,FALSE,0,FALSE
123.35284,5.575,5.424,4.361,4.029,23.293,18,16,1,3116835.8,74,70,74,70,99,98,97,96,20.246,20.21,22.349,22.283,1605.725,97029,0,0,267,3467,6,2,0,0,0,28,23,14,20,8,3,FALSE,0,FALSE
123.84834,5.599,5.448,4.372,4.04,23.283,18,16,1,3118311.2,75,72,72,69,99,98,97,96,20.25,20.212,22.352,22.285,1624.84,97029,0,0,284,3467,6,2,0,0,0,28,23,14,20,8,3,FALSE,0,FALSE
124.34736,5.627,5.475,4.377,4.045,23.27,18,16,1,3114684.5,75,73,70,67,99,98,97,96,20.255,20.216,22.354,22.287,1646.926,97029,0,0,284,3434,6,2,0,0,0,28,23,14,20,8,3,FALSE,0,FALSE
124.84934,5.652,5.5,4.378,4.047,23.256,18,16,1,3109899.5,72,71,67,65,99,98,97,96,20.258,20.219,22.355,22.287,1671.671,97029,0,0,184,3434,6,2,0,0,0,28,23,14,20,8,3,FALSE,0,FALSE
125.34787,5.668,5.517,4.38,4.048,23.243,18,16,1,3109166.5,69,69,65,65,99,98,97,96,20.259,20.22,22.354,22.286,1699.038,97029,0,0,184,3450,6,2,0,0,0,28,23,14,20,8,3,FALSE,0,FALSE
125.8483,5.681,5.531,4.381,4.048,23.229,18,16,1,3101989.5,69,69,66,67,99,98,97,96,20.259,20.221,22.352,22.285,1728.473,97029,0,0,167,3450,6,2,0,0,0,28,23,14,20,8,3,FALSE,0,FALSE
126.34727,5.699,5.554,4.396,4.063,23.217,18,16,1,3099417,70,72,69,71,99,98,97,96,20.258,20.221,22.35,22.284,1759.659,97029,0,0,167,3450,6,2,0,0,0,28,23,14,20,8,3,FALSE,0,FALSE
126.85183,5.728,5.59,4.419,4.085,23.203,18,16,1,3090826.5,70,73,69,71,99,98,97,96,20.258,20.223,22.349,22.284,1792.471,97029,0,0,167,3434,6,2,0,0,0,28,23,14,20,8,3,FALSE,0,FALSE
127.34866,5.75,5.62,4.438,4.105,23.191,18,16,1,3090368,69,74,71,70,99,98,97,96,20.258,20.224,22.347,22.283,1827.7,97029,29978,0,167,3434,6,2,0,0,0,28,23,14,20,8,3,FALSE,0,FALSE
127.847466,5.77,5.634,4.456,4.119,23.19,18,16,1,3121680,70,68,72,70,99,98,97,96,20.258,20.224,22.347,22.283,1859.364,97029,29978,0,150,3433,6,2,0,0,0,28,23,14,20,8,3,FALSE,0,FALSE
128.3495,5.822,5.672,4.543,4.19,23.19,18,16,1,3150874.5,80,74,90,82,99,98,97,96,20.261,20.226,22.353,22.287,1886.233,97029,29978,0,150,3433,6,2,0,0,0,28,23,14,20,8,3,FALSE,0,FALSE
128.85149,5.877,5.713,4.66,4.282,23.185,18,16,1,3164426.8,81,75,99,88,99,98,97,96,20.268,20.23,22.365,22.296,1912.09,97029,29978,0,150,3517,6,2,0,0,0,28,23,14,20,8,3,FALSE,0,FALSE
129.3495,5.928,5.752,4.728,4.337,23.177,18,16,1,3171527.2,81,75,89,81,99,98,97,96,20.275,20.234,22.376,22.304,1938.437,97029,29978,0,233,3517,6,2,0,0,0,28,23,14,20,8,3,FALSE,0,FALSE
129.84941,5.97,5.787,4.752,4.357,23.165,18,16,1,3174502,77,73,76,72,99,98,98,96,20.281,20.237,22.382,22.307,1963.953,97029,29978,0,233,3517,6,2,0,0,0,28,23,14,20,8,3,FALSE,0,FALSE
130.3476,5.989,5.807,4.759,4.364,23.153,18,16,1,3173835,71,71,69,70,99,98,98,96,20.283,20.239,22.382,22.307,1990.867,97029,29978,0,333,3650,6,2,0,0,0,28,23,14,20,8,3,FALSE,0,FALSE
130.85118,6.03,5.859,4.803,4.414,23.141,18,16,1,3176274.2,73,79,76,77,99,98,98,96,20.284,20.241,22.382,22.308,2021.08,97029,29978,0,333,3650,6,2,0,0,0,28,23,14,20,8,3,FALSE,0,FALSE
131.3498,6.075,5.915,4.857,4.48,23.129,18,16,1,3180642.2,75,79,77,82,99,98,98,96,20.285,20.245,22.383,22.312,2052.678,97029,29978,0,400,3650,6,2,0,0,0,28,23,14,20,8,3,FALSE,0,FALSE
131.85226,6.122,5.97,4.901,4.531,23.115,18,16,1,3173401.2,74,78,75,79,99,99,98,96,20.287,20.249,22.383,22.315,2082.893,97029,29978,0,434,3650,6,2,0,0,0,28,23,14,20,8,3,FALSE,0,FALSE
132.35027,6.178,6.036,4.947,4.58,23.103,18,16,1,3170691,75,78,73,78,99,99,98,96,20.289,20.253,22.383,22.317,2114.555,97029,29978,0,434,3734,6,2,0,0,0,28,23,14,20,8,3,FALSE,0,FALSE
132.85104,6.204,6.067,4.969,4.596,23.089,18,16,1,3162051,71,74,72,71,99,99,98,96,20.288,20.254,22.38,22.315,2147.694,97029,29978,0,483,3734,6,2,0,0,0,28,23,14,20,8,3,FALSE,0,FALSE
133.3492,6.221,6.087,4.987,4.612,23.077,18,16,1,3166804,70,71,73,73,99,99,97,96,20.286,20.254,22.378,22.313,2181.412,97029,29978,0,483,3734,6,2,0,0,0,28,23,14,20,8,3,FALSE,0,FALSE
133.84897,6.245,6.11,5.008,4.636,23.077,18,16,1,3195795.5,70,70,72,72,99,99,98,96,20.288,20.256,22.381,22.316,2209.235,97029,29978,0,500,3800,6,2,0,0,0,28,23,14,20,8,3,FALSE,0,FALSE
134.34477,6.262,6.124,5.022,4.65,23.076,18,16,1,3220507.2,70,69,73,70,99,99,98,97,20.29,20.258,22.385,22.32,2231.415,97029,29978,0,500,3800,6,2,0,0,0,28,23,14,20,8,3,FALSE,0,FALSE
134.84938,6.283,6.139,5.047,4.674,23.076,18,16,1,3241177.8,74,69,77,74,99,99,98,97,20.293,20.259,22.39,22.325,2249.452,97029,29978,0,500,3800,6,2,0,0,0,28,23,14,20,8,3,FALSE,0,FALSE
135.35086,6.31,6.16,5.104,4.716,23.076,18,16,1,3256583.5,77,72,90,81,99,99,98,97,20.298,20.263,22.399,22.332,2262.699,97029,29978,0,500,3867,6,2,0,0,0,28,23,14,20,8,3,FALSE,0,FALSE
135.8511,6.324,6.171,5.165,4.755,23.075,18,16,1,3267226.2,74,70,99,85,100,99,98,97,20.303,20.266,22.412,22.341,2275.909,97029,29978,0,517,3867,6,2,0,0,0,28,23,14,20,8,3,FALSE,0,FALSE
136.351,6.339,6.182,5.204,4.783,23.072,18,16,1,3272775.2,75,70,97,84,100,99,98,97,20.308,20.269,22.428,22.351,2291.91,97029,29978,0,517,3867,6,2,0,0,0,28,23,14,20,8,3,FALSE,0,FALSE
136.84763,6.358,6.197,5.222,4.798,23.069,18,16,1,3278558.8,77,71,89,79,100,99,99,97,20.313,20.272,22.44,22.359,2304.293,97029,29978,0,517,3816,6,2,0,0,0,28,23,14,20,8,3,FALSE,0,FALSE
137.34706,6.373,6.211,5.23,4.805,23.062,18,16,1,3284571.2,75,71,80,74,100,99,99,97,20.318,20.274,22.448,22.365,2316.879,97029,29978,0,350,3816,6,2,0,0,0,28,23,14,20,8,3,FALSE,0,FALSE
137.85078,6.401,6.241,5.235,4.811,23.053,18,16,1,3290347.5,78,76,75,70,100,99,99,97,20.323,20.279,22.453,22.368,2331.1,97029,29978,0,350,3816,6,2,0,0,0,28,23,14,20,8,3,FALSE,0,FALSE
138.34972,6.425,6.27,5.237,4.813,23.042,18,16,1,3295385.2,77,77,70,67,100,99,99,97,20.328,20.283,22.456,22.369,2347.864,97029,29978,0,350,3883,6,2,0,0,0,28,23,14,20,8,3,FALSE,0,FALSE
138.85158,6.451,6.297,5.239,4.815,23.029,18,16,1,3299066,76,75,68,66,100,99,99,97,20.332,20.288,22.456,22.369,2368.051,97029,29978,0,417,3883,6,2,0,0,0,28,23,14,20,8,3,FALSE,0,FALSE
139.34822,6.472,6.321,5.239,4.816,23.016,18,16,1,3300548.5,73,73,66,66,100,99,99,97,20.335,20.291,22.455,22.368,2390.952,97029,29978,0,417,3883,6,2,0,0,0,28,23,14,20,8,3,FALSE,0,FALSE
139.85063,6.488,6.338,5.239,4.816,23.003,18,16,1,3300522.8,71,70,66,66,100,99,99,97,20.337,20.292,22.453,22.367,2416.44,97029,29978,0,350,3816,6,2,0,0,0,28,23,14,20,8,3,FALSE,0,FALSE
140.34456,6.501,6.352,5.239,4.816,22.99,18,16,1,3294335.2,70,69,66,66,100,99,99,97,20.337,20.292,22.451,22.365,2443.127,97029,29978,0,350,3816,6,2,0,0,0,28,23,14,20,8,3,FALSE,0,FALSE
140.84927,6.515,6.366,5.239,4.816,22.976,18,16,1,3286714,69,68,66,66,100,99,99,97,20.336,20.292,22.448,22.363,2473.814,97029,29978,0,333,3800,6,2,0,0,0,28,23,14,20,8,3,FALSE,0,FALSE
141.34944,6.526,6.377,5.239,4.816,22.963,18,16,1,3283951.5,69,68,66,66,100,99,99,97,20.334,20.29,22.444,22.36,2505.185,97029,29978,0,333,3800,6,2,0,0,0,28,23,14,20,8,3,FALSE,0,FALSE
141.8468,6.538,6.39,5.242,4.818,22.949,18,16,1,3275316.2,69,69,67,67,100,99,99,97,20.332,20.289,22.44,22.357,2538.218,97029,29978,0,317,3800,6,2,0,0,0,28,23,14,20,8,3,FALSE,0,FALSE
142.34998,6.552,6.409,5.251,4.825,22.935,18,16,1,3266676.2,69,70,68,69,100,99,98,97,20.33,20.287,22.436,22.353,2572.835,97029,29978,0,317,3800,6,2,0,0,0,28,23,14,20,8,3,FALSE,0,FALSE
142.84747,6.586,6.452,5.291,4.867,22.923,18,16,1,3263421.8,73,76,73,76,100,99,98,97,20.328,20.287,22.433,22.351,2608.138,97029,29978,0,316,3800,6,2,0,0,0,28,23,14,20,8,3,FALSE,0,FALSE
143.35046,6.63,6.509,5.349,4.927,22.913,18,16,1,3273339.5,73,77,76,80,100,99,98,97,20.327,20.288,22.432,22.352,2644.401,97029,29978,0,300,3800,6,2,0,0,0,28,23,14,20,8,3,FALSE,0,FALSE
143.84488,6.678,6.566,5.405,4.981,22.911,18,16,1,3301867,75,78,78,81,100,99,98,97,20.33,20.293,22.435,22.357,2675.666,97029,29978,0,300,3800,6,2,0,0,0,28,23,14,20,8,3,FALSE,0,FALSE
144.35051,6.71,6.602,5.439,5.013,22.91,18,16,1,3326033.2,74,77,77,79,100,99,99,97,20.334,20.298,22.441,22.364,2698.397,97029,29978,0,317,3800,6,2,0,0,0,28,23,14,20,8,3,FALSE,0,FALSE
144.85063,6.739,6.633,5.46,5.033,22.91,18,16,1,3345574.5,75,77,75,78,100,100,99,97,20.338,20.305,22.447,22.372,2715.578,97029,29978,0,317,3817,6,2,0,0,0,28,23,14,20,8,3,FALSE,0,FALSE
145.3502,6.748,6.645,5.474,5.049,22.91,18,16,1,3361234.8,71,74,74,77,100,100,99,97,20.342,20.31,22.452,22.379,2729.186,97029,29978,0,317,3817,6,2,0,0,0,28,23,14,20,8,3,FALSE,0,FALSE
145.85036,6.759,6.658,5.496,5.084,22.91,18,16,1,3372053.5,70,73,76,84,100,100,99,98,20.345,20.315,22.458,22.387,2739.278,97029,29978,0,317,3833,6,2,0,0,0,28,23,14,20,8,3,FALSE,0,FALSE
146.34886,6.769,6.67,5.513,5.114,22.907,18,16,1,3377179.8,71,73,76,88,100,100,99,98,20.347,20.319,22.464,22.398,2756.927,97029,29978,0,266,3833,6,2,0,0,0,28,23,14,20,8,3,FALSE,0,FALSE
146.85005,6.786,6.689,5.524,5.128,22.902,18,16,1,3382691.8,73,76,74,83,100,100,99,98,20.35,20.323,22.469,22.408,2770.493,97029,29978,0,266,3950,6,2,0,0,0,28,23,14,20,8,3,FALSE,0,FALSE
147.3506,6.811,6.719,5.529,5.134,22.897,18,16,1,3389020.5,76,80,71,77,101,100,99,98,20.355,20.33,22.472,22.415,2782.062,97029,29978,0,266,3950,6,2,0,0,0,28,23,14,20,8,3,FALSE,0,FALSE
147.84944,6.82,6.727,5.533,5.138,22.889,18,16,1,3395956.2,72,74,68,72,101,100,99,98,20.358,20.335,22.474,22.42,2795.967,97029,29978,0,266,3950,6,2,0,0,0,28,23,14,20,8,3,FALSE,0,FALSE
148.35138,6.835,6.743,5.534,5.138,22.879,18,16,1,3401331.2,72,73,66,68,101,100,99,98,20.36,20.339,22.475,22.422,2812.189,97029,29978,0,367,3950,6,2,0,0,0,28,23,14,20,8,3,FALSE,0,FALSE
148.8502,6.871,6.776,5.534,5.138,22.868,18,16,1,3400281.8,78,77,65,66,101,100,99,98,20.364,20.343,22.474,22.422,2831.103,97029,29978,0,367,3916,6,2,0,0,0,28,23,14,20,8,3,FALSE,0,FALSE
149.34776,6.898,6.801,5.534,5.138,22.855,18,16,1,3375585.8,75,75,65,65,101,100,99,98,20.368,20.346,22.472,22.422,2852.924,97029,29978,0,333,3916,6,2,0,0,0,28,23,14,20,8,3,FALSE,0,FALSE
149.84538,6.922,6.826,5.534,5.138,22.842,18,16,1,3346907.5,73,73,66,66,101,100,99,98,20.37,20.349,22.471,22.42,2877.759,97029,29978,0,333,3916,6,2,0,0,0,28,23,14,20,8,3,FALSE,0,FALSE
150.347,6.941,6.844,5.534,5.138,22.828,18,16,1,3304764,71,71,66,66,101,100,99,98,20.371,20.35,22.469,22.419,2905.197,97029,29978,0,334,3934,6,2,0,0,0,28,23,14,20,8,3,FALSE,0,FALSE
150.84737,6.958,6.861,5.534,5.138,22.814,18,16,1,3254820.2,70,70,66,66,101,100,99,98,20.371,20.35,22.466,22.417,2935.164,97029,29978,0,334,3934,6,2,0,0,0,28,23,14,20,8,3,FALSE,0,FALSE
151.34729,6.973,6.877,5.534,5.138,22.801,18,16,1,3204439.5,70,70,67,67,101,100,99,98,20.37,20.35,22.463,22.414,2967.215,97029,29978,0,300,3900,6,2,0,0,0,28,23,14,20,8,3,FALSE,0,FALSE
151.84921,6.987,6.891,5.534,5.138,22.788,18,16,1,3146824.5,70,70,67,67,101,100,99,98,20.369,20.349,22.46,22.411,3001.295,97029,29978,0,300,3900,6,2,0,0,0,28,23,14,20,8,3,FALSE,0,FALSE
152.34648,6.999,6.903,5.534,5.138,22.775,18,16,1,3094677.8,70,69,67,67,101,100,99,98,20.367,20.347,22.456,22.407,3036.992,97029,29978,0,283,3883,6,2,0,0,0,28,23,14,20,8,3,FALSE,0,FALSE
152.8472,7.012,6.916,5.534,5.138,22.761,18,16,1,3037062.8,70,70,68,67,101,100,99,98,20.365,20.345,22.451,22.403,3074.201,97029,29978,0,267,3867,6,2,0,0,0,28,23,14,20,8,3,FALSE,0,FALSE
153.3499,7.022,6.926,5.534,5.138,22.747,18,16,1,3015362.8,69,69,68,68,101,100,99,98,20.362,20.342,22.447,22.399,3112.734,97029,29978,0,267,3833,6,2,0,0,0,28,23,14,20,8,3,FALSE,0,FALSE
153.85004,7.031,6.934,5.534,5.138,22.733,18,16,1,3006722.8,69,69,68,68,101,100,99,98,20.358,20.339,22.441,22.394,3152.209,97029,29978,0,216,3833,6,2,0,0,0,28,23,14,20,8,3,FALSE,0,FALSE
154.34637,7.039,6.942,5.534,5.138,22.721,18,16,1,3003433,69,69,68,68,101,100,98,98,20.355,20.336,22.435,22.388,3192.427,97029,29978,0,200,3833,6,2,0,0,0,28,23,14,20,8,3,FALSE,0,FALSE
154.84647,7.048,6.95,5.534,5.139,22.707,18,16,1,2994793,70,69,68,68,100,100,98,98,20.351,20.331,22.429,22.382,3233.286,97029,29978,0,200,3784,6,2,0,0,0,28,23,14,20,8,3,FALSE,0,FALSE
155.34595,7.057,6.958,5.534,5.139,22.693,18,16,1,2986153,70,69,68,68,100,100,98,97,20.346,20.327,22.422,22.376,3274.773,97029,29978,0,184,3784,6,2,0,0,0,28,23,14,20,8,3,FALSE,0,FALSE
155.84937,7.065,6.966,5.534,5.139,22.679,18,16,1,2977513,70,69,68,68,100,100,98,97,20.341,20.322,22.415,22.369,3316.853,97029,29978,0,150,3750,6,2,0,0,0,28,23,14,20,8,3,FALSE,0,FALSE
156.34647,7.083,6.984,5.558,5.163,22.67,18,16,1,2990763.8,71,71,73,73,100,100,98,97,20.338,20.319,22.41,22.364,3358.142,97029,29978,0,150,3750,6,2,0,0,0,28,23,14,20,8,3,FALSE,0,FALSE
156.84996,7.104,7.005,5.577,5.182,22.669,18,16,1,3023776,69,69,70,70,100,100,98,97,20.338,20.319,22.413,22.367,3391.93,97029,29978,0,150,3717,6,2,0,0,0,28,23,14,20,8,3,FALSE,0,FALSE
157.34781,7.115,7.021,5.594,5.199,22.668,18,16,1,3052387.8,68,70,71,72,100,100,98,97,20.338,20.32,22.416,22.371,3420.056,97029,29978,0,134,3717,6,2,0,0,0,28,23,14,20,8,3,FALSE,0,FALSE
157.85077,7.15,7.069,5.657,5.277,22.668,18,16,1,3077138.2,73,79,82,89,100,100,98,97,20.34,20.324,22.422,22.379,3444.003,97029,29978,0,134,3817,6,2,0,0,0,28,23,14,20,8,3,FALSE,0,FALSE
158.3505,7.184,7.113,5.735,5.384,22.665,18,16,1,3092082.2,75,80,88,101,100,100,98,98,20.344,20.331,22.432,22.393,3466.463,97029,29978,0,233,3817,6,2,0,0,0,28,23,14,20,8,3,FALSE,0,FALSE
158.85172,7.226,7.165,5.795,5.461,22.657,18,16,1,3098718.8,78,85,87,97,100,100,99,98,20.348,20.339,22.442,22.408,3491.071,97029,29978,0,233,3834,6,2,0,0,0,28,23,14,20,8,3,FALSE,0,FALSE
159.3443,7.267,7.218,5.844,5.524,22.648,18,16,1,3105244.2,78,85,83,92,100,100,99,98,20.354,20.347,22.45,22.42,3512.191,97029,29978,0,250,3834,6,2,0,0,0,28,23,14,20,8,3,FALSE,0,FALSE
159.85062,7.306,7.265,5.874,5.559,22.637,18,16,1,3111713.8,77,82,76,81,101,101,99,98,20.358,20.355,22.456,22.429,3535.136,97029,29978,0,250,3834,6,2,0,0,0,28,23,14,20,8,3,FALSE,0,FALSE
160.34851,7.341,7.305,5.901,5.588,22.624,18,16,1,3115840.8,76,80,75,78,101,101,99,98,20.361,20.36,22.458,22.434,3558.869,97029,29978,0,300,3883,6,2,0,0,0,28,23,14,20,8,3,FALSE,0,FALSE
160.84912,7.392,7.365,5.938,5.629,22.612,18,16,1,3118680.8,78,84,76,79,101,101,99,98,20.365,20.366,22.46,22.437,3584.126,97029,29978,0,300,3883,6,2,0,0,0,28,23,14,20,8,3,FALSE,0,FALSE
161.3481,7.446,7.429,5.981,5.674,22.598,18,16,1,3112161,78,83,76,80,101,101,99,99,20.368,20.373,22.463,22.441,3611.158,97029,29978,0,350,3900,6,2,0,0,0,28,23,14,20,8,3,FALSE,0,FALSE
161.84943,7.49,7.482,6.017,5.712,22.584,18,16,1,3104874.8,75,80,75,77,101,101,99,99,20.371,20.378,22.464,22.444,3640.147,97029,29978,0,350,3883,6,2,0,0,0,28,23,14,20,8,3,FALSE,0,FALSE
162.34918,7.523,7.523,6.043,5.738,22.572,18,16,1,3080990.5,73,77,73,74,101,101,99,99,20.371,20.38,22.463,22.445,3671.232,97029,29978,0,350,3883,6,2,0,0,0,28,23,14,20,8,3,FALSE,0,FALSE
162.85112,7.543,7.548,6.054,5.747,22.558,18,16,1,3064501.8,69,72,69,69,101,101,99,99,20.37,20.381,22.462,22.443,3704.305,97029,29978,0,350,3883,6,2,0,0,0,28,23,14,20,8,3,FALSE,0,FALSE
163.35031,7.562,7.564,6.066,5.759,22.544,18,16,1,3055861.8,72,71,72,70,101,101,99,98,20.368,20.379,22.458,22.439,3738.454,97029,29978,0,366,3883,6,2,0,0,0,28,23,14,20,8,3,FALSE,0,FALSE
163.85057,7.64,7.629,6.163,5.844,22.53,18,16,1,3047221.8,84,79,88,82,101,101,99,98,20.369,20.379,22.459,22.439,3772.88,97029,29978,0,366,3883,6,2,0,0,0,28,23,14,20,8,3,FALSE,0,FALSE
164.34625,7.727,7.701,6.265,5.936,22.516,18,16,1,3038581.8,83,78,87,82,101,101,99,98,20.373,20.38,22.462,22.44,3808.452,97029,29978,0,366,3866,6,2,0,0,0,28,23,14,20,8,3,FALSE,0,FALSE
164.85103,7.821,7.779,6.378,6.037,22.503,18,16,1,3035443.2,84,79,89,83,101,101,99,99,20.377,20.381,22.465,22.441,3845.264,97029,29978,0,367,3866,6,2,0,0,0,28,23,14,20,8,3,FALSE,0,FALSE
165.34789,7.916,7.857,6.502,6.147,22.49,18,16,1,3026803.2,85,80,91,85,101,101,99,99,20.38,20.382,22.468,22.441,3882.37,97029,29978,0,384,3884,6,2,0,0,0,28,23,14,20,8,3,FALSE,0,FALSE
165.84613,8.001,7.927,6.595,6.232,22.476,18,16,1,3018163.2,81,77,85,80,101,101,99,99,20.382,20.382,22.47,22.441,3919.388,97029,29978,0,384,3884,6,2,0,0,0,28,23,14,20,8,3,FALSE,0,FALSE
166.35,8.075,7.988,6.675,6.306,22.462,18,16,1,3009523.2,81,76,82,78,101,101,99,98,20.383,20.381,22.47,22.439,3955.586,97029,29978,0,366,3866,6,2,0,0,0,28,23,14,20,8,3,FALSE,0,FALSE
166.84865,8.125,8.029,6.713,6.346,22.448,18,16,1,3000883.2,76,73,74,71,101,101,99,98,20.382,20.378,22.467,22.435,3992.338,97029,29978,0,383,3866,6,2,0,0,0,28,23,14,20,8,3,FALSE,0,FALSE
167.34973,8.142,8.045,6.719,6.354,22.435,18,16,1,2998290.2,69,69,67,67,101,101,99,98,20.377,20.373,22.46,22.427,4030.051,97029,29978,40007,383,3866,6,2,0,0,0,28,23,14,20,8,3,FALSE,0,FALSE
167.85104,8.195,8.092,6.769,6.407,22.433,18,16,1,3029689.5,81,75,79,78,101,101,99,98,20.376,20.371,22.459,22.427,4062.594,97029,29978,40007,367,3867,6,2,0,0,0,28,23,14,20,8,3,FALSE,0,FALSE
168.34927,8.287,8.164,6.853,6.478,22.433,18,16,1,3058284,87,80,89,82,101,101,99,98,20.384,20.375,22.466,22.433,4088.62,97029,29978,40007,367,3867,6,2,0,0,0,28,23,14,20,8,3,FALSE,0,FALSE
168.84998,8.33,8.195,6.917,6.53,22.433,18,16,1,3082769.5,81,75,90,82,101,101,99,98,20.391,20.379,22.475,22.439,4110.992,97029,29978,40007,367,3867,6,2,0,0,0,28,23,14,20,8,3,FALSE,0,FALSE
169.34868,8.371,8.226,7.006,6.595,22.432,18,16,1,3095755.2,81,75,99,87,101,101,99,99,20.397,20.382,22.487,22.447,4131.039,97029,29978,40007,367,3834,6,2,0,0,0,28,23,14,20,8,3,FALSE,0,FALSE
169.84918,8.407,8.253,7.083,6.652,22.427,18,16,1,3102667.5,81,75,100,87,101,101,100,99,20.402,20.384,22.5,22.456,4153.677,97029,29978,40007,334,3834,6,2,0,0,0,28,23,14,20,8,3,FALSE,0,FALSE
170.34798,8.443,8.283,7.139,6.693,22.421,18,16,1,3109328,81,76,94,83,101,101,100,99,20.407,20.387,22.513,22.463,4174.189,97029,29978,40007,334,3866,6,2,0,0,0,28,23,14,20,8,3,FALSE,0,FALSE
170.85071,8.475,8.312,7.154,6.705,22.41,18,16,1,3111680.2,78,75,79,73,102,101,100,99,20.412,20.389,22.519,22.466,4194.434,97029,29978,40007,334,3866,6,2,0,0,0,28,23,14,20,8,3,FALSE,0,FALSE
171.34692,8.512,8.349,7.165,6.716,22.396,18,16,1,3097201.8,80,78,74,70,102,101,100,99,20.414,20.391,22.521,22.466,4216.797,97029,29978,40007,366,3866,6,2,0,0,0,28,23,14,20,8,3,FALSE,0,FALSE
171.84894,8.559,8.395,7.17,6.722,22.384,18,16,1,3066707.5,78,76,69,68,102,101,100,99,20.419,20.395,22.521,22.465,4242.274,97029,29978,40007,366,3934,6,2,0,0,0,28,23,14,20,8,3,FALSE,0,FALSE
172.34898,8.577,8.413,7.17,6.722,22.37,18,16,1,3022661.2,72,72,67,67,102,101,100,99,20.419,20.395,22.518,22.463,4270.385,97029,29978,40007,417,3934,6,2,0,0,0,28,23,14,20,8,3,FALSE,0,FALSE
172.84875,8.592,8.428,7.17,6.722,22.357,18,16,1,2976761.2,70,71,68,67,102,101,100,99,20.418,20.393,22.515,22.459,4300.89,97029,29978,40007,417,3934,6,2,0,0,0,28,23,14,20,8,3,FALSE,0,FALSE
173.34677,8.607,8.443,7.17,6.722,22.343,18,16,1,2919923,70,70,67,67,102,101,100,99,20.415,20.391,22.511,22.456,4333.414,97029,29978,40007,434,3950,6,2,0,0,0,28,23,14,20,8,3,FALSE,0,FALSE
173.8491,8.621,8.457,7.17,6.722,22.33,18,16,1,2862308,70,70,67,68,102,101,100,99,20.413,20.389,22.507,22.452,4367.884,97029,29978,40007,416,3950,6,2,0,0,0,28,23,14,20,8,3,FALSE,0,FALSE
174.349,8.634,8.469,7.17,6.722,22.317,18,16,1,2810392.5,70,70,68,67,102,101,100,99,20.409,20.385,22.501,22.447,4403.941,97029,29978,40007,416,3934,6,2,0,0,0,28,23,14,20,8,3,FALSE,0,FALSE
174.84987,8.646,8.48,7.17,6.722,22.303,18,16,1,2778897.5,69,69,68,68,101,101,99,99,20.405,20.382,22.496,22.442,4441.347,97029,29978,40007,400,3934,6,2,0,0,0,28,23,14,20,8,3,FALSE,0,FALSE
175.34764,8.656,8.49,7.17,6.722,22.289,18,16,1,2770257.5,69,69,68,68,101,101,99,98,20.401,20.377,22.49,22.436,4479.828,97029,29978,40007,383,3900,6,2,0,0,0,28,23,14,20,8,3,FALSE,0,FALSE
175.84692,8.664,8.498,7.17,6.722,22.275,18,16,1,2761617.5,69,69,68,68,101,101,99,98,20.396,20.373,22.483,22.43,4519.244,97029,29978,40007,350,3867,6,2,0,0,0,28,23,14,20,8,3,FALSE,0,FALSE
176.34857,8.673,8.507,7.17,6.722,22.261,18,16,1,2752977.5,69,69,68,68,101,101,99,98,20.391,20.368,22.477,22.423,4559.505,97029,29978,40007,350,3867,6,2,0,0,0,28,23,14,20,8,3,FALSE,0,FALSE
176.85046,8.68,8.515,7.17,6.722,22.249,18,16,1,2749888.5,69,69,68,68,101,101,99,98,20.386,20.362,22.469,22.416,4600.527,97029,29978,40007,333,3850,6,2,0,0,0,28,23,14,20,8,3,FALSE,0,FALSE
177.34836,8.689,8.524,7.17,6.722,22.235,18,16,1,2741248.5,71,70,69,69,101,101,99,98,20.38,20.357,22.462,22.409,4642.099,97029,29978,40007,300,3850,6,2,0,0,0,28,23,14,20,8,3,FALSE,0,FALSE
177.85056,8.697,8.532,7.17,6.722,22.221,18,16,1,2732608.5,70,70,69,68,101,100,99,98,20.375,20.352,22.454,22.402,4684.287,97029,29978,40007,283,3783,6,2,0,0,0,28,23,14,20,8,3,FALSE,0,FALSE
178.34608,8.705,8.541,7.17,6.722,22.207,18,16,1,2723968.5,70,70,69,69,101,100,99,98,20.369,20.346,22.446,22.394,4727.019,97029,29978,40007,283,3783,6,2,0,0,0,28,23,14,20,8,3,FALSE,0,FALSE
178.84499,8.713,8.549,7.17,6.722,22.193,18,16,1,2715328.5,70,70,69,69,101,100,98,98,20.362,20.34,22.438,22.386,4770.218,97029,29978,40007,283,3783,6,2,0,0,0,28,23,14,20,8,3,FALSE,0,FALSE
179.35033,8.727,8.563,7.186,6.737,22.181,18,16,1,2718994,71,71,73,73,101,100,98,97,20.356,20.334,22.43,22.379,4813.328,97029,29978,40007,250,3733,6,2,0,0,0,28,23,14,20,8,3,FALSE,0,FALSE
179.84035,8.763,8.597,7.228,6.774,22.179,18,16,1,2751871.2,71,71,73,73,101,100,98,98,20.356,20.333,22.433,22.381,4848.31,97029,29978,40007,250,3733,6,2,0,0,0,28,23,14,20,8,3,FALSE,0,FALSE
180.34895,8.784,8.62,7.245,6.791,22.178,18,16,1,2781437.5,70,69,71,71,101,100,98,98,20.357,20.335,22.438,22.386,4877.574,97029,29978,40007,250,3783,6,2,0,0,0,28,23,14,20,8,3,FALSE,0,FALSE
180.84743,8.802,8.635,7.261,6.808,22.178,18,16,1,2805432.5,71,69,73,71,101,100,99,98,20.359,20.336,22.442,22.391,4900.174,97029,29978,40007,250,3783,6,2,0,0,0,28,23,14,20,8,3,FALSE,0,FALSE
181.34569,8.831,8.655,7.304,6.841,22.178,18,16,1,2823194.2,76,70,82,76,101,100,99,98,20.363,20.338,22.449,22.397,4918.329,97029,29978,40007,283,3783,6,2,0,0,0,28,23,14,20,8,3,FALSE,0,FALSE
181.8482,8.86,8.675,7.344,6.872,22.177,18,16,1,2830472,77,71,85,77,101,100,99,98,20.368,20.341,22.459,22.403,4935.802,97029,29978,40007,283,3783,6,2,0,0,0,28,23,14,20,8,3,FALSE,0,FALSE
182.34612,8.897,8.709,7.388,6.899,22.171,18,16,1,2837048.5,84,78,88,79,101,100,99,98,20.374,20.344,22.468,22.408,4959.974,97029,29978,40007,283,3867,6,2,0,0,0,28,23,14,20,8,3,FALSE,0,FALSE
182.84523,8.932,8.74,7.415,6.92,22.162,18,16,1,2843323.5,82,77,82,75,101,100,99,98,20.382,20.349,22.477,22.414,4977.335,97029,29978,40007,367,3867,6,2,0,0,0,28,23,14,20,8,3,FALSE,0,FALSE
183.3464,8.958,8.763,7.428,6.931,22.152,18,16,1,2846420,77,74,76,71,101,100,99,98,20.387,20.353,22.483,22.417,4997.126,97029,29978,40007,367,3833,6,2,0,0,0,28,23,14,20,8,3,FALSE,0,FALSE
183.84518,8.994,8.798,7.444,6.946,22.139,18,16,1,2845807.8,78,76,74,69,101,101,99,98,20.392,20.356,22.486,22.419,5018.49,97029,29978,40007,317,3833,6,2,0,0,0,28,23,14,20,8,3,FALSE,0,FALSE
184.34525,9.036,8.837,7.458,6.959,22.125,18,16,1,2840742.5,78,75,72,69,101,101,99,98,20.396,20.36,22.488,22.42,5041.937,97029,29978,40007,317,3833,6,2,0,0,0,28,23,14,20,8,3,FALSE,0,FALSE
184.84895,9.061,8.86,7.463,6.965,22.113,18,16,1,2814051,74,72,69,67,101,101,99,98,20.399,20.362,22.489,22.42,5068.554,97029,29978,40007,316,3833,6,2,0,0,0,28,23,14,20,8,3,FALSE,0,FALSE
185.34573,9.08,8.878,7.463,6.965,22.099,18,16,1,2765254.5,71,70,67,66,101,101,99,98,20.399,20.362,22.487,22.419,5098.212,97029,29978,40007,316,3833,6,2,0,0,0,28,23,14,20,8,3,FALSE,0,FALSE
185.84798,9.095,8.894,7.463,6.965,22.086,18,16,1,2715553,70,70,66,67,101,101,99,98,20.399,20.361,22.485,22.417,5129.975,97029,29978,40007,333,3833,6,2,0,0,0,28,23,14,20,8,3,FALSE,0,FALSE
186.34364,9.108,8.908,7.463,6.965,22.073,18,16,1,2659858.5,71,70,67,68,101,101,99,98,20.398,20.36,22.482,22.415,5162.592,97029,29978,40007,333,3833,6,2,0,0,0,28,23,14,20,8,3,FALSE,0,FALSE
186.8453,9.12,8.92,7.463,6.965,22.059,18,16,1,2628635.5,70,69,68,68,101,101,99,98,20.396,20.359,22.478,22.412,5199.244,97029,29978,40007,317,3817,6,2,0,0,0,28,23,14,20,8,3,FALSE,0,FALSE
187.34631,9.129,8.929,7.463,6.965,22.046,18,16,1,2619995.5,69,69,68,68,101,101,99,98,20.393,20.356,22.474,22.408,5235.955,97029,29978,40007,316,3800,6,2,0,0,0,28,23,14,20,8,3,FALSE,0,FALSE
187.84799,9.139,8.938,7.463,6.965,22.032,18,16,1,2611355.5,69,69,68,68,101,100,99,98,20.39,20.353,22.47,22.404,5273.761,97029,29978,40007,316,3800,6,2,0,0,0,28,23,14,20,8,3,FALSE,0,FALSE
188.34384,9.147,8.946,7.463,6.965,22.018,18,16,1,2603003.5,69,69,68,68,101,100,99,98,20.387,20.35,22.465,22.4,5311.25,97029,29978,40007,300,3767,6,2,0,0,0,28,23,14,20,8,3,FALSE,0,FALSE
188.84535,9.156,8.955,7.463,6.965,22.004,18,16,1,2594075.5,69,69,68,68,101,100,99,98,20.383,20.347,22.46,22.394,5352.228,97029,29978,40007,284,3750,6,2,0,0,0,28,23,14,20,8,3,FALSE,0,FALSE
189.34203,9.164,8.963,7.463,6.965,21.992,18,16,1,2591112,69,69,68,68,101,100,99,98,20.379,20.343,22.454,22.389,5391.214,97029,29978,40007,267,3717,6,2,0,0,0,28,23,14,20,8,3,FALSE,0,FALSE
189.84288,9.172,8.971,7.463,6.965,21.978,18,16,2,2582472,69,69,68,68,101,100,99,98,20.374,20.338,22.447,22.383,23.266,92504,0,0,267,3716,6,3,0,0,0,28,23,14,20,8,3,FALSE,0,FALSE
190.34596,9.181,8.979,7.463,6.965,21.964,18,16,2,2573544,70,69,68,68,101,100,99,97,20.369,20.334,22.44,22.376,66.23,92504,0,0,283,3716,6,3,0,0,0,28,23,14,20,8,3,FALSE,0,FALSE
190.84348,9.189,8.987,7.463,6.965,21.951,18,16,2,2565192,69,69,68,68,101,100,98,97,20.364,20.329,22.433,22.369,106.911,92504,0,0,266,3683,6,3,0,0,0,28,23,14,20,8,3,FALSE,0,FALSE
191.84785,9.206,9.003,7.463,6.965,21.922,18,16,2,2547624,70,70,69,68,100,100,98,97,20.352,20.317,22.417,22.354,194.024,92504,0,0,234,3617,6,3,0,0,0,28,23,14,20,8,3,FALSE,0,FALSE
192.34904,9.214,9.011,7.463,6.965,21.909,18,16,2,2538984,70,70,68,68,100,100,98,97,20.346,20.311,22.409,22.346,237.533,92504,0,0,233,3617,6,3,0,0,0,28,23,14,20,8,3,FALSE,0,FALSE
192.84514,9.222,9.019,7.463,6.965,21.895,18,16,2,2530344,70,70,69,68,100,100,98,97,20.339,20.305,22.4,22.337,281.396,92504,0,0,216,3600,6,3,0,0,0,28,23,14,20,8,3,FALSE,0,FALSE
193.34474,9.23,9.027,7.463,6.965,21.881,18,16,2,2521704,70,70,69,68,100,99,98,97,20.333,20.298,22.391,22.329,325.596,92504,0,0,200,3567,6,3,0,0,0,28,23,14,20,8,3,FALSE,0,FALSE
193.84627,9.238,9.035,7.464,6.965,21.867,18,16,2,2513064,70,70,68,68,100,99,98,97,20.325,20.292,22.382,22.32,370.097,92504,0,0,184,3550,6,3,0,0,0,28,23,14,20,8,3,FALSE,0,FALSE
194.34868,9.248,9.043,7.464,6.967,21.853,18,16,2,2504424,71,71,69,69,100,99,97,96,20.318,20.284,22.372,22.311,414.832,92504,0,0,184,3550,6,3,0,0,0,28,23,14,20,8,3,FALSE,0,FALSE
194.84674,9.256,9.051,7.465,6.967,21.84,18,16,2,2495784,70,70,68,68,100,99,97,96,20.311,20.277,22.363,22.301,459.736,92504,0,0,167,3467,6,3,0,0,0,28,23,14,20,8,3,FALSE,0,FALSE
195.34885,9.264,9.06,7.465,6.967,21.826,18,16,2,2487172,70,70,68,68,100,99,97,96,20.303,20.27,22.353,22.292,504.778,92504,0,0,150,3467,6,3,0,0,0,28,23,14,20,8,3,FALSE,0,FALSE
195.83835,9.271,9.069,7.466,6.967,21.813,18,16,2,2478905,70,70,69,68,99,99,97,96,20.295,20.262,22.343,22.283,548.403,92504,0,0,166,3467,6,3,0,0,0,28,23,14,20,8,3,FALSE,0,FALSE
196.3493,9.283,9.083,7.477,6.979,21.8,18,16,2,2479875,71,71,72,71,99,99,97,96,20.287,20.255,22.333,22.273,594.826,92504,0,0,150,3467,6,3,0,0,0,28,23,14,20,8,3,FALSE,0,FALSE
196.84755,9.318,9.116,7.52,7.024,21.799,18,16,2,2515427.5,71,72,75,74,99,99,97,96,20.285,20.253,22.335,22.275,632.92,92504,0,0,150,3400,6,3,0,0,0,28,23,14,20,8,3,FALSE,0,FALSE
197.34633,9.354,9.152,7.555,7.06,21.797,18,16,2,2543298.8,73,72,75,75,99,99,97,96,20.287,20.256,22.342,22.282,662.064,92504,0,0,150,3400,6,3,0,0,0,28,23,14,20,8,3,FALSE,0,FALSE
197.84909,9.392,9.178,7.57,7.075,21.796,18,16,2,2565705.8,75,72,72,71,99,99,97,96,20.292,20.26,22.349,22.289,683.721,92504,0,0,150,3400,6,3,0,0,0,28,23,14,20,8,3,FALSE,0,FALSE
198.34843,9.402,9.199,7.582,7.08,21.796,18,16,2,2584263,71,71,71,70,99,99,97,96,20.296,20.264,22.355,22.295,700.563,92504,0,0,166,3400,6,3,0,0,0,28,23,14,20,8,3,FALSE,0,FALSE
198.84239,9.411,9.204,7.59,7.093,21.796,18,16,2,2599110.8,70,68,71,71,99,99,97,96,20.299,20.267,22.36,22.3,713.919,92504,0,0,166,3717,6,3,0,0,0,28,23,14,20,8,3,FALSE,0,FALSE
199.34686,9.421,9.21,7.603,7.104,21.796,18,16,2,2610828.5,69,67,73,71,100,99,97,96,20.302,20.27,22.366,22.306,724.795,92504,0,0,166,3717,6,3,0,0,0,28,23,14,20,8,3,FALSE,0,FALSE
199.84299,9.431,9.218,7.629,7.122,21.795,18,16,2,2615835.8,71,67,79,73,100,99,97,96,20.305,20.271,22.373,22.312,733.073,92504,0,0,166,3717,6,3,0,0,0,28,23,14,20,8,3,FALSE,0,FALSE
200.34709,9.442,9.229,7.675,7.143,21.794,18,16,2,2620684,70,69,90,75,100,99,98,96,20.308,20.274,22.383,22.318,749.257,92504,0,0,234,3717,6,3,0,0,0,28,23,14,20,8,3,FALSE,0,FALSE
200.84406,9.457,9.24,7.693,7.155,21.791,18,16,2,2625369,74,70,87,74,100,99,98,97,20.311,20.276,22.395,22.325,763.253,92504,0,0,234,3717,6,3,0,0,0,28,23,14,20,8,3,FALSE,0,FALSE
201.34958,9.469,9.252,7.696,7.158,21.786,18,16,2,2629576.8,73,70,78,70,100,99,98,97,20.315,20.279,22.404,22.33,774.397,92504,0,0,234,4017,6,3,0,0,0,28,23,14,20,8,3,FALSE,0,FALSE
201.84747,9.483,9.272,7.697,7.159,21.778,18,16,2,2632583.2,73,73,72,68,100,99,98,97,20.319,20.282,22.409,22.333,787.321,92504,0,0,234,4017,6,3,0,0,0,28,23,14,20,8,3,FALSE,0,FALSE
202.34645,9.499,9.291,7.699,7.162,21.768,18,16,2,2636375.5,73,73,68,67,100,99,98,97,20.323,20.286,22.412,22.335,802.862,92504,0,0,234,4017,6,3,0,0,0,28,23,14,20,8,3,FALSE,0,FALSE
202.84424,9.519,9.312,7.708,7.172,21.758,18,16,2,2643797.5,73,74,67,70,100,99,98,97,20.326,20.29,22.414,22.337,820.103,92504,0,0,400,3917,6,3,0,0,0,28,23,14,20,8,3,FALSE,0,FALSE
203.3474,9.543,9.339,7.723,7.189,21.748,18,16,2,2654060.8,73,76,70,73,100,99,98,97,20.329,20.294,22.415,22.34,842.403,92504,0,0,400,3917,6,3,0,0,0,28,23,14,20,8,3,FALSE,0,FALSE
203.84506,9.579,9.382,7.745,7.213,21.738,18,16,2,2660371.2,76,81,72,74,100,99,98,97,20.332,20.299,22.416,22.344,867.489,92504,0,0,234,3917,6,3,0,0,0,28,23,14,20,8,3,FALSE,0,FALSE
204.34747,9.613,9.418,7.759,7.227,21.725,18,16,2,2661369.2,75,78,70,71,100,100,98,97,20.335,20.305,22.418,22.346,890.293,92504,0,0,234,3933,6,3,0,0,0,28,23,14,20,8,3,FALSE,0,FALSE
204.84601,9.642,9.45,7.77,7.237,21.712,18,16,2,2661344.2,73,75,68,70,100,100,98,97,20.337,20.309,22.418,22.347,916.051,92504,0,0,233,3933,6,3,0,0,0,28,23,14,20,8,3,FALSE,0,FALSE
205.34581,9.662,9.474,7.774,7.24,21.698,18,16,2,2654812.5,72,72,68,68,100,100,98,97,20.338,20.31,22.416,22.347,944.844,92504,0,0,233,3916,6,3,0,0,0,28,23,14,20,8,3,FALSE,0,FALSE
205.84508,9.694,9.501,7.793,7.257,21.684,18,16,2,2647400,74,71,71,69,100,100,98,97,20.339,20.311,22.416,22.346,976.148,92504,0,0,200,3916,6,3,0,0,0,28,23,14,20,8,3,FALSE,0,FALSE
206.34697,9.724,9.525,7.81,7.275,21.671,18,16,2,2644763,73,70,71,69,100,100,98,97,20.34,20.31,22.415,22.345,1007.126,92504,0,0,200,3916,6,3,0,0,0,28,23,14,20,8,3,FALSE,0,FALSE
206.84787,9.746,9.542,7.817,7.284,21.658,18,16,2,2636152.2,70,68,69,67,100,100,98,97,20.339,20.309,22.413,22.342,1039.839,92504,0,0,200,3916,6,3,0,0,0,28,23,14,20,8,3,FALSE,0,FALSE
207.3483,9.759,9.554,7.818,7.285,21.644,18,16,2,2627512.2,68,67,67,66,100,100,98,97,20.337,20.306,22.409,22.339,1074.234,92504,0,0,200,3917,6,3,0,0,0,28,23,14,20,8,3,FALSE,0,FALSE
207.8432,9.771,9.563,7.818,7.286,21.632,18,16,2,2624594.2,68,67,67,66,100,100,98,97,20.334,20.303,22.405,22.334,1108.78,92504,0,0,200,3900,6,3,0,0,0,28,23,14,20,8,3,FALSE,0,FALSE
208.34862,9.781,9.573,7.818,7.286,21.617,18,16,2,2615666.2,68,67,67,67,100,99,98,97,20.33,20.299,22.4,22.33,1146.979,92504,0,0,183,3900,6,3,0,0,0,28,23,14,20,8,3,FALSE,0,FALSE
208.84938,9.79,9.583,7.818,7.286,21.603,18,16,2,2607026.2,67,67,67,67,100,99,98,97,20.326,20.295,22.394,22.325,1185.183,92504,0,0,183,3900,6,3,0,0,0,28,23,14,20,8,3,FALSE,0,FALSE
209.34747,9.799,9.592,7.818,7.286,21.59,18,16,2,2598386.2,68,68,68,68,100,99,98,97,20.321,20.291,22.389,22.319,1224.491,92504,0,0,183,3900,6,3,0,0,0,28,23,14,20,8,3,FALSE,0,FALSE
209.84602,9.807,9.602,7.818,7.286,21.576,18,16,2,2589746.2,67,68,68,68,100,99,98,96,20.316,20.286,22.382,22.314,1264.775,92504,0,0,166,3834,6,3,0,0,0,28,23,14,20,8,3,FALSE,0,FALSE
210.34468,9.815,9.61,7.819,7.286,21.564,18,16,2,2586856.2,68,68,68,68,100,99,97,96,20.311,20.281,22.376,22.308,1304.414,92504,0,0,167,3834,6,3,0,0,0,28,23,14,20,8,3,FALSE,0,FALSE
210.84096,9.822,9.62,7.819,7.286,21.55,18,16,2,2578216.2,68,68,68,68,100,99,97,96,20.305,20.276,22.369,22.301,1346.137,92504,0,0,166,3834,6,3,0,0,0,28,23,14,20,8,3,FALSE,0,FALSE
211.34718,9.831,9.629,7.82,7.286,21.535,18,16,2,2569288.2,68,68,68,68,99,99,97,96,20.299,20.27,22.361,22.294,1389.989,92504,0,0,166,3783,6,3,0,0,0,28,23,14,20,8,3,FALSE,0,FALSE
211.84717,9.86,9.657,7.861,7.325,21.53,18,16,2,2597483.2,71,71,75,74,99,99,97,96,20.296,20.268,22.36,22.293,1429.275,92504,0,0,150,3783,6,3,0,0,0,28,23,14,20,8,3,FALSE,0,FALSE
212.34618,9.885,9.678,7.881,7.341,21.529,18,16,2,2628223,70,69,70,70,99,99,97,96,20.297,20.269,22.365,22.298,1460.135,92504,0,0,134,3783,6,3,0,0,0,28,23,14,20,8,3,FALSE,0,FALSE
212.84607,9.901,9.691,7.894,7.355,21.528,18,16,2,2655226,71,68,72,70,99,99,97,96,20.299,20.27,22.369,22.302,1485.603,92504,0,0,134,3833,6,3,0,0,0,28,23,14,20,8,3,FALSE,0,FALSE
213.34508,9.941,9.722,7.942,7.395,21.528,18,16,2,2679079.2,78,73,82,76,100,99,97,96,20.304,20.273,22.376,22.308,1506.128,92504,0,0,134,3833,6,3,0,0,0,28,23,14,20,8,3,FALSE,0,FALSE
213.846,9.974,9.746,7.989,7.432,21.528,18,16,2,2697512,79,73,86,79,100,99,98,96,20.311,20.278,22.386,22.316,1522.835,92504,0,0,233,3867,6,3,0,0,0,28,23,14,20,8,3,FALSE,0,FALSE
214.34567,10.008,9.768,8.049,7.482,21.527,18,16,2,2708540,81,73,93,85,100,99,98,97,20.319,20.282,22.398,22.326,1548.365,92504,0,0,233,3867,6,3,0,0,0,28,23,14,20,8,3,FALSE,0,FALSE
214.84018,10.031,9.786,8.089,7.51,21.522,18,16,2,2714385,78,72,90,81,100,99,98,97,20.326,20.286,22.411,22.335,1568.297,92504,0,0,250,3867,6,3,0,0,0,28,23,14,20,8,3,FALSE,0,FALSE
215.84608,10.078,9.826,8.127,7.541,21.507,18,16,2,2726630.5,76,71,77,72,100,99,98,97,20.337,20.293,22.428,22.346,1603.7,92504,0,0,250,3884,6,3,0,0,0,28,23,14,20,8,3,FALSE,0,FALSE
216.84744,10.129,9.875,8.141,7.555,21.484,18,16,2,2724586.5,75,73,70,67,100,99,98,97,20.345,20.299,22.433,22.35,1644.585,92504,0,0,267,3884,6,3,0,0,0,28,23,14,20,8,3,FALSE,0,FALSE
217.34169,10.157,9.902,8.143,7.557,21.471,18,16,2,2720584.8,73,73,68,65,100,100,98,97,20.348,20.301,22.433,22.349,1668.292,92504,0,0,233,3816,6,3,0,0,0,28,23,14,20,8,3,FALSE,0,FALSE
217.84325,10.18,9.925,8.143,7.557,21.458,18,16,2,2720365.5,71,70,66,65,100,100,98,97,20.349,20.303,22.432,22.348,1695.256,92504,0,0,233,3816,6,3,0,0,0,28,23,14,20,8,3,FALSE,0,FALSE
218.3444,10.195,9.942,8.146,7.56,21.444,18,16,2,2713393.2,70,71,67,68,100,100,98,97,20.35,20.303,22.43,22.346,1724.257,92504,0,0,217,3784,6,3,0,0,0,28,23,14,20,8,3,FALSE,0,FALSE
218.84421,10.214,9.965,8.158,7.571,21.431,18,16,2,2710984.5,70,72,68,70,100,100,98,97,20.349,20.304,22.428,22.345,1755.059,92504,0,0,217,3784,6,3,0,0,0,28,23,14,20,8,3,FALSE,0,FALSE
219.34209,10.236,9.994,8.176,7.588,21.418,18,16,2,2702471,70,73,69,71,100,100,98,97,20.348,20.305,22.426,22.344,1787.481,92504,0,0,200,3767,6,3,0,0,0,28,23,14,20,8,3,FALSE,0,FALSE
219.84549,10.261,10.027,8.197,7.608,21.403,18,16,2,2693543,70,75,72,71,100,100,98,97,20.347,20.305,22.424,22.343,1823.556,92504,30032,0,200,3767,6,3,0,0,0,28,23,14,20,8,3,FALSE,0,FALSE
220.3457,10.293,10.06,8.237,7.642,21.4,18,16,2,2717923.2,75,73,79,75,100,100,98,97,20.346,20.306,22.423,22.343,1857.48,92504,30032,0,200,3767,6,3,0,0,0,28,23,14,20,8,3,FALSE,0,FALSE
220.8475,10.367,10.117,8.363,7.745,21.4,18,16,2,2742794.2,83,77,98,88,100,100,98,97,20.351,20.309,22.431,22.348,1885.571,92504,30032,0,200,3766,6,3,0,0,0,28,23,14,20,8,3,FALSE,0,FALSE
221.34673,10.425,10.158,8.488,7.848,21.395,18,16,2,2750186.5,83,75,100,92,101,100,99,97,20.357,20.312,22.443,22.357,1914.274,92504,30032,0,200,3766,6,3,0,0,0,28,23,14,20,8,3,FALSE,0,FALSE
221.84683,10.489,10.204,8.587,7.933,21.389,18,16,2,2756711.8,83,75,94,86,101,100,99,97,20.364,20.315,22.454,22.365,1942.675,92504,30032,0,250,3800,6,3,0,0,0,28,23,14,20,8,3,FALSE,0,FALSE
222.34395,10.53,10.235,8.625,7.965,21.381,18,16,2,2760215,78,72,80,75,101,100,99,97,20.368,20.316,22.46,22.369,1967.642,92504,30032,0,250,3800,6,3,0,0,0,28,23,14,20,8,3,FALSE,0,FALSE
222.84703,10.55,10.257,8.634,7.974,21.367,18,16,2,2757889.2,71,71,70,71,101,100,99,97,20.369,20.316,22.46,22.368,1995.873,92504,30032,0,250,3817,6,3,0,0,0,28,23,14,20,8,3,FALSE,0,FALSE
223.34238,10.585,10.3,8.681,8.031,21.357,18,16,2,2762633.5,75,78,76,82,101,100,99,97,20.368,20.317,22.458,22.369,2025.421,92504,30032,0,250,3817,6,3,0,0,0,28,23,14,20,8,3,FALSE,0,FALSE
223.84798,10.641,10.368,8.758,8.13,21.346,18,16,2,2767707.8,78,82,82,90,101,100,99,97,20.369,20.32,22.459,22.374,2057.165,92504,30032,0,284,3817,6,3,0,0,0,28,23,14,20,8,3,FALSE,0,FALSE
224.34676,10.701,10.44,8.807,8.188,21.332,18,16,2,2762709.5,77,81,76,81,101,100,99,97,20.371,20.325,22.459,22.377,2086.675,92504,30032,0,284,3917,6,3,0,0,0,28,23,14,20,8,3,FALSE,0,FALSE
224.84837,10.73,10.477,8.826,8.207,21.32,18,16,2,2760114.2,70,73,70,71,101,100,99,97,20.37,20.326,22.457,22.376,2118.067,92504,30032,0,333,3917,6,3,0,0,0,28,23,14,20,8,3,FALSE,0,FALSE
225.34741,10.748,10.501,8.839,8.219,21.306,18,16,2,2751484,70,73,70,71,101,100,99,97,20.367,20.325,22.452,22.373,2151.029,92504,30032,0,350,3917,6,3,0,0,0,28,23,14,20,8,3,FALSE,0,FALSE
225.846,10.769,10.525,8.862,8.241,21.297,18,16,2,2763857.8,72,72,74,74,101,100,99,97,20.365,20.324,22.449,22.37,2183.917,92504,30032,0,350,3917,6,3,0,0,0,28,23,14,20,8,3,FALSE,0,FALSE
226.34338,10.796,10.553,8.89,8.268,21.296,18,16,2,2790281,72,72,74,74,101,100,99,97,20.366,20.325,22.452,22.374,2208.903,92504,30032,0,384,4000,6,3,0,0,0,28,23,14,20,8,3,FALSE,0,FALSE
226.84308,10.807,10.562,8.897,8.277,21.296,18,16,2,2813295.2,69,69,72,70,101,100,99,97,20.367,20.327,22.457,22.378,2228.95,92504,30032,0,384,4000,6,3,0,0,0,28,23,14,20,8,3,FALSE,0,FALSE
227.34756,10.822,10.571,8.916,8.296,21.296,18,16,2,2831855.8,72,67,75,73,101,100,99,98,20.369,20.328,22.461,22.382,2246.288,92504,30032,0,384,4000,6,3,0,0,0,28,23,14,20,8,3,FALSE,0,FALSE
227.84752,10.843,10.586,8.944,8.316,21.296,18,16,2,2843379.2,74,69,79,73,101,100,99,98,20.372,20.329,22.467,22.387,2259.63,92504,30032,0,384,4117,6,3,0,0,0,28,23,14,20,8,3,FALSE,0,FALSE
228.34433,10.858,10.598,8.983,8.342,21.296,18,16,2,2853811.5,74,70,87,77,101,100,99,98,20.375,20.33,22.474,22.392,2272.698,92504,30032,0,434,4117,6,3,0,0,0,28,23,14,20,8,3,FALSE,0,FALSE
228.84593,10.874,10.61,9.036,8.379,21.294,18,16,2,2860505.8,75,70,95,82,101,100,99,98,20.378,20.332,22.486,22.399,2290.864,92504,30032,0,434,4116,6,3,0,0,0,28,23,14,20,8,3,FALSE,0,FALSE
229.34233,10.895,10.626,9.056,8.396,21.29,18,16,2,2866215.8,78,72,89,79,101,100,99,98,20.383,20.334,22.497,22.406,2303.238,92504,30032,0,434,4116,6,3,0,0,0,28,23,14,20,8,3,FALSE,0,FALSE
229.84671,10.916,10.643,9.069,8.406,21.284,18,16,2,2872883,77,72,82,74,101,100,100,98,20.387,20.336,22.505,22.411,2316.201,92504,30032,0,434,4116,6,3,0,0,0,28,23,14,20,8,3,FALSE,0,FALSE
230.34535,10.932,10.661,9.074,8.411,21.276,18,16,2,2878968.2,76,73,75,70,101,100,100,98,20.391,20.338,22.51,22.414,2330.035,92504,30032,0,300,4116,6,3,0,0,0,28,23,14,20,8,3,FALSE,0,FALSE
230.84663,10.97,10.702,9.08,8.417,21.265,18,16,2,2885762.5,81,80,72,68,101,100,100,98,20.395,20.342,22.512,22.415,2346.202,92504,30032,0,300,4100,6,3,0,0,0,28,23,14,20,8,3,FALSE,0,FALSE
231.34538,10.995,10.729,9.08,8.417,21.253,18,16,2,2890295.8,77,77,68,66,101,100,100,98,20.4,20.347,22.512,22.415,2365.476,92504,30032,0,300,4100,6,3,0,0,0,28,23,14,20,8,3,FALSE,0,FALSE
231.84343,11.016,10.754,9.081,8.418,21.241,18,16,2,2892260.2,74,74,66,66,101,100,100,98,20.402,20.35,22.511,22.413,2386.632,92504,30032,0,283,4100,6,3,0,0,0,28,23,14,20,8,3,FALSE,0,FALSE
232.33888,11.034,10.773,9.081,8.418,21.227,18,16,2,2887302.5,72,71,66,66,101,100,100,98,20.403,20.351,22.509,22.412,2411.151,92504,30032,0,283,4100,6,3,0,0,0,28,23,14,20,8,3,FALSE,0,FALSE
232.84529,11.049,10.79,9.081,8.418,21.214,18,16,2,2886454.5,70,69,66,66,101,100,100,98,20.403,20.35,22.505,22.41,2438.849,92504,30032,0,267,4100,6,3,0,0,0,28,23,14,20,8,3,FALSE,0,FALSE
233.34602,11.062,10.804,9.081,8.418,21.2,18,16,2,2879407.8,69,69,66,66,101,100,100,98,20.401,20.349,22.502,22.407,2467.844,92504,30032,0,267,4083,6,3,0,0,0,28,23,14,20,8,3,FALSE,0,FALSE
233.84439,11.073,10.814,9.081,8.418,21.189,18,16,2,2877088.2,69,68,66,66,101,100,99,98,20.399,20.347,22.498,22.404,2497.515,92504,30032,0,250,4083,6,3,0,0,0,28,23,14,20,8,3,FALSE,0,FALSE
234.34346,11.085,10.825,9.081,8.418,21.175,18,16,2,2868570.2,69,69,67,66,101,100,99,98,20.396,20.344,22.494,22.4,2529.825,92504,30032,0,233,4083,6,3,0,0,0,28,23,14,20,8,3,FALSE,0,FALSE
234.8472,11.103,10.849,9.095,8.431,21.16,18,16,2,2859642.2,70,72,69,70,101,100,99,98,20.393,20.342,22.489,22.396,2564.913,92504,30032,0,233,4083,6,3,0,0,0,28,23,14,20,8,3,FALSE,0,FALSE
235.34464,11.126,10.88,9.117,8.452,21.147,18,16,2,2851290.2,70,73,70,72,101,100,99,98,20.39,20.341,22.485,22.393,2598.755,92504,30032,0,250,4083,6,3,0,0,0,28,23,14,20,8,3,FALSE,0,FALSE
235.84492,11.16,10.924,9.163,8.498,21.141,18,16,2,2874113.2,72,75,75,77,101,100,99,98,20.388,20.341,22.484,22.393,2633.984,92504,30032,0,234,4083,6,3,0,0,0,28,23,14,20,8,3,FALSE,0,FALSE
236.34613,11.189,10.962,9.196,8.531,21.14,18,16,2,2902731,72,75,74,77,101,100,99,98,20.389,20.344,22.486,22.397,2664.083,92504,30032,0,234,4083,6,3,0,0,0,28,23,14,20,8,3,FALSE,0,FALSE
237.34306,11.219,10.999,9.224,8.558,21.139,18,16,2,2947148,69,71,70,72,101,100,99,98,20.392,20.35,22.492,22.407,2704.783,92504,30032,0,300,4133,6,3,0,0,0,28,23,14,20,8,3,FALSE,0,FALSE
238.34648,11.238,11.024,9.255,8.594,21.139,18,16,2,2977851,68,72,74,78,101,101,99,98,20.394,20.356,22.498,22.416,2731.693,92504,30032,0,300,4283,6,3,0,0,0,28,23,14,20,8,3,FALSE,0,FALSE
238.84543,11.249,11.036,9.274,8.626,21.137,18,16,2,2983866.5,70,72,75,84,101,101,100,98,20.395,20.359,22.503,22.424,2740.569,92504,30032,0,383,4283,6,3,0,0,0,28,23,14,20,8,3,FALSE,0,FALSE
239.34727,11.266,11.051,9.286,8.647,21.133,18,16,2,2989293.2,74,74,75,85,101,101,100,98,20.397,20.362,22.506,22.433,2763.052,92504,30032,0,383,4283,6,3,0,0,0,28,23,14,20,8,3,FALSE,0,FALSE
239.83165,11.281,11.07,9.297,8.66,21.128,18,16,2,2994956.2,74,76,74,81,101,101,100,99,20.4,20.366,22.51,22.441,2773.668,92504,30032,0,383,4283,6,3,0,0,0,28,23,14,20,8,3,FALSE,0,FALSE
240.34242,11.308,11.097,9.304,8.668,21.121,18,16,2,3001693.5,77,79,71,76,101,101,100,99,20.404,20.372,22.512,22.447,2786.158,92504,30032,0,383,4433,6,3,0,0,0,28,23,14,20,8,3,FALSE,0,FALSE
240.84154,11.328,11.115,9.304,8.668,21.111,18,16,2,3004798.8,76,76,67,70,101,101,100,99,20.408,20.377,22.513,22.45,2801.402,92504,30032,0,500,4433,6,3,0,0,0,28,23,14,20,8,3,FALSE,0,FALSE
241.34264,11.367,11.15,9.305,8.668,21.099,18,16,2,3009584,80,79,66,67,102,101,100,99,20.413,20.382,22.512,22.45,2819.388,92504,30032,0,500,4433,6,3,0,0,0,28,23,14,20,8,3,FALSE,0,FALSE
241.84091,11.399,11.181,9.305,8.668,21.087,18,16,2,3012941.5,76,76,65,66,102,101,100,99,20.418,20.387,22.511,22.45,2840.197,92504,30032,0,500,4316,6,3,0,0,0,28,23,14,20,8,3,FALSE,0,FALSE
242.34384,11.424,11.205,9.305,8.668,21.073,18,16,2,3008406.8,73,73,65,66,102,101,100,99,20.421,20.39,22.509,22.448,2863.814,92504,30032,0,383,4316,6,3,0,0,0,28,23,14,20,8,3,FALSE,0,FALSE
242.84213,11.441,11.222,9.305,8.668,21.061,18,16,2,3008034.2,70,70,66,66,102,101,100,99,20.421,20.39,22.506,22.446,2889.959,92504,30032,0,383,4316,6,3,0,0,0,28,23,14,20,8,3,FALSE,0,FALSE
243.34587,11.456,11.237,9.305,8.668,21.047,18,16,2,3000973.2,69,69,66,66,102,101,100,99,20.42,20.389,22.503,22.444,2919.424,92504,30032,0,334,4267,6,3,0,0,0,28,23,14,20,8,3,FALSE,0,FALSE
243.84377,11.469,11.25,9.305,8.668,21.033,18,16,2,2993404.2,68,68,67,67,102,101,99,99,20.418,20.388,22.5,22.441,2949.055,92504,30032,0,334,4233,6,3,0,0,0,28,23,14,20,8,3,FALSE,0,FALSE
244.344,11.48,11.262,9.305,8.668,21.02,18,16,2,2990532.5,68,68,67,67,102,101,99,98,20.415,20.386,22.496,22.438,2981.548,92504,30032,0,333,4233,6,3,0,0,0,28,23,14,20,8,3,FALSE,0,FALSE
244.84573,11.491,11.273,9.305,8.668,21.006,18,16,2,2981604.5,68,68,67,67,102,101,99,98,20.412,20.383,22.492,22.434,3016.904,92504,30032,0,317,4217,6,3,0,0,0,28,23,14,20,8,3,FALSE,0,FALSE
245.34349,11.501,11.282,9.305,8.668,20.993,18,16,2,2973252.5,68,68,68,67,102,101,99,98,20.409,20.38,22.487,22.43,3051.45,92504,30032,0,317,4200,6,3,0,0,0,28,23,14,20,8,3,FALSE,0,FALSE
245.84206,11.511,11.292,9.305,8.668,20.98,18,16,2,2970185.5,68,68,68,68,101,101,99,98,20.405,20.376,22.482,22.425,3088.368,92504,30032,0,333,4166,6,3,0,0,0,28,23,14,20,8,3,FALSE,0,FALSE
246.34431,11.52,11.301,9.305,8.668,20.966,18,16,2,2961545.5,68,68,68,68,101,101,99,98,20.401,20.373,22.477,22.42,3126.513,92504,30032,0,333,4166,6,3,0,0,0,28,23,14,20,8,3,FALSE,0,FALSE
246.8465,11.53,11.311,9.305,8.668,20.952,18,16,2,2952617.5,68,68,68,68,101,101,99,98,20.396,20.368,22.47,22.414,3167.099,92504,30032,0,333,4166,6,3,0,0,0,28,23,14,20,8,3,FALSE,0,FALSE
247.3456,11.538,11.319,9.305,8.668,20.939,18,16,2,2949357,68,68,68,68,101,101,99,98,20.391,20.363,22.464,22.408,3207.339,92504,30032,0,333,4150,6,3,0,0,0,28,23,14,20,8,3,FALSE,0,FALSE
247.84422,11.547,11.327,9.305,8.668,20.926,18,16,2,2941005,68,68,68,68,101,101,99,98,20.386,20.358,22.457,22.401,3246.967,92504,30032,0,333,4150,6,3,0,0,0,28,23,14,20,8,3,FALSE,0,FALSE
248.34447,11.555,11.335,9.305,8.668,20.912,18,16,2,2932365,68,68,68,68,101,100,99,98,20.38,20.353,22.45,22.394,3288.728,92504,30032,0,316,4083,6,3,0,0,0,28,23,14,20,8,3,FALSE,0,FALSE
248.83899,11.564,11.343,9.305,8.668,20.898,18,16,2,2923725,68,68,68,68,101,100,99,98,20.374,20.347,22.443,22.387,3331.21,92504,30032,0,316,4083,6,3,0,0,0,28,23,14,20,8,3,FALSE,0,FALSE
249.34393,11.58,11.359,9.323,8.686,20.887,18,16,2,2931320,71,71,73,73,101,100,98,98,20.369,20.341,22.436,22.381,3373.664,92504,30032,0,316,4017,6,3,0,0,0,28,23,14,20,8,3,FALSE,0,FALSE
249.84183,11.615,11.394,9.375,8.734,20.886,18,16,2,2964349.2,72,73,78,77,101,100,98,98,20.369,20.342,22.44,22.385,3408.755,92504,30032,0,317,4017,6,3,0,0,0,28,23,14,20,8,3,FALSE,0,FALSE
250.3418,11.665,11.457,9.442,8.808,20.885,18,16,2,2992718,77,82,83,88,101,100,99,98,20.372,20.347,22.447,22.393,3436.019,92504,30032,0,317,4000,6,3,0,0,0,28,23,14,20,8,3,FALSE,0,FALSE
250.84355,11.721,11.528,9.53,8.927,20.885,18,16,2,3015846.5,80,86,91,102,101,101,99,98,20.378,20.356,22.458,22.408,3459.005,92504,30032,0,283,4000,6,3,0,0,0,28,23,14,20,8,3,FALSE,0,FALSE
251.34529,11.751,11.566,9.604,9.025,20.878,18,16,2,3023495,77,82,91,102,101,101,99,98,20.383,20.364,22.47,22.426,3484.259,92504,30032,0,283,3984,6,3,0,0,0,28,23,14,20,8,3,FALSE,0,FALSE
251.84274,11.791,11.619,9.656,9.091,20.872,18,16,2,3030202.5,78,85,86,96,101,101,99,99,20.388,20.372,22.48,22.44,3505.434,92504,30032,0,267,3984,6,3,0,0,0,28,23,14,20,8,3,FALSE,0,FALSE
252.34457,11.827,11.663,9.692,9.138,20.862,18,16,2,3036722.8,77,82,80,87,101,101,99,99,20.392,20.38,22.487,22.451,3526.621,92504,30032,0,267,3984,6,3,0,0,0,28,23,14,20,8,3,FALSE,0,FALSE
252.84541,11.862,11.703,9.712,9.159,20.85,18,16,2,3039459,75,79,74,77,101,101,99,99,20.396,20.386,22.491,22.458,3549.741,92504,30032,0,267,4033,6,3,0,0,0,28,23,14,20,8,3,FALSE,0,FALSE
253.34425,11.927,11.776,9.743,9.193,20.837,18,16,2,3034379.2,83,89,75,78,101,101,99,99,20.4,20.393,22.494,22.462,3573.194,92504,30032,0,333,4033,6,3,0,0,0,28,23,14,20,8,3,FALSE,0,FALSE
253.84236,12.014,11.879,9.788,9.242,20.824,18,16,2,3034210.8,87,94,77,81,101,101,99,99,20.407,20.403,22.496,22.467,3599.046,92504,30032,0,333,4083,6,3,0,0,0,28,23,14,20,8,3,FALSE,0,FALSE
254.34563,12.064,11.938,9.819,9.274,20.809,18,16,2,3027241,76,80,74,76,102,102,99,99,20.413,20.411,22.498,22.47,3627.795,92504,30032,0,383,4083,6,3,0,0,0,28,23,14,20,8,3,FALSE,0,FALSE
254.84195,12.094,11.975,9.843,9.297,20.797,18,16,2,3020995.2,72,77,73,74,102,102,99,99,20.413,20.414,22.498,22.471,3656.851,92504,30032,0,400,4083,6,3,0,0,0,28,23,14,20,8,3,FALSE,0,FALSE
255.34204,12.127,12.015,9.866,9.318,20.783,18,16,2,2982113.8,72,76,72,72,102,102,99,99,20.413,20.416,22.497,22.471,3689.128,92504,30032,0,400,4100,6,3,0,0,0,28,23,14,20,8,3,FALSE,0,FALSE
255.84286,12.142,12.031,9.871,9.324,20.77,18,16,2,2973475,70,70,70,68,102,102,99,99,20.41,20.415,22.495,22.468,3722.63,92504,30032,0,400,4116,6,3,0,0,0,28,23,14,20,8,3,FALSE,0,FALSE
256.3413,12.187,12.067,9.911,9.362,20.756,18,16,2,2964835,77,74,77,73,102,102,99,99,20.41,20.413,22.493,22.466,3756.677,92504,30032,0,417,4116,6,3,0,0,0,28,23,14,20,8,3,FALSE,0,FALSE
256.84543,12.269,12.135,10.006,9.449,20.742,18,16,2,2955907,85,80,88,82,102,102,99,99,20.412,20.413,22.494,22.465,3792.76,92504,30032,0,417,4133,6,3,0,0,0,28,23,14,20,8,3,FALSE,0,FALSE
257.34262,12.36,12.209,10.116,9.548,20.729,18,16,2,2952966.8,84,79,89,84,102,102,99,99,20.416,20.415,22.498,22.467,3827.676,92504,30032,0,433,4133,6,3,0,0,0,28,23,14,20,8,3,FALSE,0,FALSE
257.84592,12.458,12.291,10.246,9.663,20.715,18,16,2,2944038.8,85,80,92,86,102,102,100,99,20.419,20.416,22.502,22.468,3865.733,92504,30032,0,433,4133,6,3,0,0,0,28,23,14,20,8,3,FALSE,0,FALSE
258.3412,12.555,12.372,10.361,9.764,20.702,18,16,2,2935686.8,85,80,89,83,102,102,100,99,20.423,20.417,22.505,22.47,3901.515,92504,30032,0,433,4133,6,3,0,0,0,28,23,14,20,8,3,FALSE,0,FALSE
258.8453,12.633,12.437,10.438,9.837,20.688,18,16,2,2890843.8,81,77,83,78,102,102,100,99,20.424,20.416,22.505,22.468,3939.508,92504,30032,0,450,4150,6,3,0,0,0,28,23,14,20,8,3,FALSE,0,FALSE
259.34412,12.702,12.494,10.501,9.897,20.675,18,16,2,2862901.8,79,75,78,75,102,102,100,99,20.424,20.414,22.504,22.465,3974.655,92504,30032,0,450,4150,6,3,0,0,0,28,23,14,20,8,3,FALSE,0,FALSE
259.8463,12.723,12.509,10.509,9.906,20.66,18,16,2,2853973.8,70,69,69,68,102,102,99,99,20.42,20.409,22.499,22.459,4013.548,92504,30032,40168,450,4150,6,3,0,0,0,28,23,14,20,8,3,FALSE,0,FALSE
260.34238,12.742,12.526,10.536,9.933,20.653,18,16,2,2874900.2,71,69,73,73,102,101,99,99,20.417,20.405,22.496,22.456,4048.234,92504,30032,40168,433,4133,6,3,0,0,0,28,23,14,20,8,3,FALSE,0,FALSE
260.84583,12.782,12.557,10.582,9.978,20.652,18,16,2,2905341.2,76,72,80,77,102,101,99,99,20.418,20.405,22.499,22.459,4077.445,92504,30032,40168,433,4133,6,3,0,0,0,28,23,14,20,8,3,FALSE,0,FALSE
261.3434,12.839,12.6,10.654,10.038,20.652,18,16,2,2930212,83,76,89,82,102,101,100,99,20.422,20.407,22.507,22.465,4100.13,92504,30032,40168,433,4133,6,3,0,0,0,28,23,14,20,8,3,FALSE,0,FALSE
261.84204,12.887,12.637,10.735,10.098,20.652,18,16,2,2951875,83,76,97,86,102,102,100,99,20.429,20.411,22.518,22.473,4120.445,92504,30032,40168,433,4117,6,3,0,0,0,28,23,14,20,8,3,FALSE,0,FALSE
262.8462,12.951,12.688,10.867,10.192,20.642,18,16,2,2969183.2,80,76,94,82,102,102,100,99,20.44,20.417,22.545,22.49,4160.797,92504,30032,40168,400,4117,6,3,0,0,0,28,23,14,20,8,3,FALSE,0,FALSE
263.34662,12.983,12.715,10.891,10.212,20.633,18,16,2,2975109.8,79,75,83,75,102,102,100,99,20.445,20.419,22.553,22.494,4180.396,92504,30032,40168,400,4117,6,3,0,0,0,28,23,14,20,8,3,FALSE,0,FALSE
263.84326,13.016,12.747,10.905,10.224,20.621,18,16,2,2974280.2,79,77,76,71,102,102,100,99,20.448,20.422,22.557,22.496,4200.532,92504,30032,40168,516,4250,6,3,0,0,0,28,23,14,20,8,3,FALSE,0,FALSE
264.343,13.058,12.789,10.914,10.233,20.607,18,16,2,2954566.2,79,77,72,68,102,102,100,99,20.452,20.425,22.558,22.496,4223.996,92504,30032,40168,516,4250,6,3,0,0,0,28,23,14,20,8,3,FALSE,0,FALSE
264.8422,13.079,12.809,10.914,10.234,20.595,18,16,2,2920788.5,73,72,67,67,102,102,100,99,20.454,20.426,22.557,22.494,4250.533,92504,30032,40168,550,4267,6,3,0,0,0,28,23,14,20,8,3,FALSE,0,FALSE
265.84152,13.118,12.84,10.914,10.235,20.568,18,16,2,2827147.2,71,70,67,67,102,102,100,99,20.452,20.423,22.553,22.489,4310.329,92504,30032,40168,550,4283,6,3,0,0,0,28,23,14,20,8,3,FALSE,0,FALSE
266.34122,13.133,12.856,10.914,10.235,20.554,18,16,2,2769846.2,71,70,68,68,102,102,100,99,20.45,20.421,22.549,22.485,4343.206,92504,30032,40168,550,4284,6,3,0,0,0,28,23,14,20,8,3,FALSE,0,FALSE
266.8449,13.146,12.869,10.914,10.235,20.541,18,16,2,2715754.2,70,70,67,67,102,102,100,99,20.447,20.418,22.544,22.481,4379.117,92504,30032,40168,534,4284,6,3,0,0,0,28,23,14,20,8,3,FALSE,0,FALSE
267.34308,13.158,12.882,10.914,10.235,20.528,18,16,2,2660059.8,70,70,67,67,102,102,100,99,20.444,20.415,22.539,22.477,4414.126,92504,30032,40168,517,4284,6,3,0,0,0,28,23,14,20,8,3,FALSE,0,FALSE
267.84375,13.171,12.895,10.914,10.235,20.514,18,16,2,2602444.8,70,70,68,67,102,102,100,99,20.44,20.412,22.534,22.471,4451.792,92504,30032,40168,500,4250,6,3,0,0,0,28,23,14,20,8,3,FALSE,0,FALSE
268.34467,13.182,12.907,10.914,10.235,20.5,18,16,2,2551359.8,69,70,68,68,102,101,100,99,20.436,20.408,22.528,22.466,4490.793,92504,30032,40168,500,4233,6,3,0,0,0,28,23,14,20,8,3,FALSE,0,FALSE
268.84375,13.19,12.915,10.914,10.235,20.487,18,16,2,2548089.2,69,69,68,68,102,101,100,99,20.431,20.403,22.521,22.46,4530.78,92504,30032,40168,483,4233,6,3,0,0,0,28,23,14,20,8,3,FALSE,0,FALSE
269.34503,13.199,12.924,10.914,10.235,20.473,18,16,2,2539161.2,69,69,68,68,102,101,100,99,20.426,20.398,22.514,22.453,4572.739,92504,30032,40168,467,4200,6,3,0,0,0,28,23,14,20,8,3,FALSE,0,FALSE
269.84222,13.207,12.932,10.914,10.235,20.46,18,16,2,2530809.2,70,70,69,69,102,101,100,99,20.421,20.393,22.507,22.446,4612.642,92504,30032,40168,467,4200,6,3,0,0,0,28,23,14,20,8,3,FALSE,0,FALSE
270.34323,13.215,12.94,10.914,10.235,20.446,18,16,2,2522169.2,70,70,69,69,102,101,99,98,20.415,20.388,22.5,22.439,4654.528,92504,30032,40168,466,4150,6,3,0,0,0,28,23,14,20,8,3,FALSE,0,FALSE
270.8438,13.223,12.948,10.914,10.235,20.432,18,16,2,2513529.2,71,70,69,69,102,101,99,98,20.41,20.382,22.492,22.432,4696.97,92504,30032,40168,434,4150,6,3,0,0,0,28,23,14,20,8,3,FALSE,0,FALSE
271.34177,13.231,12.957,10.914,10.235,20.418,18,16,2,2504889.2,71,71,69,69,101,101,99,98,20.404,20.377,22.484,22.424,4739.895,92504,30032,40168,434,4150,6,3,0,0,0,28,23,14,20,8,3,FALSE,0,FALSE
271.84262,13.239,12.965,10.914,10.235,20.405,18,16,2,2496249.2,70,71,69,69,101,101,99,98,20.397,20.37,22.476,22.416,4783.231,92504,30032,40168,416,4100,6,3,0,0,0,28,23,14,20,8,3,FALSE,0,FALSE
272.33978,13.257,12.984,10.933,10.254,20.393,18,16,2,2503678,71,72,73,73,101,101,99,98,20.391,20.365,22.468,22.409,4826.201,92504,30032,40168,416,4100,6,3,0,0,0,28,23,14,20,8,3,FALSE,0,FALSE
272.84537,13.293,13.022,10.979,10.298,20.393,18,16,2,2538816.5,72,72,75,75,101,101,99,98,20.39,20.364,22.471,22.412,4862.568,92504,30032,40168,434,4034,6,3,0,0,0,28,23,14,20,8,3,FALSE,0,FALSE
273.34048,13.325,13.058,11.011,10.329,20.392,18,16,2,2564808.2,73,73,76,75,101,101,99,98,20.393,20.367,22.477,22.418,4888.431,92504,30032,40168,434,4034,6,3,0,0,0,28,23,14,20,8,3,FALSE,0,FALSE
273.84253,13.357,13.082,11.048,10.361,20.392,18,16,2,2587233.5,76,72,80,76,101,101,99,98,20.397,20.37,22.485,22.425,4909.397,92504,30032,40168,434,4034,6,3,0,0,0,28,23,14,20,8,3,FALSE,0,FALSE
274.3433,13.392,13.108,11.103,10.404,20.392,18,16,2,2601070.5,79,73,88,80,101,101,99,98,20.402,20.373,22.495,22.433,4925.976,92504,30032,40168,400,4050,6,3,0,0,0,28,23,14,20,8,3,FALSE,0,FALSE
274.84177,13.414,13.126,11.143,10.429,20.389,18,16,2,2607698,79,72,88,80,101,101,100,98,20.407,20.376,22.505,22.439,4949.688,92504,30032,40168,400,4066,6,3,0,0,0,28,23,14,20,8,3,FALSE,0,FALSE
275.3413,13.45,13.154,11.179,10.457,20.383,18,16,2,2614105.5,81,75,86,78,102,101,100,99,20.414,20.38,22.516,22.447,4967.568,92504,30032,40168,366,4066,6,3,0,0,0,28,23,14,20,8,3,FALSE,0,FALSE
275.83954,13.478,13.179,11.194,10.47,20.374,18,16,2,2618537.5,78,74,78,72,102,101,100,99,20.42,20.383,22.523,22.451,4985.306,92504,30032,40168,366,4066,6,3,0,0,0,28,23,14,20,8,3,FALSE,0,FALSE
276.3401,13.509,13.209,11.206,10.48,20.363,18,16,2,2617750.5,78,75,74,69,102,101,100,99,20.424,20.387,22.527,22.454,5005.391,92504,30032,40168,366,4050,6,3,0,0,0,28,23,14,20,8,3,FALSE,0,FALSE
276.8431,13.545,13.245,11.216,10.49,20.349,18,16,2,2613512.2,78,76,72,68,102,101,100,99,20.429,20.39,22.53,22.455,5027.524,92504,30032,40168,334,4050,6,3,0,0,0,28,23,14,20,8,3,FALSE,0,FALSE
277.3404,13.576,13.275,11.226,10.501,20.336,18,16,2,2593270.8,76,74,71,68,102,101,100,99,20.432,20.393,22.531,22.455,5052.235,92504,30032,40168,334,4067,6,3,0,0,0,28,23,14,20,8,3,FALSE,0,FALSE
277.83865,13.605,13.301,11.231,10.506,20.322,18,16,2,2549315.8,73,72,68,67,102,101,100,99,20.434,20.394,22.53,22.455,5080.003,92504,30032,40168,334,4067,6,3,0,0,0,28,23,14,20,8,3,FALSE,0,FALSE
278.34174,13.62,13.317,11.231,10.506,20.31,18,16,2,2511094,70,69,67,67,102,101,100,99,20.433,20.393,22.529,22.453,5110.47,92504,30032,40168,334,4067,6,3,0,0,0,28,23,14,20,8,3,FALSE,0,FALSE
278.8399,13.631,13.328,11.231,10.506,20.296,18,16,2,2502607,70,69,67,67,102,101,100,99,20.432,20.392,22.526,22.451,5142.739,92504,30032,40168,350,4066,6,3,0,0,0,28,23,14,20,8,3,FALSE,0,FALSE
279.33832,13.641,13.339,11.231,10.506,20.282,18,16,2,2493967,69,69,67,67,102,101,100,99,20.43,20.39,22.523,22.449,5176.638,92504,30032,40168,367,4067,6,3,0,0,0,28,23,14,20,8,3,FALSE,0,FALSE
279.83963,13.651,13.348,11.231,10.506,20.269,18,16,2,2490758,69,69,68,68,102,101,100,99,20.427,20.387,22.519,22.446,5211.969,92504,30032,40168,367,4050,6,3,0,0,0,28,23,14,20,8,3,FALSE,0,FALSE
280.33926,13.66,13.357,11.231,10.506,20.255,18,16,2,2482118,69,69,68,68,102,101,100,99,20.424,20.385,22.515,22.442,5248.435,92504,30032,40168,350,4050,6,3,0,0,0,28,23,14,20,8,3,FALSE,0,FALSE
280.84293,13.669,13.367,11.231,10.506,20.242,18,16,2,2473478,69,69,68,68,102,101,100,98,20.421,20.381,22.51,22.437,5286.013,92504,30032,40168,366,4033,6,3,0,0,0,28,23,14,20,8,3,FALSE,0,FALSE
281.33923,13.678,13.375,11.231,10.506,20.228,18,16,2,2464838,70,69,68,68,102,101,100,98,20.417,20.378,22.505,22.432,5324.603,92504,30032,40168,366,4017,6,3,0,0,0,28,23,14,20,8,3,FALSE,0,FALSE
281.83914,13.687,13.384,11.231,10.506,20.214,18,16,2,2456198,68,68,68,68,102,101,99,98,20.412,20.373,22.499,22.427,5364.181,92504,30032,40168,367,4000,6,3,0,0,0,28,23,14,20,8,3,FALSE,0,FALSE
282.3425,13.696,13.393,11.231,10.506,20.201,18,16,2,2452968.8,68,68,68,68,101,101,99,98,20.407,20.368,22.493,22.421,5404.607,92504,30032,40168,350,4000,6,3,0,0,0,28,23,14,20,8,3,FALSE,0,FALSE
282.83975,13.704,13.401,11.231,10.506,20.187,18,16,3,2444328.8,68,68,68,68,101,101,99,98,20.401,20.363,22.486,22.415,37.026,92835,0,0,367,4000,6,4,0,0,0,28,23,14,20,8,3,FALSE,0,FALSE
283.34198,13.712,13.409,11.231,10.506,20.174,18,16,3,2435688.8,68,68,68,68,101,101,99,98,20.395,20.357,22.479,22.408,79.102,92835,0,0,367,3984,6,4,0,0,0,28,23,14,20,8,3,FALSE,0,FALSE
283.84213,13.72,13.417,11.231,10.506,20.16,18,16,3,2427048.8,68,68,69,68,101,100,99,98,20.388,20.351,22.471,22.401,121.878,92835,0,0,367,3967,6,4,0,0,0,28,23,14,20,8,3,FALSE,0,FALSE
284.3397,13.729,13.425,11.231,10.506,20.146,18,16,3,2418408.8,68,68,69,68,101,100,99,98,20.382,20.344,22.463,22.393,165.33,92835,0,0,367,3933,6,4,0,0,0,28,23,14,20,8,3,FALSE,0,FALSE
284.84167,13.737,13.433,11.231,10.506,20.132,18,16,3,2409768.8,68,68,68,68,101,100,99,98,20.375,20.338,22.455,22.385,209.377,92835,0,0,350,3933,6,4,0,0,0,28,23,14,20,8,3,FALSE,0,FALSE
285.34125,13.745,13.441,11.231,10.506,20.118,18,16,3,2401128.8,69,68,69,69,101,100,99,97,20.367,20.33,22.446,22.377,253.959,92835,0,0,350,3884,6,4,0,0,0,28,23,14,20,8,3,FALSE,0,FALSE
285.8434,13.752,13.449,11.231,10.506,20.105,18,16,3,2392540.2,68,68,69,68,101,100,98,97,20.36,20.323,22.437,22.369,298.994,92835,0,0,367,3817,6,4,0,0,0,28,23,14,20,8,3,FALSE,0,FALSE
286.34235,13.76,13.457,11.231,10.506,20.091,18,16,3,2384221,68,68,69,69,100,100,98,97,20.352,20.315,22.428,22.36,344.461,92835,0,0,367,3750,6,4,0,0,0,28,23,14,20,8,3,FALSE,0,FALSE
286.83994,13.768,13.465,11.231,10.506,20.077,18,16,3,2376146,69,69,69,69,100,100,98,97,20.344,20.307,22.419,22.351,390.281,92835,0,0,333,3750,6,4,0,0,0,28,23,14,20,8,3,FALSE,0,FALSE
287.3381,13.775,13.472,11.231,10.506,20.063,18,16,3,2368276.2,69,68,69,69,100,99,98,97,20.335,20.299,22.409,22.341,436.398,92835,0,0,350,3716,6,4,0,0,0,28,23,14,20,8,3,FALSE,0,FALSE
287.84088,13.783,13.48,11.231,10.506,20.049,18,16,3,2360603.8,68,68,69,68,100,99,98,97,20.326,20.291,22.399,22.332,482.801,92835,0,0,334,3716,6,4,0,0,0,28,23,14,20,8,3,FALSE,0,FALSE
288.84015,13.797,13.494,11.231,10.506,20.022,18,16,3,2345781,69,68,69,69,100,99,97,96,20.308,20.273,22.379,22.312,576.352,92835,0,0,333,3716,6,4,0,0,0,28,23,14,20,8,3,FALSE,0,FALSE
289.34354,13.823,13.519,11.264,10.539,20.014,18,16,3,2368263.2,71,72,74,73,100,99,97,96,20.302,20.267,22.373,22.307,621.174,92835,0,0,333,3500,6,4,0,0,0,28,23,14,20,8,3,FALSE,0,FALSE
289.84192,13.861,13.555,11.305,10.583,20.013,18,16,3,2402665.2,72,72,75,74,100,99,97,96,20.302,20.267,22.378,22.312,657.008,92835,0,0,317,3500,6,4,0,0,0,28,23,14,20,8,3,FALSE,0,FALSE
290.33743,13.904,13.603,11.339,10.624,20.011,18,16,3,2429200.2,76,76,76,76,100,99,98,97,20.305,20.271,22.385,22.319,684.281,92835,0,0,317,3500,6,4,0,0,0,28,23,14,20,8,3,FALSE,0,FALSE
290.8424,13.946,13.632,11.354,10.643,20.011,18,16,3,2450987.8,78,74,73,73,100,99,98,97,20.312,20.278,22.393,22.328,704.182,92835,0,0,266,3500,6,4,0,0,0,28,23,14,20,8,3,FALSE,0,FALSE
291.3437,13.975,13.647,11.36,10.649,20.011,18,16,3,2466658.5,78,72,71,71,100,99,98,97,20.32,20.283,22.399,22.334,718.48,92835,0,0,266,3533,5,4,0,0,0,28,23,14,20,8,3,FALSE,0,FALSE
291.83908,13.983,13.653,11.38,10.665,20.011,18,16,3,2478184.8,74,69,75,73,100,99,98,97,20.326,20.287,22.405,22.341,728.957,92835,0,0,266,3533,5,4,0,0,0,28,23,14,20,8,3,FALSE,0,FALSE
292.3418,13.994,13.661,11.414,10.688,20.01,18,16,3,2482975.5,73,69,84,76,100,99,98,97,20.33,20.29,22.414,22.348,740.078,92835,0,0,266,3533,5,4,0,0,0,28,23,14,20,8,3,FALSE,0,FALSE
292.83896,14.007,13.673,11.446,10.709,20.007,18,16,3,2487792.5,74,70,88,77,100,99,98,97,20.335,20.293,22.426,22.356,755.1,92835,0,0,366,3533,5,4,0,0,0,28,23,14,20,8,3,FALSE,0,FALSE
293.33997,14.023,13.688,11.464,10.72,20.003,18,16,3,2492948.8,75,71,85,75,100,99,98,97,20.34,20.296,22.437,22.363,765.27,92835,0,0,366,3533,5,4,0,0,0,28,23,14,20,8,3,FALSE,0,FALSE
293.8442,14.037,13.702,11.47,10.726,19.997,18,16,3,2498087,74,72,78,71,100,100,99,97,20.345,20.3,22.446,22.369,776.52,92835,0,0,366,3767,5,4,0,0,0,28,23,14,20,8,3,FALSE,0,FALSE
294.34174,14.062,13.732,11.473,10.729,19.989,18,16,3,2503383,78,77,72,68,100,100,99,97,20.35,20.305,22.451,22.373,789.945,92835,0,0,366,3767,5,4,0,0,0,28,23,14,20,8,3,FALSE,0,FALSE
294.84158,14.08,13.751,11.477,10.733,19.979,18,16,3,2508319.5,75,75,69,68,101,100,99,97,20.355,20.31,22.454,22.375,805.947,92835,0,0,517,3767,5,4,0,0,0,28,23,14,20,8,3,FALSE,0,FALSE
295.3393,14.106,13.778,11.489,10.748,19.968,18,16,3,2516053,76,76,69,72,101,100,99,97,20.359,20.315,22.456,22.378,824.422,92835,0,0,517,3767,5,4,0,0,0,28,23,14,20,8,3,FALSE,0,FALSE
295.84198,14.162,13.842,11.519,10.786,19.958,18,16,3,2526858.5,85,88,75,80,101,100,99,98,20.365,20.322,22.459,22.383,849.215,92835,0,0,400,3717,5,4,0,0,0,28,23,14,20,8,3,FALSE,0,FALSE
296.33972,14.224,13.921,11.542,10.812,19.948,18,16,3,2533385.8,85,92,73,76,101,100,99,98,20.373,20.334,22.462,22.389,872.086,92835,0,0,400,3717,5,4,0,0,0,28,23,14,20,8,3,FALSE,0,FALSE
296.8409,14.253,13.949,11.55,10.819,19.935,18,16,3,2531668.2,76,78,70,70,101,100,99,98,20.378,20.342,22.463,22.391,894.863,92835,0,0,400,3717,5,4,0,0,0,28,23,14,20,8,3,FALSE,0,FALSE
297.8417,14.31,14.008,11.569,10.836,19.908,18,16,3,2525668.5,73,72,70,68,101,100,99,98,20.383,20.348,22.462,22.392,949.41,92835,0,0,350,3716,5,4,0,0,0,28,23,14,20,8,3,FALSE,0,FALSE
298.34317,14.36,14.055,11.594,10.857,19.894,18,16,3,2518852.5,77,74,72,70,101,100,99,98,20.386,20.35,22.462,22.391,980.186,92835,0,0,350,3716,5,4,0,0,0,28,23,14,20,8,3,FALSE,0,FALSE
298.84406,14.381,14.072,11.601,10.865,19.881,18,16,3,2516391,72,70,70,68,101,100,99,98,20.386,20.35,22.461,22.389,1010.736,92835,0,0,350,3733,5,4,0,0,0,28,23,14,20,8,3,FALSE,0,FALSE
299.3402,14.405,14.091,11.611,10.876,19.868,18,16,3,2507840.8,71,69,70,68,101,100,99,98,20.386,20.349,22.459,22.387,1043.078,92835,0,0,350,3733,5,4,0,0,0,28,23,14,20,8,3,FALSE,0,FALSE
299.83572,14.421,14.104,11.614,10.88,19.854,18,16,3,2499200.8,69,67,68,67,101,100,99,98,20.384,20.346,22.456,22.384,1077.131,92835,0,0,350,3734,5,4,0,0,0,28,23,14,20,8,3,FALSE,0,FALSE
300.34177,14.431,14.114,11.614,10.88,19.841,18,16,3,2495900.2,68,68,67,67,101,100,99,98,20.38,20.343,22.451,22.38,1112.525,92835,0,0,350,3734,5,4,0,0,0,28,23,14,20,8,3,FALSE,0,FALSE
300.8421,14.441,14.124,11.614,10.88,19.827,18,16,3,2487260.2,68,68,68,67,101,100,99,97,20.376,20.339,22.446,22.375,1149.164,92835,0,0,350,3734,5,4,0,0,0,28,23,14,20,8,3,FALSE,0,FALSE
301.3412,14.45,14.134,11.614,10.88,19.814,18,16,3,2478620.2,68,68,68,68,101,100,99,97,20.372,20.335,22.441,22.37,1187.008,92835,0,0,366,3733,5,4,0,0,0,28,23,14,20,8,3,FALSE,0,FALSE
301.84308,14.459,14.143,11.614,10.88,19.8,18,16,3,2469980.2,68,68,68,68,101,100,98,97,20.367,20.331,22.435,22.365,1225.943,92835,0,0,367,3733,5,4,0,0,0,28,23,14,20,8,3,FALSE,0,FALSE
302.3435,14.467,14.152,11.614,10.88,19.786,18,16,3,2461340.2,68,68,68,68,101,100,98,97,20.363,20.326,22.429,22.359,1265.848,92835,0,0,367,3733,5,4,0,0,0,28,23,14,20,8,3,FALSE,0,FALSE
302.8378,14.475,14.161,11.614,10.88,19.773,18,16,3,2458148.5,68,68,68,68,101,100,98,97,20.357,20.321,22.423,22.353,1306.541,92835,0,0,366,3700,5,4,0,0,0,28,23,14,20,8,3,FALSE,0,FALSE
303.839,14.494,14.181,11.621,10.887,19.746,18,16,3,2446170.2,69,69,71,71,100,100,98,97,20.346,20.311,22.408,22.34,1389.869,92835,0,0,367,3650,5,4,0,0,0,28,23,14,20,8,3,FALSE,0,FALSE
304.33762,14.516,14.204,11.646,10.912,19.744,18,16,3,2480204.8,69,69,71,70,100,100,98,97,20.344,20.309,22.409,22.341,1426.545,92835,0,0,367,3650,5,4,0,0,0,28,23,14,20,8,3,FALSE,0,FALSE
304.84387,14.527,14.213,11.658,10.917,19.744,18,16,3,2510923.8,68,68,72,68,100,100,98,97,20.344,20.31,22.411,22.343,1457.039,92835,0,0,367,3650,5,4,0,0,0,28,23,14,20,8,3,FALSE,0,FALSE
305.3422,14.544,14.23,11.666,10.926,19.743,18,16,3,2537435.2,69,68,70,69,100,100,98,97,20.345,20.311,22.415,22.346,1482.842,92835,0,0,367,3750,5,4,0,0,0,28,23,14,20,8,3,FALSE,0,FALSE
305.8399,14.577,14.254,11.712,10.965,19.743,18,16,3,2560248.5,76,71,81,76,100,100,98,97,20.348,20.313,22.42,22.351,1504.072,92835,0,0,484,3750,5,4,0,0,0,28,23,14,20,8,3,FALSE,0,FALSE
306.33658,14.615,14.282,11.787,11.023,19.743,18,16,3,2577431,80,74,95,85,101,100,98,97,20.355,20.317,22.431,22.359,1520.828,92835,0,0,484,3783,5,4,0,0,0,28,23,14,20,8,3,FALSE,0,FALSE
306.84418,14.646,14.302,11.847,11.077,19.74,18,16,3,2585488.8,80,73,96,88,101,100,99,97,20.362,20.321,22.444,22.37,1543.656,92835,0,0,484,3783,5,4,0,0,0,28,23,14,20,8,3,FALSE,0,FALSE
307.34122,14.67,14.321,11.896,11.112,19.735,18,16,3,2591620.2,78,72,94,84,101,100,99,98,20.369,20.324,22.458,22.38,1565.512,92835,0,0,483,3783,5,4,0,0,0,28,23,14,20,8,3,FALSE,0,FALSE
307.84323,14.7,14.346,11.932,11.138,19.729,18,16,3,2597831.8,79,74,89,79,101,100,99,98,20.375,20.328,22.469,22.388,1582.684,92835,0,0,483,3783,5,4,0,0,0,28,23,14,20,8,3,FALSE,0,FALSE
308.339,14.729,14.37,11.953,11.155,19.721,18,16,3,2604090.2,79,74,81,75,101,100,99,98,20.38,20.331,22.476,22.393,1599.719,92835,0,0,483,3850,5,4,0,0,0,28,23,14,20,8,3,FALSE,0,FALSE
308.84167,14.761,14.4,11.965,11.167,19.711,18,16,3,2605615.2,79,76,75,71,101,100,99,98,20.385,20.334,22.481,22.395,1618.061,92835,0,0,533,3850,5,4,0,0,0,28,23,14,20,8,3,FALSE,0,FALSE
309.3408,14.79,14.428,11.972,11.174,19.699,18,16,3,2603912.5,77,74,71,68,101,100,99,98,20.39,20.338,22.483,22.396,1639.623,92835,0,0,533,3850,5,4,0,0,0,28,23,14,20,8,3,FALSE,0,FALSE
309.8389,14.816,14.454,11.972,11.174,19.686,18,16,3,2594076.8,74,74,68,66,101,100,99,98,20.393,20.34,22.482,22.396,1663.66,92835,0,0,500,3817,5,4,0,0,0,28,23,14,20,8,3,FALSE,0,FALSE
310.34332,14.842,14.478,11.973,11.174,19.673,18,16,3,2555488,72,71,66,65,101,100,99,98,20.394,20.342,22.481,22.394,1690.279,92835,0,0,500,3817,5,4,0,0,0,28,23,14,20,8,3,FALSE,0,FALSE
310.84146,14.863,14.5,11.975,11.176,19.659,18,16,3,2509312.8,71,72,67,67,101,100,99,98,20.394,20.343,22.478,22.392,1719.307,92835,0,0,484,3817,5,4,0,0,0,28,23,14,20,8,3,FALSE,0,FALSE
311.33826,14.885,14.526,11.986,11.187,19.646,18,16,3,2471324.5,71,73,69,70,101,100,99,98,20.394,20.343,22.475,22.39,1750.262,92835,0,0,484,3817,5,4,0,0,0,28,23,14,20,8,3,FALSE,0,FALSE
311.83905,14.905,14.552,12.001,11.201,19.632,18,16,3,2462749.8,70,72,69,71,101,100,99,98,20.392,20.343,22.473,22.388,1782.883,92835,0,0,450,3800,5,4,0,0,0,28,23,14,20,8,3,FALSE,0,FALSE
312.34277,14.928,14.583,12.022,11.221,19.619,18,16,3,2454109.8,71,74,71,72,101,100,99,98,20.391,20.343,22.47,22.387,1817.85,92835,29761,0,433,3800,5,4,0,0,0,28,23,14,20,8,3,FALSE,0,FALSE
312.84265,14.952,14.609,12.046,11.243,19.612,18,16,3,2471256,71,70,74,72,101,100,99,98,20.389,20.344,22.468,22.385,1852.967,92835,29761,0,433,3783,5,4,0,0,0,28,23,14,20,8,3,FALSE,0,FALSE
313.3426,15.03,14.671,12.166,11.343,19.612,18,16,3,2500405,85,79,97,88,101,100,99,98,20.393,20.346,22.473,22.389,1881.588,92835,29761,0,433,3783,5,4,0,0,0,28,23,14,20,8,3,FALSE,0,FALSE
313.83948,15.087,14.713,12.296,11.448,19.608,18,16,3,2512557.8,82,76,103,92,101,100,99,98,20.4,20.35,22.487,22.399,1908.926,92835,29761,0,433,3783,5,4,0,0,0,28,23,14,20,8,3,FALSE,0,FALSE
314.33536,15.145,14.758,12.396,11.529,19.601,18,16,3,2518471.2,83,76,96,87,101,100,99,98,20.406,20.353,22.499,22.408,1936.361,92835,29761,0,450,3800,5,4,0,0,0,28,23,14,20,8,3,FALSE,0,FALSE
314.83936,15.198,14.799,12.441,11.566,19.592,18,16,3,2521932.2,80,75,82,76,102,101,100,98,20.411,20.356,22.507,22.412,1962.115,92835,29761,0,450,3800,5,4,0,0,0,28,23,14,20,8,3,FALSE,0,FALSE
315.34213,15.218,14.819,12.448,11.574,19.578,18,16,3,2515875.2,72,72,71,71,102,101,100,98,20.413,20.357,22.507,22.412,1989.01,92835,29761,0,500,3850,5,4,0,0,0,28,23,14,20,8,3,FALSE,0,FALSE
315.83688,15.259,14.872,12.494,11.624,19.566,18,16,3,2519948,74,81,77,78,102,101,100,98,20.413,20.358,22.506,22.413,2018.986,92835,29761,0,500,3850,5,4,0,0,0,28,23,14,20,8,3,FALSE,0,FALSE
316.33914,15.311,14.934,12.552,11.698,19.554,18,16,3,2523372.8,77,81,79,85,102,101,100,98,20.414,20.362,22.506,22.416,2050.527,92835,29761,0,500,3850,5,4,0,0,0,28,23,14,20,8,3,FALSE,0,FALSE
316.83887,15.368,15.001,12.606,11.763,19.54,18,16,3,2515996.5,78,81,77,83,102,101,100,98,20.416,20.366,22.506,22.419,2080.656,92835,29761,0,533,3916,5,4,0,0,0,28,23,14,20,8,3,FALSE,0,FALSE
317.3397,15.423,15.063,12.648,11.807,19.528,18,16,3,2513454.2,75,80,73,78,102,101,100,98,20.417,20.369,22.505,22.42,2112.084,92835,29761,0,533,3916,5,4,0,0,0,28,23,14,20,8,3,FALSE,0,FALSE
317.84235,15.444,15.089,12.663,11.819,19.514,18,16,3,2504825,70,74,70,69,102,101,100,98,20.414,20.368,22.501,22.417,2144.953,92835,29761,0,550,3916,5,4,0,0,0,28,23,14,20,8,3,FALSE,0,FALSE
318.3398,15.465,15.117,12.684,11.838,19.5,18,16,3,2500766.5,71,74,73,73,102,101,99,98,20.411,20.367,22.497,22.413,2178.816,92835,29761,0,550,3916,5,4,0,0,0,28,23,14,20,8,3,FALSE,0,FALSE
318.8405,15.494,15.147,12.723,11.875,19.499,18,16,3,2530246.5,72,72,76,75,102,101,99,98,20.411,20.368,22.499,22.416,2207.391,92835,29761,0,566,3950,5,4,0,0,0,28,23,14,20,8,3,FALSE,0,FALSE
319.3384,15.516,15.167,12.744,11.896,19.498,18,16,3,2554705.8,73,71,76,73,102,101,100,98,20.413,20.37,22.504,22.421,2229.334,92835,29761,0,566,3950,5,4,0,0,0,28,23,14,20,8,3,FALSE,0,FALSE
319.84204,15.535,15.18,12.765,11.915,19.498,18,16,3,2575409.8,74,69,77,73,102,101,100,98,20.415,20.371,22.509,22.426,2247.4,92835,29761,0,566,3950,5,4,0,0,0,28,23,14,20,8,3,FALSE,0,FALSE
320.3406,15.559,15.198,12.806,11.947,19.498,18,16,3,2592717,76,71,85,78,102,101,100,98,20.419,20.373,22.516,22.431,2261.4,92835,29761,0,600,4016,5,4,0,0,0,28,23,14,20,8,3,FALSE,0,FALSE
320.84213,15.577,15.213,12.861,11.983,19.498,18,16,3,2605072.5,75,72,96,82,102,101,100,98,20.423,20.375,22.527,22.438,2274.709,92835,29761,0,600,4016,5,4,0,0,0,28,23,14,20,8,3,FALSE,0,FALSE
321.34167,15.59,15.223,12.904,12.015,19.496,18,16,3,2610859.5,75,71,98,85,102,101,100,99,20.427,20.377,22.541,22.447,2290.457,92835,29761,0,600,3917,5,4,0,0,0,28,23,14,20,8,3,FALSE,0,FALSE
321.83667,15.606,15.235,12.918,12.027,19.492,18,16,3,2616313.2,76,71,89,79,102,101,100,99,20.431,20.379,22.553,22.455,2302.576,92835,29761,0,600,3917,5,4,0,0,0,28,23,14,20,8,3,FALSE,0,FALSE
322.34103,15.62,15.25,12.924,12.032,19.486,18,16,3,2621459,75,72,80,74,102,101,101,99,20.434,20.381,22.56,22.46,2314.812,92835,29761,0,400,3917,5,4,0,0,0,28,23,14,20,8,3,FALSE,0,FALSE
322.84012,15.647,15.278,12.93,12.038,19.478,18,16,3,2628078.5,78,76,75,70,102,101,101,99,20.438,20.384,22.565,22.462,2328.367,92835,29761,0,400,3917,5,4,0,0,0,28,23,14,20,8,3,FALSE,0,FALSE
323.33905,15.674,15.31,12.933,12.041,19.467,18,16,3,2633888.5,79,79,71,68,102,101,101,99,20.443,20.388,22.567,22.463,2344.166,92835,29761,0,400,4017,5,4,0,0,0,28,23,14,20,8,3,FALSE,0,FALSE
324.3412,15.732,15.373,12.934,12.043,19.442,18,16,3,2640233.5,76,75,66,66,102,101,101,99,20.45,20.397,22.565,22.462,2385.289,92835,29761,0,500,4017,5,4,0,0,0,28,23,14,20,8,3,FALSE,0,FALSE
324.8429,15.754,15.398,12.934,12.043,19.428,18,16,3,2609888,74,73,66,66,102,101,101,99,20.452,20.399,22.563,22.46,2410.074,92835,29761,0,500,3966,5,4,0,0,0,28,23,14,20,8,3,FALSE,0,FALSE
325.34357,15.77,15.415,12.934,12.044,19.415,18,16,3,2603769.2,71,70,66,66,102,101,100,99,20.452,20.399,22.56,22.458,2437.271,92835,29761,0,450,3966,5,4,0,0,0,28,23,14,20,8,3,FALSE,0,FALSE
325.8415,15.784,15.429,12.934,12.044,19.401,18,16,3,2596586.5,70,69,66,66,102,101,100,99,20.451,20.397,22.557,22.455,2466.514,92835,29761,0,433,3950,5,4,0,0,0,28,23,14,20,8,3,FALSE,0,FALSE
326.34167,15.796,15.44,12.934,12.044,19.389,18,16,3,2594006.2,69,69,67,67,102,101,100,99,20.448,20.395,22.553,22.452,2497.508,92835,29761,0,433,3950,5,4,0,0,0,28,23,14,20,8,3,FALSE,0,FALSE
326.838,15.807,15.452,12.935,12.044,19.375,18,16,3,2585415.5,69,69,67,67,102,101,100,99,20.445,20.393,22.548,22.448,2530.109,92835,29761,0,450,3950,5,4,0,0,0,28,23,14,20,8,3,FALSE,0,FALSE
327.34125,15.82,15.47,12.942,12.05,19.361,18,16,3,2576775.5,70,71,68,69,102,101,100,99,20.442,20.39,22.544,22.444,2564.326,92835,29761,0,450,3950,5,4,0,0,0,28,23,14,20,8,3,FALSE,0,FALSE
327.8408,15.861,15.52,12.995,12.108,19.349,18,16,3,2573471.5,75,79,77,81,102,101,100,99,20.44,20.39,22.54,22.443,2599.404,92835,29761,0,433,3916,5,4,0,0,0,28,23,14,20,8,3,FALSE,0,FALSE
328.33762,15.916,15.589,13.055,12.173,19.337,18,16,3,2575169,74,77,76,79,102,101,100,99,20.439,20.392,22.539,22.444,2634.818,92835,29761,0,434,3916,5,4,0,0,0,28,23,14,20,8,3,FALSE,0,FALSE
328.83905,15.953,15.633,13.098,12.213,19.335,18,16,3,2604014.2,74,77,77,79,102,101,100,99,20.44,20.394,22.541,22.447,2667.557,92835,29761,0,434,3916,5,4,0,0,0,28,23,14,20,8,3,FALSE,0,FALSE
329.34045,15.986,15.667,13.128,12.239,19.334,18,16,3,2628592.8,75,76,76,77,102,101,100,99,20.442,20.398,22.545,22.453,2691.406,92835,29761,0,450,3916,5,4,0,0,0,28,23,14,20,8,3,FALSE,0,FALSE
329.84125,16.002,15.685,13.142,12.251,19.334,18,16,3,2648634.2,71,73,73,74,102,101,100,99,20.445,20.402,22.55,22.459,2708.535,92835,29761,0,450,3916,5,4,0,0,0,28,23,14,20,8,3,FALSE,0,FALSE
330.34085,16.008,15.695,13.153,12.263,19.334,18,16,3,2664361,69,71,72,74,102,101,100,99,20.446,20.405,22.554,22.464,2722.705,92835,29761,0,450,3916,5,4,0,0,0,28,23,14,20,8,3,FALSE,0,FALSE
330.84167,16.019,15.71,13.177,12.296,19.334,18,16,3,2676256,69,73,76,82,102,101,100,99,20.447,20.408,22.558,22.47,2733.98,92835,29761,0,450,4000,5,4,0,0,0,28,23,14,20,8,3,FALSE,0,FALSE
331.33862,16.029,15.72,13.198,12.335,19.333,18,16,3,2681988.2,70,72,77,90,102,102,101,99,20.448,20.411,22.563,22.48,2743.578,92835,29761,0,450,4000,5,4,0,0,0,28,23,14,20,8,3,FALSE,0,FALSE
331.84058,16.04,15.732,13.213,12.358,19.331,18,16,3,2686967.5,71,73,76,88,102,102,101,99,20.449,20.413,22.569,22.491,2764.85,92835,29761,0,450,4150,5,4,0,0,0,28,23,14,20,8,3,FALSE,0,FALSE
332.34103,16.052,15.746,13.218,12.364,19.326,18,16,3,2692061.5,71,74,73,81,102,102,101,99,20.451,20.417,22.572,22.5,2775.406,92835,29761,0,450,4150,5,4,0,0,0,28,23,14,20,8,3,FALSE,0,FALSE
332.83698,16.072,15.761,13.221,12.366,19.318,18,16,3,2694929,74,74,69,74,102,102,101,100,20.452,20.42,22.574,22.505,2787.816,92835,29761,0,450,4150,5,4,0,0,0,28,23,14,20,8,3,FALSE,0,FALSE
333.34036,16.094,15.78,13.222,12.367,19.309,18,16,3,2699778,75,75,67,70,102,102,101,100,20.456,20.423,22.574,22.507,2803.133,92835,29761,0,550,4150,5,4,0,0,0,28,23,14,20,8,3,FALSE,0,FALSE
333.83698,16.109,15.794,13.222,12.367,19.298,18,16,3,2707095,73,72,66,67,102,102,101,100,20.458,20.425,22.573,22.507,2820.98,92835,29761,0,550,4150,5,4,0,0,0,28,23,14,20,8,3,FALSE,0,FALSE
334.33835,16.145,15.827,13.223,12.367,19.286,18,16,3,2700503,77,76,65,66,102,102,101,100,20.46,20.428,22.572,22.507,2841.488,92835,29761,0,550,4083,5,4,0,0,0,28,23,14,20,8,3,FALSE,0,FALSE
334.84036,16.191,15.87,13.223,12.367,19.272,18,16,3,2671894.8,78,77,65,66,103,102,101,100,20.464,20.432,22.569,22.505,2864.953,92835,29761,0,500,4083,5,4,0,0,0,28,23,14,20,8,3,FALSE,0,FALSE
335.3386,16.215,15.894,13.223,12.367,19.259,18,16,3,2638688.8,72,72,66,66,103,102,101,100,20.466,20.433,22.567,22.503,2891.244,92835,29761,0,500,4067,5,4,0,0,0,28,23,14,20,8,3,FALSE,0,FALSE
335.8403,16.235,15.914,13.223,12.367,19.245,18,16,3,2591782.8,70,70,67,67,103,102,101,100,20.465,20.433,22.564,22.501,2920.219,92835,29761,0,467,4067,5,4,0,0,0,28,23,14,20,8,3,FALSE,0,FALSE
336.33633,16.252,15.931,13.223,12.367,19.233,18,16,3,2543348,70,69,67,67,103,102,101,99,20.464,20.432,22.56,22.498,2951.449,92835,29761,0,434,4067,5,4,0,0,0,28,23,14,20,8,3,FALSE,0,FALSE
336.83667,16.268,15.947,13.223,12.367,19.219,18,16,3,2485739.8,69,69,67,67,102,102,100,99,20.461,20.43,22.557,22.494,2984.938,92835,29761,0,434,4034,5,4,0,0,0,28,23,14,20,8,3,FALSE,0,FALSE
337.341,16.281,15.961,13.223,12.367,19.206,18,16,3,2433639.5,69,69,68,68,102,102,100,99,20.458,20.427,22.552,22.49,3020.33,92835,29761,0,434,4000,5,4,0,0,0,28,23,14,20,8,3,FALSE,0,FALSE
337.83868,16.295,15.974,13.223,12.367,19.192,18,16,3,2376024.5,69,69,68,68,102,102,100,99,20.455,20.424,22.548,22.486,3057.352,92835,29761,0,416,3950,5,4,0,0,0,28,23,14,20,8,3,FALSE,0,FALSE
338.3398,16.305,15.985,13.223,12.367,19.178,18,16,3,2355957,68,68,68,68,102,102,100,99,20.451,20.42,22.542,22.481,3095.859,92835,29761,0,416,3950,5,4,0,0,0,28,23,14,20,8,3,FALSE,0,FALSE
338.84058,16.314,15.994,13.223,12.367,19.165,18,16,3,2347317,68,68,68,68,102,102,100,99,20.446,20.416,22.537,22.476,3135.455,92835,29761,0,400,3917,5,4,0,0,0,28,23,14,20,8,3,FALSE,0,FALSE
339.34064,16.322,16.002,13.223,12.367,19.152,18,16,3,2344024.2,68,68,69,68,102,102,100,99,20.441,20.411,22.53,22.47,3175.873,92835,29761,0,366,3917,5,4,0,0,0,28,23,14,20,8,3,FALSE,0,FALSE
340.34058,16.34,16.019,13.223,12.367,19.124,18,16,3,2326744.2,68,68,69,68,102,101,100,99,20.43,20.4,22.517,22.457,3259.176,92835,29761,0,350,3817,5,4,0,0,0,28,23,14,20,8,3,FALSE,0,FALSE
340.83926,16.348,16.027,13.223,12.367,19.11,18,16,3,2318104.2,69,68,69,69,102,101,100,99,20.424,20.394,22.509,22.45,3301.949,92835,29761,0,350,3767,5,4,0,0,0,28,23,14,20,8,3,FALSE,0,FALSE
341.3397,16.364,16.042,13.238,12.383,19.099,18,16,3,2322983.8,71,70,73,73,102,101,100,99,20.418,20.388,22.502,22.443,3344.898,92835,29761,0,333,3767,5,4,0,0,0,28,23,14,20,8,3,FALSE,0,FALSE
341.83597,16.393,16.07,13.268,12.413,19.098,18,16,3,2357075.8,70,70,72,72,102,101,100,99,20.417,20.388,22.504,22.446,3380.975,92835,29761,0,333,3767,5,4,0,0,0,28,23,14,20,8,3,FALSE,0,FALSE
342.33777,16.405,16.085,13.28,12.425,19.097,18,16,3,2386883.5,68,70,70,71,102,101,100,99,20.417,20.389,22.508,22.449,3410.379,92835,29761,0,317,3700,5,4,0,0,0,28,23,14,20,8,3,FALSE,0,FALSE
342.83832,16.421,16.109,13.309,12.455,19.097,18,16,3,2414040.8,69,73,74,77,102,101,100,99,20.417,20.391,22.511,22.454,3435.477,92835,29761,0,317,3700,5,4,0,0,0,28,23,14,20,8,3,FALSE,0,FALSE
343.33383,16.457,16.156,13.373,12.54,19.095,18,16,3,2432546.8,75,80,84,94,102,101,100,99,20.42,20.396,22.518,22.463,3457.424,92835,29761,0,400,3783,5,4,0,0,0,28,23,14,20,8,3,FALSE,0,FALSE
343.8413,16.492,16.199,13.435,12.622,19.087,18,16,3,2439417.8,77,82,87,97,102,101,100,99,20.424,20.403,22.527,22.477,3482.631,92835,29761,0,400,3833,5,4,0,0,0,28,23,14,20,8,3,FALSE,0,FALSE
344.34042,16.532,16.25,13.487,12.686,19.08,18,16,3,2446260.2,78,84,84,92,102,102,100,99,20.428,20.41,22.535,22.489,3505.473,92835,29761,0,417,3833,5,4,0,0,0,28,23,14,20,8,3,FALSE,0,FALSE
344.8411,16.566,16.293,13.522,12.73,19.07,18,16,3,2452835.8,76,82,79,86,102,102,100,99,20.432,20.417,22.541,22.499,3527.287,92835,29761,0,417,3850,5,4,0,0,0,28,23,14,20,8,3,FALSE,0,FALSE
345.3403,16.605,16.34,13.553,12.764,19.059,18,16,3,2459048.2,77,82,76,81,102,102,100,100,20.435,20.423,22.544,22.505,3550.02,92835,29761,0,433,3850,5,4,0,0,0,28,23,14,20,8,3,FALSE,0,FALSE
345.83987,16.647,16.388,13.582,12.794,19.046,18,16,3,2459561.8,77,81,75,78,102,102,100,100,20.438,20.429,22.547,22.509,3574.332,92835,29761,0,433,3850,5,4,0,0,0,28,23,14,20,8,3,FALSE,0,FALSE
346.33896,16.692,16.44,13.611,12.825,19.033,18,16,3,2459242,76,81,74,77,102,102,100,100,20.441,20.434,22.548,22.512,3600.574,92835,29761,0,450,3850,5,4,0,0,0,28,23,14,20,8,3,FALSE,0,FALSE
346.8374,16.732,16.487,13.644,12.859,19.019,18,16,3,2452321,75,80,75,77,102,102,100,100,20.443,20.438,22.548,22.514,3628.789,92835,29761,0,450,3850,5,4,0,0,0,28,23,14,20,8,3,FALSE,0,FALSE
347.33572,16.779,16.545,13.687,12.903,19.005,18,16,3,2444672,75,81,76,78,102,102,100,100,20.444,20.442,22.549,22.515,3658.816,92835,29761,0,450,3817,5,4,0,0,0,28,23,14,20,8,3,FALSE,0,FALSE
347.83652,16.821,16.596,13.719,12.934,18.992,18,16,3,2412594.8,73,78,74,74,102,102,100,100,20.444,20.445,22.548,22.516,3690.738,92835,29761,0,450,3834,5,4,0,0,0,28,23,14,20,8,3,FALSE,0,FALSE
348.33734,16.84,16.614,13.727,12.942,18.979,18,16,3,2403957,72,71,71,70,102,102,100,100,20.442,20.444,22.546,22.513,3724.045,92835,29761,0,467,3834,5,4,0,0,0,28,23,14,20,8,3,FALSE,0,FALSE
348.8385,16.893,16.658,13.782,12.992,18.965,18,16,3,2395317,79,75,81,76,102,102,100,100,20.442,20.443,22.544,22.511,3758,92835,29761,0,483,3834,5,4,0,0,0,28,23,14,20,8,3,FALSE,0,FALSE
349.34113,16.968,16.72,13.869,13.072,18.952,18,16,3,2392033.2,83,78,87,82,102,102,100,100,20.444,20.443,22.546,22.51,3792.771,92835,29761,0,483,3833,5,4,0,0,0,28,23,14,20,8,3,FALSE,0,FALSE
349.83923,17.065,16.8,13.99,13.181,18.939,18,16,3,2383393.2,85,80,91,85,102,102,100,100,20.448,20.444,22.549,22.512,3828.707,92835,29761,0,500,3833,5,4,0,0,0,28,23,14,20,8,3,FALSE,0,FALSE
350.33994,17.158,16.878,14.111,13.287,18.925,18,16,3,2374753.2,85,80,91,85,102,102,100,100,20.451,20.445,22.552,22.513,3865.312,92835,29761,0,500,3834,5,4,0,0,0,28,23,14,20,8,3,FALSE,0,FALSE
350.83755,17.25,16.955,14.216,13.381,18.912,18,16,3,2366113.2,83,79,86,81,102,102,100,100,20.454,20.445,22.555,22.513,3902.146,92835,29761,0,500,3834,5,4,0,0,0,28,23,14,20,8,3,FALSE,0,FALSE
351.3421,17.326,17.017,14.306,13.463,18.898,18,16,3,2357473.2,83,78,87,81,102,102,100,100,20.455,20.444,22.555,22.511,3938.621,92835,29761,0,500,3834,5,4,0,0,0,28,23,14,20,8,3,FALSE,0,FALSE
351.83853,17.4,17.078,14.379,13.532,18.884,18,16,3,2348833.2,79,75,80,76,102,102,100,100,20.456,20.443,22.554,22.509,3974.477,92835,29761,0,517,3833,5,4,0,0,0,28,23,14,20,8,3,FALSE,0,FALSE
352.33795,17.419,17.093,14.383,13.537,18.87,18,16,3,2340429,70,69,69,68,102,102,100,100,20.452,20.438,22.548,22.502,4011.621,92835,29761,40112,517,3833,5,4,0,0,0,28,23,14,20,8,3,FALSE,0,FALSE
352.8396,17.452,17.117,14.429,13.571,18.865,18,16,3,2367436.5,74,71,77,74,102,102,100,99,20.449,20.435,22.546,22.5,4046.186,92835,29761,40112,516,3816,5,4,0,0,0,28,23,14,20,8,3,FALSE,0,FALSE
353.3414,17.483,17.141,14.46,13.602,18.864,18,16,3,2396213.2,75,70,77,74,102,102,100,100,20.45,20.434,22.549,22.502,4073.6,92835,29761,40112,516,3816,5,4,0,0,0,28,23,14,20,8,3,FALSE,0,FALSE
354.33966,17.56,17.197,14.579,13.697,18.864,18,16,3,2438553.5,80,74,93,83,102,102,101,100,20.456,20.435,22.562,22.511,4117.783,92835,29761,40112,533,3866,5,4,0,0,0,28,23,14,20,8,3,FALSE,0,FALSE
354.83798,17.594,17.223,14.665,13.759,18.86,18,16,3,2446262,79,74,100,87,102,102,101,100,20.461,20.437,22.574,22.519,4138.176,92835,29761,40112,533,3866,5,4,0,0,0,28,23,14,20,8,3,FALSE,0,FALSE
355.33884,17.638,17.259,14.739,13.816,18.854,18,16,3,2453024.5,83,78,100,88,103,102,101,100,20.466,20.439,22.587,22.526,4161.59,92835,29761,40112,533,3866,5,4,0,0,0,28,23,14,20,8,3,FALSE,0,FALSE
355.8382,17.676,17.291,14.78,13.847,18.845,18,16,3,2459563,82,77,89,80,103,102,101,100,20.471,20.442,22.597,22.532,4181.84,92835,29761,40112,533,3866,5,4,0,0,0,28,23,14,20,8,3,FALSE,0,FALSE
356.34042,17.708,17.319,14.798,13.863,18.834,18,16,3,2463465.2,79,75,79,73,103,102,101,100,20.475,20.444,22.601,22.534,4202.863,92835,29761,40112,516,3866,5,4,0,0,0,28,23,14,20,8,3,FALSE,0,FALSE
356.83704,17.753,17.363,14.808,13.873,18.82,18,16,3,2458782.5,79,77,73,69,103,102,101,100,20.478,20.446,22.602,22.534,4226.406,92835,29761,40112,516,3866,5,4,0,0,0,28,23,14,20,8,3,FALSE,0,FALSE
357.34048,17.771,17.381,14.809,13.874,18.808,18,16,3,2445527.2,73,72,68,67,103,102,101,100,20.479,20.446,22.6,22.531,4252.883,92835,29761,40112,533,3900,5,4,0,0,0,28,23,14,20,8,3,FALSE,0,FALSE
357.83807,17.789,17.399,14.809,13.874,18.794,18,16,3,2398807.2,71,71,67,67,103,102,101,100,20.477,20.445,22.597,22.528,4281.871,92835,29761,40112,533,3900,5,4,0,0,0,28,23,14,20,8,3,FALSE,0,FALSE
358.3377,17.804,17.413,14.809,13.874,18.781,18,16,3,2361798.8,70,70,68,67,103,102,101,100,20.475,20.443,22.592,22.524,4313.152,92835,29761,40112,550,3934,5,4,0,0,0,28,23,14,20,8,3,FALSE,0,FALSE
358.83713,17.815,17.424,14.809,13.874,18.767,18,16,3,2353177.8,70,70,68,68,103,102,101,100,20.472,20.44,22.588,22.52,4346.102,92835,29761,40112,534,3934,5,4,0,0,0,28,23,14,20,8,3,FALSE,0,FALSE
359.3389,17.825,17.435,14.809,13.874,18.753,18,16,3,2344537.8,69,69,68,67,103,102,101,100,20.468,20.436,22.583,22.515,4380.562,92835,29761,40112,534,3900,5,4,0,0,0,28,23,14,20,8,3,FALSE,0,FALSE
359.82712,17.835,17.444,14.809,13.874,18.741,18,16,3,2341645.2,69,69,68,67,103,102,101,100,20.464,20.433,22.577,22.51,4415.068,92835,29761,40112,534,3900,5,4,0,0,0,28,23,14,20,8,3,FALSE,0,FALSE
360.34033,17.844,17.454,14.809,13.874,18.727,18,16,3,2332717.2,69,69,68,68,102,102,101,100,20.459,20.428,22.571,22.504,4453.047,92835,29761,40112,534,3884,5,4,0,0,0,28,23,14,20,8,3,FALSE,0,FALSE
360.83624,17.854,17.464,14.809,13.874,18.713,18,16,3,2324077.2,69,69,68,68,102,102,101,99,20.454,20.423,22.564,22.498,4490.891,92835,29761,40112,534,3884,5,4,0,0,0,28,23,14,20,8,3,FALSE,0,FALSE
361.33594,17.863,17.473,14.809,13.874,18.699,18,16,3,2315437.2,70,70,68,68,102,102,100,99,20.449,20.418,22.557,22.491,4529.711,92835,29761,40112,533,3866,5,4,0,0,0,28,23,14,20,8,3,FALSE,0,FALSE
361.8387,17.872,17.482,14.809,13.874,18.685,18,16,3,2306797.2,70,70,68,68,102,102,100,99,20.443,20.413,22.55,22.484,4569.406,92835,29761,40112,533,3866,5,4,0,0,0,28,23,14,20,8,3,FALSE,0,FALSE
362.33765,17.88,17.491,14.809,13.874,18.673,18,16,3,2303601.8,70,70,69,69,102,101,100,99,20.437,20.407,22.542,22.477,4609.869,92835,29761,40112,517,3866,5,4,0,0,0,28,23,14,20,8,3,FALSE,0,FALSE
362.84106,17.889,17.499,14.809,13.874,18.659,18,16,3,2294961.8,71,71,69,69,102,101,100,99,20.432,20.402,22.534,22.469,4650.877,92835,29761,40112,517,3866,5,4,0,0,0,28,23,14,20,8,3,FALSE,0,FALSE
363.8404,17.905,17.516,14.81,13.874,18.631,18,16,3,2277681.8,71,71,69,69,102,101,100,99,20.419,20.39,22.518,22.453,4734.576,92835,29761,40112,517,3834,5,4,0,0,0,28,23,14,20,8,3,FALSE,0,FALSE
364.33148,17.914,17.525,14.81,13.874,18.617,18,16,3,2269041.8,71,71,70,69,102,101,100,99,20.413,20.384,22.509,22.445,4777.129,92835,29761,40112,517,3834,5,4,0,0,0,28,23,14,20,8,3,FALSE,0,FALSE
364.83737,17.926,17.538,14.821,13.883,18.604,18,16,3,2268711,72,72,73,72,101,101,100,98,20.406,20.377,22.5,22.437,4819.885,92835,29761,40112,517,3800,5,4,0,0,0,28,23,14,20,8,3,FALSE,0,FALSE
365.33902,17.963,17.575,14.869,13.929,18.603,18,16,3,2302772.2,72,72,76,75,101,101,100,98,20.404,20.376,22.501,22.438,4856.281,92835,29761,40112,516,3800,5,4,0,0,0,28,23,14,20,8,3,FALSE,0,FALSE
365.84094,17.997,17.612,14.9,13.96,18.602,18,16,3,2330029,73,73,75,74,101,101,100,99,20.406,20.378,22.507,22.444,4883.979,92835,29761,40112,516,3800,5,4,0,0,0,28,23,14,20,8,3,FALSE,0,FALSE
366.8374,18.049,17.652,14.961,14.013,18.602,18,16,3,2367179.2,76,71,81,75,102,101,100,99,20.413,20.382,22.521,22.456,4922.465,92835,29761,40112,467,3800,5,4,0,0,0,28,23,14,20,8,3,FALSE,0,FALSE
367.83585,18.102,17.694,15.03,14.062,18.593,18,16,3,2380417.8,79,74,83,76,102,101,100,99,20.422,20.387,22.538,22.466,4964.109,92835,29761,40112,483,3850,5,4,0,0,0,28,23,14,20,8,3,FALSE,0,FALSE
368.33594,18.123,17.712,15.046,14.076,18.585,18,16,3,2386686.8,76,72,78,72,102,101,100,99,20.427,20.389,22.544,22.47,4981.512,92835,29761,40112,483,3850,5,4,0,0,0,28,23,14,20,8,3,FALSE,0,FALSE
368.83606,18.152,17.738,15.064,14.093,18.575,18,16,3,2392908,77,74,75,71,102,101,100,99,20.43,20.391,22.548,22.473,5001.271,92835,29761,40112,483,3817,5,4,0,0,0,28,23,14,20,8,3,FALSE,0,FALSE
369.33643,18.188,17.773,15.082,14.112,18.564,18,16,3,2399177,78,76,75,71,102,101,100,99,20.433,20.394,22.551,22.475,5022.115,92835,29761,40112,450,3817,5,4,0,0,0,28,23,14,20,8,3,FALSE,0,FALSE
369.83713,18.225,17.807,15.098,14.128,18.552,18,16,3,2404243,78,76,74,70,102,101,100,99,20.437,20.397,22.553,22.476,5044.441,92835,29761,40112,450,3817,5,4,0,0,0,28,23,14,20,8,3,FALSE,0,FALSE
370.33337,18.244,17.824,15.102,14.131,18.539,18,16,3,2396266,73,71,69,67,102,101,100,99,20.438,20.398,22.553,22.476,5069.881,92835,29761,40112,483,3850,5,4,0,0,0,28,23,14,20,8,3,FALSE,0,FALSE
370.83426,18.263,17.844,15.102,14.132,18.526,18,16,3,2350984.2,71,71,67,67,102,101,100,99,20.438,20.397,22.551,22.474,5098.387,92835,29761,40112,483,3900,5,4,0,0,0,28,23,14,20,8,3,FALSE,0,FALSE
371.33392,18.278,17.861,15.102,14.132,18.513,18,16,3,2304158.5,71,70,67,68,102,101,100,99,20.437,20.396,22.548,22.472,5129.139,92835,29761,40112,517,3900,5,4,0,0,0,28,23,14,20,8,3,FALSE,0,FALSE
371.83286,18.293,17.876,15.102,14.132,18.499,18,16,3,2246903,71,70,68,68,102,101,100,99,20.436,20.395,22.545,22.47,5161.949,92835,29761,40112,550,3900,5,4,0,0,0,28,23,14,20,8,3,FALSE,0,FALSE
372.3395,18.307,17.89,15.102,14.132,18.485,18,16,3,2189288,71,70,68,68,102,101,100,99,20.434,20.393,22.541,22.467,5196.693,92835,29761,40112,550,3900,5,4,0,0,0,28,23,14,20,8,3,FALSE,0,FALSE
372.8348,18.317,17.9,15.102,14.132,18.473,18,16,3,2179611.2,70,70,68,68,102,101,100,99,20.431,20.39,22.537,22.463,5232.857,92835,29761,40112,567,3900,5,4,0,0,0,28,23,14,20,8,3,FALSE,0,FALSE
373.33597,18.326,17.909,15.102,14.132,18.459,18,16,3,2170971.2,70,70,68,68,102,101,100,99,20.428,20.387,22.532,22.459,5270.104,92835,29761,40112,567,3883,5,4,0,0,0,28,23,14,20,8,3,FALSE,0,FALSE
373.83194,18.336,17.918,15.102,14.132,18.445,18,16,3,2162331.2,70,70,68,68,102,101,100,99,20.424,20.384,22.527,22.454,5308.354,92835,29761,40112,567,3883,5,4,0,0,0,28,23,14,20,8,3,FALSE,0,FALSE
374.33008,18.345,17.928,15.102,14.132,18.431,18,16,3,2153691.2,68,68,68,68,102,101,100,99,20.42,20.38,22.522,22.449,5347.545,92835,29761,40112,567,3867,5,4,0,0,0,28,23,14,20,8,3,FALSE,0,FALSE
374.83353,18.353,17.936,15.102,14.132,18.418,18,16,3,2150369.5,68,68,69,68,102,101,100,99,20.414,20.375,22.515,22.443,5387.572,92835,29761,40112,567,3833,5,4,0,0,0,28,23,14,20,8,3,FALSE,0,FALSE
375.33514,18.361,17.945,15.102,14.132,18.405,18,16,4,2141729.5,68,68,69,68,101,101,100,98,20.409,20.37,22.509,22.437,19.508,92710,0,0,550,3817,5,5,0,0,0,28,23,14,20,8,3,FALSE,0,FALSE
376.33633,18.378,17.962,15.102,14.132,18.377,18,16,4,2124449.5,68,68,69,68,101,101,99,98,20.396,20.358,22.494,22.423,103.459,92710,0,0,550,3784,5,5,0,0,0,28,23,14,20,8,3,FALSE,0,FALSE
376.83707,18.387,17.97,15.102,14.132,18.363,18,16,4,2115809.5,69,68,69,68,101,100,99,98,20.39,20.352,22.486,22.415,146.426,92710,0,0,567,3767,5,5,0,0,0,28,23,14,20,8,3,FALSE,0,FALSE
377.3357,18.395,17.978,15.102,14.132,18.349,18,16,4,2107169.5,69,69,70,69,101,100,99,98,20.383,20.345,22.478,22.408,189.984,92710,0,0,550,3733,5,5,0,0,0,28,23,14,20,8,3,FALSE,0,FALSE
377.83853,18.404,17.986,15.102,14.132,18.336,18,16,4,2098529.5,69,69,69,69,101,100,99,98,20.376,20.338,22.47,22.4,234.064,92710,0,0,550,3683,5,5,0,0,0,28,23,14,20,8,3,FALSE,0,FALSE
378.3381,18.412,17.995,15.102,14.132,18.322,18,16,4,2089886.2,69,69,69,69,101,100,99,98,20.368,20.331,22.461,22.391,278.582,92710,0,0,550,3683,5,5,0,0,0,28,23,14,20,8,3,FALSE,0,FALSE
378.83905,18.421,18.003,15.102,14.132,18.308,18,16,4,2081255.2,69,69,70,69,101,100,99,98,20.36,20.323,22.452,22.382,323.504,92710,0,0,550,3667,5,5,0,0,0,28,23,14,20,8,3,FALSE,0,FALSE
379.33456,18.429,18.011,15.102,14.132,18.294,18,16,4,2072809.4,69,69,69,69,100,100,99,97,20.352,20.315,22.442,22.373,368.787,92710,0,0,550,3617,5,5,0,0,0,28,23,14,20,8,3,FALSE,0,FALSE
379.83493,18.437,18.019,15.102,14.132,18.28,18,16,4,2064559.2,70,70,70,69,100,100,98,97,20.344,20.307,22.433,22.364,414.352,92710,0,0,550,3617,5,5,0,0,0,28,23,14,20,8,3,FALSE,0,FALSE
380.83667,18.452,18.035,15.102,14.132,18.253,18,16,4,2048577.6,69,68,69,69,100,99,98,97,20.327,20.291,22.413,22.345,506.236,92710,0,0,550,3534,5,5,0,0,0,28,23,14,20,8,3,FALSE,0,FALSE
381.3338,18.46,18.042,15.102,14.132,18.239,18,16,4,2040829.1,69,68,69,69,100,99,98,97,20.318,20.282,22.403,22.335,552.525,92710,0,0,533,3534,5,5,0,0,0,28,23,14,20,8,3,FALSE,0,FALSE
381.83942,18.471,18.052,15.108,14.137,18.225,18,16,4,2038012.9,70,70,71,70,100,99,98,97,20.309,20.273,22.393,22.326,598.861,92710,0,0,533,3534,5,5,0,0,0,28,23,14,20,8,3,FALSE,0,FALSE
382.33865,18.507,18.087,15.155,14.186,18.224,18,16,4,2075080.6,71,72,75,74,100,99,98,97,20.306,20.271,22.393,22.326,639.141,92710,0,0,534,3400,5,5,0,0,0,28,23,14,20,8,3,FALSE,0,FALSE
382.83786,18.55,18.118,15.192,14.228,18.222,18,16,4,2105324.8,75,72,75,76,100,99,98,97,20.308,20.273,22.399,22.333,670.225,92710,0,0,534,3400,5,5,0,0,0,28,23,14,20,8,3,FALSE,0,FALSE
383.3356,18.599,18.148,15.208,14.246,18.221,18,16,4,2129999.8,76,72,72,72,100,99,98,97,20.314,20.277,22.406,22.34,693.566,92710,0,0,500,3400,5,5,0,0,0,28,23,14,20,8,3,FALSE,0,FALSE
383.8384,18.611,18.159,15.218,14.255,18.221,18,16,4,2150029.2,71,69,71,70,100,99,98,97,20.318,20.28,22.412,22.346,711.283,92710,0,0,500,3400,5,5,0,0,0,28,23,14,20,8,3,FALSE,0,FALSE
384.33545,18.631,18.176,15.246,14.278,18.221,18,16,4,2165352.5,74,70,78,74,100,99,98,97,20.322,20.284,22.419,22.352,724.273,92710,0,0,500,3434,5,5,0,0,0,28,23,14,20,8,3,FALSE,0,FALSE
384.83783,18.646,18.187,15.285,14.307,18.221,18,16,4,2176183.5,74,70,86,78,100,99,98,97,20.328,20.287,22.429,22.36,733.688,92710,0,0,500,3434,5,5,0,0,0,28,23,14,20,8,3,FALSE,0,FALSE
385.3354,18.655,18.196,15.32,14.328,18.219,18,16,4,2180982.5,73,70,91,79,100,99,99,97,20.332,20.29,22.441,22.369,747.67,92710,0,0,367,3434,5,5,0,0,0,28,23,14,20,8,3,FALSE,0,FALSE
385.83234,18.672,18.212,15.345,14.343,18.215,18,16,4,2185977.2,75,72,90,77,100,99,99,97,20.336,20.294,22.454,22.377,761.518,92710,0,0,367,3434,5,5,0,0,0,28,23,14,20,8,3,FALSE,0,FALSE
386.33548,18.696,18.233,15.35,14.348,18.21,18,16,4,2191289.2,78,74,81,73,100,99,99,98,20.343,20.299,22.464,22.383,772.455,92710,0,0,367,3434,5,5,0,0,0,28,23,14,20,8,3,FALSE,0,FALSE
386.8335,18.709,18.251,15.352,14.35,18.203,18,16,4,2195828.5,75,74,74,69,100,100,99,98,20.348,20.304,22.471,22.387,785.232,92710,0,0,367,3584,5,5,0,0,0,28,23,14,20,8,3,FALSE,0,FALSE
387.33777,18.723,18.269,15.352,14.35,18.193,18,16,4,2199494.8,74,74,69,67,100,100,99,98,20.352,20.308,22.474,22.39,800.467,92710,0,0,367,3584,5,5,0,0,0,28,23,14,20,8,3,FALSE,0,FALSE
387.83603,18.744,18.291,15.361,14.362,18.184,18,16,4,2204548,74,74,68,70,101,100,99,98,20.355,20.312,22.475,22.392,818.225,92710,0,0,400,3584,5,5,0,0,0,28,23,14,20,8,3,FALSE,0,FALSE
388.3364,18.772,18.323,15.382,14.388,18.174,18,16,4,2210445.8,75,77,71,76,101,100,99,98,20.359,20.317,22.477,22.396,838.842,92710,0,0,400,3467,5,5,0,0,0,28,23,14,20,8,3,FALSE,0,FALSE
388.83798,18.804,18.36,15.403,14.412,18.164,18,16,4,2216726.5,75,79,72,76,101,100,99,98,20.363,20.323,22.479,22.4,864.354,92710,0,0,250,3467,5,5,0,0,0,28,23,14,20,8,3,FALSE,0,FALSE
389.33655,18.847,18.406,15.423,14.433,18.152,18,16,4,2221848.8,77,81,72,74,101,100,99,98,20.366,20.329,22.481,22.404,886.434,92710,0,0,250,3483,5,5,0,0,0,28,23,14,20,8,3,FALSE,0,FALSE
389.83765,18.885,18.448,15.435,14.444,18.138,18,16,4,2217599.5,75,77,69,71,101,100,99,98,20.37,20.335,22.482,22.406,911.51,92710,0,0,233,3483,5,5,0,0,0,28,23,14,20,8,3,FALSE,0,FALSE
390.3348,18.907,18.472,15.437,14.447,18.125,18,16,4,2217006.5,73,72,67,68,101,100,99,98,20.372,20.336,22.48,22.406,939.398,92710,0,0,233,3483,5,5,0,0,0,28,23,14,20,8,3,FALSE,0,FALSE
390.8356,18.935,18.497,15.447,14.456,18.111,18,16,4,2209966,74,74,71,67,101,100,99,98,20.372,20.337,22.478,22.403,970.627,92710,0,0,217,3483,5,5,0,0,0,28,23,14,20,8,3,FALSE,0,FALSE
391.335,18.969,18.526,15.467,14.476,18.099,18,16,4,2207484.2,74,71,72,69,101,100,99,98,20.373,20.337,22.477,22.402,1001.295,92710,0,0,217,3483,5,5,0,0,0,28,23,14,20,8,3,FALSE,0,FALSE
391.83752,18.996,18.547,15.478,14.488,18.085,18,16,4,2198966.8,71,69,70,68,101,100,99,98,20.373,20.336,22.476,22.4,1033.49,92710,0,0,200,3483,5,5,0,0,0,28,23,14,20,8,3,FALSE,0,FALSE
392.33493,19.011,18.56,15.48,14.491,18.071,18,16,4,2190326.8,69,67,68,67,101,100,99,98,20.371,20.334,22.472,22.396,1067.496,92710,0,0,200,3484,5,5,0,0,0,28,23,14,20,8,3,FALSE,0,FALSE
392.836,19.022,18.57,15.48,14.491,18.058,18,16,4,2187071.8,67,67,67,67,101,100,99,98,20.368,20.331,22.468,22.392,1102.957,92710,0,0,200,3484,5,5,0,0,0,28,23,14,20,8,3,FALSE,0,FALSE
393.3382,19.032,18.58,15.48,14.491,18.044,18,16,4,2178431.8,68,68,67,67,101,100,99,98,20.364,20.327,22.463,22.388,1139.711,92710,0,0,217,3450,5,5,0,0,0,28,23,14,20,8,3,FALSE,0,FALSE
393.8375,19.041,18.591,15.481,14.491,18.031,18,16,4,2169791.8,68,68,68,68,101,100,99,98,20.36,20.323,22.457,22.383,1177.727,92710,0,0,200,3450,5,5,0,0,0,28,23,14,20,8,3,FALSE,0,FALSE
394.33862,19.051,18.6,15.481,14.491,18.017,18,16,4,2161151.8,68,68,68,68,101,100,99,97,20.356,20.319,22.451,22.377,1216.895,92710,0,0,200,3434,5,5,0,0,0,28,23,14,20,8,3,FALSE,0,FALSE
394.83008,19.06,18.609,15.481,14.491,18.003,18,16,4,2152511.8,68,68,68,68,100,100,99,97,20.351,20.314,22.445,22.371,1257.088,92710,0,0,200,3434,5,5,0,0,0,28,23,14,20,8,3,FALSE,0,FALSE
395.3331,19.068,18.618,15.481,14.491,17.99,18,16,4,2149353.2,68,68,68,68,100,100,98,97,20.345,20.309,22.438,22.365,1298.098,92710,0,0,200,3400,5,5,0,0,0,28,23,14,20,8,3,FALSE,0,FALSE
395.83813,19.076,18.627,15.481,14.491,17.976,18,16,4,2140713.2,68,68,68,68,100,100,98,97,20.34,20.304,22.431,22.358,1339.877,92710,0,0,200,3400,5,5,0,0,0,28,23,14,20,8,3,FALSE,0,FALSE
396.33377,19.084,18.637,15.482,14.492,17.963,18,16,4,2132073.2,68,68,68,68,100,99,98,97,20.334,20.298,22.424,22.351,1382.396,92710,0,0,200,3400,5,5,0,0,0,28,23,14,20,8,3,FALSE,0,FALSE
396.83768,19.108,18.662,15.514,14.523,17.954,18,16,4,2150653.5,71,71,74,74,100,99,98,97,20.329,20.295,22.42,22.348,1423.473,92710,0,0,167,3333,5,5,0,0,0,28,23,14,20,8,3,FALSE,0,FALSE
397.33456,19.141,18.687,15.552,14.553,17.954,18,16,4,2183127.5,71,69,75,71,100,99,98,97,20.33,20.296,22.424,22.352,1456.02,92710,0,0,166,3333,5,5,0,0,0,28,23,14,20,8,3,FALSE,0,FALSE
397.83847,19.161,18.706,15.565,14.565,17.953,18,16,4,2210107.2,71,68,72,70,100,99,98,97,20.333,20.298,22.429,22.357,1482.566,92710,0,0,166,3333,5,5,0,0,0,28,23,14,20,8,3,FALSE,0,FALSE
398.3351,19.2,18.736,15.608,14.603,17.952,18,16,4,2233354.2,78,72,81,76,100,100,98,97,20.337,20.3,22.436,22.363,1504.125,92710,0,0,166,3366,5,5,0,0,0,28,23,14,20,8,3,FALSE,0,FALSE
398.83652,19.239,18.765,15.669,14.651,17.952,18,16,4,2253260.5,80,74,91,82,100,100,99,97,20.344,20.305,22.446,22.371,1520.805,92710,0,0,200,3366,5,5,0,0,0,28,23,14,20,8,3,FALSE,0,FALSE
399.33807,19.27,18.784,15.714,14.69,17.951,18,16,4,2262171.2,80,73,91,83,100,100,99,98,20.352,20.309,22.458,22.38,1543.24,92710,0,0,200,3367,5,5,0,0,0,28,23,14,20,8,3,FALSE,0,FALSE
399.83444,19.292,18.801,15.762,14.724,17.947,18,16,4,2269534.5,78,72,91,82,101,100,99,98,20.359,20.313,22.47,22.389,1564.838,92710,0,0,133,3367,5,5,0,0,0,28,23,14,20,8,3,FALSE,0,FALSE
400.3336,19.318,18.821,15.795,14.748,17.941,18,16,4,2277000.2,78,72,88,78,101,100,99,98,20.364,20.316,22.481,22.397,1581.506,92710,0,0,133,3434,5,5,0,0,0,28,23,14,20,8,3,FALSE,0,FALSE
400.83344,19.344,18.842,15.816,14.765,17.935,18,16,4,2284644,78,73,81,74,101,100,99,98,20.37,20.319,22.489,22.402,1598.176,92710,0,0,133,3434,5,5,0,0,0,28,23,14,20,8,3,FALSE,0,FALSE
401.33624,19.365,18.863,15.823,14.772,17.925,18,16,4,2292396.8,76,73,74,70,101,100,99,98,20.374,20.322,22.493,22.405,1615.736,92710,0,0,200,3434,5,5,0,0,0,28,23,14,20,8,3,FALSE,0,FALSE
401.8377,19.396,18.897,15.827,14.776,17.913,18,16,4,2300013,77,76,70,67,101,100,99,98,20.378,20.326,22.495,22.406,1636.438,92710,0,0,200,3466,5,5,0,0,0,28,23,14,20,8,3,FALSE,0,FALSE
402.3373,19.423,18.923,15.828,14.778,17.899,18,16,4,2295878,75,74,68,66,101,100,99,98,20.382,20.329,22.495,22.405,1659.703,92710,0,0,200,3466,5,5,0,0,0,28,23,14,20,8,3,FALSE,0,FALSE
403.3318,19.457,18.959,15.832,14.781,17.873,18,16,4,2289048.8,70,71,67,67,101,100,99,98,20.383,20.331,22.491,22.402,1714.238,92710,0,0,183,3450,5,5,0,0,0,28,23,14,20,8,3,FALSE,0,FALSE
403.8376,19.471,18.976,15.836,14.784,17.859,18,16,4,2281418,69,70,67,68,101,100,99,98,20.382,20.331,22.489,22.401,1744.549,92710,0,0,166,3450,5,5,0,0,0,28,23,14,20,8,3,FALSE,0,FALSE
404.33524,19.488,18.998,15.847,14.794,17.846,18,16,4,2278549.5,70,71,68,70,101,100,99,98,20.38,20.331,22.486,22.399,1776.562,92710,0,0,150,3450,5,5,0,0,0,28,23,14,20,8,3,FALSE,0,FALSE
404.8344,19.517,19.034,15.874,14.821,17.832,18,16,4,2269909.5,72,75,72,74,101,100,99,98,20.379,20.331,22.483,22.398,1810.789,92710,29649,0,150,3433,5,5,0,0,0,28,23,14,20,8,3,FALSE,0,FALSE
405.3349,19.551,19.07,15.901,14.856,17.827,18,16,4,2288373.8,71,72,72,72,101,100,99,98,20.379,20.333,22.483,22.398,1845.117,92710,29649,0,150,3433,5,5,0,0,0,28,23,14,20,8,3,FALSE,0,FALSE
405.83514,19.589,19.097,15.957,14.904,17.826,18,16,4,2313999,76,72,83,78,101,100,99,98,20.38,20.333,22.486,22.401,1872.832,92710,29649,0,150,3450,5,5,0,0,0,28,23,14,20,8,3,FALSE,0,FALSE
406.33618,19.648,19.142,16.072,14.995,17.823,18,16,4,2326135,82,76,98,88,101,100,99,98,20.385,20.336,22.495,22.407,1899.52,92710,29649,0,184,3450,5,5,0,0,0,28,23,14,20,8,3,FALSE,0,FALSE
406.83353,19.705,19.184,16.182,15.086,17.817,18,16,4,2334191,84,77,100,91,101,100,100,98,20.391,20.339,22.507,22.415,1927.482,92710,29649,0,184,3516,5,5,0,0,0,28,23,14,20,8,3,FALSE,0,FALSE
407.3347,19.76,19.225,16.243,15.134,17.81,18,16,4,2341802,82,76,88,80,101,100,100,98,20.397,20.342,22.516,22.421,1953.801,92710,29649,0,250,3516,5,5,0,0,0,28,23,14,20,8,3,FALSE,0,FALSE
407.83618,19.789,19.252,16.253,15.144,17.798,18,16,4,2344509.2,74,72,72,71,101,100,100,98,20.4,20.343,22.518,22.422,1979.639,92710,29649,0,250,3516,5,5,0,0,0,28,23,14,20,8,3,FALSE,0,FALSE
408.33447,19.835,19.302,16.285,15.183,17.784,18,16,4,2341794.5,76,78,72,77,101,100,100,98,20.401,20.345,22.517,22.423,2007.764,92710,29649,0,283,3550,5,5,0,0,0,28,23,14,20,8,3,FALSE,0,FALSE
408.8345,19.891,19.368,16.333,15.239,17.771,18,16,4,2340215.5,79,82,77,83,101,100,100,98,20.402,20.349,22.516,22.424,2039.459,92710,29649,0,283,3550,5,5,0,0,0,28,23,14,20,8,3,FALSE,0,FALSE
409.33722,19.943,19.43,16.383,15.298,17.758,18,16,4,2339767.2,77,80,77,82,101,100,100,98,20.404,20.352,22.516,22.427,2070.916,92710,29649,0,283,3550,5,5,0,0,0,28,23,14,20,8,3,FALSE,0,FALSE
409.83496,20.005,19.504,16.437,15.362,17.745,18,16,4,2331446.5,79,83,76,82,101,101,100,98,20.405,20.356,22.515,22.428,2102.111,92710,29649,0,283,3600,5,5,0,0,0,28,23,14,20,8,3,FALSE,0,FALSE
410.33344,20.047,19.547,16.47,15.385,17.731,18,16,4,2322830.2,73,76,73,76,101,101,100,98,20.405,20.357,22.512,22.428,2135.174,92710,29649,0,283,3600,5,5,0,0,0,28,23,14,20,8,3,FALSE,0,FALSE
411.3355,20.1,19.608,16.528,15.441,17.715,18,16,4,2348584.2,72,72,75,75,101,101,100,98,20.403,20.358,22.511,22.428,2198.229,92710,29649,0,284,3600,5,5,0,0,0,28,23,14,20,8,3,FALSE,0,FALSE
411.83566,20.113,19.62,16.536,15.449,17.715,18,16,4,2373617,69,69,72,70,101,101,100,98,20.404,20.359,22.515,22.432,2220.723,92710,29649,0,284,3600,5,5,0,0,0,28,23,14,20,8,3,FALSE,0,FALSE
412.33527,20.126,19.629,16.551,15.464,17.715,18,16,4,2395259,70,68,74,71,101,101,100,98,20.404,20.36,22.518,22.435,2239.627,92710,29649,0,284,3600,5,5,0,0,0,28,23,14,20,8,3,FALSE,0,FALSE
412.83673,20.165,19.659,16.583,15.494,17.715,18,16,4,2412333.8,81,74,80,76,101,101,100,99,20.408,20.362,22.523,22.44,2254.334,92710,29649,0,284,3600,5,5,0,0,0,28,23,14,20,8,3,FALSE,0,FALSE
413.33496,20.207,19.693,16.625,15.521,17.715,18,16,4,2420516.5,86,79,88,78,102,101,100,99,20.417,20.367,22.532,22.446,2265.596,92710,29649,0,350,3733,5,5,0,0,0,28,23,14,20,8,3,FALSE,0,FALSE
413.8352,20.223,19.705,16.653,15.539,17.714,18,16,4,2426401,80,75,88,77,102,101,100,99,20.424,20.372,22.542,22.452,2280.279,92710,29649,0,350,3733,5,5,0,0,0,28,23,14,20,8,3,FALSE,0,FALSE
414.33484,20.241,19.721,16.68,15.557,17.711,18,16,4,2432234.8,79,74,88,77,102,101,100,99,20.43,20.376,22.551,22.457,2297.207,92710,29649,0,350,3733,5,5,0,0,0,28,23,14,20,8,3,FALSE,0,FALSE
414.83383,20.26,19.736,16.697,15.571,17.706,18,16,4,2438414.5,79,74,84,75,102,101,100,99,20.435,20.379,22.559,22.462,2310.311,92710,29649,0,350,3783,5,5,0,0,0,28,23,14,20,8,3,FALSE,0,FALSE
415.33316,20.281,19.756,16.707,15.579,17.699,18,16,4,2445314.8,78,74,78,72,102,101,101,99,20.439,20.382,22.565,22.465,2323.521,92710,29649,0,267,3783,5,5,0,0,0,28,23,14,20,8,3,FALSE,0,FALSE
415.83524,20.301,19.776,16.712,15.585,17.69,18,16,4,2452502,77,75,73,69,102,101,101,99,20.443,20.384,22.568,22.467,2338.645,92710,29649,0,267,3783,5,5,0,0,0,28,23,14,20,8,3,FALSE,0,FALSE
416.33447,20.32,19.797,16.714,15.586,17.679,18,16,4,2459607.2,75,74,69,67,102,101,101,99,20.446,20.387,22.568,22.467,2356.42,92710,29649,0,267,3666,5,5,0,0,0,28,23,14,20,8,3,FALSE,0,FALSE
416.83643,20.346,19.826,16.714,15.587,17.667,18,16,4,2464205.2,75,75,67,66,102,101,101,99,20.448,20.39,22.567,22.465,2377.014,92710,29649,0,166,3666,5,5,0,0,0,28,23,14,20,8,3,FALSE,0,FALSE
417.3336,20.364,19.847,16.714,15.587,17.653,18,16,4,2459839.8,73,72,66,66,102,101,101,99,20.449,20.391,22.565,22.464,2400.27,92710,29649,0,166,3634,5,5,0,0,0,28,23,14,20,8,3,FALSE,0,FALSE
417.83368,20.379,19.864,16.714,15.587,17.641,18,16,4,2459618,71,70,66,66,102,101,101,99,20.449,20.391,22.562,22.462,2426.014,92710,29649,0,166,3634,5,5,0,0,0,28,23,14,20,8,3,FALSE,0,FALSE
418.3322,20.394,19.879,16.714,15.587,17.627,18,16,4,2453095.5,70,69,66,66,102,101,100,99,20.448,20.39,22.558,22.459,2453.896,92710,29649,0,134,3634,5,5,0,0,0,28,23,14,20,8,3,FALSE,0,FALSE
418.834,20.407,19.892,16.714,15.587,17.613,18,16,4,2445614.2,69,69,66,66,102,101,100,99,20.446,20.388,22.554,22.456,2483.832,92710,29649,0,133,3617,5,5,0,0,0,28,23,14,20,8,3,FALSE,0,FALSE
419.33344,20.418,19.904,16.714,15.587,17.6,18,16,4,2442833.2,69,68,66,67,102,101,100,99,20.443,20.386,22.55,22.452,2515.449,92710,29649,0,133,3617,5,5,0,0,0,28,23,14,20,8,3,FALSE,0,FALSE
419.82822,20.431,19.92,16.718,15.59,17.586,18,16,4,2434193.2,69,70,67,67,102,101,100,99,20.44,20.384,22.545,22.448,2548.746,92710,29649,0,166,3617,5,5,0,0,0,28,23,14,20,8,3,FALSE,0,FALSE
420.33502,20.448,19.942,16.733,15.603,17.573,18,16,4,2425553.2,70,72,70,71,102,101,100,99,20.437,20.381,22.54,22.444,2583.479,92710,29649,0,166,3617,5,5,0,0,0,28,23,14,20,8,3,FALSE,0,FALSE
420.83456,20.485,19.99,16.777,15.649,17.562,18,16,4,2433530,72,75,74,77,102,101,100,99,20.434,20.381,22.537,22.442,2618.289,92710,29649,0,167,3600,5,5,0,0,0,28,23,14,20,8,3,FALSE,0,FALSE
421.33383,20.513,20.026,16.808,15.68,17.562,18,16,4,2464787,71,74,73,75,102,101,100,99,20.434,20.382,22.537,22.444,2650.672,92710,29649,0,166,3600,5,5,0,0,0,28,23,14,20,8,3,FALSE,0,FALSE
421.8324,20.533,20.052,16.828,15.699,17.56,18,16,4,2491445.2,71,73,72,74,102,101,100,99,20.434,20.385,22.539,22.448,2677.529,92710,29649,0,166,3600,5,5,0,0,0,28,23,14,20,8,3,FALSE,0,FALSE
422.33566,20.544,20.067,16.841,15.711,17.56,18,16,4,2515281.2,69,71,71,73,102,101,100,99,20.435,20.387,22.541,22.451,2697.887,92710,29649,0,233,3600,5,5,0,0,0,28,23,14,20,8,3,FALSE,0,FALSE
422.83307,20.557,20.083,16.855,15.725,17.56,18,16,4,2534250.2,69,71,71,74,102,101,100,99,20.435,20.39,22.544,22.456,2714.166,92710,29649,0,233,3783,5,5,0,0,0,28,23,14,20,8,3,FALSE,0,FALSE
423.33456,20.572,20.103,16.877,15.751,17.56,18,16,4,2548595.5,70,74,75,79,102,101,100,99,20.437,20.393,22.547,22.461,2727.506,92710,29649,0,233,3783,5,5,0,0,0,28,23,14,20,8,3,FALSE,0,FALSE
423.83594,20.583,20.117,16.9,15.787,17.56,18,16,4,2556479,70,74,77,85,102,101,100,99,20.438,20.397,22.552,22.469,2737.521,92710,29649,0,233,3783,5,5,0,0,0,28,23,14,20,8,3,FALSE,0,FALSE
424.33533,20.595,20.13,16.918,15.818,17.557,18,16,4,2561827.2,71,74,77,89,102,101,100,99,20.44,20.4,22.556,22.479,2754.143,92710,29649,0,300,3783,5,5,0,0,0,28,23,14,20,8,3,FALSE,0,FALSE
424.83633,20.609,20.147,16.931,15.833,17.553,18,16,4,2567552.2,72,76,75,84,102,101,100,99,20.442,20.404,22.56,22.487,2770.119,92710,29649,0,300,3783,5,5,0,0,0,28,23,14,20,8,3,FALSE,0,FALSE
425.3313,20.632,20.173,16.94,15.844,17.547,18,16,4,2573986,75,79,72,79,102,101,101,99,20.444,20.409,22.563,22.494,2781.793,92710,29649,0,300,3850,5,5,0,0,0,28,23,14,20,8,3,FALSE,0,FALSE
425.83557,20.648,20.189,16.943,15.848,17.539,18,16,4,2580172,74,76,69,73,102,102,101,99,20.447,20.414,22.564,22.498,2795.846,92710,29649,0,300,3850,5,5,0,0,0,28,23,14,20,8,3,FALSE,0,FALSE
426.3324,20.676,20.215,16.943,15.848,17.528,18,16,4,2583862.2,77,78,66,69,102,102,101,99,20.45,20.417,22.563,22.499,2812.365,92710,29649,0,300,3850,5,5,0,0,0,28,23,14,20,8,3,FALSE,0,FALSE
426.83212,20.717,20.254,16.944,15.848,17.517,18,16,4,2590148.2,79,79,65,66,102,102,101,99,20.455,20.423,22.562,22.498,2831.596,92710,29649,0,300,3750,5,5,0,0,0,28,23,14,20,8,3,FALSE,0,FALSE
427.33145,20.759,20.293,16.944,15.848,17.504,18,16,4,2569081.2,80,79,65,66,102,102,100,99,20.459,20.427,22.559,22.497,2853.598,92710,29649,0,300,3750,5,5,0,0,0,28,23,14,20,8,3,FALSE,0,FALSE
427.83252,20.793,20.326,16.944,15.848,17.491,18,16,4,2540200.2,75,75,66,66,102,102,100,99,20.462,20.43,22.556,22.494,2878.549,92710,29649,0,167,3750,5,5,0,0,0,28,23,14,20,8,3,FALSE,0,FALSE
428.33533,20.814,20.347,16.944,15.848,17.477,18,16,4,2497466.2,71,71,67,66,102,102,100,99,20.463,20.431,22.553,22.492,2906.223,92710,29649,0,167,3716,5,5,0,0,0,28,23,14,20,8,3,FALSE,0,FALSE
428.8351,20.832,20.365,16.944,15.848,17.464,18,16,4,2452489.8,70,70,67,67,102,102,100,99,20.461,20.43,22.55,22.489,2936.443,92710,29649,0,116,3683,5,5,0,0,0,28,23,14,20,8,3,FALSE,0,FALSE
429.33646,20.849,20.382,16.944,15.848,17.451,18,16,4,2396028.5,69,70,67,67,102,102,100,99,20.459,20.428,22.546,22.485,2968.766,92710,29649,0,116,3683,5,5,0,0,0,28,23,14,20,8,3,FALSE,0,FALSE
429.8349,20.864,20.397,16.944,15.848,17.437,18,16,4,2338413.5,69,69,68,68,102,102,100,99,20.457,20.426,22.542,22.481,3003.174,92710,29649,0,67,3650,5,5,0,0,0,28,23,14,20,8,3,FALSE,0,FALSE
430.33014,20.878,20.411,16.944,15.848,17.423,18,16,4,2280798.5,69,69,68,68,102,102,100,99,20.454,20.423,22.537,22.477,3039.404,92710,29649,0,50,3650,5,5,0,0,0,28,23,14,20,8,3,FALSE,0,FALSE
430.83466,20.891,20.424,16.944,15.848,17.41,18,16,4,2229017.2,69,69,68,68,102,102,100,99,20.45,20.419,22.532,22.472,3077.08,92710,29649,0,50,3650,5,5,0,0,0,28,23,14,20,8,3,FALSE,0,FALSE
431.33353,20.904,20.436,16.944,15.848,17.396,18,16,4,2171402.2,69,69,69,69,102,102,100,99,20.446,20.415,22.526,22.467,3116.209,92710,29649,0,50,3600,5,5,0,0,0,28,23,14,20,8,3,FALSE,0,FALSE
431.83405,20.916,20.448,16.944,15.848,17.383,18,16,4,2113787.2,69,69,69,68,102,102,100,99,20.441,20.411,22.52,22.461,3156.631,92710,29649,0,500,3550,4,5,0,0,0,28,23,14,20,8,3,FALSE,0,FALSE
432.33484,20.927,20.459,16.944,15.848,17.37,18,16,4,2061925.6,69,69,69,69,102,101,100,99,20.436,20.407,22.513,22.455,3198.156,92710,29649,0,500,3550,4,5,0,0,0,28,23,14,20,8,3,FALSE,0,FALSE
432.8352,20.938,20.47,16.944,15.848,17.356,18,16,4,2004310.6,69,69,69,69,102,101,100,99,20.431,20.401,22.506,22.448,3240.576,92710,29649,0,483,3466,4,5,0,0,0,28,23,14,20,8,3,FALSE,0,FALSE
433.33636,20.951,20.481,16.944,15.849,17.342,18,16,4,1953225.1,69,69,69,69,102,101,99,99,20.426,20.396,22.499,22.441,3283.936,92710,29649,0,450,3466,4,5,0,0,0,28,23,14,20,8,3,FALSE,0,FALSE
433.83087,20.959,20.49,16.944,15.849,17.328,18,16,4,1944581.4,69,69,69,69,102,101,99,98,20.419,20.39,22.491,22.434,3327.945,92710,29649,0,416,3466,4,5,0,0,0,28,23,14,20,8,3,FALSE,0,FALSE
434.33337,20.979,20.51,16.968,15.873,17.319,18,16,4,1956826.1,72,72,74,74,102,101,99,98,20.414,20.385,22.486,22.429,3371.236,92710,29649,0,416,3333,4,5,0,0,0,28,23,14,20,8,3,FALSE,0,FALSE
434.83173,21.013,20.544,17.013,15.916,17.318,18,16,4,1989890.8,72,73,77,76,102,101,99,98,20.414,20.386,22.49,22.433,3406.359,92710,29649,0,400,3333,4,5,0,0,0,28,23,14,20,8,3,FALSE,0,FALSE
435.3298,21.05,20.587,17.063,15.966,17.317,18,16,4,2017508.5,73,77,79,81,102,101,99,99,20.417,20.39,22.497,22.441,3433.324,92710,29649,0,400,3283,4,5,0,0,0,28,23,14,20,8,3,FALSE,0,FALSE
435.8341,21.085,20.633,17.11,16.027,17.317,18,16,4,2040907.8,75,80,80,88,102,101,100,99,20.421,20.396,22.504,22.451,3456.32,92710,29649,0,383,3283,4,5,0,0,0,28,23,14,20,8,3,FALSE,0,FALSE
436.3361,21.118,20.679,17.171,16.101,17.313,18,16,4,2052369.9,77,84,87,95,102,101,100,99,20.425,20.403,22.513,22.463,3480.547,92710,29649,0,383,3234,4,5,0,0,0,28,23,14,20,8,3,FALSE,0,FALSE
436.83664,21.15,20.721,17.216,16.156,17.307,18,16,4,2059114.6,77,83,83,91,102,102,100,99,20.429,20.412,22.523,22.476,3501.854,92710,29649,0,334,3234,4,5,0,0,0,28,23,14,20,8,3,FALSE,0,FALSE
437.3358,21.185,20.763,17.245,16.194,17.297,18,16,4,2065564.9,77,82,78,85,102,102,100,99,20.434,20.419,22.529,22.486,3522.215,92710,29649,0,334,3234,4,5,0,0,0,28,23,14,20,8,3,FALSE,0,FALSE
437.83316,21.219,20.802,17.267,16.219,17.286,18,16,4,2071759.8,76,80,74,79,102,102,100,99,20.437,20.425,22.533,22.493,3543.684,92710,29649,0,334,3317,4,5,0,0,0,28,23,14,20,8,3,FALSE,0,FALSE
438.33405,21.254,20.842,17.289,16.241,17.274,18,16,4,2076184.4,76,80,73,76,102,102,100,99,20.44,20.43,22.535,22.497,3566.838,92710,29649,0,417,3317,4,5,0,0,0,28,23,14,20,8,3,FALSE,0,FALSE
438.83502,21.295,20.889,17.318,16.272,17.261,18,16,4,2080808.5,77,82,74,77,102,102,100,100,20.443,20.435,22.537,22.5,3591.715,92710,29649,0,417,3384,4,5,0,0,0,28,23,14,20,8,3,FALSE,0,FALSE
439.33237,21.349,20.952,17.357,16.313,17.248,18,16,4,2074449.9,78,83,76,79,102,102,100,100,20.446,20.441,22.539,22.504,3618.445,92710,29649,0,467,3384,4,5,0,0,0,28,23,14,20,8,3,FALSE,0,FALSE
439.83304,21.399,21.011,17.393,16.351,17.234,18,16,4,2063080.4,76,81,75,78,102,102,100,100,20.449,20.446,22.54,22.507,3647.084,92710,29649,0,467,3384,4,5,0,0,0,28,23,14,20,8,3,FALSE,0,FALSE
440.8351,21.457,21.079,17.427,16.384,17.207,18,16,4,2013428.5,70,71,69,68,102,102,100,100,20.449,20.45,22.539,22.506,3711.027,92710,29649,0,500,3417,4,5,0,0,0,28,23,14,20,8,3,FALSE,0,FALSE
441.33105,21.489,21.104,17.449,16.406,17.193,18,16,4,2004784.8,74,72,73,70,102,102,100,100,20.447,20.448,22.537,22.503,3744.906,92710,29649,0,500,3417,4,5,0,0,0,28,23,14,20,8,3,FALSE,0,FALSE
441.83197,21.544,21.149,17.509,16.463,17.18,18,16,4,1996141,81,77,83,79,102,102,100,100,20.448,20.447,22.536,22.501,3779.506,92710,29649,0,517,3434,4,5,0,0,0,28,23,14,20,8,3,FALSE,0,FALSE
442.3348,21.64,21.23,17.618,16.562,17.166,18,16,4,1987497.2,85,80,89,84,102,102,100,100,20.452,20.449,22.539,22.503,3815.557,92710,29649,0,517,3433,4,5,0,0,0,28,23,14,20,8,3,FALSE,0,FALSE
442.8317,21.734,21.308,17.732,16.665,17.153,18,16,4,1984326.4,85,80,91,85,102,102,100,100,20.455,20.45,22.542,22.504,3852.533,92710,29649,0,517,3433,4,5,0,0,0,28,23,14,20,8,3,FALSE,0,FALSE
443.33426,21.837,21.395,17.866,16.782,17.139,18,16,4,1975682.6,86,81,94,87,102,102,100,100,20.459,20.451,22.546,22.506,3889.512,92710,29649,0,533,3433,4,5,0,0,0,28,23,14,20,8,3,FALSE,0,FALSE
443.8365,21.941,21.483,17.998,16.898,17.126,18,16,4,1967038.9,85,81,91,85,102,102,100,100,20.462,20.452,22.55,22.507,3926.055,92710,29649,0,517,3417,4,5,0,0,0,28,23,14,20,8,3,FALSE,0,FALSE
444.33652,22.027,21.555,18.092,16.983,17.112,18,16,4,1958395.1,82,77,84,79,103,102,100,100,20.465,20.452,22.552,22.507,3961.711,92710,29649,0,517,3417,4,5,0,0,0,28,23,14,20,8,3,FALSE,0,FALSE
444.83563,22.063,21.583,18.113,17.003,17.098,18,16,4,1949751.4,72,70,71,69,102,102,100,100,20.463,20.449,22.548,22.502,3998.279,92710,29649,0,534,3417,4,5,0,0,0,28,23,14,20,8,3,FALSE,0,FALSE
445.3344,22.078,21.597,18.126,17.017,17.086,18,16,4,1952078.8,71,70,73,72,102,102,100,99,20.458,20.444,22.542,22.495,4035.545,92710,29649,40192,534,3417,4,5,0,0,0,28,23,14,20,8,3,FALSE,0,FALSE
445.8319,22.11,21.624,18.158,17.051,17.084,18,16,4,1982513.9,73,71,76,74,102,102,100,99,20.456,20.442,22.542,22.496,4066.543,92710,29649,40192,534,3417,4,5,0,0,0,28,23,14,20,8,3,FALSE,0,FALSE
446.33542,22.174,21.674,18.248,17.129,17.084,18,16,4,2009306.9,85,78,94,87,102,102,100,100,20.46,20.443,22.549,22.502,4090.857,92710,29649,40192,533,3416,4,5,0,0,0,28,23,14,20,8,3,FALSE,0,FALSE
447.33563,22.279,21.755,18.454,17.284,17.081,18,16,4,2038470.6,81,75,106,92,103,102,101,100,20.477,20.453,22.58,22.524,4129.363,92710,29649,40192,533,3417,4,5,0,0,0,28,23,14,20,8,3,FALSE,0,FALSE
447.83243,22.314,21.784,18.517,17.327,17.075,18,16,4,2045107.2,81,77,100,86,103,102,101,100,20.481,20.456,22.595,22.533,4149.539,92710,29649,40192,533,3417,4,5,0,0,0,28,23,14,20,8,3,FALSE,0,FALSE
448.3313,22.349,21.815,18.547,17.351,17.066,18,16,4,2051038.4,81,77,87,78,103,102,101,100,20.486,20.458,22.604,22.538,4170.355,92710,29649,40192,533,3417,4,5,0,0,0,28,23,14,20,8,3,FALSE,0,FALSE
448.83185,22.394,21.856,18.574,17.373,17.055,18,16,4,2056481.4,83,79,81,74,103,102,101,100,20.491,20.461,22.61,22.541,4191.021,92710,29649,40192,533,3517,4,5,0,0,0,28,23,14,20,8,3,FALSE,0,FALSE
449.33096,22.453,21.913,18.589,17.387,17.042,18,16,4,2052468,85,82,75,71,103,103,101,100,20.496,20.466,22.612,22.541,4213.568,92710,29649,40192,634,3517,4,5,0,0,0,28,23,14,20,8,3,FALSE,0,FALSE
449.8345,22.483,21.943,18.591,17.389,17.029,18,16,4,2021002.4,76,75,69,68,103,103,101,100,20.5,20.468,22.611,22.54,4239.26,92710,29649,40192,617,3517,4,5,0,0,0,28,23,14,20,8,3,FALSE,0,FALSE
450.33466,22.506,21.962,18.591,17.39,17.015,18,16,4,1976403.8,73,72,67,67,103,103,101,100,20.5,20.468,22.609,22.537,4267.541,92710,29649,40192,617,3500,4,5,0,0,0,28,23,14,20,8,3,FALSE,0,FALSE
450.83005,22.527,21.978,18.591,17.39,17.002,18,16,4,1930549.8,72,71,68,67,103,103,101,100,20.498,20.466,22.607,22.534,4298.045,92710,29649,40192,600,3500,4,5,0,0,0,28,23,14,20,8,3,FALSE,0,FALSE
451.33313,22.543,21.993,18.591,17.39,16.988,18,16,4,1873962.9,71,71,68,68,103,102,101,100,20.496,20.463,22.602,22.53,4330.395,92710,29649,40192,600,3483,4,5,0,0,0,28,23,14,20,8,3,FALSE,0,FALSE
451.83194,22.557,22.008,18.591,17.39,16.975,18,16,4,1816347.9,71,71,68,68,103,102,101,100,20.493,20.46,22.598,22.526,4364.67,92710,29649,40192,584,3467,4,5,0,0,0,28,23,14,20,8,3,FALSE,0,FALSE
452.33405,22.568,22.019,18.591,17.39,16.962,18,16,4,1798471.9,70,70,68,68,103,102,101,100,20.489,20.457,22.592,22.521,4400.449,92710,29649,40192,533,3416,4,5,0,0,0,28,23,14,20,8,3,FALSE,0,FALSE
452.83392,22.578,22.029,18.591,17.39,16.948,18,16,4,1789828.1,69,69,68,68,103,102,101,100,20.485,20.452,22.587,22.515,4437.328,92710,29649,40192,533,3416,4,5,0,0,0,28,23,14,20,8,3,FALSE,0,FALSE
453.33435,22.587,22.038,18.591,17.39,16.934,18,16,4,1781184.4,69,69,68,68,103,102,101,100,20.48,20.448,22.58,22.51,4475.268,92710,29649,40192,533,3400,4,5,0,0,0,28,23,14,20,8,3,FALSE,0,FALSE
453.8331,22.597,22.048,18.591,17.39,16.92,18,16,4,1772540.6,70,70,68,68,103,102,101,100,20.474,20.443,22.574,22.503,4514.174,92710,29649,40192,500,3366,4,5,0,0,0,28,23,14,20,8,3,FALSE,0,FALSE
454.3303,22.606,22.057,18.591,17.39,16.907,18,16,4,1763896.9,69,69,68,68,103,102,101,99,20.469,20.438,22.566,22.496,4553.955,92710,29649,40192,500,3366,4,5,0,0,0,28,23,14,20,8,3,FALSE,0,FALSE
454.83408,22.614,22.066,18.591,17.39,16.893,18,16,4,1755253.1,70,70,69,68,102,102,100,99,20.463,20.432,22.559,22.489,4594.523,92710,29649,40192,500,3366,4,5,0,0,0,28,23,14,20,8,3,FALSE,0,FALSE
455.33566,22.622,22.075,18.591,17.39,16.88,18,16,4,1752159.1,70,70,69,69,102,102,100,99,20.457,20.426,22.551,22.482,4635.729,92710,29649,40192,483,3333,4,5,0,0,0,28,23,14,20,8,3,FALSE,0,FALSE
455.83444,22.631,22.084,18.591,17.39,16.866,18,16,4,1743515.4,71,71,70,69,102,102,100,99,20.451,20.421,22.543,22.474,4677.459,92710,29649,40192,467,3333,4,5,0,0,0,28,23,14,20,8,3,FALSE,0,FALSE
456.33246,22.639,22.093,18.591,17.39,16.852,18,16,4,1734871.6,71,71,69,69,102,102,100,99,20.445,20.415,22.535,22.466,4719.725,92710,29649,40192,467,3283,4,5,0,0,0,28,23,14,20,8,3,FALSE,0,FALSE
456.83588,22.648,22.101,18.591,17.39,16.839,18,16,4,1726227.9,71,71,69,69,102,101,100,99,20.438,20.408,22.526,22.458,4762.455,92710,29649,40192,450,3283,4,5,0,0,0,28,23,14,20,8,3,FALSE,0,FALSE
457.33548,22.656,22.111,18.591,17.39,16.825,18,16,4,1717584.1,70,71,69,69,102,101,100,99,20.431,20.402,22.517,22.449,4805.59,92710,29649,40192,433,3283,4,5,0,0,0,28,23,14,20,8,3,FALSE,0,FALSE
458.32996,22.726,22.188,18.679,17.472,16.819,18,16,4,1777725.6,74,75,77,76,102,101,100,99,20.429,20.4,22.521,22.453,4874.826,92710,29649,40192,417,3233,4,5,0,0,0,28,23,14,20,8,3,FALSE,0,FALSE
458.83414,22.754,22.218,18.706,17.498,16.819,18,16,4,1801949.6,75,72,77,75,102,101,100,99,20.431,20.403,22.527,22.46,4897.896,92710,29649,40192,417,3233,4,5,0,0,0,28,23,14,20,8,3,FALSE,0,FALSE
459.33188,22.779,22.236,18.731,17.519,16.819,18,16,4,1820740.6,75,71,78,73,102,101,100,99,20.435,20.406,22.534,22.465,4916.762,92710,29649,40192,433,3266,4,5,0,0,0,28,23,14,20,8,3,FALSE,0,FALSE
459.83337,22.803,22.254,18.78,17.555,16.818,18,16,4,1831757.2,76,71,87,78,102,101,100,99,20.439,20.407,22.542,22.471,4933.715,92710,29649,40192,433,3266,4,5,0,0,0,28,23,14,20,8,3,FALSE,0,FALSE
460.33218,22.83,22.277,18.845,17.597,16.814,18,16,4,1838141.8,78,74,95,82,102,102,100,99,20.444,20.41,22.554,22.478,4957.543,92710,29649,40192,433,3284,4,5,0,0,0,28,23,14,20,8,3,FALSE,0,FALSE
460.8338,22.863,22.304,18.868,17.615,16.807,18,16,4,1844360.2,80,76,84,76,102,102,101,99,20.449,20.413,22.564,22.485,4974.074,92710,29649,40192,450,3284,4,5,0,0,0,28,23,14,20,8,3,FALSE,0,FALSE
461.33154,22.89,22.331,18.877,17.623,16.797,18,16,4,1845100.9,78,75,76,70,102,102,101,99,20.453,20.416,22.57,22.488,4992.773,92710,29649,40192,450,3267,4,5,0,0,0,28,23,14,20,8,3,FALSE,0,FALSE
461.83218,22.927,22.369,18.889,17.634,16.784,18,16,4,1843110.6,80,78,73,69,102,102,101,99,20.457,20.42,22.573,22.49,5013.488,92710,29649,40192,434,3267,4,5,0,0,0,28,23,14,20,8,3,FALSE,0,FALSE
462.3332,22.995,22.436,18.906,17.65,16.77,18,16,4,1839082.6,86,84,73,69,103,102,101,99,20.464,20.425,22.575,22.49,5036.227,92710,29649,40192,434,3267,4,5,0,0,0,28,23,14,20,8,3,FALSE,0,FALSE
463.33084,23.045,22.482,18.911,17.656,16.744,18,16,4,1796826.4,72,71,68,67,103,102,101,99,20.469,20.429,22.574,22.489,5090.41,92710,29649,40192,433,3216,4,5,0,0,0,28,23,14,20,8,3,FALSE,0,FALSE
463.8331,23.062,22.499,18.911,17.656,16.731,18,16,4,1749457.6,71,70,67,67,103,102,101,99,20.468,20.428,22.571,22.487,5121.432,92710,29649,40192,417,3216,4,5,0,0,0,28,23,14,20,8,3,FALSE,0,FALSE
464.3286,23.074,22.511,18.911,17.656,16.717,18,16,4,1734445.2,71,70,68,68,103,102,101,99,20.466,20.426,22.568,22.484,5154.283,92710,29649,40192,417,3183,4,5,0,0,0,28,23,14,20,8,3,FALSE,0,FALSE
464.82794,23.084,22.521,18.911,17.656,16.704,18,16,4,1726089.6,70,70,68,68,103,102,101,99,20.464,20.424,22.565,22.481,5187.541,92710,29649,40192,434,3150,4,5,0,0,0,28,23,14,20,8,3,FALSE,0,FALSE
465.33307,23.094,22.532,18.912,17.656,16.69,18,16,4,1722632.2,70,70,68,68,102,102,100,99,20.461,20.421,22.56,22.478,5224.482,92710,29649,40192,434,3150,4,5,0,0,0,28,23,14,20,8,3,FALSE,0,FALSE
465.8301,23.104,22.541,18.912,17.656,16.677,18,16,4,1713988.5,69,69,68,68,102,102,100,99,20.457,20.418,22.556,22.474,5261.338,92710,29649,40192,434,3150,4,5,0,0,0,28,23,14,20,8,3,FALSE,0,FALSE
466.33194,23.114,22.551,18.912,17.656,16.663,18,16,4,1705344.8,70,70,68,68,102,102,100,99,20.453,20.415,22.55,22.469,5299.258,92710,29649,40192,434,3150,4,5,0,0,0,28,23,14,20,8,3,FALSE,0,FALSE
466.82623,23.123,22.56,18.912,17.656,16.649,18,16,4,1696989.1,69,68,68,68,102,102,100,99,20.449,20.411,22.545,22.464,5336.852,92710,29649,40192,416,3150,4,5,0,0,0,28,23,14,20,8,3,FALSE,0,FALSE
467.32846,23.132,22.569,18.912,17.656,16.635,18,16,4,1688057.2,68,68,69,68,102,101,100,99,20.444,20.405,22.539,22.458,5378.07,92710,29649,40192,417,3150,4,5,0,0,0,28,23,14,20,8,3,FALSE,0,FALSE
467.8287,23.141,22.578,18.912,17.656,16.622,18,16,5,1684858.8,68,68,69,68,102,101,100,99,20.438,20.4,22.532,22.451,9.91,92616,0,0,417,3150,4,6,0,0,0,28,23,14,20,8,3,FALSE,0,FALSE
468.32788,23.149,22.586,18.912,17.656,16.609,18,16,5,1676503.1,68,68,69,68,102,101,100,99,20.432,20.394,22.525,22.445,50.074,92616,0,0,400,3133,4,6,0,0,0,28,23,14,20,8,3,FALSE,0,FALSE
468.83307,23.158,22.595,18.912,17.656,16.595,18,16,5,1667571.2,69,69,69,69,102,101,100,98,20.425,20.388,22.517,22.438,93.732,92616,0,0,383,3116,4,6,0,0,0,28,23,14,20,8,3,FALSE,0,FALSE
469.3317,23.167,22.604,18.912,17.656,16.581,18,16,5,1658927.5,68,68,68,68,102,101,100,98,20.419,20.382,22.509,22.43,136.686,92616,0,0,383,3116,4,6,0,0,0,28,23,14,20,8,3,FALSE,0,FALSE
469.82825,23.176,22.612,18.912,17.656,16.567,18,16,5,1650283.8,68,68,68,68,102,101,100,98,20.412,20.375,22.501,22.422,180.27,92616,0,0,383,3083,4,6,0,0,0,28,23,14,20,8,3,FALSE,0,FALSE
470.33392,23.184,22.62,18.912,17.656,16.553,18,16,5,1641640,69,68,69,69,101,101,99,98,20.404,20.368,22.492,22.414,224.414,92616,0,0,367,3083,4,6,0,0,0,28,23,14,20,8,3,FALSE,0,FALSE
470.83044,23.193,22.629,18.912,17.656,16.539,18,16,5,1632996.2,69,69,69,69,101,101,99,98,20.397,20.36,22.483,22.406,269.047,92616,0,0,367,3050,4,6,0,0,0,28,23,14,20,8,3,FALSE,0,FALSE
471.33405,23.201,22.637,18.912,17.656,16.526,18,16,5,1624419.8,68,68,69,68,101,100,99,98,20.389,20.352,22.474,22.397,314.117,92616,0,0,334,3000,4,6,0,0,0,28,23,14,20,8,3,FALSE,0,FALSE
471.83005,23.209,22.645,18.912,17.656,16.512,18,16,5,1616113.5,69,69,69,69,101,100,99,98,20.38,20.344,22.465,22.388,359.602,92616,0,0,334,2967,4,6,0,0,0,28,23,14,20,8,3,FALSE,0,FALSE
472.33054,23.217,22.653,18.912,17.656,16.498,18,16,5,1608033.4,68,67,68,68,101,100,99,97,20.372,20.336,22.455,22.378,405.414,92616,0,0,334,2934,4,6,0,0,0,28,23,14,20,8,3,FALSE,0,FALSE
472.83276,23.225,22.661,18.912,17.656,16.484,18,16,5,1600155.4,69,68,69,69,101,100,99,97,20.363,20.328,22.445,22.369,451.521,92616,0,0,317,2934,4,6,0,0,0,28,23,14,20,8,3,FALSE,0,FALSE
473.33182,23.233,22.668,18.912,17.656,16.471,18,16,5,1592481.9,68,68,69,69,100,100,98,97,20.354,20.319,22.435,22.359,497.924,92616,0,0,300,2934,4,6,0,0,0,28,23,14,20,8,3,FALSE,0,FALSE
473.8319,23.24,22.676,18.912,17.656,16.457,18,16,5,1584993.2,68,68,69,68,100,100,98,97,20.345,20.31,22.424,22.349,544.592,92616,0,0,283,2833,4,6,0,0,0,28,23,14,20,8,3,FALSE,0,FALSE
474.3327,23.261,22.696,18.934,17.68,16.446,18,16,5,1596773.2,71,72,73,73,100,100,98,97,20.337,20.302,22.416,22.342,590.514,92616,0,0,284,2833,4,6,0,0,0,28,23,14,20,8,3,FALSE,0,FALSE
474.82922,23.297,22.73,18.971,17.719,16.445,18,16,5,1632775.8,71,71,73,72,100,100,98,97,20.336,20.301,22.42,22.345,628.229,92616,0,0,284,2833,4,6,0,0,0,28,23,14,20,8,3,FALSE,0,FALSE
475.33203,23.313,22.745,18.98,17.727,16.444,18,16,5,1663354.6,69,69,70,69,100,100,98,97,20.336,20.302,22.424,22.349,658.592,92616,0,0,284,2850,4,6,0,0,0,28,23,14,20,8,3,FALSE,0,FALSE
475.83475,23.329,22.759,18.987,17.735,16.443,18,16,5,1689931.9,69,68,69,68,100,100,98,97,20.338,20.304,22.428,22.354,683.225,92616,0,0,284,2850,4,6,0,0,0,28,23,14,20,8,3,FALSE,0,FALSE
476.3293,23.339,22.768,18.993,17.742,16.443,18,16,5,1712302.2,68,67,69,68,100,100,98,97,20.34,20.306,22.432,22.358,702.918,92616,0,0,366,2850,4,6,0,0,0,28,23,14,20,8,3,FALSE,0,FALSE
476.8332,23.36,22.786,19.016,17.761,16.443,18,16,5,1729532.5,72,70,75,71,100,100,98,97,20.342,20.309,22.437,22.363,717.955,92616,0,0,366,2850,4,6,0,0,0,28,23,14,20,8,3,FALSE,0,FALSE
477.32977,23.383,22.804,19.05,17.787,16.443,18,16,5,1742664.2,76,71,82,76,100,100,99,97,20.347,20.312,22.445,22.369,728.744,92616,0,0,366,2850,4,6,0,0,0,28,23,14,20,8,3,FALSE,0,FALSE
478.83167,23.455,22.866,19.123,17.832,16.436,18,16,5,1760924.9,88,83,83,74,101,100,99,98,20.364,20.325,22.478,22.389,769.504,92616,0,0,400,2966,4,6,0,0,0,28,23,14,20,8,3,FALSE,0,FALSE
479.3285,23.473,22.884,19.127,17.835,16.431,18,16,5,1765255.9,82,78,76,70,101,100,99,98,20.375,20.334,22.485,22.394,780.316,92616,0,0,400,2966,4,6,0,0,0,28,23,14,20,8,3,FALSE,0,FALSE
479.8199,23.498,22.917,19.127,17.836,16.423,18,16,5,1768424.2,82,82,71,68,101,100,99,98,20.382,20.341,22.489,22.397,792.889,92616,0,0,400,2966,4,6,0,0,0,28,23,14,20,8,3,FALSE,0,FALSE
480.32886,23.528,22.947,19.131,17.84,16.412,18,16,5,1773260.2,81,80,68,68,101,100,99,98,20.389,20.348,22.491,22.399,809.09,92616,0,0,350,2966,4,6,0,0,0,28,23,14,20,8,3,FALSE,0,FALSE
480.83145,23.571,22.99,19.144,17.857,16.402,18,16,5,1785005.8,82,83,69,72,101,101,99,98,20.396,20.356,22.492,22.401,826.939,92616,0,0,350,2934,4,6,0,0,0,28,23,14,20,8,3,FALSE,0,FALSE
481.3287,23.642,23.073,19.169,17.889,16.393,18,16,5,1791398.2,91,96,74,78,101,101,99,98,20.404,20.366,22.494,22.405,851.439,92616,0,0,317,2934,4,6,0,0,0,28,23,14,20,8,3,FALSE,0,FALSE
481.8295,23.678,23.114,19.174,17.892,16.383,18,16,5,1796336.9,79,81,69,70,102,101,99,98,20.413,20.378,22.495,22.408,873.418,92616,0,0,317,2934,4,6,0,0,0,28,23,14,20,8,3,FALSE,0,FALSE
482.3305,23.707,23.152,19.199,17.919,16.373,18,16,5,1802854,75,81,72,74,102,101,99,98,20.416,20.383,22.496,22.41,895.24,92616,0,0,317,2934,4,6,0,0,0,28,23,14,20,8,3,FALSE,0,FALSE
482.8302,23.741,23.188,19.21,17.929,16.36,18,16,5,1801461.4,77,78,69,71,102,101,99,98,20.418,20.387,22.496,22.412,919.482,92616,0,0,334,2950,4,6,0,0,0,28,23,14,20,8,3,FALSE,0,FALSE
483.32916,23.768,23.218,19.212,17.931,16.347,18,16,5,1801252.1,72,75,69,67,102,101,99,98,20.42,20.389,22.495,22.411,946.803,92616,0,0,334,3017,4,6,0,0,0,28,23,14,20,8,3,FALSE,0,FALSE
483.83017,23.804,23.25,19.232,17.95,16.333,18,16,5,1790427.4,76,74,72,70,102,101,99,98,20.421,20.39,22.494,22.41,976.18,92616,0,0,384,3017,4,6,0,0,0,28,23,14,20,8,3,FALSE,0,FALSE
484.331,23.842,23.282,19.248,17.968,16.32,18,16,5,1744836.2,75,73,72,70,102,101,99,98,20.423,20.391,22.492,22.408,1005.982,92616,0,0,417,3050,4,6,0,0,0,28,23,14,20,8,3,FALSE,0,FALSE
484.83383,23.88,23.315,19.266,17.985,16.307,18,16,5,1688599.9,75,72,72,69,102,101,99,98,20.424,20.39,22.491,22.406,1038.006,92616,0,0,417,3050,4,6,0,0,0,28,23,14,20,8,3,FALSE,0,FALSE
485.3329,23.903,23.336,19.27,17.989,16.293,18,16,5,1630984.9,70,69,68,68,102,101,99,98,20.423,20.388,22.488,22.403,1072.086,92616,0,0,417,3050,4,6,0,0,0,28,23,14,20,8,3,FALSE,0,FALSE
485.8329,23.916,23.351,19.27,17.989,16.28,18,16,5,1613155.1,68,68,67,67,102,101,99,98,20.419,20.386,22.483,22.398,1107.783,92616,0,0,417,3050,4,6,0,0,0,28,23,14,20,8,3,FALSE,0,FALSE
486.33163,23.928,23.361,19.27,17.99,16.266,18,16,5,1604511.4,68,68,68,68,102,101,99,98,20.416,20.382,22.478,22.394,1144.742,92616,0,0,417,3033,4,6,0,0,0,28,23,14,20,8,3,FALSE,0,FALSE
486.8317,23.939,23.371,19.27,17.99,16.252,18,16,5,1595867.6,68,68,68,68,102,101,99,98,20.411,20.378,22.472,22.389,1182.893,92616,0,0,400,3000,4,6,0,0,0,28,23,14,20,8,3,FALSE,0,FALSE
487.33148,23.948,23.381,19.27,17.99,16.239,18,16,5,1587223.9,68,68,68,68,101,101,99,98,20.406,20.373,22.466,22.383,1222.129,92616,0,0,400,3000,4,6,0,0,0,28,23,14,20,8,3,FALSE,0,FALSE
487.83264,23.957,23.39,19.27,17.99,16.226,18,16,5,1583996.2,68,68,68,68,101,101,99,97,20.401,20.368,22.46,22.377,1262.322,92616,0,0,400,3000,4,6,0,0,0,28,23,14,20,8,3,FALSE,0,FALSE
488.3307,23.966,23.399,19.27,17.99,16.212,18,16,5,1575352.5,68,68,68,68,101,101,99,97,20.396,20.363,22.453,22.37,1303.229,92616,0,0,383,3000,4,6,0,0,0,28,23,14,20,8,3,FALSE,0,FALSE
488.82898,23.974,23.408,19.271,17.99,16.198,18,16,5,1566708.8,68,68,68,68,101,101,99,97,20.39,20.357,22.446,22.364,1344.896,92616,0,0,383,2983,4,6,0,0,0,28,23,14,20,8,3,FALSE,0,FALSE
489.3296,23.982,23.418,19.271,17.99,16.184,18,16,5,1558065,68,68,68,68,101,100,98,97,20.383,20.351,22.438,22.356,1387.258,92616,0,0,367,2983,4,6,0,0,0,28,23,14,20,8,3,FALSE,0,FALSE
489.83206,24.015,23.448,19.32,18.031,16.179,18,16,5,1586856.5,73,72,77,74,101,100,98,97,20.38,20.349,22.437,22.356,1426.281,92616,0,0,367,2983,4,6,0,0,0,28,23,14,20,8,3,FALSE,0,FALSE
490.3321,24.041,23.469,19.341,18.048,16.179,18,16,5,1617341.8,70,69,71,70,101,100,99,97,20.382,20.35,22.442,22.36,1456.787,92616,0,0,350,2916,4,6,0,0,0,28,23,14,20,8,3,FALSE,0,FALSE
490.8308,24.052,23.478,19.348,18.056,16.178,18,16,5,1643501.9,69,68,70,69,101,100,99,97,20.383,20.351,22.445,22.364,1482.062,92616,0,0,350,2916,4,6,0,0,0,28,23,14,20,8,3,FALSE,0,FALSE
491.33203,24.083,23.501,19.389,18.091,16.178,18,16,5,1665628.1,76,71,80,75,101,100,99,97,20.386,20.352,22.451,22.369,1502.949,92616,0,0,450,2916,4,6,0,0,0,28,23,14,20,8,3,FALSE,0,FALSE
491.83264,24.123,23.531,19.463,18.147,16.178,18,16,5,1679536,81,74,94,84,101,101,99,97,20.392,20.356,22.461,22.377,1519.57,92616,0,0,450,3017,4,6,0,0,0,28,23,14,20,8,3,FALSE,0,FALSE
492.33255,24.154,23.552,19.527,18.202,16.175,18,16,5,1686043.4,81,73,96,88,101,101,99,98,20.399,20.359,22.475,22.388,1544.564,92616,0,0,450,3017,4,6,0,0,0,28,23,14,20,8,3,FALSE,0,FALSE
492.83167,24.181,23.571,19.593,18.25,16.171,18,16,5,1692424.4,78,72,98,87,101,101,99,98,20.405,20.362,22.489,22.398,1567.209,92616,0,0,500,3067,4,6,0,0,0,28,23,14,20,8,3,FALSE,0,FALSE
493.33224,24.206,23.591,19.636,18.281,16.167,18,16,5,1698682.2,78,73,92,82,102,101,100,98,20.41,20.365,22.501,22.407,1584.174,92616,0,0,500,3067,4,6,0,0,0,28,23,14,20,8,3,FALSE,0,FALSE
493.83286,24.24,23.617,19.663,18.303,16.161,18,16,5,1704976.5,81,75,85,77,102,101,100,98,20.415,20.368,22.511,22.413,1600.555,92616,0,0,500,3000,4,6,0,0,0,28,23,14,20,8,3,FALSE,0,FALSE
494.33273,24.282,23.658,19.675,18.314,16.151,18,16,5,1707469.2,84,79,77,72,102,101,100,98,20.421,20.371,22.516,22.416,1618.279,92616,0,0,433,3000,4,6,0,0,0,28,23,14,20,8,3,FALSE,0,FALSE
494.83148,24.316,23.69,19.677,18.317,16.139,18,16,5,1706622.4,78,76,70,68,102,101,100,98,20.427,20.377,22.518,22.417,1639.023,92616,0,0,433,2967,4,6,0,0,0,28,23,14,20,8,3,FALSE,0,FALSE
495.3309,24.349,23.725,19.677,18.317,16.126,18,16,5,1693472.5,78,77,67,66,102,101,100,98,20.43,20.38,22.517,22.417,1662.266,92616,0,0,434,2967,4,6,0,0,0,28,23,14,20,8,3,FALSE,0,FALSE
495.83078,24.396,23.765,19.677,18.317,16.113,18,16,5,1669996,78,76,66,64,102,101,100,98,20.433,20.383,22.516,22.414,1688.359,92616,0,0,434,2967,4,6,0,0,0,28,23,14,20,8,3,FALSE,0,FALSE
496.3278,24.418,23.787,19.677,18.317,16.099,18,16,5,1664093.6,74,71,66,67,102,101,100,98,20.435,20.384,22.513,22.412,1715.648,92616,0,0,416,2933,4,6,0,0,0,28,23,14,20,8,3,FALSE,0,FALSE
496.82947,24.435,23.806,19.683,18.322,16.085,18,16,5,1656428.9,71,72,68,69,102,101,100,98,20.434,20.384,22.51,22.41,1746.395,92616,0,0,416,2933,4,6,0,0,0,28,23,14,20,8,3,FALSE,0,FALSE
497.32822,24.461,23.839,19.703,18.341,16.072,18,16,5,1653756.8,71,74,70,71,102,101,100,98,20.433,20.384,22.507,22.409,1777.959,92616,0,0,417,2933,4,6,0,0,0,28,23,14,20,8,3,FALSE,0,FALSE
497.83133,24.487,23.873,19.726,18.363,16.059,18,16,5,1645120.9,72,75,71,73,102,101,100,98,20.431,20.384,22.505,22.407,1811.699,92616,30018,0,434,2933,4,6,0,0,0,28,23,14,20,8,3,FALSE,0,FALSE
498.32925,24.51,23.9,19.744,18.378,16.05,18,16,5,1654531.1,70,71,71,70,102,101,100,98,20.429,20.384,22.502,22.406,1846.672,92616,30018,0,434,2934,4,6,0,0,0,28,23,14,20,8,3,FALSE,0,FALSE
498.8294,24.57,23.946,19.831,18.453,16.05,18,16,5,1679655.2,82,76,91,83,102,101,100,98,20.431,20.385,22.506,22.408,1875.082,92616,30018,0,450,2934,4,6,0,0,0,28,23,14,20,8,3,FALSE,0,FALSE
499.32852,24.638,23.999,19.946,18.545,16.046,18,16,5,1687559.5,84,78,97,88,102,101,100,98,20.437,20.388,22.516,22.416,1902.764,92616,30018,0,450,2967,4,6,0,0,0,28,23,14,20,8,3,FALSE,0,FALSE
499.8305,24.71,24.048,20.043,18.637,16.04,18,16,5,1694239.5,89,79,97,91,102,101,100,98,20.444,20.391,22.526,22.423,1931.475,92616,30018,0,466,2967,4,6,0,0,0,28,23,14,20,8,3,FALSE,0,FALSE
500.33276,24.765,24.088,20.107,18.688,16.035,18,16,5,1700734.9,82,75,88,81,102,101,100,98,20.45,20.393,22.534,22.429,1957.699,92616,30018,0,466,2983,4,6,0,0,0,28,23,14,20,8,3,FALSE,0,FALSE
500.83292,24.786,24.107,20.113,18.694,16.023,18,16,5,1697925.9,73,71,71,70,102,101,100,98,20.451,20.393,22.535,22.429,1983.572,92616,30018,0,467,2983,4,6,0,0,0,28,23,14,20,8,3,FALSE,0,FALSE
501.32886,24.824,24.151,20.147,18.736,16.01,18,16,5,1698064,76,78,74,79,102,101,100,98,20.451,20.393,22.533,22.429,2012.209,92616,30018,0,467,2983,4,6,0,0,0,28,23,14,20,8,3,FALSE,0,FALSE
501.8291,24.882,24.218,20.21,18.816,15.999,18,16,5,1702779.1,79,82,79,87,102,101,100,98,20.452,20.396,22.533,22.432,2043.162,92616,30018,0,500,3016,4,6,0,0,0,28,23,14,20,8,3,FALSE,0,FALSE
502.331,24.946,24.293,20.269,18.888,15.986,18,16,5,1703933.4,81,85,79,85,102,101,100,98,20.453,20.4,22.533,22.436,2073.266,92616,30018,0,500,3016,4,6,0,0,0,28,23,14,20,8,3,FALSE,0,FALSE
502.8312,24.987,24.343,20.298,18.918,15.973,18,16,5,1701776.1,73,77,72,75,102,101,100,98,20.454,20.402,22.531,22.436,2103.818,92616,30018,0,533,3016,4,6,0,0,0,28,23,14,20,8,3,FALSE,0,FALSE
503.32953,25.013,24.376,20.315,18.935,15.959,18,16,5,1693244.1,71,74,71,71,102,101,100,98,20.451,20.402,22.527,22.433,2136.211,92616,30018,0,550,3016,4,6,0,0,0,28,23,14,20,8,3,FALSE,0,FALSE
503.8286,25.029,24.397,20.323,18.942,15.945,18,16,5,1684624.5,71,73,70,70,102,101,100,98,20.447,20.4,22.521,22.429,2169.938,92616,30018,0,550,3067,4,6,0,0,0,28,23,14,20,8,3,FALSE,0,FALSE
504.3311,25.059,24.428,20.358,18.977,15.942,18,16,5,1712485.5,73,73,75,75,102,101,100,98,20.446,20.399,22.521,22.429,2200.539,92616,30018,0,567,3067,4,6,0,0,0,28,23,14,20,8,3,FALSE,0,FALSE
504.82944,25.078,24.445,20.37,18.99,15.941,18,16,5,1737842.9,71,71,73,71,102,101,100,98,20.446,20.4,22.524,22.433,2223.967,92616,30018,0,567,3067,4,6,0,0,0,28,23,14,20,8,3,FALSE,0,FALSE
505.32938,25.097,24.461,20.39,19.011,15.941,18,16,5,1758935.4,73,70,76,73,102,101,100,98,20.448,20.401,22.529,22.437,2242.52,92616,30018,0,567,3134,4,6,0,0,0,28,23,14,20,8,3,FALSE,0,FALSE
505.83282,25.125,24.48,20.424,19.038,15.941,18,16,5,1775956.8,77,71,82,77,102,101,100,99,20.451,20.403,22.534,22.442,2256.732,92616,30018,0,567,3134,4,6,0,0,0,28,23,14,20,8,3,FALSE,0,FALSE
506.33154,25.145,24.496,20.471,19.071,15.941,18,16,5,1787527.5,77,72,91,80,102,101,100,99,20.456,20.405,22.544,22.449,2268.301,92616,30018,0,567,3134,4,6,0,0,0,28,23,14,20,8,3,FALSE,0,FALSE
506.82825,25.158,24.506,20.518,19.1,15.939,18,16,5,1793498.2,75,71,96,82,102,101,100,99,20.46,20.407,22.556,22.457,2283.305,92616,30018,0,567,3134,4,6,0,0,0,28,23,14,20,8,3,FALSE,0,FALSE
507.33047,25.177,24.52,20.538,19.116,15.936,18,16,5,1799175.1,77,72,90,79,102,101,101,99,20.463,20.409,22.568,22.463,2298.414,92616,30018,0,567,3116,4,6,0,0,0,28,23,14,20,8,3,FALSE,0,FALSE
507.83142,25.192,24.534,20.546,19.124,15.931,18,16,5,1805348,76,71,82,74,103,102,101,99,20.467,20.41,22.576,22.468,2311.342,92616,30018,0,567,3116,4,6,0,0,0,28,23,14,20,8,3,FALSE,0,FALSE
508.32922,25.211,24.553,20.553,19.13,15.923,18,16,5,1812382,77,73,76,71,103,102,101,99,20.47,20.412,22.58,22.471,2324.725,92616,30018,0,466,3116,4,6,0,0,0,28,23,14,20,8,3,FALSE,0,FALSE
508.82858,25.23,24.574,20.559,19.136,15.914,18,16,5,1819845.8,76,74,72,68,103,102,101,99,20.473,20.414,22.583,22.472,2340.004,92616,30018,0,466,3116,4,6,0,0,0,28,23,14,20,8,3,FALSE,0,FALSE
509.33252,25.253,24.598,20.561,19.138,15.903,18,16,5,1826789.6,76,76,69,66,103,102,101,99,20.475,20.416,22.583,22.472,2358.047,92616,30018,0,466,3067,4,6,0,0,0,28,23,14,20,8,3,FALSE,0,FALSE
509.82855,25.29,24.639,20.562,19.139,15.89,18,16,5,1831056.6,78,78,67,66,103,102,101,99,20.479,20.42,22.582,22.471,2378.932,92616,30018,0,433,3067,4,6,0,0,0,28,23,14,20,8,3,FALSE,0,FALSE
510.32947,25.31,24.662,20.562,19.139,15.877,18,16,5,1825565.5,74,73,66,66,103,102,101,99,20.48,20.422,22.579,22.469,2402.527,92616,30018,0,433,3067,4,6,0,0,0,28,23,14,20,8,3,FALSE,0,FALSE
510.83044,25.33,24.684,20.562,19.139,15.864,18,16,5,1792906.5,72,72,66,66,103,102,101,99,20.48,20.422,22.576,22.467,2428.607,92616,30018,0,383,3016,4,6,0,0,0,28,23,14,20,8,3,FALSE,0,FALSE
511.32364,25.349,24.704,20.562,19.139,15.851,18,16,5,1752938.9,71,71,66,66,103,102,101,99,20.479,20.421,22.573,22.464,2456.207,92616,30018,0,383,2983,4,6,0,0,0,28,23,14,20,8,3,FALSE,0,FALSE
511.82858,25.361,24.715,20.562,19.139,15.838,18,16,5,1750129.9,69,69,67,66,103,102,101,99,20.477,20.419,22.569,22.461,2487.668,92616,30018,0,350,2983,4,6,0,0,0,28,23,14,20,8,3,FALSE,0,FALSE
512.3293,25.373,24.728,20.562,19.139,15.824,18,16,5,1741651,69,69,66,66,103,102,101,99,20.474,20.417,22.564,22.457,2519.838,92616,30018,0,350,2983,4,6,0,0,0,28,23,14,20,8,3,FALSE,0,FALSE
512.82794,25.385,24.743,20.566,19.143,15.811,18,16,5,1733295.4,69,70,67,68,103,102,100,99,20.471,20.414,22.559,22.453,2552.531,92616,30018,0,350,2967,4,6,0,0,0,28,23,14,20,8,3,FALSE,0,FALSE
513.3281,25.406,24.771,20.585,19.16,15.798,18,16,5,1729767.1,70,73,70,72,103,102,100,99,20.467,20.412,22.555,22.449,2588.811,92616,30018,0,350,2967,4,6,0,0,0,28,23,14,20,8,3,FALSE,0,FALSE
513.832,25.445,24.819,20.629,19.206,15.784,18,16,5,1725438.4,73,76,74,77,103,102,100,99,20.464,20.411,22.551,22.448,2624.334,92616,30018,0,350,2967,4,6,0,0,0,28,23,14,20,8,3,FALSE,0,FALSE
514.3321,25.487,24.873,20.68,19.257,15.782,18,16,5,1755009.6,74,77,76,79,103,102,100,99,20.464,20.413,22.551,22.45,2658.408,92616,30018,0,350,2950,4,6,0,0,0,28,23,14,20,8,3,FALSE,0,FALSE
514.83203,25.518,24.91,20.712,19.288,15.781,18,16,5,1781935.8,73,76,75,77,103,102,100,99,20.465,20.416,22.555,22.455,2685.125,92616,30018,0,350,2950,4,6,0,0,0,28,23,14,20,8,3,FALSE,0,FALSE
515.8319,25.565,24.967,20.76,19.338,15.78,18,16,5,1823306.2,73,79,77,80,103,102,101,99,20.47,20.425,22.563,22.467,2721.719,92616,30018,0,350,2950,4,6,0,0,0,28,23,14,20,8,3,FALSE,0,FALSE
516.32513,25.592,25.002,20.782,19.368,15.78,18,16,5,1837049.6,77,82,77,83,103,102,101,99,20.474,20.432,22.568,22.475,2734.111,92616,30018,0,350,2950,4,6,0,0,0,28,23,14,20,8,3,FALSE,0,FALSE
516.832,25.62,25.03,20.806,19.41,15.78,18,16,5,1846618.4,80,83,79,91,103,102,101,99,20.479,20.44,22.574,22.485,2744.664,92616,30018,0,350,2950,4,6,0,0,0,28,23,14,20,8,3,FALSE,0,FALSE
517.8296,25.647,25.058,20.825,19.439,15.772,18,16,5,1856312.2,76,78,73,81,103,102,101,100,20.487,20.451,22.583,22.505,2773.848,92616,30018,0,316,3000,4,6,0,0,0,28,23,14,20,8,3,FALSE,0,FALSE
518.3282,25.679,25.086,20.828,19.442,15.765,18,16,5,1860903.6,81,81,70,75,103,102,101,100,20.492,20.457,22.584,22.51,2785.887,92616,30018,0,316,3000,4,6,0,0,0,28,23,14,20,8,3,FALSE,0,FALSE
518.8304,25.716,25.118,20.829,19.443,15.755,18,16,5,1866832.8,83,82,67,70,103,103,101,100,20.498,20.464,22.585,22.513,2800.66,92616,30018,0,316,3000,4,6,0,0,0,28,23,14,20,8,3,FALSE,0,FALSE
519.8287,25.784,25.181,20.829,19.443,15.732,18,16,5,1881204.9,80,79,65,66,103,103,101,100,20.508,20.473,22.582,22.512,2838.068,92616,30018,0,317,2967,4,6,0,0,0,28,23,14,20,8,3,FALSE,0,FALSE
520.32935,25.817,25.214,20.829,19.443,15.719,18,16,5,1877046.5,77,76,65,65,103,103,101,100,20.511,20.477,22.579,22.51,2860.953,92616,30018,0,284,2967,4,6,0,0,0,28,23,14,20,8,3,FALSE,0,FALSE
520.83136,25.839,25.235,20.829,19.443,15.706,18,16,5,1876994.5,72,72,66,66,103,103,101,100,20.512,20.478,22.576,22.508,2886.582,92616,30018,0,284,2967,4,6,0,0,0,28,23,14,20,8,3,FALSE,0,FALSE
521.3278,25.854,25.251,20.829,19.443,15.693,18,16,5,1870641.6,70,70,66,66,103,103,101,100,20.511,20.477,22.573,22.505,2913.637,92616,30018,0,250,2916,4,6,0,0,0,28,23,14,20,8,3,FALSE,0,FALSE
521.8309,25.868,25.266,20.829,19.443,15.679,18,16,5,1868280.6,68,68,67,67,103,103,101,100,20.509,20.475,22.569,22.502,2944.848,92616,30018,0,250,2884,4,6,0,0,0,28,23,14,20,8,3,FALSE,0,FALSE
522.3279,25.881,25.278,20.829,19.443,15.666,18,16,5,1860131.9,68,68,67,67,103,103,101,99,20.506,20.472,22.566,22.499,2975.904,92616,30018,0,234,2884,4,6,0,0,0,28,23,14,20,8,3,FALSE,0,FALSE
522.8267,25.893,25.29,20.829,19.443,15.652,18,16,5,1851488.1,68,68,67,67,103,103,101,99,20.502,20.469,22.561,22.495,3009.799,92616,30018,0,234,2866,4,6,0,0,0,28,23,14,20,8,3,FALSE,0,FALSE
523.3237,25.903,25.301,20.829,19.443,15.639,18,16,5,1848259.1,68,68,68,67,103,103,100,99,20.498,20.465,22.556,22.49,3045.236,92616,30018,0,250,2850,4,6,0,0,0,28,23,14,20,8,3,FALSE,0,FALSE
523.827,25.914,25.311,20.829,19.443,15.626,18,16,5,1839615.4,68,68,68,68,103,102,100,99,20.494,20.461,22.551,22.485,3081.988,92616,30018,0,250,2850,4,6,0,0,0,28,23,14,20,8,3,FALSE,0,FALSE
524.33136,25.924,25.322,20.829,19.443,15.611,18,16,5,1830683.5,69,69,68,69,103,102,100,99,20.489,20.457,22.545,22.48,3121.324,92616,30018,0,250,2817,4,6,0,0,0,28,23,14,20,8,3,FALSE,0,FALSE
524.831,25.934,25.331,20.829,19.443,15.598,18,16,5,1822039.8,68,68,68,68,103,102,100,99,20.483,20.452,22.538,22.474,3160.586,92616,30018,0,250,2817,4,6,0,0,0,28,23,14,20,8,3,FALSE,0,FALSE
525.3287,25.943,25.34,20.829,19.443,15.585,18,16,5,1818749.8,68,68,68,68,103,102,100,99,20.478,20.446,22.532,22.467,3200.812,92616,30018,0,250,2750,4,6,0,0,0,28,23,14,20,8,3,FALSE,0,FALSE
525.8268,25.952,25.348,20.829,19.444,15.572,18,16,5,1810394.1,68,68,68,68,103,102,100,99,20.472,20.441,22.525,22.461,3240.5,92616,30018,0,250,2750,4,6,0,0,0,28,23,14,20,8,3,FALSE,0,FALSE
526.3269,25.961,25.356,20.829,19.444,15.558,18,16,5,1801750.4,68,68,68,68,103,102,100,99,20.466,20.434,22.517,22.454,3282.369,92616,30018,0,250,2750,4,6,0,0,0,28,23,14,20,8,3,FALSE,0,FALSE
526.822,25.97,25.365,20.829,19.444,15.544,18,16,5,1793106.6,68,68,69,68,102,102,100,99,20.459,20.428,22.509,22.446,3325.006,92616,30018,0,250,2717,4,6,0,0,0,28,23,14,20,8,3,FALSE,0,FALSE
527.32837,25.991,25.386,20.857,19.471,15.534,18,16,5,1810927.2,72,72,75,74,102,102,100,99,20.454,20.423,22.504,22.441,3368.037,92616,30018,0,317,2717,4,6,0,0,0,28,23,14,20,8,3,FALSE,0,FALSE
527.8269,26.025,25.419,20.895,19.509,15.533,18,16,5,1841203.2,72,73,75,75,102,102,100,99,20.454,20.423,22.508,22.446,3400.318,92616,30018,0,250,2634,3,6,0,0,0,28,23,14,20,8,3,FALSE,0,FALSE
528.3307,26.05,25.451,20.925,19.538,15.533,18,16,5,1868636.2,71,75,74,76,102,102,100,99,20.455,20.426,22.513,22.452,3427.582,92616,30018,0,250,2634,3,6,0,0,0,28,23,14,20,8,3,FALSE,0,FALSE
528.8301,26.078,25.488,20.966,19.591,15.533,18,16,5,1886206,73,78,78,84,102,102,100,99,20.457,20.43,22.519,22.459,3449.514,92616,30018,0,300,2684,3,6,0,0,0,28,23,14,20,8,3,FALSE,0,FALSE
529.3296,26.109,25.557,21.017,19.658,15.531,18,16,5,1893141.4,79,94,82,90,102,102,100,99,20.459,20.437,22.526,22.47,3473.352,92616,30018,0,300,2684,3,6,0,0,0,28,23,14,20,8,3,FALSE,0,FALSE
529.8297,26.241,25.718,21.108,19.784,15.527,18,16,5,1899176.4,106,117,96,110,103,102,100,99,20.472,20.457,22.537,22.486,3493.746,92616,30018,0,300,2700,3,6,0,0,0,28,23,14,20,8,3,FALSE,0,FALSE
530.32965,26.349,25.845,21.146,19.836,15.523,18,16,5,1904954.5,108,116,89,101,103,103,100,100,20.492,20.481,22.547,22.503,3510.281,92616,30018,0,317,2700,3,6,0,0,0,28,23,14,20,8,3,FALSE,0,FALSE
530.82666,26.379,25.88,21.163,19.859,15.516,18,16,5,1911008.2,88,93,79,87,103,103,100,100,20.506,20.498,22.554,22.514,3526.361,92616,30018,0,317,2966,3,6,0,0,0,28,23,14,20,8,3,FALSE,0,FALSE
531.83234,26.418,25.919,21.177,19.872,15.494,18,16,5,1912069.9,75,77,70,72,103,103,100,100,20.511,20.507,22.557,22.521,3565.771,92616,30018,0,583,2966,3,6,0,0,0,28,23,14,20,8,3,FALSE,0,FALSE
532.32874,26.513,26.023,21.213,19.913,15.481,18,16,5,1913493.2,95,101,77,81,103,103,100,100,20.516,20.514,22.558,22.523,3588.383,92616,30018,0,783,3200,3,6,0,0,0,28,23,14,20,8,3,FALSE,0,FALSE
532.8256,26.651,26.188,21.23,19.928,15.472,18,16,5,1920156.6,100,107,73,76,104,104,100,100,20.531,20.532,22.559,22.526,3611.045,92616,30018,0,783,3200,3,6,0,0,0,28,23,14,20,8,3,FALSE,0,FALSE
533.3284,26.681,26.219,21.245,19.942,15.457,18,16,5,1914605.4,78,82,71,72,104,104,100,100,20.537,20.54,22.558,22.526,3637.205,92616,30018,0,883,3200,3,6,0,0,0,28,23,14,20,8,3,FALSE,0,FALSE
533.8308,26.715,26.255,21.26,19.956,15.445,18,16,5,1889232.6,75,79,71,72,104,104,100,100,20.537,20.542,22.557,22.525,3665.203,92616,30018,0,883,3317,3,6,0,0,0,28,23,14,20,8,3,FALSE,0,FALSE
534.331,26.746,26.288,21.268,19.963,15.431,18,16,5,1840242,73,76,70,68,104,104,100,100,20.536,20.543,22.555,22.523,3695.953,92616,30018,0,883,3317,3,6,0,0,0,28,23,14,20,8,3,FALSE,0,FALSE
534.8304,26.766,26.306,21.271,19.967,15.418,18,16,5,1791189.8,73,72,69,68,104,104,100,100,20.534,20.541,22.551,22.519,3727.807,92616,30018,0,950,3384,3,6,0,0,0,28,23,14,20,8,3,FALSE,0,FALSE
535.3272,26.806,26.34,21.294,19.991,15.405,18,16,5,1735496.8,77,74,74,72,104,104,100,100,20.532,20.539,22.548,22.516,3759.438,92616,30018,0,950,3417,3,6,0,0,0,28,23,14,20,8,3,FALSE,0,FALSE
535.8284,26.894,26.417,21.386,20.076,15.39,18,16,5,1675961.2,88,84,89,83,104,104,100,100,20.534,20.539,22.548,22.515,3794.461,92616,30018,0,984,3417,3,6,0,0,0,28,23,14,20,8,3,FALSE,0,FALSE
536.32886,27.019,26.524,21.506,20.183,15.377,18,16,5,1618346.2,89,84,91,85,104,104,100,100,20.539,20.542,22.552,22.517,3829.715,92616,30018,0,1000,3433,3,6,0,0,0,28,23,14,20,8,3,FALSE,0,FALSE
536.8279,27.122,26.613,21.618,20.286,15.364,18,16,5,1568276.4,88,83,90,85,104,104,100,100,20.543,20.543,22.555,22.518,3864.6,92616,30018,0,1000,3433,3,6,0,0,0,28,23,14,20,8,3,FALSE,0,FALSE
537.33044,27.236,26.711,21.742,20.397,15.35,18,16,5,1508740.9,88,83,90,85,104,104,100,100,20.547,20.544,22.558,22.518,3902.182,92616,30018,0,1017,3450,3,6,0,0,0,28,23,14,20,8,3,FALSE,0,FALSE
537.82825,27.344,26.804,21.861,20.505,15.336,18,16,5,1451125.9,87,83,90,84,104,104,100,100,20.55,20.545,22.56,22.518,3938.273,92616,30018,0,1033,3450,3,6,0,0,0,28,23,14,20,8,3,FALSE,0,FALSE
538.32825,27.424,26.871,21.933,20.577,15.322,18,16,5,1429423.1,80,76,80,77,104,104,100,100,20.551,20.544,22.56,22.517,3974.316,92616,30018,0,1033,3450,3,6,0,0,0,28,23,14,20,8,3,FALSE,0,FALSE
538.8296,27.447,26.891,21.94,20.584,15.309,18,16,5,1420779.4,70,69,66,66,104,104,100,100,20.546,20.538,22.554,22.51,4011.631,92616,30018,41028,1033,3467,3,6,0,0,0,28,23,14,20,8,3,FALSE,0,FALSE
539.327,27.468,26.908,21.976,20.615,15.303,18,16,5,1444289.4,71,70,73,71,104,104,100,100,20.542,20.533,22.55,22.505,4045.568,92616,30018,41028,1033,3467,3,6,0,0,0,28,23,14,20,8,3,FALSE,0,FALSE
539.8186,27.5,26.932,22.009,20.649,15.302,18,16,5,1474319.8,75,71,77,74,104,104,100,100,20.54,20.53,22.55,22.506,4074.295,92616,30018,41028,1050,3483,3,6,0,0,0,28,23,14,20,8,3,FALSE,0,FALSE
540.32764,27.56,26.978,22.083,20.714,15.302,18,16,5,1500430.9,84,78,90,84,104,104,100,100,20.544,20.531,22.556,22.51,4097.99,92616,30018,41028,1050,3483,3,6,0,0,0,28,23,14,20,8,3,FALSE,0,FALSE
540.83185,27.626,27.03,22.183,20.789,15.302,18,16,5,1518853.1,88,81,102,90,104,104,101,100,20.551,20.535,22.568,22.518,4118.768,92616,30018,41028,1050,3433,3,6,0,0,0,28,23,14,20,8,3,FALSE,0,FALSE
541.3264,27.657,27.054,22.266,20.85,15.297,18,16,5,1525899.9,82,76,103,90,104,104,101,100,20.557,20.538,22.581,22.527,4137.184,92616,30018,41028,1000,3433,3,6,0,0,0,28,23,14,20,8,3,FALSE,0,FALSE
541.828,27.695,27.086,22.325,20.892,15.29,18,16,5,1532434.6,83,78,97,84,104,104,101,100,20.561,20.54,22.594,22.535,4159.174,92616,30018,41028,1000,3433,3,6,0,0,0,28,23,14,20,8,3,FALSE,0,FALSE
542.326,27.759,27.143,22.36,20.92,15.281,18,16,5,1538974.6,90,85,87,78,104,104,101,100,20.567,20.544,22.603,22.539,4179.52,92616,30018,41028,1050,3433,3,6,0,0,0,28,23,14,20,8,3,FALSE,0,FALSE
542.8315,27.803,27.182,22.376,20.934,15.269,18,16,5,1540639.6,82,79,77,72,105,104,101,100,20.574,20.548,22.607,22.541,4201.195,92616,30018,41028,1050,3483,3,6,0,0,0,28,23,14,20,8,3,FALSE,0,FALSE
543.3284,27.85,27.229,22.386,20.943,15.255,18,16,5,1535931.1,81,79,72,69,105,104,101,100,20.578,20.551,22.607,22.54,4224.719,92616,30018,41028,1050,3483,3,6,0,0,0,28,23,14,20,8,3,FALSE,0,FALSE
543.8304,27.871,27.248,22.387,20.946,15.243,18,16,5,1535647,75,73,69,68,105,104,101,100,20.578,20.551,22.605,22.537,4251.141,92616,30018,41028,1050,3483,3,6,0,0,0,28,23,14,20,8,3,FALSE,0,FALSE
544.3268,27.889,27.263,22.387,20.946,15.229,18,16,5,1529066.2,72,71,68,67,105,104,101,100,20.577,20.549,22.602,22.534,4278.74,92616,30018,41028,1050,3483,3,6,0,0,0,28,23,14,20,8,3,FALSE,0,FALSE
545.32825,27.914,27.287,22.387,20.946,15.202,18,16,5,1518296.6,71,71,68,68,104,104,101,100,20.57,20.542,22.593,22.526,4342.531,92616,30018,41028,1050,3483,3,6,0,0,0,28,23,14,20,8,3,FALSE,0,FALSE
545.82666,27.925,27.298,22.387,20.946,15.189,18,16,5,1509941,70,70,68,68,104,104,101,100,20.566,20.538,22.588,22.521,4375.055,92616,30018,41028,1034,3467,3,6,0,0,0,28,23,14,20,8,3,FALSE,0,FALSE
546.3289,27.936,27.309,22.387,20.946,15.175,18,16,5,1501009.1,70,70,68,68,104,104,101,100,20.561,20.533,22.582,22.516,4411.219,92616,30018,41028,1034,3466,3,6,0,0,0,28,23,14,20,8,3,FALSE,0,FALSE
546.82776,27.946,27.32,22.388,20.946,15.162,18,16,5,1498211.6,70,70,68,68,104,104,101,100,20.556,20.529,22.576,22.51,4446.141,92616,30018,41028,1050,3483,3,6,0,0,0,28,23,14,20,8,3,FALSE,0,FALSE
547.3235,27.955,27.33,22.388,20.946,15.148,18,16,5,1489567.9,70,70,68,68,104,104,101,100,20.55,20.523,22.569,22.504,4483.195,92616,30018,41028,1050,3483,3,6,0,0,0,28,23,14,20,8,3,FALSE,0,FALSE
547.8265,27.965,27.34,22.388,20.946,15.135,18,16,5,1480924.1,70,70,68,68,104,104,101,99,20.545,20.518,22.562,22.497,4521.223,92616,30018,41028,1034,3483,3,6,0,0,0,28,23,14,20,8,3,FALSE,0,FALSE
548.3252,27.977,27.35,22.388,20.946,15.121,18,16,5,1452691.9,71,71,69,68,104,103,100,99,20.539,20.512,22.555,22.49,4560.154,92616,30018,41028,1034,3467,3,6,0,0,0,28,23,14,20,8,3,FALSE,0,FALSE
548.83093,27.991,27.363,22.388,20.946,15.106,18,16,5,1393156.4,72,72,69,69,104,103,100,99,20.532,20.506,22.547,22.483,4601.482,92616,30018,41028,1033,3466,3,6,0,0,0,28,23,14,20,8,3,FALSE,0,FALSE
549.33014,28.003,27.375,22.388,20.946,15.094,18,16,5,1341160.2,73,72,70,70,104,103,100,99,20.527,20.5,22.539,22.475,4642.393,92616,30018,41028,1034,3466,3,6,0,0,0,28,23,14,20,8,3,FALSE,0,FALSE
549.8281,28.016,27.387,22.388,20.946,15.08,18,16,5,1283545.2,72,72,70,69,104,103,100,99,20.521,20.494,22.531,22.467,4684.027,92616,30018,41028,1017,3466,3,6,0,0,0,28,23,14,20,8,3,FALSE,0,FALSE
550.3301,28.028,27.399,22.388,20.946,15.066,18,16,5,1225930.2,72,72,70,69,103,103,100,99,20.514,20.488,22.523,22.459,4726.391,92616,30018,41028,1017,3434,3,6,0,0,0,28,23,14,20,8,3,FALSE,0,FALSE
550.82666,28.039,27.409,22.388,20.946,15.053,18,16,5,1206148,72,72,70,70,103,103,100,99,20.508,20.482,22.515,22.451,4767.861,92616,30018,41028,1000,3434,3,6,0,0,0,28,23,14,20,8,3,FALSE,0,FALSE
551.33014,28.048,27.42,22.389,20.947,15.038,18,16,5,1197216.1,71,72,70,69,103,103,100,99,20.5,20.475,22.506,22.443,4812.445,92616,30018,41028,967,3434,3,6,0,0,0,28,23,14,20,8,3,FALSE,0,FALSE
551.826,28.08,27.452,22.43,20.986,15.033,18,16,5,1224411.8,73,73,75,75,103,103,100,99,20.496,20.471,22.503,22.44,4850.871,92616,30018,41028,967,3383,3,6,0,0,0,28,23,14,20,8,3,FALSE,0,FALSE
552.3313,28.118,27.493,22.486,21.048,15.032,18,16,5,1255678.2,74,74,79,81,103,103,100,99,20.496,20.471,22.508,22.446,4882.479,92616,30018,41028,967,3383,3,6,0,0,0,28,23,14,20,8,3,FALSE,0,FALSE
552.82794,28.154,27.52,22.531,21.088,15.032,18,16,5,1280309.6,78,74,83,79,103,103,100,99,20.498,20.473,22.516,22.453,4905.6,92616,30018,41028,917,3350,3,6,0,0,0,28,23,14,20,8,3,FALSE,0,FALSE
553.3283,28.213,27.565,22.613,21.152,15.032,18,16,5,1301103.6,85,78,95,86,103,103,100,99,20.505,20.477,22.527,22.462,4925.283,92616,30018,41028,917,3350,3,6,0,0,0,28,23,14,20,8,3,FALSE,0,FALSE
553.831,28.246,27.593,22.704,21.209,15.03,18,16,5,1311944.6,81,77,105,88,103,103,100,99,20.512,20.481,22.543,22.473,4947.766,92616,30018,41028,917,3234,3,6,0,0,0,28,23,14,20,8,3,FALSE,0,FALSE
554.33,28.275,27.615,22.749,21.245,15.025,18,16,5,1318392.8,81,76,95,83,103,103,100,99,20.517,20.484,22.558,22.483,4965.498,92616,30018,41028,817,3234,3,6,0,0,0,28,23,14,20,8,3,FALSE,0,FALSE
554.8252,28.298,27.633,22.772,21.263,15.02,18,16,5,1324580.9,78,73,85,77,104,103,101,99,20.522,20.486,22.568,22.489,4981.66,92616,30018,41028,817,3234,3,6,0,0,0,28,23,14,19,8,3,FALSE,0,FALSE
555.32697,28.323,27.657,22.782,21.272,15.01,18,16,5,1327289,77,74,76,71,104,103,101,99,20.525,20.488,22.574,22.492,5000.275,92616,30018,41028,800,3234,3,6,0,0,0,28,23,14,19,8,3,FALSE,0,FALSE
555.82806,28.355,27.689,22.79,21.28,14.997,18,16,5,1323974.2,78,76,72,69,104,103,101,99,20.527,20.49,22.576,22.494,5021.34,92616,30018,41028,800,3233,3,6,0,0,0,28,23,14,19,8,3,FALSE,0,FALSE
556.3235,28.394,27.73,22.796,21.286,14.984,18,16,5,1301767.1,79,78,70,68,104,103,101,99,20.53,20.492,22.577,22.493,5043.443,92616,30018,41028,867,3300,3,6,0,0,0,28,23,14,19,8,3,FALSE,0,FALSE
556.8252,28.417,27.752,22.797,21.288,14.971,18,16,5,1280868.8,74,73,68,67,104,103,101,99,20.532,20.494,22.576,22.492,5069.607,92616,30018,41028,867,3300,3,6,0,0,0,28,23,14,19,8,3,FALSE,0,FALSE
557.3268,28.433,27.767,22.798,21.29,14.957,18,16,5,1273903,71,70,68,67,104,103,101,99,20.531,20.492,22.574,22.491,5098.504,92616,30018,41028,867,3300,3,6,0,0,0,28,23,14,19,8,3,FALSE,0,FALSE
557.8215,28.447,27.78,22.799,21.291,14.945,18,16,5,1271577.8,71,69,67,68,104,103,101,99,20.529,20.49,22.571,22.488,5129.336,92616,30018,41028,867,3317,3,6,0,0,0,28,23,14,19,8,3,FALSE,0,FALSE
558.3266,28.461,27.791,22.801,21.293,14.931,18,16,5,1263045.4,72,70,69,68,104,103,101,99,20.527,20.487,22.568,22.486,5161.66,92616,30018,41028,867,3317,3,6,0,0,0,28,23,14,19,8,3,FALSE,0,FALSE
558.82965,28.474,27.803,22.801,21.294,14.916,18,16,5,1254113.5,71,70,69,68,104,103,101,99,20.524,20.484,22.565,22.483,5196.6,92616,30018,41028,883,3316,3,6,0,0,0,28,23,14,19,8,3,FALSE,0,FALSE
559.3301,28.484,27.813,22.801,21.294,14.904,18,16,5,1250862.6,70,70,68,68,104,103,101,99,20.521,20.481,22.56,22.479,5231.693,92616,30018,41028,883,3333,3,6,0,0,0,28,23,14,19,8,3,FALSE,0,FALSE
559.82733,28.493,27.822,22.801,21.294,14.89,18,16,5,1242507,70,70,69,68,103,103,100,99,20.517,20.478,22.556,22.475,5266.586,92616,30018,41028,883,3334,3,6,0,0,0,28,23,14,19,8,3,FALSE,0,FALSE
560.3223,28.519,27.849,22.835,21.326,14.883,18,16,5,1261241.8,73,73,76,75,103,103,100,99,20.514,20.475,22.554,22.473,5296.322,92616,30018,41028,883,3334,3,6,0,0,0,28,23,14,19,8,3,FALSE,0,FALSE
560.82837,28.545,27.875,22.869,21.356,14.883,18,16,5,1290056.6,71,71,74,73,103,103,100,99,20.515,20.477,22.56,22.479,5318.723,92616,30018,41028,916,3334,3,6,0,0,0,28,23,14,19,8,3,FALSE,0,FALSE
561.32166,28.562,27.892,22.879,21.365,14.881,18,16,5,1311793,71,71,72,71,103,103,101,99,20.516,20.478,22.564,22.483,5335.969,92616,30018,41028,916,3466,3,6,0,0,0,28,23,14,19,8,3,FALSE,0,FALSE
561.82,28.578,27.906,22.888,21.374,14.881,18,16,5,1330353.9,72,71,71,71,103,103,101,99,20.517,20.48,22.567,22.487,5363.637,92616,30018,41028,0,0,4,6,0,0,0,28,23,14,0,8,3,FALSE,0,FALSE
562.32086,28.589,27.912,22.892,21.378,14.878,18,16,5,1342708.8,71,69,70,69,104,103,101,99,20.3,20.3,22.7,22.7,5374.865,92616,30018,41028,0,0,5,6,0,1,0,28,23,14,0,8,3,FALSE,0,FALSE
562.8206,28.589,27.913,22.892,21.378,14.875,18,16,5,1349009.8,67,66,67,67,104,103,101,99,20.3,20.3,22.7,22.7,5385.336,92616,30018,41028,0,0,5,6,0,1,0,28,23,14,0,8,3,FALSE,0,FALSE
563.3131,28.589,27.913,22.892,21.378,14.874,18,16,5,1355402.4,65,64,66,66,104,103,101,99,20.3,20.3,22.7,22.7,5396.129,92616,30018,41028,0,0,5,6,0,1,0,28,23,14,0,8,3,FALSE,0,FALSE
563.8242,28.589,27.913,22.892,21.378,14.873,18,16,5,1361811,64,64,65,65,103,103,101,99,20.3,20.3,22.7,22.7,5406.979,92616,30018,41028,0,0,5,6,0,1,0,28,23,14,0,8,3,FALSE,0,FALSE
564.3232,28.589,27.913,22.892,21.378,14.873,18,16,6,1368223.5,63,63,65,65,103,103,101,99,20.3,20.3,22.7,22.7,9.09,96191,0,0,0,0,5,7,0,1,0,28,23,14,0,8,3,FALSE,0,FALSE
564.8217,28.589,27.913,22.892,21.378,14.872,18,16,6,1374636,63,63,64,64,103,103,101,99,20.3,20.3,22.7,22.7,20.115,96191,0,0,0,0,5,7,0,1,0,28,23,14,0,8,3,FALSE,0,FALSE
565.3158,28.589,27.913,22.892,21.378,14.871,18,16,6,1381048.5,63,63,64,64,103,103,101,99,20.3,20.3,22.7,22.7,31.143,96191,0,0,0,0,5,7,0,1,0,28,23,14,0,8,3,FALSE,0,FALSE
565.8222,28.589,27.913,22.892,21.378,14.87,18,16,6,1387461,63,63,64,64,103,103,101,99,20.3,20.3,22.7,22.7,42.172,96191,0,0,0,0,5,7,0,1,0,28,23,14,0,8,3,FALSE,0,FALSE
566.3167,28.589,27.913,22.892,21.378,14.87,18,16,6,1393873.5,62,62,64,64,103,103,101,99,20.3,20.3,22.7,22.7,53.195,96191,0,0,0,0,6,7,0,1,0,28,23,14,0,8,3,FALSE,0,FALSE
566.8169,28.589,27.913,22.892,21.378,14.869,18,16,6,1400286,62,62,64,64,103,102,101,99,20.3,20.3,22.7,22.7,64.207,96191,0,0,0,0,7,7,0,1,0,28,23,14,0,8,3,FALSE,0,FALSE
567.312,28.589,27.913,22.892,21.378,14.868,18,16,6,1415052,62,62,64,64,103,102,101,99,20.3,20.3,22.7,22.7,74.9,96191,0,0,0,0,7,7,0,1,0,28,23,14,0,8,3,FALSE,0,FALSE
567.81964,28.589,27.913,22.892,21.378,14.868,18,16,6,1463371.8,62,61,64,64,103,102,101,99,20.3,20.3,22.7,22.7,85.734,96191,0,0,0,0,8,7,0,1,0,28,23,14,0,8,3,FALSE,0,FALSE
568.3125,28.589,27.913,22.892,21.378,14.868,18,16,6,1506553.1,61,61,64,64,103,102,101,99,20.3,20.3,22.7,22.7,95.082,96191,0,0,0,0,8,7,0,1,0,28,23,14,0,8,3,FALSE,0,FALSE
568.8165,28.589,27.913,22.892,21.378,14.868,18,16,6,1508127,61,60,64,64,103,102,101,99,20.3,20.3,22.7,22.7,100.787,96191,0,0,0,0,8,7,0,1,0,28,23,14,0,8,3,FALSE,0,FALSE
569.3204,28.589,27.913,22.892,21.378,14.868,18,16,6,1508127,60,60,64,64,103,102,101,99,20.3,20.3,22.7,22.7,102.117,96191,0,0,0,0,9,7,0,1,150,28,23,14,0,8,3,FALSE,0,FALSE
569.8212,28.589,27.913,22.892,21.378,14.867,18,16,6,1508127,59,59,64,64,103,102,101,99,20.467,20.432,22.564,22.494,102.014,96191,0,0,0,0,9,7,0,1,650,28,23,14,0,8,3,FALSE,0,FALSE
570.3226,0,0,0,0,14.866,20,18,0,1508127,70,70,70,70,70,70,70,70,18.421,18.421,20.417,20.417,102.035,96191,0,0,0,0,10,7,0,1,1149,28,23,14,0,8,3,FALSE,0,FALSE
570.81683,0,0,0,0,14.865,20,18,0,1508127,70,70,70,70,70,70,70,70,18.421,18.421,20.417,20.417,102.041,96191,0,0,0,0,10,7,0,1,1633,28,23,14,0,8,3,FALSE,0,FALSE
571.3144,0,0,0,0,14.863,20,18,0,1508127,70,70,70,70,70,70,70,70,18.421,18.421,20.417,20.417,102.041,96191,0,0,0,0,10,7,0,1,2133,28,23,14,0,8,3,FALSE,0,FALSE
571.8188,0,0,0,0,14.861,20,18,0,1508127,69,69,70,70,70,70,70,70,18.424,18.425,20.417,20.417,102.104,96191,0,0,0,0,10,7,0,1,2433,28,23,14,0,8,3,FALSE,0,FALSE
572.321,0,0,0,0,14.86,20,18,0,1508127,69,69,69,69,70,70,70,70,20.3,20.3,22.7,22.7,102.695,96191,0,0,0,0,11,7,0,1,2433,28,23,14,0,8,3,FALSE,0,FALSE
572.8184,0,0,0,0,14.859,20,18,0,1508127,79,79,69,69,70,70,70,70,20.3,20.3,22.7,22.7,105.652,96191,0,0,0,0,12,7,0,1,2433,28,23,14,0,8,3,FALSE,0,FALSE
573.32434,0,0,0,0,14.859,20,18,0,1508127,90,90,69,69,71,71,70,70,20.3,20.3,22.7,22.7,111.547,96191,0,0,0,0,12,7,0,1,2433,28,23,14,0,8,3,FALSE,0,FALSE
574.31915,0,0,0,0,14.859,20,18,0,1575374.6,93,93,69,69,72,72,70,70,20.3,20.3,22.7,22.7,129.932,96191,0,0,0,0,12,7,0,1,2433,28,23,14,0,8,3,FALSE,0,FALSE
574.81824,0,0,0,0,14.859,20,18,0,1623535.8,93,93,69,69,72,72,70,70,20.3,20.3,22.7,22.7,140.723,96191,0,0,0,0,12,7,0,1,2433,28,23,14,0,8,3,FALSE,0,FALSE
575.32336,0.005,0.005,0.002,0.002,14.858,20,18,0,1644760.8,84,84,70,70,73,73,70,70,20.3,20.3,22.7,22.7,151.988,96191,0,0,0,0,12,7,1,1,2433,28,23,14,0,8,3,FALSE,0,FALSE
576.3231,0.005,0.005,0.002,0.002,14.856,20,18,0,1660858.9,71,71,68,68,73,73,70,70,20.3,20.3,22.7,22.7,173.945,96191,0,0,0,0,13,7,1,1,2433,28,23,14,0,8,3,FALSE,0,FALSE
576.81775,0.005,0.005,0.002,0.002,14.855,20,18,0,1668917.6,69,69,68,68,74,74,70,70,20.3,20.3,22.7,22.7,184.963,96191,0,0,0,0,13,7,1,1,2433,28,23,14,0,8,3,FALSE,0,FALSE
577.3147,0.005,0.005,0.002,0.002,14.854,20,18,0,1676976.4,68,68,68,68,74,74,71,71,20.3,20.3,22.7,22.7,195.982,96191,0,0,0,0,13,7,1,1,2433,28,23,14,0,8,3,FALSE,0,FALSE
577.8148,0.005,0.005,0.002,0.002,14.853,20,18,0,1685035.1,67,67,68,68,74,74,71,71,20.3,20.3,22.7,22.7,207,96191,0,0,0,0,12,7,1,1,2433,28,23,14,0,8,3,FALSE,0,FALSE
578.3123,0.005,0.005,0.002,0.002,14.853,20,18,0,1693093.9,67,67,68,68,74,74,71,71,20.3,20.3,22.7,22.7,218.018,96191,0,0,0,0,12,7,1,1,2433,28,23,14,0,8,3,FALSE,0,FALSE
578.81976,0.005,0.005,0.002,0.002,14.852,20,18,0,1701152.6,67,67,68,68,74,74,71,71,20.3,20.3,22.7,22.7,229.037,96191,0,0,0,0,12,7,1,1,2433,28,23,14,0,8,3,FALSE,0,FALSE
579.31177,0.005,0.005,0.002,0.002,14.851,20,18,0,1709211.4,67,67,68,68,75,75,71,71,20.3,20.3,22.7,22.7,240.059,96191,0,0,0,0,12,7,1,1,2433,28,23,14,0,8,3,FALSE,0,FALSE
579.8183,0.005,0.005,0.002,0.002,14.85,20,18,0,1717270.1,66,66,68,68,75,75,71,71,20.3,20.3,22.7,22.7,251.078,96191,0,0,0,0,12,7,1,1,2433,28,23,14,0,8,3,FALSE,0,FALSE
580.31714,0.005,0.005,0.002,0.002,14.849,20,18,0,1725328.9,66,66,68,68,75,75,72,72,20.3,20.3,22.7,22.7,262.1,96191,0,0,0,0,12,7,1,1,2433,28,23,14,0,8,3,FALSE,0,FALSE
580.8191,0.005,0.005,0.002,0.002,14.848,20,18,0,1733387.6,66,66,68,68,75,75,72,72,20.3,20.3,22.7,22.7,273.121,96191,0,0,0,0,12,7,1,1,2433,28,23,14,0,8,3,FALSE,0,FALSE
581.3249,0.005,0.005,0.002,0.002,14.848,20,18,0,1741446.4,67,67,68,68,75,75,72,72,20.3,20.3,22.7,22.7,284.145,96191,0,0,0,0,12,7,1,1,2433,28,23,14,0,8,3,FALSE,0,FALSE
581.8259,0.005,0.005,0.002,0.002,14.847,20,18,0,1749505.1,66,66,68,68,76,76,72,72,20.3,20.3,22.7,22.7,295.164,96191,0,0,0,0,12,7,1,1,2433,28,23,14,0,8,3,FALSE,0,FALSE
582.32697,0.005,0.005,0.002,0.002,14.846,20,18,0,1757563.9,66,66,68,68,76,76,72,72,20.3,20.3,22.7,22.7,306.186,96191,0,0,0,0,12,7,1,1,2433,28,23,14,0,8,3,FALSE,0,FALSE
582.8287,0.005,0.005,0.002,0.002,14.845,20,18,0,1765891.2,66,66,68,68,76,76,72,72,20.3,20.3,22.7,22.7,317.574,96191,0,0,0,0,12,7,1,1,2433,28,23,14,0,8,3,FALSE,0,FALSE
583.3239,0.005,0.005,0.002,0.002,14.844,20,18,0,1773681.4,66,66,68,68,76,76,72,72,20.3,20.3,22.7,22.7,328.227,96191,0,0,0,0,12,7,1,1,2433,28,23,14,0,8,3,FALSE,0,FALSE
583.8237,0.005,0.005,0.002,0.002,14.843,20,18,0,1781740.1,66,66,68,68,76,76,73,73,20.3,20.3,22.7,22.7,339.25,96191,0,0,0,0,12,7,1,1,2433,28,23,14,0,8,3,FALSE,0,FALSE
584.3234,0.005,0.005,0.002,0.002,14.842,20,18,0,1789798.9,66,66,68,68,77,77,73,73,20.3,20.3,22.7,22.7,350.273,96191,0,0,0,0,12,7,1,1,2433,28,23,14,0,8,3,FALSE,0,FALSE
585.3218,0.005,0.005,0.002,0.002,14.841,20,18,0,1805916.4,66,66,68,68,77,77,73,73,20.3,20.3,22.7,22.7,372.316,96191,0,0,0,0,12,7,1,1,2433,28,23,14,0,8,3,FALSE,0,FALSE
585.8259,0.005,0.005,0.002,0.002,14.84,20,18,0,1813975.1,66,67,68,68,77,77,73,73,20.3,20.3,22.7,22.7,383.336,96191,0,0,0,0,12,7,1,1,2433,28,23,14,0,8,3,FALSE,0,FALSE
586.3265,0.005,0.005,0.002,0.002,14.839,20,18,0,1822033.9,66,67,68,68,77,77,73,73,20.3,20.3,22.7,22.7,394.336,96191,0,0,0,0,12,7,1,1,2433,28,23,14,0,8,3,FALSE,0,FALSE
586.82434,0.005,0.005,0.002,0.002,14.838,20,18,0,1830092.5,66,66,67,67,77,77,73,73,18.84,18.842,20.643,20.643,405.281,96191,0,0,0,0,12,7,1,0,0,28,23,14,0,8,3,FALSE,0,FALSE
587.32336,0.015,0.015,0.002,0.002,14.83,20,18,0,1839629.9,72,72,67,67,77,77,73,73,18.849,18.85,20.648,20.649,417.145,96191,0,0,0,0,12,7,1,0,0,28,23,14,0,8,3,FALSE,0,FALSE
587.82135,0.035,0.034,0.002,0.002,14.82,20,18,0,1856342.8,78,78,67,67,78,78,73,73,18.861,18.862,20.654,20.654,431.453,96191,0,0,0,0,12,7,1,0,0,28,23,14,0,8,3,FALSE,0,FALSE
588.32605,0.048,0.048,0.002,0.002,14.81,20,18,0,1869987.2,76,76,67,67,78,78,74,74,18.873,18.874,20.659,20.659,448.027,96191,0,0,0,0,12,7,1,0,0,28,23,14,0,8,3,FALSE,0,FALSE
588.82446,0.083,0.081,0.002,0.002,14.797,20,18,0,1874996.5,83,82,67,67,78,78,74,74,18.887,18.888,20.664,20.664,467.438,96191,0,0,0,0,12,7,1,0,0,28,23,14,0,8,3,FALSE,0,FALSE
589.32166,0.1,0.098,0.002,0.002,14.785,20,18,0,1877149.6,76,76,68,68,78,78,74,74,18.9,18.901,20.669,20.669,489.52,96191,0,0,0,0,12,7,1,0,0,28,23,14,0,8,3,FALSE,0,FALSE
589.8209,0.112,0.109,0.002,0.002,14.772,20,18,0,1877181.2,73,73,68,68,79,79,74,74,18.91,18.911,20.673,20.674,514.293,96191,0,0,0,0,12,7,1,0,0,28,23,14,0,8,3,FALSE,0,FALSE
590.3253,0.121,0.119,0.002,0.002,14.759,20,18,0,1871142.1,72,72,68,69,79,79,74,74,18.919,18.919,20.678,20.678,541.312,96191,0,0,0,0,12,7,1,0,0,28,23,14,0,8,3,FALSE,0,FALSE
590.8274,0.131,0.128,0.002,0.002,14.745,20,18,0,1864111.1,72,72,69,69,79,79,74,74,18.927,18.927,20.682,20.682,570.488,96191,0,0,0,0,12,7,1,0,0,28,23,14,0,8,3,FALSE,0,FALSE
591.3274,0.14,0.136,0.003,0.003,14.732,20,18,0,1861722.4,72,72,70,69,79,79,74,74,18.934,18.934,20.686,20.686,601.383,96191,0,0,0,0,12,7,1,0,0,28,23,14,0,8,3,FALSE,0,FALSE
591.8251,0.148,0.145,0.004,0.004,14.718,20,18,0,1853613.8,71,73,70,70,79,79,74,74,18.941,18.942,20.69,20.69,633.781,96191,0,0,0,0,12,7,1,0,0,28,23,14,19,8,3,FALSE,0,FALSE
592.32385,0.171,0.167,0.038,0.029,14.715,20,18,0,1880719.6,74,75,77,75,79,79,74,74,18.951,18.952,20.7,20.7,662.684,96191,0,0,10783,25916,12,7,1,0,0,28,23,14,19,8,3,FALSE,0,FALSE
592.8277,0.185,0.18,0.047,0.037,14.714,20,18,0,1905088.1,73,74,73,73,80,80,74,74,18.963,18.964,20.714,20.713,684.496,96191,0,0,10783,25916,12,7,1,0,0,28,23,14,19,8,3,FALSE,0,FALSE
593.3263,0.192,0.187,0.052,0.042,14.714,20,18,0,1925338.5,72,71,72,71,80,80,75,75,18.976,18.977,20.728,20.727,700.836,96191,0,0,10783,25916,12,7,1,0,0,28,23,14,19,8,3,FALSE,0,FALSE
593.82184,0.195,0.189,0.055,0.045,14.714,20,18,0,1940605.4,70,69,71,70,80,80,75,75,18.988,18.988,20.741,20.74,714.141,96191,0,0,11017,25916,12,7,1,0,0,28,23,14,19,8,3,FALSE,0,FALSE
594.32825,0.199,0.191,0.06,0.05,14.714,20,18,0,1950607.4,70,68,72,70,80,80,75,75,19,18.999,20.755,20.753,725.98,96191,0,0,11017,26150,12,7,1,0,0,28,23,14,19,8,3,FALSE,0,FALSE
594.8237,0.205,0.197,0.078,0.061,14.714,20,18,0,1961075.4,71,70,80,73,80,80,75,75,19.011,19.01,20.769,20.765,739.266,96191,0,0,11017,26150,12,7,1,0,0,28,23,14,19,8,3,FALSE,0,FALSE
595.3241,0.212,0.202,0.089,0.07,14.713,20,18,0,1966697,73,70,80,74,81,81,76,76,19.023,19.021,20.785,20.779,756.223,96191,0,0,11017,26150,12,7,1,0,0,28,23,14,19,8,3,FALSE,0,FALSE
595.828,0.219,0.208,0.095,0.075,14.711,20,18,0,1971050.2,73,71,78,73,81,81,76,76,19.036,19.032,20.801,20.793,764.949,96191,0,0,11083,26233,12,7,1,0,0,28,23,14,19,8,3,FALSE,0,FALSE
596.324,0.227,0.216,0.099,0.079,14.706,20,18,0,1975263,74,72,75,71,81,81,76,76,19.048,19.044,20.815,20.805,774.512,96191,0,0,11083,26233,12,7,1,0,0,28,23,14,19,8,3,FALSE,0,FALSE
596.8236,0.237,0.228,0.101,0.081,14.699,20,18,0,1979775,75,75,72,70,81,81,76,76,19.061,19.056,20.828,20.816,786.242,96191,0,0,11083,26233,12,7,1,0,0,28,23,14,19,8,3,FALSE,0,FALSE
597.32184,0.249,0.244,0.102,0.081,14.691,20,18,0,1985519,76,76,69,69,82,82,77,76,19.074,19.069,20.838,20.827,800.23,96191,0,0,11083,26233,12,7,1,0,0,28,23,14,19,8,3,FALSE,0,FALSE
597.82446,0.26,0.254,0.106,0.087,14.683,20,18,0,1987351.4,75,75,69,71,82,82,77,77,19.087,19.082,20.848,20.837,816.66,96191,0,0,11200,26233,12,7,1,0,0,28,23,14,19,8,3,FALSE,0,FALSE
598.3235,0.274,0.27,0.117,0.1,14.674,20,18,0,1991919.1,75,77,72,76,82,82,77,77,19.098,19.094,20.858,20.848,835.402,96191,0,0,11200,26233,12,7,1,0,0,28,23,14,19,8,3,FALSE,0,FALSE
599.3269,0.337,0.346,0.148,0.134,14.653,20,18,0,2004731.2,84,90,74,77,83,83,77,77,19.124,19.124,20.879,20.872,881.418,96191,0,0,11233,26367,12,7,1,0,0,28,23,14,19,8,3,FALSE,0,FALSE
599.8201,0.364,0.375,0.149,0.136,14.64,20,18,0,2004233.8,78,80,70,70,83,83,77,77,19.139,19.141,20.888,20.881,904.266,96191,0,0,11233,26367,12,7,1,0,0,28,23,14,19,8,3,FALSE,0,FALSE
600.3248,0.383,0.394,0.153,0.139,14.627,20,18,0,2004932.2,77,76,69,71,83,83,78,77,19.15,19.151,20.895,20.889,929.906,96191,0,0,11233,26367,12,7,1,0,0,28,23,14,19,8,3,FALSE,0,FALSE
600.8263,0.405,0.419,0.161,0.145,14.614,20,18,0,1999030,75,76,72,69,83,83,78,78,19.16,19.16,20.901,20.895,958.785,96191,0,0,11283,26367,12,7,1,0,0,28,23,14,19,8,3,FALSE,0,FALSE
601.32605,0.442,0.451,0.18,0.162,14.6,20,18,0,1992388.5,78,76,74,72,83,83,78,78,19.171,19.171,20.91,20.902,988.434,96191,0,0,11283,26400,12,7,1,0,0,28,23,14,19,8,3,FALSE,0,FALSE
601.8247,0.456,0.463,0.185,0.167,14.586,20,18,0,1984620,74,72,71,70,84,84,78,78,19.18,19.18,20.917,20.909,1018.781,96191,0,0,11300,26400,12,7,1,0,0,28,23,14,19,8,3,FALSE,0,FALSE
602.32635,0.466,0.471,0.186,0.169,14.573,20,18,0,1981816.2,72,71,70,69,84,84,78,78,19.188,19.186,20.923,20.914,1050.812,96191,0,0,11300,26400,12,7,1,0,0,28,23,14,19,8,3,FALSE,0,FALSE
602.82794,0.474,0.479,0.186,0.169,14.559,20,18,0,1973172.5,72,71,70,69,84,84,78,78,19.194,19.193,20.927,20.919,1084.324,96191,0,0,11316,26400,12,7,1,0,0,28,23,14,19,8,3,FALSE,0,FALSE
603.3254,0.481,0.486,0.186,0.169,14.546,20,18,0,1964528.8,71,71,70,70,84,84,78,78,19.2,19.198,20.931,20.923,1119.164,96191,0,0,11316,26433,12,7,1,0,0,28,23,14,19,8,3,FALSE,0,FALSE
603.82385,0.487,0.492,0.186,0.169,14.532,20,18,0,1958706.4,72,71,70,70,84,84,78,78,19.206,19.204,20.935,20.926,1155.156,96191,0,0,11333,26450,12,7,1,0,0,28,23,14,19,8,3,FALSE,0,FALSE
604.3258,0.494,0.498,0.186,0.169,14.519,20,18,0,1952831.4,72,72,70,70,84,84,78,78,19.211,19.209,20.938,20.93,1192,96191,0,0,11350,26450,12,7,1,0,0,28,23,14,19,8,3,FALSE,0,FALSE
604.8226,0.501,0.505,0.187,0.171,14.505,20,18,0,1944187.6,72,72,71,70,84,84,78,78,19.215,19.213,20.941,20.933,1229.758,96191,0,0,11350,26434,12,7,1,0,0,28,23,14,19,8,3,FALSE,0,FALSE
605.3265,0.513,0.514,0.192,0.176,14.491,20,18,0,1935543.9,73,72,71,70,84,84,78,78,19.22,19.218,20.944,20.935,1268.215,96191,0,0,11350,26450,12,7,1,0,0,28,23,14,19,8,3,FALSE,0,FALSE
605.8281,0.532,0.538,0.213,0.196,14.477,20,18,0,1926612,74,77,74,75,84,84,78,78,19.225,19.223,20.947,20.939,1308.625,96191,0,0,11350,26450,12,7,1,0,0,28,23,14,19,8,3,FALSE,0,FALSE
606.32306,0.544,0.55,0.217,0.2,14.464,20,18,0,1918256.4,73,72,71,71,85,85,78,78,19.229,19.228,20.949,20.941,1346.852,96191,0,0,11334,26450,12,7,1,0,0,28,23,14,19,8,3,FALSE,0,FALSE
606.8271,0.55,0.556,0.217,0.201,14.45,20,18,0,1909612.6,73,72,71,70,85,85,78,78,19.232,19.231,20.951,20.943,1387,96191,0,0,11334,26434,12,7,1,0,0,28,23,14,19,8,3,FALSE,0,FALSE
607.3221,0.564,0.569,0.233,0.215,14.44,20,18,0,1920662.1,74,74,76,75,85,85,79,78,19.236,19.235,20.954,20.946,1426.613,96191,0,0,11350,26434,12,7,1,0,0,28,23,14,19,8,3,FALSE,0,FALSE
607.8262,0.587,0.591,0.262,0.235,14.44,20,18,0,1952164.4,74,75,77,74,85,85,79,79,19.245,19.243,20.966,20.957,1458.453,96191,0,0,11350,26434,12,7,1,0,0,28,23,14,19,8,3,FALSE,0,FALSE
608.32556,0.596,0.6,0.268,0.241,14.439,20,18,0,1978215.5,72,71,73,72,85,85,79,79,19.255,19.254,20.979,20.97,1483.914,96191,0,0,11416,26516,12,7,1,0,0,28,23,14,19,8,3,FALSE,0,FALSE
608.8257,0.613,0.613,0.293,0.263,14.439,20,18,0,2000948.6,76,73,80,77,85,85,79,79,19.266,19.263,20.993,20.983,1504.969,96191,0,0,11416,26516,12,7,1,0,0,28,23,14,19,8,3,FALSE,0,FALSE
609.32825,0.636,0.63,0.336,0.298,14.439,20,18,0,2019178.8,79,74,89,83,85,85,79,79,19.28,19.275,21.011,20.999,1522.332,96191,0,0,11416,26516,12,7,1,0,0,28,23,14,19,8,3,FALSE,0,FALSE
609.8267,0.653,0.641,0.368,0.326,14.436,20,18,0,2026771.6,79,74,90,84,86,86,80,80,19.293,19.285,21.03,21.016,1545.543,96191,0,0,11417,26516,12,7,1,0,0,28,23,14,19,8,3,FALSE,0,FALSE
610.32806,0.669,0.655,0.395,0.346,14.43,20,18,0,2033151,78,74,87,81,86,86,80,80,19.307,19.297,21.048,21.032,1567.168,96191,0,0,11417,26500,12,7,1,0,0,28,23,14,19,8,3,FALSE,0,FALSE
610.82434,0.687,0.669,0.427,0.369,14.424,20,18,0,2039215.4,79,75,89,81,86,86,80,80,19.319,19.307,21.065,21.046,1583.488,96191,0,0,11433,26500,12,7,1,0,0,28,23,14,19,8,3,FALSE,0,FALSE
611.32294,0.71,0.688,0.451,0.388,14.417,20,18,0,2045564,81,77,85,78,86,86,81,80,19.332,19.318,21.082,21.06,1599.777,96191,0,0,11433,26500,12,7,1,0,0,28,23,14,19,8,3,FALSE,0,FALSE
611.82416,0.729,0.704,0.461,0.396,14.408,20,18,0,2050896.1,79,75,77,74,87,86,81,80,19.344,19.329,21.095,21.071,1617.441,96191,0,0,11433,26517,12,7,1,0,0,28,23,14,19,8,3,FALSE,0,FALSE
612.32684,0.745,0.719,0.465,0.401,14.397,20,18,0,2049776.2,77,75,73,70,87,87,81,81,19.355,19.338,21.106,21.081,1638.348,96191,0,0,11433,26517,12,7,1,0,0,28,23,14,19,8,3,FALSE,0,FALSE
612.8242,0.765,0.739,0.465,0.401,14.383,20,18,0,2046607.8,77,76,70,69,87,87,81,81,19.366,19.348,21.114,21.088,1661.551,96191,0,0,11434,26517,12,7,1,0,0,28,23,14,19,8,3,FALSE,0,FALSE
613.32623,0.788,0.761,0.465,0.402,14.371,20,18,0,2037534.1,76,75,68,68,87,87,81,81,19.375,19.358,21.119,21.095,1687.344,96191,0,0,11434,26517,12,7,1,0,0,28,23,14,19,8,3,FALSE,0,FALSE
613.8268,0.804,0.778,0.467,0.403,14.357,20,18,0,1993995.4,74,74,69,70,87,87,81,81,19.383,19.366,21.125,21.101,1715.594,96191,0,0,11434,26516,12,7,1,0,0,28,23,14,19,8,3,FALSE,0,FALSE
614.3229,0.816,0.792,0.472,0.407,14.343,20,18,0,1963863.2,72,74,70,71,88,87,81,81,19.391,19.374,21.131,21.108,1745.902,96191,0,0,11434,26517,12,7,1,0,0,28,23,14,19,8,3,FALSE,0,FALSE
614.8248,0.83,0.81,0.483,0.418,14.33,20,18,0,1961022.9,73,75,71,73,88,87,82,81,19.397,19.381,21.137,21.114,1777.84,96191,0,0,11433,26517,12,7,1,0,0,28,23,14,19,8,3,FALSE,0,FALSE
615.32495,0.847,0.831,0.499,0.433,14.316,20,18,0,1952379.1,74,76,73,75,88,88,82,81,19.403,19.388,21.142,21.12,1811.77,96191,51309,0,11433,26517,12,7,1,0,0,28,23,14,19,8,3,FALSE,0,FALSE
615.8245,0.862,0.849,0.513,0.447,14.307,20,18,0,1960042.6,72,72,74,73,88,88,82,81,19.409,19.396,21.148,21.126,1846.922,96191,51309,0,11433,26500,12,7,1,0,0,28,23,14,19,8,3,FALSE,0,FALSE
616.32556,0.899,0.878,0.576,0.501,14.307,20,18,0,1990035.9,81,76,90,84,88,88,82,82,19.418,19.403,21.159,21.137,1876.129,96191,51309,0,11450,26500,12,7,1,0,0,28,23,14,19,8,3,FALSE,0,FALSE
616.8238,0.935,0.904,0.66,0.569,14.306,20,18,0,2005088.2,81,76,97,90,88,88,82,82,19.429,19.413,21.176,21.151,1903.969,96191,51309,0,11450,26500,12,7,1,0,0,28,23,14,19,8,3,FALSE,0,FALSE
617.32587,0.971,0.931,0.722,0.623,14.298,20,18,0,2011016.8,83,78,92,87,88,88,83,82,19.441,19.422,21.193,21.166,1932.066,96191,51309,0,11467,26533,12,7,1,0,0,28,23,14,19,8,3,FALSE,0,FALSE
617.82574,1.003,0.956,0.749,0.646,14.288,20,18,0,2015184.1,80,76,80,77,89,88,83,82,19.452,19.431,21.206,21.176,1958.465,96191,51309,0,11467,26533,12,7,1,0,0,28,23,14,19,8,3,FALSE,0,FALSE
618.32605,1.021,0.973,0.755,0.652,14.275,20,18,0,2009011.8,74,73,71,71,89,88,83,82,19.461,19.438,21.213,21.183,1985.539,96191,51309,0,11450,26517,12,7,1,0,0,28,23,14,19,8,3,FALSE,0,FALSE
618.82245,1.046,1.003,0.786,0.69,14.263,20,18,0,2010275.4,76,79,77,83,89,89,83,82,19.467,19.445,21.22,21.191,2015.625,96191,51309,0,11450,26517,12,7,1,0,0,28,23,14,19,8,3,FALSE,0,FALSE
619.3238,1.078,1.042,0.842,0.761,14.253,20,18,0,2015556.2,78,81,84,92,89,89,83,83,19.475,19.454,21.228,21.202,2046.895,96191,51309,0,11450,26500,12,7,1,0,0,28,23,14,19,8,3,FALSE,0,FALSE
619.82336,1.119,1.092,0.899,0.832,14.241,20,18,0,2019722,80,84,83,89,89,89,83,83,19.483,19.464,21.238,21.215,2076.141,96191,51309,0,11466,26500,12,7,1,0,0,28,23,14,19,8,3,FALSE,0,FALSE
620.32166,1.156,1.135,0.927,0.863,14.227,20,18,0,2013184.9,77,80,75,78,89,89,83,83,19.49,19.474,21.244,21.224,2106.27,96191,51309,0,11466,26500,12,7,1,0,0,28,23,14,19,8,3,FALSE,0,FALSE
620.82654,1.168,1.151,0.934,0.87,14.215,20,18,0,2010351.6,72,74,71,72,90,89,83,83,19.495,19.48,21.248,21.228,2138.074,96191,51309,0,11466,26550,12,7,1,0,0,28,23,14,19,8,3,FALSE,0,FALSE
621.3239,1.176,1.161,0.936,0.872,14.201,20,18,0,2001707.9,72,73,71,71,90,89,83,83,19.498,19.484,21.25,21.231,2171.215,96191,51309,0,11466,26550,12,7,1,0,0,28,23,14,19,8,3,FALSE,0,FALSE
621.8213,1.193,1.178,0.958,0.895,14.196,20,18,0,2025216.1,74,74,76,76,90,89,84,83,19.503,19.489,21.257,21.237,2202.066,96191,51309,0,11550,26566,12,7,1,0,0,28,23,14,19,8,3,FALSE,0,FALSE
622.32605,1.208,1.19,0.97,0.908,14.195,20,18,0,2050994.4,74,73,75,74,90,90,84,83,19.511,19.497,21.267,21.248,2225.934,96191,51309,0,11550,26566,12,7,1,0,0,28,23,14,19,8,3,FALSE,0,FALSE
622.8248,1.222,1.204,0.982,0.921,14.195,20,18,0,2072085.1,76,73,76,75,90,90,84,84,19.52,19.505,21.279,21.259,2244.59,96191,51309,0,11550,26600,12,7,1,0,0,28,23,14,19,8,3,FALSE,0,FALSE
623.3245,1.24,1.218,1.004,0.938,14.195,20,18,0,2086734.8,78,74,81,77,90,90,84,84,19.53,19.514,21.292,21.271,2258.223,96191,51309,0,11567,26600,12,7,1,0,0,28,23,14,19,8,3,FALSE,0,FALSE
623.8255,1.248,1.224,1.019,0.948,14.195,20,18,0,2096155.2,75,72,82,76,90,90,84,84,19.541,19.523,21.305,21.282,2271.324,96191,51309,0,11567,26600,12,7,1,0,0,28,23,14,19,8,3,FALSE,0,FALSE
624.3271,1.257,1.232,1.048,0.968,14.193,20,18,0,2102379.2,75,73,89,80,91,90,85,84,19.55,19.531,21.32,21.294,2289.352,96191,51309,0,11567,26600,12,7,1,0,0,28,23,14,19,8,3,FALSE,0,FALSE
624.821,1.27,1.241,1.066,0.983,14.19,20,18,0,2108255,78,73,87,80,91,90,85,84,19.56,19.539,21.336,21.307,2302.461,96191,51309,0,11567,26500,12,7,1,0,0,28,23,14,19,8,3,FALSE,0,FALSE
625.3267,1.278,1.247,1.071,0.988,14.185,20,18,0,2114448.8,76,72,80,75,91,90,85,85,19.569,19.546,21.349,21.318,2314.445,96191,51309,0,11450,26500,12,7,1,0,0,28,23,14,19,8,3,FALSE,0,FALSE
625.82404,1.291,1.259,1.08,0.995,14.178,20,18,0,2121461,77,74,78,74,91,91,85,85,19.578,19.553,21.36,21.327,2327.324,96191,51309,0,11450,26500,12,7,1,0,0,28,23,14,19,8,3,FALSE,0,FALSE
626.3214,1.305,1.272,1.084,0.998,14.169,20,18,0,2128739,77,76,74,70,91,91,86,85,19.587,19.562,21.37,21.335,2342.148,96191,51309,0,11450,26466,12,7,1,0,0,28,23,14,19,8,3,FALSE,0,FALSE
626.8216,1.321,1.29,1.084,0.999,14.158,20,18,0,2136317.5,78,77,71,68,91,91,86,85,19.595,19.57,21.376,21.341,2360.113,96191,51309,0,11433,26466,12,7,1,0,0,28,23,14,19,8,3,FALSE,0,FALSE
627.32263,1.343,1.316,1.084,0.999,14.145,20,18,0,2142781.5,79,79,68,69,92,91,86,85,19.603,19.579,21.382,21.347,2380.906,96191,51309,0,11433,26466,12,7,1,0,0,28,23,14,19,8,3,FALSE,0,FALSE
627.82605,1.359,1.334,1.084,0.999,14.132,20,18,0,2114975,76,76,68,69,92,91,86,85,19.611,19.587,21.386,21.352,2404.496,96191,51309,0,11417,26467,12,7,1,0,0,28,23,14,19,8,3,FALSE,0,FALSE
628.32385,1.37,1.347,1.084,0.999,14.119,20,18,0,2099158,73,72,68,69,92,91,86,85,19.618,19.594,21.391,21.357,2430.75,96191,51309,0,11417,26467,12,7,1,0,0,28,23,14,19,8,3,FALSE,0,FALSE
628.8182,1.38,1.356,1.084,0.999,14.105,20,18,0,2092415.8,72,71,68,69,92,91,86,85,19.622,19.598,21.394,21.361,2459.102,96191,51309,0,11400,26450,12,7,1,0,0,28,23,14,19,8,3,FALSE,0,FALSE
629.3228,1.388,1.364,1.084,0.999,14.092,20,18,0,2090245.9,71,71,69,69,92,92,86,85,19.626,19.602,21.397,21.364,2489.359,96191,51309,0,11400,26450,12,7,1,0,0,28,23,14,19,8,3,FALSE,0,FALSE
629.8269,1.396,1.372,1.084,0.999,14.079,20,18,0,2081894.4,71,71,69,69,92,92,86,85,19.63,19.606,21.4,21.367,2521.113,96191,51309,0,11400,26450,12,7,1,0,0,28,23,14,19,8,3,FALSE,0,FALSE
630.3241,1.403,1.38,1.086,1,14.065,20,18,0,2073250.6,71,72,69,70,92,92,86,86,19.633,19.609,21.402,21.37,2554.453,96191,51309,0,11384,26434,12,7,1,0,0,28,23,14,19,8,3,FALSE,0,FALSE
630.8212,1.422,1.404,1.107,1.021,14.051,20,18,0,2064606.9,74,76,74,76,92,92,86,86,19.636,19.613,21.405,21.373,2589.105,96191,51309,0,11417,26434,12,7,1,0,0,28,23,14,19,8,3,FALSE,0,FALSE
631.323,1.452,1.441,1.143,1.059,14.037,20,18,0,2058308,75,78,77,80,92,92,86,86,19.64,19.619,21.408,21.378,2624.051,96191,51309,0,11417,26433,12,7,1,0,0,28,23,14,19,8,3,FALSE,0,FALSE
631.82306,1.482,1.479,1.183,1.1,14.035,20,18,0,2087550.5,76,78,78,80,92,92,86,86,19.645,19.626,21.416,21.387,2657.875,96191,51309,0,11433,26433,12,7,1,0,0,28,23,14,19,8,3,FALSE,0,FALSE
632.3267,1.505,1.504,1.207,1.121,14.033,20,18,0,2113858.5,75,77,77,78,92,92,86,86,19.653,19.635,21.426,21.398,2684.098,96191,51309,0,11467,26433,12,7,1,0,0,28,23,14,19,8,3,FALSE,0,FALSE
632.82544,1.517,1.517,1.218,1.131,14.032,20,18,0,2136021.8,73,75,75,76,93,92,87,86,19.661,19.644,21.436,21.409,2702.926,96191,51309,0,11467,26450,12,7,1,0,0,28,23,14,19,8,3,FALSE,0,FALSE
633.3264,1.522,1.525,1.227,1.141,14.032,20,18,0,2154148.8,71,73,74,76,93,92,87,86,19.668,19.652,21.446,21.42,2718.109,96191,51309,0,11467,26450,12,7,1,0,0,28,23,14,19,8,3,FALSE,0,FALSE
633.82227,1.528,1.533,1.236,1.151,14.032,20,18,0,2165938.5,70,73,73,77,93,93,87,87,19.674,19.66,21.456,21.431,2731.051,96191,51309,0,11516,26500,12,7,1,0,0,28,23,14,19,8,3,FALSE,0,FALSE
634.32,1.535,1.54,1.249,1.177,14.032,20,18,0,2177399.2,71,73,75,85,93,93,87,87,19.68,19.668,21.466,21.443,2742.188,96191,51309,0,11516,26500,12,7,1,0,0,28,23,14,19,8,3,FALSE,0,FALSE
634.8235,1.54,1.548,1.27,1.205,14.03,20,18,0,2183509.8,72,74,81,91,93,93,87,87,19.687,19.675,21.477,21.459,2763.918,96191,51309,0,11516,26483,12,7,1,0,0,28,23,14,19,8,3,FALSE,0,FALSE
635.3202,1.555,1.566,1.278,1.214,14.026,20,18,0,2190155,76,80,77,85,93,93,87,87,19.694,19.684,21.488,21.474,2773.703,96191,51309,0,11483,26483,12,7,1,0,0,28,23,14,19,8,3,FALSE,0,FALSE
635.82227,1.567,1.58,1.28,1.217,14.02,20,18,0,2197595.2,76,79,73,77,93,93,88,87,19.702,19.695,21.497,21.485,2785.227,96191,51309,0,11483,26483,12,7,1,0,0,28,23,14,19,8,3,FALSE,0,FALSE
636.3242,1.575,1.587,1.28,1.217,14.011,20,18,0,2206179,74,75,70,72,93,93,88,88,19.709,19.703,21.504,21.494,2799.328,96191,51309,0,11483,26483,12,7,1,0,0,28,23,14,19,8,3,FALSE,0,FALSE
636.82635,1.584,1.599,1.28,1.217,14.001,20,18,0,2218513.8,74,75,68,70,94,94,88,88,19.716,19.71,21.509,21.501,2815.754,96191,51309,0,11483,26483,12,7,1,0,0,28,23,14,19,8,3,FALSE,0,FALSE
637.32526,1.602,1.62,1.28,1.217,13.989,20,18,0,2225388,77,78,67,68,94,94,88,88,19.723,19.718,21.514,21.505,2834.789,96191,51309,0,11483,26500,12,7,1,0,0,28,23,14,19,8,3,FALSE,0,FALSE
637.8244,1.624,1.643,1.28,1.217,13.976,20,18,0,2222624.2,77,78,68,68,94,94,88,88,19.73,19.726,21.518,21.51,2856.59,96191,51309,0,11500,26500,12,7,1,0,0,28,23,14,19,8,3,FALSE,0,FALSE
638.3239,1.642,1.659,1.28,1.217,13.962,20,18,0,2188952.8,75,75,68,68,94,94,88,88,19.737,19.733,21.521,21.514,2881.234,96191,51309,0,11500,26500,12,7,1,0,0,28,23,14,19,8,3,FALSE,0,FALSE
638.8249,1.655,1.672,1.28,1.217,13.95,20,18,0,2152869.8,73,73,69,69,94,94,88,88,19.742,19.738,21.525,21.517,2908.41,96191,51309,0,11483,26483,12,7,1,0,0,28,23,14,19,8,3,FALSE,0,FALSE
639.82135,1.676,1.695,1.28,1.217,13.923,20,18,0,2053919.9,72,72,69,69,94,94,88,88,19.749,19.746,21.53,21.523,2969.711,96191,51309,0,11467,26467,12,7,1,0,0,28,23,14,19,8,3,FALSE,0,FALSE
640.3219,1.683,1.703,1.28,1.217,13.909,20,18,0,2040379,72,72,70,70,94,94,88,88,19.752,19.749,21.532,21.525,3003.281,96191,51309,0,11467,26450,12,7,1,0,0,28,23,14,19,8,3,FALSE,0,FALSE
640.81824,1.69,1.711,1.28,1.217,13.895,20,18,0,2031735.2,72,72,70,70,94,94,88,88,19.754,19.751,21.533,21.526,3038.223,96191,51309,0,11467,26450,12,7,1,0,0,28,23,14,19,8,3,FALSE,0,FALSE
641.32385,1.696,1.717,1.28,1.217,13.883,20,18,0,2028518.9,72,72,70,70,94,94,88,88,19.756,19.753,21.534,21.527,3074.199,96191,51309,0,11467,26450,12,7,1,0,0,28,23,14,19,8,3,FALSE,0,FALSE
641.82324,1.702,1.724,1.28,1.217,13.869,20,18,0,2019875.1,72,72,70,70,94,94,88,88,19.757,19.754,21.534,21.528,3111.18,96191,51309,0,11467,26450,12,7,1,0,0,28,23,14,19,8,3,FALSE,0,FALSE
642.3236,1.708,1.731,1.28,1.217,13.855,20,18,0,2011231.4,72,72,70,70,94,94,88,88,19.758,19.756,21.534,21.527,3149.098,96191,51309,0,11484,26434,12,7,1,0,0,28,23,14,19,8,3,FALSE,0,FALSE
642.8248,1.714,1.737,1.28,1.217,13.841,20,18,0,2002587.6,72,72,70,70,94,94,88,88,19.759,19.756,21.534,21.527,3187.859,96191,51309,0,11500,26416,12,7,1,0,0,28,23,14,19,8,3,FALSE,0,FALSE
643.8255,1.726,1.749,1.28,1.217,13.815,20,18,0,1990640.5,72,72,70,70,94,94,88,88,19.759,19.756,21.531,21.524,3267.438,96191,51309,0,11516,26416,12,7,1,0,0,28,23,14,19,8,3,FALSE,0,FALSE
644.3211,1.731,1.754,1.28,1.217,13.801,20,18,0,1981996.8,72,72,71,71,94,94,88,88,19.758,19.756,21.529,21.523,3307.934,96191,51309,0,11534,26384,12,7,1,0,0,28,23,14,19,8,3,FALSE,0,FALSE
644.8219,1.737,1.76,1.28,1.217,13.787,20,18,0,1973353,72,72,70,71,94,94,88,88,19.757,19.755,21.527,21.52,3348.883,96191,51309,0,11534,26384,12,7,1,0,0,28,23,14,19,8,3,FALSE,0,FALSE
645.3236,1.754,1.776,1.302,1.24,13.78,20,18,0,1994559.8,74,73,76,76,94,94,88,88,19.758,19.755,21.529,21.522,3387.609,96191,51309,0,11533,26384,12,7,1,0,0,28,23,14,19,8,3,FALSE,0,FALSE
645.8205,1.772,1.796,1.329,1.266,13.779,20,18,0,2024848.1,73,75,77,78,94,94,88,88,19.763,19.761,21.538,21.532,3417.805,96191,51309,0,11533,26383,12,7,1,0,0,28,23,14,19,8,3,FALSE,0,FALSE
646.3233,1.802,1.834,1.377,1.324,13.779,20,18,0,2047892.4,77,82,84,91,95,95,89,88,19.77,19.77,21.55,21.545,3441.609,96191,51309,0,11567,26383,12,7,1,0,0,28,23,14,19,8,3,FALSE,0,FALSE
646.82404,1.82,1.858,1.424,1.387,13.775,20,18,0,2057288.1,76,80,87,96,95,95,89,89,19.777,19.779,21.564,21.562,3464.363,96191,51309,0,11567,26366,12,7,1,0,0,28,23,14,19,8,3,FALSE,0,FALSE
647.32477,1.843,1.888,1.457,1.427,13.767,20,18,0,2064211.9,77,82,83,89,95,95,89,89,19.784,19.788,21.576,21.578,3490.23,96191,51309,0,11533,26366,12,7,1,0,0,28,23,14,19,8,3,FALSE,0,FALSE
647.8238,1.867,1.918,1.486,1.463,13.758,20,18,0,2070790.2,78,82,81,87,95,95,89,89,19.791,19.797,21.587,21.591,3512.848,96191,51309,0,11533,26366,12,7,1,0,0,28,23,14,19,8,3,FALSE,0,FALSE
648.3191,1.899,1.958,1.522,1.507,13.747,20,18,0,2077321.6,80,86,81,87,95,95,89,89,19.798,19.807,21.597,21.603,3535.352,96191,51309,0,11533,26366,12,7,1,0,0,28,23,14,19,8,3,FALSE,0,FALSE
648.824,1.935,2.001,1.555,1.546,13.736,20,18,0,2083753.2,80,85,80,85,95,96,89,90,19.806,19.817,21.606,21.615,3558.609,96191,51309,0,11483,26317,12,7,1,0,0,28,23,14,19,8,3,FALSE,0,FALSE
649.32184,1.976,2.05,1.58,1.571,13.723,20,18,0,2084531.8,82,87,77,80,95,96,90,90,19.813,19.827,21.614,21.624,3582.996,96191,51309,0,11483,26317,12,7,1,0,0,28,23,14,19,8,3,FALSE,0,FALSE
649.8254,1.999,2.076,1.597,1.589,13.71,20,18,0,2084304.9,76,80,76,78,96,96,90,90,19.819,19.835,21.619,21.63,3609.422,96191,51309,0,11483,26333,12,7,1,0,0,28,23,14,19,8,3,FALSE,0,FALSE
650.32184,2.035,2.12,1.625,1.618,13.697,20,18,0,2077328,78,82,76,78,96,96,90,90,19.824,19.842,21.625,21.636,3637.816,96191,51309,0,11483,26333,12,7,1,0,0,28,23,14,19,8,3,FALSE,0,FALSE
651.32166,2.065,2.156,1.644,1.636,13.67,20,18,0,2066776.5,71,74,71,70,96,96,90,90,19.83,19.85,21.631,21.643,3701.023,96191,51309,0,11467,26350,12,7,1,0,0,28,23,14,19,8,3,FALSE,0,FALSE
651.82385,2.081,2.17,1.654,1.647,13.656,20,18,0,2058132.8,75,73,74,73,96,96,90,90,19.831,19.851,21.632,21.644,3734.441,96191,51309,0,11467,26333,12,7,1,0,0,28,23,14,19,8,3,FALSE,0,FALSE
652.3245,2.112,2.195,1.683,1.675,13.642,20,18,0,2049489,78,76,79,76,96,96,90,90,19.834,19.853,21.635,21.646,3768.09,96191,51309,0,11450,26333,12,7,1,0,0,28,23,14,19,8,3,FALSE,0,FALSE
652.8222,2.153,2.229,1.726,1.716,13.629,20,18,0,2040845.2,80,77,81,78,96,96,90,90,19.838,19.855,21.639,21.649,3803.418,96191,51309,0,11467,26333,12,7,1,0,0,28,23,14,19,8,3,FALSE,0,FALSE
653.3259,2.201,2.268,1.785,1.771,13.616,20,18,0,2037680.4,82,78,86,82,96,96,90,90,19.842,19.857,21.643,21.652,3840.191,96191,51309,0,11467,26350,12,7,1,0,0,28,23,14,19,8,3,FALSE,0,FALSE
653.8251,2.263,2.32,1.868,1.845,13.602,20,18,0,2029036.6,84,80,89,84,96,96,90,90,19.847,19.86,21.649,21.656,3877.191,96191,51309,0,11483,26350,12,7,1,0,0,28,23,14,19,8,3,FALSE,0,FALSE
654.3255,2.322,2.369,1.951,1.918,13.589,20,18,0,2020392.9,84,80,89,84,96,96,90,90,19.852,19.863,21.655,21.66,3913.824,96191,51309,0,11483,26350,12,7,1,0,0,28,23,14,19,8,3,FALSE,0,FALSE
654.8222,2.384,2.421,2.036,1.994,13.575,20,18,0,2011749.1,84,80,89,85,96,96,90,90,19.856,19.865,21.661,21.663,3949.594,96191,51309,0,11483,26350,12,7,1,0,0,28,23,14,19,8,3,FALSE,0,FALSE
655.31805,2.425,2.455,2.073,2.028,13.561,20,18,0,2003105.4,76,74,75,73,96,96,90,90,19.859,19.866,21.664,21.665,3985.359,96191,51309,0,11483,26350,12,7,1,0,0,28,23,14,19,8,3,FALSE,0,FALSE
655.8205,2.432,2.461,2.074,2.028,13.547,20,18,0,1994461.6,72,72,70,70,96,96,90,90,19.857,19.864,21.661,21.662,4022.348,96191,51309,40384,11483,26366,12,7,1,0,0,28,23,14,19,8,3,FALSE,0,FALSE
656.3236,2.449,2.478,2.099,2.055,13.541,20,18,0,2015405.6,74,73,77,77,96,96,90,90,19.856,19.863,21.662,21.663,4057.195,96191,51309,40384,11483,26366,12,7,1,0,0,28,23,14,19,8,3,FALSE,0,FALSE
656.8238,2.486,2.507,2.155,2.105,13.54,20,18,0,2043728.9,81,76,89,84,96,96,91,91,19.862,19.867,21.672,21.672,4083.805,96191,51309,40384,11483,26350,12,7,1,0,0,28,23,14,19,8,3,FALSE,0,FALSE
657.3233,2.519,2.532,2.222,2.16,13.54,20,18,0,2068228.2,81,76,95,88,96,97,91,91,19.87,19.873,21.687,21.684,4105.875,96191,51309,40384,11466,26350,12,7,1,0,0,28,23,14,19,8,3,FALSE,0,FALSE
657.82153,2.54,2.547,2.282,2.205,13.54,20,18,0,2084665.8,79,74,98,89,97,97,91,91,19.877,19.878,21.703,21.697,4125.039,96191,51309,40384,11400,26284,12,7,1,0,0,28,23,14,19,8,3,FALSE,0,FALSE
658.32367,2.56,2.563,2.327,2.238,13.535,20,18,0,2091474.9,79,75,95,85,97,97,91,91,19.884,19.882,21.719,21.709,4144.027,96191,51309,40384,11400,26284,12,7,1,0,0,28,23,14,19,8,3,FALSE,0,FALSE
659.32263,2.609,2.604,2.391,2.285,13.519,20,18,0,2104396.2,81,78,84,77,97,97,92,92,19.897,19.892,21.745,21.727,4183.742,96191,51309,40384,11517,26400,12,7,1,0,0,28,23,14,19,8,3,FALSE,0,FALSE
659.8179,2.625,2.62,2.396,2.289,13.507,20,18,0,2102444.8,77,75,75,72,97,97,92,92,19.903,19.897,21.751,21.732,4204.777,96191,51309,40384,11517,26400,12,7,1,0,0,28,23,14,19,8,3,FALSE,0,FALSE
660.32367,2.646,2.64,2.4,2.295,13.493,20,18,0,2097591.2,77,75,71,70,97,97,92,92,19.907,19.9,21.755,21.735,4228.664,96191,51309,40384,11517,26433,12,7,1,0,0,28,23,14,19,8,3,FALSE,0,FALSE
660.8215,2.661,2.655,2.4,2.295,13.48,20,18,0,2097132.9,75,73,68,70,97,97,92,92,19.91,19.903,21.757,21.737,4255.277,96191,51309,40384,11533,26433,12,7,1,0,0,28,23,14,19,8,3,FALSE,0,FALSE
661.3209,2.673,2.664,2.4,2.295,13.466,20,18,0,2090206.5,73,72,69,69,97,97,92,92,19.912,19.904,21.757,21.738,4284.09,96191,51309,40384,11533,26433,12,7,1,0,0,28,23,14,19,8,3,FALSE,0,FALSE
661.8188,2.683,2.672,2.4,2.295,13.454,20,18,0,2087800.8,72,72,70,70,97,97,92,92,19.913,19.905,21.758,21.739,4314.766,96191,51309,40384,11517,26417,12,7,1,0,0,28,23,14,19,8,3,FALSE,0,FALSE
663.3234,2.705,2.693,2.401,2.296,13.412,20,18,0,2062029.1,72,71,70,70,97,97,92,92,19.913,19.904,21.757,21.738,4415.91,96191,51309,40384,11533,26417,12,7,1,0,0,28,23,14,19,8,3,FALSE,0,FALSE
663.8217,2.712,2.699,2.401,2.296,13.4,20,18,0,2058854.8,71,71,70,70,97,97,92,92,19.912,19.903,21.755,21.737,4452.031,96191,51309,40384,11533,26417,12,7,1,0,0,28,23,14,19,8,3,FALSE,0,FALSE
664.3241,2.718,2.706,2.401,2.296,13.386,20,18,0,2050211,71,71,70,70,97,97,92,92,19.91,19.901,21.753,21.735,4489.172,96191,51309,40384,11533,26417,12,7,1,0,0,28,23,14,19,8,3,FALSE,0,FALSE
664.8203,2.725,2.714,2.404,2.298,13.372,20,18,0,2041567.2,71,72,70,71,97,97,92,92,19.908,19.9,21.751,21.733,4527.285,96191,51309,40384,11533,26417,12,7,1,0,0,28,23,14,19,8,3,FALSE,0,FALSE
665.8215,2.736,2.727,2.404,2.298,13.344,20,18,0,2024279.8,72,72,71,71,97,97,92,92,19.904,19.896,21.745,21.727,4605.953,96191,51309,40384,0,26400,13,7,1,0,0,28,23,14,19,8,3,FALSE,0,FALSE
666.3212,2.742,2.732,2.404,2.298,13.332,20,18,0,2021051.6,73,73,71,71,97,97,92,91,19.901,19.893,21.742,21.724,4646.328,96191,51309,40384,0,26400,13,7,1,0,0,28,23,14,19,8,3,FALSE,0,FALSE
666.822,2.748,2.738,2.404,2.298,13.318,20,18,0,2012407.9,72,72,71,71,97,97,92,91,19.898,19.89,21.738,21.72,4687.156,96191,51309,40384,0,26383,13,7,1,0,0,28,23,14,19,8,3,FALSE,0,FALSE
667.3211,2.754,2.743,2.404,2.298,13.304,20,18,0,2003764.1,72,73,71,71,97,97,92,91,19.895,19.887,21.734,21.716,4728.453,96191,51309,40384,17,26383,13,7,1,0,0,28,23,14,19,8,3,FALSE,0,FALSE
667.82214,2.76,2.749,2.404,2.298,13.29,20,18,0,1995120.4,73,73,71,71,97,97,92,91,19.892,19.884,21.729,21.712,4770.164,96191,51309,40384,50,26383,13,7,1,0,0,28,23,14,19,8,3,FALSE,0,FALSE
668.82,2.79,2.78,2.441,2.33,13.275,20,18,0,2024787.2,73,73,76,76,97,97,92,91,19.889,19.882,21.729,21.712,4848.316,96191,51309,40384,67,26384,13,7,1,0,0,28,23,14,19,8,3,FALSE,0,FALSE
669.3227,2.802,2.792,2.45,2.338,13.274,20,18,0,2052890.1,71,71,72,72,97,97,92,91,19.893,19.885,21.737,21.719,4876.477,96191,51309,40384,84,26384,13,7,1,0,0,28,23,14,19,8,3,FALSE,0,FALSE
669.82117,2.809,2.798,2.457,2.346,13.274,20,18,0,2077318.6,71,70,73,71,97,97,92,92,19.896,19.888,21.744,21.727,4899.43,96191,51309,40384,84,26450,13,7,1,0,0,28,23,14,19,8,3,FALSE,0,FALSE
670.32294,2.831,2.814,2.494,2.376,13.274,20,18,0,2097668.2,78,73,85,80,97,97,92,92,19.902,19.893,21.754,21.735,4918.102,96191,51309,40384,166,26450,13,7,1,0,0,28,23,14,19,8,3,FALSE,0,FALSE
670.8211,2.848,2.827,2.541,2.41,13.272,20,18,0,2109380.8,77,73,94,84,97,97,92,92,19.909,19.898,21.768,21.747,4933.477,96191,51309,40384,166,26450,13,7,1,0,0,28,23,14,19,8,3,FALSE,0,FALSE
671.3196,2.861,2.839,2.571,2.428,13.267,20,18,0,2115500,77,74,91,80,97,97,92,92,19.916,19.903,21.783,21.758,4954.574,96191,51309,40384,166,26450,13,7,1,0,0,28,23,14,19,8,3,FALSE,0,FALSE
671.8185,2.879,2.854,2.583,2.438,13.259,20,18,0,2120789.5,78,75,81,75,97,97,93,92,19.923,19.909,21.795,21.767,4970.871,96191,51309,40384,217,26450,13,7,1,0,0,28,23,14,19,8,3,FALSE,0,FALSE
672.319,2.898,2.873,2.59,2.445,13.249,20,18,0,2120352.2,78,77,75,72,98,97,93,92,19.929,19.914,21.803,21.773,4989.391,96191,51309,40384,217,26450,13,7,1,0,0,28,23,14,19,8,3,FALSE,0,FALSE
672.8206,2.924,2.899,2.597,2.451,13.236,20,18,0,2117592.8,80,79,73,70,98,97,93,92,19.936,19.921,21.809,21.778,5010.117,96191,51309,40384,217,26550,13,7,1,0,0,28,23,14,19,8,3,FALSE,0,FALSE
674.31854,2.976,2.948,2.612,2.466,13.196,20,18,0,2105960.5,72,72,70,69,98,98,93,93,19.95,19.933,21.82,21.787,5087.152,96191,51309,40384,333,26450,13,7,1,0,0,28,23,14,19,8,3,FALSE,0,FALSE
674.82227,2.984,2.956,2.612,2.466,13.183,20,18,0,2103649.5,71,71,69,69,98,98,93,93,19.951,19.934,21.821,21.788,5117.859,96191,51309,40384,333,26417,13,7,1,0,0,28,23,14,19,8,3,FALSE,0,FALSE
675.31934,2.991,2.963,2.612,2.466,13.169,20,18,0,2095135.9,72,71,69,70,98,98,93,93,19.952,19.935,21.822,21.789,5150.211,96191,51309,40384,333,26417,13,7,1,0,0,28,23,14,19,8,3,FALSE,0,FALSE
675.821,2.998,2.97,2.612,2.466,13.155,20,18,0,2086492.1,71,71,69,69,98,98,93,93,19.953,19.936,21.822,21.79,5184.199,96191,51309,40384,334,26384,13,7,1,0,0,28,23,14,19,8,3,FALSE,0,FALSE
676.32025,3.004,2.976,2.612,2.466,13.143,20,18,0,2083338.2,71,71,69,70,98,98,93,93,19.953,19.936,21.821,21.789,5219.66,96191,51309,40384,334,26384,13,7,1,0,0,28,23,14,19,8,3,FALSE,0,FALSE
676.81903,3.01,2.982,2.612,2.466,13.129,20,18,0,2074694.5,71,71,70,69,98,98,93,93,19.952,19.935,21.82,21.789,5256.23,96191,51309,40384,317,26367,13,7,1,0,0,28,23,14,19,8,3,FALSE,0,FALSE
677.32043,3.016,2.988,2.612,2.466,13.115,20,18,0,2066050.8,71,71,70,70,98,98,93,93,19.951,19.935,21.819,21.787,5293.918,96191,51309,40384,317,26367,13,7,1,0,0,28,23,14,19,8,3,FALSE,0,FALSE
677.8179,3.022,2.994,2.612,2.466,13.101,20,18,0,2057407,71,71,70,70,98,98,93,92,19.95,19.933,21.817,21.785,5332.629,96191,51309,40384,317,26367,13,7,1,0,0,28,23,14,19,8,3,FALSE,0,FALSE
678.3171,3.028,3,2.612,2.466,13.087,20,18,0,2048763.2,70,70,70,70,98,98,93,92,19.948,19.931,21.814,21.783,5372.367,96191,51309,40384,300,26333,13,7,1,0,0,28,23,14,19,8,3,FALSE,0,FALSE
678.81793,3.034,3.006,2.612,2.466,13.075,20,18,1,2045595.4,70,70,70,70,98,98,93,92,19.945,19.929,21.811,21.78,4.121,114862,0,0,284,26333,13,8,1,0,0,28,23,14,19,8,3,FALSE,0,FALSE
679.3188,3.039,3.011,2.612,2.466,13.061,20,18,1,2036951.6,70,70,70,70,98,98,93,92,19.942,19.926,21.808,21.777,45.613,114862,0,0,250,26333,13,8,1,0,0,28,23,14,19,8,3,FALSE,0,FALSE
679.8196,3.045,3.016,2.612,2.466,13.047,20,18,1,2028307.9,70,70,70,70,98,97,93,92,19.938,19.922,21.804,21.773,87.871,114862,0,0,250,26267,13,8,1,0,0,28,23,14,19,8,3,FALSE,0,FALSE
680.31696,3.05,3.022,2.612,2.466,13.033,20,18,1,2019664.1,71,71,70,70,98,97,93,92,19.935,19.919,21.799,21.769,130.855,114862,0,0,250,26267,13,8,1,0,0,28,23,14,19,8,3,FALSE,0,FALSE
680.821,3.056,3.027,2.612,2.466,13.019,20,18,1,2011020.4,70,70,70,70,98,97,93,92,19.93,19.915,21.795,21.764,174.527,114862,0,0,216,26267,13,8,1,0,0,28,23,14,19,8,3,FALSE,0,FALSE
681.31805,3.064,3.033,2.614,2.468,13.005,20,18,1,2002376.6,70,70,70,70,98,97,93,92,19.926,19.911,21.79,21.76,218.762,114862,0,0,216,26183,11,8,1,0,0,28,23,14,19,8,3,FALSE,0,FALSE
681.8143,3.069,3.039,2.614,2.468,12.992,20,18,1,1993732.9,70,70,70,70,97,97,92,92,19.922,19.906,21.784,21.754,263.52,114862,0,0,216,26150,8,8,1,0,0,28,23,14,19,8,3,FALSE,0,FALSE
682.32117,3.074,3.044,2.614,2.468,12.978,20,18,1,1985249.2,70,70,70,70,97,97,92,92,19.917,19.901,21.779,21.749,308.738,114862,0,0,216,26150,6,8,1,0,0,28,23,14,19,8,3,FALSE,0,FALSE
682.8201,3.081,3.054,2.619,2.473,12.964,20,18,1,1977061.5,70,72,71,72,97,97,92,92,19.911,19.896,21.773,21.743,354.395,114862,0,0,134,26050,5,8,1,0,0,28,23,14,19,8,3,FALSE,0,FALSE
683.8203,3.097,3.069,2.623,2.477,12.937,20,18,1,1961078.8,71,71,71,71,97,97,92,92,19.901,19.886,21.761,21.732,446.242,114862,0,0,67,26000,3,8,1,0,0,28,23,14,19,8,3,FALSE,0,FALSE
684.3163,3.102,3.074,2.623,2.477,12.923,20,18,1,1953177.8,71,71,71,71,97,97,92,91,19.895,19.88,21.755,21.726,492.312,114862,0,0,67,26000,2,8,1,0,0,28,23,14,19,8,3,FALSE,0,FALSE
684.8171,3.107,3.079,2.623,2.477,12.909,20,18,1,1945345.6,71,71,71,71,97,97,92,91,19.889,19.874,21.748,21.719,538.48,114862,0,0,25900,25900,2,8,1,0,0,28,23,14,19,8,3,FALSE,0,FALSE
685.3185,3.112,3.084,2.623,2.477,12.895,20,18,1,1937552.6,72,72,71,71,97,96,92,91,19.882,19.868,21.741,21.713,584.695,114862,0,0,25900,25900,2,8,1,0,0,28,23,14,19,8,3,FALSE,0,FALSE
685.8207,3.13,3.102,2.649,2.503,12.889,20,18,1,1965288.6,74,74,76,76,97,96,92,91,19.88,19.865,21.741,21.713,627.566,114862,0,0,25867,25867,2,8,1,0,0,28,23,14,19,8,3,FALSE,0,FALSE
686.32227,3.152,3.122,2.674,2.53,12.888,20,18,1,1997159.4,74,74,76,76,97,96,92,91,19.883,19.869,21.749,21.721,660.992,114862,0,0,25867,25867,2,8,1,0,0,28,23,14,19,8,3,FALSE,0,FALSE
686.8176,3.168,3.136,2.684,2.542,12.887,20,18,1,2023776.1,73,72,73,73,97,97,92,92,19.888,19.874,21.758,21.73,686.367,114862,0,0,25833,25833,2,8,1,0,0,28,23,14,19,8,3,FALSE,0,FALSE
687.3227,3.175,3.142,2.688,2.546,12.887,20,18,1,2046137.2,71,70,71,71,97,97,92,92,19.893,19.879,21.766,21.739,706.043,114862,0,0,25833,25833,2,8,1,0,0,28,23,14,19,8,3,FALSE,0,FALSE
687.8225,3.184,3.149,2.699,2.556,12.887,20,18,1,2063909,72,71,74,72,97,97,92,92,19.898,19.883,21.775,21.747,721.34,114862,0,0,25833,25833,2,8,1,0,0,28,23,14,19,8,3,FALSE,0,FALSE
688.32355,3.193,3.156,2.716,2.568,12.887,20,18,1,2077603.5,74,71,79,74,97,97,92,92,19.904,19.888,21.785,21.755,732.879,114862,0,0,25850,25850,2,8,1,0,0,28,23,14,19,8,3,FALSE,0,FALSE
688.8202,3.201,3.162,2.735,2.582,12.887,20,18,1,2087751.6,74,71,83,77,97,97,93,92,19.91,19.893,21.796,21.765,745.805,114862,0,0,25850,25850,2,8,1,0,0,28,23,14,19,8,3,FALSE,0,FALSE
689.3238,3.207,3.168,2.746,2.59,12.884,20,18,1,2092522,74,71,83,76,97,97,93,92,19.916,19.898,21.808,21.774,756.855,114862,0,0,0,25850,3,8,1,0,0,28,23,14,19,8,3,FALSE,0,FALSE
689.8197,3.214,3.174,2.75,2.593,12.88,20,18,1,2097149,73,72,79,73,97,97,93,92,19.922,19.903,21.819,21.782,766.191,114862,0,0,0,26034,3,8,1,0,0,28,23,14,19,8,3,FALSE,0,FALSE
690.31824,3.223,3.185,2.753,2.595,12.874,20,18,1,2100609.5,75,74,74,71,98,97,93,93,19.927,19.908,21.827,21.789,777.418,114862,0,0,0,26034,3,8,1,0,0,28,23,14,19,8,3,FALSE,0,FALSE
690.8225,3.234,3.2,2.753,2.596,12.865,20,18,1,2103394.5,76,76,70,69,98,97,93,93,19.934,19.914,21.834,21.795,791.016,114862,0,0,0,26034,3,8,1,0,0,28,23,14,19,8,3,FALSE,0,FALSE
691.3203,3.248,3.217,2.753,2.596,12.854,20,18,1,2107172.2,76,77,68,69,98,97,93,93,19.94,19.921,21.838,21.799,807.527,114862,0,0,0,26034,2,8,1,0,0,28,23,14,19,8,3,FALSE,0,FALSE
691.8218,3.263,3.233,2.764,2.609,12.845,20,18,1,2113740.8,76,77,71,74,98,98,93,93,19.945,19.927,21.843,21.804,826.465,114862,0,0,25967,25967,2,8,1,0,0,28,23,14,19,8,3,FALSE,0,FALSE
692.3216,3.288,3.262,2.782,2.631,12.835,20,18,1,2120017.8,79,82,76,79,98,98,94,93,19.952,19.935,21.848,21.811,852.566,114862,0,0,25967,25967,2,8,1,0,0,28,23,14,19,8,3,FALSE,0,FALSE
692.8205,3.313,3.292,2.799,2.648,12.824,20,18,1,2126307,78,82,75,77,98,98,94,93,19.958,19.943,21.853,21.818,874.688,114862,0,0,25967,25967,2,8,1,0,0,28,23,14,19,8,3,FALSE,0,FALSE
693.321,3.34,3.321,2.811,2.661,12.811,20,18,1,2128399.2,78,81,73,74,98,98,94,93,19.963,19.951,21.858,21.824,898.035,114862,0,0,25967,25967,2,8,1,0,0,28,23,14,19,8,3,FALSE,0,FALSE
693.82025,3.358,3.343,2.816,2.664,12.798,20,18,1,2129043.8,76,78,71,71,98,98,94,93,19.968,19.956,21.861,21.827,924.188,114862,0,0,25900,25900,2,8,1,0,0,28,23,14,19,8,3,FALSE,0,FALSE
694.32227,3.382,3.365,2.822,2.668,12.785,20,18,1,2123229,77,77,72,69,98,98,94,93,19.972,19.959,21.862,21.829,953.207,114862,0,0,25900,25900,2,8,1,0,0,28,23,14,19,8,3,FALSE,0,FALSE
694.8194,3.397,3.378,2.829,2.676,12.771,20,18,1,2115919.5,75,73,72,71,98,98,94,93,19.975,19.962,21.864,21.83,983.469,114862,0,0,25900,25900,2,8,1,0,0,28,23,14,19,8,3,FALSE,0,FALSE
695.3206,3.423,3.399,2.848,2.694,12.758,20,18,1,2113472.5,77,74,75,72,99,98,94,93,19.978,19.964,21.866,21.831,1014.023,114862,0,0,25900,25900,2,8,1,0,0,28,23,14,19,8,3,FALSE,0,FALSE
695.8219,3.437,3.41,2.852,2.699,12.744,20,18,1,2104935.2,73,72,71,70,99,98,94,93,19.98,19.965,21.867,21.832,1046.387,114862,0,0,25900,25900,2,8,1,0,0,28,23,14,19,8,3,FALSE,0,FALSE
696.3208,3.444,3.417,2.852,2.699,12.73,20,18,1,2096294.9,71,71,69,69,99,98,94,93,19.98,19.965,21.867,21.831,1080.223,114862,0,0,25900,25900,2,8,1,0,0,28,23,14,19,8,3,FALSE,0,FALSE
696.81915,3.451,3.423,2.852,2.699,12.718,20,18,1,2092956,71,71,70,70,99,98,94,93,19.98,19.965,21.865,21.83,1115.25,114862,0,0,25900,25900,2,8,1,0,0,28,23,14,19,8,3,FALSE,0,FALSE
697.32086,3.458,3.429,2.852,2.699,12.704,20,18,1,2084312.2,72,71,70,70,99,98,94,93,19.979,19.964,21.863,21.828,1151.254,114862,0,0,25900,25900,2,8,1,0,0,28,23,14,19,8,3,FALSE,0,FALSE
697.82074,3.464,3.435,2.852,2.699,12.69,20,18,1,2075668.5,72,72,70,70,98,98,94,93,19.978,19.963,21.861,21.826,1188.246,114862,0,0,25900,25900,2,8,1,0,0,28,23,14,19,8,3,FALSE,0,FALSE
698.31616,3.471,3.441,2.852,2.699,12.677,20,18,1,2067024.8,72,72,70,70,98,98,94,93,19.976,19.961,21.858,21.823,1226.137,114862,0,0,25900,25900,2,8,1,0,0,28,23,14,19,8,3,FALSE,0,FALSE
698.82227,3.477,3.447,2.852,2.699,12.663,20,18,1,2058381,72,72,70,70,98,98,94,93,19.974,19.959,21.854,21.82,1264.84,114862,0,0,25900,25900,2,8,1,0,0,28,23,14,19,8,3,FALSE,0,FALSE
699.32275,3.483,3.453,2.852,2.699,12.649,20,18,1,2049737.2,72,72,70,70,98,98,94,93,19.972,19.957,21.851,21.817,1304.25,114862,0,0,25900,25900,2,8,1,0,0,28,23,14,19,8,3,FALSE,0,FALSE
699.8234,3.488,3.459,2.852,2.699,12.635,20,18,1,2041093.5,72,72,70,70,98,98,94,93,19.969,19.955,21.847,21.813,1344.273,114862,0,0,25900,25900,2,8,1,0,0,28,23,14,19,8,3,FALSE,0,FALSE
700.3199,3.494,3.465,2.852,2.699,12.622,20,18,1,2037868.9,72,72,70,70,98,98,93,93,19.966,19.952,21.842,21.808,1384.77,114862,0,0,25900,25900,2,8,1,0,0,28,23,14,19,8,3,FALSE,0,FALSE
700.8239,3.505,3.478,2.867,2.713,12.612,20,18,1,2045928.4,73,74,75,75,98,98,93,93,19.964,19.95,21.839,21.806,1424.773,114862,0,0,25883,25883,2,8,1,0,0,28,23,14,19,8,3,FALSE,0,FALSE
701.31885,3.525,3.498,2.893,2.739,12.611,20,18,1,2077180.1,73,74,76,76,98,98,93,93,19.966,19.952,21.845,21.812,1456.953,114862,0,0,25883,25883,2,8,1,0,0,28,23,14,19,8,3,FALSE,0,FALSE
701.821,3.537,3.509,2.902,2.749,12.609,20,18,1,2102322.2,73,72,74,73,98,98,94,93,19.969,19.956,21.852,21.819,1481.758,114862,0,0,25883,25883,2,8,1,0,0,28,23,14,19,8,3,FALSE,0,FALSE
703.3188,3.58,3.535,2.957,2.8,12.608,20,18,1,2151100.8,79,71,82,81,99,98,94,93,19.985,19.966,21.878,21.843,1539.395,114862,0,0,25950,25950,2,8,1,0,0,28,23,14,19,8,3,FALSE,0,FALSE
704.3216,3.61,3.56,2.992,2.825,12.597,20,18,1,2165805.2,78,74,80,75,99,98,94,94,19.998,19.974,21.897,21.859,1580.961,114862,0,0,25950,25950,2,8,1,0,0,28,23,14,19,8,3,FALSE,0,FALSE
704.81903,3.626,3.574,3.001,2.833,12.588,20,18,1,2173513.8,78,74,76,73,99,99,94,94,20.004,19.978,21.905,21.865,1598.438,114862,0,0,26016,26016,2,8,1,0,0,28,23,14,19,8,3,FALSE,0,FALSE
705.3199,3.644,3.591,3.01,2.841,12.578,20,18,1,2181392.2,78,76,74,71,99,99,95,94,20.009,19.982,21.91,21.869,1616.59,114862,0,0,26016,26016,2,8,1,0,0,28,23,14,19,8,3,FALSE,0,FALSE
705.8184,3.663,3.608,3.018,2.849,12.566,20,18,1,2188883.8,77,75,73,71,99,99,95,94,20.015,19.987,21.914,21.873,1637.945,114862,0,0,25850,25850,2,8,1,0,0,28,23,14,19,8,3,FALSE,0,FALSE
706.3158,3.688,3.633,3.02,2.852,12.553,20,18,1,2191452.2,79,77,71,69,99,99,95,94,20.02,19.991,21.918,21.875,1661.449,114862,0,0,25850,25850,2,8,1,0,0,28,23,14,19,8,3,FALSE,0,FALSE
706.8222,3.708,3.65,3.02,2.852,12.54,20,18,1,2192074.8,76,74,68,68,99,99,95,94,20.023,19.995,21.919,21.877,1687.484,114862,0,0,25783,25783,2,8,1,0,0,28,23,14,19,8,3,FALSE,0,FALSE
707.3191,3.719,3.662,3.022,2.853,12.527,20,18,1,2185560.8,73,73,69,70,99,99,95,94,20.025,19.997,21.919,21.878,1715.809,114862,0,0,25783,25783,2,8,1,0,0,28,23,14,19,8,3,FALSE,0,FALSE
707.82025,3.729,3.674,3.026,2.857,12.513,20,18,1,2178046,72,73,70,71,99,99,95,94,20.026,19.999,21.92,21.879,1745.844,114862,0,0,25783,25783,2,8,1,0,0,28,23,14,19,8,3,FALSE,0,FALSE
708.31744,3.74,3.689,3.034,2.864,12.5,20,18,1,2175248.5,72,74,71,72,99,99,95,94,20.026,20,21.92,21.879,1777.492,114862,0,0,25783,25783,2,8,1,0,0,28,23,14,19,8,3,FALSE,0,FALSE
709.31854,3.766,3.721,3.056,2.884,12.476,20,18,1,2173432.2,71,72,72,72,99,99,95,94,20.026,20.002,21.92,21.881,1846.562,114862,29952,0,25767,25767,2,8,1,0,0,28,23,14,19,8,3,FALSE,0,FALSE
709.8215,3.802,3.749,3.108,2.929,12.476,20,18,1,2202193,81,76,85,80,99,99,95,94,20.029,20.004,21.924,21.884,1876.406,114862,29952,0,25766,25766,2,8,1,0,0,28,23,14,19,8,3,FALSE,0,FALSE
710.3181,3.839,3.773,3.161,2.982,12.476,20,18,1,2224557,84,74,87,87,100,99,95,94,20.035,20.008,21.933,21.891,1905.359,114862,29952,0,25766,25766,2,8,1,0,0,28,23,14,19,8,3,FALSE,0,FALSE
710.81506,3.877,3.799,3.237,3.041,12.472,20,18,1,2231890.8,82,76,96,89,100,99,95,94,20.042,20.01,21.943,21.898,1933.188,114862,29952,0,25750,25750,2,8,1,0,0,28,23,14,19,8,3,FALSE,0,FALSE
711.3207,3.914,3.828,3.281,3.076,12.464,20,18,1,2237247,83,78,86,81,100,99,95,95,20.048,20.014,21.952,21.905,1958.633,114862,29952,0,25767,25767,2,8,1,0,0,28,23,14,19,8,3,FALSE,0,FALSE
711.8201,3.932,3.844,3.289,3.084,12.451,20,18,1,2233115.2,75,74,73,73,100,99,95,95,20.052,20.016,21.956,21.908,1984.496,114862,29952,0,25767,25767,2,8,1,0,0,28,23,14,19,8,3,FALSE,0,FALSE
712.3181,3.96,3.875,3.312,3.112,12.438,20,18,1,2233326.5,77,79,75,79,100,99,95,95,20.054,20.019,21.957,21.91,2012.98,114862,29952,0,25767,25767,2,8,1,0,0,28,23,14,19,8,3,FALSE,0,FALSE
712.8192,3.992,3.913,3.357,3.169,12.426,20,18,1,2237872.2,79,82,81,88,100,99,95,95,20.056,20.022,21.959,21.915,2043.676,114862,29952,0,25800,25800,2,8,1,0,0,28,23,14,19,8,3,FALSE,0,FALSE
713.3196,4.03,3.957,3.392,3.21,12.413,20,18,1,2234806.2,79,81,77,82,100,99,95,95,20.059,20.027,21.961,21.92,2073.609,114862,29952,0,25833,25833,2,8,1,0,0,28,23,14,19,8,3,FALSE,0,FALSE
713.81964,4.05,3.983,3.407,3.226,12.4,20,18,1,2232316.8,74,76,72,75,100,99,95,95,20.06,20.029,21.961,21.921,2104.316,114862,29952,0,25833,25833,2,8,1,0,0,28,23,14,19,8,3,FALSE,0,FALSE
714.3197,4.071,4.007,3.424,3.238,12.386,20,18,1,2223773,73,75,72,72,100,99,95,95,20.059,20.03,21.959,21.92,2136.742,114862,29952,0,25833,25833,2,8,1,0,0,28,23,14,19,8,3,FALSE,0,FALSE
714.8212,4.086,4.026,3.435,3.247,12.372,20,18,1,2215133,73,75,72,72,100,99,95,95,20.058,20.03,21.957,21.919,2170.23,114862,29952,0,25867,25867,2,8,1,0,0,28,23,14,19,8,3,FALSE,0,FALSE
715.3181,4.102,4.043,3.454,3.266,12.368,20,18,1,2239254,74,73,75,75,100,99,95,95,20.058,20.031,21.959,21.92,2201.258,114862,29952,0,25867,25867,2,8,1,0,0,28,23,14,19,8,3,FALSE,0,FALSE
715.8193,4.115,4.055,3.464,3.278,12.367,20,18,1,2265646.5,73,72,75,73,100,100,95,95,20.06,20.033,21.964,21.925,2225.375,114862,29952,0,25900,25900,2,8,1,0,0,28,23,14,19,8,3,FALSE,0,FALSE
717.3197,4.156,4.086,3.53,3.329,12.367,20,18,1,2314791.8,76,73,88,80,100,100,96,95,20.074,20.043,21.989,21.947,2270.281,114862,29952,0,25917,25917,2,8,1,0,0,28,23,14,19,8,3,FALSE,0,FALSE
717.8222,4.165,4.094,3.556,3.346,12.363,20,18,1,2320570.2,76,73,90,80,100,100,96,95,20.079,20.047,22.001,21.955,2287.043,114862,29952,0,25850,25850,2,8,1,0,0,28,23,14,19,8,3,FALSE,0,FALSE
718.3218,4.177,4.103,3.567,3.355,12.359,20,18,1,2326720.2,78,73,84,77,100,100,96,95,20.084,20.05,22.012,21.963,2301.539,114862,29952,0,25850,25850,2,8,1,0,0,28,23,14,19,8,3,FALSE,0,FALSE
718.8199,4.19,4.114,3.577,3.363,12.353,20,18,1,2333470.8,78,74,80,75,101,100,96,96,20.089,20.054,22.02,21.969,2314.523,114862,29952,0,25850,25850,2,8,1,0,0,28,23,14,19,8,3,FALSE,0,FALSE
719.32135,4.204,4.127,3.586,3.371,12.345,20,18,1,2340697,78,75,78,73,101,100,97,96,20.094,20.057,22.026,21.973,2328.305,114862,29952,0,25850,25850,2,8,1,0,0,28,23,14,19,8,3,FALSE,0,FALSE
719.81415,4.222,4.143,3.589,3.374,12.335,20,18,1,2348174.2,79,78,74,70,101,100,97,96,20.099,20.061,22.031,21.976,2344.141,114862,29952,0,25733,25733,2,8,1,0,0,28,23,14,19,8,3,FALSE,0,FALSE
721.3191,4.279,4.207,3.59,3.376,12.298,20,18,1,2355493.8,75,74,68,69,101,100,97,96,20.112,20.074,22.034,21.98,2408.504,114862,29952,0,25683,25683,2,8,1,0,0,28,23,14,19,8,3,FALSE,0,FALSE
721.8204,4.288,4.216,3.59,3.376,12.286,20,18,1,2354956.2,73,72,68,69,101,100,97,96,20.113,20.075,22.034,21.98,2434.734,114862,29952,0,25683,25683,2,8,1,0,0,28,23,14,19,8,3,FALSE,0,FALSE
722.3185,4.297,4.225,3.59,3.376,12.272,20,18,1,2348198.8,72,72,68,69,101,100,97,96,20.114,20.076,22.033,21.98,2463.07,114862,29952,0,25666,25666,2,8,1,0,0,28,23,14,19,8,3,FALSE,0,FALSE
722.8166,4.305,4.233,3.59,3.376,12.259,20,18,1,2345977.2,72,72,69,69,101,100,97,96,20.113,20.075,22.031,21.979,2493.332,114862,29952,0,25666,25666,2,8,1,0,0,28,23,14,19,8,3,FALSE,0,FALSE
723.31647,4.312,4.241,3.591,3.376,12.245,20,18,1,2337617.8,71,71,69,69,101,100,97,96,20.112,20.074,22.029,21.977,2525.152,114862,29952,0,25667,25667,2,8,1,0,0,28,23,14,19,8,3,FALSE,0,FALSE
723.8201,4.32,4.251,3.594,3.378,12.232,20,18,1,2328977.8,71,72,70,70,101,100,97,96,20.111,20.074,22.027,21.976,2558.582,114862,29952,0,25700,25700,2,8,1,0,0,28,23,14,19,8,3,FALSE,0,FALSE
724.32117,4.337,4.272,3.611,3.395,12.218,20,18,1,2320337.8,74,76,73,75,101,100,97,96,20.109,20.073,22.025,21.975,2593.191,114862,29952,0,25700,25700,2,8,1,0,0,28,23,14,19,8,3,FALSE,0,FALSE
724.81854,4.358,4.299,3.638,3.422,12.205,20,18,1,2324256.8,74,76,76,78,101,100,96,96,20.108,20.074,22.024,21.974,2628.199,114862,29952,0,25700,25700,2,8,1,0,0,28,23,14,19,8,3,FALSE,0,FALSE
725.3177,4.382,4.33,3.67,3.452,12.204,20,18,1,2352929.2,75,77,76,78,101,100,97,96,20.11,20.077,22.027,21.979,2660.426,114862,29952,0,25716,25716,2,8,1,0,0,28,23,14,19,8,3,FALSE,0,FALSE
725.8189,4.397,4.348,3.686,3.468,12.203,20,18,1,2377706.5,73,76,74,76,101,100,97,96,20.113,20.081,22.033,21.986,2685.441,114862,29952,0,25716,25716,2,8,1,0,0,28,23,14,19,8,3,FALSE,0,FALSE
726.32117,4.404,4.358,3.694,3.475,12.202,20,18,1,2398839,71,73,72,74,101,100,97,96,20.115,20.085,22.037,21.992,2704.781,114862,29952,0,25767,25767,2,8,1,0,0,28,23,14,19,8,3,FALSE,0,FALSE
726.8182,4.413,4.369,3.707,3.49,12.202,20,18,1,2417256.8,72,75,75,77,101,101,97,96,20.117,20.089,22.042,21.998,2720.898,114862,29952,0,25767,25767,2,8,1,0,0,28,23,14,19,8,3,FALSE,0,FALSE
727.31885,4.423,4.382,3.725,3.513,12.202,20,18,1,2431319.8,73,76,78,84,101,101,97,96,20.12,20.094,22.049,22.006,2733.109,114862,29952,0,25767,25767,2,8,1,0,0,28,23,14,19,8,3,FALSE,0,FALSE
727.81824,4.43,4.389,3.736,3.534,12.201,20,18,1,2437505.5,73,74,76,86,101,101,97,96,20.123,20.099,22.055,22.017,2743.918,114862,29952,0,25816,25816,2,8,1,0,0,28,23,14,19,8,3,FALSE,0,FALSE
728.3214,4.437,4.398,3.744,3.545,12.197,20,18,1,2443118.5,73,76,76,83,101,101,97,97,20.126,20.103,22.061,22.026,2765.996,114862,29952,0,25816,25816,2,8,1,0,0,28,23,14,19,8,3,FALSE,0,FALSE
728.8186,4.445,4.409,3.754,3.556,12.193,20,18,1,2449078.5,73,77,75,81,101,101,97,97,20.129,20.108,22.066,22.034,2776.473,114862,29952,0,25750,25750,2,8,1,0,0,28,23,14,19,8,3,FALSE,0,FALSE
729.321,4.452,4.418,3.758,3.561,12.188,20,18,1,2455562.2,73,75,71,77,101,101,97,97,20.132,20.112,22.07,22.041,2789.102,114862,29952,0,25750,25750,2,8,1,0,0,28,23,14,19,8,3,FALSE,0,FALSE
729.8173,4.465,4.433,3.758,3.562,12.179,20,18,1,2461560.2,75,76,69,72,101,101,97,97,20.135,20.115,22.072,22.045,2803.965,114862,29952,0,25750,25750,2,8,1,0,0,28,23,14,19,8,3,FALSE,0,FALSE
730.32,4.486,4.45,3.758,3.562,12.167,20,18,1,2466332.8,79,78,68,69,101,101,97,97,20.139,20.12,22.073,22.047,2821.367,114862,29952,0,25700,25700,2,8,1,0,0,28,23,14,19,8,3,FALSE,0,FALSE
730.8212,4.508,4.47,3.758,3.562,12.155,20,18,1,2471387.5,78,77,68,68,102,101,97,97,20.144,20.124,22.074,22.048,2841.57,114862,29952,0,25700,25700,2,8,1,0,0,28,23,14,19,8,3,FALSE,0,FALSE
731.8198,4.535,4.494,3.758,3.562,12.129,20,18,1,2467398.8,73,74,69,69,102,101,97,97,20.148,20.129,22.073,22.048,2889.887,114862,29952,0,25666,25666,2,8,1,0,0,28,23,14,19,8,3,FALSE,0,FALSE
732.31537,4.548,4.508,3.759,3.562,12.115,20,18,1,2461332,72,73,69,69,102,101,97,97,20.149,20.131,22.073,22.047,2917.32,114862,29952,0,25666,25666,2,8,1,0,0,28,23,14,19,8,3,FALSE,0,FALSE
732.8172,4.556,4.517,3.759,3.562,12.102,20,18,1,2459315,72,72,69,69,102,101,97,97,20.149,20.131,22.071,22.046,2946.828,114862,29952,0,25667,25667,2,8,1,0,0,28,23,14,19,8,3,FALSE,0,FALSE
733.31915,4.563,4.524,3.759,3.562,12.089,20,18,1,2451206.8,72,72,70,69,102,101,97,97,20.148,20.131,22.07,22.044,2978.191,114862,29952,0,25667,25667,2,8,1,0,0,28,23,14,19,8,3,FALSE,0,FALSE
733.82025,4.571,4.531,3.759,3.562,12.075,20,18,1,2442582,72,72,70,70,102,101,97,97,20.147,20.13,22.068,22.042,3011.156,114862,29952,0,25667,25667,2,8,1,0,0,28,23,14,19,8,3,FALSE,0,FALSE
734.318,4.577,4.538,3.759,3.562,12.061,20,18,1,2433942,72,72,70,70,102,101,97,97,20.146,20.128,22.065,22.04,3045.566,114862,29952,0,25683,25683,2,8,1,0,0,28,23,14,19,8,3,FALSE,0,FALSE
734.8188,4.584,4.544,3.759,3.562,12.049,20,18,1,2430681.5,72,72,70,70,102,101,97,97,20.144,20.127,22.062,22.037,3081.125,114862,29952,0,25717,25717,2,8,1,0,0,28,23,14,19,8,3,FALSE,0,FALSE
735.3198,4.59,4.55,3.759,3.562,12.035,20,18,1,2422041.5,73,73,71,71,102,101,97,97,20.141,20.125,22.058,22.034,3117.688,114862,29952,0,25734,25734,2,8,1,0,0,28,23,14,19,8,3,FALSE,0,FALSE
735.81824,4.596,4.556,3.759,3.562,12.021,20,18,1,2413401.5,72,72,70,70,102,101,97,97,20.139,20.122,22.054,22.03,3155.227,114862,29952,0,25767,25767,2,8,1,0,0,28,23,14,19,8,3,FALSE,0,FALSE
736.31824,4.602,4.562,3.759,3.562,12.007,20,18,1,2404761.5,72,72,70,70,101,101,97,97,20.136,20.119,22.05,22.026,3193.66,114862,29952,0,25767,25767,2,8,1,0,0,28,23,14,19,8,3,FALSE,0,FALSE
736.81726,4.608,4.568,3.759,3.562,11.993,20,18,1,2396121.5,73,72,70,70,101,101,97,96,20.133,20.116,22.045,22.021,3232.879,114862,29952,0,25800,25800,2,8,1,0,0,28,23,14,19,8,3,FALSE,0,FALSE
737.31726,4.613,4.573,3.759,3.562,11.981,20,18,1,2392767,72,72,71,70,101,101,97,96,20.129,20.113,22.04,22.016,3272.68,114862,29952,0,25800,25800,2,8,1,0,0,28,23,14,19,8,3,FALSE,0,FALSE
737.82074,4.619,4.578,3.759,3.562,11.967,20,18,1,2384127,73,72,71,71,101,101,97,96,20.125,20.109,22.034,22.01,3312.926,114862,29952,0,25800,25800,2,8,1,0,0,28,23,14,19,8,3,FALSE,0,FALSE
738.31805,4.624,4.584,3.759,3.562,11.954,20,18,1,2375487,72,73,71,70,101,101,97,96,20.121,20.105,22.028,22.004,3353.641,114862,29952,0,25834,25834,2,8,1,0,0,28,23,14,19,8,3,FALSE,0,FALSE
738.8205,4.64,4.6,3.781,3.584,11.946,20,18,1,2396429.8,74,74,76,76,101,101,97,96,20.119,20.102,22.026,22.003,3392.152,114862,29952,0,25834,25834,2,8,1,0,0,28,23,14,19,8,3,FALSE,0,FALSE
739.3191,4.661,4.624,3.817,3.617,11.945,20,18,1,2426471,74,77,80,80,101,101,97,96,20.12,20.105,22.032,22.009,3422.008,114862,29952,0,25866,25866,2,8,1,0,0,28,23,14,19,8,3,FALSE,0,FALSE
739.818,4.689,4.661,3.864,3.677,11.945,20,18,1,2451340.5,77,83,85,91,101,101,97,96,20.124,20.111,22.041,22.02,3445.805,114862,29952,0,25866,25866,2,8,1,0,0,28,23,14,19,8,3,FALSE,0,FALSE
740.3149,4.709,4.687,3.913,3.74,11.943,20,18,1,2465419.5,76,82,89,97,101,101,97,97,20.128,20.117,22.052,22.034,3469.168,114862,29952,0,25866,25866,2,8,1,0,0,28,23,14,19,8,3,FALSE,0,FALSE
740.8194,4.735,4.721,3.946,3.778,11.936,20,18,1,2472446.5,79,85,85,90,101,101,97,97,20.132,20.125,22.061,22.046,3493.895,114862,29952,0,25816,25816,2,8,1,0,0,28,23,14,19,8,3,FALSE,0,FALSE
741.3208,4.755,4.746,3.97,3.808,11.927,20,18,1,2479044.8,78,82,80,85,101,101,97,97,20.136,20.131,22.069,22.056,3515.496,114862,29952,0,25816,25816,2,8,1,0,0,28,23,14,19,8,3,FALSE,0,FALSE
741.8184,4.781,4.778,3.99,3.832,11.916,20,18,1,2485330.8,79,83,77,81,102,101,97,97,20.14,20.137,22.074,22.064,3537.672,114862,29952,0,25833,25833,2,8,1,0,0,28,23,14,19,8,3,FALSE,0,FALSE
743.3174,4.877,4.886,4.052,3.898,11.877,20,18,1,2476213.8,82,86,78,82,102,102,97,97,20.15,20.153,22.083,22.076,3614.625,114862,29952,0,25834,25834,2,8,1,0,0,28,23,14,19,8,3,FALSE,0,FALSE
743.81586,4.906,4.921,4.075,3.921,11.863,20,18,1,2468908.5,76,80,75,77,102,102,98,97,20.153,20.158,22.085,22.079,3643.719,114862,29952,0,25834,25834,2,8,1,0,0,28,23,14,19,8,3,FALSE,0,FALSE
744.3148,4.933,4.955,4.099,3.945,11.85,20,18,1,2431500.5,77,81,76,77,102,102,98,97,20.153,20.161,22.086,22.081,3674.664,114862,29952,0,25800,25800,2,8,1,0,0,28,23,14,19,8,3,FALSE,0,FALSE
744.82043,4.954,4.98,4.112,3.957,11.836,20,18,1,2402171,73,76,72,72,102,102,98,97,20.154,20.163,22.086,22.082,3707.43,114862,29952,0,25800,25800,2,8,1,0,0,28,23,14,19,8,3,FALSE,0,FALSE
745.31885,4.974,4.996,4.131,3.975,11.822,20,18,1,2393531,77,75,78,75,102,102,98,97,20.153,20.162,22.085,22.08,3741.352,114862,29952,0,25817,25817,2,8,1,0,0,28,23,14,19,8,3,FALSE,0,FALSE
745.8176,5.022,5.037,4.185,4.024,11.809,20,18,1,2384891,83,79,84,80,102,102,98,97,20.154,20.162,22.087,22.081,3775.359,114862,29952,0,25817,25817,2,8,1,0,0,28,23,14,19,8,3,FALSE,0,FALSE
746.3177,5.08,5.085,4.257,4.089,11.795,20,18,1,2376251,86,81,88,84,102,102,98,97,20.157,20.163,22.09,22.082,3810.484,114862,29952,0,25850,25850,2,8,1,0,0,28,23,14,19,8,3,FALSE,0,FALSE
746.81366,5.141,5.136,4.335,4.159,11.781,20,18,1,2367611,85,81,89,84,102,102,98,98,20.161,20.164,22.094,22.084,3846.652,114862,29952,0,25850,25850,2,8,1,0,0,28,23,14,19,8,3,FALSE,0,FALSE
747.81573,5.259,5.235,4.48,4.29,11.755,20,18,1,2355778,83,80,85,81,102,102,98,98,20.165,20.165,22.099,22.086,3919.738,114862,29952,0,25850,25850,2,8,1,0,0,28,23,14,19,8,3,FALSE,0,FALSE
748.82007,5.321,5.284,4.533,4.342,11.727,20,18,1,2338498,74,73,73,71,102,102,98,97,20.163,20.16,22.095,22.08,3992.195,114862,29952,0,25933,25933,2,8,1,0,0,28,23,14,19,8,3,FALSE,0,FALSE
749.81995,5.349,5.311,4.561,4.371,11.714,20,18,1,2370253.8,75,73,75,75,102,102,98,97,20.158,20.154,22.092,22.077,4060.391,114862,29952,40283,25933,25933,2,8,1,0,0,28,23,14,19,8,3,FALSE,0,FALSE
750.31946,5.381,5.336,4.604,4.409,11.714,20,18,1,2396617.5,81,76,86,82,102,102,98,97,20.162,20.156,22.099,22.083,4084.258,114862,29952,40283,25933,25933,2,8,1,0,0,28,23,14,19,8,3,FALSE,0,FALSE
750.8199,5.413,5.36,4.661,4.453,11.714,20,18,1,2415417.5,83,77,95,86,102,102,98,98,20.168,20.16,22.111,22.092,4104.02,114862,29952,40283,25967,25967,2,8,1,0,0,28,23,14,19,8,3,FALSE,0,FALSE
751.3185,5.432,5.376,4.691,4.476,11.707,20,18,1,2422116.5,80,76,88,81,102,102,98,98,20.173,20.163,22.122,22.1,4122.75,114862,29952,40283,25967,25967,2,8,1,0,0,28,23,14,19,8,3,FALSE,0,FALSE
752.3196,5.477,5.411,4.759,4.52,11.693,20,18,1,2435679.5,80,77,88,79,102,102,98,98,20.182,20.167,22.139,22.11,4169.105,114862,29952,40283,25967,25967,2,8,1,0,0,28,23,14,19,8,3,FALSE,0,FALSE
752.8176,5.504,5.432,4.788,4.542,11.685,20,18,1,2442334.2,82,77,84,77,102,102,99,98,20.186,20.17,22.147,22.114,4189.871,114862,29952,40283,25967,25967,2,8,1,0,0,28,23,14,19,8,3,FALSE,0,FALSE
753.31714,5.524,5.45,4.802,4.555,11.673,20,18,1,2448494,79,76,78,74,102,102,99,98,20.19,20.172,22.151,22.117,4211.672,114862,29952,40283,25966,25966,2,8,1,0,0,28,23,14,19,8,3,FALSE,0,FALSE
753.81757,5.547,5.472,4.806,4.56,11.661,20,18,1,2451394.2,78,76,72,71,102,102,99,98,20.192,20.173,22.153,22.118,4235.922,114862,29952,40283,25966,25966,2,8,1,0,0,28,23,14,19,8,3,FALSE,0,FALSE
754.3176,5.555,5.48,4.806,4.56,11.648,20,18,1,2445440.8,73,73,70,69,102,102,99,98,20.192,20.173,22.152,22.117,4262.609,114862,29952,40283,25966,25966,2,8,1,0,0,28,23,14,19,8,3,FALSE,0,FALSE
754.81885,5.564,5.489,4.806,4.56,11.634,20,18,1,2438474.8,72,72,68,68,102,102,99,98,20.191,20.172,22.151,22.115,4291.512,114862,29952,40283,25966,25966,2,8,1,0,0,28,23,14,19,8,3,FALSE,0,FALSE
755.31665,5.575,5.499,4.806,4.56,11.622,20,18,1,2436181.2,73,72,69,69,102,102,99,98,20.19,20.171,22.148,22.113,4322.16,114862,29952,40283,25966,25966,2,8,1,0,0,28,23,14,19,8,3,FALSE,0,FALSE
755.81805,5.582,5.506,4.806,4.56,11.608,20,18,1,2427714.2,72,72,70,70,102,102,99,98,20.188,20.169,22.145,22.11,4354.367,114862,29952,40283,25966,25966,2,8,1,0,0,28,23,14,19,8,3,FALSE,0,FALSE
756.3185,5.589,5.513,4.806,4.56,11.594,20,18,1,2419074.2,72,72,70,70,102,102,98,98,20.186,20.166,22.142,22.108,4388.098,114862,29952,40283,25966,25966,2,8,1,0,0,28,23,14,19,8,3,FALSE,0,FALSE
756.8179,5.596,5.519,4.806,4.56,11.58,20,18,1,2410434.2,72,72,70,70,102,102,98,98,20.182,20.163,22.138,22.104,4423.18,114862,29952,40283,25966,25966,2,8,1,0,0,28,23,14,19,8,3,FALSE,0,FALSE
757.3176,5.602,5.525,4.806,4.56,11.567,20,18,1,2407285.5,72,72,70,70,102,102,98,98,20.179,20.16,22.134,22.1,4459.324,114862,29952,40283,25966,25966,2,8,1,0,0,28,23,14,19,8,3,FALSE,0,FALSE
757.81915,5.608,5.532,4.806,4.56,11.554,20,18,1,2398645.5,72,72,70,70,102,102,98,98,20.175,20.156,22.129,22.096,4496.48,114862,29952,40283,25966,25966,2,8,1,0,0,28,23,14,19,8,3,FALSE,0,FALSE
758.8193,5.62,5.544,4.806,4.56,11.526,20,18,1,2381365.5,72,72,70,70,102,102,98,98,20.167,20.148,22.119,22.086,4573.602,114862,29952,40283,0,25966,3,8,1,0,0,28,23,14,19,8,3,FALSE,0,FALSE
759.8158,5.63,5.555,4.806,4.56,11.499,20,18,1,2369443,73,73,71,71,102,102,98,97,20.158,20.139,22.107,22.074,4653.703,114862,29952,40283,50,25966,3,8,1,0,0,28,23,14,19,8,3,FALSE,0,FALSE
760.3184,5.636,5.561,4.806,4.56,11.486,20,18,1,2360803,73,73,71,71,102,101,98,97,20.153,20.135,22.101,22.068,4694.527,114862,29952,40283,50,25966,3,8,1,0,0,28,23,14,19,8,3,FALSE,0,FALSE
760.8184,5.641,5.566,4.806,4.56,11.472,20,18,1,2352163,73,73,71,71,102,101,98,97,20.148,20.13,22.094,22.062,4735.82,114862,29952,40283,67,25966,3,8,1,0,0,28,23,14,19,8,3,FALSE,0,FALSE
761.8139,5.658,5.584,4.82,4.573,11.448,20,18,1,2352860.5,74,75,76,75,101,101,97,97,20.137,20.12,22.082,22.05,4818.703,114862,29952,40283,83,25966,3,8,1,0,0,28,23,14,19,8,3,FALSE,0,FALSE
762.3164,5.679,5.605,4.847,4.597,11.447,20,18,1,2385165.2,73,73,74,74,101,101,98,97,20.137,20.12,22.086,22.054,4852.051,114862,29952,40283,83,25966,3,8,1,0,0,28,23,14,19,8,3,FALSE,0,FALSE
762.8185,5.691,5.615,4.854,4.605,11.446,20,18,1,2411625.2,72,71,72,71,101,101,98,97,20.139,20.121,22.091,22.059,4878.234,114862,29952,40283,100,25966,3,8,1,0,0,28,23,14,19,8,3,FALSE,0,FALSE
763.3186,5.701,5.624,4.862,4.613,11.446,20,18,1,2434252,72,71,73,72,102,101,98,97,20.141,20.123,22.096,22.064,4899.559,114862,29952,40283,100,25966,3,8,1,0,0,28,23,14,19,8,3,FALSE,0,FALSE
763.81616,5.714,5.633,4.881,4.628,11.446,20,18,1,2449441,75,71,78,74,102,101,98,97,20.144,20.125,22.103,22.069,4916.727,114862,29952,40283,216,26050,3,8,1,0,0,28,23,14,19,8,3,FALSE,0,FALSE
764.3155,5.726,5.641,4.894,4.639,11.443,20,18,1,2456126,75,71,78,73,102,101,98,97,20.147,20.127,22.11,22.075,4932.617,114862,29952,40283,216,26050,3,8,1,0,0,28,23,14,19,8,3,FALSE,0,FALSE
764.81616,5.743,5.657,4.916,4.654,11.438,20,18,1,2462637.2,80,76,82,77,102,101,98,97,20.151,20.129,22.117,22.078,4957.289,114862,29952,40283,216,26050,3,8,1,0,0,28,23,14,19,8,3,FALSE,0,FALSE
765.31757,5.758,5.67,4.929,4.665,11.431,20,18,1,2468935,78,75,79,74,102,101,98,97,20.156,20.132,22.124,22.083,4974.078,114862,29952,40283,350,26050,3,8,1,0,0,28,23,14,19,8,3,FALSE,0,FALSE
765.8155,5.774,5.684,4.939,4.673,11.421,20,18,1,2474095.5,77,75,76,72,102,101,98,98,20.16,20.135,22.129,22.087,4993.117,114862,29952,40283,350,26050,3,8,1,0,0,28,23,14,19,8,3,FALSE,0,FALSE
766.31384,5.791,5.699,4.95,4.684,11.411,20,18,1,2480391.2,77,75,75,72,102,101,98,98,20.163,20.137,22.132,22.089,5013.562,114862,29952,40283,350,26100,3,8,1,0,0,28,23,14,19,8,3,FALSE,0,FALSE
766.8135,5.811,5.716,4.963,4.696,11.4,20,18,1,2485215.5,78,75,75,72,102,102,98,98,20.167,20.14,22.136,22.092,5035.129,114862,29952,40283,317,26100,3,8,1,0,0,28,23,14,19,8,3,FALSE,0,FALSE
767.3123,5.828,5.732,4.966,4.699,11.387,20,18,1,2478925,75,74,72,69,102,102,98,98,20.169,20.142,22.137,22.093,5059.516,114862,29952,40283,317,26100,3,8,1,0,0,28,23,14,19,8,3,FALSE,0,FALSE
767.81635,5.843,5.747,4.966,4.699,11.373,20,18,1,2435792,74,73,69,69,102,102,98,98,20.171,20.143,22.137,22.093,5087.203,114862,29952,40283,350,26100,3,8,1,0,0,28,23,14,19,8,3,FALSE,0,FALSE
768.3153,5.853,5.757,4.966,4.699,11.361,20,18,1,2399560.8,73,72,69,70,102,102,98,98,20.171,20.142,22.136,22.092,5117.48,114862,29952,40283,400,26100,3,8,1,0,0,28,23,14,19,8,3,FALSE,0,FALSE
768.81616,5.86,5.765,4.966,4.699,11.347,20,18,1,2391135.5,72,72,69,70,102,102,98,98,20.17,20.141,22.134,22.091,5149.539,114862,29952,40283,400,26150,3,8,1,0,0,28,23,14,19,8,3,FALSE,0,FALSE
769.3168,5.867,5.772,4.966,4.699,11.333,20,18,1,2382495.5,72,72,70,70,102,102,98,98,20.168,20.14,22.132,22.089,5183.262,114862,29952,40283,400,26150,3,8,1,0,0,28,23,14,19,8,3,FALSE,0,FALSE
769.8126,5.873,5.778,4.966,4.699,11.319,20,18,1,2373855.5,72,72,70,70,102,101,98,98,20.167,20.138,22.129,22.087,5218.488,114862,29952,40283,400,26150,3,8,1,0,0,28,23,14,19,8,3,FALSE,0,FALSE
770.31647,5.879,5.784,4.966,4.699,11.306,20,18,1,2370724,72,72,70,70,102,101,98,98,20.164,20.136,22.126,22.084,5254.871,114862,29952,40283,416,26150,3,8,1,0,0,28,23,14,19,8,3,FALSE,0,FALSE
770.8117,5.887,5.792,4.966,4.699,11.293,20,18,1,2318006.5,72,72,70,70,102,101,98,97,20.162,20.134,22.123,22.08,5292.488,114862,29952,40283,400,26150,3,8,1,0,0,28,23,14,19,8,3,FALSE,0,FALSE
771.3109,5.895,5.8,4.966,4.699,11.279,20,18,1,2262312,71,71,70,70,102,101,98,97,20.159,20.131,22.119,22.076,5330.152,114862,29952,40283,383,26116,3,8,1,0,0,28,23,14,19,8,3,FALSE,0,FALSE
771.8151,5.902,5.807,4.966,4.699,11.266,20,18,1,2208261.8,71,71,70,70,102,101,98,97,20.155,20.127,22.114,22.072,5371.707,114862,29952,40283,383,26116,3,8,1,0,0,28,23,14,19,8,3,FALSE,0,FALSE
772.8127,5.914,5.819,4.966,4.699,11.238,20,18,2,2173024.2,71,71,71,70,102,101,98,97,20.146,20.119,22.103,22.062,46.227,93501,0,0,350,26116,3,9,1,0,0,28,23,14,19,8,3,FALSE,0,FALSE
773.31604,5.92,5.824,4.966,4.699,11.224,20,18,2,2164384.2,71,71,71,71,102,101,98,97,20.14,20.114,22.097,22.056,89.07,93501,0,0,300,22233,3,9,1,0,0,28,23,14,19,8,3,FALSE,0,FALSE
773.81305,5.925,5.83,4.966,4.699,11.211,20,18,2,2155744.2,71,71,70,70,101,101,98,97,20.135,20.108,22.091,22.05,132.57,93501,0,0,0,22233,4,9,1,0,0,28,23,14,19,8,3,FALSE,0,FALSE
774.31494,5.931,5.835,4.966,4.699,11.197,20,18,2,2147104.2,71,70,70,70,101,101,98,97,20.129,20.103,22.084,22.043,176.691,93501,0,0,0,22233,4,9,1,0,0,28,23,14,19,8,3,FALSE,0,FALSE
774.81384,5.937,5.84,4.966,4.7,11.183,20,18,2,2138464.2,71,71,71,70,101,101,97,97,20.123,20.097,22.077,22.036,221.328,93501,0,0,16,13100,4,9,1,0,0,28,23,14,19,8,3,FALSE,0,FALSE
775.31213,5.943,5.846,4.967,4.701,11.169,20,18,2,2129905,71,71,71,71,101,101,97,97,20.116,20.09,22.07,22.029,266.422,93501,0,0,16,13100,4,9,1,0,0,28,23,14,19,8,3,FALSE,0,FALSE
775.816,5.949,5.855,4.97,4.703,11.156,20,18,2,2121583.8,71,71,71,71,101,100,97,96,20.11,20.084,22.062,22.022,311.883,93501,0,0,16,9383,4,9,1,0,0,28,23,14,19,8,3,FALSE,0,FALSE
776.316,5.955,5.86,4.97,4.703,11.142,20,18,2,2113423.5,72,71,71,71,101,100,97,96,20.103,20.077,22.054,22.015,357.574,93501,0,0,16,9383,4,9,1,0,0,28,23,14,19,8,3,FALSE,0,FALSE
776.81714,5.96,5.865,4.97,4.703,11.128,20,18,2,2105334,71,71,71,71,101,100,97,96,20.096,20.071,22.047,22.007,403.371,93501,0,0,33,7533,4,9,1,0,0,28,23,14,19,8,3,FALSE,0,FALSE
777.3129,5.966,5.87,4.97,4.703,11.114,20,18,2,2097303.8,72,72,72,71,101,100,97,96,20.089,20.064,22.038,21.999,449.258,93501,0,0,17,4034,3,9,1,0,0,28,23,14,19,8,3,FALSE,0,FALSE
777.8137,5.971,5.875,4.97,4.703,11.1,20,18,2,2089353,72,71,71,71,100,100,97,96,20.081,20.056,22.03,21.991,495.258,93501,0,0,17,4034,3,9,1,0,0,28,23,14,19,8,3,FALSE,0,FALSE
778.3126,5.976,5.881,4.971,4.703,11.087,20,18,2,2081474.9,71,72,71,71,100,100,96,96,20.073,20.049,22.021,21.983,541.359,93501,0,0,17,4034,3,9,1,0,0,28,23,14,19,8,3,FALSE,0,FALSE
778.81726,5.981,5.886,4.971,4.703,11.073,20,18,2,2073643.5,71,71,71,71,100,100,96,96,20.065,20.041,22.013,21.974,587.512,93501,0,0,0,2766,3,9,1,0,0,28,23,14,19,8,3,FALSE,0,FALSE
779.3146,6,5.904,4.997,4.73,11.068,20,18,2,2103482,74,74,76,76,100,100,96,96,20.061,20.037,22.011,21.972,630.051,93501,0,0,0,2766,3,9,1,0,0,28,23,14,19,8,3,FALSE,0,FALSE
779.81396,6.021,5.925,5.02,4.754,11.067,20,18,2,2134836.2,74,74,75,75,100,100,96,96,20.063,20.039,22.017,21.979,663.098,93501,0,0,0,2766,3,9,1,0,0,28,23,14,19,8,3,FALSE,0,FALSE
780.31433,6.035,5.936,5.028,4.762,11.066,20,18,2,2160196.8,72,72,72,72,100,100,96,96,20.066,20.042,22.024,21.986,688.473,93501,0,0,0,2766,3,9,1,0,0,28,23,14,19,8,3,FALSE,0,FALSE
780.8162,6.046,5.948,5.034,4.769,11.066,20,18,2,2180484.2,73,73,72,72,100,100,97,96,20.069,20.046,22.03,21.992,707.883,93501,0,0,17,2384,3,9,1,0,0,28,23,14,19,8,3,FALSE,0,FALSE
781.31744,6.059,5.96,5.046,4.78,11.066,20,18,2,2195663.5,75,73,76,73,100,100,97,96,20.074,20.05,22.037,21.999,722.031,93501,0,0,17,2384,3,9,1,0,0,28,23,14,19,8,3,FALSE,0,FALSE
781.81555,6.067,5.966,5.059,4.789,11.066,20,18,2,2207997.8,74,72,78,74,100,100,97,96,20.079,20.055,22.045,22.006,732.75,93501,0,0,17,2384,3,9,1,0,0,28,23,14,19,8,3,FALSE,0,FALSE
782.31464,6.073,5.971,5.078,4.802,11.065,20,18,2,2215717,74,71,83,76,100,100,97,96,20.084,20.058,22.055,22.013,745.414,93501,0,0,17,2384,3,9,1,0,0,28,23,14,19,8,3,FALSE,0,FALSE
783.31573,6.088,5.986,5.094,4.813,11.058,20,18,2,2225357,75,73,79,73,101,100,97,97,20.093,20.066,22.074,22.027,768.371,93501,0,0,50,2167,3,9,1,0,0,28,23,14,19,8,3,FALSE,0,FALSE
783.8151,6.098,5.998,5.096,4.815,11.051,20,18,2,2228726.2,76,75,74,70,101,100,97,97,20.097,20.07,22.08,22.031,780.176,93501,0,0,50,2167,3,9,1,0,0,28,23,14,19,8,3,FALSE,0,FALSE
784.3173,6.108,6.011,5.096,4.815,11.042,20,18,2,2231978,75,76,70,69,101,100,98,97,20.102,20.075,22.085,22.035,794.426,93501,0,0,50,2167,3,9,1,0,0,28,23,14,19,8,3,FALSE,0,FALSE
784.81464,6.12,6.025,5.098,4.818,11.033,20,18,2,2237229,75,76,69,70,101,100,98,97,20.106,20.079,22.087,22.038,811.461,93501,0,0,50,2167,2,9,1,0,0,28,23,14,19,8,3,FALSE,0,FALSE
785.31714,6.136,6.042,5.108,4.83,11.022,20,18,2,2239487.2,76,77,71,74,101,100,98,97,20.11,20.084,22.09,22.042,830.418,93501,0,0,50,2167,2,9,1,0,0,28,23,14,19,8,3,FALSE,0,FALSE
785.8136,6.153,6.062,5.121,4.845,11.012,20,18,2,2245754.5,77,79,74,77,101,101,98,97,20.114,20.089,22.093,22.047,858.148,93501,0,0,1750,1750,2,9,1,0,0,28,23,14,19,8,3,FALSE,0,FALSE
786.315,6.181,6.094,5.137,4.861,11,20,18,2,2250277,79,83,74,76,101,101,98,97,20.118,20.095,22.096,22.051,879.754,93501,0,0,1750,1750,2,9,1,0,0,28,23,14,19,8,3,FALSE,0,FALSE
786.817,6.24,6.162,5.153,4.877,10.987,20,18,2,2249291.2,90,95,74,76,101,101,98,97,20.125,20.105,22.099,22.055,903.953,93501,0,0,1667,1667,2,9,1,0,0,28,23,14,19,8,3,FALSE,0,FALSE
787.3127,6.266,6.19,5.155,4.879,10.974,20,18,2,2249161.5,78,77,70,71,101,101,98,97,20.132,20.113,22.1,22.057,930.449,93501,0,0,1667,1667,2,9,1,0,0,28,23,14,19,8,3,FALSE,0,FALSE
787.81744,6.282,6.207,5.158,4.882,10.961,20,18,2,2243021,77,75,71,70,101,101,98,97,20.134,20.115,22.1,22.057,960.426,93501,0,0,1600,1600,2,9,1,0,0,28,23,14,19,8,3,FALSE,0,FALSE
788.31775,6.301,6.223,5.167,4.892,10.948,20,18,2,2240914.2,75,73,73,71,101,101,98,97,20.136,20.116,22.101,22.057,990.984,93501,0,0,1600,1600,2,9,1,0,0,28,23,14,19,8,3,FALSE,0,FALSE
788.8157,6.317,6.235,5.174,4.899,10.934,20,18,2,2232789.8,74,72,72,70,101,101,98,97,20.137,20.116,22.1,22.056,1022.047,93501,0,0,1600,1600,2,9,1,0,0,28,23,14,19,8,3,FALSE,0,FALSE
789.31744,6.327,6.244,5.176,4.902,10.92,20,18,2,2224169.5,72,71,70,70,101,101,98,97,20.136,20.115,22.099,22.054,1054.93,93501,0,0,1600,1600,2,9,1,0,0,28,23,14,19,8,3,FALSE,0,FALSE
789.81586,6.335,6.25,5.176,4.902,10.908,20,18,2,2220837,71,70,70,70,101,101,98,97,20.135,20.113,22.096,22.052,1089.387,93501,0,0,1600,1600,2,9,1,0,0,28,23,14,19,8,3,FALSE,0,FALSE
790.31714,6.341,6.257,5.176,4.902,10.894,20,18,2,2212197,71,71,70,70,101,101,98,97,20.132,20.111,22.093,22.049,1125.031,93501,0,0,1600,1600,2,9,1,0,0,28,23,14,19,8,3,FALSE,0,FALSE
790.8157,6.347,6.263,5.176,4.902,10.88,20,18,2,2203557,71,71,70,70,101,101,98,97,20.129,20.108,22.089,22.046,1161.871,93501,0,0,1600,1600,2,9,1,0,0,28,23,14,19,8,3,FALSE,0,FALSE
791.31573,6.354,6.269,5.176,4.902,10.866,20,18,2,2194917,71,71,71,70,101,101,98,97,20.126,20.105,22.086,22.042,1199.828,93501,0,0,1600,1600,2,9,1,0,0,28,23,14,19,8,3,FALSE,0,FALSE
791.8183,6.36,6.275,5.176,4.902,10.853,20,18,2,2186277,71,71,71,70,101,101,97,97,20.123,20.102,22.081,22.038,1238.785,93501,0,0,1634,1634,2,9,1,0,0,28,23,14,19,8,3,FALSE,0,FALSE
792.31793,6.365,6.281,5.176,4.902,10.839,20,18,2,2177637,71,71,71,71,101,101,97,97,20.119,20.098,22.076,22.033,1278.633,93501,0,0,1633,1633,2,9,1,0,0,28,23,14,19,8,3,FALSE,0,FALSE
793.3138,6.376,6.293,5.176,4.902,10.812,20,18,2,2165864,71,71,71,71,101,101,97,96,20.11,20.09,22.065,22.023,1360.453,93501,0,0,1650,1650,2,9,1,0,0,28,23,14,19,8,3,FALSE,0,FALSE
793.8173,6.382,6.3,5.177,4.903,10.799,20,18,2,2157224,71,71,71,71,101,100,97,96,20.105,20.085,22.059,22.017,1402.223,93501,0,0,1650,1650,2,9,1,0,0,28,23,14,19,8,3,FALSE,0,FALSE
794.3162,6.398,6.315,5.202,4.924,10.791,20,18,2,2178550.2,74,74,77,76,101,100,97,96,20.102,20.083,22.057,22.015,1441.855,93501,0,0,1616,1616,2,9,1,0,0,28,23,14,19,8,3,FALSE,0,FALSE
794.8142,6.418,6.336,5.259,4.945,10.79,20,18,2,2209168.2,74,74,82,74,101,100,97,96,20.104,20.085,22.065,22.021,1472.938,93501,0,0,1616,1616,2,9,1,0,0,28,23,14,19,8,3,FALSE,0,FALSE
795.3175,6.444,6.356,5.287,4.973,10.79,20,18,2,2235167.8,79,74,82,79,101,101,97,97,20.108,20.088,22.074,22.028,1497.512,93501,0,0,1616,1616,2,9,1,0,0,28,23,14,19,8,3,FALSE,0,FALSE
795.8177,6.477,6.381,5.337,5.013,10.79,20,18,2,2256673.8,84,78,93,86,101,101,98,97,20.116,20.093,22.085,22.037,1516.59,93501,0,0,1650,1650,2,9,1,0,0,28,23,14,19,8,3,FALSE,0,FALSE
796.31726,6.498,6.396,5.381,5.052,10.789,20,18,2,2270902.5,83,76,95,89,101,101,98,97,20.124,20.098,22.098,22.049,1537.172,93501,0,0,1650,1650,2,9,1,0,0,28,23,14,19,8,3,FALSE,0,FALSE
796.8127,6.513,6.407,5.414,5.076,10.784,20,18,2,2277069,79,74,92,84,101,101,98,97,20.131,20.102,22.112,22.059,1560.406,93501,0,0,1650,1650,2,9,1,0,0,28,23,14,19,8,3,FALSE,0,FALSE
797.3143,6.531,6.422,5.44,5.095,10.778,20,18,2,2283290.2,80,76,88,80,101,101,98,97,20.136,20.106,22.123,22.068,1577.262,93501,0,0,1550,1550,2,9,1,0,0,28,23,14,19,8,3,FALSE,0,FALSE
797.81744,6.553,6.44,5.462,5.111,10.771,20,18,2,2289575.5,82,77,85,78,102,101,98,97,20.142,20.11,22.132,22.074,1594.074,93501,0,0,1550,1550,2,9,1,0,0,28,23,14,19,8,3,FALSE,0,FALSE
798.31573,6.579,6.461,5.473,5.121,10.762,20,18,2,2295784,81,77,78,74,102,101,98,97,20.149,20.115,22.139,22.079,1611.137,93501,0,0,1583,1583,2,9,1,0,0,28,23,14,19,8,3,FALSE,0,FALSE
798.816,6.594,6.476,5.478,5.126,10.751,20,18,2,2293607.2,78,76,74,71,102,101,98,97,20.154,20.118,22.143,22.082,1631.727,93501,0,0,1583,1583,2,9,1,0,0,28,23,14,19,8,3,FALSE,0,FALSE
799.3128,6.619,6.5,5.481,5.129,10.737,20,18,2,2290282.5,82,80,71,70,102,101,99,97,20.157,20.122,22.145,22.083,1654.801,93501,0,0,1566,1566,2,9,1,0,0,28,23,14,19,8,3,FALSE,0,FALSE
800.3149,6.654,6.537,5.487,5.135,10.711,20,18,2,2284526.5,73,75,70,71,102,101,99,98,20.163,20.127,22.144,22.084,1707.883,93501,0,0,1550,1550,2,9,1,0,0,28,23,14,19,8,3,FALSE,0,FALSE
800.81683,6.663,6.548,5.49,5.137,10.698,20,18,2,2277250.5,72,73,70,71,102,101,99,98,20.163,20.128,22.143,22.084,1737.465,93501,0,0,1550,1550,2,9,1,0,0,28,23,14,19,8,3,FALSE,0,FALSE
801.31335,6.671,6.558,5.492,5.139,10.685,20,18,2,2274654.2,72,73,70,71,102,101,98,97,20.162,20.128,22.142,22.083,1768.848,93501,0,0,1550,1550,2,9,1,0,0,28,23,14,19,8,3,FALSE,0,FALSE
801.8143,6.684,6.575,5.503,5.149,10.671,20,18,2,2266040.2,73,75,72,73,102,101,98,97,20.161,20.128,22.14,22.082,1802.277,93501,0,0,1566,1566,2,9,1,0,0,28,23,14,19,8,3,FALSE,0,FALSE
802.31384,6.702,6.598,5.518,5.163,10.657,20,18,2,2260426,73,77,73,73,102,101,98,97,20.16,20.129,22.138,22.082,1837.738,93501,29581,0,1566,1566,2,9,1,0,0,28,23,14,19,8,3,FALSE,0,FALSE
802.8147,6.728,6.618,5.562,5.203,10.656,20,18,2,2290901.5,79,76,86,81,102,101,98,98,20.161,20.129,22.141,22.084,1869.012,93501,29581,0,1584,1584,2,9,1,0,0,28,23,14,19,8,3,FALSE,0,FALSE
803.3161,6.773,6.653,5.652,5.276,10.655,20,18,2,2310076.8,83,78,99,90,102,101,99,98,20.167,20.133,22.151,22.091,1897.25,93501,29581,0,1584,1584,2,9,1,0,0,28,23,14,19,8,3,FALSE,0,FALSE
803.81335,6.812,6.683,5.735,5.344,10.648,20,18,2,2316158,85,80,101,93,102,101,99,98,20.172,20.136,22.162,22.099,1926.109,93501,29581,0,1584,1584,2,9,1,0,0,28,23,14,19,8,3,FALSE,0,FALSE
804.31494,6.857,6.717,5.785,5.384,10.639,20,18,2,2321595.2,86,80,89,82,102,102,99,98,20.178,20.139,22.171,22.106,1953.359,93501,29581,0,1584,1584,2,9,1,0,0,28,23,14,19,8,3,FALSE,0,FALSE
804.81433,6.879,6.736,5.793,5.392,10.626,20,18,2,2317359,76,74,73,72,102,102,99,98,20.182,20.141,22.174,22.108,1980.254,93501,29581,0,1567,1567,2,9,1,0,0,28,23,14,19,8,3,FALSE,0,FALSE
805.31433,6.897,6.758,5.815,5.418,10.614,20,18,2,2317438.8,75,77,76,80,102,102,99,98,20.181,20.141,22.173,22.108,2009.902,93501,29581,0,1600,1600,2,9,1,0,0,28,23,14,19,8,3,FALSE,0,FALSE
805.81604,6.934,6.802,5.877,5.499,10.604,20,18,2,2322692.5,80,83,86,95,102,102,99,98,20.183,20.144,22.175,22.113,2041.152,93501,29581,0,1600,1600,2,9,1,0,0,28,23,14,19,8,3,FALSE,0,FALSE
806.3117,6.98,6.857,5.941,5.579,10.591,20,18,2,2325026.8,83,87,85,93,102,102,99,98,20.185,20.149,22.179,22.121,2070.852,93501,29581,0,1666,1666,2,9,1,0,0,28,23,14,19,8,3,FALSE,0,FALSE
806.8136,7.02,6.905,5.966,5.608,10.578,20,18,2,2323084.8,77,80,75,78,102,102,99,98,20.187,20.153,22.18,22.124,2100.93,93501,29581,0,1666,1666,2,9,1,0,0,28,23,14,19,8,3,FALSE,0,FALSE
807.3148,7.032,6.92,5.973,5.613,10.565,20,18,2,2314690.2,72,75,72,72,102,102,99,98,20.186,20.153,22.176,22.121,2132.91,93501,29581,0,1666,1666,2,9,1,0,0,28,23,14,19,8,3,FALSE,0,FALSE
807.81555,7.042,6.934,5.979,5.618,10.551,20,18,2,2306050.2,73,75,72,72,102,102,99,98,20.183,20.151,22.173,22.118,2166.281,93501,29581,0,1666,1666,2,9,1,0,0,28,23,14,19,8,3,FALSE,0,FALSE
808.31226,7.058,6.951,6,5.639,10.544,20,18,2,2324345,75,75,77,77,102,102,99,98,20.181,20.151,22.172,22.117,2198.207,93501,29581,0,1666,1666,2,9,1,0,0,28,23,14,19,8,3,FALSE,0,FALSE
808.8153,7.071,6.962,6.011,5.652,10.543,20,18,2,2351205,73,73,75,74,102,102,99,98,20.182,20.152,22.176,22.122,2222.863,93501,29581,0,1766,1766,2,9,1,0,0,28,23,14,19,8,3,FALSE,0,FALSE
809.31476,7.088,6.974,6.031,5.671,10.543,20,18,2,2373741.8,78,72,79,78,102,102,99,98,20.185,20.154,22.181,22.127,2242.621,93501,29581,0,1766,1766,2,9,1,0,0,28,23,14,19,8,3,FALSE,0,FALSE
809.81366,7.109,6.989,6.061,5.694,10.543,20,18,2,2391343.8,80,75,86,80,102,102,99,98,20.19,20.156,22.189,22.134,2258,93501,29581,0,1766,1766,2,9,1,0,0,28,23,14,19,8,3,FALSE,0,FALSE
810.3165,7.122,7,6.095,5.717,10.543,20,18,2,2405883.2,78,74,93,83,103,102,99,98,20.195,20.159,22.2,22.141,2272.07,93501,29581,0,1766,1766,2,9,1,0,0,28,23,14,19,8,3,FALSE,0,FALSE
810.8166,7.13,7.006,6.128,5.741,10.542,20,18,2,2414582.2,77,73,97,86,103,102,100,99,20.199,20.162,22.212,22.149,2288.84,93501,29581,0,1583,1583,2,9,1,0,0,28,23,14,19,8,3,FALSE,0,FALSE
811.3165,7.143,7.016,6.146,5.756,10.538,20,18,2,2420205.8,79,74,92,83,103,102,100,99,20.203,20.164,22.225,22.158,2301.367,93501,29581,0,1583,1583,2,9,1,0,0,28,23,14,19,8,3,FALSE,0,FALSE
811.8143,7.153,7.024,6.153,5.762,10.534,20,18,2,2426236.8,78,73,84,78,103,102,100,99,20.208,20.166,22.233,22.164,2313.242,93501,29581,0,1583,1583,2,9,1,0,0,28,23,14,19,8,3,FALSE,0,FALSE
812.3163,7.167,7.039,6.157,5.766,10.526,20,18,2,2432048.5,79,77,77,73,103,102,100,99,20.211,20.169,22.239,22.168,2326.203,93501,29581,0,1583,1583,2,9,1,0,0,28,23,14,19,8,3,FALSE,0,FALSE
812.81506,7.182,7.056,6.159,5.767,10.516,20,18,2,2437457.2,79,78,73,70,103,102,100,99,20.215,20.173,22.242,22.17,2341.52,93501,29581,0,1583,1583,2,9,1,0,0,28,23,14,19,8,3,FALSE,0,FALSE
813.3153,7.193,7.067,6.159,5.768,10.504,20,18,2,2444747.2,76,76,71,68,103,102,100,99,20.218,20.175,22.243,22.171,2360.012,93501,29581,0,1650,1650,2,9,1,0,0,28,23,14,19,8,3,FALSE,0,FALSE
813.8148,7.212,7.086,6.159,5.769,10.492,20,18,2,2447918,77,77,69,69,103,102,100,99,20.22,20.178,22.242,22.17,2381.285,93501,29581,0,1650,1650,2,9,1,0,0,28,23,14,19,8,3,FALSE,0,FALSE
814.3144,7.225,7.102,6.159,5.769,10.478,20,18,2,2429894.2,76,75,69,69,103,102,100,99,20.222,20.18,22.241,22.17,2405.27,93501,29581,0,1634,1634,2,9,1,0,0,28,23,14,19,8,3,FALSE,0,FALSE
814.8125,7.239,7.116,6.159,5.769,10.465,20,18,2,2396035.2,74,74,69,69,103,102,100,99,20.223,20.181,22.24,22.169,2431.836,93501,29581,0,1634,1634,2,9,1,0,0,28,23,14,19,8,3,FALSE,0,FALSE
815.8155,7.259,7.137,6.159,5.769,10.438,20,18,2,2333504.8,72,72,70,69,103,102,100,99,20.222,20.179,22.235,22.165,2491.781,93501,29581,0,1616,1616,2,9,1,0,0,28,23,14,19,8,3,FALSE,0,FALSE
816.3129,7.267,7.145,6.16,5.77,10.425,20,18,2,2324921.8,71,72,70,70,103,102,100,99,20.22,20.178,22.232,22.162,2524.34,93501,29581,0,1616,1616,2,9,1,0,0,28,23,14,19,8,3,FALSE,0,FALSE
816.8115,7.274,7.155,6.162,5.772,10.411,20,18,2,2316281.8,72,73,70,71,103,102,100,99,20.217,20.176,22.229,22.16,2558.438,93501,29581,0,1616,1616,2,9,1,0,0,28,23,14,19,8,3,FALSE,0,FALSE
817.3158,7.297,7.183,6.188,5.798,10.398,20,18,2,2313060.5,76,79,75,78,103,102,100,99,20.215,20.175,22.226,22.158,2593.539,93501,29581,0,1616,1616,2,9,1,0,0,28,23,14,19,8,3,FALSE,0,FALSE
817.81464,7.318,7.211,6.213,5.822,10.384,20,18,2,2310867,74,76,76,78,103,102,100,99,20.214,20.176,22.223,22.157,2628.953,93501,29581,0,1616,1616,2,9,1,0,0,28,23,14,19,8,3,FALSE,0,FALSE
818.3128,7.343,7.241,6.249,5.854,10.383,20,18,2,2339350.2,76,78,78,80,103,102,100,99,20.215,20.178,22.226,22.161,2661.617,93501,29581,0,1616,1616,2,9,1,0,0,28,23,14,19,8,3,FALSE,0,FALSE
819.3135,7.366,7.27,6.274,5.879,10.381,20,18,2,2385742.5,72,74,74,76,103,102,100,99,20.219,20.185,22.235,22.172,2705.465,93501,29581,0,1616,1616,2,9,1,0,0,28,23,14,19,8,3,FALSE,0,FALSE
819.8151,7.374,7.282,6.286,5.892,10.381,20,18,2,2404022.5,72,75,75,78,103,102,100,99,20.22,20.188,22.239,22.178,2721.695,93501,29581,0,1717,1717,2,9,1,0,0,28,23,14,19,8,3,FALSE,0,FALSE
820.3124,7.384,7.294,6.302,5.913,10.381,20,18,2,2418962.2,73,77,78,83,103,102,100,99,20.222,20.192,22.244,22.185,2734.461,93501,29581,0,1717,1717,2,9,1,0,0,28,23,14,19,8,3,FALSE,0,FALSE
820.8148,7.391,7.302,6.319,5.944,10.381,20,18,2,2428340.8,73,75,81,93,103,103,100,99,20.224,20.196,22.25,22.195,2745.906,93501,29581,0,1717,1717,2,9,1,0,0,28,23,14,19,8,3,FALSE,0,FALSE
821.3125,7.401,7.313,6.331,5.96,10.377,20,18,2,2433477.2,75,77,80,89,103,103,100,100,20.227,20.2,22.257,22.206,2766.094,93501,29581,0,1717,1717,2,9,1,0,0,28,23,14,19,8,3,FALSE,0,FALSE
821.8132,7.422,7.338,6.338,5.968,10.372,20,18,2,2439360.2,81,86,77,84,103,103,100,100,20.231,20.206,22.262,22.216,2776.379,93501,29581,0,1684,1684,2,9,1,0,0,28,23,14,19,8,3,FALSE,0,FALSE
822.3122,7.447,7.366,6.341,5.971,10.365,20,18,2,2445731,84,88,73,77,103,103,101,100,20.238,20.216,22.265,22.221,2788.582,93501,29581,0,1684,1684,2,9,1,0,0,28,23,14,19,8,3,FALSE,0,FALSE
822.814,7.455,7.373,6.342,5.972,10.357,20,18,2,2450540.8,78,79,70,72,103,103,101,100,20.244,20.223,22.267,22.225,2803.066,93501,29581,0,1684,1684,2,9,1,0,0,28,23,14,19,8,3,FALSE,0,FALSE
823.31537,7.476,7.394,6.342,5.972,10.345,20,18,2,2453805,81,82,69,70,104,103,101,100,20.247,20.227,22.267,22.226,2820.113,93501,29581,0,1684,1684,2,9,1,0,0,28,23,14,19,8,3,FALSE,0,FALSE
823.812,7.502,7.42,6.342,5.972,10.333,20,18,2,2459467,80,80,68,69,104,103,101,100,20.253,20.233,22.267,22.226,2840.004,93501,29581,0,1750,1750,2,9,1,0,0,28,23,14,19,8,3,FALSE,0,FALSE
824.8127,7.526,7.443,6.342,5.972,10.307,20,18,2,2455363,73,74,69,69,104,103,101,100,20.256,20.237,22.264,22.224,2887.828,93501,29581,0,1766,1766,2,9,1,0,0,28,23,14,19,8,3,FALSE,0,FALSE
825.31476,7.535,7.452,6.342,5.972,10.294,20,18,2,2449031.5,73,73,69,69,104,103,101,100,20.256,20.237,22.262,22.223,2915.211,93501,29581,0,1766,1766,2,9,1,0,0,28,23,14,19,8,3,FALSE,0,FALSE
825.81476,7.543,7.461,6.342,5.972,10.28,20,18,2,2441719,73,72,70,70,104,103,100,100,20.255,20.236,22.26,22.221,2944.645,93501,29581,0,1766,1766,2,9,1,0,0,28,23,14,19,8,3,FALSE,0,FALSE
826.313,7.55,7.469,6.342,5.972,10.267,20,18,2,2439030,72,72,70,70,104,103,100,100,20.254,20.235,22.258,22.219,2975.973,93501,29581,0,1783,1783,2,9,1,0,0,28,23,14,19,8,3,FALSE,0,FALSE
826.8101,7.557,7.477,6.342,5.972,10.254,20,18,2,2430698.5,72,73,70,70,104,103,100,100,20.252,20.233,22.255,22.216,3007.766,93501,29581,0,1817,1817,2,9,1,0,0,28,23,14,19,8,3,FALSE,0,FALSE
827.30994,7.564,7.484,6.342,5.972,10.24,20,18,2,2422058.5,72,73,71,70,104,103,100,100,20.25,20.232,22.251,22.213,3042.094,93501,29581,0,1817,1817,2,9,1,0,0,28,23,14,19,8,3,FALSE,0,FALSE
827.8148,7.571,7.492,6.342,5.972,10.226,20,18,2,2413130.5,72,73,71,71,104,103,100,100,20.247,20.229,22.247,22.209,3078.895,93501,29581,0,1833,1833,2,9,1,0,0,28,23,14,19,8,3,FALSE,0,FALSE
828.3126,7.577,7.498,6.342,5.972,10.213,20,18,2,2410024.8,73,73,71,71,103,103,100,100,20.244,20.227,22.242,22.205,3115.469,93501,29581,0,1833,1833,2,9,1,0,0,28,23,14,19,8,3,FALSE,0,FALSE
828.81274,7.583,7.505,6.342,5.972,10.199,20,18,2,2401384.8,73,73,71,71,103,103,100,99,20.241,20.223,22.237,22.2,3153.016,93501,29581,0,1833,1833,2,9,1,0,0,28,23,14,19,8,3,FALSE,0,FALSE
829.3156,7.589,7.511,6.342,5.972,10.185,20,18,2,2392744.8,73,73,71,71,103,103,100,99,20.237,20.22,22.232,22.195,3191.453,93501,29581,0,1850,1850,2,9,1,0,0,28,23,14,19,8,3,FALSE,0,FALSE
829.81305,7.595,7.516,6.342,5.972,10.172,20,18,2,2384104.8,73,73,71,71,103,103,100,99,20.233,20.216,22.226,22.19,3230.676,93501,29581,0,1850,1850,2,9,1,0,0,28,23,14,19,8,3,FALSE,0,FALSE
830.3096,7.601,7.522,6.342,5.972,10.158,20,18,2,2375752.8,73,73,71,71,103,103,100,99,20.229,20.212,22.22,22.184,3269.234,93501,29581,0,1850,1850,2,9,1,0,0,28,23,14,19,8,3,FALSE,0,FALSE
830.8135,7.607,7.527,6.342,5.972,10.145,20,18,2,2372196.5,73,73,71,71,103,103,100,99,20.225,20.208,22.214,22.177,3310.938,93501,29581,0,1850,1850,2,9,1,0,0,28,23,14,19,8,3,FALSE,0,FALSE
831.31335,7.613,7.532,6.342,5.972,10.131,20,18,2,2363685,73,73,71,71,103,103,100,99,20.22,20.203,22.207,22.171,3351.727,93501,29581,0,1850,1850,2,9,1,0,0,28,23,14,19,8,3,FALSE,0,FALSE
831.8102,7.631,7.551,6.368,5.998,10.127,20,18,2,2393644.2,74,74,77,77,103,103,100,99,20.218,20.201,22.206,22.17,3387.312,93501,29581,0,1850,1850,3,9,1,0,0,28,23,14,19,8,3,FALSE,0,FALSE
832.3137,7.646,7.566,6.383,6.013,10.126,20,18,2,2422697.2,73,74,74,75,103,103,100,99,20.219,20.202,22.211,22.175,3416.621,93501,29581,0,65520,1850,3,9,1,0,0,28,23,14,19,8,3,FALSE,0,FALSE
832.81177,7.661,7.585,6.405,6.038,10.126,20,18,2,2446139.2,73,77,78,81,103,103,100,99,20.221,20.205,22.217,22.182,3438.738,93501,29581,0,65520,1917,3,9,1,0,0,28,23,14,19,8,3,FALSE,0,FALSE
833.316,7.678,7.608,6.433,6.076,10.125,20,18,2,2458964.2,76,80,81,88,103,103,100,99,20.223,20.21,22.223,22.191,3457.844,93501,29581,0,50,1917,3,9,1,0,0,28,23,14,19,8,3,FALSE,0,FALSE
834.3145,7.713,7.651,6.471,6.124,10.11,20,18,2,2472164.8,77,82,78,83,103,103,100,100,20.229,20.22,22.235,22.209,3501.797,93501,29581,0,50,2083,3,9,1,0,0,28,23,14,19,8,3,FALSE,0,FALSE
834.8117,7.729,7.669,6.481,6.135,10.099,20,18,2,2476965.2,76,79,74,77,103,103,100,100,20.232,20.225,22.239,22.215,3523.289,93501,29581,0,216,2083,3,9,1,0,0,28,23,14,19,8,3,FALSE,0,FALSE
835.3132,7.75,7.693,6.496,6.151,10.087,20,18,2,2482462.8,77,80,75,77,103,103,100,100,20.234,20.228,22.241,22.218,3546.211,93501,29581,0,216,2083,3,9,1,0,0,28,23,14,19,8,3,FALSE,0,FALSE
835.81604,7.773,7.722,6.515,6.172,10.075,20,18,2,2488612.8,77,81,76,79,103,103,100,100,20.236,20.233,22.243,22.222,3570.492,93501,29581,0,200,2184,3,9,1,0,0,28,23,14,19,8,3,FALSE,0,FALSE
836.3131,7.802,7.757,6.543,6.203,10.063,20,18,2,2498589.8,78,83,78,82,103,103,100,100,20.238,20.237,22.245,22.226,3595.938,93501,29581,0,200,2233,3,9,1,0,0,28,23,14,19,8,3,FALSE,0,FALSE
836.81604,7.834,7.796,6.573,6.236,10.051,20,18,2,2500785.2,79,84,78,81,103,103,100,100,20.24,20.241,22.248,22.23,3622.668,93501,29581,0,183,2233,3,9,1,0,0,28,23,14,19,8,3,FALSE,0,FALSE
837.81287,7.884,7.857,6.612,6.275,10.024,20,18,2,2491700.8,75,79,75,76,103,104,100,100,20.242,20.247,22.249,22.232,3681.883,93501,29581,0,217,2316,3,9,1,0,0,28,23,14,19,8,3,FALSE,0,FALSE
838.3139,7.896,7.871,6.617,6.28,10.01,20,18,2,2483245,73,73,72,71,103,104,100,100,20.24,20.247,22.247,22.231,3714.379,93501,29581,0,217,2316,3,9,1,0,0,28,23,14,19,8,3,FALSE,0,FALSE
838.8122,7.922,7.891,6.637,6.299,9.997,20,18,2,2474605,76,74,76,73,103,103,100,100,20.239,20.245,22.246,22.228,3747.902,93501,29581,0,250,2316,3,9,1,0,0,28,23,14,19,8,3,FALSE,0,FALSE
839.31067,7.953,7.916,6.666,6.327,9.983,20,18,2,2466253,79,76,79,76,103,103,100,100,20.239,20.244,22.245,22.226,3781.105,93501,29581,0,267,2333,3,9,1,0,0,28,23,14,19,8,3,FALSE,0,FALSE
839.80884,8.008,7.962,6.736,6.391,9.97,20,18,2,2457613,86,82,90,86,103,103,100,100,20.241,20.244,22.246,22.226,3817.238,93501,29581,0,267,2333,3,9,1,0,0,28,23,14,19,8,3,FALSE,0,FALSE
840.3152,8.082,8.024,6.832,6.473,9.955,20,18,2,2448685,86,82,92,86,103,103,100,100,20.244,20.245,22.25,22.228,3855.414,93501,29581,0,283,2350,3,9,1,0,0,28,23,14,19,8,3,FALSE,0,FALSE
840.8128,8.149,8.08,6.919,6.549,9.943,20,18,2,2445552.5,86,82,91,86,104,103,100,100,20.247,20.245,22.253,22.229,3892.457,93501,29581,0,283,2350,3,9,1,0,0,28,23,14,19,8,3,FALSE,0,FALSE
841.3127,8.211,8.132,7.001,6.62,9.929,20,18,2,2436912.5,85,80,90,84,104,103,100,100,20.249,20.245,22.255,22.229,3929.035,93501,29581,0,284,2350,3,9,1,0,0,28,23,14,19,8,3,FALSE,0,FALSE
841.81226,8.262,8.174,7.05,6.666,9.915,20,18,2,2428272.5,80,77,81,77,104,103,100,100,20.25,20.244,22.255,22.228,3964.848,93501,29581,0,284,2350,3,9,1,0,0,28,23,14,19,8,3,FALSE,0,FALSE
842.3115,8.282,8.188,7.061,6.677,9.901,20,18,2,2419632.5,74,72,72,71,104,103,100,100,20.247,20.24,22.251,22.222,4001.781,93501,29581,0,300,2350,3,9,1,0,0,28,23,14,19,8,3,FALSE,0,FALSE
842.8134,8.294,8.201,7.076,6.691,9.892,20,18,2,2433328.5,73,73,75,74,103,103,100,100,20.242,20.235,22.246,22.218,4038.234,93501,29581,40523,300,2350,3,9,1,0,0,28,23,14,19,8,3,FALSE,0,FALSE
843.31525,8.311,8.215,7.092,6.708,9.891,20,18,2,2463268.2,75,73,77,75,103,103,100,100,20.242,20.234,22.248,22.22,4067.441,93501,29581,40523,300,2350,3,9,1,0,0,28,23,14,19,8,3,FALSE,0,FALSE
843.8123,8.344,8.24,7.137,6.746,9.891,20,18,2,2489470.5,83,77,88,82,103,103,100,100,20.245,20.236,22.255,22.225,4091.09,93501,29581,40523,300,2350,3,9,1,0,0,28,23,14,19,8,3,FALSE,0,FALSE
844.3148,8.378,8.266,7.195,6.79,9.891,20,18,2,2510069.5,84,78,97,87,104,103,101,100,20.251,20.239,22.265,22.233,4111.062,93501,29581,40523,350,2350,3,9,1,0,0,28,23,14,19,8,3,FALSE,0,FALSE
844.81555,8.397,8.28,7.246,6.828,9.886,20,18,2,2517513.2,81,76,97,87,104,103,101,100,20.256,20.242,22.278,22.241,4129.652,93501,29581,40523,350,2433,3,9,1,0,0,28,23,14,19,8,3,FALSE,0,FALSE
845.316,8.422,8.301,7.283,6.853,9.879,20,18,2,2524140,82,78,93,83,104,103,101,100,20.26,20.244,22.289,22.248,4151.473,93501,29581,40523,400,2433,3,9,1,0,0,28,23,14,19,8,3,FALSE,0,FALSE
845.81067,8.446,8.322,7.303,6.869,9.87,20,18,2,2530254.2,82,79,84,78,104,104,101,100,20.265,20.247,22.297,22.253,4172.547,93501,29581,40523,400,2433,3,9,1,0,0,28,23,14,19,8,3,FALSE,0,FALSE
846.3148,8.469,8.343,7.319,6.883,9.858,20,18,2,2536148.8,81,78,80,75,104,104,101,100,20.268,20.25,22.301,22.255,4194.734,93501,29581,40523,400,2516,3,9,1,0,0,28,23,14,19,8,3,FALSE,0,FALSE
846.81555,8.497,8.368,7.334,6.896,9.846,20,18,2,2539144.8,81,78,77,73,104,104,101,100,20.272,20.251,22.303,22.256,4217.957,93501,29581,40523,500,2516,3,9,1,0,0,28,23,14,19,8,3,FALSE,0,FALSE
847.3144,8.514,8.383,7.335,6.898,9.833,20,18,2,2525194.8,76,74,71,70,104,104,101,100,20.274,20.252,22.304,22.255,4243.977,93501,29581,40523,500,2500,3,9,1,0,0,28,23,14,19,8,3,FALSE,0,FALSE
847.8134,8.528,8.394,7.335,6.898,9.819,20,18,2,2480249.8,74,73,70,70,104,104,101,100,20.273,20.251,22.302,22.254,4272.375,93501,29581,40523,517,2500,3,9,1,0,0,28,23,14,19,8,3,FALSE,0,FALSE
848.31024,8.539,8.402,7.335,6.898,9.807,20,18,2,2436154.8,73,72,70,70,104,104,101,100,20.272,20.25,22.3,22.251,4301.816,93501,29581,40523,517,2500,3,9,1,0,0,28,23,14,19,8,3,FALSE,0,FALSE
848.81287,8.55,8.412,7.335,6.898,9.793,20,18,2,2377831,73,73,70,70,104,104,101,100,20.27,20.248,22.297,22.248,4335.191,93501,29581,40523,517,2467,3,9,1,0,0,28,23,14,19,8,3,FALSE,0,FALSE
849.30786,8.559,8.422,7.335,6.898,9.78,20,18,2,2322136.5,73,73,70,70,104,103,101,100,20.268,20.245,22.293,22.245,4368.32,93501,29581,40523,517,2450,3,9,1,0,0,28,23,14,19,8,3,FALSE,0,FALSE
849.8122,8.566,8.429,7.335,6.898,9.766,20,18,2,2297533.2,72,72,70,70,104,103,101,100,20.264,20.242,22.289,22.241,4405.348,93501,29581,40523,500,2450,3,9,1,0,0,28,23,14,19,8,3,FALSE,0,FALSE
850.3152,8.572,8.435,7.335,6.898,9.752,20,18,2,2288893.2,72,72,70,70,104,103,101,100,20.261,20.238,22.284,22.236,4442.312,93501,29581,40523,500,2433,3,9,1,0,0,28,23,14,19,8,3,FALSE,0,FALSE
850.8104,8.578,8.441,7.335,6.898,9.739,20,18,2,2280541.2,72,72,70,70,104,103,101,100,20.257,20.235,22.278,22.231,4479.062,93501,29581,40523,500,2417,3,9,1,0,0,28,23,14,19,8,3,FALSE,0,FALSE
851.3145,8.584,8.448,7.335,6.898,9.725,20,18,2,2271613.2,72,72,71,70,104,103,101,100,20.252,20.23,22.273,22.226,4519.359,93501,29581,40523,484,2400,3,9,1,0,0,28,23,14,19,8,3,FALSE,0,FALSE
851.8129,8.59,8.454,7.335,6.898,9.711,20,18,2,2262973.2,72,72,71,71,104,103,101,100,20.247,20.225,22.266,22.22,4559.242,93501,29581,40523,484,2400,3,9,1,0,0,28,23,14,19,8,3,FALSE,0,FALSE
852.315,8.595,8.459,7.335,6.898,9.698,20,18,2,2259769.8,73,72,71,71,103,103,100,100,20.242,20.22,22.26,22.213,4599.844,93501,29581,40523,467,2367,3,9,1,0,0,28,23,14,19,8,3,FALSE,0,FALSE
852.80896,8.601,8.465,7.335,6.898,9.685,20,18,2,2251417.8,73,73,71,71,103,103,100,100,20.237,20.216,22.253,22.207,4639.656,93501,29581,40523,450,2350,3,9,1,0,0,28,23,14,19,8,3,FALSE,0,FALSE
853.313,8.606,8.47,7.335,6.898,9.671,20,18,2,2242489.8,73,73,71,71,103,103,100,99,20.231,20.21,22.246,22.2,4682.84,93501,29581,40523,417,2350,3,9,1,0,0,28,23,14,19,8,3,FALSE,0,FALSE
853.8141,8.612,8.476,7.335,6.898,9.657,20,18,2,2233849.8,73,73,71,71,103,103,100,99,20.226,20.205,22.239,22.193,4725.168,93501,29581,40523,417,2317,3,9,1,0,0,28,23,14,19,8,3,FALSE,0,FALSE
854.30725,8.617,8.481,7.335,6.898,9.643,20,18,2,2225497.8,73,73,72,71,103,103,100,99,20.22,20.199,22.231,22.186,4766.531,93501,29581,40523,417,2317,3,9,1,0,0,28,23,14,19,8,3,FALSE,0,FALSE
854.81415,8.625,8.49,7.342,6.903,9.63,20,18,2,2223849.2,73,74,74,74,103,103,100,99,20.213,20.193,22.223,22.178,4811.027,93501,29581,40523,383,2283,3,9,1,0,0,28,23,14,19,8,3,FALSE,0,FALSE
855.3145,8.652,8.517,7.376,6.933,9.628,20,18,2,2258060.2,75,74,77,77,103,102,100,99,20.212,20.192,22.225,22.18,4847.797,93501,29581,40523,366,2283,3,9,1,0,0,28,23,14,19,8,3,FALSE,0,FALSE
855.81366,8.667,8.534,7.389,6.946,9.627,20,18,2,2285900,73,72,73,73,103,103,100,99,20.213,20.193,22.23,22.185,4876.047,93501,29581,40523,366,2283,3,9,1,0,0,28,23,14,19,8,3,FALSE,0,FALSE
856.31354,8.677,8.541,7.4,6.956,9.627,20,18,2,2310163.5,73,71,75,73,103,103,100,99,20.215,20.195,22.235,22.19,4898.848,93501,29581,40523,366,2333,3,9,1,0,0,28,23,14,19,8,3,FALSE,0,FALSE
856.8119,8.695,8.553,7.425,6.977,9.627,20,18,2,2325483.5,77,72,82,77,103,103,100,99,20.218,20.196,22.241,22.195,4917.945,93501,29581,40523,450,2333,3,9,1,0,0,28,23,14,19,8,3,FALSE,0,FALSE
857.8121,8.733,8.583,7.514,7.037,9.619,20,18,2,2341085,80,76,95,84,103,103,101,100,20.227,20.202,22.264,22.21,4960.199,93501,29581,40523,450,2384,3,9,1,0,0,28,23,14,19,8,3,FALSE,0,FALSE
858.31146,8.758,8.604,7.537,7.054,9.613,20,18,2,2347637.2,82,77,86,78,103,103,101,100,20.233,20.205,22.274,22.217,4977.625,93501,29581,40523,500,2384,3,9,1,0,0,28,23,14,19,8,3,FALSE,0,FALSE
858.811,8.777,8.621,7.548,7.063,9.603,20,18,2,2352856.8,80,77,79,74,103,103,101,100,20.237,20.208,22.28,22.22,4996.605,93501,29581,40523,500,2384,3,9,1,0,0,28,23,14,19,8,3,FALSE,0,FALSE
859.31146,8.798,8.641,7.555,7.07,9.59,20,18,2,2351972.2,79,77,74,71,103,103,101,100,20.241,20.211,22.283,22.222,5018.332,93501,29581,40523,450,2317,3,9,1,0,0,28,23,14,19,8,3,FALSE,0,FALSE
859.8126,8.822,8.665,7.562,7.077,9.577,20,18,2,2329879.8,79,77,73,71,103,103,101,100,20.244,20.214,22.284,22.223,5041.738,93501,29581,40523,450,2317,3,9,1,0,0,28,23,14,19,8,3,FALSE,0,FALSE
860.3154,8.842,8.683,7.566,7.082,9.564,20,18,2,2291365.2,76,75,72,70,103,103,101,100,20.246,20.215,22.285,22.223,5068.367,93501,29581,40523,483,2333,3,9,1,0,0,28,23,14,19,8,3,FALSE,0,FALSE
861.3139,8.865,8.705,7.567,7.083,9.537,20,18,2,2192231.5,73,73,70,70,103,103,101,100,20.246,20.215,22.282,22.221,5129.938,93501,29581,40523,484,2334,3,9,1,0,0,28,23,14,19,8,3,FALSE,0,FALSE
862.30963,8.882,8.725,7.568,7.083,9.51,20,18,2,2078922,73,73,71,71,103,103,101,100,20.243,20.212,22.276,22.217,5198.301,93501,29581,40523,467,2300,3,9,1,0,0,28,23,14,19,8,3,FALSE,0,FALSE
862.80884,8.889,8.732,7.568,7.083,9.497,20,18,2,2061298.4,72,72,71,71,103,103,101,100,20.24,20.21,22.273,22.214,5235.324,93501,29581,40523,450,2300,3,9,1,0,0,28,23,14,19,8,3,FALSE,0,FALSE
863.3114,8.895,8.738,7.568,7.083,9.483,20,18,2,2052654.6,72,72,71,70,103,103,101,100,20.237,20.207,22.269,22.21,5273.367,93501,29581,40523,417,2283,3,9,1,0,0,28,23,14,19,8,3,FALSE,0,FALSE
863.81036,8.901,8.744,7.568,7.083,9.469,20,18,2,2044010.9,72,72,71,71,103,103,101,100,20.234,20.204,22.264,22.205,5312.359,93501,29581,40523,417,2250,3,9,1,0,0,28,23,14,19,8,3,FALSE,0,FALSE
864.3088,8.907,8.749,7.568,7.083,9.456,20,18,2,2035367.1,71,71,71,71,103,103,100,99,20.23,20.2,22.259,22.201,5352.246,93501,29581,40523,400,2233,3,9,1,0,0,28,23,14,19,8,3,FALSE,0,FALSE
864.80865,8.913,8.755,7.568,7.083,9.442,20,18,2,2026723.4,71,71,71,71,103,103,100,99,20.225,20.195,22.253,22.195,5393.035,93501,29581,40523,367,2233,3,9,1,0,0,28,23,14,19,8,3,FALSE,0,FALSE
865.30896,8.919,8.76,7.568,7.083,9.429,20,18,3,2023626.8,71,71,71,71,103,102,100,99,20.22,20.19,22.247,22.19,25.695,92724,0,0,367,2183,3,10,1,0,0,28,23,14,19,8,3,FALSE,0,FALSE
865.8126,8.925,8.766,7.568,7.083,9.415,20,18,3,2014694.9,71,71,71,71,103,102,100,99,20.214,20.185,22.241,22.183,69.457,92724,0,0,334,2167,3,10,1,0,0,28,23,14,19,8,3,FALSE,0,FALSE
866.31024,8.93,8.771,7.568,7.083,9.401,20,18,3,2006339.2,71,71,71,71,103,102,100,99,20.208,20.179,22.234,22.177,111.043,92724,0,0,317,2150,3,10,1,0,0,28,23,14,19,8,3,FALSE,0,FALSE
866.8082,8.935,8.777,7.568,7.083,9.387,20,18,3,1997695.5,71,71,71,71,103,102,100,99,20.202,20.173,22.226,22.17,154.707,92724,0,0,283,2117,3,10,1,0,0,28,23,14,19,8,3,FALSE,0,FALSE
867.3123,8.941,8.782,7.568,7.083,9.373,20,18,3,1988763.6,71,71,71,71,103,102,100,99,20.195,20.167,22.219,22.162,200.441,92724,0,0,283,2117,3,10,1,0,0,28,23,14,19,8,3,FALSE,0,FALSE
867.8108,8.946,8.787,7.568,7.083,9.36,20,18,3,1980408.1,70,70,70,70,102,102,100,99,20.189,20.16,22.211,22.155,243.73,92724,0,0,234,2067,3,10,1,0,0,28,23,14,19,8,3,FALSE,0,FALSE
868.31104,8.951,8.793,7.569,7.084,9.346,20,18,3,1971913.9,71,71,71,71,102,102,99,99,20.182,20.153,22.202,22.147,288.945,92724,0,0,184,2017,3,10,1,0,0,28,23,14,19,8,3,FALSE,0,FALSE
868.80774,8.957,8.801,7.571,7.085,9.332,20,18,3,1963694,72,72,72,72,102,102,99,98,20.174,20.146,22.194,22.139,334.539,92724,0,0,134,1967,3,10,1,0,0,28,23,14,19,8,3,FALSE,0,FALSE
869.80664,8.97,8.811,7.572,7.088,9.305,20,18,3,1947593.8,72,71,72,71,102,101,99,98,20.16,20.132,22.177,22.122,426.223,92724,0,0,100,1867,3,10,1,0,0,28,23,14,19,8,3,FALSE,0,FALSE
870.80865,8.981,8.821,7.572,7.088,9.277,20,18,3,1931724.2,72,72,72,72,102,101,99,98,20.143,20.116,22.159,22.104,518.273,92724,0,0,1783,1783,2,10,1,0,0,28,23,14,19,8,3,FALSE,0,FALSE
871.30963,8.986,8.826,7.572,7.088,9.264,20,18,3,1923890.1,72,72,72,71,101,101,99,98,20.135,20.108,22.149,22.095,564.438,92724,0,0,1783,1783,2,10,1,0,0,28,23,14,19,8,3,FALSE,0,FALSE
871.81006,8.994,8.834,7.579,7.094,9.25,20,18,3,1924973.6,72,73,75,74,101,101,98,98,20.127,20.1,22.14,22.086,610.371,92724,0,0,1700,1700,2,10,1,0,0,28,23,14,19,8,3,FALSE,0,FALSE
872.3099,9.018,8.858,7.609,7.124,9.249,20,18,3,1961178.8,74,74,77,76,101,101,98,98,20.125,20.098,22.142,22.088,649.426,92724,0,0,1700,1700,2,10,1,0,0,28,23,14,19,8,3,FALSE,0,FALSE
872.8103,9.044,8.878,7.632,7.149,9.248,20,18,3,1990912.1,77,75,77,77,101,101,99,98,20.127,20.101,22.149,22.095,679.227,92724,0,0,1700,1700,2,10,1,0,0,28,23,14,19,8,3,FALSE,0,FALSE
873.31366,9.066,8.897,7.646,7.164,9.247,20,18,3,2015093.9,76,75,76,75,101,101,99,98,20.132,20.105,22.156,22.103,701.816,92724,0,0,1700,1700,2,10,1,0,0,28,23,14,19,8,3,FALSE,0,FALSE
873.81323,9.088,8.918,7.666,7.182,9.247,20,18,3,2032988.2,81,78,81,78,101,101,99,98,20.138,20.11,22.164,22.111,717.676,92724,0,0,1666,1666,2,10,1,0,0,28,23,14,19,8,3,FALSE,0,FALSE
874.3114,9.115,8.938,7.696,7.203,9.247,20,18,3,2044823.8,86,80,89,82,102,101,99,98,20.146,20.117,22.175,22.119,728.898,92724,0,0,1666,1666,2,10,1,0,0,28,23,14,19,8,3,FALSE,0,FALSE
874.812,9.125,8.948,7.734,7.223,9.245,20,18,3,2052746.9,80,78,98,83,102,101,99,98,20.155,20.124,22.189,22.129,747.133,92724,0,0,1666,1666,2,10,1,0,0,28,23,14,19,8,3,FALSE,0,FALSE
875.3105,9.136,8.956,7.752,7.236,9.242,20,18,3,2057809.9,80,76,93,82,102,101,100,98,20.161,20.129,22.203,22.138,762.164,92724,0,0,1666,1666,2,10,1,0,0,28,23,14,19,8,3,FALSE,0,FALSE
875.8109,9.151,8.969,7.761,7.243,9.238,20,18,3,2063399.5,81,77,86,78,102,101,100,99,20.168,20.134,22.215,22.146,772.527,92724,0,0,1534,1534,2,10,1,0,0,28,23,14,19,8,3,FALSE,0,FALSE
876.3132,9.161,8.98,7.763,7.245,9.231,20,18,3,2069011.4,78,76,78,73,102,101,100,99,20.174,20.139,22.223,22.152,785.312,92724,0,0,1534,1534,2,10,1,0,0,28,23,14,19,8,3,FALSE,0,FALSE
876.8131,9.179,9.002,7.764,7.246,9.221,20,18,3,2073140.4,80,80,72,70,102,102,100,99,20.18,20.144,22.227,22.155,800.152,92724,0,0,1534,1534,2,10,1,0,0,28,23,14,19,8,3,FALSE,0,FALSE
877.31134,9.192,9.015,7.769,7.253,9.213,20,18,3,2080698.1,77,78,71,73,102,102,100,99,20.184,20.149,22.23,22.158,816.957,92724,0,0,1534,1534,2,10,1,0,0,28,23,14,19,8,3,FALSE,0,FALSE
877.8088,9.207,9.032,7.78,7.266,9.203,20,18,3,2085669.1,76,79,73,76,102,102,100,99,20.188,20.153,22.232,22.162,837.113,92724,0,0,1534,1534,2,10,1,0,0,28,23,14,19,8,3,FALSE,0,FALSE
878.31226,9.226,9.054,7.794,7.282,9.193,20,18,3,2092256,77,80,75,77,102,102,100,99,20.191,20.159,22.235,22.167,863.984,92724,0,0,1484,1484,2,10,1,0,0,28,23,14,19,8,3,FALSE,0,FALSE
878.812,9.246,9.078,7.807,7.294,9.182,20,18,3,2098430,76,80,74,75,103,102,100,99,20.194,20.164,22.237,22.17,885.309,92724,0,0,1484,1484,2,10,1,0,0,28,23,14,19,8,3,FALSE,0,FALSE
879.3076,9.266,9.099,7.814,7.301,9.169,20,18,3,2096075.8,77,78,71,74,103,102,100,99,20.196,20.167,22.238,22.172,908.711,92724,0,0,1500,1500,2,10,1,0,0,28,23,14,19,8,3,FALSE,0,FALSE
879.81024,9.281,9.117,7.818,7.305,9.156,20,18,3,2095926.6,76,75,70,71,103,102,100,99,20.198,20.169,22.238,22.173,935.586,92724,0,0,1533,1533,2,10,1,0,0,28,23,14,19,8,3,FALSE,0,FALSE
880.312,9.304,9.139,7.825,7.31,9.142,20,18,3,2089314.6,74,75,72,68,103,102,100,99,20.199,20.17,22.237,22.172,967.012,92724,0,0,1533,1533,2,10,1,0,0,28,23,14,19,8,3,FALSE,0,FALSE
880.8113,9.323,9.156,7.832,7.317,9.13,20,18,3,2061726.4,75,74,72,70,103,102,100,99,20.2,20.171,22.236,22.17,996.168,92724,0,0,1533,1533,2,10,1,0,0,28,23,14,19,8,3,FALSE,0,FALSE
881.311,9.338,9.169,7.835,7.321,9.116,20,18,3,2006650.6,74,73,71,70,103,102,100,99,20.2,20.171,22.234,22.168,1027.473,92724,0,0,1533,1533,2,10,1,0,0,28,23,14,19,8,3,FALSE,0,FALSE
882.31146,9.364,9.19,7.841,7.327,9.09,20,18,3,1909444.2,72,72,70,70,103,102,100,99,20.198,20.168,22.229,22.163,1096.816,92724,0,0,1566,1566,2,10,1,0,0,28,23,14,19,8,3,FALSE,0,FALSE
882.81323,9.37,9.196,7.841,7.327,9.076,20,18,3,1900800.5,72,72,71,71,103,102,100,99,20.196,20.166,22.225,22.159,1132.781,92724,0,0,1566,1566,2,10,1,0,0,28,23,14,19,8,3,FALSE,0,FALSE
883.3099,9.376,9.203,7.841,7.327,9.063,20,18,3,1892444.9,72,72,71,71,103,102,100,99,20.193,20.164,22.221,22.156,1168.5,92724,0,0,1566,1566,2,10,1,0,0,28,23,14,19,8,3,FALSE,0,FALSE
883.81274,9.383,9.209,7.841,7.327,9.048,20,18,3,1883513,73,72,71,71,102,102,100,99,20.19,20.161,22.216,22.151,1207.625,92724,0,0,1550,1550,2,10,1,0,0,28,23,14,19,8,3,FALSE,0,FALSE
884.3114,9.388,9.215,7.841,7.327,9.034,20,18,3,1874869.2,73,72,71,71,102,102,100,99,20.186,20.157,22.211,22.146,1246.309,92724,0,0,1550,1550,2,10,1,0,0,28,23,14,19,8,3,FALSE,0,FALSE
884.8097,9.394,9.221,7.841,7.327,9.021,20,18,3,1866513.6,73,73,71,71,102,102,100,98,20.183,20.154,22.205,22.141,1284.371,92724,0,0,1550,1550,2,10,1,0,0,28,23,14,19,8,3,FALSE,0,FALSE
885.3113,9.4,9.227,7.841,7.327,9.007,20,18,3,1857869.9,72,73,71,71,102,102,99,98,20.178,20.15,22.199,22.135,1324.363,92724,0,0,1550,1550,2,10,1,0,0,28,23,14,19,8,3,FALSE,0,FALSE
885.808,9.405,9.232,7.841,7.327,8.995,20,18,3,1854622.4,73,73,71,71,102,102,99,98,20.174,20.146,22.193,22.129,1364.805,92724,0,0,1533,1533,2,10,1,0,0,28,23,14,19,8,3,FALSE,0,FALSE
886.31067,9.411,9.238,7.841,7.327,8.981,20,18,3,1845978.6,73,73,71,71,102,102,99,98,20.169,20.141,22.186,22.123,1405.656,92724,0,0,1533,1533,2,10,1,0,0,28,23,14,19,8,3,FALSE,0,FALSE
886.813,9.435,9.258,7.876,7.355,8.976,20,18,3,1876361.1,75,74,79,77,102,102,99,98,20.167,20.14,22.186,22.123,1443.609,92724,0,0,1516,1516,2,10,1,0,0,28,23,14,19,8,3,FALSE,0,FALSE
887.3107,9.449,9.278,7.898,7.364,8.975,20,18,3,1903390.9,73,74,77,73,102,102,99,98,20.169,20.142,22.191,22.127,1471.297,92724,0,0,1516,1516,2,10,1,0,0,28,23,14,19,8,3,FALSE,0,FALSE
887.81335,9.465,9.291,7.916,7.382,8.975,20,18,3,1929178.6,77,73,79,76,102,102,99,98,20.171,20.144,22.197,22.132,1495.555,92724,0,0,1516,1516,2,10,1,0,0,28,23,14,19,8,3,FALSE,0,FALSE
888.31287,9.492,9.311,7.961,7.417,8.975,20,18,3,1947928.5,82,76,92,84,102,102,100,98,20.177,20.148,22.206,22.139,1513.785,92724,0,0,1584,1584,2,10,1,0,0,28,23,14,19,8,3,FALSE,0,FALSE
889.3112,9.537,9.34,8.033,7.476,8.971,20,18,3,1962843,84,77,93,86,102,102,100,99,20.19,20.154,22.228,22.157,1561.23,92724,0,0,1584,1584,2,10,1,0,0,28,23,14,19,8,3,FALSE,0,FALSE
889.81006,9.551,9.351,8.058,7.494,8.967,20,18,3,1969081.5,80,75,89,81,103,102,100,99,20.196,20.158,22.239,22.165,1578.617,92724,0,0,1634,1634,2,10,1,0,0,28,23,14,19,8,3,FALSE,0,FALSE
890.3108,9.567,9.364,8.072,7.505,8.96,20,18,3,1975334.4,79,75,82,77,103,102,100,99,20.2,20.16,22.246,22.17,1595.578,92724,0,0,1634,1634,2,10,1,0,0,28,23,14,19,8,3,FALSE,0,FALSE
890.8107,9.583,9.378,8.082,7.514,8.951,20,18,3,1980185.1,78,75,77,73,103,102,100,99,20.204,20.162,22.251,22.173,1612.711,92724,0,0,1550,1550,2,10,1,0,0,28,23,14,19,8,3,FALSE,0,FALSE
891.3096,9.605,9.398,8.088,7.52,8.94,20,18,3,1981498.2,79,76,74,71,103,102,100,99,20.208,20.165,22.253,22.175,1633.082,92724,0,0,1550,1550,2,10,1,0,0,28,23,14,19,8,3,FALSE,0,FALSE
892.3102,9.649,9.442,8.09,7.523,8.914,20,18,3,1979672.2,80,81,69,68,103,102,100,99,20.213,20.17,22.253,22.175,1681.266,92724,0,0,1566,1566,2,10,1,0,0,28,23,14,19,8,3,FALSE,0,FALSE
892.8083,9.665,9.458,8.091,7.524,8.901,20,18,3,1974057.9,74,74,69,70,103,102,100,99,20.215,20.172,22.252,22.174,1709.008,92724,0,0,1566,1566,2,10,1,0,0,28,23,14,19,8,3,FALSE,0,FALSE
893.3084,9.675,9.469,8.094,7.527,8.887,20,18,3,1966821.4,73,74,70,71,103,102,100,99,20.214,20.172,22.25,22.172,1738.387,92724,0,0,1583,1583,2,10,1,0,0,28,23,14,19,8,3,FALSE,0,FALSE
893.81104,9.687,9.484,8.102,7.533,8.874,20,18,3,1964262.9,73,74,71,72,103,102,100,99,20.213,20.172,22.247,22.171,1769.621,92724,0,0,1583,1583,2,10,1,0,0,28,23,14,19,8,3,FALSE,0,FALSE
894.3125,9.701,9.502,8.113,7.544,8.86,20,18,3,1955381.2,74,76,73,74,103,102,100,99,20.212,20.172,22.245,22.17,1803.945,92724,0,0,1600,1600,2,10,1,0,0,28,23,14,19,8,3,FALSE,0,FALSE
894.8082,9.716,9.522,8.125,7.555,8.847,20,18,3,1953441.1,72,74,72,72,103,102,100,99,20.21,20.172,22.243,22.168,1838.117,92724,29334,0,1600,1600,2,10,1,0,0,28,23,14,19,8,3,FALSE,0,FALSE
895.31055,9.748,9.546,8.174,7.597,8.847,20,18,3,1985149.9,81,77,89,83,103,102,100,99,20.21,20.172,22.244,22.169,1869.293,92724,29334,0,1600,1600,2,10,1,0,0,28,23,14,19,8,3,FALSE,0,FALSE
896.3089,9.835,9.613,8.345,7.737,8.839,20,18,3,2005535.9,87,81,100,92,103,102,101,99,20.22,20.177,22.264,22.183,1926.77,92724,29334,0,1633,1633,2,10,1,0,0,28,23,14,19,8,3,FALSE,0,FALSE
896.81006,9.881,9.649,8.392,7.776,8.829,20,18,3,2010808.8,87,81,88,82,103,102,101,99,20.226,20.18,22.271,22.188,1954.387,92724,29334,0,1616,1616,2,10,1,0,0,28,23,14,19,8,3,FALSE,0,FALSE
897.3092,9.904,9.669,8.401,7.785,8.816,20,18,3,2006665.4,76,74,73,72,103,102,101,99,20.229,20.181,22.272,22.188,1981.68,92724,29334,0,1616,1616,2,10,1,0,0,28,23,14,19,8,3,FALSE,0,FALSE
897.811,9.922,9.692,8.427,7.816,8.805,20,18,3,2008932.8,75,78,78,83,103,102,101,99,20.228,20.181,22.27,22.188,2011.52,92724,29334,0,1667,1667,2,10,1,0,0,28,23,14,19,8,3,FALSE,0,FALSE
898.3111,9.966,9.742,8.488,7.895,8.794,20,18,3,2013599,83,85,85,93,103,102,101,99,20.229,20.184,22.272,22.193,2042.691,92724,29334,0,1667,1667,2,10,1,0,0,28,23,14,19,8,3,FALSE,0,FALSE
898.8116,10.008,9.793,8.534,7.951,8.78,20,18,3,2014740,81,84,81,87,103,102,101,99,20.23,20.188,22.273,22.197,2073.684,92724,29334,0,1667,1667,2,10,1,0,0,28,23,14,19,8,3,FALSE,0,FALSE
899.3099,10.042,9.833,8.561,7.981,8.768,20,18,3,2013187.5,78,80,76,78,103,102,101,99,20.231,20.19,22.271,22.198,2103.305,92724,29334,0,1667,1667,2,10,1,0,0,28,23,14,19,8,3,FALSE,0,FALSE
899.809,10.06,9.854,8.576,7.991,8.754,20,18,3,2004649.8,74,78,75,74,103,102,101,99,20.229,20.189,22.268,22.196,2135.691,92724,29334,0,1716,1716,2,10,1,0,0,28,23,14,19,8,3,FALSE,0,FALSE
900.30505,10.072,9.869,8.582,7.996,8.741,20,18,3,1996006,73,75,72,72,103,102,101,99,20.226,20.188,22.263,22.192,2169.238,92724,29334,0,1716,1716,2,10,1,0,0,28,23,14,19,8,3,FALSE,0,FALSE
900.811,10.088,9.885,8.602,8.017,8.735,20,18,3,2019377.5,74,74,76,76,103,102,101,99,20.224,20.187,22.262,22.192,2200.527,92724,29334,0,1716,1716,2,10,1,0,0,28,23,14,19,8,3,FALSE,0,FALSE
901.31226,10.104,9.899,8.615,8.031,8.735,20,18,3,2046571.4,75,73,77,75,103,102,101,99,20.225,20.188,22.266,22.195,2225.473,92724,29334,0,1766,1766,2,10,1,0,0,28,23,14,19,8,3,FALSE,0,FALSE
901.81036,10.12,9.912,8.628,8.045,8.735,20,18,3,2067349.4,77,73,77,76,103,102,101,99,20.228,20.19,22.271,22.2,2243.793,92724,29334,0,1766,1766,2,10,1,0,0,28,23,14,19,8,3,FALSE,0,FALSE
902.81024,10.147,9.934,8.668,8.074,8.735,20,18,3,2091815,77,74,85,77,103,103,101,100,20.236,20.195,22.285,22.211,2269.961,92724,29334,0,1766,1766,2,10,1,0,0,28,23,14,19,8,3,FALSE,0,FALSE
903.31036,10.157,9.942,8.697,8.092,8.734,20,18,3,2097476.2,77,73,93,81,103,103,101,100,20.24,20.197,22.293,22.216,2288.117,92724,29334,0,1783,1783,2,10,1,0,0,28,23,14,19,8,3,FALSE,0,FALSE
903.80896,10.171,9.952,8.72,8.11,8.731,20,18,3,2103113.8,79,74,92,82,103,103,101,100,20.244,20.199,22.304,22.223,2301.688,92724,29334,0,1783,1783,2,10,1,0,0,28,23,14,19,8,3,FALSE,0,FALSE
904.81036,10.195,9.974,8.731,8.119,8.719,20,18,3,2115245.8,77,75,77,73,104,103,101,100,20.252,20.204,22.318,22.231,2327.219,92724,29334,0,1783,1783,2,10,1,0,0,28,23,14,19,8,3,FALSE,0,FALSE
905.3092,10.208,9.99,8.733,8.121,8.709,20,18,3,2120643.5,78,78,73,70,104,103,101,100,20.255,20.206,22.32,22.233,2342.449,92724,29334,0,1783,1783,2,10,1,0,0,28,23,14,19,8,3,FALSE,0,FALSE
905.811,10.234,10.019,8.733,8.122,8.696,20,18,3,2125022,83,83,70,69,104,103,101,100,20.258,20.211,22.32,22.233,2360.875,92724,29334,0,1766,1766,2,10,1,0,0,28,23,14,19,8,3,FALSE,0,FALSE
906.308,10.257,10.044,8.733,8.122,8.684,20,18,3,2128409.5,79,79,69,69,104,103,101,100,20.263,20.216,22.32,22.232,2382.27,92724,29334,0,1766,1766,2,10,1,0,0,28,23,14,19,8,3,FALSE,0,FALSE
906.8116,10.27,10.058,8.733,8.122,8.669,20,18,3,2119451.8,76,75,69,69,104,103,101,100,20.265,20.218,22.318,22.231,2407.262,92724,29334,0,1750,1750,2,10,1,0,0,28,23,14,19,8,3,FALSE,0,FALSE
907.3112,10.283,10.072,8.733,8.122,8.657,20,18,3,2086660.4,74,74,69,69,104,103,101,100,20.265,20.218,22.316,22.229,2433.086,92724,29334,0,1750,1750,2,10,1,0,0,28,23,14,19,8,3,FALSE,0,FALSE
908.3107,10.303,10.092,8.733,8.122,8.631,20,18,3,2035525.5,72,72,70,70,104,103,101,100,20.263,20.216,22.31,22.225,2493.004,92724,29334,0,1733,1733,2,10,1,0,0,28,23,14,19,8,3,FALSE,0,FALSE
908.8087,10.311,10.099,8.733,8.122,8.617,20,18,3,2026962.8,72,72,70,70,104,103,101,100,20.26,20.214,22.307,22.222,2525.434,92724,29334,0,1733,1733,2,10,1,0,0,28,23,14,19,8,3,FALSE,0,FALSE
909.30743,10.318,10.107,8.735,8.124,8.603,20,18,3,2018319,72,73,71,71,104,103,101,100,20.258,20.211,22.303,22.218,2559.367,92724,29334,0,1733,1733,2,10,1,0,0,28,23,14,19,8,3,FALSE,0,FALSE
910.31,10.377,10.18,8.808,8.2,8.577,20,18,3,2012178,77,80,80,83,104,103,101,100,20.255,20.212,22.298,22.217,2629.578,92724,29334,0,1717,1717,2,10,1,0,0,28,23,14,19,8,3,FALSE,0,FALSE
910.80963,10.405,10.214,8.842,8.232,8.576,20,18,3,2041183.1,76,78,77,80,104,103,101,100,20.256,20.214,22.301,22.221,2661.719,92724,29334,0,1717,1717,2,10,1,0,0,28,23,14,19,8,3,FALSE,0,FALSE
911.309,10.42,10.232,8.858,8.247,8.575,20,18,3,2066238.2,74,76,76,78,104,103,101,100,20.257,20.217,22.304,22.226,2686.5,92724,29334,0,1717,1717,2,10,1,0,0,28,23,14,19,8,3,FALSE,0,FALSE
911.81104,10.433,10.248,8.871,8.261,8.574,20,18,3,2087342.5,74,77,75,78,104,103,101,100,20.259,20.221,22.308,22.232,2704.973,92724,29334,0,1750,1750,2,10,1,0,0,28,23,14,19,8,3,FALSE,0,FALSE
912.3106,10.44,10.257,8.879,8.27,8.574,20,18,3,2104778,72,75,74,77,104,103,101,100,20.261,20.225,22.312,22.237,2720.242,92724,29334,0,1750,1750,2,10,1,0,0,28,23,14,19,8,3,FALSE,0,FALSE
912.81067,10.444,10.263,8.886,8.278,8.574,20,18,3,2116894.5,71,74,74,77,104,103,101,100,20.262,20.227,22.316,22.242,2732.586,92724,29334,0,1750,1750,2,10,1,0,0,28,23,14,19,8,3,FALSE,0,FALSE
913.3092,10.451,10.27,8.899,8.303,8.574,20,18,3,2124989,72,73,76,87,104,103,101,100,20.263,20.23,22.319,22.249,2743.922,92724,29334,0,1750,1750,2,10,1,0,0,28,23,14,19,8,3,FALSE,0,FALSE
913.8073,10.461,10.282,8.914,8.325,8.572,20,18,3,2130157.8,75,77,80,90,104,103,102,100,20.264,20.232,22.323,22.259,2765.598,92724,29334,0,1850,1850,2,10,1,0,0,28,23,14,19,8,3,FALSE,0,FALSE
914.31146,10.472,10.296,8.921,8.333,8.568,20,18,3,2135510.8,76,79,76,83,104,103,102,101,20.267,20.237,22.328,22.267,2775.73,92724,29334,0,1850,1850,2,10,1,0,0,28,23,14,19,8,3,FALSE,0,FALSE
914.80994,10.49,10.312,8.923,8.335,8.561,20,18,3,2139681,80,81,73,77,104,103,102,101,20.27,20.242,22.33,22.273,2787.383,92724,29334,0,1850,1850,2,10,1,0,0,28,23,14,19,8,3,FALSE,0,FALSE
915.308,10.513,10.331,8.924,8.336,8.551,20,18,3,2142997,83,82,70,72,104,104,102,101,20.276,20.248,22.331,22.275,2802.086,92724,29334,0,1850,1850,2,10,1,0,0,28,23,14,19,8,3,FALSE,0,FALSE
915.8057,10.537,10.355,8.924,8.336,8.539,20,18,3,2148509.5,83,82,69,70,104,104,102,101,20.281,20.253,22.331,22.276,2819.492,92724,29334,0,1850,1850,2,10,1,0,0,28,23,14,19,8,3,FALSE,0,FALSE
916.3081,10.565,10.383,8.924,8.336,8.527,20,18,3,2142569,82,82,68,69,104,104,102,101,20.287,20.259,22.33,22.276,2839.789,92724,29334,0,1883,1883,2,10,1,0,0,28,23,14,19,8,3,FALSE,0,FALSE
916.80896,10.585,10.402,8.924,8.336,8.513,20,18,3,2113393.2,78,78,69,69,104,104,102,101,20.29,20.262,22.328,22.275,2863.086,92724,29334,0,1883,1883,2,10,1,0,0,28,23,14,19,8,3,FALSE,0,FALSE
917.30835,10.596,10.413,8.924,8.336,8.501,20,18,3,2106146.8,73,74,69,69,104,104,102,101,20.291,20.263,22.326,22.273,2888.98,92724,29334,0,1883,1883,2,10,1,0,0,28,23,14,19,8,3,FALSE,0,FALSE
917.8105,10.605,10.422,8.924,8.336,8.487,20,18,3,2099507.2,73,73,70,70,104,104,102,101,20.29,20.263,22.324,22.271,2917.055,92724,29334,0,1883,1883,2,10,1,0,0,28,23,14,19,8,3,FALSE,0,FALSE
918.30927,10.612,10.43,8.924,8.336,8.474,20,18,3,2097292,72,72,70,70,104,104,101,101,20.289,20.262,22.321,22.269,2947.07,92724,29334,0,1883,1883,2,10,1,0,0,28,23,14,19,8,3,FALSE,0,FALSE
918.80676,10.619,10.438,8.924,8.336,8.461,20,18,3,2088987.6,72,72,70,70,104,104,101,101,20.287,20.261,22.318,22.266,2978.852,92724,29334,0,1866,1866,2,10,1,0,0,28,23,14,19,8,3,FALSE,0,FALSE
919.30945,10.627,10.445,8.924,8.336,8.447,20,18,3,2080343.9,73,72,70,70,104,104,101,101,20.285,20.259,22.315,22.263,3012.215,92724,29334,0,1867,1867,2,10,1,0,0,28,23,14,19,8,3,FALSE,0,FALSE
919.81024,10.633,10.452,8.924,8.336,8.434,20,18,3,2074404.1,72,72,71,71,104,104,101,100,20.282,20.256,22.311,22.259,3046.977,92724,29334,0,1867,1867,2,10,1,0,0,28,23,14,19,8,3,FALSE,0,FALSE
920.30896,10.639,10.458,8.924,8.336,8.421,20,18,3,2068413.6,73,72,71,71,104,104,101,100,20.279,20.253,22.306,22.255,3082.766,92724,29334,0,1867,1867,2,10,1,0,0,28,23,14,19,8,3,FALSE,0,FALSE
920.81055,10.646,10.464,8.924,8.336,8.407,20,18,3,2059769.9,74,73,72,72,104,104,101,100,20.276,20.25,22.301,22.251,3119.59,92724,29334,0,1866,1866,2,10,1,0,0,28,23,14,19,8,3,FALSE,0,FALSE
922.3094,10.664,10.482,8.924,8.336,8.365,20,18,3,2033838.6,73,73,71,71,104,103,101,100,20.264,20.239,22.284,22.234,3235.426,92724,29334,0,1867,1867,2,10,1,0,0,28,23,14,19,8,3,FALSE,0,FALSE
922.80914,10.67,10.488,8.924,8.336,8.352,20,18,3,2025194.9,73,73,71,71,104,103,101,100,20.26,20.235,22.277,22.228,3275.484,92724,29334,0,1850,1850,2,10,1,0,0,28,23,14,19,8,3,FALSE,0,FALSE
923.30927,10.675,10.493,8.924,8.336,8.339,20,18,3,2021956.8,73,73,71,71,104,103,101,100,20.255,20.23,22.27,22.221,3316.004,92724,29334,0,1850,1850,2,10,1,0,0,28,23,14,19,8,3,FALSE,0,FALSE
923.8052,10.683,10.499,8.924,8.337,8.325,20,18,3,2013313,74,73,72,72,104,103,101,100,20.249,20.225,22.263,22.214,3356.926,92724,29334,0,1850,1850,2,10,1,0,0,28,23,14,19,8,3,FALSE,0,FALSE
924.31,10.704,10.519,8.954,8.366,8.321,20,18,3,2044792.2,75,75,78,78,104,103,101,100,20.248,20.223,22.262,22.214,3393.582,92724,29334,0,1850,1850,2,10,1,0,0,28,23,14,19,8,3,FALSE,0,FALSE
924.8083,10.725,10.547,8.985,8.397,8.32,20,18,3,2073588,75,79,80,81,104,103,101,100,20.249,20.225,22.267,22.22,3422.008,92724,29334,0,1850,1850,2,10,1,0,0,28,23,14,19,8,3,FALSE,0,FALSE
925.8084,10.771,10.613,9.072,8.5,8.32,20,18,3,2096380.6,76,85,90,94,104,103,101,100,20.253,20.235,22.282,22.238,3471.352,92724,29334,0,1883,1883,2,10,1,0,0,28,23,14,19,8,3,FALSE,0,FALSE
926.3063,10.804,10.649,9.113,8.564,8.315,20,18,3,2104003.8,81,87,89,99,104,103,101,100,20.256,20.242,22.289,22.251,3496.859,92724,29334,0,1883,1883,2,10,1,0,0,28,23,14,19,8,3,FALSE,0,FALSE
926.8095,10.822,10.674,9.146,8.606,8.309,20,18,3,2111238.8,78,83,85,93,104,104,101,100,20.259,20.247,22.296,22.262,3518.254,92724,29334,0,1883,1883,2,10,1,0,0,28,23,14,19,8,3,FALSE,0,FALSE
927.3099,10.845,10.704,9.17,8.635,8.301,20,18,3,2118048.8,78,83,80,85,104,104,101,101,20.261,20.252,22.301,22.269,3539.469,92724,29334,0,1867,1867,2,10,1,0,0,28,23,14,19,8,3,FALSE,0,FALSE
927.8101,10.865,10.728,9.184,8.651,8.29,20,18,3,2124194,77,81,76,79,104,104,101,101,20.262,20.255,22.303,22.274,3561.797,92724,29334,0,1867,1867,2,10,1,0,0,28,23,14,19,8,3,FALSE,0,FALSE
928.30896,10.887,10.751,9.196,8.662,8.276,20,18,3,2119944,77,80,74,76,104,104,101,101,20.263,20.257,22.304,22.275,3586.121,92724,29334,0,1867,1867,2,10,1,0,0,28,23,14,19,8,3,FALSE,0,FALSE
928.8063,10.914,10.782,9.214,8.681,8.263,20,18,3,2119421.8,78,81,76,78,104,104,101,101,20.263,20.26,22.304,22.276,3612.551,92724,29334,0,1983,1983,2,10,1,0,0,28,23,14,19,8,3,FALSE,0,FALSE
929.3107,10.943,10.815,9.233,8.7,8.249,20,18,3,2084320.4,78,82,75,77,104,104,101,101,20.264,20.262,22.303,22.277,3641.016,92724,29334,0,1983,1983,2,10,1,0,0,28,23,14,19,8,3,FALSE,0,FALSE
929.80817,10.965,10.841,9.248,8.715,8.237,20,18,3,2052842,75,79,75,75,104,104,101,101,20.263,20.264,22.302,22.276,3671.809,92724,29334,0,2016,2016,2,10,1,0,0,28,23,14,19,8,3,FALSE,0,FALSE
930.3103,10.982,10.863,9.261,8.726,8.223,20,18,3,2044381,73,77,73,73,104,104,101,101,20.261,20.263,22.3,22.275,3704.27,92724,29334,0,2034,2034,2,10,1,0,0,28,23,14,19,8,3,FALSE,0,FALSE
930.811,10.996,10.875,9.27,8.735,8.209,20,18,3,2035737.2,76,74,76,73,104,104,101,101,20.258,20.261,22.297,22.271,3737.852,92724,29334,0,2034,2034,2,10,1,0,0,28,23,14,19,8,3,FALSE,0,FALSE
931.8087,11.094,10.957,9.379,8.835,8.181,20,18,3,2018449.8,85,80,87,83,104,104,101,101,20.26,20.259,22.298,22.27,3807.676,92724,29334,0,2066,2066,2,10,1,0,0,28,23,14,19,8,3,FALSE,0,FALSE
932.31116,11.144,10.998,9.437,8.889,8.169,20,18,3,2015226.2,83,79,87,83,104,104,101,101,20.261,20.259,22.298,22.269,3844.43,92724,29334,0,2066,2066,2,10,1,0,0,28,23,14,19,8,3,FALSE,0,FALSE
932.8092,11.209,11.053,9.522,8.964,8.155,20,18,3,2006582.5,87,82,92,86,104,104,101,101,20.263,20.258,22.3,22.269,3881.301,92724,29334,0,2050,2050,2,10,1,0,0,28,23,14,19,8,3,FALSE,0,FALSE
933.3083,11.273,11.107,9.607,9.039,8.142,20,18,3,1997938.8,86,82,91,86,104,104,101,101,20.264,20.258,22.303,22.269,3917.793,92724,29334,0,2067,2067,2,10,1,0,0,28,23,14,19,8,3,FALSE,0,FALSE
933.8101,11.33,11.155,9.671,9.096,8.128,20,18,3,1989295,83,79,84,80,104,104,101,101,20.265,20.257,22.303,22.268,3953.453,92724,29334,0,2067,2067,2,10,1,0,0,28,23,14,19,8,3,FALSE,0,FALSE
934.30774,11.353,11.172,9.684,9.111,8.114,20,18,3,1980651.2,75,73,74,72,104,104,101,101,20.262,20.252,22.299,22.263,3989.461,92724,29334,0,2067,2067,2,10,1,0,0,28,23,14,19,8,3,FALSE,0,FALSE
934.80585,11.362,11.179,9.69,9.116,8.102,20,18,3,1981603.6,73,73,74,73,104,104,101,100,20.257,20.247,22.293,22.256,4026.398,92724,29334,40198,2067,2067,2,10,1,0,0,28,23,14,19,8,3,FALSE,0,FALSE
935.30975,11.381,11.198,9.71,9.138,8.1,20,18,3,2011824.4,75,74,77,76,104,103,101,100,20.255,20.245,22.293,22.257,4057.5,92724,29334,40198,2067,2067,2,10,1,0,0,28,23,14,19,8,3,FALSE,0,FALSE
936.3107,11.44,11.242,9.787,9.202,8.1,20,18,3,2050839.5,80,75,83,78,104,104,101,101,20.262,20.247,22.307,22.267,4103.531,92724,29334,40198,2150,2150,2,10,1,0,0,28,23,14,19,8,3,FALSE,0,FALSE
936.80884,11.45,11.248,9.804,9.216,8.099,20,18,3,2065566.1,76,72,82,77,104,104,101,101,20.263,20.247,22.311,22.27,4124.523,92724,29334,40198,2183,2183,2,10,1,0,0,28,23,14,19,8,3,FALSE,0,FALSE
937.8081,11.497,11.282,9.893,9.281,8.093,20,18,3,2086422,80,77,95,84,104,104,102,101,20.27,20.248,22.328,22.28,4167.043,92724,29334,40198,2217,2217,2,10,1,0,0,28,23,14,19,8,3,FALSE,0,FALSE
938.31036,11.519,11.301,9.908,9.293,8.084,20,18,3,2094370.5,81,78,84,77,104,104,102,101,20.273,20.25,22.335,22.284,4185.68,92724,29334,40198,2217,2217,2,10,1,0,0,28,23,14,19,8,3,FALSE,0,FALSE
938.8069,11.556,11.339,9.916,9.3,8.071,20,18,3,2093708.2,88,87,77,73,104,104,102,101,20.277,20.253,22.338,22.284,4206.078,92724,29334,40198,2217,2217,2,10,1,0,0,28,23,14,19,8,3,FALSE,0,FALSE
939.31006,11.594,11.376,9.919,9.303,8.058,20,18,3,2096423,82,81,72,70,104,104,102,101,20.283,20.258,22.338,22.284,4229.016,92724,29334,40198,2217,2217,2,10,1,0,0,28,23,14,19,8,3,FALSE,0,FALSE
940.30786,11.621,11.399,9.921,9.305,8.032,20,18,3,2089901.9,73,73,70,70,104,104,102,101,20.283,20.258,22.334,22.279,4283.016,92724,29334,40198,2383,2383,2,10,1,0,0,28,23,14,19,8,3,FALSE,0,FALSE
940.8075,11.629,11.407,9.921,9.305,8.018,20,18,3,2082333.4,73,73,70,70,104,104,102,101,20.281,20.255,22.331,22.276,4313.211,92724,29334,40198,2383,2383,2,10,1,0,0,28,23,14,19,8,3,FALSE,0,FALSE
941.3061,11.637,11.415,9.921,9.305,8.005,20,18,3,2079528.4,72,72,68,68,104,104,102,101,20.277,20.252,22.327,22.272,4344.953,92724,29334,40198,2383,2383,2,10,1,0,0,28,23,14,19,8,3,FALSE,0,FALSE
941.8099,11.647,11.423,9.921,9.305,7.991,20,18,3,2070887.2,73,73,71,70,104,104,102,101,20.274,20.249,22.322,22.268,4378.09,92724,29334,40198,2417,2417,2,10,1,0,0,28,23,14,19,8,3,FALSE,0,FALSE
942.3073,11.659,11.436,9.921,9.305,7.977,20,18,3,2028143.1,73,73,70,70,104,104,101,101,20.272,20.247,22.318,22.263,4412.617,92724,29334,40198,2417,2417,2,10,1,0,0,28,23,14,19,8,3,FALSE,0,FALSE
942.8061,11.668,11.444,9.921,9.305,7.965,20,18,3,1976133,73,73,71,70,104,103,101,100,20.268,20.243,22.313,22.258,4448.617,92724,29334,40198,2434,2434,2,10,1,0,0,28,23,14,19,8,3,FALSE,0,FALSE
944.30493,11.693,11.469,9.922,9.306,7.923,20,18,3,1803288,73,74,71,71,104,103,101,100,20.254,20.229,22.295,22.241,4564.402,92724,29334,40198,2434,2434,2,10,1,0,0,28,23,14,19,8,3,FALSE,0,FALSE
944.80695,11.7,11.477,9.922,9.306,7.91,20,18,3,1751266.5,74,73,72,72,104,103,101,100,20.249,20.225,22.288,22.235,4605.137,92724,29334,40198,2434,2434,2,10,1,0,0,28,23,14,19,8,3,FALSE,0,FALSE
945.30664,11.707,11.485,9.922,9.306,7.897,20,18,3,1693651.5,75,74,72,72,103,103,101,100,20.244,20.22,22.281,22.228,4646.609,92724,29334,40198,2400,2400,2,10,1,0,0,28,23,14,19,8,3,FALSE,0,FALSE
945.80634,11.715,11.492,9.922,9.306,7.883,20,18,3,1636036.5,74,74,72,72,103,103,101,100,20.238,20.214,22.274,22.221,4688.852,92724,29334,40198,2383,2383,2,10,1,0,0,28,23,14,19,8,3,FALSE,0,FALSE
946.3031,11.722,11.5,9.922,9.306,7.869,20,18,3,1578421.5,74,74,72,72,103,103,101,100,20.232,20.209,22.266,22.214,4731.762,92724,29334,40198,2383,2383,2,10,1,0,0,28,23,14,19,8,3,FALSE,0,FALSE
947.30707,11.735,11.514,9.926,9.31,7.841,20,18,3,1558635.8,74,75,74,74,103,103,100,99,20.22,20.197,22.25,22.199,4818.566,92724,29334,40198,2333,2333,2,10,1,0,0,28,23,14,19,8,3,FALSE,0,FALSE
947.80695,11.758,11.538,9.957,9.34,7.839,20,18,3,1593586.2,75,74,77,77,103,103,100,99,20.218,20.195,22.251,22.2,4856.039,92724,29334,40198,2333,2333,2,10,1,0,0,28,23,14,19,8,3,FALSE,0,FALSE
948.3073,11.774,11.554,9.973,9.356,7.838,20,18,3,1622346.8,74,73,75,74,103,103,100,100,20.219,20.196,22.256,22.205,4884.863,92724,29334,40198,2333,2333,2,10,1,0,0,28,23,14,19,8,3,FALSE,0,FALSE
948.8085,11.793,11.569,9.997,9.377,7.838,20,18,3,1646924,77,74,81,77,103,103,101,100,20.222,20.198,22.262,22.21,4907.848,92724,29334,40198,2317,2317,2,10,1,0,0,28,23,14,19,8,3,FALSE,0,FALSE
949.3073,11.824,11.592,10.045,9.416,7.838,20,18,3,1667296,83,78,93,85,103,103,101,100,20.227,20.201,22.272,22.218,4925.812,92724,29334,40198,2317,2317,2,10,1,0,0,28,23,14,19,8,3,FALSE,0,FALSE
949.80994,11.843,11.608,10.098,9.448,7.836,20,18,3,1677276.5,80,77,101,86,103,103,101,100,20.234,20.206,22.286,22.228,4947.07,92724,29334,40198,2284,2284,2,10,1,0,0,28,23,14,19,8,3,FALSE,0,FALSE
950.3072,11.86,11.622,10.117,9.463,7.83,20,18,3,1683451.1,81,77,89,80,103,103,101,100,20.239,20.21,22.299,22.236,4965.109,92724,29334,40198,2284,2284,2,10,1,0,0,28,23,14,19,8,3,FALSE,0,FALSE
950.8066,11.878,11.639,10.124,9.469,7.82,20,18,3,1685336.4,79,77,79,74,103,103,101,100,20.244,20.214,22.306,22.241,4982.344,92724,29334,40198,2300,2300,2,10,1,0,0,28,23,14,19,8,3,FALSE,0,FALSE
951.30566,11.897,11.659,10.131,9.475,7.809,20,18,3,1684023.4,80,78,75,72,104,103,101,100,20.248,20.217,22.31,22.244,5002.234,92724,29334,40198,2300,2300,2,10,1,0,0,28,23,14,19,8,3,FALSE,0,FALSE
951.8051,11.938,11.7,10.141,9.484,7.795,20,18,3,1680967.9,87,86,75,72,104,103,101,100,20.254,20.222,22.313,22.245,5023.973,92724,29334,40198,2300,2300,2,10,1,0,0,28,23,14,19,8,3,FALSE,0,FALSE
952.30786,11.959,11.72,10.144,9.487,7.783,20,18,3,1681222.5,77,76,72,70,104,103,101,100,20.259,20.227,22.314,22.246,5047.996,92724,29334,40198,2300,2300,2,10,1,0,0,28,23,14,19,8,3,FALSE,0,FALSE
952.8051,11.979,11.737,10.149,9.494,7.769,20,18,3,1674932.9,77,74,71,70,104,103,101,100,20.26,20.228,22.314,22.246,5074.914,92724,29334,40198,2300,2300,2,10,1,0,0,28,23,14,19,8,3,FALSE,0,FALSE
953.3092,11.989,11.747,10.149,9.494,7.755,20,18,3,1667714.2,73,72,70,69,104,103,101,100,20.26,20.228,22.313,22.245,5104.355,92724,29334,40198,2283,2283,2,10,1,0,0,28,23,14,19,8,3,FALSE,0,FALSE
953.80365,11.997,11.755,10.15,9.495,7.742,20,18,3,1665148.1,73,72,70,70,104,103,101,100,20.259,20.227,22.311,22.243,5135.59,92724,29334,40198,2283,2283,2,10,1,0,0,28,23,14,19,8,3,FALSE,0,FALSE
954.307,12.007,11.763,10.15,9.495,7.728,20,18,3,1656536.2,74,72,71,71,104,103,101,100,20.259,20.226,22.309,22.242,5168.34,92724,29334,40198,2284,2284,2,10,1,0,0,28,23,14,19,8,3,FALSE,0,FALSE
954.80566,12.014,11.771,10.151,9.496,7.715,20,18,3,1647892.5,73,73,71,71,104,103,101,100,20.257,20.224,22.306,22.239,5202.594,92724,29334,40198,2284,2284,2,10,1,0,0,28,23,14,19,8,3,FALSE,0,FALSE
955.30334,12.02,11.777,10.151,9.496,7.702,20,18,3,1644684.6,73,72,71,71,104,103,101,100,20.255,20.222,22.303,22.236,5238.121,92724,29334,40198,2283,2283,2,10,1,0,0,28,23,14,19,8,3,FALSE,0,FALSE
955.80695,12.026,11.784,10.151,9.496,7.688,20,18,3,1636040.9,73,73,71,71,104,103,101,100,20.252,20.22,22.299,22.233,5274.637,92724,29334,40198,2283,2283,2,10,1,0,0,28,23,14,19,8,3,FALSE,0,FALSE
956.3039,12.032,11.79,10.151,9.496,7.674,20,18,3,1627397.1,72,73,71,71,104,103,101,100,20.249,20.217,22.294,22.229,5312.141,92724,29334,40198,2300,2300,2,10,1,0,0,28,23,14,19,8,3,FALSE,0,FALSE
957.30505,12.046,11.801,10.151,9.496,7.647,20,18,3,1610109.6,73,73,71,71,103,103,101,100,20.242,20.21,22.284,22.219,5389.676,92724,29334,40198,2283,2283,2,10,1,0,0,28,23,14,19,8,3,FALSE,0,FALSE
957.8066,12.052,11.807,10.151,9.496,7.633,20,18,4,1601465.9,73,73,71,71,103,103,101,100,20.237,20.206,22.278,22.213,20.629,92550,0,0,2283,2283,2,11,1,0,0,28,23,14,19,8,3,FALSE,0,FALSE
958.8043,12.063,11.818,10.151,9.496,7.606,20,18,4,1589617.2,73,73,71,71,103,103,101,99,20.228,20.197,22.265,22.201,101.871,92550,0,0,2266,2266,2,11,1,0,0,28,23,14,19,8,3,FALSE,0,FALSE
959.3078,12.068,11.824,10.151,9.497,7.593,20,18,4,1580973.5,73,73,71,71,103,102,100,99,20.223,20.192,22.258,22.194,143.098,92550,0,0,2267,2267,2,11,1,0,0,28,23,14,19,8,3,FALSE,0,FALSE
959.8041,12.074,11.831,10.152,9.497,7.579,20,18,4,1572329.8,73,73,71,71,103,102,100,99,20.217,20.187,22.251,22.187,184.738,92550,0,0,2267,2267,2,11,1,0,0,28,23,14,19,8,3,FALSE,0,FALSE
960.30505,12.079,11.837,10.152,9.497,7.565,20,18,4,1563686,73,73,71,71,103,102,100,99,20.211,20.181,22.243,22.18,226.75,92550,0,0,2250,2250,2,11,1,0,0,28,23,14,19,8,3,FALSE,0,FALSE
960.80035,12.085,11.842,10.152,9.497,7.551,20,18,4,1555042.2,73,73,71,71,103,102,100,99,20.205,20.175,22.235,22.172,269.09,92550,0,0,2250,2250,2,11,1,0,0,28,23,14,19,8,3,FALSE,0,FALSE
961.3044,12.091,11.848,10.152,9.497,7.537,20,18,4,1546398.5,73,73,71,71,103,102,100,99,20.199,20.169,22.226,22.164,311.719,92550,0,0,2233,2233,2,11,1,0,0,28,23,14,19,8,3,FALSE,0,FALSE
961.7963,12.097,11.854,10.152,9.497,7.523,20,18,4,1537754.8,73,73,71,71,102,102,100,99,20.193,20.163,22.218,22.156,354.621,92550,0,0,2234,2234,2,11,1,0,0,28,23,14,19,8,3,FALSE,0,FALSE
962.3032,12.102,11.859,10.152,9.497,7.51,20,18,4,1529111,74,73,72,71,102,102,100,99,20.186,20.156,22.209,22.147,397.75,92550,0,0,2234,2234,2,11,1,0,0,28,23,14,19,8,3,FALSE,0,FALSE
962.8064,12.108,11.865,10.152,9.497,7.496,20,18,4,1520467.2,73,73,72,71,102,102,99,98,20.179,20.149,22.2,22.139,441.07,92550,0,0,2217,2217,2,11,1,0,0,28,23,14,19,8,3,FALSE,0,FALSE
963.3045,12.114,11.87,10.152,9.497,7.482,20,18,4,1511823.5,73,73,72,71,102,102,99,98,20.171,20.142,22.191,22.13,484.555,92550,0,0,2216,2216,2,11,1,0,0,28,23,14,19,8,3,FALSE,0,FALSE
963.8062,12.12,11.877,10.153,9.497,7.468,20,18,4,1503179.8,73,73,72,72,102,101,99,98,20.164,20.135,22.181,22.121,528.184,92550,0,0,2216,2216,2,11,1,0,0,28,23,14,19,8,3,FALSE,0,FALSE
964.3072,12.125,11.882,10.153,9.497,7.454,20,18,4,1494536,73,72,71,71,102,101,99,98,20.156,20.127,22.171,22.111,571.93,92550,0,0,2200,2200,2,11,1,0,0,28,23,14,19,8,3,FALSE,0,FALSE
964.80774,12.137,11.894,10.165,9.51,7.444,20,18,4,1502778.9,74,75,76,75,102,101,99,98,20.149,20.121,22.164,22.104,614.996,92550,0,0,2200,2200,2,11,1,0,0,28,23,14,19,8,3,FALSE,0,FALSE
965.807,12.18,11.936,10.209,9.556,7.441,20,18,4,1562700.4,75,75,75,75,102,101,99,98,20.15,20.122,22.173,22.114,676.438,92550,0,0,65502,2200,3,11,1,0,0,28,23,14,19,8,3,FALSE,0,FALSE
966.3063,12.188,11.944,10.213,9.56,7.44,20,18,4,1584340.4,72,72,72,72,102,101,99,98,20.153,20.125,22.179,22.119,696.457,92550,0,0,65502,2234,3,11,1,0,0,28,23,14,19,8,3,FALSE,0,FALSE
966.80304,12.196,11.953,10.217,9.565,7.44,20,18,4,1601370.9,72,72,72,71,102,101,99,98,20.155,20.128,22.184,22.125,711.648,92550,0,0,34,2234,3,11,1,0,0,28,23,14,19,8,3,FALSE,0,FALSE
967.3077,12.203,11.958,10.227,9.573,7.44,20,18,4,1613901.2,73,71,75,73,102,101,99,98,20.158,20.131,22.189,22.13,722.625,92550,0,0,34,2234,3,11,1,0,0,28,23,14,19,8,3,FALSE,0,FALSE
967.8046,12.208,11.962,10.232,9.578,7.44,20,18,4,1622763.8,72,70,74,72,102,101,99,98,20.161,20.133,22.195,22.135,731.086,92550,0,0,34,2234,3,11,1,0,0,28,23,14,19,8,3,FALSE,0,FALSE
968.3051,12.211,11.965,10.235,9.579,7.44,20,18,4,1622877.6,70,70,74,70,102,101,99,98,20.163,20.135,22.201,22.14,744.949,92550,0,0,34,2366,3,11,1,0,0,28,23,14,19,8,3,FALSE,0,FALSE
969.306,12.224,11.977,10.249,9.589,7.435,20,18,4,1627930.9,74,72,75,72,102,101,100,99,20.168,20.139,22.212,22.147,769.266,92550,0,0,166,2366,3,11,1,0,0,28,23,14,19,8,3,FALSE,0,FALSE
969.8081,12.239,11.993,10.251,9.591,7.429,20,18,4,1630384.8,79,78,73,70,102,102,100,99,20.171,20.142,22.217,22.15,779.348,92550,0,0,166,2634,3,11,1,0,0,28,23,14,19,8,3,FALSE,0,FALSE
970.3058,12.25,12.006,10.252,9.592,7.422,20,18,4,1632939.6,78,77,70,69,102,102,100,99,20.177,20.147,22.22,22.153,791.562,92550,0,0,166,2634,3,11,1,0,0,28,23,14,19,8,3,FALSE,0,FALSE
970.8043,12.265,12.02,10.253,9.593,7.412,20,18,4,1635450.2,79,78,69,69,102,102,100,99,20.181,20.152,22.221,22.155,806.457,92550,0,0,267,2634,3,11,1,0,0,28,23,14,19,8,3,FALSE,0,FALSE
971.2986,12.302,12.056,10.259,9.6,7.401,20,18,4,1642981.2,87,87,70,72,102,102,100,99,20.188,20.158,22.223,22.157,823.754,92550,0,0,267,2634,3,11,1,0,0,28,23,14,19,8,3,FALSE,0,FALSE
971.8076,12.352,12.111,10.269,9.612,7.393,20,18,4,1654545.1,91,94,72,75,103,102,100,99,20.198,20.17,22.224,22.161,844.633,92550,0,0,267,2817,4,11,1,0,0,28,23,14,19,8,3,FALSE,0,FALSE
972.30597,12.363,12.125,10.283,9.627,7.385,20,18,4,1661032.5,78,82,74,77,103,102,100,99,20.203,20.177,22.226,22.164,867.109,92550,0,0,65520,2817,4,11,1,0,0,28,23,14,19,8,3,FALSE,0,FALSE
972.8059,12.401,12.167,10.291,9.636,7.373,20,18,4,1664599.9,84,87,72,74,103,102,100,99,20.208,20.184,22.228,22.167,888.367,92550,0,0,65520,2817,4,11,1,0,0,28,23,14,19,8,3,FALSE,0,FALSE
973.30566,12.424,12.189,10.294,9.639,7.359,20,18,4,1659973.5,77,78,71,70,103,102,100,99,20.212,20.189,22.228,22.168,912.543,92550,0,0,65520,2933,3,11,1,0,0,28,23,14,19,8,3,FALSE,0,FALSE
973.80804,12.438,12.205,10.295,9.639,7.346,20,18,4,1650617.4,76,76,70,70,103,102,100,99,20.214,20.19,22.227,22.168,939.707,92550,0,0,65520,3000,3,11,1,0,0,28,23,14,19,8,3,FALSE,0,FALSE
974.3014,12.473,12.241,10.309,9.651,7.332,20,18,4,1605599.8,84,83,76,73,103,102,100,99,20.216,20.192,22.226,22.167,970.207,92550,0,0,400,3000,3,11,1,0,0,28,23,14,19,8,3,FALSE,0,FALSE
974.8042,12.507,12.271,10.328,9.67,7.32,20,18,4,1559894.9,79,76,77,74,103,103,100,99,20.219,20.195,22.226,22.167,1000.82,92550,0,0,400,3000,3,11,1,0,0,28,23,14,19,8,3,FALSE,0,FALSE
975.30597,12.54,12.3,10.34,9.681,7.306,20,18,4,1503841.6,75,74,72,71,103,103,100,99,20.221,20.196,22.226,22.166,1032.883,92550,0,0,400,3000,3,11,1,0,0,28,23,14,19,8,3,FALSE,0,FALSE
975.8055,12.55,12.31,10.34,9.681,7.292,20,18,4,1446226.6,72,72,70,70,103,103,100,99,20.22,20.194,22.223,22.163,1066.969,92550,0,0,400,3000,3,11,1,0,0,28,23,14,19,8,3,FALSE,0,FALSE
976.80206,12.565,12.326,10.341,9.681,7.265,20,18,4,1392049,71,71,71,70,103,102,100,99,20.213,20.188,22.215,22.156,1139.875,92550,0,0,366,2983,3,11,1,0,0,28,23,14,19,8,3,FALSE,0,FALSE
977.3061,12.571,12.333,10.341,9.681,7.251,20,18,4,1383405.2,71,71,71,70,103,102,100,99,20.209,20.184,22.211,22.151,1178.145,92550,0,0,350,2967,3,11,1,0,0,28,23,14,19,8,3,FALSE,0,FALSE
977.8077,12.577,12.339,10.341,9.681,7.238,20,18,4,1374761.5,71,71,71,71,103,102,100,99,20.205,20.18,22.206,22.147,1217.453,92550,0,0,350,2967,3,11,1,0,0,28,23,14,19,8,3,FALSE,0,FALSE
978.5036,12.586,12.347,10.341,9.681,7.218,20,18,4,1362660.2,71,71,71,71,103,102,99,98,20.199,20.174,22.198,22.139,1274,92550,0,0,316,2950,3,11,1,0,0,28,23,14,19,8,3,FALSE,0,FALSE
979.00366,12.591,12.354,10.342,9.682,7.206,20,18,4,1359567,71,72,71,71,103,102,99,98,20.193,20.169,22.192,22.134,1315.246,92550,0,0,283,2950,3,11,1,0,0,28,23,14,19,8,3,FALSE,0,FALSE
979.5034,12.597,12.361,10.343,9.682,7.192,20,18,4,1350923.2,71,71,71,71,102,102,99,98,20.188,20.164,22.185,22.127,1357.059,92550,0,0,250,2884,3,11,1,0,0,28,23,14,19,8,3,FALSE,0,FALSE
980.00604,12.602,12.368,10.343,9.683,7.178,20,18,4,1342279.5,71,71,71,71,102,102,99,98,20.182,20.159,22.178,22.121,1399.457,92550,0,0,217,2884,3,11,1,0,0,28,23,14,19,8,3,FALSE,0,FALSE
980.5067,12.623,12.389,10.371,9.711,7.174,20,18,4,1373956,74,74,77,76,102,102,99,98,20.18,20.157,22.178,22.121,1437.934,92550,0,0,217,2817,3,11,1,0,0,28,23,14,19,8,3,FALSE,0,FALSE
981.0061,12.638,12.402,10.381,9.722,7.173,20,18,4,1404247.1,73,72,73,73,102,102,99,98,20.181,20.158,22.182,22.126,1468.121,92550,0,0,183,2817,3,11,1,0,0,28,23,14,19,8,3,FALSE,0,FALSE
981.5065,12.651,12.415,10.393,9.734,7.173,20,18,4,1429863,74,72,75,74,102,102,99,98,20.183,20.16,22.187,22.131,1492.383,92550,0,0,183,2817,3,11,1,0,0,28,23,14,19,8,3,FALSE,0,FALSE
982.0064,12.676,12.434,10.43,9.764,7.173,20,18,4,1450602.2,80,76,86,81,102,102,99,98,20.188,20.163,22.195,22.137,1511.426,92550,0,0,250,2883,3,11,1,0,0,28,23,14,19,8,3,FALSE,0,FALSE
982.5025,12.7,12.451,10.474,9.803,7.172,20,18,4,1464471.2,82,76,93,89,103,102,100,99,20.195,20.168,22.208,22.148,1527.508,92550,0,0,250,2883,3,11,1,0,0,28,23,14,19,8,3,FALSE,0,FALSE
983.0052,12.716,12.463,10.505,9.828,7.168,20,18,4,1470420.6,80,75,92,86,103,102,100,99,20.202,20.172,22.221,22.159,1551.617,92550,0,0,250,2883,3,11,1,0,0,28,23,14,19,8,3,FALSE,0,FALSE
983.49524,12.732,12.476,10.523,9.84,7.163,20,18,4,1476475.5,80,75,86,79,103,102,100,99,20.208,20.176,22.231,22.167,1570.348,92550,0,0,284,2917,3,11,1,0,0,28,23,14,19,8,3,FALSE,0,FALSE
984.005,12.747,12.489,10.539,9.853,7.156,20,18,4,1482622.5,79,75,82,76,103,102,100,99,20.213,20.179,22.239,22.172,1587.461,92550,0,0,284,2917,3,11,1,0,0,28,23,14,19,8,3,FALSE,0,FALSE
984.5049,12.778,12.515,10.551,9.863,7.148,20,18,4,1488632.2,85,81,78,74,103,102,100,99,20.219,20.183,22.245,22.176,1604.453,92550,0,0,284,3034,3,11,1,0,0,28,23,14,19,8,3,FALSE,0,FALSE
985.00226,12.797,12.534,10.555,9.868,7.137,20,18,4,1490670.1,80,77,73,71,103,102,100,99,20.225,20.188,22.248,22.179,1623.531,92550,0,0,384,3034,3,11,1,0,0,28,23,14,19,8,3,FALSE,0,FALSE
985.5028,12.811,12.549,10.557,9.87,7.124,20,18,4,1486910.4,77,76,72,70,103,102,100,99,20.228,20.191,22.249,22.18,1645.629,92550,0,0,384,3034,3,11,1,0,0,28,23,14,19,8,3,FALSE,0,FALSE
986.005,12.834,12.57,10.558,9.871,7.111,20,18,4,1488587.6,79,77,71,68,103,103,100,99,20.231,20.193,22.25,22.18,1670.312,92550,0,0,367,3033,3,11,1,0,0,28,23,14,19,8,3,FALSE,0,FALSE
986.5053,12.852,12.587,10.558,9.872,7.098,20,18,4,1483355.9,75,74,69,68,103,103,100,99,20.232,20.195,22.249,22.179,1697.367,92550,0,0,367,3033,3,11,1,0,0,28,23,14,19,8,3,FALSE,0,FALSE
987.00244,12.864,12.6,10.562,9.875,7.084,20,18,4,1476342,74,74,70,72,103,103,100,99,20.233,20.196,22.248,22.178,1726.383,92550,0,0,367,3033,3,11,1,0,0,28,23,14,19,8,3,FALSE,0,FALSE
987.50323,12.878,12.617,10.571,9.883,7.071,20,18,4,1473900.1,73,75,71,73,103,103,100,99,20.232,20.196,22.246,22.178,1757.238,92550,0,0,367,3033,3,11,1,0,0,28,23,14,19,8,3,FALSE,0,FALSE
988.0008,12.891,12.634,10.58,9.891,7.058,20,18,4,1465372,73,74,71,72,103,103,100,99,20.231,20.197,22.245,22.177,1789.777,92550,0,0,350,3033,3,11,1,0,0,28,23,14,19,8,3,FALSE,0,FALSE
988.50433,12.905,12.652,10.592,9.902,7.044,20,18,4,1456728.2,73,78,74,73,103,103,100,99,20.23,20.196,22.242,22.176,1824.969,92550,30671,0,350,3033,3,11,1,0,0,28,23,14,19,8,3,FALSE,0,FALSE
988.99805,12.929,12.675,10.618,9.927,7.039,20,18,4,1479231.2,78,75,81,78,103,103,100,99,20.229,20.197,22.242,22.175,1859.109,92550,30671,0,350,3033,3,11,1,0,0,28,23,14,19,8,3,FALSE,0,FALSE
989.5017,12.979,12.714,10.697,9.992,7.039,20,18,4,1505692,85,80,96,88,103,103,100,99,20.234,20.199,22.249,22.18,1887.645,92550,30671,0,350,3034,3,11,1,0,0,28,23,14,19,8,3,FALSE,0,FALSE
990.0032,13.014,12.74,10.776,10.056,7.037,20,18,4,1514086.5,83,77,97,90,103,103,100,99,20.239,20.202,22.259,22.187,1916.254,92550,30671,0,350,3034,3,11,1,0,0,28,23,14,19,8,3,FALSE,0,FALSE
990.5027,13.055,12.771,10.831,10.102,7.029,20,18,4,1520070,84,78,89,83,103,103,101,99,20.244,20.205,22.268,22.194,1944.199,92550,30671,0,367,3050,3,11,1,0,0,28,23,14,19,8,3,FALSE,0,FALSE
991.0053,13.079,12.79,10.85,10.119,7.019,20,18,4,1524125.2,79,74,78,75,104,103,101,99,20.247,20.206,22.272,22.196,1970.113,92550,30671,0,367,3066,3,11,1,0,0,28,23,14,19,8,3,FALSE,0,FALSE
991.5041,13.095,12.807,10.863,10.134,7.007,20,18,4,1523621.6,74,76,74,77,104,103,101,99,20.248,20.205,22.271,22.195,1997.797,92550,30671,0,400,3066,3,11,1,0,0,28,23,14,19,8,3,FALSE,0,FALSE
992.00323,13.124,12.843,10.899,10.181,6.998,20,18,4,1529076,78,80,79,86,104,103,101,99,20.248,20.207,22.271,22.198,2028.027,92550,30671,0,433,3116,3,11,1,0,0,28,23,14,19,8,3,FALSE,0,FALSE
992.50244,13.159,12.885,10.941,10.234,6.986,20,18,4,1533193.4,80,83,80,86,104,103,101,99,20.249,20.21,22.271,22.202,2058.285,92550,30671,0,433,3116,3,11,1,0,0,28,23,14,19,8,3,FALSE,0,FALSE
993.00446,13.194,12.926,10.968,10.264,6.973,20,18,4,1525714.2,78,81,76,79,104,103,101,100,20.25,20.213,22.271,22.203,2087.801,92550,30671,0,500,3116,3,11,1,0,0,28,23,14,19,8,3,FALSE,0,FALSE
993.50226,13.213,12.949,10.981,10.278,6.96,20,18,4,1523026.4,73,76,73,74,104,103,101,99,20.248,20.213,22.268,22.202,2119.195,92550,30671,0,500,3116,3,11,1,0,0,28,23,14,19,8,3,FALSE,0,FALSE
994.0048,13.226,12.967,10.99,10.286,6.946,20,18,4,1514390.9,73,76,72,73,103,103,101,99,20.245,20.212,22.264,22.198,2152.148,92550,30671,0,534,3250,3,11,1,0,0,28,23,14,19,8,3,FALSE,0,FALSE
994.50385,13.237,12.979,11,10.296,6.934,20,18,4,1516317.6,74,74,75,75,103,103,100,99,20.242,20.21,22.26,22.195,2185.902,92550,30671,0,567,3250,3,11,1,0,0,28,23,14,19,8,3,FALSE,0,FALSE
995.00183,13.258,13,11.024,10.323,6.933,20,18,4,1544465.8,76,75,77,77,103,103,101,99,20.243,20.211,22.263,22.198,2213.648,92550,30671,0,567,3250,3,11,1,0,0,28,23,14,19,8,3,FALSE,0,FALSE
995.5021,13.27,13.009,11.032,10.332,6.933,20,18,4,1569132.8,74,72,75,74,103,103,101,100,20.245,20.212,22.267,22.203,2235.312,92550,30671,0,567,3334,3,11,1,0,0,28,23,14,19,8,3,FALSE,0,FALSE
996.0068,13.284,13.021,11.05,10.348,6.933,20,18,4,1588845.9,76,73,80,76,104,103,101,100,20.247,20.214,22.272,22.207,2252.305,92550,30671,0,567,3334,3,11,1,0,0,28,23,14,19,8,3,FALSE,0,FALSE
996.5015,13.301,13.034,11.079,10.369,6.933,20,18,4,1604332.1,79,75,88,80,104,103,101,100,20.251,20.216,22.28,22.213,2264.965,92550,30671,0,617,3334,3,11,1,0,0,28,23,14,19,8,3,FALSE,0,FALSE
997.0066,13.309,13.041,11.113,10.391,6.932,20,18,4,1612830.6,77,74,96,84,104,103,101,100,20.255,20.219,22.291,22.221,2278.59,92550,30671,0,617,3250,3,11,1,0,0,28,23,14,19,8,3,FALSE,0,FALSE
997.50226,13.319,13.048,11.132,10.406,6.929,20,18,4,1618195.2,78,74,93,83,104,103,101,100,20.259,20.221,22.303,22.229,2294.102,92550,30671,0,617,3250,3,11,1,0,0,28,23,14,19,8,3,FALSE,0,FALSE
998.0019,13.329,13.057,11.14,10.412,6.924,20,18,4,1623942.1,78,74,85,78,104,103,101,100,20.263,20.223,22.312,22.235,2306.375,92550,30671,0,617,3250,3,11,1,0,0,28,23,14,19,8,3,FALSE,0,FALSE
998.5025,13.339,13.068,11.144,10.416,6.918,20,18,4,1629950.2,77,75,79,74,104,103,101,100,20.266,20.225,22.318,22.239,2318.891,92550,30671,0,533,3250,3,11,1,0,0,28,23,14,19,8,3,FALSE,0,FALSE
999.0028,13.357,13.087,11.147,10.419,6.909,20,18,4,1637241.8,80,78,74,71,104,103,101,100,20.27,20.228,22.321,22.241,2333.199,92550,30671,0,533,3333,3,11,1,0,0,28,23,14,19,8,3,FALSE,0,FALSE
999.5055,13.369,13.099,11.149,10.421,6.898,20,18,4,1644708.8,77,77,72,69,104,103,102,100,20.273,20.231,22.323,22.242,2349.938,92550,30671,0,533,3333,3,11,1,0,0,28,23,14,19,8,3,FALSE,0,FALSE
1000.0052,13.388,13.118,11.15,10.422,6.887,20,18,4,1654478.6,79,78,70,68,104,103,102,100,20.275,20.234,22.323,22.241,2369.805,92550,30671,0,616,3333,3,11,1,0,0,28,23,14,19,8,3,FALSE,0,FALSE
1000.50037,13.404,13.138,11.15,10.422,6.873,20,18,4,1648315.1,77,76,69,69,104,103,102,100,20.278,20.236,22.322,22.24,2392.309,92550,30671,0,616,3333,3,11,1,0,0,28,23,14,19,8,3,FALSE,0,FALSE
1001.00507,13.419,13.154,11.15,10.422,6.86,20,18,4,1618340.1,75,74,69,69,104,103,101,100,20.279,20.238,22.32,22.239,2417.66,92550,30671,0,583,3283,3,11,1,0,0,28,23,14,19,8,3,FALSE,0,FALSE
1001.5011,13.429,13.165,11.15,10.422,6.847,20,18,4,1610790.9,73,72,69,69,104,103,101,100,20.279,20.238,22.318,22.238,2445.348,92550,30671,0,583,3267,3,11,1,0,0,28,23,14,19,8,3,FALSE,0,FALSE
1002.0045,13.438,13.174,11.15,10.422,6.833,20,18,4,1603384.9,72,72,69,69,104,103,101,100,20.277,20.236,22.315,22.236,2475.125,92550,30671,0,567,3267,3,11,1,0,0,28,23,14,19,8,3,FALSE,0,FALSE
1002.5013,13.445,13.181,11.15,10.422,6.82,20,18,4,1600695,72,72,70,70,104,103,101,100,20.275,20.235,22.312,22.233,2506.613,92550,30671,0,566,3250,3,11,1,0,0,28,23,14,19,8,3,FALSE,0,FALSE
1003.00586,13.453,13.189,11.15,10.422,6.806,20,18,4,1592055.1,72,72,70,70,104,103,101,100,20.273,20.232,22.308,22.23,2539.676,92550,30671,0,566,3250,3,11,1,0,0,28,23,14,19,8,3,FALSE,0,FALSE
1003.50464,13.464,13.203,11.159,10.431,6.792,20,18,4,1583411.4,73,75,73,74,104,103,101,100,20.27,20.23,22.304,22.226,2574.266,92550,30671,0,567,3250,3,11,1,0,0,28,23,14,19,8,3,FALSE,0,FALSE
1004.0018,13.493,13.238,11.192,10.465,6.78,20,18,4,1580269.4,76,79,77,80,104,103,101,100,20.268,20.23,22.301,22.225,2609.523,92550,30671,0,567,3250,3,11,1,0,0,28,23,14,19,8,3,FALSE,0,FALSE
1004.5024,13.524,13.278,11.23,10.505,6.77,20,18,4,1588903.6,77,79,79,81,104,103,101,100,20.268,20.231,22.3,22.225,2645.559,92550,30671,0,550,3233,3,11,1,0,0,28,23,14,19,8,3,FALSE,0,FALSE
1005.0028,13.552,13.312,11.263,10.538,6.768,20,18,4,1617756.5,77,80,79,82,104,103,101,100,20.269,20.234,22.303,22.23,2676.316,92550,30671,0,550,3233,3,11,1,0,0,28,23,14,19,8,3,FALSE,0,FALSE
1005.50446,13.577,13.34,11.289,10.564,6.767,20,18,4,1642716.4,78,81,80,83,104,103,101,100,20.272,20.238,22.308,22.236,2699.105,92550,30671,0,567,3233,3,11,1,0,0,28,23,14,19,8,3,FALSE,0,FALSE
1006.00507,13.597,13.366,11.308,10.587,6.767,20,18,4,1663243.2,78,82,79,84,104,103,101,100,20.276,20.245,22.313,22.244,2717.105,92550,30671,0,567,3233,3,11,1,0,0,28,23,14,19,8,3,FALSE,0,FALSE
1006.5042,13.608,13.379,11.322,10.604,6.767,20,18,4,1680142.4,75,79,78,83,104,104,101,100,20.279,20.25,22.319,22.252,2731.469,92550,30671,0,567,3250,3,11,1,0,0,28,23,14,19,8,3,FALSE,0,FALSE
1006.99884,13.617,13.389,11.338,10.632,6.767,20,18,4,1692491,75,77,80,91,104,104,102,100,20.282,20.255,22.324,22.261,2743.117,92550,30671,0,584,3250,3,11,1,0,0,28,23,14,19,8,3,FALSE,0,FALSE
1007.5024,13.623,13.397,11.356,10.654,6.764,20,18,4,1697981.4,74,77,82,92,104,104,102,101,20.284,20.259,22.331,22.272,2763.84,92550,30671,0,584,3167,3,11,1,0,0,28,23,14,19,8,3,FALSE,0,FALSE
1008.00256,13.633,13.411,11.364,10.664,6.761,20,18,4,1703482.1,75,79,79,86,104,104,102,101,20.286,20.263,22.336,22.281,2773.605,92550,30671,0,584,3167,3,11,1,0,0,28,23,14,19,8,3,FALSE,0,FALSE
1008.5057,13.643,13.421,11.368,10.668,6.755,20,18,4,1709098.9,75,78,75,79,104,104,102,101,20.288,20.267,22.34,22.288,2785.219,92550,30671,0,584,3167,3,11,1,0,0,28,23,14,19,8,3,FALSE,0,FALSE
1009.002,13.659,13.436,11.368,10.669,6.746,20,18,4,1712479.6,79,79,71,74,104,104,102,101,20.291,20.271,22.341,22.291,2799.527,92550,30671,0,500,3167,3,11,1,0,0,28,23,14,19,8,3,FALSE,0,FALSE
1009.5001,13.682,13.456,11.368,10.669,6.735,20,18,4,1718089.6,81,81,69,70,104,104,102,101,20.295,20.275,22.341,22.292,2816.391,92550,30671,0,500,3167,3,11,1,0,0,28,23,14,19,8,3,FALSE,0,FALSE
1010.0017,13.704,13.478,11.368,10.669,6.723,20,18,4,1721666.5,79,79,68,69,104,104,102,101,20.3,20.28,22.34,22.292,2836.059,92550,30671,0,500,3167,3,11,1,0,0,28,23,14,19,8,3,FALSE,0,FALSE
1010.5017,13.736,13.508,11.368,10.669,6.71,20,18,4,1697473.5,82,81,68,69,105,104,102,101,20.304,20.284,22.339,22.291,2858.578,92550,30671,0,550,3200,3,11,1,0,0,28,23,14,19,8,3,FALSE,0,FALSE
1011.0025,13.756,13.528,11.368,10.669,6.697,20,18,4,1667144.6,76,76,69,69,105,104,102,101,20.306,20.287,22.337,22.29,2883.941,92550,30671,0,550,3183,3,11,1,0,0,28,23,14,19,8,3,FALSE,0,FALSE
1011.5046,13.77,13.542,11.368,10.669,6.684,20,18,4,1624343.1,73,73,69,69,105,104,102,101,20.306,20.287,22.335,22.288,2911.992,92550,30671,0,550,3183,3,11,1,0,0,28,23,14,19,8,3,FALSE,0,FALSE
1012.0018,13.779,13.551,11.368,10.669,6.67,20,18,4,1619417.5,71,71,70,70,105,104,102,101,20.305,20.285,22.332,22.286,2942.391,92550,30671,0,534,3167,3,11,1,0,0,28,23,14,19,8,3,FALSE,0,FALSE
1012.5042,13.786,13.559,11.368,10.669,6.657,20,18,4,1613684.1,71,71,70,70,105,104,102,101,20.302,20.283,22.329,22.283,2974.707,92550,30671,0,534,3167,3,11,1,0,0,28,23,14,19,8,3,FALSE,0,FALSE
1013.00116,13.794,13.567,11.368,10.669,6.643,20,18,4,1605040.4,71,71,70,70,104,104,102,101,20.299,20.281,22.325,22.28,3008.777,92550,30671,0,516,3167,3,11,1,0,0,28,23,14,19,8,3,FALSE,0,FALSE
1013.4999,13.801,13.573,11.368,10.669,6.629,20,18,4,1596396.6,71,71,71,70,104,104,101,101,20.296,20.278,22.321,22.276,3044.402,92550,30671,0,516,3150,3,11,1,0,0,28,23,14,19,8,3,FALSE,0,FALSE
1014.0014,13.807,13.58,11.368,10.669,6.616,20,18,4,1593378.6,71,71,71,71,104,104,101,101,20.292,20.274,22.317,22.272,3081.281,92550,30671,0,500,3134,3,11,1,0,0,28,23,14,19,8,3,FALSE,0,FALSE
1014.5006,13.813,13.586,11.368,10.669,6.603,20,18,4,1584734.9,72,72,71,72,104,104,101,101,20.288,20.27,22.312,22.267,3119.367,92550,30671,0,467,3100,3,11,1,0,0,28,23,14,19,8,3,FALSE,0,FALSE
1015.00146,13.82,13.592,11.368,10.669,6.589,20,18,4,1576091.1,71,71,71,71,104,104,101,100,20.284,20.266,22.306,22.262,3158.578,92550,30671,0,433,3100,3,11,1,0,0,28,23,14,19,8,3,FALSE,0,FALSE
1015.50256,13.825,13.598,11.368,10.669,6.576,20,18,4,1572820.5,71,71,71,71,104,104,101,100,20.279,20.261,22.3,22.256,3198.758,92550,30671,0,433,3067,3,11,1,0,0,28,23,14,19,8,3,FALSE,0,FALSE
1016.00433,13.831,13.604,11.368,10.669,6.562,20,18,4,1564176.8,71,71,71,71,104,104,101,100,20.274,20.256,22.294,22.25,3239.727,92550,30671,0,416,3067,3,11,1,0,0,28,23,14,19,8,3,FALSE,0,FALSE
1016.49567,13.837,13.609,11.368,10.669,6.549,20,18,4,1555533,71,71,71,71,104,104,101,100,20.268,20.251,22.287,22.243,3281.5,92550,30671,0,400,3017,3,11,1,0,0,28,23,14,19,8,3,FALSE,0,FALSE
1017.0007,13.843,13.615,11.368,10.669,6.535,20,18,4,1546889.2,71,71,71,71,104,103,101,100,20.262,20.245,22.28,22.236,3324.027,92550,30671,0,400,3017,3,11,1,0,0,28,23,14,19,8,3,FALSE,0,FALSE
1017.4997,13.857,13.628,11.386,10.687,6.526,20,18,4,1562404,74,74,76,76,104,103,101,100,20.258,20.24,22.275,22.232,3365.617,92550,30671,0,366,2950,3,11,1,0,0,28,23,14,19,8,3,FALSE,0,FALSE
1017.9997,13.874,13.646,11.404,10.705,6.524,20,18,4,1594627.1,73,73,74,74,104,103,101,100,20.258,20.241,22.279,22.236,3399.031,92550,30671,0,334,2950,3,11,1,0,0,28,23,14,19,8,3,FALSE,0,FALSE
1018.4998,13.887,13.664,11.426,10.727,6.524,20,18,4,1622560.4,72,77,78,79,104,103,101,100,20.258,20.243,22.283,22.241,3426.297,92550,30671,0,334,2950,3,11,1,0,0,28,23,14,19,8,3,FALSE,0,FALSE
1019.0045,13.91,13.695,11.463,10.775,6.523,20,18,4,1635040.1,76,81,82,88,104,104,101,100,20.26,20.247,22.289,22.249,3449.977,92550,30671,0,400,3000,3,11,1,0,0,28,23,14,19,8,3,FALSE,0,FALSE
1019.5007,13.932,13.725,11.512,10.836,6.522,20,18,4,1648004.6,77,83,89,97,104,104,101,100,20.263,20.252,22.297,22.26,3476.668,92550,30671,0,400,3000,3,11,1,0,0,28,23,14,19,8,3,FALSE,0,FALSE
1019.99896,13.957,13.758,11.565,10.9,6.515,20,18,4,1655134,79,85,91,99,104,104,101,101,20.266,20.259,22.306,22.273,3500.465,92550,30671,0,383,2983,3,11,1,0,0,28,23,14,19,8,3,FALSE,0,FALSE
1020.50446,13.98,13.788,11.609,10.957,6.509,20,18,4,1662433.6,78,83,89,97,104,104,101,101,20.269,20.265,22.315,22.285,3521.59,92550,30671,0,383,2983,3,11,1,0,0,28,23,14,19,8,3,FALSE,0,FALSE
1021.00055,14.018,13.833,11.635,10.991,6.498,20,18,4,1668931.4,84,90,82,88,104,104,101,101,20.273,20.271,22.321,22.295,3542.969,92550,30671,0,383,2983,3,11,1,0,0,28,23,14,19,8,3,FALSE,0,FALSE
1021.5018,14.077,13.903,11.656,11.014,6.487,20,18,4,1673999.1,91,97,78,83,104,104,102,101,20.28,20.281,22.324,22.3,3565.434,92550,30671,0,400,2983,3,11,1,0,0,28,23,14,19,8,3,FALSE,0,FALSE
1022.0044,14.141,13.976,11.668,11.028,6.473,20,18,4,1671068.1,90,95,74,76,104,104,102,101,20.289,20.293,22.326,22.303,3589.535,92550,30671,0,400,3084,3,11,1,0,0,28,23,14,19,8,3,FALSE,0,FALSE
1022.50385,14.163,13.998,11.681,11.04,6.46,20,18,4,1670436.2,79,82,75,77,104,104,102,101,20.292,20.297,22.325,22.303,3615.902,92550,30671,0,500,3084,3,11,1,0,0,28,23,14,19,8,3,FALSE,0,FALSE
1023.0055,14.209,14.053,11.713,11.075,6.447,20,18,4,1663571.6,83,88,79,82,104,105,102,101,20.294,20.301,22.326,22.305,3643.809,92550,30671,0,567,3134,3,11,1,0,0,28,23,14,19,8,3,FALSE,0,FALSE
1023.5034,14.251,14.105,11.744,11.108,6.434,20,18,4,1661451.4,79,85,78,80,104,105,102,101,20.297,20.307,22.327,22.307,3673.215,92550,30671,0,567,3134,3,11,1,0,0,28,23,14,19,8,3,FALSE,0,FALSE
1024.001,14.268,14.126,11.755,11.118,6.42,20,18,4,1653393.1,74,77,73,73,104,105,102,101,20.296,20.308,22.325,22.306,3704.273,92550,30671,0,633,3134,3,11,1,0,0,28,23,14,19,8,3,FALSE,0,FALSE
1024.5026,14.284,14.139,11.766,11.129,6.406,20,18,4,1644789.8,76,75,76,73,104,105,102,101,20.294,20.306,22.323,22.303,3736.98,92550,30671,0,633,3183,3,11,1,0,0,28,23,14,19,8,3,FALSE,0,FALSE
1025.0016,14.327,14.175,11.812,11.17,6.393,20,18,4,1636146,83,80,85,80,104,105,102,101,20.294,20.304,22.322,22.301,3770.676,92550,30671,0,683,3233,3,11,1,0,0,28,23,14,19,8,3,FALSE,0,FALSE
1025.503,14.378,14.218,11.868,11.222,6.379,20,18,4,1627502.2,84,80,86,82,104,105,102,101,20.295,20.304,22.323,22.301,3805.809,92550,30671,0,700,3233,3,11,1,0,0,28,23,14,19,8,3,FALSE,0,FALSE
1026.0046,14.433,14.264,11.934,11.282,6.366,20,18,4,1624204.5,85,80,89,84,104,105,102,101,20.297,20.304,22.324,22.3,3842.047,92550,30671,0,717,3250,3,11,1,0,0,28,23,14,19,8,3,FALSE,0,FALSE
1026.5037,14.501,14.321,12.024,11.361,6.353,20,18,4,1615560.8,87,83,93,88,104,105,102,101,20.299,20.304,22.327,22.301,3878.43,92550,30671,0,717,3250,3,11,1,0,0,28,23,14,19,8,3,FALSE,0,FALSE
1027.0021,14.558,14.368,12.094,11.423,6.34,20,18,4,1606917,84,80,88,83,105,105,102,101,20.301,20.303,22.329,22.301,3914.586,92550,30671,0,733,3283,3,11,1,0,0,28,23,14,19,8,3,FALSE,0,FALSE
1027.501,14.612,14.413,12.153,11.477,6.326,20,18,4,1598273.2,84,80,85,82,105,105,102,101,20.301,20.302,22.329,22.299,3950.195,92550,30671,0,750,3283,3,11,1,0,0,28,23,14,19,8,3,FALSE,0,FALSE
1028.4994,14.647,14.441,12.172,11.497,6.299,20,18,4,1582232.8,73,73,72,71,104,104,101,101,20.294,20.292,22.318,22.287,4022.906,92550,30671,40059,750,3283,3,11,1,0,0,28,23,14,19,8,3,FALSE,0,FALSE
1029.0046,14.667,14.459,12.197,11.523,6.296,20,18,4,1612225,75,74,77,76,104,104,101,101,20.291,20.289,22.317,22.287,4055.602,92550,30671,40059,750,3283,3,11,1,0,0,28,23,14,19,8,3,FALSE,0,FALSE
1029.5009,14.695,14.481,12.231,11.554,6.295,20,18,4,1639354.9,80,75,85,80,104,104,102,101,20.292,20.289,22.322,22.29,4081.094,92550,30671,40059,800,3333,3,11,1,0,0,28,23,14,19,8,3,FALSE,0,FALSE
1030.0038,14.725,14.503,12.275,11.589,6.295,20,18,4,1657781.9,82,76,89,82,104,104,102,101,20.296,20.29,22.329,22.296,4102.992,92550,30671,40059,800,3333,3,11,1,0,0,28,23,14,19,8,3,FALSE,0,FALSE
1030.5037,14.748,14.519,12.319,11.622,6.293,20,18,4,1667827.1,81,76,93,84,104,104,102,101,20.3,20.292,22.338,22.301,4123.781,92550,30671,40059,800,3367,3,11,1,0,0,28,23,14,19,8,3,FALSE,0,FALSE
1031.0042,14.775,14.536,12.37,11.666,6.289,20,18,4,1675224,84,75,95,90,105,104,102,101,20.303,20.292,22.348,22.308,4146.562,92550,30671,40059,834,3367,3,11,1,0,0,28,23,14,19,8,3,FALSE,0,FALSE
1031.4998,14.799,14.559,12.423,11.699,6.281,20,18,4,1681887.8,82,79,97,86,105,104,102,101,20.307,20.294,22.359,22.315,4169.258,92550,30671,40059,834,3367,3,11,1,0,0,28,23,14,19,8,3,FALSE,0,FALSE
1032.0035,14.833,14.587,12.455,11.724,6.273,20,18,4,1688451,86,81,89,81,105,104,102,101,20.311,20.296,22.367,22.319,4189.621,92550,30671,40059,800,3317,3,11,1,0,0,28,23,14,19,8,3,FALSE,0,FALSE
1032.5037,14.866,14.616,12.467,11.733,6.261,20,18,4,1692996.5,82,80,78,74,105,104,102,101,20.316,20.299,22.371,22.321,4211.18,92550,30671,40059,800,3317,3,11,1,0,0,28,23,14,19,8,3,FALSE,0,FALSE
1033.0007,14.881,14.632,12.468,11.735,6.247,20,18,4,1676829.8,77,76,72,71,105,104,102,101,20.317,20.299,22.37,22.319,4235.512,92550,30671,40059,850,3367,3,11,1,0,0,28,23,14,19,8,3,FALSE,0,FALSE
1033.5013,14.897,14.648,12.468,11.736,6.235,20,18,4,1641413.1,78,74,69,71,105,104,102,101,20.317,20.298,22.368,22.317,4262.652,92550,30671,40059,850,3367,3,11,1,0,0,28,23,14,19,8,3,FALSE,0,FALSE
1034.0026,14.912,14.66,12.468,11.737,6.221,20,18,4,1593170.8,75,74,70,70,105,104,102,101,20.316,20.296,22.364,22.314,4292.133,92550,30671,40059,833,3367,3,11,1,0,0,28,23,14,19,8,3,FALSE,0,FALSE
1034.5033,14.922,14.67,12.468,11.737,6.208,20,18,4,1544067,73,73,70,70,105,104,102,101,20.313,20.293,22.361,22.311,4323.68,92550,30671,40059,833,3383,3,11,1,0,0,28,23,14,19,8,3,FALSE,0,FALSE
1034.9966,14.932,14.68,12.468,11.737,6.194,20,18,4,1486452,73,73,71,71,105,104,102,101,20.31,20.29,22.356,22.307,4357.219,92550,30671,40059,833,3383,3,11,1,0,0,28,23,14,19,8,3,FALSE,0,FALSE
1035.5022,14.94,14.689,12.468,11.737,6.181,20,18,4,1434415.1,72,72,70,70,105,104,102,101,20.306,20.287,22.351,22.302,4392.52,92550,30671,40059,833,3383,3,11,1,0,0,28,23,14,19,8,3,FALSE,0,FALSE
1036.0011,14.948,14.698,12.468,11.737,6.168,20,18,4,1376800.1,73,73,70,70,105,104,102,101,20.302,20.283,22.346,22.297,4429.191,92550,30671,40059,833,3367,3,11,1,0,0,28,23,14,19,8,3,FALSE,0,FALSE
1036.5009,14.957,14.706,12.468,11.737,6.154,20,18,4,1319185.1,73,73,71,71,104,104,102,101,20.298,20.279,22.34,22.292,4467.266,92550,30671,40059,800,3333,3,11,1,0,0,28,23,14,19,8,3,FALSE,0,FALSE
1036.9995,14.965,14.715,12.468,11.737,6.14,20,18,4,1261570.1,73,73,71,71,104,104,102,101,20.293,20.274,22.334,22.286,4506.598,92550,30671,40059,783,3300,3,11,1,0,0,28,23,14,19,8,3,FALSE,0,FALSE
1037.5037,14.972,14.723,12.468,11.737,6.126,20,18,4,1203955.1,73,73,71,71,104,104,102,101,20.288,20.269,22.327,22.279,4547.031,92550,30671,40059,750,3300,3,11,1,0,0,28,23,14,19,8,3,FALSE,0,FALSE
1038.0006,14.979,14.73,12.468,11.737,6.113,20,18,4,1152086.2,73,73,71,71,104,104,101,101,20.282,20.263,22.32,22.273,4588.434,92550,30671,40059,750,3283,3,11,1,0,0,28,23,14,19,8,3,FALSE,0,FALSE
1038.5016,14.986,14.738,12.468,11.737,6.099,20,18,4,1094471.2,74,74,72,72,104,104,101,101,20.276,20.258,22.313,22.266,4630.539,92550,30671,40059,683,3250,3,11,1,0,0,28,23,14,19,8,3,FALSE,0,FALSE
1038.9988,14.994,14.745,12.468,11.737,6.086,20,18,4,1036856.25,74,74,72,72,104,104,101,100,20.271,20.252,22.306,22.259,4673.449,92550,30671,40059,634,3250,3,11,1,0,0,28,23,14,19,8,3,FALSE,0,FALSE
1039.5043,15.001,14.753,12.468,11.737,6.072,20,18,4,979241.25,74,74,72,72,104,104,101,100,20.265,20.247,22.298,22.251,4717.047,92550,30671,40059,617,3167,3,11,1,0,0,28,23,14,19,8,3,FALSE,0,FALSE
1040.0027,15.007,14.758,12.468,11.737,6.058,20,18,4,960804.75,74,74,72,72,104,103,101,100,20.258,20.24,22.29,22.243,4761.129,92550,30671,40059,617,3167,3,11,1,0,0,28,23,14,19,8,3,FALSE,0,FALSE
1040.5002,15.013,14.764,12.468,11.737,6.044,20,18,4,952162.9,73,73,72,71,104,103,101,100,20.252,20.234,22.282,22.235,4805.426,92550,30671,40059,567,3167,3,11,1,0,0,28,23,14,19,8,3,FALSE,0,FALSE
1041.0009,15.034,14.785,12.498,11.766,6.039,20,18,4,982407.8,74,74,77,77,104,103,101,100,20.248,20.23,22.28,22.234,4845.688,92550,30671,40059,517,3084,3,11,1,0,0,28,23,14,19,8,3,FALSE,0,FALSE
1041.5018,15.053,14.807,12.521,11.787,6.038,20,18,4,1012882.7,74,74,76,76,104,103,101,100,20.249,20.231,22.285,22.239,4876.727,92550,30671,40059,517,3084,3,11,1,0,0,28,23,14,19,8,3,FALSE,0,FALSE
1041.9994,15.071,14.822,12.539,11.806,6.038,20,18,4,1038232.06,77,74,79,77,104,103,101,100,20.251,20.233,22.291,22.245,4900.785,92550,30671,40059,517,3084,3,11,1,0,0,28,23,14,19,8,3,FALSE,0,FALSE
1042.5013,15.102,14.846,12.584,11.84,6.038,20,18,4,1057741.2,83,78,90,83,104,103,101,100,20.256,20.237,22.3,22.252,4919.547,92550,30671,40059,534,3100,3,11,1,0,0,28,23,14,19,8,3,FALSE,0,FALSE
1043.0028,15.124,14.863,12.631,11.873,6.038,20,18,4,1068330.8,81,77,97,86,104,103,101,100,20.264,20.241,22.313,22.262,4936.539,92550,30671,40059,534,3100,3,11,1,0,0,28,23,14,19,8,3,FALSE,0,FALSE
1043.5022,15.137,14.872,12.663,11.895,6.035,20,18,4,1074632.5,80,76,94,83,104,103,102,101,20.268,20.245,22.326,22.27,4957.293,92550,30671,40059,533,3083,3,11,1,0,0,28,23,14,19,8,3,FALSE,0,FALSE
1044.0007,15.148,14.881,12.673,11.903,6.029,20,18,4,1080731.4,77,73,84,77,104,104,102,101,20.272,20.247,22.335,22.277,4972.172,92550,30671,40059,533,3083,3,11,1,0,0,28,23,14,19,8,3,FALSE,0,FALSE
1044.5004,15.163,14.894,12.68,11.909,6.02,20,18,4,1084229.5,77,75,77,73,104,104,102,101,20.275,20.249,22.341,22.28,4989.211,92550,30671,40059,533,3233,3,11,1,0,0,28,23,14,19,8,3,FALSE,0,FALSE
1044.9999,15.178,14.911,12.684,11.913,6.009,20,18,4,1082385.8,78,76,74,71,104,104,102,101,20.278,20.251,22.344,22.282,5008.203,92550,30671,40059,683,3233,3,11,1,0,0,28,23,14,19,8,3,FALSE,0,FALSE
1045.5009,15.201,14.934,12.688,11.917,5.996,20,18,4,1065229.9,80,80,72,70,104,104,102,101,20.281,20.254,22.345,22.283,5029.418,92550,30671,40059,683,3233,3,11,1,0,0,28,23,14,19,8,3,FALSE,0,FALSE
1046.0011,15.228,14.962,12.692,11.921,5.982,20,18,4,1030454.56,78,78,72,70,104,104,102,101,20.285,20.257,22.346,22.283,5053.605,92550,30671,40059,817,3300,3,11,1,0,0,28,23,14,19,8,3,FALSE,0,FALSE
1046.4989,15.242,14.976,12.693,11.923,5.97,20,18,4,993336.56,75,74,71,69,104,104,102,101,20.286,20.259,22.345,22.282,5081.039,92550,30671,40059,817,3300,3,11,1,0,0,28,23,14,19,8,3,FALSE,0,FALSE
1046.9972,15.255,14.987,12.694,11.923,5.957,20,18,4,948497,74,73,70,70,104,104,102,101,20.286,20.258,22.344,22.281,5111.227,92550,30671,40059,833,3300,3,11,1,0,0,28,23,14,19,8,3,FALSE,0,FALSE
1047.4965,15.265,14.998,12.694,11.923,5.943,20,18,4,892233,74,73,70,71,104,104,102,101,20.286,20.257,22.342,22.279,5143.391,92550,30671,40059,833,3300,3,11,1,0,0,28,23,14,19,8,3,FALSE,0,FALSE
1047.9982,15.274,15.007,12.694,11.923,5.929,20,18,4,834618,73,73,71,71,104,104,102,101,20.284,20.256,22.339,22.277,5177.531,92550,30671,40059,833,3283,3,11,1,0,0,28,23,14,19,8,3,FALSE,0,FALSE
1048.5018,15.281,15.014,12.694,11.923,5.916,20,18,4,816717.06,73,72,71,71,104,104,102,101,20.282,20.254,22.336,22.275,5213.234,92550,30671,40059,833,3283,3,11,1,0,0,28,23,14,19,8,3,FALSE,0,FALSE
1048.9985,15.287,15.02,12.694,11.923,5.903,20,18,4,808075.2,73,73,71,71,104,104,102,101,20.28,20.252,22.332,22.271,5250.023,92550,30671,40059,816,3266,3,11,1,0,0,28,23,14,19,8,3,FALSE,0,FALSE
1049.5021,15.293,15.026,12.694,11.923,5.889,20,18,4,799433.3,73,73,71,71,104,104,102,101,20.277,20.249,22.328,22.267,5287.816,92550,30671,40059,816,3250,3,11,1,0,0,28,23,14,19,8,3,FALSE,0,FALSE
1049.999,15.299,15.032,12.694,11.923,5.875,20,18,4,790791.44,72,72,71,71,104,103,102,101,20.273,20.246,22.323,22.263,5326.52,92550,30671,40059,800,3233,3,11,1,0,0,28,23,14,19,8,3,FALSE,0,FALSE
1050.4978,15.305,15.038,12.694,11.923,5.861,20,18,4,782149.56,71,71,71,71,104,103,101,100,20.269,20.241,22.318,22.258,5366.156,92550,30671,40059,800,3233,3,11,1,0,0,28,23,14,19,8,3,FALSE,0,FALSE
1051.0007,15.311,15.044,12.694,11.923,5.848,20,18,4,778876.5,71,71,71,71,104,103,101,100,20.264,20.237,22.312,22.252,5406.52,92550,30671,40059,766,3216,3,11,1,0,0,28,23,14,19,8,3,FALSE,0,FALSE
1051.5023,15.317,15.049,12.694,11.923,5.835,20,18,5,770234.6,71,71,71,71,104,103,101,100,20.259,20.232,22.306,22.246,38.824,93486,0,0,766,3183,3,12,1,0,0,28,23,14,19,8,3,FALSE,0,FALSE
1051.9974,15.323,15.055,12.694,11.923,5.821,20,18,5,761592.75,72,71,71,71,104,103,101,100,20.253,20.226,22.299,22.24,80.699,93486,0,0,750,3167,3,12,1,0,0,28,23,14,19,8,3,FALSE,0,FALSE
1052.4978,15.328,15.06,12.694,11.923,5.807,20,18,5,752950.9,72,72,72,71,104,103,101,100,20.247,20.22,22.292,22.233,123.211,93486,0,0,717,3150,3,12,1,0,0,28,23,14,19,8,3,FALSE,0,FALSE
1053.0009,15.334,15.066,12.694,11.923,5.793,20,18,5,744309,72,72,72,71,103,103,101,100,20.241,20.214,22.284,22.226,166.344,93486,0,0,700,3150,3,12,1,0,0,28,23,14,19,8,3,FALSE,0,FALSE
1053.4976,15.339,15.071,12.694,11.923,5.779,20,18,5,735667.1,71,71,71,71,103,103,101,100,20.234,20.208,22.276,22.219,210.027,93486,0,0,700,3116,3,12,1,0,0,28,23,14,19,8,3,FALSE,0,FALSE
1053.9984,15.344,15.077,12.694,11.923,5.766,20,18,5,727025.25,72,72,72,72,103,103,101,100,20.227,20.201,22.268,22.211,254.215,93486,0,0,650,3083,3,12,1,0,0,28,23,14,19,8,3,FALSE,0,FALSE
1055.0009,15.355,15.088,12.694,11.923,5.738,20,18,5,709779.75,72,72,72,71,103,102,100,99,20.213,20.187,22.251,22.194,343.832,93486,0,0,567,3000,3,12,1,0,0,28,23,14,19,8,3,FALSE,0,FALSE
1055.4973,15.36,15.093,12.694,11.923,5.724,20,18,5,701392.06,72,72,72,72,103,102,100,99,20.205,20.179,22.242,22.185,389.199,93486,0,0,567,3000,3,12,1,0,0,28,23,14,19,8,3,FALSE,0,FALSE
1055.9991,15.366,15.098,12.694,11.923,5.711,20,18,5,693215.3,72,72,72,72,103,102,100,99,20.197,20.171,22.233,22.177,434.875,93486,0,0,534,2967,3,12,1,0,0,28,23,14,19,8,3,FALSE,0,FALSE
1056.4982,15.371,15.104,12.694,11.923,5.697,20,18,5,685232.8,71,71,72,71,102,102,100,99,20.188,20.163,22.223,22.167,480.828,93486,0,0,483,2967,3,12,1,0,0,28,23,14,19,8,3,FALSE,0,FALSE
1056.9956,15.376,15.109,12.694,11.923,5.683,20,18,5,677432.5,72,71,72,72,102,102,100,99,20.18,20.155,22.214,22.158,527.043,93486,0,0,433,2866,3,12,1,0,0,28,23,14,19,8,3,FALSE,0,FALSE
1057.4976,15.381,15.114,12.694,11.923,5.669,20,18,5,669798.6,70,70,71,71,102,102,100,99,20.171,20.146,22.204,22.149,573.488,93486,0,0,384,2866,3,12,1,0,0,28,23,14,19,8,3,FALSE,0,FALSE
1058.0012,15.395,15.128,12.709,11.939,5.659,20,18,5,683038.94,74,75,76,75,102,102,99,98,20.163,20.139,22.197,22.142,618.945,93486,0,0,384,2866,3,12,1,0,0,28,23,14,19,8,3,FALSE,0,FALSE
1058.4973,15.419,15.151,12.738,11.969,5.658,20,18,5,718403.9,74,74,77,76,102,101,99,99,20.163,20.139,22.2,22.145,655.922,93486,0,0,350,2866,3,12,1,0,0,28,23,14,19,8,3,FALSE,0,FALSE
1059.0023,15.446,15.18,12.762,11.993,5.656,20,18,5,746503.1,77,78,77,77,102,102,100,99,20.166,20.142,22.207,22.152,684.016,93486,0,0,350,2767,3,12,1,0,0,28,23,14,19,8,3,FALSE,0,FALSE
1059.4949,15.464,15.201,12.774,12.008,5.656,20,18,5,769417,76,78,76,76,102,102,100,99,20.17,20.147,22.214,22.16,704.75,93486,0,0,334,2767,3,12,1,0,0,28,23,14,19,8,3,FALSE,0,FALSE
1059.9979,15.486,15.222,12.793,12.022,5.656,20,18,5,786608.25,80,79,81,77,102,102,100,99,20.176,20.153,22.222,22.167,719.934,93486,0,0,334,2767,3,12,1,0,0,28,23,14,19,8,3,FALSE,0,FALSE
1060.496,15.506,15.237,12.821,12.044,5.656,20,18,5,799958.2,82,79,88,81,102,102,100,99,20.184,20.159,22.232,22.175,731.102,93486,0,0,334,2767,3,12,1,0,0,28,23,14,19,8,3,FALSE,0,FALSE
1061.002,15.519,15.251,12.855,12.06,5.655,20,18,5,806303.25,81,80,98,82,102,102,100,99,20.192,20.166,22.245,22.184,745.648,93486,0,0,334,2750,3,12,1,0,0,28,23,14,19,8,3,FALSE,0,FALSE
1061.4983,15.53,15.262,12.869,12.07,5.651,20,18,5,810882.8,81,79,91,80,103,102,100,99,20.198,20.172,22.259,22.193,760.656,93486,0,0,333,2750,3,12,1,0,0,28,23,14,19,8,3,FALSE,0,FALSE
1061.9958,15.553,15.281,12.873,12.074,5.647,20,18,5,816367.94,85,81,83,75,103,102,101,99,20.206,20.179,22.269,22.199,771.066,93486,0,0,333,2766,3,12,1,0,0,28,23,14,19,8,3,FALSE,0,FALSE
1062.4993,15.562,15.291,12.876,12.076,5.64,20,18,5,821004.25,80,78,77,72,103,102,101,100,20.213,20.185,22.276,22.204,783,93486,0,0,333,2766,3,12,1,0,0,28,23,14,19,8,3,FALSE,0,FALSE
1062.9991,15.576,15.309,12.877,12.077,5.632,20,18,5,826590.56,79,79,72,70,103,102,101,100,20.219,20.19,22.28,22.207,797.25,93486,0,0,333,2766,3,12,1,0,0,28,23,14,19,8,3,FALSE,0,FALSE
1063.4991,15.594,15.327,12.881,12.082,5.622,20,18,5,836766.25,80,79,70,72,103,103,101,100,20.224,20.195,22.282,22.21,814.125,93486,0,0,350,2766,3,12,1,0,0,28,23,14,19,8,3,FALSE,0,FALSE
1063.9979,15.612,15.345,12.89,12.094,5.612,20,18,5,840835.6,78,79,72,75,103,103,101,100,20.228,20.2,22.284,22.213,832.758,93486,0,0,350,2700,3,12,1,0,0,28,23,14,19,8,3,FALSE,0,FALSE
1064.5005,15.627,15.363,12.901,12.105,5.603,20,18,5,847177.06,76,78,73,75,103,103,101,100,20.231,20.205,22.285,22.217,860.633,93486,0,0,300,2700,3,12,1,0,0,28,23,14,19,8,3,FALSE,0,FALSE
1065.0012,15.642,15.381,12.912,12.117,5.592,20,18,5,853493.94,74,78,74,75,103,103,101,100,20.233,20.208,22.287,22.219,881.582,93486,0,0,300,2683,3,12,1,0,0,28,23,14,19,8,3,FALSE,0,FALSE
1065.4979,15.664,15.405,12.921,12.125,5.579,20,18,5,854879,77,79,72,74,103,103,101,100,20.235,20.212,22.288,22.221,905.359,93486,0,0,300,2683,3,12,1,0,0,28,23,14,19,8,3,FALSE,0,FALSE
1065.9971,15.68,15.424,12.924,12.128,5.567,20,18,5,854629.4,76,75,69,72,103,103,101,100,20.236,20.214,22.287,22.222,931.938,93486,0,0,300,2683,3,12,1,0,0,28,23,14,19,8,3,FALSE,0,FALSE
1066.4978,15.701,15.443,12.928,12.133,5.553,20,18,5,847998.6,75,74,69,69,103,103,101,100,20.237,20.214,22.286,22.221,962.238,93486,0,0,333,2717,3,12,1,0,0,28,23,14,19,8,3,FALSE,0,FALSE
1066.9996,15.721,15.461,12.937,12.141,5.54,20,18,5,845969.9,76,74,73,71,103,103,101,100,20.238,20.215,22.285,22.219,993,93486,0,0,333,2717,3,12,1,0,0,28,23,14,19,8,3,FALSE,0,FALSE
1067.5016,15.736,15.473,12.942,12.147,5.526,20,18,5,837761,73,72,72,70,103,103,101,100,20.238,20.214,22.283,22.218,1024.242,93486,0,0,333,2700,3,12,1,0,0,28,23,14,19,8,3,FALSE,0,FALSE
1067.9951,15.747,15.482,12.944,12.149,5.512,20,18,5,829121,72,71,71,70,103,103,101,100,20.236,20.212,22.28,22.215,1057.406,93486,0,0,333,2716,3,12,1,0,0,28,23,14,19,8,3,FALSE,0,FALSE
1068.5017,15.756,15.489,12.945,12.151,5.5,20,18,5,825870.7,71,70,70,70,103,103,101,100,20.234,20.209,22.277,22.211,1092.219,93486,0,0,350,2716,3,12,1,0,0,28,23,14,19,8,3,FALSE,0,FALSE
1069.0011,15.763,15.496,12.945,12.151,5.486,20,18,5,817228.8,71,71,70,70,103,103,101,100,20.23,20.206,22.273,22.208,1128.297,93486,0,0,350,2700,3,12,1,0,0,28,23,14,19,8,3,FALSE,0,FALSE
1069.4966,15.769,15.503,12.945,12.151,5.472,20,18,5,808586.94,71,71,71,70,103,103,101,100,20.227,20.202,22.268,22.203,1165.66,93486,0,0,350,2683,3,12,1,0,0,28,23,14,19,8,3,FALSE,0,FALSE
1069.9998,15.775,15.509,12.945,12.151,5.458,20,18,5,799945.06,71,71,71,70,103,103,101,99,20.223,20.198,22.263,22.198,1204.215,93486,0,0,333,2667,3,12,1,0,0,28,23,14,19,8,3,FALSE,0,FALSE
1070.4993,15.781,15.515,12.945,12.151,5.445,20,18,5,791303.2,71,71,71,71,103,103,100,99,20.218,20.194,22.257,22.193,1243.848,93486,0,0,317,2667,3,12,1,0,0,28,23,14,19,8,3,FALSE,0,FALSE
1070.998,15.787,15.522,12.946,12.151,5.432,20,18,5,788060.44,71,71,71,71,103,102,100,99,20.213,20.189,22.251,22.187,1284.34,93486,0,0,300,2650,3,12,1,0,0,28,23,14,19,8,3,FALSE,0,FALSE
1071.5016,15.792,15.528,12.946,12.151,5.418,20,18,5,779418.56,71,71,71,71,103,102,100,99,20.208,20.184,22.244,22.181,1325.598,93486,0,0,300,2650,3,12,1,0,0,28,23,14,19,8,3,FALSE,0,FALSE
1072.0009,15.798,15.534,12.946,12.151,5.404,20,18,5,770776.7,71,71,71,71,103,102,100,99,20.202,20.179,22.238,22.175,1367.629,93486,0,0,267,2583,3,12,1,0,0,28,23,14,19,8,3,FALSE,0,FALSE
1072.5006,15.81,15.546,12.96,12.165,5.394,20,18,5,780459.6,73,73,76,76,103,102,100,99,20.197,20.174,22.232,22.17,1409.379,93486,0,0,233,2583,3,12,1,0,0,28,23,14,19,8,3,FALSE,0,FALSE
1073.001,15.828,15.563,12.98,12.183,5.393,20,18,5,813592.7,73,72,74,73,103,102,100,99,20.198,20.175,22.236,22.173,1443.465,93486,0,0,200,2583,3,12,1,0,0,28,23,14,19,8,3,FALSE,0,FALSE
1073.4989,15.838,15.581,12.991,12.189,5.392,20,18,5,841427.5,72,75,74,72,103,102,100,99,20.199,20.177,22.24,22.177,1471.277,93486,0,0,200,2550,3,12,1,0,0,28,23,14,19,8,3,FALSE,0,FALSE
1073.998,15.851,15.591,13.007,12.205,5.392,20,18,5,865884.5,75,72,78,76,103,102,100,99,20.2,20.179,22.244,22.182,1494.297,93486,0,0,200,2550,3,12,1,0,0,28,23,14,19,8,3,FALSE,0,FALSE
1074.5,15.878,15.61,13.057,12.243,5.392,20,18,5,884041.1,80,76,93,85,103,102,100,99,20.206,20.182,22.253,22.189,1512.828,93486,0,0,317,2550,3,12,1,0,0,28,23,14,19,8,3,FALSE,0,FALSE
1075.0002,15.895,15.621,13.101,12.282,5.391,20,18,5,896535.06,80,73,96,90,103,102,101,99,20.212,20.185,22.266,22.199,1530.75,93486,0,0,317,2700,3,12,1,0,0,28,23,14,19,8,3,FALSE,0,FALSE
1075.4988,15.912,15.634,13.138,12.31,5.387,20,18,5,902706.4,80,74,95,87,103,102,101,100,20.217,20.188,22.279,22.209,1556.73,93486,0,0,383,2700,3,12,1,0,0,28,23,14,19,8,3,FALSE,0,FALSE
1075.998,15.928,15.646,13.162,12.327,5.382,20,18,5,908898.5,79,74,90,81,103,102,101,100,20.222,20.191,22.289,22.217,1574.684,93486,0,0,383,2700,3,12,1,0,0,28,23,14,19,8,3,FALSE,0,FALSE
1076.4913,15.943,15.659,13.18,12.34,5.376,20,18,5,914939.25,79,75,85,78,103,103,101,100,20.226,20.193,22.298,22.223,1591.121,93486,0,0,383,2700,3,12,1,0,0,28,23,14,19,8,3,FALSE,0,FALSE
1076.9976,15.961,15.674,13.191,12.35,5.368,20,18,5,920299.2,79,75,79,74,103,103,101,100,20.231,20.196,22.303,22.226,1608.402,93486,0,0,400,2717,3,12,1,0,0,28,23,14,19,8,3,FALSE,0,FALSE
1077.4974,15.98,15.693,13.195,12.354,5.357,20,18,5,920692.3,79,77,73,71,103,103,101,100,20.235,20.199,22.306,22.228,1628.012,93486,0,0,400,2717,3,12,1,0,0,28,23,14,19,8,3,FALSE,0,FALSE
1077.9989,15.996,15.708,13.198,12.357,5.344,20,18,5,916862.6,76,76,72,69,103,103,101,100,20.238,20.201,22.306,22.228,1650.434,93486,0,0,400,2733,3,12,1,0,0,28,23,14,19,8,3,FALSE,0,FALSE
1078.4974,16.028,15.74,13.199,12.36,5.331,20,18,5,919086.5,80,78,71,69,103,103,101,100,20.24,20.205,22.306,22.228,1675.234,93486,0,0,400,2733,3,12,1,0,0,28,23,14,19,8,3,FALSE,0,FALSE
1078.9971,16.042,15.755,13.201,12.361,5.318,20,18,5,913016,73,74,69,69,103,103,101,100,20.242,20.206,22.304,22.226,1702.547,93486,0,0,400,2733,3,12,1,0,0,28,23,14,19,8,3,FALSE,0,FALSE
1079.4955,16.052,15.766,13.204,12.364,5.304,20,18,5,905859.4,73,73,70,71,103,103,101,100,20.241,20.206,22.302,22.225,1731.887,93486,0,0,400,2733,3,12,1,0,0,28,23,14,19,8,3,FALSE,0,FALSE
1079.9993,16.062,15.779,13.21,12.369,5.291,20,18,5,903208,72,74,71,72,103,103,101,100,20.24,20.206,22.3,22.223,1762.988,93486,0,0,400,2733,3,12,1,0,0,28,23,14,19,8,3,FALSE,0,FALSE
1080.4978,16.076,15.796,13.22,12.378,5.278,20,18,5,894621.56,73,75,72,73,103,103,101,100,20.239,20.206,22.297,22.222,1795.965,93486,0,0,400,2733,3,12,1,0,0,28,23,14,19,8,3,FALSE,0,FALSE
1080.9973,16.091,15.816,13.233,12.39,5.264,20,18,5,887553.56,72,76,73,73,103,103,101,100,20.237,20.206,22.295,22.22,1831.434,93486,29595,0,400,2733,3,12,1,0,0,28,23,14,19,8,3,FALSE,0,FALSE
1081.4968,16.12,15.841,13.276,12.428,5.262,20,18,5,916852.4,79,76,85,81,103,103,101,100,20.237,20.206,22.296,22.221,1862.871,93486,29595,0,400,2733,3,12,1,0,0,28,23,14,19,8,3,FALSE,0,FALSE
1082.0001,16.159,15.871,13.324,12.467,5.26,20,18,5,927307.4,81,77,86,80,103,103,101,100,20.242,20.209,22.303,22.226,1890.223,93486,29595,0,400,2733,3,12,1,0,0,28,23,14,19,8,3,FALSE,0,FALSE
1082.4968,16.196,15.892,13.377,12.516,5.257,20,18,5,936424.7,85,76,91,86,103,103,101,100,20.246,20.21,22.308,22.23,1919.551,93486,29595,0,400,2733,3,12,1,0,0,28,23,14,19,8,3,FALSE,0,FALSE
1083.0004,16.236,15.924,13.444,12.572,5.249,20,18,5,942494,84,78,93,86,104,103,101,100,20.252,20.212,22.317,22.237,1947.191,93486,29595,0,466,2800,3,12,1,0,0,28,23,14,19,8,3,FALSE,0,FALSE
1083.4974,16.271,15.953,13.467,12.592,5.238,20,18,5,942603.2,83,78,79,76,104,103,101,100,20.255,20.214,22.321,22.24,1973.148,93486,29595,0,466,2800,3,12,1,0,0,28,23,14,19,8,3,FALSE,0,FALSE
1083.9973,16.294,15.978,13.483,12.611,5.225,20,18,5,938665.06,78,79,75,79,104,103,101,100,20.257,20.215,22.321,22.239,2001.383,93486,29595,0,483,2800,3,12,1,0,0,28,23,14,19,8,3,FALSE,0,FALSE
1084.4973,16.325,16.018,13.523,12.66,5.214,20,18,5,943713.1,79,82,81,87,104,103,101,100,20.257,20.217,22.321,22.241,2032.898,93486,29595,0,484,2800,3,12,1,0,0,28,23,14,19,8,3,FALSE,0,FALSE
1084.9998,16.363,16.064,13.577,12.726,5.202,20,18,5,948257.44,81,85,84,91,104,103,102,100,20.258,20.22,22.322,22.246,2063.652,93486,29595,0,484,2800,3,12,1,0,0,28,23,14,19,8,3,FALSE,0,FALSE
1085.4991,16.401,16.109,13.607,12.762,5.19,20,18,5,951575.25,78,81,77,80,104,103,102,100,20.259,20.224,22.322,22.249,2093.34,93486,29595,0,516,2800,3,12,1,0,0,28,23,14,19,8,3,FALSE,0,FALSE
1086.0006,16.421,16.133,13.622,12.777,5.176,20,18,5,943306.1,74,77,73,75,104,103,101,100,20.258,20.224,22.319,22.247,2125.004,93486,29595,0,566,2800,3,12,1,0,0,28,23,14,19,8,3,FALSE,0,FALSE
1086.4994,16.431,16.145,13.626,12.78,5.162,20,18,5,934664.25,73,75,72,72,104,103,101,100,20.254,20.222,22.315,22.243,2158.195,93486,29595,0,566,2866,3,12,1,0,0,28,23,14,19,8,3,FALSE,0,FALSE
1086.9983,16.442,16.159,13.639,12.793,5.152,20,18,5,941540.4,74,75,76,76,104,103,101,100,20.251,20.22,22.311,22.24,2191.906,93486,29595,0,583,2866,3,12,1,0,0,28,23,14,19,8,3,FALSE,0,FALSE
1087.497,16.461,16.179,13.66,12.815,5.15,20,18,5,969257.8,75,75,77,77,104,103,101,100,20.252,20.221,22.314,22.243,2218.879,93486,29595,0,583,2866,3,12,1,0,0,28,23,14,19,8,3,FALSE,0,FALSE
1088.0001,16.479,16.194,13.677,12.833,5.15,20,18,5,992672.94,77,74,79,78,104,103,101,100,20.254,20.223,22.319,22.248,2239.551,93486,29595,0,583,2866,3,12,1,0,0,28,23,14,19,8,3,FALSE,0,FALSE
1088.4983,16.499,16.209,13.708,12.857,5.15,20,18,5,1011493.2,80,75,87,81,104,103,102,100,20.258,20.225,22.326,22.255,2255.379,93486,29595,0,583,2900,3,12,1,0,0,28,23,14,19,8,3,FALSE,0,FALSE
1088.9957,16.513,16.22,13.743,12.882,5.15,20,18,5,1026155.9,79,75,94,85,104,103,102,101,20.263,20.228,22.337,22.262,2267.977,93486,29595,0,617,2900,3,12,1,0,0,28,23,14,19,8,3,FALSE,0,FALSE
1089.4979,16.52,16.226,13.777,12.905,5.148,20,18,5,1034042.06,77,74,99,87,104,103,102,101,20.267,20.231,22.35,22.271,2283.785,93486,29595,0,617,2900,3,12,1,0,0,28,23,14,19,8,3,FALSE,0,FALSE
1090.0004,16.534,16.237,13.791,12.916,5.144,20,18,5,1039865.7,80,75,91,83,104,103,102,101,20.27,20.233,22.361,22.279,2298.281,93486,29595,0,617,2783,3,12,1,0,0,28,23,14,19,8,3,FALSE,0,FALSE
1090.4993,16.55,16.25,13.802,12.925,5.139,20,18,5,1046192.3,81,77,86,79,104,103,102,101,20.275,20.236,22.37,22.284,2310.68,93486,29595,0,617,2783,3,12,1,0,0,28,23,14,19,8,3,FALSE,0,FALSE
1090.9989,16.563,16.262,13.808,12.93,5.132,20,18,5,1053146.4,79,76,79,74,104,103,102,101,20.28,20.239,22.375,22.288,2323.52,93486,29595,0,500,2783,3,12,1,0,0,28,23,14,19,8,3,FALSE,0,FALSE
1091.4991,16.573,16.272,13.812,12.934,5.123,20,18,5,1060537.9,77,75,76,72,104,103,102,101,20.283,20.241,22.378,22.29,2338.398,93486,29595,0,500,2783,3,12,1,0,0,28,23,14,19,8,3,FALSE,0,FALSE
1091.9995,16.588,16.284,13.814,12.935,5.113,20,18,5,1068321.8,78,75,73,69,104,103,102,101,20.285,20.242,22.38,22.29,2355.797,93486,29595,0,500,2800,3,12,1,0,0,28,23,14,19,8,3,FALSE,0,FALSE
1092.4974,16.612,16.309,13.814,12.935,5.102,20,18,5,1075299.1,83,81,71,69,104,103,102,101,20.288,20.245,22.38,22.289,2375.852,93486,29595,0,517,2800,3,12,1,0,0,28,23,14,19,8,3,FALSE,0,FALSE
1093.0001,16.642,16.345,13.814,12.935,5.088,20,18,5,1051921.8,82,81,69,70,104,104,102,101,20.293,20.25,22.378,22.288,2398.547,93486,29595,0,517,2800,3,12,1,0,0,28,23,14,19,8,3,FALSE,0,FALSE
1093.4952,16.657,16.361,13.814,12.935,5.076,20,18,5,1021177.4,75,75,69,69,104,104,102,101,20.295,20.252,22.376,22.287,2424.066,93486,29595,0,534,2800,3,12,1,0,0,28,23,14,19,8,3,FALSE,0,FALSE
1093.996,16.669,16.375,13.814,12.935,5.062,20,18,5,977243.2,74,73,69,69,104,104,102,101,20.294,20.251,22.373,22.285,2452.074,93486,29595,0,534,2800,3,12,1,0,0,28,23,14,19,8,3,FALSE,0,FALSE
1094.4977,16.679,16.384,13.814,12.935,5.049,20,18,5,952416.06,72,72,70,69,104,104,102,101,20.293,20.25,22.37,22.282,2482.359,93486,29595,0,533,2800,3,12,1,0,0,28,23,14,19,8,3,FALSE,0,FALSE
1094.9962,16.687,16.392,13.814,12.935,5.036,20,18,5,944001.06,72,72,70,70,104,104,102,101,20.291,20.248,22.366,22.279,2514.293,93486,29595,0,534,2800,3,12,1,0,0,28,23,14,19,8,3,FALSE,0,FALSE
1095.4963,16.695,16.401,13.816,12.937,5.022,20,18,5,935359.2,72,72,70,70,104,103,102,101,20.288,20.246,22.362,22.276,2547.879,93486,29595,0,534,2800,3,12,1,0,0,28,23,14,19,8,3,FALSE,0,FALSE
1095.9954,16.709,16.42,13.829,12.95,5.008,20,18,5,929446.06,74,76,73,75,104,103,102,101,20.285,20.244,22.358,22.273,2582.863,93486,29595,0,533,2800,3,12,1,0,0,28,23,14,19,8,3,FALSE,0,FALSE
1096.4962,16.731,16.448,13.853,12.973,4.995,20,18,5,923481.75,75,77,75,77,104,103,102,101,20.283,20.243,22.355,22.271,2618.266,93486,29595,0,517,2800,3,12,1,0,0,28,23,14,19,8,3,FALSE,0,FALSE
1096.9952,16.756,16.479,13.888,13.007,4.991,20,18,5,948623.3,76,78,79,81,104,103,102,101,20.282,20.244,22.354,22.272,2653.371,93486,29595,0,517,2800,3,12,1,0,0,28,23,14,19,8,3,FALSE,0,FALSE
1097.4995,16.782,16.511,13.917,13.036,4.989,20,18,5,975475.56,76,80,79,81,104,104,102,101,20.284,20.248,22.358,22.277,2680.789,93486,29595,0,517,2783,3,12,1,0,0,28,23,14,19,8,3,FALSE,0,FALSE
1097.9963,16.795,16.527,13.93,13.049,4.989,20,18,5,998810.44,74,77,76,78,104,104,102,101,20.286,20.252,22.362,22.283,2701.699,93486,29595,0,533,2783,3,12,1,0,0,28,23,14,19,8,3,FALSE,0,FALSE
1098.4999,16.803,16.538,13.941,13.061,4.989,20,18,5,1018671.3,72,75,75,78,104,104,102,101,20.287,20.255,22.366,22.288,2719.012,93486,29595,0,533,2783,3,12,1,0,0,28,23,14,19,8,3,FALSE,0,FALSE
1098.9961,16.816,16.554,13.961,13.088,4.989,20,18,5,1034504.44,75,79,80,86,104,104,102,101,20.289,20.258,22.37,22.295,2732.66,93486,29595,0,533,2783,3,12,1,0,0,28,23,14,19,8,3,FALSE,0,FALSE
1099.4977,16.824,16.564,13.983,13.121,4.989,20,18,5,1045414.56,74,77,84,95,104,104,102,101,20.292,20.263,22.377,22.305,2743.223,93486,29595,0,567,2833,3,12,1,0,0,28,23,14,19,8,3,FALSE,0,FALSE
1099.9955,16.83,16.57,13.995,13.139,4.986,20,18,5,1050208.8,74,76,83,92,104,104,103,101,20.294,20.266,22.384,22.318,2762.301,93486,29595,0,567,2833,3,12,1,0,0,28,23,14,19,8,3,FALSE,0,FALSE
1100.4987,16.835,16.577,14,13.145,4.983,20,18,5,1055263,72,75,78,85,104,104,103,102,20.295,20.27,22.389,22.327,2772.109,93486,29595,0,567,2850,3,12,1,0,0,28,23,14,19,8,3,FALSE,0,FALSE
1100.9998,16.841,16.583,14.002,13.147,4.978,20,18,5,1060860,72,74,74,78,104,104,103,102,20.296,20.272,22.391,22.332,2782.945,93486,29595,0,567,2850,3,12,1,0,0,28,23,14,19,8,3,FALSE,0,FALSE
1101.4993,16.848,16.59,14.003,13.148,4.97,20,18,5,1064962.8,73,74,71,73,104,104,103,102,20.296,20.274,22.392,22.335,2796.301,93486,29595,0,600,2850,3,12,1,0,0,28,23,14,19,8,3,FALSE,0,FALSE
1101.9977,16.859,16.604,14.003,13.148,4.96,20,18,5,1069480,75,76,68,71,104,104,103,102,20.298,20.276,22.392,22.336,2812.141,93486,29595,0,600,2850,3,12,1,0,0,28,23,14,19,8,3,FALSE,0,FALSE
1102.4968,16.886,16.628,14.003,13.148,4.949,20,18,5,1071640.4,82,81,68,69,105,104,103,102,20.301,20.279,22.391,22.336,2830.676,93486,29595,0,600,2950,3,12,1,0,0,28,23,14,19,8,3,FALSE,0,FALSE
1102.9989,16.918,16.658,14.003,13.148,4.936,20,18,5,1051253.2,83,83,68,69,105,104,103,102,20.305,20.284,22.389,22.334,2852.039,93486,29595,0,700,2950,3,12,1,0,0,28,23,14,19,8,3,FALSE,0,FALSE
1103.4983,16.945,16.684,14.003,13.148,4.923,20,18,5,1025128.8,78,78,69,69,105,104,103,102,20.309,20.288,22.387,22.333,2876.363,93486,29595,0,700,2950,3,12,1,0,0,28,23,14,19,8,3,FALSE,0,FALSE
1103.9995,16.958,16.696,14.003,13.148,4.91,20,18,5,1012630,73,73,70,69,105,104,103,102,20.31,20.288,22.384,22.331,2903.301,93486,29595,0,716,2950,3,12,1,0,0,28,23,14,19,8,3,FALSE,0,FALSE
1104.496,16.967,16.706,14.003,13.148,4.896,20,18,5,1005442.44,72,72,70,70,105,104,103,102,20.309,20.287,22.381,22.328,2932.586,93486,29595,0,716,2950,3,12,1,0,0,28,23,14,19,8,3,FALSE,0,FALSE
1104.9967,16.975,16.713,14.003,13.148,4.883,20,18,5,1002737,71,71,70,70,105,104,102,102,20.307,20.285,22.378,22.326,2963.793,93486,29595,0,716,2950,3,12,1,0,0,28,23,14,19,8,3,FALSE,0,FALSE
1105.4983,16.983,16.721,14.003,13.148,4.87,20,18,5,994110.4,71,71,70,70,105,104,102,102,20.304,20.283,22.374,22.322,2996.84,93486,29595,0,700,2933,3,12,1,0,0,28,23,14,19,8,3,FALSE,0,FALSE
1105.9951,16.99,16.728,14.003,13.148,4.856,20,18,5,985468.5,71,71,71,71,105,104,102,101,20.301,20.28,22.37,22.318,3031.539,93486,29595,0,700,2900,3,12,1,0,0,28,23,14,19,8,3,FALSE,0,FALSE
1106.5,16.996,16.735,14.003,13.148,4.842,20,18,5,976826.6,71,71,71,71,104,104,102,101,20.297,20.277,22.366,22.314,3067.688,93486,29595,0,683,2900,3,12,1,0,0,28,23,14,19,8,3,FALSE,0,FALSE
1106.9991,17.002,16.741,14.003,13.148,4.829,20,18,5,973978.06,71,71,71,71,104,104,102,101,20.294,20.273,22.36,22.309,3105.035,93486,29595,0,666,2900,3,12,1,0,0,28,23,14,19,8,3,FALSE,0,FALSE
1107.4994,17.009,16.748,14.003,13.148,4.815,20,18,5,965336.2,71,71,71,71,104,104,102,101,20.289,20.269,22.355,22.304,3143.465,93486,29595,0,650,2883,3,12,1,0,0,28,23,14,19,8,3,FALSE,0,FALSE
1107.9971,17.015,16.754,14.003,13.148,4.802,20,18,5,956694.3,71,71,71,71,104,104,102,101,20.285,20.265,22.349,22.298,3182.961,93486,29595,0,650,2883,3,12,1,0,0,28,23,14,19,8,3,FALSE,0,FALSE
1108.4982,17.021,16.759,14.003,13.148,4.788,20,18,5,948052.44,71,71,71,71,104,104,102,101,20.28,20.26,22.342,22.292,3223.406,93486,29595,0,633,2867,3,12,1,0,0,28,23,14,19,8,3,FALSE,0,FALSE
1108.9952,17.027,16.765,14.003,13.148,4.775,20,18,5,944940.8,71,71,71,71,104,104,102,101,20.274,20.255,22.336,22.286,3264.602,93486,29595,0,617,2867,3,12,1,0,0,28,23,14,19,8,3,FALSE,0,FALSE
1109.4978,17.032,16.77,14.003,13.148,4.761,20,18,5,936298.94,72,71,72,71,104,104,102,101,20.269,20.249,22.328,22.279,3306.484,93486,29595,0,617,2817,3,12,1,0,0,28,23,14,19,8,3,FALSE,0,FALSE
1109.997,17.038,16.776,14.003,13.148,4.747,20,18,5,927657.06,72,71,71,71,104,103,101,101,20.263,20.243,22.321,22.271,3349.055,93486,29595,0,566,2817,3,12,1,0,0,28,23,14,19,8,3,FALSE,0,FALSE
1110.497,17.056,16.793,14.026,13.17,4.74,20,18,5,949997.44,74,75,77,77,104,103,101,101,20.259,20.239,22.317,22.269,3389.516,93486,29595,0,550,2766,3,12,1,0,0,28,23,14,19,8,3,FALSE,0,FALSE
1110.9966,17.087,16.826,14.073,13.213,4.739,20,18,5,981544.6,78,81,84,84,104,103,102,101,20.26,20.242,22.323,22.274,3421.023,93486,29595,0,550,2766,3,12,1,0,0,28,23,14,19,8,3,FALSE,0,FALSE
1111.4972,17.124,16.874,14.119,13.271,4.739,20,18,5,1008013.44,81,86,86,92,104,104,102,101,20.264,20.249,22.331,22.285,3445.633,93486,29595,0,533,2733,3,12,1,0,0,28,23,14,19,8,3,FALSE,0,FALSE
1111.9956,17.145,16.905,14.169,13.325,4.737,20,18,5,1023385.5,76,85,92,93,104,104,102,101,20.269,20.256,22.341,22.297,3470.145,93486,29595,0,533,2733,3,12,1,0,0,28,23,14,19,8,3,FALSE,0,FALSE
1112.4966,17.174,16.939,14.208,13.379,4.73,20,18,5,1030409,80,85,89,96,104,104,102,101,20.273,20.263,22.349,22.309,3495.121,93486,29595,0,533,2684,3,12,1,0,0,28,23,14,19,8,3,FALSE,0,FALSE
1112.9996,17.198,16.969,14.237,13.417,4.721,20,18,5,1037138.4,79,84,84,90,104,104,102,101,20.277,20.269,22.356,22.32,3516.688,93486,29595,0,484,2684,3,12,1,0,0,28,23,14,19,8,3,FALSE,0,FALSE
1113.4999,17.222,16.999,14.265,13.451,4.713,20,18,5,1043913.25,78,83,81,87,104,104,102,102,20.28,20.275,22.361,22.328,3538.355,93486,29595,0,484,2683,3,12,1,0,0,28,23,14,19,8,3,FALSE,0,FALSE
1114,17.256,17.039,14.29,13.479,4.701,20,18,5,1050106.5,82,88,80,84,104,104,102,102,20.283,20.281,22.365,22.334,3560.957,93486,29595,0,483,2683,3,12,1,0,0,28,23,14,19,8,3,FALSE,0,FALSE
1114.4988,17.32,17.113,14.308,13.5,4.688,20,18,5,1053566.5,92,98,76,78,104,104,102,102,20.289,20.29,22.368,22.338,3585.027,93486,29595,0,483,2683,3,12,1,0,0,28,23,14,19,8,3,FALSE,0,FALSE
1114.9963,17.341,17.136,14.321,13.513,4.675,20,18,5,1053263.6,79,82,76,78,104,104,102,102,20.293,20.296,22.368,22.339,3611.215,93486,29595,0,567,2767,3,12,1,0,0,28,23,14,19,8,3,FALSE,0,FALSE
1115.498,17.387,17.192,14.351,13.545,4.662,20,18,5,1046543.4,83,89,78,81,104,105,102,102,20.296,20.301,22.369,22.342,3639.27,93486,29595,0,567,2767,3,12,1,0,0,28,23,14,19,8,3,FALSE,0,FALSE
1115.9933,17.406,17.213,14.358,13.551,4.648,20,18,5,1039316.06,74,77,73,74,104,105,102,102,20.297,20.304,22.368,22.342,3668.465,93486,29595,0,600,2800,3,12,1,0,0,28,23,14,19,8,3,FALSE,0,FALSE
1116.4958,17.419,17.23,14.366,13.558,4.635,20,18,5,1036389.94,72,75,72,72,104,105,102,102,20.295,20.303,22.366,22.34,3701.648,93486,29595,0,634,2850,3,12,1,0,0,28,23,14,19,8,3,FALSE,0,FALSE
1116.9985,17.429,17.24,14.37,13.562,4.621,20,18,5,1027754.5,73,73,73,72,104,105,102,102,20.292,20.301,22.363,22.336,3734.809,93486,29595,0,634,2850,3,12,1,0,0,28,23,14,19,8,3,FALSE,0,FALSE
1117.4963,17.476,17.279,14.426,13.612,4.607,20,18,5,1019112.6,85,81,88,83,104,105,102,102,20.293,20.3,22.362,22.335,3768.656,93486,29595,0,650,2850,3,12,1,0,0,28,23,14,19,8,3,FALSE,0,FALSE
1117.9994,17.53,17.325,14.487,13.667,4.594,20,18,5,1010470.75,84,80,87,83,104,105,102,102,20.295,20.301,22.365,22.335,3803.789,93486,29595,0,683,2866,3,12,1,0,0,28,23,14,19,8,3,FALSE,0,FALSE
1118.4996,17.587,17.371,14.546,13.725,4.581,20,18,5,1007224.9,87,79,85,85,104,105,102,102,20.297,20.301,22.366,22.335,3840.285,93486,29595,0,683,2866,3,12,1,0,0,28,23,14,19,8,3,FALSE,0,FALSE
1118.9951,17.662,17.428,14.612,13.792,4.567,20,18,5,998583,89,81,87,85,105,105,102,102,20.301,20.3,22.366,22.336,3877.234,93486,29595,0,683,2883,3,12,1,0,0,28,23,14,19,8,3,FALSE,0,FALSE
1119.5002,17.715,17.472,14.677,13.851,4.554,20,18,5,989941.1,84,80,87,83,105,104,102,102,20.303,20.3,22.367,22.335,3914.082,93486,29595,0,667,2883,3,12,1,0,0,28,23,14,19,8,3,FALSE,0,FALSE
1119.9973,17.769,17.517,14.736,13.905,4.54,20,18,5,981299.25,84,80,85,82,105,104,102,102,20.303,20.298,22.366,22.334,3950.258,93486,29595,0,667,2867,3,12,1,0,0,28,23,14,19,8,3,FALSE,0,FALSE
1120.4949,17.8,17.541,14.761,13.93,4.526,20,18,5,972657.4,77,75,77,75,105,104,102,102,20.301,20.295,22.363,22.329,3986.348,93486,29595,0,683,2867,3,12,1,0,0,28,23,14,19,8,3,FALSE,0,FALSE
1120.9984,17.812,17.552,14.765,13.933,4.512,20,18,5,964015.5,73,74,72,72,104,104,102,102,20.297,20.29,22.357,22.323,4023.652,93486,29595,40141,700,2867,3,12,1,0,0,28,23,14,19,8,3,FALSE,0,FALSE
1121.495,17.832,17.57,14.792,13.962,4.508,20,18,5,991769.94,76,73,78,77,104,104,102,101,20.294,20.287,22.355,22.321,4057.566,93486,29595,40141,700,2883,3,12,1,0,0,28,23,14,19,8,3,FALSE,0,FALSE
1121.9963,17.868,17.597,14.842,14.006,4.507,20,18,5,1020500,82,77,89,84,104,104,102,102,20.295,20.287,22.36,22.325,4084.824,93486,29595,40141,700,2883,3,12,1,0,0,28,23,14,19,8,3,FALSE,0,FALSE
1122.4985,17.909,17.628,14.917,14.067,4.507,20,18,5,1045605,85,80,101,92,105,104,102,102,20.301,20.289,22.37,22.332,4107.762,93486,29595,40141,700,2884,3,12,1,0,0,28,23,14,19,8,3,FALSE,0,FALSE
1122.9971,17.932,17.646,14.979,14.116,4.507,20,18,5,1063363.6,81,76,103,93,105,104,103,102,20.306,20.292,22.384,22.342,4127.184,93486,29595,40141,700,2884,3,12,1,0,0,28,23,14,19,8,3,FALSE,0,FALSE
1123.4987,17.952,17.662,15.024,14.147,4.501,20,18,5,1070007.9,80,77,99,87,105,104,103,102,20.309,20.293,22.396,22.35,4147.207,93486,29595,40141,633,2817,3,12,1,0,0,28,23,14,19,8,3,FALSE,0,FALSE
1123.9974,17.974,17.68,15.051,14.167,4.494,20,18,5,1076512.1,81,78,90,81,105,104,103,102,20.313,20.295,22.406,22.356,4167.824,93486,29595,40141,633,2817,3,12,1,0,0,28,23,14,19,8,3,FALSE,0,FALSE
1124.4968,17.998,17.701,15.072,14.184,4.484,20,18,5,1082916.4,82,78,84,77,105,104,103,102,20.316,20.297,22.411,22.358,4187.527,93486,29595,40141,733,2917,3,12,1,0,0,28,23,14,19,8,3,FALSE,0,FALSE
1124.9979,18.025,17.727,15.081,14.192,4.472,20,18,5,1082181.1,82,80,77,73,105,104,103,102,20.32,20.299,22.414,22.359,4208.863,93486,29595,40141,733,2917,3,12,1,0,0,28,23,14,19,8,3,FALSE,0,FALSE
1125.4949,18.05,17.752,15.083,14.195,4.459,20,18,5,1051250.6,80,77,71,71,105,105,103,102,20.322,20.301,22.413,22.358,4233.34,93486,29595,40141,766,2917,3,12,1,0,0,28,23,14,19,8,3,FALSE,0,FALSE
1125.9984,18.065,17.765,15.083,14.195,4.445,20,18,5,1012701.94,75,75,71,69,105,105,103,102,20.322,20.301,22.411,22.355,4260.602,93486,29595,40141,766,2950,3,12,1,0,0,28,23,14,19,8,3,FALSE,0,FALSE
1126.4994,18.077,17.777,15.083,14.195,4.432,20,18,5,963372.6,74,74,70,70,105,104,103,102,20.321,20.299,22.407,22.352,4290.438,93486,29595,40141,766,2966,3,12,1,0,0,28,23,14,19,8,3,FALSE,0,FALSE
1126.9951,18.087,17.787,15.083,14.195,4.419,20,18,5,913408.6,73,72,69,69,105,104,103,102,20.318,20.297,22.404,22.348,4322.301,93486,29595,40141,766,2966,3,12,1,0,0,28,23,14,19,8,3,FALSE,0,FALSE
1127.4967,18.098,17.797,15.083,14.195,4.405,20,18,5,855793.6,73,73,70,71,105,104,103,102,20.316,20.294,22.4,22.344,4355.945,93486,29595,40141,750,2950,3,12,1,0,0,28,23,14,19,8,3,FALSE,0,FALSE
1127.9982,18.107,17.805,15.083,14.195,4.392,20,18,5,803711.25,72,73,71,71,105,104,103,102,20.313,20.291,22.395,22.34,4391.266,93486,29595,40141,733,2950,3,12,1,0,0,28,23,14,19,8,3,FALSE,0,FALSE
1128.4944,18.115,17.815,15.084,14.195,4.379,20,18,5,748016.75,73,73,71,71,105,104,103,102,20.309,20.288,22.39,22.335,4426.758,93486,29595,40141,733,2950,3,12,1,0,0,28,23,14,19,8,3,FALSE,0,FALSE
1129.4957,18.131,17.831,15.084,14.195,4.351,20,18,5,652087.94,73,73,71,71,105,104,102,102,20.3,20.279,22.377,22.323,4505.512,93486,29595,40141,684,2900,3,12,1,0,0,28,23,14,19,8,3,FALSE,0,FALSE
1129.9978,18.137,17.837,15.084,14.195,4.337,20,18,5,643446.06,72,72,71,71,104,104,102,101,20.295,20.274,22.371,22.317,4545.723,93486,29595,40141,684,2867,3,12,1,0,0,28,23,14,19,8,3,FALSE,0,FALSE
1130.499,18.142,17.842,15.084,14.195,4.324,20,18,5,640229.5,73,73,71,71,104,104,102,101,20.29,20.269,22.364,22.31,4586.496,93486,29595,40141,650,2850,3,12,1,0,0,28,23,14,19,8,3,FALSE,0,FALSE
1130.9957,18.148,17.848,15.084,14.195,4.31,20,18,5,631587.6,73,73,72,72,104,104,102,101,20.284,20.264,22.356,22.303,4627.871,93486,29595,40141,634,2850,3,12,1,0,0,28,23,14,19,8,3,FALSE,0,FALSE
1131.4989,18.153,17.853,15.084,14.195,4.297,20,18,5,622945.75,73,73,72,72,104,104,102,101,20.278,20.258,22.349,22.296,4669.812,93486,29595,40141,617,2834,3,12,1,0,0,28,23,14,19,8,3,FALSE,0,FALSE
1131.9995,18.159,17.859,15.084,14.195,4.283,20,18,5,614303.9,73,74,72,72,104,104,102,101,20.273,20.252,22.341,22.288,4712.25,93486,29595,40141,617,2834,3,12,1,0,0,28,23,14,19,8,3,FALSE,0,FALSE
1132.4961,18.164,17.865,15.084,14.195,4.269,20,18,5,605662,74,74,72,72,104,103,102,101,20.266,20.246,22.333,22.28,4755.117,93486,29595,40141,583,2767,3,12,1,0,0,28,23,14,19,8,3,FALSE,0,FALSE
1132.9982,18.17,17.871,15.084,14.195,4.255,20,18,5,597020.1,73,73,72,72,104,103,102,101,20.26,20.24,22.324,22.272,4798.348,93486,29595,40141,550,2767,3,12,1,0,0,28,23,14,19,8,3,FALSE,0,FALSE
1133.4993,18.188,17.889,15.107,14.218,4.247,20,18,5,617715.1,75,75,77,77,104,103,101,101,20.255,20.235,22.32,22.268,4839.516,93486,29595,40141,533,2767,3,12,1,0,0,28,23,14,19,8,3,FALSE,0,FALSE
1133.9988,18.21,17.915,15.137,14.245,4.246,20,18,5,649142.9,76,76,79,78,104,103,102,101,20.255,20.236,22.324,22.272,4871.656,93486,29595,40141,533,2717,3,12,1,0,0,28,23,14,19,8,3,FALSE,0,FALSE
1134.4958,18.227,17.931,15.155,14.262,4.246,20,18,5,674920.44,75,74,79,76,104,103,102,101,20.257,20.238,22.33,22.278,4896.16,93486,29595,40141,533,2717,3,12,1,0,0,28,23,14,19,8,3,FALSE,0,FALSE
1134.9987,18.253,17.95,15.195,14.294,4.246,20,18,5,695306.6,81,76,89,82,104,103,102,101,20.261,20.241,22.338,22.284,4915.617,93486,29595,40141,550,2717,3,12,1,0,0,28,23,14,19,8,3,FALSE,0,FALSE
1135.4989,18.272,17.964,15.232,14.322,4.245,20,18,5,704236.56,80,75,91,83,104,103,102,101,20.267,20.244,22.349,22.293,4932.219,93486,29595,40141,550,2734,3,12,1,0,0,28,23,14,19,8,3,FALSE,0,FALSE
1135.9978,18.288,17.978,15.259,14.34,4.239,20,18,5,710740.4,79,76,89,81,104,104,102,101,20.271,20.246,22.359,22.299,4957.258,93486,29595,40141,550,2734,3,12,1,0,0,28,23,14,19,8,3,FALSE,0,FALSE
1136.4924,18.306,17.993,15.272,14.35,4.232,20,18,5,716865.56,79,76,82,76,104,104,102,101,20.275,20.249,22.366,22.304,4974.078,93486,29595,40141,550,2734,3,12,1,0,0,28,23,14,19,8,3,FALSE,0,FALSE
1136.9922,18.325,18.01,15.287,14.362,4.222,20,18,5,723153.3,79,77,80,74,104,104,102,101,20.279,20.251,22.371,22.307,4993.656,93486,29595,40141,550,2734,3,12,1,0,0,28,23,14,19,8,3,FALSE,0,FALSE
1137.4972,18.348,18.031,15.298,14.373,4.21,20,18,5,728472.06,80,77,76,73,104,104,102,101,20.282,20.254,22.375,22.309,5015.234,93486,29595,40141,500,2684,3,12,1,0,0,28,23,14,19,8,3,FALSE,0,FALSE
1137.9977,18.373,18.055,15.306,14.38,4.197,20,18,5,723669.1,79,78,74,72,104,104,102,101,20.286,20.256,22.377,22.31,5037.957,93486,29595,40141,500,2684,3,12,1,0,0,28,23,14,19,8,3,FALSE,0,FALSE
1138.4935,18.391,18.072,15.311,14.386,4.184,20,18,5,723520.44,76,74,72,70,104,104,102,101,20.288,20.258,22.377,22.31,5062.852,93486,29595,40141,500,2684,3,12,1,0,0,28,23,14,19,8,3,FALSE,0,FALSE
1138.9963,18.404,18.082,15.312,14.387,4.17,20,18,5,716354.7,74,73,70,70,104,104,102,101,20.288,20.257,22.376,22.309,5092.582,93486,29595,40141,500,2684,3,12,1,0,0,28,23,14,19,8,3,FALSE,0,FALSE
1139.4979,18.412,18.091,15.312,14.387,4.157,20,18,5,713925.75,73,72,70,71,104,104,102,101,20.287,20.256,22.374,22.307,5123.422,93486,29595,40141,500,2683,3,12,1,0,0,28,23,14,19,8,3,FALSE,0,FALSE
1139.992,18.418,18.098,15.312,14.387,4.144,20,18,5,705661.2,73,72,70,71,104,104,102,101,20.285,20.254,22.371,22.305,5154.809,93486,29595,40141,500,2683,3,12,1,0,0,28,23,14,19,8,3,FALSE,0,FALSE
1140.4972,18.425,18.105,15.312,14.387,4.13,20,18,5,696731.25,72,72,71,71,104,104,102,101,20.283,20.252,22.367,22.302,5190.043,93486,29595,40141,500,2684,3,12,1,0,0,28,23,14,19,8,3,FALSE,0,FALSE
1140.9957,18.432,18.112,15.312,14.387,4.117,20,18,5,693595.75,72,72,71,71,104,104,102,101,20.28,20.249,22.363,22.299,5225.609,93486,29595,40141,500,2684,3,12,1,0,0,28,23,14,19,8,3,FALSE,0,FALSE
1141.4933,18.438,18.118,15.312,14.387,4.103,20,18,5,685241.94,72,72,71,70,104,104,102,101,20.277,20.247,22.359,22.295,5261.004,93486,29595,40141,500,2667,3,12,1,0,0,28,23,14,19,8,3,FALSE,0,FALSE
1141.9943,18.444,18.124,15.312,14.387,4.09,20,18,5,676600.06,72,72,71,71,104,103,102,101,20.273,20.243,22.354,22.29,5298.691,93486,29595,40141,484,2667,3,12,1,0,0,28,23,14,19,8,3,FALSE,0,FALSE
1142.4902,18.45,18.13,15.312,14.387,4.076,20,18,5,667958.2,71,71,71,71,104,103,102,101,20.269,20.239,22.349,22.285,5337.395,93486,29595,40141,483,2650,3,12,1,0,0,28,23,14,19,8,3,FALSE,0,FALSE
1142.9941,18.456,18.136,15.312,14.387,4.062,20,18,5,659316.3,71,71,71,71,104,103,102,101,20.264,20.235,22.343,22.28,5377.117,93486,29595,40141,466,2650,3,12,1,0,0,28,23,14,19,8,3,FALSE,0,FALSE
1143.4926,18.462,18.142,15.312,14.387,4.049,20,18,6,653456.56,71,71,71,71,104,103,102,101,20.259,20.23,22.337,22.274,8.887,92346,0,0,466,2617,3,13,1,0,0,28,23,14,19,8,3,FALSE,0,FALSE
1143.9891,18.468,18.147,15.312,14.387,4.035,20,18,6,647545.25,71,71,71,71,104,103,102,101,20.253,20.224,22.33,22.268,50.332,92346,0,0,450,2617,3,13,1,0,0,28,23,14,19,8,3,FALSE,0,FALSE
1144.4929,18.473,18.153,15.312,14.387,4.022,20,18,6,638903.4,71,71,72,71,104,103,102,100,20.247,20.219,22.323,22.261,92.5,92346,0,0,417,2600,3,13,1,0,0,28,23,14,19,8,3,FALSE,0,FALSE
1144.9944,18.479,18.158,15.312,14.387,4.008,20,18,6,630261.5,71,71,71,71,103,103,101,100,20.241,20.212,22.315,22.254,135.383,92346,0,0,400,2583,3,13,1,0,0,28,23,14,19,8,3,FALSE,0,FALSE
1145.4965,18.485,18.164,15.312,14.387,3.993,20,18,6,621331.56,71,71,71,71,103,103,101,100,20.234,20.206,22.307,22.246,180.383,92346,0,0,400,2534,3,13,1,0,0,28,23,14,19,8,3,FALSE,0,FALSE
1145.9944,18.49,18.169,15.312,14.387,3.98,20,18,6,612977.75,71,71,71,71,103,103,101,100,20.228,20.199,22.299,22.238,223.043,92346,0,0,367,2500,3,13,1,0,0,28,23,14,19,8,3,FALSE,0,FALSE
1146.4923,18.495,18.175,15.312,14.387,3.966,20,18,6,604335.9,72,71,71,71,103,102,101,100,20.22,20.192,22.29,22.23,267.68,92346,0,0,333,2500,3,13,1,0,0,28,23,14,19,8,3,FALSE,0,FALSE
1146.9954,18.501,18.18,15.312,14.387,3.952,20,18,6,595488.8,71,71,71,71,103,102,101,100,20.213,20.185,22.281,22.221,314.277,92346,0,0,300,2450,3,13,1,0,0,28,23,14,19,8,3,FALSE,0,FALSE
1147.494,18.506,18.186,15.312,14.387,3.939,20,18,6,587485.06,71,71,72,71,103,102,101,100,20.205,20.177,22.272,22.213,358.285,92346,0,0,266,2416,3,13,1,0,0,28,23,14,19,8,3,FALSE,0,FALSE
1147.9946,18.511,18.191,15.312,14.387,3.925,20,18,6,579436.3,70,70,71,71,103,102,101,100,20.197,20.169,22.263,22.204,404.141,92346,0,0,266,2366,3,13,1,0,0,28,23,14,19,8,3,FALSE,0,FALSE
1148.4932,18.517,18.196,15.312,14.387,3.911,20,18,6,571596.6,71,71,72,71,102,102,100,99,20.189,20.161,22.254,22.194,450.301,92346,0,0,250,2366,3,13,1,0,0,28,23,14,19,8,3,FALSE,0,FALSE
1148.9971,18.522,18.2,15.312,14.387,3.897,20,18,6,563715.1,71,71,71,71,102,102,100,99,20.18,20.152,22.244,22.185,498.32,92346,0,0,200,2317,3,13,1,0,0,28,23,14,19,8,3,FALSE,0,FALSE
1149.4935,18.527,18.205,15.312,14.387,3.884,20,18,6,556519.2,71,71,71,71,102,102,100,99,20.171,20.144,22.234,22.175,543.492,92346,0,0,167,2317,3,13,1,0,0,28,23,14,19,8,3,FALSE,0,FALSE
1149.9967,18.546,18.226,15.337,14.412,3.878,20,18,6,585248.56,73,74,75,74,102,102,100,99,20.166,20.139,22.23,22.172,588.707,92346,0,0,116,2216,3,13,1,0,0,28,23,14,19,8,3,FALSE,0,FALSE
1150.4958,18.558,18.237,15.345,14.42,3.878,20,18,6,619634.56,71,72,73,72,102,101,100,99,20.165,20.139,22.233,22.174,624.488,92346,0,0,116,2216,3,13,1,0,0,28,23,14,19,8,3,FALSE,0,FALSE
1150.994,18.565,18.244,15.348,14.423,3.877,20,18,6,647897.94,71,71,71,71,102,102,100,99,20.165,20.14,22.236,22.178,653.438,92346,0,0,117,2216,3,13,1,0,0,28,23,14,19,8,3,FALSE,0,FALSE
1151.4958,18.572,18.251,15.352,14.427,3.875,20,18,6,673857.6,71,71,71,71,102,102,100,99,20.167,20.141,22.239,22.182,678.945,92346,0,0,117,2216,3,13,1,0,0,28,23,14,19,8,3,FALSE,0,FALSE
1151.998,18.579,18.258,15.356,14.431,3.875,20,18,6,696052.4,71,70,71,71,102,102,100,99,20.169,20.143,22.243,22.186,698.492,92346,0,0,266,2366,3,13,1,0,0,28,23,14,19,8,3,FALSE,0,FALSE
1152.4957,18.585,18.262,15.362,14.437,3.875,20,18,6,713231,71,69,73,71,102,102,100,99,20.171,20.146,22.247,22.19,713.695,92346,0,0,266,2366,3,13,1,0,0,28,23,14,19,8,3,FALSE,0,FALSE
1152.9948,18.592,18.267,15.375,14.447,3.875,20,18,6,724276.25,72,70,77,73,102,102,100,99,20.173,20.147,22.252,22.194,725.234,92346,0,0,266,2366,3,13,1,0,0,28,23,14,19,8,3,FALSE,0,FALSE
1153.4916,18.602,18.275,15.398,14.463,3.875,20,18,6,735662.3,74,71,85,77,102,102,100,99,20.177,20.15,22.259,22.2,735.656,92346,0,0,266,2366,3,13,1,0,0,28,23,14,19,8,3,FALSE,0,FALSE
1153.9913,18.607,18.281,15.419,14.474,3.873,20,18,6,740595.44,73,72,89,77,102,102,101,100,20.18,20.153,22.27,22.206,753.672,92346,0,0,434,2517,3,13,1,0,0,28,23,14,19,8,3,FALSE,0,FALSE
1154.4907,18.616,18.288,15.427,14.48,3.871,20,18,6,745267.44,75,72,84,76,102,102,101,100,20.184,20.155,22.279,22.211,765,92346,0,0,434,2517,3,13,1,0,0,28,23,14,19,8,3,FALSE,0,FALSE
1154.9954,18.623,18.295,15.43,14.482,3.866,20,18,6,750132.4,75,72,78,72,102,102,101,100,20.188,20.158,22.286,22.216,775.648,92346,0,0,434,2600,3,13,1,0,0,28,23,14,19,8,3,FALSE,0,FALSE
1155.494,18.632,18.307,15.43,14.483,3.858,20,18,6,753290.44,76,75,73,70,102,102,101,100,20.191,20.161,22.29,22.219,787.695,92346,0,0,434,2600,3,13,1,0,0,28,23,14,19,8,3,FALSE,0,FALSE
1155.993,18.649,18.326,15.431,14.484,3.848,20,18,6,756941.3,79,79,70,70,103,102,101,100,20.195,20.166,22.292,22.22,802.75,92346,0,0,517,2600,3,13,1,0,0,28,23,14,19,8,3,FALSE,0,FALSE
1156.4927,18.664,18.341,15.435,14.488,3.838,20,18,6,766521.94,77,77,69,71,103,102,101,100,20.2,20.171,22.293,22.222,820.336,92346,0,0,517,2600,3,13,1,0,0,28,23,14,19,8,3,FALSE,0,FALSE
1156.9934,18.679,18.357,15.444,14.498,3.828,20,18,6,773161.5,76,77,72,74,103,102,101,100,20.204,20.175,22.293,22.224,842.219,92346,0,0,517,2584,3,13,1,0,0,28,23,14,19,8,3,FALSE,0,FALSE
1157.4974,18.707,18.391,15.462,14.519,3.818,20,18,6,779856.6,80,85,76,78,103,102,101,100,20.207,20.18,22.295,22.227,867.828,92346,0,0,450,2584,3,13,1,0,0,28,23,14,19,8,3,FALSE,0,FALSE
1157.9958,18.734,18.421,15.47,14.527,3.806,20,18,6,781510.25,78,81,72,73,103,102,101,100,20.212,20.187,22.296,22.23,890.031,92346,0,0,450,2567,3,13,1,0,0,28,23,14,19,8,3,FALSE,0,FALSE
1158.4951,18.753,18.442,15.476,14.532,3.793,20,18,6,781728.94,75,78,70,72,103,102,101,100,20.215,20.191,22.296,22.23,915.242,92346,0,0,400,2567,3,13,1,0,0,28,23,14,19,8,3,FALSE,0,FALSE
1158.9967,18.771,18.461,15.478,14.533,3.78,20,18,6,775764.9,73,74,68,66,103,102,101,100,20.216,20.193,22.294,22.229,943.414,92346,0,0,400,2567,3,13,1,0,0,28,23,14,19,8,3,FALSE,0,FALSE
1159.494,18.793,18.481,15.49,14.543,3.766,20,18,6,768948.4,77,76,74,71,103,103,101,100,20.216,20.193,22.292,22.226,973.273,92346,0,0,400,2567,3,13,1,0,0,28,23,14,19,8,3,FALSE,0,FALSE
1159.9944,18.816,18.499,15.503,14.557,3.754,20,18,6,766529.9,76,74,74,72,103,103,101,100,20.218,20.194,22.291,22.225,1003.727,92346,0,0,400,2567,3,13,1,0,0,28,23,14,19,8,3,FALSE,0,FALSE
1160.494,18.831,18.511,15.508,14.562,3.74,20,18,6,758062.44,73,71,71,70,103,103,101,100,20.218,20.193,22.289,22.223,1035.82,92346,0,0,400,2567,3,13,1,0,0,28,23,14,19,8,3,FALSE,0,FALSE
1160.992,18.84,18.519,15.509,14.563,3.726,20,18,6,749420.56,71,70,70,70,103,102,101,100,20.216,20.191,22.286,22.219,1069.695,92346,0,0,383,2566,3,13,1,0,0,28,23,14,19,8,3,FALSE,0,FALSE
1161.4974,18.847,18.527,15.509,14.563,3.713,20,18,6,745925,71,70,70,70,103,102,101,100,20.213,20.188,22.281,22.215,1106.273,92346,0,0,383,2566,3,13,1,0,0,28,23,14,19,8,3,FALSE,0,FALSE
1161.9918,18.854,18.533,15.509,14.563,3.7,20,18,6,737571.2,71,71,70,70,103,102,101,100,20.209,20.185,22.276,22.211,1141.703,92346,0,0,383,2566,3,13,1,0,0,28,23,14,19,8,3,FALSE,0,FALSE
1162.4943,18.86,18.539,15.509,14.563,3.686,20,18,6,728929.3,71,71,71,70,103,102,101,100,20.206,20.181,22.271,22.206,1179.586,92346,0,0,366,2550,3,13,1,0,0,28,23,14,19,8,3,FALSE,0,FALSE
1162.9927,18.866,18.546,15.509,14.563,3.672,20,18,6,720287.44,71,71,71,71,103,102,101,99,20.202,20.177,22.265,22.2,1218.609,92346,0,0,366,2533,3,13,1,0,0,28,23,14,19,8,3,FALSE,0,FALSE
1163.4938,18.872,18.552,15.509,14.563,3.659,20,18,6,717041.56,71,70,71,71,103,102,100,99,20.197,20.173,22.259,22.195,1258.648,92346,0,0,350,2533,3,13,1,0,0,28,23,14,19,8,3,FALSE,0,FALSE
1163.998,18.878,18.558,15.509,14.563,3.645,20,18,6,708111.6,71,71,71,71,102,102,100,99,20.192,20.168,22.252,22.188,1300.812,92346,0,0,316,2516,3,13,1,0,0,28,23,14,19,8,3,FALSE,0,FALSE
1164.4929,18.883,18.564,15.509,14.563,3.632,20,18,6,699757.8,71,71,71,71,102,102,100,99,20.187,20.163,22.246,22.182,1341.023,92346,0,0,300,2516,3,13,1,0,0,28,23,14,19,8,3,FALSE,0,FALSE
1165.493,18.906,18.588,15.533,14.587,3.612,20,18,6,717897.44,73,74,76,75,102,102,100,99,20.179,20.155,22.236,22.173,1422.867,92346,0,0,250,2433,3,13,1,0,0,28,23,14,19,8,3,FALSE,0,FALSE
1165.9976,18.915,18.595,15.539,14.593,3.611,20,18,6,750712.44,71,72,73,71,102,102,100,99,20.179,20.156,22.239,22.176,1455.984,92346,0,0,250,2433,3,13,1,0,0,28,23,14,19,8,3,FALSE,0,FALSE
1166.4932,18.924,18.61,15.553,14.6,3.611,20,18,6,778033,73,71,74,72,102,102,100,99,20.18,20.158,22.243,22.18,1482.016,92346,0,0,250,2416,3,13,1,0,0,28,23,14,19,8,3,FALSE,0,FALSE
1166.9985,18.95,18.629,15.587,14.629,3.611,20,18,6,802921.5,79,75,84,79,102,102,100,99,20.184,20.16,22.249,22.185,1505.109,92346,0,0,333,2416,3,13,1,0,0,28,23,14,19,8,3,FALSE,0,FALSE
1167.4973,18.98,18.652,15.635,14.669,3.611,20,18,6,822547.8,83,77,93,87,102,102,100,99,20.191,20.165,22.26,22.193,1522.867,92346,0,0,333,2416,3,13,1,0,0,28,23,14,19,8,3,FALSE,0,FALSE
1167.9939,18.997,18.663,15.677,14.705,3.61,20,18,6,833305.1,81,75,97,90,103,102,101,100,20.198,20.169,22.272,22.203,1546.141,92346,0,0,333,2466,3,13,1,0,0,28,23,14,19,8,3,FALSE,0,FALSE
1168.494,19.01,18.673,15.708,14.728,3.605,20,18,6,839313.1,78,74,93,85,103,102,101,100,20.203,20.172,22.284,22.213,1565.734,92346,0,0,283,2466,3,13,1,0,0,28,23,14,19,8,3,FALSE,0,FALSE
1168.991,19.024,18.684,15.728,14.742,3.601,20,18,6,845401.75,78,74,88,80,103,102,101,100,20.208,20.175,22.294,22.22,1581.633,92346,0,0,283,2533,3,13,1,0,0,28,23,14,19,8,3,FALSE,0,FALSE
1169.4965,19.039,18.696,15.74,14.752,3.594,20,18,6,851768.4,78,74,81,76,103,102,101,100,20.212,20.177,22.301,22.225,1597.992,92346,0,0,283,2533,3,13,1,0,0,28,23,14,19,8,3,FALSE,0,FALSE
1169.9951,19.055,18.712,15.746,14.758,3.585,20,18,6,854616.9,78,76,75,72,103,102,101,100,20.216,20.179,22.305,22.227,1614.945,92346,0,0,333,2533,3,13,1,0,0,28,23,14,19,8,3,FALSE,0,FALSE
1170.4941,19.077,18.735,15.749,14.761,3.574,20,18,6,851847.56,79,78,73,71,103,102,101,100,20.22,20.183,22.306,22.228,1634.602,92346,0,0,333,2533,3,13,1,0,0,28,23,14,19,8,3,FALSE,0,FALSE
1170.9952,19.097,18.754,15.751,14.763,3.56,20,18,6,848046.5,78,77,71,69,103,102,101,100,20.223,20.186,22.307,22.228,1658.164,92346,0,0,417,2550,3,13,1,0,0,28,23,14,19,8,3,FALSE,0,FALSE
1171.4934,19.108,18.766,15.751,14.763,3.548,20,18,6,848056.25,73,73,69,68,103,102,101,100,20.225,20.188,22.305,22.227,1682.812,92346,0,0,417,2550,3,13,1,0,0,28,23,14,19,8,3,FALSE,0,FALSE
1171.9929,19.119,18.777,15.753,14.764,3.534,20,18,6,841619.44,72,73,70,70,103,102,101,100,20.224,20.188,22.303,22.226,1710.852,92346,0,0,433,2550,3,13,1,0,0,28,23,14,19,8,3,FALSE,0,FALSE
1172.4962,19.129,18.79,15.756,14.768,3.521,20,18,6,839309,72,73,70,71,103,102,101,100,20.224,20.188,22.301,22.224,1741.75,92346,0,0,433,2533,3,13,1,0,0,28,23,14,19,8,3,FALSE,0,FALSE
1172.9941,19.142,18.805,15.765,14.776,3.508,20,18,6,831356.56,73,75,72,73,103,102,101,100,20.223,20.188,22.299,22.223,1772.312,92346,0,0,417,2533,3,13,1,0,0,28,23,14,19,8,3,FALSE,0,FALSE
1173.4941,19.157,18.824,15.777,14.787,3.494,20,18,6,822716.75,73,75,72,74,103,102,101,100,20.222,20.188,22.296,22.221,1805.93,92346,30089,0,417,2533,3,13,1,0,0,28,23,14,19,8,3,FALSE,0,FALSE
1173.9971,19.17,18.841,15.788,14.797,3.484,20,18,6,828756.1,72,73,72,72,103,102,101,100,20.22,20.188,22.293,22.219,1842.742,92346,30089,0,400,2533,3,13,1,0,0,28,23,14,19,8,3,FALSE,0,FALSE
1174.4957,19.208,18.87,15.843,14.844,3.484,20,18,6,857053.4,82,77,88,82,103,102,101,100,20.221,20.189,22.296,22.22,1873,92346,30089,0,400,2517,3,13,1,0,0,28,23,14,19,8,3,FALSE,0,FALSE
1174.9923,19.246,18.898,15.903,14.895,3.484,20,18,6,876866.75,83,77,93,87,103,102,101,100,20.226,20.191,22.302,22.225,1900.977,92346,30089,0,400,2517,3,13,1,0,0,28,23,14,19,8,3,FALSE,0,FALSE
1175.4911,19.291,18.926,15.967,14.953,3.481,20,18,6,885524.2,87,79,96,90,103,102,101,100,20.232,20.193,22.309,22.23,1929.625,92346,30089,0,400,2517,3,13,1,0,0,28,23,14,19,8,3,FALSE,0,FALSE
1175.9949,19.322,18.95,16.001,14.981,3.472,20,18,6,891405.94,81,76,84,79,103,103,101,100,20.236,20.194,22.315,22.234,1956.711,92346,30089,0,400,2533,3,13,1,0,0,28,23,14,19,8,3,FALSE,0,FALSE
1176.4972,19.337,18.963,16.005,14.986,3.46,20,18,6,887276.4,74,73,72,72,103,103,101,100,20.238,20.194,22.315,22.234,1982.961,92346,30089,0,400,2533,3,13,1,0,0,28,23,14,19,8,3,FALSE,0,FALSE
1176.9946,19.357,18.99,16.025,15.006,3.448,20,18,6,886285.25,74,80,77,76,103,103,101,100,20.237,20.195,22.313,22.232,2011.445,92346,30089,0,400,2533,3,13,1,0,0,28,23,14,19,8,3,FALSE,0,FALSE
1177.4948,19.385,19.022,16.064,15.073,3.439,20,18,6,892590.94,79,79,83,91,103,103,101,100,20.238,20.196,22.313,22.235,2043.875,92346,30089,0,433,2533,3,13,1,0,0,28,23,14,19,8,3,FALSE,0,FALSE
1177.9956,19.422,19.069,16.122,15.146,3.429,20,18,6,897821,81,85,86,93,103,103,101,100,20.239,20.199,22.315,22.241,2072.773,92346,30089,0,433,2600,3,13,1,0,0,28,23,14,19,8,3,FALSE,0,FALSE
1178.4932,19.466,19.12,16.149,15.177,3.416,20,18,6,895399.1,80,83,77,81,103,103,101,100,20.241,20.203,22.315,22.243,2100.852,92346,30089,0,467,2600,3,13,1,0,0,28,23,14,19,8,3,FALSE,0,FALSE
1178.993,19.485,19.142,16.161,15.185,3.404,20,18,6,892826.6,73,77,73,72,103,103,101,100,20.24,20.204,22.312,22.241,2131.766,92346,30089,0,550,2600,3,13,1,0,0,28,23,14,19,8,3,FALSE,0,FALSE
1179.4913,19.495,19.154,16.165,15.188,3.39,20,18,6,884255.6,73,75,72,72,103,103,101,100,20.237,20.202,22.307,22.236,2164.164,92346,30089,0,550,2733,3,13,1,0,0,28,23,14,19,8,3,FALSE,0,FALSE
1179.9948,19.51,19.171,16.185,15.209,3.382,20,18,6,898110.6,75,75,78,78,103,103,101,100,20.234,20.2,22.304,22.234,2195.992,92346,30089,0,600,2733,3,13,1,0,0,28,23,14,19,8,3,FALSE,0,FALSE
1180.4926,19.525,19.185,16.197,15.224,3.381,20,18,6,924377.44,74,73,76,74,103,103,101,100,20.235,20.201,22.307,22.238,2220.766,92346,30089,0,600,2733,3,13,1,0,0,28,23,14,19,8,3,FALSE,0,FALSE
1180.9967,19.537,19.194,16.21,15.236,3.381,20,18,6,947549.1,75,72,77,75,103,103,101,100,20.237,20.202,22.311,22.241,2241.102,92346,30089,0,600,2733,3,13,1,0,0,28,23,14,19,8,3,FALSE,0,FALSE
1181.493,19.552,19.205,16.234,15.256,3.381,20,18,6,963970.25,78,73,84,79,103,103,101,100,20.24,20.204,22.317,22.246,2256.062,92346,30089,0,600,2833,3,13,1,0,0,28,23,14,19,8,3,FALSE,0,FALSE
1181.9937,19.567,19.216,16.27,15.28,3.381,20,18,6,978446.9,78,74,93,83,103,103,102,100,20.244,20.206,22.326,22.253,2269.086,92346,30089,0,650,2833,3,13,1,0,0,28,23,14,19,8,3,FALSE,0,FALSE
1182.4933,19.575,19.223,16.303,15.303,3.379,20,18,6,985962.8,76,73,98,86,104,103,102,100,20.247,20.208,22.338,22.26,2284.984,92346,30089,0,650,2833,3,13,1,0,0,28,23,14,19,8,3,FALSE,0,FALSE
1182.9935,19.588,19.232,16.321,15.318,3.376,20,18,6,991690.3,79,74,92,83,104,103,102,101,20.25,20.21,22.349,22.268,2298.75,92346,30089,0,650,2733,3,13,1,0,0,28,23,14,19,8,3,FALSE,0,FALSE
1183.4926,19.607,19.248,16.333,15.328,3.371,20,18,6,997902.25,83,78,87,79,104,103,102,101,20.255,20.212,22.358,22.273,2310.852,92346,30089,0,650,2733,3,13,1,0,0,28,23,14,19,8,3,FALSE,0,FALSE
1183.9906,19.624,19.263,16.339,15.332,3.365,20,18,6,1004086.44,82,78,80,75,104,103,102,101,20.261,20.216,22.364,22.277,2323.367,92346,30089,0,533,2733,3,13,1,0,0,28,23,14,19,8,3,FALSE,0,FALSE
1184.4941,19.638,19.28,16.341,15.334,3.355,20,18,6,1008904.8,80,80,74,71,104,103,102,101,20.265,20.22,22.366,22.278,2338.125,92346,30089,0,533,2733,3,13,1,0,0,28,23,14,19,8,3,FALSE,0,FALSE
1184.9916,19.663,19.308,16.341,15.335,3.343,20,18,6,1014923.94,82,83,71,69,104,103,102,101,20.27,20.224,22.366,22.278,2355.758,92346,30089,0,533,2783,3,13,1,0,0,28,23,14,19,8,3,FALSE,0,FALSE
1185.4954,19.693,19.341,16.341,15.335,3.33,20,18,6,1020379.56,82,82,69,69,104,103,102,101,20.275,20.23,22.365,22.277,2377.203,92346,30089,0,583,2783,3,13,1,0,0,28,23,14,19,8,3,FALSE,0,FALSE
1185.9939,19.706,19.355,16.341,15.335,3.317,20,18,6,1016060.2,76,76,69,69,104,103,102,101,20.277,20.233,22.363,22.276,2399.93,92346,30089,0,583,2750,3,13,1,0,0,28,23,14,19,8,3,FALSE,0,FALSE
1186.4967,19.717,19.367,16.341,15.335,3.304,20,18,6,1015609.7,74,73,69,69,104,103,102,101,20.277,20.233,22.361,22.274,2426.805,92346,30089,0,533,2750,3,13,1,0,0,28,23,14,19,8,3,FALSE,0,FALSE
1186.9849,19.727,19.377,16.341,15.335,3.291,20,18,6,1009167.75,73,72,69,69,104,103,102,101,20.276,20.232,22.358,22.272,2454.008,92346,30089,0,533,2750,3,13,1,0,0,28,23,14,19,8,3,FALSE,0,FALSE
1187.9951,19.743,19.394,16.342,15.335,3.264,20,18,6,998377.3,71,72,70,69,104,103,102,101,20.272,20.228,22.35,22.265,2516.992,92346,30089,0,500,2717,3,13,1,0,0,28,23,14,19,8,3,FALSE,0,FALSE
1188.4939,19.751,19.404,16.345,15.338,3.25,20,18,6,990023.5,72,73,70,71,104,103,102,100,20.269,20.226,22.346,22.262,2549.367,92346,30089,0,500,2717,3,13,1,0,0,28,23,14,19,8,3,FALSE,0,FALSE
1188.9913,19.765,19.422,16.358,15.351,3.237,20,18,6,986740.8,73,76,74,75,104,103,102,100,20.266,20.224,22.342,22.258,2584.211,92346,30089,0,500,2717,3,13,1,0,0,28,23,14,19,8,3,FALSE,0,FALSE
1189.4902,19.792,19.455,16.387,15.38,3.224,20,18,6,978098.94,75,78,75,78,104,103,102,100,20.264,20.223,22.339,22.257,2619.25,92346,30089,0,500,2717,3,13,1,0,0,28,23,14,19,8,3,FALSE,0,FALSE
1189.9935,19.817,19.486,16.421,15.412,3.218,20,18,6,999132.56,76,78,79,80,104,103,102,100,20.263,20.224,22.338,22.257,2654.984,92346,30089,0,500,2717,3,13,1,0,0,28,23,14,19,8,3,FALSE,0,FALSE
1190.4933,19.843,19.516,16.448,15.437,3.217,20,18,6,1025507.2,77,79,79,80,104,103,102,101,20.265,20.227,22.342,22.262,2682.57,92346,30089,0,500,2700,3,13,1,0,0,28,23,14,19,8,3,FALSE,0,FALSE
1190.9908,19.857,19.532,16.461,15.449,3.216,20,18,6,1047653.5,74,77,76,78,104,103,102,101,20.267,20.231,22.346,22.268,2702.742,92346,30089,0,500,2700,3,13,1,0,0,28,23,14,19,8,3,FALSE,0,FALSE
1191.4926,19.868,19.545,16.473,15.463,3.216,20,18,6,1066288.5,73,76,76,78,104,103,102,101,20.269,20.235,22.35,22.274,2719.047,92346,30089,0,500,2700,3,13,1,0,0,28,23,14,19,8,3,FALSE,0,FALSE
1191.9928,19.876,19.556,16.487,15.48,3.216,20,18,6,1080857.8,73,76,78,82,104,103,102,101,20.271,20.239,22.355,22.28,2731.859,92346,30089,0,500,2700,3,13,1,0,0,28,23,14,19,8,3,FALSE,0,FALSE
1192.4944,19.883,19.564,16.503,15.508,3.216,20,18,6,1089655.1,73,75,80,90,104,103,102,101,20.273,20.242,22.36,22.289,2741.812,92346,30089,0,517,2733,3,13,1,0,0,28,23,14,19,8,3,FALSE,0,FALSE
1192.9935,19.89,19.572,16.514,15.525,3.212,20,18,6,1094909.6,74,76,79,89,104,103,102,101,20.275,20.245,22.365,22.3,2763.32,92346,30089,0,517,2733,3,13,1,0,0,28,23,14,19,8,3,FALSE,0,FALSE
1193.4938,19.903,19.587,16.52,15.533,3.207,20,18,6,1100802.2,76,80,76,83,104,104,102,101,20.277,20.249,22.37,22.308,2773.82,92346,30089,0,517,2783,3,13,1,0,0,28,23,14,19,8,3,FALSE,0,FALSE
1193.9943,19.92,19.604,16.524,15.537,3.2,20,18,6,1107023.1,79,81,73,77,104,104,102,101,20.281,20.255,22.372,22.313,2786.18,92346,30089,0,517,2783,3,13,1,0,0,28,23,14,19,8,3,FALSE,0,FALSE
1194.4946,19.933,19.618,16.525,15.538,3.191,20,18,6,1112565.1,78,79,70,73,104,104,102,101,20.285,20.259,22.373,22.316,2801.344,92346,30089,0,550,2783,3,13,1,0,0,28,23,14,19,8,3,FALSE,0,FALSE
1194.9946,19.948,19.634,16.525,15.538,3.179,20,18,6,1119665.6,77,78,68,70,104,104,102,101,20.287,20.263,22.372,22.317,2819.031,92346,30089,0,550,2783,3,13,1,0,0,28,23,14,19,8,3,FALSE,0,FALSE
1195.4949,19.973,19.657,16.525,15.538,3.167,20,18,6,1124552.5,79,79,69,68,104,104,102,101,20.291,20.267,22.371,22.317,2840.164,92346,30089,0,550,2700,3,13,1,0,0,28,23,14,19,8,3,FALSE,0,FALSE
1195.9904,19.992,19.676,16.525,15.538,3.154,20,18,6,1120316.2,77,76,69,69,104,104,102,101,20.293,20.269,22.369,22.315,2862.68,92346,30089,0,466,2700,3,13,1,0,0,28,23,14,19,8,3,FALSE,0,FALSE
1196.4825,20.005,19.689,16.525,15.538,3.141,20,18,6,1120244.9,73,74,69,69,104,104,102,101,20.294,20.27,22.367,22.314,2888.586,92346,30089,0,466,2666,3,13,1,0,0,28,23,14,19,8,3,FALSE,0,FALSE
1196.9908,20.015,19.699,16.525,15.538,3.127,20,18,6,1113511.1,72,72,70,70,104,104,102,101,20.293,20.27,22.365,22.312,2916.844,92346,30089,0,400,2666,3,13,1,0,0,28,23,14,19,8,3,FALSE,0,FALSE
1197.4912,20.024,19.708,16.525,15.538,3.114,20,18,6,1108572.2,71,71,70,70,104,104,102,101,20.291,20.268,22.362,22.309,2947.297,92346,30089,0,400,2666,3,13,1,0,0,28,23,14,19,8,3,FALSE,0,FALSE
1197.99,20.032,19.716,16.525,15.538,3.101,20,18,6,1102833.1,71,71,70,70,104,104,102,101,20.289,20.266,22.359,22.306,2979.656,92346,30089,0,400,2666,3,13,1,0,0,28,23,14,19,8,3,FALSE,0,FALSE
1198.4946,20.039,19.724,16.525,15.538,3.087,20,18,6,1094189.4,71,71,70,70,104,104,102,101,20.286,20.264,22.355,22.303,3013.781,92346,30089,0,366,2633,3,13,1,0,0,28,23,14,19,8,3,FALSE,0,FALSE
1198.9915,20.047,19.73,16.525,15.538,3.074,20,18,6,1091067.5,71,71,71,70,104,104,102,101,20.283,20.261,22.351,22.299,3049.445,92346,30089,0,366,2617,3,13,1,0,0,28,23,14,19,8,3,FALSE,0,FALSE
1199.4954,20.054,19.737,16.525,15.538,3.06,20,18,6,1082135.6,71,71,71,70,104,104,102,101,20.279,20.257,22.346,22.294,3087.633,92346,30089,0,334,2617,3,13,1,0,0,28,23,14,19,8,3,FALSE,0,FALSE
1199.9935,20.06,19.743,16.525,15.538,3.046,20,18,6,1073780,71,71,71,71,104,104,102,101,20.275,20.253,22.341,22.29,3124.586,92346,30089,0,334,2600,3,13,1,0,0,28,23,14,19,8,3,FALSE,0,FALSE
1200.49,20.067,19.749,16.525,15.538,3.033,20,18,6,1065136.2,71,71,71,71,104,104,102,101,20.27,20.249,22.335,22.284,3163.938,92346,30089,0,334,2567,3,13,1,0,0,28,23,14,19,8,3,FALSE,0,FALSE
1200.9943,20.073,19.755,16.525,15.538,3.019,20,18,6,1056492.5,71,71,71,71,104,103,102,101,20.266,20.244,22.329,22.278,3204.328,92346,30089,0,300,2567,3,13,1,0,0,28,23,14,19,8,3,FALSE,0,FALSE
1201.491,20.079,19.761,16.525,15.538,3.006,20,18,6,1053368.8,71,71,71,71,104,103,102,101,20.26,20.239,22.322,22.272,3245.539,92346,30089,0,267,2533,3,13,1,0,0,28,23,14,19,8,3,FALSE,0,FALSE
1201.993,20.085,19.766,16.525,15.538,2.992,20,18,6,1044725.9,71,71,71,71,104,103,101,101,20.255,20.233,22.315,22.265,3287.523,92346,30089,0,233,2533,3,13,1,0,0,28,23,14,19,8,3,FALSE,0,FALSE
1202.491,20.09,19.772,16.525,15.538,2.978,20,18,6,1036084,71,71,71,71,104,103,101,100,20.249,20.228,22.308,22.258,3330.273,92346,30089,0,233,2467,3,13,1,0,0,28,23,14,19,8,3,FALSE,0,FALSE
1202.9915,20.106,19.788,16.547,15.561,2.971,20,18,6,1060133.1,74,74,76,76,103,103,101,100,20.245,20.224,22.305,22.256,3370.641,92346,30089,0,217,2467,3,13,1,0,0,28,23,14,19,8,3,FALSE,0,FALSE
1203.4911,20.116,19.798,16.554,15.568,2.97,20,18,6,1092416.1,71,72,72,72,103,103,101,100,20.245,20.224,22.307,22.258,3403.43,92346,30089,0,183,2433,3,13,1,0,0,28,23,14,19,8,3,FALSE,0,FALSE
1203.9896,20.131,19.818,16.578,15.592,2.97,20,18,6,1121773,73,77,78,80,103,103,101,101,20.245,20.226,22.311,22.263,3430.938,92346,30089,0,183,2433,3,13,1,0,0,28,23,14,19,8,3,FALSE,0,FALSE
1204.4912,20.161,19.856,16.629,15.658,2.97,20,18,6,1146594.5,79,84,88,96,104,103,101,101,20.249,20.232,22.318,22.272,3453.609,92346,30089,0,250,2500,3,13,1,0,0,28,23,14,19,8,3,FALSE,0,FALSE
1204.9929,20.179,19.879,16.675,15.72,2.966,20,18,6,1158515.5,77,81,90,100,104,103,102,101,20.253,20.239,22.328,22.287,3476.203,92346,30089,0,250,2500,3,13,1,0,0,28,23,14,19,8,3,FALSE,0,FALSE
1205.4906,20.203,19.909,16.702,15.753,2.959,20,18,6,1165163.2,79,84,84,91,104,103,102,101,20.257,20.245,22.336,22.299,3497.828,92346,30089,0,250,2483,3,13,1,0,0,28,23,14,19,8,3,FALSE,0,FALSE
1205.9956,20.225,19.936,16.722,15.78,2.95,20,18,6,1171968.9,78,82,79,85,104,104,102,101,20.261,20.252,22.342,22.308,3519.047,92346,30089,0,216,2483,3,13,1,0,0,28,23,14,19,8,3,FALSE,0,FALSE
1206.994,20.261,19.979,16.751,15.812,2.929,20,18,6,1184455.8,76,80,75,78,104,104,102,101,20.266,20.26,22.346,22.316,3562.5,92346,30089,0,350,2600,3,13,1,0,0,28,23,14,19,8,3,FALSE,0,FALSE
1207.4945,20.283,20.005,16.768,15.829,2.917,20,18,6,1188238,77,81,76,78,104,104,102,101,20.267,20.263,22.348,22.319,3586.758,92346,30089,0,350,2684,3,13,1,0,0,28,23,14,19,8,3,FALSE,0,FALSE
1207.9929,20.315,20.041,16.787,15.849,2.904,20,18,6,1187731.4,79,83,76,78,104,104,102,101,20.269,20.268,22.348,22.321,3612.961,92346,30089,0,417,2684,3,13,1,0,0,28,23,14,19,8,3,FALSE,0,FALSE
1208.4922,20.338,20.069,16.805,15.867,2.89,20,18,6,1180829.2,76,80,76,77,104,104,102,101,20.271,20.271,22.348,22.321,3641.359,92346,30089,0,417,2684,3,13,1,0,0,28,23,14,19,8,3,FALSE,0,FALSE
1208.9933,20.363,20.099,16.824,15.885,2.877,20,18,6,1178612.5,75,79,75,76,104,104,102,102,20.271,20.273,22.348,22.322,3671.961,92346,30089,0,433,2717,3,13,1,0,0,28,23,14,19,8,3,FALSE,0,FALSE
1209.4932,20.375,20.114,16.828,15.889,2.864,20,18,6,1170288.9,72,74,71,71,104,104,102,101,20.27,20.274,22.346,22.32,3704.398,92346,30089,0,450,2733,3,13,1,0,0,28,23,14,19,8,3,FALSE,0,FALSE
1209.9893,20.388,20.124,16.836,15.897,2.85,20,18,6,1161645.1,75,73,74,72,104,104,102,101,20.268,20.272,22.342,22.316,3737.906,92346,30089,0,450,2733,3,13,1,0,0,28,23,14,19,8,3,FALSE,0,FALSE
1210.4952,20.437,20.165,16.892,15.947,2.836,20,18,6,1152713.2,84,81,87,82,104,104,102,101,20.268,20.271,22.342,22.315,3772.883,92346,30089,0,467,2750,3,13,1,0,0,28,23,14,19,8,3,FALSE,0,FALSE
1210.9916,20.493,20.213,16.954,16.003,2.822,20,18,6,1144357.6,85,81,87,83,104,104,102,101,20.272,20.272,22.344,22.315,3806.805,92346,30089,0,484,2767,3,13,1,0,0,28,23,14,19,8,3,FALSE,0,FALSE
1211.4934,20.542,20.253,17.005,16.051,2.809,20,18,6,1135713.9,82,78,85,81,104,104,102,101,20.273,20.272,22.345,22.315,3843.398,92346,30089,0,484,2767,3,13,1,0,0,28,23,14,19,8,3,FALSE,0,FALSE
1211.9943,20.605,20.306,17.086,16.122,2.796,20,18,6,1132559.4,87,82,91,86,104,104,102,101,20.275,20.272,22.346,22.314,3880.484,92346,30089,0,484,2767,3,13,1,0,0,28,23,14,19,8,3,FALSE,0,FALSE
1212.4934,20.666,20.358,17.157,16.185,2.782,20,18,6,1123915.6,84,80,87,82,104,104,102,101,20.278,20.272,22.348,22.314,3917.297,92346,30089,0,483,2767,3,13,1,0,0,28,23,14,19,8,3,FALSE,0,FALSE
1212.9921,20.724,20.406,17.226,16.248,2.768,20,18,6,1115271.9,85,81,88,84,104,104,102,101,20.278,20.271,22.348,22.312,3953.305,92346,30089,0,483,2783,3,13,1,0,0,28,23,14,19,8,3,FALSE,0,FALSE
1213.4916,20.766,20.441,17.261,16.28,2.755,20,18,6,1106628.1,77,75,76,74,104,104,102,101,20.278,20.27,22.346,22.309,3989.602,92346,30089,0,483,2783,3,13,1,0,0,28,23,14,19,8,3,FALSE,0,FALSE
1213.9932,20.774,20.449,17.268,16.286,2.741,20,18,6,1104444.1,73,73,74,74,104,104,102,101,20.274,20.265,22.339,22.302,4026.961,92346,30089,40239,483,2783,3,13,1,0,0,28,23,14,19,8,3,FALSE,0,FALSE
1214.4921,20.795,20.469,17.297,16.315,2.739,20,18,6,1134315.4,75,74,78,77,104,104,102,101,20.272,20.263,22.341,22.304,4058.578,92346,30089,40239,483,2783,3,13,1,0,0,28,23,14,19,8,3,FALSE,0,FALSE
1214.995,20.829,20.494,17.346,16.357,2.739,20,18,6,1162331.6,82,77,90,84,104,104,102,101,20.275,20.264,22.347,22.309,4084.094,92346,30089,40239,483,2783,3,13,1,0,0,28,23,14,19,8,3,FALSE,0,FALSE
1215.4943,20.857,20.515,17.377,16.382,2.739,20,18,6,1177884.4,81,76,87,80,104,104,102,101,20.28,20.267,22.355,22.315,4104.953,92346,30089,40239,517,2800,3,13,1,0,0,28,23,14,19,8,3,FALSE,0,FALSE
1215.9918,20.879,20.531,17.421,16.415,2.738,20,18,6,1189523.6,81,76,93,84,104,104,102,101,20.283,20.268,22.363,22.32,4125.164,92346,30089,40239,517,2800,3,13,1,0,0,28,23,14,19,8,3,FALSE,0,FALSE
1216.4927,20.905,20.548,17.465,16.454,2.734,20,18,6,1196659.2,84,75,93,88,104,104,102,102,20.287,20.269,22.372,22.326,4147.375,92346,30089,40239,533,2817,3,13,1,0,0,28,23,14,19,8,3,FALSE,0,FALSE
1216.988,20.929,20.571,17.509,16.479,2.727,20,18,6,1203318.9,82,78,94,84,104,104,103,102,20.292,20.271,22.383,22.332,4169.5,92346,30089,40239,533,2817,3,13,1,0,0,28,23,14,19,8,3,FALSE,0,FALSE
1217.4927,20.956,20.593,17.534,16.498,2.718,20,18,6,1209824.9,83,79,86,79,104,104,103,102,20.295,20.273,22.39,22.335,4189.594,92346,30089,40239,533,2800,3,13,1,0,0,28,23,14,19,8,3,FALSE,0,FALSE
1217.9937,20.976,20.612,17.539,16.503,2.706,20,18,6,1210733,79,77,76,72,104,104,103,102,20.298,20.275,22.392,22.336,4211.086,92346,30089,40239,500,2800,3,13,1,0,0,28,23,14,19,8,3,FALSE,0,FALSE
1218.4916,20.997,20.634,17.543,16.507,2.693,20,18,6,1205735.8,77,76,72,70,104,104,103,102,20.3,20.276,22.392,22.335,4235.461,92346,30089,40239,500,2800,3,13,1,0,0,28,23,14,19,8,3,FALSE,0,FALSE
1218.9933,21.008,20.644,17.543,16.507,2.68,20,18,6,1205091,74,73,70,70,104,104,103,102,20.299,20.275,22.389,22.332,4262.5,92346,30089,40239,550,2850,3,13,1,0,0,28,23,14,19,8,3,FALSE,0,FALSE
1219.4911,21.017,20.653,17.543,16.507,2.666,20,18,6,1197942.1,73,72,70,70,104,104,103,102,20.297,20.273,22.386,22.33,4291.797,92346,30089,40239,550,2867,3,13,1,0,0,28,23,14,19,8,3,FALSE,0,FALSE
1219.992,21.025,20.66,17.543,16.507,2.653,20,18,6,1195321.2,73,72,70,70,104,104,103,102,20.295,20.27,22.382,22.326,4322.93,92346,30089,40239,567,2867,3,13,1,0,0,28,23,14,19,8,3,FALSE,0,FALSE
1220.4908,21.033,20.668,17.543,16.507,2.639,20,18,6,1186717.4,72,72,70,70,104,104,102,102,20.292,20.267,22.378,22.322,4355.727,92346,30089,40239,550,2867,3,13,1,0,0,28,23,14,19,8,3,FALSE,0,FALSE
1220.9921,21.04,20.675,17.543,16.507,2.627,20,18,6,1183349.5,72,71,70,70,104,104,102,101,20.288,20.264,22.373,22.318,4390.07,92346,30089,40239,550,2867,3,13,1,0,0,28,23,14,19,8,3,FALSE,0,FALSE
1221.4946,21.047,20.681,17.543,16.507,2.613,20,18,6,1174705.8,72,72,70,70,104,104,102,101,20.284,20.26,22.368,22.313,4425.547,92346,30089,40239,550,2867,3,13,1,0,0,28,23,14,19,8,3,FALSE,0,FALSE
1221.9939,21.053,20.687,17.543,16.507,2.599,20,18,6,1166062,72,72,70,70,104,104,102,101,20.279,20.256,22.362,22.307,4462.195,92346,30089,40239,567,2883,3,13,1,0,0,28,23,14,19,8,3,FALSE,0,FALSE
1222.4897,21.06,20.694,17.543,16.507,2.586,20,18,6,1157418.2,72,72,71,70,104,104,102,101,20.275,20.251,22.356,22.302,4499.953,92346,30089,40239,567,2900,3,13,1,0,0,28,23,14,19,8,3,FALSE,0,FALSE
1222.9901,21.066,20.7,17.543,16.507,2.572,20,18,6,1148774.5,72,72,71,71,104,103,102,101,20.27,20.246,22.349,22.295,4538.711,92346,30089,40239,550,2884,3,13,1,0,0,28,23,14,19,8,3,FALSE,0,FALSE
1223.4907,21.072,20.706,17.543,16.507,2.558,20,18,6,1140130.8,72,72,71,71,104,103,102,101,20.264,20.241,22.342,22.289,4578.375,92346,30089,40239,534,2884,3,13,1,0,0,28,23,14,19,8,3,FALSE,0,FALSE
1223.9928,21.077,20.712,17.543,16.507,2.544,20,18,6,1131487,73,73,72,71,104,103,102,101,20.259,20.236,22.335,22.282,4618.852,92346,30089,40239,533,2884,3,13,1,0,0,28,23,14,19,8,3,FALSE,0,FALSE
1224.4921,21.083,20.718,17.543,16.507,2.53,20,18,6,1122843.2,73,73,72,72,104,103,102,101,20.253,20.23,22.328,22.275,4660.023,92346,30089,40239,533,2900,3,13,1,0,0,28,23,14,19,8,3,FALSE,0,FALSE
1224.9895,21.088,20.724,17.543,16.507,2.517,20,18,6,1114199.5,73,73,72,72,104,103,101,101,20.247,20.224,22.32,22.267,4701.789,92346,30089,40239,517,2900,3,13,1,0,0,28,23,14,19,8,3,FALSE,0,FALSE
1225.4921,21.094,20.73,17.543,16.507,2.504,20,18,6,1111242,73,73,72,72,103,103,101,100,20.241,20.219,22.312,22.259,4743.93,92346,30089,40239,500,2867,3,13,1,0,0,28,23,14,19,8,3,FALSE,0,FALSE
1225.9922,21.099,20.735,17.543,16.507,2.49,20,18,6,1102598.2,73,73,71,71,103,103,101,100,20.235,20.212,22.303,22.251,4786.531,92346,30089,40239,500,2867,3,13,1,0,0,28,23,14,19,8,3,FALSE,0,FALSE
1226.4906,21.114,20.749,17.56,16.524,2.481,20,18,6,1115488.2,74,74,76,76,103,103,101,100,20.229,20.207,22.297,22.245,4828.258,92346,30089,40239,500,2867,3,13,1,0,0,28,23,14,19,8,3,FALSE,0,FALSE
1226.9933,21.137,20.776,17.591,16.553,2.48,20,18,6,1147759,75,76,78,78,103,103,101,100,20.229,20.207,22.301,22.249,4861.594,92346,30089,40239,483,2850,3,13,1,0,0,28,23,14,19,8,3,FALSE,0,FALSE
1227.4929,21.149,20.788,17.6,16.562,2.479,20,18,6,1173691.9,73,72,74,73,103,103,101,100,20.23,20.209,22.306,22.254,4887.211,92346,30089,40239,483,2850,3,13,1,0,0,28,23,14,19,8,3,FALSE,0,FALSE
1227.9884,21.164,20.799,17.621,16.58,2.479,20,18,6,1194127,76,72,80,76,103,103,101,100,20.232,20.21,22.311,22.259,4908.375,92346,30089,40239,517,2850,3,13,1,0,0,28,23,14,19,8,3,FALSE,0,FALSE
1228.4935,21.187,20.815,17.654,16.606,2.479,20,18,6,1206383.4,80,74,87,80,103,103,101,101,20.236,20.212,22.319,22.265,4926.039,92346,30089,40239,517,2900,3,13,1,0,0,28,23,14,19,8,3,FALSE,0,FALSE
1228.9938,21.204,20.829,17.705,16.637,2.476,20,18,6,1213195.9,78,76,98,84,103,103,102,101,20.241,20.214,22.329,22.272,4950.789,92346,30089,40239,517,2900,3,13,1,0,0,28,23,14,19,8,3,FALSE,0,FALSE
1229.4949,21.231,20.851,17.739,16.664,2.469,20,18,6,1219897.5,84,79,92,82,103,103,102,101,20.246,20.218,22.342,22.28,4969.195,92346,30089,40239,533,2900,3,13,1,0,0,28,23,14,19,8,3,FALSE,0,FALSE
1229.9893,21.281,20.893,17.762,16.681,2.462,20,18,6,1226417.9,94,88,86,79,104,103,102,101,20.254,20.224,22.35,22.285,4986.656,92346,30089,40239,533,2900,3,13,1,0,0,28,23,14,19,8,3,FALSE,0,FALSE
1230.4902,21.319,20.928,17.771,16.688,2.452,20,18,6,1227562.5,87,85,78,73,104,103,102,101,20.264,20.232,22.355,22.288,5005.852,92346,30089,40239,533,2817,3,13,1,0,0,28,23,14,19,8,3,FALSE,0,FALSE
1230.9911,21.338,20.948,17.777,16.694,2.439,20,18,6,1223706.5,81,80,75,72,104,103,102,101,20.269,20.236,22.357,22.289,5027.188,92346,30089,40239,450,2817,3,13,1,0,0,28,23,14,19,8,3,FALSE,0,FALSE
1231.9907,21.4,21.007,17.787,16.704,2.412,20,18,6,1219770.2,76,75,72,70,104,103,102,101,20.277,20.243,22.357,22.289,5077.57,92346,30089,40239,500,2900,3,13,1,0,0,28,23,14,19,8,3,FALSE,0,FALSE
1232.4889,21.41,21.017,17.788,16.705,2.398,20,18,6,1212659.1,73,72,70,70,104,103,102,101,20.276,20.242,22.356,22.287,5106.781,92346,30089,40239,533,2933,3,13,1,0,0,28,23,14,19,8,3,FALSE,0,FALSE
1232.9913,21.42,21.027,17.788,16.705,2.386,20,18,6,1170381,73,72,69,70,104,103,102,101,20.275,20.241,22.353,22.285,5137.93,92346,30089,40239,533,2933,3,13,1,0,0,28,23,14,19,8,3,FALSE,0,FALSE
1233.4927,21.43,21.037,17.788,16.705,2.372,20,18,6,1112823.1,73,73,70,71,104,103,102,101,20.273,20.239,22.35,22.283,5171.156,92346,30089,40239,534,2933,3,13,1,0,0,28,23,14,19,8,3,FALSE,0,FALSE
1233.9882,21.438,21.045,17.788,16.705,2.359,20,18,6,1080177.5,73,72,71,71,104,103,102,101,20.271,20.237,22.346,22.279,5206.219,92346,30089,40239,534,2967,3,13,1,0,0,28,23,14,19,8,3,FALSE,0,FALSE
1234.9893,21.451,21.058,17.788,16.705,2.332,20,18,6,1062890,72,72,71,71,104,103,102,101,20.264,20.231,22.337,22.271,5279.914,92346,30089,40239,517,2984,3,13,1,0,0,28,23,14,19,8,3,FALSE,0,FALSE
1235.4875,21.457,21.064,17.788,16.705,2.318,20,18,6,1054246.2,72,72,71,71,104,103,102,101,20.261,20.227,22.332,22.267,5318.328,92346,30089,40239,516,2984,3,13,1,0,0,28,23,14,19,8,3,FALSE,0,FALSE
1235.9918,21.463,21.07,17.788,16.705,2.304,20,18,6,1046080.7,72,72,71,71,104,103,102,100,20.256,20.223,22.326,22.261,5357.711,92346,30089,40239,516,2983,3,13,1,0,0,28,23,14,19,8,3,FALSE,0,FALSE
1236.4878,21.469,21.076,17.788,16.705,2.29,20,18,6,1037438.8,72,72,71,71,104,103,101,100,20.252,20.219,22.32,22.256,5397.867,92346,30089,40239,484,2984,3,13,1,0,0,28,23,14,19,8,3,FALSE,0,FALSE
1236.9883,21.475,21.081,17.788,16.705,2.277,20,18,7,1034214.44,72,72,71,71,104,103,101,100,20.247,20.214,22.314,22.249,29.742,93244,0,0,483,3000,3,14,1,0,0,28,23,14,19,8,3,FALSE,0,FALSE
1237.4895,21.48,21.087,17.788,16.705,2.264,20,18,7,1025572.56,71,71,71,71,103,103,101,100,20.241,20.209,22.307,22.243,71.102,93244,0,0,483,3000,3,14,1,0,0,28,23,14,19,8,3,FALSE,0,FALSE
1237.9896,21.486,21.092,17.788,16.705,2.25,20,18,7,1016930.7,71,71,71,71,103,103,101,100,20.235,20.203,22.3,22.236,113.148,93244,0,0,450,2983,3,14,1,0,0,28,23,14,19,8,3,FALSE,0,FALSE
1238.4899,21.492,21.098,17.788,16.705,2.236,20,18,7,1008288.8,72,71,72,71,103,103,101,100,20.229,20.197,22.292,22.229,155.922,93244,0,0,433,2967,3,14,1,0,0,28,23,14,19,8,3,FALSE,0,FALSE
1238.9893,21.497,21.104,17.788,16.705,2.222,20,18,7,999646.94,71,71,71,71,103,102,101,100,20.222,20.19,22.284,22.221,199.344,93244,0,0,416,2950,3,14,1,0,0,28,23,14,19,8,3,FALSE,0,FALSE
1239.4862,21.503,21.109,17.788,16.705,2.208,20,18,7,991005.06,70,70,70,70,103,102,101,100,20.215,20.183,22.275,22.213,243.359,93244,0,0,383,2917,3,14,1,0,0,28,23,14,19,8,3,FALSE,0,FALSE
1239.9907,21.508,21.115,17.788,16.705,2.195,20,18,7,982363.2,72,71,72,71,103,102,101,100,20.207,20.176,22.267,22.205,287.859,93244,0,0,383,2917,3,14,1,0,0,28,23,14,19,8,3,FALSE,0,FALSE
1240.4917,21.514,21.12,17.788,16.705,2.181,20,18,7,973753.94,71,71,72,71,103,102,100,99,20.2,20.169,22.258,22.196,332.844,93244,0,0,367,2900,3,14,1,0,0,28,23,14,19,8,3,FALSE,0,FALSE
1240.9934,21.519,21.125,17.788,16.705,2.167,20,18,7,965385.06,71,71,72,71,102,102,100,99,20.192,20.161,22.249,22.187,378.234,93244,0,0,334,2867,3,14,1,0,0,28,23,14,19,8,3,FALSE,0,FALSE
1241.4905,21.525,21.13,17.788,16.705,2.153,20,18,7,957257.7,71,71,71,71,102,102,100,99,20.184,20.153,22.239,22.178,423.977,93244,0,0,300,2834,3,14,1,0,0,28,23,14,19,8,3,FALSE,0,FALSE
1241.992,21.53,21.135,17.788,16.705,2.14,20,18,7,949354.7,71,71,71,71,102,102,100,99,20.175,20.145,22.23,22.169,470.055,93244,0,0,250,2834,3,14,1,0,0,28,23,14,19,8,3,FALSE,0,FALSE
1242.4911,21.537,21.141,17.789,16.706,2.126,20,18,7,941660.44,72,71,72,71,102,101,100,99,20.166,20.136,22.22,22.159,516.422,93244,0,0,250,2750,3,14,1,0,0,28,23,14,19,8,3,FALSE,0,FALSE
1242.9905,21.544,21.148,17.791,16.709,2.112,20,18,7,934146,71,72,72,72,102,101,100,99,20.158,20.127,22.21,22.15,563.023,93244,0,0,200,2750,3,14,1,0,0,28,23,14,19,8,3,FALSE,0,FALSE
1243.4917,21.567,21.175,17.822,16.739,2.106,20,18,7,960847.56,74,75,77,76,102,101,100,99,20.152,20.123,22.206,22.146,606.891,93244,0,0,167,2750,3,14,1,0,0,28,23,14,19,8,3,FALSE,0,FALSE
1243.9855,21.588,21.193,17.84,16.758,2.105,20,18,7,994509.25,72,72,73,73,102,101,100,99,20.153,20.124,22.211,22.151,641.492,93244,0,0,134,2750,3,14,1,0,0,28,23,14,19,8,3,FALSE,0,FALSE
1244.4882,21.596,21.2,17.843,16.762,2.103,20,18,7,1023082.06,71,71,72,71,102,101,100,99,20.153,20.125,22.215,22.155,669.766,93244,0,0,134,2783,3,14,1,0,0,28,23,14,19,8,3,FALSE,0,FALSE
1244.9922,21.604,21.21,17.851,16.767,2.103,20,18,7,1049161.5,72,71,72,72,102,101,100,99,20.155,20.127,22.219,22.16,692.922,93244,0,0,233,2783,3,14,1,0,0,28,23,14,19,8,3,FALSE,0,FALSE
1245.4884,21.618,21.221,17.861,16.781,2.103,20,18,7,1070086.5,75,73,75,74,102,101,100,99,20.158,20.129,22.224,22.165,711.547,93244,0,0,233,2783,3,14,1,0,0,28,23,14,19,8,3,FALSE,0,FALSE
1245.9935,21.633,21.234,17.879,16.795,2.103,20,18,7,1086740.6,77,74,80,76,102,101,100,99,20.163,20.133,22.23,22.171,725.5,93244,0,0,233,2783,3,14,1,0,0,28,23,14,19,8,3,FALSE,0,FALSE
1246.4897,21.645,21.244,17.909,16.817,2.103,20,18,7,1099319.4,77,74,89,81,102,101,100,99,20.169,20.137,22.239,22.178,737.016,93244,0,0,233,2783,3,14,1,0,0,28,23,14,19,8,3,FALSE,0,FALSE
1246.9883,21.652,21.249,17.931,16.833,2.102,20,18,7,1105573.8,76,73,92,83,102,102,100,99,20.173,20.141,22.251,22.187,751.789,93244,0,0,284,2817,3,14,1,0,0,28,23,14,19,8,3,FALSE,0,FALSE
1247.4894,21.661,21.258,17.949,16.844,2.099,20,18,7,1110339.4,76,74,91,80,102,102,101,99,20.178,20.145,22.263,22.195,762.414,93244,0,0,284,2817,3,14,1,0,0,28,23,14,19,8,3,FALSE,0,FALSE
1247.9877,21.668,21.264,17.954,16.848,2.095,20,18,7,1115441,76,73,83,76,102,102,101,99,20.182,20.148,22.273,22.201,772.367,93244,0,0,284,2917,3,14,1,0,0,28,23,14,19,8,3,FALSE,0,FALSE
1248.4908,21.675,21.273,17.955,16.849,2.089,20,18,7,1119825.8,75,74,76,72,102,102,101,100,20.186,20.151,22.279,22.205,784.094,93244,0,0,284,2917,3,14,1,0,0,28,23,14,19,8,3,FALSE,0,FALSE
1248.993,21.683,21.284,17.956,16.85,2.081,20,18,7,1125451.9,74,74,72,70,102,102,101,100,20.189,20.154,22.282,22.208,798.102,93244,0,0,284,2917,3,14,1,0,0,28,23,14,19,8,3,FALSE,0,FALSE
1249.4877,21.697,21.297,17.962,16.859,2.073,20,18,7,1134749.2,76,76,71,74,102,102,101,100,20.192,20.157,22.283,22.21,814.375,93244,0,0,350,2917,3,14,1,0,0,28,23,14,19,8,3,FALSE,0,FALSE
1249.9889,21.708,21.31,17.971,16.87,2.065,20,18,7,1140986.6,75,76,72,75,103,102,101,100,20.195,20.161,22.285,22.213,831.664,93244,0,0,350,2900,3,14,1,0,0,28,23,14,19,8,3,FALSE,0,FALSE
1250.9916,21.742,21.346,17.985,16.885,2.045,20,18,7,1149700,76,78,71,73,103,102,101,100,20.2,20.169,22.287,22.219,878.906,93244,0,0,267,2916,3,14,1,0,0,28,23,14,19,8,3,FALSE,0,FALSE
1251.4926,21.78,21.383,17.993,16.892,2.031,20,18,7,1145754.1,82,84,72,73,103,102,101,100,20.204,20.174,22.287,22.219,902.055,93244,0,0,267,2916,3,14,1,0,0,28,23,14,19,8,3,FALSE,0,FALSE
1251.9872,21.798,21.401,17.995,16.894,2.019,20,18,7,1145511.5,76,75,70,71,103,102,101,100,20.208,20.179,22.286,22.219,928.078,93244,0,0,283,2916,3,14,1,0,0,28,23,14,19,8,3,FALSE,0,FALSE
1252.4882,21.811,21.416,17.996,16.896,2.005,20,18,7,1138921,75,74,71,71,103,102,101,100,20.209,20.179,22.284,22.218,957.734,93244,0,0,300,2917,3,14,1,0,0,28,23,14,19,8,3,FALSE,0,FALSE
1252.9913,21.831,21.435,18.005,16.904,1.991,20,18,7,1131721.1,76,74,73,71,103,102,101,100,20.209,20.18,22.283,22.217,988.57,93244,0,0,300,2917,3,14,1,0,0,28,23,14,19,8,3,FALSE,0,FALSE
1253.4913,21.852,21.452,18.016,16.916,1.978,20,18,7,1128990.9,75,73,73,71,103,102,101,100,20.21,20.18,22.281,22.215,1019.688,93244,0,0,300,2900,3,14,1,0,0,28,23,14,19,8,3,FALSE,0,FALSE
1253.9908,21.864,21.461,18.018,16.917,1.964,20,18,7,1120359,72,71,70,70,103,102,101,100,20.209,20.178,22.279,22.212,1052.734,93244,0,0,300,2883,3,14,1,0,0,28,23,14,19,8,3,FALSE,0,FALSE
1254.4888,21.872,21.469,18.018,16.918,1.951,20,18,7,1111715.2,71,70,70,70,103,102,101,100,20.207,20.176,22.275,22.208,1087.445,93244,0,0,283,2883,3,14,1,0,0,28,23,14,19,8,3,FALSE,0,FALSE
1254.9891,21.879,21.476,18.018,16.918,1.938,20,18,7,1108559.8,71,71,70,70,103,102,101,100,20.203,20.173,22.27,22.204,1123.523,93244,0,0,266,2883,3,14,1,0,0,28,23,14,19,8,3,FALSE,0,FALSE
1255.4906,21.886,21.482,18.018,16.918,1.924,20,18,7,1099916,71,71,70,70,103,102,101,99,20.2,20.169,22.265,22.199,1160.859,93244,0,0,266,2883,3,14,1,0,0,28,23,14,19,8,3,FALSE,0,FALSE
1255.9911,21.892,21.489,18.018,16.918,1.91,20,18,7,1091272.2,71,71,71,71,103,102,100,99,20.196,20.166,22.26,22.194,1199.391,93244,0,0,250,2883,3,14,1,0,0,28,23,14,19,8,3,FALSE,0,FALSE
1256.4797,21.898,21.496,18.019,16.918,1.896,20,18,7,1082628.5,71,71,71,71,102,102,100,99,20.192,20.162,22.254,22.189,1238.977,93244,0,0,200,2866,3,14,1,0,0,28,23,14,19,8,3,FALSE,0,FALSE
1256.987,21.904,21.502,18.019,16.918,1.884,20,18,7,1079408.6,71,71,71,71,102,102,100,99,20.187,20.157,22.248,22.183,1279.422,93244,0,0,200,2866,3,14,1,0,0,28,23,14,19,8,3,FALSE,0,FALSE
1257.4923,21.909,21.508,18.019,16.918,1.87,20,18,7,1070764.9,71,71,71,71,102,102,100,99,20.182,20.153,22.241,22.177,1320.617,93244,0,0,184,2866,3,14,1,0,0,28,23,14,19,8,3,FALSE,0,FALSE
1257.9886,21.914,21.514,18.019,16.918,1.856,20,18,7,1062121.1,71,71,71,71,102,102,100,99,20.177,20.148,22.234,22.17,1362.578,93244,0,0,150,2850,3,14,1,0,0,28,23,14,19,8,3,FALSE,0,FALSE
1258.4875,21.92,21.521,18.02,16.919,1.842,20,18,7,1055324,71,71,72,72,102,102,100,99,20.171,20.142,22.227,22.164,1405.141,93244,0,0,116,2850,3,14,1,0,0,28,23,14,19,8,3,FALSE,0,FALSE
1258.9889,21.941,21.543,18.05,16.949,1.839,20,18,7,1088411.8,74,74,77,77,102,102,100,99,20.17,20.141,22.227,22.165,1442.766,93244,0,0,116,2834,3,14,1,0,0,28,23,14,19,8,3,FALSE,0,FALSE
1259.4918,21.966,21.564,18.071,16.972,1.838,20,18,7,1116375.6,76,74,76,76,102,102,100,99,20.172,20.144,22.233,22.171,1471.234,93244,0,0,84,2834,3,14,1,0,0,28,23,14,19,8,3,FALSE,0,FALSE
1259.9879,21.981,21.576,18.083,16.985,1.838,20,18,7,1139351.1,76,73,76,75,102,102,100,99,20.176,20.147,22.239,22.177,1493.023,93244,0,0,84,2834,3,14,1,0,0,28,23,14,19,8,3,FALSE,0,FALSE
1260.4884,21.996,21.588,18.099,16.998,1.838,20,18,7,1157954.2,77,73,78,75,102,102,100,99,20.181,20.15,22.246,22.183,1509.969,93244,0,0,117,2900,3,14,1,0,0,28,23,14,19,8,3,FALSE,0,FALSE
1260.9908,22.006,21.595,18.109,17.007,1.838,20,18,7,1172158.5,76,72,78,74,102,102,100,99,20.185,20.153,22.253,22.189,1524.117,93244,0,0,117,2900,3,14,1,0,0,28,23,14,19,8,3,FALSE,0,FALSE
1261.4897,22.018,21.602,18.128,17.024,1.837,20,18,7,1178037.4,77,72,82,78,102,102,100,99,20.19,20.155,22.26,22.195,1546.086,93244,0,0,117,2900,3,14,1,0,0,28,23,14,19,8,3,FALSE,0,FALSE
1261.988,22.03,21.612,18.141,17.033,1.833,20,18,7,1183528.4,77,73,81,75,103,102,101,99,20.194,20.158,22.267,22.201,1566.039,93244,0,0,250,3034,3,14,1,0,0,28,23,14,19,8,3,FALSE,0,FALSE
1262.4897,22.044,21.625,18.15,17.04,1.827,20,18,7,1189340.1,78,75,78,73,103,102,101,100,20.199,20.161,22.273,22.205,1582.688,93244,0,0,250,3034,3,14,1,0,0,28,23,14,19,8,3,FALSE,0,FALSE
1262.991,22.053,21.633,18.154,17.043,1.82,20,18,7,1193589.2,76,73,74,71,103,102,101,100,20.203,20.164,22.277,22.208,1600.125,93244,0,0,250,3200,3,14,1,0,0,28,23,14,19,8,3,FALSE,0,FALSE
1263.4917,22.063,21.645,18.155,17.045,1.811,20,18,7,1193281.1,75,74,71,69,103,102,101,100,20.206,20.166,22.28,22.21,1617.742,93244,0,0,333,3200,3,14,1,0,0,28,23,14,19,8,3,FALSE,0,FALSE
1264.4883,22.09,21.672,18.157,17.047,1.786,20,18,7,1186249.1,75,75,70,69,103,102,101,100,20.21,20.171,22.281,22.211,1660.414,93244,0,0,333,3166,3,14,1,0,0,28,23,14,19,8,3,FALSE,0,FALSE
1264.9901,22.104,21.686,18.157,17.048,1.772,20,18,7,1180810.1,74,73,69,68,103,102,101,100,20.212,20.172,22.28,22.211,1686.164,93244,0,0,283,3166,3,14,1,0,0,28,23,14,19,8,3,FALSE,0,FALSE
1265.4851,22.117,21.699,18.157,17.048,1.759,20,18,7,1179955.2,73,73,69,69,103,102,101,100,20.212,20.173,22.279,22.209,1714.531,93244,0,0,316,3216,3,14,1,0,0,28,23,14,19,8,3,FALSE,0,FALSE
1265.9885,22.126,21.709,18.161,17.051,1.745,20,18,7,1172423.1,72,73,71,71,103,102,101,100,20.212,20.173,22.277,22.208,1744.562,93244,0,0,316,3216,3,14,1,0,0,28,23,14,19,8,3,FALSE,0,FALSE
1266.491,22.145,21.733,18.176,17.067,1.732,20,18,7,1169677.2,74,76,73,74,103,102,101,100,20.212,20.174,22.276,22.208,1776.305,93244,0,0,300,3216,3,14,1,0,0,28,23,14,19,8,3,FALSE,0,FALSE
1266.9874,22.159,21.751,18.185,17.075,1.718,20,18,7,1161033.6,73,75,72,72,103,102,101,100,20.211,20.175,22.274,22.207,1810.359,93244,30281,0,300,3216,3,14,1,0,0,28,23,14,19,8,3,FALSE,0,FALSE
1267.4877,22.171,21.765,18.196,17.084,1.708,20,18,7,1169089.4,71,72,73,73,103,102,101,100,20.21,20.175,22.272,22.205,1845.883,93244,30281,0,283,3216,3,14,1,0,0,28,23,14,19,8,3,FALSE,0,FALSE
1267.9897,22.2,21.788,18.227,17.113,1.707,20,18,7,1198068.9,77,74,81,77,103,102,101,100,20.212,20.176,22.275,22.207,1874.867,93244,30281,0,283,3233,3,14,1,0,0,28,23,14,19,8,3,FALSE,0,FALSE
1268.492,22.234,21.81,18.273,17.157,1.707,20,18,7,1215823.1,84,75,87,86,103,102,101,100,20.216,20.178,22.28,22.211,1902.875,93244,30281,0,267,3233,3,14,1,0,0,28,23,14,19,8,3,FALSE,0,FALSE
1268.985,22.279,21.838,18.325,17.201,1.702,20,18,7,1224108.2,86,79,91,85,103,102,101,100,20.223,20.18,22.287,22.216,1930.883,93244,30281,0,316,3266,3,14,1,0,0,28,23,14,19,8,3,FALSE,0,FALSE
1269.4913,22.319,21.87,18.364,17.232,1.692,20,18,7,1230996.9,85,80,86,80,103,102,101,100,20.228,20.183,22.293,22.22,1956.883,93244,30281,0,316,3284,3,14,1,0,0,28,23,14,19,8,3,FALSE,0,FALSE
1269.987,22.347,21.894,18.373,17.241,1.68,20,18,7,1235156.4,78,76,74,73,103,102,101,100,20.233,20.186,22.295,22.221,1982.961,93244,30281,0,334,3284,3,14,1,0,0,28,23,14,19,8,3,FALSE,0,FALSE
1270.4849,22.374,21.926,18.398,17.271,1.668,20,18,7,1236014.1,77,80,77,80,103,102,101,100,20.234,20.187,22.294,22.222,2011.805,93244,30281,0,334,3350,3,14,1,0,0,28,23,14,19,8,3,FALSE,0,FALSE
1270.9886,22.403,21.964,18.429,17.308,1.657,20,18,7,1240962,78,80,79,84,103,102,101,100,20.235,20.191,22.295,22.224,2043.086,93244,30281,0,366,3350,3,14,1,0,0,28,23,14,19,8,3,FALSE,0,FALSE
1271.4908,22.443,22.012,18.467,17.354,1.644,20,18,7,1240915.2,82,85,79,84,103,103,101,100,20.237,20.194,22.295,22.227,2073.32,93244,30281,0,366,3350,3,14,1,0,0,28,23,14,19,8,3,FALSE,0,FALSE
1271.9873,22.473,22.047,18.489,17.379,1.631,20,18,7,1238451,77,79,75,78,103,103,101,100,20.237,20.197,22.294,22.228,2103.914,93244,30281,0,400,3350,3,14,1,0,0,28,23,14,19,8,3,FALSE,0,FALSE
1272.4913,22.501,22.077,18.512,17.396,1.618,20,18,7,1229892,75,80,76,75,103,103,101,100,20.237,20.198,22.292,22.226,2136.375,93244,30281,0,433,3433,3,14,1,0,0,28,23,14,19,8,3,FALSE,0,FALSE
1272.9885,22.513,22.092,18.518,17.401,1.604,20,18,7,1221248.2,73,74,72,72,103,103,101,100,20.235,20.198,22.288,22.223,2170.016,93244,30281,0,433,3433,3,14,1,0,0,28,23,14,19,8,3,FALSE,0,FALSE
1273.4895,22.531,22.111,18.54,17.424,1.599,20,18,7,1245272.2,75,75,77,77,103,103,101,100,20.234,20.197,22.288,22.223,2201.297,93244,30281,0,434,3433,3,14,1,0,0,28,23,14,19,8,3,FALSE,0,FALSE
1273.9884,22.553,22.13,18.557,17.444,1.598,20,18,7,1271198,77,75,78,77,103,103,101,100,20.236,20.199,22.292,22.228,2225.188,93244,30281,0,434,3433,3,14,1,0,0,28,23,14,19,8,3,FALSE,0,FALSE
1274.4879,22.567,22.142,18.568,17.455,1.598,20,18,7,1292412.4,77,73,77,76,103,103,101,100,20.239,20.202,22.297,22.232,2243.898,93244,30281,0,434,3466,3,14,1,0,0,28,23,14,19,8,3,FALSE,0,FALSE
1274.9868,22.586,22.158,18.591,17.473,1.598,20,18,7,1307168.1,80,76,83,78,103,103,101,100,20.244,20.205,22.304,22.238,2257.758,93244,30281,0,434,3466,3,14,1,0,0,28,23,14,19,8,3,FALSE,0,FALSE
1275.4888,22.598,22.167,18.615,17.489,1.598,20,18,7,1318500.8,78,74,88,79,104,103,101,100,20.249,20.208,22.312,22.244,2270.266,93244,30281,0,466,3466,3,14,1,0,0,28,23,14,19,8,3,FALSE,0,FALSE
1275.9897,22.606,22.174,18.647,17.511,1.596,20,18,7,1324305.6,77,74,95,83,104,103,102,100,20.252,20.211,22.323,22.251,2287.508,93244,30281,0,466,3417,3,14,1,0,0,28,23,14,19,8,3,FALSE,0,FALSE
1276.4882,22.622,22.187,18.663,17.523,1.593,20,18,7,1330098.9,81,76,90,81,104,103,102,100,20.257,20.214,22.334,22.258,2301.406,93244,30281,0,466,3417,3,14,1,0,0,28,23,14,19,8,3,FALSE,0,FALSE
1277.4895,22.652,22.214,18.676,17.533,1.581,20,18,7,1342484,79,77,78,73,104,103,102,101,20.267,20.221,22.346,22.266,2327.07,93244,30281,0,417,3417,3,14,1,0,0,28,23,14,19,8,3,FALSE,0,FALSE
1277.9889,22.667,22.231,18.678,17.535,1.571,20,18,7,1349115.9,79,79,73,70,104,103,102,101,20.271,20.224,22.349,22.267,2342.352,93244,30281,0,417,3384,3,14,1,0,0,28,23,14,19,8,3,FALSE,0,FALSE
1278.4897,22.691,22.258,18.678,17.536,1.558,20,18,7,1355210.6,82,82,70,69,104,103,102,101,20.275,20.229,22.349,22.267,2360.719,93244,30281,0,417,3384,3,14,1,0,0,28,23,14,19,8,3,FALSE,0,FALSE
1278.9884,22.717,22.288,18.678,17.536,1.546,20,18,7,1359415.2,80,81,69,69,104,103,102,101,20.28,20.234,22.348,22.266,2381.883,93244,30281,0,367,3384,3,14,1,0,0,28,23,14,19,8,3,FALSE,0,FALSE
1279.4879,22.73,22.303,18.678,17.536,1.532,20,18,7,1354745,76,75,69,69,104,103,102,101,20.282,20.237,22.347,22.265,2405.805,93244,30281,0,367,3350,3,14,1,0,0,28,23,14,19,8,3,FALSE,0,FALSE
1279.9862,22.741,22.315,18.678,17.536,1.52,20,18,7,1354390.5,73,73,69,69,104,103,102,101,20.282,20.237,22.344,22.264,2432.188,93244,30281,0,317,3350,3,14,1,0,0,28,23,14,19,8,3,FALSE,0,FALSE
1280.4813,22.751,22.325,18.678,17.536,1.506,20,18,7,1347542.4,72,72,69,69,104,103,102,100,20.281,20.236,22.342,22.262,2460.75,93244,30281,0,317,3350,3,14,1,0,0,28,23,14,19,8,3,FALSE,0,FALSE
1280.9872,22.76,22.333,18.679,17.536,1.493,20,18,7,1345279.9,72,72,69,69,104,103,102,100,20.279,20.235,22.338,22.259,2491.32,93244,30281,0,300,3350,3,14,1,0,0,28,23,14,19,8,3,FALSE,0,FALSE
1281.4911,22.767,22.342,18.679,17.537,1.479,20,18,7,1336794.9,71,71,69,69,104,103,102,100,20.277,20.233,22.335,22.256,2523.555,93244,30281,0,317,3317,3,14,1,0,0,28,23,14,19,8,3,FALSE,0,FALSE
1281.986,22.775,22.351,18.681,17.538,1.466,20,18,7,1328151.1,72,72,70,71,104,103,102,100,20.274,20.23,22.331,22.252,2557.453,93244,30281,0,317,3317,3,14,1,0,0,28,23,14,19,8,3,FALSE,0,FALSE
1282.4899,22.797,22.378,18.703,17.56,1.452,20,18,7,1319507.4,75,77,74,76,104,103,102,100,20.272,20.229,22.327,22.25,2592.578,93244,30281,0,316,3317,3,14,1,0,0,28,23,14,19,8,3,FALSE,0,FALSE
1282.986,22.822,22.41,18.734,17.592,1.44,20,18,7,1324679.8,75,78,78,80,104,103,102,100,20.27,20.229,22.324,22.248,2627.961,93244,30281,0,334,3350,3,14,1,0,0,28,23,14,19,8,3,FALSE,0,FALSE
1283.4873,22.848,22.443,18.764,17.622,1.439,20,18,7,1354541.6,76,79,78,80,104,103,102,100,20.27,20.231,22.326,22.251,2660.984,93244,30281,0,334,3350,3,14,1,0,0,28,23,14,19,8,3,FALSE,0,FALSE
1283.9877,22.862,22.46,18.777,17.635,1.438,20,18,7,1380964.5,73,75,74,76,104,103,102,100,20.272,20.234,22.328,22.255,2687.281,93244,30281,0,334,3350,3,14,1,0,0,28,23,14,19,8,3,FALSE,0,FALSE
1284.4906,22.876,22.477,18.794,17.652,1.437,20,18,7,1403713.6,74,77,77,79,104,103,102,100,20.273,20.237,22.331,22.26,2707.344,93244,30281,0,366,3350,3,14,1,0,0,28,23,14,19,8,3,FALSE,0,FALSE
1284.9882,22.899,22.507,18.818,17.678,1.437,20,18,7,1421806.5,79,85,82,85,104,103,102,101,20.276,20.242,22.336,22.267,2723.695,93244,30281,0,366,3383,3,14,1,0,0,28,23,14,19,8,3,FALSE,0,FALSE
1285.4904,22.934,22.548,18.848,17.721,1.437,20,18,7,1434452.5,89,95,88,97,104,104,102,101,20.283,20.253,22.344,22.277,2735.883,93244,30281,0,366,3383,3,14,1,0,0,28,23,14,19,8,3,FALSE,0,FALSE
1285.9857,22.97,22.584,18.87,17.765,1.436,20,18,7,1439672.1,96,99,88,106,104,104,102,101,20.294,20.267,22.353,22.292,2746.617,93244,30281,0,366,3383,3,14,1,0,0,28,23,14,19,8,3,FALSE,0,FALSE
1286.4865,22.987,22.601,18.879,17.78,1.433,20,18,7,1444636.9,90,91,83,98,105,104,102,101,20.307,20.28,22.361,22.307,2764.523,93244,30281,0,366,3383,3,14,1,0,0,28,23,14,19,8,3,FALSE,0,FALSE
1286.9901,23,22.612,18.883,17.784,1.427,20,18,7,1448816.6,85,85,77,86,105,104,102,101,20.314,20.288,22.365,22.317,2774.789,93244,30281,0,366,3383,3,14,1,0,0,28,23,14,19,8,3,FALSE,0,FALSE
1287.4886,23.021,22.633,18.884,17.786,1.42,20,18,7,1455489,84,85,73,78,105,104,102,102,20.321,20.296,22.367,22.323,2787.227,93244,30281,0,366,3450,3,14,1,0,0,28,23,14,19,8,3,FALSE,0,FALSE
1287.9852,23.035,22.648,18.885,17.787,1.411,20,18,7,1459940.1,81,81,70,73,105,105,102,102,20.325,20.301,22.368,22.325,2802.289,93244,30281,0,433,3450,3,14,1,0,0,28,23,14,19,8,3,FALSE,0,FALSE
1288.4874,23.054,22.664,18.885,17.787,1.4,20,18,7,1470252.9,80,79,69,70,105,105,102,102,20.329,20.305,22.367,22.326,2819.891,93244,30281,0,433,3450,3,14,1,0,0,28,23,14,19,8,3,FALSE,0,FALSE
1288.9891,23.078,22.687,18.885,17.787,1.388,20,18,7,1468023.6,79,79,68,69,105,105,102,102,20.333,20.308,22.365,22.325,2840.156,93244,30281,0,433,3417,3,14,1,0,0,28,23,14,19,8,3,FALSE,0,FALSE
1289.487,23.113,22.72,18.885,17.787,1.375,20,18,7,1443390.8,82,82,69,69,105,105,102,102,20.336,20.312,22.363,22.323,2863.312,93244,30281,0,417,3417,3,14,1,0,0,28,23,14,19,8,3,FALSE,0,FALSE
1289.9895,23.134,22.74,18.885,17.787,1.362,20,18,7,1411465.5,76,76,69,69,105,105,102,101,20.339,20.314,22.361,22.321,2889.227,93244,30281,0,417,3383,3,14,1,0,0,28,23,14,19,8,3,FALSE,0,FALSE
1290.4823,23.148,22.755,18.885,17.787,1.348,20,18,7,1365429.4,73,73,70,69,105,105,102,101,20.338,20.314,22.358,22.318,2917.898,93244,30281,0,383,3383,3,14,1,0,0,28,23,14,19,8,3,FALSE,0,FALSE
1290.9857,23.158,22.765,18.885,17.787,1.335,20,18,7,1342444.8,72,72,70,70,105,105,102,101,20.336,20.312,22.355,22.315,2948.906,93244,30281,0,383,3333,3,14,1,0,0,28,23,14,19,8,3,FALSE,0,FALSE
1291.4896,23.166,22.773,18.885,17.787,1.322,20,18,7,1333828.2,71,71,70,70,105,105,102,101,20.333,20.31,22.351,22.312,2981.867,93244,30281,0,350,3333,3,14,1,0,0,28,23,14,19,8,3,FALSE,0,FALSE
1292.4872,23.18,22.787,18.885,17.787,1.295,20,18,7,1322036,71,71,70,70,105,105,102,101,20.326,20.303,22.342,22.304,3052.625,93244,30281,0,350,3300,3,14,1,0,0,28,23,14,19,8,3,FALSE,0,FALSE
1293.4874,23.194,22.8,18.885,17.787,1.267,20,18,7,1304748.5,71,71,70,70,105,104,102,101,20.318,20.295,22.332,22.294,3128.617,93244,30281,0,334,3300,3,14,1,0,0,28,23,14,19,8,3,FALSE,0,FALSE
1293.9869,23.2,22.806,18.885,17.787,1.254,20,18,7,1296104.8,71,71,71,71,105,104,102,101,20.313,20.29,22.326,22.288,3168.328,93244,30281,0,317,3300,3,14,1,0,0,28,23,14,19,8,3,FALSE,0,FALSE
1294.4885,23.206,22.812,18.885,17.787,1.24,20,18,7,1287461,71,71,71,71,105,104,101,101,20.307,20.285,22.319,22.282,3209.039,93244,30281,0,317,3300,3,14,1,0,0,28,23,14,19,8,3,FALSE,0,FALSE
1294.9893,23.212,22.818,18.885,17.787,1.227,20,18,7,1284394.5,71,71,71,71,105,104,101,101,20.301,20.28,22.312,22.275,3250.531,93244,30281,0,300,3283,3,14,1,0,0,28,23,14,19,8,3,FALSE,0,FALSE
1295.491,23.218,22.823,18.885,17.787,1.213,20,18,7,1275750.8,71,71,71,71,104,104,101,101,20.295,20.274,22.305,22.268,3292.766,93244,30281,0,300,3283,3,14,1,0,0,28,23,14,19,8,3,FALSE,0,FALSE
1295.9796,23.224,22.829,18.885,17.787,1.199,20,18,7,1267107,71,71,71,71,104,104,101,100,20.289,20.267,22.298,22.261,3335.727,93244,30281,0,266,3266,3,14,1,0,0,28,23,14,19,8,3,FALSE,0,FALSE
1296.4854,23.243,22.848,18.912,17.813,1.194,20,18,7,1298546,74,74,76,76,104,104,101,100,20.286,20.265,22.297,22.26,3374.875,93244,30281,0,266,3266,3,14,1,0,0,28,23,14,19,8,3,FALSE,0,FALSE
1296.9883,23.255,22.861,18.923,17.823,1.193,20,18,7,1329792.4,72,74,73,74,104,104,101,101,20.286,20.265,22.3,22.264,3406.172,93244,30281,0,250,3266,3,14,1,0,0,28,23,14,19,8,3,FALSE,0,FALSE
1297.4836,23.266,22.876,18.937,17.838,1.193,20,18,7,1357807.4,71,74,74,76,104,104,101,101,20.287,20.267,22.304,22.268,3432.281,93244,30281,0,250,3333,3,14,1,0,0,28,23,14,19,8,3,FALSE,0,FALSE
1297.9866,23.292,22.908,18.976,17.888,1.193,20,18,7,1378197.4,79,83,84,92,104,104,101,101,20.289,20.271,22.31,22.276,3453.859,93244,30281,0,316,3333,3,14,1,0,0,28,23,14,19,8,3,FALSE,0,FALSE
1298.487,23.318,22.94,19.016,17.943,1.186,20,18,7,1385015.4,80,84,86,96,104,104,101,101,20.294,20.279,22.318,22.289,3477.828,93244,30281,0,316,3333,3,14,1,0,0,28,23,14,19,8,3,FALSE,0,FALSE
1298.989,23.343,22.971,19.047,17.981,1.178,20,18,7,1391735,80,86,84,91,104,104,102,101,20.298,20.285,22.326,22.3,3500.695,93244,30281,0,333,3366,3,14,1,0,0,28,23,14,19,8,3,FALSE,0,FALSE
1299.4906,23.375,23.01,19.071,18.012,1.169,20,18,7,1398356.4,82,87,80,87,105,104,102,101,20.303,20.293,22.331,22.309,3522.031,93244,30281,0,333,3366,3,14,1,0,0,28,23,14,19,8,3,FALSE,0,FALSE
1299.9902,23.401,23.04,19.084,18.028,1.158,20,18,7,1404632.8,78,82,75,79,105,104,102,101,20.308,20.3,22.335,22.315,3544.203,93244,30281,0,333,3400,3,14,1,0,0,28,23,14,19,8,3,FALSE,0,FALSE
1300.4893,23.42,23.062,19.098,18.041,1.146,20,18,7,1409967.1,76,80,75,77,105,105,102,101,20.309,20.303,22.336,22.317,3568.031,93244,30281,0,384,3400,3,14,1,0,0,28,23,14,19,8,3,FALSE,0,FALSE
1300.9884,23.444,23.09,19.118,18.063,1.135,20,18,7,1418991.5,78,82,77,79,105,105,102,101,20.311,20.306,22.337,22.319,3593.203,93244,30281,0,384,3417,3,14,1,0,0,28,23,14,19,8,3,FALSE,0,FALSE
1301.4897,23.47,23.123,19.143,18.09,1.123,20,18,7,1423090.6,77,82,78,80,105,105,102,102,20.312,20.31,22.339,22.322,3619.656,93244,30281,0,417,3417,3,14,1,0,0,28,23,14,19,8,3,FALSE,0,FALSE
1301.988,23.509,23.169,19.168,18.116,1.109,20,18,7,1416754.8,81,85,77,80,105,105,102,102,20.314,20.314,22.34,22.324,3647.703,93244,30281,0,417,3450,3,14,1,0,0,28,23,14,19,8,3,FALSE,0,FALSE
1302.4868,23.53,23.195,19.183,18.13,1.096,20,18,7,1414593.2,75,79,75,75,105,105,102,102,20.314,20.317,22.339,22.324,3678,93244,30281,0,433,3450,3,14,1,0,0,28,23,14,19,8,3,FALSE,0,FALSE
1302.9886,23.542,23.209,19.187,18.134,1.082,20,18,7,1406307.1,72,74,71,71,105,105,102,102,20.313,20.317,22.337,22.322,3710.148,93244,30281,0,500,3517,3,14,1,0,0,28,23,14,19,8,3,FALSE,0,FALSE
1303.4874,23.567,23.229,19.207,18.153,1.069,20,18,7,1397663.4,78,76,77,74,105,105,102,101,20.311,20.315,22.335,22.319,3743.398,93244,30281,0,500,3550,3,14,1,0,0,28,23,14,19,8,3,FALSE,0,FALSE
1303.9907,23.603,23.259,19.242,18.186,1.055,20,18,7,1389019.6,81,77,82,78,105,105,102,101,20.311,20.314,22.334,22.317,3777.102,93244,30281,0,516,3550,3,14,1,0,0,28,23,14,19,8,3,FALSE,0,FALSE
1304.4854,23.664,23.311,19.309,18.246,1.041,20,18,7,1380375.9,87,83,89,84,105,105,102,101,20.314,20.314,22.335,22.317,3812.477,93244,30281,0,566,3583,3,14,1,0,0,28,23,14,19,8,3,FALSE,0,FALSE
1304.9884,23.728,23.363,19.376,18.309,1.028,20,18,7,1377148.9,88,80,85,85,105,105,102,101,20.317,20.315,22.337,22.318,3849.109,93244,30281,0,566,3583,3,14,1,0,0,28,23,14,19,8,3,FALSE,0,FALSE
1305.4872,23.79,23.411,19.427,18.361,1.015,20,18,7,1368505.1,84,79,84,81,105,105,102,101,20.32,20.314,22.337,22.317,3886.148,93244,30281,0,583,3600,3,14,1,0,0,28,23,14,19,8,3,FALSE,0,FALSE
1305.9872,23.847,23.459,19.496,18.423,1.001,20,18,7,1359861.4,86,82,88,84,105,105,102,101,20.321,20.313,22.337,22.316,3923.125,93244,30281,0,600,3600,3,14,1,0,0,28,23,14,19,8,3,FALSE,0,FALSE
1306.4906,23.903,23.506,19.553,18.475,0.987,20,18,7,1351217.6,82,79,84,80,105,105,102,101,20.322,20.312,22.337,22.314,3959.07,93244,30281,0,617,3600,3,14,1,0,0,28,23,14,19,8,3,FALSE,0,FALSE
1306.9868,23.936,23.532,19.576,18.497,0.974,20,18,7,1342573.9,76,74,74,72,105,105,102,101,20.32,20.309,22.333,22.31,3995.547,93244,30281,0,617,3650,3,14,1,0,0,28,23,14,19,8,3,FALSE,0,FALSE
1307.4904,23.946,23.543,19.586,18.507,0.962,20,18,7,1344756,74,74,75,75,105,105,102,101,20.315,20.304,22.327,22.303,4032.727,93244,30281,40223,633,3650,3,14,1,0,0,28,23,14,19,8,3,FALSE,0,FALSE
1307.9856,23.971,23.566,19.617,18.538,0.96,20,18,7,1374547,77,75,80,79,105,105,102,101,20.314,20.303,22.329,22.305,4063.156,93244,30281,40223,633,3666,3,14,1,0,0,28,23,14,19,8,3,FALSE,0,FALSE
1308.486,24.01,23.596,19.67,18.582,0.96,20,18,7,1399617.5,85,79,91,85,105,105,102,101,20.317,20.304,22.336,22.311,4087.125,93244,30281,40223,666,3666,3,14,1,0,0,28,23,14,19,8,3,FALSE,0,FALSE
1308.9888,24.044,23.622,19.713,18.616,0.958,20,18,7,1411866.6,84,78,91,83,105,105,102,101,20.323,20.307,22.346,22.318,4108.547,93244,30281,40223,666,3666,3,14,1,0,0,28,23,14,19,8,3,FALSE,0,FALSE
1309.488,24.067,23.638,19.76,18.652,0.955,20,18,7,1423915.6,81,76,94,85,105,105,102,102,20.327,20.309,22.355,22.323,4129.664,93244,30281,40223,666,3666,3,14,1,0,0,28,23,14,19,8,3,FALSE,0,FALSE
1309.9889,24.095,23.66,19.815,18.695,0.95,20,18,7,1431113,84,79,98,90,105,105,102,102,20.33,20.31,22.365,22.33,4153.289,93244,30281,40223,667,3684,3,14,1,0,0,28,23,14,19,8,3,FALSE,0,FALSE
1310.4862,24.124,23.684,19.848,18.72,0.942,20,18,7,1437814.9,84,80,91,83,105,105,102,102,20.335,20.312,22.374,22.336,4174.578,93244,30281,40223,667,3684,3,14,1,0,0,28,23,14,19,8,3,FALSE,0,FALSE
1310.9882,24.156,23.711,19.876,18.741,0.933,20,18,7,1444394.5,85,81,86,79,105,105,102,102,20.339,20.314,22.38,22.339,4195.133,93244,30281,40223,617,3634,3,14,1,0,0,28,23,14,19,8,3,FALSE,0,FALSE
1311.4828,24.189,23.742,19.883,18.748,0.92,20,18,7,1445286,83,81,76,73,105,105,103,102,20.343,20.317,22.383,22.34,4217.328,93244,30281,40223,617,3634,3,14,1,0,0,28,23,14,19,8,3,FALSE,0,FALSE
1311.9866,24.214,23.767,19.884,18.75,0.907,20,18,7,1416959.2,79,78,71,70,105,105,103,102,20.345,20.318,22.382,22.338,4242.742,93244,30281,40223,633,3634,3,14,1,0,0,28,23,14,19,8,3,FALSE,0,FALSE
1312.4861,24.233,23.784,19.884,18.75,0.894,20,18,7,1373776,76,75,69,69,105,105,102,102,20.345,20.318,22.379,22.335,4270.648,93244,30281,40223,633,3650,3,14,1,0,0,28,23,14,19,8,3,FALSE,0,FALSE
1312.9858,24.246,23.795,19.884,18.75,0.881,20,18,7,1328855.5,74,73,70,70,105,105,102,102,20.343,20.316,22.376,22.332,4300.82,93244,30281,40223,633,3633,3,14,1,0,0,28,23,14,19,8,3,FALSE,0,FALSE
1313.4883,24.256,23.806,19.884,18.75,0.867,20,18,7,1272560.6,74,73,70,70,105,105,102,102,20.34,20.313,22.372,22.328,4333.047,93244,30281,40223,633,3633,3,14,1,0,0,28,23,14,19,8,3,FALSE,0,FALSE
1313.9849,24.266,23.816,19.884,18.75,0.853,20,18,7,1214945.6,73,73,71,71,105,105,102,102,20.337,20.31,22.367,22.324,4367.258,93244,30281,40223,650,3633,3,14,1,0,0,28,23,14,19,8,3,FALSE,0,FALSE
1314.4882,24.274,23.824,19.884,18.75,0.841,20,18,7,1162830.5,73,73,71,70,105,105,102,101,20.333,20.306,22.362,22.319,4403.047,93244,30281,40223,633,3634,3,14,1,0,0,28,23,14,19,8,3,FALSE,0,FALSE
1314.9856,24.283,23.833,19.884,18.75,0.827,20,18,7,1105215.5,73,73,71,71,105,105,102,101,20.328,20.302,22.357,22.314,4440.297,93244,30281,40223,633,3617,3,14,1,0,0,28,23,14,19,8,3,FALSE,0,FALSE
1315.4878,24.292,23.842,19.884,18.75,0.813,20,18,7,1047600.5,73,73,71,71,105,104,102,101,20.324,20.297,22.351,22.308,4478.922,93244,30281,40223,633,3633,3,14,1,0,0,28,23,14,19,8,3,FALSE,0,FALSE
1316.9857,24.314,23.865,19.884,18.75,0.773,20,18,7,880143.5,74,73,71,71,105,104,102,101,20.307,20.282,22.331,22.289,4601.016,93244,30281,40223,600,3584,3,14,1,0,0,28,23,14,19,8,3,FALSE,0,FALSE
1317.4886,24.322,23.873,19.884,18.75,0.759,20,18,7,822528.5,74,74,72,72,105,104,102,101,20.302,20.276,22.323,22.282,4643.555,93244,30281,40223,584,3584,3,14,1,0,0,28,23,14,19,8,3,FALSE,0,FALSE
1317.9862,24.33,23.88,19.884,18.75,0.745,20,18,7,764913.5,74,74,72,72,104,104,101,101,20.296,20.27,22.316,22.274,4686.859,93244,30281,40223,550,3584,3,14,1,0,0,28,23,14,19,8,3,FALSE,0,FALSE
1318.4862,24.337,23.888,19.884,18.75,0.731,20,18,7,712195.8,74,74,72,72,104,104,101,101,20.29,20.264,22.308,22.267,4730.828,93244,30281,40223,517,3533,3,14,1,0,0,28,23,14,19,8,3,FALSE,0,FALSE
1318.9849,24.342,23.893,19.884,18.75,0.718,20,18,7,703553.94,74,74,72,72,104,104,101,100,20.283,20.258,22.3,22.259,4775.18,93244,30281,40223,483,3533,3,14,1,0,0,28,23,14,19,8,3,FALSE,0,FALSE
1319.4867,24.35,23.902,19.89,18.756,0.704,20,18,7,702314.75,74,75,75,74,104,104,101,100,20.276,20.251,22.292,22.251,4819.586,93244,30281,40223,483,3433,3,14,1,0,0,28,23,14,19,8,3,FALSE,0,FALSE
1319.9872,24.376,23.929,19.923,18.787,0.703,20,18,7,737645.1,75,75,77,77,104,104,101,100,20.274,20.25,22.293,22.252,4857.523,93244,30281,40223,450,3433,3,14,1,0,0,28,23,14,19,8,3,FALSE,0,FALSE
1320.4868,24.401,23.963,19.951,18.815,0.702,20,18,7,766313.75,77,80,79,78,104,104,101,100,20.276,20.252,22.299,22.258,4886.43,93244,30281,40223,450,3433,3,14,1,0,0,28,23,14,19,8,3,FALSE,0,FALSE
1320.985,24.434,23.991,19.988,18.846,0.702,20,18,7,789873.56,83,79,87,82,104,104,101,101,20.28,20.256,22.307,22.266,4908.711,93244,30281,40223,417,3400,3,14,1,0,0,28,23,14,19,8,3,FALSE,0,FALSE
1321.4827,24.476,24.022,20.046,18.891,0.702,20,18,7,807012.56,89,83,99,90,104,104,101,101,20.289,20.262,22.319,22.275,4925.984,93244,30281,40223,417,3400,3,14,1,0,0,28,23,14,19,8,3,FALSE,0,FALSE
1321.9865,24.502,24.045,20.101,18.924,0.697,20,18,7,813688.06,84,82,104,88,104,104,102,101,20.297,20.269,22.335,22.286,4947.906,93244,30281,40223,417,3350,3,14,1,0,0,28,23,14,19,8,3,FALSE,0,FALSE
1322.4812,24.518,24.059,20.123,18.941,0.692,20,18,7,820029.5,82,78,91,81,105,104,102,101,20.303,20.273,22.348,22.294,4966.102,93244,30281,40223,383,3350,3,14,1,0,0,28,23,14,19,8,3,FALSE,0,FALSE
1322.9856,24.535,24.072,20.135,18.951,0.685,20,18,7,826422.56,79,75,82,76,105,104,102,101,20.308,20.276,22.356,22.3,4983.328,93244,30281,40223,383,3350,3,14,1,0,0,28,23,14,19,8,3,FALSE,0,FALSE
1323.9814,24.58,24.119,20.146,18.961,0.662,20,18,7,820085.25,83,83,73,71,105,104,102,101,20.314,20.281,22.362,22.303,5023.727,93244,30281,40223,384,3367,3,14,1,0,0,28,23,14,19,8,3,FALSE,0,FALSE
1324.4873,24.616,24.155,20.15,18.965,0.648,20,18,7,790432.9,81,80,72,70,105,104,102,101,20.32,20.286,22.363,22.304,5047.43,93244,30281,40223,384,3383,3,14,1,0,0,28,23,14,19,8,3,FALSE,0,FALSE
1324.9862,24.636,24.173,20.154,18.969,0.635,20,18,7,751404.44,76,76,72,70,105,104,102,101,20.322,20.288,22.363,22.303,5074.344,93244,30281,40223,400,3383,3,14,1,0,0,28,23,14,19,8,3,FALSE,0,FALSE
1325.4852,24.649,24.186,20.154,18.97,0.622,20,18,7,707320.2,74,73,70,70,105,104,102,101,20.322,20.288,22.362,22.302,5104.219,93244,30281,40223,400,3383,3,14,1,0,0,28,23,14,19,8,3,FALSE,0,FALSE
1325.9802,24.659,24.198,20.154,18.97,0.609,20,18,7,651490.56,73,73,70,70,105,104,102,101,20.32,20.287,22.359,22.3,5136.211,93244,30281,40223,400,3400,3,14,1,0,0,28,23,14,19,8,3,FALSE,0,FALSE
1326.478,24.669,24.207,20.154,18.97,0.595,20,18,7,595796.06,73,73,70,71,105,104,102,101,20.319,20.285,22.357,22.298,5169.109,93244,30281,40223,400,3400,3,14,1,0,0,28,23,14,19,8,3,FALSE,0,FALSE
1326.9823,24.678,24.216,20.154,18.97,0.582,20,18,7,541886.56,73,73,71,71,105,104,102,101,20.317,20.283,22.353,22.295,5206.094,93244,30281,40223,400,3383,3,14,1,0,0,28,23,14,19,8,3,FALSE,0,FALSE
1327.4849,24.686,24.225,20.154,18.97,0.568,20,18,7,484271.56,73,73,71,71,105,104,102,101,20.314,20.28,22.35,22.292,5243.406,93244,30281,40223,350,3350,3,14,1,0,0,28,23,14,19,8,3,FALSE,0,FALSE
1327.9847,24.695,24.233,20.154,18.97,0.554,20,18,7,426656.56,73,73,71,71,105,104,102,101,20.311,20.277,22.345,22.288,5282.133,93244,30281,40223,333,3350,3,14,1,0,0,28,23,14,19,8,3,FALSE,0,FALSE
1328.4836,24.703,24.241,20.154,18.97,0.541,20,18,7,369800.2,73,73,71,71,105,104,102,101,20.307,20.274,22.34,22.283,5322.102,93244,30281,40223,333,3283,3,14,1,0,0,28,23,14,19,8,3,FALSE,0,FALSE
