Timestamp,tyre_wear_rear_left,tyre_wear_rear_right,tyre_wear_front_left,tyre_wear_front_right,fuel_in_tank,actual_tyre_compound,visual_tyre_compound,tyres_age_laps,ers_store_energy,tyre_surface_temp_rear_left,tyre_surface_temp_rear_right,tyre_surface_temp_front_left,tyre_surface_temp_front_right,tyre_inner_temp_rear_left,tyre_inner_temp_rear_right,tyre_inner_temp_front_left,tyre_inner_temp_front_right,tyre_pressure_rear_left,tyre_pressure_rear_right,tyre_pressure_front_left,tyre_pressure_front_right,lap_distance,last_lap_ms,sector_1_ms,sector_2_ms,delta_in_front_ms,delta_leader_ms,car_position,current_lap,num_pit_stops,pit_timer_active,pit_timer_ms,track_temp,air_temp,total_laps,pit_rejoin_position,starting_position,finishing_position,dnf,penalties_time,fastest_lap
0,0,0,0,0,25.673,20,18,0,4000000,60,60,61,61,100,100,101,101,20.044,20.044,22.298,22.298,147.859,0,0,0,0,0,13,1,0,0,0,25,21,14,0,13,7,FALSE,0,FALSE
0.22247396,0,0,0,0,25.671,20,18,0,4000000,60,60,61,61,99,99,101,101,20.031,20.031,22.288,22.288,147.859,0,0,0,0,0,13,1,0,0,0,25,21,14,0,13,7,FALSE,0,FALSE
0.72094905,0.01,0.01,0,0,25.67,20,18,0,4000000,66,66,61,61,99,99,101,101,20.013,20.013,22.27,22.27,148.481,0,0,0,0,0,13,1,0,0,0,25,21,14,0,13,7,FALSE,0,FALSE
1.2188644,0.014,0.013,0,0,25.667,20,18,0,4000000,67,67,61,61,99,99,100,100,19.996,19.996,22.253,22.253,150.48,0,0,0,0,0,13,1,0,0,0,25,21,14,0,13,7,FALSE,0,FALSE
1.7241113,0.021,0.021,0,0,25.664,20,18,0,4000000,70,70,62,62,99,99,100,100,19.979,19.979,22.235,22.235,154.777,0,0,0,0,0,13,1,0,0,0,25,21,14,0,13,7,FALSE,0,FALSE
2.2217622,0.027,0.026,0,0,25.66,20,18,0,4000000,71,71,63,63,98,98,100,100,19.964,19.964,22.218,22.218,161.03,0,0,0,0,0,13,1,0,0,0,25,21,14,0,13,7,FALSE,0,FALSE
2.7205575,0.037,0.036,0,0,25.654,20,18,0,4000000,74,74,64,64,98,98,99,99,19.95,19.949,22.202,22.202,169.516,0,0,0,0,0,13,1,0,0,0,25,21,14,0,13,7,FALSE,0,FALSE
3.221217,0.052,0.05,0,0,25.648,20,18,0,4000000,77,77,65,65,98,98,99,99,19.938,19.937,22.187,22.187,180.411,0,0,0,0,0,13,1,0,0,0,25,21,14,0,13,7,FALSE,0,FALSE
3.7253602,0.061,0.059,0,0,25.639,20,18,0,4000000,75,75,66,66,98,98,99,99,19.926,19.925,22.171,22.171,193.714,0,0,0,0,0,13,1,0,0,0,25,21,14,0,13,7,FALSE,0,FALSE
4.2246075,0.072,0.07,0,0,25.631,20,18,0,3999792,74,74,67,67,97,97,99,99,19.913,19.913,22.157,22.157,209.562,0,0,0,800,0,13,1,0,0,0,25,21,14,0,13,7,FALSE,0,FALSE
4.7255454,0.079,0.077,0,0,25.621,20,18,0,3997998.8,72,72,67,67,97,97,98,98,19.9,19.899,22.142,22.142,227.77,0,0,0,800,4417,13,1,0,0,0,25,21,14,0,13,7,FALSE,0,FALSE
5.220794,0.091,0.089,0,0,25.608,20,18,0,3994813.5,73,73,67,68,97,97,98,98,19.887,19.886,22.128,22.128,248.532,0,0,0,800,4417,13,1,0,0,0,25,21,14,0,13,7,FALSE,0,FALSE
5.722196,0.104,0.103,0,0,25.595,20,18,0,3990335.2,73,73,68,68,97,97,98,98,19.874,19.873,22.114,22.115,272.077,0,0,0,417,4417,13,1,0,0,0,25,21,14,0,13,7,FALSE,0,FALSE
6.22196,0.114,0.113,0,0,25.582,20,18,0,3989986.8,72,72,68,68,96,96,98,98,19.861,19.86,22.101,22.101,298.17,0,0,0,417,2566,13,1,0,0,0,25,21,14,0,13,7,FALSE,0,FALSE
6.7198224,0.123,0.122,0,0,25.569,20,18,0,3983288,71,71,69,69,96,96,98,98,19.847,19.846,22.088,22.088,326.492,0,0,0,400,2566,13,1,0,0,0,25,21,14,0,13,7,FALSE,0,FALSE
7.225828,0.131,0.13,0,0,25.555,20,18,0,3975613.8,71,71,69,69,96,96,97,97,19.833,19.832,22.075,22.075,356.912,0,0,0,400,1934,13,1,0,0,0,25,21,14,0,13,7,FALSE,0,FALSE
7.7227845,0.138,0.137,0,0,25.542,20,18,0,3972781,71,71,69,69,96,96,97,97,19.82,19.819,22.062,22.062,389.037,0,0,0,400,1700,13,1,0,0,0,25,21,14,0,13,7,FALSE,0,FALSE
8.221297,0.145,0.144,0,0,25.528,20,18,0,3964141,71,71,69,69,95,95,97,97,19.806,19.806,22.049,22.049,422.762,0,0,0,417,1700,13,1,0,0,0,25,21,14,0,13,7,FALSE,0,FALSE
8.722186,0.152,0.151,0,0,25.514,20,18,0,3955501,71,71,69,69,95,95,97,97,19.793,19.792,22.036,22.037,457.956,0,0,0,433,1583,13,1,0,0,0,25,21,14,0,13,7,FALSE,0,FALSE
9.224481,0.159,0.157,0,0,25.501,20,18,0,3952323.2,71,71,69,69,95,95,97,97,19.78,19.779,22.024,22.024,494.278,0,0,0,433,1583,13,1,0,0,0,25,21,14,0,13,7,FALSE,0,FALSE
9.723348,0.165,0.163,0,0.001,25.488,20,18,0,3943683.2,71,71,70,70,95,95,96,96,19.767,19.766,22.012,22.012,531.745,0,0,0,433,1583,13,1,0,0,0,25,21,14,0,13,7,FALSE,0,FALSE
10.223859,0.172,0.169,0,0.001,25.474,20,18,0,3935043.2,70,70,69,69,94,94,96,96,19.754,19.753,22,22,570.256,0,0,0,466,1500,13,1,0,0,0,25,21,14,0,13,7,FALSE,0,FALSE
10.725118,0.186,0.183,0.016,0.017,25.464,20,18,0,3946587.2,73,74,75,75,94,94,96,96,19.743,19.742,21.991,21.991,608.438,0,0,0,466,1500,13,1,0,0,0,25,21,14,0,13,7,FALSE,0,FALSE
11.225316,0.202,0.197,0.027,0.031,25.463,20,18,0,3978157,71,71,72,71,94,94,96,96,19.74,19.74,21.992,21.992,639.447,0,0,0,466,1434,14,1,0,0,0,25,21,14,0,13,7,FALSE,0,FALSE
11.722389,0.21,0.205,0.032,0.035,25.463,20,18,0,4000000,70,70,70,70,94,94,96,96,19.74,19.74,21.995,21.994,664.744,0,0,0,65520,1434,14,1,0,0,0,25,21,14,0,13,7,FALSE,0,FALSE
12.225198,0.218,0.213,0.035,0.039,25.462,20,18,0,4000000,70,70,70,70,94,94,96,96,19.742,19.741,21.998,21.998,684.896,0,0,0,65520,1434,13,1,0,0,0,25,21,14,0,13,7,FALSE,0,FALSE
12.71951,0.223,0.218,0.038,0.041,25.462,20,18,0,4000000,70,70,70,69,94,94,96,96,19.744,19.744,22.002,22.002,700.497,0,0,0,550,1434,13,1,0,0,0,25,21,14,0,13,7,FALSE,0,FALSE
13.224257,0.226,0.22,0.039,0.042,25.462,20,18,0,4000000,68,68,69,69,94,94,96,96,19.747,19.747,22.006,22.006,712.326,0,0,0,550,1583,13,1,0,0,0,25,21,14,0,13,7,FALSE,0,FALSE
13.722164,0.227,0.221,0.04,0.044,25.462,20,18,0,4000000,68,67,69,68,94,94,96,96,19.75,19.749,22.01,22.009,721.712,0,0,0,550,1583,13,1,0,0,0,25,21,14,0,13,7,FALSE,0,FALSE
14.223997,0.23,0.223,0.046,0.048,25.461,20,18,0,4000000,68,67,71,69,94,94,96,96,19.752,19.751,22.013,22.012,729.489,0,0,0,550,1583,13,1,0,0,0,25,21,14,0,13,7,FALSE,0,FALSE
14.726789,0.233,0.225,0.049,0.051,25.461,20,18,0,4000000,69,67,71,68,94,94,96,96,19.754,19.753,22.017,22.015,737.643,0,0,0,550,1583,13,1,0,0,0,25,21,14,0,13,7,FALSE,0,FALSE
15.226772,0.236,0.226,0.052,0.053,25.461,20,18,0,4000000,69,67,71,68,94,94,96,96,19.757,19.754,22.021,22.018,748.551,0,0,0,550,1967,13,1,0,0,0,25,21,14,0,13,7,FALSE,0,FALSE
15.725956,0.239,0.23,0.056,0.056,25.46,20,18,0,4000000,69,68,72,68,94,94,97,96,19.759,19.756,22.025,22.02,757.836,0,0,0,467,1967,13,1,0,0,0,25,21,14,0,13,7,FALSE,0,FALSE
16.224842,0.242,0.233,0.059,0.058,25.457,20,18,0,4000000,69,68,71,68,94,94,97,96,19.761,19.758,22.028,22.022,765.844,0,0,0,467,1967,13,1,0,0,0,25,21,14,0,13,7,FALSE,0,FALSE
16.724457,0.247,0.238,0.06,0.059,25.452,20,18,0,4000000,70,69,70,67,95,94,97,96,19.764,19.76,22.031,22.024,775.698,0,0,0,467,2917,13,1,0,0,0,25,21,14,0,13,7,FALSE,0,FALSE
17.225916,0.251,0.243,0.06,0.059,25.445,20,18,0,4000000,70,70,68,67,95,94,97,97,19.766,19.762,22.033,22.025,787.557,0,0,0,467,2917,13,1,0,0,0,25,21,14,0,13,7,FALSE,0,FALSE
17.725956,0.255,0.249,0.06,0.059,25.436,20,18,0,4000000,71,70,67,67,95,95,97,97,19.769,19.764,22.034,22.026,801.678,0,0,0,550,2917,13,1,0,0,0,25,21,14,0,13,7,FALSE,0,FALSE
18.222126,0.263,0.257,0.063,0.063,25.429,20,18,0,4000000,71,72,68,70,95,95,97,97,19.771,19.767,22.034,22.027,817.969,0,0,0,550,2917,13,1,0,0,0,25,21,14,0,13,7,FALSE,0,FALSE
18.724665,0.273,0.269,0.072,0.074,25.42,20,18,0,4000000,72,74,71,74,95,95,97,97,19.774,19.77,22.035,22.028,836.932,0,0,0,550,3034,13,1,0,0,0,25,21,14,0,13,7,FALSE,0,FALSE
19.221804,0.29,0.291,0.087,0.091,25.412,20,18,0,4000000,75,79,73,77,95,95,97,97,19.777,19.775,22.037,22.032,862.208,0,0,0,384,3034,13,1,0,0,0,25,21,14,0,13,7,FALSE,0,FALSE
19.725348,0.308,0.309,0.094,0.098,25.401,20,18,0,3999392.2,75,78,71,73,95,95,97,97,19.781,19.78,22.038,22.034,881.926,0,0,0,384,3034,13,1,0,0,0,25,21,14,0,13,7,FALSE,0,FALSE
20.223207,0.342,0.344,0.1,0.103,25.388,20,18,0,3998888,79,81,70,71,95,95,97,97,19.786,19.786,22.039,22.035,904.632,0,0,0,384,3050,13,1,0,0,0,25,21,14,0,13,7,FALSE,0,FALSE
20.7247,0.354,0.359,0.101,0.104,25.374,20,18,0,3993524.8,74,74,68,70,95,95,97,97,19.789,19.79,22.038,22.034,930.244,0,0,0,250,3050,13,1,0,0,0,25,21,14,0,13,7,FALSE,0,FALSE
21.224033,0.377,0.383,0.104,0.108,25.361,20,18,0,3993477,75,74,67,67,95,95,97,97,19.792,19.792,22.036,22.033,959.592,0,0,0,250,3050,13,1,0,0,0,25,21,14,0,13,7,FALSE,0,FALSE
21.72318,0.396,0.4,0.111,0.113,25.347,20,18,0,3986591,74,73,71,69,95,95,97,97,19.794,19.794,22.034,22.03,989.869,0,0,0,250,3050,13,1,0,0,0,25,21,14,0,13,7,FALSE,0,FALSE
22.223974,0.413,0.414,0.118,0.121,25.334,20,18,0,3978575.5,73,72,71,70,95,95,97,97,19.795,19.795,22.033,22.028,1020.625,0,0,0,250,3050,13,1,0,0,0,25,21,14,0,13,7,FALSE,0,FALSE
22.722486,0.424,0.423,0.12,0.124,25.321,20,18,0,3975748,72,71,70,69,95,95,97,97,19.796,19.794,22.03,22.025,1053.203,0,0,0,250,3050,13,1,0,0,0,25,21,14,0,13,7,FALSE,0,FALSE
23.226805,0.432,0.43,0.12,0.124,25.307,20,18,0,3967108,71,70,69,69,95,95,97,96,19.795,19.793,22.027,22.022,1087.346,0,0,0,250,3050,13,1,0,0,0,25,21,14,0,13,7,FALSE,0,FALSE
23.72133,0.438,0.436,0.12,0.124,25.294,20,18,0,3963943.2,71,71,69,69,95,95,96,96,19.794,19.792,22.023,22.018,1122.864,0,0,0,283,3066,13,1,0,0,0,25,21,14,0,13,7,FALSE,0,FALSE
24.224234,0.444,0.442,0.12,0.124,25.28,20,18,0,3955303.2,71,71,69,69,95,95,96,96,19.792,19.791,22.018,22.013,1159.461,0,0,0,283,3066,13,1,0,0,0,25,21,14,0,13,7,FALSE,0,FALSE
24.724827,0.451,0.449,0.12,0.124,25.267,20,18,0,3946663.2,71,71,70,70,95,95,96,96,19.791,19.789,22.013,22.009,1197.155,0,0,0,300,3066,13,1,0,0,0,25,21,14,0,13,7,FALSE,0,FALSE
25.22546,0.457,0.455,0.12,0.124,25.253,20,18,0,3938023.2,71,71,70,70,95,95,96,96,19.789,19.787,22.008,22.003,1235.843,0,0,0,334,3084,13,1,0,0,0,25,21,14,0,13,7,FALSE,0,FALSE
25.724396,0.463,0.46,0.12,0.124,25.239,20,18,0,3929383.2,71,71,70,70,95,95,96,96,19.786,19.784,22.003,21.998,1275.405,0,0,0,367,3084,13,1,0,0,0,25,21,14,0,13,7,FALSE,0,FALSE
26.227179,0.468,0.466,0.121,0.124,25.226,20,18,0,3926078,71,71,70,70,95,95,96,96,19.783,19.782,21.997,21.992,1315.619,0,0,0,367,3117,13,1,0,0,0,25,21,14,0,13,7,FALSE,0,FALSE
26.723616,0.473,0.472,0.121,0.124,25.213,20,18,0,3917438,71,72,70,70,95,95,96,96,19.78,19.779,21.991,21.986,1356.44,0,0,0,400,3117,13,1,0,0,0,25,21,14,0,13,7,FALSE,0,FALSE
27.218023,0.48,0.48,0.126,0.129,25.2,20,18,0,3915444,72,72,73,73,95,95,96,96,19.777,19.776,21.985,21.98,1396.298,0,0,0,417,3117,13,1,0,0,0,25,21,14,0,13,7,FALSE,0,FALSE
27.723248,0.5,0.5,0.152,0.154,25.198,20,18,0,3949443.5,72,72,74,74,95,95,96,96,19.779,19.778,21.988,21.983,1432.672,0,0,0,417,3117,13,1,0,0,0,25,21,14,0,13,7,FALSE,0,FALSE
28.222538,0.51,0.513,0.159,0.159,25.197,20,18,0,3977613.5,71,74,72,70,95,95,96,96,19.783,19.782,21.992,21.988,1460.754,0,0,0,434,3117,13,1,0,0,0,25,21,14,0,13,7,FALSE,0,FALSE
28.725046,0.517,0.518,0.163,0.163,25.196,20,18,0,4000000,71,70,71,70,95,95,96,96,19.787,19.786,21.997,21.992,1484.34,0,0,0,434,3117,13,1,0,0,0,25,21,14,0,13,7,FALSE,0,FALSE
29.22422,0.525,0.525,0.174,0.173,25.196,20,18,0,4000000,72,69,74,72,95,95,96,96,19.792,19.79,22.002,21.997,1503.915,0,0,0,434,3300,13,1,0,0,0,25,21,14,0,13,7,FALSE,0,FALSE
29.721972,0.542,0.537,0.201,0.194,25.196,20,18,0,4000000,76,73,82,77,95,95,96,96,19.799,19.795,22.01,22.003,1519.399,0,0,0,417,3300,13,1,0,0,0,25,21,14,0,13,7,FALSE,0,FALSE
30.220705,0.561,0.548,0.217,0.209,25.196,20,18,0,4000000,79,73,81,76,95,95,96,96,19.807,19.801,22.019,22.01,1538.336,0,0,0,417,3450,13,1,0,0,0,25,21,14,0,13,7,FALSE,0,FALSE
30.722443,0.57,0.556,0.231,0.22,25.193,20,18,0,4000000,76,72,80,75,95,95,97,96,19.815,19.806,22.027,22.016,1560.046,0,0,0,417,3450,13,1,0,0,0,25,21,14,0,13,7,FALSE,0,FALSE
31.222187,0.58,0.563,0.241,0.227,25.189,20,18,0,4000000,75,71,77,73,96,95,97,96,19.821,19.811,22.034,22.021,1576.135,0,0,0,183,3667,13,1,0,0,0,25,21,14,0,13,7,FALSE,0,FALSE
31.722334,0.589,0.571,0.247,0.233,25.182,20,18,0,4000000,74,71,74,71,96,95,97,97,19.827,19.815,22.039,22.025,1592.284,0,0,0,183,3667,13,1,0,0,0,25,21,14,0,13,7,FALSE,0,FALSE
32.220676,0.602,0.582,0.255,0.241,25.173,20,18,0,4000000,75,72,74,71,96,96,97,97,19.832,19.819,22.043,22.028,1608.453,0,0,0,183,3667,13,1,0,0,0,25,21,14,0,13,7,FALSE,0,FALSE
32.723614,0.627,0.603,0.272,0.254,25.165,20,18,0,4000000,80,76,76,72,96,96,97,97,19.839,19.824,22.047,22.031,1627.524,0,0,0,117,3700,13,1,0,0,0,25,21,14,0,13,7,FALSE,0,FALSE
33.221237,0.64,0.614,0.273,0.256,25.153,20,18,0,3997489.8,76,74,72,69,96,96,97,97,19.845,19.829,22.05,22.032,1648.568,0,0,0,117,3700,13,1,0,0,0,25,21,14,0,13,7,FALSE,0,FALSE
33.724297,0.675,0.645,0.273,0.256,25.14,20,18,0,3997136.2,78,79,70,68,96,96,97,97,19.85,19.835,22.05,22.033,1671.953,0,0,0,117,3700,13,1,0,0,0,25,21,14,0,13,7,FALSE,0,FALSE
34.223423,0.693,0.66,0.274,0.257,25.127,20,18,0,3996484.5,74,73,68,67,96,96,97,97,19.854,19.84,22.05,22.032,1697.996,0,0,0,66,3700,13,1,0,0,0,25,21,14,0,13,7,FALSE,0,FALSE
34.72179,0.704,0.671,0.275,0.258,25.114,20,18,0,3989955.2,72,72,69,70,96,96,97,97,19.857,19.843,22.049,22.031,1726.08,0,0,0,66,3750,13,1,0,0,0,25,21,14,0,13,7,FALSE,0,FALSE
35.221203,0.716,0.685,0.281,0.264,25.101,20,18,0,3987871.5,71,73,70,71,96,96,97,97,19.859,19.846,22.048,22.031,1756.168,0,0,0,33,3750,13,1,0,0,0,25,21,14,0,13,7,FALSE,0,FALSE
35.72006,0.727,0.701,0.289,0.27,25.087,20,18,0,3979600.8,71,73,70,71,96,96,97,97,19.861,19.848,22.047,22.03,1788.04,0,0,0,50,3783,13,1,0,0,0,25,21,14,0,13,7,FALSE,0,FALSE
36.222565,0.736,0.713,0.3,0.281,25.083,20,18,0,4000000,69,73,73,72,96,96,97,97,19.862,19.851,22.047,22.031,1819.921,0,35968,0,50,3783,13,1,0,0,0,25,21,14,0,13,7,FALSE,0,FALSE
36.71995,0.743,0.72,0.308,0.287,25.082,20,18,0,4000000,71,70,71,70,96,96,97,97,19.864,19.853,22.048,22.032,1848.351,0,35968,0,84,3817,13,1,0,0,0,25,21,14,0,13,7,FALSE,0,FALSE
37.22673,0.75,0.725,0.314,0.293,25.082,20,18,0,4000000,70,68,72,70,96,96,97,97,19.866,19.856,22.05,22.033,1872.193,0,35968,0,84,3933,13,1,0,0,0,25,21,14,0,13,7,FALSE,0,FALSE
37.72213,0.769,0.738,0.35,0.321,25.082,20,18,0,4000000,77,73,84,78,96,96,97,97,19.87,19.858,22.054,22.036,1895.737,0,35968,0,183,3933,13,1,0,0,0,25,21,14,0,13,7,FALSE,0,FALSE
38.224922,0.801,0.759,0.383,0.351,25.076,20,18,0,4000000,82,74,82,80,97,96,97,97,19.877,19.862,22.061,22.04,1920.233,0,35968,0,183,4183,13,1,0,0,0,25,21,14,0,13,7,FALSE,0,FALSE
38.72308,0.819,0.773,0.399,0.364,25.069,20,18,0,4000000,76,72,77,74,97,96,97,97,19.883,19.866,22.065,22.043,1945.233,0,35968,0,350,4183,13,1,0,0,0,25,21,14,0,13,7,FALSE,0,FALSE
39.225887,0.837,0.788,0.406,0.372,25.057,20,18,0,3998640.8,76,74,73,71,97,96,97,97,19.887,19.868,22.066,22.044,1969.35,0,35968,0,350,4183,13,1,0,0,0,25,21,14,0,13,7,FALSE,0,FALSE
39.723812,0.854,0.806,0.413,0.379,25.044,20,18,0,3999138.2,74,74,71,72,97,97,97,97,19.891,19.871,22.066,22.043,1995.528,0,35968,0,367,4183,13,1,0,0,0,25,21,14,0,13,7,FALSE,0,FALSE
40.221855,0.88,0.838,0.443,0.417,25.034,20,18,0,4000000,76,79,77,82,97,97,97,97,19.894,19.875,22.066,22.045,2024.33,0,35968,0,367,4183,13,1,0,0,0,25,21,14,0,13,7,FALSE,0,FALSE
40.72153,0.914,0.879,0.488,0.474,25.023,20,18,0,3999815.2,78,82,81,87,97,97,97,97,19.897,19.881,22.067,22.049,2053.523,0,35968,0,284,4434,13,1,0,0,0,25,21,14,0,13,7,FALSE,0,FALSE
41.225388,0.95,0.924,0.534,0.532,25.012,20,18,0,3999822,77,82,81,87,97,97,97,97,19.901,19.887,22.069,22.054,2081.696,0,35968,0,284,4434,13,1,0,0,0,25,21,14,0,13,7,FALSE,0,FALSE
41.72288,0.979,0.96,0.56,0.56,25.001,20,18,0,3999790.8,74,77,75,76,97,97,97,97,19.904,19.891,22.07,22.057,2111.219,0,35968,0,266,4434,13,1,0,0,0,25,21,14,0,13,7,FALSE,0,FALSE
42.21765,0.992,0.976,0.568,0.567,24.988,20,18,0,3997292.8,72,74,71,72,97,97,97,97,19.904,19.893,22.068,22.055,2140.907,0,35968,0,266,4434,13,1,0,0,0,25,21,14,0,13,7,FALSE,0,FALSE
42.725544,1.001,0.985,0.569,0.569,24.974,20,18,0,3989326.2,72,72,71,70,97,97,97,97,19.903,19.894,22.064,22.051,2174.05,0,35968,0,200,4633,13,1,0,0,0,25,21,14,0,13,7,FALSE,0,FALSE
43.221508,1.028,1.012,0.604,0.631,24.972,20,18,0,4000000,76,76,79,87,97,97,97,97,19.906,19.896,22.067,22.055,2202.818,0,35968,0,200,4633,13,1,0,0,0,25,21,14,0,13,7,FALSE,0,FALSE
43.723648,1.083,1.029,0.633,0.772,24.971,20,18,0,4000000,90,75,84,121,97,97,97,97,19.914,19.901,22.073,22.071,2224.073,0,35968,0,350,4633,12,1,0,0,0,25,21,14,0,13,7,FALSE,0,FALSE
44.220993,1.145,1.037,0.668,0.831,24.971,20,18,0,4000000,96,72,85,108,98,97,98,98,19.931,19.906,22.085,22.094,2239.683,0,35968,0,350,4833,12,1,0,0,0,25,21,14,0,13,7,FALSE,0,FALSE
44.724586,1.149,1.04,0.674,0.837,24.97,20,18,0,4000000,82,70,79,90,98,97,98,98,19.943,19.91,22.094,22.109,2251.846,0,35968,0,350,4833,12,1,0,0,0,25,21,14,0,13,7,FALSE,0,FALSE
45.225933,1.154,1.043,0.678,0.84,24.97,20,18,0,4000000,77,69,77,81,98,97,98,98,19.95,19.913,22.1,22.118,2260.716,0,35968,0,350,4833,12,1,0,0,0,25,21,14,0,13,7,FALSE,0,FALSE
45.72358,1.159,1.047,0.687,0.847,24.968,20,18,0,4000000,74,69,77,77,98,97,98,98,19.955,19.916,22.106,22.125,2269.789,0,35968,0,183,4833,12,1,0,0,0,25,21,14,0,13,7,FALSE,0,FALSE
46.220287,1.164,1.051,0.698,0.855,24.965,20,18,0,4000000,73,70,79,76,98,97,98,98,19.959,19.919,22.112,22.129,2280.906,0,35968,0,65452,4833,13,1,0,0,0,25,21,14,0,13,7,FALSE,0,FALSE
46.724117,1.17,1.056,0.705,0.86,24.962,20,18,0,4000000,73,70,78,74,98,97,98,98,19.963,19.922,22.118,22.133,2293.682,0,35968,0,65452,5384,13,1,0,0,0,25,21,14,0,13,7,FALSE,0,FALSE
47.22261,1.181,1.063,0.722,0.874,24.959,20,18,0,4000000,75,71,81,76,98,98,98,98,19.967,19.924,22.125,22.137,2305.202,0,35968,0,65452,5384,13,1,0,0,0,25,21,14,0,13,7,FALSE,0,FALSE
47.723137,1.188,1.07,0.724,0.876,24.953,20,18,0,4000000,74,72,75,72,98,98,98,98,19.971,19.927,22.13,22.14,2317.15,0,35968,0,65452,5384,13,1,0,0,0,25,21,14,0,13,7,FALSE,0,FALSE
48.22357,1.198,1.08,0.727,0.879,24.944,20,18,0,3999982.8,74,73,73,70,98,98,98,98,19.975,19.931,22.133,22.141,2330.898,0,35968,0,34,5700,13,1,0,0,0,25,21,14,0,13,7,FALSE,0,FALSE
48.72051,1.209,1.09,0.73,0.882,24.935,20,18,0,3999952.2,74,74,72,68,99,98,98,98,19.978,19.934,22.135,22.142,2346.904,0,35968,0,34,5700,12,1,0,0,0,25,21,14,0,13,7,FALSE,0,FALSE
49.225506,1.226,1.108,0.73,0.882,24.923,20,18,0,3999614.8,77,77,69,68,99,98,98,98,19.981,19.938,22.136,22.141,2365.807,0,35968,0,433,5700,12,1,0,0,0,25,21,14,0,13,7,FALSE,0,FALSE
49.720734,1.246,1.133,0.73,0.882,24.91,20,18,0,3998329.5,76,77,68,69,99,98,98,98,19.986,19.944,22.135,22.14,2387.496,0,35968,0,433,5700,12,1,0,0,0,25,21,14,0,13,7,FALSE,0,FALSE
50.225525,1.258,1.146,0.73,0.882,24.897,20,18,0,3993467,74,73,68,69,99,98,98,98,19.989,19.947,22.134,22.139,2411.864,0,35968,0,433,5700,12,1,0,0,0,25,21,14,0,13,7,FALSE,0,FALSE
50.721004,1.268,1.156,0.73,0.883,24.884,20,18,0,3992839,72,71,68,69,99,98,98,98,19.99,19.949,22.133,22.137,2438.431,0,35968,0,350,5700,12,1,0,0,0,25,21,14,0,13,7,FALSE,0,FALSE
51.217716,1.277,1.165,0.73,0.883,24.871,20,18,0,3986170,71,71,69,69,99,98,98,98,19.991,19.949,22.131,22.135,2466.101,0,35968,0,350,5750,12,1,0,0,0,25,21,14,0,13,7,FALSE,0,FALSE
51.717133,1.285,1.173,0.73,0.883,24.857,20,18,0,3981179,71,71,69,69,99,98,98,98,19.991,19.95,22.128,22.132,2496.647,0,35968,0,333,5750,12,1,0,0,0,25,21,14,0,13,7,FALSE,0,FALSE
52.222683,1.294,1.183,0.732,0.884,24.844,20,18,0,3975164.5,70,71,69,69,99,98,98,98,19.99,19.95,22.125,22.129,2529.915,0,35968,0,317,5750,12,1,0,0,0,25,21,14,0,13,7,FALSE,0,FALSE
52.72429,1.302,1.193,0.734,0.886,24.83,20,18,0,3966524.5,71,72,70,70,99,98,98,98,19.989,19.949,22.122,22.126,2563.834,0,35968,0,317,5750,12,1,0,0,0,25,21,14,0,13,7,FALSE,0,FALSE
53.22041,1.32,1.216,0.754,0.906,24.817,20,18,0,3963220.8,73,76,74,76,99,98,98,98,19.988,19.95,22.119,22.123,2598.88,0,35968,0,350,5783,12,1,0,0,0,25,21,14,0,13,7,FALSE,0,FALSE
53.725296,1.352,1.255,0.799,0.95,24.81,20,18,0,3978758.2,76,79,80,82,99,98,98,98,19.988,19.952,22.119,22.123,2633.132,0,35968,0,350,5783,12,1,0,0,0,25,21,14,0,13,7,FALSE,0,FALSE
54.22319,1.383,1.291,0.831,0.981,24.808,20,18,0,4000000,77,79,79,81,99,98,98,98,19.992,19.958,22.124,22.129,2662.127,0,35968,0,350,5883,12,1,0,0,0,25,21,14,0,13,7,FALSE,0,FALSE
54.72518,1.396,1.307,0.844,0.993,24.807,20,18,0,4000000,73,75,74,77,99,98,98,98,19.997,19.964,22.13,22.136,2684.398,0,35968,0,350,5883,12,1,0,0,0,25,21,14,0,13,7,FALSE,0,FALSE
55.222168,1.399,1.312,0.846,0.995,24.807,20,18,0,4000000,70,71,71,73,99,98,98,98,20,19.969,22.134,22.141,2702.007,0,35968,0,366,5883,12,1,0,0,0,25,21,14,0,13,7,FALSE,0,FALSE
55.72054,1.402,1.316,0.85,0.999,24.807,20,18,0,4000000,68,70,70,72,99,98,98,99,20.002,19.972,22.137,22.145,2717.116,0,35968,0,366,5883,12,1,0,0,0,25,21,14,0,13,7,FALSE,0,FALSE
56.22384,1.405,1.32,0.857,1.007,24.807,20,18,0,4000000,68,70,72,74,99,98,98,99,20.004,19.975,22.14,22.149,2729.922,0,35968,0,366,6116,12,1,0,0,0,25,21,14,0,13,7,FALSE,0,FALSE
56.720497,1.411,1.328,0.873,1.032,24.807,20,18,0,4000000,70,72,76,84,99,99,99,99,20.006,19.979,22.145,22.155,2739.777,0,35968,0,366,6116,12,1,0,0,0,25,21,14,0,13,7,FALSE,0,FALSE
57.224937,1.418,1.336,0.893,1.064,24.805,20,18,0,4000000,71,73,81,93,99,99,99,99,20.009,19.983,22.151,22.165,2753.802,0,35968,0,333,6116,12,1,0,0,0,25,21,14,0,13,7,FALSE,0,FALSE
57.721294,1.425,1.346,0.906,1.081,24.803,20,18,0,4000000,72,75,80,90,99,99,99,99,20.012,19.988,22.158,22.177,2767.27,0,35968,0,333,6400,12,1,0,0,0,25,21,14,0,13,7,FALSE,0,FALSE
58.22222,1.436,1.358,0.91,1.085,24.798,20,18,0,4000000,74,77,75,82,99,99,99,99,20.015,19.993,22.163,22.185,2777.762,0,35968,0,333,6400,12,1,0,0,0,25,21,14,0,13,7,FALSE,0,FALSE
58.724495,1.443,1.364,0.91,1.085,24.79,20,18,0,4000000,73,74,71,75,99,99,99,99,20.019,19.998,22.166,22.19,2790.755,0,35968,0,333,6400,12,1,0,0,0,25,21,14,0,13,7,FALSE,0,FALSE
59.21943,1.453,1.372,0.911,1.086,24.78,20,18,0,4000000,74,74,69,71,99,99,99,99,20.022,20.002,22.167,22.192,2806.281,0,35968,0,416,6400,12,1,0,0,0,25,21,14,0,13,7,FALSE,0,FALSE
59.72235,1.466,1.385,0.911,1.086,24.769,20,18,0,4000000,74,74,68,69,99,99,99,99,20.025,20.005,22.167,22.192,2824.426,0,35968,0,416,6483,12,1,0,0,0,25,21,14,0,13,7,FALSE,0,FALSE
60.221462,1.492,1.41,0.911,1.086,24.756,20,18,0,3999486.2,78,78,68,68,99,99,99,99,20.03,20.01,22.166,22.192,2845.458,0,35968,0,416,6483,12,1,0,0,0,25,21,14,0,13,7,FALSE,0,FALSE
60.7238,1.507,1.424,0.911,1.086,24.742,20,18,0,3994849.2,74,74,68,68,100,99,99,99,20.034,20.014,22.165,22.191,2869.283,0,35968,0,450,6483,12,1,0,0,0,25,21,14,0,13,7,FALSE,0,FALSE
61.22031,1.516,1.434,0.911,1.086,24.73,20,18,0,3994391.2,72,72,69,69,100,99,99,99,20.035,20.016,22.164,22.189,2895.555,0,35968,0,450,6483,12,1,0,0,0,25,21,14,0,13,7,FALSE,0,FALSE
61.722595,1.525,1.443,0.911,1.086,24.716,20,18,0,3987570,71,72,69,69,100,99,99,99,20.036,20.017,22.162,22.187,2924.064,0,35968,0,400,6483,12,1,0,0,0,25,21,14,0,13,7,FALSE,0,FALSE
62.222424,1.533,1.451,0.911,1.086,24.703,20,18,0,3985253.2,71,71,69,69,100,99,99,99,20.036,20.017,22.16,22.185,2954.573,0,35968,0,417,6500,12,1,0,0,0,25,21,14,0,13,7,FALSE,0,FALSE
62.72366,1.54,1.458,0.911,1.086,24.689,20,18,0,3976782.5,71,71,69,70,100,99,99,99,20.036,20.017,22.157,22.182,2986.807,0,35968,0,417,6500,12,1,0,0,0,25,21,14,0,13,7,FALSE,0,FALSE
63.222427,1.547,1.465,0.911,1.086,24.675,20,18,0,3968142.5,71,71,70,70,100,99,99,99,20.035,20.017,22.154,22.179,3020.654,0,35968,0,450,6516,12,1,0,0,0,25,21,14,0,13,7,FALSE,0,FALSE
63.722466,1.553,1.472,0.911,1.086,24.663,20,18,0,3964904.5,71,71,70,70,100,99,99,99,20.034,20.016,22.151,22.175,3055.889,0,35968,0,466,6516,12,1,0,0,0,25,21,14,0,13,7,FALSE,0,FALSE
64.2227,1.56,1.478,0.911,1.086,24.649,20,18,0,3956264.5,71,71,70,70,100,99,99,99,20.032,20.015,22.147,22.171,3092.221,0,35968,0,466,6533,12,1,0,0,0,25,21,14,0,13,7,FALSE,0,FALSE
65.224495,1.572,1.49,0.911,1.086,24.621,20,18,0,3938984.5,71,71,70,70,99,99,98,99,20.028,20.011,22.137,22.162,3168.089,0,35968,0,517,6517,12,1,0,0,0,25,21,14,0,13,7,FALSE,0,FALSE
65.722084,1.578,1.496,0.911,1.086,24.607,20,18,0,3930344.5,72,71,70,70,99,99,98,99,20.026,20.009,22.132,22.156,3207.417,0,35968,0,550,6517,12,1,0,0,0,25,21,14,0,13,7,FALSE,0,FALSE
66.22006,1.584,1.501,0.911,1.086,24.594,20,18,0,3921704.5,72,71,70,71,99,99,98,99,20.023,20.006,22.126,22.15,3247.522,0,35968,0,550,6517,12,1,0,0,0,25,21,14,0,13,7,FALSE,0,FALSE
66.722404,1.589,1.506,0.911,1.086,24.581,20,18,0,3918464.8,72,71,71,71,99,99,98,99,20.02,20.003,22.12,22.144,3288.151,0,35968,0,566,6517,12,1,0,0,0,25,21,14,0,13,7,FALSE,0,FALSE
67.221725,1.595,1.511,0.911,1.086,24.567,20,18,0,3909824.8,72,72,71,71,99,99,98,98,20.016,19.999,22.114,22.137,3329.315,0,35968,0,583,6500,12,1,0,0,0,25,21,14,0,13,7,FALSE,0,FALSE
67.71788,1.605,1.521,0.923,1.098,24.557,20,18,0,3917503.2,73,73,75,75,99,99,98,98,20.013,19.996,22.109,22.132,3368.824,0,35968,0,600,6500,12,1,0,0,0,25,21,14,0,13,7,FALSE,0,FALSE
68.225105,1.624,1.543,0.947,1.124,24.555,20,18,0,3950187,73,74,75,76,99,99,98,98,20.015,19.998,22.112,22.136,3403.374,0,35968,0,600,6483,12,1,0,0,0,25,21,14,0,13,7,FALSE,0,FALSE
68.72019,1.646,1.574,0.985,1.163,24.554,20,18,0,3976100.2,74,80,82,84,99,99,98,99,20.018,20.003,22.119,22.143,3429.678,0,35968,0,600,6533,12,1,0,0,0,25,21,14,0,13,7,FALSE,0,FALSE
69.21937,1.67,1.605,1.02,1.209,24.554,20,18,0,3987050.2,75,80,82,89,99,99,98,99,20.022,20.01,22.127,22.153,3452.091,0,35968,0,616,6533,12,1,0,0,0,25,21,14,0,13,7,FALSE,0,FALSE
70.22405,1.714,1.665,1.102,1.311,24.544,20,18,0,3999932.8,77,83,85,92,99,99,99,99,20.031,20.024,22.143,22.175,3502.178,0,35968,0,633,6567,12,1,0,0,0,25,21,14,0,13,7,FALSE,0,FALSE
70.72301,1.736,1.693,1.13,1.346,24.536,20,18,0,3999903,77,82,81,87,100,99,99,99,20.035,20.031,22.15,22.185,3524.077,0,35968,0,633,6567,12,1,0,0,0,25,21,14,0,13,7,FALSE,0,FALSE
71.22427,1.763,1.726,1.153,1.373,24.525,20,18,0,3999873.5,78,83,78,82,100,100,99,99,20.039,20.037,22.154,22.191,3546.558,0,35968,0,617,6567,12,1,0,0,0,25,21,14,0,13,7,FALSE,0,FALSE
71.71958,1.783,1.75,1.167,1.388,24.513,20,18,0,3999641.5,75,79,75,77,100,100,99,99,20.042,20.042,22.157,22.195,3570.385,0,35968,0,617,6567,12,1,0,0,0,25,21,14,0,13,7,FALSE,0,FALSE
72.22075,1.813,1.785,1.19,1.413,24.5,20,18,0,3993828,78,82,76,79,100,100,99,99,20.045,20.047,22.159,22.198,3595.897,0,35968,0,617,6567,12,1,0,0,0,25,21,14,0,13,7,FALSE,0,FALSE
72.72153,1.844,1.821,1.215,1.438,24.486,20,18,0,3987217.8,77,81,77,79,100,100,99,99,20.048,20.052,22.161,22.2,3623.348,0,35968,0,617,6617,12,1,0,0,0,25,21,14,0,13,7,FALSE,0,FALSE
73.22087,1.873,1.856,1.239,1.463,24.472,20,18,0,3979858.8,76,80,76,78,100,100,99,99,20.051,20.056,22.162,22.202,3652.701,0,35968,0,617,6617,12,1,0,0,0,25,21,14,0,13,7,FALSE,0,FALSE
73.721405,1.891,1.879,1.253,1.477,24.46,20,18,0,3977411.8,73,77,74,74,100,100,99,99,20.051,20.059,22.161,22.202,3684.275,0,35968,0,617,6650,12,1,0,0,0,25,21,14,0,13,7,FALSE,0,FALSE
74.2243,1.9,1.888,1.254,1.478,24.446,20,18,0,3968839.2,72,72,71,70,100,100,99,99,20.05,20.059,22.159,22.2,3717.313,0,35968,0,650,6650,12,1,0,0,0,25,21,14,0,13,7,FALSE,0,FALSE
74.719505,1.922,1.906,1.275,1.497,24.432,20,18,0,3960199.2,77,74,78,75,100,100,99,99,20.049,20.058,22.157,22.197,3751.115,0,35968,0,666,6716,12,1,0,0,0,25,21,14,0,13,7,FALSE,0,FALSE
75.2251,1.967,1.944,1.325,1.543,24.418,20,18,0,3951559.2,81,78,83,80,100,100,99,99,20.052,20.058,22.158,22.196,3785.59,0,35968,0,666,6716,12,1,0,0,0,25,21,14,0,13,7,FALSE,0,FALSE
75.72443,2.018,1.985,1.38,1.595,24.404,20,18,0,3942919.2,82,79,84,81,100,100,99,99,20.054,20.059,22.16,22.196,3821.771,0,35968,0,667,6716,12,1,0,0,0,25,21,14,0,13,7,FALSE,0,FALSE
76.22121,2.077,2.035,1.467,1.672,24.392,20,18,0,3939729.2,85,81,93,88,100,100,99,99,20.057,20.06,22.162,22.196,3858.756,0,35968,0,684,6717,12,1,0,0,0,25,21,14,0,13,7,FALSE,0,FALSE
76.72424,2.143,2.09,1.556,1.75,24.378,20,18,0,3931089.2,84,80,90,85,100,100,99,99,20.061,20.061,22.165,22.198,3895.64,0,35968,0,684,6717,12,1,0,0,0,25,21,14,0,13,7,FALSE,0,FALSE
77.22234,2.206,2.143,1.64,1.823,24.365,20,18,0,3922449.2,84,80,89,84,100,100,99,99,20.063,20.062,22.168,22.198,3931.981,0,35968,0,666,6716,12,1,0,0,0,25,21,14,0,13,7,FALSE,0,FALSE
77.723976,2.248,2.176,1.678,1.859,24.351,20,18,0,3913809.2,77,75,77,75,100,100,99,99,20.064,20.061,22.167,22.196,3967.583,0,35968,0,683,6716,12,1,0,0,0,25,21,14,0,13,7,FALSE,0,FALSE
78.22222,2.261,2.186,1.683,1.865,24.337,20,18,0,3905169.2,73,72,72,71,100,100,99,99,20.061,20.057,22.162,22.19,4004.315,0,35968,0,683,6716,12,1,0,0,0,25,21,14,0,13,7,FALSE,0,FALSE
78.722855,2.278,2.2,1.697,1.884,24.33,20,18,0,3924149.5,73,72,74,75,100,100,99,99,20.059,20.054,22.159,22.186,4039.884,0,35968,42271,700,6733,12,1,0,0,0,25,21,14,0,13,7,FALSE,0,FALSE
79.22021,2.305,2.221,1.721,1.909,24.329,20,18,0,3952888.5,78,74,78,77,100,100,99,99,20.061,20.055,22.162,22.188,4068.148,0,35968,42271,700,6783,12,1,0,0,0,25,21,14,0,13,7,FALSE,0,FALSE
79.724594,2.329,2.238,1.755,1.939,24.329,20,18,0,3978221,79,74,85,80,100,100,99,99,20.065,20.057,22.167,22.193,4091.415,0,35968,42271,733,6783,12,1,0,0,0,25,21,14,0,13,7,FALSE,0,FALSE
80.22309,2.355,2.258,1.791,1.966,24.328,20,18,0,3987802.8,80,75,86,79,100,100,99,99,20.07,20.06,22.175,22.198,4112.769,0,35968,42271,733,6783,12,1,0,0,0,25,21,14,0,13,7,FALSE,0,FALSE
80.72303,2.377,2.273,1.829,1.998,24.326,20,18,0,3998794,80,74,89,83,100,100,99,100,20.074,20.062,22.183,22.203,4134.527,0,35968,42271,784,6834,12,1,0,0,0,25,21,14,0,13,7,FALSE,0,FALSE
81.223976,2.405,2.296,1.89,2.033,24.321,20,18,0,3999949.8,80,79,100,85,100,100,99,100,20.08,20.064,22.192,22.208,4159.139,0,35968,42271,784,6834,12,1,0,0,0,25,21,14,0,13,7,FALSE,0,FALSE
81.722855,2.43,2.316,1.933,2.068,24.315,20,18,0,3999945,81,77,94,84,100,100,100,100,20.085,20.068,22.204,22.214,4179.492,0,35968,42271,784,6834,12,1,0,0,0,25,21,14,0,13,7,FALSE,0,FALSE
82.22456,2.452,2.333,1.951,2.082,24.306,20,18,0,3999914.8,79,75,82,76,101,100,100,100,20.089,20.07,22.21,22.218,4199.609,0,35968,42271,716,6766,12,1,0,0,0,25,21,14,0,13,7,FALSE,0,FALSE
82.72159,2.469,2.35,1.957,2.088,24.294,20,18,0,3997880.8,77,76,74,72,101,100,100,100,20.092,20.072,22.213,22.218,4221.474,0,35968,42271,716,6883,12,1,0,0,0,25,21,14,0,13,7,FALSE,0,FALSE
83.22101,2.489,2.368,1.957,2.089,24.28,20,18,0,3965253,76,75,71,69,101,100,100,100,20.093,20.073,22.212,22.217,4246.485,0,35968,42271,800,6883,12,1,0,0,0,25,21,14,0,13,7,FALSE,0,FALSE
83.72121,2.502,2.381,1.957,2.089,24.267,20,18,0,3928679.8,74,73,70,70,101,100,100,100,20.094,20.073,22.21,22.214,4273.984,0,35968,42271,866,6883,12,1,0,0,0,25,21,14,0,13,7,FALSE,0,FALSE
84.21988,2.516,2.395,1.957,2.089,24.254,20,18,0,3879117.5,74,73,69,69,101,100,100,100,20.093,20.073,22.207,22.211,4303.894,0,35968,42271,866,6933,12,1,0,0,0,25,21,14,0,13,7,FALSE,0,FALSE
84.72166,2.526,2.404,1.957,2.089,24.241,20,18,0,3829447.8,73,72,70,70,101,100,100,100,20.092,20.072,22.203,22.208,4335.651,0,35968,42271,866,6933,12,1,0,0,0,25,21,14,0,13,7,FALSE,0,FALSE
85.220345,2.535,2.414,1.957,2.089,24.227,20,18,0,3771832.8,72,72,70,70,101,100,99,100,20.091,20.07,22.199,22.204,4369.342,0,35968,42271,866,6950,12,1,0,0,0,25,21,14,0,13,7,FALSE,0,FALSE
85.7201,2.543,2.422,1.957,2.089,24.214,20,18,0,3719700.5,72,72,70,70,101,100,99,99,20.089,20.068,22.195,22.2,4404.66,0,35968,42271,900,6950,12,1,0,0,0,25,21,14,0,13,7,FALSE,0,FALSE
86.22457,2.552,2.43,1.957,2.089,24.201,20,18,0,3662085.5,72,72,70,70,101,100,99,99,20.086,20.066,22.19,22.195,4441.354,0,35968,42271,916,6950,12,1,0,0,0,25,21,14,0,13,7,FALSE,0,FALSE
87.22367,2.568,2.447,1.957,2.089,24.173,20,18,0,3546855.5,72,72,70,70,100,100,99,99,20.079,20.059,22.18,22.184,4518.671,0,35968,42271,916,6950,12,1,0,0,0,25,21,14,0,13,7,FALSE,0,FALSE
87.72488,2.575,2.454,1.957,2.089,24.16,20,18,0,3494725.8,72,72,71,71,100,100,99,99,20.076,20.056,22.174,22.178,4558.928,0,35968,42271,900,6916,12,1,0,0,0,25,21,14,0,13,7,FALSE,0,FALSE
88.22279,2.582,2.461,1.957,2.089,24.146,20,18,0,3437110.8,73,73,71,71,100,100,99,99,20.072,20.052,22.168,22.172,4600.021,0,35968,42271,884,6916,12,1,0,0,0,25,21,14,0,13,7,FALSE,0,FALSE
88.72141,2.589,2.469,1.957,2.089,24.133,20,18,0,3379495.8,73,73,72,72,100,100,99,99,20.068,20.048,22.161,22.165,4641.961,0,35968,42271,883,6866,12,1,0,0,0,25,21,14,0,13,7,FALSE,0,FALSE
89.222336,2.596,2.477,1.957,2.089,24.119,20,18,0,3321880.8,73,73,71,71,100,100,99,99,20.064,20.044,22.154,22.159,4684.653,0,35968,42271,883,6866,12,1,0,0,0,25,21,14,0,13,7,FALSE,0,FALSE
89.723434,2.603,2.484,1.957,2.089,24.105,20,18,0,3264265.8,73,73,71,71,100,100,99,99,20.059,20.04,22.147,22.152,4727.987,0,35968,42271,850,6800,12,1,0,0,0,25,21,14,0,13,7,FALSE,0,FALSE
90.2233,2.61,2.491,1.957,2.089,24.091,20,18,0,3229505.8,73,73,72,72,100,100,98,99,20.054,20.035,22.14,22.144,4771.827,0,35968,42271,833,6800,12,1,0,0,0,25,21,14,0,13,7,FALSE,0,FALSE
90.72223,2.615,2.496,1.958,2.09,24.077,20,18,0,3222820.8,73,73,72,72,100,99,98,98,20.049,20.03,22.132,22.136,4815.841,0,35968,42271,817,6767,12,1,0,0,0,25,21,14,0,13,7,FALSE,0,FALSE
91.22125,2.637,2.518,1.989,2.12,24.074,20,18,0,3256678.8,74,74,76,76,100,99,98,98,20.047,20.029,22.133,22.137,4854.711,0,35968,42271,817,6767,12,1,0,0,0,25,21,14,0,13,7,FALSE,0,FALSE
91.72229,2.655,2.537,2.009,2.14,24.073,20,18,0,3286597.2,73,72,75,75,100,99,98,98,20.05,20.032,22.139,22.143,4884.646,0,35968,42271,817,6716,12,1,0,0,0,25,21,14,0,13,7,FALSE,0,FALSE
92.224174,2.679,2.555,2.046,2.171,24.073,20,18,0,3311375.8,78,74,85,80,100,100,99,99,20.054,20.035,22.146,22.15,4908.508,0,35968,42271,750,6717,12,1,0,0,0,25,21,14,0,13,7,FALSE,0,FALSE
92.722725,2.708,2.576,2.106,2.219,24.073,20,18,0,3331564,81,75,96,88,100,100,99,99,20.062,20.04,22.159,22.159,4927.902,0,35968,42271,750,6717,12,1,0,0,0,25,21,14,0,13,7,FALSE,0,FALSE
93.22451,2.725,2.59,2.165,2.257,24.072,20,18,0,3346148,78,75,102,89,100,100,99,99,20.068,20.044,22.174,22.17,4951.281,0,35968,42271,750,6633,12,1,0,0,0,25,21,14,0,13,7,FALSE,0,FALSE
93.71815,2.743,2.603,2.2,2.284,24.069,20,18,0,3352316.2,80,75,96,85,100,100,99,99,20.074,20.049,22.189,22.18,4966.454,0,35968,42271,600,6633,12,1,0,0,0,25,21,14,0,13,7,FALSE,0,FALSE
94.2189,2.76,2.617,2.217,2.297,24.062,20,18,0,3358726.2,78,75,85,78,100,100,99,99,20.08,20.053,22.201,22.188,4983.351,0,35968,42271,600,6633,12,1,0,0,0,25,21,14,0,13,7,FALSE,0,FALSE
94.72293,2.774,2.631,2.222,2.3,24.052,20,18,0,3359517.2,76,74,76,72,100,100,100,99,20.085,20.057,22.207,22.192,5001.738,0,35968,42271,650,6683,12,1,0,0,0,25,21,14,0,13,7,FALSE,0,FALSE
95.22136,2.794,2.652,2.225,2.304,24.04,20,18,0,3341378.2,79,78,72,70,101,100,100,99,20.089,20.06,22.21,22.194,5022.011,0,35968,42271,650,6683,12,1,0,0,0,25,21,14,0,13,7,FALSE,0,FALSE
95.71961,2.818,2.677,2.229,2.309,24.026,20,18,0,3309628.2,78,77,72,70,101,100,100,99,20.094,20.065,22.211,22.194,5044.899,0,35968,42271,767,6800,12,1,0,0,0,25,21,14,0,13,7,FALSE,0,FALSE
96.21761,2.836,2.694,2.233,2.312,24.013,20,18,0,3276679.2,76,74,71,70,101,100,100,99,20.097,20.068,22.212,22.195,5070.238,0,35968,42271,767,6800,12,1,0,0,0,25,21,14,0,13,7,FALSE,0,FALSE
96.721245,2.851,2.706,2.233,2.312,23.999,20,18,0,3227788,74,72,69,70,101,100,100,99,20.098,20.069,22.212,22.194,5100.395,0,35968,42271,800,6800,12,1,0,0,0,25,21,14,0,13,7,FALSE,0,FALSE
97.21511,2.864,2.716,2.233,2.312,23.987,20,18,0,3181627.2,74,72,70,70,101,100,100,99,20.099,20.07,22.211,22.193,5130.552,0,35968,42271,800,6800,12,1,0,0,0,25,21,14,0,13,7,FALSE,0,FALSE
97.71931,2.877,2.726,2.233,2.313,23.972,20,18,0,3122310.8,74,72,70,71,101,100,100,99,20.1,20.07,22.209,22.192,5164.478,0,35968,42271,800,6817,12,1,0,0,0,25,21,14,0,13,7,FALSE,0,FALSE
98.21919,2.886,2.737,2.234,2.314,23.959,20,18,0,3064695.8,72,73,70,71,101,100,100,99,20.1,20.07,22.207,22.19,5199.124,0,35968,42271,834,6817,12,1,0,0,0,25,21,14,0,13,7,FALSE,0,FALSE
98.71895,2.894,2.744,2.234,2.314,23.946,20,18,0,3012628,72,72,71,71,101,100,100,99,20.099,20.069,22.204,22.187,5235.253,0,35968,42271,834,6817,12,1,0,0,0,25,21,14,0,13,7,FALSE,0,FALSE
99.22142,2.902,2.753,2.234,2.314,23.932,20,18,0,2955013,72,72,71,71,101,100,99,99,20.097,20.068,22.201,22.184,5272.754,0,35968,42271,850,6817,12,1,0,0,0,25,21,14,0,13,7,FALSE,0,FALSE
99.71687,2.91,2.76,2.234,2.314,23.919,20,18,0,2899318.5,72,72,71,71,101,100,99,99,20.096,20.066,22.197,22.18,5310.196,0,35968,42271,850,6800,12,1,0,0,0,25,21,14,0,13,7,FALSE,0,FALSE
100.22246,2.917,2.768,2.234,2.314,23.905,20,18,0,2845209.2,72,72,71,71,101,100,99,99,20.094,20.064,22.192,22.176,5351.304,0,35968,42271,834,6767,12,1,0,0,0,25,21,14,0,13,7,FALSE,0,FALSE
100.721275,2.924,2.775,2.234,2.314,23.892,20,18,0,2787594.2,72,72,71,71,101,100,99,99,20.091,20.062,22.188,22.171,5391.856,0,35968,42271,834,6750,12,1,0,0,0,25,21,14,0,13,7,FALSE,0,FALSE
101.2212,2.932,2.782,2.234,2.314,23.878,20,18,1,2729979.2,73,73,71,71,101,100,99,99,20.088,20.059,22.182,22.165,24.395,100923,0,0,833,6750,12,2,0,0,0,25,21,14,0,13,7,FALSE,0,FALSE
101.715195,2.939,2.789,2.234,2.314,23.865,20,18,1,2674284.8,73,73,71,71,100,100,99,99,20.085,20.056,22.177,22.16,65.187,100923,0,0,834,6717,12,2,0,0,0,25,21,14,0,13,7,FALSE,0,FALSE
102.222145,2.946,2.796,2.234,2.314,23.85,20,18,1,2634339.2,72,72,71,71,100,100,99,99,20.081,20.053,22.17,22.153,109.423,100923,0,0,817,6700,12,2,0,0,0,25,21,14,0,13,7,FALSE,0,FALSE
102.7157,2.951,2.801,2.234,2.314,23.837,20,18,1,2625987.2,73,72,71,71,100,100,99,99,20.077,20.049,22.164,22.147,151.17,100923,0,0,800,6700,12,2,0,0,0,25,21,14,0,13,7,FALSE,0,FALSE
103.2209,2.957,2.807,2.234,2.314,23.823,20,18,1,2617059.2,73,72,71,71,100,100,99,98,20.072,20.044,22.156,22.14,196.07,100923,0,0,800,6617,12,2,0,0,0,25,21,14,0,13,7,FALSE,0,FALSE
103.7188,2.962,2.812,2.234,2.314,23.809,20,18,1,2608707.2,73,73,71,71,100,100,99,98,20.068,20.04,22.149,22.133,238.299,100923,0,0,767,6617,12,2,0,0,0,25,21,14,0,13,7,FALSE,0,FALSE
104.223305,2.968,2.818,2.234,2.314,23.795,20,18,1,2599779.2,73,73,71,72,100,100,98,98,20.062,20.035,22.141,22.125,283.618,100923,0,0,750,6617,12,2,0,0,0,25,21,14,0,13,7,FALSE,0,FALSE
104.720795,2.973,2.823,2.234,2.314,23.781,20,18,1,2591139.2,73,73,71,71,100,99,98,98,20.057,20.029,22.133,22.117,327.654,100923,0,0,767,6617,12,2,0,0,0,25,21,14,0,13,7,FALSE,0,FALSE
105.22081,2.979,2.828,2.234,2.314,23.767,20,18,1,2582499.2,72,72,71,71,100,99,98,98,20.051,20.024,22.125,22.109,371.843,100923,0,0,734,6517,12,2,0,0,0,25,21,14,0,13,7,FALSE,0,FALSE
105.72043,2.984,2.834,2.234,2.314,23.754,20,18,1,2573859.2,73,73,72,71,100,99,98,98,20.045,20.018,22.116,22.1,416.138,100923,0,0,734,6517,12,2,0,0,0,25,21,14,0,13,7,FALSE,0,FALSE
106.218216,2.99,2.839,2.234,2.314,23.74,20,18,1,2565507.2,72,72,71,71,100,99,98,98,20.039,20.012,22.108,22.092,459.046,100923,0,0,733,6517,12,2,0,0,0,25,21,14,0,13,7,FALSE,0,FALSE
106.72195,2.995,2.845,2.234,2.314,23.726,20,18,1,2556579.2,72,72,71,71,100,99,98,97,20.032,20.005,22.099,22.083,505.029,100923,0,0,750,6517,12,2,0,0,0,25,21,14,0,13,7,FALSE,0,FALSE
107.21591,3,2.85,2.234,2.314,23.713,20,18,1,2548227.2,72,72,71,71,99,99,98,97,20.026,19.999,22.09,22.074,548.132,100923,0,0,733,6450,12,2,0,0,0,25,21,14,0,13,7,FALSE,0,FALSE
107.71825,3.008,2.857,2.241,2.321,23.699,20,18,1,2547421.8,72,73,74,74,99,99,97,97,20.019,19.992,22.081,22.066,592.528,100923,0,0,733,6450,12,2,0,0,0,25,21,14,0,13,7,FALSE,0,FALSE
108.221954,3.031,2.879,2.27,2.352,23.698,20,18,1,2583552.8,73,74,76,76,99,99,98,97,20.018,19.992,22.084,22.068,631.38,100923,0,0,734,6450,12,2,0,0,0,25,21,14,0,13,7,FALSE,0,FALSE
108.72066,3.048,2.896,2.286,2.368,23.697,20,18,1,2612226.8,72,72,73,73,99,99,98,97,20.021,19.995,22.09,22.074,660.105,100923,0,0,734,6417,12,2,0,0,0,25,21,14,0,13,7,FALSE,0,FALSE
109.72373,3.058,2.905,2.291,2.374,23.696,20,18,1,2657821,69,69,70,70,99,99,98,98,20.026,20,22.1,22.084,701.531,100923,0,0,717,6517,12,2,0,0,0,25,21,14,0,13,7,FALSE,0,FALSE
110.22085,3.065,2.91,2.302,2.383,23.696,20,18,1,2675081.8,71,69,75,72,99,99,98,98,20.028,20.003,22.105,22.089,716.753,100923,0,0,717,6517,12,2,0,0,0,25,21,14,0,13,7,FALSE,0,FALSE
110.719765,3.077,2.919,2.331,2.404,23.696,20,18,1,2688136,74,71,85,78,100,99,98,98,20.032,20.006,22.113,22.095,728.322,100923,0,0,717,6700,12,2,0,0,0,25,21,14,0,13,7,FALSE,0,FALSE
111.223076,3.084,2.924,2.365,2.427,23.696,20,18,1,2695782,74,71,94,83,100,99,98,98,20.037,20.009,22.125,22.104,740.601,100923,0,0,717,6700,12,2,0,0,0,25,21,14,0,13,7,FALSE,0,FALSE
111.72165,3.092,2.931,2.391,2.443,23.693,20,18,1,2700710,74,72,95,82,100,99,98,98,20.041,20.013,22.139,22.113,757.263,100923,0,0,583,6700,12,2,0,0,0,25,21,14,0,13,7,FALSE,0,FALSE
112.219025,3.103,2.94,2.408,2.456,23.69,20,18,1,2705821.8,76,73,91,81,100,99,99,98,20.046,20.016,22.152,22.122,767.586,100923,0,0,583,6783,12,2,0,0,0,25,21,14,0,13,7,FALSE,0,FALSE
112.719154,3.114,2.951,2.41,2.458,23.684,20,18,1,2710628.5,76,74,81,75,100,99,99,98,20.052,20.021,22.162,22.128,778.9,100923,0,0,583,6783,12,2,0,0,0,25,21,14,0,13,7,FALSE,0,FALSE
113.220215,3.122,2.964,2.41,2.458,23.675,20,18,1,2714391.5,75,75,74,71,100,99,99,98,20.057,20.025,22.167,22.132,792.503,100923,0,0,583,6783,12,2,0,0,0,25,21,14,0,13,7,FALSE,0,FALSE
113.71934,3.132,2.975,2.412,2.46,23.665,20,18,1,2719442.5,74,74,70,70,100,99,99,98,20.06,20.029,22.17,22.134,808.83,100923,0,0,467,6783,12,2,0,0,0,25,21,14,0,13,7,FALSE,0,FALSE
114.21995,3.149,2.993,2.421,2.471,23.655,20,18,1,2730847.8,76,77,71,74,100,100,99,98,20.064,20.034,22.171,22.137,827.453,100923,0,0,467,6783,12,2,0,0,0,25,21,14,0,13,7,FALSE,0,FALSE
114.72265,3.172,3.021,2.438,2.492,23.646,20,18,1,2737246,78,82,75,79,100,100,99,98,20.069,20.04,22.174,22.141,852.836,100923,0,0,400,6783,12,2,0,0,0,25,21,14,0,13,7,FALSE,0,FALSE
115.22034,3.19,3.042,2.45,2.504,23.636,20,18,1,2743601.2,75,78,73,75,100,100,99,99,20.073,20.046,22.176,22.145,874.757,100923,0,0,400,6783,12,2,0,0,0,25,21,14,0,13,7,FALSE,0,FALSE
115.719765,3.21,3.065,2.461,2.515,23.623,20,18,1,2749158.8,75,78,73,74,100,100,99,99,20.075,20.051,22.177,22.147,897.808,100923,0,0,400,6783,12,2,0,0,0,25,21,14,0,13,7,FALSE,0,FALSE
116.22156,3.227,3.083,2.466,2.519,23.611,20,18,1,2749198.5,74,75,70,71,100,100,99,99,20.078,20.054,22.177,22.148,923.59,100923,0,0,383,6783,12,2,0,0,0,25,21,14,0,13,7,FALSE,0,FALSE
116.722115,3.247,3.103,2.474,2.525,23.597,20,18,1,2742775.5,76,74,72,70,100,100,99,99,20.08,20.056,22.177,22.147,952.495,100923,0,0,416,6783,12,2,0,0,0,25,21,14,0,13,7,FALSE,0,FALSE
117.221275,3.264,3.117,2.482,2.532,23.583,20,18,1,2735465.5,75,73,72,71,100,100,99,99,20.081,20.057,22.176,22.146,983.325,100923,0,0,416,6833,12,2,0,0,0,25,21,14,0,13,7,FALSE,0,FALSE
117.72167,3.28,3.13,2.489,2.54,23.57,20,18,1,2732849.5,74,72,72,71,100,100,99,99,20.082,20.057,22.175,22.144,1014.034,100923,0,0,417,6833,12,2,0,0,0,25,21,14,0,13,7,FALSE,0,FALSE
118.2214,3.295,3.141,2.494,2.546,23.557,20,18,1,2724257.8,73,71,71,70,100,100,99,98,20.082,20.057,22.173,22.142,1046.621,100923,0,0,417,6867,12,2,0,0,0,25,21,14,0,13,7,FALSE,0,FALSE
118.72114,3.303,3.148,2.494,2.547,23.543,20,18,1,2715617.8,71,71,70,69,100,100,99,98,20.081,20.055,22.17,22.139,1080.776,100923,0,0,434,6867,12,2,0,0,0,25,21,14,0,13,7,FALSE,0,FALSE
119.22152,3.309,3.155,2.494,2.547,23.53,20,18,1,2712320,71,71,70,69,100,100,99,98,20.079,20.053,22.166,22.135,1116.167,100923,0,0,434,6867,12,2,0,0,0,25,21,14,0,13,7,FALSE,0,FALSE
119.71752,3.315,3.161,2.494,2.547,23.517,20,18,1,2703968,71,71,70,70,100,100,99,98,20.077,20.052,22.161,22.131,1151.426,100923,0,0,434,6867,12,2,0,0,0,25,21,14,0,13,7,FALSE,0,FALSE
120.2194,3.321,3.167,2.494,2.547,23.503,20,18,1,2695040,71,71,70,70,100,100,99,98,20.074,20.049,22.156,22.126,1190.217,100923,0,0,450,6867,12,2,0,0,0,25,21,14,0,13,7,FALSE,0,FALSE
120.71921,3.327,3.174,2.494,2.547,23.489,20,18,1,2686400,71,71,70,70,100,100,99,98,20.071,20.046,22.151,22.121,1228.745,100923,0,0,450,6867,12,2,0,0,0,25,21,14,0,13,7,FALSE,0,FALSE
121.22175,3.333,3.179,2.494,2.547,23.475,20,18,1,2677760,72,72,70,70,100,100,99,98,20.068,20.043,22.145,22.115,1268.129,100923,0,0,450,6850,12,2,0,0,0,25,21,14,0,13,7,FALSE,0,FALSE
121.71903,3.338,3.185,2.494,2.547,23.462,20,18,1,2674495,71,72,70,70,100,100,98,98,20.064,20.04,22.139,22.109,1308.247,100923,0,0,450,6850,12,2,0,0,0,25,21,14,0,13,7,FALSE,0,FALSE
122.222176,3.344,3.191,2.494,2.547,23.448,20,18,1,2665855,72,72,70,70,100,100,98,98,20.06,20.036,22.133,22.103,1348.887,100923,0,0,450,6833,12,2,0,0,0,25,21,14,0,13,7,FALSE,0,FALSE
122.718315,3.349,3.196,2.494,2.547,23.435,20,18,1,2657503,72,72,71,70,100,100,98,98,20.056,20.032,22.126,22.097,1388.717,100923,0,0,450,6833,12,2,0,0,0,25,21,14,0,13,7,FALSE,0,FALSE
123.21883,3.367,3.211,2.523,2.569,23.428,20,18,1,2679065.2,74,73,78,76,100,99,98,98,20.054,20.03,22.124,22.094,1427.741,100923,0,0,450,6800,12,2,0,0,0,25,21,14,0,13,7,FALSE,0,FALSE
123.72094,3.388,3.234,2.555,2.585,23.426,20,18,1,2709288.2,73,75,79,73,100,100,98,98,20.056,20.032,22.13,22.099,1459.184,100923,0,0,433,6800,12,2,0,0,0,25,21,14,0,13,7,FALSE,0,FALSE
124.22245,3.399,3.244,2.563,2.593,23.426,20,18,1,2734354,73,71,74,72,100,100,98,98,20.059,20.036,22.136,22.104,1483.199,100923,0,0,433,6916,12,2,0,0,0,25,21,14,0,13,7,FALSE,0,FALSE
124.72237,3.415,3.255,2.587,2.614,23.426,20,18,1,2752524,76,72,81,76,100,100,98,98,20.063,20.039,22.143,22.11,1503.034,100923,0,0,516,6916,12,2,0,0,0,25,21,14,0,13,7,FALSE,0,FALSE
125.220604,3.434,3.268,2.614,2.635,23.426,20,18,1,2763233.2,78,73,84,78,100,100,99,98,20.069,20.042,22.151,22.117,1519.582,100923,0,0,516,6916,12,2,0,0,0,25,21,14,0,13,7,FALSE,0,FALSE
125.72042,3.455,3.286,2.65,2.657,23.426,20,18,1,2770328.5,82,77,94,83,100,100,99,98,20.074,20.044,22.159,22.122,1547.503,100923,0,0,516,7033,12,2,0,0,0,25,21,14,0,13,7,FALSE,0,FALSE
126.22375,3.493,3.316,2.699,2.691,23.421,20,18,1,2776672,88,82,98,86,100,100,99,98,20.084,20.051,22.173,22.131,1568.854,100923,0,0,567,7033,12,2,0,0,0,25,21,14,0,13,7,FALSE,0,FALSE
126.71927,3.509,3.328,2.727,2.712,23.416,20,18,1,2782851,81,77,92,82,101,100,99,98,20.092,20.057,22.185,22.139,1585.64,100923,0,0,567,6950,12,2,0,0,0,25,21,14,0,13,7,FALSE,0,FALSE
127.21794,3.535,3.349,2.747,2.727,23.409,20,18,1,2788965,84,78,85,78,101,100,99,99,20.099,20.062,22.194,22.144,1601.324,100923,0,0,567,6950,12,2,0,0,0,25,21,14,0,13,7,FALSE,0,FALSE
127.72209,3.554,3.367,2.755,2.734,23.4,20,18,1,2792961.2,79,76,77,73,101,100,99,99,20.105,20.066,22.199,22.148,1619.659,100923,0,0,483,6950,12,2,0,0,0,25,21,14,0,13,7,FALSE,0,FALSE
128.22194,3.566,3.378,2.756,2.736,23.388,20,18,1,2790884,75,74,72,70,101,100,99,99,20.109,20.069,22.201,22.149,1640.461,100923,0,0,483,6983,12,2,0,0,0,25,21,14,0,13,7,FALSE,0,FALSE
128.71655,3.588,3.398,2.757,2.737,23.375,20,18,1,2788415,77,77,70,69,101,100,99,99,20.111,20.072,22.202,22.149,1662.854,100923,0,0,533,6983,12,2,0,0,0,25,21,14,0,13,7,FALSE,0,FALSE
129.21785,3.611,3.42,2.757,2.738,23.362,20,18,1,2789786,76,75,69,68,101,100,99,99,20.113,20.075,22.201,22.149,1688.398,100923,0,0,533,6983,12,2,0,0,0,25,21,14,0,13,7,FALSE,0,FALSE
129.71947,3.622,3.432,2.76,2.739,23.348,20,18,1,2783229.2,73,73,69,70,101,100,99,99,20.114,20.076,22.199,22.147,1717.199,100923,0,0,567,6983,12,2,0,0,0,25,21,14,0,13,7,FALSE,0,FALSE
130.22087,3.632,3.443,2.762,2.741,23.335,20,18,1,2775873.5,72,73,70,71,101,100,99,99,20.114,20.077,22.197,22.146,1746.917,100923,0,0,567,7017,12,2,0,0,0,25,21,14,0,13,7,FALSE,0,FALSE
130.71867,3.642,3.456,2.769,2.748,23.322,20,18,1,2773420.8,72,74,71,72,101,100,99,99,20.114,20.077,22.195,22.145,1777.259,100923,0,0,600,7050,12,2,0,0,0,25,21,14,0,13,7,FALSE,0,FALSE
131.21846,3.659,3.478,2.784,2.762,23.309,20,18,1,2764803.8,74,76,73,75,101,100,99,99,20.113,20.077,22.193,22.144,1810.869,100923,30185,0,600,7050,12,2,0,0,0,25,21,14,0,13,7,FALSE,0,FALSE
131.72078,3.673,3.494,2.798,2.775,23.299,20,18,1,2771875.5,71,71,73,72,101,100,99,98,20.112,20.078,22.192,22.142,1847.129,100923,30185,0,600,7050,12,2,0,0,0,25,21,14,0,13,7,FALSE,0,FALSE
132.2222,3.716,3.527,2.868,2.834,23.299,20,18,1,2802907.2,82,78,93,86,101,100,99,99,20.114,20.079,22.195,22.144,1877.451,100923,30185,0,616,7050,12,2,0,0,0,25,21,14,0,13,7,FALSE,0,FALSE
132.7207,3.756,3.558,2.958,2.908,23.298,20,18,1,2822992,83,77,100,92,101,100,100,99,20.119,20.082,22.205,22.151,1906.27,100923,30185,0,616,7050,12,2,0,0,0,25,21,14,0,13,7,FALSE,0,FALSE
133.21985,3.796,3.588,3.033,2.97,23.29,20,18,1,2828788,84,78,97,89,101,100,100,99,20.125,20.085,22.216,22.159,1934.78,100923,30185,0,616,7050,12,2,0,0,0,25,21,14,0,13,7,FALSE,0,FALSE
133.72002,3.834,3.617,3.065,2.996,23.28,20,18,1,2832934.8,81,76,82,78,101,101,100,99,20.13,20.088,22.222,22.163,1961.262,100923,30185,0,616,7050,12,2,0,0,0,25,21,14,0,13,7,FALSE,0,FALSE
134.21678,3.846,3.63,3.068,2.999,23.267,20,18,1,2826827.8,74,72,71,72,101,101,100,99,20.131,20.088,22.221,22.162,1987.75,100923,30185,0,616,7050,12,2,0,0,0,25,21,14,0,13,7,FALSE,0,FALSE
134.72015,3.867,3.659,3.101,3.033,23.256,20,18,1,2831373,74,80,80,81,101,101,100,99,20.131,20.089,22.22,22.161,2019.396,100923,30185,0,600,7083,12,2,0,0,0,25,21,14,0,13,7,FALSE,0,FALSE
135.22319,3.905,3.704,3.163,3.115,23.246,20,18,1,2836805,79,82,87,95,101,101,100,99,20.132,20.092,22.222,22.166,2050.613,100923,30185,0,600,7083,12,2,0,0,0,25,21,14,0,13,7,FALSE,0,FALSE
135.72092,3.948,3.755,3.217,3.182,23.234,20,18,1,2840249,81,85,81,87,101,101,100,99,20.134,20.096,22.224,22.172,2079.613,100923,30185,0,633,7083,12,2,0,0,0,25,21,14,0,13,7,FALSE,0,FALSE
136.21684,3.973,3.787,3.237,3.203,23.222,20,18,1,2838368,75,78,74,77,101,101,100,99,20.134,20.099,22.223,22.173,2108.865,100923,30185,0,633,7183,12,2,0,0,0,25,21,14,0,13,7,FALSE,0,FALSE
136.71753,3.986,3.803,3.245,3.211,23.208,20,18,1,2829995,72,75,72,73,101,101,100,99,20.132,20.098,22.219,22.17,2140.735,100923,30185,0,700,7183,12,2,0,0,0,25,21,14,0,13,7,FALSE,0,FALSE
137.21822,3.995,3.813,3.251,3.216,23.195,20,18,1,2826993.2,73,73,73,73,101,101,100,99,20.129,20.097,22.215,22.166,2173.838,100923,30185,0,700,7250,12,2,0,0,0,25,21,14,0,13,7,FALSE,0,FALSE
137.72124,4.011,3.83,3.269,3.235,23.194,20,18,1,2856999.8,73,73,74,74,101,101,100,99,20.129,20.097,22.216,22.167,2203.029,100923,30185,0,750,7250,12,2,0,0,0,25,21,14,0,13,7,FALSE,0,FALSE
138.2218,4.017,3.836,3.272,3.239,23.193,20,18,1,2881729.2,71,71,73,71,101,101,100,99,20.13,20.098,22.219,22.17,2225.421,100923,30185,0,750,7300,12,2,0,0,0,25,21,14,0,13,7,FALSE,0,FALSE
138.72131,4.026,3.842,3.283,3.25,23.193,20,18,1,2902590.5,73,70,75,74,101,101,100,99,20.132,20.1,22.223,22.174,2243.886,100923,30185,0,750,7400,12,2,0,0,0,25,21,14,0,13,7,FALSE,0,FALSE
139.218,4.044,3.854,3.311,3.273,23.193,20,18,1,2919369.8,78,73,85,80,101,101,100,99,20.135,20.101,22.228,22.179,2257.715,100923,30185,0,750,7400,12,2,0,0,0,25,21,14,0,13,7,FALSE,0,FALSE
139.71596,4.056,3.864,3.348,3.298,23.193,20,18,1,2931718.2,77,73,94,84,102,101,100,99,20.141,20.105,22.239,22.186,2269.455,100923,30185,0,750,7400,12,2,0,0,0,25,21,14,0,13,7,FALSE,0,FALSE
140.21935,4.064,3.87,3.383,3.321,23.191,20,18,1,2937846,76,73,99,86,102,101,100,99,20.145,20.107,22.252,22.195,2284.345,100923,30185,0,750,7433,12,2,0,0,0,25,21,14,0,13,7,FALSE,0,FALSE
140.72168,4.074,3.878,3.394,3.329,23.187,20,18,1,2943426.5,77,73,90,81,102,101,101,99,20.148,20.11,22.264,22.202,2298.549,100923,30185,0,750,7433,12,2,0,0,0,25,21,14,0,13,7,FALSE,0,FALSE
141.21844,4.085,3.887,3.401,3.335,23.181,20,18,1,2949424.2,77,74,83,76,102,101,101,100,20.152,20.112,22.271,22.207,2310.964,100923,30185,0,566,7433,12,2,0,0,0,25,21,14,0,13,7,FALSE,0,FALSE
142.22168,4.112,3.918,3.407,3.341,23.163,20,18,1,2962179,77,77,73,70,102,101,101,100,20.16,20.118,22.278,22.211,2340.641,100923,30185,0,566,7433,12,2,0,0,0,25,21,14,0,13,7,FALSE,0,FALSE
142.71841,4.126,3.933,3.408,3.342,23.151,20,18,1,2968914.5,76,76,70,69,102,101,101,100,20.163,20.122,22.278,22.211,2358.705,100923,30185,0,600,7433,12,2,0,0,0,25,21,14,0,13,7,FALSE,0,FALSE
143.22008,4.144,3.951,3.408,3.343,23.138,20,18,1,2971910.5,76,76,69,68,102,101,101,100,20.166,20.125,22.278,22.21,2381.021,100923,30185,0,600,7466,12,2,0,0,0,25,21,14,0,13,7,FALSE,0,FALSE
143.71815,4.156,3.965,3.409,3.344,23.125,20,18,1,2967241.8,75,74,69,69,102,101,101,100,20.168,20.127,22.276,22.209,2404.499,100923,30185,0,600,7466,12,2,0,0,0,25,21,14,0,13,7,FALSE,0,FALSE
144.2211,4.166,3.975,3.409,3.344,23.112,20,18,1,2966475.8,73,72,69,69,102,101,101,100,20.168,20.127,22.274,22.207,2431.863,100923,30185,0,550,7466,12,2,0,0,0,25,21,14,0,13,7,FALSE,0,FALSE
144.71883,4.175,3.984,3.409,3.344,23.099,20,18,1,2959821,72,71,69,69,102,101,101,100,20.168,20.126,22.272,22.205,2459.487,100923,30185,0,533,7466,12,2,0,0,0,25,21,14,0,13,7,FALSE,0,FALSE
145.22159,4.183,3.993,3.409,3.344,23.085,20,18,1,2957240.2,71,71,69,69,102,101,101,100,20.167,20.125,22.268,22.203,2490.984,100923,30185,0,533,7417,12,2,0,0,0,25,21,14,0,13,7,FALSE,0,FALSE
145.72023,4.19,4.001,3.41,3.345,23.072,20,18,1,2948764.5,71,71,69,70,102,101,101,99,20.165,20.124,22.265,22.2,2523.107,100923,30185,0,534,7417,12,2,0,0,0,25,21,14,0,13,7,FALSE,0,FALSE
146.21896,4.199,4.012,3.414,3.348,23.058,20,18,1,2940124.5,71,72,70,71,102,101,100,99,20.163,20.122,22.261,22.196,2556.883,100923,30185,0,534,7417,12,2,0,0,0,25,21,14,0,13,7,FALSE,0,FALSE
146.71841,4.21,4.027,3.425,3.358,23.046,20,18,1,2937111.8,72,74,72,74,102,101,100,99,20.16,20.121,22.257,22.193,2590.673,100923,30185,0,550,7400,12,2,0,0,0,25,21,14,0,13,7,FALSE,0,FALSE
147.22112,4.239,4.063,3.461,3.395,23.032,20,18,1,2936060.8,75,78,78,80,102,101,100,99,20.159,20.121,22.254,22.192,2627.092,100923,30185,0,550,7400,12,2,0,0,0,25,21,14,0,13,7,FALSE,0,FALSE
147.71497,4.266,4.096,3.492,3.426,23.032,20,18,1,2964681.5,76,78,77,80,102,101,100,99,20.16,20.124,22.256,22.195,2658.739,100923,30185,0,550,7384,12,2,0,0,0,25,21,14,0,13,7,FALSE,0,FALSE
148.21626,4.282,4.116,3.51,3.443,23.031,20,18,1,2990386.8,74,76,76,78,102,101,100,99,20.162,20.128,22.26,22.2,2684.407,100923,30185,0,583,7417,12,2,0,0,0,25,21,14,0,13,7,FALSE,0,FALSE
148.7224,4.294,4.131,3.521,3.454,23.03,20,18,1,3012911,72,75,74,76,102,101,101,100,20.165,20.133,22.264,22.206,2704.238,100923,30185,0,583,7417,12,2,0,0,0,25,21,14,0,13,7,FALSE,0,FALSE
149.21327,4.299,4.138,3.528,3.462,23.03,20,18,1,3030799.2,71,73,73,76,102,101,101,100,20.167,20.136,22.268,22.211,2719.827,100923,30185,0,583,7534,12,2,0,0,0,25,21,14,0,13,7,FALSE,0,FALSE
149.71875,4.308,4.149,3.547,3.486,23.03,20,18,1,3045912.8,72,75,78,84,102,102,101,100,20.169,20.14,22.272,22.217,2732.684,100923,30185,0,583,7534,12,2,0,0,0,25,21,14,0,13,7,FALSE,0,FALSE
150.21768,4.314,4.157,3.567,3.519,23.029,20,18,1,3055058.5,72,74,82,93,102,102,101,100,20.171,20.144,22.278,22.227,2742.773,100923,30185,0,600,7534,12,2,0,0,0,25,21,14,0,13,7,FALSE,0,FALSE
150.71857,4.321,4.165,3.584,3.543,23.026,20,18,1,3060073.8,73,76,83,94,102,102,101,100,20.173,20.147,22.286,22.24,2763.19,100923,30185,0,600,7534,12,2,0,0,0,25,21,14,0,13,7,FALSE,0,FALSE
151.21906,4.334,4.181,3.591,3.552,23.022,20,18,1,3065750.2,76,80,79,86,102,102,101,100,20.176,20.152,22.292,22.25,2773.734,100923,30185,0,600,7600,12,2,0,0,0,25,21,14,0,13,7,FALSE,0,FALSE
151.71973,4.344,4.19,3.592,3.553,23.015,20,18,1,3069793.8,75,77,73,78,102,102,101,100,20.18,20.157,22.295,22.257,2785.607,100923,30185,0,600,7600,12,2,0,0,0,25,21,14,0,13,7,FALSE,0,FALSE
152.2189,4.361,4.204,3.593,3.554,23.005,20,18,1,3072259.2,79,78,70,73,102,102,101,100,20.184,20.162,22.296,22.26,2800.27,100923,30185,0,584,7600,12,2,0,0,0,25,21,14,0,13,7,FALSE,0,FALSE
152.71936,4.39,4.23,3.593,3.554,22.993,20,18,1,3077334.8,83,82,69,70,102,102,101,100,20.189,20.167,22.296,22.261,2817.619,100923,30185,0,584,7600,12,2,0,0,0,25,21,14,0,13,7,FALSE,0,FALSE
153.2195,4.417,4.256,3.593,3.554,22.981,20,18,1,3083497,81,80,68,69,103,102,101,100,20.196,20.173,22.296,22.26,2837.857,100923,30185,0,584,7617,12,2,0,0,0,25,21,14,0,13,7,FALSE,0,FALSE
153.71759,4.43,4.269,3.593,3.554,22.968,20,18,1,3079412.2,75,75,68,69,103,102,101,100,20.199,20.177,22.294,22.26,2860.05,100923,30185,0,567,7617,12,2,0,0,0,25,21,14,0,13,7,FALSE,0,FALSE
154.2184,4.441,4.279,3.593,3.554,22.955,20,18,1,3079509.8,73,73,69,69,103,102,101,100,20.2,20.178,22.293,22.258,2885.643,100923,30185,0,567,7617,12,2,0,0,0,25,21,14,0,13,7,FALSE,0,FALSE
154.71774,4.45,4.289,3.593,3.554,22.942,20,18,1,3073014.2,72,72,69,69,103,102,101,100,20.2,20.178,22.29,22.256,2913.473,100923,30185,0,550,7617,12,2,0,0,0,25,21,14,0,13,7,FALSE,0,FALSE
155.22083,4.459,4.298,3.593,3.554,22.929,20,18,1,3070622.2,72,72,70,70,103,102,101,100,20.199,20.178,22.288,22.254,2944.373,100923,30185,0,534,7600,12,2,0,0,0,25,21,14,0,13,7,FALSE,0,FALSE
155.71802,4.466,4.305,3.593,3.554,22.915,20,18,1,3062656.2,72,72,70,70,103,102,101,100,20.198,20.177,22.285,22.251,2974.957,100923,30185,0,534,7600,12,2,0,0,0,25,21,14,0,13,7,FALSE,0,FALSE
156.21756,4.473,4.312,3.593,3.554,22.902,20,18,1,3054016.5,72,72,70,70,103,102,101,100,20.197,20.176,22.282,22.248,3008.206,100923,30185,0,533,7600,12,2,0,0,0,25,21,14,0,13,7,FALSE,0,FALSE
156.71632,4.479,4.319,3.593,3.554,22.888,20,18,1,3045376.5,72,72,70,70,103,102,101,100,20.195,20.174,22.278,22.245,3042.935,100923,30185,0,533,7600,12,2,0,0,0,25,21,14,0,13,7,FALSE,0,FALSE
157.21869,4.486,4.325,3.593,3.554,22.875,20,18,1,3042179,72,72,70,70,102,102,101,100,20.192,20.172,22.273,22.24,3078.843,100923,30185,0,550,7617,12,2,0,0,0,25,21,14,0,13,7,FALSE,0,FALSE
157.71869,4.492,4.331,3.593,3.554,22.861,20,18,1,3033539,72,72,71,71,102,102,101,100,20.189,20.169,22.268,22.236,3115.816,100923,30185,0,550,7617,12,2,0,0,0,25,21,14,0,13,7,FALSE,0,FALSE
158.21558,4.498,4.337,3.593,3.554,22.847,20,18,1,3024899,72,72,71,71,102,102,101,100,20.186,20.166,22.263,22.231,3153.814,100923,30185,0,550,7600,12,2,0,0,0,25,21,14,0,13,7,FALSE,0,FALSE
158.71613,4.504,4.343,3.593,3.554,22.834,20,18,1,3016259,72,72,71,71,102,102,100,100,20.183,20.163,22.257,22.225,3192.737,100923,30185,0,550,7600,12,2,0,0,0,25,21,14,0,13,7,FALSE,0,FALSE
159.21938,4.51,4.349,3.593,3.554,22.819,20,18,1,3007331,72,72,71,71,102,102,100,100,20.179,20.159,22.251,22.219,3233.815,100923,30185,0,550,7600,12,2,0,0,0,25,21,14,0,13,7,FALSE,0,FALSE
159.7187,4.515,4.354,3.593,3.554,22.807,20,18,1,3004420.5,72,72,71,71,102,102,100,100,20.175,20.155,22.244,22.213,3272.919,100923,30185,0,550,7600,12,2,0,0,0,25,21,14,0,13,7,FALSE,0,FALSE
160.21826,4.522,4.359,3.593,3.555,22.793,20,18,1,2995780.5,73,72,71,71,102,102,100,100,20.171,20.151,22.238,22.206,3313.821,100923,30185,0,550,7600,12,2,0,0,0,25,21,14,0,13,7,FALSE,0,FALSE
160.71725,4.529,4.366,3.595,3.557,22.779,20,18,1,2990867,73,73,72,72,102,102,100,99,20.166,20.146,22.23,22.199,3355.197,100923,30185,0,550,7584,12,2,0,0,0,25,21,14,0,13,7,FALSE,0,FALSE
161.21873,4.55,4.39,3.628,3.594,22.777,20,18,1,3024233,74,75,78,80,102,102,100,99,20.165,20.146,22.231,22.2,3391.283,100923,30185,0,550,7584,12,2,0,0,0,25,21,14,0,13,7,FALSE,0,FALSE
161.71875,4.565,4.411,3.649,3.615,22.776,20,18,1,3052943,73,76,76,78,102,102,100,100,20.167,20.148,22.236,22.206,3419.386,100923,30185,0,550,7584,12,2,0,0,0,25,21,14,0,13,7,FALSE,0,FALSE
162.21779,4.585,4.439,3.68,3.653,22.776,20,18,1,3074961.5,75,79,80,85,102,102,100,100,20.169,20.153,22.242,22.214,3442.513,100923,30185,0,600,7650,12,2,0,0,0,25,21,14,0,13,7,FALSE,0,FALSE
162.72069,4.604,4.467,3.722,3.702,22.772,20,18,1,3084470.5,75,83,87,89,102,102,100,100,20.172,20.159,22.25,22.224,3466.442,100923,30185,0,600,7650,12,2,0,0,0,25,21,14,0,13,7,FALSE,0,FALSE
163.21791,4.636,4.506,3.753,3.746,22.766,20,18,1,3091400.2,82,86,84,92,102,102,100,100,20.176,20.166,22.256,22.234,3492.032,100923,30185,0,650,7684,12,2,0,0,0,25,21,14,0,13,7,FALSE,0,FALSE
163.72023,4.658,4.535,3.78,3.777,22.756,20,18,1,3098105.2,78,83,81,86,102,102,100,100,20.18,20.173,22.262,22.243,3515.193,100923,30185,0,650,7684,12,2,0,0,0,25,21,14,0,13,7,FALSE,0,FALSE
164.2197,4.687,4.571,3.809,3.812,22.745,20,18,1,3104556.5,79,85,80,85,102,102,101,100,20.183,20.179,22.266,22.25,3537.817,100923,30185,0,650,7684,12,2,0,0,0,25,21,14,0,13,7,FALSE,0,FALSE
164.71533,4.722,4.612,3.836,3.843,22.733,20,18,1,3110516.5,81,86,80,84,102,102,101,100,20.187,20.186,22.27,22.256,3560.642,100923,30185,0,617,7667,12,2,0,0,0,25,21,14,0,13,7,FALSE,0,FALSE
165.21692,4.751,4.647,3.859,3.868,22.721,20,18,1,3118120.8,78,83,77,80,102,102,101,100,20.191,20.192,22.273,22.26,3585.52,100923,30185,0,617,7667,12,2,0,0,0,25,21,14,0,13,7,FALSE,0,FALSE
165.71936,4.783,4.684,3.883,3.894,22.707,20,18,1,3111561.2,78,82,77,80,103,103,101,101,20.193,20.196,22.274,22.263,3613.126,100923,30185,0,650,7716,12,2,0,0,0,25,21,14,0,13,7,FALSE,0,FALSE
166.21736,4.812,4.72,3.908,3.92,22.694,20,18,1,3104679.2,78,82,77,79,103,103,101,101,20.195,20.2,22.275,22.265,3640.859,100923,30185,0,683,7716,12,2,0,0,0,25,21,14,0,13,7,FALSE,0,FALSE
166.7152,4.833,4.745,3.924,3.935,22.681,20,18,1,3102296.5,74,78,74,75,103,103,101,101,20.195,20.202,22.275,22.265,3671.64,100923,30185,0,683,7716,12,2,0,0,0,25,21,14,0,13,7,FALSE,0,FALSE
167.2202,4.844,4.758,3.928,3.939,22.667,20,18,1,3093595.8,71,73,71,70,103,103,101,101,20.194,20.202,22.273,22.263,3705.445,100923,30185,0,700,7733,12,2,0,0,0,25,21,14,0,13,7,FALSE,0,FALSE
167.71863,4.858,4.77,3.938,3.949,22.654,20,18,1,3085243.8,75,74,75,73,102,103,101,100,20.192,20.2,22.27,22.26,3737.968,100923,30185,0,717,7733,12,2,0,0,0,25,21,14,0,13,7,FALSE,0,FALSE
168.21814,4.898,4.803,3.978,3.986,22.64,20,18,1,3076603.8,81,77,82,78,102,103,101,100,20.192,20.199,22.27,22.258,3771.816,100923,30185,0,717,7767,12,2,0,0,0,25,21,14,0,13,7,FALSE,0,FALSE
168.71841,4.95,4.846,4.04,4.042,22.627,20,18,1,3073345.2,84,80,87,83,103,103,101,100,20.194,20.199,22.271,22.258,3807.179,100923,30185,0,717,7767,12,2,0,0,0,25,21,14,0,13,7,FALSE,0,FALSE
169.22029,5.003,4.89,4.103,4.1,22.613,20,18,1,3064417.2,83,79,87,83,103,103,101,100,20.196,20.199,22.272,22.258,3844.921,100923,30185,0,750,7783,12,2,0,0,0,25,21,14,0,13,7,FALSE,0,FALSE
169.71872,5.061,4.938,4.181,4.169,22.6,20,18,1,3056065.2,84,80,90,85,103,103,101,100,20.198,20.199,22.274,22.258,3880.679,100923,30185,0,750,7783,12,2,0,0,0,25,21,14,0,13,7,FALSE,0,FALSE
170.21843,5.12,4.987,4.252,4.233,22.587,20,18,1,3047425.2,84,80,87,83,103,103,101,100,20.2,20.199,22.275,22.257,3917.525,100923,30185,0,767,7783,12,2,0,0,0,25,21,14,0,13,7,FALSE,0,FALSE
170.71935,5.166,5.025,4.301,4.279,22.572,20,18,1,3038497.2,81,77,82,79,103,103,101,100,20.2,20.197,22.274,22.255,3954.799,100923,30185,0,783,7784,12,2,0,0,0,25,21,14,0,13,7,FALSE,0,FALSE
171.21614,5.191,5.045,4.317,4.295,22.559,20,18,1,3030145.2,74,73,74,72,103,103,101,100,20.198,20.194,22.271,22.25,3989.93,100923,30185,0,783,7784,12,2,0,0,0,25,21,14,0,13,7,FALSE,0,FALSE
171.71774,5.202,5.054,4.322,4.3,22.547,20,18,1,3032861.5,71,71,70,70,103,102,101,100,20.193,20.189,22.264,22.243,4027.1,100923,30185,40307,784,7800,12,2,0,0,0,25,21,14,0,13,7,FALSE,0,FALSE
172.2168,5.223,5.071,4.345,4.323,22.546,20,18,1,3064300.8,77,74,77,75,102,102,101,100,20.191,20.186,22.262,22.241,4059.242,100923,30185,40307,784,7800,12,2,0,0,0,25,21,14,0,13,7,FALSE,0,FALSE
172.7172,5.26,5.099,4.39,4.365,22.546,20,18,1,3093385.2,81,76,86,82,103,102,101,100,20.195,20.187,22.267,22.245,4085.441,100923,30185,40307,800,7800,12,2,0,0,0,25,21,14,0,13,7,FALSE,0,FALSE
173.217,5.295,5.124,4.451,4.414,22.546,20,18,1,3116626,83,77,96,87,103,102,101,100,20.2,20.19,22.275,22.251,4107.976,100923,30185,40307,800,7817,12,2,0,0,0,25,21,14,0,13,7,FALSE,0,FALSE
173.71701,5.318,5.142,4.513,4.46,22.544,20,18,1,3127938,81,76,99,89,103,102,101,100,20.205,20.192,22.286,22.258,4128.462,100923,30185,40307,800,7783,12,2,0,0,0,25,21,14,0,13,7,FALSE,0,FALSE
174.21613,5.341,5.16,4.57,4.501,22.539,20,18,1,3134858.8,81,77,101,89,103,103,101,101,20.208,20.194,22.298,22.265,4151.401,100923,30185,40307,750,7783,12,2,0,0,0,25,21,14,0,13,7,FALSE,0,FALSE
174.71709,5.37,5.183,4.613,4.533,22.531,20,18,1,3141522.2,84,79,94,85,103,103,101,101,20.213,20.196,22.309,22.272,4173.042,100923,30185,40307,750,7783,12,2,0,0,0,25,21,14,0,13,7,FALSE,0,FALSE
175.21956,5.394,5.203,4.632,4.548,22.521,20,18,1,3148136.8,80,76,83,77,103,103,101,101,20.217,20.198,22.315,22.274,4194.433,100923,30185,40307,733,7783,12,2,0,0,0,25,21,14,0,13,7,FALSE,0,FALSE
175.71613,5.415,5.223,4.639,4.555,22.509,20,18,1,3148339.8,79,77,75,72,103,103,101,101,20.219,20.199,22.316,22.274,4216.087,100923,30185,40307,733,7783,12,2,0,0,0,25,21,14,0,13,7,FALSE,0,FALSE
176.21951,5.43,5.237,4.641,4.557,22.496,20,18,1,3148194.2,75,74,71,70,103,103,101,101,20.22,20.2,22.315,22.272,4242.334,100923,30185,40307,767,7817,12,2,0,0,0,25,21,14,0,13,7,FALSE,0,FALSE
176.719,5.441,5.246,4.641,4.557,22.482,20,18,1,3141753,74,72,70,70,103,103,101,101,20.219,20.198,22.312,22.269,4270.083,100923,30185,40307,767,7817,12,2,0,0,0,25,21,14,0,13,7,FALSE,0,FALSE
177.21823,5.453,5.255,4.641,4.557,22.469,20,18,1,3134594.5,73,72,70,70,103,103,101,101,20.218,20.197,22.308,22.266,4298.935,100923,30185,40307,784,7834,12,2,0,0,0,25,21,14,0,13,7,FALSE,0,FALSE
177.71947,5.461,5.263,4.641,4.557,22.455,20,18,1,3131584.2,72,72,70,70,103,103,101,101,20.216,20.194,22.304,22.262,4331.507,100923,30185,40307,783,7834,12,2,0,0,0,25,21,14,0,13,7,FALSE,0,FALSE
178.21829,5.467,5.27,4.641,4.557,22.442,20,18,1,3123235.2,72,72,70,70,103,102,101,100,20.213,20.191,22.3,22.258,4363.514,100923,30185,40307,783,7816,12,2,0,0,0,25,21,14,0,13,7,FALSE,0,FALSE
178.71634,5.474,5.277,4.641,4.557,22.428,20,18,1,3114595.2,72,72,70,70,103,102,101,100,20.209,20.188,22.295,22.253,4398.051,100923,30185,40307,783,7816,12,2,0,0,0,25,21,14,0,13,7,FALSE,0,FALSE
179.21649,5.48,5.283,4.641,4.557,22.416,20,18,1,3111331.2,71,71,70,70,103,102,101,100,20.206,20.185,22.289,22.248,4433.717,100923,30185,40307,800,7816,12,2,0,0,0,25,21,14,0,13,7,FALSE,0,FALSE
179.71959,5.486,5.289,4.641,4.557,22.401,20,18,1,3102403.2,72,72,70,70,103,102,101,100,20.201,20.18,22.283,22.242,4471.691,100923,30185,40307,800,7834,12,2,0,0,0,25,21,14,0,13,7,FALSE,0,FALSE
180.21584,5.492,5.295,4.641,4.557,22.388,20,18,1,3094051.2,72,72,71,70,103,102,101,100,20.197,20.176,22.277,22.236,4508.21,100923,30185,40307,800,7834,12,2,0,0,0,25,21,14,0,13,7,FALSE,0,FALSE
180.71956,5.498,5.301,4.641,4.557,22.374,20,18,1,3085123.2,72,72,71,71,102,102,101,100,20.192,20.171,22.27,22.229,4548.22,100923,30185,40307,817,7834,12,2,0,0,0,25,21,14,0,13,7,FALSE,0,FALSE
181.2152,5.504,5.307,4.641,4.557,22.36,20,18,1,3076771.2,72,72,71,71,102,102,101,100,20.187,20.167,22.263,22.223,4586.458,100923,30185,40307,817,7833,12,2,0,0,0,25,21,14,0,13,7,FALSE,0,FALSE
181.71973,5.51,5.313,4.641,4.557,22.346,20,18,1,3067843.2,73,73,71,71,102,102,100,100,20.182,20.162,22.256,22.216,4628.099,100923,30185,40307,817,7833,12,2,0,0,0,25,21,14,0,13,7,FALSE,0,FALSE
182.21843,5.515,5.318,4.641,4.557,22.334,20,18,1,3064977.5,73,73,71,71,102,102,100,100,20.177,20.157,22.249,22.209,4667.614,100923,30185,40307,833,7816,12,2,0,0,0,25,21,14,0,13,7,FALSE,0,FALSE
182.71802,5.52,5.324,4.641,4.557,22.32,20,18,1,3056337.5,73,73,72,72,102,102,100,99,20.171,20.151,22.241,22.201,4708.935,100923,30185,40307,833,7816,12,2,0,0,0,25,21,14,0,13,7,FALSE,0,FALSE
183.21893,5.526,5.33,4.641,4.557,22.306,20,18,1,3047409.5,73,73,72,72,102,102,100,99,20.165,20.145,22.232,22.193,4752.113,100923,30185,40307,833,7800,12,2,0,0,0,25,21,14,0,13,7,FALSE,0,FALSE
184.21788,5.544,5.348,4.658,4.573,22.282,20,18,1,3050869.8,74,73,76,76,102,101,100,99,20.154,20.135,22.219,22.179,4834.113,100923,30185,40307,833,7800,12,2,0,0,0,25,21,14,0,13,7,FALSE,0,FALSE
184.71884,5.564,5.368,4.683,4.597,22.281,20,18,1,3083056.2,74,74,76,76,102,101,100,99,20.154,20.135,22.222,22.183,4867.207,100923,30185,40307,833,7783,12,2,0,0,0,25,21,14,0,13,7,FALSE,0,FALSE
185.21837,5.575,5.378,4.694,4.607,22.28,20,18,1,3109780.2,73,71,75,74,102,101,100,99,20.156,20.136,22.227,22.188,4893.191,100923,30185,40307,817,7800,12,2,0,0,0,25,21,14,0,13,7,FALSE,0,FALSE
185.71928,5.603,5.399,4.742,4.645,22.28,20,18,1,3131555.5,80,75,90,83,102,101,100,99,20.16,20.139,22.235,22.195,4915.05,100923,30185,40307,817,7800,12,2,0,0,0,25,21,14,0,13,7,FALSE,0,FALSE
186.21803,5.624,5.414,4.795,4.686,22.28,20,18,1,3146076,79,74,97,87,102,102,100,100,20.166,20.142,22.247,22.204,4932.376,100923,30185,40307,817,7800,12,2,0,0,0,25,21,14,0,13,7,FALSE,0,FALSE
186.71446,5.64,5.427,4.847,4.719,22.275,20,18,1,3152689.2,79,75,100,88,102,102,100,100,20.17,20.145,22.262,22.213,4956.459,100923,30185,40307,733,7767,12,2,0,0,0,25,21,14,0,13,7,FALSE,0,FALSE
187.21478,5.664,5.446,4.869,4.736,22.269,20,18,1,3159175.5,81,77,88,80,102,102,101,100,20.176,20.149,22.273,22.221,4973.235,100923,30185,40307,733,7767,12,2,0,0,0,25,21,14,0,13,7,FALSE,0,FALSE
187.71227,5.678,5.459,4.878,4.744,22.26,20,18,1,3164197.5,77,75,79,74,102,102,101,100,20.18,20.152,22.28,22.225,4991.99,100923,30185,40307,733,7767,12,2,0,0,0,25,21,14,0,13,7,FALSE,0,FALSE
188.21812,5.704,5.484,4.886,4.751,22.248,20,18,1,3163646.5,82,80,75,72,102,102,101,100,20.184,20.155,22.283,22.227,5012.333,100923,30185,40307,700,7734,12,2,0,0,0,25,21,14,0,13,7,FALSE,0,FALSE
188.71799,5.735,5.515,4.892,4.757,22.234,20,18,1,3159618.2,80,78,73,71,102,102,101,100,20.19,20.16,22.285,22.228,5034.667,100923,30185,40307,700,7734,12,2,0,0,0,25,21,14,0,13,7,FALSE,0,FALSE
189.21745,5.754,5.531,4.899,4.764,22.222,20,18,1,3159444.8,76,75,73,70,102,102,101,100,20.192,20.162,22.286,22.229,5059.911,100923,30185,40307,750,7733,12,2,0,0,0,25,21,14,0,13,7,FALSE,0,FALSE
189.71458,5.763,5.54,4.899,4.764,22.208,20,18,1,3152736.8,73,72,70,70,103,102,101,100,20.193,20.162,22.285,22.228,5088.111,100923,30185,40307,750,7733,12,2,0,0,0,25,21,14,0,13,7,FALSE,0,FALSE
190.21634,5.771,5.548,4.899,4.764,22.195,20,18,1,3150505.5,72,72,70,70,102,102,101,100,20.192,20.161,22.283,22.226,5118.482,100923,30185,40307,766,7733,12,2,0,0,0,25,21,14,0,13,7,FALSE,0,FALSE
190.71616,5.778,5.556,4.899,4.764,22.181,20,18,1,3142108.5,73,72,70,71,102,102,101,100,20.191,20.16,22.281,22.224,5150.457,100923,30185,40307,767,7733,12,2,0,0,0,25,21,14,0,13,7,FALSE,0,FALSE
191.21649,5.785,5.563,4.899,4.764,22.167,20,18,1,3133468.5,72,72,70,70,102,102,101,100,20.189,20.158,22.278,22.222,5184.025,100923,30185,40307,767,7733,12,2,0,0,0,25,21,14,0,13,7,FALSE,0,FALSE
191.71513,5.792,5.569,4.899,4.764,22.154,20,18,1,3124828.5,72,72,70,71,102,102,101,100,20.187,20.157,22.274,22.219,5219.039,100923,30185,40307,767,7750,12,2,0,0,0,25,21,14,0,13,7,FALSE,0,FALSE
192.21465,5.798,5.575,4.899,4.764,22.141,20,18,1,3121628.5,72,72,71,70,102,102,101,100,20.185,20.154,22.271,22.215,5255.126,100923,30185,40307,800,7750,12,2,0,0,0,25,21,14,0,13,7,FALSE,0,FALSE
192.71756,5.804,5.581,4.899,4.764,22.127,20,18,1,3112988.5,72,72,71,71,102,102,101,100,20.182,20.152,22.266,22.211,5292.245,100923,30185,40307,816,7766,12,2,0,0,0,25,21,14,0,13,7,FALSE,0,FALSE
193.21432,5.81,5.587,4.899,4.764,22.113,20,18,1,3104348.5,72,72,71,71,102,102,100,100,20.179,20.149,22.261,22.207,5330.322,100923,30185,40307,816,7750,12,2,0,0,0,25,21,14,0,13,7,FALSE,0,FALSE
193.71619,5.816,5.593,4.899,4.764,22.099,20,18,1,3095708.5,72,72,71,71,102,102,100,99,20.175,20.145,22.256,22.202,5369.244,100923,30185,40307,833,7750,12,2,0,0,0,25,21,14,0,13,7,FALSE,0,FALSE
194.20703,5.822,5.599,4.899,4.764,22.086,20,18,1,3087068.5,72,72,71,71,102,102,100,99,20.171,20.142,22.25,22.196,5408.866,100923,30185,40307,850,7750,12,2,0,0,0,25,21,14,0,13,7,FALSE,0,FALSE
194.7143,5.827,5.604,4.899,4.764,22.073,20,18,2,3083773.8,72,72,71,71,102,101,100,99,20.167,20.138,22.244,22.19,40.229,93276,0,0,883,7767,12,3,0,0,0,25,21,14,0,13,7,FALSE,0,FALSE
195.21037,5.833,5.609,4.899,4.764,22.059,20,18,2,3075133.8,72,72,71,71,102,101,100,99,20.162,20.133,22.237,22.184,80.909,93276,0,0,883,7767,12,3,0,0,0,25,21,14,0,13,7,FALSE,0,FALSE
195.7165,5.838,5.615,4.899,4.764,22.046,20,18,2,3066493.8,73,73,71,71,102,101,100,99,20.158,20.128,22.23,22.177,122.04,93276,0,0,917,7750,12,3,0,0,0,25,21,14,0,13,7,FALSE,0,FALSE
196.21552,5.844,5.62,4.899,4.764,22.032,20,18,2,3057853.8,73,73,71,71,102,101,100,99,20.152,20.124,22.223,22.17,163.606,93276,0,0,934,7750,12,3,0,0,0,25,21,14,0,13,7,FALSE,0,FALSE
196.7169,5.849,5.626,4.899,4.764,22.018,20,18,2,3049213.8,73,73,71,71,102,101,100,99,20.147,20.118,22.215,22.163,205.551,93276,0,0,983,7750,12,3,0,0,0,25,21,14,0,13,7,FALSE,0,FALSE
197.21709,5.855,5.631,4.899,4.764,22.004,20,18,2,3040573.8,72,71,70,70,102,101,100,99,20.141,20.113,22.207,22.155,247.833,93276,0,0,1017,7717,12,3,0,0,0,25,21,14,0,13,7,FALSE,0,FALSE
197.71736,5.86,5.637,4.899,4.764,21.99,20,18,2,3031933.8,73,73,71,71,101,101,99,99,20.135,20.107,22.199,22.147,290.39,93276,0,0,1050,7717,12,3,0,0,0,25,21,14,0,13,7,FALSE,0,FALSE
198.21507,5.866,5.642,4.899,4.764,21.976,20,18,2,3023293.8,73,73,72,71,101,101,99,98,20.129,20.101,22.191,22.139,333.224,93276,0,0,1083,7717,12,3,0,0,0,25,21,14,0,13,7,FALSE,0,FALSE
198.71411,5.872,5.648,4.899,4.764,21.963,20,18,2,3014653.8,73,73,71,71,101,101,99,98,20.122,20.094,22.182,22.13,376.284,93276,0,0,1083,7717,12,3,0,0,0,25,21,14,0,13,7,FALSE,0,FALSE
199.21808,5.877,5.654,4.899,4.764,21.949,20,18,2,3006013.8,73,73,71,71,101,101,99,98,20.116,20.088,22.173,22.122,419.521,93276,0,0,1117,7717,12,3,0,0,0,25,21,14,0,13,7,FALSE,0,FALSE
199.71501,5.883,5.659,4.899,4.764,21.935,20,18,2,2997373.8,73,73,71,71,101,100,99,98,20.109,20.081,22.164,22.113,462.914,93276,0,0,1167,7700,12,3,0,0,0,25,21,14,0,13,7,FALSE,0,FALSE
200.21652,5.888,5.665,4.899,4.764,21.921,20,18,2,2988733.8,73,73,71,71,101,100,99,98,20.101,20.074,22.154,22.104,506.464,93276,0,0,1167,7700,12,3,0,0,0,25,21,14,0,13,7,FALSE,0,FALSE
200.71448,5.894,5.67,4.899,4.764,21.907,20,18,2,2980093.8,73,73,71,71,101,100,99,98,20.094,20.067,22.145,22.095,550.148,93276,0,0,1167,7684,12,3,0,0,0,25,21,14,0,13,7,FALSE,0,FALSE
201.21564,5.899,5.675,4.899,4.764,21.894,20,18,2,2972536.8,72,73,71,71,101,100,98,98,20.086,20.059,22.135,22.085,593.911,93276,0,0,1216,7684,12,3,0,0,0,25,21,14,0,13,7,FALSE,0,FALSE
201.71736,5.924,5.696,4.929,4.797,21.89,20,18,2,3005938.8,74,75,77,76,100,100,98,98,20.083,20.057,22.135,22.085,632.753,93276,0,0,1216,7650,12,3,0,0,0,25,21,14,0,13,7,FALSE,0,FALSE
202.21265,5.949,5.715,4.95,4.82,21.889,20,18,2,3035440.5,74,74,75,75,100,100,98,98,20.085,20.058,22.14,22.091,662.505,93276,0,0,1250,7650,12,3,0,0,0,25,21,14,0,13,7,FALSE,0,FALSE
202.71735,5.963,5.727,4.957,4.828,21.888,20,18,2,3059090.8,73,72,73,72,101,100,99,98,20.088,20.062,22.146,22.097,685.102,93276,0,0,1250,7717,12,3,0,0,0,25,21,14,0,13,7,FALSE,0,FALSE
203.21425,5.967,5.731,4.96,4.831,21.888,20,18,2,3079305.2,71,70,71,71,101,100,99,98,20.091,20.064,22.151,22.102,702.86,93276,0,0,1250,7717,12,3,0,0,0,25,21,14,0,13,7,FALSE,0,FALSE
203.714,5.973,5.735,4.969,4.839,21.888,20,18,2,3093905.2,71,69,74,72,101,100,99,98,20.093,20.066,22.157,22.107,716.935,93276,0,0,1250,7883,12,3,0,0,0,25,21,14,0,13,7,FALSE,0,FALSE
204.21646,5.983,5.742,4.984,4.85,21.888,20,18,2,3102039.8,74,70,78,74,101,100,99,98,20.096,20.068,22.163,22.112,728.521,93276,0,0,1300,7883,12,3,0,0,0,25,21,14,0,13,7,FALSE,0,FALSE
204.71518,5.992,5.75,5.014,4.867,21.888,20,18,2,3112817,74,72,89,77,101,100,99,98,20.1,20.071,22.172,22.118,745.826,93276,0,0,1300,7883,12,3,0,0,0,25,21,14,0,13,7,FALSE,0,FALSE
205.21945,6,5.756,5.036,4.884,21.887,20,18,2,3117896.2,75,72,90,80,101,100,99,98,20.104,20.074,22.184,22.126,761.291,93276,0,0,1300,7883,12,3,0,0,0,25,21,14,0,13,7,FALSE,0,FALSE
205.71835,6.009,5.763,5.042,4.889,21.884,20,18,2,3122557.8,76,72,84,77,101,100,99,98,20.108,20.077,22.194,22.133,770.481,93276,0,0,1300,7834,12,3,0,0,0,25,21,14,0,13,7,FALSE,0,FALSE
206.21681,6.016,5.772,5.043,4.89,21.877,20,18,2,3125024,75,74,77,72,101,100,99,98,20.112,20.079,22.201,22.138,781.63,93276,0,0,1300,7834,12,3,0,0,0,25,21,14,0,13,7,FALSE,0,FALSE
206.71533,6.028,5.789,5.043,4.89,21.869,20,18,2,3127385.2,76,77,72,70,101,100,100,98,20.116,20.084,22.205,22.141,795.276,93276,0,0,950,7834,12,3,0,0,0,25,21,14,0,13,7,FALSE,0,FALSE
207.21295,6.039,5.801,5.045,4.892,21.858,20,18,2,3132284,75,76,70,70,101,101,100,98,20.12,20.088,22.207,22.143,811.766,93276,0,0,950,7834,12,3,0,0,0,25,21,14,0,13,7,FALSE,0,FALSE
207.71396,6.051,5.815,5.055,4.904,21.85,20,18,2,3142433.5,75,76,71,75,101,101,100,99,20.123,20.092,22.208,22.145,830.069,93276,0,0,966,7834,12,3,0,0,0,25,21,14,0,13,7,FALSE,0,FALSE
208.2152,6.068,5.835,5.068,4.919,21.841,20,18,2,3148749.2,77,79,75,78,101,101,100,99,20.125,20.096,22.21,22.149,856.356,93276,0,0,966,7866,12,3,0,0,0,25,21,14,0,13,7,FALSE,0,FALSE
208.71667,6.087,5.858,5.079,4.931,21.83,20,18,2,3154703.2,75,79,73,75,101,101,100,99,20.128,20.101,22.212,22.153,877.378,93276,0,0,966,7883,12,3,0,0,0,25,21,14,0,13,7,FALSE,0,FALSE
209.2178,6.118,5.888,5.087,4.938,21.817,20,18,2,3150192,79,82,72,73,101,101,100,99,20.132,20.106,22.213,22.154,900.585,93276,0,0,933,7883,12,3,0,0,0,25,21,14,0,13,7,FALSE,0,FALSE
209.71523,6.131,5.902,5.089,4.94,21.804,20,18,2,3150011.5,74,74,70,71,101,101,100,99,20.134,20.109,22.213,22.155,926.731,93276,0,0,933,7883,12,3,0,0,0,25,21,14,0,13,7,FALSE,0,FALSE
210.21901,6.147,5.918,5.095,4.945,21.79,20,18,2,3143195.2,74,74,72,70,101,101,100,99,20.135,20.11,22.212,22.154,957.197,93276,0,0,767,7883,12,3,0,0,0,25,21,14,0,13,7,FALSE,0,FALSE
210.71362,6.164,5.933,5.105,4.955,21.776,20,18,2,3135975.5,76,73,74,72,101,101,100,99,20.136,20.111,22.211,22.153,986.809,93276,0,0,767,7950,12,3,0,0,0,25,21,14,0,13,7,FALSE,0,FALSE
211.21402,6.183,5.948,5.115,4.965,21.764,20,18,2,3133290.2,74,72,73,71,101,101,100,99,20.136,20.11,22.21,22.152,1017.809,93276,0,0,667,7950,12,3,0,0,0,25,21,14,0,13,7,FALSE,0,FALSE
211.71497,6.195,5.957,5.118,4.969,21.75,20,18,2,3124673.2,73,71,71,70,101,101,100,99,20.136,20.109,22.208,22.149,1050.629,93276,0,0,650,7967,12,3,0,0,0,25,21,14,0,13,7,FALSE,0,FALSE
212.2144,6.204,5.965,5.118,4.969,21.736,20,18,2,3098075.8,72,72,70,69,101,101,100,99,20.134,20.107,22.204,22.146,1084.973,93276,0,0,650,7967,12,3,0,0,0,25,21,14,0,13,7,FALSE,0,FALSE
213.21661,6.22,5.982,5.118,4.969,21.709,20,18,2,2988365,72,72,70,70,101,101,99,98,20.129,20.103,22.195,22.138,1157.923,93276,0,0,617,7950,12,3,0,0,0,25,21,14,0,13,7,FALSE,0,FALSE
213.71489,6.228,5.99,5.118,4.969,21.696,20,18,2,2930750,72,72,70,70,101,101,99,98,20.126,20.1,22.19,22.133,1196.413,93276,0,0,617,7950,12,3,0,0,0,25,21,14,0,13,7,FALSE,0,FALSE
214.21663,6.236,5.998,5.118,4.969,21.682,20,18,2,2873135,72,72,71,70,101,101,99,98,20.123,20.097,22.185,22.128,1236.075,93276,0,0,617,7950,12,3,0,0,0,25,21,14,0,13,7,FALSE,0,FALSE
214.71895,6.241,6.003,5.118,4.969,21.669,20,18,2,2861509.8,72,72,71,70,101,101,99,98,20.119,20.093,22.179,22.122,1277.833,93276,0,0,600,7883,12,3,0,0,0,25,21,14,0,13,7,FALSE,0,FALSE
215.2152,6.246,6.009,5.118,4.969,21.655,20,18,2,2853157.8,72,72,71,70,101,101,99,98,20.115,20.09,22.173,22.116,1317.434,93276,0,0,600,7883,12,3,0,0,0,25,21,14,0,13,7,FALSE,0,FALSE
215.71588,6.252,6.014,5.118,4.969,21.642,20,18,2,2844517.8,72,72,71,70,101,101,99,98,20.111,20.085,22.166,22.11,1358.921,93276,0,0,634,7850,12,3,0,0,0,25,21,14,0,13,7,FALSE,0,FALSE
216.21684,6.257,6.02,5.118,4.969,21.628,20,18,2,2837299,72,72,71,71,101,100,99,98,20.106,20.081,22.159,22.103,1400.892,93276,0,0,634,7850,12,3,0,0,0,25,21,14,0,13,7,FALSE,0,FALSE
217.21577,6.293,6.055,5.166,5.001,21.623,20,18,2,2899170.5,74,74,76,72,101,100,99,98,20.106,20.082,22.164,22.108,1468.575,93276,0,0,633,7800,12,3,0,0,0,25,21,14,0,13,7,FALSE,0,FALSE
217.71596,6.307,6.066,5.181,5.016,21.623,20,18,2,2925544.5,75,72,77,75,101,100,99,98,20.109,20.084,22.169,22.112,1493.39,93276,0,0,700,7800,12,3,0,0,0,25,21,14,0,13,7,FALSE,0,FALSE
218.21541,6.334,6.086,5.226,5.052,21.623,20,18,2,2947156.2,80,75,90,83,101,101,99,98,20.115,20.088,22.178,22.119,1513.062,93276,0,0,700,7883,12,3,0,0,0,25,21,14,0,13,7,FALSE,0,FALSE
218.71626,6.355,6.099,5.273,5.093,21.623,20,18,2,2960803,81,73,95,89,101,101,99,98,20.122,20.092,22.19,22.129,1533.479,93276,0,0,700,7883,12,3,0,0,0,25,21,14,0,13,7,FALSE,0,FALSE
219.71638,6.385,6.122,5.348,5.147,21.616,20,18,2,2974015,78,74,93,84,101,101,100,99,20.133,20.099,22.216,22.149,1575.45,93276,0,0,683,7883,12,3,0,0,0,25,21,14,0,13,7,FALSE,0,FALSE
220.21419,6.402,6.135,5.366,5.16,21.611,20,18,2,2980186,79,74,85,78,101,101,100,99,20.138,20.102,22.226,22.156,1591.698,93276,0,0,683,7883,12,3,0,0,0,25,21,14,0,13,7,FALSE,0,FALSE
220.71365,6.418,6.149,5.375,5.169,21.602,20,18,2,2984948.5,78,75,79,74,102,101,100,99,20.143,20.105,22.232,22.16,1607.937,93276,0,0,683,7883,12,3,0,0,0,25,21,14,0,13,7,FALSE,0,FALSE
221.21286,6.441,6.17,5.383,5.176,21.592,20,18,2,2988163.8,80,77,75,72,102,101,100,99,20.148,20.108,22.235,22.163,1627.196,93276,0,0,533,7883,12,3,0,0,0,25,21,14,0,13,7,FALSE,0,FALSE
221.71516,6.454,6.182,5.384,5.177,21.579,20,18,2,2984539.5,76,75,71,69,102,101,100,99,20.152,20.111,22.237,22.163,1648.975,93276,0,0,533,7950,12,3,0,0,0,25,21,14,0,13,7,FALSE,0,FALSE
222.2185,6.471,6.199,5.384,5.177,21.566,20,18,2,2980271,74,74,69,68,102,101,100,99,20.154,20.114,22.236,22.163,1673.415,93276,0,0,383,7950,12,3,0,0,0,25,21,14,0,13,7,FALSE,0,FALSE
222.71492,6.482,6.211,5.384,5.177,21.553,20,18,2,2979713.8,72,72,68,68,102,101,100,99,20.154,20.115,22.235,22.162,1700.544,93276,0,0,383,7950,12,3,0,0,0,25,21,14,0,13,7,FALSE,0,FALSE
223.21385,6.491,6.221,5.387,5.18,21.539,20,18,2,2972623,72,73,70,71,102,101,100,99,20.154,20.115,22.233,22.16,1729.629,93276,0,0,283,7967,12,3,0,0,0,25,21,14,0,13,7,FALSE,0,FALSE
223.71542,6.506,6.24,5.399,5.191,21.526,20,18,2,2970178,73,75,72,73,102,101,100,99,20.154,20.116,22.231,22.16,1760.663,93276,0,0,283,7967,12,3,0,0,0,25,21,14,0,13,7,FALSE,0,FALSE
224.21333,6.527,6.266,5.417,5.209,21.513,20,18,2,2961616.2,74,76,73,75,102,101,100,99,20.153,20.117,22.229,22.159,1793.215,93276,0,0,217,7967,12,3,0,0,0,25,21,14,0,13,7,FALSE,0,FALSE
224.71504,6.542,6.284,5.427,5.219,21.499,20,18,2,2955947.5,72,73,74,70,102,101,100,99,20.153,20.118,22.228,22.158,1828.343,93276,30166,0,167,7967,12,3,0,0,0,25,21,14,0,13,7,FALSE,0,FALSE
225.21672,6.569,6.297,5.492,5.247,21.498,20,18,2,2986595,75,72,82,76,102,101,100,99,20.153,20.117,22.229,22.157,1860.997,93276,30166,0,167,7984,12,3,0,0,0,25,21,14,0,13,7,FALSE,0,FALSE
225.71077,6.617,6.333,5.575,5.313,21.498,20,18,2,3015854,84,79,98,89,102,101,100,99,20.157,20.119,22.236,22.162,1888.164,93276,30166,0,167,7984,12,3,0,0,0,25,21,14,0,13,7,FALSE,0,FALSE
226.2154,6.65,6.358,5.649,5.373,21.494,20,18,2,3031713.2,82,77,98,89,102,101,100,99,20.163,20.122,22.247,22.17,1913.386,93276,30166,0,167,7984,12,3,0,0,0,25,21,14,0,13,7,FALSE,0,FALSE
226.71014,6.686,6.386,5.704,5.417,21.486,20,18,2,3038890.2,83,77,92,85,102,101,100,99,20.168,20.126,22.256,22.176,1938.405,93276,30166,0,166,7984,12,3,0,0,0,25,21,14,0,13,7,FALSE,0,FALSE
227.21423,6.717,6.41,5.731,5.439,21.477,20,18,2,3045637,80,75,81,76,102,101,100,99,20.173,20.128,22.261,22.18,1962.839,93276,30166,0,166,8033,12,3,0,0,0,25,21,14,0,13,7,FALSE,0,FALSE
227.71733,6.733,6.426,5.737,5.444,21.464,20,18,2,3047143.8,74,74,72,73,102,101,100,99,20.175,20.129,22.261,22.179,1989.176,93276,30166,0,284,8033,12,3,0,0,0,25,21,14,0,13,7,FALSE,0,FALSE
228.21402,6.757,6.457,5.768,5.483,21.454,20,18,2,3052209,75,80,78,82,102,101,100,99,20.175,20.131,22.26,22.18,2018.45,93276,30166,0,284,8033,12,3,0,0,0,25,21,14,0,13,7,FALSE,0,FALSE
228.71443,6.791,6.498,5.822,5.553,21.444,20,18,2,3057252.2,78,82,85,92,102,101,100,99,20.177,20.134,22.262,22.185,2048.424,93276,30166,0,300,8217,12,3,0,0,0,25,21,14,0,13,7,FALSE,0,FALSE
229.21364,6.833,6.549,5.876,5.62,21.432,20,18,2,3061973.2,81,85,83,90,102,101,101,99,20.179,20.139,22.264,22.191,2076.622,93276,30166,0,300,8217,12,3,0,0,0,25,21,14,0,13,7,FALSE,0,FALSE
229.71619,6.868,6.591,5.896,5.644,21.42,20,18,2,3060392.5,76,79,74,77,102,102,101,99,20.18,20.143,22.263,22.193,2105.944,93276,30166,0,367,8300,12,3,0,0,0,25,21,14,0,13,7,FALSE,0,FALSE
230.21585,6.879,6.606,5.904,5.65,21.406,20,18,2,3052355,72,75,72,72,102,102,100,99,20.178,20.143,22.259,22.19,2137.089,93276,30166,0,433,8300,12,3,0,0,0,25,21,14,0,13,7,FALSE,0,FALSE
230.71382,6.888,6.616,5.907,5.653,21.392,20,18,2,3045411.5,72,73,71,71,102,102,100,99,20.176,20.141,22.255,22.186,2169.675,93276,30166,0,433,8367,12,3,0,0,0,25,21,14,0,13,7,FALSE,0,FALSE
231.21774,6.906,6.634,5.928,5.676,21.39,20,18,2,3073674,73,73,75,75,102,102,100,99,20.175,20.141,22.256,22.188,2198.449,93276,30166,0,483,8417,12,3,0,0,0,25,21,14,0,13,7,FALSE,0,FALSE
231.71637,6.911,6.639,5.931,5.679,21.39,20,18,2,3098797,70,70,72,71,102,102,100,99,20.176,20.142,22.258,22.19,2221.479,93276,30166,0,483,8417,12,3,0,0,0,25,21,14,0,13,7,FALSE,0,FALSE
232.21683,6.92,6.646,5.942,5.69,21.39,20,18,2,3120993.2,73,71,76,74,102,102,100,99,20.177,20.143,22.261,22.193,2240.911,93276,30166,0,483,8533,12,3,0,0,0,25,21,14,0,13,7,FALSE,0,FALSE
232.71657,6.942,6.66,5.977,5.722,21.39,20,18,2,3138096.2,80,74,88,83,102,102,101,99,20.181,20.145,22.267,22.199,2255.938,93276,30166,0,483,8533,12,3,0,0,0,25,21,14,0,13,7,FALSE,0,FALSE
233.21526,6.955,6.67,6.021,5.752,21.39,20,18,2,3150439.5,78,73,98,88,102,102,101,100,20.186,20.148,22.278,22.207,2267.884,93276,30166,0,550,8533,12,3,0,0,0,25,21,14,0,13,7,FALSE,0,FALSE
233.71628,6.962,6.676,6.057,5.776,21.388,20,18,2,3157676.2,76,73,101,88,102,102,101,100,20.19,20.15,22.292,22.217,2281.546,93276,30166,0,550,8533,12,3,0,0,0,25,21,14,0,13,7,FALSE,0,FALSE
234.2123,6.974,6.685,6.074,5.789,21.384,20,18,2,3163325,78,73,94,84,103,102,101,100,20.193,20.152,22.305,22.225,2295.861,93276,30166,0,550,8533,12,3,0,0,0,25,21,14,0,13,7,FALSE,0,FALSE
234.71626,6.989,6.697,6.083,5.797,21.379,20,18,2,3169499.8,80,75,86,79,103,102,101,100,20.198,20.154,22.313,22.231,2308.473,93276,30166,0,550,8533,12,3,0,0,0,25,21,14,0,13,7,FALSE,0,FALSE
235.2103,7.001,6.71,6.087,5.8,21.371,20,18,2,3175281.8,79,76,78,74,103,102,101,100,20.202,20.157,22.319,22.234,2321.623,93276,30166,0,417,8533,12,3,0,0,0,25,21,14,0,13,7,FALSE,0,FALSE
235.7169,7.023,6.736,6.091,5.804,21.361,20,18,2,3181572.8,82,81,74,71,103,102,101,100,20.207,20.162,22.321,22.236,2336.962,93276,30166,0,417,8583,12,3,0,0,0,25,21,14,0,13,7,FALSE,0,FALSE
236.21426,7.042,6.757,6.092,5.805,21.349,20,18,2,3188902.2,79,79,71,69,103,102,102,100,20.212,20.167,22.322,22.236,2355.11,93276,30166,0,417,8583,12,3,0,0,0,25,21,14,0,13,7,FALSE,0,FALSE
236.71251,7.063,6.778,6.092,5.805,21.337,20,18,2,3191492.5,78,78,69,68,103,102,101,100,20.215,20.171,22.321,22.235,2376.361,93276,30166,0,450,8583,12,3,0,0,0,25,21,14,0,13,7,FALSE,0,FALSE
237.214,7.076,6.794,6.092,5.805,21.323,20,18,2,3174336,75,75,69,69,103,102,101,100,20.217,20.173,22.319,22.233,2400.392,93276,30166,0,450,8583,12,3,0,0,0,25,21,14,0,13,7,FALSE,0,FALSE
237.71574,7.09,6.809,6.092,5.805,21.31,20,18,2,3140333.8,74,73,69,69,103,102,101,100,20.217,20.174,22.316,22.231,2427.05,93276,30166,0,384,8517,12,3,0,0,0,25,21,14,0,13,7,FALSE,0,FALSE
238.2145,7.102,6.822,6.092,5.805,21.297,20,18,2,3093117.5,73,72,69,69,103,102,101,100,20.217,20.173,22.313,22.229,2456.133,93276,30166,0,384,8517,12,3,0,0,0,25,21,14,0,13,7,FALSE,0,FALSE
238.71487,7.111,6.83,6.092,5.805,21.284,20,18,2,3078787.8,72,71,70,69,103,102,101,100,20.216,20.172,22.31,22.226,2487.234,93276,30166,0,350,8517,12,3,0,0,0,25,21,14,0,13,7,FALSE,0,FALSE
239.2144,7.119,6.837,6.092,5.805,21.27,20,18,2,3070179.8,71,71,69,69,103,102,101,100,20.214,20.17,22.306,22.223,2519.917,93276,30166,0,350,8467,12,3,0,0,0,25,21,14,0,13,7,FALSE,0,FALSE
239.71613,7.127,6.847,6.095,5.808,21.256,20,18,2,3061539.8,71,72,70,71,103,102,101,100,20.211,20.168,22.301,22.219,2554.191,93276,30166,0,317,8467,12,3,0,0,0,25,21,14,0,13,7,FALSE,0,FALSE
240.21109,7.152,6.879,6.126,5.84,21.244,20,18,2,3058313.5,76,79,77,79,103,102,101,100,20.209,20.167,22.298,22.217,2589.643,93276,30166,0,300,8450,12,3,0,0,0,25,21,14,0,13,7,FALSE,0,FALSE
240.71246,7.185,6.92,6.169,5.882,21.232,20,18,2,3059924.2,76,79,81,82,103,102,101,100,20.208,20.168,22.296,22.217,2624.89,93276,30166,0,300,8433,12,3,0,0,0,25,21,14,0,13,7,FALSE,0,FALSE
241.20847,7.211,6.951,6.2,5.912,21.231,20,18,2,3088818.5,75,78,78,80,103,102,101,100,20.209,20.171,22.299,22.221,2656.8,93276,30166,0,283,8433,12,3,0,0,0,25,21,14,0,13,7,FALSE,0,FALSE
241.7107,7.226,6.97,6.215,5.925,21.23,20,18,2,3113682.5,73,75,75,76,103,102,101,100,20.211,20.175,22.303,22.226,2681.75,93276,30166,0,283,8500,12,3,0,0,0,25,21,14,0,13,7,FALSE,0,FALSE
242.21542,7.233,6.978,6.221,5.931,21.229,20,18,2,3134996.8,71,73,73,74,103,102,101,100,20.213,20.178,22.306,22.231,2700.74,93276,30166,0,333,8500,12,3,0,0,0,25,21,14,0,13,7,FALSE,0,FALSE
242.71248,7.237,6.984,6.227,5.937,21.229,20,18,2,3153397,70,72,72,74,103,102,101,100,20.214,20.18,22.309,22.235,2716.574,93276,30166,0,333,8500,12,3,0,0,0,25,21,14,0,13,7,FALSE,0,FALSE
243.21147,7.245,6.995,6.245,5.96,21.229,20,18,2,3168340.5,71,75,78,83,103,102,101,100,20.215,20.183,22.313,22.241,2729.655,93276,30166,0,333,8633,12,3,0,0,0,25,21,14,0,13,7,FALSE,0,FALSE
243.7116,7.252,7.004,6.267,5.994,21.229,20,18,2,3175013.2,72,74,82,93,103,102,101,100,20.217,20.187,22.319,22.25,2739.602,93276,30166,0,333,8633,12,3,0,0,0,25,21,14,0,13,7,FALSE,0,FALSE
244.71638,7.271,7.027,6.296,6.038,21.221,20,18,2,3185978.8,76,80,80,89,103,103,102,101,20.221,20.194,22.332,22.274,2771.702,93276,30166,0,417,8717,12,3,0,0,0,25,21,14,0,13,7,FALSE,0,FALSE
245.21428,7.282,7.038,6.299,6.042,21.215,20,18,2,3191243,76,78,75,80,103,103,102,101,20.224,20.199,22.336,22.282,2783.433,93276,30166,0,417,8717,12,3,0,0,0,25,21,14,0,13,7,FALSE,0,FALSE
245.71165,7.293,7.048,6.3,6.042,21.207,20,18,2,3196937,75,76,71,74,103,103,102,101,20.227,20.203,22.338,22.285,2797.917,93276,30166,0,417,8717,12,3,0,0,0,25,21,14,0,13,7,FALSE,0,FALSE
246.21577,7.307,7.063,6.301,6.043,21.196,20,18,2,3202154.2,77,77,69,71,103,103,102,101,20.229,20.206,22.338,22.287,2814.892,93276,30166,0,417,8717,12,3,0,0,0,25,21,14,0,13,7,FALSE,0,FALSE
246.71176,7.334,7.088,6.301,6.043,21.184,20,18,2,3208720.2,80,80,68,69,103,103,102,101,20.233,20.21,22.337,22.286,2834.679,93276,30166,0,417,8683,12,3,0,0,0,25,21,14,0,13,7,FALSE,0,FALSE
247.21661,7.351,7.104,6.301,6.043,21.17,20,18,2,3204667.8,76,76,68,69,103,103,102,101,20.236,20.213,22.335,22.285,2857.257,93276,30166,0,350,8683,12,3,0,0,0,25,21,14,0,13,7,FALSE,0,FALSE
247.71167,7.364,7.117,6.301,6.043,21.157,20,18,2,3204821.8,73,73,69,69,103,103,102,101,20.237,20.214,22.333,22.284,2882.611,93276,30166,0,350,8650,12,3,0,0,0,25,21,14,0,13,7,FALSE,0,FALSE
248.21532,7.375,7.128,6.301,6.043,21.144,20,18,2,3198350,72,72,69,69,103,103,102,101,20.237,20.214,22.33,22.282,2910.357,93276,30166,0,316,8650,12,3,0,0,0,25,21,14,0,13,7,FALSE,0,FALSE
248.7127,7.383,7.136,6.301,6.043,21.131,20,18,2,3196231,71,71,70,70,103,103,102,101,20.235,20.213,22.328,22.279,2940.31,93276,30166,0,316,8634,12,3,0,0,0,25,21,14,0,13,7,FALSE,0,FALSE
249.21147,7.391,7.144,6.301,6.043,21.117,20,18,2,3187888.8,71,71,70,70,103,103,102,101,20.233,20.211,22.324,22.276,2972.179,93276,30166,0,284,8634,12,3,0,0,0,25,21,14,0,13,7,FALSE,0,FALSE
249.71461,7.399,7.152,6.301,6.043,21.103,20,18,2,3179248.8,71,71,70,70,103,103,101,101,20.231,20.209,22.321,22.273,3005.862,93276,30166,0,284,8634,12,3,0,0,0,25,21,14,0,13,7,FALSE,0,FALSE
250.21008,7.405,7.159,6.301,6.043,21.091,20,18,2,3175928.8,70,71,70,70,103,103,101,101,20.228,20.206,22.316,22.269,3041.06,93276,30166,0,283,8633,12,3,0,0,0,25,21,14,0,13,7,FALSE,0,FALSE
250.71172,7.411,7.165,6.301,6.043,21.077,20,18,2,3167288.8,71,71,70,70,103,103,101,101,20.225,20.203,22.312,22.264,3077.581,93276,30166,0,284,8633,12,3,0,0,0,25,21,14,0,13,7,FALSE,0,FALSE
251.21324,7.418,7.171,6.301,6.043,21.063,20,18,2,3158648.8,71,71,71,71,103,103,101,100,20.221,20.2,22.306,22.26,3115.405,93276,30166,0,284,8617,12,3,0,0,0,25,21,14,0,13,7,FALSE,0,FALSE
251.71495,7.424,7.177,6.301,6.043,21.049,20,18,2,3150008.8,71,71,71,70,103,103,101,100,20.217,20.196,22.301,22.254,3154.424,93276,30166,0,284,8584,12,3,0,0,0,25,21,14,0,13,7,FALSE,0,FALSE
252.21294,7.43,7.183,6.301,6.043,21.036,20,18,2,3146757.5,71,70,71,71,103,102,101,100,20.212,20.191,22.295,22.248,3194.497,93276,30166,0,267,8584,12,3,0,0,0,25,21,14,0,13,7,FALSE,0,FALSE
252.71495,7.436,7.188,6.301,6.043,21.023,20,18,2,3138117.5,71,70,71,71,103,102,101,100,20.207,20.187,22.288,22.242,3235.384,93276,30166,0,267,8567,12,3,0,0,0,25,21,14,0,13,7,FALSE,0,FALSE
253.21387,7.442,7.193,6.301,6.043,21.009,20,18,2,3129477.5,71,71,71,71,103,102,101,100,20.202,20.182,22.281,22.235,3277.114,93276,30166,0,267,8550,12,3,0,0,0,25,21,14,0,13,7,FALSE,0,FALSE
253.70966,7.447,7.199,6.301,6.043,20.995,20,18,2,3120837.5,71,71,71,70,103,102,101,100,20.197,20.176,22.274,22.228,3319.633,93276,30166,0,267,8550,12,3,0,0,0,25,21,14,0,13,7,FALSE,0,FALSE
254.21107,7.459,7.211,6.313,6.054,20.984,20,18,2,3127543.5,73,73,74,74,102,102,101,100,20.191,20.171,22.267,22.222,3362.222,93276,30166,0,250,8500,12,3,0,0,0,25,21,14,0,13,7,FALSE,0,FALSE
254.7147,7.481,7.241,6.345,6.094,20.982,20,18,2,3160187.8,74,76,78,80,102,102,101,100,20.191,20.172,22.27,22.226,3397.567,93276,30166,0,233,8466,12,3,0,0,0,25,21,14,0,13,7,FALSE,0,FALSE
255.21442,7.499,7.263,6.366,6.114,20.982,20,18,2,3188002.2,73,77,77,78,103,102,101,100,20.193,20.175,22.275,22.232,3425.384,93276,30166,0,233,8466,12,3,0,0,0,25,21,14,0,13,7,FALSE,0,FALSE
255.71216,7.519,7.29,6.395,6.151,20.982,20,18,2,3208157,75,79,79,85,103,102,101,100,20.196,20.18,22.282,22.24,3447.906,93276,30166,0,233,8517,12,3,0,0,0,25,21,14,0,13,7,FALSE,0,FALSE
256.21228,7.537,7.317,6.428,6.188,20.977,20,18,2,3217183.8,75,83,83,86,103,102,101,100,20.2,20.186,22.288,22.249,3472.536,93276,30166,0,250,8516,12,3,0,0,0,25,21,14,0,13,7,FALSE,0,FALSE
256.7084,7.563,7.348,6.462,6.233,20.971,20,18,2,3224306.5,78,83,84,91,103,103,101,100,20.204,20.193,22.295,22.259,3497.248,93276,30166,0,250,8516,12,3,0,0,0,25,21,14,0,13,7,FALSE,0,FALSE
257.21457,7.587,7.379,6.495,6.276,20.963,20,18,2,3231214.2,78,83,83,90,103,103,101,101,20.208,20.199,22.302,22.269,3518.88,93276,30166,0,250,8516,12,3,0,0,0,25,21,14,0,13,7,FALSE,0,FALSE
257.71533,7.613,7.411,6.518,6.303,20.953,20,18,2,3237694.2,78,83,79,84,103,103,101,101,20.211,20.206,22.307,22.277,3540.744,93276,30166,0,250,8516,12,3,0,0,0,25,21,14,0,13,7,FALSE,0,FALSE
258.2131,7.64,7.443,6.538,6.326,20.941,20,18,2,3243786,78,83,77,81,103,103,101,101,20.214,20.211,22.31,22.282,3563.934,93276,30166,0,234,8517,12,3,0,0,0,25,21,14,0,13,7,FALSE,0,FALSE
258.71222,7.668,7.476,6.559,6.349,20.928,20,18,2,3250807.5,78,82,77,80,103,103,101,101,20.217,20.216,22.312,22.285,3588.679,93276,30166,0,234,8517,12,3,0,0,0,25,21,14,0,13,7,FALSE,0,FALSE
259.2147,7.701,7.514,6.582,6.373,20.915,20,18,2,3244484.5,78,82,77,79,103,103,101,101,20.22,20.221,22.313,22.288,3615.304,93276,30166,0,284,8517,12,3,0,0,0,25,21,14,0,13,7,FALSE,0,FALSE
259.71432,7.731,7.55,6.606,6.398,20.901,20,18,2,3237348.8,77,81,77,79,103,103,101,101,20.222,20.225,22.314,22.29,3643.985,93276,30166,0,284,8584,12,3,0,0,0,25,21,14,0,13,7,FALSE,0,FALSE
260.71564,7.764,7.59,6.627,6.418,20.874,20,18,2,3226506.2,72,73,71,70,103,103,101,101,20.221,20.227,22.312,22.289,3707.625,93276,30166,0,317,8633,12,3,0,0,0,25,21,14,0,13,7,FALSE,0,FALSE
261.21356,7.784,7.606,6.642,6.433,20.86,20,18,2,3217866.2,76,74,75,73,103,103,101,101,20.219,20.225,22.309,22.286,3741.377,93276,30166,0,316,8633,12,3,0,0,0,25,21,14,0,13,7,FALSE,0,FALSE
261.71243,7.817,7.632,6.673,6.462,20.847,20,18,2,3209226.2,79,76,80,76,103,103,101,101,20.219,20.224,22.308,22.283,3775.776,93276,30166,0,333,8650,12,3,0,0,0,25,21,14,0,13,7,FALSE,0,FALSE
262.7137,7.924,7.721,6.812,6.586,20.82,20,18,2,3197376.8,84,80,92,86,103,103,101,101,20.223,20.224,22.311,22.283,3849.165,93276,30166,0,350,8650,12,3,0,0,0,25,21,14,0,13,7,FALSE,0,FALSE
263.2167,7.996,7.781,6.922,6.68,20.807,20,18,2,3188736.8,87,82,96,89,103,103,101,101,20.226,20.225,22.315,22.285,3886.288,93276,30166,0,334,8650,12,3,0,0,0,25,21,14,0,13,7,FALSE,0,FALSE
263.71536,8.064,7.838,7.033,6.774,20.793,20,18,2,3180096.8,86,82,96,89,103,103,101,101,20.229,20.226,22.319,22.287,3922.828,93276,30166,0,350,8634,12,3,0,0,0,25,21,14,0,13,7,FALSE,0,FALSE
264.21124,8.121,7.886,7.099,6.832,20.779,20,18,2,3171456.8,81,77,84,80,103,103,101,101,20.231,20.225,22.321,22.286,3958.335,93276,30166,0,350,8633,12,3,0,0,0,25,21,14,0,13,7,FALSE,0,FALSE
264.71402,8.156,7.914,7.127,6.858,20.765,20,18,2,3162816.8,76,74,75,72,103,103,101,101,20.229,20.222,22.318,22.282,3994.714,93276,30166,0,367,8633,12,3,0,0,0,25,21,14,0,13,7,FALSE,0,FALSE
265.2135,8.166,7.925,7.133,6.865,20.755,20,18,2,3168765.5,73,72,73,73,103,103,101,101,20.225,20.218,22.312,22.276,4031.78,93276,30166,40485,367,8633,12,3,0,0,0,25,21,14,0,13,7,FALSE,0,FALSE
265.7162,8.191,7.945,7.16,6.892,20.753,20,18,2,3198543.8,77,74,79,77,103,103,101,101,20.224,20.216,22.312,22.276,4062.898,93276,30166,40485,383,8650,12,3,0,0,0,25,21,14,0,13,7,FALSE,0,FALSE
266.2151,8.219,7.966,7.191,6.92,20.753,20,18,2,3226764.8,78,74,82,78,103,103,101,101,20.227,20.217,22.317,22.279,4088.708,93276,30166,40485,383,8666,12,3,0,0,0,25,21,14,0,13,7,FALSE,0,FALSE
266.71243,8.247,7.986,7.234,6.955,20.753,20,18,2,3250664.2,81,76,90,82,103,103,102,101,20.23,20.218,22.323,22.284,4111.43,93276,30166,40485,383,8666,12,3,0,0,0,25,21,14,0,13,7,FALSE,0,FALSE
267.21542,8.276,8.008,7.294,6.999,20.753,20,18,2,3266929.8,82,77,99,88,103,103,102,101,20.236,20.221,22.334,22.291,4131.54,93276,30166,40485,383,8616,12,3,0,0,0,25,21,14,0,13,7,FALSE,0,FALSE
267.71408,8.292,8.021,7.345,7.036,20.749,20,18,2,3274638.5,80,76,101,89,103,103,102,101,20.24,20.223,22.346,22.299,4152.948,93276,30166,40485,300,8616,12,3,0,0,0,25,21,14,0,13,7,FALSE,0,FALSE
268.20996,8.314,8.039,7.369,7.053,20.743,20,18,2,3281104.2,81,77,89,81,103,103,102,101,20.244,20.225,22.356,22.305,4172.573,93276,30166,40485,300,8683,12,3,0,0,0,25,21,14,0,13,7,FALSE,0,FALSE
268.71448,8.333,8.056,7.382,7.064,20.733,20,18,2,3286009,80,77,81,75,104,103,102,101,20.247,20.227,22.361,22.307,4192.032,93276,30166,40485,300,8683,12,3,0,0,0,25,21,14,0,13,7,FALSE,0,FALSE
269.2122,8.353,8.075,7.388,7.07,20.72,20,18,2,3286387.2,78,77,75,72,104,103,102,101,20.25,20.228,22.362,22.308,4213.342,93276,30166,40485,350,8683,12,3,0,0,0,25,21,14,0,13,7,FALSE,0,FALSE
269.71317,8.37,8.092,7.39,7.072,20.707,20,18,2,3281453.5,76,75,71,70,104,103,102,101,20.251,20.23,22.361,22.306,4237.653,93276,30166,40485,350,8767,12,3,0,0,0,25,21,14,0,13,7,FALSE,0,FALSE
270.21298,8.383,8.105,7.39,7.073,20.694,20,18,2,3250490.5,74,73,70,70,104,103,102,101,20.251,20.229,22.359,22.304,4264.638,93276,30166,40485,417,8767,12,3,0,0,0,25,21,14,0,13,7,FALSE,0,FALSE
270.7161,8.394,8.116,7.39,7.073,20.68,20,18,2,3201987.2,73,73,70,70,104,103,102,101,20.25,20.228,22.356,22.301,4294.207,93276,30166,40485,417,8767,12,3,0,0,0,25,21,14,0,13,7,FALSE,0,FALSE
271.21075,8.404,8.126,7.39,7.073,20.667,20,18,2,3152513.8,73,73,70,70,104,103,102,101,20.248,20.226,22.352,22.298,4325.902,93276,30166,40485,433,8800,12,3,0,0,0,25,21,14,0,13,7,FALSE,0,FALSE
271.7099,8.414,8.136,7.39,7.073,20.653,20,18,2,3094898.8,73,72,70,70,103,103,102,101,20.246,20.224,22.348,22.294,4359.614,93276,30166,40485,450,8800,12,3,0,0,0,25,21,14,0,13,7,FALSE,0,FALSE
272.21295,8.421,8.143,7.39,7.073,20.641,20,18,2,3064019,72,71,70,70,103,103,102,101,20.243,20.221,22.344,22.29,4395.026,93276,30166,40485,450,8783,12,3,0,0,0,25,21,14,0,13,7,FALSE,0,FALSE
272.71088,8.427,8.15,7.39,7.073,20.627,20,18,2,3055379,71,71,70,70,103,103,102,101,20.239,20.218,22.338,22.285,4431.618,93276,30166,40485,417,8783,12,3,0,0,0,25,21,14,0,13,7,FALSE,0,FALSE
273.21335,8.433,8.156,7.39,7.073,20.613,20,18,2,3046739,72,71,70,70,103,103,102,101,20.235,20.214,22.333,22.279,4469.337,93276,30166,40485,400,8783,12,3,0,0,0,25,21,14,0,13,7,FALSE,0,FALSE
273.71262,8.439,8.162,7.39,7.073,20.599,20,18,2,3038099,72,72,70,70,103,103,102,101,20.231,20.21,22.327,22.273,4508.096,93276,30166,40485,400,8733,12,3,0,0,0,25,21,14,0,13,7,FALSE,0,FALSE
274.21292,8.445,8.168,7.39,7.073,20.586,20,18,2,3029459,72,71,70,70,103,103,101,101,20.226,20.205,22.32,22.267,4547.791,93276,30166,40485,400,8733,12,3,0,0,0,25,21,14,0,13,7,FALSE,0,FALSE
275.2148,8.456,8.179,7.39,7.073,20.559,20,18,2,3017598.5,73,73,71,71,103,103,101,100,20.216,20.195,22.306,22.254,4629.399,93276,30166,40485,367,8700,12,3,0,0,0,25,21,14,0,13,7,FALSE,0,FALSE
275.71103,8.461,8.185,7.39,7.073,20.545,20,18,2,3008958.5,73,73,72,71,103,102,101,100,20.211,20.19,22.299,22.247,4671.183,93276,30166,40485,367,8683,12,3,0,0,0,25,21,14,0,13,7,FALSE,0,FALSE
276.21457,8.466,8.191,7.39,7.073,20.531,20,18,2,3000318.5,73,73,71,71,103,102,101,100,20.205,20.185,22.291,22.239,4713.54,93276,30166,40485,367,8650,12,3,0,0,0,25,21,14,0,13,7,FALSE,0,FALSE
276.71414,8.471,8.196,7.39,7.073,20.517,20,18,2,2991678.5,73,73,72,71,103,102,101,100,20.199,20.179,22.283,22.231,4756.408,93276,30166,40485,350,8650,12,3,0,0,0,25,21,14,0,13,7,FALSE,0,FALSE
277.2131,8.48,8.205,7.4,7.082,20.505,20,18,2,2995357.2,73,73,75,75,103,102,101,100,20.194,20.174,22.275,22.224,4799.271,93276,30166,40485,350,8616,12,3,0,0,0,25,21,14,0,13,7,FALSE,0,FALSE
277.71347,8.496,8.221,7.416,7.098,20.504,20,18,2,3029656.5,71,72,73,72,102,102,101,100,20.192,20.172,22.277,22.226,4835.554,93276,30166,40485,350,8616,12,3,0,0,0,25,21,14,0,13,7,FALSE,0,FALSE
278.2126,8.505,8.23,7.421,7.103,20.503,20,18,2,3059836.8,71,71,71,71,102,102,101,100,20.192,20.173,22.279,22.228,4865.468,93276,30166,40485,350,8616,12,3,0,0,0,25,21,14,0,13,7,FALSE,0,FALSE
278.71423,8.513,8.238,7.427,7.11,20.502,20,18,2,3086379.5,71,70,73,72,103,102,101,100,20.193,20.174,22.282,22.232,4890.024,93276,30166,40485,350,8733,12,3,0,0,0,25,21,14,0,13,7,FALSE,0,FALSE
279.7148,8.552,8.266,7.5,7.167,20.501,20,18,2,3120067.5,79,74,91,83,103,102,101,100,20.201,20.178,22.298,22.244,4926.365,93276,30166,40485,416,8800,12,3,0,0,0,25,21,14,0,13,7,FALSE,0,FALSE
280.21497,8.57,8.28,7.532,7.189,20.496,20,18,2,3128178.2,81,76,91,84,103,102,101,100,20.206,20.181,22.308,22.25,4950.987,93276,30166,40485,416,8800,12,3,0,0,0,25,21,14,0,13,7,FALSE,0,FALSE
280.71222,8.593,8.299,7.553,7.206,20.488,20,18,2,3136066.5,82,77,86,79,103,102,101,100,20.213,20.185,22.317,22.257,4968.956,93276,30166,40485,433,8800,12,3,0,0,0,25,21,14,0,13,7,FALSE,0,FALSE
281.21033,8.634,8.335,7.569,7.218,20.479,20,18,2,3144308.5,88,84,80,75,103,102,102,100,20.22,20.191,22.323,22.261,4987.569,93276,30166,40485,433,8750,12,3,0,0,0,25,21,14,0,13,7,FALSE,0,FALSE
281.7102,8.661,8.362,7.578,7.226,20.466,20,18,2,3148432.8,83,81,76,73,103,103,102,101,20.227,20.197,22.327,22.263,5008.108,93276,30166,40485,433,8750,12,3,0,0,0,25,21,14,0,13,7,FALSE,0,FALSE
282.21115,8.694,8.394,7.587,7.235,20.454,20,18,2,3152873.5,82,81,75,71,103,103,102,101,20.233,20.202,22.329,22.264,5030.384,93276,30166,40485,367,8750,12,3,0,0,0,25,21,14,0,13,7,FALSE,0,FALSE
282.713,8.713,8.411,7.593,7.241,20.441,20,18,2,3152925,76,74,72,70,103,103,102,101,20.236,20.205,22.329,22.264,5055.276,93276,30166,40485,367,8733,12,3,0,0,0,25,21,14,0,13,7,FALSE,0,FALSE
283.2078,8.725,8.422,7.595,7.243,20.427,20,18,2,3146314,73,72,71,69,103,103,102,101,20.237,20.205,22.328,22.263,5083.14,93276,30166,40485,350,8733,12,3,0,0,0,25,21,14,0,13,7,FALSE,0,FALSE
283.71158,8.733,8.43,7.595,7.243,20.414,20,18,2,3144179.8,72,71,69,70,103,103,102,100,20.236,20.205,22.326,22.261,5113.403,93276,30166,40485,350,8750,12,3,0,0,0,25,21,14,0,13,7,FALSE,0,FALSE
284.21127,8.743,8.441,7.595,7.243,20.401,20,18,2,3088025.2,73,72,70,70,103,103,102,100,20.235,20.203,22.323,22.259,5145.526,93276,30166,40485,367,8766,12,3,0,0,0,25,21,14,0,13,7,FALSE,0,FALSE
284.7116,8.752,8.45,7.595,7.243,20.387,20,18,2,3030410.2,72,72,70,70,103,103,101,100,20.234,20.202,22.32,22.256,5179.69,93276,30166,40485,383,8766,12,3,0,0,0,25,21,14,0,13,7,FALSE,0,FALSE
285.21164,8.76,8.458,7.595,7.243,20.374,20,18,2,2993124.5,72,72,70,70,103,103,101,100,20.232,20.2,22.316,22.253,5215.601,93276,30166,40485,383,8766,12,3,0,0,0,25,21,14,0,13,7,FALSE,0,FALSE
285.7103,8.766,8.464,7.595,7.243,20.36,20,18,2,2984484.5,72,72,71,70,103,103,101,100,20.229,20.198,22.312,22.249,5252.694,93276,30166,40485,384,8750,12,3,0,0,0,25,21,14,0,13,7,FALSE,0,FALSE
286.20807,8.772,8.47,7.595,7.243,20.346,20,18,2,2975844.5,72,72,71,70,103,103,101,100,20.226,20.195,22.307,22.244,5290.861,93276,30166,40485,400,8750,12,3,0,0,0,25,21,14,0,13,7,FALSE,0,FALSE
286.70877,8.778,8.476,7.595,7.243,20.332,20,18,2,2967204.5,71,71,71,71,103,102,101,100,20.223,20.192,22.302,22.239,5329.998,93276,30166,40485,417,8717,12,3,0,0,0,25,21,14,0,13,7,FALSE,0,FALSE
287.20328,8.784,8.481,7.595,7.243,20.319,20,18,2,2958564.5,71,71,71,71,103,102,101,100,20.218,20.187,22.296,22.234,5370.117,93276,30166,40485,417,8717,12,3,0,0,0,25,21,14,0,13,7,FALSE,0,FALSE
287.71527,8.789,8.487,7.595,7.243,20.306,20,18,3,2955345.2,71,71,71,71,103,102,101,100,20.213,20.183,22.29,22.228,2.081,93474,0,0,433,8717,12,4,0,0,0,25,21,14,0,13,7,FALSE,0,FALSE
288.21207,8.795,8.492,7.595,7.243,20.292,20,18,3,2946705.2,71,71,71,71,103,102,101,100,20.208,20.178,22.283,22.222,43.838,93474,0,0,450,8684,12,4,0,0,0,25,21,14,0,13,7,FALSE,0,FALSE
288.70874,8.8,8.498,7.595,7.243,20.278,20,18,3,2938065.2,71,71,71,71,103,102,101,100,20.202,20.172,22.276,22.215,86.298,93474,0,0,467,8684,12,4,0,0,0,25,21,14,0,13,7,FALSE,0,FALSE
289.20877,8.805,8.503,7.595,7.243,20.264,20,18,3,2929425.2,71,71,71,71,103,102,101,100,20.197,20.167,22.269,22.208,129.421,93474,0,0,483,8684,12,4,0,0,0,25,21,14,0,13,7,FALSE,0,FALSE
289.7084,8.811,8.508,7.595,7.243,20.251,20,18,3,2920785.2,71,71,71,71,102,102,100,99,20.19,20.161,22.261,22.2,173.162,93474,0,0,483,8584,12,4,0,0,0,25,21,14,0,13,7,FALSE,0,FALSE
290.21072,8.816,8.514,7.595,7.243,20.237,20,18,3,2912145.2,71,71,71,71,102,102,100,99,20.184,20.155,22.253,22.193,217.449,93474,0,0,517,8584,12,4,0,0,0,25,21,14,0,13,7,FALSE,0,FALSE
290.70615,8.821,8.519,7.595,7.243,20.223,20,18,3,2903505.2,71,70,71,71,102,102,100,99,20.177,20.148,22.244,22.184,262.217,93474,0,0,500,8584,12,4,0,0,0,25,21,14,0,13,7,FALSE,0,FALSE
291.2099,8.827,8.524,7.595,7.243,20.209,20,18,3,2894988,71,71,71,71,102,102,100,99,20.17,20.141,22.235,22.176,307.396,93474,0,0,483,8584,12,4,0,0,0,25,21,14,0,13,7,FALSE,0,FALSE
291.71228,8.832,8.529,7.595,7.243,20.195,20,18,3,2886743.8,70,70,71,70,102,101,100,99,20.162,20.134,22.226,22.167,352.971,93474,0,0,466,8584,12,4,0,0,0,25,21,14,0,13,7,FALSE,0,FALSE
292.21204,8.837,8.534,7.595,7.243,20.182,20,18,3,2878720.5,71,71,71,71,102,101,100,99,20.155,20.126,22.217,22.159,398.863,93474,0,0,450,8483,12,4,0,0,0,25,21,14,0,13,7,FALSE,0,FALSE
292.7088,8.842,8.539,7.595,7.243,20.168,20,18,3,2870881,71,71,72,71,102,101,100,99,20.147,20.118,22.208,22.149,445.025,93474,0,0,450,8483,12,4,0,0,0,25,21,14,0,13,7,FALSE,0,FALSE
293.21048,8.847,8.544,7.595,7.243,20.154,20,18,3,2863226.2,71,71,71,71,101,101,99,98,20.139,20.11,22.198,22.14,491.455,93474,0,0,450,8434,12,4,0,0,0,25,21,14,0,13,7,FALSE,0,FALSE
293.7116,8.852,8.549,7.595,7.243,20.14,20,18,3,2855744,71,71,71,71,101,101,99,98,20.13,20.102,22.188,22.131,538.133,93474,0,0,400,8434,12,4,0,0,0,25,21,14,0,13,7,FALSE,0,FALSE
294.20657,8.857,8.554,7.597,7.245,20.126,20,18,3,2851471.8,72,72,73,72,101,101,99,98,20.121,20.094,22.178,22.121,584.986,93474,0,0,384,8367,12,4,0,0,0,25,21,14,0,13,7,FALSE,0,FALSE
294.7145,8.882,8.577,7.628,7.278,20.125,20,18,3,2888815.8,74,74,76,76,101,101,99,98,20.119,20.091,22.178,22.121,626.307,93474,0,0,367,8367,12,4,0,0,0,25,21,14,0,13,7,FALSE,0,FALSE
295.21094,8.902,8.597,7.646,7.296,20.123,20,18,3,2919319.2,73,73,74,74,101,101,99,98,20.12,20.093,22.184,22.127,658.629,93474,0,0,367,8333,12,4,0,0,0,25,21,14,0,13,7,FALSE,0,FALSE
295.7104,8.917,8.612,7.656,7.306,20.122,20,18,3,2945012.2,73,73,73,73,101,101,99,98,20.123,20.096,22.19,22.133,683.59,93474,0,0,367,8333,12,4,0,0,0,25,21,14,0,13,7,FALSE,0,FALSE
296.2096,8.926,8.619,7.66,7.311,20.122,20,18,3,2966515.2,72,71,72,71,101,101,99,98,20.126,20.1,22.195,22.139,702.654,93474,0,0,383,8400,12,4,0,0,0,25,21,14,0,13,7,FALSE,0,FALSE
296.71072,8.934,8.627,7.669,7.319,20.122,20,18,3,2982787.5,72,71,74,72,101,101,99,99,20.13,20.103,22.2,22.144,716.955,93474,0,0,383,8467,12,4,0,0,0,25,21,14,0,13,7,FALSE,0,FALSE
297.21045,8.943,8.633,7.689,7.334,20.122,20,18,3,2993946,74,71,82,76,101,101,100,99,20.134,20.106,22.208,22.15,727.127,93474,0,0,383,8467,12,4,0,0,0,25,21,14,0,13,7,FALSE,0,FALSE
297.71112,8.95,8.639,7.712,7.35,20.122,20,18,3,2999957.8,74,71,87,79,101,101,100,99,20.138,20.109,22.218,22.158,735.934,93474,0,0,383,8467,12,4,0,0,0,25,21,14,0,13,7,FALSE,0,FALSE
298.213,8.955,8.645,7.731,7.357,20.119,20,18,3,3004465.8,73,72,89,77,102,101,100,99,20.142,20.113,22.229,22.165,753.773,93474,0,0,350,8467,12,4,0,0,0,25,21,14,0,13,7,FALSE,0,FALSE
299.20972,8.983,8.671,7.739,7.364,20.109,20,18,3,3014129,79,77,77,71,102,101,100,99,20.152,20.122,22.247,22.176,777.568,93474,0,0,350,8700,12,4,0,0,0,25,21,14,0,13,7,FALSE,0,FALSE
299.71347,8.993,8.686,7.739,7.364,20.1,20,18,3,3017214.8,77,78,72,69,102,101,100,99,20.157,20.127,22.251,22.179,791.232,93474,0,0,350,8700,12,4,0,0,0,25,21,14,0,13,7,FALSE,0,FALSE
300.2132,9.002,8.695,7.742,7.367,20.092,20,18,3,3025758,75,75,70,70,102,101,100,99,20.161,20.132,22.253,22.181,807.393,93474,0,0,417,8700,12,4,0,0,0,25,21,14,0,13,7,FALSE,0,FALSE
300.714,9.015,8.71,7.753,7.382,20.083,20,18,3,3030695.8,75,76,72,76,102,101,100,99,20.165,20.135,22.255,22.184,825.158,93474,0,0,417,8700,12,4,0,0,0,25,21,14,0,13,7,FALSE,0,FALSE
301.2109,9.033,8.73,7.765,7.396,20.074,20,18,3,3037046,76,79,74,79,102,102,100,99,20.168,20.14,22.257,22.188,848.809,93474,0,0,417,8583,12,4,0,0,0,25,21,14,0,13,7,FALSE,0,FALSE
301.70752,9.046,8.744,7.77,7.401,20.063,20,18,3,3042179.5,74,76,72,73,102,102,100,99,20.171,20.145,22.259,22.192,872.244,93474,0,0,183,8616,12,4,0,0,0,25,21,14,0,13,7,FALSE,0,FALSE
302.21234,9.066,8.764,7.776,7.407,20.05,20,18,3,3041116,76,78,71,72,102,102,100,99,20.173,20.148,22.259,22.193,894.99,93474,0,0,183,8616,12,4,0,0,0,25,21,14,0,13,7,FALSE,0,FALSE
302.71115,9.082,8.781,7.78,7.41,20.037,20,18,3,3041083.8,74,75,70,70,102,102,100,99,20.175,20.151,22.259,22.194,920.729,93474,0,0,183,8616,12,4,0,0,0,25,21,14,0,13,7,FALSE,0,FALSE
303.21255,9.098,8.797,7.782,7.412,20.024,20,18,3,3034566,75,73,69,70,102,102,100,99,20.176,20.152,22.258,22.193,949.748,93474,0,0,183,8617,12,4,0,0,0,25,21,14,0,13,7,FALSE,0,FALSE
303.7123,9.118,8.816,7.79,7.42,20.01,20,18,3,3027306.8,76,75,73,71,102,102,100,99,20.178,20.153,22.257,22.192,981.309,93474,0,0,167,8617,12,4,0,0,0,25,21,14,0,13,7,FALSE,0,FALSE
304.7111,9.152,8.844,7.804,7.435,19.983,20,18,3,2978463.2,73,71,71,70,102,102,100,99,20.178,20.152,22.253,22.188,1045.248,93474,0,0,150,8617,12,4,0,0,0,25,21,14,0,13,7,FALSE,0,FALSE
305.21216,9.165,8.854,7.805,7.436,19.969,20,18,3,2920848.2,71,71,70,70,102,102,100,99,20.177,20.151,22.25,22.185,1080.17,93474,0,0,150,8617,12,4,0,0,0,25,21,14,0,13,7,FALSE,0,FALSE
305.7137,9.173,8.864,7.806,7.437,19.957,20,18,3,2868994.5,71,71,70,70,102,102,100,99,20.174,20.148,22.246,22.181,1116.777,93474,0,0,150,8600,12,4,0,0,0,25,21,14,0,13,7,FALSE,0,FALSE
306.71133,9.19,8.882,7.807,7.437,19.929,20,18,3,2753764.5,71,71,71,71,102,102,100,99,20.168,20.143,22.237,22.173,1194.342,93474,0,0,100,8600,12,4,0,0,0,25,21,14,0,13,7,FALSE,0,FALSE
307.2127,9.197,8.889,7.807,7.437,19.916,20,18,3,2701733.2,71,71,71,71,102,102,100,99,20.164,20.139,22.231,22.168,1234.998,93474,0,0,100,8516,12,4,0,0,0,25,21,14,0,13,7,FALSE,0,FALSE
307.71112,9.203,8.895,7.807,7.438,19.902,20,18,3,2691460.8,71,71,71,71,102,101,100,99,20.16,20.135,22.225,22.162,1276.49,93474,0,0,66,8516,12,4,0,0,0,25,21,14,0,13,7,FALSE,0,FALSE
308.21298,9.209,8.9,7.807,7.438,19.889,20,18,3,2682820.8,71,71,71,71,102,101,100,99,20.156,20.131,22.219,22.156,1318.678,93474,0,0,50,8483,12,4,0,0,0,25,21,14,0,13,7,FALSE,0,FALSE
308.71066,9.214,8.906,7.807,7.438,19.875,20,18,3,2674180.8,71,71,71,71,102,101,100,99,20.151,20.126,22.212,22.15,1361.51,93474,0,0,33,8433,12,4,0,0,0,25,21,14,0,13,7,FALSE,0,FALSE
309.2113,9.223,8.915,7.817,7.448,19.863,20,18,3,2678463.5,73,73,75,75,102,101,100,99,20.146,20.121,22.206,22.144,1404.475,93474,0,0,33,8433,12,4,0,0,0,25,21,14,0,13,7,FALSE,0,FALSE
309.71326,9.242,8.932,7.836,7.465,19.861,20,18,3,2712644.8,73,73,74,73,102,101,100,99,20.146,20.121,22.209,22.147,1440.768,93474,0,0,16,8350,12,4,0,0,0,25,21,14,0,13,7,FALSE,0,FALSE
310.21356,9.257,8.964,7.858,7.475,19.86,20,18,3,2741353.2,73,79,76,73,102,101,100,99,20.148,20.125,22.214,22.151,1469.904,93474,0,0,17,8350,12,4,0,0,0,25,21,14,0,13,7,FALSE,0,FALSE
310.70978,9.268,8.974,7.868,7.486,19.859,20,18,3,2766895,73,72,75,73,102,101,100,99,20.15,20.129,22.219,22.156,1493.365,93474,0,0,17,8417,12,4,0,0,0,25,21,14,0,13,7,FALSE,0,FALSE
311.21088,9.289,8.989,7.898,7.51,19.859,20,18,3,2789148.2,78,74,84,78,102,101,100,99,20.155,20.132,22.226,22.162,1512.277,93474,0,0,17,8417,12,4,0,0,0,25,21,14,0,13,7,FALSE,0,FALSE
311.7095,9.311,9.003,7.933,7.542,19.859,20,18,3,2805976.8,81,74,89,85,102,101,100,99,20.161,20.136,22.236,22.171,1529.223,93474,0,0,67,8417,12,4,0,0,0,25,21,14,0,13,7,FALSE,0,FALSE
312.21268,9.327,9.015,7.968,7.568,19.856,20,18,3,2813150.5,79,74,91,84,102,102,100,99,20.168,20.14,22.248,22.18,1552.445,93474,0,0,67,8467,12,4,0,0,0,25,21,14,0,13,7,FALSE,0,FALSE
312.71283,9.343,9.029,7.989,7.582,19.85,20,18,3,2820501.8,80,76,87,79,102,102,100,99,20.174,20.144,22.258,22.188,1570.27,93474,0,0,0,8467,12,4,0,0,0,25,21,14,0,13,7,FALSE,0,FALSE
313.21295,9.381,9.061,8.003,7.593,19.842,20,18,3,2828314.2,89,84,82,75,102,102,101,99,20.182,20.15,22.266,22.193,1587.092,93474,0,0,0,8583,11,4,0,0,0,25,21,14,0,13,7,FALSE,0,FALSE
313.70883,9.393,9.072,8.006,7.596,19.834,20,18,3,2836123.5,78,75,75,71,102,102,101,99,20.189,20.156,22.271,22.196,1603.521,93474,0,0,0,8583,11,4,0,0,0,25,21,14,0,13,7,FALSE,0,FALSE
314.21246,9.41,9.086,8.03,7.615,19.827,20,18,3,2844240.8,79,75,81,76,103,102,101,99,20.193,20.158,22.274,22.199,1621.611,93474,0,0,483,8583,11,4,0,0,0,25,21,14,0,13,7,FALSE,0,FALSE
314.71017,9.434,9.107,8.041,7.625,19.816,20,18,3,2850836.8,80,78,77,73,103,102,101,99,20.198,20.162,22.279,22.202,1642.1,93474,0,0,483,8634,11,4,0,0,0,25,21,14,0,13,7,FALSE,0,FALSE
315.20837,9.47,9.144,8.041,7.626,19.804,20,18,3,2856503.2,86,85,70,70,103,102,101,100,20.203,20.166,22.28,22.203,1664.072,93474,0,0,467,8634,11,4,0,0,0,25,21,14,0,13,7,FALSE,0,FALSE
315.71234,9.516,9.197,8.045,7.629,19.791,20,18,3,2859758,87,89,70,70,103,102,101,100,20.21,20.174,22.279,22.203,1688.354,93474,0,0,467,8717,11,4,0,0,0,25,21,14,0,13,7,FALSE,0,FALSE
316.2072,9.549,9.242,8.054,7.636,19.778,20,18,3,2855656.5,81,83,72,70,103,102,101,99,20.215,20.182,22.279,22.202,1714.924,93474,0,0,534,8717,11,4,0,0,0,25,21,14,0,13,7,FALSE,0,FALSE
316.71277,9.565,9.257,8.055,7.637,19.764,20,18,3,2849077.5,75,74,70,70,103,102,101,99,20.217,20.185,22.277,22.201,1743.023,93474,0,0,534,8717,11,4,0,0,0,25,21,14,0,13,7,FALSE,0,FALSE
317.20914,9.575,9.269,8.059,7.641,19.752,20,18,3,2846891.5,72,74,71,72,103,102,101,99,20.217,20.185,22.275,22.199,1773.158,93474,0,0,583,8717,11,4,0,0,0,25,21,14,0,13,7,FALSE,0,FALSE
317.70712,9.589,9.287,8.071,7.652,19.738,20,18,3,2838668.8,73,75,72,73,103,102,101,99,20.216,20.185,22.273,22.198,1805.58,93474,30010,0,616,8783,11,4,0,0,0,25,21,14,0,13,7,FALSE,0,FALSE
318.21432,9.605,9.307,8.081,7.662,19.725,20,18,3,2833155,72,74,72,72,103,102,101,99,20.214,20.185,22.27,22.196,1840.127,93474,30010,0,616,8783,11,4,0,0,0,25,21,14,0,13,7,FALSE,0,FALSE
319.21207,9.676,9.358,8.175,7.749,19.724,20,18,3,2887746.2,85,75,86,87,103,102,101,99,20.219,20.187,22.276,22.199,1900.473,93474,30010,0,650,8783,11,4,0,0,0,25,21,14,0,13,7,FALSE,0,FALSE
319.70975,9.714,9.381,8.252,7.803,19.722,20,18,3,2901698.5,83,77,101,89,103,102,101,100,20.224,20.188,22.283,22.203,1928.559,93474,30010,0,634,8850,11,4,0,0,0,25,21,14,0,13,7,FALSE,0,FALSE
320.21332,9.753,9.411,8.303,7.844,19.715,20,18,3,2909135.8,85,79,91,83,103,102,101,100,20.229,20.19,22.292,22.209,1953.789,93474,30010,0,634,8850,11,4,0,0,0,25,21,14,0,13,7,FALSE,0,FALSE
320.70947,9.777,9.432,8.313,7.853,19.702,20,18,3,2907993,78,75,75,73,103,102,101,100,20.233,20.192,22.295,22.21,1978.594,93474,30010,0,650,8850,11,4,0,0,0,25,21,14,0,13,7,FALSE,0,FALSE
321.20908,9.796,9.454,8.333,7.877,19.692,20,18,3,2913328.2,76,78,76,80,103,102,101,100,20.233,20.192,22.294,22.209,2005.889,93474,30010,0,650,8883,11,4,0,0,0,25,21,14,0,13,7,FALSE,0,FALSE
321.70786,9.831,9.496,8.379,7.938,19.681,20,18,3,2918411.8,80,83,82,90,103,103,101,100,20.234,20.195,22.295,22.213,2035.377,93474,30010,0,734,8883,11,4,0,0,0,25,21,14,0,13,7,FALSE,0,FALSE
322.2095,9.864,9.536,8.415,7.982,19.669,20,18,3,2920856,80,83,79,85,103,103,101,100,20.236,20.198,22.295,22.217,2064.588,93474,30010,0,816,8984,11,4,0,0,0,25,21,14,0,13,7,FALSE,0,FALSE
322.711,9.89,9.566,8.431,7.999,19.656,20,18,3,2913561.8,76,79,74,76,103,103,101,100,20.236,20.2,22.293,22.217,2093.689,93474,30010,0,816,8984,11,4,0,0,0,25,21,14,0,13,7,FALSE,0,FALSE
323.21204,9.905,9.586,8.442,8.009,19.643,20,18,3,2911031.2,73,75,72,73,103,103,101,100,20.234,20.2,22.29,22.215,2124.898,93474,30010,0,816,9066,11,4,0,0,0,25,21,14,0,13,7,FALSE,0,FALSE
323.70987,9.916,9.599,8.447,8.014,19.629,20,18,3,2902428.2,73,74,72,72,103,103,101,100,20.231,20.198,22.285,22.211,2157.572,93474,30010,0,816,9117,11,4,0,0,0,25,21,14,0,13,7,FALSE,0,FALSE
324.20862,9.93,9.616,8.464,8.03,19.621,20,18,3,2914897,75,75,77,77,103,103,101,100,20.228,20.197,22.282,22.208,2190.021,93474,30010,0,883,9117,11,4,0,0,0,25,21,14,0,13,7,FALSE,0,FALSE
324.7097,9.945,9.631,8.478,8.043,19.62,20,18,3,2941803,74,73,75,75,103,103,101,100,20.229,20.198,22.285,22.212,2215.275,93474,30010,0,883,9133,11,4,0,0,0,25,21,14,0,13,7,FALSE,0,FALSE
325.21173,9.954,9.637,8.486,8.052,19.62,20,18,3,2964564.5,73,71,75,73,103,103,101,100,20.23,20.199,22.289,22.215,2235.121,93474,30010,0,883,9217,11,4,0,0,0,25,21,14,0,13,7,FALSE,0,FALSE
325.71146,9.971,9.649,8.51,8.073,19.62,20,18,3,2982935.8,78,73,83,79,103,103,101,100,20.233,20.2,22.294,22.22,2251.256,93474,30010,0,983,9217,11,4,0,0,0,25,21,14,0,13,7,FALSE,0,FALSE
326.20883,9.986,9.66,8.548,8.1,19.62,20,18,3,2994195.2,79,74,93,84,103,103,101,100,20.238,20.203,22.303,22.227,2263.258,93474,30010,0,983,9217,11,4,0,0,0,25,21,14,0,13,7,FALSE,0,FALSE
326.7087,9.994,9.668,8.584,8.122,19.618,20,18,3,3000389.8,77,74,98,85,103,103,101,100,20.241,20.205,22.316,22.235,2277.322,93474,30010,0,983,9217,11,4,0,0,0,25,21,14,0,13,7,FALSE,0,FALSE
327.21072,10.007,9.677,8.612,8.144,19.614,20,18,3,3006535.8,79,74,97,86,103,103,102,100,20.245,20.207,22.328,22.243,2295.328,93474,30010,0,983,9217,11,4,0,0,0,25,21,14,0,13,7,FALSE,0,FALSE
327.7093,10.026,9.692,8.629,8.157,19.609,20,18,3,3012970.8,82,77,90,82,104,103,102,100,20.249,20.209,22.339,22.25,2308.5,93474,30010,0,984,9217,11,4,0,0,0,25,21,14,0,13,7,FALSE,0,FALSE
328.20715,10.05,9.713,8.64,8.166,19.603,20,18,3,3020027.2,85,81,84,77,104,103,102,100,20.256,20.213,22.346,22.255,2321.404,93474,30010,0,984,9217,11,4,0,0,0,25,21,14,0,13,7,FALSE,0,FALSE
328.71002,10.066,9.728,8.643,8.169,19.594,20,18,3,3026449,81,78,77,72,104,103,102,100,20.262,20.217,22.35,22.258,2336.021,93474,30010,0,984,9217,11,4,0,0,0,25,21,14,0,13,7,FALSE,0,FALSE
329.20728,10.084,9.748,8.644,8.17,19.583,20,18,3,3031788.8,80,79,72,70,104,103,102,100,20.265,20.221,22.351,22.258,2353.342,93474,30010,0,867,9217,11,4,0,0,0,25,21,14,0,13,7,FALSE,0,FALSE
329.71176,10.115,9.777,8.644,8.17,19.57,20,18,3,3037151.5,82,81,70,68,104,103,102,100,20.27,20.225,22.351,22.257,2373.895,93474,30010,0,867,9217,11,4,0,0,0,25,21,14,0,13,7,FALSE,0,FALSE
330.21213,10.128,9.793,8.644,8.171,19.557,20,18,3,3032796.5,76,76,69,69,104,103,102,100,20.272,20.228,22.349,22.256,2397.178,93474,30010,0,833,9083,11,4,0,0,0,25,21,14,0,13,7,FALSE,0,FALSE
330.70813,10.14,9.805,8.644,8.171,19.544,20,18,3,3032721,74,73,69,69,104,103,102,100,20.272,20.228,22.346,22.254,2422.963,93474,30010,0,833,9083,11,4,0,0,0,25,21,14,0,13,7,FALSE,0,FALSE
331.2077,10.149,9.814,8.644,8.171,19.53,20,18,3,3026188.2,73,72,69,69,104,103,102,100,20.271,20.227,22.344,22.252,2450.809,93474,30010,0,800,9083,11,4,0,0,0,25,21,14,0,13,7,FALSE,0,FALSE
331.71106,10.157,9.823,8.644,8.171,19.516,20,18,3,3018715.8,72,72,70,69,104,103,102,100,20.27,20.225,22.34,22.249,2480.672,93474,30010,0,800,9067,11,4,0,0,0,25,21,14,0,13,7,FALSE,0,FALSE
332.2115,10.165,9.83,8.644,8.171,19.503,20,18,3,3015950.2,72,72,70,70,104,103,102,100,20.267,20.223,22.336,22.246,2512.152,93474,30010,0,800,9067,11,4,0,0,0,25,21,14,0,13,7,FALSE,0,FALSE
332.70938,10.172,9.839,8.645,8.171,19.49,20,18,3,3007312.2,72,72,70,70,104,103,102,100,20.264,20.221,22.332,22.243,2545.25,93474,30010,0,783,9050,11,4,0,0,0,25,21,14,0,13,7,FALSE,0,FALSE
333.20776,10.184,9.854,8.655,8.18,19.476,20,18,3,2998672.2,73,75,72,73,104,103,102,100,20.261,20.219,22.328,22.239,2579.801,93474,30010,0,783,9050,11,4,0,0,0,25,21,14,0,13,7,FALSE,0,FALSE
333.7097,10.21,9.886,8.686,8.213,19.463,20,18,3,2995413.2,76,79,77,80,104,103,102,100,20.259,20.218,22.324,22.237,2614.746,93474,30010,0,783,9050,11,4,0,0,0,25,21,14,0,13,7,FALSE,0,FALSE
334.2107,10.246,9.93,8.732,8.259,19.459,20,18,3,3017866,78,81,80,83,104,103,102,100,20.259,20.22,22.325,22.24,2648.832,93474,30010,0,783,9050,11,4,0,0,0,25,21,14,0,13,7,FALSE,0,FALSE
334.70914,10.265,9.953,8.752,8.278,19.457,20,18,3,3044108.5,74,77,76,78,104,103,102,100,20.261,20.223,22.329,22.244,2676.377,93474,30010,0,817,9050,11,4,0,0,0,25,21,14,0,13,7,FALSE,0,FALSE
335.2111,10.276,9.966,8.763,8.288,19.456,20,18,3,3066690,73,75,75,76,104,103,102,100,20.262,20.226,22.332,22.249,2697.014,93474,30010,0,817,9084,11,4,0,0,0,25,21,14,0,13,7,FALSE,0,FALSE
335.7131,10.285,9.977,8.773,8.298,19.456,20,18,3,3085356,72,75,74,77,104,103,102,100,20.264,20.229,22.336,22.254,2713.154,93474,30010,0,817,9200,11,4,0,0,0,25,21,14,0,13,7,FALSE,0,FALSE
336.2102,10.29,9.985,8.781,8.308,19.456,20,18,3,3098925,71,74,74,77,104,103,102,100,20.265,20.232,22.339,22.259,2726.764,93474,30010,0,817,9200,11,4,0,0,0,25,21,14,0,13,7,FALSE,0,FALSE
336.70743,10.295,9.993,8.79,8.32,19.456,20,18,3,3107966.8,71,74,74,79,104,103,102,101,20.266,20.235,22.342,22.265,2737.826,93474,30010,0,934,9200,11,4,0,0,0,25,21,14,0,13,7,FALSE,0,FALSE
337.2129,10.302,10,8.804,8.345,19.456,20,18,3,3114206.5,73,75,79,89,104,103,102,101,20.266,20.237,22.345,22.272,2759.596,93474,30010,0,934,9200,11,4,0,0,0,25,21,14,0,13,7,FALSE,0,FALSE
337.71027,10.311,10.013,8.825,8.37,19.454,20,18,3,3119300,74,78,83,92,104,103,102,101,20.268,20.241,22.351,22.282,2770.676,93474,30010,0,934,9167,11,4,0,0,0,25,21,14,0,13,7,FALSE,0,FALSE
338.21112,10.326,10.028,8.831,8.378,19.449,20,18,3,3124278,78,81,78,84,104,103,102,101,20.27,20.245,22.356,22.291,2780.82,93474,30010,0,934,9167,11,4,0,0,0,25,21,14,0,13,7,FALSE,0,FALSE
338.70828,10.346,10.049,8.832,8.379,19.442,20,18,3,3129946.5,80,82,73,77,104,104,102,101,20.275,20.252,22.359,22.296,2793.293,93474,30010,0,884,9167,11,4,0,0,0,25,21,14,0,13,7,FALSE,0,FALSE
339.20758,10.356,10.058,8.832,8.38,19.432,20,18,3,3133365,77,78,70,72,104,104,102,101,20.279,20.256,22.359,22.298,2808.08,93474,30010,0,884,9167,11,4,0,0,0,25,21,14,0,13,7,FALSE,0,FALSE
339.70862,10.384,10.085,8.832,8.38,19.42,20,18,3,3137669,84,84,69,69,104,104,102,101,20.282,20.26,22.359,22.298,2825.559,93474,30010,0,1033,9167,11,4,0,0,0,25,21,14,0,13,7,FALSE,0,FALSE
340.70996,10.431,10.131,8.832,8.38,19.395,20,18,3,3130612.5,77,77,69,69,104,104,102,101,20.291,20.269,22.355,22.296,2868.922,93474,30010,0,1033,9316,11,4,0,0,0,25,21,14,0,13,7,FALSE,0,FALSE
341.20847,10.448,10.147,8.832,8.38,19.382,20,18,3,3098757.5,75,74,69,69,104,104,102,101,20.292,20.27,22.353,22.294,2894.795,93474,30010,0,1033,9316,11,4,0,0,0,25,21,14,0,13,7,FALSE,0,FALSE
341.7057,10.461,10.16,8.832,8.38,19.368,20,18,3,3053321,73,73,70,70,104,104,102,101,20.291,20.27,22.35,22.292,2923.275,93474,30010,0,1067,9350,11,4,0,0,0,25,21,14,0,13,7,FALSE,0,FALSE
342.20734,10.472,10.171,8.832,8.38,19.355,20,18,3,3006213,72,72,70,70,104,104,102,101,20.29,20.268,22.347,22.289,2954.08,93474,30010,0,1067,9350,11,4,0,0,0,25,21,14,0,13,7,FALSE,0,FALSE
342.70605,10.483,10.182,8.832,8.38,19.341,20,18,3,2948849,72,72,70,70,104,104,102,101,20.288,20.266,22.344,22.286,2987.061,93474,30010,0,1067,9333,11,4,0,0,0,25,21,14,0,13,7,FALSE,0,FALSE
343.20834,10.491,10.191,8.832,8.38,19.329,20,18,3,2896701.8,72,72,71,71,104,104,102,101,20.285,20.264,22.34,22.283,3021.957,93474,30010,0,1050,9333,11,4,0,0,0,25,21,14,0,13,7,FALSE,0,FALSE
343.70746,10.5,10.2,8.832,8.38,19.315,20,18,3,2845616.8,72,72,71,71,104,104,102,101,20.282,20.261,22.335,22.279,3058.4,93474,30010,0,1050,9283,11,4,0,0,0,25,21,14,0,13,7,FALSE,0,FALSE
344.20886,10.506,10.206,8.832,8.38,19.301,20,18,3,2836976.8,71,71,71,71,104,104,102,101,20.278,20.258,22.33,22.274,3096.17,93474,30010,0,1000,9283,11,4,0,0,0,25,21,14,0,13,7,FALSE,0,FALSE
344.71075,10.512,10.212,8.832,8.38,19.287,20,18,3,2828336.8,71,71,71,71,104,104,102,101,20.274,20.254,22.325,22.269,3134.996,93474,30010,0,967,9250,11,4,0,0,0,25,21,14,0,13,7,FALSE,0,FALSE
345.20767,10.519,10.218,8.832,8.38,19.273,20,18,3,2819696.8,71,71,71,71,104,104,101,101,20.269,20.249,22.319,22.264,3174.77,93474,30010,0,934,9217,11,4,0,0,0,25,21,14,0,13,7,FALSE,0,FALSE
345.70694,10.524,10.223,8.832,8.38,19.261,20,18,3,2816418.2,71,71,71,71,104,103,101,100,20.264,20.244,22.313,22.258,3215.25,93474,30010,0,934,9217,11,4,0,0,0,25,21,14,0,13,7,FALSE,0,FALSE
346.20917,10.53,10.229,8.832,8.38,19.247,20,18,3,2807778.2,72,71,71,71,104,103,101,100,20.259,20.239,22.306,22.252,3256.443,93474,30010,0,917,9183,11,4,0,0,0,25,21,14,0,13,7,FALSE,0,FALSE
346.7099,10.536,10.234,8.832,8.38,19.233,20,18,3,2799138.2,72,71,72,71,104,103,101,100,20.253,20.234,22.299,22.245,3298.305,93474,30010,0,867,9150,11,4,0,0,0,25,21,14,0,13,7,FALSE,0,FALSE
347.20917,10.542,10.24,8.832,8.38,19.219,20,18,3,2790498.2,72,71,72,71,104,103,101,100,20.248,20.228,22.292,22.238,3340.777,93474,30010,0,867,9150,11,4,0,0,0,25,21,14,0,13,7,FALSE,0,FALSE
347.70898,10.559,10.257,8.859,8.407,19.212,20,18,3,2814989.5,75,75,77,77,103,103,101,100,20.244,20.225,22.289,22.236,3380.605,93474,30010,0,833,9117,11,4,0,0,0,25,21,14,0,13,7,FALSE,0,FALSE
348.20447,10.576,10.28,8.881,8.433,19.211,20,18,3,2846038.8,73,75,76,77,103,103,101,100,20.245,20.226,22.294,22.241,3411.701,93474,30010,0,833,9083,11,4,0,0,0,25,21,14,0,13,7,FALSE,0,FALSE
348.71017,10.596,10.309,8.915,8.47,19.211,20,18,3,2867728,75,80,80,84,104,103,101,100,20.246,20.23,22.299,22.248,3437.643,93474,30010,0,850,9083,11,4,0,0,0,25,21,14,0,13,7,FALSE,0,FALSE
349.7075,10.642,10.369,9.007,8.588,19.204,20,18,3,2898563.2,79,84,89,97,104,103,101,101,20.253,20.241,22.316,22.271,3486.824,93474,30010,0,800,9100,11,4,0,0,0,25,21,14,0,13,7,FALSE,0,FALSE
350.20914,10.671,10.405,9.039,8.627,19.196,20,18,3,2905294,80,86,84,91,104,104,102,101,20.257,20.248,22.323,22.282,3509.314,93474,30010,0,800,9100,11,4,0,0,0,25,21,14,0,13,7,FALSE,0,FALSE
350.70486,10.7,10.441,9.067,8.662,19.185,20,18,3,2911723.5,81,86,82,87,104,104,102,101,20.26,20.254,22.329,22.29,3531.422,93474,30010,0,800,9100,11,4,0,0,0,25,21,14,0,13,7,FALSE,0,FALSE
351.21127,10.757,10.51,9.099,8.7,19.174,20,18,3,2918200.2,91,98,81,87,104,104,102,101,20.266,20.263,22.333,22.297,3554.447,93474,30010,0,800,9100,11,4,0,0,0,25,21,14,0,13,7,FALSE,0,FALSE
351.70877,10.827,10.594,9.122,8.725,19.163,20,18,3,2924988.8,89,97,79,82,104,104,102,101,20.277,20.277,22.336,22.302,3578,93474,30010,0,834,9100,11,4,0,0,0,25,21,14,0,13,7,FALSE,0,FALSE
352.20685,10.846,10.616,9.135,8.739,19.15,20,18,3,2926630.5,78,82,76,77,104,104,102,101,20.28,20.283,22.337,22.304,3603.322,93474,30010,0,834,9134,11,4,0,0,0,25,21,14,0,13,7,FALSE,0,FALSE
352.70956,10.869,10.643,9.151,8.754,19.136,20,18,3,2920133.2,76,80,75,76,104,104,102,101,20.281,20.286,22.337,22.305,3630.812,93474,30010,0,834,9134,11,4,0,0,0,25,21,14,0,13,7,FALSE,0,FALSE
353.20932,10.891,10.669,9.168,8.77,19.123,20,18,3,2912812.8,75,79,75,76,104,104,102,101,20.28,20.287,22.337,22.305,3660.477,93474,30010,0,834,9134,11,4,0,0,0,25,21,14,0,13,7,FALSE,0,FALSE
353.70615,10.908,10.691,9.18,8.781,19.11,20,18,3,2910285.8,73,77,73,73,104,104,102,101,20.279,20.288,22.335,22.304,3692.236,93474,30010,0,884,9184,11,4,0,0,0,25,21,14,0,13,7,FALSE,0,FALSE
354.20792,10.916,10.699,9.181,8.782,19.096,20,18,3,2901727,73,73,72,71,104,104,102,101,20.277,20.286,22.332,22.301,3724.986,93474,30010,0,917,9217,11,4,0,0,0,25,21,14,0,13,7,FALSE,0,FALSE
354.7071,10.942,10.719,9.204,8.805,19.082,20,18,3,2893087,79,76,79,76,104,104,102,101,20.275,20.284,22.33,22.298,3758.494,93474,30010,0,917,9217,11,4,0,0,0,25,21,14,0,13,7,FALSE,0,FALSE
355.2087,10.997,10.766,9.271,8.865,19.068,20,18,3,2884447,86,81,89,84,104,104,102,101,20.276,20.283,22.331,22.298,3792.91,93474,30010,0,933,9250,11,4,0,0,0,25,21,14,0,13,7,FALSE,0,FALSE
355.71057,11.059,10.819,9.347,8.933,19.055,20,18,3,2875807,86,81,89,85,104,104,102,101,20.279,20.284,22.334,22.299,3828.586,93474,30010,0,950,9250,11,4,0,0,0,25,21,14,0,13,7,FALSE,0,FALSE
356.20767,11.121,10.87,9.425,9.002,19.041,20,18,3,2869892,86,81,90,85,104,104,102,101,20.282,20.284,22.336,22.299,3865.082,93474,30010,0,950,9267,11,4,0,0,0,25,21,14,0,13,7,FALSE,0,FALSE
356.70667,11.175,10.916,9.486,9.058,19.028,20,18,3,2863925.8,83,79,86,81,104,104,102,101,20.283,20.284,22.337,22.299,3901.77,93474,30010,0,967,9266,11,4,0,0,0,25,21,14,0,13,7,FALSE,0,FALSE
357.21115,11.223,10.955,9.54,9.107,19.015,20,18,3,2855285.8,82,79,85,81,104,104,102,101,20.283,20.282,22.336,22.297,3938.158,93474,30010,0,966,9266,11,4,0,0,0,25,21,14,0,13,7,FALSE,0,FALSE
357.70856,11.269,10.993,9.58,9.146,19.001,20,18,3,2846645.8,80,77,78,76,104,104,102,101,20.283,20.28,22.334,22.294,3973.84,93474,30010,0,966,9283,11,4,0,0,0,25,21,14,0,13,7,FALSE,0,FALSE
358.2105,11.279,11,9.583,9.149,18.987,20,18,3,2838005.8,73,73,72,71,104,104,102,101,20.278,20.275,22.328,22.287,4010.656,93474,30010,40453,966,9283,11,4,0,0,0,25,21,14,0,13,7,FALSE,0,FALSE
358.708,11.293,11.013,9.598,9.166,18.981,20,18,3,2861184.5,74,73,75,74,104,104,102,101,20.275,20.271,22.325,22.284,4045.443,93474,30010,40453,966,9283,11,4,0,0,0,25,21,14,0,13,7,FALSE,0,FALSE
359.2068,11.313,11.029,9.62,9.187,18.98,20,18,3,2889667.5,77,74,80,77,104,104,102,101,20.275,20.27,22.328,22.286,4072.641,93474,30010,40453,1016,9283,11,4,0,0,0,25,21,14,0,13,7,FALSE,0,FALSE
359.70993,11.349,11.057,9.668,9.226,18.98,20,18,3,2913140.2,84,79,91,84,104,104,102,101,20.279,20.272,22.335,22.292,4094.482,93474,30010,40453,1016,9316,11,4,0,0,0,25,21,14,0,13,7,FALSE,0,FALSE
360.20908,11.373,11.075,9.714,9.261,18.978,20,18,3,2922698.8,81,76,93,84,104,104,102,101,20.284,20.275,22.345,22.299,4113.938,93474,30010,40453,1016,9316,11,4,0,0,0,25,21,14,0,13,7,FALSE,0,FALSE
360.70923,11.395,11.092,9.753,9.289,18.973,20,18,3,2929666.5,81,76,91,82,104,104,102,101,20.288,20.276,22.355,22.305,4133.848,93474,30010,40453,1100,9316,11,4,0,0,0,25,21,14,0,13,7,FALSE,0,FALSE
361.2078,11.421,11.113,9.784,9.31,18.966,20,18,3,2936417.8,82,80,90,79,104,104,102,101,20.292,20.278,22.362,22.309,4158.328,93474,30010,40453,1100,9417,11,4,0,0,0,25,21,14,0,13,7,FALSE,0,FALSE
361.70926,11.449,11.137,9.811,9.33,18.956,20,18,3,2942872.8,83,79,85,78,104,104,102,101,20.297,20.281,22.368,22.313,4179.895,93474,30010,40453,1050,9383,11,4,0,0,0,25,21,14,0,13,7,FALSE,0,FALSE
362.2073,11.474,11.158,9.832,9.348,18.946,20,18,3,2949243.8,81,78,82,76,104,104,102,101,20.3,20.282,22.373,22.315,4201.469,93474,30010,40453,1050,9383,11,4,0,0,0,25,21,14,0,13,7,FALSE,0,FALSE
362.70914,11.496,11.179,9.838,9.355,18.933,20,18,3,2947950.2,79,77,75,71,105,104,102,101,20.302,20.283,22.374,22.315,4224.953,93474,30010,40453,1050,9383,11,4,0,0,0,25,21,14,0,13,7,FALSE,0,FALSE
363.20963,11.511,11.193,9.841,9.357,18.92,20,18,3,2947594.2,75,74,72,70,105,104,102,101,20.303,20.283,22.373,22.313,4251.344,93474,30010,40453,1050,9383,11,4,0,0,0,25,21,14,0,13,7,FALSE,0,FALSE
363.70297,11.521,11.202,9.841,9.357,18.907,20,18,3,2940771,73,72,69,69,105,104,102,101,20.301,20.282,22.37,22.31,4279.92,93474,30010,40453,1050,9367,11,4,0,0,0,25,21,14,0,13,7,FALSE,0,FALSE
364.20593,11.532,11.211,9.841,9.357,18.894,20,18,3,2937007,73,73,70,70,104,104,102,101,20.299,20.279,22.366,22.307,4310.406,93474,30010,40453,1050,9367,11,4,0,0,0,25,21,14,0,13,7,FALSE,0,FALSE
364.7062,11.542,11.221,9.841,9.357,18.88,20,18,3,2880581.5,73,73,71,71,104,104,102,101,20.297,20.277,22.362,22.303,4342.668,93474,30010,40453,1050,9367,11,4,0,0,0,25,21,14,0,13,7,FALSE,0,FALSE
365.20987,11.551,11.231,9.841,9.357,18.866,20,18,3,2822966.5,73,73,71,70,104,104,102,101,20.294,20.274,22.358,22.299,4376.83,93474,30010,40453,1050,9383,11,4,0,0,0,25,21,14,0,13,7,FALSE,0,FALSE
365.71103,11.559,11.24,9.841,9.358,18.853,20,18,3,2770803,73,73,71,71,104,104,102,101,20.29,20.271,22.353,22.295,4412.455,93474,30010,40453,1050,9383,11,4,0,0,0,25,21,14,0,13,7,FALSE,0,FALSE
366.2111,11.567,11.248,9.841,9.358,18.84,20,18,3,2713188,73,73,71,71,104,104,102,101,20.286,20.267,22.347,22.29,4449.475,93474,30010,40453,1050,9367,11,4,0,0,0,25,21,14,0,13,7,FALSE,0,FALSE
366.70987,11.576,11.257,9.841,9.358,18.826,20,18,3,2655573,73,73,71,71,104,104,102,101,20.282,20.263,22.342,22.284,4487.803,93474,30010,40453,1033,9367,11,4,0,0,0,25,21,14,0,13,7,FALSE,0,FALSE
367.20804,11.584,11.265,9.841,9.358,18.812,20,18,3,2597958,73,73,71,71,104,104,102,101,20.277,20.258,22.335,22.278,4527.291,93474,30010,40453,1017,9350,11,4,0,0,0,25,21,14,0,13,7,FALSE,0,FALSE
368.20972,11.598,11.279,9.841,9.358,18.785,20,18,3,2488313,74,74,72,72,104,104,102,101,20.267,20.248,22.322,22.265,4609.039,93474,30010,40453,983,9333,11,4,0,0,0,25,21,14,0,13,7,FALSE,0,FALSE
368.71042,11.606,11.287,9.841,9.358,18.772,20,18,3,2430698,74,74,72,72,104,103,101,100,20.262,20.243,22.314,22.258,4651.094,93474,30010,40453,950,9333,11,4,0,0,0,25,21,14,0,13,7,FALSE,0,FALSE
369.2066,11.612,11.294,9.842,9.358,18.758,20,18,3,2415528,74,74,72,72,104,103,101,100,20.257,20.238,22.307,22.251,4693.748,93474,30010,40453,933,9267,11,4,0,0,0,25,21,14,0,13,7,FALSE,0,FALSE
369.7099,11.617,11.3,9.842,9.358,18.744,20,18,3,2406888,74,74,72,72,104,103,101,100,20.251,20.232,22.299,22.243,4736.717,93474,30010,40453,933,9233,11,4,0,0,0,25,21,14,0,13,7,FALSE,0,FALSE
370.21005,11.623,11.306,9.842,9.358,18.73,20,18,3,2398248,74,74,72,72,103,103,101,100,20.244,20.226,22.291,22.236,4779.955,93474,30010,40453,900,9233,11,4,0,0,0,25,21,14,0,13,7,FALSE,0,FALSE
370.7045,11.631,11.314,9.85,9.366,18.717,20,18,3,2400184.2,74,74,75,75,103,103,101,100,20.238,20.22,22.283,22.228,4823.064,93474,30010,40453,867,9217,11,4,0,0,0,25,21,14,0,13,7,FALSE,0,FALSE
371.2101,11.652,11.336,9.88,9.395,18.715,20,18,3,2433958,74,74,77,77,103,103,101,100,20.237,20.219,22.285,22.23,4859.268,93474,30010,40453,867,9183,11,4,0,0,0,25,21,14,0,13,7,FALSE,0,FALSE
371.70908,11.671,11.355,9.896,9.412,18.713,20,18,3,2461520.8,75,74,76,76,103,103,101,100,20.238,20.22,22.29,22.236,4887.072,93474,30010,40453,867,9183,11,4,0,0,0,25,21,14,0,13,7,FALSE,0,FALSE
372.21075,11.698,11.377,9.939,9.447,18.713,20,18,3,2486334.5,81,77,89,83,103,103,101,100,20.242,20.223,22.298,22.243,4908.713,93474,30010,40453,850,9183,11,4,0,0,0,25,21,14,0,13,7,FALSE,0,FALSE
372.70703,11.724,11.395,9.996,9.491,18.713,20,18,3,2502544.8,82,76,98,89,104,103,101,100,20.249,20.227,22.311,22.253,4925.697,93474,30010,40453,850,9183,11,4,0,0,0,25,21,14,0,13,7,FALSE,0,FALSE
373.2036,11.738,11.408,10.039,9.521,18.709,20,18,3,2510599.5,82,74,98,90,104,103,102,100,20.253,20.229,22.325,22.261,4949.617,93474,30010,40453,833,9183,11,4,0,0,0,25,21,14,0,13,7,FALSE,0,FALSE
373.70898,11.773,11.436,10.069,9.544,18.703,20,18,3,2518575.8,87,81,91,84,104,103,102,101,20.261,20.234,22.337,22.271,4967.688,93474,30010,40453,833,9183,11,4,0,0,0,25,21,14,0,13,7,FALSE,0,FALSE
374.20502,11.794,11.455,10.081,9.553,18.693,20,18,3,2526432.5,82,79,81,76,104,103,102,101,20.267,20.239,22.345,22.277,4985.523,93474,30010,40453,833,9183,11,4,0,0,0,25,21,14,0,13,7,FALSE,0,FALSE
374.70737,11.819,11.481,10.087,9.56,18.681,20,18,3,2533436.2,82,81,75,72,104,103,102,101,20.272,20.242,22.349,22.279,5005.754,93474,30010,40453,766,9116,11,4,0,0,0,25,21,14,0,13,7,FALSE,0,FALSE
375.20694,11.849,11.512,10.095,9.567,18.668,20,18,3,2532587,82,80,74,71,104,104,102,101,20.277,20.247,22.351,22.281,5027.93,93474,30010,40453,766,9116,11,4,0,0,0,25,21,14,0,13,7,FALSE,0,FALSE
375.7035,11.87,11.531,10.1,9.572,18.655,20,18,3,2529293,77,76,72,70,104,104,102,101,20.281,20.25,22.352,22.281,5052.607,93474,30010,40453,783,9133,11,4,0,0,0,25,21,14,0,13,7,FALSE,0,FALSE
376.20792,11.885,11.545,10.102,9.574,18.641,20,18,3,2485476.2,75,74,71,70,104,104,102,101,20.282,20.251,22.351,22.28,5080.316,93474,30010,40453,783,9133,11,4,0,0,0,25,21,14,0,13,7,FALSE,0,FALSE
376.70502,11.9,11.557,10.102,9.575,18.629,20,18,3,2440005,75,72,69,70,104,104,102,101,20.282,20.25,22.35,22.279,5110.699,93474,30010,40453,784,9134,11,4,0,0,0,25,21,14,0,13,7,FALSE,0,FALSE
377.20328,11.912,11.567,10.102,9.576,18.615,20,18,3,2383816,74,72,70,71,104,104,102,101,20.281,20.249,22.347,22.277,5142.77,93474,30010,40453,766,9134,11,4,0,0,0,25,21,14,0,13,7,FALSE,0,FALSE
377.70544,11.922,11.577,10.102,9.576,18.601,20,18,3,2326201,73,73,71,71,104,104,102,101,20.28,20.247,22.344,22.275,5176.701,93474,30010,40453,766,9116,11,4,0,0,0,25,21,14,0,13,7,FALSE,0,FALSE
378.20468,11.93,11.585,10.102,9.576,18.588,20,18,3,2274114.5,73,73,71,71,104,103,102,101,20.278,20.245,22.341,22.272,5212.299,93474,30010,40453,750,9100,11,4,0,0,0,25,21,14,0,13,7,FALSE,0,FALSE
378.70428,11.936,11.592,10.103,9.576,18.574,20,18,3,2255679.5,72,73,71,71,104,103,102,101,20.275,20.243,22.337,22.269,5249.209,93474,30010,40453,717,9100,11,4,0,0,0,25,21,14,0,13,7,FALSE,0,FALSE
379.2042,11.942,11.599,10.103,9.576,18.561,20,18,3,2247039.5,72,73,71,71,104,103,102,101,20.272,20.24,22.333,22.265,5287.135,93474,30010,40453,717,9067,11,4,0,0,0,25,21,14,0,13,7,FALSE,0,FALSE
379.70322,11.948,11.605,10.103,9.576,18.547,20,18,3,2238399.5,72,72,71,71,104,103,102,100,20.268,20.236,22.328,22.26,5325.969,93474,30010,40453,700,9050,11,4,0,0,0,25,21,14,0,13,7,FALSE,0,FALSE
380.20447,11.954,11.611,10.103,9.576,18.533,20,18,3,2229759.5,71,71,71,71,104,103,102,100,20.264,20.232,22.322,22.255,5365.746,93474,30010,40453,667,9050,11,4,0,0,0,25,21,14,0,13,7,FALSE,0,FALSE
380.70462,11.96,11.616,10.103,9.576,18.52,20,18,3,2226545,71,71,71,71,104,103,101,100,20.258,20.227,22.316,22.249,5406.281,93474,30010,40453,667,9017,11,4,0,0,0,25,21,14,0,13,7,FALSE,0,FALSE
381.206,11.965,11.622,10.103,9.576,18.506,20,18,4,2217905,71,71,71,71,104,103,101,100,20.253,20.222,22.31,22.243,38.748,93057,0,0,650,9017,11,5,0,0,0,25,21,14,0,13,7,FALSE,0,FALSE
381.70197,11.971,11.627,10.103,9.576,18.493,20,18,4,2209553,71,71,71,71,104,103,101,100,20.247,20.217,22.303,22.237,79.385,93057,0,0,617,9017,11,5,0,0,0,25,21,14,0,13,7,FALSE,0,FALSE
382.2058,11.977,11.633,10.103,9.576,18.479,20,18,4,2200625,72,71,72,71,103,103,101,100,20.241,20.211,22.296,22.23,123.486,93057,0,0,600,9017,11,5,0,0,0,25,21,14,0,13,7,FALSE,0,FALSE
382.704,11.982,11.639,10.103,9.576,18.465,20,18,4,2191985,71,71,71,71,103,103,101,100,20.235,20.204,22.288,22.223,166.797,93057,0,0,600,8950,11,5,0,0,0,25,21,14,0,13,7,FALSE,0,FALSE
383.2088,11.988,11.644,10.103,9.576,18.451,20,18,4,2183345,71,71,71,71,103,103,101,100,20.228,20.198,22.28,22.215,210.652,93057,0,0,566,8950,11,5,0,0,0,25,21,14,0,13,7,FALSE,0,FALSE
383.7049,11.993,11.65,10.103,9.576,18.437,20,18,4,2174705,72,72,72,72,103,102,101,100,20.221,20.191,22.272,22.207,254.988,93057,0,0,533,8950,11,5,0,0,0,25,21,14,0,13,7,FALSE,0,FALSE
384.2059,12,11.655,10.103,9.577,18.424,20,18,4,2166065,71,71,72,71,103,102,101,99,20.214,20.184,22.263,22.199,299.717,93057,0,0,517,8950,11,5,0,0,0,25,21,14,0,13,7,FALSE,0,FALSE
384.70828,12.005,11.66,10.103,9.577,18.41,20,18,4,2157513.8,71,71,72,71,103,102,100,99,20.206,20.176,22.254,22.19,344.838,93057,0,0,484,8834,11,5,0,0,0,25,21,14,0,13,7,FALSE,0,FALSE
385.20837,12.01,11.665,10.103,9.577,18.396,20,18,4,2149182.5,72,72,72,72,103,102,100,99,20.198,20.169,22.245,22.182,390.287,93057,0,0,484,8834,11,5,0,0,0,25,21,14,0,13,7,FALSE,0,FALSE
385.70966,12.016,11.671,10.103,9.577,18.382,20,18,4,2141045,72,71,72,71,102,102,100,99,20.19,20.161,22.236,22.173,436.016,93057,0,0,450,8834,11,5,0,0,0,25,21,14,0,13,7,FALSE,0,FALSE
386.2063,12.021,11.676,10.103,9.577,18.368,20,18,4,2133102.2,71,71,71,71,102,102,100,99,20.182,20.152,22.226,22.163,482.029,93057,0,0,400,8767,11,5,0,0,0,25,21,14,0,13,7,FALSE,0,FALSE
386.70523,12.026,11.681,10.103,9.577,18.355,20,18,4,2125352,71,71,72,71,102,102,100,99,20.173,20.144,22.216,22.154,528.322,93057,0,0,367,8767,11,5,0,0,0,25,21,14,0,13,7,FALSE,0,FALSE
387.2063,12.031,11.686,10.103,9.577,18.341,20,18,4,2117781.5,71,70,71,71,102,101,100,99,20.164,20.135,22.206,22.144,574.865,93057,0,0,333,8716,11,5,0,0,0,25,21,14,0,13,7,FALSE,0,FALSE
387.70743,12.051,11.706,10.128,9.603,18.335,20,18,4,2145312.2,74,74,77,76,102,101,100,98,20.158,20.13,22.203,22.141,618.479,93057,0,0,333,8716,11,5,0,0,0,25,21,14,0,13,7,FALSE,0,FALSE
388.20456,12.073,11.727,10.151,9.627,18.334,20,18,4,2178590.2,73,73,75,74,102,101,100,99,20.159,20.131,22.207,22.146,652.873,93057,0,0,284,8684,11,5,0,0,0,25,21,14,0,13,7,FALSE,0,FALSE
388.70544,12.084,11.738,10.158,9.634,18.333,20,18,4,2206304.8,72,72,72,72,102,101,100,99,20.161,20.133,22.212,22.151,680.041,93057,0,0,284,8733,11,5,0,0,0,25,21,14,0,13,7,FALSE,0,FALSE
389.20712,12.093,11.746,10.163,9.639,18.332,20,18,4,2229800,71,71,72,71,102,101,100,99,20.163,20.135,22.217,22.156,701.582,93057,0,0,316,8733,11,5,0,0,0,25,21,14,0,13,7,FALSE,0,FALSE
389.70602,12.108,11.76,10.182,9.656,18.332,20,18,4,2248464.5,75,73,79,76,102,101,100,99,20.166,20.138,22.223,22.162,717.988,93057,0,0,316,8733,11,5,0,0,0,25,21,14,0,13,7,FALSE,0,FALSE
390.20755,12.123,11.771,10.219,9.684,18.332,20,18,4,2263307.5,78,74,91,83,102,102,100,99,20.171,20.143,22.233,22.17,729.938,93057,0,0,316,8733,11,5,0,0,0,25,21,14,0,13,7,FALSE,0,FALSE
390.70477,12.13,11.776,10.251,9.707,18.332,20,18,4,2272866.5,75,72,96,86,102,102,100,99,20.176,20.146,22.247,22.18,742.043,93057,0,0,316,8733,11,5,0,0,0,25,21,14,0,13,7,FALSE,0,FALSE
391.2058,12.137,11.783,10.27,9.719,18.33,20,18,4,2277439.8,75,73,95,83,102,102,100,99,20.181,20.149,22.26,22.19,755.781,93057,0,0,316,8733,11,5,0,0,0,25,21,14,0,13,7,FALSE,0,FALSE
391.70737,12.147,11.792,10.279,9.726,18.326,20,18,4,2282477.2,77,74,88,79,102,102,101,99,20.185,20.153,22.272,22.198,765.717,93057,0,0,316,8884,11,5,0,0,0,25,21,14,0,13,7,FALSE,0,FALSE
392.20615,12.155,11.801,10.282,9.728,18.321,20,18,4,2287422.2,76,74,80,74,102,102,101,100,20.189,20.156,22.28,22.203,776.852,93057,0,0,316,8884,11,5,0,0,0,25,21,14,0,13,7,FALSE,0,FALSE
392.70767,12.17,11.819,10.283,9.729,18.312,20,18,4,2291768.8,78,78,73,71,103,102,101,100,20.194,20.161,22.285,22.207,790.15,93057,0,0,316,8884,11,5,0,0,0,25,21,14,0,13,7,FALSE,0,FALSE
393.2088,12.181,11.831,10.285,9.731,18.302,20,18,4,2297398.8,76,76,70,70,103,102,101,100,20.198,20.166,22.287,22.209,806.141,93057,0,0,450,8884,11,5,0,0,0,25,21,14,0,13,7,FALSE,0,FALSE
393.70535,12.197,11.847,10.29,9.737,18.292,20,18,4,2307755.5,77,77,70,72,103,102,101,100,20.202,20.169,22.288,22.212,824.545,93057,0,0,450,8884,11,5,0,0,0,25,21,14,0,13,7,FALSE,0,FALSE
394.20782,12.218,11.871,10.303,9.752,18.282,20,18,4,2311989.8,79,81,74,77,103,102,101,100,20.206,20.174,22.29,22.215,850.092,93057,0,0,450,8833,11,5,0,0,0,25,21,14,0,13,7,FALSE,0,FALSE
394.70535,12.239,11.896,10.319,9.768,18.272,20,18,4,2318396.5,77,81,75,77,103,102,101,100,20.209,20.18,22.292,22.218,872.934,93057,0,0,350,8833,11,5,0,0,0,25,21,14,0,13,7,FALSE,0,FALSE
395.20645,12.261,11.922,10.334,9.784,18.26,20,18,4,2324566.5,77,81,75,76,103,102,101,100,20.211,20.184,22.294,22.221,895.889,93057,0,0,350,8833,11,5,0,0,0,25,21,14,0,13,7,FALSE,0,FALSE
395.70782,12.281,11.944,10.341,9.79,18.248,20,18,4,2327328.5,76,78,71,73,103,102,101,100,20.214,20.188,22.294,22.223,921.324,93057,0,0,317,8817,11,5,0,0,0,25,21,14,0,13,7,FALSE,0,FALSE
396.20874,12.299,11.961,10.348,9.799,18.234,20,18,4,2321065,77,74,72,72,103,102,101,100,20.215,20.189,22.293,22.223,949.836,93057,0,0,317,8817,11,5,0,0,0,25,21,14,0,13,7,FALSE,0,FALSE
396.7049,12.331,11.992,10.363,9.811,18.22,20,18,4,2314416.2,79,77,75,72,103,102,101,100,20.218,20.191,22.293,22.222,980.645,93057,0,0,317,8817,11,5,0,0,0,25,21,14,0,13,7,FALSE,0,FALSE
397.20804,12.345,12.003,10.365,9.814,18.208,20,18,4,2286159.5,74,73,72,70,103,102,101,100,20.219,20.191,22.291,22.22,1011.143,93057,0,0,333,8850,11,5,0,0,0,25,21,14,0,13,7,FALSE,0,FALSE
397.70407,12.362,12.018,10.369,9.819,18.194,20,18,4,2229070.2,74,72,71,70,103,102,101,100,20.218,20.19,22.288,22.217,1043.664,93057,0,0,333,8850,11,5,0,0,0,25,21,14,0,13,7,FALSE,0,FALSE
398.20755,12.375,12.029,10.371,9.821,18.18,20,18,4,2171455.2,72,71,70,70,103,102,101,100,20.217,20.188,22.285,22.214,1078.252,93057,0,0,333,8850,11,5,0,0,0,25,21,14,0,13,7,FALSE,0,FALSE
399.20816,12.393,12.047,10.371,9.821,18.153,20,18,4,2061767.2,71,71,71,70,103,102,101,100,20.211,20.182,22.276,22.206,1152.258,93057,0,0,316,8816,11,5,0,0,0,25,21,14,0,13,7,FALSE,0,FALSE
399.70886,12.399,12.054,10.371,9.821,18.139,20,18,4,2036799.8,71,71,71,70,103,102,101,99,20.207,20.179,22.271,22.201,1191.471,93057,0,0,316,8800,11,5,0,0,0,25,21,14,0,13,7,FALSE,0,FALSE
400.20703,12.405,12.06,10.371,9.821,18.126,20,18,4,2028156,71,71,71,71,103,102,101,99,20.203,20.175,22.265,22.195,1231.701,93057,0,0,267,8800,11,5,0,0,0,25,21,14,0,13,7,FALSE,0,FALSE
400.70782,12.411,12.066,10.371,9.821,18.113,20,18,4,2024983.6,71,71,71,71,103,102,100,99,20.198,20.17,22.259,22.19,1272.709,93057,0,0,267,8717,11,5,0,0,0,25,21,14,0,13,7,FALSE,0,FALSE
401.20837,12.416,12.071,10.371,9.821,18.099,20,18,4,2016339.9,71,71,71,71,103,102,100,99,20.193,20.165,22.252,22.183,1314.48,93057,0,0,233,8717,11,5,0,0,0,25,21,14,0,13,7,FALSE,0,FALSE
401.70398,12.422,12.078,10.371,9.821,18.085,20,18,4,2007696.1,71,71,71,71,102,102,100,99,20.187,20.16,22.245,22.177,1356.979,93057,0,0,200,8667,11,5,0,0,0,25,21,14,0,13,7,FALSE,0,FALSE
402.2048,12.432,12.089,10.382,9.832,18.074,20,18,4,2013331.2,73,73,75,75,102,102,100,99,20.182,20.155,22.239,22.171,1399.58,93057,0,0,166,8667,11,5,0,0,0,25,21,14,0,13,7,FALSE,0,FALSE
402.70712,12.45,12.107,10.402,9.852,18.072,20,18,4,2046988.8,73,73,74,74,102,102,100,99,20.182,20.156,22.242,22.174,1435.197,93057,0,0,166,8616,11,5,0,0,0,25,21,14,0,13,7,FALSE,0,FALSE
403.20822,12.462,12.118,10.409,9.858,18.071,20,18,4,2075664.5,71,71,72,71,102,102,100,99,20.183,20.157,22.245,22.178,1463.803,93057,0,0,150,8600,11,5,0,0,0,25,21,14,0,13,7,FALSE,0,FALSE
403.7071,12.469,12.124,10.417,9.866,18.07,20,18,4,2101720.8,72,70,73,72,102,102,100,99,20.185,20.158,22.249,22.182,1487.926,93057,0,0,150,8600,11,5,0,0,0,25,21,14,0,13,7,FALSE,0,FALSE
404.20474,12.49,12.139,10.448,9.891,18.07,20,18,4,2124141.8,78,73,83,78,102,102,100,99,20.188,20.161,22.255,22.187,1508.059,93057,0,0,266,8716,11,5,0,0,0,25,21,14,0,13,7,FALSE,0,FALSE
404.7063,12.512,12.155,10.486,9.922,18.07,20,18,4,2143583,80,75,90,83,103,102,101,99,20.194,20.164,22.265,22.195,1525.635,93057,0,0,266,8716,11,5,0,0,0,25,21,14,0,13,7,FALSE,0,FALSE
405.20706,12.531,12.167,10.526,9.955,18.068,20,18,4,2152891,81,74,95,87,103,102,101,100,20.201,20.168,22.277,22.204,1551.939,93057,0,0,266,8733,11,5,0,0,0,25,21,14,0,13,7,FALSE,0,FALSE
405.70813,12.547,12.18,10.556,9.976,18.062,20,18,4,2160275.8,79,75,92,83,103,102,101,100,20.206,20.171,22.289,22.213,1570.771,93057,0,0,300,8733,11,5,0,0,0,25,21,14,0,13,7,FALSE,0,FALSE
406.20676,12.566,12.195,10.573,9.989,18.056,20,18,4,2167862.2,80,76,85,78,103,102,101,100,20.212,20.175,22.298,22.22,1587.654,93057,0,0,300,8733,11,5,0,0,0,25,21,14,0,13,7,FALSE,0,FALSE
406.7063,12.582,12.209,10.585,10,18.048,20,18,4,2175631.8,79,75,80,75,103,102,101,100,20.217,20.178,22.303,22.224,1604.23,93057,0,0,300,8733,11,5,0,0,0,25,21,14,0,13,7,FALSE,0,FALSE
407.20633,12.601,12.225,10.594,10.008,18.038,20,18,4,2183588.2,79,75,76,73,103,102,101,100,20.221,20.18,22.307,22.226,1622.811,93057,0,0,283,8733,11,5,0,0,0,25,21,14,0,13,7,FALSE,0,FALSE
407.7076,12.629,12.255,10.597,10.011,18.026,20,18,4,2188666,82,81,73,70,103,102,101,100,20.226,20.184,22.309,22.227,1644.219,93057,0,0,283,8733,11,5,0,0,0,25,21,14,0,13,7,FALSE,0,FALSE
408.2071,12.649,12.274,10.597,10.011,18.012,20,18,4,2184853,77,77,70,68,103,102,101,100,20.23,20.188,22.309,22.227,1668.131,93057,0,0,283,8733,11,5,0,0,0,25,21,14,0,13,7,FALSE,0,FALSE
408.7037,12.666,12.291,10.597,10.011,18,20,18,4,2184706.2,75,74,69,68,103,102,101,100,20.231,20.19,22.307,22.225,1694.762,93057,0,0,283,8767,11,5,0,0,0,25,21,14,0,13,7,FALSE,0,FALSE
409.20654,12.677,12.302,10.6,10.014,17.986,20,18,4,2177832.5,73,74,70,71,103,102,101,100,20.232,20.191,22.305,22.224,1723.553,93057,0,0,300,8767,11,5,0,0,0,25,21,14,0,13,7,FALSE,0,FALSE
409.70734,12.688,12.316,10.607,10.019,17.973,20,18,4,2175513.8,73,74,71,72,103,102,101,100,20.231,20.191,22.303,22.222,1754.219,93057,0,0,300,8767,11,5,0,0,0,25,21,14,0,13,7,FALSE,0,FALSE
410.2049,12.703,12.335,10.618,10.03,17.959,20,18,4,2167038.2,73,75,72,73,103,102,101,100,20.23,20.191,22.301,22.221,1786.5,93057,0,0,300,8767,11,5,0,0,0,25,21,14,0,13,7,FALSE,0,FALSE
410.70682,12.717,12.353,10.627,10.039,17.945,20,18,4,2158398.2,73,75,72,72,103,102,101,100,20.228,20.191,22.298,22.22,1821.266,93057,29732,0,284,8750,11,5,0,0,0,25,21,14,0,13,7,FALSE,0,FALSE
411.20728,12.735,12.372,10.648,10.057,17.941,20,18,4,2178698.2,75,74,78,76,103,102,101,100,20.227,20.191,22.297,22.219,1855.209,93057,29732,0,284,8750,11,5,0,0,0,25,21,14,0,13,7,FALSE,0,FALSE
411.70343,12.775,12.402,10.699,10.1,17.941,20,18,4,2200431,82,77,87,81,103,103,101,100,20.231,20.193,22.303,22.222,1882.844,93057,29732,0,283,8750,11,5,0,0,0,25,21,14,0,13,7,FALSE,0,FALSE
412.70447,12.84,12.443,10.813,10.191,17.935,20,18,4,2224471.5,81,76,95,85,103,103,101,100,20.241,20.196,22.317,22.231,1937.914,93057,29732,0,316,8800,11,5,0,0,0,25,21,14,0,13,7,FALSE,0,FALSE
413.2055,12.879,12.475,10.847,10.219,17.925,20,18,4,2231270.5,84,78,85,79,103,103,102,100,20.245,20.198,22.324,22.235,1962.748,93057,29732,0,316,8800,11,5,0,0,0,25,21,14,0,13,7,FALSE,0,FALSE
413.7063,12.899,12.493,10.854,10.225,17.913,20,18,4,2232819,76,75,73,73,104,103,102,100,20.248,20.2,22.325,22.236,1988.561,93057,29732,0,350,8800,11,5,0,0,0,25,21,14,0,13,7,FALSE,0,FALSE
414.2079,12.924,12.524,10.881,10.259,17.902,20,18,4,2236555.8,77,79,77,82,104,103,102,100,20.249,20.201,22.324,22.237,2016.975,93057,29732,0,350,8833,11,5,0,0,0,25,21,14,0,13,7,FALSE,0,FALSE
414.70798,12.956,12.562,10.922,10.312,17.89,20,18,4,2241269,79,83,82,88,104,103,102,100,20.25,20.204,22.325,22.24,2046.783,93057,29732,0,400,8833,11,5,0,0,0,25,21,14,0,13,7,FALSE,0,FALSE
415.20578,12.998,12.612,10.967,10.367,17.878,20,18,4,2245223.8,81,85,82,88,104,103,102,100,20.251,20.208,22.326,22.245,2075.484,93057,29732,0,400,8867,11,5,0,0,0,25,21,14,0,13,7,FALSE,0,FALSE
415.70847,13.032,12.653,10.988,10.39,17.865,20,18,4,2244118.5,76,79,74,77,104,103,102,100,20.253,20.211,22.325,22.246,2105.391,93057,29732,0,483,8867,11,5,0,0,0,25,21,14,0,13,7,FALSE,0,FALSE
416.20752,13.046,12.67,10.996,10.398,17.852,20,18,4,2235829.8,73,75,72,73,104,103,102,100,20.251,20.211,22.322,22.244,2137.074,93057,29732,0,533,8950,11,5,0,0,0,25,21,14,0,13,7,FALSE,0,FALSE
416.70367,13.056,12.682,11.003,10.404,17.838,20,18,4,2231474.8,73,74,74,73,104,103,101,100,20.248,20.209,22.317,22.24,2170.072,93057,29732,0,533,9000,11,5,0,0,0,25,21,14,0,13,7,FALSE,0,FALSE
417.2072,13.074,12.7,11.025,10.427,17.837,20,18,4,2260542.2,74,74,76,76,104,103,101,100,20.247,20.21,22.319,22.242,2198.377,93057,29732,0,583,9000,11,5,0,0,0,25,21,14,0,13,7,FALSE,0,FALSE
417.7053,13.081,12.706,11.029,10.431,17.836,20,18,4,2285016.2,71,71,73,72,104,103,102,100,20.248,20.21,22.322,22.245,2220.896,93057,29732,0,583,9050,11,5,0,0,0,25,21,14,0,13,7,FALSE,0,FALSE
418.2048,13.087,12.71,11.035,10.437,17.836,20,18,4,2306341.2,72,70,74,72,104,103,102,100,20.248,20.211,22.324,22.247,2239.531,93057,29732,0,583,9184,11,5,0,0,0,25,21,14,0,13,7,FALSE,0,FALSE
418.70618,13.105,12.723,11.061,10.461,17.836,20,18,4,2323426.5,78,73,84,80,104,103,102,100,20.251,20.211,22.329,22.252,2254.266,93057,29732,0,583,9184,11,5,0,0,0,25,21,14,0,13,7,FALSE,0,FALSE
419.20563,13.118,12.733,11.099,10.486,17.836,20,18,4,2332591.5,78,74,94,84,104,103,102,100,20.255,20.214,22.339,22.259,2265.697,93057,29732,0,584,9184,11,5,0,0,0,25,21,14,0,13,7,FALSE,0,FALSE
419.70694,13.126,12.739,11.135,10.51,17.836,20,18,4,2339916,76,73,100,86,104,103,102,101,20.259,20.216,22.351,22.267,2279.191,93057,29732,0,584,9184,11,5,0,0,0,25,21,14,0,13,7,FALSE,0,FALSE
420.2063,13.136,12.748,11.154,10.524,17.832,20,18,4,2345388.5,78,74,95,84,104,103,102,101,20.262,20.217,22.363,22.275,2295.121,93057,29732,0,584,9184,11,5,0,0,0,25,21,14,0,13,7,FALSE,0,FALSE
420.70654,13.15,12.759,11.163,10.531,17.827,20,18,4,2351336.5,79,75,86,79,104,103,102,101,20.265,20.219,22.372,22.28,2308.109,93057,29732,0,584,9184,11,5,0,0,0,25,21,14,0,13,7,FALSE,0,FALSE
421.20422,13.162,12.77,11.167,10.535,17.82,20,18,4,2357781.8,78,75,79,74,104,103,102,101,20.269,20.222,22.377,22.283,2321.236,93057,29732,0,433,9200,11,5,0,0,0,25,21,14,0,13,7,FALSE,0,FALSE
421.7036,13.181,12.794,11.17,10.538,17.811,20,18,4,2362717,82,82,74,71,104,103,102,101,20.273,20.225,22.38,22.285,2336.303,93057,29732,0,433,9200,11,5,0,0,0,25,21,14,0,13,7,FALSE,0,FALSE
422.2061,13.203,12.818,11.171,10.538,17.799,20,18,4,2369917,81,81,71,69,104,103,102,101,20.278,20.23,22.38,22.285,2353.924,93057,29732,0,433,9200,11,5,0,0,0,25,21,14,0,13,7,FALSE,0,FALSE
422.70493,13.221,12.838,11.171,10.539,17.787,20,18,4,2376243.2,78,78,69,69,104,103,102,101,20.281,20.234,22.379,22.284,2374.551,93057,29732,0,400,9200,11,5,0,0,0,25,21,14,0,13,7,FALSE,0,FALSE
423.20526,13.234,12.853,11.171,10.539,17.773,20,18,4,2371858.5,76,75,69,69,104,103,102,101,20.282,20.236,22.377,22.282,2397.904,93057,29732,0,400,9117,11,5,0,0,0,25,21,14,0,13,7,FALSE,0,FALSE
423.7059,13.245,12.865,11.171,10.54,17.76,20,18,4,2371898.5,73,72,69,69,104,103,102,101,20.282,20.236,22.374,22.28,2423.85,93057,29732,0,334,9117,11,5,0,0,0,25,21,14,0,13,7,FALSE,0,FALSE
424.20676,13.256,12.876,11.171,10.54,17.747,20,18,4,2365294.2,73,72,69,69,104,103,102,101,20.281,20.235,22.371,22.278,2451.879,93057,29732,0,334,9117,11,5,0,0,0,25,21,14,0,13,7,FALSE,0,FALSE
424.70712,13.264,12.885,11.171,10.54,17.733,20,18,4,2357729.5,72,72,69,69,104,103,102,101,20.28,20.233,22.367,22.275,2481.957,93057,29732,0,300,9083,11,5,0,0,0,25,21,14,0,13,7,FALSE,0,FALSE
425.20544,13.272,12.893,11.171,10.54,17.72,20,18,4,2354935.2,71,71,69,69,104,103,102,101,20.277,20.231,22.363,22.271,2513.738,93057,29732,0,300,9083,11,5,0,0,0,25,21,14,0,13,7,FALSE,0,FALSE
425.70728,13.28,12.902,11.173,10.541,17.706,20,18,4,2346295.2,71,72,70,70,104,103,102,101,20.274,20.229,22.359,22.268,2547.182,93057,29732,0,283,9050,11,5,0,0,0,25,21,14,0,13,7,FALSE,0,FALSE
426.20416,13.293,12.918,11.184,10.552,17.692,20,18,4,2337655.2,73,75,72,74,104,103,102,101,20.271,20.227,22.354,22.264,2582.094,93057,29732,0,284,9050,11,5,0,0,0,25,21,14,0,13,7,FALSE,0,FALSE
426.7057,13.317,12.95,11.216,10.583,17.68,20,18,4,2339023.2,75,78,78,80,104,103,102,100,20.269,20.226,22.351,22.262,2617.322,93057,29732,0,284,9050,11,5,0,0,0,25,21,14,0,13,7,FALSE,0,FALSE
427.20404,13.342,12.981,11.246,10.612,17.68,20,18,4,2369940.5,75,78,77,79,104,103,102,101,20.269,20.228,22.353,22.265,2649.266,93057,29732,0,266,9016,11,5,0,0,0,25,21,14,0,13,7,FALSE,0,FALSE
427.70633,13.357,12.999,11.259,10.626,17.678,20,18,4,2396513.8,73,75,75,76,104,103,102,101,20.27,20.231,22.355,22.269,2675.52,93057,29732,0,266,9016,11,5,0,0,0,25,21,14,0,13,7,FALSE,0,FALSE
428.20706,13.367,13.011,11.269,10.634,17.677,20,18,4,2419834.2,73,75,74,75,104,103,102,101,20.271,20.233,22.358,22.273,2695.461,93057,29732,0,266,9100,11,5,0,0,0,25,21,14,0,13,7,FALSE,0,FALSE
428.70453,13.374,13.019,11.276,10.64,17.677,20,18,4,2439019.2,72,73,73,75,104,103,102,101,20.273,20.236,22.361,22.278,2710.521,93057,29732,0,300,9283,11,5,0,0,0,25,21,14,0,13,7,FALSE,0,FALSE
429.20508,13.378,13.025,11.282,10.647,17.677,20,18,4,2454014.8,70,73,73,75,104,103,102,101,20.274,20.238,22.364,22.282,2723.219,93057,29732,0,300,9283,11,5,0,0,0,25,21,14,0,13,7,FALSE,0,FALSE
429.70386,13.384,13.033,11.291,10.659,17.677,20,18,4,2459881,71,74,74,78,104,103,102,101,20.275,20.24,22.367,22.287,2734.264,93057,29732,0,300,9283,11,5,0,0,0,25,21,14,0,13,7,FALSE,0,FALSE
430.20578,13.391,13.041,11.305,10.684,17.677,20,18,4,2466515,72,74,77,87,104,103,102,101,20.276,20.243,22.37,22.293,2744.924,93057,29732,0,250,9283,11,5,0,0,0,25,21,14,0,13,7,FALSE,0,FALSE
430.70212,13.397,13.048,11.315,10.699,17.674,20,18,4,2471518,73,75,77,86,104,103,102,101,20.277,20.245,22.374,22.302,2765.309,93057,29732,0,250,9433,11,5,0,0,0,25,21,14,0,13,7,FALSE,0,FALSE
431.20285,13.406,13.059,11.321,10.705,17.669,20,18,4,2477453.5,73,76,75,81,104,104,102,101,20.278,20.248,22.377,22.309,2776.127,93057,29732,0,250,9433,11,5,0,0,0,25,21,14,0,13,7,FALSE,0,FALSE
431.70383,13.416,13.068,11.324,10.708,17.662,20,18,4,2483336,74,76,72,76,104,104,102,101,20.28,20.251,22.379,22.313,2788.801,93057,29732,0,250,9433,11,5,0,0,0,25,21,14,0,13,7,FALSE,0,FALSE
432.2027,13.43,13.081,11.324,10.709,17.653,20,18,4,2487772,77,77,69,72,104,104,102,101,20.282,20.254,22.379,22.315,2804.129,93057,29732,0,250,9433,11,5,0,0,0,25,21,14,0,13,7,FALSE,0,FALSE
432.70663,13.449,13.1,11.324,10.709,17.641,20,18,4,2493510,79,79,68,69,104,104,102,101,20.285,20.257,22.378,22.315,2822.098,93057,29732,0,283,9433,11,5,0,0,0,25,21,14,0,13,7,FALSE,0,FALSE
433.2041,13.469,13.12,11.324,10.709,17.629,20,18,4,2496597.8,77,77,68,68,104,104,102,101,20.288,20.261,22.376,22.314,2842.803,93057,29732,0,283,9433,11,5,0,0,0,25,21,14,0,13,7,FALSE,0,FALSE
433.7006,13.488,13.137,11.325,10.709,17.616,20,18,4,2492273,76,76,69,69,104,104,102,101,20.29,20.263,22.374,22.312,2865.51,93057,29732,0,200,9383,11,5,0,0,0,25,21,14,0,13,7,FALSE,0,FALSE
434.20706,13.501,13.15,11.325,10.709,17.602,20,18,4,2491840.2,73,73,69,69,104,104,102,101,20.29,20.263,22.371,22.31,2892.447,93057,29732,0,200,9383,11,5,0,0,0,25,21,14,0,13,7,FALSE,0,FALSE
434.70688,13.511,13.16,11.325,10.709,17.589,20,18,4,2485030.8,72,72,70,70,104,104,102,101,20.289,20.263,22.368,22.308,2920.885,93057,29732,0,150,9350,11,5,0,0,0,25,21,14,0,13,7,FALSE,0,FALSE
435.20703,13.519,13.169,11.325,10.709,17.576,20,18,4,2482782,71,71,70,70,104,104,102,101,20.287,20.261,22.365,22.305,2951.471,93057,29732,0,150,9350,11,5,0,0,0,25,21,14,0,13,7,FALSE,0,FALSE
435.7059,13.527,13.177,11.325,10.709,17.562,20,18,4,2474255.5,71,71,70,70,104,104,102,101,20.284,20.259,22.361,22.302,2983.943,93057,29732,0,116,9333,11,5,0,0,0,25,21,14,0,13,7,FALSE,0,FALSE
436.20328,13.534,13.184,11.325,10.709,17.548,20,18,4,2465615.5,71,71,70,70,104,104,102,101,20.281,20.256,22.357,22.298,3018.146,93057,29732,0,116,9333,11,5,0,0,0,25,21,14,0,13,7,FALSE,0,FALSE
436.70648,13.541,13.191,11.325,10.709,17.535,20,18,4,2462508.8,71,71,70,70,104,104,102,101,20.278,20.253,22.352,22.294,3053.877,93057,29732,0,117,9300,11,5,0,0,0,25,21,14,0,13,7,FALSE,0,FALSE
437.2058,13.548,13.198,11.325,10.709,17.522,20,18,4,2452236.2,71,71,71,70,104,104,102,101,20.274,20.249,22.347,22.289,3090.871,93057,29732,0,117,9300,11,5,0,0,0,25,21,14,0,13,7,FALSE,0,FALSE
437.70624,13.557,13.206,11.325,10.709,17.508,20,18,4,2394621.2,71,71,70,70,104,103,102,101,20.27,20.245,22.342,22.284,3129.322,93057,29732,0,117,9266,11,5,0,0,0,25,21,14,0,13,7,FALSE,0,FALSE
438.20697,13.566,13.214,11.326,10.71,17.494,20,18,4,2337006.2,72,71,72,71,104,103,102,101,20.266,20.241,22.336,22.278,3169.256,93057,29732,0,100,9266,11,5,0,0,0,25,21,14,0,13,7,FALSE,0,FALSE
438.70535,13.58,13.227,11.332,10.716,17.481,20,18,4,2284954.5,72,73,72,72,104,103,102,101,20.262,20.237,22.329,22.272,3210.252,93057,29732,0,83,9233,11,5,0,0,0,25,21,14,0,13,7,FALSE,0,FALSE
439.20584,13.591,13.24,11.335,10.72,17.467,20,18,4,2227339.5,73,72,72,72,104,103,102,101,20.257,20.232,22.323,22.266,3252.24,93057,29732,0,84,9200,11,5,0,0,0,25,21,14,0,13,7,FALSE,0,FALSE
440.20013,13.609,13.257,11.338,10.722,17.44,20,18,4,2156475,71,71,71,71,103,103,101,100,20.246,20.222,22.309,22.252,3336.518,93057,29732,0,67,9167,11,5,0,0,0,25,21,14,0,13,7,FALSE,0,FALSE
440.7,13.624,13.276,11.359,10.747,17.432,20,18,4,2174043.8,74,75,77,78,103,103,101,100,20.242,20.218,22.304,22.248,3378.113,93057,29732,0,67,9067,11,5,0,0,0,25,21,14,0,13,7,FALSE,0,FALSE
441.20386,13.647,13.309,11.387,10.783,17.43,20,18,4,2207109.8,74,78,77,79,103,103,101,100,20.243,20.22,22.309,22.254,3412.074,93057,29732,0,50,9067,11,5,0,0,0,25,21,14,0,13,7,FALSE,0,FALSE
441.70062,13.661,13.327,11.406,10.802,17.43,20,18,4,2233913.8,74,77,77,79,103,103,101,100,20.244,20.223,22.314,22.26,3437.051,93057,29732,0,50,9067,11,5,0,0,0,25,21,14,0,13,7,FALSE,0,FALSE
442.2059,13.687,13.359,11.445,10.853,17.43,20,18,4,2256327,78,82,84,92,104,103,101,101,20.248,20.229,22.321,22.269,3459.057,93057,29732,0,50,9067,11,5,0,0,0,25,21,14,0,13,7,FALSE,0,FALSE
442.70352,13.705,13.382,11.482,10.903,17.425,20,18,4,2263276.8,77,82,86,95,104,103,102,101,20.252,20.236,22.33,22.282,3480.441,93057,29732,0,50,9067,11,5,0,0,0,25,21,14,0,13,7,FALSE,0,FALSE
443.20334,13.727,13.41,11.511,10.939,17.418,20,18,4,2269959.5,79,84,84,91,104,103,102,101,20.256,20.242,22.338,22.294,3500.703,93057,29732,0,50,9067,11,5,0,0,0,25,21,14,0,13,7,FALSE,0,FALSE
443.70694,13.752,13.44,11.532,10.966,17.408,20,18,4,2276392.5,80,84,79,86,104,104,102,101,20.26,20.249,22.343,22.303,3520.879,93057,29732,0,17,9067,11,5,0,0,0,25,21,14,0,13,7,FALSE,0,FALSE
444.2044,13.777,13.468,11.545,10.98,17.397,20,18,4,2282542.2,78,81,75,78,104,104,102,101,20.264,20.255,22.347,22.308,3542.385,93057,29732,0,17,9250,11,5,0,0,0,25,21,14,0,13,7,FALSE,0,FALSE
445.20477,13.817,13.514,11.574,11.01,17.372,20,18,4,2291355.5,77,81,76,78,104,104,102,101,20.268,20.262,22.35,22.313,3590.893,93057,29732,0,117,9300,11,5,0,0,0,25,21,14,0,13,7,FALSE,0,FALSE
445.70447,13.852,13.554,11.6,11.037,17.358,20,18,4,2284900.2,79,83,78,80,104,104,102,101,20.27,20.266,22.351,22.316,3617.785,93057,29732,0,117,9300,11,5,0,0,0,25,21,14,0,13,7,FALSE,0,FALSE
446.2018,13.882,13.59,11.622,11.06,17.345,20,18,4,2268057,78,82,77,78,104,104,102,101,20.272,20.27,22.352,22.318,3645.516,93057,29732,0,100,9300,11,5,0,0,0,25,21,14,0,13,7,FALSE,0,FALSE
446.70673,13.907,13.62,11.638,11.075,17.331,20,18,4,2215709.2,75,78,74,74,104,104,102,101,20.273,20.273,22.352,22.319,3677.561,93057,29732,0,67,9317,11,5,0,0,0,25,21,14,0,13,7,FALSE,0,FALSE
447.2029,13.919,13.633,11.641,11.077,17.317,20,18,4,2177597.5,72,74,71,71,104,104,102,101,20.272,20.273,22.349,22.317,3710.611,93057,29732,0,67,9317,11,5,0,0,0,25,21,14,0,13,7,FALSE,0,FALSE
447.70483,13.931,13.643,11.647,11.084,17.304,20,18,4,2168957.5,74,73,74,72,104,104,102,101,20.27,20.271,22.346,22.313,3744.848,93057,29732,0,67,9333,11,5,0,0,0,25,21,14,0,13,7,FALSE,0,FALSE
448.2057,13.978,13.682,11.698,11.131,17.291,20,18,4,2165657.2,84,80,85,80,104,104,102,101,20.271,20.27,22.346,22.312,3780.166,93057,29732,0,67,9333,11,5,0,0,0,25,21,14,0,13,7,FALSE,0,FALSE
448.7029,14.029,13.724,11.764,11.191,17.278,20,18,4,2157017.2,85,81,90,85,104,104,102,101,20.273,20.271,22.348,22.312,3816.641,93057,29732,0,50,9316,11,5,0,0,0,25,21,14,0,13,7,FALSE,0,FALSE
449.2048,14.098,13.781,11.859,11.276,17.264,20,18,4,2148377.2,88,83,96,90,104,104,102,101,20.276,20.272,22.351,22.314,3853.639,93057,29732,0,883,9316,10,5,0,0,0,25,21,14,0,13,7,FALSE,0,FALSE
449.70465,14.165,13.838,11.97,11.371,17.251,20,18,4,2139737.2,87,82,97,90,104,104,102,101,20.279,20.273,22.356,22.317,3890.205,93057,29732,0,867,9300,10,5,0,0,0,25,21,14,0,13,7,FALSE,0,FALSE
450.2032,14.233,13.895,12.081,11.467,17.237,20,18,4,2131097.2,86,82,97,90,104,104,102,101,20.282,20.273,22.361,22.319,3925.992,93057,29732,0,867,9300,10,5,0,0,0,25,21,14,0,13,7,FALSE,0,FALSE
450.70642,14.295,13.947,12.157,11.534,17.224,20,18,4,2122457.2,84,80,87,82,104,104,102,101,20.284,20.273,22.363,22.319,3960.748,93057,29732,0,883,9300,10,5,0,0,0,25,21,14,0,13,7,FALSE,0,FALSE
451.20654,14.317,13.964,12.17,11.547,17.21,20,18,4,2113817.2,74,73,73,72,104,104,102,101,20.282,20.27,22.36,22.315,3996.426,93057,29732,0,917,9334,10,5,0,0,0,25,21,14,0,13,7,FALSE,0,FALSE
451.70575,14.327,13.975,12.178,11.555,17.199,20,18,4,2116188.8,73,73,75,75,104,104,102,101,20.277,20.265,22.353,22.308,4032.85,93057,29732,40868,917,9350,10,5,0,0,0,25,21,14,0,13,7,FALSE,0,FALSE
452.20175,14.345,13.99,12.197,11.575,17.197,20,18,4,2145053.8,75,73,77,75,104,104,102,101,20.275,20.263,22.353,22.309,4062.367,93057,29732,40868,917,9367,10,5,0,0,0,25,21,14,0,13,7,FALSE,0,FALSE
452.7049,14.374,14.012,12.238,11.61,17.197,20,18,4,2173025,81,76,87,82,104,104,102,101,20.277,20.263,22.358,22.312,4087.797,93057,29732,40868,934,9367,10,5,0,0,0,25,21,14,0,13,7,FALSE,0,FALSE
453.20706,14.404,14.034,12.284,11.646,17.197,20,18,4,2190572.2,82,76,91,84,104,104,102,101,20.282,20.265,22.366,22.318,4109.324,93057,29732,40868,934,9367,10,5,0,0,0,25,21,14,0,13,7,FALSE,0,FALSE
453.70547,14.426,14.05,12.339,11.688,17.196,20,18,4,2204278,81,76,98,88,104,104,102,102,20.286,20.267,22.376,22.325,4128.928,93057,29732,40868,916,9350,10,5,0,0,0,25,21,14,0,13,7,FALSE,0,FALSE
454.20297,14.448,14.069,12.387,11.721,17.189,20,18,4,2210874.8,81,77,98,86,104,104,103,102,20.289,20.268,22.387,22.332,4150.467,93057,29732,40868,916,9350,10,5,0,0,0,25,21,14,0,13,7,FALSE,0,FALSE
454.7067,14.469,14.086,12.407,11.737,17.181,20,18,4,2217310.8,80,77,86,79,104,104,103,102,20.293,20.27,22.395,22.336,4171.773,93057,29732,40868,916,9350,10,5,0,0,0,25,21,14,0,13,7,FALSE,0,FALSE
455.19785,14.493,14.106,12.43,11.755,17.171,20,18,4,2223521.8,82,78,84,78,104,104,103,102,20.295,20.271,22.399,22.338,4191.633,93057,29732,40868,934,9367,10,5,0,0,0,25,21,14,0,13,7,FALSE,0,FALSE
455.70648,14.527,14.138,12.446,11.769,17.159,20,18,4,2225293.5,84,82,78,74,104,104,103,102,20.299,20.273,22.402,22.339,4214.35,93057,29732,40868,934,9367,10,5,0,0,0,25,21,14,0,13,7,FALSE,0,FALSE
456.2013,14.566,14.175,12.448,11.774,17.145,20,18,4,2205886.2,84,82,72,71,105,104,103,102,20.303,20.277,22.401,22.338,4238.346,93057,29732,40868,933,9367,10,5,0,0,0,25,21,14,0,13,7,FALSE,0,FALSE
456.70477,14.581,14.19,12.449,11.774,17.132,20,18,4,2168191,75,75,70,70,105,104,103,102,20.304,20.277,22.398,22.335,4266.754,93057,29732,40868,933,9367,10,5,0,0,0,25,21,14,0,13,7,FALSE,0,FALSE
457.2046,14.592,14.201,12.449,11.774,17.118,20,18,4,2118456,74,73,70,70,105,104,103,102,20.302,20.275,22.395,22.332,4296.717,93057,29732,40868,933,9350,10,5,0,0,0,25,21,14,0,13,7,FALSE,0,FALSE
457.70312,14.602,14.211,12.449,11.774,17.105,20,18,4,2068320,73,73,71,71,104,104,103,102,20.3,20.273,22.391,22.328,4328.67,93057,29732,40868,950,9350,10,5,0,0,0,25,21,14,0,13,7,FALSE,0,FALSE
458.20227,14.612,14.221,12.449,11.774,17.092,20,18,4,2010705,73,73,71,71,104,104,103,102,20.297,20.27,22.386,22.324,4362.553,93057,29732,40868,950,9350,10,5,0,0,0,25,21,14,0,13,7,FALSE,0,FALSE
458.70502,14.62,14.229,12.449,11.774,17.079,20,18,4,1958546.6,73,73,71,71,104,104,103,101,20.294,20.267,22.381,22.319,4397.996,93057,29732,40868,934,9300,10,5,0,0,0,25,21,14,0,13,7,FALSE,0,FALSE
459.20303,14.629,14.238,12.449,11.774,17.065,20,18,4,1900931.6,72,72,71,70,104,104,102,101,20.29,20.263,22.376,22.314,4434.84,93057,29732,40868,917,9300,10,5,0,0,0,25,21,14,0,13,7,FALSE,0,FALSE
459.70248,14.636,14.246,12.449,11.774,17.051,20,18,4,1861272.8,72,72,71,71,104,104,102,101,20.285,20.259,22.37,22.309,4473.01,93057,29732,40868,917,9250,10,5,0,0,0,25,21,14,0,13,7,FALSE,0,FALSE
460.2041,14.642,14.252,12.449,11.774,17.037,20,18,4,1852629,72,72,71,71,104,104,102,101,20.28,20.255,22.363,22.302,4512.115,93057,29732,40868,900,9250,10,5,0,0,0,25,21,14,0,13,7,FALSE,0,FALSE
460.7071,14.648,14.258,12.449,11.774,17.024,20,18,4,1843985.2,72,72,71,71,104,104,102,101,20.275,20.25,22.357,22.296,4551.992,93057,29732,40868,883,9217,10,5,0,0,0,25,21,14,0,13,7,FALSE,0,FALSE
461.70395,14.659,14.269,12.449,11.774,16.997,20,18,4,1832144.2,73,73,72,71,104,103,102,101,20.264,20.239,22.342,22.282,4633.553,93057,29732,40868,866,9150,10,5,0,0,0,25,21,14,0,13,7,FALSE,0,FALSE
462.20264,14.664,14.275,12.449,11.774,16.983,20,18,4,1823500.5,74,74,72,72,104,103,102,101,20.259,20.233,22.334,22.275,4675.104,93057,29732,40868,850,9150,10,5,0,0,0,25,21,14,0,13,7,FALSE,0,FALSE
462.7074,14.67,14.28,12.449,11.774,16.97,20,18,4,1814856.8,73,73,72,72,104,103,102,101,20.253,20.228,22.326,22.267,4717.115,93057,29732,40868,850,9150,10,5,0,0,0,25,21,14,0,13,7,FALSE,0,FALSE
463.2063,14.675,14.286,12.449,11.774,16.956,20,18,4,1806213,74,74,72,72,103,103,101,100,20.246,20.222,22.318,22.259,4759.521,93057,29732,40868,833,9117,10,5,0,0,0,25,21,14,0,13,7,FALSE,0,FALSE
464.20456,14.696,14.307,12.468,11.794,16.934,20,18,4,1815341.9,74,74,77,76,103,103,101,100,20.234,20.21,22.304,22.246,4843.307,93057,29732,40868,833,9100,10,5,0,0,0,25,21,14,0,13,7,FALSE,0,FALSE
465.20532,14.74,14.354,12.521,11.845,16.932,20,18,4,1871826.2,78,75,80,79,103,103,101,100,20.237,20.213,22.314,22.256,4900.213,93057,29732,40868,784,9067,10,5,0,0,0,25,21,14,0,13,7,FALSE,0,FALSE
465.7026,14.774,14.38,12.573,11.886,16.932,20,18,4,1892504.9,84,79,94,87,103,103,102,101,20.243,20.217,22.324,22.265,4919.17,93057,29732,40868,784,9067,10,5,0,0,0,25,21,14,0,13,7,FALSE,0,FALSE
466.20428,14.794,14.394,12.626,11.924,16.93,20,18,4,1904004.8,80,76,101,89,104,103,102,101,20.25,20.222,22.338,22.275,4935.695,93057,29732,40868,784,9067,10,5,0,0,0,25,21,14,0,13,7,FALSE,0,FALSE
466.70203,14.807,14.407,12.658,11.944,16.924,20,18,4,1909935,80,76,96,84,104,103,102,101,20.254,20.225,22.353,22.285,4957.023,93057,29732,40868,750,9016,10,5,0,0,0,25,21,14,0,13,7,FALSE,0,FALSE
467.20193,14.836,14.433,12.674,11.956,16.916,20,18,4,1915432.5,85,82,85,78,104,103,102,101,20.26,20.229,22.362,22.291,4973.648,93057,29732,40868,750,8766,10,5,0,0,0,25,21,14,0,13,7,FALSE,0,FALSE
467.70374,14.879,14.471,12.683,11.964,16.906,20,18,4,1920410.5,88,84,78,73,104,103,102,101,20.269,20.237,22.368,22.295,4992.951,93057,29732,40868,750,8800,10,5,0,0,0,25,21,14,0,13,7,FALSE,0,FALSE
468.20416,14.896,14.488,12.687,11.968,16.894,20,18,4,1917026.1,79,78,73,71,104,103,102,101,20.274,20.241,22.371,22.296,5013.48,93057,29732,40868,800,8800,10,5,0,0,0,25,21,14,0,13,7,FALSE,0,FALSE
468.70007,14.921,14.513,12.698,11.978,16.88,20,18,4,1912562.2,81,80,75,72,104,103,102,101,20.277,20.244,22.372,22.297,5035.398,93057,29732,40868,800,8800,10,5,0,0,0,25,21,14,0,13,7,FALSE,0,FALSE
469.70358,14.958,14.548,12.705,11.985,16.853,20,18,4,1905508.5,73,73,70,70,104,104,102,101,20.282,20.248,22.373,22.297,5089.895,93057,29732,40868,800,8800,10,5,0,0,0,25,21,14,0,13,7,FALSE,0,FALSE
470.20468,14.967,14.556,12.705,11.985,16.84,20,18,4,1903334,73,72,70,70,104,104,102,101,20.281,20.246,22.37,22.295,5120.334,93057,29732,40868,800,8817,10,5,0,0,0,25,21,14,0,13,7,FALSE,0,FALSE
470.69693,14.976,14.564,12.705,11.985,16.827,20,18,4,1895206.9,73,72,70,71,104,103,102,101,20.28,20.245,22.368,22.293,5151.256,93057,29732,40868,800,8833,10,5,0,0,0,25,21,14,0,13,7,FALSE,0,FALSE
471.20444,14.984,14.571,12.705,11.985,16.813,20,18,4,1886275,73,72,71,71,104,103,102,101,20.278,20.243,22.365,22.291,5185.943,93057,29732,40868,800,8833,10,5,0,0,0,25,21,14,0,13,7,FALSE,0,FALSE
471.70248,14.99,14.578,12.705,11.985,16.799,20,18,4,1877631.2,72,72,71,71,104,103,102,101,20.275,20.241,22.361,22.288,5220.984,93057,29732,40868,816,8833,10,5,0,0,0,25,21,14,0,13,7,FALSE,0,FALSE
472.70435,15.003,14.591,12.706,11.985,16.772,20,18,4,1865863.6,72,72,71,71,104,103,102,101,20.269,20.235,22.353,22.28,5294.277,93057,29732,40868,850,8900,10,5,0,0,0,25,21,14,0,13,7,FALSE,0,FALSE
473.1979,15.01,14.597,12.706,11.985,16.759,20,18,4,1857508,72,72,71,71,104,103,102,101,20.266,20.232,22.348,22.275,5331.1,93057,29732,40868,850,8900,10,5,0,0,0,25,21,14,0,13,7,FALSE,0,FALSE
473.69604,15.016,14.603,12.706,11.985,16.745,20,18,4,1848864.2,71,71,71,71,104,103,102,101,20.261,20.227,22.342,22.27,5370.168,93057,29732,40868,866,8966,10,5,0,0,0,25,21,14,0,13,7,FALSE,0,FALSE
474.1987,15.021,14.609,12.706,11.985,16.732,20,18,5,1845582,71,71,71,71,104,103,102,101,20.256,20.223,22.336,22.264,1.221,93436,0,0,866,8966,10,6,0,0,0,25,21,14,0,13,7,FALSE,0,FALSE
474.7042,15.027,14.614,12.706,11.985,16.718,20,18,5,1836650.1,71,71,71,71,104,103,102,100,20.25,20.217,22.329,22.258,43.295,93436,0,0,884,8966,10,6,0,0,0,25,21,14,0,13,7,FALSE,0,FALSE
475.2039,15.033,14.62,12.706,11.985,16.705,20,18,5,1828006.4,71,71,71,71,103,103,102,100,20.245,20.212,22.322,22.251,84.703,93436,0,0,884,8966,10,6,0,0,0,25,21,14,0,13,7,FALSE,0,FALSE
476.2024,15.044,14.631,12.706,11.985,16.677,20,18,5,1810718.9,72,71,72,71,103,103,101,100,20.232,20.2,22.307,22.237,169.42,93436,0,0,884,9017,10,6,0,0,0,25,21,14,0,13,7,FALSE,0,FALSE
476.70404,15.05,14.637,12.706,11.985,16.663,20,18,5,1802075.1,72,71,72,71,103,103,101,100,20.226,20.194,22.299,22.23,212.629,93436,0,0,900,9017,10,6,0,0,0,25,21,14,0,13,7,FALSE,0,FALSE
477.20456,15.055,14.642,12.706,11.985,16.649,20,18,5,1793431.4,73,72,72,72,103,102,101,100,20.219,20.187,22.291,22.222,256.316,93436,0,0,916,9017,10,6,0,0,0,25,21,14,0,13,7,FALSE,0,FALSE
477.70456,15.061,14.648,12.706,11.985,16.635,20,18,5,1784787.6,72,71,72,71,103,102,101,100,20.212,20.18,22.282,22.213,300.391,93436,0,0,917,9017,10,6,0,0,0,25,21,14,0,13,7,FALSE,0,FALSE
478.20206,15.066,14.653,12.706,11.985,16.622,20,18,5,1776432,72,72,72,72,103,102,101,100,20.204,20.173,22.274,22.205,343.354,93436,0,0,917,9133,10,6,0,0,0,25,21,14,0,13,7,FALSE,0,FALSE
478.70383,15.072,14.658,12.706,11.985,16.608,20,18,5,1767500.1,72,72,72,72,103,102,101,99,20.196,20.165,22.264,22.196,389.582,93436,0,0,934,9133,10,6,0,0,0,25,21,14,0,13,7,FALSE,0,FALSE
479.20407,15.077,14.664,12.706,11.985,16.594,20,18,5,1758868.5,72,72,72,72,102,102,100,99,20.188,20.157,22.255,22.187,434.562,93436,0,0,934,9150,10,6,0,0,0,25,21,14,0,13,7,FALSE,0,FALSE
479.7051,15.082,14.669,12.706,11.985,16.58,20,18,5,1750374.5,72,72,72,72,102,102,100,99,20.18,20.149,22.246,22.178,479.781,93436,0,0,950,9150,10,6,0,0,0,25,21,14,0,13,7,FALSE,0,FALSE
480.20395,15.088,14.674,12.706,11.985,16.567,20,18,5,1742033.4,72,72,72,72,102,102,100,99,20.172,20.141,22.236,22.169,525.217,93436,0,0,950,9150,10,6,0,0,0,25,21,14,0,13,7,FALSE,0,FALSE
480.7028,15.094,14.679,12.706,11.985,16.553,20,18,5,1733816.6,71,70,71,71,102,101,100,99,20.163,20.132,22.226,22.159,570.824,93436,0,0,950,9150,10,6,0,0,0,25,21,14,0,13,7,FALSE,0,FALSE
481.2045,15.105,14.692,12.719,11.999,16.542,20,18,5,1742962.5,74,75,76,75,102,101,100,99,20.155,20.125,22.218,22.152,615.613,93436,0,0,967,9150,10,6,0,0,0,25,21,14,0,13,7,FALSE,0,FALSE
481.70285,15.129,14.714,12.748,12.029,16.541,20,18,5,1777991,74,74,77,77,102,101,100,99,20.154,20.125,22.221,22.155,652.279,93436,0,0,967,9150,10,6,0,0,0,25,21,14,0,13,7,FALSE,0,FALSE
482.2031,15.149,14.73,12.761,12.043,16.54,20,18,5,1806082.1,74,74,74,74,102,101,100,99,20.156,20.127,22.227,22.161,680.475,93436,0,0,917,9183,10,6,0,0,0,25,21,14,0,13,7,FALSE,0,FALSE
482.7044,15.161,14.741,12.768,12.051,16.539,20,18,5,1829263.9,73,73,74,73,102,101,100,99,20.159,20.13,22.232,22.167,702.094,93436,0,0,917,9183,10,6,0,0,0,25,21,14,0,13,7,FALSE,0,FALSE
483.2046,15.182,14.762,12.792,12.07,16.539,20,18,5,1847116.1,79,78,82,78,102,101,100,99,20.164,20.134,22.239,22.173,718.043,93436,0,0,917,9167,10,6,0,0,0,25,21,14,0,13,7,FALSE,0,FALSE
483.70032,15.208,14.783,12.832,12.1,16.539,20,18,5,1859425.5,85,80,94,85,102,102,100,99,20.172,20.141,22.25,22.182,729.188,93436,0,0,917,9167,10,6,0,0,0,25,21,14,0,13,7,FALSE,0,FALSE
484.2012,15.217,14.789,12.868,12.124,16.538,20,18,5,1867444.9,79,76,100,88,102,102,101,99,20.179,20.147,22.265,22.193,741.568,93436,0,0,717,9167,10,6,0,0,0,25,21,14,0,13,7,FALSE,0,FALSE
484.7017,15.225,14.798,12.89,12.138,16.535,20,18,5,1872393.4,78,76,98,84,102,102,101,100,20.185,20.151,22.28,22.203,757.457,93436,0,0,717,9167,10,6,0,0,0,25,21,14,0,13,7,FALSE,0,FALSE
485.20193,15.241,14.811,12.908,12.152,16.531,20,18,5,1877702,81,77,93,82,102,102,101,100,20.191,20.156,22.294,22.212,767.748,93436,0,0,717,9234,10,6,0,0,0,25,21,14,0,13,7,FALSE,0,FALSE
485.70148,15.252,14.823,12.911,12.154,16.525,20,18,5,1881922.9,79,77,82,76,103,102,101,100,20.197,20.161,22.303,22.219,779.135,93436,0,0,717,9234,10,6,0,0,0,25,21,14,0,13,7,FALSE,0,FALSE
486.20026,15.272,14.846,12.911,12.155,16.517,20,18,5,1887128.8,82,82,75,72,103,102,101,100,20.203,20.166,22.308,22.223,792.727,93436,0,0,717,9234,10,6,0,0,0,25,21,14,0,13,7,FALSE,0,FALSE
486.70248,15.288,14.863,12.915,12.159,16.507,20,18,5,1895358.9,79,79,71,72,103,102,101,100,20.209,20.173,22.311,22.226,809.523,93436,0,0,617,9234,10,6,0,0,0,25,21,14,0,13,7,FALSE,0,FALSE
487.20477,15.304,14.88,12.925,12.172,16.498,20,18,5,1898002.6,78,79,72,76,103,102,101,100,20.212,20.177,22.313,22.229,827.736,93436,0,0,617,9067,10,6,0,0,0,25,21,14,0,13,7,FALSE,0,FALSE
487.70523,15.335,14.916,12.941,12.192,16.488,20,18,5,1904180.1,83,86,76,80,103,102,101,100,20.217,20.183,22.315,22.233,852.801,93436,0,0,383,9067,10,6,0,0,0,25,21,14,0,13,7,FALSE,0,FALSE
489.70087,15.423,15.009,12.968,12.217,16.438,20,18,5,1901487,74,73,69,66,103,103,101,100,20.228,20.199,22.315,22.237,952.209,93436,0,0,350,9034,10,6,0,0,0,25,21,14,0,13,7,FALSE,0,FALSE
490.20148,15.447,15.03,12.982,12.23,16.424,20,18,5,1896969.8,78,75,76,72,103,103,101,100,20.229,20.199,22.313,22.235,983.125,93436,0,0,334,9034,10,6,0,0,0,25,21,14,0,13,7,FALSE,0,FALSE
490.7036,15.473,15.051,12.998,12.245,16.411,20,18,5,1891357,76,74,74,72,103,103,101,100,20.23,20.2,22.313,22.234,1014.9,93436,0,0,334,9000,10,6,0,0,0,25,21,14,0,13,7,FALSE,0,FALSE
491.20483,15.485,15.061,13,12.247,16.397,20,18,5,1882768.1,72,71,70,70,103,103,101,100,20.229,20.198,22.31,22.232,1047.604,93436,0,0,334,9000,10,6,0,0,0,25,21,14,0,13,7,FALSE,0,FALSE
491.7011,15.492,15.068,13,12.247,16.384,20,18,5,1874412.5,71,70,70,70,103,103,101,100,20.226,20.195,22.306,22.228,1080.836,93436,0,0,350,9000,10,6,0,0,0,25,21,14,0,13,7,FALSE,0,FALSE
493.20187,15.512,15.088,13,12.247,16.343,20,18,5,1853937.5,71,70,71,70,103,102,101,100,20.215,20.184,22.291,22.214,1191.969,93436,0,0,416,8933,10,6,0,0,0,25,21,14,0,13,7,FALSE,0,FALSE
493.7031,15.518,15.094,13,12.247,16.329,20,18,5,1845005.6,71,71,71,70,103,102,101,100,20.21,20.18,22.285,22.209,1232.715,93436,0,0,400,8933,10,6,0,0,0,25,21,14,0,13,7,FALSE,0,FALSE
494.2035,15.524,15.1,13,12.247,16.315,20,18,5,1836361.9,71,71,71,71,103,102,101,100,20.205,20.175,22.279,22.203,1273.156,93436,0,0,383,8883,10,6,0,0,0,25,21,14,0,13,7,FALSE,0,FALSE
495.70493,15.54,15.118,13,12.247,16.275,20,18,5,1815954.8,71,71,71,71,102,102,100,99,20.188,20.159,22.257,22.183,1399.062,93436,0,0,367,8817,10,6,0,0,0,25,21,14,0,13,7,FALSE,0,FALSE
496.20413,15.563,15.137,13.034,12.274,16.268,20,18,5,1842571.6,75,74,79,76,102,102,100,99,20.185,20.156,22.256,22.181,1438.869,93436,0,0,367,8817,10,6,0,0,0,25,21,14,0,13,7,FALSE,0,FALSE
496.7015,15.591,15.167,13.097,12.297,16.268,20,18,5,1872164.4,76,77,86,75,102,102,101,99,20.188,20.159,22.264,22.186,1468.926,93436,0,0,366,8783,10,6,0,0,0,25,21,14,0,13,7,FALSE,0,FALSE
497.20337,15.611,15.186,13.112,12.312,16.267,20,18,5,1899267.6,76,74,78,75,102,102,101,99,20.191,20.162,22.271,22.192,1494.057,93436,0,0,366,8783,10,6,0,0,0,25,21,14,0,13,7,FALSE,0,FALSE
497.7041,15.627,15.199,13.132,12.33,16.267,20,18,5,1921410.8,77,74,81,77,103,102,101,99,20.195,20.165,22.278,22.198,1512.887,93436,0,0,316,8816,10,6,0,0,0,25,21,14,0,13,7,FALSE,0,FALSE
498.20193,15.646,15.212,13.16,12.357,16.267,20,18,5,1938082,81,74,86,83,103,102,101,100,20.201,20.169,22.286,22.206,1528.971,93436,0,0,316,8816,10,6,0,0,0,25,21,14,0,13,7,FALSE,0,FALSE
498.70105,15.666,15.227,13.197,12.383,16.264,20,18,5,1945628.8,81,76,92,84,103,102,101,100,20.208,20.173,22.298,22.215,1551.139,93436,0,0,316,8817,10,6,0,0,0,25,21,14,0,13,7,FALSE,0,FALSE
499.19974,15.676,15.235,13.213,12.394,16.26,20,18,5,1953652,78,73,86,79,103,102,101,100,20.213,20.176,22.308,22.223,1568.287,93436,0,0,150,8817,10,6,0,0,0,25,21,14,0,13,7,FALSE,0,FALSE
499.70425,15.688,15.244,13.223,12.402,16.253,20,18,5,1961106,77,73,81,75,103,102,101,100,20.218,20.179,22.316,22.228,1584.537,93436,0,0,150,8983,10,6,0,0,0,25,21,14,0,13,7,FALSE,0,FALSE
500.2048,15.703,15.259,13.231,12.409,16.244,20,18,5,1968730.1,78,75,77,73,103,102,101,100,20.222,20.182,22.32,22.232,1600.77,93436,0,0,150,8983,10,6,0,0,0,25,21,14,0,13,7,FALSE,0,FALSE
500.70465,15.717,15.273,13.238,12.415,16.235,20,18,5,1976544.5,77,74,74,71,103,102,102,100,20.226,20.185,22.323,22.234,1618.375,93436,0,0,216,8983,10,6,0,0,0,25,21,14,0,13,7,FALSE,0,FALSE
501.20123,15.731,15.287,13.242,12.42,16.224,20,18,5,1984007.5,76,74,73,70,103,102,102,100,20.229,20.187,22.325,22.235,1638.252,93436,0,0,216,9000,10,6,0,0,0,25,21,14,0,13,7,FALSE,0,FALSE
501.69855,15.754,15.309,13.243,12.421,16.211,20,18,5,1987392.8,78,77,70,69,103,102,102,100,20.232,20.19,22.325,22.236,1660.984,93436,0,0,216,9000,10,6,0,0,0,25,21,14,0,13,7,FALSE,0,FALSE
502.2017,15.768,15.323,13.243,12.421,16.198,20,18,5,1987527.1,74,74,68,68,103,102,102,100,20.233,20.192,22.324,22.235,1686.535,93436,0,0,133,9000,10,6,0,0,0,25,21,14,0,13,7,FALSE,0,FALSE
502.7006,15.778,15.334,13.245,12.422,16.184,20,18,5,1981069.2,73,73,70,70,103,103,102,100,20.234,20.193,22.323,22.234,1714.557,93436,0,0,133,9000,10,6,0,0,0,25,21,14,0,13,7,FALSE,0,FALSE
503.20056,15.788,15.346,13.249,12.426,16.17,20,18,5,1973606.2,72,74,71,71,103,103,101,100,20.233,20.193,22.321,22.233,1744.457,93436,0,0,116,9000,10,6,0,0,0,25,21,14,0,13,7,FALSE,0,FALSE
503.7034,15.803,15.366,13.26,12.437,16.157,20,18,5,1970557,73,75,72,73,103,103,101,100,20.232,20.194,22.319,22.232,1777.133,93436,0,0,116,9017,10,6,0,0,0,25,21,14,0,13,7,FALSE,0,FALSE
504.19916,15.818,15.385,13.273,12.449,16.144,20,18,5,1965863.9,73,75,73,75,103,103,101,100,20.231,20.194,22.317,22.231,1809.66,93436,29941,0,100,9017,10,6,0,0,0,25,21,14,0,13,7,FALSE,0,FALSE
504.70062,15.828,15.397,13.283,12.458,16.143,20,18,5,1996051.2,70,72,72,71,103,103,101,100,20.231,20.195,22.316,22.232,1841.494,93436,29941,0,100,9017,10,6,0,0,0,25,21,14,0,13,7,FALSE,0,FALSE
505.20255,15.845,15.409,13.306,12.478,16.143,20,18,5,2017236.1,75,72,79,75,103,103,101,100,20.231,20.195,22.318,22.233,1868.539,93436,29941,0,100,9017,10,6,0,0,0,25,21,14,0,13,7,FALSE,0,FALSE
505.70172,15.869,15.426,13.34,12.506,16.142,20,18,5,2026644.9,78,74,84,78,103,103,102,100,20.234,20.196,22.322,22.235,1893.238,93436,29941,0,133,9066,10,6,0,0,0,25,21,14,0,13,7,FALSE,0,FALSE
506.2042,15.902,15.45,13.385,12.535,16.137,20,18,5,2035171.2,84,76,91,79,103,103,102,100,20.238,20.197,22.327,22.238,1921.555,93436,29941,0,133,9066,10,6,0,0,0,25,21,14,0,13,7,FALSE,0,FALSE
507.2015,16.002,15.531,13.466,12.593,16.119,20,18,5,2049354,83,79,79,75,104,103,102,100,20.252,20.206,22.339,22.243,1971.51,93436,29941,0,250,9250,10,6,0,0,0,25,21,14,0,13,7,FALSE,0,FALSE
508.2021,16.054,15.592,13.5,12.632,16.094,20,18,5,2048546.4,77,82,75,77,104,103,102,100,20.255,20.21,22.337,22.243,2027.469,93436,29941,0,300,9367,10,6,0,0,0,25,21,14,0,13,7,FALSE,0,FALSE
508.7028,16.092,15.634,13.534,12.675,16.08,20,18,5,2043961.8,81,83,79,84,104,103,102,100,20.256,20.213,22.336,22.244,2059.658,93436,29941,0,367,9367,10,6,0,0,0,25,21,14,0,13,7,FALSE,0,FALSE
509.20148,16.13,15.68,13.567,12.714,16.067,20,18,5,2041838.6,79,82,77,81,104,103,102,100,20.257,20.216,22.335,22.246,2088.684,93436,29941,0,384,9417,10,6,0,0,0,25,21,14,0,13,7,FALSE,0,FALSE
510.20343,16.188,15.745,13.616,12.754,16.039,20,18,5,2024497.1,75,78,74,74,104,103,102,100,20.255,20.218,22.33,22.243,2154.92,93436,29941,0,383,9450,10,6,0,0,0,25,21,14,0,13,7,FALSE,0,FALSE
510.69772,16.203,15.76,13.634,12.772,16.032,20,18,5,2038852.9,75,75,78,77,104,103,102,100,20.253,20.217,22.328,22.241,2186.477,93436,29941,0,383,9467,10,6,0,0,0,25,21,14,0,13,7,FALSE,0,FALSE
511.20096,16.217,15.774,13.646,12.786,16.031,20,18,5,2066147.2,74,73,75,74,104,103,102,100,20.254,20.218,22.331,22.245,2212.203,93436,29941,0,384,9467,10,6,0,0,0,25,21,14,0,13,7,FALSE,0,FALSE
511.70264,16.227,15.782,13.653,12.794,16.031,20,18,5,2090140.4,73,71,75,73,104,103,102,100,20.255,20.219,22.334,22.248,2233.207,93436,29941,0,384,9567,10,6,0,0,0,25,21,14,0,13,7,FALSE,0,FALSE
512.2012,16.237,15.79,13.662,12.804,16.031,20,18,5,2108222.5,75,71,75,75,104,103,102,100,20.257,20.22,22.338,22.252,2249.051,93436,29941,0,384,9567,10,6,0,0,0,25,21,14,0,13,7,FALSE,0,FALSE
512.70325,16.251,15.801,13.69,12.824,16.031,20,18,5,2121140.5,77,73,85,79,104,103,102,100,20.261,20.222,22.344,22.257,2261.273,93436,29941,0,384,9567,10,6,0,0,0,25,21,14,0,13,7,FALSE,0,FALSE
513.20105,16.259,15.807,13.723,12.845,16.03,20,18,5,2127426,76,72,94,83,104,103,102,101,20.264,20.224,22.353,22.264,2272.352,93436,29941,0,417,9567,10,6,0,0,0,25,21,14,0,13,7,FALSE,0,FALSE
513.70306,16.268,15.815,13.751,12.864,16.027,20,18,5,2133138.2,76,73,96,83,104,103,102,101,20.267,20.226,22.366,22.271,2289.396,93436,29941,0,417,9567,10,6,0,0,0,25,21,14,0,13,7,FALSE,0,FALSE
514.20197,16.281,15.825,13.762,12.872,16.023,20,18,5,2138841.8,79,74,88,80,104,103,102,101,20.27,20.227,22.375,22.277,2302.797,93436,29941,0,417,9567,10,6,0,0,0,25,21,14,0,13,7,FALSE,0,FALSE
514.70044,16.29,15.833,13.767,12.877,16.017,20,18,5,2145301.5,77,73,81,75,104,103,103,101,20.274,20.229,22.382,22.281,2315.928,93436,29941,0,417,9633,10,6,0,0,0,25,21,14,0,13,7,FALSE,0,FALSE
515.20074,16.303,15.847,13.772,12.881,16.009,20,18,5,2152536,78,76,76,72,104,103,103,101,20.277,20.231,22.385,22.283,2330.084,93436,29941,0,367,9633,10,6,0,0,0,25,21,14,0,13,7,FALSE,0,FALSE
515.7026,16.325,15.871,13.775,12.884,15.998,20,18,5,2160054,82,81,73,70,104,103,103,101,20.28,20.235,22.387,22.284,2346.98,93436,29941,0,367,9633,10,6,0,0,0,25,21,14,0,13,7,FALSE,0,FALSE
516.2021,16.35,15.898,13.776,12.885,15.987,20,18,5,2169083,82,82,70,69,104,103,103,101,20.285,20.24,22.386,22.284,2365.707,93436,29941,0,367,9633,10,6,0,0,0,25,21,14,0,13,7,FALSE,0,FALSE
516.6926,16.363,15.913,13.776,12.885,15.974,20,18,5,2165327.8,76,76,69,69,104,103,103,101,20.287,20.243,22.385,22.283,2387.717,93436,29941,0,283,9583,10,6,0,0,0,25,21,14,0,13,7,FALSE,0,FALSE
517.20056,16.375,15.927,13.776,12.885,15.96,20,18,5,2160276.8,74,74,69,69,104,103,103,101,20.288,20.244,22.383,22.281,2412.465,93436,29941,0,283,9583,10,6,0,0,0,25,21,14,0,13,7,FALSE,0,FALSE
517.6993,16.385,15.937,13.776,12.885,15.947,20,18,5,2159893,73,72,69,69,104,103,102,101,20.287,20.243,22.38,22.279,2439.613,93436,29941,0,217,9517,10,6,0,0,0,25,21,14,0,13,7,FALSE,0,FALSE
518.70245,16.403,15.955,13.776,12.885,15.92,20,18,5,2149943.8,72,71,70,69,104,103,102,101,20.284,20.24,22.372,22.273,2500.918,93436,29941,0,167,9516,10,6,0,0,0,25,21,14,0,13,7,FALSE,0,FALSE
519.70276,16.422,15.978,13.784,12.892,15.892,20,18,5,2132701.5,72,74,71,72,104,103,102,101,20.278,20.235,22.364,22.266,2567.986,93436,29941,0,166,9517,10,6,0,0,0,25,21,14,0,13,7,FALSE,0,FALSE
520.20135,16.441,16.002,13.807,12.916,15.879,20,18,5,2126694.2,74,77,76,78,104,103,102,101,20.275,20.234,22.36,22.264,2602.125,93436,29941,0,150,9517,10,6,0,0,0,25,21,14,0,13,7,FALSE,0,FALSE
520.6996,16.47,16.037,13.846,12.953,15.877,20,18,5,2156831.2,75,78,77,79,104,103,102,101,20.275,20.236,22.361,22.266,2634.191,93436,29941,0,150,9517,10,6,0,0,0,25,21,14,0,13,7,FALSE,0,FALSE
521.19824,16.48,16.052,13.857,12.964,15.876,20,18,5,2184072.5,72,74,74,75,104,103,102,101,20.276,20.238,22.363,22.269,2662.514,93436,29941,0,150,9617,10,6,0,0,0,25,21,14,0,13,7,FALSE,0,FALSE
521.6992,16.489,16.063,13.867,12.973,15.876,20,18,5,2208318.5,72,74,74,75,104,103,102,101,20.276,20.239,22.365,22.273,2685.697,93436,29941,0,150,9617,10,6,0,0,0,25,21,14,0,13,7,FALSE,0,FALSE
522.20233,16.499,16.075,13.876,12.982,15.875,20,18,5,2229449.5,72,74,73,75,104,103,102,101,20.277,20.242,22.368,22.277,2703.666,93436,29941,0,233,9617,10,6,0,0,0,25,21,14,0,13,7,FALSE,0,FALSE
522.7001,16.501,16.079,13.88,12.985,15.875,20,18,5,2245081,70,72,72,73,104,103,102,101,20.278,20.244,22.37,22.28,2717.797,93436,29941,0,233,9784,10,6,0,0,0,25,21,14,0,13,7,FALSE,0,FALSE
523.2019,16.507,16.086,13.89,12.997,15.875,20,18,5,2258749,70,73,74,77,104,103,102,101,20.278,20.245,22.372,22.284,2730.555,93436,29941,0,233,9784,10,6,0,0,0,25,21,14,0,13,7,FALSE,0,FALSE
523.69946,16.514,16.095,13.907,13.025,15.875,20,18,5,2269861,72,74,78,87,104,104,102,101,20.278,20.248,22.376,22.291,2740.531,93436,29941,0,233,9784,10,6,0,0,0,25,21,14,0,13,7,FALSE,0,FALSE
524.20135,16.521,16.103,13.923,13.05,15.872,20,18,5,2274997.2,73,75,81,92,104,104,102,101,20.28,20.25,22.38,22.301,2760.238,93436,29941,0,350,9784,10,6,0,0,0,25,21,14,0,13,7,FALSE,0,FALSE
524.70184,16.53,16.114,13.93,13.059,15.868,20,18,5,2280458.5,74,78,78,85,104,104,103,101,20.281,20.253,22.385,22.31,2771.619,93436,29941,0,350,9900,10,6,0,0,0,25,21,14,0,13,7,FALSE,0,FALSE
525.19763,16.541,16.126,13.933,13.063,15.862,20,18,5,2286581.2,75,78,74,78,104,104,103,101,20.283,20.258,22.387,22.315,2783.119,93436,29941,0,350,9900,10,6,0,0,0,25,21,14,0,13,7,FALSE,0,FALSE
525.7007,16.551,16.135,13.935,13.064,15.853,20,18,5,2292011.8,75,76,71,74,104,104,103,101,20.285,20.261,22.388,22.318,2797.346,93436,29941,0,350,9900,10,6,0,0,0,25,21,14,0,13,7,FALSE,0,FALSE
526.1984,16.568,16.154,13.935,13.064,15.842,20,18,5,2296734,78,79,69,70,104,104,103,101,20.288,20.263,22.387,22.319,2814.055,93436,29941,0,450,9900,10,6,0,0,0,25,21,14,0,13,7,FALSE,0,FALSE
526.69867,16.595,16.178,13.935,13.064,15.831,20,18,5,2305063.5,81,80,68,69,104,104,103,101,20.292,20.268,22.385,22.318,2833.551,93436,29941,0,450,9850,10,6,0,0,0,25,21,14,0,13,7,FALSE,0,FALSE
527.20264,16.615,16.197,13.935,13.064,15.817,20,18,5,2301007.2,78,77,68,69,104,104,103,101,20.294,20.271,22.383,22.316,2856.602,93436,29941,0,383,9850,10,6,0,0,0,25,21,14,0,13,7,FALSE,0,FALSE
527.70087,16.629,16.211,13.935,13.064,15.803,20,18,5,2295920.5,74,74,69,69,104,104,102,101,20.295,20.272,22.381,22.314,2880.887,93436,29941,0,383,9817,10,6,0,0,0,25,21,14,0,13,7,FALSE,0,FALSE
528.2032,16.64,16.222,13.935,13.064,15.79,20,18,5,2294859.8,72,72,69,69,104,104,102,101,20.295,20.271,22.378,22.312,2909.33,93436,29941,0,333,9817,10,6,0,0,0,25,21,14,0,13,7,FALSE,0,FALSE
528.7015,16.649,16.231,13.935,13.064,15.777,20,18,5,2287672.2,71,71,70,70,104,104,102,101,20.293,20.27,22.375,22.309,2938.131,93436,29941,0,333,9800,10,6,0,0,0,25,21,14,0,13,7,FALSE,0,FALSE
529.2032,16.657,16.239,13.935,13.064,15.764,20,18,5,2284541.2,71,71,70,70,104,104,102,101,20.291,20.268,22.371,22.306,2970.92,93436,29941,0,300,9800,10,6,0,0,0,25,21,14,0,13,7,FALSE,0,FALSE
529.7023,16.665,16.247,13.935,13.064,15.75,20,18,5,2275901.2,71,71,70,70,104,104,102,101,20.288,20.265,22.367,22.302,3004.514,93436,29941,0,300,9800,10,6,0,0,0,25,21,14,0,13,7,FALSE,0,FALSE
530.1969,16.671,16.253,13.935,13.064,15.738,20,18,5,2272866.8,71,71,70,70,104,104,102,101,20.285,20.262,22.362,22.298,3038.453,93436,29941,0,283,9800,10,6,0,0,0,25,21,14,0,13,7,FALSE,0,FALSE
530.7006,16.678,16.26,13.935,13.064,15.724,20,18,5,2264226.8,71,71,70,70,104,104,102,101,20.281,20.259,22.357,22.293,3074.867,93436,29941,0,283,9800,10,6,0,0,0,25,21,14,0,13,7,FALSE,0,FALSE
531.2,16.685,16.266,13.935,13.064,15.71,20,18,5,2255586.8,71,71,71,71,104,104,102,101,20.277,20.255,22.351,22.288,3112.594,93436,29941,0,283,9800,10,6,0,0,0,25,21,14,0,13,7,FALSE,0,FALSE
531.6988,16.691,16.273,13.935,13.064,15.696,20,18,5,2246946.8,71,71,71,71,104,104,102,101,20.272,20.25,22.345,22.283,3151.521,93436,29941,0,250,9783,10,6,0,0,0,25,21,14,0,13,7,FALSE,0,FALSE
532.70105,16.702,16.284,13.935,13.064,15.67,20,18,5,2234939.8,71,71,71,71,104,103,102,101,20.262,20.24,22.332,22.27,3232.16,93436,29941,0,234,9767,10,6,0,0,0,25,21,14,0,13,7,FALSE,0,FALSE
533.6987,16.714,16.294,13.935,13.065,15.642,20,18,5,2217659.8,71,71,71,71,104,103,101,100,20.25,20.229,22.317,22.256,3316.133,93436,29941,0,216,9683,10,6,0,0,0,25,21,14,0,13,7,FALSE,0,FALSE
534.1949,16.729,16.31,13.954,13.084,15.634,20,18,5,2233959,74,74,76,76,103,103,101,100,20.246,20.225,22.313,22.252,3357.465,93436,29941,0,216,9683,10,6,0,0,0,25,21,14,0,13,7,FALSE,0,FALSE
534.69885,16.745,16.325,13.969,13.1,15.633,20,18,5,2266556.5,72,72,73,73,103,103,101,100,20.246,20.225,22.316,22.255,3390.791,93436,29941,0,200,9650,10,6,0,0,0,25,21,14,0,13,7,FALSE,0,FALSE
535.1985,16.752,16.334,13.978,13.108,15.632,20,18,5,2295022.2,71,72,73,74,103,103,101,100,20.246,20.226,22.319,22.259,3418.416,93436,29941,0,200,9750,10,6,0,0,0,25,21,14,0,13,7,FALSE,0,FALSE
536.20087,16.796,16.391,14.06,13.215,15.627,20,18,5,2327262,77,81,87,96,104,103,102,101,20.252,20.236,22.332,22.278,3462.902,93436,29941,0,300,9750,10,6,0,0,0,25,21,14,0,13,7,FALSE,0,FALSE
536.703,16.819,16.421,14.1,13.266,15.62,20,18,5,2334493,79,84,87,95,104,103,102,101,20.255,20.241,22.341,22.29,3488.125,93436,29941,0,300,9750,10,6,0,0,0,25,21,14,0,13,7,FALSE,0,FALSE
537.20197,16.844,16.453,14.131,13.305,15.612,20,18,5,2341131,79,84,83,90,104,104,102,101,20.259,20.248,22.347,22.3,3509.283,93436,29941,0,333,9817,10,6,0,0,0,25,21,14,0,13,7,FALSE,0,FALSE
537.70386,16.867,16.481,14.156,13.335,15.603,20,18,5,2347942,78,83,80,85,104,104,102,101,20.262,20.254,22.352,22.308,3531.613,93436,29941,0,333,9817,10,6,0,0,0,25,21,14,0,13,7,FALSE,0,FALSE
538.20215,16.89,16.508,14.172,13.353,15.592,20,18,5,2353976.8,77,81,76,80,104,104,102,101,20.265,20.258,22.355,22.313,3553.523,93436,29941,0,366,9817,10,6,0,0,0,25,21,14,0,13,7,FALSE,0,FALSE
538.70074,16.915,16.537,14.19,13.372,15.579,20,18,5,2356153.5,78,82,76,79,104,104,102,101,20.267,20.262,22.356,22.316,3577.717,93436,29941,0,366,9850,10,6,0,0,0,25,21,14,0,13,7,FALSE,0,FALSE
539.19977,16.953,16.581,14.216,13.4,15.566,20,18,5,2355647,81,86,78,81,104,104,102,101,20.269,20.267,22.357,22.318,3603.65,93436,29941,0,384,9850,10,6,0,0,0,25,21,14,0,13,7,FALSE,0,FALSE
539.7009,16.993,16.628,14.245,13.431,15.552,20,18,5,2348835.8,80,85,78,80,104,104,102,101,20.273,20.273,22.358,22.321,3631.51,93436,29941,0,384,9884,10,6,0,0,0,25,21,14,0,13,7,FALSE,0,FALSE
540.19836,17.016,16.656,14.262,13.448,15.538,20,18,5,2341268.5,75,79,75,76,104,104,102,101,20.274,20.276,22.358,22.321,3661.49,93436,29941,0,383,9884,10,6,0,0,0,25,21,14,0,13,7,FALSE,0,FALSE
540.701,17.03,16.674,14.271,13.456,15.526,20,18,5,2338545,72,76,72,72,104,104,102,101,20.272,20.276,22.356,22.32,3693.807,93436,29941,0,383,9916,10,6,0,0,0,25,21,14,0,13,7,FALSE,0,FALSE
541.1954,17.044,16.687,14.278,13.463,15.512,20,18,5,2329907,75,74,74,72,104,104,102,101,20.27,20.274,22.353,22.317,3727.188,93436,29941,0,383,9916,10,6,0,0,0,25,21,14,0,13,7,FALSE,0,FALSE
541.6969,17.071,16.709,14.301,13.485,15.498,20,18,5,2321267,77,75,78,75,104,104,102,101,20.269,20.272,22.35,22.313,3761.107,93436,29941,0,383,9933,10,6,0,0,0,25,21,14,0,13,7,FALSE,0,FALSE
542.2019,17.12,16.75,14.357,13.537,15.484,20,18,5,2312627,84,80,87,82,104,104,102,101,20.27,20.272,22.35,22.312,3796.322,93436,29941,0,383,9933,10,6,0,0,0,25,21,14,0,13,7,FALSE,0,FALSE
542.69855,17.185,16.804,14.45,13.619,15.47,20,18,5,2303987,87,82,95,89,104,104,102,101,20.272,20.272,22.353,22.313,3832.744,93436,29941,0,383,9933,10,6,0,0,0,25,21,14,0,13,7,FALSE,0,FALSE
543.2027,17.261,16.868,14.575,13.727,15.457,20,18,5,2300517.2,86,82,99,92,104,104,102,101,20.276,20.274,22.358,22.316,3870.707,93436,29941,0,383,9933,10,6,0,0,0,25,21,14,0,13,7,FALSE,0,FALSE
543.7018,17.325,16.922,14.675,13.811,15.444,20,18,5,2292165.2,86,82,93,87,104,104,102,101,20.278,20.274,22.363,22.318,3905.859,93436,29941,0,383,9933,10,6,0,0,0,25,21,14,0,13,7,FALSE,0,FALSE
544.1995,17.379,16.967,14.735,13.865,15.431,20,18,5,2283525.2,82,78,85,81,104,104,102,101,20.279,20.273,22.363,22.316,3941.77,93436,29941,0,384,9934,10,6,0,0,0,25,21,14,0,13,7,FALSE,0,FALSE
544.70074,17.418,16.999,14.77,13.898,15.417,20,18,5,2274885.2,78,76,78,75,104,104,102,101,20.278,20.27,22.36,22.313,3977.451,93436,29941,0,384,9934,10,6,0,0,0,25,21,14,0,13,7,FALSE,0,FALSE
545.1994,17.429,17.006,14.772,13.901,15.403,20,18,5,2268474.8,72,72,71,70,104,104,102,101,20.274,20.265,22.354,22.306,4014.549,93436,29941,40960,384,9934,10,6,0,0,0,25,21,14,0,13,7,FALSE,0,FALSE
545.7018,17.453,17.022,14.796,13.917,15.4,20,18,5,2298309.8,76,73,77,75,104,104,102,101,20.271,20.262,22.352,22.303,4048.576,93436,29941,40960,384,9934,10,6,0,0,0,25,21,14,0,13,7,FALSE,0,FALSE
546.1991,17.485,17.048,14.829,13.949,15.399,20,18,5,2326481.5,81,77,84,81,104,104,102,101,20.273,20.262,22.355,22.306,4075.213,93436,29941,40960,384,9934,10,6,0,0,0,25,21,14,0,13,7,FALSE,0,FALSE
546.6976,17.52,17.075,14.889,13.996,15.399,20,18,5,2347806.8,83,78,95,87,104,104,102,101,20.278,20.264,22.363,22.312,4097.076,93436,29941,40960,417,9967,10,6,0,0,0,25,21,14,0,13,7,FALSE,0,FALSE
547.1978,17.542,17.091,14.947,14.039,15.398,20,18,5,2357610.5,81,76,99,88,104,104,102,101,20.283,20.266,22.374,22.32,4117.045,93436,29941,40960,417,10000,10,6,0,0,0,25,21,14,0,13,7,FALSE,0,FALSE
547.7026,17.566,17.109,14.996,14.076,15.392,20,18,5,2364855.5,81,76,96,87,104,104,103,102,20.286,20.268,22.385,22.327,4138.523,93436,29941,40960,417,10000,10,6,0,0,0,25,21,14,0,13,7,FALSE,0,FALSE
548.2012,17.594,17.132,15.034,14.103,15.386,20,18,5,2371477,83,80,94,84,104,104,103,102,20.291,20.269,22.394,22.332,4162.166,93436,29941,40960,434,10000,10,6,0,0,0,25,21,14,0,13,7,FALSE,0,FALSE
548.70264,17.628,17.162,15.065,14.127,15.375,20,18,5,2378093.8,86,82,88,80,104,104,103,102,20.295,20.272,22.401,22.336,4183.889,93436,29941,40960,434,9950,10,6,0,0,0,25,21,14,0,13,7,FALSE,0,FALSE
549.2014,17.688,17.214,15.084,14.142,15.365,20,18,5,2384486.5,95,90,81,75,105,104,103,102,20.302,20.278,22.405,22.337,4204.785,93436,29941,40960,366,9950,10,6,0,0,0,25,21,14,0,13,7,FALSE,0,FALSE
550.1991,17.735,17.261,15.092,14.151,15.339,20,18,5,2381741.5,78,77,72,71,105,104,103,102,20.309,20.283,22.403,22.335,4254.717,93436,29941,40960,350,9950,10,6,0,0,0,25,21,14,0,13,7,FALSE,0,FALSE
550.70087,17.75,17.275,15.094,14.154,15.325,20,18,5,2374932.5,74,74,71,70,105,104,103,102,20.308,20.282,22.4,22.332,4283.266,93436,29941,40960,350,9950,10,6,0,0,0,25,21,14,0,13,7,FALSE,0,FALSE
551.1985,17.762,17.286,15.095,14.155,15.312,20,18,5,2372654.5,73,72,70,71,105,104,103,102,20.306,20.28,22.396,22.328,4313.756,93436,29941,40960,350,9950,10,6,0,0,0,25,21,14,0,13,7,FALSE,0,FALSE
551.6998,17.774,17.3,15.096,14.156,15.299,20,18,5,2364834.5,73,73,70,70,105,104,103,102,20.304,20.278,22.392,22.324,4345.76,93436,29941,40960,350,9967,10,6,0,0,0,25,21,14,0,13,7,FALSE,0,FALSE
552.2006,17.781,17.307,15.096,14.156,15.285,20,18,5,2356194.5,72,72,70,70,105,104,103,101,20.3,20.275,22.387,22.32,4379.395,93436,29941,40960,350,9967,10,6,0,0,0,25,21,14,0,13,7,FALSE,0,FALSE
552.7012,17.788,17.314,15.096,14.156,15.272,20,18,5,2352870,71,72,70,70,104,104,103,101,20.296,20.271,22.382,22.314,4414.414,93436,29941,40960,350,9967,10,6,0,0,0,25,21,14,0,13,7,FALSE,0,FALSE
553.198,17.794,17.32,15.096,14.156,15.258,20,18,5,2344230,72,72,70,70,104,104,102,101,20.291,20.266,22.376,22.309,4450.584,93436,29941,40960,350,9967,10,6,0,0,0,25,21,14,0,13,7,FALSE,0,FALSE
553.702,17.8,17.326,15.096,14.156,15.245,20,18,5,2335590,72,72,70,70,104,104,102,101,20.286,20.261,22.369,22.302,4487.912,93436,29941,40960,350,9967,10,6,0,0,0,25,21,14,0,13,7,FALSE,0,FALSE
554.20233,17.807,17.333,15.096,14.156,15.23,20,18,5,2326662,72,72,71,70,104,104,102,101,20.281,20.256,22.362,22.296,4527.617,93436,29941,40960,333,9967,10,6,0,0,0,25,21,14,0,13,7,FALSE,0,FALSE
554.70026,17.812,17.338,15.096,14.156,15.217,20,18,5,2318310,72,72,71,71,104,104,102,101,20.275,20.251,22.355,22.289,4565.705,93436,29941,40960,333,9967,10,6,0,0,0,25,21,14,0,13,7,FALSE,0,FALSE
555.1996,17.818,17.344,15.096,14.156,15.203,20,18,5,2309670,72,73,71,71,104,103,102,101,20.269,20.245,22.347,22.282,4605.969,93436,29941,40960,333,9967,10,6,0,0,0,25,21,14,0,13,7,FALSE,0,FALSE
555.6988,17.823,17.35,15.096,14.156,15.19,20,18,5,2306474.5,73,73,72,72,104,103,102,101,20.263,20.24,22.34,22.275,4646.867,93436,29941,40960,300,9934,10,6,0,0,0,25,21,14,0,13,7,FALSE,0,FALSE
556.2016,17.829,17.356,15.096,14.156,15.177,20,18,5,2297834.5,73,73,71,71,104,103,102,101,20.257,20.234,22.332,22.267,4688.406,93436,29941,40960,300,9933,10,6,0,0,0,25,21,14,0,13,7,FALSE,0,FALSE
557.198,17.84,17.367,15.096,14.156,15.149,20,18,5,2280554.5,73,73,72,71,103,103,101,100,20.244,20.221,22.315,22.251,4773.174,93436,29941,40960,283,9916,10,6,0,0,0,25,21,14,0,13,7,FALSE,0,FALSE
557.70056,17.848,17.375,15.105,14.162,15.137,20,18,5,2281615.8,73,74,76,74,103,103,101,100,20.237,20.214,22.306,22.242,4816.027,93436,29941,40960,250,9916,10,6,0,0,0,25,21,14,0,13,7,FALSE,0,FALSE
558.1982,17.878,17.405,15.141,14.194,15.135,20,18,5,2315497.8,75,74,78,77,103,103,101,100,20.236,20.213,22.308,22.244,4852.342,93436,29941,40960,233,9883,10,6,0,0,0,25,21,14,0,13,7,FALSE,0,FALSE
558.7026,17.896,17.427,15.158,14.21,15.134,20,18,5,2344278.8,74,74,75,74,103,103,101,100,20.238,20.215,22.313,22.25,4880.99,93436,29941,40960,233,9883,10,6,0,0,0,25,21,14,0,13,7,FALSE,0,FALSE
559.2,17.913,17.442,15.174,14.226,15.134,20,18,5,2366201,76,74,78,76,103,103,101,100,20.24,20.217,22.318,22.255,4901.807,93436,29941,40960,233,9133,10,6,0,0,0,25,21,14,0,13,7,FALSE,0,FALSE
559.70154,17.927,17.452,15.19,14.239,15.134,20,18,5,2381164.5,76,72,79,75,103,103,102,100,20.244,20.22,22.325,22.26,4919.168,93436,29941,40960,266,9133,10,6,0,0,0,25,21,14,0,13,7,FALSE,0,FALSE
560.2002,17.941,17.462,15.218,14.259,15.133,20,18,5,2390205.2,77,73,86,78,104,103,102,101,20.247,20.221,22.332,22.266,4936.26,93436,29941,40960,266,9133,10,6,0,0,0,25,21,14,0,13,7,FALSE,0,FALSE
561.70013,17.988,17.504,15.259,14.289,15.111,20,18,5,2404312,77,75,75,72,104,103,102,101,20.259,20.229,22.352,22.278,4994.078,93436,29941,40960,317,9183,10,6,0,0,0,25,21,14,0,13,7,FALSE,0,FALSE
562.19904,18.007,17.522,15.267,14.297,15.099,20,18,5,2405459,78,76,74,71,104,103,102,101,20.262,20.231,22.354,22.28,5014.508,93436,29941,40960,317,9183,10,6,0,0,0,25,21,14,0,13,7,FALSE,0,FALSE
562.6939,18.044,17.559,15.277,14.306,15.085,20,18,5,2401077.2,84,82,74,71,104,103,102,101,20.267,20.235,22.356,22.281,5036.908,93436,29941,40960,317,9183,10,6,0,0,0,25,21,14,0,13,7,FALSE,0,FALSE
563.19965,18.062,17.576,15.281,14.31,15.073,20,18,5,2400906.5,76,75,72,70,104,103,102,101,20.27,20.238,22.356,22.281,5062.252,93436,29941,40960,317,9200,10,6,0,0,0,25,21,14,0,13,7,FALSE,0,FALSE
563.69995,18.074,17.586,15.282,14.311,15.059,20,18,5,2394186,73,72,70,69,104,103,102,101,20.27,20.238,22.355,22.28,5090.551,93436,29941,40960,283,9200,10,6,0,0,0,25,21,14,0,13,7,FALSE,0,FALSE
564.197,18.082,17.595,15.282,14.311,15.045,20,18,5,2386478.5,72,72,69,70,104,103,102,101,20.269,20.237,22.353,22.278,5121.037,93436,29941,40960,283,9200,10,6,0,0,0,25,21,14,0,13,7,FALSE,0,FALSE
564.69507,18.09,17.603,15.282,14.312,15.032,20,18,5,2383599,73,72,70,70,104,103,102,101,20.268,20.235,22.35,22.276,5153.203,93436,29941,40960,250,9217,10,6,0,0,0,25,21,14,0,13,7,FALSE,0,FALSE
565.19476,18.097,17.61,15.282,14.312,15.018,20,18,5,2374959,72,72,70,70,104,103,102,101,20.266,20.234,22.347,22.273,5187.012,93436,29941,40960,250,9217,10,6,0,0,0,25,21,14,0,13,7,FALSE,0,FALSE
565.6927,18.103,17.616,15.282,14.312,15.006,20,18,5,2371769.5,72,72,70,70,104,103,102,101,20.263,20.231,22.343,22.27,5222.312,93436,29941,40960,250,9217,10,6,0,0,0,25,21,14,0,13,7,FALSE,0,FALSE
566.1983,18.11,17.622,15.282,14.312,14.992,20,18,5,2363129.5,72,72,70,70,104,103,102,101,20.26,20.228,22.339,22.266,5258.734,93436,29941,40960,233,9217,10,6,0,0,0,25,21,14,0,13,7,FALSE,0,FALSE
566.69446,18.116,17.628,15.282,14.312,14.978,20,18,5,2354489.5,72,72,71,70,104,103,102,101,20.257,20.225,22.334,22.262,5296.289,93436,29941,40960,234,9234,10,6,0,0,0,25,21,14,0,13,7,FALSE,0,FALSE
567.19556,18.122,17.634,15.282,14.312,14.964,20,18,5,2345849.5,71,71,71,71,104,103,102,100,20.253,20.221,22.329,22.257,5334.893,93436,29941,40960,234,9234,10,6,0,0,0,25,21,14,0,13,7,FALSE,0,FALSE
567.6966,18.128,17.64,15.282,14.312,14.95,20,18,5,2337209.5,71,71,71,71,104,103,102,100,20.248,20.217,22.323,22.252,5374.555,93436,29941,40960,200,9233,10,6,0,0,0,25,21,14,0,13,7,FALSE,0,FALSE
568.1954,18.134,17.646,15.282,14.312,14.938,20,18,6,2334025,71,71,71,71,103,103,101,100,20.243,20.212,22.317,22.246,6.246,93938,0,0,200,9233,8,7,0,0,0,25,21,14,0,13,7,FALSE,0,FALSE
568.6935,18.139,17.651,15.282,14.312,14.924,20,18,6,2325385,71,71,71,71,103,103,101,100,20.237,20.207,22.31,22.24,47.693,93938,0,0,200,9233,8,7,0,0,0,25,21,14,0,13,7,FALSE,0,FALSE
569.1901,18.145,17.657,15.282,14.312,14.91,20,18,6,2316745,71,71,71,71,103,103,101,100,20.231,20.201,22.303,22.233,89.898,93938,0,0,200,9233,7,7,0,0,0,25,21,14,0,13,7,FALSE,0,FALSE
570.196,18.155,17.668,15.283,14.312,14.882,20,18,6,2299465,71,71,71,71,103,102,101,100,20.219,20.189,22.288,22.218,176.367,93938,0,0,100,9183,5,7,0,0,0,25,21,14,0,13,7,FALSE,0,FALSE
570.69806,18.161,17.674,15.283,14.312,14.869,20,18,6,2290825,72,71,72,71,103,102,101,100,20.212,20.183,22.28,22.211,220.381,93938,0,0,84,9183,5,7,0,0,0,25,21,14,0,13,7,FALSE,0,FALSE
571.1963,18.167,17.679,15.283,14.312,14.855,20,18,6,2282185,72,71,72,71,103,102,101,100,20.205,20.176,22.272,22.203,264.742,93938,0,0,84,9183,5,7,0,0,0,25,21,14,0,13,7,FALSE,0,FALSE
571.6998,18.173,17.685,15.283,14.312,14.841,20,18,6,2273545,72,71,72,71,103,102,101,99,20.199,20.169,22.263,22.195,309.377,93938,0,0,66,9116,5,7,0,0,0,25,21,14,0,13,7,FALSE,0,FALSE
572.19824,18.178,17.69,15.284,14.312,14.827,20,18,6,2264906.8,71,71,71,71,102,102,100,99,20.191,20.162,22.254,22.186,354.285,93938,0,0,2317,9116,4,7,0,0,0,25,21,14,0,13,7,FALSE,0,FALSE
573.19934,18.189,17.701,15.284,14.312,14.8,20,18,6,2247912,72,72,72,72,102,102,100,99,20.176,20.147,22.236,22.169,444.699,93938,0,0,2317,9100,4,7,0,0,0,25,21,14,0,13,7,FALSE,0,FALSE
573.6987,18.194,17.706,15.284,14.312,14.786,20,18,6,2239601.2,72,72,72,72,102,101,100,99,20.167,20.139,22.227,22.16,490.18,93938,0,0,2317,9100,4,7,0,0,0,25,21,14,0,13,7,FALSE,0,FALSE
574.19586,18.199,17.711,15.284,14.312,14.772,20,18,6,2231407.8,72,72,72,72,102,101,100,99,20.159,20.131,22.217,22.151,535.828,93938,0,0,2317,9066,4,7,0,0,0,25,21,14,0,13,7,FALSE,0,FALSE
574.69824,18.205,17.717,15.284,14.312,14.758,20,18,6,2223303.2,73,73,72,72,102,101,100,98,20.15,20.122,22.207,22.141,581.594,93938,0,0,2316,9066,4,7,0,0,0,25,21,14,0,13,7,FALSE,0,FALSE
575.19775,18.221,17.733,15.304,14.333,14.751,20,18,6,2243873.2,74,75,77,76,102,101,99,98,20.144,20.116,22.202,22.136,625.32,93938,0,0,2316,9050,4,7,0,0,0,25,21,14,0,13,7,FALSE,0,FALSE
575.6967,18.248,17.755,15.331,14.363,14.749,20,18,6,2276661.2,75,75,77,77,102,101,100,98,20.144,20.117,22.206,22.14,659.984,93938,0,0,2316,9050,4,7,0,0,0,25,21,14,0,13,7,FALSE,0,FALSE
576.2003,18.272,17.779,15.351,14.383,14.748,20,18,6,2303710.5,76,76,76,76,102,101,100,99,20.148,20.12,22.213,22.148,686.027,93938,0,0,2316,9050,4,7,0,0,0,25,21,14,0,13,7,FALSE,0,FALSE
576.6986,18.283,17.79,15.36,14.392,14.748,20,18,6,2325488,74,73,75,74,102,101,100,99,20.152,20.124,22.219,22.154,705.359,93938,0,0,2283,9067,4,7,0,0,0,25,21,14,0,13,7,FALSE,0,FALSE
577.19867,18.296,17.801,15.376,14.406,14.748,20,18,6,2342176.5,76,73,79,75,102,101,100,99,20.156,20.128,22.226,22.161,719.637,93938,0,0,2283,9067,4,7,0,0,0,25,21,14,0,13,7,FALSE,0,FALSE
577.69714,18.307,17.809,15.395,14.421,14.748,20,18,6,2354384,76,72,83,78,102,101,100,99,20.161,20.132,22.235,22.168,730.52,93938,0,0,2283,9067,4,7,0,0,0,25,21,14,0,13,7,FALSE,0,FALSE
578.2001,18.313,17.815,15.426,14.436,14.747,20,18,6,2360311.5,74,73,93,79,102,101,100,99,20.165,20.135,22.246,22.175,749.973,93938,0,0,2283,9067,4,7,0,0,0,25,21,14,0,13,7,FALSE,0,FALSE
578.6973,18.324,17.823,15.446,14.451,14.746,20,18,6,2365100.8,77,73,92,81,102,101,100,99,20.169,20.138,22.259,22.183,763.582,93938,0,0,2000,9067,4,7,0,0,0,25,21,14,0,13,7,FALSE,0,FALSE
579.19586,18.332,17.828,15.452,14.455,14.744,20,18,6,2369915.2,76,72,84,77,102,102,101,99,20.173,20.141,22.269,22.19,772.996,93938,0,0,2000,8916,4,7,0,0,0,25,21,14,0,13,7,FALSE,0,FALSE
579.6952,18.337,17.834,15.453,14.456,14.738,20,18,6,2373672.5,74,72,77,72,102,102,101,99,20.177,20.143,22.276,22.195,783.945,93938,0,0,2000,8916,4,7,0,0,0,25,21,14,0,13,7,FALSE,0,FALSE
580.19635,18.344,17.843,15.453,14.456,14.73,20,18,6,2377069.5,74,73,72,70,102,102,101,99,20.18,20.146,22.28,22.198,797.152,93938,0,0,2000,8916,4,7,0,0,0,25,21,14,0,13,7,FALSE,0,FALSE
580.6995,18.353,17.853,15.455,14.459,14.721,20,18,6,2383223.5,74,74,70,70,102,102,101,99,20.182,20.148,22.282,22.2,812.879,93938,0,0,2000,8916,4,7,0,0,0,25,21,14,0,13,7,FALSE,0,FALSE
581.19867,18.366,17.867,15.463,14.468,14.712,20,18,6,2393472,75,76,71,74,102,102,101,100,20.185,20.151,22.283,22.203,830.605,93938,0,0,2050,8983,4,7,0,0,0,25,21,14,0,13,7,FALSE,0,FALSE
581.69507,18.382,17.886,15.478,14.485,14.703,20,18,6,2399788.5,76,79,75,78,102,102,101,100,20.188,20.156,22.285,22.207,855.109,93938,0,0,2050,8983,4,7,0,0,0,25,21,14,0,13,7,FALSE,0,FALSE
582.19794,18.397,17.903,15.485,14.492,14.692,20,18,6,2405620.2,74,77,72,73,102,102,101,100,20.19,20.16,22.287,22.21,876.004,93938,0,0,2067,8983,4,7,0,0,0,25,21,14,0,13,7,FALSE,0,FALSE
583.1964,18.448,17.954,15.497,14.504,14.666,20,18,6,2392606,76,77,70,71,103,102,101,100,20.196,20.168,22.288,22.212,924.555,93938,0,0,2067,9034,4,7,0,0,0,25,21,14,0,13,7,FALSE,0,FALSE
583.6999,18.464,17.97,15.503,14.509,14.652,20,18,6,2349290.2,76,75,73,71,103,102,101,100,20.197,20.17,22.287,22.212,953.562,93938,0,0,2083,9034,4,7,0,0,0,25,21,14,0,13,7,FALSE,0,FALSE
584.1981,18.495,17.997,15.521,14.527,14.639,20,18,6,2299381,80,77,76,74,103,102,101,100,20.199,20.171,22.287,22.211,984.336,93938,0,0,2083,9050,4,7,0,0,0,25,21,14,0,13,7,FALSE,0,FALSE
584.6989,18.517,18.015,15.529,14.536,14.626,20,18,6,2249914.2,76,74,73,71,103,102,101,100,20.201,20.172,22.286,22.21,1015.715,93938,0,0,2067,9050,4,7,0,0,0,25,21,14,0,13,7,FALSE,0,FALSE
585.19653,18.532,18.028,15.533,14.54,14.612,20,18,6,2192299.2,74,73,71,70,103,102,101,100,20.201,20.171,22.284,22.208,1049.066,93938,0,0,2050,9050,4,7,0,0,0,25,21,14,0,13,7,FALSE,0,FALSE
585.69495,18.541,18.037,15.533,14.54,14.599,20,18,6,2140214.2,72,72,70,70,103,102,101,100,20.199,20.17,22.28,22.205,1084.105,93938,0,0,2050,9050,4,7,0,0,0,25,21,14,0,13,7,FALSE,0,FALSE
586.1969,18.55,18.046,15.533,14.54,14.585,20,18,6,2082599.2,73,73,71,70,103,102,101,99,20.197,20.167,22.276,22.201,1120.434,93938,0,0,2033,9017,4,7,0,0,0,25,21,14,0,13,7,FALSE,0,FALSE
586.69824,18.558,18.054,15.533,14.54,14.571,20,18,6,2024984.2,73,73,71,71,103,102,101,99,20.195,20.165,22.272,22.197,1158.082,93938,0,0,2016,9017,4,7,0,0,0,25,21,14,0,13,7,FALSE,0,FALSE
587.6958,18.571,18.067,15.533,14.54,14.544,20,18,6,1991373,73,72,71,71,102,102,100,99,20.188,20.159,22.261,22.187,1236.289,93938,0,0,2000,8983,4,7,0,0,0,25,21,14,0,13,7,FALSE,0,FALSE
588.1991,18.577,18.073,15.533,14.54,14.53,20,18,6,1982729.2,73,73,71,71,102,102,100,99,20.184,20.156,22.255,22.182,1276.352,93938,0,0,1984,8917,4,7,0,0,0,25,21,14,0,13,7,FALSE,0,FALSE
588.69604,18.582,18.079,15.533,14.54,14.517,20,18,6,1979488.4,72,73,71,71,102,102,100,99,20.18,20.152,22.249,22.176,1316.84,93938,0,0,1983,8917,4,7,0,0,0,25,21,14,0,13,7,FALSE,0,FALSE
589.1989,18.587,18.085,15.533,14.54,14.504,20,18,6,1970844.6,73,73,71,71,102,102,100,99,20.176,20.148,22.242,22.169,1357.707,93938,0,0,1983,8917,4,7,0,0,0,25,21,14,0,13,7,FALSE,0,FALSE
589.6974,18.593,18.091,15.533,14.54,14.49,20,18,6,1962229.9,73,73,71,71,102,102,100,99,20.171,20.143,22.235,22.163,1398.965,93938,0,0,1983,8883,4,7,0,0,0,25,21,14,0,13,7,FALSE,0,FALSE
590.19855,18.613,18.109,15.567,14.569,14.485,20,18,6,1991842.2,75,74,79,77,102,102,100,99,20.169,20.142,22.235,22.163,1436.152,93938,0,0,2000,8883,4,7,0,0,0,25,21,14,0,13,7,FALSE,0,FALSE
590.69556,18.634,18.125,15.583,14.58,14.484,20,18,6,2020033.2,75,73,75,73,102,102,100,99,20.171,20.143,22.24,22.167,1464.941,93938,0,0,2000,8867,4,7,0,0,0,25,21,14,0,13,7,FALSE,0,FALSE
591.1964,18.641,18.13,15.59,14.587,14.484,20,18,6,2045465.8,73,70,74,73,102,102,100,99,20.173,20.145,22.244,22.172,1488.77,93938,0,0,2066,8867,4,7,0,0,0,25,21,14,0,13,7,FALSE,0,FALSE
591.69525,18.659,18.143,15.619,14.611,14.484,20,18,6,2066665,77,73,83,78,102,102,100,99,20.176,20.146,22.25,22.177,1508.75,93938,0,0,2066,8950,4,7,0,0,0,25,21,14,0,13,7,FALSE,0,FALSE
592.6974,18.701,18.171,15.707,14.683,14.482,20,18,6,2086886.4,81,74,96,88,102,102,101,99,20.187,20.152,22.272,22.194,1555.094,93938,0,0,2066,8983,4,7,0,0,0,25,21,14,0,13,7,FALSE,0,FALSE
593.1896,18.714,18.181,15.736,14.703,14.478,20,18,6,2093079.2,78,74,92,83,102,102,101,100,20.192,20.154,22.283,22.203,1573.355,93938,0,0,2083,8983,4,7,0,0,0,25,21,14,0,13,7,FALSE,0,FALSE
593.7002,18.731,18.194,15.755,14.718,14.473,20,18,6,2099276.5,79,74,86,79,103,102,101,100,20.196,20.157,22.292,22.209,1589.941,93938,0,0,2083,8883,4,7,0,0,0,25,21,14,0,13,7,FALSE,0,FALSE
594.1973,18.749,18.209,15.767,14.728,14.465,20,18,6,2105122,79,75,80,75,103,102,101,100,20.201,20.159,22.298,22.213,1606.188,93938,0,0,1983,8883,4,7,0,0,0,25,21,14,0,13,7,FALSE,0,FALSE
594.69977,18.764,18.223,15.773,14.734,14.455,20,18,6,2109565.8,77,74,75,72,103,102,101,100,20.204,20.161,22.301,22.215,1625.023,93938,0,0,1983,8883,4,7,0,0,0,25,21,14,0,13,7,FALSE,0,FALSE
595.1972,18.779,18.237,15.776,14.737,14.443,20,18,6,2106079.8,77,76,73,70,103,102,101,100,20.207,20.163,22.302,22.215,1646.547,93938,0,0,1900,8834,4,7,0,0,0,25,21,14,0,13,7,FALSE,0,FALSE
595.7,18.81,18.265,15.776,14.738,14.429,20,18,6,2103888.8,79,78,71,69,103,102,101,100,20.209,20.166,22.301,22.215,1670.418,93938,0,0,1900,8834,4,7,0,0,0,25,21,14,0,13,7,FALSE,0,FALSE
596.1971,18.829,18.282,15.776,14.738,14.417,20,18,6,2104484.8,75,75,70,69,103,102,101,100,20.211,20.168,22.3,22.213,1696.766,93938,0,0,1900,8800,4,7,0,0,0,25,21,14,0,13,7,FALSE,0,FALSE
596.6985,18.839,18.293,15.778,14.739,14.403,20,18,6,2097795,73,74,70,71,103,102,101,100,20.211,20.169,22.298,22.212,1725.156,93938,0,0,1867,8800,4,7,0,0,0,25,21,14,0,13,7,FALSE,0,FALSE
597.19794,18.85,18.307,15.784,14.744,14.389,20,18,6,2090172.4,73,74,71,72,103,102,101,100,20.21,20.168,22.295,22.21,1755.461,93938,0,0,1867,8800,4,7,0,0,0,25,21,14,0,13,7,FALSE,0,FALSE
597.70013,18.862,18.322,15.791,14.751,14.376,20,18,6,2087398.8,73,74,72,73,103,102,101,100,20.208,20.168,22.293,22.208,1787.418,93938,0,0,1867,8800,4,7,0,0,0,25,21,14,0,13,7,FALSE,0,FALSE
598.2004,18.884,18.349,15.815,14.774,14.362,20,18,6,2078755,76,79,76,78,103,102,101,100,20.207,20.169,22.291,22.207,1821.555,93938,29830,0,1867,8800,4,7,0,0,0,25,21,14,0,13,7,FALSE,0,FALSE
598.6966,18.906,18.37,15.841,14.799,14.356,20,18,6,2092758.8,77,75,81,78,103,102,101,100,20.206,20.169,22.289,22.206,1855.926,93938,29830,0,1867,8800,4,7,0,0,0,25,21,14,0,13,7,FALSE,0,FALSE
599.1991,18.957,18.41,15.936,14.876,14.356,20,18,6,2120721.5,84,79,100,91,103,102,101,100,20.21,20.171,22.295,22.21,1885.406,93938,29830,0,1867,8800,4,7,0,0,0,25,21,14,0,13,7,FALSE,0,FALSE
599.69806,18.994,18.438,16.021,14.944,14.354,20,18,6,2137454,83,78,101,91,103,102,101,100,20.214,20.173,22.306,22.218,1913.84,93938,29830,0,1850,8800,4,7,0,0,0,25,21,14,0,13,7,FALSE,0,FALSE
600.1967,19.034,18.469,16.087,15,14.345,20,18,6,2143058.2,85,79,94,87,103,102,101,100,20.219,20.175,22.316,22.224,1941.285,93938,29830,0,1850,8784,4,7,0,0,0,25,21,14,0,13,7,FALSE,0,FALSE
600.6985,19.072,18.501,16.118,15.025,14.335,20,18,6,2144136,82,78,82,78,103,102,101,100,20.223,20.177,22.32,22.227,1967.031,93938,29830,0,1850,8784,4,7,0,0,0,25,21,14,0,13,7,FALSE,0,FALSE
601.1985,19.093,18.521,16.129,15.038,14.321,20,18,6,2139062.8,76,76,75,76,103,102,101,100,20.225,20.178,22.319,22.226,1994.805,93938,29830,0,1850,8784,4,7,0,0,0,25,21,14,0,13,7,FALSE,0,FALSE
601.69745,19.124,18.559,16.178,15.1,14.312,20,18,6,2144814,79,82,84,91,103,102,101,100,20.225,20.179,22.319,22.228,2025.215,93938,29830,0,1850,8766,4,7,0,0,0,25,21,14,0,13,7,FALSE,0,FALSE
602.1964,19.158,18.601,16.245,15.186,14.304,20,18,6,2150571.8,79,83,90,98,103,102,101,100,20.225,20.182,22.321,22.235,2054.75,93938,29830,0,1816,8766,4,7,0,0,0,25,21,14,0,13,7,FALSE,0,FALSE
602.6948,19.196,18.648,16.294,15.246,14.293,20,18,6,2155077.5,80,84,82,87,103,102,102,100,20.226,20.185,22.324,22.241,2082.422,93938,29830,0,1816,8833,4,7,0,0,0,25,21,14,0,13,7,FALSE,0,FALSE
603.1961,19.219,18.675,16.305,15.258,14.279,20,18,6,2147788.5,74,76,73,74,103,102,101,100,20.226,20.187,22.321,22.24,2111.953,93938,29830,0,1883,8833,4,7,0,0,0,25,21,14,0,13,7,FALSE,0,FALSE
603.69763,19.23,18.689,16.311,15.263,14.266,20,18,6,2145141,73,75,72,72,103,102,101,100,20.222,20.185,22.316,22.236,2143.191,93938,29830,0,1883,8933,4,7,0,0,0,25,21,14,0,13,7,FALSE,0,FALSE
604.1981,19.238,18.699,16.314,15.265,14.253,20,18,6,2138196.8,72,73,72,72,103,102,101,100,20.219,20.182,22.31,22.231,2175.77,93938,29830,0,1883,8983,4,7,0,0,0,25,21,14,0,13,7,FALSE,0,FALSE
605.19836,19.264,18.723,16.343,15.297,14.249,20,18,6,2189957,72,71,74,72,103,102,101,100,20.218,20.182,22.313,22.234,2227.359,93938,29830,0,2016,8983,4,7,0,0,0,25,21,14,0,13,7,FALSE,0,FALSE
606.19867,19.294,18.745,16.396,15.34,14.249,20,18,6,2228842,79,74,90,82,103,102,102,100,20.223,20.184,22.324,22.243,2260.688,93938,29830,0,2016,9050,4,7,0,0,0,25,21,14,0,13,7,FALSE,0,FALSE
607.19763,19.314,18.761,16.466,15.389,14.247,20,18,6,2246215.8,77,73,98,87,103,102,102,100,20.229,20.188,22.348,22.259,2290.258,93938,29830,0,1900,8883,4,7,0,0,0,25,21,14,0,13,7,FALSE,0,FALSE
607.69604,19.325,18.768,16.478,15.399,14.244,20,18,6,2252025,78,73,90,82,103,102,102,101,20.233,20.189,22.358,22.265,2302.152,93938,29830,0,1900,8883,4,7,0,0,0,25,21,14,0,13,7,FALSE,0,FALSE
608.19354,19.338,18.779,16.491,15.409,14.239,20,18,6,2258243.2,79,74,85,78,103,102,102,101,20.236,20.19,22.365,22.27,2313.73,93938,29830,0,1900,8883,4,7,0,0,0,25,21,14,0,13,7,FALSE,0,FALSE
608.6971,19.353,18.792,16.498,15.415,14.233,20,18,6,2265098.8,79,76,80,75,103,102,102,101,20.24,20.193,22.37,22.273,2326.293,93938,29830,0,1900,8883,4,7,0,0,0,25,21,14,0,13,7,FALSE,0,FALSE
609.19934,19.363,18.803,16.498,15.416,14.223,20,18,6,2270274.8,77,76,74,71,103,103,102,101,20.243,20.194,22.372,22.274,2341.02,93938,29830,0,1900,8883,4,7,0,0,0,25,21,14,0,13,7,FALSE,0,FALSE
609.6969,19.387,18.823,16.498,15.416,14.212,20,18,6,2279642.2,81,79,71,69,103,103,102,101,20.246,20.197,22.372,22.273,2358.984,93938,29830,0,2000,8883,4,7,0,0,0,25,21,14,0,13,7,FALSE,0,FALSE
610.19885,19.403,18.842,16.498,15.416,14.2,20,18,6,2276670.2,78,77,69,69,104,103,102,101,20.248,20.2,22.37,22.272,2379.672,93938,29830,0,2000,8883,4,7,0,0,0,25,21,14,0,13,7,FALSE,0,FALSE
610.6955,19.417,18.86,16.498,15.417,14.186,20,18,6,2272406,76,75,69,70,104,103,102,101,20.25,20.202,22.368,22.27,2403.043,93938,29830,0,1983,8966,4,7,0,0,0,25,21,14,0,13,7,FALSE,0,FALSE
611.196,19.429,18.871,16.499,15.417,14.173,20,18,6,2272329.8,74,73,69,69,104,103,102,101,20.25,20.202,22.365,22.268,2428.871,93938,29830,0,1983,8966,4,7,0,0,0,25,21,14,0,13,7,FALSE,0,FALSE
612.1941,19.446,18.89,16.499,15.417,14.146,20,18,6,2258270,72,72,70,70,104,103,102,101,20.247,20.199,22.358,22.263,2486.66,93938,29830,0,1967,8950,4,7,0,0,0,25,21,14,0,13,7,FALSE,0,FALSE
612.69806,19.454,18.898,16.499,15.417,14.133,20,18,6,2255531.8,72,72,70,70,103,103,102,100,20.245,20.197,22.354,22.259,2518.219,93938,29830,0,1983,8950,4,7,0,0,0,25,21,14,0,13,7,FALSE,0,FALSE
613.19775,19.462,18.907,16.5,15.418,14.119,20,18,6,2246893.5,72,72,70,70,103,103,102,100,20.242,20.195,22.349,22.255,2551.355,93938,29830,0,1983,8950,4,7,0,0,0,25,21,14,0,13,7,FALSE,0,FALSE
613.6969,19.474,18.923,16.511,15.428,14.105,20,18,6,2238253.5,73,75,73,74,103,102,102,100,20.239,20.192,22.344,22.252,2585.867,93938,29830,0,2000,8950,4,7,0,0,0,25,21,14,0,13,7,FALSE,0,FALSE
614.1946,19.502,18.958,16.544,15.463,14.092,20,18,6,2235027.2,77,80,78,81,103,102,102,100,20.236,20.192,22.341,22.25,2620.766,93938,29830,0,2000,8950,4,7,0,0,0,25,21,14,0,13,7,FALSE,0,FALSE
614.69244,19.537,19,16.589,15.508,14.088,20,18,6,2257613.2,78,80,80,83,103,103,102,100,20.236,20.194,22.341,22.251,2655.641,93938,29830,0,2000,9000,4,7,0,0,0,25,21,14,0,13,7,FALSE,0,FALSE
615.19934,19.565,19.032,16.616,15.535,14.086,20,18,6,2283525.2,77,79,79,80,103,103,102,100,20.239,20.198,22.344,22.256,2683.109,93938,29830,0,2000,9000,4,7,0,0,0,25,21,14,0,13,7,FALSE,0,FALSE
615.6978,19.582,19.05,16.63,15.546,14.085,20,18,6,2305368,75,77,76,77,103,103,102,101,20.242,20.202,22.349,22.262,2702.926,93938,29830,0,2050,9000,4,7,0,0,0,25,21,14,0,13,7,FALSE,0,FALSE
616.19806,19.592,19.062,16.642,15.559,14.085,20,18,6,2323406,74,76,77,79,103,103,102,101,20.244,20.206,22.353,22.267,2718.762,93938,29830,0,2050,9000,4,7,0,0,0,25,21,14,0,13,7,FALSE,0,FALSE
616.6943,19.601,19.075,16.662,15.587,14.085,20,18,6,2335534.5,74,77,81,87,104,103,102,101,20.247,20.21,22.358,22.275,2730.902,93938,29830,0,2050,9000,4,7,0,0,0,25,21,14,0,13,7,FALSE,0,FALSE
617.1966,19.608,19.082,16.677,15.611,14.084,20,18,6,2340939.5,73,75,80,91,104,103,102,101,20.248,20.214,22.364,22.285,2740.98,93938,29830,0,2050,9000,4,7,0,0,0,25,21,14,0,13,7,FALSE,0,FALSE
617.69543,19.623,19.098,16.69,15.631,14.082,20,18,6,2346457,80,81,83,93,104,103,102,101,20.25,20.218,22.368,22.294,2764.234,93938,29830,0,2034,9000,4,7,0,0,0,25,21,14,0,13,7,FALSE,0,FALSE
618.1967,19.632,19.111,16.699,15.641,14.079,20,18,6,2351868,77,80,80,86,104,103,102,101,20.255,20.223,22.373,22.303,2774.051,93938,29830,0,2034,8984,4,7,0,0,0,25,21,14,0,13,7,FALSE,0,FALSE
618.6984,19.638,19.116,16.702,15.644,14.074,20,18,6,2357781.5,74,76,75,79,104,103,102,101,20.257,20.227,22.377,22.309,2785.352,93938,29830,0,2034,8984,4,7,0,0,0,25,21,14,0,13,7,FALSE,0,FALSE
619.1961,19.643,19.124,16.703,15.645,14.066,20,18,6,2364512.2,73,74,70,75,104,103,102,101,20.258,20.23,22.378,22.312,2799.121,93938,29830,0,2034,8984,4,7,0,0,0,25,21,14,0,13,7,FALSE,0,FALSE
619.69836,19.658,19.14,16.703,15.645,14.057,20,18,6,2371962,76,76,69,71,104,103,102,101,20.259,20.231,22.377,22.314,2814.98,93938,29830,0,2034,8984,4,7,0,0,0,25,21,14,0,13,7,FALSE,0,FALSE
620.1967,19.688,19.168,16.703,15.645,14.044,20,18,6,2377477.8,84,84,68,68,104,103,102,101,20.262,20.235,22.375,22.313,2833.348,93938,29830,0,2050,8984,4,7,0,0,0,25,21,14,0,13,7,FALSE,0,FALSE
620.69855,19.719,19.195,16.703,15.645,14.032,20,18,6,2381835.8,81,81,69,68,104,103,102,101,20.268,20.241,22.373,22.311,2854.371,93938,29830,0,2050,8984,4,7,0,0,0,25,21,14,0,13,7,FALSE,0,FALSE
621.19904,19.741,19.217,16.703,15.645,14.019,20,18,6,2378270.5,78,79,69,69,104,103,102,101,20.271,20.244,22.371,22.31,2878.008,93938,29830,0,2050,9000,4,7,0,0,0,25,21,14,0,13,7,FALSE,0,FALSE
621.6953,19.754,19.229,16.703,15.645,14.006,20,18,6,2353422.8,74,75,70,69,104,103,102,101,20.272,20.245,22.369,22.308,2904.102,93938,29830,0,2067,9000,4,7,0,0,0,25,21,14,0,13,7,FALSE,0,FALSE
622.19934,19.766,19.241,16.703,15.645,13.992,20,18,6,2307373.8,73,74,70,70,104,103,102,101,20.271,20.245,22.366,22.305,2932.672,93938,29830,0,2067,9033,4,7,0,0,0,25,21,14,0,13,7,FALSE,0,FALSE
622.69714,19.776,19.252,16.703,15.645,13.979,20,18,6,2260067.5,73,73,70,70,104,103,102,101,20.27,20.244,22.363,22.302,2963.562,93938,29830,0,2067,9033,4,7,0,0,0,25,21,14,0,13,7,FALSE,0,FALSE
623.1945,19.786,19.262,16.703,15.645,13.965,20,18,6,2202719.5,73,73,70,70,104,103,102,101,20.269,20.243,22.359,22.299,2996.48,93938,29830,0,2100,9050,4,7,0,0,0,25,21,14,0,13,7,FALSE,0,FALSE
623.691,19.796,19.271,16.703,15.645,13.952,20,18,6,2145104.5,73,73,71,71,104,103,102,101,20.266,20.241,22.355,22.295,3031.227,93938,29830,0,2100,9050,4,7,0,0,0,25,21,14,0,13,7,FALSE,0,FALSE
624.19824,19.804,19.279,16.703,15.645,13.939,20,18,6,2093035.5,73,73,71,71,104,103,102,101,20.264,20.238,22.35,22.291,3067.367,93938,29830,0,2100,9050,4,7,0,0,0,25,21,14,0,13,7,FALSE,0,FALSE
624.6955,19.812,19.288,16.703,15.645,13.925,20,18,6,2035420.5,73,73,71,71,104,103,102,101,20.261,20.236,22.345,22.286,3104.859,93938,29830,0,2117,9050,4,7,0,0,0,25,21,14,0,13,7,FALSE,0,FALSE
625.1981,19.82,19.296,16.703,15.645,13.911,20,18,6,1987599.8,73,73,71,71,104,103,102,101,20.258,20.232,22.339,22.281,3143.57,93938,29830,0,2133,9033,4,7,0,0,0,25,21,14,0,13,7,FALSE,0,FALSE
625.69556,19.827,19.302,16.703,15.645,13.897,20,18,6,1978956,73,73,71,71,104,103,102,101,20.254,20.229,22.333,22.275,3183.133,93938,29830,0,2150,9033,4,7,0,0,0,25,21,14,0,13,7,FALSE,0,FALSE
626.1954,19.833,19.307,16.703,15.645,13.884,20,18,6,1970312.2,73,73,72,71,104,103,102,101,20.25,20.225,22.327,22.269,3223.336,93938,29830,0,2150,8983,4,7,0,0,0,25,21,14,0,13,7,FALSE,0,FALSE
626.6941,19.839,19.313,16.703,15.645,13.871,20,18,6,1967138.1,73,73,71,71,103,103,101,101,20.245,20.22,22.32,22.263,3264.051,93938,29830,0,2166,8983,4,7,0,0,0,25,21,14,0,13,7,FALSE,0,FALSE
627.19574,19.844,19.319,16.703,15.645,13.857,20,18,6,1958494.4,73,73,71,71,103,103,101,100,20.24,20.216,22.313,22.256,3305.117,93938,29830,0,2166,8967,4,7,0,0,0,25,21,14,0,13,7,FALSE,0,FALSE
627.6942,19.85,19.325,16.703,15.645,13.843,20,18,6,1949850.6,72,72,69,69,103,103,101,100,20.235,20.21,22.305,22.248,3346.516,93938,29830,0,2183,8950,4,7,0,0,0,25,21,14,0,13,7,FALSE,0,FALSE
628.19336,19.869,19.347,16.735,15.681,13.837,20,18,6,1976942.8,75,75,78,79,103,103,101,100,20.232,20.208,22.303,22.247,3384.184,93938,29830,0,2183,8950,4,7,0,0,0,25,21,14,0,13,7,FALSE,0,FALSE
628.69446,19.879,19.359,16.745,15.692,13.836,20,18,6,2006872.5,71,73,74,74,103,103,101,100,20.233,20.209,22.306,22.251,3414.012,93938,29830,0,2250,8950,4,7,0,0,0,25,21,14,0,13,7,FALSE,0,FALSE
629.1971,19.899,19.387,16.783,15.735,13.836,20,18,6,2033539.5,75,81,83,88,103,103,101,100,20.233,20.212,22.311,22.257,3438.965,93938,29830,0,2250,8984,4,7,0,0,0,25,21,14,0,13,7,FALSE,0,FALSE
629.6984,19.923,19.419,16.837,15.806,13.835,20,18,6,2048732.5,77,82,90,100,103,103,101,101,20.237,20.218,22.32,22.269,3461.078,93938,29830,0,2250,8984,4,7,0,0,0,25,21,14,0,13,7,FALSE,0,FALSE
630.6993,19.973,19.482,16.914,15.902,13.82,20,18,6,2062479.8,80,85,85,92,103,103,102,101,20.244,20.23,22.336,22.293,3507.586,93938,29830,0,2216,8966,4,7,0,0,0,25,21,14,0,13,7,FALSE,0,FALSE
631.19745,19.999,19.514,16.942,15.938,13.81,20,18,6,2069111.4,79,84,82,88,104,103,102,101,20.247,20.236,22.341,22.301,3529.223,93938,29830,0,2216,8966,4,7,0,0,0,25,21,14,0,13,7,FALSE,0,FALSE
631.697,20.029,19.551,16.965,15.965,13.799,20,18,6,2074732.4,81,85,79,83,104,103,102,101,20.25,20.242,22.345,22.307,3551.691,93938,29830,0,2216,8984,4,7,0,0,0,25,21,14,0,13,7,FALSE,0,FALSE
632.19617,20.064,19.59,16.981,15.981,13.786,20,18,6,2076962.4,80,84,76,78,104,104,102,101,20.254,20.248,22.346,22.31,3575.863,93938,29830,0,2250,8984,4,7,0,0,0,25,21,14,0,13,7,FALSE,0,FALSE
632.69574,20.088,19.617,16.999,15.999,13.773,20,18,6,2070902.6,77,81,76,78,104,104,102,101,20.256,20.251,22.347,22.311,3602.031,93938,29830,0,2250,8984,4,7,0,0,0,25,21,14,0,13,7,FALSE,0,FALSE
633.1952,20.12,19.654,17.024,16.025,13.759,20,18,6,2064031.6,79,83,77,80,104,104,102,101,20.257,20.254,22.347,22.313,3630.277,93938,29830,0,2250,8950,4,7,0,0,0,25,21,14,0,13,7,FALSE,0,FALSE
633.69855,20.151,19.691,17.046,16.048,13.745,20,18,6,2025765.1,78,81,76,77,104,104,102,101,20.258,20.257,22.347,22.314,3660.535,93938,29830,0,2234,8950,4,7,0,0,0,25,21,14,0,13,7,FALSE,0,FALSE
634.1979,20.165,19.708,17.054,16.054,13.733,20,18,6,2010808.5,72,75,72,72,104,104,102,101,20.257,20.258,22.345,22.312,3693.238,93938,29830,0,2233,8950,4,7,0,0,0,25,21,14,0,13,7,FALSE,0,FALSE
634.69403,20.175,19.717,17.056,16.057,13.719,20,18,6,2002164.8,73,73,73,71,104,104,102,101,20.254,20.256,22.341,22.309,3726.797,93938,29830,0,2233,8867,4,7,0,0,0,25,21,14,0,13,7,FALSE,0,FALSE
635.1917,20.207,19.744,17.088,16.087,13.705,20,18,6,1993521,80,77,81,77,104,104,102,101,20.253,20.254,22.339,22.306,3760.777,93938,29830,0,2233,8867,4,7,0,0,0,25,21,14,0,13,7,FALSE,0,FALSE
635.6949,20.242,19.772,17.122,16.12,13.692,20,18,6,1990285.5,80,77,82,79,104,104,102,101,20.253,20.253,22.338,22.304,3796.211,93938,29830,0,2216,8850,4,7,0,0,0,25,21,14,0,13,7,FALSE,0,FALSE
636.1957,20.309,19.828,17.205,16.195,13.679,20,18,6,1981641.8,88,83,91,86,104,104,102,101,20.255,20.253,22.34,22.304,3832.852,93938,29830,0,2216,8833,4,7,0,0,0,25,21,14,0,13,7,FALSE,0,FALSE
636.69696,20.367,19.877,17.282,16.263,13.665,20,18,6,1972998,84,80,90,85,104,104,102,101,20.258,20.253,22.342,22.304,3869.844,93938,29830,0,2216,8833,4,7,0,0,0,25,21,14,0,13,7,FALSE,0,FALSE
637.6959,20.484,19.975,17.423,16.389,13.638,20,18,6,1955710.5,84,80,88,84,104,104,102,101,20.26,20.251,22.343,22.302,3942.66,93938,29830,0,2217,8817,4,7,0,0,0,25,21,14,0,13,7,FALSE,0,FALSE
638.195,20.534,20.017,17.471,16.433,13.624,20,18,6,1947066.8,80,77,80,76,104,104,102,101,20.26,20.25,22.342,22.299,3978.234,93938,29830,0,2217,8817,4,7,0,0,0,25,21,14,0,13,7,FALSE,0,FALSE
638.691,20.548,20.027,17.474,16.438,13.61,20,18,6,1938423,73,72,72,71,104,103,102,101,20.256,20.245,22.336,22.293,4015.152,93938,29830,40623,2217,8817,4,7,0,0,0,25,21,14,0,13,7,FALSE,0,FALSE
639.19696,20.562,20.039,17.486,16.449,13.606,20,18,6,1964996.4,74,72,74,74,104,103,102,101,20.252,20.241,22.332,22.289,4050.043,93938,29830,40623,2217,8833,4,7,0,0,0,25,21,14,0,13,7,FALSE,0,FALSE
639.6963,20.587,20.058,17.517,16.478,13.605,20,18,6,1994652.2,79,75,83,79,104,103,102,101,20.252,20.24,22.333,22.29,4078.051,93938,29830,40623,2233,8833,4,7,0,0,0,25,21,14,0,13,7,FALSE,0,FALSE
640.19574,20.625,20.086,17.576,16.526,13.605,20,18,6,2018519.5,84,78,93,86,104,103,102,101,20.256,20.241,22.34,22.295,4101.828,93938,29830,40623,2233,8833,4,7,0,0,0,25,21,14,0,13,7,FALSE,0,FALSE
640.69446,20.653,20.107,17.638,16.573,13.605,20,18,6,2036780.8,82,77,99,89,104,103,102,101,20.261,20.244,22.351,22.302,4123.012,93938,29830,40623,2233,8750,4,7,0,0,0,25,21,14,0,13,7,FALSE,0,FALSE
641.19885,20.674,20.124,17.694,16.613,13.602,20,18,6,2046495.1,81,76,101,89,104,103,102,101,20.265,20.245,22.362,22.31,4143.918,93938,29830,40623,2150,8750,4,7,0,0,0,25,21,14,0,13,7,FALSE,0,FALSE
641.6963,20.697,20.142,17.734,16.643,13.595,20,18,6,2053195.4,82,77,95,84,104,104,102,101,20.269,20.247,22.373,22.316,4165.668,93938,29830,40623,2150,8750,4,7,0,0,0,25,21,14,0,13,7,FALSE,0,FALSE
642.1986,20.721,20.162,17.758,16.661,13.588,20,18,6,2059784.9,81,77,86,79,104,104,102,101,20.272,20.249,22.38,22.32,4185.051,93938,29830,40623,2133,8733,4,7,0,0,0,25,21,14,0,13,7,FALSE,0,FALSE
643.1945,20.777,20.217,17.773,16.675,13.562,20,18,6,2042982.5,84,83,73,71,104,104,103,101,20.278,20.252,22.383,22.319,4229.09,93938,29830,40623,2133,8733,4,7,0,0,0,25,21,14,0,13,7,FALSE,0,FALSE
643.6972,20.793,20.233,17.773,16.676,13.55,20,18,6,2009715.1,76,75,70,70,104,104,102,101,20.28,20.254,22.38,22.317,4255.477,93938,29830,40623,2167,8784,4,7,0,0,0,25,21,14,0,13,7,FALSE,0,FALSE
644.1965,20.805,20.245,17.773,16.676,13.536,20,18,6,1963190.6,74,74,70,70,104,104,102,101,20.278,20.253,22.377,22.314,4284.402,93938,29830,40623,2167,8784,4,7,0,0,0,25,21,14,0,13,7,FALSE,0,FALSE
644.69543,20.815,20.255,17.773,16.676,13.523,20,18,6,1915453.2,73,73,71,70,104,104,102,101,20.276,20.251,22.373,22.31,4315.527,93938,29830,40623,2166,8783,4,7,0,0,0,25,21,14,0,13,7,FALSE,0,FALSE
645.1973,20.825,20.265,17.773,16.676,13.509,20,18,6,1857987.5,73,73,71,71,104,104,102,101,20.274,20.248,22.369,22.306,4348.578,93938,29830,40623,2167,8783,4,7,0,0,0,25,21,14,0,13,7,FALSE,0,FALSE
645.6967,20.834,20.274,17.773,16.676,13.497,20,18,6,1805893,72,72,71,70,104,103,102,101,20.27,20.246,22.364,22.302,4383.426,93938,29830,40623,2150,8783,4,7,0,0,0,25,21,14,0,13,7,FALSE,0,FALSE
647.1958,20.861,20.299,17.773,16.676,13.455,20,18,6,1641209.9,72,73,71,71,104,103,102,101,20.259,20.234,22.347,22.285,4496.039,93938,29830,40623,2133,8750,4,7,0,0,0,25,21,14,0,13,7,FALSE,0,FALSE
648.1948,20.872,20.311,17.773,16.676,13.429,20,18,6,1629356.2,72,72,71,71,104,103,102,101,20.249,20.225,22.333,22.272,4576.145,93938,29830,40623,2100,8683,4,7,0,0,0,25,21,14,0,13,7,FALSE,0,FALSE
648.6907,20.878,20.316,17.773,16.676,13.415,20,18,6,1620712.5,73,73,72,72,103,103,102,101,20.243,20.22,22.326,22.265,4616.977,93938,29830,40623,2100,8667,4,7,0,0,0,25,21,14,0,13,7,FALSE,0,FALSE
649.19794,20.884,20.322,17.773,16.676,13.401,20,18,6,1612068.8,73,73,72,72,103,103,101,100,20.238,20.214,22.318,22.258,4658.324,93938,29830,40623,2083,8633,4,7,0,0,0,25,21,14,0,13,7,FALSE,0,FALSE
649.6965,20.889,20.328,17.773,16.676,13.387,20,18,6,1603425,73,73,72,72,103,103,101,100,20.232,20.209,22.31,22.25,4700.117,93938,29830,40623,2083,8633,4,7,0,0,0,25,21,14,0,13,7,FALSE,0,FALSE
650.19366,20.895,20.334,17.773,16.676,13.373,20,18,6,1594781.2,74,74,72,72,103,103,101,100,20.226,20.203,22.302,22.243,4742.281,93938,29830,40623,2083,8617,4,7,0,0,0,25,21,14,0,13,7,FALSE,0,FALSE
650.69666,20.9,20.34,17.773,16.676,13.36,20,18,6,1586137.5,73,74,72,71,103,103,101,100,20.22,20.197,22.294,22.234,4784.77,93938,29830,40623,2083,8617,4,7,0,0,0,25,21,14,0,13,7,FALSE,0,FALSE
651.1945,20.91,20.349,17.784,16.685,13.347,20,18,6,1587853.1,74,74,76,75,103,102,101,100,20.214,20.191,22.286,22.227,4827.172,93938,29830,40623,2067,8583,4,7,0,0,0,25,21,14,0,13,7,FALSE,0,FALSE
651.6972,20.932,20.372,17.815,16.715,13.345,20,18,6,1621245.8,75,74,78,78,103,102,101,100,20.212,20.19,22.288,22.229,4862.621,93938,29830,40623,2067,8567,4,7,0,0,0,25,21,14,0,13,7,FALSE,0,FALSE
652.1957,20.953,20.393,17.839,16.738,13.344,20,18,6,1648380.8,75,74,79,77,103,102,101,100,20.214,20.192,22.293,22.235,4889.543,93938,29830,40623,2067,8567,4,7,0,0,0,25,21,14,0,13,7,FALSE,0,FALSE
652.6963,20.98,20.413,17.871,16.765,13.344,20,18,6,1668725,80,76,84,79,103,103,101,100,20.219,20.195,22.301,22.242,4911.016,93938,29830,40623,2034,8567,4,7,0,0,0,25,21,14,0,13,7,FALSE,0,FALSE
653.19464,20.999,20.426,17.9,16.788,13.344,20,18,6,1684963.8,79,74,86,79,103,103,101,100,20.224,20.197,22.31,22.248,4928.738,93938,29830,40623,2034,8567,4,7,0,0,0,25,21,14,0,13,7,FALSE,0,FALSE
654.1929,21.046,20.465,17.981,16.846,13.336,20,18,6,1698823.9,82,77,93,84,103,103,102,100,20.235,20.203,22.331,22.262,4971.656,93938,29830,40623,1933,8567,4,7,0,0,0,25,21,14,0,13,7,FALSE,0,FALSE
655.1934,21.091,20.507,18.005,16.866,13.317,20,18,6,1707868.8,79,77,76,72,103,103,102,101,20.245,20.211,22.345,22.271,5009.152,93938,29830,40623,1817,8383,4,7,0,0,0,25,21,14,0,13,7,FALSE,0,FALSE
655.6905,21.119,20.536,18.013,16.873,13.304,20,18,6,1703804.8,82,81,74,71,104,103,102,101,20.249,20.214,22.346,22.272,5030.539,93938,29830,40623,1817,8383,4,7,0,0,0,25,21,14,0,13,7,FALSE,0,FALSE
656.1939,21.142,20.557,18.019,16.879,13.291,20,18,6,1701861.1,77,76,73,71,104,103,102,101,20.252,20.217,22.347,22.272,5054.613,93938,29830,40623,1850,8383,4,7,0,0,0,25,21,14,0,13,7,FALSE,0,FALSE
656.6898,21.16,20.572,18.02,16.881,13.277,20,18,6,1659853.5,76,74,69,69,104,103,102,101,20.254,20.218,22.347,22.271,5081.762,93938,29830,40623,1850,8383,4,7,0,0,0,25,21,14,0,13,7,FALSE,0,FALSE
657.1935,21.175,20.586,18.02,16.881,13.263,20,18,6,1611259.5,73,73,68,67,104,103,102,101,20.253,20.217,22.344,22.269,5111.355,93938,29830,40623,1850,8383,4,7,0,0,0,25,21,14,0,13,7,FALSE,0,FALSE
658.6941,21.208,20.616,18.023,16.886,13.223,20,18,6,1488275.5,73,72,71,71,104,103,102,100,20.249,20.213,22.336,22.261,5210.418,93938,29830,40623,1900,8450,4,7,0,0,0,25,21,14,0,13,7,FALSE,0,FALSE
659.18994,21.214,20.623,18.023,16.886,13.21,20,18,6,1485111,72,72,71,71,104,103,102,100,20.247,20.21,22.332,22.258,5246.293,93938,29830,40623,1900,8450,4,7,0,0,0,25,21,14,0,13,7,FALSE,0,FALSE
659.6916,21.22,20.629,18.024,16.887,13.196,20,18,6,1477996.4,72,73,72,70,103,103,102,100,20.243,20.207,22.327,22.253,5282.785,93938,29830,40623,1933,8450,4,7,0,0,0,25,21,14,0,13,7,FALSE,0,FALSE
660.1872,21.245,20.654,18.066,16.926,13.193,20,18,6,1507332.4,76,77,84,82,103,103,102,100,20.243,20.207,22.329,22.256,5310.254,93938,29830,40623,1933,8450,4,7,0,0,0,25,21,14,0,13,7,FALSE,0,FALSE
661.19226,21.334,20.737,18.123,16.981,13.191,20,18,6,1549480.9,96,93,87,85,104,103,102,101,20.256,20.22,22.344,22.271,5348.93,93938,29830,40623,1933,8450,4,7,0,0,0,25,21,14,0,13,7,FALSE,0,FALSE
661.68726,21.394,20.773,18.14,16.995,13.19,20,18,6,1559260,106,93,84,82,104,103,102,101,20.273,20.234,22.354,22.281,5369.719,93938,29830,40623,0,0,4,7,0,0,0,25,21,14,0,13,7,FALSE,0,FALSE
662.19257,21.395,20.774,18.141,16.996,13.189,20,18,6,1565632.4,85,79,77,76,104,103,102,101,20.3,20.3,22.7,22.7,5380.461,93938,29830,40623,0,0,4,7,0,1,0,25,21,14,0,13,7,FALSE,0,FALSE
662.69183,21.395,20.774,18.141,16.996,13.189,20,18,6,1572005.1,76,73,73,72,104,103,102,101,20.3,20.3,22.7,22.7,5391.238,93938,29830,40623,0,0,4,7,0,1,0,25,21,14,0,13,7,FALSE,0,FALSE
663.1915,21.395,20.774,18.141,16.996,13.188,20,18,6,1578387.9,71,70,71,70,104,104,102,101,20.3,20.3,22.7,22.7,5402.035,93938,29830,40623,0,0,5,7,0,1,0,25,21,14,0,13,7,FALSE,0,FALSE
663.6868,21.395,20.774,18.141,16.996,13.187,20,18,7,1584779,69,68,69,69,104,104,102,101,20.3,20.3,22.7,22.7,4.023,95393,0,0,0,0,5,8,0,1,0,25,21,14,0,13,7,FALSE,0,FALSE
664.18256,21.395,20.774,18.141,16.996,13.186,20,18,7,1590964,68,67,69,69,104,103,102,101,20.3,20.3,22.7,22.7,14.648,95393,0,0,0,0,5,8,0,1,0,25,21,14,0,13,7,FALSE,0,FALSE
664.685,21.395,20.774,18.141,16.996,13.185,20,18,7,1597368,67,67,68,68,104,103,102,101,20.3,20.3,22.7,22.7,25.652,95393,0,0,0,0,5,8,0,1,0,25,21,14,0,13,7,FALSE,0,FALSE
665.18414,21.395,20.774,18.141,16.996,13.185,20,18,7,1603776.8,67,67,68,68,104,103,102,101,20.3,20.3,22.7,22.7,36.664,95393,0,0,0,0,5,8,0,1,0,25,21,14,0,13,7,FALSE,0,FALSE
665.6855,21.395,20.774,18.141,16.996,13.184,20,18,7,1610188.5,67,67,68,68,104,103,102,101,20.3,20.3,22.7,22.7,47.684,95393,0,0,0,0,5,8,0,1,0,25,21,14,0,13,7,FALSE,0,FALSE
666.1867,21.395,20.774,18.141,16.996,13.183,20,18,7,1616814.8,66,66,68,68,104,103,102,101,20.3,20.3,22.7,22.7,59.059,95393,0,0,0,0,5,8,0,1,0,25,21,14,0,13,7,FALSE,0,FALSE
666.6874,21.395,20.774,18.141,16.996,13.182,20,18,7,1623227.2,66,66,68,68,104,103,102,101,20.3,20.3,22.7,22.7,70.059,95393,0,0,0,0,5,8,0,1,0,25,21,14,0,13,7,FALSE,0,FALSE
667.1827,21.395,20.774,18.141,16.996,13.182,20,18,7,1629426,66,66,68,68,104,103,102,101,20.3,20.3,22.7,22.7,80.695,95393,0,0,0,0,6,8,0,1,0,25,21,14,0,13,7,FALSE,0,FALSE
667.6833,21.395,20.774,18.141,16.996,13.181,20,18,7,1635838.5,66,66,68,68,104,103,102,101,20.3,20.3,22.7,22.7,91.695,95393,0,0,0,0,6,8,0,1,0,25,21,14,0,13,7,FALSE,0,FALSE
668.18445,21.395,20.774,18.141,16.996,13.18,20,18,7,1642251,66,66,68,68,104,103,102,101,20.3,20.3,22.7,22.7,102.695,95393,0,0,0,0,5,8,0,1,0,25,21,14,0,13,7,FALSE,0,FALSE
668.6798,21.395,20.774,18.141,16.996,13.179,20,18,7,1648663.5,66,66,68,68,104,103,102,101,20.3,20.3,22.7,22.7,113.695,95393,0,0,0,0,5,8,0,1,0,25,21,14,0,13,7,FALSE,0,FALSE
669.18506,21.395,20.774,18.141,16.996,13.178,20,18,7,1655076,66,66,68,68,104,103,102,101,20.3,20.3,22.7,22.7,124.688,95393,0,0,0,0,4,8,0,1,0,25,21,14,0,13,7,FALSE,0,FALSE
669.6837,21.395,20.774,18.141,16.996,13.178,20,18,7,1661488.5,66,66,68,68,104,103,102,101,20.3,20.3,22.7,22.7,135.68,95393,0,0,0,0,4,8,0,1,0,25,21,14,0,13,7,FALSE,0,FALSE
670.18787,21.395,20.774,18.141,16.996,13.177,20,18,7,1668114.8,66,66,68,68,104,103,102,101,20.3,20.3,22.7,22.7,147.035,95393,0,0,0,0,4,8,0,1,0,25,21,14,0,13,7,FALSE,0,FALSE
670.68567,21.395,20.774,18.141,16.996,13.176,20,18,7,1674527.2,66,66,68,68,104,103,102,101,20.3,20.3,22.7,22.7,158.027,95393,0,0,0,0,4,8,0,1,0,25,21,14,0,13,7,FALSE,0,FALSE
671.19104,21.395,20.774,18.141,16.996,13.175,20,18,7,1680939.8,66,66,68,68,103,103,102,101,20.3,20.3,22.7,22.7,169.02,95393,0,0,0,0,4,8,0,1,0,25,21,14,0,13,7,FALSE,0,FALSE
671.6872,21.395,20.774,18.141,16.996,13.175,20,18,7,1711070.6,66,66,68,68,103,103,102,101,20.3,20.3,22.7,22.7,179.75,95393,0,0,0,0,4,8,0,1,0,25,21,14,0,13,7,FALSE,0,FALSE
672.1886,21.395,20.774,18.141,16.996,13.175,20,18,7,1759395.1,65,65,68,68,103,103,102,101,20.3,20.3,22.7,22.7,190.25,95393,0,0,0,0,4,8,0,1,0,25,21,14,0,13,7,FALSE,0,FALSE
672.6888,21.395,20.774,18.141,16.996,13.175,20,18,7,1796812.4,65,64,68,68,103,103,102,101,20.3,20.3,22.7,22.7,199.203,95393,0,0,0,0,4,8,0,1,0,25,21,14,0,13,7,FALSE,0,FALSE
673.19055,21.395,20.774,18.141,16.996,13.175,20,18,7,1796812.4,64,64,68,68,103,102,102,101,20.3,20.3,22.7,22.7,204.336,95393,0,0,0,0,4,8,0,1,0,25,21,14,0,13,7,FALSE,0,FALSE
673.68567,21.395,20.774,18.141,16.996,13.174,20,18,7,1796812.4,63,63,68,68,103,102,102,101,20.221,20.184,22.346,22.281,205.168,95393,0,0,0,0,4,8,0,1,216,25,21,14,0,13,7,FALSE,0,FALSE
674.1918,21.395,20.774,18.141,16.996,13.174,20,18,7,1796812.4,63,62,68,68,103,102,102,101,20.217,20.18,22.346,22.281,205.047,95393,0,0,0,0,4,8,0,1,716,25,21,14,0,13,7,FALSE,0,FALSE
674.68896,0,0,0,0,13.172,19,17,0,1796812.4,70,70,70,70,70,70,70,70,18.544,18.544,20.553,20.553,205.07,95393,0,0,0,0,4,8,0,1,1216,25,21,14,0,13,7,FALSE,0,FALSE
675.1874,0,0,0,0,13.168,19,17,0,1796812.4,70,69,70,70,70,70,70,70,18.544,18.545,20.553,20.553,205.074,95393,0,0,0,0,4,8,0,1,1716,25,21,14,0,13,7,FALSE,0,FALSE
675.6886,0,0,0,0,13.163,19,17,0,1796812.4,70,69,70,70,70,70,70,70,18.544,18.545,20.553,20.553,205.074,95393,0,0,0,0,5,8,0,1,2216,25,21,14,0,13,7,FALSE,0,FALSE
676.19135,0,0,0,0,13.159,19,17,0,1796812.4,68,68,69,69,70,70,70,70,18.548,18.552,20.554,20.554,205.18,95393,0,0,0,0,5,8,0,1,2433,25,21,14,0,13,7,FALSE,0,FALSE
676.69214,0,0,0,0,13.156,19,17,0,1796812.4,66,65,67,67,70,70,70,70,18.561,18.565,20.563,20.563,205.176,95393,0,0,0,0,6,8,0,1,2433,25,21,14,0,13,7,FALSE,0,FALSE
677.1885,0,0,0,0,13.155,19,17,0,1796812.4,64,63,65,65,70,70,70,70,18.573,18.576,20.572,20.572,205.172,95393,0,0,0,0,7,8,0,1,2433,25,21,14,0,13,7,FALSE,0,FALSE
677.69037,0,0,0,0,13.153,19,17,0,1796812.4,63,63,64,64,70,70,70,70,20.3,20.3,22.7,22.7,205.312,95393,0,0,0,0,7,8,0,1,2433,25,21,14,0,13,7,FALSE,0,FALSE
678.18787,0,0,0,0,13.153,19,17,0,1796812.4,72,73,64,64,70,71,70,70,20.3,20.3,22.7,22.7,207.574,95393,0,0,0,0,7,8,0,1,2433,25,21,14,0,13,7,FALSE,0,FALSE
678.6824,0,0,0,0,13.153,19,17,0,1796812.4,84,85,64,64,71,71,70,70,20.3,20.3,22.7,22.7,212.523,95393,0,0,0,0,7,8,0,1,2433,25,21,14,0,13,7,FALSE,0,FALSE
679.18774,0,0,0,0,13.153,19,17,0,1807978.9,91,91,64,64,71,71,70,70,20.3,20.3,22.7,22.7,220.004,95393,0,0,0,0,7,8,0,1,2433,25,21,14,0,13,7,FALSE,0,FALSE
679.6777,0,0,0,0,13.153,19,17,0,1849341,92,92,64,64,72,72,70,70,20.3,20.3,22.7,22.7,229.59,95393,0,0,0,0,7,8,0,1,2433,25,21,14,0,13,7,FALSE,0,FALSE
680.1873,0,0,0,0,13.153,19,17,0,1899111.4,92,92,64,64,72,72,70,70,20.3,20.3,22.7,22.7,240.59,95393,0,0,0,0,7,8,0,1,2433,25,21,14,0,13,7,FALSE,0,FALSE
680.6921,0.005,0.005,0.002,0.002,13.152,19,17,0,1932409.2,88,88,66,65,73,73,70,70,20.3,20.3,22.7,22.7,251.922,95393,0,0,0,0,6,8,1,1,2433,25,21,14,0,13,7,FALSE,0,FALSE
681.1838,0.005,0.005,0.002,0.002,13.151,19,17,0,1940172.9,76,76,66,66,73,73,70,70,20.3,20.3,22.7,22.7,262.477,95393,0,0,0,0,7,8,1,1,2433,25,21,14,0,13,7,FALSE,0,FALSE
681.6892,0.005,0.005,0.002,0.002,13.15,19,17,0,1948498.1,70,70,66,66,73,73,70,70,20.3,20.3,22.7,22.7,273.855,95393,0,0,0,0,7,8,1,1,2433,25,21,14,0,13,7,FALSE,0,FALSE
682.18384,0.005,0.005,0.002,0.002,13.149,19,17,0,1956288.2,68,68,66,66,73,74,70,70,20.3,20.3,22.7,22.7,284.512,95393,0,0,0,0,7,8,1,1,2433,25,21,14,0,13,7,FALSE,0,FALSE
682.6878,0.005,0.005,0.002,0.002,13.148,19,17,0,1964615.6,66,66,66,66,74,74,71,71,20.3,20.3,22.7,22.7,295.895,95393,0,0,0,0,7,8,1,1,2433,25,21,14,0,13,7,FALSE,0,FALSE
683.18726,0.005,0.005,0.002,0.002,13.147,19,17,0,1972674.4,65,65,66,66,74,74,71,71,20.3,20.3,22.7,22.7,306.918,95393,0,0,0,0,7,8,1,1,2433,25,21,14,0,13,7,FALSE,0,FALSE
683.69073,0.005,0.005,0.002,0.002,13.146,19,17,0,1980733.1,65,65,66,66,74,74,71,71,20.3,20.3,22.7,22.7,317.938,95393,0,0,0,0,7,8,1,1,2433,25,21,14,0,13,7,FALSE,0,FALSE
684.1892,0.005,0.005,0.002,0.002,13.146,19,17,0,1988791.9,65,65,66,66,74,74,71,71,20.3,20.3,22.7,22.7,328.961,95393,0,0,0,0,7,8,1,1,2433,25,21,14,0,13,7,FALSE,0,FALSE
684.6911,0.005,0.005,0.002,0.002,13.145,19,17,0,1996850.6,64,64,66,66,74,75,71,71,20.3,20.3,22.7,22.7,339.984,95393,0,0,0,0,7,8,1,1,2433,25,21,14,0,13,7,FALSE,0,FALSE
685.6916,0.005,0.005,0.002,0.002,13.143,19,17,0,2012968.1,64,64,66,66,75,75,71,71,20.3,20.3,22.7,22.7,362.027,95393,0,0,0,0,7,8,1,1,2433,25,21,14,0,13,7,FALSE,0,FALSE
686.1944,0.005,0.005,0.002,0.002,13.142,19,17,0,2021026.9,64,64,66,66,75,75,72,72,20.3,20.3,22.7,22.7,373.047,95393,0,0,0,0,7,8,1,1,2433,25,21,14,0,13,7,FALSE,0,FALSE
686.6915,0.005,0.005,0.002,0.002,13.141,19,17,0,2029085.6,64,64,66,66,75,75,72,72,20.3,20.3,22.7,22.7,384.066,95393,0,0,0,0,7,8,1,1,2433,25,21,14,0,13,7,FALSE,0,FALSE
687.1919,0.005,0.005,0.002,0.002,13.14,19,17,0,2037144.4,64,64,66,66,75,75,72,72,20.3,20.3,22.7,22.7,395.066,95393,0,0,0,0,7,8,1,1,2433,25,21,14,0,13,7,FALSE,0,FALSE
687.6939,0.007,0.007,0.002,0.002,13.137,19,17,0,2045526.5,65,65,65,65,75,75,72,72,18.863,18.867,20.701,20.701,406.184,95393,0,0,0,0,7,8,1,0,0,25,21,14,0,13,7,FALSE,0,FALSE
688.1933,0.017,0.017,0.002,0.002,13.128,19,17,0,2055723.1,70,70,65,65,76,76,72,72,18.872,18.876,20.707,20.708,419.016,95393,0,0,0,0,7,8,1,0,0,25,21,14,0,13,7,FALSE,0,FALSE
688.69086,0.046,0.044,0.002,0.002,13.118,19,17,0,2070463.8,78,77,65,65,76,76,72,72,18.885,18.888,20.713,20.713,434.188,95393,0,0,0,0,7,8,1,0,0,25,21,14,0,13,7,FALSE,0,FALSE
689.1933,0.091,0.088,0.002,0.002,13.106,19,17,0,2080484.5,87,86,65,65,76,76,72,72,18.9,18.904,20.719,20.719,451.91,95393,0,0,0,0,8,8,1,0,0,25,21,14,0,13,7,FALSE,0,FALSE
689.6907,0.148,0.144,0.002,0.002,13.093,19,17,0,2085247.8,87,87,65,66,76,77,72,72,18.92,18.923,20.724,20.724,472.551,95393,0,0,0,0,9,8,1,0,0,25,21,14,0,13,7,FALSE,0,FALSE
690.19507,0.164,0.16,0.002,0.002,13.079,19,17,0,2080823.8,75,75,66,66,77,77,72,72,18.934,18.937,20.729,20.73,495.938,95393,0,0,0,0,9,8,1,0,0,25,21,14,0,13,7,FALSE,0,FALSE
690.6898,0.177,0.173,0.002,0.002,13.067,19,17,0,2080733.2,71,71,66,66,77,77,73,73,18.944,18.947,20.734,20.735,522.066,95393,0,0,0,0,9,8,1,0,0,25,21,14,0,13,7,FALSE,0,FALSE
691.192,0.188,0.184,0.002,0.002,13.053,19,17,0,2074090.6,70,70,66,67,77,77,73,73,18.953,18.956,20.739,20.74,550.402,95393,0,0,0,0,9,8,1,0,0,25,21,14,0,13,7,FALSE,0,FALSE
692.1903,0.207,0.202,0.002,0.002,13.026,19,17,0,2063678.9,69,70,68,67,77,77,73,73,18.968,18.971,20.748,20.748,612.551,95393,0,0,0,0,9,8,1,0,0,25,21,14,0,13,7,FALSE,0,FALSE
692.6921,0.217,0.213,0.01,0.01,13.014,19,17,0,2062833.5,70,71,71,71,77,78,73,73,18.975,18.979,20.752,20.752,645.641,95393,0,0,0,0,9,8,1,0,0,25,21,14,0,13,7,FALSE,0,FALSE
693.1929,0.242,0.236,0.044,0.045,13.013,19,17,0,2090670.6,72,72,75,75,78,78,73,73,18.987,18.99,20.765,20.765,673.121,95393,0,0,1150,22250,9,8,1,0,0,25,21,14,0,13,7,FALSE,0,FALSE
693.6937,0.256,0.249,0.052,0.052,13.012,19,17,0,2112786,71,71,72,72,78,78,73,73,18.999,19.003,20.779,20.779,693.844,95393,0,0,1150,22250,9,8,1,0,0,25,21,14,0,13,7,FALSE,0,FALSE
694.6916,0.273,0.261,0.067,0.066,13.011,19,17,0,2144797.2,70,68,73,71,78,78,74,74,19.025,19.028,20.807,20.807,721.254,95393,0,0,1150,22367,9,8,1,0,0,25,21,14,0,13,7,FALSE,0,FALSE
695.1897,0.282,0.268,0.088,0.083,13.011,19,17,0,2155170.5,71,68,79,75,79,79,74,74,19.038,19.039,20.823,20.822,731.133,95393,0,0,1217,22367,9,8,1,0,0,25,21,14,0,13,7,FALSE,0,FALSE
695.6919,0.289,0.277,0.112,0.093,13.01,19,17,0,2160790.5,71,70,85,74,79,79,74,74,19.051,19.051,20.842,20.837,747.641,95393,0,0,1217,22367,9,8,1,0,0,25,21,14,0,13,7,FALSE,0,FALSE
696.1904,0.299,0.284,0.125,0.103,13.007,19,17,0,2165315,73,70,82,74,79,79,75,74,19.064,19.064,20.861,20.852,761.715,95393,0,0,1217,22367,9,8,1,0,0,25,21,14,0,13,7,FALSE,0,FALSE
696.69,0.311,0.295,0.132,0.109,13.003,19,17,0,2169988.2,75,72,78,72,79,79,75,75,19.078,19.076,20.878,20.865,771.391,95393,0,0,1217,22450,9,8,1,0,0,25,21,14,0,13,7,FALSE,0,FALSE
697.1922,0.326,0.313,0.133,0.11,12.997,19,17,0,2172832.5,76,76,73,69,80,80,75,75,19.093,19.09,20.892,20.878,782.789,95393,0,0,1217,22450,9,8,1,0,0,25,21,14,0,13,7,FALSE,0,FALSE
697.6886,0.337,0.327,0.133,0.11,12.988,19,17,0,2176186.8,74,75,69,67,80,80,75,75,19.107,19.104,20.904,20.889,796.652,95393,0,0,984,22450,9,8,1,0,0,25,21,14,0,13,7,FALSE,0,FALSE
698.1942,0.354,0.344,0.136,0.114,12.979,19,17,0,2183270.8,75,75,67,68,80,80,76,75,19.12,19.117,20.914,20.899,813.082,95393,0,0,984,22434,9,8,1,0,0,25,21,14,0,13,7,FALSE,0,FALSE
698.69293,0.367,0.358,0.143,0.121,12.969,19,17,0,2184036.2,73,74,67,70,80,80,76,75,19.133,19.13,20.924,20.91,831.309,95393,0,0,934,22434,9,8,1,0,0,25,21,14,0,13,7,FALSE,0,FALSE
699.19116,0.384,0.377,0.154,0.134,12.959,19,17,0,2189971,73,76,70,72,81,81,76,76,19.144,19.143,20.933,20.92,858.973,95393,0,0,934,22434,9,8,1,0,0,25,21,14,0,13,7,FALSE,0,FALSE
699.6901,0.406,0.404,0.171,0.151,12.948,19,17,0,2196277.2,73,78,72,74,81,81,76,76,19.156,19.156,20.943,20.931,879.973,95393,0,0,933,22434,9,8,1,0,0,25,21,14,0,13,7,FALSE,0,FALSE
700.19324,0.43,0.43,0.182,0.162,12.936,19,17,0,2197938.2,74,77,70,71,81,81,76,76,19.167,19.169,20.953,20.942,903.512,95393,0,0,933,22416,9,8,1,0,0,25,21,14,0,13,7,FALSE,0,FALSE
700.6954,0.446,0.449,0.186,0.165,12.923,19,17,0,2189769.5,73,73,68,69,81,81,76,76,19.177,19.179,20.961,20.949,929.77,95393,0,0,933,22416,9,8,1,0,0,25,21,14,0,13,7,FALSE,0,FALSE
701.1918,0.489,0.488,0.198,0.178,12.909,19,17,0,2146840.5,80,77,71,70,81,81,76,76,19.189,19.188,20.968,20.956,959.465,95393,0,0,933,22416,9,8,1,0,0,25,21,14,0,13,7,FALSE,0,FALSE
701.694,0.524,0.523,0.208,0.186,12.897,19,17,0,2103346.2,75,74,70,69,82,82,77,76,19.201,19.199,20.976,20.962,990.445,95393,0,0,950,22416,9,8,1,0,0,25,21,14,0,13,7,FALSE,0,FALSE
702.1899,0.538,0.535,0.209,0.188,12.883,19,17,0,2048538.1,71,70,68,67,82,82,77,76,19.21,19.207,20.983,20.968,1021.727,95393,0,0,967,22417,9,8,1,0,0,25,21,14,0,13,7,FALSE,0,FALSE
702.6904,0.554,0.549,0.212,0.192,12.869,19,17,0,1990923.1,72,70,68,68,82,82,77,77,19.218,19.215,20.988,20.974,1055.035,95393,0,0,967,22417,9,8,1,0,0,25,21,14,0,13,7,FALSE,0,FALSE
703.1916,0.566,0.559,0.213,0.193,12.857,19,17,0,1938793.4,70,70,68,67,82,82,77,77,19.225,19.221,20.993,20.978,1090.055,95393,0,0,984,22417,9,8,1,0,0,25,21,14,0,13,7,FALSE,0,FALSE
703.68933,0.573,0.566,0.213,0.193,12.843,19,17,0,1926884.9,70,70,68,68,82,82,77,77,19.231,19.227,20.997,20.982,1126.246,95393,0,0,1000,22417,9,8,1,0,0,25,21,14,0,13,7,FALSE,0,FALSE
704.1889,0.58,0.574,0.213,0.193,12.829,19,17,0,1918241.1,70,70,68,68,82,82,77,77,19.237,19.233,21.001,20.986,1163.414,95393,0,0,1000,22400,9,8,1,0,0,25,21,14,0,13,7,FALSE,0,FALSE
704.69135,0.587,0.581,0.213,0.193,12.815,19,17,0,1909597.4,70,70,68,68,82,82,77,77,19.242,19.238,21.004,20.99,1201.469,95393,0,0,983,22400,9,8,1,0,0,25,21,14,0,13,7,FALSE,0,FALSE
705.19183,0.594,0.588,0.213,0.193,12.801,19,17,0,1900953.6,70,70,68,68,83,82,77,77,19.247,19.243,21.006,20.992,1240.309,95393,0,0,1000,22400,9,8,1,0,0,25,21,14,0,13,7,FALSE,0,FALSE
705.69275,0.601,0.594,0.213,0.193,12.788,19,17,0,1892309.9,70,70,68,69,83,83,77,77,19.251,19.248,21.009,20.995,1279.832,95393,0,0,1017,22350,9,8,1,0,0,25,21,14,0,13,7,FALSE,0,FALSE
706.1907,0.607,0.601,0.213,0.193,12.774,19,17,0,1883666.1,70,70,69,69,83,83,77,77,19.255,19.252,21.011,20.997,1319.953,95393,0,0,1033,22350,9,8,1,0,0,25,21,14,0,13,7,FALSE,0,FALSE
707.1942,0.62,0.614,0.213,0.194,12.747,19,17,0,1871817.8,70,71,69,69,83,83,77,77,19.262,19.259,21.013,20.999,1401.477,95393,0,0,1050,22333,9,8,1,0,0,25,21,14,0,13,7,FALSE,0,FALSE
707.69055,0.639,0.634,0.242,0.221,12.74,19,17,0,1894310.8,72,72,75,75,83,83,77,77,19.267,19.264,21.019,21.005,1439.832,95393,0,0,1050,22316,9,8,1,0,0,25,21,14,0,13,7,FALSE,0,FALSE
708.19403,0.663,0.661,0.273,0.247,12.739,19,17,0,1923195.2,72,73,74,73,83,83,78,77,19.277,19.275,21.033,21.019,1469.629,95393,0,0,1050,22333,9,8,1,0,0,25,21,14,0,13,7,FALSE,0,FALSE
708.6917,0.676,0.671,0.287,0.262,12.739,19,17,0,1948796.4,72,70,74,73,83,83,78,77,19.288,19.285,21.046,21.032,1493.734,95393,0,0,1067,22333,9,8,1,0,0,25,21,14,0,13,7,FALSE,0,FALSE
709.19214,0.702,0.691,0.335,0.3,12.739,19,17,0,1970040.6,77,73,87,81,84,83,78,78,19.3,19.296,21.062,21.047,1513.098,95393,0,0,1067,22333,9,8,1,0,0,25,21,14,0,13,7,FALSE,0,FALSE
709.6893,0.726,0.707,0.387,0.348,12.739,19,17,0,1987165.2,79,73,92,88,84,84,78,78,19.315,19.307,21.083,21.065,1531.16,95393,0,0,950,22300,9,8,1,0,0,25,21,14,0,13,7,FALSE,0,FALSE
710.1889,0.743,0.72,0.433,0.383,12.736,19,17,0,1993342.6,77,72,95,87,84,84,79,78,19.329,19.318,21.104,21.084,1554.227,95393,0,0,950,22300,9,8,1,0,0,25,21,14,0,13,7,FALSE,0,FALSE
711.1909,0.79,0.76,0.486,0.421,12.723,19,17,0,2005575.4,80,76,84,77,85,84,79,79,19.357,19.342,21.143,21.116,1587.844,95393,0,0,1100,22383,9,8,1,0,0,25,21,14,0,13,7,FALSE,0,FALSE
711.69354,0.805,0.774,0.495,0.429,12.715,19,17,0,2010039.5,76,73,76,72,85,84,80,79,19.37,19.353,21.157,21.128,1604.316,95393,0,0,1100,22383,9,8,1,0,0,25,21,14,0,13,7,FALSE,0,FALSE
712.1915,0.826,0.795,0.502,0.436,12.704,19,17,0,2010579,77,75,72,70,85,85,80,79,19.382,19.364,21.168,21.138,1623.312,95393,0,0,1100,22383,9,8,1,0,0,25,21,14,0,13,7,FALSE,0,FALSE
712.69055,0.845,0.813,0.505,0.439,12.691,19,17,0,2006859.6,75,74,70,68,85,85,80,79,19.393,19.374,21.177,21.147,1645.359,95393,0,0,1100,22417,9,8,1,0,0,25,21,14,0,13,7,FALSE,0,FALSE
713.19214,0.876,0.839,0.505,0.44,12.678,19,17,0,2006300.5,78,77,69,66,85,85,80,80,19.403,19.384,21.184,21.154,1669.738,95393,0,0,1150,22417,9,8,1,0,0,25,21,14,0,13,7,FALSE,0,FALSE
713.6887,0.897,0.858,0.505,0.44,12.665,19,17,0,2004438.9,74,72,67,66,86,85,80,80,19.412,19.394,21.189,21.16,1696.406,95393,0,0,1150,22417,9,8,1,0,0,25,21,14,0,13,7,FALSE,0,FALSE
714.1899,0.908,0.87,0.508,0.442,12.651,19,17,0,1997636,71,71,67,69,86,85,80,80,19.42,19.401,21.195,21.166,1725,95393,0,0,1167,22417,9,8,1,0,0,25,21,14,0,13,7,FALSE,0,FALSE
714.6925,0.921,0.886,0.515,0.448,12.639,19,17,0,1995387,70,72,69,70,86,86,80,80,19.426,19.409,21.201,21.173,1755.457,95393,0,0,1167,22367,9,8,1,0,0,25,21,14,0,13,7,FALSE,0,FALSE
715.1894,0.938,0.909,0.531,0.464,12.625,19,17,0,1987006,71,74,71,73,86,86,80,80,19.433,19.416,21.206,21.179,1787.473,95393,0,0,1167,22367,9,8,1,0,0,25,21,14,0,13,7,FALSE,0,FALSE
715.6911,0.96,0.936,0.55,0.482,12.611,19,17,0,1978362.2,72,75,71,72,86,86,80,80,19.439,19.424,21.212,21.186,1821.648,95393,51937,0,1200,22367,9,8,1,0,0,25,21,14,0,13,7,FALSE,0,FALSE
716.1933,0.978,0.952,0.57,0.501,12.606,19,17,0,1997404.4,73,71,75,73,86,86,81,80,19.445,19.431,21.218,21.191,1855.898,95393,51937,0,1200,22384,9,8,1,0,0,25,21,14,0,13,7,FALSE,0,FALSE
716.6912,1.03,0.992,0.661,0.577,12.606,19,17,0,2026945.2,82,77,94,86,86,86,81,80,19.455,19.44,21.231,21.202,1884.648,95393,51937,0,1217,22384,9,8,1,0,0,25,21,14,0,13,7,FALSE,0,FALSE
717.1942,1.067,1.02,0.752,0.651,12.602,19,17,0,2041624.4,80,75,96,89,87,86,81,81,19.468,19.45,21.249,21.218,1912.02,95393,51937,0,1217,22383,9,8,1,0,0,25,21,14,0,13,7,FALSE,0,FALSE
717.6899,1.107,1.051,0.817,0.705,12.594,19,17,0,2047311.6,81,75,89,83,87,86,81,81,19.48,19.459,21.266,21.232,1939.227,95393,51937,0,1266,22383,9,8,1,0,0,25,21,14,0,13,7,FALSE,0,FALSE
718.19244,1.145,1.082,0.84,0.725,12.583,19,17,0,2047499.9,78,74,76,73,87,87,82,81,19.491,19.469,21.278,21.242,1965.07,95393,51937,0,1266,22383,9,8,1,0,0,25,21,14,0,13,7,FALSE,0,FALSE
718.68994,1.16,1.098,0.848,0.733,12.57,19,17,0,2043103.5,72,72,70,72,87,87,82,81,19.499,19.475,21.284,21.248,1992.508,95393,51937,0,1333,22400,9,8,1,0,0,25,21,14,0,13,7,FALSE,0,FALSE
719.1923,1.194,1.141,0.892,0.784,12.558,19,17,0,2047869.1,75,81,78,81,87,87,82,81,19.506,19.484,21.291,21.256,2022.895,95393,51937,0,1333,22400,9,8,1,0,0,25,21,14,0,13,7,FALSE,0,FALSE
719.6925,1.236,1.19,0.937,0.84,12.546,19,17,0,2049758.8,77,80,77,83,87,87,82,81,19.514,19.494,21.299,21.266,2054.324,95393,51937,0,1333,22400,9,8,1,0,0,25,21,14,0,13,7,FALSE,0,FALSE
720.18964,1.269,1.229,0.967,0.874,12.533,19,17,0,2047433.6,74,77,74,78,88,87,82,82,19.522,19.503,21.305,21.275,2084.582,95393,51937,0,1333,22417,9,8,1,0,0,25,21,14,0,13,7,FALSE,0,FALSE
720.69293,1.309,1.275,1.003,0.91,12.519,19,17,0,2039056.8,75,77,73,76,88,87,82,82,19.528,19.512,21.31,21.281,2116.355,95393,51937,0,1333,22417,9,8,1,0,0,25,21,14,0,13,7,FALSE,0,FALSE
721.19037,1.33,1.3,1.02,0.923,12.505,19,17,0,2030413,72,75,71,72,88,88,82,82,19.533,19.518,21.314,21.285,2149.539,95393,51937,0,1350,22400,9,8,1,0,0,25,21,14,0,13,7,FALSE,0,FALSE
721.6892,1.34,1.313,1.034,0.937,12.493,19,17,0,2033027.4,71,71,73,73,88,88,82,82,19.537,19.523,21.317,21.289,2183.23,95393,51937,0,1350,22416,9,8,1,0,0,25,21,14,0,13,7,FALSE,0,FALSE
722.191,1.361,1.334,1.057,0.963,12.491,19,17,0,2061005.2,72,72,74,74,88,88,82,82,19.544,19.53,21.327,21.299,2210.75,95393,51937,0,1350,22416,9,8,1,0,0,25,21,14,0,13,7,FALSE,0,FALSE
722.69073,1.376,1.346,1.069,0.977,12.491,19,17,0,2084966,72,71,74,73,88,88,83,82,19.552,19.538,21.339,21.31,2231.809,95393,51937,0,1350,22416,9,8,1,0,0,25,21,14,0,13,7,FALSE,0,FALSE
723.18945,1.39,1.356,1.083,0.991,12.491,19,17,0,2104150.5,74,69,75,73,88,88,83,82,19.562,19.546,21.351,21.322,2248.461,95393,51937,0,1316,22450,9,8,1,0,0,25,21,14,0,13,7,FALSE,0,FALSE
723.69415,1.402,1.364,1.108,1.009,12.491,19,17,0,2116932,74,69,80,75,89,88,83,83,19.572,19.554,21.363,21.334,2261.141,95393,51937,0,1316,22450,9,8,1,0,0,25,21,14,0,13,7,FALSE,0,FALSE
724.1915,1.414,1.374,1.14,1.029,12.491,19,17,0,2123234.5,74,71,87,77,89,88,83,83,19.581,19.562,21.379,21.346,2275.336,95393,51937,0,1316,22450,9,8,1,0,0,25,21,14,0,13,7,FALSE,0,FALSE
724.69086,1.427,1.384,1.178,1.057,12.489,19,17,0,2129196.2,75,71,92,82,89,88,84,83,19.591,19.57,21.396,21.359,2293.867,95393,51937,0,1316,22450,9,8,1,0,0,25,21,14,0,13,7,FALSE,0,FALSE
725.19275,1.443,1.396,1.198,1.073,12.484,19,17,0,2135381.2,77,72,87,79,89,89,84,83,19.601,19.578,21.413,21.373,2306.664,95393,51937,0,1134,22384,9,8,1,0,0,25,21,14,0,13,7,FALSE,0,FALSE
725.6941,1.462,1.412,1.212,1.084,12.478,19,17,0,2142092.2,78,74,82,75,89,89,84,83,19.612,19.587,21.427,21.384,2319.152,95393,51937,0,1134,22384,9,8,1,0,0,25,21,14,0,13,7,FALSE,0,FALSE
726.1898,1.48,1.431,1.217,1.088,12.47,19,17,0,2148987.8,78,76,76,71,89,89,84,84,19.623,19.596,21.439,21.394,2333.277,95393,51937,0,1134,22384,9,8,1,0,0,25,21,14,0,13,7,FALSE,0,FALSE
726.6902,1.497,1.45,1.219,1.09,12.459,19,17,0,2155670,76,75,70,68,90,89,84,84,19.632,19.606,21.447,21.401,2350.008,95393,51937,0,1100,22384,9,8,1,0,0,25,21,14,0,13,7,FALSE,0,FALSE
727.1933,1.521,1.474,1.219,1.09,12.447,19,17,0,2162103,77,77,68,66,90,89,85,84,19.641,19.615,21.454,21.407,2370.023,95393,51937,0,1100,22250,9,8,1,0,0,25,21,14,0,13,7,FALSE,0,FALSE
727.6913,1.538,1.493,1.219,1.09,12.433,19,17,0,2158151.8,74,73,66,67,90,89,85,84,19.65,19.623,21.459,21.412,2392.781,95393,51937,0,1100,22250,9,8,1,0,0,25,21,14,0,13,7,FALSE,0,FALSE
728.1905,1.55,1.506,1.219,1.09,12.42,19,17,0,2158142,71,71,66,67,90,90,85,84,19.656,19.63,21.463,21.417,2418.121,95393,51937,0,1100,22200,9,8,1,0,0,25,21,14,0,13,7,FALSE,0,FALSE
728.6911,1.56,1.516,1.219,1.09,12.407,19,17,0,2151824.5,70,70,66,67,90,90,85,84,19.661,19.635,21.467,21.421,2445.559,95393,51937,0,1083,22200,9,8,1,0,0,25,21,14,0,13,7,FALSE,0,FALSE
729.1929,1.57,1.526,1.219,1.091,12.393,19,17,0,2144553.2,70,69,67,67,90,90,85,84,19.665,19.639,21.47,21.425,2475.043,95393,51937,0,1084,22167,9,8,1,0,0,25,21,14,0,13,7,FALSE,0,FALSE
729.693,1.579,1.535,1.219,1.091,12.38,19,17,0,2141959.5,70,69,67,67,90,90,85,84,19.669,19.643,21.472,21.428,2506.148,95393,51937,0,1084,22167,9,8,1,0,0,25,21,14,0,13,7,FALSE,0,FALSE
730.1883,1.589,1.546,1.222,1.093,12.366,19,17,0,2133358,69,70,68,68,90,90,85,84,19.672,19.646,21.475,21.43,2538.809,95393,51937,0,1083,22150,9,8,1,0,0,25,21,14,0,13,7,FALSE,0,FALSE
730.69104,1.601,1.562,1.231,1.101,12.353,19,17,0,2124718,70,72,69,70,90,90,85,84,19.675,19.65,21.477,21.433,2572.992,95393,51937,0,1083,22166,9,8,1,0,0,25,21,14,0,13,7,FALSE,0,FALSE
731.19293,1.624,1.592,1.257,1.128,12.34,19,17,0,2121436.2,72,75,72,74,90,90,85,84,19.678,19.654,21.479,21.437,2607.793,95393,51937,0,1100,22166,9,8,1,0,0,25,21,14,0,13,7,FALSE,0,FALSE
731.6913,1.652,1.627,1.293,1.164,12.333,19,17,0,2139530,73,76,75,77,91,90,85,84,19.682,19.66,21.484,21.443,2642.691,95393,51937,0,1100,22167,9,8,1,0,0,25,21,14,0,13,7,FALSE,0,FALSE
732.19214,1.672,1.653,1.316,1.186,12.332,19,17,0,2166652.5,72,74,73,75,91,90,85,85,19.689,19.668,21.492,21.452,2672.27,95393,51937,0,1133,22200,9,8,1,0,0,25,21,14,0,13,7,FALSE,0,FALSE
732.6926,1.684,1.668,1.329,1.198,12.331,19,17,0,2190404.8,70,72,71,73,91,90,85,85,19.695,19.676,21.501,21.462,2694.559,95393,51937,0,1133,22200,9,8,1,0,0,25,21,14,0,13,7,FALSE,0,FALSE
733.6914,1.704,1.694,1.359,1.232,12.331,19,17,0,2227994.5,71,74,75,79,91,91,86,85,19.708,19.692,21.519,21.483,2727,95393,51937,0,1133,22233,9,8,1,0,0,25,21,14,0,13,7,FALSE,0,FALSE
734.19,1.715,1.707,1.382,1.264,12.331,19,17,0,2240074,71,74,79,87,91,91,86,85,19.716,19.702,21.531,21.497,2737.219,95393,51937,0,1133,22233,9,8,1,0,0,25,21,14,0,13,7,FALSE,0,FALSE
735.1884,1.731,1.724,1.403,1.298,12.324,19,17,0,2251203.2,72,74,75,83,91,91,86,86,19.73,19.719,21.553,21.529,2767.762,95393,51937,0,1133,22233,9,8,1,0,0,25,21,14,0,13,7,FALSE,0,FALSE
735.6908,1.755,1.748,1.407,1.303,12.317,19,17,0,2256884.5,78,80,71,77,92,91,86,86,19.739,19.729,21.562,21.541,2778.875,95393,51937,0,1133,22300,9,8,1,0,0,25,21,14,0,13,7,FALSE,0,FALSE
736.19116,1.773,1.764,1.408,1.304,12.309,19,17,0,2260728.2,77,77,68,72,92,92,86,86,19.749,19.739,21.569,21.55,2792.555,95393,51937,0,1167,22300,9,8,1,0,0,25,21,14,0,13,7,FALSE,0,FALSE
736.69183,1.8,1.788,1.409,1.304,12.297,19,17,0,2263729,80,80,66,68,92,92,87,86,19.759,19.749,21.575,21.557,2809.102,95393,51937,0,1167,22300,9,8,1,0,0,25,21,14,0,13,7,FALSE,0,FALSE
737.19006,1.843,1.83,1.409,1.304,12.284,19,17,0,2267279.5,84,83,66,66,92,92,87,86,19.771,19.761,21.579,21.562,2828.535,95393,51937,0,1067,22167,9,8,1,0,0,25,21,14,0,13,7,FALSE,0,FALSE
738.18964,1.874,1.861,1.409,1.304,12.258,19,17,0,2263999.8,71,71,66,66,92,92,87,86,19.786,19.776,21.587,21.57,2875.723,95393,51937,0,1067,22067,9,8,1,0,0,25,21,14,0,13,7,FALSE,0,FALSE
738.6924,1.884,1.871,1.409,1.304,12.245,19,17,0,2263226,70,70,67,67,93,92,87,87,19.791,19.781,21.59,21.574,2902.875,95393,51937,0,1067,22067,9,8,1,0,0,25,21,14,0,13,7,FALSE,0,FALSE
739.69135,1.903,1.891,1.409,1.304,12.219,19,17,0,2227001.2,70,70,67,67,93,93,87,87,19.797,19.788,21.595,21.579,2963.289,95393,51937,0,1016,22033,9,8,1,0,0,25,21,14,0,13,7,FALSE,0,FALSE
740.1888,1.915,1.903,1.409,1.304,12.205,19,17,0,2169468,70,71,67,68,93,93,87,87,19.8,19.791,21.596,21.581,2996.461,95393,51937,0,1016,22033,9,8,1,0,0,25,21,14,0,13,7,FALSE,0,FALSE
740.6915,1.925,1.915,1.409,1.304,12.192,19,17,0,2114631.8,70,70,68,68,93,93,87,87,19.803,19.794,21.597,21.582,3031.426,95393,51937,0,1017,22033,9,8,1,0,0,25,21,14,0,13,7,FALSE,0,FALSE
741.18805,1.934,1.925,1.409,1.304,12.178,19,17,0,2059786.8,70,70,68,68,93,93,87,87,19.805,19.796,21.598,21.583,3067.742,95393,51937,0,1000,22016,9,8,1,0,0,25,21,14,0,13,7,FALSE,0,FALSE
741.6918,1.943,1.935,1.409,1.304,12.164,19,17,0,2002171.8,70,70,68,68,93,93,87,87,19.806,19.798,21.598,21.583,3105.422,95393,51937,0,1000,22016,9,8,1,0,0,25,21,14,0,13,7,FALSE,0,FALSE
742.1893,1.952,1.944,1.409,1.304,12.151,19,17,0,1965777.6,70,70,68,68,93,93,87,87,19.808,19.8,21.598,21.583,3144.273,95393,51937,0,1016,22016,9,8,1,0,0,25,21,14,0,13,7,FALSE,0,FALSE
742.6885,1.958,1.951,1.409,1.304,12.137,19,17,0,1957133.9,70,70,69,68,93,93,87,87,19.808,19.8,21.597,21.583,3183.91,95393,51937,0,1000,22000,9,8,1,0,0,25,21,14,0,13,7,FALSE,0,FALSE
743.6913,1.971,1.965,1.409,1.304,12.11,19,17,0,1945220.4,70,70,69,69,93,93,87,87,19.808,19.801,21.594,21.58,3264.773,95393,51937,0,1000,21967,9,8,1,0,0,25,21,14,0,13,7,FALSE,0,FALSE
744.1913,1.977,1.971,1.409,1.304,12.097,19,17,0,1936576.6,70,71,69,69,93,93,87,87,19.808,19.8,21.592,21.578,3305.867,95393,51937,0,1000,21950,9,8,1,0,0,25,21,14,0,13,7,FALSE,0,FALSE
745.1883,2.005,2.001,1.442,1.339,12.077,19,17,0,1956306.1,72,73,74,75,93,93,87,87,19.808,19.801,21.592,21.578,3385.074,95393,51937,0,1017,21933,9,8,1,0,0,25,21,14,0,13,7,FALSE,0,FALSE
745.6909,2.021,2.022,1.465,1.368,12.077,19,17,0,1985763.5,70,72,73,74,93,93,87,87,19.813,19.807,21.602,21.589,3414.348,95393,51937,0,1017,21933,9,8,1,0,0,25,21,14,0,13,7,FALSE,0,FALSE
746.69214,2.062,2.08,1.539,1.458,12.076,19,17,0,2017282.4,73,78,80,87,93,93,87,87,19.824,19.822,21.622,21.613,3461.965,95393,51937,0,1083,21967,9,8,1,0,0,25,21,14,0,13,7,FALSE,0,FALSE
747.1918,2.091,2.12,1.587,1.518,12.07,19,17,0,2024736.2,77,82,84,93,93,93,88,87,19.83,19.832,21.634,21.627,3488.641,95393,51937,0,1083,21967,9,8,1,0,0,25,21,14,0,13,7,FALSE,0,FALSE
748.19147,2.149,2.192,1.655,1.6,12.051,19,17,0,2037868.1,76,82,78,83,94,94,88,88,19.844,19.851,21.655,21.654,3533.633,95393,51937,0,1150,21934,9,8,1,0,0,25,21,14,0,13,7,FALSE,0,FALSE
748.6902,2.177,2.227,1.681,1.629,12.039,19,17,0,2044112.4,76,80,75,79,94,94,88,88,19.85,19.86,21.663,21.664,3557.008,95393,51937,0,1150,21883,9,8,1,0,0,25,21,14,0,13,7,FALSE,0,FALSE
749.18976,2.202,2.257,1.702,1.651,12.027,19,17,0,2050254.1,74,79,74,77,94,94,88,88,19.855,19.867,21.669,21.671,3581.754,95393,51937,0,1150,21883,9,8,1,0,0,25,21,14,0,13,7,FALSE,0,FALSE
749.6925,2.242,2.303,1.733,1.683,12.014,19,17,0,2043952.1,77,81,75,78,94,94,88,88,19.861,19.875,21.675,21.678,3608.148,95393,51937,0,1150,21883,9,8,1,0,0,25,21,14,0,13,7,FALSE,0,FALSE
750.1908,2.276,2.344,1.762,1.715,12,19,17,0,2036888.5,75,80,75,77,94,94,88,88,19.866,19.882,21.68,21.684,3636.469,95393,51937,0,1150,21850,9,8,1,0,0,25,21,14,0,13,7,FALSE,0,FALSE
750.6911,2.3,2.373,1.78,1.732,11.987,19,17,0,2034582.6,72,75,72,73,94,94,88,88,19.87,19.887,21.684,21.689,3666.797,95393,51937,0,1167,21850,9,8,1,0,0,25,21,14,0,13,7,FALSE,0,FALSE
751.68774,2.328,2.403,1.796,1.747,11.959,19,17,0,2017565.5,72,71,71,69,94,94,88,89,19.872,19.891,21.687,21.692,3732.57,95393,51937,0,1183,21850,9,8,1,0,0,25,21,14,0,13,7,FALSE,0,FALSE
752.18994,2.36,2.429,1.826,1.776,11.946,19,17,0,2008921.8,77,74,76,73,94,94,88,89,19.874,19.892,21.69,21.693,3766.828,95393,51937,0,1200,21850,9,8,1,0,0,25,21,14,0,13,7,FALSE,0,FALSE
752.68896,2.406,2.465,1.879,1.827,11.932,19,17,0,2003012.2,80,76,82,79,94,94,89,89,19.878,19.894,21.693,21.696,3802.891,95393,51937,0,1200,21867,9,8,1,0,0,25,21,14,0,13,7,FALSE,0,FALSE
753.18933,2.476,2.524,1.974,1.912,11.919,19,17,0,1997051.5,83,78,87,83,94,95,89,89,19.884,19.898,21.7,21.7,3839.695,95393,51937,0,1200,21867,9,8,1,0,0,25,21,14,0,13,7,FALSE,0,FALSE
754.1902,2.614,2.639,2.163,2.08,11.892,19,17,0,1979764,83,79,88,83,94,95,89,89,19.894,19.903,21.712,21.709,3913.258,95393,51937,0,1200,21834,9,8,1,0,0,25,21,14,0,13,7,FALSE,0,FALSE
754.68805,2.669,2.685,2.224,2.136,11.879,19,17,0,1971120.2,79,76,80,77,95,95,89,89,19.898,19.905,21.716,21.711,3949.062,95393,51937,0,1217,21834,9,8,1,0,0,25,21,14,0,13,7,FALSE,0,FALSE
755.6905,2.719,2.723,2.259,2.171,11.851,19,17,0,1957633.4,70,69,69,69,95,95,89,89,19.898,19.903,21.715,21.708,4022.066,95393,51937,40031,1234,21834,9,8,1,0,0,25,21,14,0,13,7,FALSE,0,FALSE
756.1917,2.746,2.743,2.289,2.194,11.849,19,17,0,1988401,73,70,73,72,95,95,89,89,19.9,19.903,21.718,21.711,4055,95393,51937,40031,1234,21834,9,8,1,0,0,25,21,14,0,13,7,FALSE,0,FALSE
756.69,2.77,2.761,2.319,2.222,11.848,19,17,0,2015983.9,75,71,78,76,95,95,89,89,19.904,19.906,21.725,21.717,4080.934,95393,51937,40031,1234,21834,9,8,1,0,0,25,21,14,0,13,7,FALSE,0,FALSE
757.193,2.807,2.788,2.387,2.277,11.848,19,17,0,2033668.5,80,74,92,84,95,95,89,89,19.911,19.911,21.737,21.728,4102.371,95393,51937,40031,1234,21850,9,8,1,0,0,25,21,14,0,13,7,FALSE,0,FALSE
757.691,2.833,2.807,2.452,2.325,11.844,19,17,0,2041152.9,78,73,95,85,95,95,90,89,19.919,19.916,21.752,21.739,4122.773,95393,51937,40031,1267,21850,9,8,1,0,0,25,21,14,0,13,7,FALSE,0,FALSE
759.18945,2.924,2.881,2.601,2.435,11.823,19,17,0,2061568.1,81,77,83,76,95,95,90,90,19.94,19.931,21.794,21.769,4188.719,95393,51937,40031,1333,21767,9,8,1,0,0,25,21,14,0,13,7,FALSE,0,FALSE
759.69104,2.95,2.906,2.611,2.444,11.809,19,17,0,2058026.4,78,76,74,71,95,95,90,90,19.946,19.936,21.8,21.773,4211.168,95393,51937,40031,1350,21767,9,8,1,0,0,25,21,14,0,13,7,FALSE,0,FALSE
760.1919,2.977,2.933,2.616,2.451,11.797,19,17,0,2050618,76,75,70,68,96,95,90,90,19.951,19.94,21.803,21.776,4236.484,95393,51937,40031,1350,21767,9,8,1,0,0,25,21,14,0,13,7,FALSE,0,FALSE
761.6899,3.016,2.968,2.616,2.451,11.756,19,17,0,1906015.6,71,70,67,68,96,95,90,90,19.955,19.943,21.804,21.777,4326.707,95393,51937,40031,1384,21650,9,8,1,0,0,25,21,14,0,13,7,FALSE,0,FALSE
763.1895,3.046,2.998,2.616,2.451,11.716,19,17,0,1738628.8,70,70,68,68,96,95,90,90,19.953,19.942,21.801,21.774,4432.648,95393,51937,40031,1384,21650,9,8,1,0,0,25,21,14,0,13,7,FALSE,0,FALSE
763.6919,3.055,3.007,2.616,2.451,11.702,19,17,0,1681013.8,70,70,68,68,96,95,90,90,19.952,19.941,21.799,21.772,4470.746,95393,51937,40031,1384,21650,9,8,1,0,0,25,21,14,0,13,7,FALSE,0,FALSE
764.18823,3.064,3.016,2.616,2.451,11.688,19,17,0,1623398.8,70,70,68,68,96,95,90,90,19.95,19.939,21.796,21.77,4510.035,95393,51937,40031,1367,21584,9,8,1,0,0,25,21,14,0,13,7,FALSE,0,FALSE
764.69,3.071,3.024,2.616,2.451,11.676,19,17,0,1592408.9,70,70,68,68,95,95,90,90,19.948,19.937,21.793,21.767,4550.309,95393,51937,40031,1333,21584,9,8,1,0,0,25,21,14,0,13,7,FALSE,0,FALSE
765.18915,3.077,3.03,2.616,2.451,11.662,19,17,0,1583765.1,70,70,69,69,95,95,90,90,19.946,19.935,21.789,21.764,4591.102,95393,51937,40031,1333,21584,9,8,1,0,0,25,21,14,0,13,7,FALSE,0,FALSE
765.6899,3.084,3.036,2.616,2.451,11.648,19,17,0,1575121.4,71,71,69,69,95,95,90,90,19.943,19.932,21.786,21.76,4632.414,95393,51937,40031,1333,21584,9,8,1,0,0,25,21,14,0,13,7,FALSE,0,FALSE
766.18835,3.09,3.043,2.616,2.451,11.634,19,17,0,1566477.6,71,71,70,70,95,95,90,90,19.94,19.93,21.782,21.756,4674.188,95393,51937,40031,1317,21584,9,8,1,0,0,25,21,14,0,13,7,FALSE,0,FALSE
766.689,3.096,3.049,2.616,2.451,11.621,19,17,0,1557833.9,71,71,69,69,95,95,90,90,19.937,19.927,21.778,21.752,4716.359,95393,51937,40031,1317,21450,9,8,1,0,0,25,21,14,0,13,7,FALSE,0,FALSE
767.1921,3.102,3.055,2.616,2.451,11.607,19,17,0,1549190.1,71,71,69,69,95,95,90,89,19.934,19.923,21.773,21.748,4758.867,95393,51937,40031,1317,21450,9,8,1,0,0,25,21,14,0,13,7,FALSE,0,FALSE
767.6894,3.108,3.062,2.616,2.451,11.593,19,17,0,1540546.4,71,71,69,69,95,95,90,89,19.93,19.92,21.768,21.743,4801.66,95393,51937,40031,1300,21450,9,8,1,0,0,25,21,14,0,13,7,FALSE,0,FALSE
768.6889,3.147,3.104,2.669,2.501,11.582,19,17,0,1587066.8,72,72,75,75,95,95,90,89,19.93,19.92,21.773,21.749,4875.914,95393,51937,40031,1300,21450,9,8,1,0,0,25,21,14,0,13,7,FALSE,0,FALSE
769.1908,3.172,3.124,2.702,2.532,11.582,19,17,0,1613660,76,72,80,78,95,95,90,90,19.935,19.924,21.783,21.758,4901.305,95393,51937,40031,1300,21450,9,8,1,0,0,25,21,14,0,13,7,FALSE,0,FALSE
769.68976,3.211,3.153,2.776,2.59,11.582,19,17,0,1635008.9,81,75,95,86,95,95,90,90,19.944,19.931,21.798,21.771,4921.484,95393,51937,40031,1300,21450,9,8,1,0,0,25,21,14,0,13,7,FALSE,0,FALSE
770.1882,3.23,3.168,2.841,2.634,11.579,19,17,0,1645747.2,76,73,98,85,96,95,91,90,19.952,19.937,21.816,21.785,4942.555,95393,51937,40031,1183,21450,9,8,1,0,0,25,21,14,0,13,7,FALSE,0,FALSE
770.6891,3.256,3.189,2.897,2.676,11.572,19,17,0,1652225.8,80,75,96,86,96,95,91,90,19.959,19.943,21.834,21.798,4963.094,95393,51937,40031,1183,21450,9,8,1,0,0,25,21,14,0,13,7,FALSE,0,FALSE
771.1874,3.291,3.218,2.933,2.702,11.565,19,17,0,1658762.4,82,78,89,79,96,96,91,90,19.968,19.949,21.849,21.809,4980.875,95393,51937,40031,1183,21450,9,8,1,0,0,25,21,14,0,13,7,FALSE,0,FALSE
771.6879,3.314,3.239,2.943,2.711,11.555,19,17,0,1665081.5,77,75,77,72,96,96,91,91,19.976,19.956,21.858,21.817,5000.832,95393,51937,40031,1150,21450,9,8,1,0,0,25,21,14,0,13,7,FALSE,0,FALSE
772.18536,3.336,3.261,2.952,2.72,11.543,19,17,0,1665512.1,78,75,72,70,96,96,91,91,19.981,19.961,21.864,21.822,5021.227,95393,51937,40031,1150,8600,9,8,1,0,0,25,21,14,0,13,7,FALSE,0,FALSE
773.69073,3.43,3.355,2.973,2.746,11.502,19,17,0,1654158,71,70,67,67,96,96,92,91,19.996,19.978,21.873,21.832,5099.582,95393,51937,40031,1200,8617,9,8,1,0,0,25,21,14,0,13,7,FALSE,0,FALSE
774.18665,3.442,3.366,2.973,2.746,11.49,19,17,0,1624737.9,71,70,67,67,96,96,92,91,19.997,19.979,21.874,21.833,5130.203,95393,51937,40031,1267,8667,9,8,1,0,0,25,21,14,0,13,7,FALSE,0,FALSE
774.68945,3.453,3.377,2.973,2.746,11.476,19,17,0,1567928.8,71,71,67,68,96,96,92,91,19.998,19.98,21.874,21.834,5162.613,95393,51937,40031,1300,8683,9,8,1,0,0,25,21,14,0,13,7,FALSE,0,FALSE
775.6908,3.47,3.396,2.973,2.746,11.449,19,17,0,1497306.9,70,70,68,68,96,96,92,91,19.999,19.98,21.874,21.834,5232.73,95393,51937,40031,1334,8700,9,8,1,0,0,25,21,14,0,13,7,FALSE,0,FALSE
776.1864,3.477,3.402,2.973,2.746,11.436,19,17,0,1488663.1,70,70,68,68,96,96,92,91,19.998,19.98,21.872,21.833,5269.523,95393,51937,40031,1350,8700,9,8,1,0,0,25,21,14,0,13,7,FALSE,0,FALSE
776.6804,3.484,3.409,2.973,2.746,11.422,19,17,0,1480307.5,70,70,68,68,96,96,91,91,19.997,19.979,21.871,21.832,5306,95393,51937,40031,1350,8700,9,8,1,0,0,25,21,14,0,13,7,FALSE,0,FALSE
777.1831,3.49,3.416,2.973,2.746,11.408,19,17,0,1471663.8,70,70,68,68,96,96,91,91,19.995,19.977,21.869,21.83,5344.582,95393,51937,40031,1350,8700,9,8,1,0,0,25,21,14,0,13,7,FALSE,0,FALSE
777.6824,3.497,3.422,2.973,2.746,11.395,19,17,0,1463020,70,70,68,68,96,96,91,91,19.993,19.976,21.866,21.827,5383.898,95393,51937,40031,1350,8700,9,8,1,0,0,25,21,14,0,13,7,FALSE,0,FALSE
778.1891,3.504,3.429,2.973,2.746,11.38,19,17,1,1454088.1,70,70,69,68,96,96,91,91,19.991,19.974,21.863,21.824,16.34,114480,0,0,1366,8700,9,9,1,0,0,25,21,14,0,13,7,FALSE,0,FALSE
778.6861,3.51,3.435,2.973,2.746,11.367,19,17,1,1445444.4,70,70,69,69,96,96,91,91,19.989,19.971,21.859,21.821,56.98,114480,0,0,1384,8700,9,9,1,0,0,25,21,14,0,13,7,FALSE,0,FALSE
779.18933,3.516,3.441,2.973,2.746,11.353,19,17,1,1436800.6,71,71,69,69,96,96,91,91,19.986,19.968,21.855,21.817,98.059,114480,0,0,1400,8700,9,9,1,0,0,25,21,14,0,13,7,FALSE,0,FALSE
779.68756,3.522,3.448,2.973,2.746,11.34,19,17,1,1433764.4,70,70,69,69,96,96,91,91,19.983,19.965,21.851,21.813,139.543,114480,0,0,1400,8700,9,9,1,0,0,25,21,14,0,13,7,FALSE,0,FALSE
780.1855,3.528,3.453,2.973,2.746,11.327,19,17,1,1425408.8,70,70,68,68,96,96,91,90,19.979,19.962,21.846,21.809,179.91,114480,0,0,1417,8683,9,9,1,0,0,25,21,14,0,13,7,FALSE,0,FALSE
780.69055,3.535,3.46,2.973,2.746,11.312,19,17,1,1416476.9,71,70,69,69,96,96,91,90,19.975,19.958,21.841,21.804,223.434,114480,0,0,1417,8683,9,9,1,0,0,25,21,14,0,13,7,FALSE,0,FALSE
781.1913,3.541,3.466,2.973,2.746,11.299,19,17,1,1407833.1,71,71,69,69,96,96,91,90,19.971,19.954,21.835,21.798,265.863,114480,0,0,1417,8683,9,9,1,0,0,25,21,14,0,13,7,FALSE,0,FALSE
781.69055,3.548,3.472,2.973,2.746,11.285,19,17,1,1399189.4,71,70,69,69,96,96,91,90,19.967,19.95,21.829,21.793,308.566,114480,0,0,2233,8683,9,9,1,0,0,25,21,14,0,13,7,FALSE,0,FALSE
782.1871,3.554,3.479,2.973,2.746,11.271,19,17,1,1390545.6,70,70,68,68,96,95,91,90,19.962,19.945,21.823,21.787,351.535,114480,0,0,2233,8684,8,9,1,0,0,25,21,14,0,13,7,FALSE,0,FALSE
782.68445,3.56,3.485,2.973,2.746,11.257,19,17,1,1382190,71,71,69,69,96,95,91,90,19.957,19.941,21.817,21.782,393.258,114480,0,0,2233,8684,8,9,1,0,0,25,21,14,0,13,7,FALSE,0,FALSE
783.19,3.567,3.491,2.973,2.746,11.243,19,17,1,1373258.1,71,71,69,69,96,95,90,90,19.952,19.936,21.811,21.775,438.027,114480,0,0,2233,8684,7,9,1,0,0,25,21,14,0,13,7,FALSE,0,FALSE
783.6884,3.573,3.497,2.973,2.746,11.229,19,17,1,1364614.4,71,71,69,69,95,95,90,90,19.947,19.93,21.804,21.769,481.512,114480,0,0,1584,8700,7,9,1,0,0,25,21,14,0,13,7,FALSE,0,FALSE
784.1893,3.579,3.503,2.973,2.746,11.216,19,17,1,1355970.6,71,71,69,69,95,95,90,90,19.941,19.925,21.797,21.762,525.141,114480,0,0,1616,8700,7,9,1,0,0,25,21,14,0,13,7,FALSE,0,FALSE
784.6843,3.585,3.509,2.973,2.746,11.202,19,17,1,1347615,70,70,68,68,95,95,90,90,19.935,19.919,21.791,21.756,567.43,114480,0,0,1616,8700,7,9,1,0,0,25,21,14,0,13,7,FALSE,0,FALSE
785.191,3.595,3.519,2.982,2.755,11.189,19,17,1,1348356.6,71,72,72,72,95,95,90,89,19.929,19.914,21.784,21.749,612.398,114480,0,0,1616,8700,7,9,1,0,0,25,21,14,0,13,7,FALSE,0,FALSE
786.18854,3.64,3.563,3.033,2.807,11.186,19,17,1,1410546.8,71,71,72,72,95,95,90,90,19.933,19.918,21.797,21.763,676.699,114480,0,0,1667,8766,7,9,1,0,0,25,21,14,0,13,7,FALSE,0,FALSE
786.68616,3.656,3.579,3.043,2.818,11.185,19,17,1,1432906.1,72,72,72,72,95,95,90,90,19.938,19.923,21.806,21.772,697.559,114480,0,0,1667,8766,7,9,1,0,0,25,21,14,0,13,7,FALSE,0,FALSE
787.189,3.667,3.589,3.056,2.83,11.185,19,17,1,1450533.9,72,70,74,71,95,95,91,90,19.944,19.928,21.815,21.781,713.012,114480,0,0,1667,8833,7,9,1,0,0,25,21,14,0,13,7,FALSE,0,FALSE
787.6905,3.675,3.594,3.066,2.838,11.185,19,17,1,1464068.6,71,68,74,71,96,95,91,90,19.949,19.933,21.824,21.789,724.848,114480,0,0,1433,8833,7,9,1,0,0,25,21,14,0,13,7,FALSE,0,FALSE
788.18774,3.683,3.601,3.092,2.854,11.185,19,17,1,1472120.6,71,69,82,74,96,95,91,90,19.954,19.937,21.835,21.798,737.039,114480,0,0,1433,8833,7,9,1,0,0,25,21,14,0,13,7,FALSE,0,FALSE
788.68933,3.697,3.611,3.121,2.874,11.184,19,17,1,1477132.8,77,73,93,80,96,95,91,90,19.958,19.94,21.843,21.803,759.035,114480,0,0,1433,8833,7,9,1,0,0,25,21,14,0,13,7,FALSE,0,FALSE
789.1877,3.709,3.619,3.135,2.89,11.181,19,17,1,1482238.9,76,72,88,80,96,95,91,91,19.966,19.945,21.856,21.814,768.645,114480,0,0,1433,8717,7,9,1,0,0,25,21,14,0,13,7,FALSE,0,FALSE
789.6905,3.734,3.642,3.143,2.897,11.175,19,17,1,1487913.5,82,78,81,75,96,96,91,91,19.974,19.951,21.869,21.824,779.57,114480,0,0,1217,8717,7,9,1,0,0,25,21,14,0,13,7,FALSE,0,FALSE
790.18994,3.763,3.667,3.146,2.9,11.169,19,17,1,1494549.8,84,80,75,71,96,96,92,91,19.986,19.961,21.878,21.831,792.055,114480,0,0,1217,8717,7,9,1,0,0,25,21,14,0,13,7,FALSE,0,FALSE
790.6883,3.774,3.678,3.148,2.902,11.16,19,17,1,1498912,77,76,70,69,96,96,92,91,19.994,19.968,21.884,21.837,806.57,114480,0,0,1217,8717,7,9,1,0,0,25,21,14,0,13,7,FALSE,0,FALSE
791.1881,3.794,3.698,3.151,2.905,11.149,19,17,1,1504873,76,76,67,69,96,96,92,91,20.001,19.974,21.888,21.842,823.648,114480,0,0,1217,8817,7,9,1,0,0,25,21,14,0,13,7,FALSE,0,FALSE
791.6855,3.814,3.719,3.163,2.916,11.14,19,17,1,1514284.8,77,79,71,73,97,96,92,91,20.006,19.98,21.892,21.847,846.848,114480,0,0,1217,8817,7,9,1,0,0,25,21,14,0,13,7,FALSE,0,FALSE
792.1869,3.847,3.756,3.178,2.935,11.13,19,17,1,1520894.8,77,81,71,74,97,96,92,91,20.013,19.988,21.897,21.853,870.684,114480,0,0,1300,8817,7,9,1,0,0,25,21,14,0,13,7,FALSE,0,FALSE
792.6914,3.873,3.781,3.186,2.943,11.116,19,17,1,1518495.9,76,78,70,71,97,96,92,91,20.018,19.995,21.9,21.858,892.801,114480,0,0,1300,8817,7,9,1,0,0,25,21,14,0,13,7,FALSE,0,FALSE
793.1898,3.901,3.811,3.193,2.949,11.104,19,17,1,1519013.1,75,77,68,69,97,96,92,91,20.023,20,21.903,21.861,918.031,114480,0,0,1317,8850,7,9,1,0,0,25,21,14,0,13,7,FALSE,0,FALSE
793.68866,3.927,3.837,3.197,2.953,11.09,19,17,1,1514157.6,74,74,69,67,97,97,92,91,20.025,20.004,21.904,21.862,946.363,114480,0,0,1333,8850,7,9,1,0,0,25,21,14,0,13,7,FALSE,0,FALSE
794.18713,3.963,3.869,3.209,2.965,11.076,19,17,1,1507938.1,79,76,71,69,97,97,92,91,20.029,20.007,21.905,21.864,977.98,114480,0,0,1333,8850,7,9,1,0,0,25,21,14,0,13,7,FALSE,0,FALSE
794.6895,3.993,3.895,3.219,2.973,11.064,19,17,1,1505729.5,73,72,70,68,97,97,92,91,20.034,20.011,21.907,21.865,1008.297,114480,0,0,1333,8883,7,9,1,0,0,25,21,14,0,13,7,FALSE,0,FALSE
795.1881,4.002,3.903,3.22,2.974,11.05,19,17,1,1497456.1,70,70,68,67,97,97,92,91,20.034,20.011,21.907,21.864,1039.859,114480,0,0,1366,8883,7,9,1,0,0,25,21,14,0,13,7,FALSE,0,FALSE
795.68744,4.012,3.912,3.221,2.975,11.036,19,17,1,1488812.5,70,69,68,67,97,97,92,91,20.034,20.011,21.906,21.864,1073.016,114480,0,0,1366,8883,7,9,1,0,0,25,21,14,0,13,7,FALSE,0,FALSE
796.18823,4.021,3.919,3.221,2.976,11.022,19,17,1,1480168.8,70,69,68,67,97,97,92,91,20.033,20.01,21.905,21.862,1107.57,114480,0,0,1400,8917,7,9,1,0,0,25,21,14,0,13,7,FALSE,0,FALSE
796.68774,4.028,3.926,3.221,2.976,11.01,19,17,1,1476901.9,70,70,68,68,97,97,92,91,20.032,20.008,21.903,21.861,1143.191,114480,0,0,1400,8917,7,9,1,0,0,25,21,14,0,13,7,FALSE,0,FALSE
797.1894,4.035,3.933,3.221,2.976,10.996,19,17,1,1468258.1,70,70,68,68,97,97,92,91,20.03,20.007,21.9,21.858,1179.793,114480,0,0,1400,8934,7,9,1,0,0,25,21,14,0,13,7,FALSE,0,FALSE
797.6892,4.041,3.94,3.221,2.976,10.982,19,17,1,1459614.4,70,70,68,68,97,97,92,91,20.029,20.005,21.897,21.856,1217.324,114480,0,0,1417,8934,7,9,1,0,0,25,21,14,0,13,7,FALSE,0,FALSE
798.1862,4.048,3.947,3.221,2.976,10.968,19,17,1,1450970.6,70,70,68,68,97,97,92,91,20.026,20.003,21.894,21.853,1255.707,114480,0,0,1450,8950,7,9,1,0,0,25,21,14,0,13,7,FALSE,0,FALSE
798.6868,4.055,3.954,3.221,2.976,10.954,19,17,1,1442326.9,70,70,68,68,97,96,92,91,20.024,20.001,21.89,21.849,1294.832,114480,0,0,1467,8950,7,9,1,0,0,25,21,14,0,13,7,FALSE,0,FALSE
799.68823,4.067,3.967,3.221,2.976,10.928,19,17,1,1430421.4,70,70,69,69,97,96,92,91,20.017,19.995,21.881,21.841,1374.879,114480,0,0,1500,8950,7,9,1,0,0,25,21,14,0,13,7,FALSE,0,FALSE
800.1868,4.073,3.973,3.221,2.976,10.914,19,17,1,1421777.6,70,70,68,69,97,96,92,91,20.014,19.991,21.877,21.837,1415.527,114480,0,0,1500,8950,7,9,1,0,0,25,21,14,0,13,7,FALSE,0,FALSE
800.68695,4.094,3.993,3.252,3.008,10.909,19,17,1,1449259.5,72,72,75,74,97,96,92,91,20.013,19.991,21.878,21.838,1452.484,114480,0,0,1567,8950,7,9,1,0,0,25,21,14,0,13,7,FALSE,0,FALSE
801.18933,4.114,4.018,3.286,3.03,10.908,19,17,1,1477384.2,72,71,75,73,97,96,92,91,20.016,19.995,21.886,21.846,1480.953,114480,0,0,1567,8950,7,9,1,0,0,25,21,14,0,13,7,FALSE,0,FALSE
801.6906,4.151,4.05,3.335,3.073,10.908,19,17,1,1500394.5,80,76,86,81,97,96,92,91,20.022,20,21.897,21.856,1502.766,114480,0,0,1567,8967,7,9,1,0,0,25,21,14,0,13,7,FALSE,0,FALSE
802.19037,4.181,4.072,3.404,3.126,10.908,19,17,1,1517055.4,80,75,97,88,97,97,92,91,20.031,20.007,21.912,21.868,1519.68,114480,0,0,1517,8967,7,9,1,0,0,25,21,14,0,13,7,FALSE,0,FALSE
802.6894,4.201,4.085,3.452,3.169,10.907,19,17,1,1529025.5,79,73,97,90,97,97,92,92,20.04,20.012,21.929,21.883,1541.59,114480,0,0,1517,8967,7,9,1,0,0,25,21,14,0,13,7,FALSE,0,FALSE
803.1864,4.215,4.096,3.489,3.196,10.903,19,17,1,1534888.5,77,72,93,85,97,97,93,92,20.047,20.017,21.946,21.897,1563.492,114480,0,0,1517,8967,7,9,1,0,0,25,21,14,0,13,7,FALSE,0,FALSE
803.6882,4.238,4.116,3.507,3.209,10.896,19,17,1,1539806.4,79,75,85,78,97,97,93,92,20.053,20.021,21.959,21.907,1580.191,114480,0,0,1450,8967,7,9,1,0,0,25,21,14,0,13,7,FALSE,0,FALSE
804.1851,4.257,4.135,3.516,3.217,10.888,19,17,1,1540936.5,79,76,77,73,98,97,93,92,20.06,20.026,21.968,21.913,1597.184,114480,0,0,1450,9050,7,9,1,0,0,25,21,14,0,13,7,FALSE,0,FALSE
805.1873,4.299,4.178,3.525,3.226,10.864,19,17,1,1536127.8,75,74,69,68,98,97,93,92,20.072,20.037,21.977,21.922,1637.812,114480,0,0,1550,9050,7,9,1,0,0,25,21,14,0,13,7,FALSE,0,FALSE
805.686,4.323,4.204,3.526,3.228,10.851,19,17,1,1509915.9,77,76,67,67,98,97,93,92,20.076,20.041,21.98,21.924,1662.109,114480,0,0,1516,9050,7,9,1,0,0,25,21,14,0,13,7,FALSE,0,FALSE
806.1885,4.346,4.225,3.527,3.229,10.838,19,17,1,1476600.1,73,72,67,66,98,97,93,92,20.08,20.045,21.981,21.925,1689.016,114480,0,0,1516,9000,7,9,1,0,0,25,21,14,0,13,7,FALSE,0,FALSE
806.687,4.36,4.239,3.527,3.229,10.824,19,17,1,1429726.2,72,71,67,68,98,97,93,92,20.081,20.047,21.981,21.926,1718.352,114480,0,0,1483,9000,7,9,1,0,0,25,21,14,0,13,7,FALSE,0,FALSE
807.18823,4.374,4.255,3.533,3.234,10.811,19,17,1,1381738.5,71,73,69,70,98,97,93,92,20.083,20.048,21.982,21.927,1749.516,114480,0,0,1466,9000,7,9,1,0,0,25,21,14,0,13,7,FALSE,0,FALSE
807.68994,4.398,4.284,3.551,3.252,10.797,19,17,1,1335689.2,73,75,70,73,98,97,93,92,20.084,20.05,21.982,21.928,1782.512,114480,0,0,1466,8933,7,9,1,0,0,25,21,14,0,13,7,FALSE,0,FALSE
808.1873,4.415,4.307,3.569,3.268,10.784,19,17,1,1327045.5,72,75,71,73,98,97,93,92,20.084,20.052,21.982,21.929,1817.77,114480,30019,0,1450,8933,7,9,1,0,0,25,21,14,0,13,7,FALSE,0,FALSE
808.6892,4.431,4.323,3.587,3.286,10.775,19,17,1,1341658.4,72,70,74,72,98,97,93,92,20.084,20.053,21.982,21.93,1853.574,114480,30019,0,1450,8933,7,9,1,0,0,25,21,14,0,13,7,FALSE,0,FALSE
809.18744,4.488,4.367,3.679,3.363,10.775,19,17,1,1372746.5,83,78,93,86,98,97,93,93,20.088,20.056,21.989,21.935,1884.094,114480,30019,0,1450,8933,7,9,1,0,0,25,21,14,0,13,7,FALSE,0,FALSE
810.1899,4.575,4.435,3.852,3.505,10.765,19,17,1,1400332.2,83,77,91,85,98,98,94,93,20.102,20.065,22.016,21.956,1940.188,114480,30019,0,1450,8883,7,9,1,0,0,25,21,14,0,13,7,FALSE,0,FALSE
810.6866,4.632,4.48,3.886,3.533,10.755,19,17,1,1403966.4,83,77,79,75,99,98,94,93,20.111,20.071,22.024,21.962,1966.02,114480,30019,0,1500,8883,7,9,1,0,0,25,21,14,0,13,7,FALSE,0,FALSE
811.18945,4.648,4.498,3.897,3.545,10.741,19,17,1,1399510.2,74,74,72,73,99,98,94,93,20.115,20.074,22.026,21.964,1993.195,114480,30019,0,1500,8917,7,9,1,0,0,25,21,14,0,13,7,FALSE,0,FALSE
811.6856,4.677,4.533,3.93,3.586,10.73,19,17,1,1404093.9,75,78,75,80,99,98,94,93,20.116,20.077,22.028,21.967,2023.113,114480,30019,0,1550,8917,7,9,1,0,0,25,21,14,0,13,7,FALSE,0,FALSE
812.186,4.721,4.584,3.983,3.653,10.717,19,17,1,1407337.8,79,82,79,86,99,98,94,93,20.119,20.081,22.031,21.973,2053.926,114480,30019,0,1550,8967,7,9,1,0,0,25,21,14,0,13,7,FALSE,0,FALSE
812.687,4.759,4.629,4.02,3.696,10.705,19,17,1,1407450.1,76,79,75,80,99,98,94,93,20.122,20.086,22.033,21.978,2083.734,114480,30019,0,1617,8967,7,9,1,0,0,25,21,14,0,13,7,FALSE,0,FALSE
813.18616,4.79,4.666,4.045,3.72,10.691,19,17,1,1399203.8,73,76,72,74,99,98,94,93,20.123,20.089,22.033,21.98,2115.281,114480,30019,0,1617,9033,7,9,1,0,0,25,21,14,0,13,7,FALSE,0,FALSE
813.68945,4.811,4.691,4.061,3.732,10.677,19,17,1,1390563.2,72,75,71,71,99,98,94,93,20.123,20.09,22.032,21.98,2148.23,114480,30019,0,1650,9033,7,9,1,0,0,25,21,14,0,13,7,FALSE,0,FALSE
814.1894,4.82,4.702,4.068,3.739,10.664,19,17,1,1388302.2,71,72,71,72,99,98,94,93,20.122,20.09,22.03,21.978,2182.129,114480,30019,0,1650,9083,7,9,1,0,0,25,21,14,0,13,7,FALSE,0,FALSE
814.68677,4.837,4.719,4.088,3.76,10.663,19,17,1,1417951.2,71,71,72,72,99,98,94,93,20.123,20.092,22.033,21.982,2210.859,114480,30019,0,1650,9100,7,9,1,0,0,25,21,14,0,13,7,FALSE,0,FALSE
815.1868,4.85,4.729,4.098,3.771,10.662,19,17,1,1443085.2,71,70,73,71,99,98,94,93,20.125,20.094,22.039,21.987,2233.613,114480,30019,0,1650,9100,7,9,1,0,0,25,21,14,0,13,7,FALSE,0,FALSE
815.68854,4.873,4.743,4.128,3.8,10.662,19,17,1,1463983.9,78,71,80,78,99,98,94,94,20.129,20.096,22.046,21.994,2251.828,114480,30019,0,1617,9134,7,9,1,0,0,25,21,14,0,13,7,FALSE,0,FALSE
816.18604,4.895,4.76,4.174,3.833,10.662,19,17,1,1479052.1,78,73,90,82,99,98,95,94,20.136,20.101,22.057,22.003,2265.656,114480,30019,0,1617,9134,7,9,1,0,0,25,21,14,0,13,7,FALSE,0,FALSE
816.6891,4.906,4.769,4.216,3.863,10.662,19,17,1,1493345.8,76,72,96,85,99,98,95,94,20.142,20.105,22.071,22.013,2279.586,114480,30019,0,1617,9134,7,9,1,0,0,25,21,14,0,13,7,FALSE,0,FALSE
817.1862,4.915,4.776,4.245,3.886,10.66,19,17,1,1499765.5,75,71,94,85,99,98,95,94,20.147,20.108,22.086,22.024,2291.867,114480,30019,0,1233,9134,7,9,1,0,0,25,21,14,0,13,7,FALSE,0,FALSE
817.68884,4.926,4.784,4.254,3.893,10.657,19,17,1,1505097,75,71,86,79,99,99,95,94,20.152,20.111,22.098,22.033,2302.547,114480,30019,0,1233,9134,7,9,1,0,0,25,21,14,0,13,7,FALSE,0,FALSE
818.1869,4.938,4.797,4.259,3.898,10.65,19,17,1,1510494.5,76,73,79,73,99,99,95,94,20.157,20.114,22.107,22.04,2314.234,114480,30019,0,1233,8967,7,9,1,0,0,25,21,14,0,13,7,FALSE,0,FALSE
818.6852,4.95,4.811,4.261,3.9,10.642,19,17,1,1513963.8,75,75,73,70,99,99,96,94,20.161,20.118,22.112,22.044,2327.223,114480,30019,0,1233,8967,7,9,1,0,0,25,21,14,0,13,7,FALSE,0,FALSE
819.1885,4.968,4.832,4.263,3.902,10.631,19,17,1,1519836.2,76,76,70,67,100,99,96,94,20.166,20.123,22.116,22.047,2343.754,114480,30019,0,1233,8967,7,9,1,0,0,25,21,14,0,13,7,FALSE,0,FALSE
819.68506,4.991,4.857,4.263,3.902,10.618,19,17,1,1521557.6,79,79,68,66,100,99,96,94,20.17,20.127,22.118,22.048,2362.469,114480,30019,0,1550,8967,7,9,1,0,0,25,21,14,0,13,7,FALSE,0,FALSE
820.18555,5.007,4.875,4.263,3.903,10.606,19,17,1,1523373.5,74,74,67,67,100,99,96,94,20.174,20.132,22.118,22.049,2384.543,114480,30019,0,1550,9183,7,9,1,0,0,25,21,14,0,13,7,FALSE,0,FALSE
820.6884,5.02,4.89,4.263,3.904,10.593,19,17,1,1523454.8,73,72,67,67,100,99,96,94,20.177,20.134,22.118,22.049,2410.121,114480,30019,0,1483,9183,7,9,1,0,0,25,21,14,0,13,7,FALSE,0,FALSE
821.18713,5.029,4.9,4.263,3.904,10.58,19,17,1,1517361.4,71,70,66,67,100,99,96,94,20.177,20.135,22.117,22.049,2437.027,114480,30019,0,1483,9183,7,9,1,0,0,25,21,14,0,13,7,FALSE,0,FALSE
821.6873,5.039,4.91,4.263,3.904,10.566,19,17,1,1510296.2,70,70,67,67,100,99,96,94,20.178,20.135,22.116,22.049,2466.023,114480,30019,0,1467,9184,7,9,1,0,0,25,21,14,0,13,7,FALSE,0,FALSE
822.1873,5.048,4.919,4.264,3.904,10.553,19,17,1,1507901.9,70,70,67,67,100,99,96,94,20.177,20.134,22.115,22.047,2496.848,114480,30019,0,1467,9184,7,9,1,0,0,25,21,14,0,13,7,FALSE,0,FALSE
822.68494,5.056,4.928,4.264,3.904,10.54,19,17,1,1499654,69,70,67,67,100,99,96,94,20.176,20.134,22.113,22.046,2528.133,114480,30019,0,1466,9166,7,9,1,0,0,25,21,14,0,13,7,FALSE,0,FALSE
823.1853,5.064,4.938,4.267,3.906,10.526,19,17,1,1491010.2,70,71,68,69,100,99,95,94,20.174,20.133,22.11,22.044,2562.02,114480,30019,0,1467,9166,7,9,1,0,0,25,21,14,0,13,7,FALSE,0,FALSE
823.6861,5.09,4.971,4.298,3.937,10.512,19,17,1,1487468,74,77,74,77,100,99,95,94,20.173,20.133,22.108,22.043,2598.09,114480,30019,0,1467,9167,7,9,1,0,0,25,21,14,0,13,7,FALSE,0,FALSE
824.1881,5.123,5.012,4.335,3.976,10.5,19,17,1,1487515,73,76,74,77,100,99,95,94,20.173,20.135,22.108,22.044,2633.293,114480,30019,0,1483,9167,7,9,1,0,0,25,21,14,0,13,7,FALSE,0,FALSE
824.68414,5.146,5.041,4.365,4.002,10.498,19,17,1,1515442.1,73,75,75,76,100,99,96,94,20.175,20.138,22.111,22.048,2664.547,114480,30019,0,1483,9167,7,9,1,0,0,25,21,14,0,13,7,FALSE,0,FALSE
825.1845,5.159,5.057,4.378,4.016,10.498,19,17,1,1541400.2,70,73,72,74,100,99,96,95,20.177,20.141,22.116,22.054,2689.09,114480,30019,0,1483,9184,7,9,1,0,0,25,21,14,0,13,7,FALSE,0,FALSE
825.6872,5.17,5.071,4.393,4.031,10.497,19,17,1,1564203,70,73,73,76,100,99,96,95,20.179,20.145,22.12,22.06,2708.949,114480,30019,0,1483,9184,7,9,1,0,0,25,21,14,0,13,7,FALSE,0,FALSE
826.188,5.185,5.093,4.419,4.058,10.497,19,17,1,1582294.6,72,78,78,80,100,99,96,95,20.182,20.149,22.127,22.068,2724.988,114480,30019,0,1467,9184,7,9,1,0,0,25,21,14,0,13,7,FALSE,0,FALSE
826.68445,5.205,5.117,4.446,4.096,10.497,19,17,1,1596050.6,76,81,82,89,100,99,96,95,20.186,20.157,22.135,22.078,2736.527,114480,30019,0,1467,9250,7,9,1,0,0,25,21,14,0,13,7,FALSE,0,FALSE
827.68677,5.221,5.136,4.479,4.148,10.492,19,17,1,1609181.6,73,76,79,89,100,100,96,95,20.195,20.17,22.153,22.106,2765.875,114480,30019,0,1467,9317,7,9,1,0,0,25,21,14,0,13,7,FALSE,0,FALSE
828.187,5.235,5.151,4.484,4.154,10.487,19,17,1,1614802.6,74,77,74,81,100,100,96,96,20.199,20.175,22.159,22.116,2776.602,114480,30019,0,1450,9317,7,9,1,0,0,25,21,14,0,13,7,FALSE,0,FALSE
828.6851,5.256,5.168,4.486,4.156,10.478,19,17,1,1618178.5,78,78,70,74,100,100,96,96,20.203,20.181,22.162,22.122,2789.512,114480,30019,0,1450,9317,7,9,1,0,0,25,21,14,0,13,7,FALSE,0,FALSE
829.1849,5.274,5.19,4.487,4.156,10.468,19,17,1,1621219.9,78,79,67,70,100,100,96,96,20.209,20.187,22.164,22.125,2805.711,114480,30019,0,1450,9317,7,9,1,0,0,25,21,14,0,13,7,FALSE,0,FALSE
829.68567,5.311,5.227,4.487,4.156,10.454,19,17,1,1624588.4,83,84,66,67,100,100,96,96,20.215,20.194,22.165,22.127,2825.402,114480,30019,0,1450,9317,7,9,1,0,0,25,21,14,0,13,7,FALSE,0,FALSE
830.18536,5.335,5.25,4.487,4.156,10.442,19,17,1,1627277.2,77,77,66,66,101,100,96,96,20.221,20.2,22.165,22.128,2846.629,114480,30019,0,1450,9267,7,9,1,0,0,25,21,14,0,13,7,FALSE,0,FALSE
830.6853,5.349,5.263,4.487,4.156,10.428,19,17,1,1622253,72,73,67,67,101,100,96,96,20.223,20.203,22.165,22.128,2871.27,114480,30019,0,1367,9267,7,9,1,0,0,25,21,14,0,13,7,FALSE,0,FALSE
831.1878,5.36,5.275,4.487,4.156,10.415,19,17,1,1621446,71,71,67,67,101,100,96,96,20.224,20.204,22.164,22.127,2899.121,114480,30019,0,1284,9267,7,9,1,0,0,25,21,14,0,13,7,FALSE,0,FALSE
832.18665,5.378,5.294,4.487,4.156,10.388,19,17,1,1611783.4,70,71,68,68,101,100,96,96,20.223,20.204,22.161,22.125,2959.16,114480,30019,0,1267,9217,7,9,1,0,0,25,21,14,0,13,7,FALSE,0,FALSE
833.6898,5.4,5.319,4.487,4.156,10.348,19,17,1,1591251.1,70,70,68,68,101,100,96,96,20.219,20.2,22.153,22.118,3061.227,114480,30019,0,1267,9184,7,9,1,0,0,25,21,14,0,13,7,FALSE,0,FALSE
834.1878,5.407,5.326,4.487,4.156,10.335,19,17,1,1582607.4,71,71,69,68,100,100,96,96,20.217,20.198,22.15,22.115,3097.555,114480,30019,0,1283,9184,7,9,1,0,0,25,21,14,0,13,7,FALSE,0,FALSE
834.68835,5.414,5.334,4.487,4.156,10.321,19,17,1,1573963.6,70,70,68,68,100,100,96,96,20.214,20.196,22.146,22.111,3134.875,114480,30019,0,1283,9183,7,9,1,0,0,25,21,14,0,13,7,FALSE,0,FALSE
835.18744,5.422,5.341,4.487,4.156,10.307,19,17,1,1565319.9,71,71,69,69,100,100,96,95,20.211,20.193,22.141,22.107,3173.105,114480,30019,0,1300,9167,7,9,1,0,0,25,21,14,0,13,7,FALSE,0,FALSE
835.68835,5.429,5.348,4.487,4.156,10.293,19,17,1,1556676.1,71,71,69,69,100,100,96,95,20.208,20.19,22.136,22.102,3212.152,114480,30019,0,1317,9167,7,9,1,0,0,25,21,14,0,13,7,FALSE,0,FALSE
836.184,5.435,5.354,4.487,4.156,10.28,19,17,1,1548320.5,71,71,69,69,100,100,96,95,20.205,20.187,22.131,22.097,3250.562,114480,30019,0,1317,9167,7,9,1,0,0,25,21,14,0,13,7,FALSE,0,FALSE
836.68414,5.441,5.361,4.487,4.156,10.267,19,17,1,1545004.2,71,71,69,69,100,100,96,95,20.201,20.183,22.125,22.092,3290.73,114480,30019,0,1317,9167,7,9,1,0,0,25,21,14,0,13,7,FALSE,0,FALSE
837.18494,5.448,5.367,4.487,4.156,10.253,19,17,1,1536360.5,70,71,68,68,100,100,96,95,20.197,20.179,22.119,22.086,3331.336,114480,30019,0,1350,9167,7,9,1,0,0,25,21,14,0,13,7,FALSE,0,FALSE
837.6832,5.458,5.378,4.497,4.168,10.242,19,17,1,1539977.1,72,72,73,73,100,100,96,95,20.192,20.175,22.113,22.08,3371.852,114480,30019,0,1350,9150,7,9,1,0,0,25,21,14,0,13,7,FALSE,0,FALSE
838.1862,5.482,5.41,4.532,4.211,10.239,19,17,1,1571807.1,73,75,76,78,100,100,96,95,20.193,20.176,22.117,22.085,3406.348,114480,30019,0,1383,9150,7,9,1,0,0,25,21,14,0,13,7,FALSE,0,FALSE
838.68665,5.5,5.437,4.565,4.247,10.239,19,17,1,1599934.1,72,78,78,81,100,100,96,95,20.194,20.179,22.124,22.093,3432.531,114480,30019,0,1383,9150,7,9,1,0,0,25,21,14,0,13,7,FALSE,0,FALSE
839.1854,5.527,5.472,4.613,4.311,10.237,19,17,1,1613024.5,75,80,83,91,100,100,96,95,20.198,20.185,22.132,22.104,3454.355,114480,30019,0,1400,9183,7,9,1,0,0,25,21,14,0,13,7,FALSE,0,FALSE
839.6867,5.56,5.514,4.666,4.375,10.23,19,17,1,1620446.6,79,84,85,93,100,100,96,96,20.201,20.192,22.142,22.117,3482.105,114480,30019,0,1400,9183,7,9,1,0,0,25,21,14,0,13,7,FALSE,0,FALSE
840.1858,5.598,5.563,4.713,4.432,10.221,19,17,1,1627179.5,80,86,84,91,100,100,96,96,20.207,20.201,22.151,22.129,3506.359,114480,30019,0,1400,9183,7,9,1,0,0,25,21,14,0,13,7,FALSE,0,FALSE
840.68494,5.63,5.602,4.749,4.476,10.211,19,17,1,1633465.5,79,84,81,87,100,100,96,96,20.211,20.208,22.158,22.139,3528.559,114480,30019,0,1417,9183,7,9,1,0,0,25,21,14,0,13,7,FALSE,0,FALSE
841.1845,5.674,5.656,4.786,4.519,10.199,19,17,1,1639680.6,82,88,80,85,100,100,96,96,20.216,20.216,22.164,22.147,3552.223,114480,30019,0,1417,9133,7,9,1,0,0,25,21,14,0,13,7,FALSE,0,FALSE
841.6869,5.735,5.728,4.82,4.558,10.185,19,17,1,1642483.9,84,90,77,81,101,101,96,96,20.223,20.225,22.169,22.154,3577.902,114480,30019,0,1400,9133,7,9,1,0,0,25,21,14,0,13,7,FALSE,0,FALSE
842.18616,5.761,5.759,4.841,4.579,10.173,19,17,1,1641851.6,76,80,75,77,101,101,97,96,20.226,20.231,22.171,22.157,3604.449,114480,30019,0,1350,9134,7,9,1,0,0,25,21,14,0,13,7,FALSE,0,FALSE
842.6843,5.797,5.802,4.871,4.611,10.159,19,17,1,1635028.9,77,81,75,78,101,101,97,96,20.228,20.235,22.173,22.16,3632.047,114480,30019,0,1350,9134,7,9,1,0,0,25,21,14,0,13,7,FALSE,0,FALSE
843.1884,5.821,5.832,4.89,4.629,10.146,19,17,1,1632536.2,73,76,72,73,101,101,97,96,20.228,20.238,22.174,22.162,3663.648,114480,30019,0,1300,9150,7,9,1,0,0,25,21,14,0,13,7,FALSE,0,FALSE
843.6879,5.834,5.849,4.897,4.635,10.132,19,17,1,1624150.8,70,73,70,70,101,101,97,96,20.227,20.238,22.173,22.161,3696.367,114480,30019,0,1300,9150,7,9,1,0,0,25,21,14,0,13,7,FALSE,0,FALSE
844.18396,5.844,5.858,4.899,4.638,10.119,19,17,1,1615795.1,71,71,70,69,101,101,96,96,20.225,20.236,22.17,22.159,3728.848,114480,30019,0,1300,9150,7,9,1,0,0,25,21,14,0,13,7,FALSE,0,FALSE
844.6864,5.887,5.894,4.951,4.685,10.105,19,17,1,1606863.2,81,78,84,79,101,101,96,96,20.224,20.234,22.17,22.158,3763.98,114480,30019,0,1283,9150,7,9,1,0,0,25,21,14,0,13,7,FALSE,0,FALSE
845.1887,5.956,5.952,5.033,4.759,10.091,19,17,1,1598219.5,84,80,87,82,101,101,97,96,20.228,20.236,22.174,22.159,3798.777,114480,30019,0,1283,9183,7,9,1,0,0,25,21,14,0,13,7,FALSE,0,FALSE
845.6864,6.023,6.007,5.115,4.832,10.077,19,17,1,1589575.8,84,80,87,83,101,101,97,96,20.231,20.237,22.177,22.161,3834.922,114480,30019,0,1300,9183,7,9,1,0,0,25,21,14,0,13,7,FALSE,0,FALSE
846.1873,6.098,6.065,5.194,4.912,10.065,19,17,1,1586345.5,89,79,84,85,101,101,97,96,20.234,20.237,22.18,22.162,3871.832,114480,30019,0,1300,9183,7,9,1,0,0,25,21,14,0,13,7,FALSE,0,FALSE
847.18524,6.225,6.164,5.302,5.019,10.038,19,17,1,1569346.1,79,76,78,75,101,101,97,96,20.239,20.235,22.18,22.162,3944.785,114480,30019,0,1316,9183,7,9,1,0,0,25,21,14,0,13,7,FALSE,0,FALSE
847.68384,6.25,6.183,5.319,5.037,10.024,19,17,1,1560702.4,74,72,73,71,101,101,97,96,20.237,20.232,22.176,22.158,3981.062,114480,30019,0,1300,9184,7,9,1,0,0,25,21,14,0,13,7,FALSE,0,FALSE
848.18475,6.265,6.193,5.325,5.044,10.01,19,17,1,1552058.6,72,71,70,69,101,101,97,96,20.232,20.227,22.171,22.152,4018.422,114480,30019,40002,1300,9183,7,9,1,0,0,25,21,14,0,13,7,FALSE,0,FALSE
848.6839,6.284,6.21,5.347,5.068,10.006,19,17,1,1579392.5,72,71,73,73,101,101,96,96,20.23,20.224,22.17,22.151,4052.629,114480,30019,40002,1300,9183,7,9,1,0,0,25,21,14,0,13,7,FALSE,0,FALSE
849.189,6.315,6.235,5.387,5.106,10.005,19,17,1,1608133.6,78,74,83,79,101,101,97,96,20.231,20.224,22.175,22.155,4079.711,114480,30019,40002,1300,9183,7,9,1,0,0,25,21,14,0,13,7,FALSE,0,FALSE
849.6893,6.359,6.268,5.465,5.168,10.005,19,17,1,1626542.4,83,77,97,88,101,101,97,96,20.238,20.228,22.187,22.165,4100.809,114480,30019,40002,1300,9216,7,9,1,0,0,25,21,14,0,13,7,FALSE,0,FALSE
850.6863,6.409,6.305,5.577,5.251,9.998,19,17,1,1642661.1,81,74,93,85,101,101,97,97,20.248,20.233,22.214,22.183,4140.324,114480,30019,40002,1333,9266,7,9,1,0,0,25,21,14,0,13,7,FALSE,0,FALSE
851.18835,6.444,6.334,5.621,5.283,9.991,19,17,1,1649403.8,83,80,92,82,101,101,97,97,20.254,20.236,22.225,22.19,4164.309,114480,30019,40002,1400,9266,7,9,1,0,0,25,21,14,0,13,7,FALSE,0,FALSE
851.6867,6.466,6.353,5.641,5.3,9.982,19,17,1,1655773.4,79,76,82,75,101,101,98,97,20.258,20.239,22.233,22.195,4185.078,114480,30019,40002,1400,9283,7,9,1,0,0,25,21,14,0,13,7,FALSE,0,FALSE
852.1844,6.489,6.374,5.649,5.307,9.97,19,17,1,1656068.5,77,75,74,71,101,101,98,97,20.261,20.241,22.236,22.197,4206.438,114480,30019,40002,1433,9283,7,9,1,0,0,25,21,14,0,13,7,FALSE,0,FALSE
852.68475,6.507,6.392,5.653,5.311,9.956,19,17,1,1650922.1,75,73,70,69,101,101,98,97,20.263,20.241,22.237,22.197,4231.059,114480,30019,40002,1433,9283,7,9,1,0,0,25,21,14,0,13,7,FALSE,0,FALSE
853.18463,6.519,6.403,5.654,5.313,9.944,19,17,1,1650191.6,72,71,69,68,101,101,98,97,20.263,20.241,22.236,22.196,4258.262,114480,30019,40002,1450,9283,7,9,1,0,0,25,21,14,0,13,7,FALSE,0,FALSE
853.6871,6.529,6.412,5.654,5.313,9.93,19,17,1,1645414,71,71,68,68,101,101,98,97,20.262,20.24,22.235,22.194,4288.664,114480,30019,40002,1450,9284,7,9,1,0,0,25,21,14,0,13,7,FALSE,0,FALSE
854.18854,6.537,6.42,5.654,5.313,9.917,19,17,1,1640037.5,71,71,68,68,101,101,98,97,20.259,20.238,22.232,22.191,4319.785,114480,30019,40002,1450,9284,7,9,1,0,0,25,21,14,0,13,7,FALSE,0,FALSE
854.68555,6.545,6.428,5.654,5.313,9.903,19,17,1,1631728,71,71,68,68,101,101,97,97,20.257,20.235,22.229,22.189,4351.402,114480,30019,40002,1450,9284,7,9,1,0,0,25,21,14,0,13,7,FALSE,0,FALSE
855.18646,6.553,6.436,5.654,5.313,9.889,19,17,1,1622796.1,70,70,68,68,101,101,97,97,20.254,20.233,22.226,22.185,4386.727,114480,30019,40002,1450,9283,7,9,1,0,0,25,21,14,0,13,7,FALSE,0,FALSE
856.68414,6.574,6.457,5.654,5.313,9.849,19,17,1,1602529.8,70,70,69,68,101,101,97,97,20.243,20.222,22.213,22.173,4494.746,114480,30019,40002,1450,9300,7,9,1,0,0,25,21,14,0,13,7,FALSE,0,FALSE
857.1835,6.581,6.464,5.654,5.313,9.836,19,17,1,1593886,71,71,69,69,101,100,97,96,20.239,20.218,22.207,22.167,4533.113,114480,30019,40002,1450,9300,7,9,1,0,0,25,21,14,0,13,7,FALSE,0,FALSE
857.6861,6.587,6.47,5.654,5.313,9.821,19,17,1,1584954.1,71,71,69,69,101,100,97,96,20.234,20.213,22.201,22.162,4573.641,114480,30019,40002,1450,9300,7,9,1,0,0,25,21,14,0,13,7,FALSE,0,FALSE
858.6866,6.6,6.484,5.654,5.313,9.794,19,17,1,1567666.6,72,72,70,70,101,100,97,96,20.224,20.204,22.189,22.15,4654.25,114480,30019,40002,1483,9300,7,9,1,0,0,25,21,14,0,13,7,FALSE,0,FALSE
859.18677,6.606,6.49,5.654,5.313,9.781,19,17,1,1564502.6,72,72,70,70,100,100,97,96,20.219,20.199,22.182,22.144,4695.285,114480,30019,40002,1483,9300,7,9,1,0,0,25,21,14,0,13,7,FALSE,0,FALSE
859.68524,6.612,6.497,5.654,5.313,9.768,19,17,1,1556147,72,72,70,70,100,100,97,96,20.214,20.194,22.176,22.137,4735.371,114480,30019,40002,1483,9283,7,9,1,0,0,25,21,14,0,13,7,FALSE,0,FALSE
860.1857,6.618,6.504,5.655,5.313,9.753,19,17,1,1547215.1,72,72,70,70,100,100,96,96,20.208,20.188,22.168,22.13,4778.621,114480,30019,40002,1467,9283,7,9,1,0,0,25,21,14,0,13,7,FALSE,0,FALSE
860.6854,6.625,6.51,5.656,5.315,9.74,19,17,1,1540683.9,72,72,70,69,100,100,96,96,20.202,20.182,22.161,22.123,4819.387,114480,30019,40002,1467,9283,7,9,1,0,0,25,21,14,0,13,7,FALSE,0,FALSE
861.1857,6.652,6.537,5.691,5.349,9.737,19,17,1,1575246,73,72,75,75,100,100,96,96,20.2,20.18,22.162,22.124,4857.539,114480,30019,40002,1483,9283,7,9,1,0,0,25,21,14,0,13,7,FALSE,0,FALSE
861.6846,6.671,6.557,5.712,5.369,9.736,19,17,1,1602481.5,72,72,74,73,100,100,96,96,20.201,20.182,22.168,22.13,4884.629,114480,30019,40002,1483,9283,7,9,1,0,0,25,21,14,0,13,7,FALSE,0,FALSE
862.1843,6.689,6.569,5.738,5.392,9.736,19,17,1,1622504,74,71,79,75,100,100,97,96,20.204,20.184,22.174,22.136,4907.293,114480,30019,40002,1483,9283,7,9,1,0,0,25,21,14,0,13,7,FALSE,0,FALSE
862.68726,6.722,6.594,5.798,5.439,9.736,19,17,1,1642872.1,80,74,92,84,100,100,97,96,20.21,20.187,22.185,22.145,4926.652,114480,30019,40002,1483,9283,7,9,1,0,0,25,21,14,0,13,7,FALSE,0,FALSE
863.1874,6.742,6.611,5.863,5.479,9.734,19,17,1,1654878.5,78,75,101,86,100,100,97,96,20.216,20.191,22.201,22.155,4949.531,114480,30019,40002,1483,9233,7,9,1,0,0,25,21,14,0,13,7,FALSE,0,FALSE
863.68243,6.767,6.632,5.888,5.499,9.726,19,17,1,1660916.6,81,77,90,80,101,100,97,96,20.221,20.195,22.214,22.164,4966.484,114480,30019,40002,1483,9233,7,9,1,0,0,25,21,14,0,13,7,FALSE,0,FALSE
864.18616,6.808,6.667,5.906,5.512,9.718,19,17,1,1667592.9,85,81,81,74,101,100,97,97,20.229,20.201,22.224,22.171,4984.934,114480,30019,40002,1450,9233,7,9,1,0,0,25,21,14,0,13,7,FALSE,0,FALSE
864.68524,6.824,6.683,5.911,5.517,9.706,19,17,1,1664863.2,78,76,74,70,101,100,97,97,20.235,20.205,22.229,22.174,5004.281,114480,30019,40002,1450,9233,7,9,1,0,0,25,21,14,0,13,7,FALSE,0,FALSE
865.1855,6.859,6.718,5.923,5.528,9.693,19,17,1,1660637.4,81,80,74,70,101,100,98,97,20.239,20.209,22.232,22.176,5026.125,114480,30019,40002,1450,9233,7,9,1,0,0,25,21,14,0,13,7,FALSE,0,FALSE
865.68665,6.885,6.742,5.931,5.536,9.679,19,17,1,1655027.2,76,74,71,69,101,100,98,97,20.244,20.213,22.234,22.178,5051.234,114480,30019,40002,1500,9267,7,9,1,0,0,25,21,14,0,13,7,FALSE,0,FALSE
866.18677,6.899,6.754,5.933,5.539,9.666,19,17,1,1654204.8,72,71,69,68,101,100,98,97,20.245,20.214,22.235,22.178,5078.656,114480,30019,40002,1500,9267,7,9,1,0,0,25,21,14,0,13,7,FALSE,0,FALSE
866.68567,6.908,6.764,5.933,5.539,9.652,19,17,1,1646762.8,71,70,68,68,101,100,98,97,20.245,20.213,22.234,22.177,5108.566,114480,30019,40002,1517,9267,7,9,1,0,0,25,21,14,0,13,7,FALSE,0,FALSE
867.18524,6.916,6.772,5.933,5.539,9.64,19,17,1,1644362.9,71,70,68,69,101,100,98,97,20.244,20.212,22.233,22.177,5139.125,114480,30019,40002,1533,9267,7,9,1,0,0,25,21,14,0,13,7,FALSE,0,FALSE
867.6824,6.924,6.78,5.933,5.539,9.626,19,17,1,1635721.1,71,71,68,69,101,100,98,97,20.243,20.211,22.231,22.175,5172.262,114480,30019,40002,1533,9283,7,9,1,0,0,25,21,14,0,13,7,FALSE,0,FALSE
868.1763,6.931,6.787,5.933,5.539,9.612,19,17,1,1627077.4,71,70,69,69,101,100,97,97,20.241,20.209,22.228,22.173,5206.855,114480,30019,40002,1533,9283,7,9,1,0,0,25,21,14,0,13,7,FALSE,0,FALSE
869.18475,6.945,6.801,5.933,5.539,9.585,19,17,1,1615201.6,71,71,69,69,101,100,97,96,20.236,20.205,22.222,22.167,5279.363,114480,30019,40002,1550,9267,7,9,1,0,0,25,21,14,0,13,7,FALSE,0,FALSE
869.677,6.952,6.808,5.933,5.539,9.572,19,17,1,1606557.9,71,71,69,69,101,100,97,96,20.233,20.202,22.218,22.164,5317.078,114480,30019,40002,1567,9284,7,9,1,0,0,25,21,14,0,13,7,FALSE,0,FALSE
870.1813,6.959,6.814,5.933,5.539,9.558,19,17,1,1597914.1,71,71,69,69,101,100,97,96,20.23,20.199,22.213,22.159,5355.66,114480,30019,40002,1583,9284,7,9,1,0,0,25,21,14,0,13,7,FALSE,0,FALSE
870.6789,6.966,6.821,5.933,5.539,9.544,19,17,1,1589270.4,71,71,69,69,101,100,97,96,20.226,20.195,22.208,22.155,5394.961,114480,30019,40002,1600,9283,7,9,1,0,0,25,21,14,0,13,7,FALSE,0,FALSE
871.182,6.972,6.827,5.933,5.539,9.531,19,17,2,1585980.6,71,71,69,69,101,100,97,96,20.222,20.191,22.203,22.15,26.082,92861,0,0,1600,9283,7,10,1,0,0,25,21,14,0,13,7,FALSE,0,FALSE
871.6823,6.978,6.833,5.933,5.539,9.518,19,17,2,1577336.9,71,71,69,69,100,100,97,96,20.218,20.187,22.197,22.144,66.516,92861,0,0,1600,9283,7,10,1,0,0,25,21,14,0,13,7,FALSE,0,FALSE
872.18024,6.984,6.839,5.933,5.539,9.504,19,17,2,1568693.1,71,71,69,69,100,100,97,96,20.213,20.183,22.191,22.138,107.375,92861,0,0,1617,9283,7,10,1,0,0,25,21,14,0,13,7,FALSE,0,FALSE
872.6812,6.99,6.846,5.933,5.539,9.49,19,17,2,1560049.4,71,71,69,69,100,100,97,96,20.208,20.178,22.184,22.132,148.688,92861,0,0,1634,9267,7,10,1,0,0,25,21,14,0,13,7,FALSE,0,FALSE
873.18744,6.997,6.852,5.933,5.539,9.476,19,17,2,1551117.5,72,72,70,70,100,100,97,96,20.202,20.173,22.177,22.125,191.793,92861,0,0,1650,9267,7,10,1,0,0,25,21,14,0,13,7,FALSE,0,FALSE
873.6831,7.003,6.858,5.933,5.539,9.463,19,17,2,1542761.9,71,71,70,69,100,100,96,96,20.197,20.167,22.17,22.118,232.469,92861,0,0,1684,9267,7,10,1,0,0,25,21,14,0,13,7,FALSE,0,FALSE
874.1809,7.009,6.864,5.933,5.539,9.449,19,17,2,1534118.1,71,71,69,69,100,99,96,95,20.191,20.162,22.162,22.111,274.852,92861,0,0,1684,9267,7,10,1,0,0,25,21,14,0,13,7,FALSE,0,FALSE
874.6828,7.016,6.871,5.933,5.539,9.435,19,17,2,1525474.4,71,71,69,69,100,99,96,95,20.185,20.156,22.154,22.103,317.52,92861,0,0,1700,9267,7,10,1,0,0,25,21,14,0,13,7,FALSE,0,FALSE
875.1816,7.022,6.877,5.933,5.539,9.421,19,17,2,1516830.6,72,72,70,70,100,99,96,95,20.178,20.149,22.146,22.095,360.453,92861,0,0,1716,9267,7,10,1,0,0,25,21,14,0,13,7,FALSE,0,FALSE
875.68445,7.028,6.883,5.933,5.539,9.407,19,17,2,1508186.9,71,70,69,69,100,99,96,95,20.172,20.143,22.138,22.087,403.586,92861,0,0,1750,9284,7,10,1,0,0,25,21,14,0,13,7,FALSE,0,FALSE
876.1841,7.035,6.889,5.933,5.539,9.393,19,17,2,1499543.1,72,72,70,69,100,99,96,95,20.165,20.136,22.13,22.079,446.887,92861,0,0,1783,9284,7,10,1,0,0,25,21,14,0,13,7,FALSE,0,FALSE
877.18463,7.047,6.902,5.933,5.539,9.366,19,17,2,1482255.6,71,71,69,69,99,99,96,95,20.15,20.122,22.112,22.062,533.965,92861,0,0,1800,9300,7,10,1,0,0,25,21,14,0,13,7,FALSE,0,FALSE
877.68475,7.054,6.908,5.933,5.539,9.352,19,17,2,1473611.9,72,72,70,70,99,99,95,95,20.143,20.114,22.103,22.053,577.695,92861,0,0,1800,9300,7,10,1,0,0,25,21,14,0,13,7,FALSE,0,FALSE
878.18506,7.067,6.921,5.948,5.554,9.341,19,17,2,1483509.5,72,73,74,73,99,98,95,94,20.136,20.108,22.096,22.046,620.496,92861,0,0,1850,9300,7,10,1,0,0,25,21,14,0,13,7,FALSE,0,FALSE
878.68445,7.093,6.946,5.979,5.587,9.34,19,17,2,1517000.8,73,73,75,75,99,98,95,94,20.135,20.108,22.1,22.05,655.082,92861,0,0,1850,9300,7,10,1,0,0,25,21,14,0,13,7,FALSE,0,FALSE
879.18524,7.111,6.964,5.996,5.603,9.339,19,17,2,1543491,71,71,72,72,99,98,95,95,20.138,20.111,22.107,22.058,681.141,92861,0,0,1850,9300,7,10,1,0,0,25,21,14,0,13,7,FALSE,0,FALSE
879.68365,7.12,6.973,6.001,5.609,9.338,19,17,2,1565404,70,69,71,70,99,99,96,95,20.141,20.114,22.113,22.064,701.109,92861,0,0,1850,9334,7,10,1,0,0,25,21,14,0,13,7,FALSE,0,FALSE
880.18225,7.13,6.98,6.016,5.621,9.338,19,17,2,1583687.5,71,69,75,71,99,99,96,95,20.143,20.116,22.12,22.07,716.844,92861,0,0,1817,9417,7,10,1,0,0,25,21,14,0,13,7,FALSE,0,FALSE
881.1822,7.153,6.998,6.089,5.67,9.338,19,17,2,1606804.6,72,70,94,81,99,99,96,95,20.152,20.122,22.142,22.087,743.004,92861,0,0,1817,9417,7,10,1,0,0,25,21,14,0,13,7,FALSE,0,FALSE
881.68396,7.163,7.006,6.108,5.682,9.335,19,17,2,1611647.6,74,71,91,79,99,99,96,95,20.156,20.125,22.156,22.096,759.902,92861,0,0,1817,9417,7,10,1,0,0,25,21,14,0,13,7,FALSE,0,FALSE
882.18225,7.177,7.017,6.114,5.687,9.332,19,17,2,1616890.1,76,72,82,74,99,99,96,95,20.162,20.129,22.168,22.104,770.238,92861,0,0,1667,9383,7,10,1,0,0,25,21,14,0,13,7,FALSE,0,FALSE
882.6867,7.188,7.032,6.116,5.69,9.324,19,17,2,1620319.2,75,74,75,70,100,99,97,95,20.166,20.133,22.176,22.11,782.562,92861,0,0,1667,9383,7,10,1,0,0,25,21,14,0,13,7,FALSE,0,FALSE
883.1842,7.21,7.059,6.118,5.691,9.315,19,17,2,1625108.9,79,80,71,68,100,99,97,96,20.172,20.139,22.18,22.113,796.492,92861,0,0,1667,9383,7,10,1,0,0,25,21,14,0,13,7,FALSE,0,FALSE
883.68384,7.227,7.076,6.121,5.695,9.305,19,17,2,1632494.4,77,77,68,69,100,99,97,96,20.177,20.144,22.183,22.116,813.676,92861,0,0,1667,9383,7,10,1,0,0,25,21,14,0,13,7,FALSE,0,FALSE
884.18463,7.246,7.097,6.134,5.711,9.295,19,17,2,1635883.2,76,77,71,74,100,99,97,96,20.182,20.149,22.185,22.12,832.918,92861,0,0,1667,9383,7,10,1,0,0,25,21,14,0,13,7,FALSE,0,FALSE
884.68427,7.267,7.122,6.151,5.73,9.285,19,17,2,1642218.1,76,80,73,76,100,99,97,96,20.185,20.155,22.188,22.125,859.895,92861,0,0,1567,9300,7,10,1,0,0,25,21,14,0,13,7,FALSE,0,FALSE
885.1846,7.297,7.157,6.168,5.747,9.274,19,17,2,1646880.1,77,81,73,74,100,99,97,96,20.189,20.161,22.191,22.129,881.016,92861,0,0,1567,9300,7,10,1,0,0,25,21,14,0,13,7,FALSE,0,FALSE
885.68665,7.333,7.193,6.18,5.761,9.261,19,17,2,1648773.5,79,81,72,74,100,100,97,96,20.194,20.167,22.193,22.132,906.117,92861,0,0,1533,9300,7,10,1,0,0,25,21,14,0,13,7,FALSE,0,FALSE
886.1832,7.348,7.207,6.181,5.761,9.248,19,17,2,1643138.1,72,73,68,67,100,100,97,96,20.196,20.169,22.193,22.133,931.961,92861,0,0,1550,9300,7,10,1,0,0,25,21,14,0,13,7,FALSE,0,FALSE
886.6795,7.37,7.226,6.185,5.765,9.234,19,17,2,1600466,74,74,69,67,100,100,97,96,20.196,20.17,22.192,22.132,962.359,92861,0,0,1550,9300,7,10,1,0,0,25,21,14,0,13,7,FALSE,0,FALSE
887.1831,7.404,7.256,6.208,5.787,9.221,19,17,2,1555043.5,78,75,75,72,100,100,97,96,20.198,20.172,22.192,22.131,992.91,92861,0,0,1550,9300,7,10,1,0,0,25,21,14,0,13,7,FALSE,0,FALSE
887.6815,7.432,7.28,6.219,5.798,9.208,19,17,2,1499442.5,74,72,71,69,100,100,97,96,20.2,20.173,22.193,22.131,1024.539,92861,0,0,1550,9300,7,10,1,0,0,25,21,14,0,13,7,FALSE,0,FALSE
888.1845,7.445,7.291,6.22,5.8,9.194,19,17,2,1441827.5,72,71,69,68,100,100,97,96,20.2,20.172,22.191,22.129,1058.203,92861,0,0,1550,9300,7,10,1,0,0,25,21,14,0,13,7,FALSE,0,FALSE
888.6826,7.456,7.301,6.221,5.8,9.181,19,17,2,1387025.2,71,70,68,68,100,100,97,96,20.198,20.17,22.188,22.126,1093.551,92861,0,0,1550,9300,7,10,1,0,0,25,21,14,0,13,7,FALSE,0,FALSE
889.1862,7.464,7.308,6.221,5.8,9.167,19,17,2,1372735,70,70,69,68,100,100,97,96,20.196,20.168,22.184,22.123,1131.273,92861,0,0,1550,9300,7,10,1,0,0,25,21,14,0,13,7,FALSE,0,FALSE
889.68585,7.47,7.315,6.221,5.8,9.153,19,17,2,1364091.2,71,71,69,69,100,100,97,96,20.193,20.166,22.18,22.119,1168.742,92861,0,0,1550,9266,7,10,1,0,0,25,21,14,0,13,7,FALSE,0,FALSE
890.6854,7.484,7.329,6.221,5.8,9.126,19,17,2,1347091.9,71,71,69,69,100,99,96,95,20.187,20.16,22.17,22.11,1244.828,92861,0,0,1533,9250,7,10,1,0,0,25,21,14,0,13,7,FALSE,0,FALSE
891.6858,7.497,7.342,6.221,5.8,9.098,19,17,2,1329516.2,71,71,69,69,100,99,96,95,20.179,20.152,22.159,22.099,1326.176,92861,0,0,1550,9250,7,10,1,0,0,25,21,14,0,13,7,FALSE,0,FALSE
892.183,7.502,7.348,6.221,5.8,9.085,19,17,2,1326573.8,71,71,69,69,100,99,96,95,20.175,20.148,22.153,22.094,1365.457,92861,0,0,1566,9233,7,10,1,0,0,25,21,14,0,13,7,FALSE,0,FALSE
892.6841,7.508,7.355,6.221,5.8,9.072,19,17,2,1317930,71,71,69,69,100,99,96,95,20.17,20.144,22.146,22.088,1406.508,92861,0,0,1566,9233,7,10,1,0,0,25,21,14,0,13,7,FALSE,0,FALSE
893.1843,7.531,7.374,6.254,5.827,9.066,19,17,2,1343244.2,73,73,76,74,100,99,96,95,20.168,20.142,22.146,22.087,1444.539,92861,0,0,1567,9200,7,10,1,0,0,25,21,14,0,13,7,FALSE,0,FALSE
893.6846,7.551,7.391,6.273,5.841,9.065,19,17,2,1372352.6,72,70,72,71,100,99,96,95,20.17,20.143,22.151,22.092,1474.16,92861,0,0,1567,9200,7,10,1,0,0,25,21,14,0,13,7,FALSE,0,FALSE
894.1865,7.572,7.407,6.301,5.867,9.065,19,17,2,1398568.8,76,71,79,76,100,99,96,95,20.173,20.145,22.157,22.098,1498.73,92861,0,0,1567,9250,7,10,1,0,0,25,21,14,0,13,7,FALSE,0,FALSE
894.6849,7.607,7.433,6.364,5.915,9.065,19,17,2,1418971.6,82,76,94,86,100,99,96,95,20.179,20.149,22.168,22.106,1516.754,92861,0,0,1617,9216,7,10,1,0,0,25,21,14,0,13,7,FALSE,0,FALSE
895.1842,7.629,7.448,6.416,5.962,9.065,19,17,2,1432499.8,81,73,96,90,100,99,97,96,20.186,20.154,22.182,22.119,1538.078,92861,0,0,1617,9216,7,10,1,0,0,25,21,14,0,13,7,FALSE,0,FALSE
895.684,7.645,7.459,6.456,5.991,9.061,19,17,2,1438578.1,78,72,94,85,100,99,97,96,20.193,20.157,22.197,22.13,1561.328,92861,0,0,1617,9216,7,10,1,0,0,25,21,14,0,13,7,FALSE,0,FALSE
896.186,7.663,7.475,6.474,6.005,9.055,19,17,2,1444883.6,78,73,85,78,100,99,97,96,20.198,20.161,22.209,22.139,1578.516,92861,0,0,1616,9216,7,10,1,0,0,25,21,14,0,13,7,FALSE,0,FALSE
896.68066,7.68,7.489,6.485,6.014,9.047,19,17,2,1450086.9,77,73,78,73,100,99,97,96,20.203,20.163,22.216,22.144,1594.902,92861,0,0,1616,9266,7,10,1,0,0,25,21,14,0,13,7,FALSE,0,FALSE
897.18225,7.702,7.509,6.5,6.027,9.038,19,17,2,1454443.2,78,75,77,72,100,100,97,96,20.207,20.166,22.221,22.148,1612.344,92861,0,0,1616,9266,7,10,1,0,0,25,21,14,0,13,7,FALSE,0,FALSE
897.6836,7.734,7.536,6.511,6.037,9.027,19,17,2,1458909.6,80,76,74,70,100,100,97,96,20.213,20.171,22.225,22.151,1633.012,92861,0,0,1616,9266,7,10,1,0,0,25,21,14,0,13,7,FALSE,0,FALSE
898.1835,7.759,7.557,6.513,6.039,9.014,19,17,2,1455822.2,79,78,69,68,100,100,97,96,20.217,20.174,22.226,22.152,1655.855,92861,0,0,1534,9267,7,10,1,0,0,25,21,14,0,13,7,FALSE,0,FALSE
898.6842,7.778,7.574,6.513,6.039,9.001,19,17,2,1456180.2,74,73,67,66,101,100,97,96,20.22,20.177,22.227,22.152,1681.18,92861,0,0,1534,9267,7,10,1,0,0,25,21,14,0,13,7,FALSE,0,FALSE
899.18286,7.792,7.589,6.514,6.041,8.988,19,17,2,1449893.6,72,72,68,68,101,100,97,96,20.221,20.178,22.225,22.151,1708.953,92861,0,0,1484,9267,7,10,1,0,0,25,21,14,0,13,7,FALSE,0,FALSE
899.6837,7.804,7.604,6.52,6.046,8.974,19,17,2,1442625.8,71,73,69,70,101,100,97,96,20.221,20.178,22.224,22.15,1738.438,92861,0,0,1484,9267,7,10,1,0,0,25,21,14,0,13,7,FALSE,0,FALSE
900.1841,7.814,7.617,6.524,6.049,8.961,19,17,2,1440022.4,70,72,69,69,101,100,97,96,20.22,20.179,22.222,22.149,1769.738,92861,0,0,1500,9300,7,10,1,0,0,25,21,14,0,13,7,FALSE,0,FALSE
900.6835,7.832,7.639,6.541,6.065,8.947,19,17,2,1431413.8,73,75,72,74,100,100,97,96,20.219,20.179,22.221,22.149,1803.051,92861,0,0,1500,9300,7,10,1,0,0,25,21,14,0,13,7,FALSE,0,FALSE
901.68195,7.901,7.705,6.627,6.142,8.935,19,17,2,1459871.8,82,78,90,84,101,100,97,96,20.22,20.182,22.222,22.15,1869.445,92861,29847,0,1500,9300,7,10,1,0,0,25,21,14,0,13,7,FALSE,0,FALSE
902.18524,7.949,7.742,6.732,6.225,8.932,19,17,2,1473335.9,82,77,100,90,101,100,98,96,20.226,20.185,22.233,22.158,1897.098,92861,29847,0,1500,9317,7,10,1,0,0,25,21,14,0,13,7,FALSE,0,FALSE
902.6825,7.996,7.779,6.828,6.303,8.925,19,17,2,1479504.4,85,79,102,92,101,100,98,96,20.231,20.188,22.245,22.167,1926.059,92861,29847,0,1550,9317,7,10,1,0,0,25,21,14,0,13,7,FALSE,0,FALSE
903.6846,8.064,7.833,6.884,6.352,8.903,19,17,2,1479411.4,74,72,72,71,101,100,98,97,20.24,20.192,22.255,22.173,1980.902,92861,29847,0,1566,9350,7,10,1,0,0,25,21,14,0,13,7,FALSE,0,FALSE
904.18445,8.089,7.863,6.911,6.384,8.891,19,17,2,1480919.4,74,77,74,79,101,100,98,97,20.24,20.193,22.254,22.173,2010.555,92861,29847,0,1567,9350,7,10,1,0,0,25,21,14,0,13,7,FALSE,0,FALSE
904.6847,8.132,7.914,6.975,6.467,8.88,19,17,2,1485550,79,83,84,93,101,100,98,97,20.241,20.196,22.255,22.177,2042.375,92861,29847,0,1567,9367,7,10,1,0,0,25,21,14,0,13,7,FALSE,0,FALSE
905.68256,8.217,8.015,7.055,6.563,8.853,19,17,2,1479043.5,74,77,73,75,101,100,98,97,20.244,20.203,22.256,22.185,2104.32,92861,29847,0,1584,9367,7,10,1,0,0,25,21,14,0,13,7,FALSE,0,FALSE
906.18536,8.231,8.033,7.064,6.572,8.839,19,17,2,1470418.8,71,74,70,71,101,100,98,97,20.241,20.202,22.252,22.182,2137.215,92861,29847,0,1600,9383,7,10,1,0,0,25,21,14,0,13,7,FALSE,0,FALSE
906.6848,8.241,8.047,7.069,6.575,8.826,19,17,2,1461811.5,71,73,70,70,101,100,98,97,20.238,20.2,22.248,22.178,2171.387,92861,29847,0,1600,9383,7,10,1,0,0,25,21,14,0,13,7,FALSE,0,FALSE
907.1841,8.261,8.068,7.098,6.604,8.822,19,17,2,1490216,73,73,76,75,101,100,98,97,20.237,20.2,22.249,22.179,2202.016,92861,29847,0,1600,9383,7,10,1,0,0,25,21,14,0,13,7,FALSE,0,FALSE
907.68225,8.275,8.08,7.106,6.614,8.821,19,17,2,1515639.8,71,71,73,72,101,100,98,97,20.239,20.202,22.253,22.184,2225.332,92861,29847,0,1600,9433,7,10,1,0,0,25,21,14,0,13,7,FALSE,0,FALSE
908.6838,8.318,8.112,7.168,6.668,8.821,19,17,2,1552597.2,81,75,89,83,101,100,98,97,20.247,20.207,22.267,22.197,2257.062,92861,29847,0,1633,9433,7,10,1,0,0,25,21,14,0,13,7,FALSE,0,FALSE
909.1823,8.33,8.121,7.202,6.691,8.821,19,17,2,1559378.2,77,73,93,83,101,100,98,97,20.253,20.21,22.279,22.206,2268.113,92861,29847,0,1633,9433,7,10,1,0,0,25,21,14,0,13,7,FALSE,0,FALSE
909.6843,8.343,8.13,7.232,6.714,8.819,19,17,2,1565155,79,73,95,86,101,100,99,97,20.257,20.212,22.291,22.212,2286.012,92861,29847,0,1583,9433,7,10,1,0,0,25,21,14,0,13,7,FALSE,0,FALSE
910.185,8.371,8.157,7.263,6.731,8.815,19,17,2,1571257.6,87,82,96,86,101,100,99,97,20.263,20.218,22.303,22.218,2301.039,92861,29847,0,1583,9433,7,10,1,0,0,25,21,14,0,13,7,FALSE,0,FALSE
910.68396,8.411,8.191,7.276,6.74,8.81,19,17,2,1577686.5,94,88,87,79,102,101,99,97,20.274,20.226,22.315,22.226,2313.438,92861,29847,0,1583,9483,7,10,1,0,0,25,21,14,0,13,7,FALSE,0,FALSE
911.18494,8.451,8.227,7.283,6.746,8.803,19,17,2,1584689.1,95,90,80,74,102,101,99,98,20.286,20.236,22.322,22.231,2326.105,92861,29847,0,1583,9483,7,10,1,0,0,25,21,14,0,13,7,FALSE,0,FALSE
911.68243,8.478,8.256,7.283,6.747,8.793,19,17,2,1587384.5,89,87,73,70,102,101,99,98,20.297,20.245,22.326,22.234,2340.762,92861,29847,0,1583,9483,7,10,1,0,0,25,21,14,0,13,7,FALSE,0,FALSE
912.18097,8.553,8.334,7.285,6.748,8.78,19,17,2,1591667.1,103,103,70,68,102,101,99,98,20.309,20.257,22.327,22.234,2358.406,92861,29847,0,1583,9483,7,10,1,0,0,25,21,14,0,13,7,FALSE,0,FALSE
912.6843,8.699,8.47,7.29,6.756,8.768,19,17,2,1599359.9,124,120,70,69,103,102,99,98,20.33,20.277,22.327,22.235,2378.355,92861,29847,0,1550,9417,7,10,1,0,0,25,21,14,0,13,7,FALSE,0,FALSE
913.18274,8.826,8.584,7.291,6.758,8.754,19,17,2,1601334.9,112,108,68,68,103,102,99,98,20.354,20.301,22.327,22.235,2399.613,92861,29847,0,1583,9417,7,10,1,0,0,25,21,14,0,13,7,FALSE,0,FALSE
914.17816,8.879,8.64,7.3,6.768,8.728,19,17,2,1596083.9,73,73,67,69,103,102,99,98,20.368,20.314,22.324,22.234,2450.043,92861,29847,0,1667,9467,7,10,1,0,0,25,21,14,0,13,7,FALSE,0,FALSE
914.68146,8.89,8.653,7.301,6.768,8.714,19,17,2,1589250.2,71,71,67,68,103,102,99,98,20.366,20.313,22.321,22.232,2478.656,92861,29847,0,1667,9467,7,10,1,0,0,25,21,14,0,13,7,FALSE,0,FALSE
915.1838,8.901,8.665,7.301,6.768,8.701,19,17,2,1581537.6,73,73,68,68,103,102,99,97,20.364,20.312,22.318,22.23,2509.203,92861,29847,0,1667,9567,7,10,1,0,0,25,21,14,0,13,7,FALSE,0,FALSE
915.6837,8.91,8.674,7.302,6.769,8.688,19,17,2,1578857.2,71,71,68,68,103,102,99,97,20.362,20.309,22.314,22.227,2541.328,92861,29847,0,1700,9584,7,10,1,0,0,25,21,14,0,13,7,FALSE,0,FALSE
916.6823,8.937,8.708,7.323,6.789,8.66,19,17,2,1561569.8,73,75,72,74,103,102,99,97,20.355,20.305,22.306,22.221,2609.281,92861,29847,0,1750,9600,7,10,1,0,0,25,21,14,0,13,7,FALSE,0,FALSE
917.1803,8.967,8.747,7.361,6.827,8.648,19,17,2,1565267.6,75,78,76,79,103,102,99,97,20.353,20.305,22.304,22.22,2645.895,92861,29847,0,1750,9600,7,10,1,0,0,25,21,14,0,13,7,FALSE,0,FALSE
917.68304,8.996,8.782,7.395,6.86,8.647,19,17,2,1595649.1,75,78,77,79,103,102,99,97,20.353,20.307,22.307,22.224,2677.707,92861,29847,0,1750,9617,7,10,1,0,0,25,21,14,0,13,7,FALSE,0,FALSE
918.1845,9.017,8.806,7.418,6.881,8.646,19,17,2,1620477.1,74,77,77,78,103,102,99,97,20.355,20.311,22.312,22.23,2700.574,92861,29847,0,1750,9617,7,10,1,0,0,25,21,14,0,13,7,FALSE,0,FALSE
918.6829,9.04,8.834,7.445,6.912,8.646,19,17,2,1640812.8,76,81,80,83,103,102,99,98,20.358,20.316,22.318,22.238,2718.387,92861,29847,0,1667,9600,7,10,1,0,0,25,21,14,0,13,7,FALSE,0,FALSE
919.18274,9.068,8.871,7.471,6.947,8.646,19,17,2,1655541,81,88,82,89,103,102,99,98,20.363,20.324,22.325,22.248,2732.414,92861,29847,0,1667,9600,7,10,1,0,0,25,21,14,0,13,7,FALSE,0,FALSE
919.679,9.088,8.893,7.497,6.99,8.646,19,17,2,1665315.5,80,85,85,97,103,103,99,98,20.37,20.333,22.333,22.261,2743.535,92861,29847,0,1667,9600,7,10,1,0,0,25,21,14,0,13,7,FALSE,0,FALSE
920.1826,9.095,8.902,7.517,7.019,8.643,19,17,2,1670620.2,76,80,84,96,103,103,99,98,20.374,20.34,22.342,22.276,2762.812,92861,29847,0,1667,9600,7,10,1,0,0,25,21,14,0,13,7,FALSE,0,FALSE
920.6817,9.109,8.92,7.529,7.035,8.64,19,17,2,1676243.2,77,82,80,89,103,103,99,98,20.377,20.346,22.349,22.288,2773.027,92861,29847,0,1616,9583,7,10,1,0,0,25,21,14,0,13,7,FALSE,0,FALSE
921.6842,9.131,8.943,7.533,7.039,8.625,19,17,2,1685259.8,74,76,70,73,104,103,100,99,20.382,20.355,22.356,22.301,2799.316,92861,29847,0,1616,9583,7,10,1,0,0,25,21,14,0,13,7,FALSE,0,FALSE
922.68134,9.212,9.022,7.533,7.039,8.6,19,17,2,1691846,87,86,67,67,104,103,100,99,20.393,20.367,22.356,22.302,2836.328,92861,29847,0,1616,9583,7,10,1,0,0,25,21,14,0,13,7,FALSE,0,FALSE
924.68195,9.277,9.086,7.533,7.039,8.547,19,17,2,1540919.1,72,72,68,68,104,103,99,99,20.397,20.372,22.348,22.297,2943.922,92861,29847,0,1583,9550,7,10,1,0,0,25,21,14,0,13,7,FALSE,0,FALSE
925.1817,9.288,9.098,7.533,7.039,8.534,19,17,2,1483893.5,72,72,69,68,104,103,99,99,20.395,20.37,22.345,22.294,2976.547,92861,29847,0,1583,9533,7,10,1,0,0,25,21,14,0,13,7,FALSE,0,FALSE
925.6819,9.298,9.109,7.533,7.039,8.52,19,17,2,1426278.5,72,72,69,69,104,103,99,99,20.393,20.368,22.342,22.291,3011.047,92861,29847,0,1583,9533,7,10,1,0,0,25,21,14,0,13,7,FALSE,0,FALSE
926.1803,9.307,9.119,7.533,7.039,8.507,19,17,2,1374264.6,72,72,69,69,104,103,99,98,20.39,20.365,22.338,22.288,3047.051,92861,29847,0,1566,9500,7,10,1,0,0,25,21,14,0,13,7,FALSE,0,FALSE
926.6844,9.316,9.128,7.533,7.039,8.493,19,17,2,1336238.1,72,72,69,69,104,103,99,98,20.387,20.363,22.334,22.284,3084.352,92861,29847,0,1550,9433,7,10,1,0,0,25,21,14,0,13,7,FALSE,0,FALSE
927.1814,9.323,9.136,7.533,7.039,8.479,19,17,2,1327594.4,73,72,70,70,104,103,99,98,20.383,20.359,22.329,22.279,3122.629,92861,29847,0,1550,9433,7,10,1,0,0,25,21,14,0,13,7,FALSE,0,FALSE
927.6833,9.33,9.143,7.533,7.039,8.466,19,17,2,1318950.6,72,72,70,69,103,103,99,98,20.379,20.355,22.323,22.274,3161.695,92861,29847,0,1516,9417,7,10,1,0,0,25,21,14,0,13,7,FALSE,0,FALSE
928.1828,9.337,9.151,7.533,7.039,8.452,19,17,2,1310306.9,72,72,70,69,103,103,99,98,20.374,20.351,22.318,22.269,3201.473,92861,29847,0,1533,9417,7,10,1,0,0,25,21,14,0,13,7,FALSE,0,FALSE
928.6815,9.343,9.157,7.533,7.039,8.439,19,17,2,1307029.8,72,72,70,70,103,103,99,98,20.37,20.347,22.312,22.263,3241.762,92861,29847,0,1516,9400,7,10,1,0,0,25,21,14,0,13,7,FALSE,0,FALSE
929.1795,9.349,9.164,7.533,7.039,8.425,19,17,2,1298386,72,72,70,70,103,103,99,98,20.364,20.342,22.305,22.257,3282.48,92861,29847,0,1516,9383,7,10,1,0,0,25,21,14,0,13,7,FALSE,0,FALSE
929.6699,9.356,9.171,7.533,7.039,8.412,19,17,2,1289742.2,71,71,69,68,103,103,99,98,20.359,20.336,22.298,22.25,3323.641,92861,29847,0,1517,9383,7,10,1,0,0,25,21,14,0,13,7,FALSE,0,FALSE
930.1785,9.366,9.181,7.545,7.049,8.4,19,17,2,1291893.6,72,72,72,72,103,103,99,98,20.353,20.331,22.291,22.243,3364.664,92861,29847,0,1517,9367,7,10,1,0,0,25,21,14,0,13,7,FALSE,0,FALSE
930.68134,9.39,9.211,7.577,7.089,8.398,19,17,2,1323718.5,73,75,75,77,103,103,99,98,20.352,20.33,22.293,22.246,3398.656,92861,29847,0,1550,9367,7,10,1,0,0,25,21,14,0,13,7,FALSE,0,FALSE
931.1825,9.402,9.228,7.595,7.108,8.397,19,17,2,1351393.4,71,74,75,77,103,103,99,98,20.353,20.332,22.298,22.252,3425.5,92861,29847,0,1550,9367,7,10,1,0,0,25,21,14,0,13,7,FALSE,0,FALSE
931.68225,9.432,9.268,7.648,7.175,8.396,19,17,2,1372059.5,77,83,85,93,103,103,99,98,20.355,20.337,22.305,22.261,3447.254,92861,29847,0,1617,9434,7,10,1,0,0,25,21,14,0,13,7,FALSE,0,FALSE
932.1808,9.459,9.3,7.689,7.232,8.388,19,17,2,1378783.9,78,82,84,93,103,103,99,98,20.358,20.343,22.314,22.275,3470.156,92861,29847,0,1617,9434,7,10,1,0,0,25,21,14,0,13,7,FALSE,0,FALSE
932.6834,9.49,9.339,7.726,7.276,8.379,19,17,2,1385378.4,80,86,83,89,103,103,99,98,20.362,20.349,22.322,22.286,3495.5,92861,29847,0,1683,9434,7,10,1,0,0,25,21,14,0,13,7,FALSE,0,FALSE
933.184,9.524,9.381,7.754,7.309,8.368,19,17,2,1391726.9,80,85,78,84,103,103,99,99,20.366,20.356,22.328,22.295,3518.43,92861,29847,0,1683,9483,7,10,1,0,0,25,21,14,0,13,7,FALSE,0,FALSE
933.6822,9.55,9.411,7.775,7.332,8.356,19,17,2,1397867.1,76,81,76,79,103,103,99,99,20.369,20.362,22.332,22.3,3542.094,92861,29847,0,1683,9483,7,10,1,0,0,25,21,14,0,13,7,FALSE,0,FALSE
934.18365,9.582,9.451,7.809,7.37,8.344,19,17,2,1404147.2,78,83,79,83,103,103,99,99,20.371,20.366,22.335,22.305,3566.836,92861,29847,0,1683,9483,7,10,1,0,0,25,21,14,0,13,7,FALSE,0,FALSE
935.1805,9.653,9.537,7.87,7.435,8.32,19,17,2,1406601.6,77,81,76,78,103,103,99,99,20.375,20.375,22.34,22.314,3619.453,92861,29847,0,1600,9450,7,10,1,0,0,25,21,14,0,13,7,FALSE,0,FALSE
935.6834,9.684,9.574,7.895,7.461,8.306,19,17,2,1399235,76,80,75,77,103,103,99,99,20.375,20.378,22.341,22.316,3648.559,92861,29847,0,1583,9466,7,10,1,0,0,25,21,14,0,13,7,FALSE,0,FALSE
936.1845,9.702,9.598,7.908,7.473,8.293,19,17,2,1396702.2,72,76,72,72,103,103,99,99,20.374,20.379,22.34,22.315,3679.781,92861,29847,0,1583,9466,7,10,1,0,0,25,21,14,0,13,7,FALSE,0,FALSE
936.68335,9.714,9.612,7.913,7.477,8.279,19,17,2,1388130.9,71,72,70,69,103,103,99,99,20.371,20.378,22.338,22.313,3712.68,92861,29847,0,1583,9500,7,10,1,0,0,25,21,14,0,13,7,FALSE,0,FALSE
937.1835,9.737,9.631,7.931,7.495,8.265,19,17,2,1379487.1,76,73,75,72,103,103,99,99,20.369,20.375,22.335,22.31,3746.566,92861,29847,0,1600,9500,7,10,1,0,0,25,21,14,0,13,7,FALSE,0,FALSE
937.68286,9.783,9.668,7.978,7.54,8.252,19,17,2,1370843.4,82,78,82,78,103,103,99,99,20.369,20.373,22.335,22.309,3781.227,92861,29847,0,1617,9517,7,10,1,0,0,25,21,14,0,13,7,FALSE,0,FALSE
938.1816,9.847,9.722,8.057,7.612,8.239,19,17,2,1367615.1,85,81,89,84,103,103,99,99,20.371,20.373,22.337,22.309,3817.363,92861,29847,0,1617,9517,7,10,1,0,0,25,21,14,0,13,7,FALSE,0,FALSE
939.1802,9.979,9.832,8.223,7.759,8.212,19,17,2,1350327.6,86,81,91,85,103,103,99,99,20.375,20.372,22.341,22.31,3891.289,92861,29847,0,1600,9517,7,10,1,0,0,25,21,14,0,13,7,FALSE,0,FALSE
939.6816,10.052,9.894,8.321,7.845,8.198,19,17,2,1341683.9,85,81,91,85,103,103,99,99,20.377,20.372,22.344,22.311,3927.777,92861,29847,0,1600,9517,7,10,1,0,0,25,21,14,0,13,7,FALSE,0,FALSE
940.68427,10.132,9.959,8.392,7.912,8.171,19,17,2,1324396.4,73,71,71,70,103,103,99,99,20.374,20.366,22.34,22.304,3999.855,92861,29847,0,1617,9517,7,10,1,0,0,25,21,14,0,13,7,FALSE,0,FALSE
941.1832,10.142,9.968,8.4,7.92,8.158,19,17,2,1325007.2,72,72,73,72,103,103,99,99,20.368,20.36,22.334,22.298,4037.082,92861,29847,40061,1633,9533,7,10,1,0,0,25,21,14,0,13,7,FALSE,0,FALSE
942.1825,10.218,10.029,8.504,8.013,8.156,19,17,2,1383240.2,87,80,96,89,103,103,99,99,20.37,20.359,22.342,22.304,4093.316,92861,29847,40061,1633,9517,7,10,1,0,0,25,21,14,0,13,7,FALSE,0,FALSE
942.67993,10.26,10.061,8.589,8.079,8.156,19,17,2,1404053.1,84,78,104,93,103,103,100,99,20.377,20.363,22.356,22.315,4113.879,92861,29847,40061,1633,9517,7,10,1,0,0,25,21,14,0,13,7,FALSE,0,FALSE
943.18225,10.281,10.077,8.653,8.127,8.155,19,17,2,1413935,80,75,103,90,104,103,100,99,20.382,20.365,22.371,22.325,4132.191,92861,29847,40061,1633,9500,7,10,1,0,0,25,21,14,0,13,7,FALSE,0,FALSE
943.6829,10.305,10.096,8.712,8.168,8.15,19,17,2,1420602.2,80,76,102,88,104,103,100,99,20.385,20.366,22.385,22.334,4151.297,92861,29847,40061,1633,9500,7,10,1,0,0,25,21,14,0,13,7,FALSE,0,FALSE
944.18494,10.333,10.119,8.742,8.191,8.142,19,17,2,1427061.2,82,78,90,81,104,103,100,99,20.389,20.368,22.396,22.34,4170.57,92861,29847,40061,1633,9500,7,10,1,0,0,25,21,14,0,13,7,FALSE,0,FALSE
944.6743,10.361,10.147,8.753,8.2,8.131,19,17,2,1427272.5,81,79,78,73,104,103,100,99,20.393,20.37,22.401,22.343,4190.508,92861,29847,40061,1833,9683,7,10,1,0,0,25,21,14,0,13,7,FALSE,0,FALSE
945.1816,10.386,10.171,8.759,8.206,8.117,19,17,2,1423036,78,77,73,70,104,103,100,99,20.395,20.372,22.402,22.343,4212.859,92861,29847,40061,1833,9683,7,10,1,0,0,25,21,14,0,13,7,FALSE,0,FALSE
945.6814,10.408,10.191,8.763,8.21,8.105,19,17,2,1408028.5,76,74,70,69,104,103,100,99,20.396,20.373,22.402,22.342,4238.184,92861,29847,40061,1833,9683,7,10,1,0,0,25,21,14,0,13,7,FALSE,0,FALSE
946.18134,10.423,10.204,8.763,8.21,8.091,19,17,2,1365065.1,74,72,69,68,104,103,100,99,20.396,20.371,22.4,22.339,4265.934,92861,29847,40061,1900,9716,7,10,1,0,0,25,21,14,0,13,7,FALSE,0,FALSE
947.18036,10.45,10.226,8.763,8.21,8.065,19,17,2,1284683.8,72,71,69,69,104,103,100,99,20.392,20.367,22.393,22.333,4327.773,92861,29847,40061,1916,9717,7,10,1,0,0,25,21,14,0,13,7,FALSE,0,FALSE
947.68005,10.458,10.234,8.763,8.21,8.051,19,17,2,1276040,71,71,69,69,104,103,100,99,20.388,20.363,22.389,22.329,4361.203,92861,29847,40061,1917,9717,7,10,1,0,0,25,21,14,0,13,7,FALSE,0,FALSE
948.1821,10.465,10.242,8.763,8.21,8.037,19,17,2,1267396.2,71,71,69,69,104,103,100,99,20.384,20.36,22.385,22.325,4396.016,92861,29847,40061,1917,9717,7,10,1,0,0,25,21,14,0,13,7,FALSE,0,FALSE
948.67975,10.473,10.249,8.763,8.21,8.024,19,17,2,1264215.1,71,71,69,69,103,103,100,99,20.38,20.355,22.38,22.32,4431.934,92861,29847,40061,1917,9717,7,10,1,0,0,25,21,14,0,13,7,FALSE,0,FALSE
949.182,10.481,10.256,8.763,8.21,8.01,19,17,2,1255571.4,71,71,69,69,103,103,100,99,20.375,20.351,22.374,22.315,4468.859,92861,29847,40061,1917,9717,7,10,1,0,0,25,21,14,0,13,7,FALSE,0,FALSE
950.18115,10.496,10.27,8.763,8.21,7.983,19,17,2,1238283.9,71,71,69,69,103,103,100,99,20.365,20.341,22.361,22.303,4545.57,92861,29847,40061,1933,9700,7,10,1,0,0,25,21,14,0,13,7,FALSE,0,FALSE
950.6837,10.502,10.277,8.763,8.21,7.969,19,17,2,1229640.1,71,71,70,69,103,103,100,99,20.359,20.335,22.355,22.297,4585.172,92861,29847,40061,1933,9700,7,10,1,0,0,25,21,14,0,13,7,FALSE,0,FALSE
951.18085,10.509,10.283,8.763,8.21,7.955,19,17,2,1220996.4,72,72,70,70,103,103,99,98,20.354,20.33,22.348,22.29,4625.469,92861,29847,40061,1934,9700,7,10,1,0,0,25,21,14,0,13,7,FALSE,0,FALSE
951.6825,10.515,10.29,8.763,8.21,7.942,19,17,2,1217825.6,72,72,70,70,103,102,99,98,20.348,20.324,22.34,22.283,4666.301,92861,29847,40061,1933,9700,7,10,1,0,0,25,21,14,0,13,7,FALSE,0,FALSE
952.1795,10.521,10.296,8.763,8.21,7.929,19,17,2,1209181.9,73,73,71,70,103,102,99,98,20.342,20.318,22.333,22.276,4707.559,92861,29847,40061,1933,9683,7,10,1,0,0,25,21,14,0,13,7,FALSE,0,FALSE
952.67914,10.527,10.303,8.763,8.21,7.915,19,17,2,1200538.1,72,72,71,70,103,102,99,98,20.335,20.312,22.325,22.268,4749.246,92861,29847,40061,1933,9683,7,10,1,0,0,25,21,14,0,13,7,FALSE,0,FALSE
953.18005,10.533,10.309,8.763,8.21,7.901,19,17,2,1191894.4,72,72,70,70,103,102,99,98,20.329,20.306,22.317,22.26,4791.297,92861,29847,40061,1933,9683,7,10,1,0,0,25,21,14,0,13,7,FALSE,0,FALSE
953.68176,10.548,10.324,8.779,8.225,7.891,19,17,2,1198988.6,73,73,74,74,102,102,99,98,20.322,20.3,22.31,22.254,4832.883,92861,29847,40061,1950,9666,7,10,1,0,0,25,21,14,0,13,7,FALSE,0,FALSE
954.1798,10.572,10.349,8.812,8.256,7.889,19,17,2,1231061.4,73,73,76,76,102,102,99,98,20.321,20.299,22.313,22.257,4866.68,92861,29847,40061,1950,9666,7,10,1,0,0,25,21,14,0,13,7,FALSE,0,FALSE
954.6807,10.598,10.376,8.838,8.283,7.888,19,17,2,1256474.8,76,75,78,76,102,102,99,98,20.323,20.301,22.319,22.263,4892.059,92861,29847,40061,1950,9666,7,10,1,0,0,25,21,14,0,13,7,FALSE,0,FALSE
955.67914,10.64,10.406,8.897,8.331,7.888,19,17,2,1293316.1,77,72,85,78,103,102,99,98,20.331,20.305,22.336,22.277,4928.664,92861,29847,40061,1933,9683,7,10,1,0,0,25,21,14,0,13,7,FALSE,0,FALSE
956.68286,10.687,10.447,8.965,8.376,7.879,19,17,2,1306072.6,81,76,87,78,103,102,100,98,20.342,20.311,22.357,22.289,4969.969,92861,29847,40061,1967,9700,7,10,1,0,0,25,21,14,0,13,7,FALSE,0,FALSE
957.1792,10.712,10.47,8.976,8.385,7.869,19,17,2,1307842.8,81,78,78,73,103,102,100,99,20.347,20.315,22.364,22.294,4987.473,92861,29847,40061,1967,9700,7,10,1,0,0,25,21,14,0,13,7,FALSE,0,FALSE
957.6798,10.731,10.49,8.98,8.39,7.857,19,17,2,1305123.2,77,76,73,69,103,102,100,99,20.351,20.318,22.367,22.296,5007.367,92861,29847,40061,1983,9700,7,10,1,0,0,25,21,14,0,13,7,FALSE,0,FALSE
958.1788,10.761,10.52,8.99,8.399,7.844,19,17,2,1300883.9,80,78,73,70,103,102,100,99,20.355,20.321,22.37,22.297,5029.289,92861,29847,40061,1983,9317,7,10,1,0,0,25,21,14,0,13,7,FALSE,0,FALSE
958.6813,10.786,10.543,9,8.409,7.831,19,17,2,1300935,77,76,73,70,103,102,100,99,20.358,20.323,22.371,22.298,5053.691,92861,29847,40061,1983,9366,7,10,1,0,0,25,21,14,0,13,7,FALSE,0,FALSE
959.1797,10.804,10.558,9.002,8.412,7.817,19,17,2,1294517.2,73,72,70,68,103,102,100,99,20.359,20.324,22.371,22.298,5081.051,92861,29847,40061,2033,9366,7,10,1,0,0,25,21,14,0,13,7,FALSE,0,FALSE
959.6816,10.818,10.57,9.002,8.413,7.804,19,17,2,1287174.5,73,71,67,67,103,102,100,99,20.358,20.323,22.37,22.296,5110.754,92861,29847,40061,2050,9400,7,10,1,0,0,25,21,14,0,13,7,FALSE,0,FALSE
960.17816,10.827,10.579,9.002,8.413,7.791,19,17,2,1284450.8,72,70,68,69,103,102,100,99,20.356,20.321,22.367,22.294,5142.062,92861,29847,40061,2050,9400,7,10,1,0,0,25,21,14,0,13,7,FALSE,0,FALSE
961.17957,10.842,10.595,9.002,8.413,7.763,19,17,2,1267178.1,71,71,69,69,103,102,100,98,20.352,20.317,22.361,22.289,5209.426,92861,29847,40061,2117,9433,7,10,1,0,0,25,21,14,0,13,7,FALSE,0,FALSE
961.67865,10.849,10.603,9.002,8.413,7.75,19,17,2,1263989.8,71,71,69,69,103,102,100,98,20.349,20.314,22.358,22.286,5245.082,92861,29847,40061,2117,9450,7,10,1,0,0,25,21,14,0,13,7,FALSE,0,FALSE
962.17816,10.856,10.61,9.002,8.413,7.737,19,17,2,1255346,71,71,69,69,103,102,100,98,20.345,20.311,22.354,22.282,5281.719,92861,29847,40061,2117,9450,7,10,1,0,0,25,21,14,0,13,7,FALSE,0,FALSE
962.68054,10.864,10.617,9.002,8.413,7.723,19,17,2,1246702.2,71,71,70,69,103,102,99,98,20.342,20.307,22.349,22.278,5319.328,92861,29847,40061,2133,9500,7,10,1,0,0,25,21,14,0,13,7,FALSE,0,FALSE
963.1807,10.87,10.623,9.002,8.413,7.709,19,17,2,1238058.5,71,71,70,69,103,102,99,98,20.338,20.304,22.344,22.273,5357.816,92861,29847,40061,2167,9500,7,10,1,0,0,25,21,14,0,13,7,FALSE,0,FALSE
963.6809,10.877,10.63,9.002,8.413,7.695,19,17,2,1229414.8,71,71,70,69,103,102,99,98,20.333,20.299,22.338,22.268,5397.035,92861,29847,40061,2167,9500,7,10,1,0,0,25,21,14,0,13,7,FALSE,0,FALSE
964.17957,10.884,10.637,9.002,8.413,7.681,19,17,3,1220771,71,71,70,69,103,102,99,98,20.328,20.295,22.332,22.262,28.102,92974,0,0,2167,9500,7,11,1,0,0,25,21,14,0,13,7,FALSE,0,FALSE
964.6789,10.89,10.643,9.002,8.413,7.669,19,17,3,1217558.5,71,71,70,69,102,102,99,98,20.323,20.29,22.325,22.256,68.621,92974,0,0,2183,9567,7,11,1,0,0,25,21,14,0,13,7,FALSE,0,FALSE
965.1788,10.897,10.649,9.002,8.413,7.655,19,17,3,1208914.8,71,71,70,69,102,102,99,98,20.318,20.285,22.318,22.249,109.48,92974,0,0,2216,9567,7,11,1,0,0,25,21,14,0,13,7,FALSE,0,FALSE
965.68005,10.903,10.655,9.002,8.413,7.641,19,17,3,1200271,72,71,70,70,102,102,99,98,20.312,20.279,22.311,22.242,150.785,92974,0,0,2233,9567,7,11,1,0,0,25,21,14,0,13,7,FALSE,0,FALSE
966.67926,10.917,10.667,9.002,8.413,7.614,19,17,3,1182983.5,72,72,70,70,102,101,99,97,20.3,20.267,22.296,22.228,234.527,92974,0,0,2283,9567,7,11,1,0,0,25,21,14,0,13,7,FALSE,0,FALSE
967.1737,10.924,10.676,9.004,8.414,7.6,19,17,3,1174339.8,72,73,70,70,102,101,98,97,20.293,20.261,22.287,22.22,276.863,92974,0,0,2283,9767,7,11,1,0,0,25,21,14,0,13,7,FALSE,0,FALSE
968.17737,10.937,10.689,9.004,8.414,7.572,19,17,3,1157052.2,73,72,70,70,102,101,98,97,20.279,20.247,22.27,22.203,362.41,92974,0,0,2334,9850,7,11,1,0,0,25,21,14,0,13,7,FALSE,0,FALSE
968.67896,10.944,10.696,9.004,8.414,7.558,19,17,3,1148408.5,71,71,70,70,101,101,98,97,20.272,20.24,22.261,22.195,405.539,92974,0,0,2367,9850,7,11,1,0,0,25,21,14,0,13,7,FALSE,0,FALSE
969.18225,10.95,10.702,9.004,8.414,7.544,19,17,3,1139764.8,72,72,70,70,101,101,98,97,20.264,20.233,22.252,22.186,448.855,92974,0,0,0,9917,8,11,1,0,0,25,21,14,0,13,7,FALSE,0,FALSE
969.6761,10.956,10.709,9.004,8.414,7.531,19,17,3,1131121,72,72,70,70,101,101,98,97,20.256,20.225,22.242,22.177,492.336,92974,0,0,0,9917,8,11,1,0,0,25,21,14,0,13,7,FALSE,0,FALSE
970.1798,10.962,10.715,9.004,8.414,7.517,19,17,3,1122477.2,72,72,70,70,101,100,98,96,20.248,20.217,22.233,22.168,535.961,92974,0,0,50,9967,8,11,1,0,0,25,21,14,0,13,7,FALSE,0,FALSE
970.67993,10.968,10.722,9.004,8.414,7.503,19,17,3,1113833.5,73,73,70,70,101,100,97,96,20.24,20.209,22.223,22.158,579.699,92974,0,0,50,9967,8,11,1,0,0,25,21,14,0,13,7,FALSE,0,FALSE
971.18225,10.986,10.739,9.028,8.44,7.495,19,17,3,1135132.6,72,73,75,74,101,100,97,96,20.234,20.204,22.218,22.154,621.109,92974,0,0,84,10000,8,11,1,0,0,25,21,14,0,13,7,FALSE,0,FALSE
971.6815,11.015,10.768,9.061,8.475,7.493,19,17,3,1166452,74,74,76,76,101,100,97,96,20.234,20.204,22.223,22.159,653.531,92974,0,0,100,10100,8,11,1,0,0,25,21,14,0,13,7,FALSE,0,FALSE
972.17975,11.041,10.794,9.076,8.491,7.493,19,17,3,1191451.6,75,75,73,73,101,100,97,96,20.237,20.207,22.23,22.166,677.723,92974,0,0,100,10100,8,11,1,0,0,25,21,14,0,13,7,FALSE,0,FALSE
972.68085,11.049,10.801,9.08,8.495,7.492,19,17,3,1211535.2,71,70,70,70,101,100,98,97,20.24,20.211,22.236,22.172,696.141,92974,0,0,166,10100,8,11,1,0,0,25,21,14,0,13,7,FALSE,0,FALSE
973.18036,11.055,10.806,9.085,8.5,7.492,19,17,3,1227555.1,70,69,71,69,101,100,98,97,20.242,20.213,22.241,22.177,710.535,92974,0,0,166,10316,8,11,1,0,0,25,21,14,0,13,7,FALSE,0,FALSE
973.682,11.061,10.81,9.093,8.507,7.492,19,17,3,1238497.4,70,67,72,70,101,100,98,97,20.244,20.214,22.246,22.182,722.125,92974,0,0,166,10316,8,11,1,0,0,25,21,14,0,13,7,FALSE,0,FALSE
974.1812,11.07,10.816,9.114,8.523,7.492,19,17,3,1245796.5,72,68,79,74,101,100,98,97,20.246,20.215,22.253,22.187,731.527,92974,0,0,166,10316,8,11,1,0,0,25,21,14,0,13,7,FALSE,0,FALSE
974.67926,11.079,10.825,9.141,8.538,7.492,19,17,3,1250505.5,73,71,86,76,101,100,98,97,20.249,20.216,22.262,22.193,751.34,92974,0,0,383,10316,8,11,1,0,0,25,21,14,0,13,7,FALSE,0,FALSE
975.1765,11.101,10.841,9.152,8.545,7.489,19,17,3,1255465.9,82,76,83,77,101,101,98,97,20.253,20.219,22.272,22.197,764.902,92974,0,0,383,10316,8,11,1,0,0,25,21,14,0,13,7,FALSE,0,FALSE
975.6785,11.111,10.85,9.155,8.548,7.484,19,17,3,1260041.1,78,74,77,72,101,101,98,97,20.259,20.223,22.279,22.202,774.973,92974,0,0,383,10384,8,11,1,0,0,25,21,14,0,13,7,FALSE,0,FALSE
976.1783,11.127,10.872,9.156,8.549,7.477,19,17,3,1262877.1,79,79,72,69,101,101,98,97,20.264,20.227,22.284,22.206,787.391,92974,0,0,383,10384,8,11,1,0,0,25,21,14,0,13,7,FALSE,0,FALSE
976.6777,11.146,10.893,9.157,8.55,7.467,19,17,3,1266492.6,79,79,68,68,101,101,98,97,20.27,20.233,22.287,22.209,802.445,92974,0,0,434,10384,8,11,1,0,0,25,21,14,0,13,7,FALSE,0,FALSE
977.17523,11.169,10.916,9.161,8.555,7.456,19,17,3,1274043.1,79,79,68,70,102,101,98,97,20.275,20.239,22.288,22.211,820.148,92974,0,0,434,10384,8,11,1,0,0,25,21,14,0,13,7,FALSE,0,FALSE
977.682,11.196,10.944,9.178,8.574,7.446,19,17,3,1282494.9,79,82,73,76,102,101,98,97,20.279,20.244,22.289,22.214,842.398,92974,0,0,434,10384,8,11,1,0,0,25,21,14,0,13,7,FALSE,0,FALSE
978.68115,11.265,11.019,9.202,8.6,7.421,19,17,3,1284329.1,80,83,71,71,102,101,99,97,20.288,20.256,22.293,22.22,891.355,92974,0,0,384,10250,8,11,1,0,0,25,21,14,0,13,7,FALSE,0,FALSE
980.1756,11.34,11.092,9.238,8.629,7.382,19,17,3,1275254.5,77,74,74,71,102,101,99,97,20.293,20.262,22.292,22.221,978.406,92974,0,0,300,10183,8,11,1,0,0,25,21,14,0,13,7,FALSE,0,FALSE
980.679,11.354,11.103,9.242,8.634,7.368,19,17,3,1267068,72,71,70,69,102,101,99,97,20.293,20.261,22.291,22.219,1009.66,92974,0,0,300,10150,8,11,1,0,0,25,21,14,0,13,7,FALSE,0,FALSE
981.1795,11.369,11.115,9.246,8.639,7.354,19,17,3,1258429.4,71,69,69,68,102,101,98,97,20.291,20.259,22.288,22.216,1042.641,92974,0,0,266,10150,8,11,1,0,0,25,21,14,0,13,7,FALSE,0,FALSE
981.67896,11.381,11.125,9.248,8.642,7.34,19,17,3,1249785.6,69,68,68,68,102,101,98,97,20.289,20.256,22.285,22.213,1077.34,92974,0,0,250,10150,8,11,1,0,0,25,21,14,0,13,7,FALSE,0,FALSE
982.18097,11.388,11.132,9.248,8.642,7.328,19,17,3,1246548.1,69,69,68,68,102,101,98,97,20.285,20.252,22.281,22.209,1113.359,92974,0,0,250,10117,8,11,1,0,0,25,21,14,0,13,7,FALSE,0,FALSE
982.678,11.396,11.139,9.248,8.642,7.314,19,17,3,1237904.4,69,69,69,68,102,101,98,97,20.281,20.248,22.276,22.205,1150.68,92974,0,0,234,10117,8,11,1,0,0,25,21,14,0,13,7,FALSE,0,FALSE
983.1809,11.403,11.147,9.248,8.642,7.3,19,17,3,1229260.6,69,69,69,68,102,101,98,97,20.276,20.244,22.271,22.2,1189.219,92974,0,0,217,10100,8,11,1,0,0,25,21,14,0,13,7,FALSE,0,FALSE
983.67804,11.41,11.154,9.248,8.642,7.286,19,17,3,1220616.9,69,69,69,69,101,101,98,97,20.271,20.239,22.265,22.195,1228.852,92974,0,0,217,10067,8,11,1,0,0,25,21,14,0,13,7,FALSE,0,FALSE
984.18036,11.416,11.16,9.248,8.642,7.273,19,17,3,1217397.8,69,69,69,69,101,101,98,97,20.266,20.234,22.259,22.19,1269.395,92974,0,0,184,10067,8,11,1,0,0,25,21,14,0,13,7,FALSE,0,FALSE
984.67816,11.422,11.167,9.248,8.642,7.26,19,17,3,1208754,69,69,69,69,101,101,98,97,20.26,20.229,22.253,22.184,1310.711,92974,0,0,150,10050,8,11,1,0,0,25,21,14,0,13,7,FALSE,0,FALSE
985.1808,11.428,11.174,9.249,8.642,7.246,19,17,3,1200110.2,69,70,69,69,101,101,98,97,20.254,20.223,22.246,22.177,1352.77,92974,0,0,117,10050,8,11,1,0,0,25,21,14,0,13,7,FALSE,0,FALSE
985.68115,11.437,11.185,9.258,8.65,7.233,19,17,3,1200044.5,71,71,73,73,101,100,98,97,20.248,20.218,22.24,22.171,1395.215,92974,0,0,117,9983,8,11,1,0,0,25,21,14,0,13,7,FALSE,0,FALSE
986.6767,11.469,11.216,9.29,8.68,7.23,19,17,3,1262252.1,70,69,70,69,101,100,98,97,20.249,20.219,22.246,22.178,1459.996,92974,0,0,100,9967,8,11,1,0,0,25,21,14,0,13,7,FALSE,0,FALSE
987.18164,11.477,11.221,9.297,8.688,7.23,19,17,3,1287979.2,70,69,71,70,101,101,98,97,20.25,20.22,22.25,22.182,1484.16,92974,0,0,100,10117,8,11,1,0,0,25,21,14,0,13,7,FALSE,0,FALSE
987.6787,11.498,11.236,9.324,8.711,7.23,19,17,3,1308715,76,71,78,75,101,101,98,97,20.253,20.221,22.256,22.188,1504.402,92974,0,0,234,10117,8,11,1,0,0,25,21,14,0,13,7,FALSE,0,FALSE
988.1807,11.52,11.252,9.359,8.738,7.23,19,17,3,1323397.8,78,72,85,79,101,101,98,97,20.258,20.224,22.264,22.194,1520.898,92974,0,0,234,10117,8,11,1,0,0,25,21,14,0,13,7,FALSE,0,FALSE
989.1745,11.566,11.284,9.437,8.8,7.224,19,17,3,1339013.6,79,74,91,82,101,101,98,97,20.271,20.231,22.287,22.212,1566.715,92974,0,0,317,10183,8,11,1,0,0,25,21,14,0,13,7,FALSE,0,FALSE
990.1783,11.608,11.32,9.474,8.829,7.21,19,17,3,1350284.2,80,76,79,74,102,101,99,97,20.281,20.237,22.304,22.223,1601.441,92974,0,0,317,10200,8,11,1,0,0,25,21,14,0,13,7,FALSE,0,FALSE
990.6747,11.644,11.355,9.482,8.836,7.199,19,17,3,1349254.1,85,82,74,71,102,101,99,97,20.287,20.242,22.308,22.226,1620.203,92974,0,0,250,10200,8,11,1,0,0,25,21,14,0,13,7,FALSE,0,FALSE
991.1802,11.712,11.42,9.492,8.846,7.187,19,17,3,1351425.2,94,91,73,70,102,101,99,97,20.297,20.251,22.31,22.228,1641.664,92974,0,0,250,10200,8,11,1,0,0,25,21,14,0,13,7,FALSE,0,FALSE
991.6791,11.743,11.45,9.497,8.85,7.173,19,17,3,1347417.1,80,80,70,69,102,101,99,97,20.305,20.259,22.311,22.228,1665.355,92974,0,0,250,10200,8,11,1,0,0,25,21,14,0,13,7,FALSE,0,FALSE
992.18005,11.757,11.463,9.498,8.851,7.16,19,17,3,1347103.1,72,72,67,68,102,101,99,97,20.307,20.261,22.31,22.228,1691.793,92974,0,0,184,10200,8,11,1,0,0,25,21,14,0,13,7,FALSE,0,FALSE
992.67804,11.768,11.475,9.499,8.852,7.146,19,17,3,1340307.4,72,72,68,69,102,101,99,97,20.306,20.261,22.308,22.227,1720.5,92974,0,0,184,10166,8,11,1,0,0,25,21,14,0,13,7,FALSE,0,FALSE
993.1771,11.777,11.486,9.501,8.853,7.133,19,17,3,1332539.2,70,71,68,69,102,101,99,97,20.305,20.26,22.306,22.225,1751.148,92974,0,0,183,10166,8,11,1,0,0,25,21,14,0,13,7,FALSE,0,FALSE
993.67773,11.793,11.507,9.514,8.865,7.12,19,17,3,1329707.9,72,74,70,72,102,101,99,97,20.303,20.26,22.303,22.224,1783.426,92974,0,0,166,10166,8,11,1,0,0,25,21,14,0,13,7,FALSE,0,FALSE
994.17944,11.816,11.535,9.534,8.885,7.106,19,17,3,1321064.1,73,76,73,73,102,101,99,97,20.302,20.26,22.301,22.223,1817.996,92974,30160,0,166,10166,8,11,1,0,0,25,21,14,0,13,7,FALSE,0,FALSE
994.6812,11.838,11.554,9.564,8.909,7.101,19,17,3,1341677.6,76,73,78,75,102,101,99,97,20.301,20.26,22.301,22.222,1852.754,92974,30160,0,166,10166,8,11,1,0,0,25,21,14,0,13,7,FALSE,0,FALSE
995.1771,11.896,11.599,9.659,8.985,7.1,19,17,3,1361153.2,84,78,94,86,102,101,99,97,20.305,20.261,22.307,22.226,1881.906,92974,30160,0,166,10166,8,11,1,0,0,25,21,14,0,13,7,FALSE,0,FALSE
996.18005,11.986,11.667,9.83,9.124,7.094,19,17,3,1395784.9,83,76,95,87,102,101,99,98,20.315,20.266,22.327,22.24,1938.551,92974,30160,0,167,10167,8,11,1,0,0,25,21,14,0,13,7,FALSE,0,FALSE
996.6774,12.026,11.7,9.86,9.149,7.083,19,17,3,1397236.9,81,76,80,76,102,101,99,98,20.319,20.268,22.333,22.243,1964.418,92974,30160,0,167,10167,8,11,1,0,0,25,21,14,0,13,7,FALSE,0,FALSE
997.1796,12.047,11.721,9.87,9.16,7.07,19,17,3,1394115.9,74,73,72,73,102,101,99,98,20.32,20.269,22.332,22.243,1991.852,92974,30160,0,184,10184,8,11,1,0,0,25,21,14,0,13,7,FALSE,0,FALSE
997.68024,12.081,11.763,9.924,9.231,7.062,19,17,3,1400015.1,77,81,82,90,102,101,99,98,20.32,20.27,22.332,22.245,2021.633,92974,30160,0,184,10184,8,11,1,0,0,25,21,14,0,13,7,FALSE,0,FALSE
998.1807,12.129,11.819,9.973,9.294,7.05,19,17,3,1404074.5,80,84,81,88,102,102,99,98,20.321,20.273,22.333,22.25,2051.992,92974,30160,0,217,10234,8,11,1,0,0,25,21,14,0,13,7,FALSE,0,FALSE
998.67975,12.171,11.868,10.007,9.334,7.036,19,17,3,1398447.6,78,81,76,80,102,102,99,98,20.323,20.277,22.333,22.253,2081.516,92974,30160,0,217,10300,8,11,1,0,0,25,21,14,0,13,7,FALSE,0,FALSE
999.1793,12.2,11.904,10.031,9.359,7.024,19,17,3,1395881.4,74,77,73,75,102,102,99,98,20.322,20.278,22.33,22.252,2112.664,92974,30160,0,284,10300,8,11,1,0,0,25,21,14,0,13,7,FALSE,0,FALSE
999.6763,12.219,11.928,10.044,9.371,7.01,19,17,3,1387269.1,72,75,71,72,102,102,99,98,20.319,20.277,22.326,22.249,2145.387,92974,30160,0,317,10333,8,11,1,0,0,25,21,14,0,13,7,FALSE,0,FALSE
1000.17957,12.231,11.942,10.059,9.387,6.998,19,17,3,1391466.2,72,73,75,74,102,102,99,98,20.315,20.275,22.323,22.246,2178.664,92974,30160,0,317,10366,8,11,1,0,0,25,21,14,0,13,7,FALSE,0,FALSE
1000.67975,12.254,11.966,10.084,9.417,6.997,19,17,3,1419335.5,74,73,76,75,102,102,99,98,20.316,20.276,22.326,22.25,2205.582,92974,30160,0,350,10366,8,11,1,0,0,25,21,14,0,13,7,FALSE,0,FALSE
1001.1798,12.262,11.972,10.088,9.421,6.996,19,17,3,1442922.4,70,69,72,70,102,102,99,98,20.317,20.277,22.33,22.254,2226.922,92974,30160,0,350,10483,8,11,1,0,0,25,21,14,0,13,7,FALSE,0,FALSE
1001.6771,12.271,11.978,10.098,9.432,6.996,19,17,3,1463533.9,72,68,73,72,102,102,99,98,20.317,20.277,22.333,22.257,2244.906,92974,30160,0,350,10483,8,11,1,0,0,25,21,14,0,13,7,FALSE,0,FALSE
1002.17896,12.29,11.991,10.126,9.455,6.996,19,17,3,1480326.1,76,71,82,77,102,102,99,98,20.32,20.277,22.339,22.262,2258.598,92974,30160,0,350,10483,8,11,1,0,0,25,21,14,0,13,7,FALSE,0,FALSE
1002.67633,12.302,12.001,10.166,9.482,6.996,19,17,3,1489267.2,76,71,92,82,102,102,99,98,20.324,20.279,22.348,22.269,2270.438,92974,30160,0,466,10483,8,11,1,0,0,25,21,14,0,13,7,FALSE,0,FALSE
1003.1763,12.312,12.009,10.201,9.504,6.995,19,17,3,1494771.9,75,72,96,83,102,102,100,98,20.327,20.281,22.361,22.277,2286.758,92974,30160,0,466,10483,8,11,1,0,0,25,21,14,0,13,7,FALSE,0,FALSE
1003.6792,12.321,12.016,10.209,9.511,6.991,19,17,3,1500542.6,75,71,86,78,103,102,100,98,20.33,20.282,22.372,22.283,2301.055,92974,30160,0,466,10483,8,11,1,0,0,25,21,14,0,13,7,FALSE,0,FALSE
1004.67957,12.357,12.05,10.225,9.524,6.977,19,17,3,1514236.2,81,78,76,71,103,102,100,99,20.336,20.286,22.383,22.291,2327.477,92974,30160,0,467,10483,8,11,1,0,0,25,21,14,0,13,7,FALSE,0,FALSE
1005.17676,12.375,12.07,10.228,9.527,6.967,19,17,3,1520796.4,79,79,72,69,103,102,100,99,20.34,20.289,22.385,22.292,2343.148,92974,30160,0,467,10450,8,11,1,0,0,25,21,14,0,13,7,FALSE,0,FALSE
1005.6799,12.413,12.111,10.228,9.528,6.955,19,17,3,1525848.1,85,85,69,67,103,102,100,99,20.345,20.295,22.385,22.292,2362.133,92974,30160,0,467,10450,8,11,1,0,0,25,21,14,0,13,7,FALSE,0,FALSE
1006.16815,12.439,12.14,10.229,9.528,6.942,19,17,3,1529185.8,79,79,67,67,103,102,100,99,20.351,20.301,22.384,22.291,2383.191,92974,30160,0,433,10450,8,11,1,0,0,25,21,14,0,13,7,FALSE,0,FALSE
1007.1797,12.465,12.168,10.229,9.528,6.915,19,17,3,1523600.9,72,71,67,67,103,102,100,98,20.352,20.302,22.38,22.287,2435.477,92974,30160,0,400,10400,8,11,1,0,0,25,21,14,0,13,7,FALSE,0,FALSE
1007.6779,12.476,12.179,10.229,9.528,6.902,19,17,3,1516521.5,71,70,67,67,103,102,100,98,20.35,20.3,22.377,22.285,2464.527,92974,30160,0,400,10366,8,11,1,0,0,25,21,14,0,13,7,FALSE,0,FALSE
1008.1803,12.485,12.188,10.229,9.528,6.889,19,17,3,1514140.6,70,70,68,68,103,102,100,98,20.348,20.298,22.373,22.282,2495.504,92974,30160,0,383,10350,8,11,1,0,0,25,21,14,0,13,7,FALSE,0,FALSE
1008.67554,12.493,12.197,10.229,9.528,6.875,19,17,3,1505562.5,70,70,68,68,103,102,100,98,20.345,20.296,22.369,22.279,2528.062,92974,30160,0,366,10350,8,11,1,0,0,25,21,14,0,13,7,FALSE,0,FALSE
1009.6747,12.523,12.235,10.254,9.552,6.848,19,17,3,1493693.9,72,74,72,73,103,102,100,98,20.339,20.292,22.361,22.272,2597.504,92974,30160,0,367,10334,8,11,1,0,0,25,21,14,0,13,7,FALSE,0,FALSE
1010.17773,12.556,12.276,10.295,9.594,6.838,19,17,3,1499050.8,75,78,77,80,103,102,100,98,20.337,20.291,22.358,22.271,2633.32,92974,30160,0,350,10316,8,11,1,0,0,25,21,14,0,13,7,FALSE,0,FALSE
1010.67554,12.59,12.317,10.332,9.63,6.837,19,17,3,1528237.9,76,78,77,79,103,102,100,98,20.338,20.294,22.361,22.275,2665.762,92974,30160,0,350,10333,8,11,1,0,0,25,21,14,0,13,7,FALSE,0,FALSE
1011.1793,12.607,12.338,10.349,9.647,6.836,19,17,3,1553174.4,73,75,74,76,103,102,100,98,20.339,20.298,22.365,22.281,2690.094,92974,30160,0,367,10333,8,11,1,0,0,25,21,14,0,13,7,FALSE,0,FALSE
1011.67773,12.618,12.352,10.361,9.659,6.835,19,17,3,1574366.9,71,74,73,75,103,102,100,98,20.341,20.301,22.368,22.286,2708.926,92974,30160,0,367,10333,8,11,1,0,0,25,21,14,0,13,7,FALSE,0,FALSE
1012.1772,12.628,12.365,10.375,9.674,6.835,19,17,3,1592152.4,71,74,74,77,103,102,100,99,20.342,20.304,22.372,22.292,2724.5,92974,30160,0,367,10383,8,11,1,0,0,25,21,14,0,13,7,FALSE,0,FALSE
1012.6748,12.643,12.383,10.398,9.705,6.835,19,17,3,1605707.4,74,77,79,86,103,102,100,99,20.344,20.309,22.378,22.299,2735.836,92974,30160,0,367,10383,8,11,1,0,0,25,21,14,0,13,7,FALSE,0,FALSE
1013.17957,12.65,12.39,10.414,9.735,6.833,19,17,3,1612040,73,75,80,92,103,102,100,99,20.347,20.313,22.384,22.311,2746.195,92974,30160,0,433,10383,8,11,1,0,0,25,21,14,0,13,7,FALSE,0,FALSE
1013.679,12.66,12.4,10.422,9.745,6.829,19,17,3,1617150.9,73,76,77,86,103,102,100,99,20.349,20.317,22.39,22.321,2766.293,92974,30160,0,433,10383,8,11,1,0,0,25,21,14,0,13,7,FALSE,0,FALSE
1014.1786,12.686,12.429,10.427,9.751,6.823,19,17,3,1622927.4,81,84,73,79,103,102,100,99,20.353,20.322,22.393,22.329,2776.902,92974,30160,0,433,10450,8,11,1,0,0,25,21,14,0,13,7,FALSE,0,FALSE
1014.67487,12.728,12.472,10.431,9.756,6.816,19,17,3,1630155.2,90,93,71,75,103,103,100,99,20.362,20.333,22.396,22.334,2789.617,92974,30160,0,433,10450,8,11,1,0,0,25,21,14,0,13,7,FALSE,0,FALSE
1015.17883,12.752,12.493,10.432,9.757,6.806,19,17,3,1634302.8,85,85,68,71,103,103,100,99,20.371,20.342,22.397,22.337,2804.852,92974,30160,0,483,10450,8,11,1,0,0,25,21,14,0,13,7,FALSE,0,FALSE
1015.6799,12.804,12.545,10.432,9.757,6.793,19,17,3,1638460,94,94,67,68,103,103,100,99,20.379,20.351,22.396,22.337,2822.777,92974,30160,0,483,10450,8,11,1,0,0,25,21,14,0,13,7,FALSE,0,FALSE
1016.17883,12.834,12.574,10.432,9.757,6.781,19,17,3,1642075.6,81,81,66,67,104,103,100,99,20.388,20.36,22.395,22.337,2843.473,92974,30160,0,483,10450,8,11,1,0,0,25,21,14,0,13,7,FALSE,0,FALSE
1016.67816,12.855,12.594,10.432,9.757,6.768,19,17,3,1637554,75,75,67,67,104,103,100,99,20.391,20.363,22.393,22.336,2867.066,92974,30160,0,466,10433,8,11,1,0,0,25,21,14,0,13,7,FALSE,0,FALSE
1017.17816,12.868,12.608,10.432,9.757,6.755,19,17,3,1637290.6,72,72,67,67,104,103,100,99,20.391,20.363,22.391,22.334,2893.316,92974,30160,0,466,10433,8,11,1,0,0,25,21,14,0,13,7,FALSE,0,FALSE
1017.6772,12.88,12.619,10.432,9.757,6.741,19,17,3,1630430.8,70,70,68,68,104,103,100,99,20.39,20.362,22.389,22.332,2921.906,92974,30160,0,450,10400,8,11,1,0,0,25,21,14,0,13,7,FALSE,0,FALSE
1018.6727,12.899,12.64,10.435,9.759,6.714,19,17,3,1619549.5,70,71,69,69,104,103,100,99,20.385,20.358,22.382,22.327,2985.152,92974,30160,0,433,10383,8,11,1,0,0,25,21,14,0,13,7,FALSE,0,FALSE
1019.17633,12.911,12.652,10.438,9.762,6.701,19,17,3,1610905.8,70,70,69,69,104,103,100,99,20.382,20.355,22.379,22.324,3019.402,92974,30160,0,417,10383,8,11,1,0,0,25,21,14,0,13,7,FALSE,0,FALSE
1019.67914,12.92,12.66,10.438,9.762,6.687,19,17,3,1602262,69,69,69,69,103,103,100,99,20.378,20.352,22.375,22.32,3055.191,92974,30160,0,417,10367,8,11,1,0,0,25,21,14,0,13,7,FALSE,0,FALSE
1020.1787,12.927,12.667,10.438,9.762,6.674,19,17,3,1599230.9,70,69,69,69,103,103,100,99,20.374,20.348,22.37,22.315,3092.203,92974,30160,0,417,10367,8,11,1,0,0,25,21,14,0,13,7,FALSE,0,FALSE
1020.67865,12.935,12.674,10.438,9.762,6.66,19,17,3,1590587.1,69,69,69,69,103,103,100,99,20.37,20.344,22.365,22.31,3130.445,92974,30160,0,383,10367,8,11,1,0,0,25,21,14,0,13,7,FALSE,0,FALSE
1022.1802,12.956,12.694,10.438,9.763,6.62,19,17,3,1570149.5,70,69,69,69,103,103,99,99,20.354,20.329,22.346,22.293,3251.312,92974,30160,0,350,10283,8,11,1,0,0,25,21,14,0,13,7,FALSE,0,FALSE
1022.6767,12.962,12.701,10.438,9.763,6.606,19,17,3,1561505.8,69,70,69,69,103,102,99,98,20.348,20.323,22.339,22.286,3293.223,92974,30160,0,300,10250,8,11,1,0,0,25,21,14,0,13,7,FALSE,0,FALSE
1023.17395,12.968,12.707,10.438,9.763,6.592,19,17,3,1552862,70,69,69,69,103,102,99,98,20.342,20.317,22.332,22.279,3335.895,92974,30160,0,283,10216,8,11,1,0,0,25,21,14,0,13,7,FALSE,0,FALSE
1023.678,12.987,12.725,10.463,9.788,6.585,19,17,3,1574930,73,73,75,75,103,102,99,98,20.337,20.313,22.328,22.276,3376.676,92974,30160,0,283,10216,8,11,1,0,0,25,21,14,0,13,7,FALSE,0,FALSE
1024.1777,13.009,12.748,10.488,9.812,6.583,19,17,3,1605827,72,73,74,74,103,102,99,98,20.338,20.314,22.333,22.281,3408.754,92974,30160,0,250,10200,8,11,1,0,0,25,21,14,0,13,7,FALSE,0,FALSE
1025.1757,13.074,12.83,10.583,9.931,6.579,19,17,3,1642311.1,78,83,86,95,103,102,99,99,20.345,20.325,22.349,22.301,3455.391,92974,30160,0,283,10216,8,11,1,0,0,25,21,14,0,13,7,FALSE,0,FALSE
1027.176,13.224,13.017,10.744,10.133,6.541,19,17,3,1668950,81,88,80,86,103,103,100,99,20.365,20.357,22.378,22.345,3551.148,92974,30160,0,316,10216,8,11,1,0,0,25,21,14,0,13,7,FALSE,0,FALSE
1028.179,13.307,13.113,10.799,10.193,6.515,19,17,3,1668419.9,81,86,78,81,103,103,100,100,20.372,20.369,22.384,22.354,3601.988,92974,30160,0,283,10216,8,11,1,0,0,25,21,14,0,13,7,FALSE,0,FALSE
1028.6772,13.351,13.165,10.828,10.225,6.501,19,17,3,1661477.8,78,83,76,78,103,103,100,100,20.375,20.375,22.386,22.358,3630.293,92974,30160,0,317,10233,8,11,1,0,0,25,21,14,0,13,7,FALSE,0,FALSE
1029.6774,13.388,13.21,10.852,10.247,6.475,19,17,3,1650893.5,70,73,70,68,103,103,100,100,20.374,20.378,22.384,22.357,3693.77,92974,30160,0,317,10233,8,11,1,0,0,25,21,14,0,13,7,FALSE,0,FALSE
1030.1764,13.4,13.22,10.855,10.25,6.461,19,17,3,1642249.8,72,71,70,69,103,103,100,100,20.371,20.375,22.381,22.354,3727.52,92974,30160,0,317,10217,8,11,1,0,0,25,21,14,0,13,7,FALSE,0,FALSE
1030.6774,13.424,13.239,10.874,10.269,6.447,19,17,3,1633606,75,73,75,72,103,103,100,100,20.369,20.372,22.378,22.35,3761.883,92974,30160,0,317,10217,8,11,1,0,0,25,21,14,0,13,7,FALSE,0,FALSE
1031.1752,13.484,13.288,10.954,10.342,6.434,19,17,3,1630376,86,81,91,86,103,103,100,99,20.369,20.371,22.379,22.35,3797.574,92974,30160,0,333,10233,8,11,1,0,0,25,21,14,0,13,7,FALSE,0,FALSE
1031.6781,13.568,13.358,11.062,10.436,6.421,19,17,3,1621732.2,86,81,92,86,103,103,100,100,20.373,20.373,22.384,22.352,3834.145,92974,30160,0,317,10217,8,11,1,0,0,25,21,14,0,13,7,FALSE,0,FALSE
1032.1786,13.644,13.421,11.171,10.531,6.407,19,17,3,1613088.5,86,81,93,87,103,103,100,100,20.376,20.373,22.388,22.354,3871.262,92974,30160,0,316,10217,8,11,1,0,0,25,21,14,0,13,7,FALSE,0,FALSE
1032.6782,13.717,13.483,11.267,10.614,6.394,19,17,3,1604444.8,85,80,90,85,103,103,100,100,20.379,20.373,22.391,22.355,3908.379,92974,30160,0,316,10200,8,11,1,0,0,25,21,14,0,13,7,FALSE,0,FALSE
1033.1777,13.778,13.534,11.33,10.672,6.38,19,17,3,1595801,82,78,83,79,103,103,100,100,20.38,20.372,22.392,22.354,3945.07,92974,30160,0,317,10217,8,11,1,0,0,25,21,14,0,13,7,FALSE,0,FALSE
1033.6765,13.818,13.566,11.363,10.704,6.366,19,17,3,1587157.2,77,74,76,73,103,103,100,100,20.378,20.369,22.389,22.35,3981.391,92974,30160,0,317,10217,8,11,1,0,0,25,21,14,0,13,7,FALSE,0,FALSE
1034.178,13.83,13.575,11.367,10.709,6.352,19,17,3,1583069.2,71,71,71,70,103,103,100,99,20.373,20.364,22.383,22.344,4018.898,92974,30160,40019,317,10200,8,11,1,0,0,25,21,14,0,13,7,FALSE,0,FALSE
1034.6759,13.846,13.59,11.384,10.727,6.351,19,17,3,1615084,71,70,72,71,103,103,100,99,20.37,20.36,22.382,22.343,4051.945,92974,30160,40019,317,10217,8,11,1,0,0,25,21,14,0,13,7,FALSE,0,FALSE
1035.1785,13.871,13.608,11.415,10.756,6.35,19,17,3,1643823.1,77,73,81,77,103,103,100,99,20.37,20.359,22.384,22.345,4078.832,92974,30160,40019,317,10233,8,11,1,0,0,25,21,14,0,13,7,FALSE,0,FALSE
1035.6787,13.922,13.648,11.49,10.815,6.35,19,17,3,1667062.9,86,80,96,87,103,103,100,100,20.375,20.362,22.393,22.351,4100.992,92974,30160,40019,350,10233,8,11,1,0,0,25,21,14,0,13,7,FALSE,0,FALSE
1036.1772,13.954,13.672,11.56,10.868,6.35,19,17,3,1684461,82,77,102,90,104,103,100,100,20.382,20.365,22.407,22.361,4120.027,92974,30160,40019,350,10233,8,11,1,0,0,25,21,14,0,13,7,FALSE,0,FALSE
1036.6768,13.974,13.689,11.612,10.905,6.345,19,17,3,1691194.5,80,75,99,87,104,103,101,100,20.386,20.367,22.42,22.37,4138.469,92974,30160,40019,350,10233,8,11,1,0,0,25,21,14,0,13,7,FALSE,0,FALSE
1037.1764,14.001,13.712,11.648,10.931,6.337,19,17,3,1697590.1,81,78,92,81,104,103,101,100,20.39,20.37,22.431,22.376,4160.391,92974,30160,40019,350,10233,8,11,1,0,0,25,21,14,0,13,7,FALSE,0,FALSE
1037.6777,14.035,13.743,11.664,10.944,6.327,19,17,3,1703619.4,83,80,81,75,104,103,101,100,20.395,20.373,22.438,22.379,4180.922,92974,30160,40019,350,10233,8,11,1,0,0,25,21,14,0,13,7,FALSE,0,FALSE
1038.1798,14.065,13.773,11.677,10.955,6.314,19,17,3,1701082.4,83,81,77,73,104,103,101,100,20.399,20.376,22.44,22.38,4202.691,92974,30160,40019,484,10233,8,11,1,0,0,25,21,14,0,13,7,FALSE,0,FALSE
1038.6774,14.133,13.834,11.685,10.963,6.301,19,17,3,1698591.4,88,85,72,70,104,104,101,100,20.406,20.382,22.441,22.38,4226.824,92974,30160,40019,484,10350,8,11,1,0,0,25,21,14,0,13,7,FALSE,0,FALSE
1039.6774,14.162,13.863,11.689,10.967,6.274,19,17,3,1691028,72,71,68,68,104,104,101,100,20.408,20.382,22.437,22.375,4282.676,92974,30160,40019,467,10350,8,11,1,0,0,25,21,14,0,13,7,FALSE,0,FALSE
1040.1782,14.17,13.872,11.689,10.967,6.261,19,17,3,1688517.8,71,71,69,68,104,103,101,100,20.405,20.38,22.433,22.372,4313.652,92974,30160,40019,483,10333,8,11,1,0,0,25,21,14,0,13,7,FALSE,0,FALSE
1040.678,14.178,13.88,11.689,10.967,6.248,19,17,3,1679943.9,71,71,69,69,104,103,101,100,20.402,20.377,22.429,22.368,4346.285,92974,30160,40019,483,10333,8,11,1,0,0,25,21,14,0,13,7,FALSE,0,FALSE
1041.177,14.186,13.888,11.689,10.967,6.234,19,17,3,1671300.1,70,70,69,68,104,103,101,100,20.398,20.373,22.424,22.364,4380.492,92974,30160,40019,467,10334,8,11,1,0,0,25,21,14,0,13,7,FALSE,0,FALSE
1041.6782,14.194,13.896,11.689,10.967,6.22,19,17,3,1662656.4,70,70,69,68,104,103,101,100,20.394,20.369,22.419,22.359,4416.07,92974,30160,40019,467,10334,8,11,1,0,0,25,21,14,0,13,7,FALSE,0,FALSE
1042.1791,14.201,13.903,11.689,10.967,6.207,19,17,3,1659553.6,70,70,69,69,104,103,101,100,20.389,20.365,22.414,22.354,4452.703,92974,30160,40019,467,10300,8,11,1,0,0,25,21,14,0,13,7,FALSE,0,FALSE
1042.6759,14.208,13.91,11.689,10.967,6.193,19,17,3,1650909.9,71,71,69,69,104,103,100,99,20.384,20.36,22.407,22.348,4490.43,92974,30160,40019,450,10300,8,11,1,0,0,25,21,14,0,13,7,FALSE,0,FALSE
1043.1769,14.215,13.917,11.689,10.967,6.179,19,17,3,1642266.1,71,71,69,69,103,103,100,99,20.379,20.355,22.401,22.342,4529.16,92974,30160,40019,467,10300,8,11,1,0,0,25,21,14,0,13,7,FALSE,0,FALSE
1043.6764,14.222,13.924,11.689,10.967,6.166,19,17,3,1633622.4,71,71,69,69,103,103,100,99,20.374,20.35,22.394,22.335,4568.793,92974,30160,40019,433,10300,8,11,1,0,0,25,21,14,0,13,7,FALSE,0,FALSE
1044.1786,14.228,13.93,11.689,10.967,6.152,19,17,3,1624978.6,72,71,70,70,103,103,100,99,20.368,20.344,22.387,22.329,4609.23,92974,30160,40019,433,10283,8,11,1,0,0,25,21,14,0,13,7,FALSE,0,FALSE
1044.6766,14.234,13.937,11.689,10.967,6.139,19,17,3,1621821.2,72,72,70,70,103,103,100,99,20.362,20.338,22.38,22.322,4650.266,92974,30160,40019,434,10284,8,11,1,0,0,25,21,14,0,13,7,FALSE,0,FALSE
1045.1727,14.241,13.943,11.689,10.967,6.125,19,17,3,1613177.5,72,72,70,70,103,103,100,99,20.356,20.333,22.372,22.314,4691.867,92974,30160,40019,433,10284,8,11,1,0,0,25,21,14,0,13,7,FALSE,0,FALSE
1045.6737,14.247,13.949,11.689,10.967,6.112,19,17,3,1604533.8,72,72,70,70,103,102,100,99,20.35,20.326,22.364,22.306,4734.008,92974,30160,40019,400,10266,8,11,1,0,0,25,21,14,0,13,7,FALSE,0,FALSE
1046.1749,14.253,13.956,11.689,10.967,6.098,19,17,3,1595890,72,72,70,70,103,102,100,99,20.343,20.32,22.355,22.298,4776.625,92974,30160,40019,400,10234,8,11,1,0,0,25,21,14,0,13,7,FALSE,0,FALSE
1046.6753,14.265,13.97,11.703,10.98,6.087,19,17,3,1603341.6,73,73,74,74,103,102,99,99,20.337,20.314,22.348,22.292,4818.992,92974,30160,40019,384,10234,8,11,1,0,0,25,21,14,0,13,7,FALSE,0,FALSE
1047.175,14.29,13.994,11.732,11.01,6.085,19,17,3,1636295.1,72,72,74,74,103,102,100,99,20.335,20.313,22.351,22.294,4853.773,92974,30160,40019,367,10217,8,11,1,0,0,25,21,14,0,13,7,FALSE,0,FALSE
1047.6775,14.302,14.006,11.74,11.018,6.084,19,17,3,1663915.1,71,70,71,71,103,102,100,99,20.336,20.313,22.355,22.299,4881.266,92974,30160,40019,367,10217,8,11,1,0,0,25,21,14,0,13,7,FALSE,0,FALSE
1049.1742,14.362,14.052,11.859,11.107,6.081,19,17,3,1712294.4,78,73,96,84,103,102,100,99,20.346,20.318,22.38,22.318,4940.125,92974,30160,40019,433,10300,8,11,1,0,0,25,21,14,0,13,7,FALSE,0,FALSE
1049.6774,14.381,14.067,11.9,11.134,6.076,19,17,3,1720096.6,79,75,93,82,103,102,100,99,20.35,20.321,22.393,22.327,4962.043,92974,30160,40019,466,10300,8,11,1,0,0,25,21,14,0,13,7,FALSE,0,FALSE
1050.1749,14.408,14.091,11.916,11.147,6.067,19,17,3,1727986.8,81,77,83,75,103,102,100,99,20.354,20.324,22.402,22.332,4979.371,92974,30160,40019,466,10300,8,11,1,0,0,25,21,14,0,13,7,FALSE,0,FALSE
1050.6724,14.431,14.112,11.924,11.154,6.056,19,17,3,1735921.5,78,76,75,71,103,103,100,99,20.359,20.328,22.407,22.335,4999.129,92974,30160,40019,466,10267,8,11,1,0,0,25,21,14,0,13,7,FALSE,0,FALSE
1051.1755,14.464,14.147,11.932,11.162,6.043,19,17,3,1739876.2,83,82,73,70,103,103,100,99,20.363,20.331,22.409,22.336,5020.684,92974,30160,40019,434,10267,8,11,1,0,0,25,21,14,0,13,7,FALSE,0,FALSE
1051.6711,14.497,14.179,11.937,11.167,6.029,19,17,3,1735044,78,76,71,69,103,103,101,99,20.368,20.336,22.41,22.336,5044.504,92974,30160,40019,434,10267,8,11,1,0,0,25,21,14,0,13,7,FALSE,0,FALSE
1052.1708,14.514,14.194,11.941,11.172,6.017,19,17,3,1734368.8,74,72,70,69,103,103,100,99,20.37,20.336,22.41,22.336,5071.207,92974,30160,40019,450,10267,8,11,1,0,0,25,21,14,0,13,7,FALSE,0,FALSE
1052.6759,14.525,14.204,11.942,11.172,6.003,19,17,3,1727172.8,71,71,68,68,103,103,100,99,20.369,20.336,22.408,22.334,5100.598,92974,30160,40019,450,10250,8,11,1,0,0,25,21,14,0,13,7,FALSE,0,FALSE
1053.1722,14.534,14.213,11.942,11.172,5.99,19,17,3,1724574.6,71,70,68,69,103,103,100,99,20.367,20.334,22.406,22.332,5131.867,92974,30160,40019,450,10250,8,11,1,0,0,25,21,14,0,13,7,FALSE,0,FALSE
1053.6738,14.542,14.221,11.942,11.172,5.976,19,17,3,1715951.1,71,71,69,69,103,103,100,99,20.365,20.332,22.403,22.33,5164.797,92974,30160,40019,467,10250,8,11,1,0,0,25,21,14,0,13,7,FALSE,0,FALSE
1054.1779,14.55,14.229,11.942,11.172,5.963,19,17,3,1707307.4,71,71,69,69,103,103,100,99,20.363,20.329,22.399,22.327,5199.301,92974,30160,40019,467,10267,8,11,1,0,0,25,21,14,0,13,7,FALSE,0,FALSE
1054.6754,14.557,14.236,11.942,11.172,5.95,19,17,3,1704106.9,71,71,69,69,103,102,100,99,20.36,20.326,22.395,22.323,5235.102,92974,30160,40019,450,10250,8,11,1,0,0,25,21,14,0,13,7,FALSE,0,FALSE
1055.1749,14.564,14.243,11.942,11.172,5.936,19,17,3,1695463.1,71,71,69,69,103,102,100,99,20.356,20.323,22.391,22.319,5272.008,92974,30160,40019,450,10250,8,11,1,0,0,25,21,14,0,13,7,FALSE,0,FALSE
1055.6724,14.571,14.25,11.942,11.172,5.922,19,17,3,1686819.4,71,71,69,69,103,102,100,99,20.352,20.319,22.385,22.315,5309.977,92974,30160,40019,450,10250,8,11,1,0,0,25,21,14,0,13,7,FALSE,0,FALSE
1056.173,14.578,14.257,11.942,11.172,5.908,19,17,3,1678175.6,70,69,69,69,103,102,100,99,20.348,20.315,22.38,22.309,5348.957,92974,30160,40019,433,10250,8,11,1,0,0,25,21,14,0,13,7,FALSE,0,FALSE
1056.6732,14.585,14.264,11.942,11.172,5.895,19,17,3,1669531.9,69,69,69,69,103,102,100,99,20.343,20.31,22.374,22.304,5388.926,92974,30160,40019,433,10250,8,11,1,0,0,25,21,14,0,13,7,FALSE,0,FALSE
1057.171,14.591,14.27,11.942,11.172,5.882,19,17,4,1666315.8,69,69,70,69,103,102,100,99,20.337,20.305,22.367,22.298,20.844,93096,0,0,433,10250,8,12,1,0,0,25,21,14,0,13,7,FALSE,0,FALSE
1057.6731,14.598,14.277,11.942,11.172,5.868,19,17,4,1657672,70,69,70,69,103,102,100,99,20.331,20.299,22.361,22.291,62.484,93096,0,0,400,10200,8,12,1,0,0,25,21,14,0,13,7,FALSE,0,FALSE
1058.6737,14.61,14.289,11.942,11.172,5.84,19,17,4,1640384.5,70,69,69,69,102,102,99,98,20.318,20.286,22.345,22.277,147.895,93096,0,0,367,10200,8,12,1,0,0,25,21,14,0,13,7,FALSE,0,FALSE
1059.1744,14.617,14.295,11.942,11.172,5.826,19,17,4,1631740.8,70,70,70,70,102,102,99,98,20.311,20.279,22.337,22.269,191.598,93096,0,0,317,10200,8,12,1,0,0,25,21,14,0,13,7,FALSE,0,FALSE
1059.6765,14.623,14.302,11.942,11.172,5.813,19,17,4,1623097,70,70,70,70,102,101,99,98,20.303,20.272,22.329,22.261,235.875,93096,0,0,317,10083,8,12,1,0,0,25,21,14,0,13,7,FALSE,0,FALSE
1060.1722,14.629,14.308,11.942,11.172,5.799,19,17,4,1614453.4,70,70,70,70,102,101,99,98,20.296,20.265,22.32,22.253,280.652,93096,0,0,300,10083,8,12,1,0,0,25,21,14,0,13,7,FALSE,0,FALSE
1060.6755,14.635,14.314,11.942,11.172,5.785,19,17,4,1605977.1,70,70,70,70,102,101,99,98,20.288,20.257,22.311,22.244,325.895,93096,0,0,283,10083,8,12,1,0,0,25,21,14,0,13,7,FALSE,0,FALSE
1061.1747,14.641,14.32,11.942,11.172,5.771,19,17,4,1597792.1,69,69,69,69,102,101,99,98,20.28,20.249,22.302,22.235,371.555,93096,0,0,267,10050,8,12,1,0,0,25,21,14,0,13,7,FALSE,0,FALSE
1061.6758,14.647,14.326,11.942,11.172,5.758,19,17,4,1589845.5,70,70,70,70,101,101,99,97,20.271,20.241,22.293,22.226,417.562,93096,0,0,216,10050,8,12,1,0,0,25,21,14,0,13,7,FALSE,0,FALSE
1062.6738,14.658,14.337,11.942,11.172,5.73,19,17,4,1574536.2,70,70,70,70,101,101,98,97,20.254,20.224,22.273,22.208,510.418,93096,0,0,200,9984,8,12,1,0,0,25,21,14,0,13,7,FALSE,0,FALSE
1063.1703,14.664,14.343,11.942,11.172,5.716,19,17,4,1567106,70,70,70,70,101,100,98,97,20.244,20.215,22.263,22.198,557.164,93096,0,0,167,9984,8,12,1,0,0,25,21,14,0,13,7,FALSE,0,FALSE
1063.6726,14.684,14.362,11.967,11.197,5.709,19,17,4,1589421.8,73,74,76,75,101,100,98,97,20.238,20.209,22.258,22.193,601.82,93096,0,0,133,9933,8,12,1,0,0,25,21,14,0,13,7,FALSE,0,FALSE
1064.1771,14.701,14.378,11.982,11.214,5.709,19,17,4,1623951.9,70,70,71,70,101,100,98,97,20.237,20.209,22.262,22.197,637.812,93096,0,0,117,9850,8,12,1,0,0,25,21,14,0,13,7,FALSE,0,FALSE
1064.6748,14.712,14.389,11.989,11.22,5.707,19,17,4,1652889,70,70,70,70,101,100,98,97,20.238,20.21,22.266,22.201,667.398,93096,0,0,117,9850,8,12,1,0,0,25,21,14,0,13,7,FALSE,0,FALSE
1065.6769,14.729,14.405,12,11.232,5.706,19,17,4,1699238.4,69,68,71,69,101,100,98,97,20.241,20.213,22.274,22.21,709.867,93096,0,0,200,10000,8,12,1,0,0,25,21,14,0,13,7,FALSE,0,FALSE
1066.1738,14.742,14.415,12.021,11.249,5.706,19,17,4,1716337.9,73,70,78,73,101,100,98,97,20.244,20.215,22.28,22.215,724.297,93096,0,0,200,10000,8,12,1,0,0,25,21,14,0,13,7,FALSE,0,FALSE
1066.672,14.756,14.425,12.054,11.274,5.706,19,17,4,1729188.1,74,71,87,79,101,100,98,97,20.249,20.218,22.289,22.222,735.852,93096,0,0,200,10000,8,12,1,0,0,25,21,14,0,13,7,FALSE,0,FALSE
1067.1747,14.763,14.431,12.083,11.295,5.705,19,17,4,1736526.1,74,70,91,82,101,101,99,98,20.253,20.221,22.302,22.231,749.926,93096,0,0,267,10000,8,12,1,0,0,25,21,14,0,13,7,FALSE,0,FALSE
1067.6718,14.773,14.441,12.105,11.308,5.702,19,17,4,1741293.2,74,72,92,80,101,101,99,98,20.257,20.224,22.314,22.24,760.637,93096,0,0,267,10000,8,12,1,0,0,25,21,14,0,13,7,FALSE,0,FALSE
1068.1729,14.794,14.461,12.115,11.315,5.697,19,17,4,1746191.6,80,78,85,76,101,101,99,98,20.262,20.228,22.325,22.247,770.656,93096,0,0,267,9916,8,12,1,0,0,25,21,14,0,13,7,FALSE,0,FALSE
1068.6729,14.812,14.478,12.116,11.316,5.691,19,17,4,1751472.8,79,77,76,71,101,101,99,98,20.27,20.235,22.332,22.252,782.496,93096,0,0,267,9916,8,12,1,0,0,25,21,14,0,13,7,FALSE,0,FALSE
1069.673,14.845,14.516,12.122,11.324,5.673,19,17,4,1762396.9,77,77,69,71,102,101,99,98,20.28,20.246,22.338,22.257,813.438,93096,0,0,400,9916,8,12,1,0,0,25,21,14,0,13,7,FALSE,0,FALSE
1070.1727,14.868,14.541,12.133,11.338,5.664,19,17,4,1766261.2,77,79,70,74,102,101,99,98,20.285,20.251,22.339,22.26,831.82,93096,0,0,400,9867,8,12,1,0,0,25,21,14,0,13,7,FALSE,0,FALSE
1070.6759,14.893,14.568,12.146,11.353,5.654,19,17,4,1772701.9,80,82,73,76,102,101,99,98,20.289,20.256,22.341,22.263,860,93096,0,0,250,9867,8,12,1,0,0,25,21,14,0,13,7,FALSE,0,FALSE
1071.1735,14.918,14.597,12.159,11.366,5.643,19,17,4,1776851,76,80,72,74,102,101,99,98,20.293,20.262,22.342,22.267,880.801,93096,0,0,250,9850,8,12,1,0,0,25,21,14,0,13,7,FALSE,0,FALSE
1071.6747,14.976,14.659,12.173,11.38,5.629,19,17,4,1773747.9,86,91,72,74,102,101,99,98,20.298,20.27,22.343,22.268,904.617,93096,0,0,250,9850,8,12,1,0,0,25,21,14,0,13,7,FALSE,0,FALSE
1072.1759,15.016,14.702,12.18,11.388,5.616,19,17,4,1773842.4,80,79,71,70,102,102,99,98,20.305,20.278,22.343,22.269,930.938,93096,0,0,183,9850,8,12,1,0,0,25,21,14,0,13,7,FALSE,0,FALSE
1072.6735,15.031,14.718,12.183,11.391,5.603,19,17,4,1767194.4,73,73,70,68,102,102,99,98,20.307,20.279,22.342,22.268,960.746,93096,0,0,183,9750,8,12,1,0,0,25,21,14,0,13,7,FALSE,0,FALSE
1073.1746,15.053,14.736,12.197,11.404,5.59,19,17,4,1765085.5,75,72,73,71,102,102,99,98,20.307,20.279,22.341,22.267,991.406,93096,0,0,167,9750,8,12,1,0,0,25,21,14,0,13,7,FALSE,0,FALSE
1073.6694,15.076,14.755,12.207,11.415,5.576,19,17,4,1756865.2,73,71,71,69,102,102,99,98,20.308,20.278,22.339,22.265,1022.781,93096,0,0,167,9750,8,12,1,0,0,25,21,14,0,13,7,FALSE,0,FALSE
1074.1721,15.086,14.764,12.208,11.416,5.562,19,17,4,1748223.1,69,69,68,68,102,102,99,98,20.306,20.276,22.336,22.262,1056.027,93096,0,0,167,9683,8,12,1,0,0,25,21,14,0,13,7,FALSE,0,FALSE
1074.673,15.094,14.773,12.208,11.416,5.549,19,17,4,1739579.4,69,69,68,68,102,102,99,98,20.303,20.273,22.332,22.258,1090.898,93096,0,0,150,9683,8,12,1,0,0,25,21,14,0,13,7,FALSE,0,FALSE
1075.1724,15.102,14.78,12.208,11.416,5.536,19,17,4,1736667.5,70,70,70,69,102,101,99,98,20.299,20.27,22.327,22.254,1127.07,93096,0,0,150,9683,8,12,1,0,0,25,21,14,0,13,7,FALSE,0,FALSE
1075.6707,15.113,14.789,12.209,11.418,5.522,19,17,4,1728023.8,71,71,70,69,102,101,99,98,20.296,20.267,22.323,22.25,1164.207,93096,0,0,150,9683,8,12,1,0,0,25,21,14,0,13,7,FALSE,0,FALSE
1076.1748,15.121,14.797,12.209,11.418,5.508,19,17,4,1719380,70,70,69,69,102,101,99,98,20.293,20.264,22.317,22.245,1202.297,93096,0,0,133,9667,8,12,1,0,0,25,21,14,0,13,7,FALSE,0,FALSE
1077.1733,15.135,14.811,12.209,11.418,5.481,19,17,4,1707478.1,70,69,70,69,102,101,99,98,20.284,20.255,22.305,22.234,1281.371,93096,0,0,100,9683,8,12,1,0,0,25,21,14,0,13,7,FALSE,0,FALSE
1077.6754,15.143,14.818,12.209,11.418,5.468,19,17,4,1698834.4,70,70,70,69,102,101,99,97,20.278,20.25,22.299,22.228,1321.973,93096,0,0,100,9683,8,12,1,0,0,25,21,14,0,13,7,FALSE,0,FALSE
1078.1755,15.15,14.825,12.209,11.418,5.454,19,17,4,1690190.6,70,70,70,69,102,101,99,97,20.273,20.245,22.292,22.221,1363.25,93096,0,0,67,9667,8,12,1,0,0,25,21,14,0,13,7,FALSE,0,FALSE
1078.6737,15.157,14.832,12.21,11.418,5.44,19,17,4,1681546.9,70,70,70,70,101,101,98,97,20.267,20.239,22.285,22.214,1405.152,93096,0,0,66,9666,8,12,1,0,0,25,21,14,0,13,7,FALSE,0,FALSE
1079.1776,15.182,14.854,12.248,11.448,5.435,19,17,4,1710218.4,74,73,78,75,101,101,98,97,20.265,20.237,22.284,22.213,1443.531,93096,0,0,66,9666,8,12,1,0,0,25,21,14,0,13,7,FALSE,0,FALSE
1079.6759,15.199,14.869,12.271,11.462,5.434,19,17,4,1739875.8,72,70,73,72,101,101,98,97,20.266,20.238,22.289,22.218,1473.449,93096,0,0,34,9683,8,12,1,0,0,25,21,14,0,13,7,FALSE,0,FALSE
1080.1764,15.213,14.88,12.285,11.476,5.433,19,17,4,1766081.1,73,70,75,73,101,101,99,97,20.268,20.239,22.294,22.223,1498.082,93096,0,0,34,9683,8,12,1,0,0,25,21,14,0,13,7,FALSE,0,FALSE
1080.6749,15.247,14.906,12.342,11.522,5.433,19,17,4,1788769,82,76,92,85,101,101,99,97,20.273,20.242,22.303,22.23,1517.129,93096,0,0,66,9683,7,12,1,0,0,25,21,14,0,13,7,FALSE,0,FALSE
1081.176,15.272,14.923,12.392,11.568,5.433,19,17,4,1806234.1,81,75,96,89,102,101,99,98,20.28,20.246,22.316,22.241,1537.234,93096,0,0,66,9683,8,12,1,0,0,25,21,14,0,13,7,FALSE,0,FALSE
1081.6719,15.288,14.935,12.439,11.605,5.429,19,17,4,1812349,78,73,98,89,102,101,99,98,20.287,20.25,22.33,22.253,1558.312,93096,0,0,66,9616,8,12,1,0,0,25,21,14,0,13,7,FALSE,0,FALSE
1082.1747,15.334,14.978,12.47,11.626,5.422,19,17,4,1817828.5,92,87,92,83,102,101,99,98,20.294,20.255,22.343,22.262,1574.316,93096,0,0,16,9616,8,12,1,0,0,25,21,14,0,13,7,FALSE,0,FALSE
1082.6694,15.422,15.051,12.492,11.643,5.417,19,17,4,1824455.2,109,101,87,79,102,101,100,98,20.311,20.269,22.352,22.269,1589.609,93096,0,0,16,9683,7,12,1,0,0,25,21,14,0,13,7,FALSE,0,FALSE
1083.1743,15.453,15.076,12.51,11.658,5.411,19,17,4,1830181.6,91,85,82,76,103,102,100,98,20.327,20.282,22.36,22.274,1604.059,93096,0,0,16,9683,8,12,1,0,0,25,21,14,0,13,7,FALSE,0,FALSE
1083.6729,15.482,15.103,12.519,11.666,5.402,19,17,4,1833204,86,82,76,72,103,102,100,98,20.336,20.288,22.365,22.278,1621.41,93096,0,0,16,9683,8,12,1,0,0,25,21,14,0,13,7,FALSE,0,FALSE
1084.1755,15.496,15.115,12.52,11.667,5.39,19,17,4,1830391.8,77,75,71,69,103,102,100,98,20.341,20.292,22.367,22.279,1641.555,93096,0,0,33,9733,8,12,1,0,0,25,21,14,0,13,7,FALSE,0,FALSE
1084.6715,15.519,15.138,12.521,11.667,5.377,19,17,4,1828030.2,77,77,69,68,103,102,100,98,20.344,20.295,22.367,22.279,1664.047,93096,0,0,33,9733,8,12,1,0,0,25,21,14,0,13,7,FALSE,0,FALSE
1086.1757,15.574,15.193,12.528,11.674,5.337,19,17,4,1736310.9,73,74,69,70,103,102,100,98,20.345,20.298,22.361,22.275,1747.207,93096,0,0,1600,9784,7,12,1,0,0,25,21,14,0,13,7,FALSE,0,FALSE
1086.6761,15.587,15.208,12.533,11.678,5.324,19,17,4,1707210.2,71,73,69,70,103,102,100,98,20.344,20.298,22.359,22.273,1779.223,93096,0,0,1600,9784,7,12,1,0,0,25,21,14,0,13,7,FALSE,0,FALSE
1087.1768,15.603,15.229,12.548,11.692,5.31,19,17,4,1698566.5,73,76,73,74,103,102,100,98,20.342,20.297,22.356,22.271,1813.637,93096,30124,0,1600,9784,7,12,1,0,0,25,21,14,0,13,7,FALSE,0,FALSE
1087.6726,15.624,15.253,12.566,11.71,5.301,19,17,4,1706045.1,72,72,74,73,103,102,100,98,20.34,20.297,22.354,22.27,1848.879,93096,30124,0,1600,9784,7,12,1,0,0,25,21,14,0,13,7,FALSE,0,FALSE
1088.1743,15.662,15.282,12.612,11.751,5.301,19,17,4,1729528.2,78,74,81,77,103,102,100,98,20.342,20.298,22.357,22.272,1878.707,93096,30124,0,1600,9784,7,12,1,0,0,25,21,14,0,13,7,FALSE,0,FALSE
1088.6692,15.698,15.308,12.671,11.802,5.301,19,17,4,1749543.1,82,76,91,84,103,102,100,98,20.345,20.299,22.362,22.275,1908.426,93096,30124,0,1600,9784,7,12,1,0,0,25,21,14,0,13,7,FALSE,0,FALSE
1089.1702,15.745,15.343,12.754,11.87,5.295,19,17,4,1756334.6,84,77,95,87,103,102,100,98,20.35,20.301,22.372,22.282,1936.488,93096,30124,0,1583,9784,7,12,1,0,0,25,21,14,0,13,7,FALSE,0,FALSE
1089.6725,15.784,15.374,12.791,11.901,5.286,19,17,4,1761180.4,81,75,82,77,103,102,100,98,20.354,20.303,22.378,22.286,1962.273,93096,30124,0,1583,9767,7,12,1,0,0,25,21,14,0,13,7,FALSE,0,FALSE
1090.6743,15.837,15.438,12.849,11.965,5.263,19,17,4,1761689.2,75,84,82,84,103,102,100,98,20.355,20.304,22.378,22.287,2019.457,93096,30124,0,1550,9784,7,12,1,0,0,25,21,14,0,13,7,FALSE,0,FALSE
1091.1688,15.879,15.488,12.903,12.033,5.253,19,17,4,1766561.1,79,83,83,89,103,102,100,99,20.356,20.308,22.38,22.292,2048.805,93096,30124,0,1550,9784,7,12,1,0,0,25,21,14,0,13,7,FALSE,0,FALSE
1091.6742,15.924,15.542,12.949,12.09,5.24,19,17,4,1769784.4,80,84,80,86,103,102,100,99,20.357,20.312,22.381,22.296,2078.68,93096,30124,0,1583,9800,7,12,1,0,0,25,21,14,0,13,7,FALSE,0,FALSE
1092.1738,15.962,15.588,12.974,12.117,5.227,19,17,4,1768254.5,75,79,74,75,103,102,100,99,20.358,20.315,22.379,22.297,2108.871,93096,30124,0,1583,9850,7,12,1,0,0,25,21,14,0,13,7,FALSE,0,FALSE
1092.6755,15.977,15.607,12.983,12.125,5.214,19,17,4,1759907.4,72,74,71,71,103,102,100,99,20.355,20.314,22.375,22.294,2140.664,93096,30124,0,1617,9850,7,12,1,0,0,25,21,14,0,13,7,FALSE,0,FALSE
1093.1754,15.985,15.617,12.985,12.127,5.2,19,17,4,1752892.5,71,72,70,70,103,102,100,98,20.351,20.311,22.37,22.29,2173.785,93096,30124,0,1617,9917,7,12,1,0,0,25,21,14,0,13,7,FALSE,0,FALSE
1093.6719,16.008,15.64,13.014,12.16,5.197,19,17,4,1780810.2,74,73,76,76,103,102,100,99,20.35,20.31,22.371,22.291,2203.094,93096,30124,0,1617,9950,7,12,1,0,0,25,21,14,0,13,7,FALSE,0,FALSE
1094.1747,16.021,15.65,13.021,12.169,5.196,19,17,4,1805050,72,71,73,72,103,102,100,99,20.351,20.311,22.375,22.295,2225.652,93096,30124,0,1700,9950,7,12,1,0,0,25,21,14,0,13,7,FALSE,0,FALSE
1095.1757,16.046,15.669,13.056,12.198,5.196,19,17,4,1835611.1,75,71,80,75,103,102,100,99,20.354,20.312,22.384,22.303,2257.504,93096,30124,0,1700,10034,7,12,1,0,0,25,21,14,0,13,7,FALSE,0,FALSE
1095.6714,16.06,15.68,13.087,12.219,5.196,19,17,4,1846802.8,76,72,88,78,103,102,100,99,20.357,20.313,22.391,22.308,2271.922,93096,30124,0,1700,10034,7,12,1,0,0,25,21,14,0,13,7,FALSE,0,FALSE
1096.1731,16.072,15.689,13.128,12.246,5.196,19,17,4,1855222.4,76,73,97,83,103,102,100,99,20.36,20.315,22.402,22.314,2290.68,93096,30124,0,1533,10034,7,12,1,0,0,25,21,14,0,13,7,FALSE,0,FALSE
1096.6722,16.085,15.699,13.154,12.269,5.193,19,17,4,1860817.1,78,73,94,84,103,102,101,99,20.363,20.316,22.415,22.322,2302.688,93096,30124,0,1533,9950,7,12,1,0,0,25,21,14,0,13,7,FALSE,0,FALSE
1097.1754,16.106,15.718,13.165,12.278,5.187,19,17,4,1866983.9,82,77,86,78,103,102,101,99,20.367,20.318,22.424,22.329,2314.398,93096,30124,0,1533,9950,7,12,1,0,0,25,21,14,0,13,7,FALSE,0,FALSE
1097.6696,16.126,15.736,13.168,12.28,5.181,19,17,4,1873844.5,81,77,78,73,103,102,101,99,20.373,20.322,22.429,22.332,2327.137,93096,30124,0,1533,9950,7,12,1,0,0,25,21,14,0,13,7,FALSE,0,FALSE
1098.1733,16.139,15.751,13.17,12.282,5.171,19,17,4,1879396.5,77,77,72,69,103,102,101,99,20.376,20.325,22.432,22.333,2341.961,93096,30124,0,1533,9950,7,12,1,0,0,25,21,14,0,13,7,FALSE,0,FALSE
1098.6732,16.162,15.776,13.171,12.283,5.159,19,17,4,1884194,80,80,69,67,103,103,101,99,20.379,20.328,22.432,22.333,2360.012,93096,30124,0,1533,9967,7,12,1,0,0,25,21,14,0,13,7,FALSE,0,FALSE
1099.1743,16.192,15.809,13.171,12.284,5.147,19,17,4,1880022.6,80,80,68,67,104,103,101,99,20.383,20.332,22.431,22.332,2380.984,93096,30124,0,1550,9967,7,12,1,0,0,25,21,14,0,13,7,FALSE,0,FALSE
1099.6735,16.211,15.831,13.171,12.284,5.133,19,17,4,1848952.5,76,76,67,68,104,103,101,99,20.385,20.335,22.428,22.331,2404.902,93096,30124,0,1533,9967,7,12,1,0,0,25,21,14,0,13,7,FALSE,0,FALSE
1100.1694,16.226,15.847,13.171,12.284,5.12,19,17,4,1815082.4,74,73,67,68,104,103,101,99,20.385,20.335,22.426,22.329,2431.535,93096,30124,0,1533,9966,7,12,1,0,0,25,21,14,0,13,7,FALSE,0,FALSE
1100.6724,16.24,15.861,13.171,12.284,5.106,19,17,4,1768061.6,72,72,68,68,104,103,101,99,20.384,20.334,22.423,22.326,2460.535,93096,30124,0,1483,9966,7,12,1,0,0,25,21,14,0,13,7,FALSE,0,FALSE
1101.6733,16.264,15.885,13.171,12.284,5.079,19,17,4,1662566.8,71,71,68,68,103,103,101,99,20.38,20.33,22.415,22.32,2524.664,93096,30124,0,1467,9917,7,12,1,0,0,25,21,14,0,13,7,FALSE,0,FALSE
1102.1719,16.275,15.898,13.175,12.287,5.066,19,17,4,1608216.5,72,72,70,70,103,103,101,99,20.376,20.328,22.411,22.316,2559.516,93096,30124,0,1450,9917,7,12,1,0,0,25,21,14,0,13,7,FALSE,0,FALSE
1102.6709,16.295,15.924,13.198,12.31,5.053,19,17,4,1604995.5,73,75,74,76,103,102,100,99,20.373,20.326,22.407,22.313,2595.41,93096,30124,0,1450,9900,7,12,1,0,0,25,21,14,0,13,7,FALSE,0,FALSE
1103.1755,16.349,15.99,13.27,12.39,5.039,19,17,4,1601421.4,80,84,83,87,103,103,100,99,20.372,20.327,22.406,22.314,2631.344,93096,30124,0,1417,9900,7,12,1,0,0,25,21,14,0,13,7,FALSE,0,FALSE
1103.6759,16.397,16.046,13.329,12.448,5.038,19,17,4,1631635.8,79,82,83,85,103,103,100,99,20.374,20.331,22.409,22.32,2664.812,93096,30124,0,1417,9867,7,12,1,0,0,25,21,14,0,13,7,FALSE,0,FALSE
1105.1748,16.439,16.099,13.381,12.503,5.036,19,17,4,1695248.9,71,75,77,81,103,103,101,99,20.379,20.341,22.422,22.338,2725.574,93096,30124,0,1400,9884,7,12,1,0,0,25,21,14,0,13,7,FALSE,0,FALSE
1105.669,16.453,16.116,13.409,12.543,5.036,19,17,4,1710135,73,77,82,91,103,103,101,99,20.381,20.345,22.428,22.347,2738.324,93096,30124,0,1400,9884,7,12,1,0,0,25,21,14,0,13,7,FALSE,0,FALSE
1106.172,16.46,16.124,13.438,12.583,5.036,19,17,4,1718868.1,72,75,87,98,104,103,101,100,20.382,20.349,22.436,22.36,2755.773,93096,30124,0,1400,9884,7,12,1,0,0,25,21,14,0,13,7,FALSE,0,FALSE
1106.6743,16.469,16.136,13.454,12.604,5.033,19,17,4,1723827,72,77,85,94,104,103,101,100,20.384,20.353,22.444,22.374,2767.844,93096,30124,0,1400,9884,7,12,1,0,0,25,21,14,0,13,7,FALSE,0,FALSE
1107.172,16.478,16.147,13.46,12.611,5.029,19,17,4,1729194,73,77,79,85,104,103,101,100,20.385,20.356,22.45,22.384,2777.512,93096,30124,0,1300,9816,7,12,1,0,0,25,21,14,0,13,7,FALSE,0,FALSE
1107.6736,16.487,16.156,13.461,12.613,5.022,19,17,4,1733805.2,72,75,73,77,104,103,101,100,20.386,20.36,22.453,22.39,2789.781,93096,30124,0,1300,9816,7,12,1,0,0,25,21,14,0,13,7,FALSE,0,FALSE
1108.1755,16.506,16.174,13.461,12.613,5.012,19,17,4,1736048.2,78,78,69,71,104,103,101,100,20.388,20.362,22.454,22.392,2804.52,93096,30124,0,1300,9816,7,12,1,0,0,25,21,14,0,13,7,FALSE,0,FALSE
1108.6715,16.561,16.229,13.461,12.613,5,19,17,4,1738109,94,94,67,68,104,103,101,100,20.394,20.369,22.454,22.393,2821.922,93096,30124,0,1300,9950,7,12,1,0,0,25,21,14,0,13,7,FALSE,0,FALSE
1110.6738,16.658,16.324,13.461,12.613,4.948,19,17,4,1618993.6,73,73,68,68,104,104,101,100,20.409,20.385,22.445,22.386,2920.07,93096,30124,0,1400,9950,7,12,1,0,0,25,21,14,0,13,7,FALSE,0,FALSE
1111.173,16.67,16.336,13.461,12.613,4.935,19,17,4,1571749.8,72,72,69,69,104,104,101,100,20.408,20.384,22.442,22.384,2950.957,93096,30124,0,1367,9917,7,12,1,0,0,25,21,14,0,13,7,FALSE,0,FALSE
1111.6707,16.681,16.348,13.461,12.613,4.921,19,17,4,1514432.5,72,72,69,69,104,104,101,100,20.406,20.382,22.438,22.381,2983.844,93096,30124,0,1367,9917,7,12,1,0,0,25,21,14,0,13,7,FALSE,0,FALSE
1112.1715,16.692,16.358,13.461,12.613,4.907,19,17,4,1456817.5,72,72,69,69,104,103,101,100,20.403,20.38,22.434,22.377,3018.582,93096,30124,0,1366,9900,7,12,1,0,0,25,21,14,0,13,7,FALSE,0,FALSE
1112.6698,16.701,16.367,13.461,12.613,4.895,19,17,4,1404726.6,72,72,70,69,104,103,101,100,20.401,20.377,22.43,22.373,3054.707,93096,30124,0,1333,9900,7,12,1,0,0,25,21,14,0,13,7,FALSE,0,FALSE
1113.1678,16.71,16.377,13.461,12.613,4.881,19,17,4,1349032.1,72,72,70,70,104,103,101,100,20.397,20.374,22.425,22.368,3090.945,93096,30124,0,1316,9867,7,12,1,0,0,25,21,14,0,13,7,FALSE,0,FALSE
1113.6731,16.72,16.386,13.461,12.613,4.867,19,17,4,1289496.6,72,72,69,69,104,103,101,100,20.394,20.371,22.419,22.363,3130.957,93096,30124,0,1316,9833,7,12,1,0,0,25,21,14,0,13,7,FALSE,0,FALSE
1114.1713,16.729,16.395,13.461,12.613,4.853,19,17,4,1231881.6,72,72,70,70,104,103,101,100,20.39,20.367,22.413,22.358,3170.77,93096,30124,0,1300,9833,7,12,1,0,0,25,21,14,0,13,7,FALSE,0,FALSE
1114.6708,16.737,16.403,13.461,12.613,4.84,19,17,4,1179871.2,72,72,70,70,104,103,100,100,20.386,20.363,22.407,22.352,3211.496,93096,30124,0,1300,9800,7,12,1,0,0,25,21,14,0,13,7,FALSE,0,FALSE
1115.1729,16.744,16.409,13.461,12.613,4.827,19,17,4,1167962.8,72,72,70,70,103,103,100,99,20.381,20.358,22.4,22.345,3252.734,93096,30124,0,1284,9784,7,12,1,0,0,25,21,14,0,13,7,FALSE,0,FALSE
1115.6746,16.751,16.416,13.461,12.613,4.813,19,17,4,1159319,72,72,70,70,103,103,100,99,20.376,20.353,22.393,22.338,3294.363,93096,30124,0,1284,9784,7,12,1,0,0,25,21,14,0,13,7,FALSE,0,FALSE
1116.1688,16.758,16.422,13.461,12.613,4.8,19,17,4,1150963.4,72,72,70,70,103,103,100,99,20.37,20.348,22.386,22.332,3334.949,93096,30124,0,1284,9717,7,12,1,0,0,25,21,14,0,13,7,FALSE,0,FALSE
1117.1733,16.794,16.467,13.51,12.67,4.79,19,17,4,1201566.6,72,74,74,75,103,103,100,99,20.366,20.345,22.386,22.333,3407.316,93096,30124,0,1284,9700,7,12,1,0,0,25,21,14,0,13,7,FALSE,0,FALSE
1117.6705,16.814,16.496,13.547,12.71,4.79,19,17,4,1226274.2,73,79,80,84,103,103,100,99,20.367,20.348,22.391,22.339,3432.473,93096,30124,0,1284,9750,7,12,1,0,0,25,21,14,0,13,7,FALSE,0,FALSE
1118.1752,16.841,16.531,13.584,12.758,4.786,19,17,4,1234635.2,76,81,80,87,103,103,100,99,20.369,20.353,22.398,22.349,3454.906,93096,30124,0,1334,9750,7,12,1,0,0,25,21,14,0,13,7,FALSE,0,FALSE
1118.6729,16.869,16.568,13.633,12.82,4.78,19,17,4,1242190.1,79,83,85,95,103,103,100,100,20.371,20.359,22.404,22.358,3482.43,93096,30124,0,1334,9750,7,12,1,0,0,25,21,14,0,13,7,FALSE,0,FALSE
1119.1727,16.904,16.612,13.684,12.881,4.77,19,17,4,1248894.4,80,86,86,93,103,103,101,100,20.375,20.365,22.413,22.37,3506.699,93096,30124,0,1334,9750,7,12,1,0,0,25,21,14,0,13,7,FALSE,0,FALSE
1120.172,16.986,16.714,13.777,12.996,4.751,19,17,4,1262531.4,81,87,85,93,104,103,101,100,20.384,20.379,22.425,22.389,3552.695,93096,30124,0,1316,9750,7,12,1,0,0,25,21,14,0,13,7,FALSE,0,FALSE
1121.171,17.069,16.816,13.844,13.065,4.729,19,17,4,1268833.1,82,88,77,80,104,104,101,100,20.39,20.392,22.433,22.4,3600.402,93096,30124,0,1233,9683,7,12,1,0,0,25,21,14,0,13,7,FALSE,0,FALSE
1121.6721,17.094,16.846,13.861,13.082,4.716,19,17,4,1268266.1,76,80,74,76,104,104,101,100,20.391,20.396,22.433,22.401,3627.23,93096,30124,0,1266,9683,7,12,1,0,0,25,21,14,0,13,7,FALSE,0,FALSE
1122.1726,17.113,16.867,13.868,13.088,4.702,19,17,4,1234864.6,73,76,71,71,104,104,101,100,20.39,20.396,22.432,22.4,3656.758,93096,30124,0,1300,9783,7,12,1,0,0,25,21,14,0,13,7,FALSE,0,FALSE
1122.6733,17.129,16.884,13.872,13.091,4.689,19,17,4,1186787.4,72,73,69,69,104,104,101,100,20.388,20.396,22.429,22.397,3689.34,93096,30124,0,1300,9783,7,12,1,0,0,25,21,14,0,13,7,FALSE,0,FALSE
1123.1722,17.143,16.898,13.872,13.091,4.675,19,17,4,1129375.6,72,72,69,69,104,104,101,100,20.385,20.393,22.425,22.393,3722.684,93096,30124,0,1316,9783,7,12,1,0,0,25,21,14,0,13,7,FALSE,0,FALSE
1124.1719,17.238,16.979,13.97,13.181,4.649,19,17,4,1019763.44,87,82,89,84,104,104,101,100,20.384,20.39,22.422,22.389,3792.492,93096,30124,0,1317,9800,7,12,1,0,0,25,21,14,0,13,7,FALSE,0,FALSE
1124.6725,17.315,17.044,14.068,13.27,4.635,19,17,4,962148.44,87,82,93,87,104,104,101,100,20.387,20.391,22.425,22.39,3829.105,93096,30124,0,1300,9784,7,12,1,0,0,25,21,14,0,13,7,FALSE,0,FALSE
1125.1742,17.403,17.12,14.175,13.364,4.621,19,17,4,904533.44,87,83,92,87,104,104,101,100,20.39,20.392,22.429,22.392,3866.367,93096,30124,0,1317,9800,7,12,1,0,0,25,21,14,0,13,7,FALSE,0,FALSE
1125.6729,17.484,17.19,14.277,13.455,4.608,19,17,4,846918.44,87,83,93,87,104,104,101,100,20.393,20.392,22.432,22.392,3903.867,93096,30124,0,1317,9800,7,12,1,0,0,25,21,14,0,13,7,FALSE,0,FALSE
1126.1736,17.566,17.26,14.375,13.542,4.594,19,17,4,789303.44,87,82,90,85,104,104,101,100,20.395,20.392,22.434,22.392,3940.914,93096,30124,0,1300,9783,7,12,1,0,0,25,21,14,0,13,7,FALSE,0,FALSE
1126.6676,17.619,17.304,14.426,13.59,4.58,19,17,4,774419.9,79,76,79,76,104,104,101,100,20.395,20.39,22.433,22.39,3976.371,93096,30124,0,1300,9767,7,12,1,0,0,25,21,14,0,13,7,FALSE,0,FALSE
1127.1702,17.633,17.316,14.429,13.594,4.566,19,17,4,765489.94,72,71,70,70,104,104,101,100,20.39,20.384,22.426,22.383,4015.52,93096,30124,40005,1300,9767,7,12,1,0,0,25,21,14,0,13,7,FALSE,0,FALSE
1127.6716,17.65,17.332,14.452,13.618,4.559,19,17,4,786134,74,73,76,75,104,103,101,100,20.386,20.38,22.423,22.38,4051.484,93096,30124,40005,1300,9750,7,12,1,0,0,25,21,14,0,13,7,FALSE,0,FALSE
1128.1725,17.687,17.362,14.502,13.665,4.558,19,17,4,815047.2,80,76,87,83,104,103,101,100,20.386,20.379,22.427,22.384,4079.121,93096,30124,40005,1266,9750,7,12,1,0,0,25,21,14,0,13,7,FALSE,0,FALSE
1128.6721,17.737,17.399,14.59,13.736,4.558,19,17,4,837103.4,85,79,101,92,104,104,101,100,20.392,20.382,22.439,22.393,4101.68,93096,30124,40005,1266,9750,7,12,1,0,0,25,21,14,0,13,7,FALSE,0,FALSE
1129.6732,17.785,17.436,14.723,13.835,4.555,19,17,4,861929.44,80,75,103,90,104,104,101,101,20.401,20.386,22.467,22.412,4140.777,93096,30124,40005,1233,9733,7,12,1,0,0,25,21,14,0,13,7,FALSE,0,FALSE
1130.17,17.807,17.454,14.756,13.858,4.548,19,17,4,868455.8,80,76,92,82,104,104,102,101,20.404,20.387,22.479,22.419,4162.324,93096,30124,40005,1233,9733,7,12,1,0,0,25,21,14,0,13,7,FALSE,0,FALSE
1131.6724,17.884,17.526,14.791,13.888,4.512,19,17,4,869100.8,76,75,72,69,104,104,102,101,20.412,20.391,22.489,22.423,4227.59,93096,30124,40005,1300,9817,7,12,1,0,0,25,21,14,0,13,7,FALSE,0,FALSE
1132.1729,17.901,17.542,14.792,13.889,4.5,19,17,4,834433.25,74,73,69,69,104,104,102,101,20.412,20.391,22.487,22.421,4254.441,93096,30124,40005,1300,9833,7,12,1,0,0,25,21,14,0,13,7,FALSE,0,FALSE
1132.67,17.918,17.555,14.792,13.89,4.486,19,17,4,786822.06,73,73,69,68,104,104,102,101,20.411,20.389,22.484,22.418,4283.715,93096,30124,40005,1300,9833,7,12,1,0,0,25,21,14,0,13,7,FALSE,0,FALSE
1133.1725,17.93,17.566,14.792,13.89,4.473,19,17,4,738439.7,72,72,69,69,104,104,102,101,20.409,20.387,22.481,22.415,4315.027,93096,30124,40005,1283,9833,7,12,1,0,0,25,21,14,0,13,7,FALSE,0,FALSE
1133.6707,17.941,17.578,14.792,13.89,4.459,19,17,4,680866.25,72,72,69,69,104,104,102,101,20.406,20.384,22.477,22.411,4348.285,93096,30124,40005,1283,9833,7,12,1,0,0,25,21,14,0,13,7,FALSE,0,FALSE
1134.1744,17.951,17.588,14.792,13.89,4.447,19,17,4,628752.56,71,71,69,69,104,103,102,100,20.403,20.38,22.472,22.407,4383.293,93096,30124,40005,1283,9833,7,12,1,0,0,25,21,14,0,13,7,FALSE,0,FALSE
1134.6727,17.961,17.598,14.792,13.89,4.433,19,17,4,571137.56,71,71,69,69,104,103,101,100,20.399,20.377,22.467,22.402,4419.676,93096,30124,40005,1250,9800,7,12,1,0,0,25,21,14,0,13,7,FALSE,0,FALSE
1135.173,17.97,17.607,14.792,13.89,4.419,19,17,4,513522.56,72,71,69,69,104,103,101,100,20.394,20.372,22.461,22.397,4457.434,93096,30124,40005,1234,9800,7,12,1,0,0,25,21,14,0,13,7,FALSE,0,FALSE
1135.6741,17.98,17.617,14.792,13.89,4.405,19,17,4,455907.56,72,71,70,69,104,103,101,100,20.39,20.368,22.455,22.391,4496.426,93096,30124,40005,1234,9750,7,12,1,0,0,25,21,14,0,13,7,FALSE,0,FALSE
1136.6714,17.997,17.634,14.792,13.89,4.379,19,17,4,348775.6,72,72,70,70,103,103,101,100,20.379,20.358,22.442,22.378,4577.426,93096,30124,40005,1183,9733,7,12,1,0,0,25,21,14,0,13,7,FALSE,0,FALSE
1137.6733,18.012,17.649,14.792,13.89,4.351,19,17,4,270597.12,73,73,71,71,103,103,101,100,20.368,20.347,22.427,22.364,4661.387,93096,30124,40005,1167,9683,7,12,1,0,0,25,21,14,0,13,7,FALSE,0,FALSE
1138.1737,18.019,17.656,14.792,13.89,4.337,19,17,4,246070.69,73,73,71,71,103,103,101,100,20.362,20.341,22.419,22.357,4704.164,93096,30124,40005,1150,9667,7,12,1,0,0,25,21,14,0,13,7,FALSE,0,FALSE
1138.6743,18.025,17.663,14.792,13.89,4.323,19,17,4,242383.34,73,73,71,71,103,103,101,99,20.356,20.335,22.411,22.349,4747.254,93096,30124,40005,1116,9667,7,12,1,0,0,25,21,14,0,13,7,FALSE,0,FALSE
1139.172,18.031,17.671,14.793,13.891,4.309,19,17,4,238733.8,72,73,71,71,103,103,100,99,20.349,20.329,22.403,22.341,4790.527,93096,30124,40005,1100,9633,7,12,1,0,0,25,21,14,0,13,7,FALSE,0,FALSE
1139.67,18.046,17.686,14.81,13.908,4.299,19,17,4,252024.4,73,73,75,75,103,102,100,99,20.343,20.323,22.396,22.335,4832.938,93096,30124,40005,1100,9583,7,12,1,0,0,25,21,14,0,13,7,FALSE,0,FALSE
1140.1698,18.071,17.712,14.843,13.942,4.298,19,17,4,285171.56,74,74,77,77,103,102,100,99,20.342,20.322,22.399,22.338,4867.145,93096,30124,40005,1100,9583,7,12,1,0,0,25,21,14,0,13,7,FALSE,0,FALSE
1140.672,18.094,17.733,14.863,13.963,4.297,19,17,4,311769.16,74,72,76,75,103,102,100,99,20.344,20.324,22.405,22.344,4893.234,93096,30124,40005,1067,9583,7,12,1,0,0,25,21,14,0,13,7,FALSE,0,FALSE
1141.6687,18.132,17.762,14.915,14.007,4.297,19,17,4,349324.3,77,73,85,78,103,102,101,100,20.35,20.327,22.418,22.355,4932.141,93096,30124,40005,1067,9517,7,12,1,0,0,25,21,14,0,13,7,FALSE,0,FALSE
1142.1711,18.152,17.781,14.973,14.043,4.294,19,17,4,357454.22,78,75,97,84,103,103,101,100,20.355,20.33,22.431,22.363,4955.457,93096,30124,40005,984,9517,7,12,1,0,0,25,21,14,0,13,7,FALSE,0,FALSE
1142.6741,18.176,17.8,14.995,14.06,4.288,19,17,4,363764.38,81,76,88,78,103,103,101,100,20.36,20.334,22.442,22.371,4970.977,93096,30124,40005,984,9517,7,12,1,0,0,25,21,14,0,13,7,FALSE,0,FALSE
1143.1704,18.192,17.814,15.006,14.069,4.28,19,17,4,369383.66,77,74,79,73,103,103,101,100,20.364,20.336,22.449,22.375,4988.316,93096,30124,40005,1000,9550,7,12,1,0,0,25,21,14,0,13,7,FALSE,0,FALSE
1144.1697,18.264,17.887,15.022,14.084,4.256,19,17,4,346360.2,90,89,74,70,103,103,101,100,20.372,20.343,22.455,22.378,5028.777,93096,30124,40005,1000,9550,7,12,1,0,0,25,21,14,0,13,7,FALSE,0,FALSE
1144.6732,18.318,17.939,15.032,14.093,4.242,19,17,4,319928.12,83,82,72,70,104,103,101,100,20.382,20.352,22.456,22.379,5052.727,93096,30124,40005,1000,9550,7,12,1,0,0,25,21,14,0,13,7,FALSE,0,FALSE
1145.6694,18.348,17.969,15.035,14.096,4.216,19,17,4,270311.97,72,71,68,69,104,103,101,100,20.384,20.354,22.454,22.377,5109.379,93096,30124,40005,1066,9633,7,12,1,0,0,25,21,14,0,13,7,FALSE,0,FALSE
1146.1735,18.358,17.979,15.035,14.096,4.203,19,17,4,251053.14,72,71,68,69,104,103,101,100,20.383,20.352,22.451,22.375,5140.898,93096,30124,40005,1083,9633,7,12,1,0,0,25,21,14,0,13,7,FALSE,0,FALSE
1146.6721,18.367,17.988,15.035,14.096,4.189,19,17,4,226827.05,72,71,69,69,103,103,101,100,20.381,20.35,22.448,22.373,5174.094,93096,30124,40005,1100,9650,7,12,1,0,0,25,21,14,0,13,7,FALSE,0,FALSE
1147.1716,18.375,17.996,15.035,14.096,4.175,19,17,4,204203.75,72,71,69,69,103,103,101,100,20.378,20.348,22.445,22.37,5208.859,93096,30124,40005,1100,9650,7,12,1,0,0,25,21,14,0,13,7,FALSE,0,FALSE
1147.6687,18.382,18.003,15.035,14.096,4.163,19,17,4,188866.44,71,71,70,69,103,103,101,100,20.375,20.345,22.441,22.366,5243.574,93096,30124,40005,1133,9666,7,12,1,0,0,25,21,14,0,13,7,FALSE,0,FALSE
1149.1718,18.405,18.026,15.035,14.096,4.121,19,17,4,129273.625,72,72,70,70,103,103,101,100,20.364,20.335,22.426,22.352,5358.898,93096,30124,40005,1133,9633,7,12,1,0,0,25,21,14,0,13,7,FALSE,0,FALSE
1149.6672,18.412,18.033,15.035,14.096,4.108,19,17,4,111343.68,72,72,70,70,103,103,101,99,20.36,20.331,22.42,22.347,5397.277,93096,30124,40005,1150,9633,7,12,1,0,0,25,21,14,0,13,7,FALSE,0,FALSE
1150.1666,18.419,18.04,15.035,14.096,4.095,19,17,5,98443.37,72,72,70,70,103,102,101,99,20.355,20.326,22.414,22.341,28.773,92881,0,0,1150,9633,7,13,1,0,0,25,21,14,0,13,7,FALSE,0,FALSE
1150.6676,18.427,18.046,15.035,14.097,4.081,19,17,5,81286.125,72,72,70,70,103,102,100,99,20.35,20.321,22.407,22.334,69.629,92881,0,0,1167,9633,7,13,1,0,0,25,21,14,0,13,7,FALSE,0,FALSE
1151.1692,18.433,18.052,15.035,14.097,4.067,19,17,5,78482.88,72,71,70,70,103,102,100,99,20.345,20.316,22.399,22.327,112.27,92881,0,0,1167,9617,7,13,1,0,0,25,21,14,0,13,7,FALSE,0,FALSE
1151.6647,18.439,18.058,15.035,14.097,4.054,19,17,5,75864.43,72,72,70,70,103,102,100,99,20.339,20.31,22.392,22.32,152.523,92881,0,0,1200,9617,7,13,1,0,0,25,21,14,0,13,7,FALSE,0,FALSE
1152.1721,18.445,18.065,15.035,14.097,4.04,19,17,5,73069.6,72,72,70,70,103,102,100,99,20.333,20.304,22.383,22.312,195.891,92881,0,0,1200,9617,7,13,1,0,0,25,21,14,0,13,7,FALSE,0,FALSE
1152.6733,18.451,18.071,15.035,14.097,4.026,19,17,5,70369.055,72,72,70,70,102,102,100,99,20.327,20.298,22.375,22.304,238.16,92881,0,0,1200,9617,7,13,1,0,0,25,21,14,0,13,7,FALSE,0,FALSE
1153.1693,18.458,18.077,15.035,14.097,4.012,19,17,5,67672.57,73,72,71,71,102,102,100,99,20.32,20.292,22.366,22.296,280.688,92881,0,0,1250,9583,7,13,1,0,0,25,21,14,0,13,7,FALSE,0,FALSE
1153.6708,18.464,18.083,15.035,14.097,3.998,19,17,5,64980.133,72,72,71,70,102,102,100,98,20.313,20.285,22.357,22.287,323.453,92881,0,0,1283,9583,7,13,1,0,0,25,21,14,0,13,7,FALSE,0,FALSE
1154.172,18.47,18.09,15.035,14.097,3.984,19,17,5,62291.742,73,72,71,70,102,102,99,98,20.306,20.278,22.348,22.278,366.438,92881,0,0,1334,9583,7,13,1,0,0,25,21,14,0,13,7,FALSE,0,FALSE
1154.665,18.476,18.096,15.035,14.097,3.971,19,17,5,59696.8,72,72,70,70,102,101,99,98,20.299,20.271,22.339,22.27,408.148,92881,0,0,1334,9584,7,13,1,0,0,25,21,14,0,13,7,FALSE,0,FALSE
1155.1714,18.483,18.102,15.035,14.097,3.956,19,17,5,56927.062,72,72,70,70,102,101,99,98,20.291,20.263,22.329,22.26,452.879,92881,0,0,1383,9584,7,13,1,0,0,25,21,14,0,13,7,FALSE,0,FALSE
1155.6703,18.489,18.108,15.035,14.097,3.943,19,17,5,54250.77,72,72,70,70,102,101,99,98,20.283,20.255,22.319,22.251,496.305,92881,0,0,1433,9583,7,13,1,0,0,25,21,14,0,13,7,FALSE,0,FALSE
1156.1685,18.494,18.115,15.035,14.097,3.929,19,17,5,51667.504,72,72,70,70,102,101,99,98,20.275,20.248,22.31,22.241,538.391,92881,0,0,1483,9583,7,13,1,0,0,25,21,14,0,13,7,FALSE,0,FALSE
1156.6699,18.501,18.121,15.035,14.097,3.915,19,17,5,48910.23,73,73,71,70,101,101,99,98,20.266,20.239,22.299,22.231,583.465,92881,0,0,1483,9567,7,13,1,0,0,25,21,14,0,13,7,FALSE,0,FALSE
1157.1698,18.516,18.136,15.054,14.116,3.906,19,17,5,66579.78,73,74,76,75,101,101,99,97,20.259,20.233,22.292,22.224,625.727,92881,0,0,1566,9567,7,13,1,0,0,25,21,14,0,13,7,FALSE,0,FALSE
1157.6707,18.542,18.161,15.085,14.147,3.905,19,17,5,99166.22,73,73,76,75,101,101,99,97,20.258,20.232,22.296,22.228,659.344,92881,0,0,1566,9566,7,13,1,0,0,25,21,14,0,13,7,FALSE,0,FALSE
1158.1719,18.564,18.184,15.101,14.163,3.904,19,17,5,124497.94,74,74,74,74,101,101,99,98,20.26,20.234,22.301,22.234,684.727,92881,0,0,1566,9583,7,13,1,0,0,25,21,14,0,13,7,FALSE,0,FALSE
1158.6709,18.588,18.2,15.108,14.171,3.903,19,17,5,144576.3,75,73,72,71,101,101,99,98,20.264,20.238,22.307,22.24,703.477,92881,0,0,1566,9583,7,13,1,0,0,25,21,14,0,13,7,FALSE,0,FALSE
1159.1715,18.595,18.207,15.119,14.181,3.903,19,17,5,161413.92,72,70,75,72,101,101,99,98,20.268,20.24,22.313,22.246,717.945,92881,0,0,1683,9667,7,13,1,0,0,25,21,14,0,13,7,FALSE,0,FALSE
1160.1719,18.614,18.222,15.18,14.22,3.903,19,17,5,180561.88,72,71,92,79,102,101,99,98,20.274,20.244,22.331,22.26,741.578,92881,0,0,1683,9667,7,13,1,0,0,25,21,14,0,13,7,FALSE,0,FALSE
1160.6718,18.623,18.23,15.196,14.229,3.899,19,17,5,185488.88,73,72,88,76,102,101,99,98,20.277,20.247,22.344,22.267,760.398,92881,0,0,1683,9667,7,13,1,0,0,25,21,14,0,13,7,FALSE,0,FALSE
1161.6697,18.658,18.262,15.207,14.24,3.888,19,17,5,196089.56,78,76,76,71,102,101,100,98,20.287,20.254,22.36,22.277,783.094,92881,0,0,1516,9650,7,13,1,0,0,25,21,14,0,13,7,FALSE,0,FALSE
1162.1726,18.672,18.278,15.208,14.24,3.88,19,17,5,202252.72,77,76,71,69,102,101,100,98,20.292,20.258,22.364,22.28,797.344,92881,0,0,1516,9650,7,13,1,0,0,25,21,14,0,13,7,FALSE,0,FALSE
1162.6719,18.686,18.293,15.213,14.246,3.869,19,17,5,209861.36,76,75,69,70,102,101,100,98,20.295,20.262,22.365,22.282,814.125,92881,0,0,1516,9650,7,13,1,0,0,25,21,14,0,13,7,FALSE,0,FALSE
1163.1694,18.702,18.31,15.221,14.256,3.859,19,17,5,218792.9,75,76,70,73,102,101,100,98,20.298,20.265,22.366,22.284,832.883,92881,0,0,1183,9550,7,13,1,0,0,25,21,14,0,13,7,FALSE,0,FALSE
1163.6714,18.727,18.339,15.237,14.273,3.849,19,17,5,231227.94,77,81,73,76,102,101,100,98,20.301,20.269,22.368,22.288,860.367,92881,0,0,1183,9550,7,13,1,0,0,25,21,14,0,13,7,FALSE,0,FALSE
1164.1697,18.749,18.364,15.248,14.284,3.838,19,17,5,239189.95,74,78,72,73,102,102,100,98,20.303,20.274,22.369,22.29,881.68,92881,0,0,1083,9550,7,13,1,0,0,25,21,14,0,13,7,FALSE,0,FALSE
1164.671,18.779,18.395,15.258,14.294,3.824,19,17,5,237298.5,77,79,70,73,102,102,100,99,20.305,20.278,22.37,22.292,906.062,92881,0,0,1083,9533,7,13,1,0,0,25,21,14,0,13,7,FALSE,0,FALSE
1165.1719,18.802,18.42,15.262,14.297,3.811,19,17,5,236495.77,75,75,69,70,102,102,100,99,20.307,20.28,22.369,22.292,933.125,92881,0,0,1083,9533,7,13,1,0,0,25,21,14,0,13,7,FALSE,0,FALSE
1165.6696,18.833,18.449,15.278,14.311,3.797,19,17,5,218065.86,78,76,73,71,102,102,100,99,20.309,20.281,22.368,22.292,963.781,92881,0,0,1083,9534,7,13,1,0,0,25,21,14,0,13,7,FALSE,0,FALSE
1166.6703,18.874,18.484,15.292,14.325,3.771,19,17,5,183533.38,72,71,69,68,102,102,100,98,20.31,20.281,22.365,22.288,1026.523,92881,0,0,1034,9534,7,13,1,0,0,25,21,14,0,13,7,FALSE,0,FALSE
1167.1713,18.885,18.493,15.293,14.327,3.757,19,17,5,163470.16,72,70,69,69,102,102,100,98,20.308,20.278,22.362,22.285,1059.93,92881,0,0,1034,9516,7,13,1,0,0,25,21,14,0,13,7,FALSE,0,FALSE
1168.1737,18.903,18.509,15.293,14.328,3.73,19,17,5,130317.875,71,71,69,69,102,101,100,98,20.302,20.273,22.353,22.277,1130.758,92881,0,0,1000,9516,7,13,1,0,0,25,21,14,0,13,7,FALSE,0,FALSE
1168.6693,18.91,18.517,15.293,14.328,3.717,19,17,5,111752.83,71,71,69,69,102,101,99,98,20.299,20.269,22.348,22.273,1167.781,92881,0,0,1016,9484,7,13,1,0,0,25,21,14,0,13,7,FALSE,0,FALSE
1169.172,18.918,18.524,15.293,14.328,3.703,19,17,5,93437.33,71,71,70,69,102,101,99,98,20.295,20.266,22.343,22.267,1205.781,92881,0,0,1016,9484,7,13,1,0,0,25,21,14,0,13,7,FALSE,0,FALSE
1169.6699,18.925,18.531,15.293,14.328,3.689,19,17,5,75304.484,71,71,70,69,102,101,99,98,20.291,20.262,22.337,22.262,1244.648,92881,0,0,1017,9467,7,13,1,0,0,25,21,14,0,13,7,FALSE,0,FALSE
1170.1702,18.932,18.539,15.293,14.328,3.675,19,17,5,57352.492,71,71,70,69,102,101,99,98,20.286,20.258,22.33,22.256,1284.266,92881,0,0,1033,9467,7,13,1,0,0,25,21,14,0,13,7,FALSE,0,FALSE
1170.6726,18.938,18.545,15.293,14.328,3.662,19,17,5,54476.527,71,71,70,70,102,101,99,98,20.282,20.253,22.324,22.25,1324.453,92881,0,0,1050,9467,7,13,1,0,0,25,21,14,0,13,7,FALSE,0,FALSE
1171.1687,18.944,18.552,15.294,14.329,3.649,19,17,5,51892.938,71,72,70,70,102,101,99,98,20.276,20.248,22.317,22.243,1363.625,92881,0,0,1050,9450,7,13,1,0,0,25,21,14,0,13,7,FALSE,0,FALSE
1171.6714,18.95,18.56,15.295,14.329,3.635,19,17,5,49135.316,71,72,70,70,101,101,99,98,20.271,20.243,22.309,22.236,1405.867,92881,0,0,1067,9450,7,13,1,0,0,25,21,14,0,13,7,FALSE,0,FALSE
1173.6731,19.038,18.635,15.422,14.427,3.628,19,17,5,151694.14,79,74,90,82,102,101,99,98,20.275,20.246,22.326,22.25,1514.195,92881,0,0,1066,9466,7,13,1,0,0,25,21,14,0,13,7,FALSE,0,FALSE
1174.1697,19.059,18.648,15.47,14.472,3.627,19,17,5,164053.34,80,72,94,89,102,101,99,98,20.281,20.249,22.338,22.26,1533.156,92881,0,0,967,9466,7,13,1,0,0,25,21,14,0,13,7,FALSE,0,FALSE
1174.6713,19.079,18.663,15.515,14.504,3.624,19,17,5,171661.14,79,73,95,87,102,101,100,98,20.287,20.251,22.351,22.271,1558.375,92881,0,0,967,9467,7,13,1,0,0,25,21,14,0,13,7,FALSE,0,FALSE
1175.1697,19.097,18.677,15.536,14.519,3.618,19,17,5,179439.2,78,74,88,80,102,101,100,98,20.292,20.254,22.362,22.279,1575.984,92881,0,0,967,9467,7,13,1,0,0,25,21,14,0,13,7,FALSE,0,FALSE
1175.6692,19.113,18.69,15.551,14.532,3.611,19,17,5,187589.25,77,73,81,75,102,101,100,98,20.296,20.256,22.37,22.284,1593.195,92881,0,0,967,9466,7,13,1,0,0,25,21,14,0,13,7,FALSE,0,FALSE
1176.1687,19.126,18.701,15.558,14.538,3.603,19,17,5,195944.33,75,71,75,71,102,101,100,98,20.299,20.257,22.374,22.286,1609.68,92881,0,0,850,9466,7,13,1,0,0,25,21,14,0,13,7,FALSE,0,FALSE
1176.6705,19.147,18.72,15.567,14.547,3.592,19,17,5,204179.81,76,73,73,70,102,101,100,98,20.302,20.259,22.376,22.288,1630.188,92881,0,0,850,9466,7,13,1,0,0,25,21,14,0,13,7,FALSE,0,FALSE
1177.1707,19.174,18.745,15.57,14.55,3.579,19,17,5,209257.03,78,76,70,68,102,101,100,98,20.305,20.261,22.377,22.288,1652.633,92881,0,0,683,9466,7,13,1,0,0,25,21,14,0,13,7,FALSE,0,FALSE
1177.6698,19.203,18.774,15.57,14.55,3.565,19,17,5,208386.19,77,77,68,67,102,101,100,98,20.308,20.264,22.376,22.287,1677.547,92881,0,0,683,9466,7,13,1,0,0,25,21,14,0,13,7,FALSE,0,FALSE
1178.1683,19.219,18.788,15.57,14.55,3.553,19,17,5,212021.34,73,72,67,67,102,101,100,98,20.309,20.265,22.374,22.285,1704.078,92881,0,0,633,9466,7,13,1,0,0,25,21,14,0,13,7,FALSE,0,FALSE
1178.6692,19.23,18.802,15.574,14.554,3.539,19,17,5,209167.88,72,72,69,70,102,101,100,98,20.308,20.265,22.371,22.284,1734.242,92881,0,0,633,9466,7,13,1,0,0,25,21,14,0,13,7,FALSE,0,FALSE
1179.6719,19.264,18.844,15.601,14.579,3.512,19,17,5,208218.3,72,75,71,73,102,101,100,98,20.305,20.265,22.366,22.281,1798.133,92881,0,0,600,9450,7,13,1,0,0,25,21,14,0,13,7,FALSE,0,FALSE
1180.6699,19.316,18.893,15.664,14.635,3.499,19,17,5,234929.97,79,75,85,79,102,101,100,98,20.303,20.264,22.365,22.28,1865.195,92881,29966,0,600,9450,7,13,1,0,0,25,21,14,0,13,7,FALSE,0,FALSE
1181.6696,19.411,18.957,15.81,14.754,3.498,19,17,5,260461.45,83,76,98,85,102,101,100,98,20.311,20.266,22.376,22.286,1924.945,92881,29966,0,600,9466,7,13,1,0,0,25,21,14,0,13,7,FALSE,0,FALSE
1182.6691,19.502,19.03,15.913,14.841,3.479,19,17,5,269265,83,78,78,75,102,101,100,99,20.319,20.268,22.388,22.293,1978.547,92881,29966,0,567,9450,7,13,1,0,0,25,21,14,0,13,7,FALSE,0,FALSE
1183.6699,19.563,19.104,16.008,14.965,3.462,19,17,5,284085.9,78,82,85,94,102,101,100,99,20.319,20.27,22.387,22.297,2036.289,92881,29966,0,550,9467,7,13,1,0,0,25,21,14,0,13,7,FALSE,0,FALSE
1184.1709,19.6,19.15,16.049,15.016,3.451,19,17,5,291181.88,78,82,79,84,102,101,100,99,20.319,20.273,22.388,22.302,2065.023,92881,29966,0,550,9467,7,13,1,0,0,25,21,14,0,13,7,FALSE,0,FALSE
1184.6691,19.627,19.182,16.069,15.037,3.437,19,17,5,287973.03,75,79,74,77,102,102,100,99,20.318,20.273,22.385,22.301,2093.727,92881,29966,0,616,9550,7,13,1,0,0,25,21,14,0,13,7,FALSE,0,FALSE
1185.1709,19.649,19.208,16.082,15.049,3.424,19,17,5,289245.66,72,74,71,72,102,101,100,99,20.315,20.273,22.381,22.298,2124.648,92881,29966,0,684,9617,7,13,1,0,0,25,21,14,0,13,7,FALSE,0,FALSE
1186.1732,19.679,19.243,16.115,15.079,3.403,19,17,5,303249.38,74,74,78,77,102,101,100,99,20.308,20.268,22.372,22.291,2188.461,92881,29966,0,717,9650,7,13,1,0,0,25,21,14,0,13,7,FALSE,0,FALSE
1186.6694,19.691,19.255,16.124,15.087,3.402,19,17,5,328775.97,71,71,72,72,102,101,100,99,20.308,20.269,22.375,22.294,2212.477,92881,29966,0,717,9650,7,13,1,0,0,25,21,14,0,13,7,FALSE,0,FALSE
1187.6694,19.713,19.27,16.149,15.113,3.402,19,17,5,369621.38,75,69,78,76,102,101,100,99,20.309,20.269,22.382,22.3,2248.211,92881,29966,0,717,9650,7,13,1,0,0,25,21,14,0,13,7,FALSE,0,FALSE
1188.1699,19.73,19.282,16.182,15.136,3.402,19,17,5,379774.22,77,71,87,79,102,101,100,99,20.313,20.27,22.389,22.306,2260.438,92881,29966,0,833,9800,7,13,1,0,0,25,21,14,0,13,7,FALSE,0,FALSE
1188.6693,19.741,19.292,16.221,15.161,3.402,19,17,5,385801.56,76,72,95,82,102,101,100,99,20.316,20.271,22.398,22.312,2273.234,92881,29966,0,833,9800,7,13,1,0,0,25,21,14,0,13,7,FALSE,0,FALSE
1189.169,19.753,19.302,16.254,15.183,3.399,19,17,5,391490.5,76,73,97,83,102,101,100,99,20.318,20.272,22.41,22.319,2291.43,92881,29966,0,833,9800,7,13,1,0,0,25,21,14,0,13,7,FALSE,0,FALSE
1189.6687,19.768,19.313,16.269,15.195,3.396,19,17,5,397538.97,78,73,89,79,102,102,101,99,20.322,20.274,22.42,22.325,2304.828,92881,29966,0,833,9850,7,13,1,0,0,25,21,14,0,13,7,FALSE,0,FALSE
1190.1703,19.783,19.327,16.279,15.203,3.389,19,17,5,404445.8,78,74,82,75,102,102,101,99,20.325,20.276,22.427,22.329,2318.164,92881,29966,0,800,9850,7,13,1,0,0,25,21,14,0,13,7,FALSE,0,FALSE
1190.6698,19.8,19.345,16.283,15.207,3.381,19,17,5,411053.53,78,76,76,71,103,102,101,99,20.328,20.278,22.431,22.331,2332.484,92881,29966,0,800,9850,7,13,1,0,0,25,21,14,0,13,7,FALSE,0,FALSE
1191.171,19.825,19.374,16.285,15.209,3.369,19,17,5,418268.06,80,80,71,68,103,102,101,99,20.332,20.282,22.431,22.331,2349.289,92881,29966,0,800,9850,7,13,1,0,0,25,21,14,0,13,7,FALSE,0,FALSE
1192.1697,19.868,19.416,16.286,15.21,3.344,19,17,5,423140.22,75,75,67,67,103,102,101,99,20.337,20.287,22.428,22.328,2392.297,92881,29966,0,666,9733,7,13,1,0,0,25,21,14,0,13,7,FALSE,0,FALSE
1192.67,19.881,19.43,16.286,15.211,3.331,19,17,5,423271.88,73,71,68,68,103,102,101,99,20.338,20.287,22.426,22.326,2417.859,92881,29966,0,600,9733,7,13,1,0,0,25,21,14,0,13,7,FALSE,0,FALSE
1193.1709,19.894,19.443,16.286,15.211,3.317,19,17,5,416828.22,72,71,67,68,103,102,101,99,20.336,20.286,22.422,22.323,2445.547,92881,29966,0,600,9683,7,13,1,0,0,25,21,14,0,13,7,FALSE,0,FALSE
1193.6711,19.904,19.453,16.286,15.211,3.303,19,17,5,409408.47,71,70,68,68,103,102,101,99,20.334,20.284,22.418,22.32,2475.289,92881,29966,0,550,9683,7,13,1,0,0,25,21,14,0,13,7,FALSE,0,FALSE
1194.1707,19.913,19.462,16.286,15.211,3.29,19,17,5,406731.1,70,70,68,68,103,102,101,99,20.331,20.282,22.414,22.316,2506.75,92881,29966,0,550,9650,7,13,1,0,0,25,21,14,0,13,7,FALSE,0,FALSE
1195.1676,19.934,19.487,16.297,15.221,3.263,19,17,5,389824.22,71,73,71,72,102,102,100,99,20.325,20.276,22.404,22.308,2573.32,92881,29966,0,533,9634,7,13,1,0,0,25,21,14,0,13,7,FALSE,0,FALSE
1196.1699,20.008,19.578,16.385,15.312,3.242,19,17,5,400457.2,75,78,78,80,102,102,100,99,20.321,20.277,22.4,22.307,2645.008,92881,29966,0,517,9617,7,13,1,0,0,25,21,14,0,13,7,FALSE,0,FALSE
1196.6675,20.031,19.606,16.411,15.336,3.24,19,17,5,427151.4,74,76,76,78,102,102,100,99,20.322,20.279,22.403,22.312,2673.742,92881,29966,0,517,9633,7,13,1,0,0,25,21,14,0,13,7,FALSE,0,FALSE
1197.1719,20.045,19.624,16.426,15.35,3.24,19,17,5,451902.88,72,74,74,76,102,102,100,99,20.324,20.282,22.407,22.317,2696.734,92881,29966,0,533,9633,7,13,1,0,0,25,21,14,0,13,7,FALSE,0,FALSE
1197.6704,20.057,19.638,16.438,15.363,3.24,19,17,5,472222.25,72,74,74,76,102,102,100,99,20.325,20.285,22.41,22.322,2714.281,92881,29966,0,533,9633,7,13,1,0,0,25,21,14,0,13,7,FALSE,0,FALSE
1198.1678,20.071,19.655,16.456,15.384,3.24,19,17,5,487389.4,73,77,77,81,102,102,101,99,20.327,20.289,22.414,22.328,2727.695,92881,29966,0,533,9700,7,13,1,0,0,25,21,14,0,13,7,FALSE,0,FALSE
1198.6683,20.079,19.666,16.472,15.409,3.24,19,17,5,495167.78,72,76,78,85,103,102,101,99,20.329,20.294,22.419,22.336,2738.102,92881,29966,0,533,9700,7,13,1,0,0,25,21,14,0,13,7,FALSE,0,FALSE
1199.169,20.088,19.675,16.489,15.44,3.238,19,17,5,500628.94,73,74,79,92,103,102,101,99,20.331,20.297,22.425,22.347,2759.117,92881,29966,0,550,9700,7,13,1,0,0,25,21,14,0,13,7,FALSE,0,FALSE
1199.6688,20.098,19.689,16.499,15.452,3.235,19,17,5,505847.06,73,77,77,86,103,102,101,100,20.333,20.301,22.429,22.356,2771.07,92881,29966,0,550,9700,7,13,1,0,0,25,21,14,0,13,7,FALSE,0,FALSE
1200.1678,20.111,19.702,16.504,15.457,3.23,19,17,5,511431.44,75,78,73,79,103,102,101,100,20.335,20.305,22.433,22.364,2782.219,92881,29966,0,550,9667,7,13,1,0,0,25,21,14,0,13,7,FALSE,0,FALSE
1200.6708,20.131,19.718,16.504,15.458,3.22,19,17,5,514969.75,78,78,69,73,103,102,101,100,20.338,20.309,22.434,22.367,2796.609,92881,29966,0,550,9667,7,13,1,0,0,25,21,14,0,13,7,FALSE,0,FALSE
1201.1685,20.164,19.748,16.505,15.458,3.209,19,17,5,520589.1,84,83,67,69,103,102,101,100,20.343,20.314,22.434,22.368,2812.633,92881,29966,0,483,9667,7,13,1,0,0,25,21,14,0,13,7,FALSE,0,FALSE
1201.6697,20.193,19.777,16.505,15.458,3.198,19,17,5,524701.25,80,79,67,67,103,102,101,100,20.35,20.321,22.432,22.368,2832.5,92881,29966,0,483,9633,7,13,1,0,0,25,21,14,0,13,7,FALSE,0,FALSE
1202.1696,20.222,19.804,16.505,15.458,3.185,19,17,5,509936.2,80,79,67,67,103,102,101,100,20.353,20.324,22.43,22.367,2854.578,92881,29966,0,416,9633,7,13,1,0,0,25,21,14,0,13,7,FALSE,0,FALSE
1203.6699,20.282,19.863,16.505,15.458,3.145,19,17,5,386980.4,71,71,68,68,103,102,101,100,20.355,20.327,22.422,22.36,2937.672,92881,29966,0,383,9617,7,13,1,0,0,25,21,14,0,13,7,FALSE,0,FALSE
1204.1671,20.291,19.872,16.505,15.458,3.132,19,17,5,380116.9,69,70,68,68,103,102,101,100,20.353,20.325,22.419,22.357,2969.039,92881,29966,0,350,9583,7,13,1,0,0,25,21,14,0,13,7,FALSE,0,FALSE
1204.659,20.299,19.881,16.505,15.458,3.119,19,17,5,371828.5,69,69,69,68,103,102,101,100,20.35,20.322,22.415,22.354,3003.234,92881,29966,0,350,9583,7,13,1,0,0,25,21,14,0,13,7,FALSE,0,FALSE
1205.1681,20.307,19.888,16.505,15.458,3.106,19,17,5,369035.53,69,69,69,69,103,102,101,99,20.346,20.319,22.41,22.35,3038.914,92881,29966,0,333,9566,7,13,1,0,0,25,21,14,0,13,7,FALSE,0,FALSE
1205.6675,20.314,19.896,16.505,15.458,3.092,19,17,5,360910.03,69,69,69,69,103,102,100,99,20.343,20.315,22.405,22.345,3075.906,92881,29966,0,300,9566,7,13,1,0,0,25,21,14,0,13,7,FALSE,0,FALSE
1206.1656,20.321,19.903,16.505,15.458,3.078,19,17,5,352903.97,69,69,69,69,103,102,100,99,20.338,20.311,22.4,22.34,3114.164,92881,29966,0,300,9500,7,13,1,0,0,25,21,14,0,13,7,FALSE,0,FALSE
1206.6678,20.328,19.91,16.505,15.458,3.064,19,17,5,345046.97,69,69,69,69,103,102,100,99,20.333,20.307,22.394,22.335,3153.57,92881,29966,0,283,9466,7,13,1,0,0,25,21,14,0,13,7,FALSE,0,FALSE
1207.1705,20.335,19.917,16.505,15.458,3.051,19,17,5,342497.4,69,69,69,69,103,102,100,99,20.328,20.302,22.388,22.329,3195.32,92881,29966,0,266,9466,7,13,1,0,0,25,21,14,0,13,7,FALSE,0,FALSE
1207.6691,20.342,19.923,16.505,15.458,3.037,19,17,5,334893.1,69,69,69,69,102,102,100,99,20.323,20.296,22.381,22.322,3236.562,92881,29966,0,267,9434,7,13,1,0,0,25,21,14,0,13,7,FALSE,0,FALSE
1208.1675,20.348,19.929,16.505,15.458,3.024,19,17,5,327717.94,69,69,69,69,102,102,100,99,20.317,20.291,22.374,22.316,3277.219,92881,29966,0,267,9400,7,13,1,0,0,25,21,14,0,13,7,FALSE,0,FALSE
1208.6692,20.355,19.936,16.505,15.458,3.01,19,17,5,320234.4,68,69,69,69,102,102,100,99,20.311,20.284,22.366,22.308,3321.461,92881,29966,0,250,9400,7,13,1,0,0,25,21,14,0,13,7,FALSE,0,FALSE
1209.6666,20.395,19.985,16.557,15.521,2.999,19,17,5,366627.47,72,75,75,78,102,102,100,99,20.306,20.281,22.364,22.308,3396.375,92881,29966,0,216,9316,7,13,1,0,0,25,21,14,0,13,7,FALSE,0,FALSE
1210.1665,20.407,20.002,16.573,15.536,2.999,19,17,5,395093.6,70,73,73,75,102,102,100,99,20.307,20.283,22.369,22.314,3423.797,92881,29966,0,216,9316,7,13,1,0,0,25,21,14,0,13,7,FALSE,0,FALSE
1210.6683,20.43,20.033,16.611,15.583,2.999,19,17,5,419049.53,74,79,80,87,102,102,100,99,20.308,20.287,22.374,22.321,3446.734,92881,29966,0,216,9383,7,13,1,0,0,25,21,14,0,13,7,FALSE,0,FALSE
1211.1686,20.456,20.066,16.655,15.644,2.993,19,17,5,428270.34,77,81,84,93,102,102,100,99,20.312,20.293,22.382,22.333,3470.117,92881,29966,0,266,9416,7,13,1,0,0,25,21,14,0,13,7,FALSE,0,FALSE
1212.1672,20.521,20.147,16.731,15.74,2.976,19,17,5,441788.94,80,86,82,89,102,102,100,100,20.321,20.307,22.397,22.355,3517.219,92881,29966,0,283,9416,7,13,1,0,0,25,21,14,0,13,7,FALSE,0,FALSE
1213.1661,20.587,20.227,16.782,15.799,2.954,19,17,5,454049.25,78,82,76,80,103,102,100,100,20.329,20.321,22.405,22.368,3563.32,92881,29966,0,267,9400,7,13,1,0,0,25,21,14,0,13,7,FALSE,0,FALSE
1213.669,20.621,20.265,16.806,15.823,2.941,19,17,5,458613.3,78,82,76,78,103,102,100,100,20.332,20.326,22.407,22.371,3588.578,92881,29966,0,267,9417,7,13,1,0,0,25,21,14,0,13,7,FALSE,0,FALSE
1214.1676,20.663,20.314,16.835,15.855,2.928,19,17,5,452124.16,79,84,77,79,103,103,100,100,20.334,20.331,22.408,22.374,3615.734,92881,29966,0,250,9417,7,13,1,0,0,25,21,14,0,13,7,FALSE,0,FALSE
1214.6665,20.7,20.359,16.862,15.883,2.914,19,17,5,444858.1,76,81,75,77,103,103,100,100,20.337,20.336,22.409,22.376,3644.875,92881,29966,0,250,9417,7,13,1,0,0,25,21,14,0,13,7,FALSE,0,FALSE
1215.167,20.719,20.383,16.875,15.895,2.901,19,17,5,442382.06,72,76,72,73,103,103,100,100,20.336,20.337,22.408,22.376,3676.344,92881,29966,0,266,9433,7,13,1,0,0,25,21,14,0,13,7,FALSE,0,FALSE
1215.6682,20.733,20.4,16.881,15.9,2.887,19,17,5,433809.12,70,72,69,69,103,103,100,100,20.334,20.337,22.405,22.374,3709.555,92881,29966,0,266,9433,7,13,1,0,0,25,21,14,0,13,7,FALSE,0,FALSE
1216.1711,20.762,20.424,16.908,15.925,2.873,19,17,5,424879.2,77,75,78,74,103,103,100,100,20.332,20.335,22.403,22.37,3744.812,92881,29966,0,267,9434,7,13,1,0,0,25,21,14,0,13,7,FALSE,0,FALSE
1217.1687,20.874,20.517,17.027,16.034,2.847,19,17,5,413297.56,84,79,86,82,103,103,100,100,20.336,20.335,22.404,22.369,3814.062,92881,29966,0,267,9434,7,13,1,0,0,25,21,14,0,13,7,FALSE,0,FALSE
1217.6682,20.939,20.571,17.112,16.108,2.833,19,17,5,404655.7,84,79,90,84,103,103,100,100,20.338,20.335,22.406,22.369,3851.289,92881,29966,0,267,9433,7,13,1,0,0,25,21,14,0,13,7,FALSE,0,FALSE
1218.1711,21.016,20.636,17.214,16.195,2.819,19,17,5,395740.16,85,80,91,85,103,103,100,100,20.34,20.335,22.409,22.37,3890.016,92881,29966,0,267,9450,7,13,1,0,0,25,21,14,0,13,7,FALSE,0,FALSE
1218.6682,21.091,20.699,17.312,16.28,2.806,19,17,5,387503.94,86,81,92,85,103,103,101,100,20.343,20.335,22.412,22.37,3925.844,92881,29966,0,267,9450,7,13,1,0,0,25,21,14,0,13,7,FALSE,0,FALSE
1219.1692,21.162,20.759,17.388,16.349,2.792,19,17,5,378829.22,81,78,84,79,103,103,101,100,20.344,20.335,22.413,22.369,3963.07,92881,29966,0,267,9434,7,13,1,0,0,25,21,14,0,13,7,FALSE,0,FALSE
1219.6698,21.188,20.779,17.402,16.363,2.778,19,17,5,370559.78,72,71,71,69,103,103,100,100,20.342,20.331,22.409,22.364,4000.109,92881,29966,0,250,9433,7,13,1,0,0,25,21,14,0,13,7,FALSE,0,FALSE
1220.1631,21.205,20.795,17.421,16.38,2.771,19,17,5,390596.62,72,71,73,72,103,102,100,100,20.338,20.327,22.405,22.36,4034.602,92881,29966,39984,250,9433,7,13,1,0,0,25,21,14,0,13,7,FALSE,0,FALSE
1221.1661,21.246,20.826,17.469,16.423,2.77,19,17,5,446152.47,78,73,83,78,103,102,100,100,20.338,20.325,22.41,22.364,4087.109,92881,29966,39984,250,9500,7,13,1,0,0,25,21,14,0,13,7,FALSE,0,FALSE
1221.6696,21.284,20.855,17.536,16.474,2.77,19,17,5,464727.1,82,76,95,86,103,103,101,100,20.344,20.327,22.419,22.371,4108.016,92881,29966,39984,317,9500,7,13,1,0,0,25,21,14,0,13,7,FALSE,0,FALSE
1222.667,21.337,20.897,17.634,16.547,2.76,19,17,5,481182.53,83,77,92,83,103,103,101,100,20.353,20.332,22.442,22.386,4146.719,92881,29966,39984,366,9550,7,13,1,0,0,25,21,14,0,13,7,FALSE,0,FALSE
1223.1647,21.378,20.933,17.665,16.571,2.75,19,17,5,487637.88,86,82,87,79,103,103,101,100,20.359,20.336,22.451,22.391,4169.414,92881,29966,39984,366,9550,7,13,1,0,0,25,21,14,0,13,7,FALSE,0,FALSE
1223.6677,21.42,20.971,17.682,16.585,2.739,19,17,5,493787.38,86,82,79,73,103,103,101,100,20.366,20.341,22.455,22.393,4190.758,92881,29966,39984,366,9600,7,13,1,0,0,25,21,14,0,13,7,FALSE,0,FALSE
1224.1685,21.448,20.999,17.691,16.594,2.725,19,17,5,489611.78,81,79,74,71,103,103,101,100,20.37,20.344,22.457,22.393,4213.891,92881,29966,39984,400,9600,7,13,1,0,0,25,21,14,0,13,7,FALSE,0,FALSE
1224.6694,21.478,21.028,17.701,16.604,2.712,19,17,5,489308.06,77,76,72,70,103,103,101,100,20.373,20.346,22.456,22.392,4240.734,92881,29966,39984,400,9600,7,13,1,0,0,25,21,14,0,13,7,FALSE,0,FALSE
1225.1666,21.491,21.038,17.701,16.604,2.699,19,17,5,482777.9,72,72,69,68,103,103,101,100,20.372,20.346,22.454,22.389,4268.203,92881,29966,39984,350,9567,7,13,1,0,0,25,21,14,0,13,7,FALSE,0,FALSE
1226.1697,21.513,21.059,17.701,16.604,2.672,19,17,5,471873.84,71,71,68,68,103,103,101,100,20.368,20.341,22.446,22.382,4331.805,92881,29966,39984,317,9567,7,13,1,0,0,25,21,14,0,13,7,FALSE,0,FALSE
1226.6669,21.521,21.067,17.701,16.604,2.659,19,17,5,463520.03,71,70,69,69,103,103,101,100,20.365,20.338,22.442,22.378,4364.383,92881,29966,39984,300,9533,7,13,1,0,0,25,21,14,0,13,7,FALSE,0,FALSE
1227.1658,21.529,21.075,17.701,16.604,2.646,19,17,5,460288.8,70,70,69,69,103,103,101,100,20.361,20.334,22.437,22.373,4399.508,92881,29966,39984,300,9533,7,13,1,0,0,25,21,14,0,13,7,FALSE,0,FALSE
1227.6653,21.536,21.082,17.701,16.604,2.632,19,17,5,451646.94,70,70,68,68,103,103,101,100,20.357,20.33,22.431,22.368,4435.766,92881,29966,39984,300,9533,7,13,1,0,0,25,21,14,0,13,7,FALSE,0,FALSE
1228.6693,21.55,21.097,17.701,16.604,2.604,19,17,5,434075.12,70,70,69,69,103,102,101,100,20.347,20.321,22.418,22.356,4512.984,92881,29966,39984,300,9500,7,13,1,0,0,25,21,14,0,13,7,FALSE,0,FALSE
1229.1669,21.557,21.104,17.701,16.604,2.591,19,17,5,425721.3,70,70,69,69,103,102,101,99,20.342,20.316,22.412,22.349,4551.164,92881,29966,39984,283,9500,7,13,1,0,0,25,21,14,0,13,7,FALSE,0,FALSE
1230.1661,21.57,21.117,17.701,16.604,2.564,19,17,5,413975.7,71,71,70,70,103,102,100,99,20.331,20.305,22.397,22.335,4632.555,92881,29966,39984,284,9500,7,13,1,0,0,25,21,14,0,13,7,FALSE,0,FALSE
1230.6674,21.576,21.123,17.701,16.604,2.55,19,17,5,405333.8,72,72,71,70,102,102,100,99,20.325,20.3,22.389,22.328,4674.172,92881,29966,39984,284,9484,7,13,1,0,0,25,21,14,0,13,7,FALSE,0,FALSE
1231.1687,21.583,21.13,17.701,16.604,2.536,19,17,5,396700.38,72,72,70,70,102,102,100,99,20.319,20.294,22.381,22.32,4716.367,92881,29966,39984,267,9450,7,13,1,0,0,25,21,14,0,13,7,FALSE,0,FALSE
1231.6658,21.59,21.136,17.701,16.604,2.522,19,17,5,388168.2,72,72,70,70,102,102,100,99,20.313,20.288,22.373,22.312,4759.062,92881,29966,39984,250,9450,7,13,1,0,0,25,21,14,0,13,7,FALSE,0,FALSE
1232.1691,21.597,21.143,17.701,16.604,2.508,19,17,5,379483.34,71,71,70,69,102,102,100,99,20.306,20.281,22.364,22.304,4803.664,92881,29966,39984,250,9417,7,13,1,0,0,25,21,14,0,13,7,FALSE,0,FALSE
1232.6692,21.624,21.172,17.746,16.637,2.503,19,17,5,408212.5,73,73,77,76,102,102,100,99,20.302,20.278,22.363,22.302,4843.266,92881,29966,39984,250,9400,7,13,1,0,0,25,21,14,0,13,7,FALSE,0,FALSE
1233.1658,21.648,21.199,17.773,16.662,2.502,19,17,5,437413.94,73,73,75,74,102,102,100,99,20.303,20.279,22.367,22.307,4872.844,92881,29966,39984,233,9400,7,13,1,0,0,25,21,14,0,13,7,FALSE,0,FALSE
1233.6676,21.664,21.212,17.786,16.675,2.502,19,17,5,462683.94,73,70,74,73,102,102,100,99,20.305,20.281,22.373,22.312,4896.773,92881,29966,39984,233,9433,7,13,1,0,0,25,21,14,0,13,7,FALSE,0,FALSE
1234.1683,21.686,21.228,17.819,16.702,2.502,19,17,5,480762.66,76,72,83,77,102,102,100,99,20.308,20.283,22.379,22.318,4916.227,92881,29966,39984,250,9433,7,13,1,0,0,25,21,14,0,13,7,FALSE,0,FALSE
1234.669,21.713,21.248,17.866,16.735,2.501,19,17,5,494313.34,79,74,91,81,102,102,100,99,20.314,20.286,22.39,22.325,4933.906,92881,29966,39984,250,9434,7,13,1,0,0,25,21,14,0,13,7,FALSE,0,FALSE
1235.1667,21.729,21.262,17.905,16.759,2.496,19,17,5,500411.25,78,75,92,80,102,102,100,99,20.318,20.289,22.402,22.333,4956.836,92881,29966,39984,250,9434,7,13,1,0,0,25,21,14,0,13,7,FALSE,0,FALSE
1235.6616,21.763,21.292,17.927,16.775,2.488,19,17,5,506797.22,85,80,85,76,102,102,101,99,20.324,20.293,22.411,22.339,4973.672,92881,29966,39984,250,9434,7,13,1,0,0,25,21,14,0,13,7,FALSE,0,FALSE
1236.164,21.815,21.338,17.935,16.781,2.48,19,17,5,513421.62,88,84,76,71,103,102,101,99,20.334,20.301,22.417,22.342,4992.195,92881,29966,39984,250,9417,7,13,1,0,0,25,21,14,0,13,7,FALSE,0,FALSE
1236.666,21.831,21.354,17.949,16.794,2.469,19,17,5,517063.9,79,76,77,72,103,102,101,99,20.339,20.305,22.42,22.344,5012.062,92881,29966,39984,250,9417,7,13,1,0,0,25,21,14,0,13,7,FALSE,0,FALSE
1237.1638,21.889,21.406,17.971,16.811,2.458,19,17,5,523447,90,87,78,72,103,102,101,99,20.346,20.31,22.424,22.346,5033.07,92881,29966,39984,217,9483,7,13,1,0,0,25,21,14,0,13,7,FALSE,0,FALSE
1237.6646,21.927,21.441,17.977,16.816,2.445,19,17,5,521477.7,79,78,71,69,103,102,101,99,20.353,20.317,22.426,22.347,5056.383,92881,29966,39984,217,9483,7,13,1,0,0,25,21,14,0,13,7,FALSE,0,FALSE
1238.1658,21.942,21.457,17.977,16.817,2.432,19,17,5,490051.6,74,73,69,68,103,102,101,99,20.355,20.318,22.425,22.346,5083.07,92881,29966,39984,283,9483,7,13,1,0,0,25,21,14,0,13,7,FALSE,0,FALSE
1238.6658,21.957,21.472,17.977,16.817,2.418,19,17,5,441808.03,72,71,68,68,103,102,101,99,20.354,20.318,22.423,22.344,5112.547,92881,29966,39984,283,9550,7,13,1,0,0,25,21,14,0,13,7,FALSE,0,FALSE
1239.1665,21.969,21.484,17.977,16.817,2.405,19,17,5,392370.22,72,71,68,69,103,102,101,99,20.353,20.317,22.42,22.342,5144.227,92881,29966,39984,334,9550,7,13,1,0,0,25,21,14,0,13,7,FALSE,0,FALSE
1239.6678,21.979,21.494,17.977,16.817,2.392,19,17,5,352968.4,71,71,69,69,103,102,101,99,20.351,20.315,22.416,22.339,5177.938,92881,29966,39984,350,9567,7,13,1,0,0,25,21,14,0,13,7,FALSE,0,FALSE
1240.1683,21.986,21.502,17.977,16.817,2.378,19,17,5,345109.94,71,70,69,69,103,102,101,99,20.349,20.312,22.413,22.336,5213.258,92881,29966,39984,350,9567,7,13,1,0,0,25,21,14,0,13,7,FALSE,0,FALSE
1240.6631,21.994,21.509,17.977,16.817,2.365,19,17,5,342855.66,71,71,69,69,103,102,100,99,20.346,20.31,22.408,22.332,5249.734,92881,29966,39984,367,9567,7,13,1,0,0,25,21,14,0,13,7,FALSE,0,FALSE
1241.1677,22.001,21.516,17.977,16.817,2.351,19,17,5,335242.6,70,71,69,69,103,102,100,99,20.342,20.306,22.404,22.328,5287.32,92881,29966,39984,367,9550,7,13,1,0,0,25,21,14,0,13,7,FALSE,0,FALSE
1241.6621,22.008,21.523,17.977,16.817,2.337,19,17,5,327814.6,70,70,69,69,103,102,100,99,20.338,20.303,22.398,22.323,5325.953,92881,29966,39984,367,9550,7,13,1,0,0,25,21,14,0,13,7,FALSE,0,FALSE
1242.1672,22.015,21.53,17.977,16.817,2.323,19,17,5,320567.16,69,69,69,69,103,102,100,99,20.333,20.298,22.393,22.318,5365.633,92881,29966,39984,367,9517,7,13,1,0,0,25,21,14,0,13,7,FALSE,0,FALSE
1242.6649,22.021,21.536,17.977,16.817,2.311,19,17,5,318718.38,69,69,69,69,103,102,100,99,20.328,20.293,22.386,22.312,5406.07,92881,29966,39984,367,9517,7,13,1,0,0,25,21,14,0,13,7,FALSE,0,FALSE
1243.1622,22.027,21.542,17.977,16.817,2.297,19,17,6,311695.62,69,69,69,69,102,102,100,99,20.322,20.287,22.38,22.306,38.578,92889,0,0,366,9517,7,14,1,0,0,25,21,14,0,13,7,FALSE,0,FALSE
1243.6641,22.034,21.549,17.977,16.817,2.283,19,17,6,305247.16,69,69,69,69,102,102,100,99,20.316,20.282,22.373,22.299,80.742,92889,0,0,366,9517,7,14,1,0,0,25,21,14,0,13,7,FALSE,0,FALSE
1244.1633,22.04,21.555,17.977,16.817,2.269,19,17,6,299572.4,70,70,70,70,102,102,100,99,20.309,20.275,22.365,22.292,123.617,92889,0,0,366,9483,7,14,1,0,0,25,21,14,0,13,7,FALSE,0,FALSE
1244.6611,22.046,21.562,17.977,16.817,2.256,19,17,6,294571.75,70,69,70,69,102,101,100,98,20.303,20.269,22.357,22.285,167.148,92889,0,0,350,9483,7,14,1,0,0,25,21,14,0,13,7,FALSE,0,FALSE
1245.1667,22.052,21.568,17.977,16.817,2.242,19,17,6,289866.56,70,69,70,69,102,101,99,98,20.296,20.262,22.349,22.277,211.273,92889,0,0,350,9483,7,14,1,0,0,25,21,14,0,13,7,FALSE,0,FALSE
1245.6592,22.058,21.574,17.977,16.817,2.228,19,17,6,285275.62,71,70,70,70,102,101,99,98,20.288,20.255,22.34,22.268,255.914,92889,0,0,333,9483,7,14,1,0,0,25,21,14,0,13,7,FALSE,0,FALSE
1246.1675,22.064,21.58,17.977,16.817,2.214,19,17,6,280836,69,69,70,69,102,101,99,98,20.281,20.247,22.331,22.26,301.008,92889,0,0,333,9333,7,14,1,0,0,25,21,14,0,13,7,FALSE,0,FALSE
1246.6632,22.07,21.585,17.977,16.817,2.2,19,17,6,276645.03,70,70,70,69,101,101,99,98,20.273,20.24,22.322,22.251,346.523,92889,0,0,333,9333,7,14,1,0,0,25,21,14,0,13,7,FALSE,0,FALSE
1247.6632,22.082,21.597,17.977,16.817,2.173,19,17,6,268879.28,70,70,70,70,101,101,99,98,20.256,20.224,22.303,22.233,438.555,92889,0,0,317,9250,7,14,1,0,0,25,21,14,0,13,7,FALSE,0,FALSE
1248.663,22.093,21.608,17.977,16.817,2.145,19,17,6,261801.47,70,70,70,70,101,100,98,97,20.238,20.206,22.283,22.214,531.672,92889,0,0,300,9150,7,14,1,0,0,25,21,14,0,13,7,FALSE,0,FALSE
1249.166,22.099,21.614,17.977,16.817,2.132,19,17,6,258484.83,71,70,70,70,101,100,98,97,20.229,20.197,22.273,22.204,578.578,92889,0,0,283,9150,7,14,1,0,0,25,21,14,0,13,7,FALSE,0,FALSE
1249.6624,22.12,21.634,18.004,16.845,2.125,19,17,6,284576.4,73,73,75,74,101,100,98,97,20.223,20.191,22.269,22.2,623.031,92889,0,0,283,9067,7,14,1,0,0,25,21,14,0,13,7,FALSE,0,FALSE
1250.1626,22.154,21.663,18.036,16.879,2.123,19,17,6,317774.38,74,74,76,75,101,100,98,97,20.223,20.192,22.273,22.205,658.18,92889,0,0,284,9067,7,14,1,0,0,25,21,14,0,13,7,FALSE,0,FALSE
1250.6561,22.215,21.694,18.057,16.905,2.122,19,17,6,344658.06,85,76,74,75,101,100,98,97,20.229,20.196,22.28,22.212,684.852,92889,0,0,284,9067,7,14,1,0,0,25,21,14,0,13,7,FALSE,0,FALSE
1251.1661,22.26,21.707,18.065,16.913,2.122,19,17,6,366142.12,86,73,72,72,101,100,98,97,20.238,20.201,22.287,22.219,704.867,92889,0,0,283,9067,7,14,1,0,0,25,21,14,0,13,7,FALSE,0,FALSE
1251.6655,22.317,21.753,18.101,16.94,2.122,19,17,6,380043.16,99,88,85,79,101,100,99,97,20.25,20.208,22.295,22.226,719.133,92889,0,0,283,9067,7,14,1,0,0,25,21,14,0,13,7,FALSE,0,FALSE
1252.1648,22.403,21.828,18.113,16.952,2.122,19,17,6,388095.3,117,109,83,78,101,101,99,98,20.272,20.225,22.305,22.235,729.102,92889,0,0,283,9083,7,14,1,0,0,25,21,14,0,13,7,FALSE,0,FALSE
1253.1678,22.441,21.859,18.141,16.973,2.118,19,17,6,397168.75,91,85,83,76,102,101,99,98,20.312,20.259,22.324,22.249,749.859,92889,0,0,200,9083,7,14,1,0,0,25,21,14,0,13,7,FALSE,0,FALSE
1253.6637,22.451,21.869,18.157,16.982,2.114,19,17,6,402193.6,83,79,83,74,102,101,99,98,20.321,20.266,22.333,22.256,761,92889,0,0,200,9083,7,14,1,0,0,25,21,14,0,13,7,FALSE,0,FALSE
1254.1677,22.46,21.877,18.161,16.986,2.109,19,17,6,407693.66,78,75,78,71,103,101,99,98,20.327,20.271,22.34,22.261,771.672,92889,0,0,200,9517,7,14,1,0,0,25,21,14,0,13,7,FALSE,0,FALSE
1255.1676,22.485,21.909,18.164,16.988,2.093,19,17,6,418188.22,76,76,69,67,103,102,99,98,20.335,20.279,22.348,22.266,799.609,92889,0,0,583,9517,7,14,1,0,0,25,21,14,0,13,7,FALSE,0,FALSE
1255.667,22.512,21.935,18.173,17.002,2.083,19,17,6,425917.22,80,80,70,73,103,102,99,98,20.339,20.284,22.349,22.268,817.453,92889,0,0,583,9517,7,14,1,0,0,25,21,14,0,13,7,FALSE,0,FALSE
1256.1681,22.569,21.999,18.191,17.025,2.074,19,17,6,432462.03,93,97,73,78,103,102,100,98,20.346,20.292,22.351,22.273,837.891,92889,0,0,583,9433,7,14,1,0,0,25,21,14,0,13,7,FALSE,0,FALSE
1256.6658,22.621,22.062,18.203,17.039,2.066,19,17,6,439360.66,89,92,72,74,103,102,100,98,20.357,20.307,22.354,22.278,863.312,92889,0,0,433,9433,7,14,1,0,0,25,21,14,0,13,7,FALSE,0,FALSE
1257.169,22.636,22.081,18.225,17.063,2.057,19,17,6,445894.25,77,81,76,79,103,102,100,98,20.361,20.313,22.355,22.28,883.141,92889,0,0,433,9433,7,14,1,0,0,25,21,14,0,13,7,FALSE,0,FALSE
1257.6681,22.684,22.134,18.248,17.087,2.047,19,17,6,452522.6,85,86,75,78,103,102,100,98,20.365,20.319,22.358,22.284,905.086,92889,0,0,400,9433,7,14,1,0,0,25,21,14,0,13,7,FALSE,0,FALSE
1258.1675,22.747,22.188,18.252,17.094,2.034,19,17,6,452858.38,99,92,70,73,103,102,100,98,20.371,20.324,22.358,22.286,929.039,92889,0,0,400,9433,7,14,1,0,0,25,21,14,0,13,7,FALSE,0,FALSE
1258.6659,22.814,22.332,18.266,17.098,2.022,19,17,6,456998.34,89,110,74,66,103,103,100,98,20.379,20.34,22.358,22.285,955.711,92889,0,0,483,9550,7,14,1,0,0,25,21,14,0,13,7,FALSE,0,FALSE
1260.164,23.246,22.703,18.309,17.149,1.997,19,17,6,466816,83,82,70,71,104,104,100,98,20.43,20.392,22.357,22.283,1034.461,92889,0,0,733,9817,7,14,1,0,0,25,21,14,0,13,7,FALSE,0,FALSE
1260.6632,23.261,22.72,18.312,17.152,1.984,19,17,6,462316.53,74,75,68,69,104,104,100,98,20.429,20.392,22.353,22.28,1060.609,92889,0,0,733,9817,7,14,1,0,0,25,21,14,0,13,7,FALSE,0,FALSE
1261.166,23.277,22.737,18.313,17.153,1.971,19,17,6,440544.5,72,73,68,68,104,104,99,98,20.427,20.39,22.349,22.276,1088.867,92889,0,0,733,9817,7,14,1,0,0,25,21,14,0,13,7,FALSE,0,FALSE
1262.1621,23.304,22.764,18.313,17.153,1.944,19,17,6,341017.34,71,71,69,68,104,104,99,98,20.419,20.383,22.339,22.267,1152.164,92889,0,0,934,10133,7,14,1,0,0,25,21,14,0,13,7,FALSE,0,FALSE
1262.666,23.315,22.775,18.313,17.153,1.93,19,17,6,296062.6,71,70,69,69,104,103,99,98,20.414,20.379,22.334,22.262,1186.688,92889,0,0,1067,10133,7,14,1,0,0,25,21,14,0,13,7,FALSE,0,FALSE
1263.665,23.332,22.792,18.313,17.153,1.904,19,17,6,246433.94,70,70,69,69,104,103,99,98,20.403,20.368,22.322,22.251,1260.031,92889,0,0,1183,10183,7,14,1,0,0,25,21,14,0,13,7,FALSE,0,FALSE
1264.1656,23.34,22.8,18.313,17.153,1.89,19,17,6,242742.86,70,70,69,69,104,103,99,98,20.397,20.362,22.316,22.245,1298.43,92889,0,0,1183,10233,7,14,1,0,0,25,21,14,0,13,7,FALSE,0,FALSE
1264.6647,23.346,22.806,18.313,17.153,1.876,19,17,6,239089.64,70,70,70,69,104,103,99,98,20.39,20.356,22.309,22.239,1337.758,92889,0,0,1216,10233,7,14,1,0,0,25,21,14,0,13,7,FALSE,0,FALSE
1265.1652,23.353,22.813,18.313,17.153,1.862,19,17,6,235473.88,70,70,70,69,104,103,99,98,20.383,20.35,22.302,22.232,1377.891,92889,0,0,1234,10233,7,14,1,0,0,25,21,14,0,13,7,FALSE,0,FALSE
1265.6647,23.361,22.821,18.318,17.158,1.849,19,17,6,237681.58,71,71,72,72,103,103,99,97,20.376,20.343,22.295,22.225,1418.633,92889,0,0,1234,10250,7,14,1,0,0,25,21,14,0,13,7,FALSE,0,FALSE
1266.1658,23.395,22.845,18.36,17.193,1.848,19,17,6,271154.38,77,74,79,76,103,103,99,97,20.375,20.341,22.297,22.227,1453.359,92889,0,0,1234,10250,7,14,1,0,0,25,21,14,0,13,7,FALSE,0,FALSE
1267.1654,23.431,22.893,18.405,17.226,1.847,19,17,6,321038.12,76,73,80,76,103,103,99,98,20.378,20.345,22.308,22.237,1501.938,92889,0,0,1266,10317,7,14,1,0,0,25,21,14,0,13,7,FALSE,0,FALSE
1267.6672,23.465,22.919,18.462,17.271,1.847,19,17,6,336618.1,83,78,95,85,104,103,99,98,20.383,20.349,22.319,22.246,1518.438,92889,0,0,1300,10317,7,14,1,0,0,25,21,14,0,13,7,FALSE,0,FALSE
1268.1683,23.488,22.934,18.51,17.313,1.843,19,17,6,342960.53,82,75,96,89,104,103,99,98,20.389,20.352,22.332,22.257,1541.117,92889,0,0,1300,10317,7,14,1,0,0,25,21,14,0,13,7,FALSE,0,FALSE
1268.6664,23.52,22.961,18.546,17.339,1.837,19,17,6,349327.66,85,80,93,84,104,103,99,98,20.396,20.356,22.345,22.266,1565.18,92889,0,0,1300,10334,7,14,1,0,0,25,21,14,0,13,7,FALSE,0,FALSE
1269.1652,23.569,23.003,18.57,17.356,1.831,19,17,6,355877.84,93,86,87,79,104,103,100,98,20.405,20.362,22.355,22.273,1582.758,92889,0,0,1233,10283,7,14,1,0,0,25,21,14,0,13,7,FALSE,0,FALSE
1269.6678,23.606,23.033,18.593,17.373,1.824,19,17,6,362385.06,89,83,84,76,104,103,100,98,20.414,20.369,22.362,22.278,1599.633,92889,0,0,1233,10283,7,14,1,0,0,25,21,14,0,13,7,FALSE,0,FALSE
1270.1666,23.626,23.05,18.602,17.382,1.816,19,17,6,367892.97,81,77,76,72,104,103,100,98,20.42,20.373,22.367,22.281,1617.492,92889,0,0,1233,10283,7,14,1,0,0,25,21,14,0,13,7,FALSE,0,FALSE
1270.6676,23.641,23.065,18.604,17.385,1.804,19,17,6,367007.62,76,74,71,69,104,103,100,98,20.423,20.374,22.369,22.283,1638.352,92889,0,0,1184,10283,7,14,1,0,0,25,21,14,0,13,7,FALSE,0,FALSE
1271.1655,23.669,23.094,18.605,17.386,1.79,19,17,6,340744.94,79,78,69,68,104,103,100,98,20.425,20.376,22.369,22.282,1661.781,92889,0,0,1184,10283,7,14,1,0,0,25,21,14,0,13,7,FALSE,0,FALSE
1272.1661,23.708,23.131,18.607,17.388,1.764,19,17,6,286112.97,73,74,68,69,104,103,100,98,20.425,20.377,22.366,22.279,1716.75,92889,0,0,1166,10283,7,14,1,0,0,25,21,14,0,13,7,FALSE,0,FALSE
1272.6646,23.722,23.148,18.614,17.394,1.751,19,17,6,265998.25,73,74,70,71,104,103,100,98,20.424,20.376,22.363,22.278,1747.25,92889,0,0,1166,10283,7,14,1,0,0,25,21,14,0,13,7,FALSE,0,FALSE
1273.6653,23.75,23.183,18.63,17.408,1.724,19,17,6,232051.61,72,74,71,71,104,103,100,98,20.419,20.374,22.358,22.275,1814.281,92889,30829,0,1166,10283,7,14,1,0,0,25,21,14,0,13,7,FALSE,0,FALSE
1274.6655,23.823,23.247,18.723,17.49,1.712,19,17,6,267026.66,86,81,95,87,104,103,100,98,20.417,20.373,22.359,22.276,1880.016,92889,30829,0,1167,10267,7,14,1,0,0,25,21,14,0,13,7,FALSE,0,FALSE
1275.1666,23.878,23.291,18.832,17.578,1.709,19,17,6,275744.16,85,79,102,93,104,103,100,98,20.423,20.377,22.371,22.284,1909.242,92889,30829,0,1200,10267,7,14,1,0,0,25,21,14,0,13,7,FALSE,0,FALSE
1275.6659,23.923,23.325,18.922,17.652,1.706,19,17,6,284557.1,85,78,100,91,104,103,100,99,20.428,20.378,22.383,22.292,1937.406,92889,30829,0,1184,10250,7,14,1,0,0,25,21,14,0,13,7,FALSE,0,FALSE
1276.1642,23.977,23.366,18.974,17.693,1.699,19,17,6,293493.5,86,79,88,81,104,103,100,99,20.433,20.38,22.391,22.298,1962.68,92889,30829,0,1184,10250,7,14,1,0,0,25,21,14,0,13,7,FALSE,0,FALSE
1276.6667,23.997,23.385,18.985,17.705,1.688,19,17,6,296459.47,75,74,74,75,104,103,100,99,20.435,20.38,22.393,22.298,1988.633,92889,30829,0,1183,10250,7,14,1,0,0,25,21,14,0,13,7,FALSE,0,FALSE
1277.1647,24.028,23.427,19.025,17.754,1.681,19,17,6,308408.2,77,84,80,83,104,103,100,99,20.434,20.381,22.392,22.3,2016.414,92889,30829,0,1183,10250,7,14,1,0,0,25,21,14,0,13,7,FALSE,0,FALSE
1277.6653,24.063,23.473,19.059,17.795,1.671,19,17,6,311863.6,79,82,78,83,104,104,100,99,20.433,20.384,22.392,22.302,2045.508,92889,30829,0,1266,10316,7,14,1,0,0,25,21,14,0,13,7,FALSE,0,FALSE
1278.1653,24.103,23.519,19.083,17.823,1.657,19,17,6,306820.84,79,82,74,78,104,104,100,99,20.433,20.386,22.391,22.304,2074.523,92889,30829,0,1384,10417,7,14,1,0,0,25,21,14,0,13,7,FALSE,0,FALSE
1278.6603,24.122,23.541,19.093,17.832,1.643,19,17,6,301686.8,73,75,71,72,104,104,100,99,20.431,20.386,22.387,22.302,2104.242,92889,30829,0,1384,10417,7,14,1,0,0,25,21,14,0,13,7,FALSE,0,FALSE
1279.1676,24.138,23.562,19.106,17.844,1.63,19,17,6,301549.9,73,75,72,73,104,104,100,99,20.427,20.384,22.383,22.298,2135.852,92889,30829,0,1450,10466,7,14,1,0,0,25,21,14,0,13,7,FALSE,0,FALSE
1279.6652,24.155,23.584,19.116,17.854,1.617,19,17,6,296319.47,73,74,71,71,104,104,100,99,20.423,20.381,22.378,22.294,2168.758,92889,30829,0,1450,10466,7,14,1,0,0,25,21,14,0,13,7,FALSE,0,FALSE
1280.1648,24.176,23.605,19.142,17.88,1.613,19,17,6,322904.88,74,74,75,75,104,103,100,99,20.421,20.38,22.378,22.295,2198.594,92889,30829,0,1450,10466,7,14,1,0,0,25,21,14,0,13,7,FALSE,0,FALSE
1280.6633,24.189,23.615,19.15,17.888,1.612,19,17,6,348106.38,72,71,73,72,104,103,100,99,20.421,20.38,22.381,22.298,2221.734,92889,30829,0,1450,10600,7,14,1,0,0,25,21,14,0,13,7,FALSE,0,FALSE
1281.1619,24.204,23.627,19.164,17.903,1.612,19,17,6,368809.3,75,71,76,74,104,103,100,99,20.421,20.38,22.385,22.302,2239.961,92889,30829,0,1550,10600,7,14,1,0,0,25,21,14,0,13,7,FALSE,0,FALSE
1281.6656,24.22,23.638,19.183,17.919,1.612,19,17,6,379456.12,76,71,79,75,104,103,100,99,20.424,20.38,22.39,22.306,2254.492,92889,30829,0,1550,10600,7,14,1,0,0,25,21,14,0,13,7,FALSE,0,FALSE
1282.1633,24.232,23.647,19.202,17.932,1.612,19,17,6,387577.56,75,71,81,74,104,103,100,99,20.426,20.381,22.396,22.31,2268.047,92889,30829,0,1550,10600,7,14,1,0,0,25,21,14,0,13,7,FALSE,0,FALSE
1283.1659,24.262,23.669,19.274,17.987,1.61,19,17,6,402063.38,79,73,95,85,104,104,101,99,20.431,20.382,22.415,22.322,2301.391,92889,30829,0,1383,10517,7,14,1,0,0,25,21,14,0,13,7,FALSE,0,FALSE
1283.6659,24.28,23.683,19.296,18.004,1.606,19,17,6,408157.03,81,75,91,82,104,104,101,99,20.434,20.383,22.425,22.329,2312.836,92889,30829,0,1383,10517,7,14,1,0,0,25,21,14,0,13,7,FALSE,0,FALSE
1284.6655,24.313,23.715,19.306,18.012,1.592,19,17,6,420058.12,79,78,75,71,105,104,101,99,20.441,20.386,22.435,22.336,2338.664,92889,30829,0,1366,10500,7,14,1,0,0,25,21,14,0,13,7,FALSE,0,FALSE
1285.1666,24.339,23.74,19.307,18.013,1.581,19,17,6,426422.72,81,80,70,68,105,104,101,99,20.444,20.389,22.436,22.336,2355.484,92889,30829,0,1366,10500,7,14,1,0,0,25,21,14,0,13,7,FALSE,0,FALSE
1286.1633,24.397,23.802,19.307,18.013,1.555,19,17,6,430278.75,77,77,67,68,105,104,101,99,20.452,20.397,22.432,22.333,2397.891,92889,30829,0,1366,10500,7,14,1,0,0,25,21,14,0,13,7,FALSE,0,FALSE
1286.665,24.411,23.817,19.307,18.013,1.541,19,17,6,424998.5,74,73,67,68,105,104,101,99,20.451,20.397,22.43,22.33,2423.102,92889,30829,0,1400,10500,7,14,1,0,0,25,21,14,0,13,7,FALSE,0,FALSE
1287.1653,24.423,23.829,19.307,18.013,1.529,19,17,6,424262.7,72,71,68,68,105,104,101,99,20.449,20.395,22.426,22.328,2450.5,92889,30829,0,1400,10533,7,14,1,0,0,25,21,14,0,13,7,FALSE,0,FALSE
1287.6654,24.433,23.84,19.307,18.013,1.515,19,17,6,416992.2,71,71,68,68,105,104,101,99,20.447,20.392,22.422,22.325,2479.961,92889,30829,0,1400,10550,7,14,1,0,0,25,21,14,0,13,7,FALSE,0,FALSE
1288.1666,24.442,23.848,19.307,18.013,1.502,19,17,6,414437.3,71,70,68,68,105,104,101,99,20.443,20.389,22.418,22.321,2511.156,92889,30829,0,1400,10550,7,14,1,0,0,25,21,14,0,13,7,FALSE,0,FALSE
1288.6667,24.452,23.858,19.309,18.015,1.488,19,17,6,405827.38,71,72,69,69,105,104,101,99,20.439,20.386,22.414,22.317,2543.883,92889,30829,0,1400,10567,7,14,1,0,0,25,21,14,0,13,7,FALSE,0,FALSE
1289.1642,24.47,23.882,19.326,18.032,1.474,19,17,6,397191.47,73,75,72,74,105,104,100,99,20.435,20.383,22.409,22.314,2578.078,92889,30829,0,1434,10617,7,14,1,0,0,25,21,14,0,13,7,FALSE,0,FALSE
1290.1632,24.522,23.948,19.382,18.087,1.455,19,17,6,412341.34,75,78,76,78,104,103,100,99,20.43,20.381,22.404,22.311,2648.266,92889,30829,0,1467,10633,7,14,1,0,0,25,21,14,0,13,7,FALSE,0,FALSE
1290.663,24.551,23.982,19.412,18.117,1.453,19,17,6,439036.28,75,78,77,79,104,104,100,99,20.43,20.383,22.406,22.316,2677.242,92889,30829,0,1467,10667,7,14,1,0,0,25,21,14,0,13,7,FALSE,0,FALSE
1291.6646,24.575,24.011,19.436,18.141,1.453,19,17,6,481956.84,71,73,73,75,104,104,101,99,20.432,20.388,22.413,22.325,2716.516,92889,30829,0,1516,10667,7,14,1,0,0,25,21,14,0,13,7,FALSE,0,FALSE
1292.6649,24.612,24.055,19.489,18.217,1.452,19,17,6,506420.34,78,81,84,96,105,104,101,99,20.437,20.398,22.425,22.344,2740.305,92889,30829,0,1516,10700,7,14,1,0,0,25,21,14,0,13,7,FALSE,0,FALSE
1295.1652,24.698,24.147,19.523,18.265,1.421,19,17,6,531414.56,83,83,68,69,105,104,101,100,20.453,20.423,22.444,22.383,2811.227,92889,30829,0,1517,10750,7,14,1,0,0,25,21,14,0,13,7,FALSE,0,FALSE
1295.6656,24.764,24.212,19.523,18.265,1.409,19,17,6,539483.8,95,95,67,67,105,104,101,100,20.462,20.432,22.443,22.382,2829.969,92889,30829,0,1517,10750,7,14,1,0,0,25,21,14,0,13,7,FALSE,0,FALSE
1296.6616,24.807,24.253,19.523,18.265,1.383,19,17,6,510810,76,76,67,67,105,105,101,100,20.47,20.441,22.439,22.379,2875.828,92889,30829,0,1500,10734,7,14,1,0,0,25,21,14,0,13,7,FALSE,0,FALSE
1297.6643,24.835,24.281,19.523,18.265,1.357,19,17,6,427212.7,72,72,68,68,105,105,101,100,20.468,20.44,22.433,22.374,2932.07,92889,30829,0,1467,10733,7,14,1,0,0,25,21,14,0,13,7,FALSE,0,FALSE
1298.6648,24.852,24.299,19.523,18.265,1.329,19,17,6,404608.53,71,71,69,69,105,104,101,100,20.463,20.435,22.426,22.368,2996.352,92889,30829,0,1434,10734,7,14,1,0,0,25,21,14,0,13,7,FALSE,0,FALSE
1299.6632,24.869,24.315,19.524,18.266,1.302,19,17,6,387457.9,72,71,70,69,105,104,101,100,20.456,20.428,22.417,22.36,3066.5,92889,30829,0,1434,10767,7,14,1,0,0,25,21,14,0,13,7,FALSE,0,FALSE
1300.1615,24.876,24.322,19.524,18.266,1.289,19,17,6,384570.9,71,71,70,69,105,104,101,100,20.451,20.424,22.412,22.355,3103.156,92889,30829,0,1450,10767,7,14,1,0,0,25,21,14,0,13,7,FALSE,0,FALSE
1301.1637,24.891,24.336,19.524,18.266,1.261,19,17,6,367985.9,72,72,70,70,105,104,100,99,20.442,20.415,22.4,22.344,3179.25,92889,30829,0,1517,10800,7,14,1,0,0,25,21,14,0,13,7,FALSE,0,FALSE
1301.6649,24.898,24.343,19.524,18.266,1.247,19,17,6,359875.88,72,72,70,70,105,104,100,99,20.437,20.41,22.393,22.338,3218.516,92889,30829,0,1550,10817,7,14,1,0,0,25,21,14,0,13,7,FALSE,0,FALSE
1302.163,24.905,24.352,19.526,18.268,1.234,19,17,6,351885.1,72,73,70,70,104,104,100,99,20.431,20.405,22.386,22.331,3258.453,92889,30829,0,1550,10817,7,14,1,0,0,25,21,14,0,13,7,FALSE,0,FALSE
1303.163,24.928,24.376,19.537,18.279,1.207,19,17,6,341614.78,74,72,71,70,104,104,100,99,20.42,20.394,22.372,22.318,3339.414,92889,30829,0,1600,10833,7,14,1,0,0,25,21,14,0,13,7,FALSE,0,FALSE
1303.663,24.946,24.39,19.554,18.298,1.196,19,17,6,347789.16,75,73,76,75,104,104,100,99,20.415,20.389,22.366,22.312,3379.984,92889,30829,0,1684,10833,7,14,1,0,0,25,21,14,0,13,7,FALSE,0,FALSE
1304.1641,24.975,24.417,19.591,18.333,1.194,19,17,6,378745.78,75,75,79,78,104,104,100,99,20.414,20.388,22.369,22.315,3413.141,92889,30829,0,1684,10850,7,14,1,0,0,25,21,14,0,13,7,FALSE,0,FALSE
1304.6643,25.005,24.451,19.629,18.374,1.194,19,17,6,405032.12,76,80,81,85,104,104,100,99,20.416,20.391,22.376,22.322,3438.359,92889,30829,0,1684,10850,7,14,1,0,0,25,21,14,0,13,7,FALSE,0,FALSE
1305.1624,25.041,24.495,19.683,18.447,1.193,19,17,6,423998.28,81,86,89,99,104,104,100,99,20.42,20.397,22.385,22.334,3460.117,92889,30829,0,1667,10833,7,14,1,0,0,25,21,14,0,13,7,FALSE,0,FALSE
1305.6653,25.063,24.523,19.722,18.5,1.187,19,17,6,430753.88,78,83,86,96,104,104,100,99,20.424,20.404,22.395,22.349,3482.484,92889,30829,0,1667,10833,7,14,1,0,0,25,21,14,0,13,7,FALSE,0,FALSE
1306.6626,25.115,24.587,19.769,18.559,1.171,19,17,6,443978.8,77,81,77,83,104,104,100,100,20.43,20.416,22.407,22.369,3522.758,92889,30829,0,1666,10850,7,14,1,0,0,25,21,14,0,13,7,FALSE,0,FALSE
1307.1622,25.142,24.619,19.788,18.58,1.161,19,17,6,450240.1,79,83,75,80,104,104,101,100,20.432,20.42,22.41,22.374,3543.773,92889,30829,0,1800,10850,7,14,1,0,0,25,21,14,0,13,7,FALSE,0,FALSE
1307.6653,25.184,24.666,19.806,18.6,1.148,19,17,6,456344.06,82,86,74,77,105,104,101,100,20.436,20.426,22.412,22.378,3566.406,92889,30829,0,1800,10984,7,14,1,0,0,25,21,14,0,13,7,FALSE,0,FALSE
1308.1642,25.209,24.693,19.819,18.613,1.136,19,17,6,459458.53,77,81,73,75,105,104,101,100,20.437,20.429,22.413,22.38,3591,92889,30829,0,1817,10984,7,14,1,0,0,25,21,14,0,13,7,FALSE,0,FALSE
1309.1647,25.258,24.75,19.851,18.644,1.108,19,17,6,446058.56,75,79,73,74,105,104,101,100,20.437,20.433,22.413,22.382,3646.75,92889,30829,0,1817,11084,7,14,1,0,0,25,21,14,0,13,7,FALSE,0,FALSE
1309.6638,25.282,24.78,19.871,18.663,1.096,19,17,6,443695.97,74,78,74,75,105,104,101,100,20.436,20.433,22.412,22.382,3677.641,92889,30829,0,1783,11117,7,14,1,0,0,25,21,14,0,13,7,FALSE,0,FALSE
1310.1658,25.303,24.805,19.883,18.674,1.082,19,17,6,435262.78,72,75,71,71,104,104,101,100,20.434,20.433,22.41,22.38,3709.938,92889,30829,0,1783,11133,7,14,1,0,0,25,21,14,0,13,7,FALSE,0,FALSE
1310.6661,25.318,24.818,19.889,18.682,1.068,19,17,6,426620.9,73,72,72,70,104,104,100,100,20.431,20.431,22.407,22.377,3743.453,92889,30829,0,1783,11133,7,14,1,0,0,25,21,14,0,13,7,FALSE,0,FALSE
1311.1635,25.372,24.863,19.955,18.742,1.054,19,17,6,417979.03,86,82,89,84,104,104,100,100,20.43,20.429,22.407,22.376,3777.82,92889,30829,0,1800,11167,7,14,1,0,0,25,21,14,0,13,7,FALSE,0,FALSE
1311.6628,25.48,24.956,20.069,18.841,1.04,19,17,6,409337.16,94,88,96,89,105,104,101,100,20.436,20.432,22.412,22.379,3812.836,92889,30829,0,1817,11200,7,14,1,0,0,25,21,14,0,13,7,FALSE,0,FALSE
1312.1608,25.562,25.025,20.158,18.92,1.027,19,17,6,400695.28,87,82,90,85,105,104,101,100,20.441,20.434,22.417,22.381,3848.477,92889,30829,0,1817,11200,7,14,1,0,0,25,21,14,0,13,7,FALSE,0,FALSE
1312.6637,25.627,25.08,20.228,18.983,1.014,19,17,6,397414.72,85,80,86,82,105,104,101,100,20.442,20.434,22.418,22.381,3884.43,92889,30829,0,1866,11250,7,14,1,0,0,25,21,14,0,13,7,FALSE,0,FALSE
1313.1633,25.691,25.134,20.295,19.045,1.001,19,17,6,388872.12,84,80,85,80,105,104,101,100,20.443,20.432,22.419,22.38,3920.328,92889,30829,0,1883,11283,7,14,1,0,0,25,21,14,0,13,7,FALSE,0,FALSE
1313.664,25.741,25.175,20.346,19.092,0.987,19,17,6,380455.03,82,78,82,78,105,104,101,100,20.442,20.43,22.417,22.377,3955.578,92889,30829,0,1883,11316,7,14,1,0,0,25,21,14,0,13,7,FALSE,0,FALSE
1314.1642,25.779,25.207,20.374,19.12,0.973,19,17,6,372161.7,76,74,74,72,105,104,101,100,20.44,20.426,22.414,22.373,3991.484,92889,30829,0,1883,11316,7,14,1,0,0,25,21,14,0,13,7,FALSE,0,FALSE
1314.6624,25.79,25.216,20.378,19.124,0.961,19,17,6,371984.47,72,72,72,71,104,104,100,100,20.435,20.42,22.408,22.366,4028.406,92889,30829,40833,1916,11316,7,14,1,0,0,25,21,14,0,13,7,FALSE,0,FALSE
1315.1647,25.814,25.236,20.407,19.147,0.959,19,17,6,402194,74,71,75,74,104,104,100,100,20.432,20.417,22.408,22.366,4059.711,92889,30829,40833,1916,11367,7,14,1,0,0,25,21,14,0,13,7,FALSE,0,FALSE
1316.163,25.89,25.294,20.514,19.235,0.959,19,17,6,444471.38,85,79,95,85,105,104,101,100,20.438,20.419,22.422,22.377,4105.367,92889,30829,40833,1983,11383,7,14,1,0,0,25,21,14,0,13,7,FALSE,0,FALSE
1316.6622,25.919,25.317,20.571,19.277,0.955,19,17,6,451944.44,82,76,96,86,105,104,101,100,20.443,20.421,22.433,22.384,4125.578,92889,30829,40833,1983,11383,7,14,1,0,0,25,21,14,0,13,7,FALSE,0,FALSE
1317.1652,25.952,25.339,20.631,19.328,0.95,19,17,6,459085.72,85,76,97,90,105,104,101,100,20.447,20.422,22.444,22.391,4148.461,92889,30829,40833,2000,11383,7,14,1,0,0,25,21,14,0,13,7,FALSE,0,FALSE
1317.662,25.991,25.375,20.678,19.36,0.943,19,17,6,465959.7,86,81,93,84,105,104,101,100,20.452,20.425,22.454,22.398,4170.883,92889,30829,40833,2000,11367,7,14,1,0,0,25,21,14,0,13,7,FALSE,0,FALSE
1318.1636,26.013,25.393,20.695,19.374,0.934,19,17,6,472357.6,80,76,82,76,105,104,101,100,20.455,20.426,22.46,22.401,4191.492,92889,30829,40833,1967,11367,7,14,1,0,0,25,21,14,0,13,7,FALSE,0,FALSE
1319.1619,26.075,25.451,20.712,19.391,0.909,19,17,6,466730.4,78,76,71,70,105,104,101,100,20.459,20.428,22.461,22.4,4238.359,92889,30829,40833,1967,11350,7,14,1,0,0,25,21,14,0,13,7,FALSE,0,FALSE
1319.6635,26.094,25.468,20.712,19.391,0.895,19,17,6,425297.66,75,74,67,67,105,104,101,100,20.458,20.426,22.458,22.397,4265.648,92889,30829,40833,1967,11350,7,14,1,0,0,25,21,14,0,13,7,FALSE,0,FALSE
1320.1653,26.111,25.483,20.712,19.391,0.881,19,17,6,377293.6,72,73,66,66,105,104,101,100,20.456,20.424,22.454,22.392,4295.195,92889,30829,40833,1967,11350,7,14,1,0,0,25,21,14,0,13,7,FALSE,0,FALSE
1321.1647,26.135,25.505,20.712,19.391,0.855,19,17,6,291170.75,72,72,69,69,105,104,101,100,20.449,20.417,22.445,22.383,4359.57,92889,30829,40833,2000,11350,7,14,1,0,0,25,21,14,0,13,7,FALSE,0,FALSE
1321.6643,26.144,25.513,20.712,19.391,0.842,19,17,6,267466.47,71,71,69,69,105,104,101,100,20.444,20.412,22.44,22.379,4394.25,92889,30829,40833,2017,11367,7,14,1,0,0,25,21,14,0,13,7,FALSE,0,FALSE
1322.1641,26.153,25.521,20.712,19.391,0.829,19,17,6,241890.69,71,71,69,69,105,104,101,100,20.439,20.407,22.434,22.373,4430.102,92889,30829,40833,2017,11383,7,14,1,0,0,25,21,14,0,13,7,FALSE,0,FALSE
1322.6617,26.161,25.531,20.713,19.391,0.815,19,17,6,218266.42,71,71,69,69,104,104,101,100,20.434,20.402,22.428,22.367,4467.148,92889,30829,40833,2050,11383,7,14,1,0,0,25,21,14,0,13,7,FALSE,0,FALSE
1323.1622,26.169,25.539,20.713,19.391,0.801,19,17,6,196211.89,72,72,69,69,104,104,101,100,20.428,20.397,22.421,22.361,4505.273,92889,30829,40833,2050,11400,7,14,1,0,0,25,21,14,0,13,7,FALSE,0,FALSE
1323.6658,26.176,25.547,20.713,19.391,0.787,19,17,6,175588.95,72,71,69,69,104,104,101,100,20.422,20.391,22.414,22.355,4544.367,92889,30829,40833,2066,11400,7,14,1,0,0,25,21,14,0,13,7,FALSE,0,FALSE
1324.1611,26.184,25.554,20.713,19.391,0.773,19,17,6,155756.8,72,72,70,70,104,104,100,99,20.416,20.385,22.407,22.348,4584.297,92889,30829,40833,2066,11416,7,14,1,0,0,25,21,14,0,13,7,FALSE,0,FALSE
1324.662,26.191,25.561,20.713,19.391,0.761,19,17,6,141906.4,73,72,71,70,104,103,100,99,20.41,20.379,22.4,22.341,4624.898,92889,30829,40833,2083,11417,7,14,1,0,0,25,21,14,0,13,7,FALSE,0,FALSE
1325.1628,26.197,25.568,20.713,19.391,0.747,19,17,6,126206.59,72,72,70,70,104,103,100,99,20.403,20.373,22.392,22.333,4666.039,92889,30829,40833,2083,11417,7,14,1,0,0,25,21,14,0,13,7,FALSE,0,FALSE
1325.665,26.204,25.575,20.713,19.391,0.733,19,17,6,123410.49,73,73,71,71,104,103,100,99,20.396,20.367,22.384,22.326,4707.625,92889,30829,40833,2084,11417,7,14,1,0,0,25,21,14,0,13,7,FALSE,0,FALSE
1326.1627,26.21,25.581,20.714,19.391,0.719,19,17,6,120626.52,73,73,71,71,104,103,100,99,20.389,20.36,22.376,22.318,4749.57,92889,30829,40833,2084,11417,7,14,1,0,0,25,21,14,0,13,7,FALSE,0,FALSE
1326.661,26.216,25.588,20.714,19.391,0.705,19,17,6,117853.6,72,72,70,70,104,103,100,99,20.382,20.353,22.367,22.309,4791.82,92889,30829,40833,2084,11417,7,14,1,0,0,25,21,14,0,13,7,FALSE,0,FALSE
1327.1594,26.231,25.603,20.732,19.409,0.695,19,17,6,132718.38,73,73,75,75,103,103,100,99,20.376,20.346,22.361,22.303,4833.148,92889,30829,40833,2100,11417,7,14,1,0,0,25,21,14,0,13,7,FALSE,0,FALSE
1327.6621,26.259,25.631,20.766,19.442,0.694,19,17,6,164587.44,75,75,77,77,103,103,100,99,20.374,20.346,22.364,22.307,4866.148,92889,30829,40833,2100,11400,7,14,1,0,0,25,21,14,0,13,7,FALSE,0,FALSE
1328.1621,26.273,25.645,20.776,19.453,0.693,19,17,6,190032.94,72,71,73,72,103,103,100,99,20.375,20.347,22.369,22.312,4891.406,92889,30829,40833,2100,11400,7,14,1,0,0,25,21,14,0,13,7,FALSE,0,FALSE
1328.6648,26.291,25.658,20.802,19.475,0.693,19,17,6,210721.88,75,71,80,75,103,103,100,99,20.377,20.347,22.375,22.317,4912.273,92889,30829,40833,2100,11417,7,14,1,0,0,25,21,14,0,13,7,FALSE,0,FALSE
1329.164,26.324,25.682,20.856,19.516,0.693,19,17,6,225523.28,82,76,92,84,104,103,100,99,20.381,20.349,22.384,22.325,4929.328,92889,30829,40833,2100,11417,7,14,1,0,0,25,21,14,0,13,7,FALSE,0,FALSE
1329.6653,26.346,25.701,20.912,19.55,0.689,19,17,6,232241.4,80,77,99,84,104,103,100,99,20.387,20.353,22.398,22.333,4953.945,92889,30829,40833,2100,11417,7,14,1,0,0,25,21,14,0,13,7,FALSE,0,FALSE
1330.1631,26.372,25.723,20.938,19.571,0.683,19,17,6,239134.67,82,78,90,80,104,103,100,99,20.392,20.356,22.41,22.341,4970.195,92889,30829,40833,2100,11417,7,14,1,0,0,25,21,14,0,13,7,FALSE,0,FALSE
1330.6606,26.405,25.75,20.952,19.582,0.675,19,17,6,246274.55,83,79,80,74,104,103,101,99,20.398,20.36,22.418,22.346,4987.859,92889,30829,40833,2067,11417,7,14,1,0,0,25,21,14,0,13,7,FALSE,0,FALSE
1331.1611,26.422,25.767,20.957,19.586,0.664,19,17,6,245679.89,78,77,74,70,104,103,101,99,20.401,20.362,22.421,22.348,5007.258,92889,30829,40833,2067,11384,7,14,1,0,0,25,21,14,0,13,7,FALSE,0,FALSE
1332.6642,26.57,25.91,20.98,19.608,0.624,19,17,6,249346.75,76,75,70,68,104,103,101,99,20.42,20.38,22.424,22.348,5078.383,92889,30829,40833,2116,11450,7,14,1,0,0,25,21,14,0,13,7,FALSE,0,FALSE
1333.1622,26.582,25.922,20.98,19.609,0.611,19,17,6,234909.64,73,71,68,68,104,103,101,99,20.419,20.379,22.422,22.347,5107.32,92889,30829,40833,2167,11450,7,14,1,0,0,25,21,14,0,13,7,FALSE,0,FALSE
1333.6627,26.592,25.932,20.98,19.609,0.598,19,17,6,219014.2,72,71,68,69,104,103,101,99,20.417,20.377,22.419,22.345,5138.266,92889,30829,40833,2167,11483,7,14,1,0,0,25,21,14,0,13,7,FALSE,0,FALSE
1334.1628,26.601,25.942,20.98,19.609,0.584,19,17,6,197071.11,72,71,69,69,104,103,101,99,20.415,20.374,22.416,22.342,5170.883,92889,30829,40833,2200,11483,7,14,1,0,0,25,21,14,0,13,7,FALSE,0,FALSE
1334.6647,26.61,25.951,20.98,19.609,0.57,19,17,6,176399.88,72,71,69,69,104,103,101,99,20.412,20.371,22.412,22.339,5205.148,92889,30829,40833,2200,11517,7,14,1,0,0,25,21,14,0,13,7,FALSE,0,FALSE
1335.1635,26.618,25.959,20.98,19.609,0.557,19,17,6,161953.1,71,71,69,69,104,103,100,99,20.408,20.368,22.408,22.336,5240.758,92889,30829,40833,2217,11534,7,14,1,0,0,25,21,14,0,13,7,FALSE,0,FALSE
1335.6614,26.626,25.966,20.98,19.609,0.544,19,17,6,142510.75,71,71,70,69,104,103,100,99,20.405,20.364,22.404,22.332,5277.438,92889,30829,40833,2217,11534,7,14,1,0,0,25,21,14,0,13,7,FALSE,0,FALSE
1336.1592,26.634,25.974,20.98,19.609,0.53,19,17,6,123624.18,72,72,70,69,104,103,100,99,20.4,20.361,22.399,22.327,5315.172,92889,30829,40833,2217,11517,7,14,1,0,0,25,21,14,0,13,7,FALSE,0,FALSE
