Timestamp,tyre_wear_rear_left,tyre_wear_rear_right,tyre_wear_front_left,tyre_wear_front_right,fuel_in_tank,actual_tyre_compound,visual_tyre_compound,tyres_age_laps,ers_store_energy,tyre_surface_temp_rear_left,tyre_surface_temp_rear_right,tyre_surface_temp_front_left,tyre_surface_temp_front_right,tyre_inner_temp_rear_left,tyre_inner_temp_rear_right,tyre_inner_temp_front_left,tyre_inner_temp_front_right,tyre_pressure_rear_left,tyre_pressure_rear_right,tyre_pressure_front_left,tyre_pressure_front_right,lap_distance,last_lap_ms,sector_1_ms,sector_2_ms,delta_in_front_ms,delta_leader_ms,car_position,current_lap,num_pit_stops,pit_timer_active,pit_timer_ms,track_temp,air_temp,total_laps,pit_rejoin_position,starting_position,finishing_position,fastest_lap,dnf,penalties_time
0,0,0,0,0,25.88,19,17,0,4000000,60,60,62,62,99,99,100,100,20.132,20.132,22.372,22.372,147.9,0,0,0,0,0,13,1,0,0,0,29,23,14,0,13,9,FALSE,0,FALSE
0.24181163,0,0,0,0,25.879,19,17,0,4000000,59,59,62,62,99,99,100,100,20.12,20.12,22.362,22.362,147.9,0,0,0,0,0,13,1,0,0,0,29,23,14,0,13,9,FALSE,0,FALSE
0.7410252,0.016,0.017,0,0,25.877,19,17,0,4000000,68,68,61,61,98,98,99,99,20.102,20.102,22.345,22.345,148.491,0,0,0,0,0,13,1,0,0,0,29,23,14,0,13,9,FALSE,0,FALSE
1.243975,0.02,0.02,0,0,25.874,19,17,0,4000000,67,68,61,61,98,98,99,99,20.085,20.086,22.328,22.328,150.711,0,0,0,0,0,13,1,0,0,0,29,23,14,0,13,9,FALSE,0,FALSE
1.74458,0.026,0.027,0,0,25.871,19,17,0,4000000,69,69,61,61,98,98,99,99,20.069,20.07,22.311,22.311,155.067,0,0,0,0,0,13,1,0,0,0,29,23,14,0,13,9,FALSE,0,FALSE
2.2393374,0.031,0.031,0,0,25.866,19,17,0,4000000,69,69,62,62,97,97,99,99,20.054,20.054,22.294,22.294,161.48,0,0,0,0,0,13,1,0,0,0,29,23,14,0,13,9,FALSE,0,FALSE
2.7407966,0.045,0.045,0,0,25.86,19,17,0,4000000,74,73,63,62,97,97,98,98,20.04,20.04,22.278,22.278,170.258,0,0,0,0,0,13,1,0,0,0,29,23,14,0,13,9,FALSE,0,FALSE
3.2439706,0.063,0.064,0,0,25.852,19,17,0,4000000,77,77,63,63,97,97,98,98,20.028,20.028,22.262,22.262,181.407,0,0,0,0,0,13,1,0,0,0,29,23,14,0,13,9,FALSE,0,FALSE
3.747112,0.082,0.082,0,0,25.843,19,17,0,4000000,78,78,64,64,97,97,98,98,20.017,20.017,22.247,22.247,195.208,0,0,0,0,0,13,1,0,0,0,29,23,14,0,13,9,FALSE,0,FALSE
4.246763,0.11,0.111,0,0,25.832,19,17,0,4000000,80,81,65,65,97,97,98,98,20.007,20.007,22.232,22.232,211.662,0,0,0,650,0,13,1,0,0,0,29,23,14,0,13,9,FALSE,0,FALSE
4.7416344,0.135,0.136,0,0,25.821,19,17,0,3998785,77,78,66,66,96,96,97,97,19.997,19.998,22.217,22.217,230.973,0,0,0,650,4367,13,1,0,0,0,29,23,14,0,13,9,FALSE,0,FALSE
5.2437105,0.149,0.151,0,0,25.808,19,17,0,3995013,73,73,66,66,96,96,97,97,19.985,19.986,22.203,22.203,253.003,0,0,0,650,4367,13,1,0,0,0,29,23,14,0,13,9,FALSE,0,FALSE
5.7479167,0.162,0.165,0,0,25.795,19,17,0,3995134.2,71,71,67,67,96,96,97,97,19.972,19.973,22.189,22.189,277.77,0,0,0,183,2900,13,1,0,0,0,29,23,14,0,13,9,FALSE,0,FALSE
6.234753,0.172,0.174,0,0,25.782,19,17,0,3989251,70,70,67,67,96,96,97,97,19.958,19.959,22.176,22.176,303.875,0,0,0,183,2900,13,1,0,0,0,29,23,14,0,13,9,FALSE,0,FALSE
6.7418537,0.182,0.185,0,0,25.768,19,17,0,3981890,70,70,67,67,95,95,96,96,19.944,19.944,22.162,22.162,334.088,0,0,0,116,2084,13,1,0,0,0,29,23,14,0,13,9,FALSE,0,FALSE
7.2448683,0.191,0.193,0,0,25.755,19,17,0,3979286.5,70,70,68,68,95,95,96,96,19.93,19.93,22.149,22.149,365.228,0,0,0,116,2084,13,1,0,0,0,29,23,14,0,13,9,FALSE,0,FALSE
7.7464814,0.199,0.201,0,0,25.741,19,17,0,3970682.8,69,69,68,68,95,95,96,96,19.916,19.916,22.136,22.136,398.061,0,0,0,84,1783,13,1,0,0,0,29,23,14,0,13,9,FALSE,0,FALSE
8.246424,0.207,0.209,0,0,25.727,19,17,0,3962042.8,69,69,68,68,95,95,96,96,19.902,19.902,22.123,22.123,432.479,0,0,0,83,1783,13,1,0,0,0,29,23,14,0,13,9,FALSE,0,FALSE
8.746648,0.214,0.216,0,0,25.715,19,17,0,3958726.2,69,69,68,68,94,94,95,95,19.888,19.888,22.111,22.111,468.118,0,0,0,83,1783,13,1,0,0,0,29,23,14,0,13,9,FALSE,0,FALSE
9.246279,0.221,0.223,0,0,25.701,19,17,0,3950086.2,69,69,68,68,94,94,95,95,19.874,19.874,22.098,22.098,504.953,0,0,0,100,1616,13,1,0,0,0,29,23,14,0,13,9,FALSE,0,FALSE
9.744435,0.226,0.228,0,0,25.689,19,17,0,3946243.2,69,69,68,68,94,94,95,95,19.86,19.861,22.086,22.086,542.634,0,0,0,116,1533,13,1,0,0,0,29,23,14,0,13,9,FALSE,0,FALSE
10.245198,0.232,0.234,0.002,0.003,25.677,19,17,0,3941746.5,70,71,70,70,94,94,95,95,19.847,19.847,22.073,22.073,581.029,0,0,0,116,1533,13,1,0,0,0,29,23,14,0,13,9,FALSE,0,FALSE
11.246422,0.284,0.274,0.043,0.051,25.674,19,17,0,3998241.5,71,71,71,71,94,94,95,95,19.842,19.841,22.076,22.076,640.372,0,0,0,184,1467,13,1,0,0,0,29,23,14,0,13,9,FALSE,0,FALSE
11.749556,0.292,0.282,0.046,0.054,25.673,19,17,0,4000000,69,69,69,69,94,94,95,95,19.843,19.843,22.08,22.08,660.58,0,0,0,184,1467,15,1,0,0,0,29,23,14,0,13,9,FALSE,0,FALSE
12.2448435,0.297,0.287,0.048,0.056,25.673,19,17,0,4000000,68,68,68,68,94,94,95,95,19.845,19.844,22.084,22.084,676.581,0,0,0,184,1467,15,1,0,0,0,29,23,14,0,13,9,FALSE,0,FALSE
12.739025,0.3,0.289,0.049,0.058,25.672,19,17,0,4000000,67,67,67,67,94,94,95,95,19.846,19.846,22.088,22.087,689.443,0,0,0,184,1766,15,1,0,0,0,29,23,14,0,13,9,FALSE,0,FALSE
13.246168,0.302,0.29,0.05,0.058,25.672,19,17,0,4000000,66,66,67,66,94,94,95,95,19.848,19.848,22.091,22.091,699.581,0,0,0,65519,1766,15,1,0,0,0,29,23,14,0,13,9,FALSE,0,FALSE
13.742964,0.303,0.292,0.051,0.061,25.671,19,17,0,4000000,65,65,66,66,94,94,95,95,19.849,19.849,22.094,22.093,708.993,0,0,0,65519,1766,15,1,0,0,0,29,23,14,0,13,9,FALSE,0,FALSE
14.249265,0.304,0.293,0.051,0.061,25.67,19,17,0,4000000,65,65,66,66,94,94,95,95,19.85,19.85,22.096,22.096,717.032,0,0,0,65519,1766,15,1,0,0,0,29,23,14,0,13,9,FALSE,0,FALSE
14.746033,0.306,0.294,0.053,0.063,25.669,19,17,0,4000000,65,64,66,65,94,94,95,95,19.851,19.851,22.099,22.098,724.346,0,0,0,65519,1766,15,1,0,0,0,29,23,14,0,13,9,FALSE,0,FALSE
15.247701,0.308,0.296,0.057,0.065,25.668,19,17,0,4000000,65,65,67,66,94,94,95,95,19.852,19.851,22.101,22.1,730.979,0,0,0,65519,2633,15,1,0,0,0,29,23,14,0,13,9,FALSE,0,FALSE
15.7467,0.312,0.301,0.059,0.067,25.665,19,17,0,4000000,67,66,68,65,94,94,95,95,19.853,19.852,22.104,22.102,738.956,0,0,0,65519,2633,15,1,0,0,0,29,23,14,0,13,9,FALSE,0,FALSE
16.24667,0.318,0.305,0.066,0.073,25.661,19,17,0,4000000,68,67,70,67,94,94,95,95,19.854,19.853,22.107,22.104,752.837,0,0,0,550,2633,15,1,0,0,0,29,23,14,0,13,9,FALSE,0,FALSE
16.742939,0.324,0.311,0.079,0.081,25.659,19,17,0,4000000,69,68,74,69,94,94,96,95,19.857,19.855,22.111,22.106,763.076,0,0,0,550,2633,15,1,0,0,0,29,23,14,0,13,9,FALSE,0,FALSE
17.24518,0.332,0.318,0.083,0.085,25.655,19,17,0,4000000,71,69,73,68,94,94,96,95,19.859,19.857,22.116,22.108,772.933,0,0,0,550,3734,15,1,0,0,0,29,23,14,0,13,9,FALSE,0,FALSE
17.747862,0.341,0.331,0.084,0.086,25.647,19,17,0,4000000,72,72,69,67,94,94,96,95,19.863,19.86,22.119,22.11,784.854,0,0,0,550,3734,15,1,0,0,0,29,23,14,0,13,9,FALSE,0,FALSE
18.244131,0.353,0.347,0.085,0.087,25.639,19,17,0,4000000,73,74,67,67,94,94,96,96,19.866,19.864,22.12,22.111,799.3,0,0,0,550,3734,15,1,0,0,0,29,23,14,0,13,9,FALSE,0,FALSE
18.743275,0.36,0.355,0.087,0.09,25.63,19,17,0,4000000,70,71,66,68,94,94,96,96,19.869,19.867,22.121,22.112,816.027,0,0,0,617,3734,15,1,0,0,0,29,23,14,0,13,9,FALSE,0,FALSE
19.245451,0.362,0.36,0.093,0.096,25.626,19,17,0,4000000,68,69,68,70,94,94,96,96,19.871,19.869,22.121,22.113,833.829,0,0,0,617,3716,15,1,0,0,0,29,23,14,0,13,9,FALSE,0,FALSE
19.746216,0.375,0.377,0.109,0.115,25.621,19,17,0,4000000,71,75,73,76,94,94,96,96,19.872,19.872,22.123,22.116,857.832,0,0,0,617,3716,15,1,0,0,0,29,23,14,0,13,9,FALSE,0,FALSE
20.249163,0.389,0.393,0.116,0.122,25.612,19,17,0,4000000,71,75,70,72,94,94,96,96,19.875,19.877,22.124,22.118,875.783,0,0,0,83,3716,15,1,0,0,0,29,23,14,0,13,9,FALSE,0,FALSE
20.748377,0.407,0.411,0.12,0.125,25.6,19,17,0,3999769,73,75,69,69,94,94,96,96,19.877,19.881,22.125,22.119,895.83,0,0,0,83,3866,15,1,0,0,0,29,23,14,0,13,9,FALSE,0,FALSE
21.247267,0.428,0.431,0.121,0.126,25.587,19,17,0,3995767,73,74,67,67,94,94,96,96,19.88,19.885,22.124,22.119,918.64,0,0,0,50,3866,15,1,0,0,0,29,23,14,0,13,9,FALSE,0,FALSE
22.241983,0.461,0.462,0.126,0.132,25.561,19,17,0,3929463.5,73,72,69,68,94,94,96,96,19.884,19.888,22.121,22.116,973.482,0,0,0,150,4050,15,1,0,0,0,29,23,14,0,13,9,FALSE,0,FALSE
22.74608,0.498,0.495,0.147,0.152,25.548,19,17,0,3884869.8,78,75,73,71,94,94,96,96,19.887,19.89,22.12,22.115,1003.04,0,0,0,150,4150,15,1,0,0,0,29,23,14,0,13,9,FALSE,0,FALSE
23.24817,0.517,0.511,0.152,0.158,25.534,19,17,0,3829427.5,72,71,70,68,94,94,96,96,19.889,19.891,22.119,22.113,1034.766,0,0,0,183,4184,15,1,0,0,0,29,23,14,0,13,9,FALSE,0,FALSE
23.74734,0.53,0.523,0.153,0.159,25.521,19,17,0,3771812.5,70,70,68,67,94,94,96,95,19.889,19.89,22.116,22.109,1068.537,0,0,0,184,4184,15,1,0,0,0,29,23,14,0,13,9,FALSE,0,FALSE
24.248692,0.541,0.533,0.153,0.159,25.508,19,17,0,3719626.8,70,70,68,68,94,94,96,95,19.888,19.889,22.112,22.106,1103.926,0,0,0,184,4184,15,1,0,0,0,29,23,14,0,13,9,FALSE,0,FALSE
24.74566,0.551,0.543,0.153,0.159,25.494,19,17,0,3662011.8,70,70,68,68,94,94,95,95,19.887,19.888,22.108,22.101,1140.795,0,0,0,200,4200,15,1,0,0,0,29,23,14,0,13,9,FALSE,0,FALSE
25.24698,0.56,0.552,0.153,0.159,25.48,19,17,0,3604396.8,70,70,68,68,94,94,95,95,19.885,19.886,22.103,22.097,1179.098,0,0,0,217,4200,15,1,0,0,0,29,23,14,0,13,9,FALSE,0,FALSE
25.74597,0.569,0.561,0.153,0.159,25.466,19,17,0,3550046.8,70,70,68,68,94,94,95,95,19.883,19.884,22.098,22.092,1218.693,0,0,0,217,4234,15,1,0,0,0,29,23,14,0,13,9,FALSE,0,FALSE
26.247963,0.575,0.567,0.153,0.159,25.454,19,17,0,3546749,69,70,68,68,94,94,95,95,19.881,19.881,22.093,22.086,1259.075,0,0,0,217,4234,15,1,0,0,0,29,23,14,0,13,9,FALSE,0,FALSE
26.74599,0.58,0.574,0.153,0.159,25.44,19,17,0,3538109,69,70,68,69,94,94,95,95,19.878,19.879,22.087,22.081,1300.121,0,0,0,200,4234,15,1,0,0,0,29,23,14,0,13,9,FALSE,0,FALSE
27.247168,0.586,0.581,0.154,0.159,25.426,19,17,0,3529469,70,70,68,69,94,94,95,95,19.874,19.876,22.081,22.075,1341.782,0,0,0,217,4217,15,1,0,0,0,29,23,14,0,13,9,FALSE,0,FALSE
27.747889,0.595,0.591,0.161,0.166,25.414,19,17,0,3529668,71,71,71,72,94,94,95,95,19.871,19.872,22.075,22.069,1383.785,0,0,0,217,4217,15,1,0,0,0,29,23,14,0,13,9,FALSE,0,FALSE
28.245562,0.612,0.608,0.179,0.184,25.413,19,17,0,3563590,70,70,70,71,94,94,95,95,19.872,19.874,22.077,22.071,1420.09,0,0,0,233,4217,15,1,0,0,0,29,23,14,0,13,9,FALSE,0,FALSE
28.744856,0.625,0.619,0.186,0.191,25.411,19,17,0,3592271.5,69,69,70,69,94,94,95,95,19.875,19.877,22.081,22.075,1449.803,0,0,0,250,4250,15,1,0,0,0,29,23,14,0,13,9,FALSE,0,FALSE
29.245443,0.633,0.628,0.191,0.195,25.411,19,17,0,3618196,68,68,69,68,94,94,95,95,19.879,19.881,22.086,22.079,1474.264,0,0,0,250,4250,15,1,0,0,0,29,23,14,0,13,9,FALSE,0,FALSE
29.744991,0.641,0.633,0.199,0.203,25.411,19,17,0,3638094.2,70,67,70,69,94,94,95,95,19.884,19.885,22.091,22.084,1495.115,0,0,0,250,4250,15,1,0,0,0,29,23,14,0,13,9,FALSE,0,FALSE
30.249557,0.656,0.644,0.226,0.225,25.411,19,17,0,3656595,73,69,79,75,94,94,95,95,19.889,19.889,22.097,22.089,1512.788,0,0,0,316,4450,15,1,0,0,0,29,23,14,0,13,9,FALSE,0,FALSE
30.746683,0.679,0.658,0.269,0.262,25.411,19,17,0,3669085,78,71,88,83,95,94,95,95,19.897,19.894,22.107,22.097,1529.299,0,0,0,316,4583,15,1,0,0,0,29,23,14,0,13,9,FALSE,0,FALSE
31.249384,0.698,0.671,0.313,0.297,25.409,19,17,0,3675266,78,71,94,86,95,95,96,95,19.906,19.899,22.12,22.108,1553.212,0,0,0,316,4583,15,1,0,0,0,29,23,14,0,13,9,FALSE,0,FALSE
31.744392,0.711,0.681,0.335,0.312,25.406,19,17,0,3681002.8,76,71,88,80,95,95,96,96,19.914,19.904,22.133,22.117,1570.928,0,0,0,300,4583,15,1,0,0,0,29,23,14,0,13,9,FALSE,0,FALSE
32.24505,0.723,0.69,0.345,0.32,25.4,19,17,0,3686894.2,74,70,80,74,95,95,96,96,19.921,19.909,22.142,22.123,1587.492,0,0,0,300,4583,15,1,0,0,0,29,23,14,0,13,9,FALSE,0,FALSE
32.74612,0.733,0.7,0.349,0.324,25.392,19,17,0,3688497.2,73,71,74,71,95,95,96,96,19.926,19.913,22.147,22.127,1604.554,0,0,0,300,4717,15,1,0,0,0,29,23,14,0,13,9,FALSE,0,FALSE
33.246086,0.748,0.716,0.355,0.33,25.382,19,17,0,3688817.8,74,72,71,69,95,95,96,96,19.932,19.917,22.151,22.129,1622.656,0,0,0,217,4717,15,1,0,0,0,29,23,14,0,13,9,FALSE,0,FALSE
33.74864,0.765,0.732,0.359,0.334,25.371,19,17,0,3686846.2,74,72,69,68,95,95,96,96,19.937,19.922,22.153,22.131,1643.299,0,0,0,217,4717,15,1,0,0,0,29,23,14,0,13,9,FALSE,0,FALSE
34.243847,0.78,0.746,0.359,0.334,25.357,19,17,0,3682480.5,72,72,68,67,95,95,96,96,19.941,19.926,22.154,22.131,1666.573,0,0,0,217,4683,15,1,0,0,0,29,23,14,0,13,9,FALSE,0,FALSE
35.24677,0.804,0.772,0.362,0.336,25.331,19,17,0,3675582.8,70,71,68,68,95,95,96,96,19.947,19.932,22.152,22.13,1720.538,0,0,0,166,4700,15,1,0,0,0,29,23,14,0,13,9,FALSE,0,FALSE
35.74764,0.814,0.785,0.365,0.339,25.317,19,17,0,3668032.2,69,71,68,68,95,95,96,96,19.948,19.934,22.151,22.129,1750.71,0,0,0,166,4700,15,1,0,0,0,29,23,14,0,13,9,FALSE,0,FALSE
36.745888,0.84,0.817,0.382,0.354,25.291,19,17,0,3656560,71,74,71,72,96,95,96,96,19.95,19.938,22.147,22.127,1817.131,0,36554,0,167,4717,15,1,0,0,0,29,23,14,0,13,9,FALSE,0,FALSE
37.245945,0.862,0.843,0.402,0.368,25.286,19,17,0,3680560.8,71,72,72,71,96,95,96,96,19.952,19.941,22.148,22.127,1850.565,0,36554,0,184,4734,15,1,0,0,0,29,23,14,0,13,9,FALSE,0,FALSE
37.74012,0.886,0.862,0.436,0.398,25.286,19,17,0,3706496.5,74,71,80,76,96,95,96,96,19.956,19.945,22.152,22.131,1876.582,0,36554,0,184,4750,15,1,0,0,0,29,23,14,0,13,9,FALSE,0,FALSE
38.24868,0.923,0.89,0.511,0.455,25.284,19,17,0,3721151.8,80,75,95,85,96,96,96,96,19.963,19.95,22.162,22.138,1901.354,0,36554,0,183,4750,15,1,0,0,0,29,23,14,0,13,9,FALSE,0,FALSE
38.744495,0.959,0.917,0.557,0.492,25.276,19,17,0,3728175,81,76,88,81,96,96,97,96,19.971,19.956,22.173,22.145,1927.145,0,36554,0,183,4884,15,1,0,0,0,29,23,14,0,13,9,FALSE,0,FALSE
39.245323,0.989,0.94,0.582,0.513,25.267,19,17,0,3734897.2,78,74,80,75,96,96,97,96,19.978,19.961,22.18,22.15,1952.815,0,36554,0,250,4884,15,1,0,0,0,29,23,14,0,13,9,FALSE,0,FALSE
39.747158,1.003,0.952,0.586,0.517,25.255,19,17,0,3740267,72,70,70,69,96,96,97,96,19.983,19.964,22.183,22.152,1978.273,0,36554,0,250,4884,15,1,0,0,0,29,23,14,0,13,9,FALSE,0,FALSE
40.242203,1.022,0.974,0.602,0.535,25.243,19,17,0,3747758,72,74,71,74,96,96,97,96,19.985,19.966,22.183,22.152,2005.648,0,36554,0,217,5050,15,1,0,0,0,29,23,14,0,13,9,FALSE,0,FALSE
40.747395,1.048,1.008,0.638,0.582,25.235,19,17,0,3755385.2,73,76,76,82,96,96,97,96,19.988,19.97,22.184,22.156,2035.364,0,36554,0,217,5050,15,1,0,0,0,29,23,14,0,13,9,FALSE,0,FALSE
41.24614,1.074,1.044,0.684,0.637,25.228,19,17,0,3771894.8,73,78,80,87,96,96,97,96,19.991,19.975,22.186,22.161,2063.708,0,36554,0,200,5050,15,1,0,0,0,29,23,14,0,13,9,FALSE,0,FALSE
41.746387,1.123,1.103,0.724,0.688,25.217,19,17,0,3775338.8,82,87,78,83,96,96,97,96,19.995,19.982,22.19,22.168,2089.925,0,36554,0,200,5050,15,1,0,0,0,29,23,14,0,13,9,FALSE,0,FALSE
42.243633,1.232,1.24,0.75,0.715,25.207,19,17,0,3779995.8,94,103,74,76,97,96,97,97,20.006,19.997,22.192,22.172,2117.395,0,36554,0,167,5316,15,1,0,0,0,29,23,14,0,13,9,FALSE,0,FALSE
42.74734,1.252,1.261,0.752,0.717,25.194,19,17,0,3775330.8,74,75,70,69,97,97,97,97,20.013,20.006,22.191,22.171,2145.337,0,36554,0,167,5316,15,1,0,0,0,29,23,14,0,13,9,FALSE,0,FALSE
43.245274,1.263,1.271,0.756,0.722,25.181,19,17,0,3772302.5,71,70,71,69,97,97,97,96,20.014,20.007,22.189,22.169,2175.561,0,36554,0,166,5316,15,1,0,0,0,29,23,14,0,13,9,FALSE,0,FALSE
43.74657,1.286,1.289,0.775,0.754,25.18,19,17,0,3799767.8,72,71,73,74,97,97,97,97,20.016,20.009,22.191,22.172,2202.216,0,36554,0,166,5500,15,1,0,0,0,29,23,14,0,13,9,FALSE,0,FALSE
44.245094,1.294,1.296,0.779,0.758,25.179,19,17,0,3823137.2,69,69,70,70,97,97,97,97,20.02,20.012,22.195,22.176,2222.91,0,36554,0,233,5500,15,1,0,0,0,29,23,14,0,13,9,FALSE,0,FALSE
44.747574,1.295,1.297,0.781,0.76,25.179,19,17,0,3843572.2,67,67,69,68,97,97,97,97,20.022,20.015,22.198,22.179,2240.506,0,36554,0,233,5500,15,1,0,0,0,29,23,14,0,13,9,FALSE,0,FALSE
45.248474,1.306,1.304,0.797,0.776,25.179,19,17,0,3862436,71,67,74,74,97,97,97,97,20.025,20.016,22.202,22.183,2255.063,0,36554,0,233,5650,15,1,0,0,0,29,23,14,0,13,9,FALSE,0,FALSE
45.74262,1.32,1.315,0.837,0.804,25.179,19,17,0,3876074.2,74,70,88,80,97,97,97,97,20.029,20.019,22.209,22.189,2266.42,0,36554,0,233,5650,15,1,0,0,0,29,23,14,0,13,9,FALSE,0,FALSE
46.242218,1.33,1.323,0.877,0.83,25.177,19,17,0,3881842.2,74,70,95,83,97,97,97,97,20.034,20.022,22.222,22.196,2278.287,0,36554,0,233,5650,15,1,0,0,0,29,23,14,0,13,9,FALSE,0,FALSE
46.748596,1.343,1.333,0.897,0.845,25.173,19,17,0,3887727.2,75,72,91,80,97,97,98,97,20.04,20.026,22.234,22.204,2292.563,0,36554,0,233,5767,15,1,0,0,0,29,23,14,0,13,9,FALSE,0,FALSE
47.244312,1.359,1.346,0.913,0.857,25.168,19,17,0,3894072,77,73,86,78,97,97,98,97,20.046,20.03,22.244,22.21,2305.313,0,36554,0,233,5767,15,1,0,0,0,29,23,14,0,13,9,FALSE,0,FALSE
47.74819,1.372,1.358,0.919,0.863,25.161,19,17,0,3901024.8,76,72,79,73,97,97,98,97,20.052,20.034,22.25,22.215,2318.501,0,36554,0,233,5767,15,1,0,0,0,29,23,14,0,13,9,FALSE,0,FALSE
48.246906,1.385,1.371,0.924,0.867,25.152,19,17,0,3908412.5,75,73,74,70,97,97,98,97,20.057,20.038,22.254,22.217,2333.404,0,36554,0,150,5850,15,1,0,0,0,29,23,14,0,13,9,FALSE,0,FALSE
48.745876,1.404,1.389,0.927,0.87,25.141,19,17,0,3916140.8,76,75,71,68,98,97,98,97,20.061,20.042,22.256,22.217,2350.812,0,36554,0,150,5850,14,1,0,0,0,29,23,14,0,13,9,FALSE,0,FALSE
49.247116,1.436,1.425,0.927,0.87,25.129,19,17,0,3923043.8,82,80,68,67,98,97,98,97,20.066,20.048,22.257,22.217,2371.291,0,36554,0,483,5850,14,1,0,0,0,29,23,14,0,13,9,FALSE,0,FALSE
49.747917,1.454,1.447,0.927,0.871,25.115,19,17,0,3918846.8,76,75,67,68,98,97,98,97,20.071,20.053,22.256,22.216,2394.469,0,36554,0,483,5850,14,1,0,0,0,29,23,14,0,13,9,FALSE,0,FALSE
50.245117,1.466,1.46,0.927,0.871,25.103,19,17,0,3918875,72,71,67,68,98,97,98,97,20.074,20.055,22.254,22.215,2420.276,0,36554,0,350,5850,14,1,0,0,0,29,23,14,0,13,9,FALSE,0,FALSE
50.745205,1.476,1.471,0.927,0.871,25.089,19,17,0,3912338.8,70,70,67,68,98,97,98,97,20.075,20.056,22.251,22.213,2448.22,0,36554,0,350,5850,14,1,0,0,0,29,23,14,0,13,9,FALSE,0,FALSE
51.24522,1.486,1.481,0.927,0.871,25.075,19,17,0,3904852,70,70,67,68,98,97,98,97,20.075,20.056,22.249,22.211,2478.196,0,36554,0,266,5750,14,1,0,0,0,29,23,14,0,13,9,FALSE,0,FALSE
51.748302,1.495,1.489,0.928,0.871,25.062,19,17,0,3902101.2,70,69,68,68,98,97,98,97,20.075,20.056,22.245,22.208,2509.812,0,36554,0,266,5750,14,1,0,0,0,29,23,14,0,13,9,FALSE,0,FALSE
52.243233,1.505,1.498,0.929,0.873,25.048,19,17,0,3893462,70,70,68,68,98,97,98,97,20.074,20.055,22.242,22.205,2542.895,0,36554,0,216,5750,14,1,0,0,0,29,23,14,0,13,9,FALSE,0,FALSE
52.742027,1.519,1.517,0.942,0.884,25.035,19,17,0,3884822,70,73,70,72,98,97,98,97,20.073,20.055,22.239,22.201,2577.5,0,36554,0,216,5750,14,1,0,0,0,29,23,14,0,13,9,FALSE,0,FALSE
53.243305,1.542,1.545,0.977,0.916,25.025,19,17,0,3897731.8,72,74,77,78,98,97,98,97,20.073,20.056,22.237,22.201,2611.821,0,36554,0,200,5750,14,1,0,0,0,29,23,14,0,13,9,FALSE,0,FALSE
53.742485,1.567,1.576,1.004,0.943,25.025,19,17,0,3926949.2,72,75,75,77,98,98,98,97,20.076,20.06,22.241,22.206,2640.839,0,36554,0,183,5750,14,1,0,0,0,29,23,14,0,13,9,FALSE,0,FALSE
54.242638,1.577,1.591,1.017,0.956,25.024,19,17,0,3952858.8,70,72,72,75,98,98,98,97,20.078,20.064,22.245,22.211,2665.698,0,36554,0,183,5917,14,1,0,0,0,29,23,14,0,13,9,FALSE,0,FALSE
54.74518,1.583,1.6,1.024,0.964,25.024,19,17,0,3976668.5,68,71,70,73,98,98,98,97,20.08,20.068,22.248,22.215,2686.436,0,36554,0,183,5917,14,1,0,0,0,29,23,14,0,13,9,FALSE,0,FALSE
55.24499,1.586,1.605,1.029,0.968,25.024,19,17,0,3997266,67,69,69,71,98,98,98,97,20.082,20.071,22.251,22.219,2703.785,0,36554,0,300,5917,14,1,0,0,0,29,23,14,0,13,9,FALSE,0,FALSE
55.74625,1.591,1.612,1.037,0.977,25.023,19,17,0,4000000,67,70,70,73,98,98,98,97,20.084,20.074,22.253,22.223,2718.802,0,36554,0,300,5917,14,1,0,0,0,29,23,14,0,13,9,FALSE,0,FALSE
56.24586,1.597,1.621,1.046,0.988,25.023,19,17,0,4000000,68,71,71,75,98,98,98,97,20.086,20.078,22.257,22.228,2731.147,0,36554,0,300,6200,14,1,0,0,0,29,23,14,0,13,9,FALSE,0,FALSE
56.741745,1.604,1.629,1.058,1.01,25.023,19,17,0,4000000,69,71,73,82,98,98,98,98,20.088,20.081,22.26,22.234,2741.341,0,36554,0,300,6200,14,1,0,0,0,29,23,14,0,13,9,FALSE,0,FALSE
57.247883,1.613,1.639,1.073,1.033,25.021,19,17,0,4000000,71,73,75,86,98,98,98,98,20.091,20.085,22.265,22.243,2762.985,0,36554,0,383,6200,14,1,0,0,0,29,23,14,0,13,9,FALSE,0,FALSE
57.746563,1.622,1.65,1.079,1.04,25.017,19,17,0,4000000,71,74,73,80,98,98,98,98,20.094,20.09,22.269,22.251,2773.28,0,36554,0,383,6267,14,1,0,0,0,29,23,14,0,13,9,FALSE,0,FALSE
58.24201,1.635,1.661,1.082,1.044,25.01,19,17,0,4000000,73,75,70,75,98,98,98,98,20.098,20.095,22.271,22.257,2785.085,0,36554,0,383,6267,14,1,0,0,0,29,23,14,0,13,9,FALSE,0,FALSE
58.744312,1.653,1.677,1.083,1.044,25.001,19,17,0,3999999.8,75,75,68,71,98,98,98,98,20.103,20.1,22.272,22.26,2799.726,0,36554,0,383,6267,14,1,0,0,0,29,23,14,0,13,9,FALSE,0,FALSE
59.242496,1.682,1.704,1.083,1.044,24.989,19,17,0,3999924,81,80,67,68,98,98,98,98,20.108,20.106,22.272,22.26,2817.054,0,36554,0,350,6267,14,1,0,0,0,29,23,14,0,13,9,FALSE,0,FALSE
59.746067,1.701,1.723,1.083,1.044,24.978,19,17,0,3997600.5,75,75,66,67,99,99,98,98,20.114,20.112,22.272,22.26,2837.136,0,36554,0,350,6250,14,1,0,0,0,29,23,14,0,13,9,FALSE,0,FALSE
60.242577,1.717,1.738,1.084,1.044,24.964,19,17,0,3993430,73,73,66,67,99,99,98,98,20.118,20.115,22.27,22.259,2859.983,0,36554,0,283,6250,14,1,0,0,0,29,23,14,0,13,9,FALSE,0,FALSE
60.737667,1.729,1.75,1.084,1.044,24.952,19,17,0,3993479.8,71,71,67,67,99,99,98,98,20.12,20.117,22.269,22.258,2884.514,0,36554,0,283,6250,14,1,0,0,0,29,23,14,0,13,9,FALSE,0,FALSE
61.241478,1.739,1.76,1.084,1.045,24.938,19,17,0,3986838,70,70,67,67,99,99,98,98,20.121,20.118,22.267,22.256,2913.07,0,36554,0,250,6234,14,1,0,0,0,29,23,14,0,13,9,FALSE,0,FALSE
61.74762,1.748,1.77,1.084,1.045,24.925,19,17,0,3982119.2,70,70,68,68,99,99,98,98,20.121,20.119,22.264,22.254,2942.863,0,36554,0,250,6234,14,1,0,0,0,29,23,14,0,13,9,FALSE,0,FALSE
62.24369,1.757,1.778,1.084,1.045,24.911,19,17,0,3976556.5,70,70,68,68,99,99,98,98,20.12,20.118,22.261,22.251,2974.507,0,36554,0,233,6233,14,1,0,0,0,29,23,14,0,13,9,FALSE,0,FALSE
62.742847,1.765,1.786,1.084,1.045,24.898,19,17,0,3967916.5,70,70,68,68,99,99,98,98,20.12,20.118,22.258,22.248,3007.838,0,36554,0,233,6233,14,1,0,0,0,29,23,14,0,13,9,FALSE,0,FALSE
63.241604,1.773,1.794,1.084,1.045,24.884,19,17,0,3959276.5,70,70,68,68,99,99,98,98,20.119,20.117,22.254,22.244,3042.687,0,36554,0,250,6250,14,1,0,0,0,29,23,14,0,13,9,FALSE,0,FALSE
63.744858,1.78,1.801,1.084,1.045,24.871,19,17,0,3956083,70,70,68,68,99,99,98,98,20.117,20.115,22.25,22.24,3078.734,0,36554,0,266,6250,14,1,0,0,0,29,23,14,0,13,9,FALSE,0,FALSE
64.24403,1.787,1.808,1.084,1.045,24.857,19,17,0,3947443,70,70,69,69,99,99,98,98,20.115,20.113,22.245,22.235,3115.903,0,36554,0,283,6250,14,1,0,0,0,29,23,14,0,13,9,FALSE,0,FALSE
64.74291,1.794,1.815,1.084,1.045,24.843,19,17,0,3938803,70,70,69,69,99,99,98,97,20.113,20.111,22.24,22.23,3154.135,0,36554,0,283,6250,14,1,0,0,0,29,23,14,0,13,9,FALSE,0,FALSE
65.24226,1.8,1.822,1.084,1.045,24.83,19,17,0,3930163,70,70,69,69,98,98,98,97,20.11,20.108,22.235,22.225,3193.325,0,36554,0,300,6233,14,1,0,0,0,29,23,14,0,13,9,FALSE,0,FALSE
65.74315,1.807,1.828,1.084,1.045,24.816,19,17,0,3921523,70,70,69,69,98,98,97,97,20.107,20.105,22.229,22.219,3233.365,0,36554,0,333,6233,14,1,0,0,0,29,23,14,0,13,9,FALSE,0,FALSE
66.24234,1.813,1.834,1.084,1.045,24.803,19,17,0,3918303.2,70,70,69,69,98,98,97,97,20.104,20.102,22.222,22.213,3274.036,0,36554,0,334,6200,14,1,0,0,0,29,23,14,0,13,9,FALSE,0,FALSE
66.74398,1.819,1.84,1.084,1.045,24.789,19,17,0,3909663.2,70,70,69,69,98,98,97,97,20.1,20.098,22.216,22.206,3315.305,0,36554,0,334,6200,14,1,0,0,0,29,23,14,0,13,9,FALSE,0,FALSE
67.238075,1.826,1.846,1.086,1.047,24.776,19,17,0,3904268.2,71,70,70,71,98,98,97,97,20.096,20.095,22.209,22.2,3355.715,0,36554,0,350,6200,14,1,0,0,0,29,23,14,0,13,9,FALSE,0,FALSE
68.2382,1.874,1.896,1.149,1.109,24.773,19,17,0,3966112,72,75,76,77,98,98,97,97,20.1,20.098,22.217,22.208,3421.597,0,36554,0,350,6183,14,1,0,0,0,29,23,14,0,13,9,FALSE,0,FALSE
68.74633,1.898,1.929,1.186,1.156,24.773,19,17,0,3983473,74,79,79,86,98,98,97,97,20.104,20.104,22.224,22.217,3444.588,0,36554,0,384,6217,14,1,0,0,0,29,23,14,0,13,9,FALSE,0,FALSE
69.74651,1.955,2.003,1.267,1.257,24.762,19,17,0,3997800.5,79,85,83,90,99,99,98,98,20.113,20.12,22.241,22.239,3494.003,0,36554,0,384,6233,14,1,0,0,0,29,23,14,0,13,9,FALSE,0,FALSE
70.245094,1.981,2.036,1.299,1.297,24.753,19,17,0,3999893.8,77,82,80,87,99,99,98,98,20.119,20.128,22.248,22.249,3516.299,0,36554,0,400,6233,14,1,0,0,0,29,23,14,0,13,9,FALSE,0,FALSE
70.746506,2.012,2.075,1.332,1.336,24.743,19,17,0,3999876,77,83,79,85,99,99,98,98,20.124,20.135,22.254,22.258,3538.85,0,36554,0,400,6233,14,1,0,0,0,29,23,14,0,13,9,FALSE,0,FALSE
71.246086,2.045,2.115,1.362,1.371,24.732,19,17,0,3999949.8,77,82,78,82,99,99,98,98,20.128,20.143,22.258,22.265,3562.26,0,36554,0,367,6217,14,1,0,0,0,29,23,14,0,13,9,FALSE,0,FALSE
71.7447,2.072,2.148,1.384,1.393,24.72,19,17,0,3995257,75,80,75,78,99,99,98,98,20.132,20.149,22.261,22.269,3587.001,0,36554,0,367,6233,14,1,0,0,0,29,23,14,0,13,9,FALSE,0,FALSE
72.24283,2.108,2.19,1.413,1.425,24.706,19,17,0,3988847.5,77,82,76,79,99,99,98,98,20.135,20.154,22.264,22.272,3613.75,0,36554,0,350,6233,14,1,0,0,0,29,23,14,0,13,9,FALSE,0,FALSE
72.741234,2.143,2.233,1.441,1.454,24.692,19,17,0,3981668.2,75,80,75,77,99,99,98,98,20.138,20.159,22.265,22.275,3642.436,0,36554,0,350,6233,14,1,0,0,0,29,23,14,0,13,9,FALSE,0,FALSE
73.24193,2.167,2.262,1.461,1.474,24.679,19,17,0,3979241.8,73,77,73,74,99,99,98,98,20.139,20.162,22.266,22.276,3673.257,0,36554,0,333,6233,14,1,0,0,0,29,23,14,0,13,9,FALSE,0,FALSE
73.74444,2.18,2.278,1.467,1.478,24.666,19,17,0,3970750.8,70,72,69,69,99,99,98,98,20.139,20.163,22.264,22.275,3705.99,0,36554,0,333,6283,14,1,0,0,0,29,23,14,0,13,9,FALSE,0,FALSE
74.242195,2.201,2.296,1.486,1.497,24.652,19,17,0,3962110.8,75,73,76,73,99,99,98,98,20.138,20.162,22.262,22.273,3739.84,0,36554,0,350,6283,14,1,0,0,0,29,23,14,0,13,9,FALSE,0,FALSE
74.74677,2.252,2.338,1.534,1.54,24.638,19,17,0,3953470.8,79,75,79,76,99,99,98,98,20.14,20.163,22.263,22.272,3774.01,0,36554,0,367,6283,14,1,0,0,0,29,23,14,0,13,9,FALSE,0,FALSE
75.24656,2.303,2.379,1.6,1.601,24.625,19,17,0,3950246,82,78,88,82,99,99,98,98,20.142,20.163,22.264,22.271,3809.83,0,36554,0,367,6284,14,1,0,0,0,29,23,14,0,13,9,FALSE,0,FALSE
75.74403,2.383,2.445,1.706,1.693,24.612,19,17,0,3941606,85,80,93,87,99,100,98,98,20.147,20.165,22.269,22.274,3846.47,0,36554,0,383,6284,14,1,0,0,0,29,23,14,0,13,9,FALSE,0,FALSE
76.24587,2.458,2.509,1.82,1.791,24.598,19,17,0,3932966,85,80,94,88,99,100,98,98,20.151,20.167,22.274,22.276,3883.225,0,36554,0,383,6266,14,1,0,0,0,29,23,14,0,13,9,FALSE,0,FALSE
76.745026,2.531,2.569,1.911,1.871,24.585,19,17,0,3924326,83,79,88,83,99,100,98,98,20.155,20.168,22.278,22.277,3919.757,0,36554,0,400,6266,14,1,0,0,0,29,23,14,0,13,9,FALSE,0,FALSE
77.24433,2.59,2.617,1.977,1.931,24.571,19,17,0,3915686,81,77,83,79,99,100,98,98,20.157,20.168,22.278,22.276,3955.592,0,36554,0,400,6300,14,1,0,0,0,29,23,14,0,13,9,FALSE,0,FALSE
77.74481,2.628,2.648,2.007,1.96,24.557,19,17,0,3907046,75,73,74,72,99,100,98,98,20.157,20.166,22.276,22.273,3992.043,0,36554,0,417,6300,14,1,0,0,0,29,23,14,0,13,9,FALSE,0,FALSE
78.24198,2.64,2.659,2.017,1.97,24.545,19,17,0,3909596.2,71,71,73,73,99,99,98,98,20.153,20.162,22.271,22.267,4029.39,0,36554,41365,417,6284,14,1,0,0,0,29,23,14,0,13,9,FALSE,0,FALSE
78.74422,2.664,2.682,2.045,2,24.544,19,17,0,3939372,73,71,75,75,99,99,98,98,20.153,20.162,22.273,22.269,4060.344,0,36554,41365,434,6317,14,1,0,0,0,29,23,14,0,13,9,FALSE,0,FALSE
79.242615,2.69,2.701,2.081,2.032,24.544,19,17,0,3966481,77,72,83,78,99,99,98,98,20.156,20.163,22.279,22.274,4084.981,0,36554,41365,434,6317,14,1,0,0,0,29,23,14,0,13,9,FALSE,0,FALSE
79.74409,2.726,2.727,2.139,2.076,24.543,19,17,0,3981712.5,81,75,91,83,99,100,98,98,20.162,20.166,22.288,22.281,4106.546,0,36554,41365,433,6317,14,1,0,0,0,29,23,14,0,13,9,FALSE,0,FALSE
80.24374,2.753,2.747,2.201,2.122,24.542,19,17,0,3992149.5,80,74,97,86,100,100,99,98,20.168,20.169,22.3,22.288,4126.972,0,36554,41365,433,6333,14,1,0,0,0,29,23,14,0,13,9,FALSE,0,FALSE
80.7445,2.778,2.766,2.262,2.164,24.538,19,17,0,3999329.2,79,75,99,86,100,100,99,99,20.173,20.172,22.312,22.296,4149.368,0,36554,41365,450,6333,14,1,0,0,0,29,23,14,0,13,9,FALSE,0,FALSE
81.242386,2.806,2.788,2.307,2.197,24.532,19,17,0,3999950.5,81,76,93,83,100,100,99,99,20.178,20.175,22.325,22.304,4170.824,0,36554,41365,450,6333,14,1,0,0,0,29,23,14,0,13,9,FALSE,0,FALSE
81.74495,2.824,2.803,2.32,2.209,24.523,19,17,0,3999902.2,77,73,80,75,100,100,99,99,20.182,20.177,22.331,22.307,4190.851,0,36554,41365,450,6334,14,1,0,0,0,29,23,14,0,13,9,FALSE,0,FALSE
82.240875,2.851,2.828,2.334,2.22,24.511,19,17,0,3998581.8,78,77,76,72,100,100,99,99,20.185,20.179,22.334,22.308,4212.432,0,36554,41365,434,6334,14,1,0,0,0,29,23,14,0,13,9,FALSE,0,FALSE
82.74565,2.896,2.875,2.342,2.23,24.498,19,17,0,3992721,83,84,74,69,100,100,99,99,20.189,20.183,22.335,22.308,4236.832,0,36554,41365,434,6334,14,1,0,0,0,29,23,14,0,13,9,FALSE,0,FALSE
83.243065,2.917,2.896,2.342,2.23,24.485,19,17,0,3953347,74,74,69,68,100,100,99,99,20.192,20.186,22.334,22.306,4263.679,0,36554,41365,484,6384,14,1,0,0,0,29,23,14,0,13,9,FALSE,0,FALSE
83.74577,2.93,2.909,2.343,2.231,24.472,19,17,0,3910617,71,72,68,68,100,100,99,99,20.192,20.186,22.332,22.304,4293.13,0,36554,41365,484,6400,14,1,0,0,0,29,23,14,0,13,9,FALSE,0,FALSE
84.24647,2.94,2.92,2.343,2.231,24.458,19,17,0,3856069.2,71,71,69,68,100,100,99,99,20.191,20.185,22.329,22.301,4324.652,0,36554,41365,500,6400,14,1,0,0,0,29,23,14,0,13,9,FALSE,0,FALSE
84.74487,2.951,2.931,2.343,2.231,24.445,19,17,0,3798454.2,71,71,69,69,100,100,99,99,20.189,20.183,22.325,22.298,4358.227,0,36554,41365,517,6400,14,1,0,0,0,29,23,14,0,13,9,FALSE,0,FALSE
85.246346,2.96,2.94,2.343,2.231,24.432,19,17,0,3746165,70,70,68,68,100,100,99,99,20.187,20.181,22.321,22.294,4393.397,0,36554,41365,517,6417,14,1,0,0,0,29,23,14,0,13,9,FALSE,0,FALSE
85.74406,2.97,2.949,2.343,2.231,24.418,19,17,0,3688550,70,70,68,68,100,100,99,98,20.184,20.178,22.316,22.289,4430.106,0,36554,41365,500,6417,14,1,0,0,0,29,23,14,0,13,9,FALSE,0,FALSE
86.24149,2.979,2.959,2.343,2.231,24.404,19,17,0,3630935,70,70,69,69,100,100,99,98,20.181,20.175,22.311,22.284,4468.271,0,36554,41365,500,6383,14,1,0,0,0,29,23,14,0,13,9,FALSE,0,FALSE
86.74364,2.988,2.968,2.343,2.231,24.391,19,17,0,3573320,71,70,69,69,100,100,99,98,20.177,20.171,22.305,22.278,4507.747,0,36554,41365,500,6383,14,1,0,0,0,29,23,14,0,13,9,FALSE,0,FALSE
87.24352,2.994,2.974,2.343,2.231,24.378,19,17,0,3566803.5,70,70,69,69,100,100,99,98,20.173,20.167,22.299,22.273,4548.167,0,36554,41365,467,6383,14,1,0,0,0,29,23,14,0,13,9,FALSE,0,FALSE
87.745026,3,2.98,2.343,2.231,24.364,19,17,0,3558163.5,70,70,69,69,100,99,99,98,20.169,20.163,22.293,22.266,4589.243,0,36554,41365,434,6317,14,1,0,0,0,29,23,14,0,13,9,FALSE,0,FALSE
88.24251,3.006,2.986,2.343,2.231,24.35,19,17,0,3549523.5,71,71,70,70,99,99,98,98,20.164,20.158,22.286,22.26,4630.995,0,36554,41365,433,6317,14,1,0,0,0,29,23,14,0,13,9,FALSE,0,FALSE
88.74025,3.012,2.993,2.343,2.231,24.336,19,17,0,3540883.5,71,72,70,70,99,99,98,98,20.159,20.154,22.279,22.253,4673.36,0,36554,41365,400,6317,14,1,0,0,0,29,23,14,0,13,9,FALSE,0,FALSE
89.24598,3.018,3,2.344,2.231,24.323,19,17,0,3532243.5,71,71,70,70,99,99,98,98,20.154,20.149,22.272,22.246,4716.262,0,36554,41365,400,6250,14,1,0,0,0,29,23,14,0,13,9,FALSE,0,FALSE
89.74368,3.024,3.007,2.344,2.231,24.309,19,17,0,3523603.5,71,71,70,70,99,99,98,98,20.149,20.144,22.264,22.238,4759.613,0,36554,41365,400,6250,14,1,0,0,0,29,23,14,0,13,9,FALSE,0,FALSE
90.24365,3.03,3.013,2.345,2.232,24.295,19,17,0,3517688.8,71,71,71,70,99,99,98,98,20.143,20.138,22.256,22.231,4803.33,0,36554,41365,400,6183,14,1,0,0,0,29,23,14,0,13,9,FALSE,0,FALSE
90.74353,3.06,3.042,2.425,2.274,24.292,19,17,0,3552400.5,72,72,84,75,99,99,98,98,20.142,20.137,22.258,22.231,4841.952,0,36554,41365,400,6183,14,1,0,0,0,29,23,14,0,13,9,FALSE,0,FALSE
91.24085,3.079,3.055,2.444,2.287,24.291,19,17,0,3582817.5,70,70,74,71,99,99,98,98,20.144,20.139,22.265,22.236,4872.29,0,36554,41365,383,6150,14,1,0,0,0,29,23,14,0,13,9,FALSE,0,FALSE
91.74232,3.098,3.07,2.46,2.303,24.29,19,17,0,3609496.2,73,71,75,73,99,99,98,98,20.147,20.141,22.27,22.241,4896.941,0,36554,41365,383,6217,14,1,0,0,0,29,23,14,0,13,9,FALSE,0,FALSE
92.74246,3.149,3.107,2.558,2.377,24.29,19,17,0,3645303,78,73,95,84,99,99,99,98,20.16,20.149,22.291,22.257,4933.167,0,36554,41365,400,6217,14,1,0,0,0,29,23,14,0,13,9,FALSE,0,FALSE
93.23983,3.166,3.122,2.596,2.4,24.284,19,17,0,3652995.8,78,74,92,80,100,99,99,98,20.165,20.153,22.305,22.265,4956.531,0,36554,41365,400,6200,14,1,0,0,0,29,23,14,0,13,9,FALSE,0,FALSE
93.736855,3.187,3.14,2.614,2.414,24.275,19,17,0,3660616.2,79,75,84,76,100,99,99,98,20.171,20.158,22.315,22.271,4973.179,0,36554,41365,316,6200,14,1,0,0,0,29,23,14,0,13,9,FALSE,0,FALSE
94.23995,3.21,3.159,2.629,2.426,24.265,19,17,0,3668889.2,77,74,78,72,100,99,99,98,20.177,20.162,22.321,22.276,4993.142,0,36554,41365,316,6183,14,1,0,0,0,29,23,14,0,13,9,FALSE,0,FALSE
94.7428,3.238,3.189,2.637,2.434,24.253,19,17,0,3674059.8,80,78,74,70,100,100,99,98,20.182,20.166,22.325,22.278,5014.05,0,36554,41365,316,6183,14,1,0,0,0,29,23,14,0,13,9,FALSE,0,FALSE
95.24045,3.276,3.226,2.647,2.443,24.239,19,17,0,3669254.5,79,77,72,69,100,100,99,98,20.189,20.172,22.327,22.279,5036.963,0,36554,41365,316,6183,14,1,0,0,0,29,23,14,0,13,9,FALSE,0,FALSE
96.24056,3.314,3.259,2.654,2.45,24.213,19,17,0,3611005.2,72,72,69,67,100,100,99,98,20.195,20.177,22.328,22.279,5091.796,0,36554,41365,316,6183,14,1,0,0,0,29,23,14,0,13,9,FALSE,0,FALSE
96.73866,3.328,3.269,2.654,2.451,24.2,19,17,0,3563187,72,70,68,68,100,100,99,98,20.195,20.177,22.327,22.277,5122.867,0,36554,41365,317,6183,14,1,0,0,0,29,23,14,0,13,9,FALSE,0,FALSE
97.23798,3.34,3.28,2.654,2.452,24.187,19,17,0,3507768.8,72,70,68,69,100,100,99,98,20.196,20.177,22.325,22.276,5154.552,0,36554,41365,317,6167,14,1,0,0,0,29,23,14,0,13,9,FALSE,0,FALSE
97.743935,3.35,3.29,2.654,2.452,24.174,19,17,0,3453748,71,70,69,69,100,100,99,98,20.195,20.176,22.322,22.273,5190.427,0,36554,41365,334,6167,14,1,0,0,0,29,23,14,0,13,9,FALSE,0,FALSE
98.24088,3.359,3.3,2.654,2.452,24.16,19,17,0,3396133,71,71,69,69,100,100,99,98,20.194,20.175,22.319,22.27,5226.742,0,36554,41365,333,6167,14,1,0,0,0,29,23,14,0,13,9,FALSE,0,FALSE
98.74202,3.369,3.309,2.654,2.452,24.146,19,17,0,3338518,71,71,69,69,100,100,99,98,20.192,20.174,22.315,22.267,5264.573,0,36554,41365,333,6150,14,1,0,0,0,29,23,14,0,13,9,FALSE,0,FALSE
99.241875,3.378,3.318,2.654,2.452,24.132,19,17,0,3280903,71,71,69,69,100,100,99,98,20.19,20.172,22.311,22.263,5303.755,0,36554,41365,316,5916,14,1,0,0,0,29,23,14,0,13,9,FALSE,0,FALSE
99.73971,3.386,3.326,2.654,2.452,24.119,19,17,0,3228778.2,71,71,69,69,100,100,99,98,20.188,20.169,22.306,22.258,5344.049,0,36554,41365,300,5916,14,1,0,0,0,29,23,14,0,13,9,FALSE,0,FALSE
100.23977,3.394,3.334,2.654,2.452,24.106,19,17,0,3171163.2,71,71,69,69,100,100,99,98,20.185,20.166,22.3,22.253,5385.257,0,36554,41365,300,5917,14,1,0,0,0,29,23,14,0,13,9,FALSE,0,FALSE
100.73778,3.402,3.342,2.654,2.452,24.092,19,17,1,3115468.8,71,71,69,69,100,99,99,98,20.182,20.163,22.295,22.248,17.125,100515,0,0,283,5917,14,2,0,0,0,29,23,14,0,13,9,FALSE,0,FALSE
101.24076,3.409,3.348,2.654,2.452,24.078,19,17,1,3106540.8,71,71,69,69,100,99,98,98,20.178,20.16,22.288,22.241,61.486,100515,0,0,250,5917,14,2,0,0,0,29,23,14,0,13,9,FALSE,0,FALSE
101.74183,3.415,3.355,2.654,2.452,24.064,19,17,1,3097900.8,70,70,69,69,100,99,98,98,20.174,20.156,22.281,22.235,104.858,100515,0,0,233,6000,14,2,0,0,0,29,23,14,0,13,9,FALSE,0,FALSE
102.23972,3.421,3.361,2.654,2.452,24.05,19,17,1,3089260.8,71,70,69,69,100,99,98,97,20.169,20.151,22.274,22.228,148.677,100515,0,0,217,5917,14,2,0,0,0,29,23,14,0,13,9,FALSE,0,FALSE
102.74141,3.427,3.367,2.654,2.452,24.037,19,17,1,3080620.8,71,71,70,70,99,99,98,97,20.164,20.146,22.267,22.221,192.888,100515,0,0,217,5917,14,2,0,0,0,29,23,14,0,13,9,FALSE,0,FALSE
103.240395,3.433,3.373,2.654,2.452,24.023,19,17,1,3071980.8,71,71,70,69,99,99,98,97,20.159,20.141,22.259,22.213,237.445,100515,0,0,200,5883,14,2,0,0,0,29,23,14,0,13,9,FALSE,0,FALSE
103.744026,3.441,3.379,2.655,2.453,24.009,19,17,1,3063340.8,72,71,70,70,99,99,98,97,20.153,20.136,22.25,22.205,282.274,100515,0,0,183,5883,14,2,0,0,0,29,23,14,0,13,9,FALSE,0,FALSE
104.24221,3.447,3.385,2.655,2.453,23.995,19,17,1,3054767.5,71,71,70,69,99,99,98,97,20.147,20.13,22.242,22.197,327.356,100515,0,0,167,5883,14,2,0,0,0,29,23,14,0,13,9,FALSE,0,FALSE
104.73957,3.453,3.391,2.655,2.453,23.981,19,17,1,3046354.2,71,70,69,69,99,99,98,97,20.141,20.124,22.233,22.188,372.674,100515,0,0,167,5883,14,2,0,0,0,29,23,14,0,13,9,FALSE,0,FALSE
105.244064,3.459,3.396,2.655,2.453,23.968,19,17,1,3038073.2,71,71,70,70,99,99,97,97,20.135,20.117,22.224,22.18,418.185,100515,0,0,167,5866,14,2,0,0,0,29,23,14,0,13,9,FALSE,0,FALSE
105.73862,3.465,3.404,2.657,2.454,23.954,19,17,1,3029897,71,71,70,70,99,99,97,97,20.128,20.111,22.215,22.171,463.851,100515,0,0,133,5866,14,2,0,0,0,29,23,14,0,13,9,FALSE,0,FALSE
106.24099,3.471,3.414,2.661,2.457,23.94,19,17,1,3021795.5,71,72,70,70,99,98,97,96,20.121,20.105,22.206,22.162,509.619,100515,0,0,133,5866,14,2,0,0,0,29,23,14,0,13,9,FALSE,0,FALSE
106.74263,3.477,3.421,2.661,2.457,23.926,19,17,1,3013718.2,71,71,70,70,99,98,97,96,20.114,20.098,22.196,22.153,555.379,100515,0,0,116,5866,14,2,0,0,0,29,23,14,0,13,9,FALSE,0,FALSE
107.24032,3.491,3.434,2.677,2.474,23.916,19,17,1,3024893.5,73,73,75,74,98,98,97,96,20.108,20.092,22.189,22.146,600.198,100515,0,0,100,5866,14,2,0,0,0,29,23,14,0,13,9,FALSE,0,FALSE
107.745155,3.511,3.453,2.697,2.496,23.915,19,17,1,3060125.5,71,71,72,71,98,98,97,96,20.108,20.092,22.192,22.149,637.262,100515,0,0,100,5817,14,2,0,0,0,29,23,14,0,13,9,FALSE,0,FALSE
108.24156,3.526,3.468,2.708,2.507,23.913,19,17,1,3089266.8,71,70,71,71,98,98,97,96,20.11,20.094,22.197,22.154,666.944,100515,0,0,84,5817,14,2,0,0,0,29,23,14,0,13,9,FALSE,0,FALSE
108.73739,3.542,3.48,2.717,2.517,23.912,19,17,1,3113369.5,71,70,71,71,99,98,97,96,20.113,20.097,22.203,22.159,689.371,100515,0,0,84,5884,14,2,0,0,0,29,23,14,0,13,9,FALSE,0,FALSE
109.24133,3.554,3.489,2.723,2.522,23.912,19,17,1,3134656,70,69,71,70,99,98,97,96,20.117,20.101,22.209,22.165,707.572,100515,0,0,134,5884,14,2,0,0,0,29,23,14,0,13,9,FALSE,0,FALSE
109.74495,3.559,3.493,2.729,2.528,23.912,19,17,1,3151751,69,68,71,69,99,98,97,96,20.121,20.104,22.214,22.17,721.04,100515,0,0,134,6000,14,2,0,0,0,29,23,14,0,13,9,FALSE,0,FALSE
110.24441,3.567,3.499,2.749,2.543,23.912,19,17,1,3164302.5,71,68,78,73,99,98,97,97,20.125,20.107,22.221,22.176,730.971,100515,0,0,134,6000,14,2,0,0,0,29,23,14,0,13,9,FALSE,0,FALSE
110.74196,3.577,3.507,2.777,2.562,23.911,19,17,1,3171138,72,69,86,77,99,98,98,97,20.129,20.11,22.231,22.183,741.135,100515,0,0,134,6000,14,2,0,0,0,29,23,14,0,13,9,FALSE,0,FALSE
111.24194,3.585,3.514,2.792,2.572,23.909,19,17,1,3175793.8,72,70,85,76,99,99,98,97,20.134,20.114,22.242,22.191,754.945,100515,0,0,100,6000,14,2,0,0,0,29,23,14,0,13,9,FALSE,0,FALSE
111.74377,3.591,3.519,2.8,2.578,23.905,19,17,1,3180760.5,72,70,81,74,99,99,98,97,20.138,20.117,22.251,22.197,765.501,100515,0,0,100,6350,14,2,0,0,0,29,23,14,0,13,9,FALSE,0,FALSE
112.244736,3.601,3.528,2.805,2.582,23.9,19,17,1,3186615.5,73,70,76,71,99,99,98,97,20.142,20.12,22.258,22.202,776.885,100515,0,0,100,6350,14,2,0,0,0,29,23,14,0,13,9,FALSE,0,FALSE
112.739075,3.609,3.539,2.806,2.584,23.892,19,17,1,3192225.8,73,72,72,69,99,99,98,97,20.146,20.123,22.263,22.205,790.151,100515,0,0,100,6350,14,2,0,0,0,29,23,14,0,13,9,FALSE,0,FALSE
113.74203,3.632,3.564,2.821,2.603,23.875,19,17,1,3207193.2,73,74,70,74,99,99,98,97,20.153,20.13,22.268,22.212,823.101,100515,0,0,383,6350,14,2,0,0,0,29,23,14,0,13,9,FALSE,0,FALSE
114.24195,3.646,3.582,2.835,2.62,23.866,19,17,1,3215171,73,76,73,77,99,99,98,97,20.156,20.135,22.27,22.216,844.397,100515,0,0,383,6133,14,2,0,0,0,29,23,14,0,13,9,FALSE,0,FALSE
114.742134,3.666,3.607,2.849,2.634,23.856,19,17,1,3223329,74,78,72,74,99,99,98,97,20.159,20.14,22.273,22.22,867.63,100515,0,0,166,6133,14,2,0,0,0,29,23,14,0,13,9,FALSE,0,FALSE
115.24532,3.693,3.631,2.854,2.639,23.844,19,17,1,3228881.8,77,79,70,70,99,99,98,97,20.163,20.145,22.274,22.222,889.284,100515,0,0,166,6134,14,2,0,0,0,29,23,14,0,13,9,FALSE,0,FALSE
115.74208,3.713,3.653,2.859,2.643,23.83,19,17,1,3223763.8,74,75,68,71,100,99,98,97,20.166,20.15,22.274,22.223,913.975,100515,0,0,150,6134,14,2,0,0,0,29,23,14,0,13,9,FALSE,0,FALSE
116.238266,3.741,3.681,2.863,2.648,23.817,19,17,1,3224012,74,76,69,67,100,99,98,97,20.169,20.153,22.273,22.223,941.756,100515,0,0,150,6150,14,2,0,0,0,29,23,14,0,13,9,FALSE,0,FALSE
116.73914,3.776,3.714,2.877,2.662,23.804,19,17,1,3217127,78,76,72,70,100,99,98,97,20.172,20.156,22.272,22.222,972.911,100515,0,0,166,6150,14,2,0,0,0,29,23,14,0,13,9,FALSE,0,FALSE
117.24254,3.798,3.732,2.887,2.671,23.79,19,17,1,3209453.5,73,72,71,69,100,99,98,97,20.174,20.157,22.272,22.22,1003.508,100515,0,0,166,6150,14,2,0,0,0,29,23,14,0,13,9,FALSE,0,FALSE
117.73898,3.817,3.748,2.892,2.678,23.777,19,17,1,3161960.5,73,71,70,69,100,99,98,97,20.174,20.157,22.27,22.218,1035.456,100515,0,0,150,6133,14,2,0,0,0,29,23,14,0,13,9,FALSE,0,FALSE
118.24295,3.83,3.76,2.894,2.679,23.763,19,17,1,3104345.5,71,70,69,68,100,99,98,97,20.174,20.156,22.267,22.215,1069.366,100515,0,0,150,6133,14,2,0,0,0,29,23,14,0,13,9,FALSE,0,FALSE
118.74402,3.842,3.772,2.896,2.682,23.75,19,17,1,3049573,70,71,69,69,100,99,98,97,20.173,20.155,22.263,22.212,1104.996,100515,0,0,117,6083,14,2,0,0,0,29,23,14,0,13,9,FALSE,0,FALSE
119.24045,3.851,3.782,2.897,2.682,23.736,19,17,1,2994790.8,71,71,69,69,100,99,98,97,20.171,20.154,22.259,22.208,1141.913,100515,0,0,100,6083,14,2,0,0,0,29,23,14,0,13,9,FALSE,0,FALSE
119.74215,3.861,3.791,2.897,2.682,23.723,19,17,1,2937175.8,71,71,69,69,100,99,98,97,20.169,20.152,22.255,22.204,1180.16,100515,0,0,100,6067,14,2,0,0,0,29,23,14,0,13,9,FALSE,0,FALSE
120.239624,3.87,3.8,2.897,2.682,23.709,19,17,1,2879560.8,71,71,69,69,100,99,98,97,20.166,20.149,22.25,22.199,1219.585,100515,0,0,83,6067,14,2,0,0,0,29,23,14,0,13,9,FALSE,0,FALSE
120.743416,3.877,3.808,2.897,2.682,23.696,19,17,1,2850282.8,70,70,69,69,99,99,98,97,20.163,20.146,22.244,22.194,1259.942,100515,0,0,50,6067,14,2,0,0,0,29,23,14,0,13,9,FALSE,0,FALSE
121.24283,3.883,3.813,2.897,2.682,23.682,19,17,1,2841642.8,70,70,69,69,99,99,98,97,20.16,20.143,22.238,22.188,1300.87,100515,0,0,50,6067,13,2,0,0,0,29,23,14,0,13,9,FALSE,0,FALSE
121.73906,3.889,3.82,2.897,2.682,23.669,19,17,1,2833002.8,70,71,69,69,99,99,98,97,20.156,20.139,22.232,22.182,1342.363,100515,0,0,200,6000,13,2,0,0,0,29,23,14,0,13,9,FALSE,0,FALSE
122.24267,3.895,3.827,2.898,2.682,23.655,19,17,1,2824362.8,71,71,69,69,99,99,97,97,20.152,20.135,22.225,22.175,1384.327,100515,0,0,200,6000,13,2,0,0,0,29,23,14,0,13,9,FALSE,0,FALSE
122.73823,3.913,3.846,2.922,2.706,23.648,19,17,1,2847442.8,72,72,75,75,99,99,97,97,20.15,20.133,22.222,22.173,1424.01,100515,0,0,183,5983,13,2,0,0,0,29,23,14,0,13,9,FALSE,0,FALSE
123.242294,3.934,3.862,2.942,2.726,23.647,19,17,1,2877687.5,71,72,73,72,99,99,97,97,20.152,20.135,22.227,22.178,1455.048,100515,0,0,183,5983,14,2,0,0,0,29,23,14,0,13,9,FALSE,0,FALSE
123.742226,3.943,3.879,2.954,2.731,23.646,19,17,1,2903676.2,70,71,72,70,99,99,98,97,20.154,20.139,22.233,22.183,1480.13,100515,0,0,65519,6067,14,2,0,0,0,29,23,14,0,13,9,FALSE,0,FALSE
124.24091,3.957,3.888,2.974,2.749,23.646,19,17,1,2926234.2,73,69,77,74,99,99,98,97,20.157,20.142,22.239,22.188,1500.739,100515,0,0,65519,6067,14,2,0,0,0,29,23,14,0,13,9,FALSE,0,FALSE
124.73884,3.981,3.906,3.023,2.786,23.646,19,17,1,2940209.2,78,73,90,82,99,99,98,97,20.163,20.145,22.248,22.196,1517.784,100515,0,0,50,6067,14,2,0,0,0,29,23,14,0,13,9,FALSE,0,FALSE
125.24029,4.008,3.924,3.069,2.826,23.646,19,17,1,2952086.5,81,74,94,86,100,99,98,97,20.17,20.149,22.26,22.206,1537.678,100515,0,0,50,6184,14,2,0,0,0,29,23,14,0,13,9,FALSE,0,FALSE
125.74439,4.026,3.937,3.1,2.849,23.642,19,17,1,2958211.8,78,73,91,82,100,99,98,97,20.177,20.153,22.273,22.215,1560.299,100515,0,0,50,6184,13,2,0,0,0,29,23,14,0,13,9,FALSE,0,FALSE
126.238235,4.048,3.955,3.132,2.871,23.636,19,17,1,2964370.8,80,75,89,80,100,99,98,97,20.183,20.157,22.284,22.223,1577.123,100515,0,0,50,6184,13,2,0,0,0,29,23,14,0,13,9,FALSE,0,FALSE
126.74143,4.071,3.974,3.15,2.885,23.629,19,17,1,2970605.5,80,75,83,76,100,99,99,97,20.19,20.161,22.292,22.229,1594.12,100515,0,0,50,6184,13,2,0,0,0,29,23,14,0,13,9,FALSE,0,FALSE
127.242485,4.086,3.987,3.158,2.892,23.62,19,17,1,2975193,76,73,75,71,100,99,99,98,20.195,20.164,22.298,22.232,1611.418,100515,0,0,350,6300,13,2,0,0,0,29,23,14,0,13,9,FALSE,0,FALSE
127.738434,4.113,4.015,3.164,2.899,23.609,19,17,1,2972788.2,79,77,72,70,100,100,99,98,20.2,20.168,22.3,22.234,1632.02,100515,0,0,350,6300,13,2,0,0,0,29,23,14,0,13,9,FALSE,0,FALSE
128.24226,4.138,4.039,3.166,2.901,23.595,19,17,1,2969392.5,78,78,70,68,100,100,99,98,20.203,20.172,22.301,22.234,1655.216,100515,0,0,350,6250,13,2,0,0,0,29,23,14,0,13,9,FALSE,0,FALSE
128.74257,4.157,4.056,3.166,2.901,23.582,19,17,1,2969559.2,74,73,68,66,100,100,99,98,20.206,20.175,22.301,22.233,1680.873,100515,0,0,317,6250,13,2,0,0,0,29,23,14,0,13,9,FALSE,0,FALSE
129.24127,4.171,4.07,3.167,2.902,23.569,19,17,1,2963075.2,71,72,68,68,100,100,99,98,20.207,20.176,22.299,22.232,1709.154,100515,0,0,317,6250,13,2,0,0,0,29,23,14,0,13,9,FALSE,0,FALSE
129.73956,4.18,4.081,3.17,2.904,23.556,19,17,1,2960822,70,71,68,69,100,100,99,98,20.207,20.176,22.297,22.231,1738.965,100515,0,0,317,6233,13,2,0,0,0,29,23,14,0,13,9,FALSE,0,FALSE
130.24057,4.195,4.1,3.182,2.915,23.543,19,17,1,2952641.5,71,74,70,72,100,100,99,97,20.207,20.177,22.295,22.229,1770.5,100515,0,0,300,6233,13,2,0,0,0,29,23,14,0,13,9,FALSE,0,FALSE
130.74132,4.211,4.121,3.195,2.928,23.529,19,17,1,2944008.2,71,74,71,73,100,100,99,97,20.206,20.177,22.293,22.228,1804.089,100515,0,0,300,6217,13,2,0,0,0,29,23,14,0,13,9,FALSE,0,FALSE
131.24188,4.232,4.148,3.213,2.945,23.518,19,17,1,2945705,71,74,72,71,100,100,99,97,20.205,20.179,22.292,22.227,1839.783,100515,30225,0,283,6217,13,2,0,0,0,29,23,14,0,13,9,FALSE,0,FALSE
131.73996,4.275,4.181,3.279,3.001,23.518,19,17,1,2971860.2,80,76,89,82,100,100,99,97,20.207,20.18,22.294,22.229,1870.769,100515,30225,0,283,6217,13,2,0,0,0,29,23,14,0,13,9,FALSE,0,FALSE
132.24315,4.324,4.219,3.384,3.087,23.518,19,17,1,2997503.5,82,77,100,91,100,100,99,98,20.212,20.183,22.304,22.236,1899.389,100515,30225,0,284,6217,13,2,0,0,0,29,23,14,0,13,9,FALSE,0,FALSE
132.7444,4.367,4.252,3.478,3.162,23.511,19,17,1,3004946.8,84,78,103,93,100,100,99,98,20.218,20.186,22.316,22.244,1927.616,100515,30225,0,284,6217,13,2,0,0,0,29,23,14,0,13,9,FALSE,0,FALSE
133.23921,4.412,4.287,3.517,3.194,23.502,19,17,1,3010348.2,82,77,85,79,101,100,99,98,20.224,20.189,22.324,22.25,1954.337,100515,30225,0,284,6217,13,2,0,0,0,29,23,14,0,13,9,FALSE,0,FALSE
133.74318,4.431,4.302,3.526,3.203,23.49,19,17,1,3010482.8,74,71,72,71,101,100,99,98,20.227,20.19,22.326,22.25,1980.977,100515,30225,0,284,6217,13,2,0,0,0,29,23,14,0,13,9,FALSE,0,FALSE
134.23962,4.45,4.326,3.553,3.234,23.48,19,17,1,3014400.5,73,76,76,80,101,100,99,98,20.227,20.19,22.324,22.25,2010.332,100515,30225,0,300,6217,13,2,0,0,0,29,23,14,0,13,9,FALSE,0,FALSE
134.73846,4.49,4.379,3.623,3.321,23.471,19,17,1,3020268.2,78,83,86,95,101,100,99,98,20.227,20.194,22.326,22.254,2041.109,100515,30225,0,316,6217,13,2,0,0,0,29,23,14,0,13,9,FALSE,0,FALSE
135.23953,4.534,4.432,3.672,3.382,23.458,19,17,1,3021772,80,84,82,88,101,100,99,98,20.229,20.198,22.328,22.26,2070.518,100515,30225,0,316,6300,13,2,0,0,0,29,23,14,0,13,9,FALSE,0,FALSE
135.74269,4.575,4.481,3.699,3.413,23.445,19,17,1,3014893,75,79,74,77,101,100,99,98,20.231,20.202,22.328,22.262,2100.272,100515,30225,0,367,6300,13,2,0,0,0,29,23,14,0,13,9,FALSE,0,FALSE
136.74376,4.601,4.515,3.717,3.43,23.418,19,17,1,3006526.8,71,73,71,72,101,100,99,98,20.227,20.201,22.32,22.255,2165.155,100515,30225,0,400,6400,13,2,0,0,0,29,23,14,0,13,9,FALSE,0,FALSE
137.24353,4.622,4.538,3.745,3.457,23.415,19,17,1,3034519.8,73,73,76,75,101,100,99,98,20.227,20.202,22.321,22.257,2194.212,100515,30225,0,400,6400,13,2,0,0,0,29,23,14,0,13,9,FALSE,0,FALSE
137.7362,4.63,4.545,3.749,3.462,23.414,19,17,1,3058358.8,70,70,72,71,101,100,99,98,20.228,20.203,22.324,22.261,2215.933,100515,30225,0,433,6417,13,2,0,0,0,29,23,14,0,13,9,FALSE,0,FALSE
138.24052,4.638,4.551,3.757,3.47,23.414,19,17,1,3080515.8,70,69,73,71,101,100,99,98,20.229,20.204,22.328,22.264,2235.215,100515,30225,0,433,6417,13,2,0,0,0,29,23,14,0,13,9,FALSE,0,FALSE
138.74332,4.65,4.558,3.773,3.485,23.414,19,17,1,3096843.8,73,68,76,74,101,100,99,98,20.231,20.205,22.332,22.268,2251.141,100515,30225,0,433,6600,13,2,0,0,0,29,23,14,0,13,9,FALSE,0,FALSE
139.2404,4.665,4.569,3.812,3.513,23.414,19,17,1,3107583,75,71,89,80,101,100,99,98,20.235,20.206,22.34,22.274,2263.333,100515,30225,0,517,6600,13,2,0,0,0,29,23,14,0,13,9,FALSE,0,FALSE
139.74113,4.676,4.578,3.856,3.54,23.414,19,17,1,3113967.8,75,71,98,83,101,100,100,98,20.239,20.208,22.351,22.281,2277.767,100515,30225,0,517,6600,13,2,0,0,0,29,23,14,0,13,9,FALSE,0,FALSE
140.23949,4.689,4.587,3.893,3.568,23.413,19,17,1,3119785.8,77,71,100,87,101,100,100,98,20.242,20.21,22.365,22.29,2294.641,100515,30225,0,517,6633,13,2,0,0,0,29,23,14,0,13,9,FALSE,0,FALSE
140.7436,4.699,4.595,3.9,3.574,23.409,19,17,1,3125615.5,76,71,87,79,101,100,100,99,20.246,20.212,22.376,22.297,2307.142,100515,30225,0,517,6633,13,2,0,0,0,29,23,14,0,13,9,FALSE,0,FALSE
141.2402,4.714,4.609,3.907,3.581,23.402,19,17,1,3131944.2,77,74,80,74,101,100,100,99,20.25,20.214,22.383,22.301,2319.697,100515,30225,0,400,6633,13,2,0,0,0,29,23,14,0,13,9,FALSE,0,FALSE
141.73901,4.727,4.623,3.912,3.586,23.393,19,17,1,3139048.5,76,74,76,71,101,100,100,99,20.253,20.216,22.386,22.303,2334.036,100515,30225,0,400,6633,13,2,0,0,0,29,23,14,0,13,9,FALSE,0,FALSE
142.24017,4.742,4.638,3.915,3.588,23.383,19,17,1,3146648,75,74,72,68,101,101,100,99,20.257,20.219,22.388,22.304,2350.808,100515,30225,0,400,6650,13,2,0,0,0,29,23,14,0,13,9,FALSE,0,FALSE
142.74222,4.766,4.658,3.915,3.588,23.371,19,17,1,3152549.5,77,76,69,67,101,101,100,99,20.26,20.222,22.388,22.303,2370.636,100515,30225,0,383,6650,13,2,0,0,0,29,23,14,0,13,9,FALSE,0,FALSE
143.23814,4.779,4.673,3.915,3.588,23.358,19,17,1,3148548.8,74,73,68,67,101,101,100,99,20.262,20.224,22.386,22.302,2393.165,100515,30225,0,383,6650,13,2,0,0,0,29,23,14,0,13,9,FALSE,0,FALSE
143.74184,4.792,4.687,3.915,3.589,23.345,19,17,1,3146050.2,72,71,67,68,101,101,100,99,20.262,20.224,22.384,22.3,2418.338,100515,30225,0,350,6633,13,2,0,0,0,29,23,14,0,13,9,FALSE,0,FALSE
144.24188,4.803,4.699,3.915,3.589,23.332,19,17,1,3142476,71,70,67,68,101,101,100,99,20.262,20.224,22.381,22.298,2445.624,100515,30225,0,350,6633,13,2,0,0,0,29,23,14,0,13,9,FALSE,0,FALSE
144.73709,4.813,4.709,3.916,3.589,23.318,19,17,1,3135467.2,70,70,68,68,101,101,100,99,20.261,20.223,22.378,22.295,2474.005,100515,30225,0,350,6633,13,2,0,0,0,29,23,14,0,13,9,FALSE,0,FALSE
145.23732,4.822,4.718,3.916,3.59,23.305,19,17,1,3132911,70,70,68,68,101,101,100,99,20.259,20.221,22.374,22.292,2505.19,100515,30225,0,350,6633,13,2,0,0,0,29,23,14,0,13,9,FALSE,0,FALSE
145.74329,4.83,4.727,3.916,3.59,23.291,19,17,1,3124011.2,70,70,68,68,101,101,100,98,20.256,20.219,22.369,22.288,2539.106,100515,30225,0,350,6633,13,2,0,0,0,29,23,14,0,13,9,FALSE,0,FALSE
146.24004,4.845,4.747,3.929,3.602,23.277,19,17,1,3115371.2,71,74,71,72,101,100,100,98,20.254,20.218,22.365,22.285,2573.522,100515,30225,0,350,6633,13,2,0,0,0,29,23,14,0,13,9,FALSE,0,FALSE
146.73958,4.864,4.772,3.95,3.622,23.265,19,17,1,3116316.5,71,74,72,74,101,100,100,98,20.252,20.217,22.361,22.282,2608.559,100515,30225,0,334,6633,13,2,0,0,0,29,23,14,0,13,9,FALSE,0,FALSE
147.24121,4.884,4.799,3.976,3.647,23.264,19,17,1,3147180.5,71,74,74,76,101,100,100,98,20.251,20.218,22.361,22.283,2641.125,100515,30225,0,333,6633,13,2,0,0,0,29,23,14,0,13,9,FALSE,0,FALSE
147.74257,4.907,4.827,4.002,3.673,23.263,19,17,1,3173793.2,74,77,76,78,101,101,100,98,20.252,20.22,22.363,22.287,2669.265,100515,30225,0,333,6633,13,2,0,0,0,29,23,14,0,13,9,FALSE,0,FALSE
148.24205,4.92,4.844,4.014,3.686,23.262,19,17,1,3196815,71,74,73,75,101,101,100,99,20.254,20.224,22.367,22.292,2690.813,100515,30225,0,333,6716,13,2,0,0,0,29,23,14,0,13,9,FALSE,0,FALSE
148.73965,4.926,4.852,4.021,3.692,23.262,19,17,1,3217276.8,69,72,71,73,101,101,100,99,20.256,20.227,22.37,22.296,2708.136,100515,30225,0,400,6900,13,2,0,0,0,29,23,14,0,13,9,FALSE,0,FALSE
149.23839,4.931,4.86,4.031,3.702,23.262,19,17,1,3232791.5,68,72,72,75,101,101,100,99,20.256,20.23,22.372,22.3,2722.928,100515,30225,0,400,6900,13,2,0,0,0,29,23,14,0,13,9,FALSE,0,FALSE
149.74185,4.938,4.869,4.042,3.718,23.262,19,17,1,3243099.5,69,72,73,78,101,101,100,99,20.257,20.233,22.375,22.306,2735.184,100515,30225,0,400,6900,13,2,0,0,0,29,23,14,0,13,9,FALSE,0,FALSE
150.24187,4.946,4.879,4.061,3.75,23.262,19,17,1,3252079.8,71,73,77,89,101,101,100,99,20.259,20.236,22.379,22.313,2747.907,100515,30225,0,400,6900,13,2,0,0,0,29,23,14,0,13,9,FALSE,0,FALSE
150.74254,4.955,4.89,4.081,3.775,23.259,19,17,1,3257248.8,71,75,80,90,101,101,100,99,20.26,20.239,22.385,22.324,2765.919,100515,30225,0,400,6900,13,2,0,0,0,29,23,14,0,13,9,FALSE,0,FALSE
151.2405,4.966,4.905,4.088,3.784,23.255,19,17,1,3262744,72,77,76,83,101,101,100,99,20.263,20.244,22.39,22.333,2775.971,100515,30225,0,400,6950,13,2,0,0,0,29,23,14,0,13,9,FALSE,0,FALSE
151.73613,4.974,4.912,4.09,3.786,23.249,19,17,1,3267152.5,72,75,72,76,101,101,100,99,20.265,20.248,22.392,22.338,2787.804,100515,30225,0,400,6950,13,2,0,0,0,29,23,14,0,13,9,FALSE,0,FALSE
152.2382,4.99,4.926,4.09,3.786,23.239,19,17,1,3269946.5,75,75,69,71,101,101,100,99,20.267,20.251,22.393,22.341,2803.09,100515,30225,0,367,6950,13,2,0,0,0,29,23,14,0,13,9,FALSE,0,FALSE
152.7433,5.016,4.952,4.09,3.786,23.227,19,17,1,3274552,79,79,67,68,101,101,100,99,20.271,20.256,22.392,22.341,2820.624,100515,30225,0,367,6950,13,2,0,0,0,29,23,14,0,13,9,FALSE,0,FALSE
153.23349,5.039,4.975,4.09,3.786,23.215,19,17,1,3281197,78,77,67,67,102,101,100,99,20.275,20.26,22.391,22.34,2840.459,100515,30225,0,367,7017,13,2,0,0,0,29,23,14,0,13,9,FALSE,0,FALSE
153.73729,5.057,4.993,4.09,3.786,23.201,19,17,1,3275089.5,74,74,67,67,102,101,100,99,20.278,20.263,22.389,22.339,2863.732,100515,30225,0,400,7017,13,2,0,0,0,29,23,14,0,13,9,FALSE,0,FALSE
154.23747,5.073,5.009,4.09,3.786,23.188,19,17,1,3242966.8,73,73,68,67,102,101,100,99,20.279,20.265,22.386,22.337,2889.715,100515,30225,0,400,7017,13,2,0,0,0,29,23,14,0,13,9,FALSE,0,FALSE
154.7369,5.086,5.022,4.09,3.786,23.175,19,17,1,3197517.5,72,72,68,68,102,101,100,99,20.28,20.265,22.384,22.334,2918.242,100515,30225,0,384,7017,13,2,0,0,0,29,23,14,0,13,9,FALSE,0,FALSE
155.24089,5.098,5.034,4.09,3.786,23.161,19,17,1,3148648.2,71,71,68,68,102,101,100,99,20.279,20.264,22.38,22.332,2950.093,100515,30225,0,384,7017,13,2,0,0,0,29,23,14,0,13,9,FALSE,0,FALSE
155.74005,5.109,5.046,4.09,3.786,23.148,19,17,1,3091285,71,71,68,68,102,101,100,99,20.278,20.263,22.377,22.328,2983.043,100515,30225,0,367,7000,13,2,0,0,0,29,23,14,0,13,9,FALSE,0,FALSE
156.23871,5.12,5.056,4.09,3.786,23.134,19,17,1,3033670,71,71,69,69,102,101,100,99,20.276,20.262,22.373,22.325,3017.921,100515,30225,0,333,7000,13,2,0,0,0,29,23,14,0,13,9,FALSE,0,FALSE
156.73982,5.127,5.064,4.091,3.787,23.121,19,17,1,3028873.2,70,71,69,69,102,101,100,99,20.274,20.26,22.368,22.321,3054.173,100515,30225,0,333,6950,13,2,0,0,0,29,23,14,0,13,9,FALSE,0,FALSE
157.23993,5.134,5.071,4.091,3.787,23.107,19,17,1,3020233.2,70,70,69,69,101,101,100,99,20.271,20.257,22.363,22.316,3091.541,100515,30225,0,316,6950,13,2,0,0,0,29,23,14,0,13,9,FALSE,0,FALSE
157.74248,5.141,5.078,4.091,3.787,23.093,19,17,1,3011593.2,70,70,69,69,101,101,100,99,20.268,20.254,22.358,22.311,3129.953,100515,30225,0,300,6950,13,2,0,0,0,29,23,14,0,13,9,FALSE,0,FALSE
158.23985,5.148,5.084,4.091,3.787,23.08,19,17,1,3002953.2,71,70,69,69,101,101,100,99,20.264,20.251,22.352,22.305,3169.299,100515,30225,0,300,6917,13,2,0,0,0,29,23,14,0,13,9,FALSE,0,FALSE
158.74077,5.154,5.09,4.091,3.787,23.067,19,17,1,2999635.5,71,71,69,69,101,101,99,99,20.26,20.247,22.346,22.299,3209.378,100515,30225,0,267,6917,13,2,0,0,0,29,23,14,0,13,9,FALSE,0,FALSE
159.23853,5.16,5.096,4.091,3.787,23.053,19,17,1,2990995.5,71,71,69,69,101,101,99,99,20.256,20.243,22.339,22.293,3250.085,100515,30225,0,250,6850,13,2,0,0,0,29,23,14,0,13,9,FALSE,0,FALSE
159.7308,5.166,5.102,4.091,3.787,23.04,19,17,1,2982643.5,71,71,69,69,101,101,99,98,20.251,20.238,22.332,22.286,3290.042,100515,30225,0,234,6834,13,2,0,0,0,29,23,14,0,13,9,FALSE,0,FALSE
160.2403,5.173,5.109,4.091,3.787,23.026,19,17,1,2973715.5,71,71,69,69,101,101,99,98,20.246,20.233,22.324,22.279,3333.351,100515,30225,0,234,6834,13,2,0,0,0,29,23,14,0,13,9,FALSE,0,FALSE
160.73808,5.19,5.126,4.115,3.811,23.019,19,17,1,2995740.8,72,72,75,75,101,101,99,98,20.243,20.23,22.321,22.276,3371.935,100515,30225,0,200,6800,13,2,0,0,0,29,23,14,0,13,9,FALSE,0,FALSE
161.23784,5.212,5.147,4.14,3.836,23.018,19,17,1,3026339,72,72,74,74,101,101,99,98,20.244,20.232,22.326,22.281,3403.378,100515,30225,0,200,6784,13,2,0,0,0,29,23,14,0,13,9,FALSE,0,FALSE
161.73642,5.222,5.163,4.156,3.852,23.017,19,17,1,3052493,69,73,73,75,101,101,99,98,20.246,20.234,22.33,22.286,3429.025,100515,30225,0,200,6784,13,2,0,0,0,29,23,14,0,13,9,FALSE,0,FALSE
162.24019,5.244,5.192,4.193,3.899,23.017,19,17,1,3075301.5,74,78,80,87,101,101,99,99,20.248,20.238,22.336,22.294,3451.326,100515,30225,0,250,6866,13,2,0,0,0,29,23,14,0,13,9,FALSE,0,FALSE
162.74088,5.266,5.222,4.233,3.95,23.012,19,17,1,3082655,75,82,84,89,101,101,99,99,20.251,20.245,22.344,22.306,3475.168,100515,30225,0,250,6933,13,2,0,0,0,29,23,14,0,13,9,FALSE,0,FALSE
163.24011,5.293,5.255,4.262,3.987,23.004,19,17,1,3089305,77,83,82,87,101,101,100,99,20.256,20.252,22.351,22.316,3498.759,100515,30225,0,250,6933,13,2,0,0,0,29,23,14,0,13,9,FALSE,0,FALSE
163.7402,5.318,5.287,4.287,4.017,22.994,19,17,1,3095777,77,81,78,84,101,101,100,99,20.26,20.259,22.357,22.324,3520.576,100515,30225,0,300,6933,13,2,0,0,0,29,23,14,0,13,9,FALSE,0,FALSE
164.24313,5.345,5.318,4.308,4.041,22.983,19,17,1,3101765.5,77,81,76,79,101,101,100,99,20.263,20.264,22.361,22.331,3543.178,100515,30225,0,300,6984,13,2,0,0,0,29,23,14,0,13,9,FALSE,0,FALSE
164.7418,5.384,5.363,4.333,4.068,22.969,19,17,1,3100392,81,86,76,80,101,101,100,99,20.267,20.27,22.364,22.335,3567.343,100515,30225,0,334,6984,13,2,0,0,0,29,23,14,0,13,9,FALSE,0,FALSE
165.23885,5.425,5.411,4.361,4.099,22.957,19,17,1,3101384.5,79,84,77,80,101,102,100,99,20.271,20.277,22.366,22.339,3593.13,100515,30225,0,334,7033,13,2,0,0,0,29,23,14,0,13,9,FALSE,0,FALSE
166.2375,5.495,5.495,4.419,4.16,22.929,19,17,1,3087369,76,81,76,78,102,102,100,99,20.276,20.287,22.369,22.345,3649.209,100515,30225,0,366,7033,13,2,0,0,0,29,23,14,0,13,9,FALSE,0,FALSE
166.73882,5.519,5.525,4.438,4.178,22.916,19,17,1,3084447,72,77,73,74,102,102,100,99,20.277,20.29,22.369,22.345,3681.633,100515,30225,0,350,7033,13,2,0,0,0,29,23,14,0,13,9,FALSE,0,FALSE
167.23941,5.531,5.54,4.443,4.183,22.902,19,17,1,3075836.8,71,72,70,69,102,102,100,99,20.275,20.29,22.367,22.344,3714.732,100515,30225,0,367,7033,13,2,0,0,0,29,23,14,0,13,9,FALSE,0,FALSE
167.73972,5.557,5.561,4.469,4.207,22.889,19,17,1,3067196.8,76,74,78,74,102,102,100,99,20.274,20.288,22.365,22.341,3748.856,100515,30225,0,367,7050,13,2,0,0,0,29,23,14,0,13,9,FALSE,0,FALSE
168.23886,5.624,5.616,4.55,4.277,22.875,19,17,1,3058556.8,85,80,89,83,102,102,100,99,20.277,20.289,22.367,22.341,3783.36,100515,30225,0,383,7050,13,2,0,0,0,29,23,14,0,13,9,FALSE,0,FALSE
168.74124,5.684,5.665,4.62,4.343,22.862,19,17,1,3055316.5,83,79,88,84,102,102,100,99,20.28,20.29,22.369,22.342,3819.279,100515,30225,0,384,7067,13,2,0,0,0,29,23,14,0,13,9,FALSE,0,FALSE
169.24117,5.76,5.729,4.716,4.426,22.849,19,17,1,3046676.5,85,80,91,85,102,102,100,99,20.284,20.291,22.373,22.343,3856.018,100515,30225,0,384,7067,13,2,0,0,0,29,23,14,0,13,9,FALSE,0,FALSE
169.74168,5.833,5.789,4.811,4.51,22.835,19,17,1,3038036.5,85,81,91,84,102,102,100,99,20.287,20.291,22.376,22.344,3892.945,100515,30225,0,384,7067,13,2,0,0,0,29,23,14,0,13,9,FALSE,0,FALSE
170.23943,5.895,5.84,4.888,4.579,22.821,19,17,1,3029396.5,82,78,88,82,102,102,100,99,20.289,20.291,22.378,22.344,3929.568,100515,30225,0,383,7067,13,2,0,0,0,29,23,14,0,13,9,FALSE,0,FALSE
170.74196,5.946,5.882,4.935,4.623,22.808,19,17,1,3020756.5,79,75,79,76,102,102,100,99,20.289,20.29,22.377,22.342,3965.412,100515,30225,0,383,7067,13,2,0,0,0,29,23,14,0,13,9,FALSE,0,FALSE
171.2398,5.969,5.899,4.948,4.637,22.794,19,17,1,3012116.5,73,71,72,70,102,102,100,99,20.287,20.286,22.372,22.336,4002.379,100515,30225,0,383,7066,13,2,0,0,0,29,23,14,0,13,9,FALSE,0,FALSE
171.74318,5.988,5.915,4.97,4.656,22.787,19,17,1,3033339,72,71,74,73,102,102,100,99,20.284,20.282,22.37,22.333,4037.754,100515,30225,40541,383,7066,13,2,0,0,0,29,23,14,0,13,9,FALSE,0,FALSE
172.2431,5.997,5.922,4.979,4.665,22.786,19,17,1,3063239.5,71,69,73,72,102,102,100,99,20.283,20.281,22.37,22.334,4066.828,100515,30225,40541,383,7066,13,2,0,0,0,29,23,14,0,13,9,FALSE,0,FALSE
172.73831,6.035,5.95,5.035,4.713,22.786,19,17,1,3089961.5,82,76,90,83,102,102,100,99,20.285,20.281,22.375,22.338,4091.055,100515,30225,40541,383,7116,13,2,0,0,0,29,23,14,0,13,9,FALSE,0,FALSE
173.24026,6.072,5.977,5.113,4.772,22.786,19,17,1,3109019.2,82,76,100,90,102,102,100,99,20.292,20.285,22.387,22.347,4111.724,100515,30225,40541,416,7116,13,2,0,0,0,29,23,14,0,13,9,FALSE,0,FALSE
173.7419,6.094,5.993,5.175,4.818,22.785,19,17,1,3118644,79,74,101,89,102,102,100,100,20.297,20.287,22.401,22.356,4130.621,100515,30225,40541,416,7150,13,2,0,0,0,29,23,14,0,13,9,FALSE,0,FALSE
174.73349,6.143,6.035,5.249,4.871,22.77,19,17,1,3131424.8,81,77,86,78,102,102,101,100,20.306,20.292,22.423,22.369,4172.215,100515,30225,40541,417,7150,13,2,0,0,0,29,23,14,0,13,9,FALSE,0,FALSE
175.23152,6.164,6.053,5.262,4.882,22.759,19,17,1,3136403.2,78,75,79,73,102,102,101,100,20.309,20.294,22.428,22.371,4193.046,100515,30225,40541,417,7234,13,2,0,0,0,29,23,14,0,13,9,FALSE,0,FALSE
175.73769,6.197,6.084,5.277,4.896,22.746,19,17,1,3135492.5,81,79,76,72,102,102,101,100,20.312,20.296,22.43,22.371,4215.753,100515,30225,40541,484,7234,13,2,0,0,0,29,23,14,0,13,9,FALSE,0,FALSE
176.24086,6.218,6.104,5.279,4.898,22.733,19,17,1,3135230.2,75,73,70,69,102,102,101,100,20.315,20.297,22.429,22.37,4242.298,100515,30225,40541,484,7250,13,2,0,0,0,29,23,14,0,13,9,FALSE,0,FALSE
176.74124,6.232,6.115,5.28,4.899,22.719,19,17,1,3128627.8,72,71,69,68,102,102,101,100,20.315,20.296,22.427,22.368,4270.396,100515,30225,40541,500,7250,13,2,0,0,0,29,23,14,0,13,9,FALSE,0,FALSE
177.24228,6.241,6.125,5.28,4.899,22.706,19,17,1,3126421.8,71,71,68,68,102,102,101,100,20.313,20.295,22.423,22.365,4300.58,100515,30225,40541,500,7250,13,2,0,0,0,29,23,14,0,13,9,FALSE,0,FALSE
177.7399,6.249,6.133,5.28,4.899,22.693,19,17,1,3114826.5,71,71,69,69,102,102,101,100,20.311,20.292,22.419,22.361,4332.424,100515,30225,40541,500,7267,13,2,0,0,0,29,23,14,0,13,9,FALSE,0,FALSE
178.23976,6.26,6.144,5.28,4.899,22.679,19,17,1,3057211.5,71,71,69,69,102,102,101,100,20.308,20.29,22.415,22.357,4366.108,100515,30225,40541,500,7267,13,2,0,0,0,29,23,14,0,13,9,FALSE,0,FALSE
178.73676,6.269,6.152,5.28,4.899,22.667,19,17,1,3006837.8,71,71,69,69,102,102,101,100,20.305,20.287,22.41,22.353,4400.139,100515,30225,40541,500,7283,13,2,0,0,0,29,23,14,0,13,9,FALSE,0,FALSE
179.23897,6.278,6.163,5.28,4.899,22.652,19,17,1,2947302.2,71,71,69,69,102,102,100,99,20.302,20.283,22.405,22.348,4438.105,100515,30225,40541,500,7283,13,2,0,0,0,29,23,14,0,13,9,FALSE,0,FALSE
179.73982,6.288,6.172,5.28,4.899,22.639,19,17,1,2889687.2,71,71,69,69,102,102,100,99,20.298,20.28,22.399,22.342,4476.306,100515,30225,40541,466,7283,13,2,0,0,0,29,23,14,0,13,9,FALSE,0,FALSE
180.23758,6.294,6.178,5.28,4.899,22.625,19,17,1,2879702.8,70,70,69,69,102,102,100,99,20.293,20.276,22.393,22.336,4514.314,100515,30225,40541,467,7233,13,2,0,0,0,29,23,14,0,13,9,FALSE,0,FALSE
180.73627,6.3,6.185,5.28,4.899,22.612,19,17,1,2876455.8,70,70,69,69,102,101,100,99,20.289,20.271,22.386,22.33,4554.45,100515,30225,40541,467,7233,13,2,0,0,0,29,23,14,0,13,9,FALSE,0,FALSE
181.23734,6.306,6.191,5.28,4.899,22.599,19,17,1,2867815.8,71,71,70,69,102,101,100,99,20.284,20.266,22.379,22.323,4595.194,100515,30225,40541,434,7233,13,2,0,0,0,29,23,14,0,13,9,FALSE,0,FALSE
181.74094,6.313,6.197,5.28,4.899,22.585,19,17,1,2858887.8,71,71,70,70,102,101,100,99,20.278,20.261,22.372,22.316,4638,100515,30225,40541,416,7166,13,2,0,0,0,29,23,14,0,13,9,FALSE,0,FALSE
182.2365,6.318,6.203,5.28,4.899,22.571,19,17,1,2850535.8,72,72,70,70,102,101,100,99,20.273,20.256,22.364,22.309,4678.634,100515,30225,40541,400,7166,13,2,0,0,0,29,23,14,0,13,9,FALSE,0,FALSE
182.73955,6.324,6.21,5.28,4.899,22.557,19,17,1,2841607.8,71,72,70,70,101,101,100,99,20.267,20.25,22.356,22.301,4722.623,100515,30225,40541,400,7150,13,2,0,0,0,29,23,14,0,13,9,FALSE,0,FALSE
183.24287,6.33,6.217,5.28,4.899,22.543,19,17,1,2832967.8,72,72,70,70,101,101,99,99,20.261,20.244,22.348,22.293,4765.656,100515,30225,40541,400,7150,13,2,0,0,0,29,23,14,0,13,9,FALSE,0,FALSE
183.73944,6.342,6.228,5.295,4.911,22.532,19,17,1,2839603.8,73,73,75,74,101,101,99,98,20.256,20.239,22.341,22.287,4808.473,100515,30225,40541,383,7100,13,2,0,0,0,29,23,14,0,13,9,FALSE,0,FALSE
184.23837,6.371,6.259,5.37,4.944,22.53,19,17,1,2873024.8,72,72,81,74,101,101,99,98,20.256,20.239,22.346,22.289,4844.003,100515,30225,40541,383,7083,13,2,0,0,0,29,23,14,0,13,9,FALSE,0,FALSE
185.23778,6.404,6.28,5.389,4.963,22.529,19,17,1,2924874.2,71,69,73,71,101,101,100,99,20.259,20.242,22.356,22.298,4894.277,100515,30225,40541,383,7200,13,2,0,0,0,29,23,14,0,13,9,FALSE,0,FALSE
185.73949,6.425,6.294,5.422,4.989,22.529,19,17,1,2944240.2,75,71,83,76,101,101,100,99,20.262,20.243,22.362,22.303,4914.428,100515,30225,40541,417,7200,13,2,0,0,0,29,23,14,0,13,9,FALSE,0,FALSE
186.24171,6.448,6.31,5.475,5.028,22.529,19,17,1,2952804.8,78,72,93,83,101,101,100,99,20.267,20.246,22.372,22.31,4930.752,100515,30225,40541,417,7200,13,2,0,0,0,29,23,14,0,13,9,FALSE,0,FALSE
186.73825,6.466,6.326,5.522,5.057,22.523,19,17,1,2959155.5,78,75,95,82,101,101,100,99,20.272,20.249,22.386,22.318,4955.49,100515,30225,40541,417,7267,13,2,0,0,0,29,23,14,0,13,9,FALSE,0,FALSE
187.23363,6.503,6.36,5.54,5.071,22.514,19,17,1,2963492.2,86,82,85,76,102,101,100,99,20.278,20.254,22.395,22.324,4972.608,100515,30225,40541,450,7267,13,2,0,0,0,29,23,14,0,13,9,FALSE,0,FALSE
187.73564,6.586,6.433,5.558,5.085,22.505,19,17,1,2970237.8,102,96,80,74,102,101,100,99,20.291,20.264,22.402,22.328,4991.945,100515,30225,40541,450,7217,13,2,0,0,0,29,23,14,0,13,9,FALSE,0,FALSE
188.23825,6.614,6.459,5.566,5.093,22.493,19,17,1,2970054.2,82,80,74,70,102,102,100,99,20.302,20.274,22.405,22.33,5013.251,100515,30225,40541,450,7217,13,2,0,0,0,29,23,14,0,13,9,FALSE,0,FALSE
188.7364,6.64,6.484,5.579,5.104,22.48,19,17,1,2965548,80,78,75,71,102,102,100,99,20.306,20.277,22.407,22.331,5035.187,100515,30225,40541,383,7217,13,2,0,0,0,29,23,14,0,13,9,FALSE,0,FALSE
189.23929,6.674,6.514,5.588,5.113,22.466,19,17,1,2965341.5,76,74,72,69,102,102,100,99,20.311,20.281,22.408,22.331,5061.404,100515,30225,40541,383,7200,13,2,0,0,0,29,23,14,0,13,9,FALSE,0,FALSE
189.73907,6.689,6.527,5.589,5.115,22.452,19,17,1,2958568.2,72,71,69,68,102,102,100,99,20.312,20.281,22.407,22.33,5089.789,100515,30225,40541,333,7200,13,2,0,0,0,29,23,14,0,13,9,FALSE,0,FALSE
190.234,6.7,6.536,5.589,5.115,22.44,19,17,1,2956616.2,71,70,68,69,102,102,100,99,20.312,20.281,22.405,22.329,5119.296,100515,30225,40541,333,7200,13,2,0,0,0,29,23,14,0,13,9,FALSE,0,FALSE
190.73228,6.709,6.545,5.589,5.115,22.426,19,17,1,2948161.2,71,70,69,69,102,102,100,99,20.31,20.279,22.402,22.326,5151.439,100515,30225,40541,333,7200,13,2,0,0,0,29,23,14,0,13,9,FALSE,0,FALSE
191.23727,6.717,6.553,5.589,5.115,22.412,19,17,1,2939521.2,71,71,69,69,102,102,100,99,20.308,20.277,22.398,22.324,5185.218,100515,30225,40541,350,7217,13,2,0,0,0,29,23,14,0,13,9,FALSE,0,FALSE
191.74088,6.725,6.56,5.589,5.115,22.398,19,17,1,2930593.2,71,70,69,69,102,102,100,99,20.306,20.275,22.394,22.32,5221.681,100515,30225,40541,350,7200,13,2,0,0,0,29,23,14,0,13,9,FALSE,0,FALSE
192.24106,6.732,6.567,5.589,5.115,22.385,19,17,1,2927634.5,70,70,69,69,102,101,100,99,20.303,20.272,22.39,22.316,5258.224,100515,30225,40541,350,7200,13,2,0,0,0,29,23,14,0,13,9,FALSE,0,FALSE
192.73854,6.739,6.574,5.589,5.115,22.371,19,17,1,2918994.5,71,71,69,69,102,101,100,99,20.3,20.269,22.385,22.312,5295.738,100515,30225,40541,334,7184,13,2,0,0,0,29,23,14,0,13,9,FALSE,0,FALSE
193.23366,6.745,6.58,5.589,5.115,22.358,19,17,1,2910642.5,71,71,69,69,102,101,100,99,20.296,20.266,22.38,22.307,5332.962,100515,30225,40541,333,7166,13,2,0,0,0,29,23,14,0,13,9,FALSE,0,FALSE
193.73643,6.752,6.587,5.589,5.115,22.344,19,17,1,2902002.5,71,71,70,69,102,101,100,99,20.292,20.262,22.374,22.301,5372.341,100515,30225,40541,333,7166,13,2,0,0,0,29,23,14,0,13,9,FALSE,0,FALSE
194.23405,6.758,6.593,5.589,5.115,22.331,19,17,2,2893362.5,71,71,70,69,102,101,100,99,20.288,20.258,22.368,22.295,3.592,93657,0,0,333,7166,13,3,0,0,0,29,23,14,0,13,9,FALSE,0,FALSE
194.73462,6.764,6.599,5.589,5.115,22.317,19,17,2,2884722.5,71,71,70,69,102,101,100,98,20.283,20.253,22.361,22.289,44.509,93657,0,0,334,7166,13,3,0,0,0,29,23,14,0,13,9,FALSE,0,FALSE
195.23643,6.77,6.605,5.589,5.115,22.303,19,17,2,2876082.5,71,71,70,69,102,101,100,98,20.278,20.248,22.354,22.282,85.99,93657,0,0,317,7134,13,3,0,0,0,29,23,14,0,13,9,FALSE,0,FALSE
195.73358,6.776,6.611,5.589,5.115,22.289,19,17,2,2867442.5,72,71,70,70,101,101,99,98,20.272,20.243,22.346,22.275,127.986,93657,0,0,317,7134,13,3,0,0,0,29,23,14,0,13,9,FALSE,0,FALSE
196.23534,6.782,6.617,5.589,5.115,22.275,19,17,2,2858802.5,71,71,70,69,101,101,99,98,20.267,20.238,22.338,22.268,170.455,93657,0,0,300,7117,13,3,0,0,0,29,23,14,0,13,9,FALSE,0,FALSE
196.73543,6.788,6.623,5.589,5.115,22.262,19,17,2,2850162.5,71,71,70,69,101,101,99,98,20.261,20.232,22.33,22.26,213.325,93657,0,0,300,7117,13,3,0,0,0,29,23,14,0,13,9,FALSE,0,FALSE
197.23866,6.794,6.629,5.589,5.115,22.248,19,17,2,2847119,72,72,69,69,101,101,99,98,20.254,20.226,22.321,22.252,257.91,93657,0,0,283,7117,13,3,0,0,0,29,23,14,0,13,9,FALSE,0,FALSE
197.73672,6.8,6.635,5.589,5.115,22.235,19,17,2,2838767,71,71,70,69,101,101,99,98,20.248,20.219,22.313,22.243,299.933,93657,0,0,283,7117,13,3,0,0,0,29,23,14,0,13,9,FALSE,0,FALSE
198.24025,6.807,6.641,5.589,5.115,22.221,19,17,2,2829839,71,71,70,69,101,100,99,98,20.241,20.213,22.303,22.235,345.215,93657,0,0,267,7050,13,3,0,0,0,29,23,14,0,13,9,FALSE,0,FALSE
198.73882,6.813,6.647,5.589,5.115,22.207,19,17,2,2821199,72,71,70,70,101,100,99,97,20.234,20.206,22.294,22.226,389.331,93657,0,0,250,7050,13,3,0,0,0,29,23,14,0,13,9,FALSE,0,FALSE
199.23944,6.819,6.653,5.589,5.115,22.193,19,17,2,2812559,71,71,70,70,101,100,98,97,20.226,20.199,22.284,22.217,433.699,93657,0,0,250,7050,13,3,0,0,0,29,23,14,0,13,9,FALSE,0,FALSE
199.73405,6.824,6.659,5.589,5.115,22.18,19,17,2,2804207,71,71,70,69,101,100,98,97,20.219,20.191,22.275,22.208,476.82,93657,0,0,234,7050,13,3,0,0,0,29,23,14,0,13,9,FALSE,0,FALSE
200.23946,6.83,6.665,5.589,5.115,22.165,19,17,2,2795279,71,71,70,70,100,100,98,97,20.211,20.183,22.265,22.198,523.15,93657,0,0,234,6950,13,3,0,0,0,29,23,14,0,13,9,FALSE,0,FALSE
200.73427,6.836,6.67,5.589,5.115,22.152,19,17,2,2786958.5,71,71,69,69,100,100,98,97,20.203,20.176,22.255,22.188,566.685,93657,0,0,217,6950,13,3,0,0,0,29,23,14,0,13,9,FALSE,0,FALSE
201.23776,6.859,6.691,5.618,5.145,22.147,19,17,2,2817032,72,73,75,74,100,100,98,97,20.199,20.172,22.252,22.186,608.156,93657,0,0,200,6900,13,3,0,0,0,29,23,14,0,13,9,FALSE,0,FALSE
201.73444,6.875,6.704,5.628,5.155,22.146,19,17,2,2848885.5,70,70,71,70,100,100,98,97,20.198,20.172,22.256,22.19,641.534,93657,0,0,200,6900,13,3,0,0,0,29,23,14,0,13,9,FALSE,0,FALSE
202.23718,6.882,6.712,5.632,5.159,22.145,19,17,2,2876948,69,69,69,69,100,100,98,97,20.199,20.173,22.26,22.193,669.204,93657,0,0,200,7016,13,3,0,0,0,29,23,14,0,13,9,FALSE,0,FALSE
202.73619,6.896,6.725,5.641,5.168,22.144,19,17,2,2900734.2,71,71,71,71,100,100,98,97,20.201,20.175,22.264,22.198,691.374,93657,0,0,200,7016,13,3,0,0,0,29,23,14,0,13,9,FALSE,0,FALSE
203.23631,6.904,6.732,5.645,5.173,22.144,19,17,2,2919702,70,69,70,70,100,100,98,97,20.204,20.178,22.269,22.203,708.127,93657,0,0,316,7150,13,3,0,0,0,29,23,14,0,13,9,FALSE,0,FALSE
203.73665,6.912,6.738,5.657,5.183,22.144,19,17,2,2934628,71,69,74,71,100,100,98,97,20.207,20.18,22.274,22.208,720.916,93657,0,0,316,7150,13,3,0,0,0,29,23,14,0,13,9,FALSE,0,FALSE
204.23553,6.922,6.744,5.678,5.198,22.144,19,17,2,2944302.5,72,69,80,74,100,100,98,97,20.21,20.183,22.281,22.214,730.44,93657,0,0,316,7150,13,3,0,0,0,29,23,14,0,13,9,FALSE,0,FALSE
204.73427,6.929,6.752,5.706,5.212,22.143,19,17,2,2949000.5,72,70,88,75,100,100,99,97,20.214,20.185,22.291,22.22,743.63,93657,0,0,316,7150,13,3,0,0,0,29,23,14,0,13,9,FALSE,0,FALSE
205.23546,6.938,6.759,5.723,5.223,22.141,19,17,2,2953797.5,73,71,87,75,100,100,99,97,20.217,20.188,22.302,22.226,760.735,93657,0,0,333,7150,13,3,0,0,0,29,23,14,0,13,9,FALSE,0,FALSE
205.73108,6.955,6.773,5.729,5.228,22.137,19,17,2,2959048.8,77,73,81,73,101,100,99,98,20.223,20.192,22.311,22.232,771.423,93657,0,0,333,7300,13,3,0,0,0,29,23,14,0,13,9,FALSE,0,FALSE
206.23874,6.96,6.778,5.73,5.229,22.131,19,17,2,2964631.2,73,71,74,70,101,100,99,98,20.227,20.195,22.317,22.236,783.541,93657,0,0,333,7300,13,3,0,0,0,29,23,14,0,13,9,FALSE,0,FALSE
206.7349,6.969,6.79,5.73,5.229,22.123,19,17,2,2966587.2,74,73,70,68,101,100,99,98,20.23,20.198,22.321,22.238,797.023,93657,0,0,333,7300,13,3,0,0,0,29,23,14,0,13,9,FALSE,0,FALSE
207.24074,6.983,6.803,5.734,5.234,22.113,19,17,2,2971671.8,74,73,68,70,101,100,99,98,20.234,20.202,22.322,22.24,814.006,93657,0,0,334,7300,13,3,0,0,0,29,23,14,0,13,9,FALSE,0,FALSE
207.73927,7,6.821,5.742,5.243,22.103,19,17,2,2972106.8,75,76,69,72,101,100,99,98,20.237,20.205,22.323,22.243,832.144,93657,0,0,334,7283,13,3,0,0,0,29,23,14,0,13,9,FALSE,0,FALSE
208.24178,7.021,6.845,5.755,5.257,22.092,19,17,2,2975668.8,77,79,72,74,101,100,99,98,20.24,20.21,22.324,22.246,859.254,93657,0,0,233,7283,13,3,0,0,0,29,23,14,0,13,9,FALSE,0,FALSE
208.73856,7.065,6.895,5.771,5.274,22.08,19,17,2,2979833,82,87,73,75,101,100,99,98,20.245,20.217,22.326,22.249,880.961,93657,0,0,233,7283,13,3,0,0,0,29,23,14,0,13,9,FALSE,0,FALSE
209.23705,7.121,6.959,5.783,5.286,22.067,19,17,2,2976880.2,85,90,72,73,101,101,99,98,20.252,20.226,22.327,22.251,904.592,93657,0,0,233,7300,13,3,0,0,0,29,23,14,0,13,9,FALSE,0,FALSE
209.73729,7.134,6.972,5.786,5.289,22.054,19,17,2,2976323.2,74,74,70,69,101,101,99,98,20.256,20.231,22.327,22.251,931.535,93657,0,0,217,7300,13,3,0,0,0,29,23,14,0,13,9,FALSE,0,FALSE
210.23659,7.153,6.988,5.793,5.297,22.04,19,17,2,2969399,74,72,71,70,101,101,99,98,20.257,20.232,22.325,22.25,961.936,93657,0,0,200,7300,13,3,0,0,0,29,23,14,0,13,9,FALSE,0,FALSE
210.73866,7.169,7.001,5.798,5.303,22.027,19,17,2,2966830.8,72,70,70,69,101,101,99,98,20.258,20.232,22.324,22.249,994.047,93657,0,0,200,7300,13,3,0,0,0,29,23,14,0,13,9,FALSE,0,FALSE
211.23705,7.185,7.013,5.805,5.31,22.014,19,17,2,2958660.8,72,70,71,69,101,101,99,98,20.257,20.231,22.322,22.247,1024.707,93657,0,0,200,7317,13,3,0,0,0,29,23,14,0,13,9,FALSE,0,FALSE
211.73494,7.202,7.027,5.811,5.317,22,19,17,2,2950020.8,71,69,70,69,101,101,99,98,20.256,20.229,22.319,22.244,1058.307,93657,0,0,200,7317,13,3,0,0,0,29,23,14,0,13,9,FALSE,0,FALSE
212.23805,7.211,7.034,5.811,5.317,21.987,19,17,2,2946818.2,69,69,68,68,101,101,99,98,20.254,20.226,22.316,22.24,1093.462,93657,0,0,183,7300,13,3,0,0,0,29,23,14,0,13,9,FALSE,0,FALSE
212.7382,7.22,7.043,5.811,5.317,21.973,19,17,2,2937913.2,69,69,69,68,101,101,99,98,20.251,20.223,22.311,22.236,1131.069,93657,0,0,183,7300,13,3,0,0,0,29,23,14,0,13,9,FALSE,0,FALSE
213.23479,7.227,7.051,5.811,5.318,21.959,19,17,2,2929561.2,69,69,69,69,101,101,99,98,20.247,20.22,22.306,22.232,1167.468,93657,0,0,183,7300,13,3,0,0,0,29,23,14,0,13,9,FALSE,0,FALSE
213.73735,7.234,7.058,5.811,5.318,21.946,19,17,2,2920921.2,69,69,69,69,101,100,99,97,20.243,20.216,22.301,22.227,1206.252,93657,0,0,166,7300,13,3,0,0,0,29,23,14,0,13,9,FALSE,0,FALSE
214.23683,7.24,7.064,5.811,5.318,21.932,19,17,2,2912281.2,69,69,69,69,101,100,99,97,20.238,20.212,22.295,22.221,1246.069,93657,0,0,167,7250,13,3,0,0,0,29,23,14,0,13,9,FALSE,0,FALSE
214.73811,7.247,7.07,5.811,5.318,21.919,19,17,2,2909118.8,69,69,69,69,101,100,98,97,20.234,20.207,22.289,22.215,1286.777,93657,0,0,150,7250,13,3,0,0,0,29,23,14,0,13,9,FALSE,0,FALSE
215.23691,7.253,7.077,5.811,5.318,21.905,19,17,2,2900478.8,69,69,69,69,101,100,98,97,20.228,20.202,22.282,22.209,1328.2,93657,0,0,150,7200,13,3,0,0,0,29,23,14,0,13,9,FALSE,0,FALSE
215.73366,7.259,7.084,5.812,5.318,21.891,19,17,2,2891838.8,69,70,70,70,101,100,98,97,20.223,20.197,22.275,22.203,1370.342,93657,0,0,150,7200,13,3,0,0,0,29,23,14,0,13,9,FALSE,0,FALSE
216.23451,7.277,7.104,5.836,5.34,21.884,19,17,2,2910036.5,72,73,75,75,101,100,98,97,20.219,20.194,22.271,22.2,1411.149,93657,0,0,133,7167,13,3,0,0,0,29,23,14,0,13,9,FALSE,0,FALSE
216.73375,7.29,7.117,5.845,5.35,21.882,19,17,2,2942349.2,70,71,71,70,101,100,98,97,20.219,20.194,22.274,22.203,1444.515,93657,0,0,133,7167,13,3,0,0,0,29,23,14,0,13,9,FALSE,0,FALSE
217.23625,7.303,7.14,5.865,5.359,21.881,19,17,2,2970892,71,74,74,70,101,100,98,97,20.221,20.197,22.279,22.207,1471.941,93657,0,0,133,7150,13,3,0,0,0,29,23,14,0,13,9,FALSE,0,FALSE
217.73817,7.319,7.151,5.883,5.376,21.881,19,17,2,2997460.8,73,71,77,73,101,100,98,97,20.223,20.2,22.284,22.211,1495.201,93657,0,0,133,7250,13,3,0,0,0,29,23,14,0,13,9,FALSE,0,FALSE
218.23865,7.345,7.17,5.926,5.41,21.881,19,17,2,3017865.5,78,73,88,81,101,100,99,97,20.229,20.203,22.292,22.218,1513.481,93657,0,0,233,7250,13,3,0,0,0,29,23,14,0,13,9,FALSE,0,FALSE
218.73946,7.368,7.184,5.974,5.453,21.881,19,17,2,3032466.2,80,73,94,88,101,100,99,97,20.235,20.207,22.304,22.228,1530.953,93657,0,0,233,7317,13,3,0,0,0,29,23,14,0,13,9,FALSE,0,FALSE
219.23973,7.388,7.199,6.019,5.486,21.878,19,17,2,3039690.8,80,73,96,87,101,100,99,98,20.242,20.211,22.318,22.239,1555.284,93657,0,0,233,7317,13,3,0,0,0,29,23,14,0,13,9,FALSE,0,FALSE
219.73431,7.405,7.212,6.037,5.499,21.872,19,17,2,3046790.8,78,74,87,79,101,100,99,98,20.248,20.214,22.329,22.247,1572.686,93657,0,0,267,7317,13,3,0,0,0,29,23,14,0,13,9,FALSE,0,FALSE
220.23796,7.42,7.225,6.049,5.508,21.865,19,17,2,3054344.2,76,73,80,74,101,100,99,98,20.253,20.217,22.337,22.252,1590.134,93657,0,0,267,7317,13,3,0,0,0,29,23,14,0,13,9,FALSE,0,FALSE
220.73415,7.442,7.245,6.061,5.519,21.855,19,17,2,3062162.8,78,75,76,72,101,101,99,98,20.258,20.22,22.342,22.255,1607.545,93657,0,0,267,7400,13,3,0,0,0,29,23,14,0,13,9,FALSE,0,FALSE
221.23508,7.462,7.264,6.067,5.525,21.844,19,17,2,3068615,77,75,72,70,101,101,99,98,20.262,20.223,22.344,22.257,1627.455,93657,0,0,350,7333,13,3,0,0,0,29,23,14,0,13,9,FALSE,0,FALSE
221.73927,7.482,7.286,6.07,5.529,21.83,19,17,2,3070439.2,75,75,71,68,101,101,99,98,20.266,20.227,22.345,22.258,1651.048,93657,0,0,350,7333,13,3,0,0,0,29,23,14,0,13,9,FALSE,0,FALSE
222.23526,7.507,7.307,6.071,5.53,21.817,19,17,2,3065753.2,77,75,69,67,101,101,99,98,20.268,20.229,22.345,22.257,1675.525,93657,0,0,217,7333,13,3,0,0,0,29,23,14,0,13,9,FALSE,0,FALSE
222.73958,7.526,7.324,6.072,5.531,21.804,19,17,2,3065133.8,73,72,68,67,101,101,99,98,20.27,20.23,22.344,22.256,1704.265,93657,0,0,217,7333,13,3,0,0,0,29,23,14,0,13,9,FALSE,0,FALSE
223.23497,7.537,7.338,6.077,5.535,21.791,19,17,2,3058078,72,72,69,70,101,101,99,98,20.27,20.231,22.342,22.255,1732.873,93657,0,0,166,7300,13,3,0,0,0,29,23,14,0,13,9,FALSE,0,FALSE
223.73412,7.548,7.352,6.083,5.541,21.778,19,17,2,3055475.2,71,72,70,70,101,101,99,98,20.269,20.231,22.34,22.253,1764.271,93657,0,0,166,7300,13,3,0,0,0,29,23,14,0,13,9,FALSE,0,FALSE
224.24086,7.567,7.377,6.099,5.556,21.763,19,17,2,3046568.5,72,74,71,73,101,101,99,98,20.268,20.232,22.337,22.252,1798.655,93657,0,0,133,7283,13,3,0,0,0,29,23,14,0,13,9,FALSE,0,FALSE
224.73557,7.59,7.401,6.12,5.574,21.752,19,17,2,3047630,73,74,74,73,101,101,99,98,20.267,20.232,22.335,22.251,1833.016,93657,30145,0,100,7283,13,3,0,0,0,29,23,14,0,13,9,FALSE,0,FALSE
225.23636,7.612,7.422,6.148,5.593,21.751,19,17,2,3077866,74,71,77,73,101,101,99,98,20.268,20.233,22.337,22.253,1863.43,93657,30145,0,100,7283,13,3,0,0,0,29,23,14,0,13,9,FALSE,0,FALSE
225.7354,7.646,7.447,6.205,5.64,21.751,19,17,2,3094020.5,80,75,90,82,101,101,99,98,20.271,20.235,22.342,22.256,1890.15,93657,30145,0,117,7267,13,3,0,0,0,29,23,14,0,13,9,FALSE,0,FALSE
226.23433,7.692,7.481,6.29,5.708,21.749,19,17,2,3106790.8,84,77,97,88,102,101,100,98,20.276,20.238,22.353,22.263,1917.642,93657,30145,0,117,7267,13,3,0,0,0,29,23,14,0,13,9,FALSE,0,FALSE
226.73631,7.738,7.517,6.336,5.747,21.74,19,17,2,3111991.5,84,78,86,80,102,101,100,98,20.283,20.241,22.361,22.269,1945.065,93657,30145,0,184,7267,13,3,0,0,0,29,23,14,0,13,9,FALSE,0,FALSE
227.24016,7.765,7.54,6.351,5.76,21.727,19,17,2,3112094.5,77,73,74,72,102,101,100,98,20.287,20.243,22.364,22.271,1972.146,93657,30145,0,184,7267,13,3,0,0,0,29,23,14,0,13,9,FALSE,0,FALSE
227.73817,7.788,7.565,6.366,5.778,21.713,19,17,2,3105789,75,77,72,75,102,101,100,98,20.288,20.243,22.363,22.271,2000.457,93657,30145,0,200,7383,13,3,0,0,0,29,23,14,0,13,9,FALSE,0,FALSE
228.2384,7.834,7.617,6.412,5.838,21.7,19,17,2,3104336,79,82,79,87,102,101,100,98,20.289,20.247,22.363,22.273,2032.375,93657,30145,0,200,7383,13,3,0,0,0,29,23,14,0,13,9,FALSE,0,FALSE
228.73637,7.881,7.674,6.474,5.917,21.688,19,17,2,3108580.2,80,84,83,91,102,101,100,98,20.292,20.251,22.365,22.279,2062.981,93657,30145,0,166,7383,13,3,0,0,0,29,23,14,0,13,9,FALSE,0,FALSE
229.2355,7.925,7.726,6.516,5.967,21.676,19,17,2,3106833.8,78,81,78,84,102,101,100,98,20.293,20.255,22.365,22.282,2093.524,93657,30145,0,166,7416,13,3,0,0,0,29,23,14,0,13,9,FALSE,0,FALSE
229.73318,7.975,7.78,6.543,5.997,21.662,19,17,2,3099870.5,77,79,70,73,102,101,100,98,20.294,20.257,22.362,22.282,2125.811,93657,30145,0,183,7416,13,3,0,0,0,29,23,14,0,13,9,FALSE,0,FALSE
230.23856,7.993,7.803,6.554,6.005,21.648,19,17,2,3091368.2,74,74,72,69,102,101,100,98,20.292,20.255,22.359,22.278,2160.076,93657,30145,0,183,7417,13,3,0,0,0,29,23,14,0,13,9,FALSE,0,FALSE
230.73346,8.022,7.835,6.589,6.033,21.642,19,17,2,3112952.2,74,75,78,76,102,101,100,98,20.293,20.257,22.359,22.278,2189.894,93657,30145,0,183,7417,13,3,0,0,0,29,23,14,0,13,9,FALSE,0,FALSE
231.23376,8.029,7.842,6.593,6.038,21.641,19,17,2,3139223.2,71,70,72,71,102,101,100,98,20.293,20.257,22.362,22.281,2214.679,93657,30145,0,200,7450,13,3,0,0,0,29,23,14,0,13,9,FALSE,0,FALSE
231.73384,8.039,7.851,6.599,6.045,21.641,19,17,2,3161884.8,71,70,72,71,102,101,100,98,20.294,20.258,22.365,22.284,2234.581,93657,30145,0,200,7450,13,3,0,0,0,29,23,14,0,13,9,FALSE,0,FALSE
232.23491,8.046,7.856,6.605,6.051,21.64,19,17,2,3180027.5,70,69,72,71,102,101,100,98,20.296,20.259,22.368,22.287,2250.073,93657,30145,0,200,7566,13,3,0,0,0,29,23,14,0,13,9,FALSE,0,FALSE
232.7346,8.056,7.864,6.625,6.067,21.64,19,17,2,3194931,72,69,79,74,102,101,100,99,20.297,20.26,22.372,22.291,2262.276,93657,30145,0,200,7566,12,3,0,0,0,29,23,14,0,13,9,FALSE,0,FALSE
233.23814,8.066,7.872,6.658,6.087,21.64,19,17,2,3203539.8,73,71,90,78,102,101,100,99,20.3,20.262,22.381,22.297,2274.889,93657,30145,0,633,7566,12,3,0,0,0,29,23,14,0,13,9,FALSE,0,FALSE
233.73671,8.079,7.886,6.681,6.102,21.638,19,17,2,3208643.5,77,75,91,79,102,101,100,99,20.303,20.264,22.391,22.302,2291.539,93657,30145,0,633,7650,12,3,0,0,0,29,23,14,0,13,9,FALSE,0,FALSE
234.23552,8.091,7.894,6.687,6.106,21.634,19,17,2,3213992.2,76,73,83,75,102,101,100,99,20.308,20.267,22.4,22.308,2303.415,93657,30145,0,633,7650,12,3,0,0,0,29,23,14,0,13,9,FALSE,0,FALSE
234.73871,8.103,7.907,6.695,6.114,21.627,19,17,2,3220206.5,77,74,79,73,102,101,100,99,20.311,20.269,22.406,22.311,2315.78,93657,30145,0,633,7650,12,3,0,0,0,29,23,14,0,13,9,FALSE,0,FALSE
235.23755,8.123,7.927,6.7,6.118,21.62,19,17,2,3226825.8,80,77,75,71,102,102,100,99,20.316,20.273,22.41,22.314,2328.503,93657,30145,0,350,7650,12,3,0,0,0,29,23,14,0,13,9,FALSE,0,FALSE
235.73816,8.145,7.952,6.703,6.121,21.609,19,17,2,3232645.5,81,80,72,69,102,102,101,99,20.321,20.278,22.412,22.315,2344.388,93657,30145,0,350,7650,12,3,0,0,0,29,23,14,0,13,9,FALSE,0,FALSE
236.23279,8.165,7.973,6.703,6.121,21.598,19,17,2,3239281.5,79,79,69,67,102,102,101,99,20.325,20.282,22.412,22.315,2362.304,93657,30145,0,350,7750,12,3,0,0,0,29,23,14,0,13,9,FALSE,0,FALSE
236.73247,8.18,7.99,6.703,6.122,21.586,19,17,2,3238685,75,75,67,67,103,102,101,99,20.328,20.286,22.411,22.314,2383.458,93657,30145,0,367,7750,12,3,0,0,0,29,23,14,0,13,9,FALSE,0,FALSE
237.23657,8.194,8.006,6.703,6.122,21.572,19,17,2,3234046.5,73,73,67,67,103,102,100,99,20.329,20.287,22.409,22.312,2407.343,93657,30145,0,367,7750,12,3,0,0,0,29,23,14,0,13,9,FALSE,0,FALSE
237.73267,8.205,8.017,6.703,6.122,21.56,19,17,2,3233584.2,71,71,67,67,103,102,100,99,20.329,20.287,22.406,22.311,2433.584,93657,30145,0,333,7750,12,3,0,0,0,29,23,14,0,13,9,FALSE,0,FALSE
238.23347,8.216,8.028,6.704,6.122,21.546,19,17,2,3226837.8,71,70,68,68,103,102,100,99,20.328,20.286,22.403,22.308,2461.961,93657,30145,0,333,7767,12,3,0,0,0,29,23,14,0,13,9,FALSE,0,FALSE
238.7377,8.226,8.038,6.704,6.123,21.533,19,17,2,3224634.2,71,70,68,68,102,102,100,99,20.327,20.284,22.4,22.306,2492.243,93657,30145,0,334,7767,12,3,0,0,0,29,23,14,0,13,9,FALSE,0,FALSE
239.23444,8.234,8.046,6.704,6.123,21.519,19,17,2,3216235.5,70,70,68,67,102,102,100,99,20.324,20.282,22.396,22.302,2524.108,93657,30145,0,350,7767,12,3,0,0,0,29,23,14,0,13,9,FALSE,0,FALSE
239.73392,8.244,8.058,6.709,6.127,21.506,19,17,2,3207595.5,70,71,69,70,102,102,100,99,20.322,20.28,22.392,22.299,2557.677,93657,30145,0,350,7766,12,3,0,0,0,29,23,14,0,13,9,FALSE,0,FALSE
240.23843,8.264,8.084,6.73,6.148,21.492,19,17,2,3203999.5,72,75,73,75,102,102,100,99,20.319,20.279,22.388,22.296,2593.718,93657,30145,0,383,7766,12,3,0,0,0,29,23,14,0,13,9,FALSE,0,FALSE
240.73697,8.296,8.125,6.769,6.189,21.482,19,17,2,3209515.2,74,77,76,79,102,102,100,99,20.318,20.279,22.386,22.296,2627.353,93657,30145,0,400,7767,12,3,0,0,0,29,23,14,0,13,9,FALSE,0,FALSE
241.23726,8.324,8.158,6.8,6.218,21.48,19,17,2,3238535.8,75,77,77,78,102,102,100,99,20.318,20.281,22.387,22.299,2658.999,93657,30145,0,400,7767,12,3,0,0,0,29,23,14,0,13,9,FALSE,0,FALSE
241.73433,8.343,8.181,6.82,6.237,21.479,19,17,2,3263734.8,73,76,75,77,102,102,100,99,20.32,20.285,22.391,22.304,2683.046,93657,30145,0,400,7817,12,3,0,0,0,29,23,14,0,13,9,FALSE,0,FALSE
242.7383,8.369,8.214,6.846,6.262,21.479,19,17,2,3302323,72,74,73,75,102,102,100,99,20.326,20.294,22.4,22.317,2716.3,93657,30145,0,417,7817,12,3,0,0,0,29,23,14,0,13,9,FALSE,0,FALSE
243.2357,8.374,8.22,6.852,6.27,21.479,19,17,2,3315097.2,69,72,72,75,103,102,100,99,20.327,20.297,22.404,22.322,2727.839,93657,30145,0,417,8000,12,3,0,0,0,29,23,14,0,13,9,FALSE,0,FALSE
243.73526,8.378,8.225,6.858,6.279,21.479,19,17,2,3321699,69,71,71,76,103,102,100,99,20.328,20.3,22.407,22.327,2737.186,93657,30145,0,417,8000,12,3,0,0,0,29,23,14,0,13,9,FALSE,0,FALSE
244.23805,8.383,8.232,6.866,6.291,21.476,19,17,2,3326804.5,69,71,72,79,103,102,100,99,20.329,20.302,22.409,22.332,2751.707,93657,30145,0,367,8000,12,3,0,0,0,29,23,14,0,13,9,FALSE,0,FALSE
244.73502,8.392,8.243,6.879,6.307,21.474,19,17,2,3332011.5,71,75,74,81,103,102,101,99,20.329,20.304,22.412,22.339,2768.29,93657,30145,0,367,8000,12,3,0,0,0,29,23,14,0,13,9,FALSE,0,FALSE
245.23256,8.401,8.254,6.883,6.312,21.469,19,17,2,3337579.5,71,75,72,76,103,102,101,99,20.331,20.308,22.415,22.345,2778.839,93657,30145,0,367,8233,12,3,0,0,0,29,23,14,0,13,9,FALSE,0,FALSE
245.73193,8.412,8.263,6.884,6.314,21.461,19,17,2,3341445.8,73,74,69,72,103,102,101,99,20.333,20.311,22.416,22.348,2791.935,93657,30145,0,367,8233,12,3,0,0,0,29,23,14,0,13,9,FALSE,0,FALSE
246.23706,8.428,8.279,6.885,6.314,21.451,19,17,2,3344761.5,75,76,67,69,103,102,101,99,20.335,20.314,22.416,22.349,2807.686,93657,30145,0,350,8233,12,3,0,0,0,29,23,14,0,13,9,FALSE,0,FALSE
246.73355,8.449,8.298,6.885,6.314,21.439,19,17,2,3349531.8,78,77,67,67,103,102,101,99,20.337,20.317,22.415,22.349,2826.171,93657,30145,0,350,8233,12,3,0,0,0,29,23,14,0,13,9,FALSE,0,FALSE
247.23668,8.469,8.318,6.885,6.314,21.427,19,17,2,3351995.2,75,75,66,67,103,102,101,99,20.341,20.32,22.413,22.348,2847.421,93657,30145,0,350,8233,12,3,0,0,0,29,23,14,0,13,9,FALSE,0,FALSE
247.73564,8.488,8.336,6.885,6.314,21.413,19,17,2,3347248.2,73,73,67,67,103,102,101,99,20.342,20.322,22.411,22.347,2871.468,93657,30145,0,300,8233,12,3,0,0,0,29,23,14,0,13,9,FALSE,0,FALSE
248.23471,8.499,8.348,6.885,6.314,21.4,19,17,2,3346637.5,71,71,67,67,103,102,100,99,20.342,20.322,22.409,22.345,2897.925,93657,30145,0,300,8200,12,3,0,0,0,29,23,14,0,13,9,FALSE,0,FALSE
249.23701,8.519,8.368,6.885,6.314,21.374,19,17,2,3337178,70,69,68,68,103,102,100,99,20.339,20.319,22.403,22.34,2957.548,93657,30145,0,250,8200,12,3,0,0,0,29,23,14,0,13,9,FALSE,0,FALSE
249.73587,8.528,8.377,6.886,6.314,21.36,19,17,2,3328598.5,69,70,68,68,103,102,100,99,20.336,20.317,22.399,22.337,2990.262,93657,30145,0,250,8200,12,3,0,0,0,29,23,14,0,13,9,FALSE,0,FALSE
250.23622,8.536,8.385,6.886,6.314,21.346,19,17,2,3319958.5,69,69,69,69,103,102,100,99,20.334,20.314,22.395,22.333,3024.677,93657,30145,0,266,8200,12,3,0,0,0,29,23,14,0,13,9,FALSE,0,FALSE
250.73665,8.544,8.393,6.886,6.314,21.332,19,17,2,3311318.5,69,69,69,69,103,102,100,99,20.33,20.311,22.391,22.329,3060.6,93657,30145,0,266,8167,12,3,0,0,0,29,23,14,0,13,9,FALSE,0,FALSE
251.2364,8.551,8.4,6.886,6.314,21.32,19,17,2,3308320.8,69,69,69,69,102,102,100,99,20.326,20.307,22.386,22.325,3097.735,93657,30145,0,267,8167,12,3,0,0,0,29,23,14,0,13,9,FALSE,0,FALSE
251.72849,8.558,8.407,6.886,6.314,21.306,19,17,2,3299680.8,69,69,69,69,102,102,100,99,20.322,20.303,22.38,22.32,3136.081,93657,30145,0,267,8150,12,3,0,0,0,29,23,14,0,13,9,FALSE,0,FALSE
252.2344,8.564,8.413,6.886,6.314,21.292,19,17,2,3291040.8,69,69,69,69,102,102,100,99,20.318,20.299,22.374,22.314,3175.54,93657,30145,0,267,8150,12,3,0,0,0,29,23,14,0,13,9,FALSE,0,FALSE
252.73773,8.571,8.42,6.886,6.314,21.278,19,17,2,3282400.8,69,69,70,69,102,102,100,99,20.313,20.294,22.368,22.308,3216.013,93657,30145,0,267,8117,12,3,0,0,0,29,23,14,0,13,9,FALSE,0,FALSE
253.23555,8.577,8.426,6.886,6.314,21.265,19,17,2,3279326.2,70,69,70,69,102,102,100,99,20.307,20.289,22.361,22.302,3257.314,93657,30145,0,267,8067,12,3,0,0,0,29,23,14,0,13,9,FALSE,0,FALSE
253.73619,8.584,8.432,6.886,6.314,21.252,19,17,2,3270686.2,70,69,70,69,102,102,100,99,20.302,20.283,22.354,22.295,3299.328,93657,30145,0,267,8067,12,3,0,0,0,29,23,14,0,13,9,FALSE,0,FALSE
254.23624,8.591,8.438,6.886,6.315,21.238,19,17,2,3263125.8,69,69,69,69,102,102,99,98,20.296,20.277,22.346,22.288,3342.065,93657,30145,0,267,8034,12,3,0,0,0,29,23,14,0,13,9,FALSE,0,FALSE
254.73386,8.614,8.464,6.923,6.353,21.233,19,17,2,3294904,73,74,76,77,102,102,99,98,20.293,20.275,22.346,22.288,3380.606,93657,30145,0,267,8000,12,3,0,0,0,29,23,14,0,13,9,FALSE,0,FALSE
255.23792,8.634,8.494,6.95,6.383,21.232,19,17,2,3324557.2,72,75,75,76,102,102,100,99,20.295,20.278,22.352,22.294,3410.566,93657,30145,0,267,8000,12,3,0,0,0,29,23,14,0,13,9,FALSE,0,FALSE
255.7338,8.645,8.509,6.964,6.397,21.232,19,17,2,3351292,69,73,73,74,102,102,100,99,20.296,20.281,22.356,22.3,3435.208,93657,30145,0,267,8067,12,3,0,0,0,29,23,14,0,13,9,FALSE,0,FALSE
256.2362,8.662,8.532,6.994,6.436,21.232,19,17,2,3370318,73,77,78,85,102,102,100,99,20.298,20.285,22.362,22.307,3457.07,93657,30145,0,300,8067,12,3,0,0,0,29,23,14,0,13,9,FALSE,0,FALSE
256.73572,8.695,8.577,7.039,6.489,21.225,19,17,2,3377307,81,86,84,92,102,102,100,99,20.301,20.292,22.369,22.318,3482.144,93657,30145,0,300,8067,12,3,0,0,0,29,23,14,0,13,9,FALSE,0,FALSE
257.23697,8.745,8.639,7.077,6.538,21.216,19,17,2,3383954.8,87,93,84,91,102,102,100,99,20.309,20.303,22.377,22.33,3504.637,93657,30145,0,317,8100,12,3,0,0,0,29,23,14,0,13,9,FALSE,0,FALSE
257.7356,8.78,8.68,7.096,6.56,21.205,19,17,2,3390400,80,84,76,81,102,102,100,99,20.317,20.314,22.383,22.338,3526.254,93657,30145,0,317,8134,12,3,0,0,0,29,23,14,0,13,9,FALSE,0,FALSE
258.2359,8.809,8.714,7.121,6.589,21.194,19,17,2,3396547,79,84,77,82,102,102,100,99,20.32,20.32,22.386,22.344,3548.97,93657,30145,0,317,8134,12,3,0,0,0,29,23,14,0,13,9,FALSE,0,FALSE
258.7384,8.846,8.76,7.149,6.621,21.182,19,17,2,3402996.8,78,84,77,80,102,103,100,99,20.325,20.327,22.39,22.349,3573.588,93657,30145,0,350,8134,12,3,0,0,0,29,23,14,0,13,9,FALSE,0,FALSE
259.2331,8.878,8.798,7.173,6.646,21.169,19,17,2,3401566.5,78,83,76,79,103,103,100,100,20.327,20.332,22.392,22.353,3598.192,93657,30145,0,350,8183,12,3,0,0,0,29,23,14,0,13,9,FALSE,0,FALSE
259.735,8.907,8.831,7.191,6.665,21.155,19,17,2,3397821.8,75,79,74,76,103,103,100,100,20.33,20.337,22.393,22.355,3625.594,93657,30145,0,367,8183,12,3,0,0,0,29,23,14,0,13,9,FALSE,0,FALSE
260.2326,8.937,8.867,7.219,6.693,21.142,19,17,2,3390404,76,81,76,78,103,103,100,100,20.33,20.339,22.393,22.357,3655.031,93657,30145,0,383,8216,12,3,0,0,0,29,23,14,0,13,9,FALSE,0,FALSE
260.73822,8.966,8.904,7.243,6.716,21.128,19,17,2,3387633.2,73,78,74,74,103,103,100,100,20.331,20.342,22.393,22.358,3687.466,93657,30145,0,383,8216,12,3,0,0,0,29,23,14,0,13,9,FALSE,0,FALSE
261.2348,8.981,8.92,7.252,6.725,21.115,19,17,2,3379340,73,73,73,71,103,103,100,100,20.329,20.342,22.391,22.356,3719.221,93657,30145,0,416,8216,12,3,0,0,0,29,23,14,0,13,9,FALSE,0,FALSE
261.7337,9.011,8.943,7.278,6.75,21.101,19,17,2,3370700,77,74,78,74,103,103,100,100,20.329,20.34,22.39,22.353,3752.873,93657,30145,0,416,8233,12,3,0,0,0,29,23,14,0,13,9,FALSE,0,FALSE
262.23602,9.056,8.98,7.323,6.793,21.087,19,17,2,3362060,80,77,82,78,103,103,100,100,20.33,20.34,22.39,22.352,3787.603,93657,30145,0,433,8233,12,3,0,0,0,29,23,14,0,13,9,FALSE,0,FALSE
262.73727,9.114,9.028,7.392,6.856,21.075,19,17,2,3358811.8,84,79,88,83,103,103,100,100,20.332,20.34,22.391,22.352,3823.929,93657,30145,0,450,8250,12,3,0,0,0,29,23,14,0,13,9,FALSE,0,FALSE
263.23602,9.189,9.091,7.489,6.942,21.061,19,17,2,3350171.8,86,81,92,86,103,103,100,100,20.335,20.341,22.395,22.353,3860.753,93657,30145,0,466,8250,12,3,0,0,0,29,23,14,0,13,9,FALSE,0,FALSE
263.7342,9.258,9.148,7.572,7.015,21.048,19,17,2,3341531.8,84,80,87,82,103,103,100,100,20.338,20.341,22.397,22.354,3897.56,93657,30145,0,466,8250,12,3,0,0,0,29,23,14,0,13,9,FALSE,0,FALSE
264.23795,9.314,9.194,7.643,7.079,21.034,19,17,2,3332891.8,83,79,89,83,103,103,100,100,20.339,20.34,22.398,22.353,3933.794,93657,30145,0,467,8267,12,3,0,0,0,29,23,14,0,13,9,FALSE,0,FALSE
264.73776,9.396,9.264,7.746,7.168,21.02,19,17,2,3324251.8,86,82,90,83,103,103,100,100,20.341,20.34,22.4,22.353,3969.109,93657,30145,0,500,8267,12,3,0,0,0,29,23,14,0,13,9,FALSE,0,FALSE
265.23404,9.425,9.288,7.762,7.186,21.007,19,17,2,3315611.8,73,72,72,71,103,103,100,99,20.34,20.337,22.397,22.349,4005.701,93657,30145,0,500,8267,12,3,0,0,0,29,23,14,0,13,9,FALSE,0,FALSE
265.73526,9.442,9.307,7.789,7.209,20.998,19,17,2,3332091.8,73,73,77,76,103,103,100,99,20.336,20.333,22.394,22.346,4041.3,93657,30145,40903,500,8284,12,3,0,0,0,29,23,14,0,13,9,FALSE,0,FALSE
266.23767,9.462,9.324,7.811,7.231,20.997,19,17,2,3360802.5,75,72,78,75,103,103,100,99,20.336,20.333,22.397,22.348,4069.344,93657,30145,40903,500,8317,12,3,0,0,0,29,23,14,0,13,9,FALSE,0,FALSE
266.7342,9.498,9.351,7.854,7.267,20.997,19,17,2,3385517.8,81,76,86,80,103,103,100,100,20.339,20.334,22.403,22.353,4092.411,93657,30145,40903,534,8317,12,3,0,0,0,29,23,14,0,13,9,FALSE,0,FALSE
267.23495,9.523,9.369,7.889,7.294,20.997,19,17,2,3395700.2,79,74,85,78,103,103,101,100,20.344,20.336,22.411,22.358,4113.245,93657,30145,40903,534,8317,12,3,0,0,0,29,23,14,0,13,9,FALSE,0,FALSE
267.7327,9.548,9.388,7.938,7.33,20.993,19,17,2,3404490,80,74,92,82,103,103,101,100,20.347,20.337,22.419,22.364,4134.243,93657,30145,40903,534,8350,12,3,0,0,0,29,23,14,0,13,9,FALSE,0,FALSE
268.23843,9.581,9.413,8.005,7.38,20.988,19,17,2,3411831.5,82,78,100,88,103,103,101,100,20.352,20.338,22.43,22.371,4158.901,93657,30145,40903,517,8350,12,3,0,0,0,29,23,14,0,13,9,FALSE,0,FALSE
268.73633,9.609,9.436,8.04,7.407,20.981,19,17,2,3418236.2,82,78,90,81,103,103,101,100,20.356,20.341,22.44,22.377,4178.683,93657,30145,40903,517,8350,12,3,0,0,0,29,23,14,0,13,9,FALSE,0,FALSE
269.23605,9.634,9.457,8.063,7.426,20.971,19,17,2,3424610.5,80,76,83,77,103,103,101,100,20.36,20.342,22.446,22.38,4199.335,93657,30145,40903,484,8334,12,3,0,0,0,29,23,14,0,13,9,FALSE,0,FALSE
269.73343,9.658,9.478,8.073,7.435,20.959,19,17,2,3428159.5,77,75,75,71,103,103,101,100,20.362,20.343,22.448,22.38,4221.781,93657,30145,40903,484,8334,12,3,0,0,0,29,23,14,0,13,9,FALSE,0,FALSE
270.23468,9.672,9.492,8.074,7.436,20.946,19,17,2,3428108.8,73,72,70,69,103,103,101,100,20.363,20.343,22.447,22.379,4247.168,93657,30145,40903,517,8334,12,3,0,0,0,29,23,14,0,13,9,FALSE,0,FALSE
270.73523,9.682,9.502,8.074,7.436,20.933,19,17,2,3421723.5,72,71,68,68,103,103,101,100,20.361,20.341,22.444,22.376,4274.806,93657,30145,40903,517,8383,12,3,0,0,0,29,23,14,0,13,9,FALSE,0,FALSE
271.23657,9.691,9.511,8.074,7.436,20.919,19,17,2,3414344,71,71,69,68,103,103,101,100,20.359,20.338,22.44,22.373,4304.601,93657,30145,40903,533,8383,12,3,0,0,0,29,23,14,0,13,9,FALSE,0,FALSE
271.73502,9.7,9.52,8.074,7.436,20.906,19,17,2,3411646,71,71,69,69,103,103,101,100,20.356,20.336,22.436,22.369,4336.144,93657,30145,40903,533,8416,12,3,0,0,0,29,23,14,0,13,9,FALSE,0,FALSE
272.2318,9.708,9.528,8.074,7.436,20.892,19,17,2,3403009.5,71,71,69,69,103,103,101,100,20.352,20.332,22.432,22.365,4369.282,93657,30145,40903,550,8416,12,3,0,0,0,29,23,14,0,13,9,FALSE,0,FALSE
272.73343,9.715,9.535,8.074,7.436,20.879,19,17,2,3394369.5,71,71,69,69,103,103,101,100,20.348,20.329,22.427,22.36,4403.899,93657,30145,40903,566,8416,12,3,0,0,0,29,23,14,0,13,9,FALSE,0,FALSE
273.2359,9.722,9.542,8.074,7.436,20.866,19,17,2,3391207.8,70,70,69,69,103,102,101,100,20.344,20.324,22.421,22.355,4439.745,93657,30145,40903,566,8450,12,3,0,0,0,29,23,14,0,13,9,FALSE,0,FALSE
273.73544,9.729,9.549,8.074,7.436,20.852,19,17,2,3382567.8,70,70,69,69,103,102,101,99,20.339,20.32,22.415,22.349,4476.653,93657,30145,40903,567,8450,12,3,0,0,0,29,23,14,0,13,9,FALSE,0,FALSE
274.23615,9.736,9.557,8.074,7.437,20.838,19,17,2,3373927.8,71,70,69,69,103,102,100,99,20.334,20.315,22.408,22.343,4514.62,93657,30145,40903,583,8450,12,3,0,0,0,29,23,14,0,13,9,FALSE,0,FALSE
274.73544,9.743,9.563,8.074,7.437,20.824,19,17,2,3365287.8,70,70,69,69,103,102,100,99,20.329,20.31,22.402,22.337,4553.554,93657,30145,40903,583,8450,12,3,0,0,0,29,23,14,0,13,9,FALSE,0,FALSE
275.23624,9.749,9.57,8.074,7.437,20.811,19,17,2,3356647.8,71,71,70,69,102,102,100,99,20.323,20.304,22.395,22.33,4593.347,93657,30145,40903,583,8450,12,3,0,0,0,29,23,14,0,13,9,FALSE,0,FALSE
275.73492,9.756,9.576,8.074,7.437,20.797,19,17,2,3348007.8,71,71,70,70,102,102,100,99,20.318,20.299,22.387,22.323,4633.902,93657,30145,40903,600,8450,12,3,0,0,0,29,23,14,0,13,9,FALSE,0,FALSE
276.23618,9.761,9.582,8.074,7.437,20.784,19,17,2,3344840.5,72,72,71,70,102,102,100,99,20.312,20.293,22.38,22.316,4674.981,93657,30145,40903,600,8433,12,3,0,0,0,29,23,14,0,13,9,FALSE,0,FALSE
276.73483,9.767,9.588,8.074,7.437,20.77,19,17,2,3336200.5,72,72,70,70,102,102,100,99,20.306,20.287,22.372,22.308,4716.62,93657,30145,40903,600,8433,12,3,0,0,0,29,23,14,0,13,9,FALSE,0,FALSE
277.23682,9.773,9.595,8.074,7.437,20.756,19,17,2,3327560.5,72,72,70,70,102,102,100,99,20.3,20.281,22.364,22.301,4758.749,93657,30145,40903,600,8416,12,3,0,0,0,29,23,14,0,13,9,FALSE,0,FALSE
277.73495,9.78,9.601,8.074,7.437,20.742,19,17,2,3318920.5,72,72,70,70,102,102,100,99,20.293,20.275,22.355,22.292,4801.292,93657,30145,40903,600,8400,12,3,0,0,0,29,23,14,0,13,9,FALSE,0,FALSE
278.23553,9.801,9.623,8.105,7.466,20.737,19,17,2,3346824.2,73,73,76,75,102,101,100,99,20.289,20.271,22.353,22.29,4840.508,93657,30145,40903,600,8400,12,3,0,0,0,29,23,14,0,13,9,FALSE,0,FALSE
278.73087,9.824,9.645,8.128,7.49,20.736,19,17,2,3376599.8,73,73,75,75,102,101,100,99,20.29,20.272,22.358,22.296,4870.755,93657,30145,40903,600,8383,12,3,0,0,0,29,23,14,0,13,9,FALSE,0,FALSE
279.23535,9.84,9.661,8.141,7.504,20.735,19,17,2,3400733,73,72,75,74,102,102,100,99,20.292,20.274,22.363,22.301,4894.009,93657,30145,40903,600,8433,12,3,0,0,0,29,23,14,0,13,9,FALSE,0,FALSE
279.73322,9.861,9.678,8.163,7.522,20.735,19,17,2,3415597.5,76,72,78,74,102,102,100,99,20.296,20.277,22.37,22.307,4912.534,93657,30145,40903,600,8433,12,3,0,0,0,29,23,14,0,13,9,FALSE,0,FALSE
280.23605,9.875,9.687,8.187,7.541,20.735,19,17,2,3430179.2,76,71,82,76,102,102,100,99,20.3,20.279,22.376,22.313,4928.63,93657,30145,40903,600,8433,12,3,0,0,0,29,23,14,0,13,9,FALSE,0,FALSE
280.73325,9.895,9.705,8.242,7.573,20.732,19,17,2,3436683.5,77,75,96,81,102,102,100,99,20.304,20.281,22.387,22.319,4952.847,93657,30145,40903,600,8533,12,3,0,0,0,29,23,14,0,13,9,FALSE,0,FALSE
281.23544,9.915,9.721,8.262,7.588,20.726,19,17,2,3442932,79,75,87,77,102,102,100,99,20.308,20.284,22.398,22.326,4969.372,93657,30145,40903,633,8533,12,3,0,0,0,29,23,14,0,13,9,FALSE,0,FALSE
281.7312,9.931,9.736,8.271,7.596,20.717,19,17,2,3447351.2,77,74,78,72,102,102,100,99,20.313,20.287,22.405,22.33,4987.22,93657,30145,40903,633,8533,12,3,0,0,0,29,23,14,0,13,9,FALSE,0,FALSE
282.22736,9.951,9.754,8.28,7.604,20.706,19,17,2,3449636.5,77,74,74,70,102,102,100,99,20.316,20.289,22.408,22.332,5007.111,93657,30145,40903,617,8533,12,3,0,0,0,29,23,14,0,13,9,FALSE,0,FALSE
282.7306,9.974,9.776,8.285,7.61,20.693,19,17,2,3444669.5,77,75,72,69,102,102,101,99,20.319,20.292,22.41,22.333,5029.013,93657,30145,40903,617,8533,12,3,0,0,0,29,23,14,0,13,9,FALSE,0,FALSE
283.2316,9.995,9.797,8.289,7.614,20.679,19,17,2,3408472,75,74,70,68,102,102,101,99,20.321,20.294,22.411,22.333,5053.686,93657,30145,40903,666,8583,12,3,0,0,0,29,23,14,0,13,9,FALSE,0,FALSE
283.73642,10.017,9.817,8.294,7.619,20.666,19,17,2,3370448,75,73,70,69,102,102,101,99,20.323,20.295,22.41,22.332,5081.419,93657,30145,40903,666,8583,12,3,0,0,0,29,23,14,0,13,9,FALSE,0,FALSE
284.2332,10.029,9.83,8.294,7.619,20.652,19,17,2,3319182.8,72,71,68,69,102,102,100,99,20.323,20.294,22.409,22.331,5111.872,93657,30145,40903,667,8583,12,3,0,0,0,29,23,14,0,13,9,FALSE,0,FALSE
284.73413,10.04,9.842,8.294,7.619,20.639,19,17,2,3268162,72,71,68,69,102,102,100,99,20.322,20.293,22.406,22.329,5144.275,93657,30145,40903,667,8583,12,3,0,0,0,29,23,14,0,13,9,FALSE,0,FALSE
285.22992,10.052,9.853,8.295,7.621,20.625,19,17,2,3210547,72,72,70,69,102,102,100,99,20.32,20.292,22.403,22.327,5178.601,93657,30145,40903,667,8567,12,3,0,0,0,29,23,14,0,13,9,FALSE,0,FALSE
285.72855,10.063,9.864,8.297,7.622,20.613,19,17,2,3158507.2,72,72,69,70,102,102,100,99,20.319,20.29,22.4,22.324,5214.489,93657,30145,40903,667,8550,12,3,0,0,0,29,23,14,0,13,9,FALSE,0,FALSE
286.73444,10.082,9.883,8.297,7.622,20.585,19,17,2,3043277.2,71,71,70,69,102,102,100,99,20.313,20.285,22.392,22.317,5290.405,93657,30145,40903,650,8516,12,3,0,0,0,29,23,14,0,13,9,FALSE,0,FALSE
287.22784,10.09,9.892,8.297,7.622,20.571,19,17,2,2985662.2,71,71,70,70,102,102,100,99,20.31,20.282,22.386,22.312,5330.185,93657,30145,40903,633,8483,12,3,0,0,0,29,23,14,0,13,9,FALSE,0,FALSE
287.73248,10.098,9.899,8.297,7.622,20.558,19,17,2,2949934.5,70,70,70,70,102,102,100,99,20.305,20.278,22.381,22.307,5370.974,93657,30145,40903,634,8467,12,3,0,0,0,29,23,14,0,13,9,FALSE,0,FALSE
288.23105,10.104,9.905,8.297,7.622,20.545,19,17,3,2941294.5,70,70,70,70,102,102,100,99,20.3,20.273,22.375,22.301,3.616,94001,0,0,617,8467,12,4,0,0,0,29,23,14,0,13,9,FALSE,0,FALSE
288.73236,10.11,9.911,8.297,7.622,20.531,19,17,3,2932654.5,70,70,70,70,102,101,100,99,20.295,20.268,22.368,22.295,45.953,94001,0,0,617,8417,12,4,0,0,0,29,23,14,0,13,9,FALSE,0,FALSE
289.22952,10.117,9.917,8.297,7.622,20.517,19,17,3,2924014.5,70,70,70,70,102,101,100,98,20.289,20.262,22.361,22.289,88.909,94001,0,0,600,8417,12,4,0,0,0,29,23,14,0,13,9,FALSE,0,FALSE
289.7275,10.123,9.923,8.297,7.622,20.503,19,17,3,2915374.5,70,70,70,70,102,101,100,98,20.283,20.256,22.354,22.282,132.452,94001,0,0,583,8417,12,4,0,0,0,29,23,14,0,13,9,FALSE,0,FALSE
290.23328,10.129,9.929,8.297,7.622,20.489,19,17,3,2906734.5,69,69,70,69,102,101,99,98,20.277,20.25,22.346,22.274,176.539,94001,0,0,583,8417,12,4,0,0,0,29,23,14,0,13,9,FALSE,0,FALSE
290.7353,10.135,9.935,8.297,7.622,20.475,19,17,3,2898094.5,70,70,70,70,101,101,99,98,20.27,20.243,22.338,22.267,221.111,94001,0,0,567,8300,12,4,0,0,0,29,23,14,0,13,9,FALSE,0,FALSE
291.23315,10.141,9.941,8.297,7.622,20.462,19,17,3,2889478.2,70,70,70,70,101,101,99,98,20.263,20.236,22.33,22.259,266.098,94001,0,0,567,8300,12,4,0,0,0,29,23,14,0,13,9,FALSE,0,FALSE
291.73566,10.147,9.947,8.297,7.622,20.448,19,17,3,2881078.2,70,69,70,70,101,101,99,98,20.255,20.229,22.321,22.25,311.447,94001,0,0,550,8300,12,4,0,0,0,29,23,14,0,13,9,FALSE,0,FALSE
292.23624,10.153,9.953,8.297,7.622,20.434,19,17,3,2872921.5,70,69,70,70,101,101,99,98,20.248,20.222,22.312,22.242,357.146,94001,0,0,550,8300,12,4,0,0,0,29,23,14,0,13,9,FALSE,0,FALSE
292.73276,10.158,9.959,8.297,7.622,20.42,19,17,3,2864943.5,69,69,69,69,101,100,99,98,20.24,20.214,22.303,22.233,403.105,94001,0,0,550,8117,12,4,0,0,0,29,23,14,0,13,9,FALSE,0,FALSE
293.23145,10.164,9.964,8.297,7.622,20.407,19,17,3,2857118.8,70,70,70,70,101,100,99,97,20.232,20.206,22.294,22.224,449.287,94001,0,0,550,8117,12,4,0,0,0,29,23,14,0,13,9,FALSE,0,FALSE
293.73428,10.17,9.97,8.297,7.622,20.393,19,17,3,2849456.5,70,70,70,70,101,100,98,97,20.223,20.198,22.284,22.215,495.707,94001,0,0,534,8117,12,4,0,0,0,29,23,14,0,13,9,FALSE,0,FALSE
294.23053,10.175,9.976,8.297,7.622,20.379,19,17,3,2841944.2,70,70,70,70,100,100,98,97,20.214,20.189,22.274,22.205,542.34,94001,0,0,534,8017,12,4,0,0,0,29,23,14,0,13,9,FALSE,0,FALSE
294.73056,10.184,9.984,8.305,7.631,20.366,19,17,3,2842787.5,71,71,73,72,100,100,98,97,20.206,20.181,22.265,22.196,588.93,94001,0,0,533,8017,12,4,0,0,0,29,23,14,0,13,9,FALSE,0,FALSE
295.2338,10.211,10.009,8.338,7.665,20.365,19,17,3,2879877.5,73,73,76,75,100,100,98,97,20.204,20.179,22.267,22.198,628.854,94001,0,0,533,7916,12,4,0,0,0,29,23,14,0,13,9,FALSE,0,FALSE
295.73358,10.225,10.024,8.349,7.676,20.363,19,17,3,2910304.2,71,71,72,71,100,100,98,97,20.205,20.181,22.272,22.204,660.498,94001,0,0,533,7916,12,4,0,0,0,29,23,14,0,13,9,FALSE,0,FALSE
296.23254,10.244,10.04,8.361,7.688,20.362,19,17,3,2936749.5,72,72,72,72,100,100,98,97,20.208,20.183,22.277,22.209,685.523,94001,0,0,533,7967,12,4,0,0,0,29,23,14,0,13,9,FALSE,0,FALSE
296.73236,10.254,10.048,8.366,7.694,20.362,19,17,3,2958413.8,71,70,71,70,100,100,98,97,20.211,20.187,22.283,22.215,704.674,94001,0,0,534,7967,12,4,0,0,0,29,23,14,0,13,9,FALSE,0,FALSE
297.233,10.263,10.054,8.379,7.705,20.362,19,17,3,2975467.5,71,69,75,71,100,100,98,97,20.214,20.189,22.288,22.22,719.582,94001,0,0,534,8034,12,4,0,0,0,29,23,14,0,13,9,FALSE,0,FALSE
297.72382,10.276,10.064,8.412,7.73,20.362,19,17,3,2988626.2,74,70,85,78,100,100,99,97,20.218,20.192,22.297,22.227,730.986,94001,0,0,534,8034,12,4,0,0,0,29,23,14,0,13,9,FALSE,0,FALSE
298.23605,10.285,10.071,8.448,7.755,20.362,19,17,3,2996872.2,73,70,94,82,101,100,99,98,20.223,20.195,22.309,22.236,744.297,94001,0,0,534,8034,12,4,0,0,0,29,23,14,0,13,9,FALSE,0,FALSE
298.73383,10.293,10.079,8.471,7.768,20.36,19,17,3,3001429.5,73,71,94,81,101,100,99,98,20.227,20.198,22.323,22.246,757.939,94001,0,0,450,8034,12,4,0,0,0,29,23,14,0,13,9,FALSE,0,FALSE
299.22974,10.303,10.087,8.479,7.774,20.357,19,17,3,3006266,74,71,86,76,101,100,99,98,20.231,20.201,22.335,22.253,767.82,94001,0,0,450,8167,12,4,0,0,0,29,23,14,0,13,9,FALSE,0,FALSE
299.73315,10.31,10.095,8.48,7.776,20.35,19,17,3,3009342.8,73,71,78,72,101,100,99,98,20.235,20.204,22.343,22.259,778.99,94001,0,0,450,8167,12,4,0,0,0,29,23,14,0,13,9,FALSE,0,FALSE
300.23056,10.323,10.114,8.48,7.776,20.342,19,17,3,3012290.8,75,76,72,69,101,100,99,98,20.239,20.208,22.347,22.262,792.572,94001,0,0,450,8167,12,4,0,0,0,28,23,14,0,13,9,FALSE,0,FALSE
300.7336,10.337,10.13,8.482,7.778,20.332,19,17,3,3017862.8,75,76,69,69,101,100,99,98,20.243,20.213,22.35,22.264,808.9,94001,0,0,434,8167,12,4,0,0,0,28,23,14,0,13,9,FALSE,0,FALSE
301.23074,10.351,10.146,8.492,7.79,20.323,19,17,3,3021571.8,74,75,70,73,101,100,100,98,20.247,20.217,22.351,22.267,827.332,94001,0,0,434,8150,12,4,0,0,0,28,23,14,0,13,9,FALSE,0,FALSE
301.73123,10.372,10.171,8.51,7.811,20.314,19,17,3,3027943.5,76,80,74,78,101,101,100,98,20.25,20.222,22.353,22.271,852.367,94001,0,0,333,8150,12,4,0,0,0,28,23,14,0,13,9,FALSE,0,FALSE
302.23486,10.394,10.198,8.523,7.825,20.304,19,17,3,3034307.2,74,79,72,74,101,101,100,98,20.254,20.228,22.355,22.275,874.004,94001,0,0,333,8150,12,4,0,0,0,28,23,14,0,13,9,FALSE,0,FALSE
302.7276,10.442,10.253,8.541,7.844,20.291,19,17,3,3037155.2,84,90,74,76,101,101,100,98,20.258,20.235,22.357,22.277,896.779,94001,0,0,333,8167,12,4,0,0,0,28,23,14,0,13,9,FALSE,0,FALSE
303.23172,10.475,10.292,8.543,7.846,20.279,19,17,3,3040129.8,76,80,69,71,101,101,100,98,20.264,20.243,22.357,22.279,921.873,94001,0,0,317,8167,12,4,0,0,0,28,23,14,0,13,9,FALSE,0,FALSE
303.73163,10.498,10.316,8.546,7.848,20.266,19,17,3,3007293.8,75,75,66,65,101,101,100,98,20.266,20.245,22.355,22.278,950.104,94001,0,0,317,8200,12,4,0,0,0,28,23,14,0,13,9,FALSE,0,FALSE
304.23096,10.534,10.349,8.56,7.861,20.252,19,17,3,2960713.2,80,78,74,70,101,101,100,98,20.269,20.248,22.354,22.276,980.623,94001,0,0,350,8200,12,4,0,0,0,28,23,14,0,13,9,FALSE,0,FALSE
305.23325,10.574,10.382,8.571,7.873,20.226,19,17,3,2856380.5,72,70,70,69,101,101,99,98,20.27,20.248,22.35,22.272,1043.625,94001,0,0,367,8233,12,4,0,0,0,28,23,14,0,13,9,FALSE,0,FALSE
305.73163,10.589,10.395,8.573,7.876,20.212,19,17,3,2798765.5,70,70,69,68,101,101,99,98,20.269,20.246,22.347,22.268,1078.305,94001,0,0,350,8233,12,4,0,0,0,28,23,14,0,13,9,FALSE,0,FALSE
306.23148,10.602,10.408,8.573,7.876,20.199,19,17,3,2753510.8,70,70,69,69,101,101,99,98,20.267,20.243,22.343,22.264,1114.535,94001,0,0,333,8233,12,4,0,0,0,28,23,14,0,13,9,FALSE,0,FALSE
306.73196,10.61,10.415,8.573,7.876,20.185,19,17,3,2744870.8,69,69,69,69,101,101,99,98,20.263,20.24,22.338,22.26,1152.098,94001,0,0,333,8217,12,4,0,0,0,28,23,14,0,13,9,FALSE,0,FALSE
307.23254,10.617,10.422,8.573,7.876,20.171,19,17,3,2736230.8,69,69,69,69,101,101,99,98,20.26,20.237,22.333,22.255,1190.801,94001,0,0,333,8217,12,4,0,0,0,28,23,14,0,13,9,FALSE,0,FALSE
308.2322,10.63,10.435,8.573,7.876,20.145,19,17,3,2724378,69,69,69,69,101,101,99,98,20.251,20.228,22.321,22.244,1271.092,94001,0,0,317,8183,12,4,0,0,0,28,23,14,0,13,9,FALSE,0,FALSE
308.7328,10.636,10.442,8.573,7.876,20.131,19,17,3,2715738,69,69,69,69,101,101,99,98,20.246,20.224,22.314,22.238,1312.391,94001,0,0,316,8100,12,4,0,0,0,28,23,14,0,13,9,FALSE,0,FALSE
309.2335,10.642,10.448,8.574,7.876,20.117,19,17,3,2707098,69,69,69,69,101,100,99,98,20.24,20.218,22.307,22.232,1354.438,94001,0,0,300,8100,12,4,0,0,0,28,23,14,0,13,9,FALSE,0,FALSE
310.2362,10.675,10.482,8.612,7.914,20.102,19,17,3,2738882.2,73,73,76,76,101,100,99,97,20.234,20.213,22.302,22.227,1434.123,94001,0,0,300,8083,12,4,0,0,0,28,23,14,0,13,9,FALSE,0,FALSE
310.73157,10.708,10.516,8.644,7.934,20.101,19,17,3,2766803.2,75,79,78,73,101,100,99,98,20.237,20.216,22.308,22.233,1462.57,94001,0,0,284,8034,12,4,0,0,0,28,23,14,0,13,9,FALSE,0,FALSE
311.23245,10.715,10.522,8.651,7.941,20.1,19,17,3,2792086.8,71,70,73,71,101,101,99,98,20.24,20.219,22.314,22.239,1485.664,94001,0,0,284,8167,12,4,0,0,0,28,23,14,0,13,9,FALSE,0,FALSE
311.73438,10.737,10.537,8.688,7.971,20.1,19,17,3,2811708.8,76,72,84,78,101,101,99,98,20.244,20.222,22.321,22.245,1504.832,94001,0,0,367,8167,12,4,0,0,0,28,23,14,0,13,9,FALSE,0,FALSE
312.2311,10.76,10.554,8.74,8.011,20.1,19,17,3,2824447.5,79,73,94,85,101,101,99,98,20.25,20.226,22.333,22.254,1520.383,94001,0,0,367,8317,12,4,0,0,0,28,23,14,0,13,9,FALSE,0,FALSE
312.7309,10.785,10.567,8.774,8.043,20.099,19,17,3,2832312,82,72,92,87,101,101,99,98,20.257,20.228,22.345,22.263,1545.004,94001,0,0,367,8317,12,4,0,0,0,28,23,14,0,13,9,FALSE,0,FALSE
313.73022,10.83,10.603,8.832,8.085,20.088,19,17,3,2847120.8,82,77,87,79,101,101,100,98,20.27,20.235,22.367,22.28,1585.188,94001,0,0,367,8317,12,4,0,0,0,28,23,14,0,13,9,FALSE,0,FALSE
314.23264,10.867,10.635,8.844,8.095,20.079,19,17,3,2855005.2,86,81,80,74,102,101,100,98,20.278,20.241,22.374,22.284,1603.055,94001,0,0,367,8283,12,4,0,0,0,28,23,14,0,13,9,FALSE,0,FALSE
314.73007,10.882,10.65,8.849,8.1,20.069,19,17,3,2862827,78,75,73,70,102,101,100,98,20.284,20.246,22.377,22.287,1621.855,94001,0,0,250,8283,12,4,0,0,0,28,23,14,0,13,9,FALSE,0,FALSE
315.23032,10.9,10.669,8.85,8.102,20.057,19,17,3,2867981,76,75,70,68,102,101,100,98,20.288,20.249,22.378,22.288,1643.285,94001,0,0,250,8283,12,4,0,0,0,28,23,14,0,13,9,FALSE,0,FALSE
315.73193,10.917,10.684,8.851,8.103,20.043,19,17,3,2863220,74,73,68,67,102,101,100,98,20.29,20.251,22.378,22.287,1667.449,94001,0,0,250,8250,12,4,0,0,0,28,23,14,0,13,9,FALSE,0,FALSE
316.2334,10.931,10.698,8.851,8.103,20.03,19,17,3,2862847.2,71,71,67,67,102,101,100,98,20.29,20.251,22.376,22.286,1694.316,94001,0,0,150,8250,12,4,0,0,0,28,23,14,0,13,9,FALSE,0,FALSE
316.73315,10.943,10.711,8.855,8.106,20.016,19,17,3,2855868.8,72,72,69,70,102,101,100,98,20.29,20.251,22.374,22.284,1723.35,94001,0,0,150,8250,12,4,0,0,0,28,23,14,0,13,9,FALSE,0,FALSE
317.23257,10.955,10.727,8.862,8.112,20.003,19,17,3,2853471.2,71,73,69,70,102,101,100,98,20.289,20.251,22.372,22.283,1754.244,94001,0,0,116,8250,12,4,0,0,0,28,23,14,0,13,9,FALSE,0,FALSE
317.7339,10.969,10.745,8.871,8.121,19.99,19,17,3,2844928.5,71,73,70,71,102,101,100,98,20.287,20.251,22.37,22.282,1786.781,94001,0,0,100,8250,12,4,0,0,0,28,23,14,0,13,9,FALSE,0,FALSE
318.23083,10.987,10.768,8.895,8.142,19.983,19,17,3,2862183,71,74,74,74,102,101,100,98,20.287,20.252,22.369,22.282,1819.986,94001,29802,0,100,8233,12,4,0,0,0,28,23,14,0,13,9,FALSE,0,FALSE
318.73007,10.997,10.779,8.903,8.147,19.982,19,17,3,2890247,70,70,71,70,102,101,100,98,20.286,20.253,22.37,22.284,1848.816,94001,29802,0,100,8233,12,4,0,0,0,28,23,14,0,13,9,FALSE,0,FALSE
319.23306,11.017,10.793,8.936,8.174,19.982,19,17,3,2908226.2,75,71,82,76,102,101,100,98,20.287,20.254,22.373,22.286,1872.918,94001,29802,0,100,8233,12,4,0,0,0,28,23,14,0,13,9,FALSE,0,FALSE
319.73618,11.051,10.819,8.985,8.211,19.978,19,17,3,2916505.2,80,75,87,79,102,101,100,98,20.291,20.256,22.38,22.29,1897.068,94001,29802,0,183,8233,12,4,0,0,0,28,23,14,0,13,9,FALSE,0,FALSE
320.22894,11.076,10.833,9.005,8.228,19.973,19,17,3,2924552.5,74,71,83,80,102,101,100,99,20.296,20.257,22.384,22.292,1923.328,94001,29802,0,183,8516,12,4,0,0,0,28,23,14,0,13,9,FALSE,0,FALSE
320.7315,11.1,10.853,9.05,8.258,19.967,19,17,3,2932139,78,74,88,81,102,101,100,99,20.298,20.257,22.389,22.295,1948.205,94001,29802,0,283,8516,12,4,0,0,0,28,23,14,0,13,9,FALSE,0,FALSE
321.22876,11.133,10.878,9.075,8.278,19.958,19,17,3,2938822,79,74,79,74,102,101,100,99,20.301,20.259,22.394,22.298,1971.594,94001,29802,0,283,8516,12,4,0,0,0,28,23,14,0,13,9,FALSE,0,FALSE
321.73166,11.151,10.897,9.082,8.286,19.945,19,17,3,2941282.2,75,74,72,73,102,101,100,99,20.303,20.259,22.393,22.298,1997.236,94001,29802,0,266,8616,12,4,0,0,0,28,23,14,0,13,9,FALSE,0,FALSE
322.23138,11.183,10.935,9.128,8.349,19.936,19,17,3,2946683.8,77,80,81,89,102,101,100,99,20.303,20.261,22.393,22.3,2025.715,94001,29802,0,266,8616,12,4,0,0,0,28,23,14,0,13,9,FALSE,0,FALSE
322.73264,11.226,10.988,9.183,8.421,19.925,19,17,3,2951503.2,80,84,83,91,102,101,100,99,20.305,20.266,22.396,22.307,2054.266,94001,29802,0,283,8750,12,4,0,0,0,28,23,14,0,13,9,FALSE,0,FALSE
323.23022,11.268,11.037,9.215,8.46,19.912,19,17,3,2949460.8,78,82,76,81,102,101,100,99,20.308,20.27,22.396,22.311,2082.201,94001,29802,0,283,8750,12,4,0,0,0,28,23,14,0,13,9,FALSE,0,FALSE
323.73282,11.294,11.067,9.229,8.474,19.898,19,17,3,2941966.8,73,76,71,73,102,101,100,99,20.308,20.272,22.394,22.31,2112.146,94001,29802,0,283,8866,12,4,0,0,0,28,23,14,0,13,9,FALSE,0,FALSE
324.23343,11.31,11.088,9.239,8.483,19.885,19,17,3,2939164.2,72,74,71,71,102,101,100,99,20.305,20.272,22.39,22.307,2143.789,94001,29802,0,283,8866,12,4,0,0,0,28,23,14,0,13,9,FALSE,0,FALSE
324.73416,11.323,11.099,9.243,8.488,19.872,19,17,3,2933641,72,71,71,70,102,101,100,99,20.303,20.27,22.385,22.303,2177.037,94001,29802,0,217,8950,12,4,0,0,0,28,23,14,0,13,9,FALSE,0,FALSE
325.23267,11.348,11.123,9.276,8.522,19.87,19,17,3,2962816.2,74,74,77,77,102,101,100,99,20.302,20.27,22.387,22.305,2206.299,94001,29802,0,217,8950,12,4,0,0,0,28,23,14,0,13,9,FALSE,0,FALSE
325.73502,11.361,11.137,9.284,8.531,19.869,19,17,3,2986579.8,72,72,74,73,102,101,100,99,20.304,20.272,22.391,22.31,2228.301,94001,29802,0,184,8984,11,4,0,0,0,28,23,14,0,13,9,FALSE,0,FALSE
326.23126,11.37,11.144,9.293,8.539,19.869,19,17,3,3005679.5,72,70,74,72,102,102,100,99,20.306,20.273,22.395,22.314,2245.078,94001,29802,0,184,9033,11,4,0,0,0,28,23,14,0,13,9,FALSE,0,FALSE
326.73044,11.376,11.148,9.297,8.543,19.869,19,17,3,3021259,70,68,72,70,102,102,100,99,20.308,20.274,22.399,22.318,2258.303,94001,29802,0,184,9033,11,4,0,0,0,28,23,14,0,13,9,FALSE,0,FALSE
327.22934,11.383,11.154,9.317,8.557,19.869,19,17,3,3032929.2,71,69,80,74,102,102,100,99,20.309,20.275,22.404,22.322,2270.055,94001,29802,0,184,9033,10,4,0,0,0,28,23,14,0,13,9,FALSE,0,FALSE
327.73117,11.392,11.161,9.344,8.575,19.868,19,17,3,3037754.5,72,70,88,78,102,102,101,99,20.311,20.276,22.412,22.327,2283.703,94001,29802,0,184,9033,10,4,0,0,0,28,23,14,0,13,9,FALSE,0,FALSE
328.22562,11.402,11.168,9.356,8.585,19.865,19,17,3,3042587.5,74,70,84,76,102,102,101,99,20.314,20.277,22.421,22.333,2296.436,94001,29802,0,184,9033,10,4,0,0,0,28,23,14,0,13,9,FALSE,0,FALSE
328.73193,11.41,11.176,9.36,8.589,19.86,19,17,3,3047119,74,71,79,73,102,102,101,99,20.317,20.279,22.428,22.337,2308.029,94001,29802,0,184,9033,10,4,0,0,0,28,23,14,0,13,9,FALSE,0,FALSE
329.2305,11.424,11.191,9.367,8.594,19.854,19,17,3,3052675,76,74,76,71,102,102,101,99,20.32,20.281,22.432,22.34,2320.309,94001,29802,0,334,9084,10,4,0,0,0,28,23,14,0,13,9,FALSE,0,FALSE
329.7315,11.447,11.217,9.37,8.597,19.845,19,17,3,3057808.5,81,80,73,69,102,102,101,99,20.324,20.285,22.435,22.341,2334.545,94001,29802,0,334,9084,10,4,0,0,0,28,23,14,0,13,9,FALSE,0,FALSE
330.2267,11.471,11.243,9.37,8.597,19.833,19,17,3,3062749,81,81,69,67,103,102,101,99,20.33,20.291,22.436,22.342,2351.355,94001,29802,0,334,9084,10,4,0,0,0,28,23,14,0,13,9,FALSE,0,FALSE
330.73096,11.505,11.281,9.37,8.598,19.821,19,17,3,3069407.2,82,83,68,67,103,102,101,99,20.336,20.297,22.436,22.341,2371.281,94001,29802,0,534,9084,10,4,0,0,0,28,23,14,0,13,9,FALSE,0,FALSE
331.23022,11.521,11.299,9.37,8.598,19.807,19,17,3,3065539,76,75,67,68,103,102,101,99,20.339,20.302,22.434,22.34,2393.938,94001,29802,0,534,9300,10,4,0,0,0,28,23,14,0,13,9,FALSE,0,FALSE
331.73114,11.534,11.314,9.37,8.598,19.794,19,17,3,3060225.8,73,72,67,68,103,102,101,99,20.34,20.303,22.432,22.339,2419.271,94001,29802,0,483,9300,10,4,0,0,0,28,23,14,0,13,9,FALSE,0,FALSE
332.2345,11.545,11.325,9.37,8.598,19.781,19,17,3,3059738.5,72,71,67,68,103,102,101,99,20.34,20.302,22.429,22.337,2446.896,94001,29802,0,483,9283,10,4,0,0,0,28,23,14,0,13,9,FALSE,0,FALSE
332.7311,11.556,11.335,9.37,8.599,19.767,19,17,3,3052433.2,71,70,68,68,103,102,101,99,20.339,20.301,22.426,22.335,2476.496,94001,29802,0,483,9283,10,4,0,0,0,28,23,14,0,13,9,FALSE,0,FALSE
333.2303,11.565,11.344,9.371,8.599,19.754,19,17,3,3049912.8,71,70,68,68,103,102,101,99,20.337,20.299,22.423,22.332,2507.844,94001,29802,0,483,9267,10,4,0,0,0,28,23,14,0,13,9,FALSE,0,FALSE
333.72968,11.574,11.353,9.371,8.6,19.74,19,17,3,3041289.2,70,71,69,68,103,102,101,99,20.335,20.297,22.419,22.329,2540.682,94001,29802,0,467,9267,10,4,0,0,0,28,23,14,0,13,9,FALSE,0,FALSE
334.23032,11.589,11.372,9.384,8.612,19.726,19,17,3,3032649.2,72,74,71,72,103,102,101,99,20.332,20.295,22.415,22.326,2575.092,94001,29802,0,466,9266,10,4,0,0,0,28,23,14,0,13,9,FALSE,0,FALSE
334.73288,11.619,11.41,9.418,8.648,19.714,19,17,3,3029387.5,75,78,75,78,103,102,101,99,20.33,20.295,22.412,22.324,2610.072,94001,29802,0,466,9266,10,4,0,0,0,28,23,14,0,13,9,FALSE,0,FALSE
335.2307,11.652,11.451,9.461,8.689,19.706,19,17,3,3046062.5,76,78,78,80,103,102,101,99,20.33,20.296,22.412,22.326,2644.963,94001,29802,0,484,9267,10,4,0,0,0,28,23,14,0,13,9,FALSE,0,FALSE
335.73138,11.679,11.483,9.491,8.718,19.705,19,17,3,3073811.2,75,78,77,79,103,102,101,99,20.331,20.3,22.416,22.331,2673.518,94001,29802,0,484,9300,10,4,0,0,0,28,23,14,0,13,9,FALSE,0,FALSE
336.22806,11.694,11.502,9.506,8.732,19.704,19,17,3,3097561.8,73,75,75,77,103,102,101,99,20.334,20.304,22.42,22.337,2695.084,94001,29802,0,500,9300,10,4,0,0,0,28,23,14,0,13,9,FALSE,0,FALSE
336.72873,11.702,11.512,9.515,8.743,19.704,19,17,3,3117952.5,71,73,72,76,103,102,101,99,20.335,20.307,22.423,22.342,2712.488,94001,29802,0,500,9300,10,4,0,0,0,28,23,14,0,13,9,FALSE,0,FALSE
337.2336,11.713,11.527,9.531,8.761,19.704,19,17,3,3134764.5,72,76,76,79,103,102,101,99,20.337,20.31,22.427,22.347,2727.221,94001,29802,0,500,9384,10,4,0,0,0,28,23,14,0,13,9,FALSE,0,FALSE
337.7318,11.723,11.54,9.55,8.79,19.704,19,17,3,3146794.2,72,76,78,87,103,102,101,100,20.339,20.315,22.432,22.355,2738.254,94001,29802,0,500,9384,10,4,0,0,0,28,23,14,0,13,9,FALSE,0,FALSE
338.22733,11.731,11.549,9.568,8.82,19.703,19,17,3,3153423,72,75,80,92,103,102,101,100,20.341,20.318,22.438,22.366,2753.523,94001,29802,0,534,9384,10,4,0,0,0,28,23,14,0,13,9,FALSE,0,FALSE
338.7309,11.744,11.564,9.577,8.831,19.698,19,17,3,3158904.2,75,78,77,86,103,102,101,100,20.343,20.322,22.443,22.376,2768.652,94001,29802,0,534,9450,10,4,0,0,0,28,23,14,0,13,9,FALSE,0,FALSE
339.23044,11.76,11.582,9.58,8.835,19.693,19,17,3,3164481.2,76,79,73,79,103,103,101,100,20.347,20.328,22.446,22.383,2779.711,94001,29802,0,534,9450,10,4,0,0,0,28,23,14,0,13,9,FALSE,0,FALSE
339.7311,11.774,11.595,9.583,8.838,19.685,19,17,3,3170836.8,76,77,70,74,103,103,101,100,20.35,20.333,22.448,22.388,2793.482,94001,29802,0,534,9450,10,4,0,0,0,28,23,14,0,13,9,FALSE,0,FALSE
340.23264,11.787,11.607,9.584,8.838,19.675,19,17,3,3176159.2,75,76,68,70,103,103,101,100,20.353,20.336,22.448,22.39,2809.584,94001,29802,0,500,9450,10,4,0,0,0,28,23,14,0,13,9,FALSE,0,FALSE
340.73056,11.813,11.63,9.584,8.838,19.664,19,17,3,3182704,78,78,67,68,103,103,101,100,20.356,20.34,22.447,22.39,2828.287,94001,29802,0,500,9450,10,4,0,0,0,28,23,14,0,13,9,FALSE,0,FALSE
341.23026,11.827,11.644,9.584,8.838,19.651,19,17,3,3177641.2,75,74,67,67,103,103,101,100,20.358,20.342,22.445,22.389,2849.689,94001,29802,0,417,9417,10,4,0,0,0,28,23,14,0,13,9,FALSE,0,FALSE
341.72928,11.85,11.667,9.584,8.838,19.637,19,17,3,3145146.8,75,75,67,67,103,103,101,100,20.36,20.344,22.443,22.387,2874.01,94001,29802,0,417,9417,10,4,0,0,0,28,23,14,0,13,9,FALSE,0,FALSE
342.23123,11.867,11.684,9.584,8.838,19.625,19,17,3,3109694,73,72,68,68,103,103,101,100,20.361,20.345,22.441,22.385,2901.049,94001,29802,0,417,9400,10,4,0,0,0,28,23,14,0,13,9,FALSE,0,FALSE
342.72958,11.881,11.698,9.584,8.838,19.611,19,17,3,3060553.8,71,71,68,68,103,103,101,100,20.36,20.344,22.438,22.382,2930.721,94001,29802,0,367,9400,10,4,0,0,0,28,23,14,0,13,9,FALSE,0,FALSE
343.22232,11.894,11.711,9.584,8.838,19.598,19,17,3,3010456,71,71,69,68,103,103,101,100,20.358,20.343,22.434,22.379,2962.602,94001,29802,0,333,9400,10,4,0,0,0,28,23,14,0,13,9,FALSE,0,FALSE
343.7308,11.905,11.723,9.584,8.839,19.584,19,17,3,2952841,70,70,69,69,103,103,101,100,20.356,20.341,22.431,22.376,2996.686,94001,29802,0,333,9383,10,4,0,0,0,28,23,14,0,13,9,FALSE,0,FALSE
344.22894,11.915,11.733,9.584,8.839,19.571,19,17,3,2900735.2,70,70,69,69,103,103,101,100,20.353,20.338,22.426,22.372,3032.529,94001,29802,0,317,9383,10,4,0,0,0,28,23,14,0,13,9,FALSE,0,FALSE
344.7309,11.925,11.743,9.584,8.839,19.557,19,17,3,2843120.2,70,70,69,69,103,103,101,100,20.35,20.335,22.422,22.368,3070.01,94001,29802,0,284,9300,10,4,0,0,0,28,23,14,0,13,9,FALSE,0,FALSE
345.23007,11.933,11.751,9.584,8.839,19.544,19,17,3,2818155.2,69,69,69,69,103,103,101,100,20.346,20.331,22.417,22.363,3108.947,94001,29802,0,284,9250,10,4,0,0,0,28,23,14,0,13,9,FALSE,0,FALSE
345.73117,11.94,11.757,9.584,8.839,19.531,19,17,3,2814862,70,70,70,70,103,102,101,100,20.342,20.327,22.411,22.358,3148.898,94001,29802,0,250,9250,10,4,0,0,0,28,23,14,0,13,9,FALSE,0,FALSE
346.23038,11.946,11.763,9.584,8.839,19.517,19,17,3,2806222,70,70,70,70,103,102,100,100,20.337,20.322,22.405,22.352,3189.646,94001,29802,0,217,9200,10,4,0,0,0,28,23,14,0,13,9,FALSE,0,FALSE
346.73373,11.952,11.77,9.584,8.839,19.503,19,17,3,2797582,70,70,70,70,103,102,100,99,20.332,20.317,22.398,22.346,3231.23,94001,29802,0,200,9166,10,4,0,0,0,28,23,14,0,13,9,FALSE,0,FALSE
347.231,11.959,11.776,9.584,8.839,19.49,19,17,3,2788942,70,69,70,70,102,102,100,99,20.326,20.312,22.391,22.339,3273.586,94001,29802,0,200,9166,10,4,0,0,0,28,23,14,0,13,9,FALSE,0,FALSE
347.73438,11.966,11.782,9.584,8.839,19.476,19,17,3,2780302,71,69,70,70,102,102,100,99,20.32,20.306,22.384,22.332,3316.666,94001,29802,0,183,9116,10,4,0,0,0,28,23,14,0,13,9,FALSE,0,FALSE
348.2256,11.985,11.8,9.607,8.862,19.468,19,17,3,2801464,73,73,75,75,102,102,100,99,20.316,20.302,22.38,22.329,3358.277,94001,29802,0,167,9033,10,4,0,0,0,28,23,14,0,13,9,FALSE,0,FALSE
348.72556,12,11.815,9.619,8.875,19.468,19,17,3,2833534.8,71,71,71,71,102,102,100,99,20.316,20.302,22.383,22.332,3392.021,94001,29802,0,167,9033,10,4,0,0,0,28,23,14,0,13,9,FALSE,0,FALSE
349.23257,12.01,11.83,9.632,8.887,19.468,19,17,3,2861717,70,72,72,73,102,102,100,99,20.317,20.303,22.386,22.336,3420.039,94001,29802,0,167,9033,10,4,0,0,0,28,23,14,0,13,9,FALSE,0,FALSE
349.72894,12.03,11.857,9.664,8.925,19.468,19,17,3,2885944.8,73,78,78,83,102,102,100,99,20.318,20.307,22.391,22.342,3443.381,94001,29802,0,167,9133,10,4,0,0,0,28,23,14,0,13,9,FALSE,0,FALSE
350.73285,12.079,11.92,9.749,9.039,19.458,19,17,3,2904236,77,82,85,94,102,102,100,100,20.326,20.319,22.407,22.366,3489.025,94001,29802,0,233,9166,10,4,0,0,0,28,23,14,0,13,9,FALSE,0,FALSE
351.2318,12.111,11.958,9.777,9.075,19.45,19,17,3,2909175.5,80,85,80,88,103,102,101,100,20.331,20.327,22.414,22.376,3510.604,94001,29802,0,266,9166,10,4,0,0,0,28,23,14,0,13,9,FALSE,0,FALSE
351.73117,12.131,11.982,9.795,9.095,19.44,19,17,3,2909221.2,76,80,76,81,103,103,101,100,20.334,20.332,22.417,22.383,3532.383,94001,29802,0,266,9233,10,4,0,0,0,28,23,14,0,13,9,FALSE,0,FALSE
352.23065,12.157,12.013,9.814,9.116,19.428,19,17,3,2906427.8,76,80,75,79,103,103,101,100,20.337,20.337,22.42,22.387,3555.465,94001,29802,0,266,9233,10,4,0,0,0,28,23,14,0,13,9,FALSE,0,FALSE
352.72827,12.19,12.051,9.839,9.143,19.416,19,17,3,2902444.5,78,82,76,80,103,103,101,100,20.339,20.342,22.422,22.391,3579.98,94001,29802,0,316,9233,10,4,0,0,0,28,23,14,0,13,9,FALSE,0,FALSE
353.22977,12.231,12.099,9.868,9.175,19.402,19,17,3,2896307.5,80,85,77,80,103,103,101,100,20.343,20.347,22.424,22.394,3606.23,94001,29802,0,316,9267,10,4,0,0,0,28,23,14,0,13,9,FALSE,0,FALSE
353.73154,12.266,12.141,9.894,9.202,19.389,19,17,3,2889330.8,76,80,75,77,103,103,101,100,20.346,20.353,22.425,22.397,3634.445,94001,29802,0,267,9267,10,4,0,0,0,28,23,14,0,13,9,FALSE,0,FALSE
354.22977,12.298,12.181,9.923,9.232,19.376,19,17,3,2886945,76,81,76,78,103,103,101,100,20.346,20.356,22.425,22.398,3664.482,94001,29802,0,267,9300,10,4,0,0,0,28,23,14,0,13,9,FALSE,0,FALSE
354.73392,12.32,12.209,9.941,9.248,19.363,19,17,3,2878728.2,72,77,73,73,103,103,101,100,20.346,20.358,22.424,22.398,3696.404,94001,29802,0,216,9300,10,4,0,0,0,28,23,14,0,13,9,FALSE,0,FALSE
355.22742,12.34,12.226,9.953,9.261,19.349,19,17,3,2870094.5,74,73,75,72,103,103,101,100,20.345,20.357,22.422,22.395,3729.598,94001,29802,0,184,9300,10,4,0,0,0,28,23,14,0,13,9,FALSE,0,FALSE
355.72855,12.378,12.257,9.991,9.296,19.335,19,17,3,2861454.5,79,75,81,77,103,103,101,100,20.345,20.356,22.421,22.393,3763.324,94001,29802,0,184,9300,10,4,0,0,0,28,23,14,0,13,9,FALSE,0,FALSE
356.23102,12.448,12.316,10.075,9.37,19.322,19,17,3,2858150,86,81,90,84,103,103,101,100,20.347,20.356,22.423,22.393,3798.174,94001,29802,0,200,9333,10,4,0,0,0,28,23,14,0,13,9,FALSE,0,FALSE
356.73022,12.505,12.362,10.142,9.43,19.309,19,17,3,2849510,82,78,87,82,103,103,101,100,20.35,20.357,22.425,22.393,3834.309,94001,29802,0,183,9333,10,4,0,0,0,28,23,14,0,13,9,FALSE,0,FALSE
357.22955,12.584,12.429,10.243,9.517,19.295,19,17,3,2840870,87,82,92,86,103,103,101,100,20.353,20.358,22.428,22.394,3871.186,94001,29802,0,183,9333,10,4,0,0,0,28,23,14,0,13,9,FALSE,0,FALSE
357.72992,12.654,12.486,10.334,9.596,19.282,19,17,3,2832230,85,80,90,85,103,103,101,100,20.356,20.358,22.43,22.394,3908.049,94001,29802,0,183,9334,10,4,0,0,0,28,23,14,0,13,9,FALSE,0,FALSE
358.23062,12.718,12.54,10.406,9.661,19.268,19,17,3,2823590,83,79,86,82,103,103,101,100,20.357,20.357,22.431,22.393,3944.41,94001,29802,0,184,9334,10,4,0,0,0,28,23,14,0,13,9,FALSE,0,FALSE
358.72845,12.759,12.573,10.441,9.695,19.254,19,17,3,2814950,76,74,77,73,103,103,101,100,20.357,20.355,22.429,22.39,3980.457,94001,29802,0,184,9350,10,4,0,0,0,28,23,14,0,13,9,FALSE,0,FALSE
359.23288,12.777,12.587,10.452,9.706,19.241,19,17,3,2812496.2,72,71,73,72,103,103,101,100,20.353,20.35,22.423,22.383,4017.725,94001,29802,41084,184,9350,10,4,0,0,0,28,23,14,0,13,9,FALSE,0,FALSE
359.73273,12.794,12.605,10.475,9.726,19.24,19,17,3,2844048.5,71,71,73,72,103,103,101,100,20.351,20.348,22.423,22.383,4050.178,94001,29802,41084,167,9333,10,4,0,0,0,28,23,14,0,13,9,FALSE,0,FALSE
360.23184,12.815,12.621,10.5,9.75,19.239,19,17,3,2871526.2,75,72,79,76,103,103,101,100,20.351,20.347,22.426,22.386,4076.043,94001,29802,41084,167,9333,10,4,0,0,0,28,23,14,0,13,9,FALSE,0,FALSE
360.73264,12.855,12.651,10.561,9.798,19.239,19,17,3,2894245.5,83,77,93,85,103,103,101,100,20.355,20.349,22.434,22.391,4097.414,94001,29802,41084,167,9384,10,4,0,0,0,28,23,14,0,13,9,FALSE,0,FALSE
361.23203,12.883,12.672,10.624,9.845,19.238,19,17,3,2906782.8,81,75,99,88,103,103,101,100,20.361,20.352,22.446,22.4,4116.213,94001,29802,41084,234,9384,10,4,0,0,0,28,23,14,0,13,9,FALSE,0,FALSE
361.72974,12.905,12.689,10.672,9.88,19.233,19,17,3,2913547,80,75,96,85,103,103,101,100,20.365,20.354,22.458,22.407,4135.012,94001,29802,41084,234,9484,10,4,0,0,0,28,23,14,0,13,9,FALSE,0,FALSE
362.22968,12.931,12.711,10.714,9.909,19.226,19,17,3,2920106.8,81,77,93,82,103,103,101,101,20.369,20.356,22.468,22.413,4157.482,94001,29802,41084,317,9484,10,4,0,0,0,28,23,14,0,13,9,FALSE,0,FALSE
362.72983,12.963,12.738,10.736,9.927,19.216,19,17,3,2926466.5,83,79,84,77,103,103,102,101,20.374,20.359,22.476,22.417,4178.488,94001,29802,41084,317,9484,10,4,0,0,0,28,23,14,0,13,9,FALSE,0,FALSE
363.23083,12.999,12.772,10.755,9.943,19.204,19,17,3,2928828,85,81,80,74,103,103,102,101,20.378,20.362,22.479,22.419,4200.129,94001,29802,41084,317,9566,10,4,0,0,0,28,23,14,0,13,9,FALSE,0,FALSE
363.72903,13.034,12.805,10.76,9.948,19.19,19,17,3,2925570,79,77,72,70,104,103,102,101,20.383,20.366,22.481,22.419,4224.01,94001,29802,41084,383,9566,10,4,0,0,0,28,23,14,0,13,9,FALSE,0,FALSE
364.73288,13.057,12.827,10.761,9.949,19.164,19,17,3,2918318.8,72,71,69,68,104,103,102,101,20.382,20.364,22.476,22.414,4279.594,94001,29802,41084,333,9533,10,4,0,0,0,28,23,14,0,13,9,FALSE,0,FALSE
365.2312,13.066,12.836,10.761,9.949,19.151,19,17,3,2915953.8,71,71,69,69,103,103,102,101,20.38,20.361,22.472,22.41,4310.477,94001,29802,41084,317,9533,10,4,0,0,0,28,23,14,0,13,9,FALSE,0,FALSE
366.23065,13.082,12.852,10.761,9.949,19.123,19,17,3,2898770.2,70,71,69,68,103,103,101,100,20.373,20.355,22.463,22.402,4377.064,94001,29802,41084,300,9517,10,4,0,0,0,28,23,14,0,13,9,FALSE,0,FALSE
366.73224,13.09,12.859,10.761,9.949,19.111,19,17,3,2895553,70,70,69,68,103,103,101,100,20.369,20.351,22.458,22.397,4412.496,94001,29802,41084,300,9517,10,4,0,0,0,28,23,14,0,13,9,FALSE,0,FALSE
367.22952,13.097,12.866,10.761,9.949,19.097,19,17,3,2886913,70,70,69,69,103,103,101,100,20.365,20.347,22.452,22.392,4449.045,94001,29802,41084,284,9484,10,4,0,0,0,28,23,14,0,13,9,FALSE,0,FALSE
367.73175,13.104,12.873,10.761,9.949,19.083,19,17,3,2878273,71,71,69,69,103,103,101,100,20.36,20.342,22.446,22.386,4486.723,94001,29802,41084,267,9484,10,4,0,0,0,28,23,14,0,13,9,FALSE,0,FALSE
368.23044,13.11,12.88,10.761,9.949,19.069,19,17,3,2869633,70,70,69,69,103,103,101,100,20.355,20.338,22.439,22.379,4525.445,94001,29802,41084,267,9483,10,4,0,0,0,28,23,14,0,13,9,FALSE,0,FALSE
368.7302,13.117,12.887,10.761,9.949,19.055,19,17,3,2860993,71,71,69,69,103,103,101,100,20.35,20.332,22.432,22.373,4565.109,94001,29802,41084,267,9483,10,4,0,0,0,28,23,14,0,13,9,FALSE,0,FALSE
369.73123,13.129,12.899,10.761,9.949,19.029,19,17,3,2849140.8,72,72,71,70,103,102,101,100,20.338,20.321,22.417,22.358,4646.703,94001,29802,41084,250,9466,10,4,0,0,0,28,23,14,0,13,9,FALSE,0,FALSE
370.72934,13.141,12.912,10.761,9.949,19.001,19,17,3,2831860.8,72,72,70,70,102,102,100,99,20.326,20.309,22.401,22.343,4730.82,94001,29802,41084,234,9417,10,4,0,0,0,28,23,14,0,13,9,FALSE,0,FALSE
371.73166,13.164,12.937,10.783,9.97,18.979,19,17,3,2841173.5,73,73,76,75,102,102,100,99,20.315,20.298,22.387,22.33,4815.145,94001,29802,41084,217,9400,10,4,0,0,0,28,23,14,0,13,9,FALSE,0,FALSE
372.22885,13.184,12.957,10.802,9.989,18.979,19,17,3,2873644.5,72,71,72,73,102,102,100,99,20.314,20.298,22.39,22.333,4848.41,94001,29802,41084,217,9400,10,4,0,0,0,28,23,14,0,13,9,FALSE,0,FALSE
372.7308,13.195,12.968,10.809,9.996,18.978,19,17,3,2901177.2,70,69,71,70,102,102,100,99,20.315,20.299,22.394,22.337,4875.09,94001,29802,41084,217,9517,10,4,0,0,0,28,23,14,0,13,9,FALSE,0,FALSE
373.7263,13.227,12.99,10.851,10.031,18.978,19,17,3,2936915.2,77,72,82,76,102,102,100,99,20.318,20.3,22.403,22.345,4916.945,94001,29802,41084,317,9517,10,4,0,0,0,28,23,14,0,13,9,FALSE,0,FALSE
374.22714,13.251,13.008,10.903,10.067,18.977,19,17,3,2948096.8,78,73,93,82,102,102,101,100,20.323,20.302,22.412,22.351,4935.105,94001,29802,41084,317,9533,10,4,0,0,0,28,23,14,0,13,9,FALSE,0,FALSE
374.72876,13.269,13.023,10.958,10.105,18.973,19,17,3,2954658.8,79,74,98,86,103,102,101,100,20.327,20.305,22.426,22.359,4958.879,94001,29802,41084,317,9533,10,4,0,0,0,28,23,14,0,13,9,FALSE,0,FALSE
375.22385,13.302,13.05,10.983,10.123,18.966,19,17,3,2961134.2,84,78,88,79,103,102,101,100,20.333,20.309,22.437,22.366,4975.787,94001,29802,41084,333,9533,10,4,0,0,0,28,23,14,0,13,9,FALSE,0,FALSE
375.72552,13.322,13.068,10.994,10.132,18.957,19,17,3,2964525,79,76,79,73,103,102,101,100,20.338,20.312,22.443,22.37,4994.764,94001,29802,41084,333,9484,10,4,0,0,0,28,23,14,0,13,9,FALSE,0,FALSE
376.22433,13.345,13.091,11.002,10.14,18.945,19,17,3,2964539.8,79,77,74,70,103,102,101,100,20.342,20.315,22.445,22.371,5015.264,94001,29802,41084,333,9484,10,4,0,0,0,28,23,14,0,13,9,FALSE,0,FALSE
376.72952,13.372,13.117,11.009,10.147,18.931,19,17,3,2952156.5,78,77,72,69,103,102,101,100,20.345,20.317,22.446,22.371,5038.035,94001,29802,41084,284,9533,10,4,0,0,0,28,23,14,0,13,9,FALSE,0,FALSE
377.2289,13.391,13.135,11.011,10.149,18.918,19,17,3,2918498.8,75,74,70,68,103,102,101,100,20.347,20.319,22.446,22.37,5063.932,94001,29802,41084,284,9533,10,4,0,0,0,28,23,14,0,13,9,FALSE,0,FALSE
377.72458,13.406,13.149,11.012,10.151,18.904,19,17,3,2871417.8,73,72,69,68,103,102,101,100,20.347,20.319,22.444,22.368,5093.016,94001,29802,41084,317,9533,10,4,0,0,0,28,23,14,0,13,9,FALSE,0,FALSE
378.72516,13.429,13.173,11.012,10.151,18.878,19,17,3,2765521.2,72,71,69,70,103,102,101,100,20.345,20.316,22.438,22.363,5157.568,94001,29802,41084,317,9500,10,4,0,0,0,28,23,14,0,13,9,FALSE,0,FALSE
379.22595,13.439,13.183,11.012,10.151,18.865,19,17,3,2713490.8,71,71,69,69,103,102,101,100,20.343,20.314,22.434,22.36,5192.75,94001,29802,41084,300,9500,10,4,0,0,0,28,23,14,0,13,9,FALSE,0,FALSE
379.7266,13.448,13.192,11.012,10.151,18.851,19,17,3,2655875.8,72,71,69,69,103,102,101,100,20.34,20.311,22.43,22.356,5229.43,94001,29802,41084,300,9500,10,4,0,0,0,28,23,14,0,13,9,FALSE,0,FALSE
380.22806,13.456,13.201,11.012,10.151,18.837,19,17,3,2614585.8,71,71,70,69,103,102,101,100,20.337,20.308,22.425,22.352,5267.551,94001,29802,41084,300,9467,10,4,0,0,0,28,23,14,0,13,9,FALSE,0,FALSE
380.7259,13.463,13.207,11.012,10.151,18.823,19,17,3,2605945.8,71,71,70,69,103,102,101,99,20.333,20.305,22.419,22.347,5306.703,94001,29802,41084,283,9433,10,4,0,0,0,28,23,14,0,13,9,FALSE,0,FALSE
381.2275,13.47,13.213,11.012,10.151,18.81,19,17,3,2597305.8,70,69,70,69,103,102,101,99,20.329,20.3,22.414,22.342,5346.725,94001,29802,41084,266,9433,10,4,0,0,0,28,23,14,0,13,9,FALSE,0,FALSE
381.72366,13.476,13.22,11.012,10.151,18.797,19,17,3,2594104.2,69,69,70,69,102,102,100,99,20.324,20.295,22.407,22.336,5387.529,94001,29802,41084,266,9367,10,4,0,0,0,28,23,14,0,13,9,FALSE,0,FALSE
382.2249,13.482,13.226,11.012,10.151,18.783,19,17,4,2585464.2,69,69,70,69,102,102,100,99,20.318,20.29,22.401,22.329,20.277,93801,0,0,233,9367,10,5,0,0,0,28,23,14,0,13,9,FALSE,0,FALSE
382.7282,13.488,13.232,11.012,10.151,18.769,19,17,4,2576824.2,70,69,70,69,102,102,100,99,20.312,20.284,22.393,22.323,62.74,93801,0,0,234,9367,10,5,0,0,0,28,23,14,0,13,9,FALSE,0,FALSE
383.2247,13.495,13.238,11.012,10.151,18.755,19,17,4,2568184.2,69,69,69,69,102,102,100,99,20.306,20.278,22.386,22.315,105.869,93801,0,0,217,9367,10,5,0,0,0,28,23,14,0,13,9,FALSE,0,FALSE
383.72525,13.5,13.244,11.012,10.151,18.741,19,17,4,2559544.2,69,69,70,70,102,101,100,99,20.299,20.272,22.378,22.308,149.658,93801,0,0,200,9266,10,5,0,0,0,28,23,14,0,13,9,FALSE,0,FALSE
384.22733,13.506,13.25,11.012,10.151,18.728,19,17,4,2550904.2,70,70,70,70,102,101,100,99,20.292,20.265,22.369,22.3,194.033,93801,0,0,200,9266,10,5,0,0,0,28,23,14,0,13,9,FALSE,0,FALSE
384.72827,13.512,13.256,11.012,10.151,18.714,19,17,4,2542277.2,70,70,70,70,102,101,100,99,20.285,20.258,22.361,22.292,238.932,93801,0,0,183,9266,10,5,0,0,0,28,23,14,0,13,9,FALSE,0,FALSE
385.22934,13.518,13.262,11.012,10.151,18.7,19,17,4,2533874,70,70,70,70,102,101,100,98,20.277,20.25,22.352,22.283,284.277,93801,0,0,167,9266,10,5,0,0,0,28,23,14,0,13,9,FALSE,0,FALSE
385.72803,13.524,13.268,11.012,10.151,18.686,19,17,4,2525762.2,70,70,70,70,101,101,99,98,20.269,20.243,22.343,22.274,330.045,93801,0,0,150,9117,10,5,0,0,0,28,23,14,0,13,9,FALSE,0,FALSE
386.22812,13.53,13.274,11.013,10.152,18.673,19,17,4,2517904.5,70,69,70,70,101,101,99,98,20.261,20.235,22.333,22.265,376.178,93801,0,0,150,9117,10,5,0,0,0,28,23,14,0,13,9,FALSE,0,FALSE
386.72336,13.537,13.279,11.013,10.152,18.659,19,17,4,2510242.5,70,69,70,70,101,101,99,98,20.253,20.227,22.324,22.256,422.59,93801,0,0,150,9117,10,5,0,0,0,28,23,14,0,13,9,FALSE,0,FALSE
387.22635,13.543,13.285,11.014,10.153,18.645,19,17,4,2502757.8,69,70,70,70,101,100,99,98,20.244,20.218,22.314,22.247,469.26,93801,0,0,133,9016,10,5,0,0,0,28,23,14,0,13,9,FALSE,0,FALSE
387.72745,13.549,13.294,11.016,10.154,18.631,19,17,4,2495429.2,70,70,70,70,101,100,99,98,20.235,20.21,22.304,22.237,516.156,93801,0,0,117,9016,10,5,0,0,0,28,23,14,0,13,9,FALSE,0,FALSE
388.22614,13.554,13.3,11.016,10.154,18.617,19,17,4,2488227,70,70,70,70,101,100,99,97,20.226,20.201,22.294,22.227,563.223,93801,0,0,117,8917,10,5,0,0,0,28,23,14,0,13,9,FALSE,0,FALSE
388.7278,13.578,13.323,11.047,10.186,18.612,19,17,4,2517772.2,73,74,76,75,101,100,99,97,20.221,20.196,22.291,22.225,606.982,93801,0,0,84,8917,10,5,0,0,0,28,23,14,0,13,9,FALSE,0,FALSE
389.21753,13.595,13.339,11.06,10.2,18.611,19,17,4,2550281,71,71,72,71,101,100,99,97,20.221,20.197,22.294,22.228,641.105,93801,0,0,100,8817,10,5,0,0,0,28,23,14,0,13,9,FALSE,0,FALSE
389.7253,13.611,13.352,11.069,10.21,18.61,19,17,4,2580125,70,70,71,70,101,100,99,98,20.223,20.199,22.299,22.233,670.398,93801,0,0,100,8884,10,5,0,0,0,28,23,14,0,13,9,FALSE,0,FALSE
390.22775,13.621,13.362,11.074,10.215,18.61,19,17,4,2604636.2,70,70,70,70,101,100,99,98,20.225,20.201,22.304,22.238,692.768,93801,0,0,100,8884,10,5,0,0,0,28,23,14,0,13,9,FALSE,0,FALSE
390.73126,13.628,13.37,11.082,10.221,18.61,19,17,4,2624388.8,70,69,71,69,101,100,99,98,20.228,20.204,22.309,22.243,710.213,93801,0,0,184,8950,10,5,0,0,0,28,23,14,0,13,9,FALSE,0,FALSE
391.22333,13.638,13.378,11.101,10.237,18.61,19,17,4,2640113.5,72,69,78,74,101,100,99,98,20.231,20.206,22.315,22.248,723.463,93801,0,0,184,8950,10,5,0,0,0,28,23,14,0,13,9,FALSE,0,FALSE
391.73004,13.65,13.387,11.136,10.262,18.61,19,17,4,2650708.2,73,70,88,80,101,100,99,98,20.235,20.209,22.324,22.256,733.322,93801,0,0,184,8950,10,5,0,0,0,28,23,14,0,13,9,FALSE,0,FALSE
392.23178,13.657,13.394,11.166,10.281,18.607,19,17,4,2655761.5,73,71,93,81,101,100,99,98,20.239,20.212,22.337,22.265,747.932,93801,0,0,184,8950,10,5,0,0,0,28,23,14,0,13,9,FALSE,0,FALSE
392.7297,13.67,13.406,11.174,10.286,18.603,19,17,4,2661049,75,73,86,76,101,100,99,98,20.243,20.216,22.349,22.272,761.518,93801,0,0,250,9100,10,5,0,0,0,28,23,14,0,13,9,FALSE,0,FALSE
393.2271,13.678,13.414,11.182,10.293,18.597,19,17,4,2667014.8,74,72,80,73,101,101,100,98,20.248,20.219,22.357,22.278,772.502,93801,0,0,250,9100,10,5,0,0,0,28,23,14,0,13,9,FALSE,0,FALSE
393.72824,13.692,13.429,11.186,10.297,18.59,19,17,4,2673533,76,75,75,71,101,101,100,98,20.252,20.223,22.363,22.282,785.584,93801,0,0,250,9100,9,5,0,0,0,28,23,14,0,13,9,FALSE,0,FALSE
394.22958,13.704,13.442,11.187,10.299,18.581,19,17,4,2680902.2,75,74,71,69,101,101,100,98,20.257,20.227,22.366,22.285,800.936,93801,0,0,600,9100,9,5,0,0,0,28,23,14,0,13,9,FALSE,0,FALSE
394.72946,13.715,13.454,11.193,10.305,18.573,19,17,4,2689445.2,73,73,70,71,101,101,100,98,20.26,20.23,22.368,22.286,818.645,93801,0,0,600,9100,9,5,0,0,0,28,23,14,0,13,9,FALSE,0,FALSE
395.22974,13.735,13.477,11.211,10.328,18.564,19,17,4,2695299.2,75,78,74,78,101,101,100,98,20.263,20.234,22.37,22.29,840.025,93801,0,0,600,8984,9,5,0,0,0,28,23,14,0,13,9,FALSE,0,FALSE
395.72812,13.761,13.511,11.235,10.355,18.555,19,17,4,2701846.5,77,83,77,80,101,101,100,99,20.267,20.24,22.373,22.296,864.529,93801,0,0,500,8984,9,5,0,0,0,28,23,14,0,13,9,FALSE,0,FALSE
396.226,13.8,13.558,11.251,10.373,18.544,19,17,4,2708259.2,81,87,74,77,101,101,100,99,20.272,20.249,22.376,22.3,885.139,93801,0,0,500,8984,9,5,0,0,0,28,23,14,0,13,9,FALSE,0,FALSE
396.72913,13.827,13.586,11.259,10.38,18.531,19,17,4,2704128,78,79,70,73,102,101,100,99,20.277,20.255,22.376,22.302,908.639,93801,0,0,500,8983,9,5,0,0,0,28,23,14,0,13,9,FALSE,0,FALSE
397.22754,13.845,13.607,11.26,10.381,18.518,19,17,4,2704137,74,73,68,70,102,101,100,99,20.28,20.258,22.375,22.302,934.951,93801,0,0,500,8983,9,5,0,0,0,28,23,14,0,13,9,FALSE,0,FALSE
397.72833,13.866,13.628,11.267,10.387,18.504,19,17,4,2698022.2,76,76,73,69,102,101,100,99,20.281,20.259,22.374,22.301,964.811,93801,0,0,567,8983,9,5,0,0,0,28,23,14,0,13,9,FALSE,0,FALSE
398.22955,13.889,13.647,11.277,10.398,18.491,19,17,4,2664885.5,75,73,72,70,102,101,100,99,20.282,20.26,22.372,22.299,994.682,93801,0,0,583,9050,9,5,0,0,0,28,23,14,0,13,9,FALSE,0,FALSE
398.72894,13.913,13.668,11.288,10.409,18.478,19,17,4,2610275.8,75,72,72,70,102,101,100,99,20.283,20.26,22.371,22.297,1025.898,93801,0,0,583,9050,9,5,0,0,0,28,23,14,0,13,9,FALSE,0,FALSE
399.22354,13.931,13.684,11.291,10.413,18.464,19,17,4,2552662.8,71,70,69,69,102,101,100,99,20.283,20.259,22.368,22.295,1059.27,93801,0,0,600,9050,9,5,0,0,0,28,23,14,0,13,9,FALSE,0,FALSE
399.73135,13.942,13.694,11.291,10.413,18.451,19,17,4,2512007.5,69,69,69,68,102,101,100,99,20.28,20.256,22.364,22.291,1094.482,93801,0,0,600,9050,9,5,0,0,0,28,23,14,0,13,9,FALSE,0,FALSE
400.22784,13.95,13.701,11.291,10.413,18.437,19,17,4,2503367.5,69,70,69,69,102,101,100,98,20.277,20.253,22.359,22.286,1130.977,93801,0,0,600,9050,9,5,0,0,0,28,23,14,0,13,9,FALSE,0,FALSE
400.72693,13.957,13.708,11.291,10.413,18.424,19,17,4,2494727.5,69,69,69,69,102,101,100,98,20.274,20.25,22.354,22.282,1168.654,93801,0,0,567,9050,9,5,0,0,0,28,23,14,0,13,9,FALSE,0,FALSE
401.23004,13.964,13.715,11.291,10.413,18.41,19,17,4,2486087.5,69,69,70,69,101,101,99,98,20.27,20.246,22.349,22.277,1207.406,93801,0,0,550,9034,9,5,0,0,0,28,23,14,0,13,9,FALSE,0,FALSE
401.72754,13.97,13.722,11.291,10.413,18.396,19,17,4,2477447.5,69,69,70,69,101,101,99,98,20.265,20.242,22.343,22.271,1247.113,93801,0,0,550,9034,9,5,0,0,0,28,23,14,0,13,9,FALSE,0,FALSE
402.22827,13.976,13.728,11.291,10.413,18.383,19,17,4,2474181.5,69,69,70,69,101,101,99,98,20.261,20.238,22.337,22.265,1287.557,93801,0,0,517,8984,9,5,0,0,0,28,23,14,0,13,9,FALSE,0,FALSE
403.22327,13.989,13.741,11.291,10.413,18.356,19,17,4,2456901.5,69,70,70,70,101,101,99,98,20.25,20.227,22.323,22.252,1370.537,93801,0,0,483,8950,9,5,0,0,0,28,23,14,0,13,9,FALSE,0,FALSE
403.72778,13.998,13.751,11.3,10.42,18.343,19,17,4,2455423,71,71,74,73,101,101,99,98,20.244,20.222,22.316,22.245,1412.85,93801,0,0,450,8916,9,5,0,0,0,28,23,14,0,13,9,FALSE,0,FALSE
404.22833,14.03,13.776,11.346,10.454,18.341,19,17,4,2489021.5,75,73,80,76,101,101,99,98,20.244,20.222,22.319,22.248,1448.953,93801,0,0,433,8916,9,5,0,0,0,28,23,14,0,13,9,FALSE,0,FALSE
404.7225,14.062,13.813,11.415,10.477,18.34,19,17,4,2516683,75,75,83,74,101,101,99,98,20.248,20.226,22.329,22.254,1476.883,93801,0,0,433,8900,9,5,0,0,0,28,23,14,0,13,9,FALSE,0,FALSE
405.72565,14.117,13.855,11.506,10.55,18.34,19,17,4,2558118.8,82,77,97,86,101,101,99,98,20.259,20.234,22.349,22.27,1516.629,93801,0,0,467,8933,9,5,0,0,0,28,23,14,0,13,9,FALSE,0,FALSE
406.23026,14.138,13.867,11.555,10.593,18.339,19,17,4,2567572.8,81,73,97,90,101,101,100,98,20.266,20.238,22.363,22.281,1538.5,93801,0,0,467,8933,9,5,0,0,0,28,23,14,0,13,9,FALSE,0,FALSE
406.73108,14.161,13.887,11.593,10.621,18.333,19,17,4,2573784.5,81,75,94,84,101,101,100,99,20.273,20.241,22.377,22.292,1563.389,93801,0,0,483,8950,9,5,0,0,0,28,23,14,0,13,9,FALSE,0,FALSE
407.2294,14.182,13.904,11.623,10.643,18.327,19,17,4,2580058.8,80,75,90,81,102,101,100,99,20.279,20.245,22.388,22.3,1580.98,93801,0,0,483,8917,9,5,0,0,0,28,23,14,0,13,9,FALSE,0,FALSE
407.72595,14.204,13.922,11.642,10.659,18.32,19,17,4,2586365.8,80,75,84,77,102,101,100,99,20.284,20.249,22.396,22.305,1598.137,93801,0,0,483,8917,9,5,0,0,0,28,23,14,0,13,9,FALSE,0,FALSE
408.22678,14.231,13.944,11.658,10.672,18.311,19,17,4,2592713.2,81,76,79,74,102,101,100,99,20.29,20.252,22.401,22.309,1615.988,93801,0,0,433,8917,9,5,0,0,0,28,23,14,0,13,9,FALSE,0,FALSE
408.725,14.25,13.961,11.664,10.678,18.3,19,17,4,2595116.2,77,74,74,70,102,101,100,99,20.294,20.255,22.404,22.311,1636.941,93801,0,0,433,8917,9,5,0,0,0,28,23,14,0,13,9,FALSE,0,FALSE
409.22427,14.279,13.984,11.665,10.679,18.286,19,17,4,2591739.5,80,79,71,67,102,101,100,99,20.297,20.258,22.405,22.311,1660.082,93801,0,0,400,8784,9,5,0,0,0,28,23,14,0,13,9,FALSE,0,FALSE
410.2282,14.325,14.028,11.666,10.68,18.26,19,17,4,2588830.8,73,73,68,68,102,101,100,99,20.303,20.263,22.402,22.308,1713.213,93801,0,0,400,8733,9,5,0,0,0,28,23,14,0,13,9,FALSE,0,FALSE
410.7265,14.336,14.041,11.671,10.685,18.247,19,17,4,2581543,71,73,70,70,102,101,100,99,20.302,20.263,22.4,22.307,1742.654,93801,0,0,400,8733,9,5,0,0,0,28,23,14,0,13,9,FALSE,0,FALSE
411.22614,14.355,14.064,11.685,10.698,18.234,19,17,4,2579030.5,72,75,71,73,102,101,100,99,20.301,20.263,22.398,22.306,1773.982,93801,0,0,417,8733,9,5,0,0,0,28,23,14,0,13,9,FALSE,0,FALSE
411.7275,14.376,14.09,11.704,10.717,18.22,19,17,4,2570427,73,76,72,74,102,101,100,99,20.3,20.264,22.395,22.305,1807.145,93801,29704,0,417,8733,9,5,0,0,0,28,23,14,0,13,9,FALSE,0,FALSE
412.2256,14.395,14.116,11.722,10.734,18.211,19,17,4,2578071.2,73,74,75,73,102,101,100,99,20.299,20.265,22.394,22.304,1842.068,93801,29704,0,416,8733,9,5,0,0,0,28,23,14,0,13,9,FALSE,0,FALSE
412.72577,14.43,14.142,11.761,10.769,18.21,19,17,4,2606819.2,77,73,81,76,102,101,100,99,20.3,20.265,22.395,22.305,1871.926,93801,29704,0,434,8733,9,5,0,0,0,28,23,14,0,13,9,FALSE,0,FALSE
413.22556,14.472,14.168,11.813,10.821,18.21,19,17,4,2628915,86,74,84,85,102,101,100,99,20.304,20.266,22.401,22.309,1900.355,93801,29704,0,434,8733,9,5,0,0,0,28,23,14,0,13,9,FALSE,0,FALSE
413.72855,14.518,14.202,11.898,10.868,18.209,19,17,4,2639070.5,85,80,102,88,102,101,100,99,20.309,20.267,22.408,22.313,1928.686,93801,29704,0,433,8750,9,5,0,0,0,28,23,14,0,13,9,FALSE,0,FALSE
414.2219,14.553,14.228,11.958,10.917,18.201,19,17,4,2646386.5,81,76,92,83,102,101,101,99,20.314,20.27,22.418,22.319,1953.938,93801,29704,0,433,8750,9,5,0,0,0,28,23,14,0,13,9,FALSE,0,FALSE
414.7285,14.578,14.249,11.971,10.929,18.19,19,17,4,2652002.2,76,72,76,73,102,101,101,99,20.317,20.271,22.421,22.32,1978.83,93801,29704,0,450,8750,9,5,0,0,0,28,23,14,0,13,9,FALSE,0,FALSE
416.22742,14.683,14.372,12.088,11.078,18.156,19,17,4,2665649.8,79,83,79,85,102,102,101,99,20.32,20.277,22.421,22.329,2064.654,93801,29704,0,533,8917,9,5,0,0,0,28,23,14,0,13,9,FALSE,0,FALSE
416.72635,14.716,14.411,12.109,11.102,18.142,19,17,4,2658300.8,75,78,73,76,102,102,101,99,20.321,20.28,22.42,22.33,2093.906,93801,29704,0,600,8917,9,5,0,0,0,28,23,14,0,13,9,FALSE,0,FALSE
417.2297,14.736,14.436,12.125,11.118,18.129,19,17,4,2655651.5,73,76,72,74,102,102,101,99,20.319,20.28,22.416,22.327,2125.162,93801,29704,0,667,8967,9,5,0,0,0,28,23,14,0,13,9,FALSE,0,FALSE
417.72653,14.752,14.456,12.135,11.127,18.116,19,17,4,2647040.8,72,74,71,72,102,102,101,99,20.316,20.279,22.412,22.324,2157.752,93801,29704,0,667,8967,9,5,0,0,0,28,23,14,0,13,9,FALSE,0,FALSE
418.22787,14.77,14.475,12.157,11.15,18.109,19,17,4,2664753.8,74,74,77,77,102,102,100,99,20.314,20.278,22.409,22.322,2189.406,93801,29704,0,683,9000,9,5,0,0,0,28,23,14,0,13,9,FALSE,0,FALSE
418.72733,14.786,14.49,12.169,11.164,18.108,19,17,4,2690703,72,72,75,73,102,102,101,99,20.315,20.279,22.413,22.326,2213.762,93801,29704,0,683,9000,9,5,0,0,0,28,23,14,0,13,9,FALSE,0,FALSE
419.22763,14.794,14.495,12.175,11.171,18.108,19,17,4,2713015.5,71,69,73,71,102,102,101,99,20.316,20.28,22.416,22.329,2233.248,93801,29704,0,683,9000,9,5,0,0,0,28,23,14,0,13,9,FALSE,0,FALSE
419.72742,14.807,14.503,12.194,11.189,18.108,19,17,4,2731371.5,75,69,78,76,102,102,101,99,20.317,20.28,22.42,22.333,2249.553,93801,29704,0,683,9100,9,5,0,0,0,28,23,14,0,13,9,FALSE,0,FALSE
420.22833,14.824,14.516,12.236,11.219,18.108,19,17,4,2740435.8,77,71,91,82,102,102,101,99,20.321,20.281,22.428,22.339,2262.301,93801,29704,0,800,9100,9,5,0,0,0,28,23,14,0,13,9,FALSE,0,FALSE
420.7291,14.836,14.526,12.281,11.247,18.108,19,17,4,2746797.5,76,72,99,85,102,102,101,99,20.324,20.283,22.439,22.347,2277.91,93801,29704,0,800,9100,9,5,0,0,0,28,23,14,0,13,9,FALSE,0,FALSE
421.22778,14.851,14.536,12.319,11.276,18.106,19,17,4,2752897.5,78,73,100,88,103,102,101,100,20.328,20.284,22.453,22.355,2295.996,93801,29704,0,800,9100,9,5,0,0,0,28,23,14,0,13,9,FALSE,0,FALSE
421.72934,14.866,14.547,12.338,11.292,18.103,19,17,4,2759023.8,79,73,92,83,103,102,101,100,20.332,20.286,22.464,22.363,2308.447,93801,29704,0,800,9100,9,5,0,0,0,28,23,14,0,13,9,FALSE,0,FALSE
422.22687,14.878,14.557,12.349,11.3,18.097,19,17,4,2765651.2,77,73,85,77,103,102,102,100,20.335,20.287,22.472,22.368,2320.654,93801,29704,0,767,9100,9,5,0,0,0,28,23,14,0,13,9,FALSE,0,FALSE
422.7275,14.89,14.569,12.352,11.304,18.089,19,17,4,2772155.5,76,74,78,72,103,102,102,100,20.338,20.288,22.476,22.37,2334.562,93801,29704,0,767,9067,9,5,0,0,0,28,23,14,0,13,9,FALSE,0,FALSE
423.227,14.916,14.591,12.356,11.307,18.079,19,17,4,2779997.2,81,77,74,69,103,102,102,100,20.34,20.29,22.478,22.37,2350.846,93801,29704,0,767,9067,9,5,0,0,0,28,23,14,0,13,9,FALSE,0,FALSE
424.2276,14.972,14.648,12.357,11.308,18.056,19,17,4,2790876.8,80,78,68,68,103,102,102,100,20.349,20.298,22.476,22.368,2390.943,93801,29704,0,667,9067,9,5,0,0,0,28,23,14,0,13,9,FALSE,0,FALSE
424.72513,14.986,14.664,12.357,11.308,18.042,19,17,4,2786178,74,74,67,68,103,102,102,100,20.351,20.299,22.474,22.366,2414.932,93801,29704,0,683,9000,9,5,0,0,0,28,23,14,0,13,9,FALSE,0,FALSE
425.22592,14.998,14.677,12.357,11.308,18.03,19,17,4,2785898.2,72,71,67,68,103,102,101,100,20.35,20.299,22.47,22.363,2441.375,93801,29704,0,683,9000,9,5,0,0,0,28,23,14,0,13,9,FALSE,0,FALSE
425.72604,15.008,14.687,12.357,11.308,18.016,19,17,4,2779079.5,71,71,68,68,103,102,101,100,20.348,20.297,22.466,22.36,2469.912,93801,29704,0,717,9017,9,5,0,0,0,28,23,14,0,13,9,FALSE,0,FALSE
426.22736,15.018,14.697,12.357,11.308,18.003,19,17,4,2776815,71,71,68,68,103,102,101,100,20.346,20.295,22.462,22.357,2500.377,93801,29704,0,734,9017,9,5,0,0,0,28,23,14,0,13,9,FALSE,0,FALSE
426.7281,15.027,14.705,12.357,11.308,17.989,19,17,4,2768395.5,71,70,69,68,103,102,101,100,20.343,20.293,22.457,22.353,2532.395,93801,29704,0,734,9034,9,5,0,0,0,28,23,14,0,13,9,FALSE,0,FALSE
427.2228,15.037,14.716,12.362,11.313,17.975,19,17,4,2759755.5,71,72,70,71,103,102,101,99,20.34,20.29,22.452,22.348,2565.943,93801,29704,0,717,9034,9,5,0,0,0,28,23,14,0,13,9,FALSE,0,FALSE
427.7263,15.071,14.758,12.397,11.35,17.962,19,17,4,2751115.5,75,79,75,78,103,102,101,99,20.338,20.289,22.449,22.346,2600.57,93801,29704,0,733,9033,9,5,0,0,0,28,23,14,0,13,9,FALSE,0,FALSE
428.22815,15.098,14.793,12.431,11.384,17.953,19,17,4,2761753.8,74,77,76,79,103,102,101,99,20.336,20.289,22.446,22.346,2635.783,93801,29704,0,733,9033,9,5,0,0,0,28,23,14,0,13,9,FALSE,0,FALSE
428.72824,15.126,14.828,12.465,11.419,17.952,19,17,4,2791923.5,75,78,78,81,103,102,101,99,20.336,20.291,22.447,22.348,2667.551,93801,29704,0,733,9050,9,5,0,0,0,28,23,14,0,13,9,FALSE,0,FALSE
429.22238,15.143,14.851,12.483,11.438,17.951,19,17,4,2818214.8,73,76,75,78,103,102,101,100,20.337,20.295,22.45,22.353,2692.166,93801,29704,0,750,9050,9,5,0,0,0,28,23,14,0,13,9,FALSE,0,FALSE
429.72516,15.157,14.867,12.498,11.453,17.951,19,17,4,2840881.2,72,75,75,78,103,102,101,100,20.339,20.298,22.453,22.358,2711.576,93801,29704,0,750,9050,9,5,0,0,0,28,23,14,0,13,9,FALSE,0,FALSE
430.2272,15.178,14.892,12.523,11.483,17.951,19,17,4,2858256,76,80,80,85,103,102,101,100,20.341,20.303,22.457,22.364,2727.021,93801,29704,0,750,9050,9,5,0,0,0,28,23,14,0,13,9,FALSE,0,FALSE
430.7252,15.2,14.918,12.551,11.525,17.951,19,17,4,2870059.2,80,83,84,95,103,102,101,100,20.346,20.31,22.464,22.375,2737.955,93801,29704,0,767,9050,9,5,0,0,0,28,23,14,0,13,9,FALSE,0,FALSE
431.2237,15.206,14.925,12.57,11.557,17.949,19,17,4,2875382.2,76,78,84,98,103,102,102,100,20.351,20.317,22.471,22.388,2752.684,93801,29704,0,767,9050,9,5,0,0,0,28,23,14,0,13,9,FALSE,0,FALSE
431.7257,15.215,14.937,12.58,11.57,17.946,19,17,4,2880668,75,78,80,90,103,102,102,100,20.353,20.321,22.477,22.4,2768.211,93801,29704,0,767,9050,9,5,0,0,0,28,23,14,0,13,9,FALSE,0,FALSE
432.22668,15.228,14.951,12.586,11.577,17.941,19,17,4,2886099.8,75,79,76,83,103,102,102,100,20.356,20.326,22.481,22.408,2778.914,93801,29704,0,767,9066,9,5,0,0,0,28,23,14,0,13,9,FALSE,0,FALSE
432.7225,15.247,14.967,12.587,11.578,17.932,19,17,4,2890154,78,79,71,75,103,103,102,101,20.359,20.331,22.483,22.412,2792.225,93801,29704,0,766,9066,9,5,0,0,0,28,23,14,0,13,9,FALSE,0,FALSE
433.22873,15.269,14.987,12.587,11.578,17.922,19,17,4,2893241.2,80,79,68,70,103,103,102,101,20.363,20.335,22.483,22.414,2808.223,93801,29704,0,766,9066,9,5,0,0,0,28,23,14,0,13,9,FALSE,0,FALSE
433.7242,15.302,15.02,12.587,11.578,17.91,19,17,4,2902968.8,83,82,67,68,103,103,102,101,20.369,20.341,22.481,22.414,2827.012,93801,29704,0,766,9066,9,5,0,0,0,28,23,14,0,13,9,FALSE,0,FALSE
434.22357,15.323,15.04,12.587,11.578,17.897,19,17,4,2899804,77,77,67,67,103,103,102,101,20.373,20.345,22.479,22.412,2848.533,93801,29704,0,733,9066,9,5,0,0,0,28,23,14,0,13,9,FALSE,0,FALSE
434.72617,15.343,15.059,12.587,11.578,17.884,19,17,4,2888364.2,74,74,67,67,103,103,102,101,20.374,20.347,22.476,22.41,2872.844,93801,29704,0,733,9033,9,5,0,0,0,28,23,14,0,13,9,FALSE,0,FALSE
435.2235,15.358,15.075,12.587,11.578,17.871,19,17,4,2847816,72,72,68,68,103,103,102,100,20.374,20.347,22.473,22.408,2899.705,93801,29704,0,683,9033,9,5,0,0,0,28,23,14,0,13,9,FALSE,0,FALSE
435.7281,15.372,15.088,12.587,11.578,17.858,19,17,4,2804716.2,71,71,68,68,103,103,102,100,20.373,20.346,22.47,22.405,2929.072,93801,29704,0,683,8950,9,5,0,0,0,28,23,14,0,13,9,FALSE,0,FALSE
436.22513,15.384,15.101,12.587,11.578,17.845,19,17,4,2749704.2,71,71,69,69,103,103,101,100,20.371,20.344,22.466,22.402,2960.65,93801,29704,0,650,8950,9,5,0,0,0,28,23,14,0,13,9,FALSE,0,FALSE
436.725,15.396,15.114,12.587,11.578,17.831,19,17,4,2692089.2,71,71,69,69,103,103,101,100,20.369,20.342,22.462,22.398,2994.486,93801,29704,0,634,8950,9,5,0,0,0,28,23,14,0,13,9,FALSE,0,FALSE
437.22702,15.406,15.125,12.587,11.578,17.818,19,17,4,2640012.8,70,70,69,69,103,103,101,100,20.366,20.34,22.458,22.394,3030.115,93801,29704,0,634,8917,9,5,0,0,0,28,23,14,0,13,9,FALSE,0,FALSE
437.72903,15.416,15.137,12.587,11.578,17.804,19,17,4,2582397.8,70,71,70,69,103,103,101,100,20.362,20.337,22.453,22.39,3067.33,93801,29704,0,600,8917,9,5,0,0,0,28,23,14,0,13,9,FALSE,0,FALSE
438.22504,15.426,15.148,12.587,11.578,17.79,19,17,4,2524782.8,70,70,70,69,103,103,101,100,20.359,20.333,22.447,22.385,3106.062,93801,29704,0,550,8883,9,5,0,0,0,28,23,14,0,13,9,FALSE,0,FALSE
438.7273,15.435,15.156,12.587,11.578,17.777,19,17,4,2490575.8,70,70,70,70,103,103,101,100,20.354,20.329,22.441,22.379,3146.057,93801,29704,0,550,8783,9,5,0,0,0,28,23,14,0,13,9,FALSE,0,FALSE
439.2262,15.441,15.163,12.587,11.578,17.764,19,17,4,2481935.8,70,70,70,70,103,102,101,100,20.349,20.325,22.435,22.373,3186.873,93801,29704,0,500,8783,9,5,0,0,0,28,23,14,0,13,9,FALSE,0,FALSE
439.72296,15.447,15.17,12.587,11.578,17.75,19,17,4,2473295.8,70,70,70,70,103,102,101,100,20.344,20.32,22.428,22.367,3228.48,93801,29704,0,467,8750,9,5,0,0,0,28,23,14,0,13,9,FALSE,0,FALSE
440.22403,15.454,15.177,12.587,11.578,17.736,19,17,4,2464655.8,70,70,70,70,103,102,101,100,20.338,20.314,22.421,22.36,3270.809,93801,29704,0,434,8750,9,5,0,0,0,28,23,14,0,13,9,FALSE,0,FALSE
440.72873,15.461,15.184,12.587,11.578,17.722,19,17,4,2456015.8,70,70,70,70,103,102,101,100,20.332,20.308,22.413,22.353,3313.805,93801,29704,0,434,8700,9,5,0,0,0,28,23,14,0,13,9,FALSE,0,FALSE
441.2273,15.477,15.2,12.61,11.601,17.713,19,17,4,2472084.5,72,72,75,74,103,102,100,99,20.328,20.304,22.408,22.348,3355.752,93801,29704,0,400,8650,9,5,0,0,0,28,23,14,0,13,9,FALSE,0,FALSE
441.72546,15.491,15.214,12.622,11.613,17.712,19,17,4,2504709.8,70,70,71,71,102,102,101,99,20.327,20.304,22.41,22.35,3390.201,93801,29704,0,383,8650,9,5,0,0,0,28,23,14,0,13,9,FALSE,0,FALSE
442.22632,15.501,15.227,12.636,11.627,17.712,19,17,4,2533122,70,72,73,74,103,102,101,100,20.327,20.304,22.413,22.353,3418.932,93801,29704,0,383,8616,9,5,0,0,0,28,23,14,0,13,9,FALSE,0,FALSE
443.22617,15.553,15.297,12.739,11.76,17.71,19,17,4,2562565.5,76,81,88,99,103,102,101,100,20.332,20.315,22.427,22.373,3467.324,93801,29704,0,450,8683,9,5,0,0,0,28,23,14,0,13,9,FALSE,0,FALSE
443.72403,15.579,15.332,12.8,11.835,17.705,19,17,4,2568721.5,77,84,93,101,103,102,101,100,20.335,20.321,22.436,22.387,3492.686,93801,29704,0,450,8650,9,5,0,0,0,28,23,14,0,13,9,FALSE,0,FALSE
444.22342,15.606,15.367,12.851,11.9,17.698,19,17,4,2574811,78,83,89,99,103,103,101,100,20.339,20.328,22.446,22.401,3514.02,93801,29704,0,417,8650,9,5,0,0,0,28,23,14,0,13,9,FALSE,0,FALSE
444.72842,15.633,15.402,12.886,11.945,17.69,19,17,4,2581674.2,78,83,84,91,103,103,101,101,20.342,20.333,22.453,22.411,3535.102,93801,29704,0,417,8650,9,5,0,0,0,28,23,14,0,13,9,FALSE,0,FALSE
445.22495,15.665,15.44,12.909,11.972,17.679,19,17,4,2587955,79,84,78,83,103,103,101,101,20.345,20.339,22.456,22.418,3557.047,93801,29704,0,417,8650,9,5,0,0,0,28,23,14,0,13,9,FALSE,0,FALSE
445.72684,15.69,15.468,12.922,11.984,17.666,19,17,4,2587151.2,76,79,73,76,103,103,101,101,20.347,20.344,22.458,22.421,3580.855,93801,29704,0,417,8650,9,5,0,0,0,28,23,14,0,13,9,FALSE,0,FALSE
446.22833,15.719,15.501,12.942,12.005,17.653,19,17,4,2586593.5,77,81,75,77,103,103,101,101,20.348,20.347,22.457,22.422,3606.859,93801,29704,0,500,8650,9,5,0,0,0,28,23,14,0,13,9,FALSE,0,FALSE
446.7277,15.752,15.539,12.967,12.031,17.639,19,17,4,2579814.5,77,81,76,78,103,103,101,101,20.35,20.35,22.457,22.423,3634.969,93801,29704,0,500,8733,9,5,0,0,0,28,23,14,0,13,9,FALSE,0,FALSE
447.2286,15.779,15.572,12.986,12.05,17.625,19,17,4,2572272.2,74,78,73,74,103,103,101,101,20.35,20.353,22.457,22.423,3665.199,93801,29704,0,517,8733,9,5,0,0,0,28,23,14,0,13,9,FALSE,0,FALSE
447.72876,15.793,15.59,12.994,12.056,17.613,19,17,4,2569501.5,71,74,71,71,103,103,101,101,20.348,20.353,22.454,22.421,3697.488,93801,29704,0,534,8733,9,5,0,0,0,28,23,14,0,13,9,FALSE,0,FALSE
448.227,15.804,15.6,12.998,12.06,17.599,19,17,4,2560866,72,72,71,70,103,103,101,101,20.345,20.351,22.45,22.417,3730.764,93801,29704,0,534,8750,9,5,0,0,0,28,23,14,0,13,9,FALSE,0,FALSE
448.72488,15.836,15.625,13.029,12.09,17.585,19,17,4,2552226,78,75,80,76,103,103,101,101,20.344,20.348,22.448,22.414,3764.682,93801,29704,0,533,8750,9,5,0,0,0,28,23,14,0,13,9,FALSE,0,FALSE
449.22617,15.907,15.685,13.119,12.17,17.572,19,17,4,2548948.8,87,82,92,86,103,103,101,101,20.347,20.349,22.449,22.414,3799.77,93801,29704,0,533,8766,9,5,0,0,0,28,23,14,0,13,9,FALSE,0,FALSE
449.72653,15.98,15.746,13.22,12.259,17.559,19,17,4,2540308.8,86,81,93,88,103,103,101,101,20.35,20.35,22.453,22.415,3835.635,93801,29704,0,534,8750,9,5,0,0,0,28,23,14,0,13,9,FALSE,0,FALSE
450.2244,16.056,15.81,13.331,12.355,17.546,19,17,4,2531668.8,86,81,95,89,103,103,101,101,20.353,20.351,22.458,22.417,3872.021,93801,29704,0,534,8750,9,5,0,0,0,28,23,14,0,13,9,FALSE,0,FALSE
450.7277,16.129,15.871,13.43,12.441,17.532,19,17,4,2523028.8,86,81,92,86,103,103,101,101,20.356,20.351,22.461,22.418,3908.459,93801,29704,0,550,8750,9,5,0,0,0,28,23,14,0,13,9,FALSE,0,FALSE
451.72717,16.209,15.935,13.5,12.509,17.505,19,17,4,2505748.8,75,73,75,72,103,103,101,101,20.354,20.346,22.456,22.411,3980.576,93801,29704,0,567,8767,9,5,0,0,0,28,23,14,0,13,9,FALSE,0,FALSE
452.22638,16.222,15.945,13.503,12.513,17.491,19,17,4,2498075.8,72,71,71,70,103,103,101,100,20.35,20.341,22.449,22.404,4017.631,93801,29704,40382,567,8767,9,5,0,0,0,28,23,14,0,13,9,FALSE,0,FALSE
452.72595,16.245,15.968,13.535,12.546,17.488,19,17,4,2527966.5,73,72,76,76,103,103,101,100,20.347,20.338,22.449,22.403,4050.602,93801,29704,40382,550,8750,9,5,0,0,0,28,23,14,0,13,9,FALSE,0,FALSE
453.22528,16.268,15.984,13.563,12.572,17.488,19,17,4,2554942.8,76,72,80,77,103,103,101,100,20.348,20.337,22.452,22.406,4076.617,93801,29704,40382,550,8750,9,5,0,0,0,28,23,14,0,13,9,FALSE,0,FALSE
453.72592,16.303,16.009,13.625,12.622,17.488,19,17,4,2571996.5,81,75,93,85,103,103,101,101,20.351,20.338,22.459,22.411,4099.662,93801,29704,40382,600,8800,9,5,0,0,0,28,23,14,0,13,9,FALSE,0,FALSE
454.2275,16.336,16.034,13.699,12.678,17.488,19,17,4,2588168.8,82,76,101,90,103,103,102,101,20.356,20.34,22.471,22.419,4120.74,93801,29704,40382,600,8767,9,5,0,0,0,28,23,14,0,13,9,FALSE,0,FALSE
454.72375,16.359,16.051,13.762,12.723,17.485,19,17,4,2597493.8,80,75,102,89,103,103,102,101,20.359,20.341,22.484,22.427,4141.281,93801,29704,40382,600,8767,9,5,0,0,0,28,23,14,0,13,9,FALSE,0,FALSE
455.22607,16.385,16.073,13.81,12.758,17.479,19,17,4,2604097.8,81,77,96,85,103,103,102,101,20.363,20.342,22.496,22.435,4163.666,93801,29704,40382,600,8767,9,5,0,0,0,28,23,14,0,13,9,FALSE,0,FALSE
455.72333,16.411,16.095,13.833,12.776,17.469,19,17,4,2610473.8,81,77,86,78,103,103,102,101,20.366,20.344,22.504,22.439,4183.533,93801,29704,40382,600,8766,9,5,0,0,0,28,23,14,0,13,9,FALSE,0,FALSE
456.22528,16.448,16.127,13.853,12.792,17.459,19,17,4,2616782.8,83,79,80,74,103,103,102,101,20.37,20.346,22.508,22.44,4204.561,93801,29704,40382,600,8766,9,5,0,0,0,28,23,14,0,13,9,FALSE,0,FALSE
456.728,16.469,16.148,13.857,12.797,17.445,19,17,4,2613070.8,78,77,73,70,103,103,102,101,20.372,20.347,22.508,22.439,4227.949,93801,29704,40382,600,8766,9,5,0,0,0,28,23,14,0,13,9,FALSE,0,FALSE
457.22467,16.487,16.164,13.857,12.798,17.433,19,17,4,2612779,74,73,70,69,103,103,102,101,20.373,20.347,22.506,22.437,4254.197,93801,29704,40382,634,8784,9,5,0,0,0,28,23,14,0,13,9,FALSE,0,FALSE
457.7236,16.499,16.174,13.857,12.798,17.419,19,17,4,2606016.5,72,72,69,69,103,103,102,101,20.371,20.345,22.503,22.434,4282.648,93801,29704,40382,634,8784,9,5,0,0,0,28,23,14,0,13,9,FALSE,0,FALSE
458.22656,16.508,16.184,13.857,12.798,17.405,19,17,4,2598296,71,71,69,69,103,103,102,101,20.368,20.342,22.498,22.43,4313.17,93801,29704,40382,667,8817,9,5,0,0,0,28,23,14,0,13,9,FALSE,0,FALSE
458.72455,16.517,16.192,13.857,12.798,17.392,19,17,4,2595400,71,71,69,69,103,103,102,101,20.365,20.339,22.494,22.426,4345.303,93801,29704,40382,666,8817,9,5,0,0,0,28,23,14,0,13,9,FALSE,0,FALSE
459.2284,16.525,16.2,13.857,12.798,17.378,19,17,4,2586760,71,71,69,69,103,103,102,101,20.361,20.336,22.489,22.421,4379.02,93801,29704,40382,666,8817,9,5,0,0,0,28,23,14,0,13,9,FALSE,0,FALSE
459.7259,16.533,16.209,13.857,12.798,17.366,19,17,4,2549323,71,71,69,69,103,103,102,101,20.357,20.332,22.483,22.416,4414.16,93801,29704,40382,650,8800,9,5,0,0,0,28,23,14,0,13,9,FALSE,0,FALSE
460.22458,16.543,16.22,13.858,12.798,17.352,19,17,4,2491708,71,71,69,69,103,103,102,100,20.353,20.327,22.477,22.41,4450.715,93801,29704,40382,667,8800,9,5,0,0,0,28,23,14,0,13,9,FALSE,0,FALSE
460.7267,16.552,16.229,13.858,12.798,17.338,19,17,4,2437358,71,71,69,69,103,102,102,100,20.348,20.323,22.471,22.404,4488.703,93801,29704,40382,667,8800,9,5,0,0,0,28,23,14,0,13,9,FALSE,0,FALSE
461.22537,16.559,16.237,13.858,12.798,17.324,19,17,4,2428718,71,71,70,69,103,102,101,100,20.343,20.318,22.464,22.397,4527.787,93801,29704,40382,650,8784,9,5,0,0,0,28,23,14,0,13,9,FALSE,0,FALSE
461.72385,16.566,16.243,13.858,12.798,17.31,19,17,4,2420078,71,71,70,70,103,102,101,100,20.337,20.313,22.456,22.391,4567.705,93801,29704,40382,617,8784,9,5,0,0,0,28,23,14,0,13,9,FALSE,0,FALSE
462.2266,16.572,16.249,13.858,12.798,17.298,19,17,4,2416827.8,72,72,70,70,103,102,101,100,20.331,20.307,22.449,22.383,4608.244,93801,29704,40382,616,8750,9,5,0,0,0,28,23,14,0,13,9,FALSE,0,FALSE
462.72336,16.578,16.256,13.858,12.798,17.284,19,17,4,2408187.8,72,72,71,70,102,102,101,100,20.326,20.301,22.441,22.376,4649.396,93801,29704,40382,616,8750,9,5,0,0,0,28,23,14,0,13,9,FALSE,0,FALSE
463.22583,16.584,16.262,13.858,12.798,17.27,19,17,4,2399547.8,72,72,71,70,102,102,101,100,20.32,20.296,22.433,22.368,4691.123,93801,29704,40382,583,8750,9,5,0,0,0,28,23,14,0,13,9,FALSE,0,FALSE
463.72626,16.59,16.269,13.858,12.798,17.256,19,17,4,2390907.8,72,72,71,70,102,102,101,100,20.313,20.289,22.425,22.36,4733.35,93801,29704,40382,583,8700,9,5,0,0,0,28,23,14,0,13,9,FALSE,0,FALSE
464.22232,16.597,16.275,13.858,12.798,17.242,19,17,4,2382267.8,72,72,71,70,102,102,101,100,20.307,20.283,22.416,22.352,4776.008,93801,29704,40382,550,8700,9,5,0,0,0,28,23,14,0,13,9,FALSE,0,FALSE
464.72604,16.612,16.29,13.877,12.815,17.232,19,17,4,2392995.2,74,74,77,75,102,102,100,99,20.301,20.278,22.409,22.346,4818.037,93801,29704,40382,550,8684,9,5,0,0,0,28,23,14,0,13,9,FALSE,0,FALSE
465.22525,16.637,16.317,13.941,12.842,17.231,19,17,4,2425942,72,72,78,73,102,102,101,99,20.3,20.277,22.414,22.348,4852.23,93801,29704,40382,533,8667,9,5,0,0,0,28,23,14,0,13,9,FALSE,0,FALSE
465.71353,16.651,16.326,13.947,12.848,17.23,19,17,4,2452844.2,70,70,72,70,102,102,101,100,20.301,20.278,22.418,22.352,4878.662,93801,29704,40382,533,8750,9,5,0,0,0,28,23,14,0,13,9,FALSE,0,FALSE
466.22556,16.666,16.338,13.971,12.869,17.23,19,17,4,2478089,73,71,79,75,102,102,101,100,20.302,20.279,22.422,22.355,4902.383,93801,29704,40382,616,8750,9,5,0,0,0,28,23,14,0,13,9,FALSE,0,FALSE
466.7277,16.698,16.361,14.035,12.919,17.23,19,17,4,2496258.5,80,74,95,86,102,102,101,100,20.307,20.281,22.432,22.363,4921.094,93801,29704,40382,616,8750,9,5,0,0,0,28,23,14,0,13,9,FALSE,0,FALSE
467.22424,16.717,16.374,14.093,12.959,17.229,19,17,4,2507848,77,73,101,87,102,102,101,100,20.312,20.284,22.446,22.373,4939.207,93801,29704,40382,616,8716,9,5,0,0,0,28,23,14,0,13,9,FALSE,0,FALSE
467.72583,16.734,16.389,14.131,12.984,17.223,19,17,4,2514136.5,79,75,95,83,102,102,101,100,20.316,20.287,22.46,22.382,4960.412,93801,29704,40382,616,8716,9,5,0,0,0,28,23,14,0,13,9,FALSE,0,FALSE
468.2238,16.752,16.405,14.142,12.994,17.215,19,17,4,2520273.2,77,74,82,75,102,102,101,100,20.321,20.29,22.469,22.387,4977.357,93801,29704,40382,616,8716,9,5,0,0,0,28,23,14,0,13,9,FALSE,0,FALSE
468.72467,16.774,16.424,14.155,13.005,17.205,19,17,4,2524876.5,78,75,78,73,102,102,102,100,20.324,20.292,22.473,22.39,4996.742,93801,29704,40382,616,8750,9,5,0,0,0,28,23,14,0,13,9,FALSE,0,FALSE
469.22528,16.8,16.45,14.163,13.012,17.193,19,17,4,2523502.8,79,77,74,70,103,102,102,100,20.328,20.295,22.476,22.391,5017.553,93801,29704,40382,633,8750,9,5,0,0,0,28,23,14,0,13,9,FALSE,0,FALSE
469.7242,16.823,16.473,14.169,13.018,17.179,19,17,4,2514578.2,77,76,72,69,103,102,102,100,20.331,20.298,22.476,22.391,5040.789,93801,29704,40382,633,8750,9,5,0,0,0,28,23,14,0,13,9,FALSE,0,FALSE
470.22153,16.842,16.49,14.172,13.021,17.166,19,17,4,2479970.8,74,73,70,69,103,102,102,100,20.333,20.299,22.476,22.39,5067.275,93801,29704,40382,633,8750,9,5,0,0,0,28,23,14,0,13,9,FALSE,0,FALSE
470.72375,16.858,16.506,14.173,13.023,17.152,19,17,4,2432042.2,73,72,69,68,103,102,102,100,20.333,20.299,22.474,22.388,5096.654,93801,29704,40382,633,8750,9,5,0,0,0,28,23,14,0,13,9,FALSE,0,FALSE
471.22177,16.87,16.518,14.173,13.023,17.139,19,17,4,2382944.8,72,71,68,69,103,102,102,100,20.333,20.298,22.471,22.386,5128.264,93801,29704,40382,617,8733,9,5,0,0,0,28,23,14,0,13,9,FALSE,0,FALSE
471.72076,16.881,16.529,14.173,13.023,17.126,19,17,4,2327250.2,72,72,69,70,103,102,101,100,20.331,20.297,22.468,22.384,5160.631,93801,29704,40382,617,8717,9,5,0,0,0,28,23,14,0,13,9,FALSE,0,FALSE
472.2227,16.891,16.54,14.173,13.023,17.112,19,17,4,2267714.8,72,71,69,69,103,102,101,100,20.33,20.295,22.464,22.38,5197.133,93801,29704,40382,617,8717,9,5,0,0,0,28,23,14,0,13,9,FALSE,0,FALSE
472.72403,16.9,16.549,14.173,13.023,17.099,19,17,4,2215858.5,72,71,70,70,103,102,101,100,20.327,20.293,22.459,22.376,5233.977,93801,29704,40382,583,8700,9,5,0,0,0,28,23,14,0,13,9,FALSE,0,FALSE
473.22458,16.908,16.556,14.173,13.023,17.085,19,17,4,2199056,71,71,70,69,102,102,101,100,20.324,20.29,22.454,22.372,5272.033,93801,29704,40382,550,8700,9,5,0,0,0,28,23,14,0,13,9,FALSE,0,FALSE
473.7215,16.915,16.563,14.173,13.023,17.071,19,17,4,2190416,71,71,70,70,102,102,101,100,20.321,20.287,22.449,22.367,5311.014,93801,29704,40382,550,8666,9,5,0,0,0,28,23,14,0,13,9,FALSE,0,FALSE
474.21848,16.921,16.57,14.173,13.023,17.058,19,17,4,2182064,70,70,70,70,102,102,101,100,20.317,20.283,22.443,22.362,5349.484,93801,29704,40382,516,8633,9,5,0,0,0,28,23,14,0,13,9,FALSE,0,FALSE
474.7191,16.928,16.576,14.173,13.023,17.045,19,17,4,2178836.8,70,70,70,70,102,102,101,100,20.312,20.279,22.437,22.356,5390.027,93801,29704,40382,483,8633,9,5,0,0,0,28,23,14,0,13,9,FALSE,0,FALSE
475.2192,16.934,16.582,14.173,13.023,17.031,19,17,5,2170196.8,70,70,70,70,102,102,101,99,20.306,20.273,22.43,22.35,22.479,92954,0,0,450,8633,9,6,0,0,0,28,23,14,0,13,9,FALSE,0,FALSE
475.71838,16.94,16.589,14.173,13.023,17.018,19,17,5,2161556.8,70,70,70,70,102,101,101,99,20.301,20.268,22.423,22.343,64.611,92954,0,0,450,8567,9,6,0,0,0,28,23,14,0,13,9,FALSE,0,FALSE
476.2201,16.946,16.595,14.173,13.023,17.004,19,17,5,2152916.8,69,69,70,70,102,101,101,99,20.295,20.262,22.415,22.336,107.396,92954,0,0,434,8567,9,6,0,0,0,28,23,14,0,13,9,FALSE,0,FALSE
476.7233,16.953,16.602,14.173,13.023,16.989,19,17,5,2143988.8,70,70,70,70,102,101,100,99,20.288,20.256,22.407,22.328,152.287,92954,0,0,400,8567,9,6,0,0,0,28,23,14,0,13,9,FALSE,0,FALSE
477.72235,16.966,16.614,14.173,13.023,16.962,19,17,5,2126708.8,70,70,70,69,102,101,100,99,20.274,20.243,22.39,22.312,240.854,92954,0,0,367,8467,9,6,0,0,0,28,23,14,0,13,9,FALSE,0,FALSE
478.22186,16.972,16.62,14.173,13.023,16.948,19,17,5,2118091.8,71,70,71,71,101,101,100,99,20.267,20.235,22.381,22.303,285.814,92954,0,0,333,8467,9,6,0,0,0,28,23,14,0,13,9,FALSE,0,FALSE
478.7229,16.979,16.626,14.173,13.024,16.934,19,17,5,2109708.8,70,70,71,70,101,101,100,99,20.259,20.228,22.372,22.295,331.182,92954,0,0,300,8467,9,6,0,0,0,28,23,14,0,13,9,FALSE,0,FALSE
479.2249,16.985,16.633,14.174,13.024,16.921,19,17,5,2101587.5,70,70,70,70,101,101,100,98,20.251,20.22,22.362,22.286,376.934,92954,0,0,283,8467,9,6,0,0,0,28,23,14,0,13,9,FALSE,0,FALSE
479.72626,16.991,16.639,14.174,13.024,16.907,19,17,5,2093685.1,70,70,70,70,101,100,100,98,20.243,20.212,22.353,22.276,423.004,92954,0,0,250,8300,9,6,0,0,0,28,23,14,0,13,9,FALSE,0,FALSE
480.22302,16.998,16.644,14.174,13.025,16.893,19,17,5,2085972.8,70,70,70,70,101,100,99,98,20.235,20.204,22.343,22.267,469.348,92954,0,0,250,8300,9,6,0,0,0,28,23,14,0,13,9,FALSE,0,FALSE
480.72003,17.005,16.655,14.179,13.028,16.88,19,17,5,2078687.4,70,70,70,71,101,100,99,98,20.227,20.196,22.333,22.258,514.389,92954,0,0,217,8183,9,6,0,0,0,28,23,14,0,13,9,FALSE,0,FALSE
481.22205,17.011,16.661,14.179,13.029,16.865,19,17,5,2071053,71,70,71,70,100,100,99,98,20.217,20.187,22.322,22.248,562.732,92954,0,0,167,8183,9,6,0,0,0,28,23,14,0,13,9,FALSE,0,FALSE
481.72202,17.028,16.677,14.198,13.048,16.856,19,17,5,2086097,74,74,76,75,100,100,99,98,20.21,20.181,22.316,22.241,608.221,92954,0,0,133,8183,9,6,0,0,0,28,23,14,0,13,9,FALSE,0,FALSE
482.22415,17.054,16.702,14.23,13.082,16.855,19,17,5,2121207.2,73,73,76,76,100,100,99,98,20.21,20.181,22.319,22.245,644.959,92954,0,0,67,8083,9,6,0,0,0,28,23,14,0,13,9,FALSE,0,FALSE
482.723,17.072,16.72,14.244,13.096,16.854,19,17,5,2149729.8,72,72,73,73,100,100,99,98,20.213,20.184,22.325,22.251,673.168,92954,0,0,67,8117,9,6,0,0,0,28,23,14,0,13,9,FALSE,0,FALSE
483.22665,17.084,16.731,14.251,13.103,16.853,19,17,5,2173224.8,71,71,72,71,100,100,99,98,20.216,20.187,22.331,22.257,694.846,92954,0,0,67,8117,9,6,0,0,0,28,23,14,0,13,9,FALSE,0,FALSE
483.72556,17.091,16.737,14.257,13.109,16.853,19,17,5,2192161.8,70,69,72,70,100,100,99,98,20.218,20.19,22.336,22.262,711.547,92954,0,0,100,8166,9,6,0,0,0,28,23,14,0,13,9,FALSE,0,FALSE
484.22293,17.105,16.748,14.283,13.13,16.853,19,17,5,2206293.5,73,71,81,76,101,100,99,98,20.222,20.193,22.343,22.268,723.758,92954,0,0,100,8166,9,6,0,0,0,28,23,14,0,13,9,FALSE,0,FALSE
484.7252,17.113,16.755,14.316,13.154,16.853,19,17,5,2215140,73,70,90,81,101,100,100,98,20.226,20.196,22.353,22.277,732.672,92954,0,0,100,8166,9,6,0,0,0,28,23,14,0,13,9,FALSE,0,FALSE
485.22366,17.119,16.761,14.34,13.166,16.852,19,17,5,2219723.2,72,71,93,80,101,100,100,98,20.23,20.199,22.366,22.285,745.748,92954,0,0,183,8166,9,6,0,0,0,28,23,14,0,13,9,FALSE,0,FALSE
485.7258,17.128,16.769,14.351,13.172,16.849,19,17,5,2224362.5,73,71,87,76,101,100,100,99,20.234,20.202,22.378,22.292,760.975,92954,0,0,183,8166,9,6,0,0,0,28,23,14,0,13,9,FALSE,0,FALSE
486.223,17.137,16.777,14.354,13.176,16.844,19,17,5,2229207,73,71,80,73,101,100,100,99,20.238,20.205,22.387,22.298,771.762,92954,0,0,183,8400,9,6,0,0,0,28,23,14,0,13,9,FALSE,0,FALSE
486.7214,17.146,16.789,14.355,13.177,16.837,19,17,5,2232657.8,73,73,74,70,101,100,100,99,20.241,20.209,22.392,22.301,783.58,92954,0,0,183,8400,9,6,0,0,0,28,23,14,0,13,9,FALSE,0,FALSE
487.22058,17.161,16.809,14.355,13.177,16.828,19,17,5,2235709,76,76,70,68,101,100,100,99,20.245,20.213,22.395,22.304,798.246,92954,0,0,183,8400,9,6,0,0,0,28,23,14,0,13,9,FALSE,0,FALSE
487.7231,17.179,16.827,14.362,13.185,16.819,19,17,5,2240966,76,76,69,71,101,100,100,99,20.25,20.218,22.396,22.306,815.947,92954,0,0,383,8400,9,6,0,0,0,28,23,14,0,13,9,FALSE,0,FALSE
488.2265,17.208,16.857,14.378,13.206,16.808,19,17,5,2243365,80,82,73,77,101,101,100,99,20.255,20.223,22.398,22.31,835.062,92954,0,0,383,8250,9,6,0,0,0,28,23,14,0,13,9,FALSE,0,FALSE
489.72037,17.362,17.04,14.417,13.249,16.775,19,17,5,2256150.8,82,83,71,70,102,101,100,99,20.281,20.259,22.403,22.32,905.627,92954,0,0,216,8233,9,6,0,0,0,28,23,14,0,13,9,FALSE,0,FALSE
490.22562,17.384,17.062,14.422,13.255,16.761,19,17,5,2234986.2,75,75,70,69,102,101,100,99,20.285,20.263,22.403,22.32,932.521,92954,0,0,200,8233,9,6,0,0,0,28,23,14,0,13,9,FALSE,0,FALSE
490.7237,17.402,17.083,14.426,13.257,16.748,19,17,5,2190273.5,74,73,70,70,102,101,100,99,20.286,20.265,22.401,22.319,962.594,92954,0,0,217,8250,9,6,0,0,0,28,23,14,0,13,9,FALSE,0,FALSE
491.2258,17.423,17.102,14.431,13.263,16.735,19,17,5,2144827,74,72,70,69,102,101,100,99,20.287,20.265,22.399,22.318,993.691,92954,0,0,217,8250,9,6,0,0,0,28,23,14,0,13,9,FALSE,0,FALSE
491.72253,17.44,17.116,14.435,13.267,16.721,19,17,5,2088660.8,73,71,70,69,102,101,100,99,20.287,20.265,22.397,22.315,1025.467,92954,0,0,216,8250,9,6,0,0,0,28,23,14,0,13,9,FALSE,0,FALSE
492.22015,17.459,17.132,14.44,13.274,16.708,19,17,5,2032966.2,73,71,71,69,102,101,100,99,20.286,20.263,22.394,22.312,1058.23,92954,0,0,216,8233,9,6,0,0,0,28,23,14,0,13,9,FALSE,0,FALSE
492.72314,17.473,17.144,14.441,13.275,16.695,19,17,5,1978928.5,70,69,69,68,102,101,100,99,20.284,20.261,22.39,22.308,1095.076,92954,0,0,217,8233,9,6,0,0,0,28,23,14,0,13,9,FALSE,0,FALSE
493.22458,17.481,17.153,14.441,13.275,16.681,19,17,5,1957225.8,69,69,69,69,102,101,100,99,20.281,20.258,22.385,22.304,1132.256,92954,0,0,184,8233,9,6,0,0,0,28,23,14,0,13,9,FALSE,0,FALSE
493.72183,17.488,17.16,14.441,13.275,16.667,19,17,5,1948582,69,69,69,69,102,101,100,99,20.277,20.254,22.38,22.299,1170.672,92954,0,0,184,8150,9,6,0,0,0,28,23,14,0,13,9,FALSE,0,FALSE
494.22482,17.495,17.167,14.442,13.275,16.653,19,17,5,1939938.2,69,69,69,69,102,101,100,99,20.273,20.25,22.374,22.294,1210.193,92954,0,0,150,8150,9,6,0,0,0,28,23,14,0,13,9,FALSE,0,FALSE
494.72296,17.502,17.175,14.443,13.276,16.639,19,17,5,1931294.5,69,70,70,70,101,101,100,98,20.268,20.246,22.368,22.289,1250.709,92954,0,0,133,8117,9,6,0,0,0,28,23,14,0,13,9,FALSE,0,FALSE
495.22424,17.508,17.183,14.443,13.276,16.627,19,17,5,1928159.1,69,70,70,70,101,101,100,98,20.263,20.241,22.362,22.283,1291.936,92954,0,0,133,8117,9,6,0,0,0,28,23,14,0,13,9,FALSE,0,FALSE
495.72278,17.514,17.189,14.443,13.276,16.613,19,17,5,1919515.4,70,70,70,70,101,101,100,98,20.258,20.236,22.355,22.276,1333.803,92954,0,0,116,8033,9,6,0,0,0,28,23,14,0,13,9,FALSE,0,FALSE
496.2237,17.52,17.196,14.444,13.276,16.599,19,17,5,1910871.6,70,70,70,70,101,101,99,98,20.253,20.231,22.348,22.27,1376.215,92954,0,0,83,8033,9,6,0,0,0,28,23,14,0,13,9,FALSE,0,FALSE
496.72208,17.533,17.21,14.458,13.291,16.588,19,17,5,1919467.2,73,73,75,75,101,101,99,98,20.248,20.227,22.342,22.265,1418.326,92954,0,0,66,8000,9,6,0,0,0,28,23,14,0,13,9,FALSE,0,FALSE
497.22583,17.555,17.23,14.483,13.317,16.587,19,17,5,1952557,72,73,75,73,101,101,99,98,20.249,20.227,22.346,22.268,1452.719,92954,0,0,66,7967,9,6,0,0,0,28,23,14,0,13,9,FALSE,0,FALSE
497.72504,17.568,17.245,14.495,13.324,16.586,19,17,5,1980670.8,71,70,72,71,101,101,99,98,20.251,20.23,22.35,22.273,1480.211,92954,0,0,34,7967,9,6,0,0,0,28,23,14,0,13,9,FALSE,0,FALSE
498.2248,17.59,17.262,14.525,13.351,16.585,19,17,5,2004987.5,77,72,81,78,101,101,100,98,20.254,20.232,22.356,22.278,1502.549,92954,0,0,34,8000,9,6,0,0,0,28,23,14,0,13,9,FALSE,0,FALSE
498.72437,17.62,17.285,14.587,13.399,16.585,19,17,5,2024001.1,81,75,96,87,101,101,100,98,20.26,20.236,22.367,22.287,1519.949,92954,0,0,34,8000,8,6,0,0,0,28,23,14,0,13,9,FALSE,0,FALSE
499.22452,17.642,17.299,14.637,13.444,16.585,19,17,5,2036164.1,80,74,99,91,101,101,100,99,20.267,20.24,22.381,22.299,1540.355,92954,0,0,34,7950,9,6,0,0,0,28,23,14,0,13,9,FALSE,0,FALSE
499.72406,17.656,17.309,14.681,13.476,16.582,19,17,5,2043358.8,77,72,99,89,102,101,100,99,20.273,20.243,22.395,22.31,1560.531,92954,0,0,34,7950,8,6,0,0,0,28,23,14,0,13,9,FALSE,0,FALSE
500.22595,17.672,17.321,14.712,13.498,16.578,19,17,5,2050546.5,78,73,94,84,102,101,100,99,20.278,20.246,22.409,22.32,1575.785,92954,0,0,34,8117,8,6,0,0,0,28,23,14,0,13,9,FALSE,0,FALSE
500.72452,17.686,17.332,14.723,13.507,16.573,19,17,5,2057866.4,76,72,83,76,102,101,101,99,20.283,20.248,22.418,22.326,1591.225,92954,0,0,2284,8117,8,6,0,0,0,28,23,14,0,13,9,FALSE,0,FALSE
501.22275,17.699,17.344,14.73,13.514,16.564,19,17,5,2065423.5,76,73,77,72,102,101,101,99,20.286,20.25,22.423,22.329,1606.977,92954,0,0,2284,8117,8,6,0,0,0,28,23,14,0,13,9,FALSE,0,FALSE
501.72354,17.734,17.38,14.734,13.518,16.553,19,17,5,2073406.2,83,81,72,70,102,101,101,99,20.291,20.254,22.425,22.331,1625.803,92954,0,0,2284,8117,8,6,0,0,0,28,23,14,0,13,9,FALSE,0,FALSE
502.22424,17.754,17.4,14.734,13.518,16.54,19,17,5,2076359.8,78,78,70,68,102,101,101,99,20.296,20.259,22.426,22.331,1647.422,92954,0,0,2284,8233,8,6,0,0,0,28,23,14,0,13,9,FALSE,0,FALSE
502.72565,17.772,17.418,14.734,13.518,16.526,19,17,5,2071665.4,74,74,68,67,102,101,101,99,20.299,20.262,22.425,22.33,1671.732,92954,0,0,2283,8233,8,6,0,0,0,28,23,14,0,13,9,FALSE,0,FALSE
503.22513,17.789,17.432,14.734,13.518,16.513,19,17,5,2068683.6,72,71,68,67,102,101,101,99,20.3,20.263,22.423,22.328,1698.936,92954,0,0,2250,8233,8,6,0,0,0,28,23,14,0,13,9,FALSE,0,FALSE
503.72562,17.802,17.445,14.735,13.519,16.5,19,17,5,2064716.2,74,73,70,70,102,101,101,99,20.3,20.263,22.421,22.327,1727.934,92954,0,0,2250,8233,8,6,0,0,0,28,23,14,0,13,9,FALSE,0,FALSE
504.2261,17.813,17.459,14.74,13.523,16.486,19,17,5,2056909.4,71,73,70,70,102,101,101,99,20.299,20.263,22.419,22.325,1758.68,92954,0,0,2217,8233,8,6,0,0,0,28,23,14,0,13,9,FALSE,0,FALSE
504.72537,17.827,17.477,14.749,13.532,16.473,19,17,5,2054120.6,72,74,71,72,102,101,101,99,20.298,20.263,22.416,22.323,1791.234,92954,0,0,2217,8233,8,6,0,0,0,28,23,14,0,13,9,FALSE,0,FALSE
505.22174,17.844,17.499,14.763,13.544,16.459,19,17,5,2045476.9,73,77,73,72,102,101,101,99,20.297,20.263,22.413,22.322,1826.229,92954,29980,0,2217,8233,8,6,0,0,0,28,23,14,0,13,9,FALSE,0,FALSE
505.72327,17.86,17.513,14.777,13.558,16.455,19,17,5,2066838.8,72,71,75,73,102,101,101,99,20.295,20.263,22.411,22.32,1859.92,92954,29980,0,2217,8217,8,6,0,0,0,28,23,14,0,13,9,FALSE,0,FALSE
506.7231,17.949,17.581,14.94,13.693,16.455,19,17,5,2117080.8,83,77,102,91,102,101,101,99,20.305,20.268,22.427,22.332,1914.93,92954,29980,0,2216,8217,8,6,0,0,0,28,23,14,0,13,9,FALSE,0,FALSE
507.2225,17.982,17.606,15.003,13.745,16.449,19,17,5,2123122.2,83,76,96,87,102,101,101,99,20.31,20.271,22.44,22.341,1939.547,92954,29980,0,2216,8217,8,6,0,0,0,28,23,14,0,13,9,FALSE,0,FALSE
507.72522,18.015,17.632,15.024,13.763,16.44,19,17,5,2126046.2,80,75,81,76,102,102,101,99,20.316,20.274,22.446,22.345,1962.967,92954,29980,0,2350,8200,8,6,0,0,0,28,23,14,0,13,9,FALSE,0,FALSE
508.2211,18.028,17.646,15.033,13.772,16.428,19,17,5,2121790.2,74,74,73,75,102,102,101,99,20.317,20.274,22.447,22.345,1986.752,92954,29980,0,2350,8200,8,6,0,0,0,28,23,14,0,13,9,FALSE,0,FALSE
508.7211,18.066,17.689,15.06,13.808,16.416,19,17,5,2124223.5,79,81,74,80,102,102,101,99,20.319,20.277,22.447,22.347,2013.547,92954,29980,0,2350,8200,8,6,0,0,0,28,23,14,0,13,9,FALSE,0,FALSE
509.22488,18.114,17.744,15.086,13.837,16.402,19,17,5,2118866.2,81,84,75,79,102,102,101,99,20.322,20.283,22.446,22.348,2044.678,92954,29980,0,2350,8400,8,6,0,0,0,28,23,14,0,13,9,FALSE,0,FALSE
509.72388,18.14,17.775,15.106,13.859,16.388,19,17,5,2111577.8,76,78,74,77,102,102,101,99,20.323,20.286,22.445,22.349,2074.982,92954,29980,0,2583,8400,8,6,0,0,0,28,23,14,0,13,9,FALSE,0,FALSE
510.7213,18.196,17.843,15.153,13.908,16.362,19,17,5,2100866.2,72,77,74,73,102,102,101,99,20.322,20.289,22.44,22.348,2136.859,92954,29980,0,2583,8466,8,6,0,0,0,28,23,14,0,13,9,FALSE,0,FALSE
511.21915,18.208,17.858,15.163,13.916,16.349,19,17,5,2096130.9,72,74,73,73,102,102,101,99,20.32,20.288,22.436,22.345,2170.422,92954,29980,0,2583,8484,8,6,0,0,0,28,23,14,0,13,9,FALSE,0,FALSE
511.72214,18.231,17.883,15.197,13.95,16.347,19,17,5,2126120.8,74,74,78,78,102,102,101,99,20.32,20.289,22.439,22.348,2199.904,92954,29980,0,2650,8483,8,6,0,0,0,28,23,14,0,13,9,FALSE,0,FALSE
512.22577,18.244,17.894,15.205,13.959,16.346,19,17,5,2149920.2,72,71,75,73,102,102,101,100,20.322,20.291,22.443,22.353,2221.32,92954,29980,0,2650,8483,8,6,0,0,0,28,23,14,0,13,9,FALSE,0,FALSE
512.7234,18.252,17.9,15.214,13.968,16.346,19,17,5,2169844.8,72,69,75,73,102,102,101,100,20.324,20.292,22.447,22.356,2238.945,92954,29980,0,2650,8634,8,6,0,0,0,28,23,14,0,13,9,FALSE,0,FALSE
513.2224,18.266,17.909,15.233,13.982,16.346,19,17,5,2180072.8,75,70,78,74,102,102,101,100,20.326,20.293,22.452,22.361,2253.67,92954,29980,0,2650,8634,8,6,0,0,0,28,23,14,0,13,9,FALSE,0,FALSE
513.7232,18.277,17.918,15.252,13.996,16.346,19,17,5,2192096.8,74,71,82,75,103,102,101,100,20.329,20.294,22.458,22.364,2267.098,92954,29980,0,2700,8634,8,6,0,0,0,28,23,14,0,13,9,FALSE,0,FALSE
514.22595,18.29,17.927,15.289,14.02,16.346,19,17,5,2198844,76,71,93,81,103,102,101,100,20.332,20.295,22.466,22.368,2287.129,92954,29980,0,2700,8634,8,6,0,0,0,28,23,14,0,13,9,FALSE,0,FALSE
514.7228,18.304,17.938,15.326,14.05,16.345,19,17,5,2204584.5,78,72,97,87,103,102,102,100,20.336,20.297,22.477,22.376,2300.348,92954,29980,0,2700,8550,8,6,0,0,0,28,23,14,0,13,9,FALSE,0,FALSE
515.22266,18.319,17.949,15.35,14.069,16.341,19,17,5,2210453.8,78,73,93,84,103,102,102,100,20.34,20.298,22.489,22.384,2311.332,92954,29980,0,2566,8550,8,6,0,0,0,28,23,14,0,13,9,FALSE,0,FALSE
515.7217,18.329,17.957,15.356,14.074,16.336,19,17,5,2216703.5,76,72,83,77,103,102,102,100,20.343,20.3,22.497,22.389,2322.713,92954,29980,0,2566,8550,8,6,0,0,0,28,23,14,0,13,9,FALSE,0,FALSE
516.2244,18.343,17.97,15.362,14.078,16.328,19,17,5,2223574,76,74,79,72,103,102,102,100,20.346,20.301,22.501,22.391,2336.121,92954,29980,0,2566,8566,8,6,0,0,0,28,23,14,0,13,9,FALSE,0,FALSE
516.72095,18.368,17.994,15.363,14.079,16.319,19,17,5,2231193.5,83,80,76,69,103,102,102,100,20.349,20.304,22.502,22.392,2351.186,92954,29980,0,2566,8566,8,6,0,0,0,28,23,14,0,13,9,FALSE,0,FALSE
517.7254,18.427,18.06,15.363,14.08,16.296,19,17,5,2241025.2,80,78,69,68,103,102,102,100,20.36,20.315,22.501,22.39,2390.66,92954,29980,0,2717,8566,8,6,0,0,0,28,23,14,0,13,9,FALSE,0,FALSE
518.22205,18.441,18.076,15.363,14.08,16.282,19,17,5,2236586.2,75,74,68,68,103,102,102,100,20.362,20.317,22.499,22.388,2414,92954,29980,0,2717,8566,8,6,0,0,0,28,23,14,0,13,9,FALSE,0,FALSE
518.72284,18.453,18.089,15.363,14.08,16.268,19,17,5,2230949.2,72,72,68,68,103,102,102,100,20.362,20.317,22.496,22.386,2439.926,92954,29980,0,2717,8650,8,6,0,0,0,28,23,14,0,13,9,FALSE,0,FALSE
519.7213,18.473,18.11,15.363,14.08,16.242,19,17,5,2222776.2,71,71,69,68,103,102,102,100,20.359,20.314,22.488,22.38,2496.969,92954,29980,0,2783,8700,8,6,0,0,0,28,23,14,0,13,9,FALSE,0,FALSE
520.22504,18.482,18.12,15.364,14.081,16.229,19,17,5,2219754.8,70,71,69,69,103,102,102,100,20.356,20.312,22.483,22.376,2529.664,92954,29980,0,2783,8700,8,6,0,0,0,28,23,14,0,13,9,FALSE,0,FALSE
520.72394,18.492,18.132,15.368,14.084,16.215,19,17,5,2211115,71,72,70,70,103,102,102,100,20.353,20.309,22.478,22.372,2562.887,92954,29980,0,2817,8717,8,6,0,0,0,28,23,14,0,13,9,FALSE,0,FALSE
521.7206,18.525,18.176,15.403,14.117,16.189,19,17,5,2205181.2,73,75,74,76,103,102,101,100,20.347,20.306,22.469,22.365,2631.496,92954,29980,0,2817,8733,8,6,0,0,0,28,23,14,0,13,9,FALSE,0,FALSE
522.2244,18.565,18.22,15.463,14.17,16.188,19,17,5,2235030.8,79,81,86,86,103,102,102,100,20.348,20.308,22.472,22.369,2664.492,92954,29980,0,2900,8733,8,6,0,0,0,28,23,14,0,13,9,FALSE,0,FALSE
522.72,18.596,18.257,15.491,14.199,16.186,19,17,5,2257716,78,81,81,83,103,102,102,100,20.352,20.314,22.479,22.377,2686.885,92954,29980,0,2900,8750,8,6,0,0,0,28,23,14,0,13,9,FALSE,0,FALSE
523.2225,18.614,18.278,15.504,14.212,16.186,19,17,5,2278951,75,78,76,78,103,102,102,100,20.356,20.321,22.484,22.385,2705.061,92954,29980,0,2900,8750,8,6,0,0,0,28,23,14,0,13,9,FALSE,0,FALSE
523.72284,18.62,18.285,15.511,14.219,16.186,19,17,5,2294108.8,71,74,73,76,103,102,102,100,20.358,20.325,22.488,22.39,2719.402,92954,29980,0,2900,8750,8,6,0,0,0,28,23,14,0,13,9,FALSE,0,FALSE
524.22253,18.624,18.292,15.519,14.229,16.186,19,17,5,2304920.8,69,72,73,76,103,102,102,100,20.358,20.327,22.491,22.395,2731.412,92954,29980,0,2950,8866,8,6,0,0,0,28,23,14,0,13,9,FALSE,0,FALSE
524.7208,18.632,18.3,15.534,14.255,16.186,19,17,5,2310190.5,70,72,76,85,103,103,102,100,20.359,20.329,22.493,22.401,2741.959,92954,29980,0,2950,8866,8,6,0,0,0,28,23,14,0,13,9,FALSE,0,FALSE
525.225,18.646,18.317,15.554,14.283,16.185,19,17,5,2315570,77,78,82,93,103,103,102,100,20.36,20.332,22.496,22.409,2765.27,92954,29980,0,2950,8833,8,6,0,0,0,28,23,14,0,13,9,FALSE,0,FALSE
525.72174,18.653,18.327,15.567,14.298,16.182,19,17,5,2320829.2,74,77,80,88,103,103,102,101,20.363,20.336,22.502,22.419,2774.566,92954,29980,0,2933,8833,8,6,0,0,0,28,23,14,0,13,9,FALSE,0,FALSE
526.2202,18.664,18.339,15.57,14.301,16.176,19,17,5,2325816.2,74,77,75,80,103,103,102,101,20.365,20.34,22.506,22.426,2785.35,92954,29980,0,2933,8833,8,6,0,0,0,28,23,14,0,13,9,FALSE,0,FALSE
526.7213,18.683,18.353,15.571,14.302,16.167,19,17,5,2327825.2,78,78,71,74,103,103,102,101,20.367,20.343,22.507,22.43,2799.096,92954,29980,0,2933,8833,8,6,0,0,0,28,23,14,0,13,9,FALSE,0,FALSE
527.22516,18.713,18.383,15.571,14.302,16.156,19,17,5,2333103.5,83,82,68,69,103,103,102,101,20.372,20.348,22.506,22.431,2815.988,92954,29980,0,2933,8833,8,6,0,0,0,28,23,14,0,13,9,FALSE,0,FALSE
527.7213,18.74,18.409,15.571,14.302,16.144,19,17,5,2342514,81,81,67,68,103,103,102,101,20.377,20.353,22.505,22.43,2834.609,92954,29980,0,3034,8917,8,6,0,0,0,28,23,14,0,13,9,FALSE,0,FALSE
528.22015,18.759,18.427,15.571,14.302,16.131,19,17,5,2338985.5,76,76,67,67,103,103,102,101,20.381,20.357,22.502,22.428,2856.574,92954,29980,0,3034,8917,8,6,0,0,0,28,23,14,0,13,9,FALSE,0,FALSE
528.7244,18.776,18.444,15.571,14.302,16.118,19,17,5,2318138.5,74,74,68,68,104,103,102,101,20.382,20.358,22.5,22.426,2882.156,92954,29980,0,3034,8917,8,6,0,0,0,28,23,14,0,13,9,FALSE,0,FALSE
529.22437,18.79,18.458,15.571,14.302,16.104,19,17,5,2276308,73,73,68,68,104,103,102,101,20.381,20.358,22.497,22.424,2909.488,92954,29980,0,3017,8917,8,6,0,0,0,28,23,14,0,13,9,FALSE,0,FALSE
529.7218,18.801,18.47,15.571,14.302,16.092,19,17,5,2232527.2,72,72,69,69,103,103,102,101,20.38,20.357,22.494,22.421,2939.133,92954,29980,0,3017,8883,8,6,0,0,0,28,23,14,0,13,9,FALSE,0,FALSE
530.2131,18.812,18.481,15.571,14.302,16.078,19,17,5,2179288.2,72,72,69,69,103,103,102,101,20.379,20.356,22.49,22.418,2969.742,92954,29980,0,3017,8883,8,6,0,0,0,28,23,14,0,13,9,FALSE,0,FALSE
530.72064,18.824,18.492,15.571,14.302,16.065,19,17,5,2121673.2,72,72,69,69,103,103,102,101,20.377,20.354,22.486,22.415,3003.367,92954,29980,0,3017,8867,8,6,0,0,0,28,23,14,0,13,9,FALSE,0,FALSE
531.22217,18.833,18.502,15.571,14.302,16.051,19,17,5,2067610.5,72,72,70,70,103,103,102,101,20.374,20.352,22.481,22.41,3039.82,92954,29980,0,3034,8867,8,6,0,0,0,28,23,14,0,13,9,FALSE,0,FALSE
531.72015,18.842,18.512,15.571,14.302,16.038,19,17,5,2011916,72,72,70,70,103,103,102,100,20.371,20.349,22.476,22.406,3075.246,92954,29980,0,3050,8833,8,6,0,0,0,28,23,14,0,13,9,FALSE,0,FALSE
532.2171,18.852,18.521,15.571,14.302,16.024,19,17,5,1954301,72,72,70,70,103,103,102,100,20.368,20.346,22.471,22.401,3113.191,92954,29980,0,3083,8833,8,6,0,0,0,28,23,14,0,13,9,FALSE,0,FALSE
532.72375,18.862,18.531,15.571,14.302,16.01,19,17,5,1894765.5,72,72,70,70,103,103,101,100,20.364,20.343,22.465,22.395,3153.623,92954,29980,0,3083,8800,8,6,0,0,0,28,23,14,0,13,9,FALSE,0,FALSE
533.2211,18.869,18.539,15.571,14.302,15.998,19,17,5,1844496.8,72,72,70,70,103,103,101,100,20.361,20.339,22.458,22.39,3192.322,92954,29980,0,3100,8800,8,6,0,0,0,28,23,14,0,13,9,FALSE,0,FALSE
533.72314,18.877,18.546,15.571,14.302,15.984,19,17,5,1822505.9,72,72,70,70,103,103,101,100,20.356,20.335,22.451,22.383,3234.402,92954,29980,0,3100,8766,8,6,0,0,0,28,23,14,0,13,9,FALSE,0,FALSE
534.22235,18.883,18.552,15.571,14.302,15.97,19,17,5,1813862.1,72,72,71,70,103,103,101,100,20.351,20.33,22.444,22.376,3275.592,92954,29980,0,3116,8716,8,6,0,0,0,28,23,14,0,13,9,FALSE,0,FALSE
534.72174,18.89,18.558,15.571,14.302,15.956,19,17,5,1805218.4,72,72,71,70,103,102,101,100,20.346,20.325,22.437,22.369,3317.184,92954,29980,0,3116,8716,8,6,0,0,0,28,23,14,0,13,9,FALSE,0,FALSE
535.21954,18.896,18.564,15.571,14.302,15.943,19,17,5,1797214.6,72,72,71,70,103,102,101,100,20.341,20.32,22.429,22.362,3357.725,92954,29980,0,3150,8717,8,6,0,0,0,28,23,14,0,13,9,FALSE,0,FALSE
535.7209,18.921,18.588,15.607,14.338,15.94,19,17,5,1829667.2,74,74,77,77,103,102,101,100,20.339,20.318,22.429,22.362,3395.084,92954,29980,0,3150,8683,8,6,0,0,0,28,23,14,0,13,9,FALSE,0,FALSE
536.22296,18.947,18.623,15.65,14.382,15.939,19,17,5,1858501.4,74,78,80,82,103,102,101,100,20.34,20.321,22.435,22.369,3424.75,92954,29980,0,3167,8683,8,6,0,0,0,28,23,14,0,13,9,FALSE,0,FALSE
536.72375,18.981,18.668,15.706,14.453,15.939,19,17,5,1882479.1,78,84,88,96,103,102,101,100,20.343,20.327,22.443,22.379,3447.854,92954,29980,0,3167,8683,8,6,0,0,0,28,23,14,0,13,9,FALSE,0,FALSE
537.21954,19.002,18.695,15.758,14.523,15.936,19,17,5,1891076.9,76,81,90,101,103,103,101,100,20.347,20.333,22.452,22.393,3470.199,92954,29980,0,3150,8667,8,6,0,0,0,28,23,14,0,13,9,FALSE,0,FALSE
537.72345,19.031,18.732,15.808,14.586,15.929,19,17,5,1896685.6,79,85,89,98,103,103,101,100,20.351,20.339,22.462,22.408,3495.168,92954,29980,0,3150,8667,8,6,0,0,0,28,23,14,0,13,9,FALSE,0,FALSE
538.2223,19.062,18.769,15.834,14.618,15.92,19,17,5,1899191,79,84,81,88,103,103,101,101,20.355,20.347,22.469,22.419,3516.84,92954,29980,0,3150,8667,8,6,0,0,0,28,23,14,0,13,9,FALSE,0,FALSE
538.72156,19.09,18.802,15.853,14.639,15.909,19,17,5,1896196.6,78,82,76,80,103,103,102,101,20.358,20.352,22.473,22.425,3539.33,92954,29980,0,3150,8667,8,6,0,0,0,28,23,14,0,13,9,FALSE,0,FALSE
539.2217,19.113,18.828,15.871,14.658,15.897,19,17,5,1891191.2,76,80,75,78,103,103,102,101,20.36,20.356,22.475,22.428,3563.312,92954,29980,0,3183,8683,8,6,0,0,0,28,23,14,0,13,9,FALSE,0,FALSE
539.7232,19.151,18.872,15.9,14.689,15.883,19,17,5,1885390.6,80,85,78,81,103,103,102,101,20.362,20.361,22.476,22.431,3588.805,92954,29980,0,3166,8683,8,6,0,0,0,28,23,14,0,13,9,FALSE,0,FALSE
540.7204,19.211,18.943,15.944,14.734,15.856,19,17,5,1871710.6,74,78,74,75,103,103,102,101,20.365,20.368,22.478,22.435,3644.227,92954,29980,0,3183,8667,8,6,0,0,0,28,23,14,0,13,9,FALSE,0,FALSE
541.2207,19.24,18.979,15.971,14.761,15.843,19,17,5,1869194.8,75,80,76,77,103,103,102,101,20.365,20.37,22.477,22.436,3675.064,92954,29980,0,3183,8667,8,6,0,0,0,28,23,14,0,13,9,FALSE,0,FALSE
541.7182,19.261,19.006,15.986,14.775,15.83,19,17,5,1860688.4,72,75,72,72,103,103,102,101,20.364,20.371,22.475,22.435,3707.379,92954,29980,0,3183,8666,8,6,0,0,0,28,23,14,0,13,9,FALSE,0,FALSE
542.2203,19.278,19.019,15.997,14.786,15.816,19,17,5,1852044.6,74,73,74,72,103,103,102,101,20.362,20.369,22.472,22.431,3741.027,92954,29980,0,3183,8666,8,6,0,0,0,28,23,14,0,13,9,FALSE,0,FALSE
543.2234,19.393,19.115,16.137,14.915,15.789,19,17,5,1839788.4,86,81,93,87,103,103,102,101,20.364,20.368,22.474,22.43,3812.662,92954,29980,0,3234,8700,8,6,0,0,0,28,23,14,0,13,9,FALSE,0,FALSE
543.72095,19.467,19.177,16.236,15.002,15.776,19,17,5,1831432.8,87,82,94,87,103,103,102,101,20.368,20.369,22.478,22.432,3847.68,92954,29980,0,3233,8683,8,6,0,0,0,28,23,14,0,13,9,FALSE,0,FALSE
544.2243,19.533,19.232,16.319,15.076,15.763,19,17,5,1822500.9,84,79,90,85,103,103,102,101,20.37,20.369,22.48,22.433,3885.125,92954,29980,0,3233,8683,8,6,0,0,0,28,23,14,0,13,9,FALSE,0,FALSE
544.7197,19.603,19.291,16.409,15.156,15.75,19,17,5,1814145.2,86,81,92,86,103,103,102,101,20.372,20.368,22.483,22.433,3919.889,92954,29980,0,3266,8700,8,6,0,0,0,28,23,14,0,13,9,FALSE,0,FALSE
545.2219,19.661,19.339,16.469,15.211,15.736,19,17,5,1805213.4,81,77,82,79,103,103,102,101,20.373,20.367,22.483,22.431,3956.207,92954,29980,0,3266,8717,8,6,0,0,0,28,23,14,0,13,9,FALSE,0,FALSE
546.72015,19.717,19.386,16.515,15.258,15.708,19,17,5,1827912,72,70,73,72,103,103,102,101,20.363,20.356,22.472,22.419,4058.832,92954,29980,40997,3300,8717,8,6,0,0,0,28,23,14,0,13,9,FALSE,0,FALSE
547.2177,19.75,19.411,16.563,15.3,15.708,19,17,5,1855822.4,80,75,87,82,103,103,102,101,20.364,20.355,22.475,22.422,4084.381,92954,29980,40997,3350,8717,8,6,0,0,0,28,23,14,0,13,9,FALSE,0,FALSE
547.7235,19.795,19.445,16.647,15.367,15.708,19,17,5,1879704,84,78,102,92,103,103,102,101,20.37,20.357,22.486,22.43,4106.598,92954,29980,40997,3350,8750,8,6,0,0,0,28,23,14,0,13,9,FALSE,0,FALSE
548.724,19.842,19.481,16.774,15.459,15.702,19,17,5,1897500.5,80,76,103,89,103,103,102,101,20.378,20.361,22.513,22.448,4145.93,92954,29980,40997,3334,8734,8,6,0,0,0,28,23,14,0,13,9,FALSE,0,FALSE
549.7245,19.887,19.52,16.815,15.492,15.683,19,17,5,1909666.4,78,75,81,75,104,103,102,101,20.385,20.364,22.528,22.455,4188.037,92954,29980,40997,3334,8783,8,6,0,0,0,28,23,14,0,13,9,FALSE,0,FALSE
550.22296,19.917,19.546,16.832,15.507,15.671,19,17,5,1914741.1,80,77,78,73,104,103,103,101,20.387,20.365,22.53,22.456,4209.92,92954,29980,40997,3383,8783,8,6,0,0,0,28,23,14,0,13,9,FALSE,0,FALSE
550.7172,19.942,19.57,16.835,15.511,15.658,19,17,5,1900470,78,76,72,70,104,103,102,101,20.389,20.366,22.53,22.454,4233.631,92954,29980,40997,3383,8783,8,6,0,0,0,28,23,14,0,13,9,FALSE,0,FALSE
551.2225,19.963,19.589,16.836,15.512,15.645,19,17,5,1863844.8,76,73,69,69,104,103,102,101,20.39,20.365,22.527,22.452,4261.658,92954,29980,40997,3383,8783,8,6,0,0,0,28,23,14,0,13,9,FALSE,0,FALSE
551.7196,19.977,19.602,16.836,15.512,15.631,19,17,5,1817384.2,73,73,69,69,104,103,102,101,20.388,20.363,22.523,22.448,4290.104,92954,29980,40997,3383,8783,8,6,0,0,0,28,23,14,0,13,9,FALSE,0,FALSE
552.7212,19.999,19.625,16.836,15.512,15.605,19,17,5,1710928.6,72,72,70,70,104,103,102,101,20.383,20.358,22.514,22.44,4354.994,92954,29980,40997,3383,8767,8,6,0,0,0,28,23,14,0,13,9,FALSE,0,FALSE
553.22076,20.009,19.635,16.836,15.512,15.592,19,17,5,1658874.5,71,71,69,69,103,103,102,101,20.38,20.355,22.509,22.435,4390.141,92954,29980,40997,3383,8767,8,6,0,0,0,28,23,14,0,13,9,FALSE,0,FALSE
553.7236,20.019,19.645,16.836,15.512,15.578,19,17,5,1599339,72,71,70,69,103,103,102,101,20.376,20.351,22.503,22.43,4427.852,92954,29980,40997,3367,8734,8,6,0,0,0,28,23,14,0,13,9,FALSE,0,FALSE
554.2201,20.028,19.654,16.836,15.512,15.564,19,17,5,1543644.5,72,72,70,70,103,103,102,101,20.371,20.347,22.496,22.424,4464.439,92954,29980,40997,3333,8734,8,6,0,0,0,28,23,14,0,13,9,FALSE,0,FALSE
554.7205,20.038,19.664,16.836,15.512,15.551,19,17,5,1486029.5,72,72,70,70,103,103,102,101,20.367,20.343,22.49,22.418,4503.486,92954,29980,40997,3334,8684,8,6,0,0,0,28,23,14,0,13,9,FALSE,0,FALSE
555.2204,20.046,19.672,16.836,15.512,15.537,19,17,5,1446370.6,72,71,70,70,103,103,102,101,20.362,20.338,22.483,22.411,4543.584,92954,29980,40997,3334,8684,8,6,0,0,0,28,23,14,0,13,9,FALSE,0,FALSE
555.7224,20.053,19.679,16.836,15.512,15.523,19,17,5,1437438.8,72,72,70,70,103,103,102,100,20.356,20.332,22.475,22.404,4585.74,92954,29980,40997,3334,8684,8,6,0,0,0,28,23,14,0,13,9,FALSE,0,FALSE
556.7198,20.065,19.692,16.836,15.512,15.496,19,17,5,1425972.9,72,72,71,71,103,102,101,100,20.345,20.322,22.46,22.389,4667.27,92954,29980,40997,3283,8583,8,6,0,0,0,28,23,14,0,13,9,FALSE,0,FALSE
557.21844,20.072,19.698,16.836,15.512,15.483,19,17,5,1417329.1,73,73,72,71,103,102,101,100,20.339,20.316,22.452,22.382,4709.34,92954,29980,40997,3283,8583,8,6,0,0,0,28,23,14,0,13,9,FALSE,0,FALSE
557.72485,20.079,19.705,16.836,15.512,15.468,19,17,5,1408397.2,73,73,71,71,103,102,101,100,20.333,20.31,22.443,22.373,4753.178,92954,29980,40997,3267,8567,8,6,0,0,0,28,23,14,0,13,9,FALSE,0,FALSE
558.22174,20.086,19.712,16.836,15.512,15.454,19,17,5,1399753.5,72,73,71,71,102,102,101,100,20.326,20.304,22.434,22.365,4795.902,92954,29980,40997,3267,8550,8,6,0,0,0,28,23,14,0,13,9,FALSE,0,FALSE
559.22034,20.137,19.758,16.965,15.556,15.446,19,17,5,1448557.6,74,73,78,74,102,102,101,100,20.321,20.299,22.437,22.362,4868.586,92954,29980,40997,3250,8534,8,6,0,0,0,28,23,14,0,13,9,FALSE,0,FALSE
559.7219,20.163,19.777,16.988,15.577,15.445,19,17,5,1475643.8,76,73,79,76,102,102,101,100,20.323,20.3,22.442,22.367,4895.027,92954,29980,40997,3250,8550,8,6,0,0,0,28,23,14,0,13,9,FALSE,0,FALSE
560.2228,20.194,19.8,17.037,15.616,15.445,19,17,5,1496159.6,80,75,90,82,103,102,101,100,20.328,20.303,22.45,22.374,4915.424,92954,29980,40997,3200,8550,8,6,0,0,0,28,23,14,0,13,9,FALSE,0,FALSE
560.722,20.221,19.819,17.087,15.653,15.445,19,17,5,1511777.9,80,75,95,85,103,102,101,100,20.334,20.306,22.461,22.382,4932.686,92954,29980,40997,3200,8550,8,6,0,0,0,28,23,14,0,13,9,FALSE,0,FALSE
561.2194,20.237,19.833,17.134,15.683,15.441,19,17,5,1518192.2,79,75,98,85,103,102,102,100,20.339,20.309,22.475,22.39,4956.164,92954,29980,40997,3150,8483,8,6,0,0,0,28,23,14,0,13,9,FALSE,0,FALSE
561.71857,20.257,19.849,17.149,15.695,15.434,19,17,5,1524459.8,79,75,85,77,103,102,102,100,20.343,20.312,22.485,22.396,4972.906,92954,29980,40997,3150,8483,8,6,0,0,0,28,23,14,0,13,9,FALSE,0,FALSE
562.21655,20.275,19.867,17.159,15.703,15.424,19,17,5,1527599.9,78,75,78,72,103,102,102,100,20.347,20.314,22.49,22.4,4991.553,92954,29980,40997,3100,8483,8,6,0,0,0,28,23,14,0,13,9,FALSE,0,FALSE
562.7195,20.296,19.887,17.163,15.708,15.412,19,17,5,1525330.1,77,75,73,70,103,102,102,100,20.35,20.317,22.492,22.401,5012.17,92954,29980,40997,3100,8450,8,6,0,0,0,28,23,14,0,13,9,FALSE,0,FALSE
563.21857,20.321,19.912,17.173,15.718,15.398,19,17,5,1520661.6,79,77,74,71,103,102,102,100,20.353,20.319,22.493,22.401,5034.824,92954,29980,40997,3100,8450,8,6,0,0,0,28,23,14,0,13,9,FALSE,0,FALSE
563.71893,20.355,19.944,17.187,15.731,15.386,19,17,5,1520568.5,81,78,74,71,103,102,102,100,20.356,20.322,22.494,22.402,5060.016,92954,29980,40997,3100,8433,8,6,0,0,0,28,23,14,0,13,9,FALSE,0,FALSE
564.22076,20.37,19.958,17.19,15.734,15.372,19,17,5,1513906.2,74,72,69,69,103,102,102,100,20.358,20.323,22.493,22.401,5088.092,92954,29980,40997,3100,8433,8,6,0,0,0,28,23,14,0,13,9,FALSE,0,FALSE
564.7162,20.382,19.969,17.19,15.734,15.358,19,17,5,1509081.9,72,71,69,70,103,102,102,100,20.357,20.322,22.49,22.399,5118.266,92954,29980,40997,3100,8433,8,6,0,0,0,28,23,14,0,13,9,FALSE,0,FALSE
565.21844,20.391,19.978,17.19,15.734,15.345,19,17,5,1503457.4,72,71,69,70,103,102,102,100,20.355,20.32,22.487,22.397,5150.027,92954,29980,40997,3100,8433,8,6,0,0,0,28,23,14,0,13,9,FALSE,0,FALSE
565.71826,20.399,19.986,17.19,15.734,15.331,19,17,5,1494813.6,71,71,69,70,103,102,102,100,20.353,20.318,22.483,22.394,5183.391,92954,29980,40997,3117,8434,8,6,0,0,0,28,23,14,0,13,9,FALSE,0,FALSE
566.21814,20.406,19.994,17.19,15.734,15.318,19,17,5,1486169.9,71,71,70,70,103,102,102,100,20.351,20.316,22.479,22.39,5218.195,92954,29980,40997,3117,8434,8,6,0,0,0,28,23,14,0,13,9,FALSE,0,FALSE
566.7155,20.413,20.002,17.19,15.734,15.305,19,17,5,1482917.1,71,71,70,70,103,102,102,100,20.348,20.313,22.475,22.386,5254.049,92954,29980,40997,3117,8434,8,6,0,0,0,28,23,14,0,13,9,FALSE,0,FALSE
567.22034,20.42,20.009,17.19,15.734,15.291,19,17,5,1474273.4,71,71,70,70,103,102,101,100,20.344,20.31,22.47,22.382,5290.922,92954,29980,40997,3117,8433,8,6,0,0,0,28,23,14,0,13,9,FALSE,0,FALSE
567.7176,20.428,20.016,17.19,15.734,15.277,19,17,5,1465629.6,72,71,70,70,103,102,101,100,20.34,20.306,22.464,22.377,5328.744,92954,29980,40997,3117,8434,8,6,0,0,0,28,23,14,0,13,9,FALSE,0,FALSE
568.21606,20.435,20.023,17.19,15.734,15.263,19,17,5,1456985.9,72,71,70,70,103,102,101,100,20.336,20.303,22.458,22.371,5367.412,92954,29980,40997,3017,8433,8,6,0,0,0,28,23,14,0,13,9,FALSE,0,FALSE
568.7177,20.442,20.029,17.19,15.734,15.25,19,17,5,1448342.1,72,72,70,70,103,102,101,100,20.332,20.298,22.451,22.365,5406.768,92954,29980,40997,3017,8433,8,6,0,0,0,28,23,14,0,13,9,FALSE,0,FALSE
569.21674,20.448,20.036,17.19,15.734,15.237,19,17,6,1445065.2,71,71,70,70,103,102,101,100,20.327,20.294,22.445,22.359,37.979,93797,0,0,3017,8433,7,7,0,0,0,28,23,14,0,13,9,FALSE,0,FALSE
569.7147,20.454,20.042,17.19,15.734,15.223,19,17,6,1436421.5,72,71,70,70,102,102,101,100,20.322,20.289,22.437,22.352,78.455,93797,0,0,3017,8434,5,7,0,0,0,28,23,14,0,13,9,FALSE,0,FALSE
570.216,20.461,20.048,17.19,15.734,15.209,19,17,6,1427777.8,72,72,70,70,102,102,101,99,20.317,20.284,22.43,22.345,119.373,93797,0,0,3017,8434,4,7,0,0,0,28,23,14,0,13,9,FALSE,0,FALSE
570.71655,20.467,20.055,17.19,15.734,15.196,19,17,6,1419134,72,72,71,70,102,102,101,99,20.311,20.278,22.422,22.338,160.732,93797,0,0,4117,8434,4,7,0,0,0,28,23,14,0,13,9,FALSE,0,FALSE
571.2185,20.473,20.061,17.19,15.734,15.182,19,17,6,1410490.2,72,72,70,70,102,101,101,99,20.305,20.273,22.413,22.33,202.484,93797,0,0,4150,8417,4,7,0,0,0,28,23,14,0,13,9,FALSE,0,FALSE
572.22,20.486,20.074,17.19,15.734,15.154,19,17,6,1393202.8,72,72,71,71,102,101,100,99,20.292,20.26,22.395,22.313,287.002,93797,0,0,4200,8417,4,7,0,0,0,28,23,14,0,13,9,FALSE,0,FALSE
572.7105,20.493,20.081,17.19,15.734,15.14,19,17,6,1384559,72,72,71,70,102,101,100,99,20.285,20.254,22.386,22.304,329.703,93797,0,0,4200,8417,4,7,0,0,0,28,23,14,0,13,9,FALSE,0,FALSE
573.22,20.5,20.087,17.19,15.734,15.127,19,17,6,1375915.2,72,72,70,70,102,101,100,99,20.278,20.247,22.377,22.295,372.656,93797,0,0,4200,8417,4,7,0,0,0,28,23,14,0,13,9,FALSE,0,FALSE
574.21765,20.513,20.1,17.19,15.734,15.099,19,17,6,1358627.8,72,72,71,70,101,101,100,98,20.264,20.233,22.357,22.277,459.137,93797,0,0,4250,8384,4,7,0,0,0,28,23,14,0,13,9,FALSE,0,FALSE
574.7175,20.519,20.106,17.19,15.734,15.085,19,17,6,1349984,72,72,70,70,101,101,99,98,20.256,20.225,22.347,22.267,502.629,93797,0,0,4250,8367,4,7,0,0,0,28,23,14,0,13,9,FALSE,0,FALSE
575.2166,20.526,20.113,17.19,15.734,15.071,19,17,6,1341340.2,72,72,70,70,101,100,99,98,20.248,20.217,22.337,22.258,546.266,93797,0,0,4250,8367,4,7,0,0,0,28,23,14,0,13,9,FALSE,0,FALSE
575.7185,20.533,20.119,17.19,15.734,15.057,19,17,6,1332696.5,71,72,70,69,101,100,99,98,20.24,20.209,22.327,22.248,589.996,93797,0,0,4333,8350,4,7,0,0,0,28,23,14,0,13,9,FALSE,0,FALSE
576.21954,20.556,20.14,17.217,15.763,15.05,19,17,6,1355945.5,74,74,77,75,101,100,99,98,20.234,20.204,22.323,22.243,631.023,93797,0,0,4333,8350,4,7,0,0,0,28,23,14,0,13,9,FALSE,0,FALSE
576.7161,20.582,20.162,17.242,15.79,15.05,19,17,6,1387456.2,73,73,75,74,101,100,99,98,20.235,20.205,22.327,22.248,662.973,93797,0,0,4333,8350,4,7,0,0,0,28,23,14,0,13,9,FALSE,0,FALSE
577.21844,20.598,20.178,17.252,15.799,15.049,19,17,6,1413148.4,72,72,72,72,101,100,99,98,20.237,20.207,22.332,22.254,687.441,93797,0,0,4333,8350,4,7,0,0,0,28,23,14,0,13,9,FALSE,0,FALSE
577.7185,20.607,20.187,17.259,15.807,15.049,19,17,6,1434551.9,71,71,72,71,101,100,99,98,20.239,20.209,22.337,22.259,706.375,93797,0,0,4350,8350,4,7,0,0,0,28,23,14,0,13,9,FALSE,0,FALSE
578.2197,20.629,20.206,17.29,15.831,15.049,19,17,6,1449392,77,74,83,77,101,100,99,98,20.243,20.213,22.344,22.265,720.375,93797,0,0,4350,8350,4,7,0,0,0,28,23,14,0,13,9,FALSE,0,FALSE
578.7184,20.642,20.216,17.328,15.86,15.049,19,17,6,1461254.2,76,73,92,84,101,100,100,98,20.248,20.217,22.355,22.274,730.922,93797,0,0,4350,8400,4,7,0,0,0,28,23,14,0,13,9,FALSE,0,FALSE
579.21686,20.648,20.222,17.361,15.877,15.048,19,17,6,1468115.1,73,72,98,82,101,101,100,98,20.252,20.22,22.369,22.283,746.578,93797,0,0,4317,8400,4,7,0,0,0,28,23,14,0,13,9,FALSE,0,FALSE
580.2191,20.667,20.238,17.382,15.892,15.041,19,17,6,1477668.6,75,71,84,75,101,101,100,99,20.26,20.226,22.393,22.298,771.594,93797,0,0,4217,8400,4,7,0,0,0,28,23,14,0,13,9,FALSE,0,FALSE
580.7204,20.678,20.252,17.384,15.894,15.035,19,17,6,1481166.1,75,74,76,71,101,101,100,99,20.264,20.229,22.4,22.303,783.398,93797,0,0,4217,8400,4,7,0,0,0,28,23,14,0,13,9,FALSE,0,FALSE
581.21936,20.69,20.268,17.384,15.894,15.025,19,17,6,1484267.2,75,76,71,69,101,101,100,99,20.267,20.233,22.403,22.305,797.602,93797,0,0,4217,8400,4,7,0,0,0,28,23,14,0,13,9,FALSE,0,FALSE
581.7197,20.706,20.284,17.387,15.898,15.015,19,17,6,1490703.4,76,76,69,70,101,101,100,99,20.271,20.237,22.404,22.307,814.551,93797,0,0,4117,8400,4,7,0,0,0,28,23,14,0,13,9,FALSE,0,FALSE
582.2206,20.731,20.311,17.401,15.915,15.005,19,17,6,1501542.2,79,80,72,76,102,101,100,99,20.274,20.241,22.405,22.31,833.668,93797,0,0,4117,8333,4,7,0,0,0,28,23,14,0,13,9,FALSE,0,FALSE
582.7214,20.761,20.346,17.419,15.935,14.995,19,17,6,1507836.1,79,83,74,77,102,101,100,99,20.279,20.248,22.408,22.314,860.004,93797,0,0,4117,8333,4,7,0,0,0,28,23,14,0,13,9,FALSE,0,FALSE
583.218,20.781,20.367,17.429,15.944,14.983,19,17,6,1512065,76,79,73,74,102,101,100,99,20.282,20.253,22.409,22.316,881.359,93797,0,0,4117,8333,4,7,0,0,0,28,23,14,0,13,9,FALSE,0,FALSE
583.71826,20.817,20.405,17.445,15.96,14.97,19,17,6,1511452.8,79,81,72,75,102,101,100,99,20.285,20.258,22.41,22.318,905.645,93797,0,0,4084,8300,4,7,0,0,0,28,23,14,0,13,9,FALSE,0,FALSE
584.21857,20.836,20.426,17.447,15.962,14.957,19,17,6,1511344.8,75,74,69,70,102,101,100,99,20.288,20.26,22.409,22.319,932.555,93797,0,0,4084,8300,4,7,0,0,0,28,23,14,0,13,9,FALSE,0,FALSE
584.7205,20.857,20.448,17.456,15.97,14.943,19,17,6,1505006.4,77,76,74,70,102,101,100,99,20.289,20.261,22.407,22.318,962.711,93797,0,0,4067,8267,4,7,0,0,0,28,23,14,0,13,9,FALSE,0,FALSE
585.21875,20.887,20.472,17.475,15.989,14.929,19,17,6,1497463.5,77,74,75,72,102,101,100,99,20.291,20.262,22.407,22.317,992.926,93797,0,0,4067,8267,4,7,0,0,0,28,23,14,0,13,9,FALSE,0,FALSE
585.72034,20.909,20.49,17.486,16,14.917,19,17,6,1494809.6,74,72,72,70,102,101,100,99,20.291,20.262,22.406,22.315,1024.188,93797,0,0,4067,8267,4,7,0,0,0,28,23,14,0,13,9,FALSE,0,FALSE
586.2157,20.92,20.499,17.487,16.002,14.903,19,17,6,1486183.4,72,71,70,69,102,101,100,99,20.29,20.26,22.403,22.312,1057.074,93797,0,0,4083,8250,4,7,0,0,0,28,23,14,0,13,9,FALSE,0,FALSE
586.7199,20.928,20.507,17.487,16.002,14.889,19,17,6,1477539.6,71,70,69,69,102,101,100,99,20.288,20.258,22.398,22.308,1091.355,93797,0,0,4083,8250,4,7,0,0,0,28,23,14,0,13,9,FALSE,0,FALSE
587.22144,20.936,20.515,17.487,16.002,14.875,19,17,6,1468895.9,71,71,69,69,102,101,100,99,20.285,20.255,22.394,22.304,1126.867,93797,0,0,4083,8250,4,7,0,0,0,28,23,14,0,13,9,FALSE,0,FALSE
587.71375,20.943,20.522,17.487,16.002,14.862,19,17,6,1465785.4,71,71,70,69,102,101,100,99,20.282,20.252,22.388,22.299,1163.316,93797,0,0,4100,8234,4,7,0,0,0,28,23,14,0,13,9,FALSE,0,FALSE
588.71814,20.958,20.537,17.487,16.002,14.835,19,17,6,1448497.9,71,71,70,69,102,101,100,98,20.274,20.245,22.377,22.289,1238.93,93797,0,0,4117,8233,4,7,0,0,0,28,23,14,0,13,9,FALSE,0,FALSE
589.7177,20.973,20.551,17.487,16.002,14.807,19,17,6,1431210.4,71,71,70,70,101,101,100,98,20.265,20.237,22.364,22.276,1317.59,93797,0,0,4117,8233,4,7,0,0,0,28,23,14,0,13,9,FALSE,0,FALSE
590.2204,20.979,20.557,17.487,16.002,14.795,19,17,6,1427892,71,71,70,70,101,101,100,98,20.261,20.232,22.357,22.27,1357.684,93797,0,0,4150,8233,4,7,0,0,0,28,23,14,0,13,9,FALSE,0,FALSE
590.7219,20.986,20.565,17.488,16.002,14.781,19,17,6,1418960.1,71,72,70,70,101,101,99,98,20.255,20.227,22.349,22.262,1399.562,93797,0,0,4150,8217,4,7,0,0,0,28,23,14,0,13,9,FALSE,0,FALSE
591.2212,21.008,20.584,17.52,16.027,14.774,19,17,6,1441403.8,74,73,78,76,101,101,99,98,20.252,20.225,22.346,22.26,1436.309,93797,0,0,4150,8217,4,7,0,0,0,28,23,14,0,13,9,FALSE,0,FALSE
591.71594,21.023,20.598,17.536,16.035,14.773,19,17,6,1471358.1,71,71,73,71,101,101,99,98,20.253,20.225,22.35,22.263,1466.609,93797,0,0,4183,8200,4,7,0,0,0,28,23,14,0,13,9,FALSE,0,FALSE
592.21674,21.039,20.611,17.553,16.053,14.773,19,17,6,1497765.9,74,71,77,75,101,101,100,98,20.254,20.226,22.354,22.267,1491.539,93797,0,0,4183,8200,4,7,0,0,0,28,23,14,0,13,9,FALSE,0,FALSE
592.7184,21.086,20.647,17.618,16.106,14.773,19,17,6,1518876.1,86,80,95,87,101,101,100,98,20.26,20.23,22.363,22.275,1511.094,93797,0,0,4216,8266,4,7,0,0,0,28,23,14,0,13,9,FALSE,0,FALSE
593.72046,21.142,20.689,17.731,16.199,14.768,19,17,6,1536880.2,81,75,101,91,102,101,100,99,20.279,20.242,22.393,22.299,1552.742,93797,0,0,4150,8250,4,7,0,0,0,28,23,14,0,13,9,FALSE,0,FALSE
594.2192,21.166,20.71,17.773,16.228,14.762,19,17,6,1543084,82,77,97,86,102,101,100,99,20.285,20.246,22.407,22.309,1571.566,93797,0,0,4150,8283,4,7,0,0,0,28,23,14,0,13,9,FALSE,0,FALSE
594.7163,21.224,20.759,17.799,16.248,14.754,19,17,6,1549565.1,96,89,89,80,102,101,101,99,20.294,20.253,22.418,22.316,1588.828,93797,0,0,4183,8283,4,7,0,0,0,28,23,14,0,13,9,FALSE,0,FALSE
595.21686,21.314,20.832,17.819,16.264,14.749,19,17,6,1556391.9,110,100,84,77,102,101,101,99,20.311,20.266,22.425,22.321,1604.992,93797,0,0,4183,8283,4,7,0,0,0,28,23,14,0,13,9,FALSE,0,FALSE
595.71783,21.349,20.862,17.83,16.274,14.74,19,17,6,1559742,91,85,77,73,103,102,101,99,20.327,20.279,22.43,22.325,1622.613,93797,0,0,4183,8283,4,7,0,0,0,28,23,14,0,13,9,FALSE,0,FALSE
596.21936,21.361,20.875,17.832,16.276,14.728,19,17,6,1556821.4,78,76,71,69,103,102,101,99,20.333,20.283,22.431,22.325,1642.938,93797,0,0,4200,8233,4,7,0,0,0,28,23,14,0,13,9,FALSE,0,FALSE
596.7149,21.384,20.894,17.832,16.276,14.715,19,17,6,1553284.8,77,76,71,67,103,102,101,99,20.335,20.285,22.431,22.325,1665.773,93797,0,0,4200,8233,4,7,0,0,0,28,23,14,0,13,9,FALSE,0,FALSE
597.21875,21.411,20.919,17.832,16.276,14.702,19,17,6,1554161.6,75,74,68,67,103,102,101,99,20.337,20.287,22.429,22.323,1691.414,93797,0,0,4234,8233,4,7,0,0,0,28,23,14,0,13,9,FALSE,0,FALSE
597.71857,21.429,20.937,17.835,16.279,14.688,19,17,6,1548679.1,74,73,69,70,103,102,101,99,20.337,20.288,22.426,22.32,1719.199,93797,0,0,4234,8250,4,7,0,0,0,28,23,14,0,13,9,FALSE,0,FALSE
598.22,21.444,20.954,17.841,16.284,14.675,19,17,6,1541403.5,72,73,69,70,103,102,101,99,20.336,20.288,22.424,22.319,1748.777,93797,0,0,4267,8250,4,7,0,0,0,28,23,14,0,13,9,FALSE,0,FALSE
598.72015,21.455,20.968,17.846,16.289,14.662,19,17,6,1538843.5,71,73,70,71,103,102,101,99,20.334,20.287,22.42,22.317,1780.125,93797,0,0,4267,8250,4,7,0,0,0,28,23,14,0,13,9,FALSE,0,FALSE
599.21796,21.471,20.988,17.858,16.301,14.648,19,17,6,1530235.2,73,75,72,73,103,102,101,99,20.332,20.286,22.417,22.315,1813.953,93797,30337,0,4284,8250,4,7,0,0,0,28,23,14,0,13,9,FALSE,0,FALSE
599.72046,21.488,21.009,17.869,16.312,14.638,19,17,6,1534918.4,71,72,72,71,103,102,101,99,20.33,20.286,22.414,22.312,1848.957,93797,30337,0,4284,8250,4,7,0,0,0,28,23,14,0,13,9,FALSE,0,FALSE
600.7161,21.585,21.085,18.043,16.456,14.635,19,17,6,1579825.2,84,78,103,93,103,102,101,99,20.338,20.29,22.428,22.322,1906.188,93797,30337,0,4300,8250,4,7,0,0,0,28,23,14,0,13,9,FALSE,0,FALSE
601.2182,21.628,21.119,18.11,16.511,14.627,19,17,6,1585411.9,85,78,93,86,103,102,101,99,20.343,20.293,22.439,22.33,1933.977,93797,30337,0,4300,8250,4,7,0,0,0,28,23,14,0,13,9,FALSE,0,FALSE
601.72076,21.665,21.148,18.142,16.538,14.617,19,17,6,1590313.6,81,76,82,77,103,102,101,99,20.347,20.295,22.444,22.333,1960.227,93797,30337,0,4300,8233,4,7,0,0,0,28,23,14,0,13,9,FALSE,0,FALSE
602.2196,21.688,21.169,18.151,16.546,14.603,19,17,6,1584088.1,75,73,72,72,103,102,101,99,20.349,20.296,22.444,22.333,1987.465,93797,30337,0,4300,8233,4,7,0,0,0,28,23,14,0,13,9,FALSE,0,FALSE
602.7201,21.739,21.23,18.201,16.605,14.59,19,17,6,1581213.8,83,90,84,86,103,102,101,99,20.35,20.298,22.444,22.334,2017.93,93797,30337,0,4300,8233,4,7,0,0,0,28,23,14,0,13,9,FALSE,0,FALSE
603.2169,21.893,21.403,18.264,16.681,14.577,19,17,6,1584782.5,113,117,83,88,103,102,101,99,20.36,20.311,22.447,22.34,2049.473,93797,30337,0,4300,8250,4,7,0,0,0,28,23,14,0,13,9,FALSE,0,FALSE
603.721,22.154,21.692,18.345,16.773,14.565,19,17,6,1590275,130,132,88,91,104,103,101,99,20.382,20.335,22.451,22.347,2077.879,93797,30337,0,4250,8250,4,7,0,0,0,28,23,14,0,13,9,FALSE,0,FALSE
604.2178,22.315,21.896,18.383,16.797,14.56,19,17,6,1596453.2,107,115,83,81,104,103,101,99,20.404,20.36,22.452,22.349,2104.973,93797,30337,0,4250,8250,4,7,0,0,0,28,23,14,0,13,9,FALSE,0,FALSE
604.7191,22.335,21.917,18.392,16.804,14.546,19,17,6,1590126.8,76,78,72,71,104,103,101,99,20.408,20.367,22.449,22.347,2133.023,93797,30337,0,4250,8250,4,7,0,0,0,28,23,14,0,13,9,FALSE,0,FALSE
605.2199,22.347,21.931,18.395,16.807,14.534,19,17,6,1587936.6,72,74,70,70,104,103,101,99,20.405,20.366,22.444,22.342,2162.984,93797,30337,0,4250,8350,4,7,0,0,0,28,23,14,0,13,9,FALSE,0,FALSE
605.7163,22.363,21.947,18.413,16.826,14.524,19,17,6,1596156.5,74,74,77,77,104,103,101,99,20.401,20.363,22.44,22.339,2193.281,93797,30337,0,4500,8350,4,7,0,0,0,28,23,14,0,13,9,FALSE,0,FALSE
606.21783,22.377,21.961,18.425,16.843,14.523,19,17,6,1621481.4,72,71,74,73,104,103,101,99,20.401,20.362,22.442,22.341,2217.504,93797,30337,0,4500,8467,4,7,0,0,0,28,23,14,0,13,9,FALSE,0,FALSE
606.7156,22.384,21.966,18.431,16.849,14.523,19,17,6,1644518.8,71,69,73,71,104,103,101,99,20.4,20.361,22.444,22.343,2237.652,93797,30337,0,4500,8583,4,7,0,0,0,28,23,14,0,13,9,FALSE,0,FALSE
607.2189,22.402,21.98,18.461,16.873,14.523,19,17,6,1663315.8,76,72,83,78,104,103,101,99,20.401,20.361,22.448,22.347,2253.668,93797,30337,0,4567,8583,4,7,0,0,0,28,23,14,0,13,9,FALSE,0,FALSE
607.71643,22.42,21.994,18.509,16.907,14.523,19,17,6,1675539.2,78,74,96,85,104,103,101,100,20.404,20.362,22.457,22.353,2266.102,93797,30337,0,4567,8583,4,7,0,0,0,28,23,14,0,13,9,FALSE,0,FALSE
608.2217,22.429,22.001,18.554,16.937,14.523,19,17,6,1682650.8,76,72,103,88,104,103,102,100,20.406,20.363,22.471,22.361,2282.129,93797,30337,0,4383,8583,4,7,0,0,0,28,23,14,0,13,9,FALSE,0,FALSE
608.7154,22.442,22.01,18.585,16.962,14.52,19,17,6,1687918,78,73,101,89,104,103,102,100,20.408,20.363,22.484,22.37,2296.32,93797,30337,0,4383,8467,4,7,0,0,0,28,23,14,0,13,9,FALSE,0,FALSE
609.21515,22.459,22.024,18.597,16.972,14.516,19,17,6,1693662.9,80,75,91,82,104,103,102,100,20.412,20.365,22.495,22.377,2308.285,93797,30337,0,4383,8467,4,7,0,0,0,28,23,14,0,13,9,FALSE,0,FALSE
609.7161,22.471,22.036,18.602,16.976,14.51,19,17,6,1699388.4,78,74,82,75,104,103,102,100,20.415,20.366,22.502,22.381,2320.527,93797,30337,0,4383,8467,4,7,0,0,0,28,23,14,0,13,9,FALSE,0,FALSE
610.2212,22.486,22.053,18.603,16.978,14.501,19,17,6,1704979.5,78,76,75,71,104,103,102,100,20.418,20.368,22.504,22.382,2334.777,93797,30337,0,4383,8467,4,7,0,0,0,28,23,14,0,13,9,FALSE,0,FALSE
610.71545,22.504,22.074,18.605,16.979,14.49,19,17,6,1711083.6,78,78,71,68,104,103,102,100,20.42,20.37,22.504,22.382,2351.531,93797,30337,0,4400,8483,4,7,0,0,0,28,23,14,0,13,9,FALSE,0,FALSE
611.22034,22.535,22.109,18.605,16.98,14.477,19,17,6,1715634.8,83,83,69,67,104,103,102,100,20.422,20.373,22.503,22.38,2371.406,93797,30337,0,4400,8483,4,7,0,0,0,28,23,14,0,13,9,FALSE,0,FALSE
611.7182,22.554,22.13,18.605,16.98,14.464,19,17,6,1714675.1,77,77,68,68,104,103,102,100,20.425,20.376,22.5,22.378,2393.988,93797,30337,0,4400,8483,4,7,0,0,0,28,23,14,0,13,9,FALSE,0,FALSE
612.71515,22.578,22.156,18.605,16.98,14.437,19,17,6,1708675.2,72,71,68,68,104,103,102,100,20.423,20.374,22.493,22.373,2446.641,93797,30337,0,4334,8450,4,7,0,0,0,28,23,14,0,13,9,FALSE,0,FALSE
613.2172,22.589,22.167,18.605,16.98,14.424,19,17,6,1701437.8,72,71,68,68,104,103,102,100,20.421,20.372,22.488,22.369,2476.066,93797,30337,0,4334,8450,4,7,0,0,0,28,23,14,0,13,9,FALSE,0,FALSE
613.7215,22.601,22.177,18.606,16.982,14.41,19,17,6,1698695.8,72,71,69,69,104,103,102,100,20.417,20.369,22.484,22.366,2508.277,93797,30337,0,4334,8433,4,7,0,0,0,28,23,14,0,13,9,FALSE,0,FALSE
614.21594,22.61,22.187,18.608,16.983,14.397,19,17,6,1690381.5,71,72,69,69,104,103,102,100,20.414,20.366,22.479,22.361,2539.73,93797,30337,0,4334,8433,4,7,0,0,0,28,23,14,0,13,9,FALSE,0,FALSE
615.22015,22.658,22.247,18.654,17.029,14.37,19,17,6,1675824.4,75,78,74,77,104,103,102,100,20.408,20.362,22.471,22.356,2608.543,93797,30337,0,4366,8466,4,7,0,0,0,28,23,14,0,13,9,FALSE,0,FALSE
615.72076,22.687,22.283,18.694,17.065,14.364,19,17,6,1693564.9,75,78,79,80,104,103,101,100,20.406,20.362,22.469,22.355,2643.48,93797,30337,0,4366,8500,4,7,0,0,0,28,23,14,0,13,9,FALSE,0,FALSE
616.2191,22.715,22.317,18.723,17.095,14.362,19,17,6,1720341.6,76,79,78,80,104,103,102,100,20.406,20.364,22.471,22.359,2672.871,93797,30337,0,4366,8500,4,7,0,0,0,28,23,14,0,13,9,FALSE,0,FALSE
616.7194,22.733,22.338,18.74,17.112,14.361,19,17,6,1744078.5,74,77,76,78,104,103,102,100,20.407,20.367,22.474,22.364,2695.188,93797,30337,0,4433,8533,4,7,0,0,0,28,23,14,0,13,9,FALSE,0,FALSE
617.2179,22.746,22.354,18.753,17.124,14.361,19,17,6,1764229.2,73,76,75,77,104,103,102,100,20.409,20.371,22.478,22.369,2712.578,93797,30337,0,4433,8583,4,7,0,0,0,28,23,14,0,13,9,FALSE,0,FALSE
617.71686,22.755,22.366,18.766,17.141,14.361,19,17,6,1778705.5,72,75,75,79,104,103,102,100,20.41,20.374,22.481,22.375,2726.715,93797,30337,0,4433,8583,4,7,0,0,0,28,23,14,0,13,9,FALSE,0,FALSE
618.2141,22.765,22.379,18.785,17.167,14.361,19,17,6,1788394.4,72,76,78,86,104,103,102,100,20.411,20.377,22.485,22.382,2737.605,93797,30337,0,4450,8583,4,7,0,0,0,28,23,14,0,13,9,FALSE,0,FALSE
618.7167,22.774,22.388,18.801,17.198,14.361,19,17,6,1793704.6,73,75,80,92,104,103,102,100,20.412,20.38,22.49,22.392,2757.703,93797,30337,0,4450,8583,4,7,0,0,0,28,23,14,0,13,9,FALSE,0,FALSE
619.21594,22.785,22.403,18.815,17.216,14.358,19,17,6,1799031.5,74,78,79,89,104,104,102,100,20.414,20.383,22.495,22.403,2770.707,93797,30337,0,4300,8500,4,7,0,0,0,28,23,14,0,13,9,FALSE,0,FALSE
619.7183,22.796,22.416,18.819,17.22,14.353,19,17,6,1804601.9,74,78,74,81,104,104,102,100,20.415,20.387,22.498,22.41,2781.48,93797,30337,0,4300,8500,4,7,0,0,0,28,23,14,0,13,9,FALSE,0,FALSE
620.21716,22.806,22.425,18.819,17.221,14.345,19,17,6,1808235.4,74,75,70,74,104,104,102,101,20.416,20.39,22.499,22.414,2794.758,93797,30337,0,4300,8500,4,7,0,0,0,28,23,14,0,13,9,FALSE,0,FALSE
620.7171,22.825,22.443,18.819,17.221,14.335,19,17,6,1812091.9,77,78,68,70,104,104,102,101,20.418,20.392,22.498,22.415,2810.617,93797,30337,0,4300,8500,4,7,0,0,0,28,23,14,0,13,9,FALSE,0,FALSE
621.1812,22.859,22.476,18.819,17.221,14.324,19,17,6,1821542.4,84,84,67,68,104,104,102,101,20.422,20.396,22.497,22.414,2827.867,93797,30337,0,4300,8500,4,7,0,0,0,28,23,14,0,13,9,FALSE,0,FALSE
621.71655,22.879,22.496,18.819,17.221,14.311,19,17,6,1818364.1,77,77,67,67,104,104,102,101,20.426,20.4,22.494,22.413,2850.449,93797,30337,0,4267,8500,4,7,0,0,0,28,23,14,0,13,9,FALSE,0,FALSE
622.2147,22.895,22.512,18.819,17.221,14.297,19,17,6,1813635.4,74,74,68,68,104,104,102,101,20.427,20.401,22.492,22.411,2874.438,93797,30337,0,4267,8500,4,7,0,0,0,28,23,14,0,13,9,FALSE,0,FALSE
622.7167,22.908,22.526,18.821,17.222,14.284,19,17,6,1813301.6,72,73,68,69,104,104,102,100,20.426,20.401,22.489,22.409,2900.816,93797,30337,0,4216,8483,4,7,0,0,0,28,23,14,0,13,9,FALSE,0,FALSE
623.21564,22.918,22.537,18.821,17.222,14.27,19,17,6,1806438.1,72,72,68,69,104,104,102,100,20.424,20.4,22.485,22.406,2929.289,93797,30337,0,4216,8483,4,7,0,0,0,28,23,14,0,13,9,FALSE,0,FALSE
623.7184,22.928,22.547,18.821,17.222,14.258,19,17,6,1804161.5,72,71,69,69,104,104,102,100,20.422,20.398,22.482,22.403,2959.801,93797,30337,0,4217,8483,4,7,0,0,0,28,23,14,0,13,9,FALSE,0,FALSE
624.2184,22.936,22.555,18.821,17.222,14.244,19,17,6,1795703.5,71,71,69,69,104,104,102,100,20.42,20.396,22.478,22.399,2991.984,93797,30337,0,4217,8483,4,7,0,0,0,28,23,14,0,13,9,FALSE,0,FALSE
624.7153,22.945,22.563,18.821,17.222,14.23,19,17,6,1787059.8,71,71,69,69,104,104,102,100,20.416,20.393,22.473,22.395,3025.699,93797,30337,0,4216,8483,4,7,0,0,0,28,23,14,0,13,9,FALSE,0,FALSE
625.2165,22.952,22.571,18.821,17.222,14.216,19,17,6,1778416,71,71,70,69,104,104,101,100,20.413,20.39,22.468,22.391,3060.762,93797,30337,0,4216,8483,4,7,0,0,0,28,23,14,0,13,9,FALSE,0,FALSE
626.21497,22.967,22.586,18.821,17.222,14.19,19,17,6,1766607,71,71,70,69,104,104,101,100,20.405,20.382,22.457,22.38,3133.953,93797,30337,0,4233,8533,4,7,0,0,0,28,23,14,0,13,9,FALSE,0,FALSE
626.7196,22.975,22.593,18.821,17.222,14.176,19,17,6,1757963.2,72,72,70,70,104,103,101,100,20.401,20.378,22.45,22.375,3171.961,93797,30337,0,4316,8550,4,7,0,0,0,28,23,14,0,13,9,FALSE,0,FALSE
627.2202,22.982,22.6,18.821,17.222,14.162,19,17,6,1749319.5,72,72,70,70,104,103,101,100,20.396,20.373,22.444,22.368,3210.809,93797,30337,0,4316,8550,4,7,0,0,0,28,23,14,0,13,9,FALSE,0,FALSE
627.7182,22.989,22.607,18.821,17.222,14.148,19,17,6,1740675.8,72,72,70,70,104,103,101,100,20.391,20.368,22.437,22.362,3250.375,93797,30337,0,4366,8566,4,7,0,0,0,28,23,14,0,13,9,FALSE,0,FALSE
628.7178,23.003,22.621,18.822,17.222,14.122,19,17,6,1728778.4,72,72,70,70,103,103,101,99,20.38,20.358,22.421,22.348,3331.109,93797,30337,0,4366,8616,4,7,0,0,0,28,23,14,0,13,9,FALSE,0,FALSE
629.2139,23.016,22.634,18.836,17.238,14.111,19,17,6,1736928.4,73,73,74,74,103,103,101,99,20.374,20.353,22.415,22.341,3371.242,93797,30337,0,4450,8617,4,7,0,0,0,28,23,14,0,13,9,FALSE,0,FALSE
629.7177,23.042,22.659,18.867,17.27,14.109,19,17,6,1767408.9,74,74,77,77,103,103,101,99,20.374,20.352,22.417,22.345,3403.723,93797,30337,0,4450,8650,4,7,0,0,0,28,23,14,0,13,9,FALSE,0,FALSE
630.21967,23.061,22.684,18.897,17.301,14.109,19,17,6,1792254.6,73,78,79,81,103,103,101,100,20.375,20.354,22.423,22.351,3428.855,93797,30337,0,4500,8650,4,7,0,0,0,28,23,14,0,13,9,FALSE,0,FALSE
630.71893,23.086,22.716,18.929,17.343,14.109,19,17,6,1804404.6,75,80,80,87,103,103,101,100,20.377,20.359,22.429,22.359,3450.344,93797,30337,0,4500,8700,4,7,0,0,0,28,23,14,0,13,9,FALSE,0,FALSE
631.2186,23.107,22.752,18.973,17.389,14.106,19,17,6,1812315,74,86,86,88,103,103,101,100,20.379,20.364,22.436,22.369,3474.812,93797,30337,0,4500,8716,4,7,0,0,0,28,23,14,0,13,9,FALSE,0,FALSE
631.72015,23.138,22.788,19,17.43,14.101,19,17,6,1819462.9,78,84,81,88,104,103,101,100,20.382,20.371,22.442,22.379,3498.523,93797,30337,0,4516,8716,4,7,0,0,0,28,23,14,0,13,9,FALSE,0,FALSE
632.2199,23.154,22.807,19.015,17.448,14.092,19,17,6,1825973,75,79,76,81,104,103,101,100,20.383,20.375,22.446,22.385,3519.836,93797,30337,0,4516,8716,4,7,0,0,0,28,23,14,0,13,9,FALSE,0,FALSE
632.71655,23.18,22.84,19.04,17.476,14.082,19,17,6,1832482.8,77,82,77,81,104,103,101,100,20.385,20.379,22.449,22.39,3541.738,93797,30337,0,4517,8716,4,7,0,0,0,28,23,14,0,13,9,FALSE,0,FALSE
633.21985,23.211,22.876,19.059,17.496,14.07,19,17,6,1837136,78,83,75,78,104,104,101,100,20.387,20.383,22.451,22.394,3564.711,93797,30337,0,4517,8733,4,7,0,0,0,28,23,14,0,13,9,FALSE,0,FALSE
633.71405,23.244,22.912,19.078,17.517,14.056,19,17,6,1831662.6,79,83,75,78,104,104,101,100,20.388,20.387,22.451,22.396,3589.5,93797,30337,0,4517,8733,4,7,0,0,0,28,23,14,0,13,9,FALSE,0,FALSE
634.2151,23.283,22.958,19.105,17.545,14.043,19,17,6,1831170.5,79,84,76,79,104,104,101,100,20.39,20.391,22.452,22.399,3616.109,93797,30337,0,4517,8733,4,7,0,0,0,28,23,14,0,13,9,FALSE,0,FALSE
634.71643,23.317,22.997,19.129,17.569,14.029,19,17,6,1824056.9,77,81,75,77,104,104,101,100,20.391,20.394,22.452,22.4,3644.473,93797,30337,0,4516,8717,4,7,0,0,0,28,23,14,0,13,9,FALSE,0,FALSE
635.21765,23.341,23.027,19.148,17.587,14.015,19,17,6,1816218.2,74,78,74,75,104,104,101,100,20.39,20.396,22.451,22.4,3674.809,93797,30337,0,4516,8717,4,7,0,0,0,28,23,14,0,13,9,FALSE,0,FALSE
635.71826,23.361,23.052,19.161,17.599,14.003,19,17,6,1813406,72,75,71,72,104,104,101,100,20.388,20.396,22.449,22.398,3706.809,93797,30337,0,4516,8683,4,7,0,0,0,28,23,14,0,13,9,FALSE,0,FALSE
636.21765,23.374,23.063,19.168,17.606,13.989,19,17,6,1804762.2,74,73,73,71,104,104,101,100,20.385,20.393,22.445,22.395,3740.238,93797,30337,0,4550,8683,4,7,0,0,0,28,23,14,0,13,9,FALSE,0,FALSE
636.71484,23.437,23.116,19.244,17.674,13.975,19,17,6,1796118.5,87,83,91,85,104,104,101,100,20.385,20.392,22.446,22.394,3774.48,93797,30337,0,4550,8684,4,7,0,0,0,28,23,14,0,13,9,FALSE,0,FALSE
637.2175,23.531,23.197,19.356,17.771,13.961,19,17,6,1787474.8,91,85,96,89,104,104,101,100,20.391,20.394,22.451,22.397,3809.316,93797,30337,0,4550,8684,4,7,0,0,0,28,23,14,0,13,9,FALSE,0,FALSE
637.7196,23.616,23.27,19.466,17.867,13.947,19,17,6,1778831,89,84,96,89,104,104,101,100,20.395,20.396,22.456,22.399,3844.746,93797,30337,0,4584,8700,4,7,0,0,0,28,23,14,0,13,9,FALSE,0,FALSE
638.21625,23.707,23.346,19.572,17.961,13.934,19,17,6,1770187.2,91,85,95,89,104,104,101,100,20.399,20.397,22.46,22.401,3880.434,93797,30337,0,4584,8700,4,7,0,0,0,28,23,14,0,13,9,FALSE,0,FALSE
638.7203,23.788,23.415,19.65,18.03,13.92,19,17,6,1761543.5,85,81,87,82,104,104,101,100,20.403,20.399,22.462,22.402,3916.168,93797,30337,0,4633,8733,4,7,0,0,0,28,23,14,0,13,9,FALSE,0,FALSE
639.2203,23.837,23.455,19.698,18.076,13.907,19,17,6,1758348.2,82,78,82,79,104,104,101,100,20.402,20.396,22.461,22.399,3951.691,93797,30337,0,4633,8766,4,7,0,0,0,28,23,14,0,13,9,FALSE,0,FALSE
639.7124,23.87,23.482,19.721,18.099,13.893,19,17,6,1749704.5,75,73,74,72,104,104,101,100,20.4,20.392,22.457,22.394,3987.371,93797,30337,0,4633,8766,4,7,0,0,0,28,23,14,0,13,9,FALSE,0,FALSE
640.21765,23.879,23.489,19.721,18.099,13.88,19,17,6,1741060.8,72,72,70,70,104,104,101,100,20.394,20.386,22.45,22.387,4024.258,93797,30337,40890,4667,8800,4,7,0,0,0,28,23,14,0,13,9,FALSE,0,FALSE
641.2195,23.945,23.544,19.81,18.181,13.874,19,17,6,1794581.2,83,78,92,85,104,104,101,100,20.392,20.382,22.453,22.389,4084.168,93797,30337,40890,4650,8817,4,7,0,0,0,28,23,14,0,13,9,FALSE,0,FALSE
641.71875,23.994,23.581,19.899,18.253,13.874,19,17,6,1814482.6,86,79,103,93,104,104,101,100,20.398,20.385,22.465,22.398,4106.305,93797,30337,40890,4650,8817,4,7,0,0,0,28,23,14,0,13,9,FALSE,0,FALSE
642.7153,24.044,23.619,20.03,18.351,13.87,19,17,6,1840444.1,81,76,104,91,104,104,102,101,20.407,20.389,22.493,22.418,4144.395,93797,30337,40890,4567,8767,4,7,0,0,0,28,23,14,0,13,9,FALSE,0,FALSE
643.2106,24.072,23.643,20.067,18.377,13.863,19,17,6,1846870,83,79,95,84,104,104,102,101,20.411,20.391,22.505,22.425,4164.211,93797,30337,40890,4567,8767,4,7,0,0,0,28,23,14,0,13,9,FALSE,0,FALSE
643.71515,24.116,23.682,20.093,18.397,13.854,19,17,6,1853423.1,89,84,86,78,104,104,102,101,20.416,20.394,22.513,22.429,4183.328,93797,30337,40890,4684,8767,4,7,0,0,0,28,23,14,0,13,9,FALSE,0,FALSE
644.2179,24.138,23.703,20.099,18.403,13.843,19,17,6,1852735.4,80,78,77,73,104,104,102,101,20.42,20.397,22.516,22.43,4203.766,93797,30337,40890,4684,8900,4,7,0,0,0,28,23,14,0,13,9,FALSE,0,FALSE
644.7142,24.212,23.776,20.114,18.417,13.829,19,17,6,1852046.2,98,95,76,72,104,104,102,101,20.426,20.402,22.516,22.43,4226.684,93797,30337,40890,4684,8933,4,7,0,0,0,28,23,14,0,13,9,FALSE,0,FALSE
645.2155,24.298,23.855,20.118,18.422,13.816,19,17,6,1853405.4,91,89,71,72,105,104,102,101,20.439,20.413,22.515,22.428,4251.891,93797,30337,40890,4716,8933,4,7,0,0,0,28,23,14,0,13,9,FALSE,0,FALSE
645.7183,24.323,23.882,20.121,18.425,13.803,19,17,6,1847232.9,77,76,70,70,105,104,102,101,20.442,20.416,22.512,22.426,4279.242,93797,30337,40890,4716,8933,4,7,0,0,0,28,23,14,0,13,9,FALSE,0,FALSE
646.2189,24.333,23.892,20.121,18.425,13.789,19,17,6,1839993.2,72,72,69,69,105,104,102,101,20.44,20.414,22.509,22.423,4308.73,93797,30337,40890,4750,8983,4,7,0,0,0,28,23,14,0,13,9,FALSE,0,FALSE
646.7178,24.342,23.901,20.121,18.425,13.776,19,17,6,1837378.6,72,72,69,69,105,104,102,101,20.436,20.411,22.504,22.419,4339.957,93797,30337,40890,4750,8983,4,7,0,0,0,28,23,14,0,13,9,FALSE,0,FALSE
647.2159,24.351,23.909,20.121,18.425,13.762,19,17,6,1828771.5,72,72,69,69,104,104,102,101,20.432,20.407,22.499,22.414,4372.75,93797,30337,40890,4766,8983,4,7,0,0,0,28,23,14,0,13,9,FALSE,0,FALSE
647.7195,24.359,23.917,20.121,18.425,13.749,19,17,6,1820127.8,71,71,69,69,104,104,102,100,20.428,20.403,22.494,22.409,4407,93797,30337,40890,4784,9000,4,7,0,0,0,28,23,14,0,13,9,FALSE,0,FALSE
648.2173,24.367,23.925,20.121,18.425,13.735,19,17,6,1811484,71,71,70,69,104,104,102,100,20.423,20.398,22.488,22.404,4442.535,93797,30337,40890,4784,9000,4,7,0,0,0,28,23,14,0,13,9,FALSE,0,FALSE
648.71735,24.374,23.933,20.121,18.425,13.721,19,17,6,1802840.2,71,71,70,69,104,104,102,100,20.418,20.393,22.482,22.398,4479.188,93797,30337,40890,4784,9050,4,7,0,0,0,28,23,14,0,13,9,FALSE,0,FALSE
649.2184,24.381,23.94,20.121,18.425,13.708,19,17,6,1799957.4,71,71,70,70,104,104,102,100,20.412,20.388,22.475,22.392,4516.715,93797,30337,40890,4783,9050,4,7,0,0,0,28,23,14,0,13,9,FALSE,0,FALSE
649.7133,24.388,23.948,20.121,18.425,13.694,19,17,6,1791313.6,71,71,70,69,104,104,101,100,20.406,20.382,22.468,22.385,4555.152,93797,30337,40890,4783,9083,4,7,0,0,0,28,23,14,0,13,9,FALSE,0,FALSE
650.21497,24.395,23.955,20.121,18.425,13.68,19,17,6,1782669.9,72,72,70,70,104,103,101,100,20.4,20.376,22.461,22.379,4594.426,93797,30337,40890,4816,9083,4,7,0,0,0,28,23,14,0,13,9,FALSE,0,FALSE
650.71783,24.402,23.962,20.121,18.425,13.667,19,17,6,1774026.1,72,72,70,70,104,103,101,100,20.394,20.371,22.453,22.371,4634.441,93797,30337,40890,4816,9100,5,7,0,0,0,28,23,14,0,13,9,FALSE,0,FALSE
651.2166,24.408,23.968,20.121,18.425,13.654,19,17,6,1770818.8,73,73,71,71,104,103,101,100,20.388,20.365,22.445,22.364,4675.023,93797,30337,40890,0,9100,5,7,0,0,0,28,23,14,0,13,9,FALSE,0,FALSE
651.7176,24.415,23.975,20.121,18.425,13.64,19,17,6,1762175,72,73,71,70,104,103,101,100,20.382,20.358,22.437,22.356,4716.043,93797,30337,40890,17,9083,5,7,0,0,0,28,23,14,0,13,9,FALSE,0,FALSE
652.21387,24.421,23.982,20.121,18.425,13.626,19,17,6,1753531.2,73,73,71,71,103,103,101,99,20.375,20.352,22.429,22.348,4757.496,93797,30337,40890,50,9100,5,7,0,0,0,28,23,14,0,13,9,FALSE,0,FALSE
652.7148,24.429,23.989,20.121,18.425,13.613,19,17,6,1744887.5,73,72,71,70,103,103,101,99,20.368,20.345,22.42,22.34,4799.336,93797,30337,40890,50,9100,5,7,0,0,0,28,23,14,0,13,9,FALSE,0,FALSE
653.2191,24.473,24.027,20.246,18.45,13.608,19,17,6,1772718,78,75,96,73,103,103,101,99,20.365,20.342,22.421,22.337,4837.93,93797,30337,40890,67,9084,5,7,0,0,0,28,23,14,0,13,9,FALSE,0,FALSE
653.7176,24.5,24.044,20.261,18.463,13.607,19,17,6,1802655.1,74,73,76,72,103,103,101,99,20.365,20.342,22.427,22.34,4868.387,93797,30337,40890,84,9084,5,7,0,0,0,28,23,14,0,13,9,FALSE,0,FALSE
654.21356,24.522,24.059,20.273,18.474,13.607,19,17,6,1827681.4,75,72,75,72,103,103,101,99,20.367,20.343,22.431,22.344,4892.391,93797,30337,40890,84,9150,5,7,0,0,0,28,23,14,0,13,9,FALSE,0,FALSE
654.7141,24.546,24.079,20.303,18.499,13.607,19,17,6,1847429.4,79,75,83,77,103,103,101,99,20.37,20.345,22.436,22.349,4911.32,93797,30337,40890,84,9150,5,7,0,0,0,28,23,14,0,13,9,FALSE,0,FALSE
655.21497,24.572,24.097,20.327,18.517,13.606,19,17,6,1856669.1,81,75,83,76,103,103,101,100,20.376,20.348,22.444,22.355,4926.41,93797,30337,40890,150,9150,5,7,0,0,0,28,23,14,0,13,9,FALSE,0,FALSE
655.7162,24.583,24.108,20.344,18.527,13.602,19,17,6,1863118.2,79,73,83,76,103,103,101,100,20.379,20.349,22.45,22.358,4949.504,93797,30337,40890,150,9150,5,7,0,0,0,28,23,14,0,13,9,FALSE,0,FALSE
656.2162,24.614,24.134,20.367,18.545,13.596,19,17,6,1869519.5,83,78,83,76,104,103,101,100,20.385,20.353,22.457,22.363,4967.211,93797,30337,40890,150,9150,5,7,0,0,0,28,23,14,0,13,9,FALSE,0,FALSE
657.2139,24.667,24.183,20.39,18.565,13.577,19,17,6,1879630,84,81,76,71,104,103,101,100,20.395,20.359,22.466,22.368,5004.172,93797,30337,40890,216,9216,5,7,0,0,0,28,23,14,0,13,9,FALSE,0,FALSE
657.71716,24.689,24.205,20.394,18.569,13.565,19,17,6,1878982.1,78,77,72,69,104,103,101,100,20.399,20.363,22.467,22.369,5025.391,93797,30337,40890,184,9216,5,7,0,0,0,28,23,14,0,13,9,FALSE,0,FALSE
658.213,24.728,24.244,20.405,18.579,13.551,19,17,6,1873945.4,82,80,73,70,104,103,101,100,20.402,20.366,22.467,22.369,5048.945,93797,30337,40890,184,9216,5,7,0,0,0,28,23,14,0,13,9,FALSE,0,FALSE
658.7147,24.747,24.26,20.409,18.583,13.538,19,17,6,1873455.5,74,73,70,68,104,103,101,100,20.404,20.367,22.466,22.368,5075.57,93797,30337,40890,183,9216,5,7,0,0,0,28,23,14,0,13,9,FALSE,0,FALSE
659.21423,24.759,24.272,20.409,18.584,13.524,19,17,6,1866305.6,72,71,68,68,104,103,101,100,20.403,20.366,22.464,22.366,5104.84,93797,30337,40890,183,9233,5,7,0,0,0,28,23,14,0,13,9,FALSE,0,FALSE
659.7109,24.768,24.282,20.41,18.584,13.511,19,17,6,1863816.4,72,70,68,69,104,103,101,100,20.401,20.364,22.461,22.364,5136.066,93797,30337,40890,183,9233,5,7,0,0,0,28,23,14,0,13,9,FALSE,0,FALSE
660.2142,24.777,24.291,20.41,18.584,13.498,19,17,6,1855198.8,72,71,69,69,104,103,101,100,20.399,20.362,22.457,22.361,5168.938,93797,30337,40890,183,9233,5,7,0,0,0,28,23,14,0,13,9,FALSE,0,FALSE
660.7118,24.785,24.3,20.41,18.585,13.484,19,17,6,1846555,72,71,69,70,104,103,101,100,20.396,20.359,22.453,22.358,5203.375,93797,30337,40890,183,9233,5,7,0,0,0,28,23,14,0,13,9,FALSE,0,FALSE
661.21576,24.793,24.307,20.41,18.585,13.47,19,17,6,1837911.2,72,71,70,69,104,103,101,100,20.393,20.356,22.449,22.354,5239.102,93797,30337,40890,166,9233,5,7,0,0,0,28,23,14,0,13,9,FALSE,0,FALSE
661.71564,24.802,24.315,20.414,18.589,13.457,19,17,6,1834922.4,73,72,72,71,104,103,101,99,20.389,20.353,22.444,22.35,5275.82,93797,30337,40890,166,9233,5,7,0,0,0,28,23,14,0,13,9,FALSE,0,FALSE
662.21204,24.831,24.338,20.44,18.616,13.443,19,17,6,1828944.1,76,73,78,75,104,103,101,99,20.387,20.35,22.44,22.346,5313.062,93797,30337,40890,167,9233,4,7,0,0,0,28,23,14,0,13,9,FALSE,0,FALSE
662.70966,24.864,24.373,20.482,18.664,13.44,19,17,6,1843075.4,76,79,79,82,104,103,101,99,20.387,20.35,22.442,22.348,5346.594,93797,30337,40890,167,9233,4,7,0,0,0,28,23,14,0,13,9,FALSE,0,FALSE
663.20905,24.894,24.408,20.496,18.679,13.427,19,17,6,1818107.9,73,74,71,72,104,103,101,99,20.387,20.351,22.442,22.35,5379.918,93797,30337,40890,167,9233,4,7,0,0,0,28,23,14,0,13,9,FALSE,0,FALSE
663.7098,24.904,24.418,20.496,18.679,13.414,19,17,7,1760492.9,71,71,70,69,104,103,101,99,20.384,20.349,22.439,22.348,5.82,94891,0,0,4317,9233,4,8,0,0,0,28,23,14,0,13,9,FALSE,0,FALSE
664.20575,24.915,24.429,20.496,18.679,13.4,19,17,7,1702877.9,71,71,70,70,103,103,101,99,20.38,20.345,22.436,22.345,42.371,94891,0,0,4317,9233,4,8,0,0,0,28,23,14,0,13,9,FALSE,0,FALSE
664.71136,24.925,24.439,20.496,18.679,13.386,19,17,7,1645262.9,71,71,70,70,103,103,101,99,20.376,20.341,22.432,22.341,80.43,94891,0,0,4317,9233,4,8,0,0,0,28,23,14,0,13,9,FALSE,0,FALSE
665.2108,24.934,24.449,20.496,18.679,13.373,19,17,7,1587647.9,71,71,70,70,103,103,101,99,20.371,20.337,22.427,22.337,119.832,94891,0,0,4317,9233,2,8,0,0,0,28,23,14,0,13,9,FALSE,0,FALSE
665.70935,24.943,24.457,20.496,18.679,13.36,19,17,7,1535505.6,71,71,70,70,103,103,101,99,20.366,20.333,22.422,22.333,160.285,94891,0,0,0,0,1,8,0,0,0,28,23,14,0,13,9,FALSE,0,FALSE
666.21356,24.952,24.466,20.496,18.679,13.346,19,17,7,1477890.6,71,71,70,70,103,103,101,99,20.361,20.328,22.416,22.328,201.75,94891,0,0,0,0,1,8,0,0,0,28,23,14,0,13,9,FALSE,0,FALSE
666.70874,24.962,24.475,20.497,18.68,13.332,19,17,7,1420275.6,70,70,70,69,103,102,101,99,20.356,20.322,22.41,22.322,244.184,94891,0,0,0,0,1,8,0,0,0,28,23,14,0,13,9,FALSE,0,FALSE
667.2161,24.971,24.484,20.497,18.681,13.318,19,17,7,1362660.6,71,71,71,71,103,102,100,99,20.35,20.316,22.404,22.316,287.449,94891,0,0,0,0,1,8,0,0,0,28,23,14,0,13,9,FALSE,0,FALSE
667.71643,24.98,24.493,20.497,18.681,13.305,19,17,7,1306678,71,71,71,71,103,102,100,99,20.344,20.31,22.397,22.31,331.465,94891,0,0,0,0,1,8,0,0,0,28,23,14,0,13,9,FALSE,0,FALSE
669.21564,25,24.512,20.498,18.681,13.263,19,17,7,1280772.2,71,70,71,70,102,102,100,98,20.323,20.29,22.374,22.288,465.754,94891,0,0,0,0,1,8,0,0,0,28,23,14,0,13,9,FALSE,0,FALSE
669.71277,25.007,24.518,20.498,18.681,13.249,19,17,7,1272296.5,71,70,71,71,102,102,100,98,20.315,20.283,22.365,22.28,510.996,94891,0,0,0,0,1,8,0,0,0,28,23,14,0,13,9,FALSE,0,FALSE
670.2121,25.013,24.524,20.498,18.681,13.236,19,17,7,1263965,71,71,71,71,102,102,100,98,20.307,20.275,22.357,22.272,556.441,94891,0,0,0,0,1,8,0,0,0,28,23,14,0,13,9,FALSE,0,FALSE
670.71576,25.019,24.531,20.498,18.681,13.222,19,17,7,1256238.9,71,71,71,70,102,101,99,98,20.299,20.267,22.348,22.263,602,94891,0,0,0,0,1,8,0,0,0,28,23,14,0,13,9,FALSE,0,FALSE
671.21674,25.047,24.558,20.534,18.717,13.218,19,17,7,1291174.4,74,74,76,76,102,101,99,98,20.295,20.264,22.347,22.263,642.695,94891,0,0,0,0,1,8,0,0,0,28,23,14,0,13,9,FALSE,0,FALSE
671.71295,25.075,24.585,20.562,18.745,13.217,19,17,7,1322205.8,75,75,77,76,102,101,100,98,20.297,20.266,22.353,22.269,674.016,94891,0,0,0,0,1,8,0,0,0,28,23,14,0,13,9,FALSE,0,FALSE
672.2162,25.093,24.604,20.575,18.758,13.216,19,17,7,1347153.9,73,73,74,73,102,101,100,98,20.3,20.27,22.36,22.276,697.52,94891,0,0,0,0,1,8,0,0,0,28,23,14,0,13,9,FALSE,0,FALSE
673.2131,25.14,24.645,20.632,18.804,13.216,19,17,7,1382480.6,82,78,89,81,102,102,100,98,20.31,20.278,22.376,22.29,728.086,94891,0,0,0,0,1,8,0,0,0,28,23,14,0,13,9,FALSE,0,FALSE
673.7103,25.164,24.665,20.678,18.837,13.216,19,17,7,1393462.1,84,80,100,88,102,102,100,99,20.319,20.285,22.39,22.301,740.445,94891,0,0,0,0,1,8,0,0,0,28,23,14,0,13,9,FALSE,0,FALSE
674.21564,25.17,24.67,20.701,18.852,13.215,19,17,7,1398645.4,79,75,98,85,102,102,100,99,20.326,20.291,22.406,22.312,754.398,94891,0,0,0,0,1,8,0,0,0,28,23,14,0,13,9,FALSE,0,FALSE
674.712,25.177,24.676,20.71,18.858,13.213,19,17,7,1403001,76,73,90,80,103,102,101,99,20.331,20.295,22.419,22.321,763.758,94891,0,0,0,0,1,8,0,0,0,28,23,14,0,13,9,FALSE,0,FALSE
675.21234,25.186,24.685,20.714,18.861,13.209,19,17,7,1407013.5,76,73,82,75,103,102,101,99,20.335,20.297,22.428,22.328,773.426,94891,0,0,0,0,1,8,0,0,0,28,23,14,0,13,9,FALSE,0,FALSE
676.21466,25.209,24.713,20.716,18.864,13.193,19,17,7,1413744,75,75,71,70,103,102,101,99,20.343,20.305,22.437,22.335,799.184,94891,0,0,0,0,1,8,0,0,0,28,23,14,0,13,9,FALSE,0,FALSE
676.7106,25.225,24.73,20.719,18.868,13.183,19,17,7,1421046.5,76,76,69,70,103,102,101,99,20.346,20.309,22.439,22.337,815.797,94891,0,0,0,0,1,8,0,0,0,28,23,14,0,13,9,FALSE,0,FALSE
677.7119,25.268,24.779,20.744,18.895,13.163,19,17,7,1438937.9,79,83,74,76,103,102,101,99,20.352,20.317,22.441,22.342,861.109,94891,0,0,0,0,1,8,0,0,0,28,23,14,0,13,9,FALSE,0,FALSE
678.21533,25.306,24.824,20.757,18.909,13.152,19,17,7,1444339.1,80,86,73,74,103,102,101,99,20.357,20.324,22.442,22.345,882.105,94891,0,0,0,0,1,8,0,0,0,28,23,14,0,13,9,FALSE,0,FALSE
678.7124,25.335,24.852,20.765,18.916,13.138,19,17,7,1439545.1,79,80,71,73,103,103,101,99,20.361,20.33,22.443,22.347,906.07,94891,0,0,0,0,1,8,0,0,0,28,23,14,0,13,9,FALSE,0,FALSE
679.21277,25.354,24.873,20.768,18.919,13.126,19,17,7,1439525.9,77,75,69,71,103,103,101,99,20.363,20.332,22.441,22.347,932.809,94891,0,0,0,0,1,8,0,0,0,28,23,14,0,13,9,FALSE,0,FALSE
680.21594,25.391,24.907,20.777,18.929,13.099,19,17,7,1430627.8,74,72,71,69,103,103,101,99,20.363,20.333,22.438,22.343,993.277,94891,0,0,0,0,1,8,0,0,0,28,23,14,0,13,9,FALSE,0,FALSE
680.7141,25.41,24.922,20.787,18.94,13.086,19,17,7,1422429.2,74,73,73,70,103,103,101,99,20.363,20.331,22.436,22.341,1024.262,94891,0,0,0,0,1,8,0,0,0,28,23,14,0,13,9,FALSE,0,FALSE
681.2122,25.436,24.943,20.802,18.954,13.072,19,17,7,1413797.9,74,72,72,70,103,103,101,99,20.363,20.331,22.434,22.339,1057.059,94891,0,0,0,0,1,8,0,0,0,28,23,14,0,13,9,FALSE,0,FALSE
682.21545,25.453,24.959,20.802,18.954,13.045,19,17,7,1401821.2,71,71,69,69,103,102,101,99,20.358,20.325,22.425,22.331,1126.555,94891,0,0,0,0,1,8,0,0,0,28,23,14,0,13,9,FALSE,0,FALSE
682.71277,25.461,24.967,20.802,18.954,13.032,19,17,7,1393177.5,72,71,70,70,103,102,101,99,20.354,20.322,22.42,22.327,1162.84,94891,0,0,0,0,1,8,0,0,0,28,23,14,0,13,9,FALSE,0,FALSE
683.2129,25.469,24.975,20.802,18.954,13.018,19,17,7,1384533.8,72,71,70,70,103,102,101,99,20.351,20.318,22.414,22.322,1200.086,94891,0,0,0,0,1,8,0,0,0,28,23,14,0,13,9,FALSE,0,FALSE
683.7162,25.477,24.982,20.802,18.954,13.004,19,17,7,1375890,72,72,70,70,103,102,100,99,20.347,20.315,22.408,22.316,1238.211,94891,0,0,0,0,1,8,0,0,0,28,23,14,0,13,9,FALSE,0,FALSE
684.21344,25.484,24.989,20.802,18.954,12.99,19,17,7,1367246.2,72,72,70,70,103,102,100,99,20.342,20.311,22.402,22.31,1277.117,94891,0,0,0,0,1,8,0,0,0,28,23,14,0,13,9,FALSE,0,FALSE
684.71484,25.491,24.996,20.802,18.954,12.976,19,17,7,1358602.5,72,72,70,70,103,102,100,99,20.338,20.306,22.395,22.304,1316.707,94891,0,0,0,0,1,8,0,0,0,28,23,14,0,13,9,FALSE,0,FALSE
685.21436,25.498,25.004,20.802,18.954,12.963,19,17,7,1349958.8,72,72,70,70,103,102,100,99,20.332,20.301,22.388,22.297,1356.883,94891,0,0,0,0,1,8,0,0,0,28,23,14,0,13,9,FALSE,0,FALSE
685.7121,25.504,25.012,20.803,18.955,12.949,19,17,7,1342012.6,72,72,70,70,103,102,100,98,20.327,20.296,22.38,22.29,1397.566,94891,0,0,0,0,1,8,0,0,0,28,23,14,0,13,9,FALSE,0,FALSE
686.20844,25.528,25.033,20.834,18.981,12.946,19,17,7,1374411.4,73,73,75,73,102,102,100,98,20.325,20.295,22.38,22.29,1433.965,94891,0,0,0,0,1,8,0,0,0,28,23,14,0,13,9,FALSE,0,FALSE
686.71454,25.545,25.051,20.852,18.99,12.945,19,17,7,1403130.2,73,73,75,71,102,102,100,99,20.325,20.295,22.383,22.293,1462.902,94891,0,0,0,0,1,8,0,0,0,28,23,14,0,13,9,FALSE,0,FALSE
687.7156,25.586,25.081,20.9,19.032,12.944,19,17,7,1447419.1,80,75,86,80,103,102,100,99,20.33,20.299,22.394,22.303,1504.18,94891,0,0,0,0,1,8,0,0,0,28,23,14,0,13,9,FALSE,0,FALSE
688.2094,25.612,25.101,20.923,19.049,12.943,19,17,7,1455341.6,81,76,85,78,103,102,100,99,20.337,20.303,22.403,22.31,1518.719,94891,0,0,0,0,1,8,0,0,0,28,23,14,0,13,9,FALSE,0,FALSE
688.71436,25.631,25.11,20.948,19.076,12.942,19,17,7,1462972.4,83,72,86,82,103,102,100,99,20.342,20.305,22.41,22.315,1542.066,94891,0,0,0,0,1,8,0,0,0,28,23,14,0,13,9,FALSE,0,FALSE
689.2083,25.663,25.136,20.988,19.102,12.939,19,17,7,1470328.8,86,78,91,82,103,102,101,99,20.35,20.308,22.42,22.322,1565.707,94891,0,0,0,0,1,8,0,0,0,28,23,14,0,13,9,FALSE,0,FALSE
689.71344,25.688,25.157,21.01,19.119,12.933,19,17,7,1477752.8,84,78,87,79,103,102,101,99,20.357,20.313,22.429,22.328,1582.883,94891,0,0,0,0,1,8,0,0,0,28,23,14,0,13,9,FALSE,0,FALSE
690.21576,25.706,25.173,21.018,19.125,12.924,19,17,7,1485374.8,80,76,78,73,103,102,101,99,20.363,20.316,22.435,22.332,1600.246,94891,0,0,0,0,1,8,0,0,0,28,23,14,0,13,9,FALSE,0,FALSE
691.21594,25.747,25.217,21.026,19.134,12.902,19,17,7,1499632.1,81,80,71,69,103,102,101,99,20.369,20.321,22.438,22.334,1639.219,94891,0,0,0,0,1,8,0,0,0,28,23,14,0,13,9,FALSE,0,FALSE
691.7146,25.774,25.245,21.027,19.136,12.889,19,17,7,1495725.1,78,78,70,68,103,102,101,99,20.373,20.325,22.437,22.333,1662.73,94891,0,0,0,0,1,8,0,0,0,28,23,14,0,13,9,FALSE,0,FALSE
692.7144,25.818,25.281,21.028,19.137,12.862,19,17,7,1489605.2,75,72,68,69,103,102,101,99,20.375,20.326,22.434,22.329,1717.461,94891,0,0,0,0,1,8,0,0,0,28,23,14,0,13,9,FALSE,0,FALSE
693.21387,25.831,25.297,21.033,19.142,12.848,19,17,7,1482033.4,72,74,70,71,103,102,101,99,20.374,20.326,22.431,22.328,1747.594,94891,0,0,0,0,1,8,0,0,0,28,23,14,0,13,9,FALSE,0,FALSE
693.71234,25.845,25.314,21.043,19.15,12.835,19,17,7,1479251.9,72,74,71,72,103,102,101,99,20.372,20.325,22.428,22.326,1779.375,94891,0,0,0,0,1,8,0,0,0,28,23,14,0,13,9,FALSE,0,FALSE
694.21124,25.868,25.343,21.064,19.171,12.821,19,17,7,1470608.2,74,77,73,75,103,102,101,99,20.37,20.325,22.425,22.325,1813.328,94891,30455,0,0,0,1,8,0,0,0,28,23,14,0,13,9,FALSE,0,FALSE
694.71344,25.882,25.359,21.074,19.181,12.814,19,17,7,1481297.2,71,71,72,70,103,102,101,99,20.368,20.325,22.422,22.323,1848.371,94891,30455,0,0,0,1,8,0,0,0,28,23,14,0,13,9,FALSE,0,FALSE
695.21027,25.916,25.384,21.121,19.223,12.814,19,17,7,1511653.4,80,76,87,81,103,102,101,99,20.367,20.323,22.423,22.323,1878.555,94891,30455,0,0,0,1,8,0,0,0,28,23,14,0,13,9,FALSE,0,FALSE
695.7119,25.98,25.436,21.223,19.308,12.814,19,17,7,1536397.9,90,83,104,94,103,103,101,99,20.374,20.327,22.433,22.33,1905.668,94891,30455,0,0,0,1,8,0,0,0,28,23,14,0,13,9,FALSE,0,FALSE
696.21045,26.019,25.466,21.302,19.372,12.808,19,17,7,1543332.4,85,78,101,92,103,103,101,99,20.381,20.332,22.446,22.339,1930.594,94891,30455,0,0,0,1,8,0,0,0,28,23,14,0,13,9,FALSE,0,FALSE
696.708,26.066,25.504,21.34,19.401,12.8,19,17,7,1548832.5,87,81,88,81,104,103,101,99,20.386,20.335,22.454,22.345,1954.449,94891,30455,0,0,0,1,8,0,0,0,28,23,14,0,13,9,FALSE,0,FALSE
697.2129,26.098,25.531,21.352,19.413,12.788,19,17,7,1547274.4,78,76,75,74,104,103,101,99,20.392,20.337,22.457,22.346,1978.828,94891,30455,0,0,0,1,8,0,0,0,28,23,14,0,13,9,FALSE,0,FALSE
697.71124,26.121,25.558,21.371,19.436,12.777,19,17,7,1551070.1,75,77,73,77,104,103,101,99,20.392,20.339,22.456,22.347,2005.309,94891,30455,0,0,0,1,8,0,0,0,28,23,14,0,13,9,FALSE,0,FALSE
698.2108,26.174,25.629,21.409,19.483,12.765,19,17,7,1555768.8,83,92,78,84,104,103,101,99,20.393,20.343,22.455,22.348,2035.051,94891,30455,0,0,0,1,8,0,0,0,28,23,14,0,13,9,FALSE,0,FALSE
698.7137,26.293,25.764,21.443,19.522,12.754,19,17,7,1561027.1,101,107,76,80,104,103,101,100,20.402,20.356,22.456,22.351,2064.297,94891,30455,0,0,0,1,8,0,0,0,28,23,14,0,13,9,FALSE,0,FALSE
699.2134,26.319,25.792,21.458,19.538,12.741,19,17,7,1556419.8,78,81,75,77,104,103,101,99,20.406,20.362,22.453,22.35,2092.062,94891,30455,0,0,0,1,8,0,0,0,28,23,14,0,13,9,FALSE,0,FALSE
699.71344,26.387,25.873,21.505,19.594,12.731,19,17,7,1559943.9,89,92,80,83,104,103,101,100,20.407,20.366,22.452,22.351,2121.516,94891,30455,0,0,0,1,8,0,0,0,28,23,14,0,13,9,FALSE,0,FALSE
700.2147,26.424,25.912,21.516,19.604,12.72,19,17,7,1561245.9,78,80,71,70,104,103,101,99,20.409,20.369,22.45,22.35,2151.141,94891,30455,0,0,0,1,8,0,0,0,28,23,14,0,13,9,FALSE,0,FALSE
700.7117,26.458,25.954,21.532,19.618,12.706,19,17,7,1555086.6,77,80,73,74,104,103,101,99,20.41,20.371,22.446,22.346,2181.566,94891,30455,0,0,0,1,8,0,0,0,28,23,14,0,13,9,FALSE,0,FALSE
701.2162,26.476,25.974,21.554,19.641,12.704,19,17,7,1582242.6,74,74,75,75,104,103,101,99,20.409,20.371,22.446,22.347,2208.336,94891,30455,0,0,0,1,8,0,0,0,28,23,14,0,13,9,FALSE,0,FALSE
701.7144,26.497,25.996,21.569,19.658,12.703,19,17,7,1604683.5,76,74,76,74,104,103,101,100,20.41,20.373,22.449,22.351,2228.891,94891,30455,0,0,0,1,8,0,0,0,28,23,14,0,13,9,FALSE,0,FALSE
702.2149,26.507,26.003,21.584,19.67,12.702,19,17,7,1624122.6,74,71,78,75,104,103,101,100,20.412,20.374,22.453,22.354,2245.941,94891,30455,0,0,0,1,8,0,0,0,28,23,14,0,13,9,FALSE,0,FALSE
702.71313,26.524,26.015,21.612,19.691,12.702,19,17,7,1634748.8,77,73,84,77,104,103,101,100,20.413,20.374,22.459,22.359,2259.738,94891,30455,0,0,0,1,8,0,0,0,28,23,14,0,13,9,FALSE,0,FALSE
703.7138,26.55,26.036,21.69,19.746,12.702,19,17,7,1658650.6,77,73,100,87,104,103,102,100,20.419,20.376,22.479,22.371,2291.883,94891,30455,0,0,0,1,8,0,0,0,28,23,14,0,13,9,FALSE,0,FALSE
704.21454,26.566,26.048,21.705,19.759,12.699,19,17,7,1664039,80,74,92,82,104,103,102,100,20.422,20.377,22.49,22.378,2303.23,94891,30455,0,0,0,1,8,0,0,0,28,23,14,0,13,9,FALSE,0,FALSE
704.7159,26.579,26.06,21.711,19.764,12.694,19,17,7,1669923.9,79,74,83,77,104,103,102,100,20.425,20.378,22.498,22.383,2314.695,94891,30455,0,0,0,1,8,0,0,0,28,23,14,0,13,9,FALSE,0,FALSE
705.71436,26.62,26.106,21.716,19.769,12.676,19,17,7,1681539.2,81,81,72,69,104,104,102,100,20.432,20.384,22.502,22.386,2342.367,94891,30455,0,0,0,1,8,0,0,0,28,23,14,0,13,9,FALSE,0,FALSE
706.21454,26.646,26.132,21.717,19.77,12.664,19,17,7,1688249.6,82,82,70,67,105,104,102,100,20.435,20.388,22.502,22.385,2360.48,94891,30455,0,0,0,1,8,0,0,0,28,23,14,0,13,9,FALSE,0,FALSE
706.69995,26.676,26.164,21.717,19.771,12.652,19,17,7,1692917.9,81,80,68,67,105,104,102,100,20.439,20.392,22.5,22.383,2380.648,94891,30455,0,0,0,1,8,0,0,0,28,23,14,0,13,9,FALSE,0,FALSE
707.2117,26.694,26.186,21.717,19.771,12.638,19,17,7,1688664.4,76,76,68,68,105,104,102,100,20.441,20.394,22.497,22.38,2404.941,94891,30455,0,0,0,1,8,0,0,0,28,23,14,0,13,9,FALSE,0,FALSE
707.71466,26.706,26.2,21.717,19.771,12.624,19,17,7,1682968.9,73,72,67,68,105,104,102,100,20.441,20.393,22.493,22.378,2431.031,94891,30455,0,0,0,1,8,0,0,0,28,23,14,0,13,9,FALSE,0,FALSE
708.21295,26.716,26.21,21.717,19.771,12.611,19,17,7,1682442.8,72,71,68,68,105,104,102,100,20.438,20.391,22.489,22.375,2459.262,94891,30455,0,0,0,1,8,0,0,0,28,23,14,0,13,9,FALSE,0,FALSE
708.7137,26.727,26.22,21.717,19.771,12.597,19,17,7,1674909.6,72,71,69,68,105,104,102,100,20.435,20.388,22.485,22.371,2489.293,94891,30455,0,0,0,1,8,0,0,0,28,23,14,0,13,9,FALSE,0,FALSE
709.21204,26.736,26.229,21.717,19.771,12.585,19,17,7,1672328.6,71,71,69,68,104,104,102,100,20.432,20.385,22.48,22.367,2520.969,94891,30455,0,0,0,1,8,0,0,0,28,23,14,0,13,9,FALSE,0,FALSE
709.7108,26.746,26.242,21.721,19.774,12.571,19,17,7,1663685,71,72,69,70,104,104,102,100,20.428,20.382,22.476,22.363,2554.137,94891,30455,0,0,0,1,8,0,0,0,28,23,14,0,13,9,FALSE,0,FALSE
710.2062,26.767,26.267,21.74,19.793,12.557,19,17,7,1655041.2,73,76,73,74,104,103,102,100,20.425,20.38,22.471,22.36,2588.617,94891,30455,0,0,0,1,8,0,0,0,28,23,14,0,13,9,FALSE,0,FALSE
710.71356,26.8,26.308,21.779,19.834,12.544,19,17,7,1651809.5,77,80,78,81,104,103,101,100,20.422,20.379,22.467,22.358,2623.449,94891,30455,0,0,0,1,8,0,0,0,28,23,14,0,13,9,FALSE,0,FALSE
711.2124,26.843,26.361,21.829,19.885,12.536,19,17,7,1665726.1,77,80,80,82,104,103,101,100,20.421,20.38,22.466,22.359,2659.703,94891,30455,0,0,0,1,8,0,0,0,28,23,14,0,13,9,FALSE,0,FALSE
712.2134,26.905,26.43,21.889,19.945,12.533,19,17,7,1716413.6,78,82,79,82,104,104,102,100,20.425,20.388,22.475,22.371,2708.77,94891,30455,0,0,0,1,8,0,0,0,28,23,14,0,13,9,FALSE,0,FALSE
712.7114,26.933,26.466,21.918,19.981,12.533,19,17,7,1736660.5,80,86,82,88,104,104,102,100,20.43,20.394,22.481,22.38,2725.641,94891,30455,0,0,0,1,8,0,0,0,28,23,14,0,13,9,FALSE,0,FALSE
713.2147,26.957,26.494,21.947,20.026,12.533,19,17,7,1753037,82,86,85,97,104,104,102,100,20.435,20.403,22.488,22.391,2738.637,94891,30455,0,0,0,1,8,0,0,0,28,23,14,0,13,9,FALSE,0,FALSE
713.7117,26.964,26.503,21.977,20.066,12.533,19,17,7,1764114.4,76,80,89,102,105,104,102,100,20.439,20.409,22.497,22.406,2754.266,94891,30455,0,0,0,1,8,0,0,0,28,23,14,0,13,9,FALSE,0,FALSE
714.21387,26.975,26.516,21.995,20.09,12.53,19,17,7,1770274.6,76,80,87,98,105,104,102,101,20.441,20.414,22.506,22.42,2766.316,94891,30455,0,0,0,1,8,0,0,0,28,23,14,0,13,9,FALSE,0,FALSE
714.7104,26.999,26.546,22.005,20.104,12.526,19,17,7,1777027.6,82,88,82,90,105,104,102,101,20.445,20.42,22.513,22.431,2775.645,94891,30455,0,0,0,1,8,0,0,0,28,23,14,0,13,9,FALSE,0,FALSE
715.2163,27.023,26.572,22.008,20.107,12.521,19,17,7,1784374.2,84,89,75,82,105,104,102,101,20.451,20.428,22.516,22.438,2787.129,94891,30455,0,0,0,1,8,0,0,0,28,23,14,0,13,9,FALSE,0,FALSE
715.7121,27.033,26.588,22.008,20.107,12.514,19,17,7,1792740.2,78,85,71,76,105,104,102,101,20.455,20.433,22.518,22.441,2800.312,94891,30455,0,0,0,1,8,0,0,0,28,23,14,0,13,9,FALSE,0,FALSE
716.7133,27.121,26.684,22.008,20.107,12.492,19,17,7,1809913.5,103,106,68,68,105,105,102,101,20.464,20.446,22.516,22.442,2832.742,94891,30455,0,0,0,1,8,0,0,0,28,23,14,0,13,9,FALSE,0,FALSE
717.21326,27.2,26.762,22.008,20.107,12.479,19,17,7,1815548,100,101,67,67,105,105,102,101,20.48,20.463,22.514,22.441,2852.711,94891,30455,0,0,0,1,8,0,0,0,28,23,14,0,13,9,FALSE,0,FALSE
717.70966,27.217,26.78,22.008,20.107,12.466,19,17,7,1811442.4,80,80,68,67,105,105,102,101,20.487,20.47,22.511,22.439,2875.406,94891,30455,0,0,0,1,8,0,0,0,28,23,14,0,13,9,FALSE,0,FALSE
718.2118,27.231,26.794,22.008,20.107,12.452,19,17,7,1806049.4,74,74,68,68,105,105,102,101,20.487,20.47,22.508,22.436,2900.801,94891,30455,0,0,0,1,8,0,0,0,28,23,14,0,13,9,FALSE,0,FALSE
719.2105,27.253,26.816,22.009,20.108,12.426,19,17,7,1797869.5,72,72,69,69,105,105,102,101,20.483,20.467,22.501,22.431,2958.094,94891,30455,0,0,0,1,8,0,0,0,28,23,14,0,13,9,FALSE,0,FALSE
719.7111,27.262,26.825,22.009,20.108,12.413,19,17,7,1795380.8,72,72,69,69,105,105,102,101,20.48,20.464,22.497,22.427,2989.699,94891,30455,0,0,0,1,8,0,0,0,28,23,14,0,13,9,FALSE,0,FALSE
720.2146,27.27,26.834,22.009,20.108,12.399,19,17,7,1786745.1,72,72,69,69,105,105,102,101,20.476,20.46,22.492,22.423,3022.758,94891,30455,0,0,0,1,8,0,0,0,28,23,14,0,13,9,FALSE,0,FALSE
720.71106,27.278,26.842,22.009,20.108,12.385,19,17,7,1778101.4,72,72,70,69,105,105,102,101,20.473,20.457,22.487,22.419,3057.25,94891,30455,0,0,0,1,8,0,0,0,28,23,14,0,13,9,FALSE,0,FALSE
721.2139,27.286,26.85,22.009,20.108,12.372,19,17,7,1774935.9,72,72,70,70,105,105,102,101,20.468,20.453,22.482,22.414,3092.945,94891,30455,0,0,0,1,8,0,0,0,28,23,14,0,13,9,FALSE,0,FALSE
722.2088,27.301,26.864,22.009,20.108,12.345,19,17,7,1757648.4,72,72,70,70,105,105,102,100,20.459,20.444,22.47,22.402,3167.211,94891,30455,0,0,0,1,8,0,0,0,28,23,14,0,13,9,FALSE,0,FALSE
722.7124,27.308,26.872,22.009,20.108,12.331,19,17,7,1749004.6,72,72,70,70,105,105,101,100,20.454,20.439,22.463,22.396,3205.715,94891,30455,0,0,0,1,8,0,0,0,28,23,14,0,13,9,FALSE,0,FALSE
723.2134,27.316,26.878,22.009,20.108,12.317,19,17,7,1740360.9,72,72,70,70,105,104,101,100,20.448,20.433,22.456,22.39,3244.992,94891,30455,0,0,0,1,8,0,0,0,28,23,14,0,13,9,FALSE,0,FALSE
723.71265,27.323,26.885,22.009,20.109,12.303,19,17,7,1731717.1,72,72,70,70,105,104,101,100,20.443,20.428,22.449,22.383,3284.922,94891,30455,0,0,0,1,8,0,0,0,28,23,14,0,13,9,FALSE,0,FALSE
724.71326,27.337,26.898,22.012,20.112,12.277,19,17,7,1723553.6,72,72,70,71,104,104,101,100,20.43,20.415,22.433,22.368,3366.086,94891,30455,0,0,0,1,8,0,0,0,28,23,14,0,13,9,FALSE,0,FALSE
725.20374,27.361,26.931,22.048,20.155,12.275,19,17,7,1754565.2,74,76,77,79,104,104,101,100,20.428,20.414,22.433,22.369,3400.379,94891,30455,0,0,0,1,8,0,0,0,28,23,14,0,13,9,FALSE,0,FALSE
725.7147,27.386,26.963,22.079,20.186,12.274,19,17,7,1782480.1,74,79,79,80,104,104,101,100,20.428,20.415,22.438,22.374,3429.082,94891,30455,0,0,0,1,8,0,0,0,28,23,14,0,13,9,FALSE,0,FALSE
726.2117,27.441,27.029,22.138,20.264,12.274,19,17,7,1801705.2,87,93,89,99,104,104,101,100,20.433,20.423,22.446,22.385,3450.734,94891,30455,0,0,0,1,8,0,0,0,28,23,14,0,13,9,FALSE,0,FALSE
726.7088,27.5,27.098,22.179,20.324,12.272,19,17,7,1808218.6,92,98,86,97,105,105,101,100,20.442,20.435,22.456,22.4,3472.715,94891,30455,0,0,0,1,8,0,0,0,28,23,14,0,13,9,FALSE,0,FALSE
727.21356,27.511,27.113,22.191,20.337,12.268,19,17,7,1814001,77,81,78,84,105,105,101,100,20.448,20.443,22.461,22.409,3494.438,94891,30455,0,0,0,1,8,0,0,0,28,23,14,0,13,9,FALSE,0,FALSE
727.7122,27.534,27.141,22.219,20.373,12.261,19,17,7,1819513.2,78,83,79,87,105,105,101,101,20.449,20.447,22.466,22.417,3513.863,94891,30455,0,0,0,1,8,0,0,0,28,23,14,0,13,9,FALSE,0,FALSE
728.21234,27.56,27.172,22.237,20.396,12.253,19,17,7,1822917.5,78,83,76,81,105,105,101,101,20.452,20.452,22.469,22.423,3533.621,94891,30455,0,0,0,1,8,0,0,0,28,23,14,0,13,9,FALSE,0,FALSE
728.70966,27.573,27.187,22.246,20.405,12.243,19,17,7,1820375.1,74,77,72,75,105,105,102,101,20.452,20.454,22.47,22.427,3554.762,94891,30455,0,0,0,1,8,0,0,0,28,23,14,0,13,9,FALSE,0,FALSE
729.2136,27.59,27.206,22.256,20.415,12.231,19,17,7,1815845,74,77,72,74,105,105,101,101,20.451,20.455,22.47,22.428,3577.527,94891,30455,0,0,0,1,8,0,0,0,28,23,14,0,13,9,FALSE,0,FALSE
729.71375,27.621,27.242,22.277,20.437,12.219,19,17,7,1810419.8,78,83,75,77,105,105,101,101,20.451,20.457,22.47,22.429,3601.992,94891,30455,0,0,0,1,8,0,0,0,28,23,14,0,13,9,FALSE,0,FALSE
730.21295,27.651,27.276,22.297,20.456,12.205,19,17,7,1804155.5,77,81,75,77,105,105,101,101,20.452,20.46,22.47,22.43,3628.41,94891,30455,0,0,0,1,8,0,0,0,28,23,14,0,13,9,FALSE,0,FALSE
730.7139,27.689,27.321,22.323,20.483,12.191,19,17,7,1797096.1,78,83,76,78,105,105,101,101,20.452,20.462,22.469,22.43,3656.68,94891,30455,0,0,0,1,8,0,0,0,28,23,14,0,13,9,FALSE,0,FALSE
731.2104,27.715,27.352,22.342,20.502,12.178,19,17,7,1794740,74,79,74,74,105,105,101,101,20.451,20.464,22.468,22.43,3686.836,94891,30455,0,0,0,1,8,0,0,0,28,23,14,0,13,9,FALSE,0,FALSE
731.7087,27.728,27.368,22.347,20.506,12.165,19,17,7,1786380.5,72,73,70,70,105,105,101,101,20.449,20.462,22.465,22.427,3718.727,94891,30455,0,0,0,1,8,0,0,0,28,23,14,0,13,9,FALSE,0,FALSE
732.21234,27.764,27.398,22.386,20.542,12.151,19,17,7,1777736.8,82,78,83,79,105,105,101,101,20.446,20.459,22.463,22.425,3751.887,94891,30455,0,0,0,1,8,0,0,0,28,23,14,0,13,9,FALSE,0,FALSE
732.711,27.84,27.463,22.461,20.608,12.137,19,17,7,1769093,87,82,88,83,105,105,101,101,20.449,20.46,22.465,22.425,3785.699,94891,30455,0,0,0,1,8,0,0,0,28,23,14,0,13,9,FALSE,0,FALSE
733.2113,27.903,27.516,22.533,20.675,12.123,19,17,7,1760449.2,87,82,90,85,105,105,101,101,20.452,20.46,22.467,22.425,3820.879,94891,30455,0,0,0,1,8,0,0,0,28,23,14,0,13,9,FALSE,0,FALSE
733.71045,27.99,27.591,22.634,20.764,12.109,19,17,7,1751805.5,90,85,94,88,105,105,102,101,20.455,20.461,22.471,22.426,3856.875,94891,30455,0,0,0,1,8,0,0,0,28,23,14,0,13,9,FALSE,0,FALSE
734.21124,28.061,27.651,22.711,20.834,12.096,19,17,7,1743161.8,85,81,89,84,105,105,102,101,20.457,20.461,22.473,22.426,3893.199,94891,30455,0,0,0,1,8,0,0,0,28,23,14,0,13,9,FALSE,0,FALSE
734.7123,28.131,27.71,22.778,20.895,12.082,19,17,7,1734518,84,80,84,80,105,105,102,101,20.459,20.46,22.473,22.425,3929.426,94891,30455,0,0,0,1,8,0,0,0,28,23,14,0,13,9,FALSE,0,FALSE
735.21436,28.173,27.744,22.82,20.936,12.069,19,17,7,1731405.8,81,77,82,78,105,105,102,101,20.457,20.457,22.471,22.422,3964.918,94891,30455,0,0,0,1,8,0,0,0,28,23,14,0,13,9,FALSE,0,FALSE
735.7123,28.203,27.768,22.837,20.953,12.055,19,17,7,1722762,74,72,72,71,105,105,101,101,20.454,20.452,22.466,22.416,4001.227,94891,30455,0,0,0,1,8,0,0,0,28,23,14,0,13,9,FALSE,0,FALSE
736.2091,28.218,27.782,22.853,20.972,12.044,19,17,7,1730181.8,74,74,76,76,105,105,101,101,20.448,20.446,22.46,22.41,4037.676,94891,30455,41691,0,0,1,8,0,0,0,28,23,14,0,13,9,FALSE,0,FALSE
736.71027,28.246,27.805,22.881,21.001,12.043,19,17,7,1759763.1,77,74,79,77,105,105,101,101,20.447,20.444,22.462,22.412,4067.043,94891,30455,41691,0,0,1,8,0,0,0,28,23,14,0,13,9,FALSE,0,FALSE
737.214,28.273,27.826,22.911,21.029,12.043,19,17,7,1786083.6,78,74,82,78,105,105,101,101,20.449,20.444,22.467,22.416,4090.848,94891,30455,41691,0,0,1,8,0,0,0,28,23,14,0,13,9,FALSE,0,FALSE
737.71204,28.306,27.85,22.964,21.071,12.043,19,17,7,1806462.6,82,76,92,84,105,105,102,101,20.452,20.445,22.474,22.422,4111.359,94891,30455,41691,0,0,1,8,0,0,0,28,23,14,0,13,9,FALSE,0,FALSE
738.2136,28.334,27.871,23.02,21.112,12.041,19,17,7,1815670.4,82,76,97,86,105,105,102,101,20.457,20.447,22.486,22.429,4130.031,94891,30455,41691,0,0,1,8,0,0,0,28,23,14,0,13,9,FALSE,0,FALSE
738.7134,28.355,27.889,23.072,21.148,12.036,19,17,7,1822375.2,80,76,98,86,105,105,102,101,20.46,20.448,22.497,22.436,4151.125,94891,30455,41691,0,0,1,8,0,0,0,28,23,14,0,13,9,FALSE,0,FALSE
739.2117,28.378,27.908,23.091,21.163,12.029,19,17,7,1828809.8,80,76,85,77,105,105,102,101,20.463,20.449,22.506,22.441,4171.852,94891,30455,41691,0,0,1,8,0,0,0,28,23,14,0,13,9,FALSE,0,FALSE
739.71094,28.397,27.925,23.107,21.177,12.019,19,17,7,1835133.8,79,76,81,75,105,105,102,101,20.464,20.449,22.51,22.442,4191.961,94891,30455,41691,0,0,1,8,0,0,0,28,23,14,0,13,9,FALSE,0,FALSE
740.21124,28.423,27.947,23.118,21.187,12.008,19,17,7,1839367,78,76,75,71,105,105,102,101,20.466,20.449,22.512,22.443,4213.434,94891,30455,41691,0,0,1,8,0,0,0,28,23,14,0,13,9,FALSE,0,FALSE
740.70886,28.446,27.97,23.121,21.19,11.994,19,17,7,1834457.2,77,76,71,70,105,105,102,101,20.467,20.449,22.511,22.441,4237.68,94891,30455,41691,0,0,1,8,0,0,0,28,23,14,0,13,9,FALSE,0,FALSE
741.2117,28.458,27.982,23.121,21.19,11.982,19,17,7,1833826.2,73,72,69,69,105,105,102,101,20.466,20.448,22.508,22.439,4264.43,94891,30455,41691,0,0,1,8,0,0,0,28,23,14,0,13,9,FALSE,0,FALSE
741.71027,28.469,27.992,23.121,21.19,11.968,19,17,7,1826835.9,72,72,69,69,105,105,102,101,20.463,20.445,22.505,22.436,4293.387,94891,30455,41691,0,0,1,8,0,0,0,28,23,14,0,13,9,FALSE,0,FALSE
742.2111,28.477,28.001,23.121,21.19,11.955,19,17,7,1824422.6,72,72,69,69,105,105,102,101,20.46,20.442,22.501,22.432,4324.219,94891,30455,41691,0,0,1,8,0,0,0,28,23,14,0,13,9,FALSE,0,FALSE
742.7109,28.486,28.01,23.121,21.19,11.941,19,17,7,1815898.6,72,72,69,69,105,105,102,101,20.456,20.438,22.496,22.428,4356.613,94891,30455,41691,0,0,1,8,0,0,0,28,23,14,0,13,9,FALSE,0,FALSE
743.21075,28.494,28.018,23.121,21.19,11.927,19,17,7,1807254.9,71,71,69,69,105,104,102,101,20.452,20.434,22.491,22.423,4390.516,94891,30455,41691,0,0,1,8,0,0,0,28,23,14,0,13,9,FALSE,0,FALSE
743.71234,28.502,28.027,23.121,21.19,11.914,19,17,7,1798611.1,71,71,69,69,105,104,102,101,20.448,20.43,22.486,22.418,4425.746,94891,30455,41691,0,0,1,8,0,0,0,28,23,14,0,13,9,FALSE,0,FALSE
744.2141,28.51,28.034,23.121,21.19,11.901,19,17,7,1795451.8,71,71,69,69,105,104,102,101,20.442,20.425,22.48,22.413,4461.992,94891,30455,41691,0,0,1,8,0,0,0,28,23,14,0,13,9,FALSE,0,FALSE
744.7122,28.517,28.041,23.121,21.19,11.887,19,17,7,1786808,71,71,70,69,105,104,102,100,20.437,20.419,22.474,22.407,4499.262,94891,30455,41691,0,0,1,8,0,0,0,28,23,14,0,13,9,FALSE,0,FALSE
745.2105,28.524,28.049,23.121,21.19,11.873,19,17,7,1778164.2,72,72,70,70,104,104,101,100,20.432,20.414,22.467,22.4,4537.488,94891,30455,41691,0,0,1,8,0,0,0,28,23,14,0,13,9,FALSE,0,FALSE
745.71216,28.531,28.056,23.121,21.19,11.859,19,17,7,1769520.5,72,72,70,70,104,104,101,100,20.426,20.408,22.46,22.394,4576.578,94891,30455,41691,0,0,1,8,0,0,0,28,23,14,0,13,9,FALSE,0,FALSE
746.21185,28.538,28.063,23.121,21.19,11.846,19,17,7,1760876.8,72,73,71,70,104,104,101,100,20.42,20.402,22.452,22.387,4616.434,94891,30455,41691,0,0,1,8,0,0,0,28,23,14,0,13,9,FALSE,0,FALSE
746.709,28.545,28.07,23.121,21.19,11.832,19,17,7,1752233,73,73,71,71,104,104,101,100,20.414,20.396,22.445,22.379,4656.949,94891,30455,41691,0,0,1,8,0,0,0,28,23,14,0,13,9,FALSE,0,FALSE
747.213,28.551,28.077,23.121,21.19,11.819,19,17,7,1749057.5,72,73,71,71,104,104,101,100,20.407,20.39,22.437,22.372,4697.891,94891,30455,41691,0,0,1,8,0,0,0,28,23,14,0,13,9,FALSE,0,FALSE
747.7127,28.558,28.083,23.121,21.19,11.805,19,17,7,1740413.8,73,73,71,71,104,104,101,100,20.4,20.384,22.429,22.364,4739.273,94891,30455,41691,0,0,1,8,0,0,0,28,23,14,0,13,9,FALSE,0,FALSE
748.2114,28.565,28.09,23.121,21.19,11.791,19,17,7,1731770,73,73,71,70,104,103,101,100,20.394,20.377,22.42,22.356,4781.062,94891,30455,41691,0,0,1,8,0,0,0,28,23,14,0,13,9,FALSE,0,FALSE
748.70917,28.581,28.115,23.17,21.204,11.781,19,17,7,1739947,75,79,89,74,104,103,101,99,20.387,20.371,22.413,22.349,4822.367,94891,30455,41691,0,0,1,8,0,0,0,28,23,14,0,13,9,FALSE,0,FALSE
749.71387,28.652,28.154,23.271,21.236,11.779,19,17,7,1798803.6,76,72,75,72,104,103,101,100,20.389,20.371,22.425,22.354,4883.234,94891,30455,41691,0,0,1,8,0,0,0,28,23,14,0,13,9,FALSE,0,FALSE
750.2104,28.674,28.171,23.3,21.26,11.779,19,17,7,1818474.1,77,73,81,76,104,103,101,100,20.391,20.372,22.431,22.359,4904.738,94891,30455,41691,0,0,1,8,0,0,0,28,23,14,0,13,9,FALSE,0,FALSE
750.7129,28.699,28.189,23.331,21.285,11.779,19,17,7,1832065.2,79,74,84,77,104,103,101,100,20.395,20.374,22.439,22.365,4922.648,94891,30455,41691,0,0,1,8,0,0,0,28,23,14,0,13,9,FALSE,0,FALSE
751.71375,28.752,28.234,23.414,21.343,11.772,19,17,7,1849251.2,87,82,96,84,104,103,101,100,20.404,20.378,22.457,22.376,4964.793,94891,30455,41691,0,0,1,8,0,0,0,28,23,14,0,13,9,FALSE,0,FALSE
752.21027,28.805,28.28,23.429,21.355,11.765,19,17,7,1855864.4,94,89,84,76,104,104,101,100,20.414,20.385,22.466,22.381,4981.602,94891,30455,41691,0,0,1,8,0,0,0,28,23,14,0,13,9,FALSE,0,FALSE
752.7108,28.821,28.295,23.436,21.361,11.755,19,17,7,1858511.5,80,78,77,72,104,104,101,100,20.42,20.391,22.47,22.384,5000.316,94891,30455,41691,0,0,1,8,0,0,0,28,23,14,0,13,9,FALSE,0,FALSE
753.2042,28.839,28.311,23.447,21.371,11.745,19,17,7,1864093.8,78,75,76,71,104,104,102,100,20.423,20.393,22.472,22.385,5019.723,94891,30455,41691,0,0,1,8,0,0,0,28,23,14,0,13,9,FALSE,0,FALSE
753.7072,28.865,28.336,23.456,21.38,11.732,19,17,7,1864371.2,79,77,74,70,104,104,102,100,20.425,20.394,22.473,22.385,5041.898,94891,30455,41691,0,0,1,8,0,0,0,28,23,14,0,13,9,FALSE,0,FALSE
754.20905,28.892,28.363,23.46,21.385,11.719,19,17,7,1864522.5,77,76,71,69,104,104,102,100,20.427,20.396,22.472,22.384,5066.598,94891,30455,41691,0,0,1,8,0,0,0,28,23,14,0,13,9,FALSE,0,FALSE
754.7062,28.905,28.376,23.46,21.386,11.706,19,17,7,1850481.4,73,72,68,68,104,104,102,100,20.426,20.395,22.47,22.383,5094.188,94891,30455,41691,0,0,1,8,0,0,0,28,23,14,0,13,9,FALSE,0,FALSE
755.20734,28.922,28.392,23.461,21.387,11.693,19,17,7,1806876,74,72,69,69,104,104,101,100,20.425,20.394,22.467,22.38,5123.84,94891,30455,41691,0,0,1,8,0,0,0,28,23,14,0,13,9,FALSE,0,FALSE
756.20886,28.946,28.415,23.461,21.387,11.666,19,17,7,1694129.5,73,72,70,69,104,104,101,100,20.421,20.389,22.46,22.374,5188.973,94891,30455,41691,0,0,1,8,0,0,0,28,23,14,0,13,9,FALSE,0,FALSE
756.7066,28.956,28.425,23.461,21.387,11.653,19,17,7,1642051.8,72,72,70,70,104,104,101,100,20.418,20.386,22.455,22.371,5224.227,94891,30455,41691,0,0,1,8,0,0,0,28,23,14,0,13,9,FALSE,0,FALSE
757.2094,28.964,28.433,23.461,21.387,11.639,19,17,7,1628510.9,72,72,70,69,104,104,101,100,20.415,20.383,22.451,22.366,5260.668,94891,30455,41691,0,0,1,8,0,0,0,28,23,14,0,13,9,FALSE,0,FALSE
757.71246,28.979,28.448,23.478,21.406,11.628,19,17,7,1636370.8,73,74,76,75,104,103,101,100,20.411,20.38,22.447,22.363,5295.344,94891,30455,41691,0,0,1,8,0,0,0,28,23,14,0,13,9,FALSE,0,FALSE
758.207,29.006,28.475,23.518,21.442,11.628,19,17,7,1665704.4,75,75,80,78,104,103,101,100,20.412,20.381,22.452,22.368,5319.684,94891,30455,41691,0,0,1,8,0,0,0,28,23,14,0,13,9,FALSE,0,FALSE
758.70667,29.02,28.489,23.526,21.449,11.626,19,17,7,1689512.8,73,73,74,73,104,104,101,100,20.413,20.383,22.457,22.373,5337.367,94891,30455,41691,0,0,1,8,0,0,0,28,23,14,0,13,9,FALSE,0,FALSE
759.2058,29.038,28.505,23.536,21.459,11.626,19,17,7,1709322.6,76,75,74,73,104,104,101,100,20.415,20.385,22.461,22.378,5365.16,94891,30455,41691,0,0,1,8,0,0,0,28,23,14,0,13,9,FALSE,0,FALSE
759.70807,29.062,28.515,23.539,21.461,11.625,19,17,7,1719884.5,80,73,72,71,104,104,101,100,20.3,20.3,22.7,22.7,5376.797,94891,30455,41691,0,0,1,8,0,1,0,28,23,14,0,13,9,FALSE,0,FALSE
760.2108,29.062,28.515,23.539,21.462,11.625,19,17,7,1726242,72,69,69,69,104,104,101,100,20.3,20.3,22.7,22.7,5387.547,94891,30455,41691,0,0,1,8,0,1,0,28,23,14,0,13,9,FALSE,0,FALSE
760.7107,29.062,28.515,23.539,21.462,11.624,19,17,7,1732610.5,68,67,68,68,104,104,102,100,20.3,20.3,22.7,22.7,5398.328,94891,30455,41691,0,0,1,8,0,1,0,28,23,14,0,13,9,FALSE,0,FALSE
761.20667,29.062,28.515,23.539,21.462,11.623,19,17,8,1738989.1,66,66,67,67,104,104,102,100,20.3,20.3,22.7,22.7,0.242,97570,0,0,0,0,1,9,0,1,0,28,23,14,0,13,9,FALSE,0,FALSE
761.70776,29.062,28.515,23.539,21.462,11.622,19,17,8,1745376.1,65,65,66,66,104,104,102,100,20.3,20.3,22.7,22.7,11.223,97570,0,0,0,0,1,9,0,1,0,28,23,14,0,13,9,FALSE,0,FALSE
762.2062,29.062,28.515,23.539,21.462,11.621,19,17,8,1751770.1,65,65,66,66,104,104,102,100,20.3,20.3,22.7,22.7,22.215,97570,0,0,0,0,1,9,0,1,0,28,23,14,0,13,9,FALSE,0,FALSE
762.70404,29.062,28.515,23.539,21.462,11.621,19,17,8,1757956.6,65,65,66,66,104,103,102,100,20.3,20.3,22.7,22.7,32.852,97570,0,0,0,0,1,9,0,1,0,28,23,14,0,13,9,FALSE,0,FALSE
763.20856,29.062,28.515,23.539,21.462,11.62,19,17,8,1764575.5,65,65,66,66,104,103,102,100,20.3,20.3,22.7,22.7,44.23,97570,0,0,0,0,1,9,0,1,0,28,23,14,0,13,9,FALSE,0,FALSE
763.7079,29.062,28.515,23.539,21.462,11.619,19,17,8,1770985.1,64,64,66,66,104,103,101,100,20.3,20.3,22.7,22.7,55.246,97570,0,0,0,0,1,9,0,1,0,28,23,14,0,13,9,FALSE,0,FALSE
764.2007,29.062,28.515,23.539,21.462,11.618,19,17,8,1777183.9,64,64,66,66,104,103,101,100,20.3,20.3,22.7,22.7,65.887,97570,0,0,0,0,1,9,0,1,0,28,23,14,0,13,9,FALSE,0,FALSE
764.7111,29.062,28.515,23.539,21.462,11.617,19,17,8,1783810.1,64,64,66,66,104,103,101,100,20.3,20.3,22.7,22.7,77.266,97570,0,0,0,0,1,9,0,1,0,28,23,14,0,13,9,FALSE,0,FALSE
765.2008,29.062,28.515,23.539,21.462,11.617,19,17,8,1790008.9,64,64,66,66,104,103,101,100,20.3,20.3,22.7,22.7,87.91,97570,0,0,0,0,1,9,0,1,0,28,23,14,0,13,9,FALSE,0,FALSE
765.7099,29.062,28.515,23.539,21.462,11.616,19,17,8,1796635.1,64,64,66,66,104,103,101,100,20.3,20.3,22.7,22.7,99.285,97570,0,0,0,0,1,9,0,1,0,28,23,14,0,13,9,FALSE,0,FALSE
766.19946,29.062,28.515,23.539,21.462,11.615,19,17,8,1802833.9,64,64,66,66,104,103,101,100,20.3,20.3,22.7,22.7,109.93,97570,0,0,0,0,1,9,0,1,0,28,23,14,0,13,9,FALSE,0,FALSE
766.70593,29.062,28.515,23.539,21.462,11.614,19,17,8,1809460.1,64,64,66,66,104,103,101,100,20.3,20.3,22.7,22.7,121.297,97570,0,0,0,0,1,9,0,1,0,28,23,14,0,13,9,FALSE,0,FALSE
767.2065,29.062,28.515,23.539,21.462,11.614,19,17,8,1815872.6,64,64,66,66,103,103,101,100,20.3,20.3,22.7,22.7,132.297,97570,0,0,0,0,1,9,0,1,0,28,23,14,0,13,9,FALSE,0,FALSE
767.7079,29.062,28.515,23.539,21.462,11.613,19,17,8,1822285.1,64,64,66,66,103,103,101,100,20.3,20.3,22.7,22.7,143.297,97570,0,0,0,0,1,9,0,1,0,28,23,14,0,13,9,FALSE,0,FALSE
768.20575,29.062,28.515,23.539,21.462,11.612,19,17,8,1828697.6,64,64,66,66,103,103,101,100,20.3,20.3,22.7,22.7,154.297,97570,0,0,0,0,1,9,0,1,0,28,23,14,0,13,9,FALSE,0,FALSE
768.7053,29.062,28.515,23.539,21.462,11.611,19,17,8,1835110.1,64,64,66,66,103,103,101,100,20.3,20.3,22.7,22.7,165.297,97570,0,0,0,0,1,9,0,1,0,28,23,14,0,13,9,FALSE,0,FALSE
769.20483,29.062,28.515,23.539,21.462,11.611,19,17,8,1841308.9,64,64,66,66,103,103,101,100,20.3,20.3,22.7,22.7,175.934,97570,0,0,0,0,1,9,0,1,0,28,23,14,0,13,9,FALSE,0,FALSE
769.7088,29.062,28.515,23.539,21.462,11.61,19,17,8,1847935.1,64,64,66,66,103,102,101,100,20.3,20.3,22.7,22.7,187.301,97570,0,0,0,0,1,9,0,1,0,28,23,14,0,13,9,FALSE,0,FALSE
770.1963,29.062,28.515,23.539,21.462,11.609,19,17,8,1854133.9,64,64,66,66,103,102,101,100,20.3,20.3,22.7,22.7,197.941,97570,0,0,0,0,1,9,0,1,0,28,23,14,0,13,9,FALSE,0,FALSE
770.70654,29.062,28.515,23.539,21.462,11.608,19,17,8,1860760.1,64,64,66,66,103,102,101,100,20.3,20.3,22.7,22.7,209.309,97570,0,0,0,0,1,9,0,1,0,28,23,14,0,13,9,FALSE,0,FALSE
771.2025,29.062,28.515,23.539,21.462,11.608,19,17,8,1905467.5,64,63,66,66,103,102,101,100,20.3,20.3,22.7,22.7,219.215,97570,0,0,0,0,1,9,0,1,0,28,23,14,0,13,9,FALSE,0,FALSE
771.7077,29.062,28.515,23.539,21.462,11.608,19,17,8,1955404.5,63,63,66,66,103,102,101,100,20.3,20.3,22.7,22.7,229.066,97570,0,0,0,0,1,9,0,1,0,28,23,14,0,13,9,FALSE,0,FALSE
772.2097,29.062,28.515,23.539,21.462,11.608,19,17,8,1975443.1,62,63,66,66,102,102,101,100,20.3,20.3,22.7,22.7,237.395,97570,0,0,0,0,1,9,0,1,0,28,23,14,0,13,9,FALSE,0,FALSE
772.7069,29.062,28.515,23.539,21.462,11.608,19,17,8,1975443.1,62,62,66,66,102,102,101,100,20.3,20.3,22.7,22.7,241.379,97570,0,0,0,0,1,9,0,1,0,28,23,14,0,13,9,FALSE,0,FALSE
773.2062,29.062,28.515,23.539,21.462,11.607,19,17,8,1975443.1,61,61,66,66,102,102,101,100,20.313,20.288,22.428,22.358,241.723,97570,0,0,0,0,1,9,0,1,316,28,23,14,0,13,9,FALSE,0,FALSE
773.70874,29.062,28.515,23.539,21.462,11.607,19,17,8,1975443.1,60,60,66,66,102,102,101,100,20.31,20.285,22.428,22.358,241.738,97570,0,0,0,0,1,9,0,1,816,28,23,14,0,13,9,FALSE,0,FALSE
774.2053,0,0,0,0,11.605,18,16,0,1975443.1,70,70,70,70,70,70,70,70,18.668,18.668,20.691,20.691,241.758,97570,0,0,0,0,1,9,0,1,1316,28,23,14,0,13,9,FALSE,0,FALSE
774.7059,0,0,0,0,11.603,18,16,0,1975443.1,70,70,70,70,70,70,70,70,18.668,18.668,20.691,20.691,241.758,97570,0,0,0,0,3,9,0,1,1816,28,23,14,0,13,9,FALSE,0,FALSE
775.2107,0,0,0,0,11.6,18,16,0,1975443.1,70,70,70,70,70,70,70,70,18.668,18.668,20.691,20.691,241.758,97570,0,0,0,0,4,9,0,1,2316,28,23,14,0,13,9,FALSE,0,FALSE
775.7076,0,0,0,0,11.597,18,16,0,1975443.1,67,67,69,69,70,70,70,70,18.677,18.677,20.694,20.694,241.871,97570,0,0,0,0,4,9,0,1,2399,28,23,14,0,13,9,FALSE,0,FALSE
776.1999,0,0,0,0,11.597,18,16,0,1975443.1,70,69,68,68,70,70,70,70,20.3,20.3,22.7,22.7,242.883,97570,0,0,0,0,5,9,0,1,2399,28,23,14,0,13,9,FALSE,0,FALSE
776.69934,0,0,0,0,11.596,18,16,0,1975443.1,81,81,68,68,70,70,70,70,20.3,20.3,22.7,22.7,246.613,97570,0,0,0,0,5,9,0,1,2399,28,23,14,0,13,9,FALSE,0,FALSE
777.2005,0,0,0,0,11.596,18,16,0,1975443.1,90,90,68,68,71,71,70,70,20.3,20.3,22.7,22.7,252.922,97570,0,0,0,0,5,9,0,1,2399,28,23,14,0,13,9,FALSE,0,FALSE
777.7034,0,0,0,0,11.596,18,16,0,2006076.9,92,93,68,68,71,71,70,70,20.3,20.3,22.7,22.7,261.77,97570,0,0,0,0,6,9,0,1,2399,28,23,14,0,13,9,FALSE,0,FALSE
778.1975,0,0,0,0,11.596,18,16,0,2053864,92,92,68,68,71,72,70,70,20.3,20.3,22.7,22.7,272.309,97570,0,0,0,0,6,9,0,1,2399,28,23,14,0,13,9,FALSE,0,FALSE
778.69775,0,0,0,0,11.596,18,16,0,2102039.2,94,93,68,68,72,72,70,70,20.3,20.3,22.7,22.7,283.176,97570,0,0,0,0,6,9,0,1,2399,28,23,14,0,13,9,FALSE,0,FALSE
779.20844,0.007,0.007,0.003,0.003,11.595,18,16,0,2115514.8,81,81,68,68,72,72,70,70,20.3,20.3,22.7,22.7,294.41,97570,0,0,0,0,6,9,1,1,2399,28,23,14,0,13,9,FALSE,0,FALSE
779.71014,0.007,0.007,0.003,0.003,11.594,18,16,0,2123564,72,72,66,66,73,73,70,70,20.3,20.3,22.7,22.7,305.395,97570,0,0,0,0,8,9,1,1,2399,28,23,14,0,13,9,FALSE,0,FALSE
780.2105,0.007,0.007,0.003,0.003,11.593,18,16,0,2131620.8,68,68,65,65,73,73,70,70,20.3,20.3,22.7,22.7,316.414,97570,0,0,0,0,8,9,1,1,2399,28,23,14,0,13,9,FALSE,0,FALSE
780.7055,0.007,0.007,0.003,0.003,11.592,18,16,0,2139683.2,65,65,65,65,73,73,70,70,20.3,20.3,22.7,22.7,327.438,97570,0,0,0,0,8,9,1,1,2399,28,23,14,0,13,9,FALSE,0,FALSE
781.20636,0.007,0.007,0.003,0.003,11.591,18,16,0,2147745.8,64,64,64,64,73,73,70,70,20.3,20.3,22.7,22.7,338.461,97570,0,0,0,0,8,9,1,1,2399,28,23,14,0,13,9,FALSE,0,FALSE
781.7073,0.007,0.007,0.003,0.003,11.59,18,16,0,2155808.2,63,63,64,64,74,74,71,71,20.3,20.3,22.7,22.7,349.48,97570,0,0,0,0,8,9,1,1,2399,28,23,14,0,13,9,FALSE,0,FALSE
782.20917,0.007,0.007,0.003,0.003,11.59,18,16,0,2163867.8,63,63,64,64,74,74,71,71,20.3,20.3,22.7,22.7,360.504,97570,0,0,0,0,8,9,1,1,2399,28,23,14,0,13,9,FALSE,0,FALSE
782.70776,0.007,0.007,0.003,0.003,11.589,18,16,0,2171922.8,63,63,64,64,74,74,71,71,20.3,20.3,22.7,22.7,371.523,97570,0,0,0,0,8,9,1,1,2399,28,23,14,0,13,9,FALSE,0,FALSE
783.2065,0.007,0.007,0.003,0.003,11.588,18,16,0,2179977.8,63,63,64,64,74,74,71,71,20.3,20.3,22.7,22.7,382.543,97570,0,0,0,0,9,9,1,1,2399,28,23,14,0,13,9,FALSE,0,FALSE
783.70685,0.007,0.007,0.003,0.003,11.587,18,16,0,2188032.8,62,63,64,64,74,74,71,71,20.3,20.3,22.7,22.7,393.551,97570,0,0,0,0,9,9,1,1,2399,28,23,14,0,13,9,FALSE,0,FALSE
784.21075,0.007,0.007,0.003,0.003,11.586,18,16,0,2196087.8,62,62,64,64,74,74,71,71,18.934,18.935,20.79,20.79,404.496,97570,0,0,0,0,10,9,1,0,0,28,23,14,0,13,9,FALSE,0,FALSE
784.7076,0.017,0.016,0.003,0.003,11.582,18,16,0,2204231.8,66,66,63,63,75,75,71,71,18.942,18.943,20.797,20.797,415.617,97570,0,0,0,0,11,9,1,0,0,28,23,14,0,13,9,FALSE,0,FALSE
785.70734,0.08,0.077,0.003,0.003,11.563,18,16,0,2228656,78,78,63,63,75,75,71,71,18.967,18.967,20.808,20.808,443.879,97570,0,0,0,0,12,9,1,0,0,28,23,14,0,13,9,FALSE,0,FALSE
786.2053,0.156,0.151,0.003,0.003,11.551,18,16,0,2237448.8,91,90,63,63,75,75,72,72,18.984,18.984,20.813,20.814,461.945,97570,0,0,0,0,13,9,1,0,0,28,23,14,0,13,9,FALSE,0,FALSE
786.70294,0.235,0.229,0.005,0.004,11.539,18,16,0,2226385.2,88,88,64,64,76,76,72,72,19.005,19.005,20.818,20.819,482.016,97570,0,0,0,0,13,9,1,0,0,28,23,14,0,13,9,FALSE,0,FALSE
787.2064,0.281,0.275,0.008,0.008,11.524,18,16,0,2195368.5,79,78,65,65,76,76,72,72,19.022,19.022,20.824,20.824,506.559,97570,0,0,0,0,13,9,1,0,0,28,23,14,0,13,9,FALSE,0,FALSE
787.70905,0.303,0.3,0.009,0.009,11.512,18,16,0,2161820.8,72,71,64,65,76,76,72,72,19.034,19.034,20.829,20.829,533.219,97570,0,0,0,0,14,9,1,0,0,28,23,14,0,13,9,FALSE,0,FALSE
788.2062,0.323,0.318,0.01,0.011,11.498,18,16,0,2115093.8,70,69,65,65,76,76,72,72,19.044,19.043,20.833,20.834,562.344,97570,0,0,0,0,14,9,1,0,0,28,23,14,0,13,9,FALSE,0,FALSE
789.2097,0.352,0.345,0.01,0.011,11.471,18,16,0,2053752.2,68,69,67,65,77,77,72,72,19.059,19.059,20.842,20.842,626.531,97570,0,0,0,0,15,9,1,0,0,28,23,14,0,13,9,FALSE,0,FALSE
789.7068,0.377,0.37,0.044,0.043,11.465,18,16,0,2072371.5,70,71,73,72,77,77,72,72,19.068,19.068,20.85,20.85,658.105,97570,0,0,84,10683,15,9,1,0,0,28,23,14,0,13,9,FALSE,0,FALSE
790.2108,0.42,0.403,0.081,0.071,11.464,18,16,0,2097000.6,75,73,74,73,77,77,72,72,19.081,19.081,20.865,20.864,681.758,97570,0,0,84,10683,15,9,1,0,0,28,23,14,0,13,9,FALSE,0,FALSE
790.7065,0.437,0.418,0.088,0.079,11.463,18,16,0,2116857.2,71,70,70,69,77,77,73,73,19.096,19.095,20.88,20.879,699.027,97570,0,0,84,10683,15,9,1,0,0,28,23,14,0,13,9,FALSE,0,FALSE
791.2049,0.442,0.422,0.093,0.084,11.463,18,16,0,2133815,68,66,69,67,78,78,73,73,19.109,19.107,20.895,20.893,712.645,97570,0,0,150,10916,15,9,1,0,0,28,23,14,0,13,9,FALSE,0,FALSE
791.70905,0.448,0.426,0.103,0.093,11.463,18,16,0,2146111.8,67,65,70,68,78,78,73,73,19.121,19.119,20.909,20.906,723.359,97570,0,0,150,10916,15,9,1,0,0,28,23,14,0,13,9,FALSE,0,FALSE
792.2083,0.456,0.431,0.118,0.103,11.463,18,16,0,2153736.8,67,65,73,69,78,78,73,73,19.133,19.129,20.923,20.92,733.652,97570,0,0,150,10916,15,9,1,0,0,28,23,14,0,13,9,FALSE,0,FALSE
792.7067,0.468,0.438,0.142,0.11,11.463,18,16,0,2159533,71,68,80,70,78,78,73,73,19.141,19.133,20.931,20.922,755.66,97570,0,0,150,10916,14,9,1,0,0,28,23,14,0,13,9,FALSE,0,FALSE
793.209,0.487,0.455,0.167,0.137,11.46,18,16,0,2162946,74,71,83,75,78,78,74,74,19.155,19.144,20.948,20.937,764.254,97570,0,0,150,10984,14,9,1,0,0,28,23,14,0,13,9,FALSE,0,FALSE
794.2078,0.518,0.49,0.178,0.146,11.45,18,16,0,2169955,76,74,73,69,79,79,74,74,19.184,19.17,20.98,20.964,783.516,97570,0,0,150,10984,14,9,1,0,0,28,23,14,0,13,9,FALSE,0,FALSE
794.7091,0.534,0.511,0.178,0.146,11.442,18,16,0,2171642.8,74,75,68,66,79,79,75,74,19.198,19.184,20.993,20.976,796.508,97570,0,0,650,10984,14,9,1,0,0,28,23,14,0,13,9,FALSE,0,FALSE
795.7089,0.582,0.56,0.197,0.17,11.423,18,16,0,2177742.5,74,75,68,71,80,80,75,75,19.225,19.212,21.013,20.997,830.199,97570,0,0,900,10984,14,9,1,0,0,28,23,14,0,13,9,FALSE,0,FALSE
796.20807,0.61,0.592,0.217,0.192,11.414,18,16,0,2183668.8,73,76,70,73,80,80,75,75,19.238,19.226,21.024,21.009,853.992,97570,0,0,900,10984,14,9,1,0,0,28,23,14,0,13,9,FALSE,0,FALSE
796.707,0.652,0.643,0.243,0.22,11.403,18,16,0,2190008.5,76,82,71,74,80,80,75,75,19.25,19.241,21.034,21.021,874.957,97570,0,0,1000,11167,14,9,1,0,0,28,23,14,0,13,9,FALSE,0,FALSE
797.2096,0.688,0.682,0.257,0.234,11.39,18,16,0,2190182.2,75,78,69,70,80,80,75,75,19.263,19.256,21.044,21.032,897.773,97570,0,0,1000,11167,14,9,1,0,0,28,23,14,0,13,9,FALSE,0,FALSE
797.70966,0.708,0.704,0.259,0.236,11.378,18,16,0,2170065.8,71,72,66,67,81,81,75,75,19.274,19.267,21.052,21.04,923.398,97570,0,0,1000,11167,14,9,1,0,0,28,23,14,0,13,9,FALSE,0,FALSE
798.20746,0.751,0.747,0.27,0.246,11.364,18,16,0,2128708.5,75,74,66,65,81,81,76,75,19.284,19.276,21.059,21.047,952.219,97570,0,0,1000,11284,14,9,1,0,0,28,23,14,0,13,9,FALSE,0,FALSE
798.70917,0.82,0.817,0.293,0.263,11.352,18,16,0,2087882.6,80,80,71,67,81,81,76,75,19.296,19.287,21.066,21.053,983.289,97570,0,0,1034,11284,14,9,1,0,0,28,23,14,0,13,9,FALSE,0,FALSE
799.2105,0.839,0.834,0.295,0.265,11.338,18,16,0,2035499.4,70,70,67,66,81,81,76,76,19.306,19.297,21.073,21.059,1013.805,97570,0,0,1050,11300,14,9,1,0,0,28,23,14,0,13,9,FALSE,0,FALSE
799.7075,0.857,0.851,0.295,0.267,11.324,18,16,0,1978362.8,68,68,66,66,81,81,76,76,19.314,19.304,21.078,21.064,1046.281,97570,0,0,1050,11300,14,9,1,0,0,28,23,14,0,13,9,FALSE,0,FALSE
800.7063,0.894,0.883,0.302,0.275,11.298,18,16,0,1868580.6,69,68,68,67,82,81,76,76,19.325,19.316,21.087,21.072,1116.734,97570,0,0,1067,11317,14,9,1,0,0,28,23,14,0,13,9,FALSE,0,FALSE
801.2049,0.912,0.899,0.303,0.277,11.284,18,16,0,1810965.6,68,68,67,67,82,82,76,76,19.331,19.321,21.091,21.076,1154.234,97570,0,0,1067,11300,14,9,1,0,0,28,23,14,0,13,9,FALSE,0,FALSE
801.7016,0.925,0.912,0.304,0.277,11.271,18,16,0,1755271.1,68,68,67,67,82,82,76,76,19.336,19.325,21.094,21.079,1191.82,97570,0,0,1083,11283,14,9,1,0,0,28,23,14,0,13,9,FALSE,0,FALSE
802.20935,0.938,0.924,0.304,0.277,11.258,18,16,0,1701209.9,68,67,67,67,82,82,76,76,19.34,19.33,21.096,21.082,1233.203,97570,0,0,1067,11283,14,9,1,0,0,28,23,14,0,13,9,FALSE,0,FALSE
803.2092,0.959,0.943,0.304,0.277,11.23,18,16,0,1643113,67,67,67,67,82,82,76,76,19.347,19.337,21.1,21.086,1315.93,97570,0,0,1066,11233,14,9,1,0,0,28,23,14,0,13,9,FALSE,0,FALSE
803.709,0.967,0.953,0.304,0.277,11.216,18,16,0,1634469.2,67,68,67,67,82,82,76,76,19.349,19.34,21.102,21.088,1358.238,97570,0,0,1033,11183,14,9,1,0,0,28,23,14,0,13,9,FALSE,0,FALSE
804.2093,0.975,0.963,0.305,0.277,11.202,18,16,0,1625825.5,67,68,67,67,82,82,76,76,19.352,19.342,21.103,21.089,1401.062,97570,0,0,1017,11183,14,9,1,0,0,28,23,14,0,13,9,FALSE,0,FALSE
804.70685,1.007,0.993,0.353,0.319,11.198,18,16,0,1657411.2,71,71,75,73,82,82,76,76,19.358,19.348,21.111,21.097,1439.91,97570,0,0,1017,11100,14,9,1,0,0,28,23,14,0,13,9,FALSE,0,FALSE
805.2113,1.037,1.042,0.405,0.347,11.197,18,16,0,1686645.5,71,76,76,71,82,82,77,76,19.368,19.359,21.125,21.11,1469.984,97570,0,0,1050,11100,14,9,1,0,0,28,23,14,0,13,9,FALSE,0,FALSE
805.70776,1.062,1.061,0.436,0.378,11.197,18,16,0,1711865.5,73,70,77,74,83,82,77,77,19.379,19.371,21.14,21.124,1493.789,97570,0,0,1050,11150,14,9,1,0,0,28,23,14,0,13,9,FALSE,0,FALSE
806.20795,1.106,1.095,0.52,0.442,11.197,18,16,0,1729888.8,78,73,91,83,83,83,77,77,19.393,19.383,21.159,21.141,1512.473,97570,0,0,1050,11150,14,9,1,0,0,28,23,14,0,13,9,FALSE,0,FALSE
806.70685,1.132,1.111,0.592,0.505,11.197,18,16,0,1742735.9,77,70,94,88,83,83,78,77,19.408,19.395,21.182,21.161,1530.73,97570,0,0,1083,11150,14,9,1,0,0,28,23,14,0,13,9,FALSE,0,FALSE
807.21075,1.159,1.13,0.647,0.546,11.193,18,16,0,1748885,77,71,92,84,83,83,78,78,19.423,19.406,21.204,21.18,1557.43,97570,0,0,1083,11200,14,9,1,0,0,28,23,14,0,13,9,FALSE,0,FALSE
807.7077,1.183,1.15,0.679,0.569,11.187,18,16,0,1755066.4,76,71,85,78,84,83,78,78,19.436,19.417,21.223,21.196,1575.797,97570,0,0,1083,11200,14,9,1,0,0,28,23,14,0,13,9,FALSE,0,FALSE
808.20807,1.21,1.172,0.707,0.591,11.18,18,16,0,1761306.9,76,72,81,74,84,83,79,78,19.449,19.428,21.24,21.21,1593.438,97570,0,0,1100,11200,14,9,1,0,0,28,23,14,0,13,9,FALSE,0,FALSE
808.70557,1.236,1.195,0.721,0.603,11.171,18,16,0,1766372.9,75,71,74,70,84,84,79,78,19.462,19.439,21.254,21.222,1611.027,97570,0,0,1100,11200,14,9,1,0,0,28,23,14,0,13,9,FALSE,0,FALSE
809.2086,1.261,1.219,0.728,0.61,11.159,18,16,0,1765475.1,74,72,70,67,84,84,79,78,19.473,19.449,21.264,21.231,1631.547,97570,0,0,1000,11200,14,9,1,0,0,28,23,14,0,13,9,FALSE,0,FALSE
809.7101,1.295,1.253,0.731,0.615,11.146,18,16,0,1753053.8,76,76,67,66,84,84,79,79,19.484,19.459,21.273,21.24,1654.77,97570,0,0,1000,11116,14,9,1,0,0,28,23,14,0,13,9,FALSE,0,FALSE
810.2043,1.333,1.284,0.732,0.616,11.134,18,16,0,1724336,73,72,65,64,85,84,79,79,19.491,19.47,21.278,21.246,1679.574,97570,0,0,967,11116,14,9,1,0,0,28,23,14,0,13,9,FALSE,0,FALSE
810.7051,1.356,1.308,0.734,0.618,11.12,18,16,0,1679632,70,71,65,65,85,84,79,79,19.5,19.478,21.284,21.252,1708.777,97570,0,0,967,11116,14,9,1,0,0,28,23,14,0,13,9,FALSE,0,FALSE
811.2086,1.375,1.33,0.741,0.623,11.107,18,16,0,1634457.1,69,71,66,67,85,85,79,79,19.507,19.487,21.29,21.259,1739.02,97570,0,0,967,11116,14,9,1,0,0,28,23,14,0,13,9,FALSE,0,FALSE
811.70825,1.395,1.354,0.751,0.632,11.093,18,16,0,1578166.8,69,71,67,68,85,85,80,79,19.514,19.494,21.295,21.265,1771.254,97570,0,0,967,11084,14,9,1,0,0,28,23,14,0,13,9,FALSE,0,FALSE
812.20605,1.422,1.388,0.77,0.65,11.079,18,16,0,1520551.8,70,73,68,70,85,85,80,79,19.52,19.502,21.301,21.271,1805.996,97570,50991,0,950,11084,14,9,1,0,0,28,23,14,0,13,9,FALSE,0,FALSE
812.7105,1.438,1.409,0.778,0.658,11.066,18,16,0,1503573,68,69,67,67,85,85,80,79,19.526,19.509,21.305,21.276,1843.082,97570,50991,0,883,11084,14,9,1,0,0,28,23,14,0,13,9,FALSE,0,FALSE
813.20715,1.498,1.456,0.873,0.742,11.065,18,16,0,1534453.9,78,74,86,80,85,85,80,79,19.534,19.516,21.315,21.285,1875.133,97570,50991,0,883,11016,14,9,1,0,0,28,23,14,0,13,9,FALSE,0,FALSE
813.7066,1.563,1.506,0.996,0.846,11.065,18,16,0,1560485,81,75,94,88,86,85,80,80,19.546,19.526,21.331,21.299,1905.512,97570,50991,0,850,11016,14,9,1,0,0,28,23,14,0,13,9,FALSE,0,FALSE
814.2053,1.627,1.549,1.115,0.953,11.061,18,16,0,1570159.5,82,74,96,91,86,85,80,80,19.56,19.536,21.35,21.315,1933.699,97570,50991,0,850,10983,14,9,1,0,0,28,23,14,0,13,9,FALSE,0,FALSE
814.7103,1.675,1.586,1.17,0.998,11.052,18,16,0,1575556.1,78,73,83,78,86,86,81,80,19.573,19.546,21.366,21.329,1959.469,97570,50991,0,883,10983,14,9,1,0,0,28,23,14,0,13,9,FALSE,0,FALSE
815.20935,1.702,1.611,1.181,1.009,11.039,18,16,0,1570521.8,72,70,70,70,86,86,81,80,19.582,19.553,21.375,21.337,1985.938,97570,50991,0,883,11000,14,9,1,0,0,28,23,14,0,13,9,FALSE,0,FALSE
815.7078,1.74,1.658,1.226,1.064,11.028,18,16,0,1574893.8,73,77,74,78,86,86,81,80,19.589,19.561,21.382,21.345,2015.121,97570,50991,0,883,11000,14,9,1,0,0,28,23,14,0,13,9,FALSE,0,FALSE
816.2102,1.798,1.727,1.289,1.137,11.015,18,16,0,1575928.6,77,80,77,83,87,86,81,81,19.597,19.572,21.39,21.355,2046.43,97570,50991,0,883,11050,14,9,1,0,0,28,23,14,0,13,9,FALSE,0,FALSE
816.7039,1.856,1.796,1.344,1.204,11.002,18,16,0,1568884,76,80,75,81,87,86,81,81,19.606,19.583,21.397,21.365,2075.883,97570,50991,0,917,11083,14,9,1,0,0,28,23,14,0,13,9,FALSE,0,FALSE
817.20557,1.9,1.85,1.379,1.242,10.988,18,16,0,1566068.5,71,75,70,72,87,86,81,81,19.614,19.592,21.403,21.373,2108.156,97570,50991,0,950,11083,14,9,1,0,0,28,23,14,0,13,9,FALSE,0,FALSE
818.2081,1.93,1.89,1.401,1.26,10.961,18,16,0,1553246.6,69,71,70,70,87,87,81,81,19.621,19.603,21.409,21.38,2175.355,97570,50991,0,984,11100,14,9,1,0,0,28,23,14,0,13,9,FALSE,0,FALSE
819.20966,1.968,1.929,1.443,1.302,10.959,18,16,0,1607850.9,68,68,69,69,87,87,82,81,19.635,19.617,21.428,21.4,2226.848,97570,50991,0,984,11117,14,9,1,0,0,28,23,14,0,13,9,FALSE,0,FALSE
819.7112,1.987,1.943,1.468,1.326,10.959,18,16,0,1628105.1,71,68,74,72,87,87,82,81,19.643,19.625,21.439,21.41,2244.613,97570,50991,0,984,11117,14,9,1,0,0,28,23,14,0,13,9,FALSE,0,FALSE
820.2092,2.015,1.963,1.524,1.37,10.959,18,16,0,1643317.2,75,70,86,80,88,87,82,82,19.653,19.634,21.454,21.424,2257.695,97570,50991,0,1000,11184,14,9,1,0,0,28,23,14,0,13,9,FALSE,0,FALSE
820.7089,2.027,1.972,1.581,1.41,10.958,18,16,0,1650783.2,73,69,94,83,88,87,82,82,19.664,19.642,21.473,21.439,2268.469,97570,50991,0,1000,11184,14,9,1,0,0,28,23,14,0,13,9,FALSE,0,FALSE
821.70935,2.059,1.999,1.637,1.447,10.95,18,16,0,1662522.8,74,70,85,77,88,88,83,82,19.683,19.658,21.51,21.467,2299.84,97570,50991,0,1000,11184,14,9,1,0,0,28,23,14,0,13,9,FALSE,0,FALSE
822.2091,2.083,2.02,1.652,1.46,10.944,18,16,0,1669316.1,76,72,80,73,88,88,83,83,19.694,19.667,21.524,21.479,2313.605,97570,50991,0,1034,11284,14,9,1,0,0,28,23,14,0,13,9,FALSE,0,FALSE
822.7068,2.108,2.046,1.66,1.467,10.935,18,16,0,1676124.4,77,75,74,69,89,88,84,83,19.704,19.676,21.535,21.488,2328.059,97570,50991,0,1034,11284,14,9,1,0,0,28,23,14,0,13,9,FALSE,0,FALSE
823.20624,2.139,2.081,1.666,1.473,10.924,18,16,0,1682980.2,78,77,70,67,89,88,84,83,19.715,19.686,21.544,21.495,2344.77,97570,50991,0,1034,11284,14,9,1,0,0,28,23,14,0,13,9,FALSE,0,FALSE
823.70667,2.166,2.109,1.667,1.474,10.911,18,16,0,1685787.9,75,75,67,65,89,88,84,83,19.725,19.696,21.551,21.501,2364.855,97570,50991,0,917,11184,14,9,1,0,0,28,23,14,0,13,9,FALSE,0,FALSE
824.2042,2.189,2.132,1.667,1.474,10.899,18,16,0,1687504.5,72,72,65,65,89,89,84,83,19.733,19.704,21.556,21.506,2386.98,97570,50991,0,917,11184,14,9,1,0,0,28,23,14,0,13,9,FALSE,0,FALSE
824.70404,2.205,2.149,1.668,1.475,10.885,18,16,0,1682119.5,70,69,65,65,89,89,84,83,19.739,19.711,21.56,21.511,2412.469,97570,50991,0,850,11100,14,9,1,0,0,28,23,14,0,13,9,FALSE,0,FALSE
825.2052,2.22,2.164,1.668,1.476,10.872,18,16,0,1681074.4,69,68,65,65,89,89,84,83,19.745,19.716,21.564,21.515,2441.008,97570,50991,0,800,11100,14,9,1,0,0,28,23,14,0,13,9,FALSE,0,FALSE
825.7032,2.232,2.177,1.668,1.476,10.858,18,16,0,1673958.6,68,68,65,65,89,89,84,83,19.749,19.72,21.566,21.518,2469.641,97570,50991,0,800,11050,14,9,1,0,0,28,23,14,0,13,9,FALSE,0,FALSE
827.20526,2.27,2.22,1.68,1.486,10.817,18,16,0,1653832.8,68,70,67,68,90,89,84,83,19.758,19.73,21.573,21.526,2569.328,97570,50991,0,800,11017,14,9,1,0,0,28,23,14,0,13,9,FALSE,0,FALSE
827.7053,2.306,2.266,1.722,1.529,10.805,18,16,0,1650582.9,71,75,72,74,90,89,84,83,19.761,19.735,21.575,21.529,2604.488,97570,50991,0,800,11000,14,9,1,0,0,28,23,14,0,13,9,FALSE,0,FALSE
828.7096,2.371,2.351,1.805,1.612,10.798,18,16,0,1698486.9,70,72,71,74,90,89,84,84,19.772,19.749,21.588,21.545,2668.359,97570,50991,0,850,11000,14,9,1,0,0,28,23,14,0,13,9,FALSE,0,FALSE
829.2094,2.388,2.371,1.821,1.628,10.797,18,16,0,1722009.2,68,71,70,72,90,90,85,84,19.778,19.757,21.596,21.555,2691.434,97570,50991,0,850,11066,14,9,1,0,0,28,23,14,0,13,9,FALSE,0,FALSE
829.7077,2.399,2.386,1.834,1.64,10.796,18,16,0,1742114,68,70,69,71,90,90,85,84,19.784,19.765,21.605,21.565,2709.266,97570,50991,0,850,11066,14,9,1,0,0,28,23,14,0,13,9,FALSE,0,FALSE
830.20746,2.409,2.4,1.85,1.658,10.796,18,16,0,1758182.8,67,70,70,73,90,90,85,84,19.79,19.773,21.613,21.575,2723.984,97570,50991,0,850,11183,14,9,1,0,0,28,23,14,0,13,9,FALSE,0,FALSE
830.7055,2.42,2.415,1.872,1.688,10.796,18,16,0,1770964.2,68,71,73,79,90,90,85,84,19.796,19.781,21.623,21.586,2735.293,97570,50991,0,900,11183,14,9,1,0,0,28,23,14,0,13,9,FALSE,0,FALSE
831.20874,2.43,2.425,1.894,1.73,10.795,18,16,0,1776797,68,70,74,86,90,90,85,85,19.803,19.789,21.633,21.601,2747.609,97570,50991,0,900,11183,14,9,1,0,0,28,23,14,0,13,9,FALSE,0,FALSE
831.7063,2.447,2.443,1.907,1.748,10.793,18,16,0,1782008.2,71,73,74,83,90,90,85,85,19.81,19.797,21.642,21.616,2767.848,97570,50991,0,900,11183,14,9,1,0,0,28,23,14,0,13,9,FALSE,0,FALSE
832.20465,2.456,2.453,1.913,1.755,10.788,18,16,0,1787332.9,69,72,71,77,91,90,85,85,19.817,19.805,21.65,21.628,2777.906,97570,50991,0,900,11183,14,9,1,0,0,28,23,14,0,13,9,FALSE,0,FALSE
832.709,2.47,2.466,1.915,1.757,10.781,18,16,0,1790811.6,70,71,67,71,91,91,86,85,19.823,19.813,21.657,21.637,2791.051,97570,50991,0,917,11200,14,9,1,0,0,28,23,14,0,13,9,FALSE,0,FALSE
833.20886,2.499,2.489,1.916,1.757,10.77,18,16,0,1792961.8,75,74,65,67,91,91,86,85,19.831,19.82,21.663,21.644,2806.641,97570,50991,0,917,11200,14,9,1,0,0,28,23,14,0,13,9,FALSE,0,FALSE
833.70746,2.536,2.524,1.916,1.757,10.757,18,16,0,1796546.2,77,77,64,65,91,91,86,85,19.84,19.829,21.667,21.65,2825.113,97570,50991,0,917,11200,14,9,1,0,0,28,23,14,0,13,9,FALSE,0,FALSE
834.2051,2.561,2.55,1.916,1.757,10.745,18,16,0,1798865.4,73,73,64,64,91,91,86,85,19.848,19.838,21.671,21.654,2846.48,97570,50991,0,934,11200,14,9,1,0,0,28,23,14,0,13,9,FALSE,0,FALSE
834.7087,2.583,2.571,1.916,1.757,10.732,18,16,0,1794065.1,70,70,64,64,91,91,86,86,19.854,19.844,21.674,21.657,2870.656,97570,50991,0,934,11217,14,9,1,0,0,28,23,14,0,13,9,FALSE,0,FALSE
835.20807,2.598,2.587,1.916,1.757,10.719,18,16,0,1793601.6,68,68,65,65,91,91,86,86,19.859,19.848,21.677,21.66,2897.305,97570,50991,0,917,11217,14,9,1,0,0,28,23,14,0,13,9,FALSE,0,FALSE
835.7064,2.612,2.601,1.916,1.757,10.705,18,16,0,1786569.1,67,67,65,65,91,91,86,86,19.862,19.852,21.679,21.663,2926.184,97570,50991,0,917,11184,14,9,1,0,0,28,23,14,0,13,9,FALSE,0,FALSE
836.2096,2.624,2.613,1.916,1.757,10.692,18,16,0,1784120.9,67,67,65,66,91,91,86,86,19.864,19.855,21.681,21.665,2957.07,97570,50991,0,917,11184,14,9,1,0,0,28,23,14,0,13,9,FALSE,0,FALSE
836.70764,2.636,2.627,1.918,1.759,10.678,18,16,0,1775529,67,68,66,67,92,91,86,86,19.867,19.857,21.682,21.666,2989.793,97570,50991,0,917,11167,14,9,1,0,0,28,23,14,0,13,9,FALSE,0,FALSE
838.2064,2.671,2.664,1.921,1.762,10.638,18,16,0,1754977,67,67,67,66,92,91,86,86,19.87,19.861,21.684,21.668,3096.715,97570,50991,0,934,11150,14,9,1,0,0,28,23,14,0,13,9,FALSE,0,FALSE
838.70844,2.68,2.676,1.921,1.762,10.624,18,16,0,1746333.2,66,67,66,66,92,91,86,86,19.87,19.862,21.683,21.668,3134.754,97570,50991,0,934,11134,14,9,1,0,0,28,23,14,0,13,9,FALSE,0,FALSE
839.20935,2.69,2.684,1.922,1.763,10.61,18,16,0,1737689.5,67,67,67,67,92,91,86,86,19.87,19.862,21.682,21.667,3173.84,97570,50991,0,917,11134,14,9,1,0,0,28,23,14,0,13,9,FALSE,0,FALSE
839.7055,2.699,2.693,1.922,1.763,10.598,18,16,0,1734359.2,67,67,67,67,92,91,86,86,19.869,19.861,21.681,21.666,3213.789,97570,50991,0,917,11100,14,9,1,0,0,28,23,14,0,13,9,FALSE,0,FALSE
840.2084,2.708,2.7,1.922,1.763,10.584,18,16,0,1725715.5,67,67,67,67,92,91,86,86,19.868,19.86,21.679,21.664,3254.426,97570,50991,0,934,11066,14,9,1,0,0,28,23,14,0,13,9,FALSE,0,FALSE
840.7065,2.716,2.709,1.922,1.764,10.57,18,16,0,1717071.8,67,67,67,67,92,91,86,86,19.867,19.859,21.676,21.662,3295.766,97570,50991,0,933,11066,14,9,1,0,0,28,23,14,0,13,9,FALSE,0,FALSE
841.2079,2.726,2.716,1.922,1.764,10.557,18,16,0,1708428,67,67,67,67,92,91,86,86,19.866,19.857,21.674,21.659,3337.734,97570,50991,0,933,11050,14,9,1,0,0,28,23,14,0,13,9,FALSE,0,FALSE
841.7014,2.745,2.736,1.949,1.79,10.548,18,16,0,1722043.9,70,70,71,72,92,91,86,86,19.865,19.856,21.673,21.659,3377.469,97570,50991,0,933,11033,14,9,1,0,0,28,23,14,0,13,9,FALSE,0,FALSE
842.2045,2.768,2.766,1.977,1.82,10.546,18,16,0,1754036.9,69,70,71,72,92,91,86,86,19.869,19.861,21.681,21.667,3410.758,97570,50991,0,933,11033,14,9,1,0,0,28,23,14,0,13,9,FALSE,0,FALSE
842.70514,2.808,2.819,2.043,1.893,10.546,18,16,0,1782971.8,73,78,80,84,92,92,86,86,19.875,19.869,21.692,21.679,3437.676,97570,50991,0,934,11033,14,9,1,0,0,28,23,14,0,13,9,FALSE,0,FALSE
843.20886,2.845,2.867,2.125,2.001,10.546,18,16,0,1803220.1,73,79,86,97,92,92,86,86,19.883,19.88,21.706,21.696,3459.406,97570,50991,0,934,11034,14,9,1,0,0,28,23,14,0,13,9,FALSE,0,FALSE
843.7061,2.876,2.906,2.187,2.084,10.539,18,16,0,1810021.8,75,80,84,94,92,92,87,86,19.891,19.89,21.721,21.716,3482.934,97570,50991,0,983,11034,14,9,1,0,0,28,23,14,0,13,9,FALSE,0,FALSE
844.20593,2.919,2.957,2.224,2.13,10.528,18,16,0,1816301.8,77,82,79,86,92,92,87,87,19.899,19.901,21.733,21.732,3505.484,97570,50991,0,983,11067,14,9,1,0,0,28,23,14,0,13,9,FALSE,0,FALSE
845.2058,3.053,3.114,2.293,2.211,10.503,18,16,0,1827996,82,88,73,77,93,93,87,87,19.92,19.927,21.751,21.755,3551.973,97570,50991,0,1034,11067,14,9,1,0,0,28,23,14,0,13,9,FALSE,0,FALSE
845.70636,3.087,3.153,2.321,2.24,10.49,18,16,0,1822650.8,75,79,73,75,93,93,87,87,19.928,19.937,21.758,21.762,3577.641,97570,50991,0,1034,11100,14,9,1,0,0,28,23,14,0,13,9,FALSE,0,FALSE
846.20605,3.133,3.207,2.36,2.28,10.477,18,16,0,1822068.9,74,79,74,76,93,93,87,87,19.934,19.945,21.764,21.77,3605.062,97570,50991,0,1034,11100,14,9,1,0,0,28,23,14,0,13,9,FALSE,0,FALSE
846.7051,3.182,3.266,2.403,2.326,10.463,18,16,0,1814803.2,74,79,73,76,93,93,87,88,19.94,19.953,21.77,21.777,3634.199,97570,50991,0,1033,11100,14,9,1,0,0,28,23,14,0,13,9,FALSE,0,FALSE
847.20544,3.212,3.303,2.427,2.349,10.449,18,16,0,1806848.8,70,74,70,72,93,93,87,88,19.944,19.959,21.774,21.782,3665.281,97570,50991,0,1033,11067,14,9,1,0,0,28,23,14,0,13,9,FALSE,0,FALSE
847.7039,3.228,3.325,2.436,2.357,10.437,18,16,0,1804256.2,68,71,67,68,93,93,88,88,19.946,19.963,21.777,21.784,3697.051,97570,50991,0,1000,11067,14,9,1,0,0,28,23,14,0,13,9,FALSE,0,FALSE
848.2058,3.241,3.339,2.44,2.36,10.423,18,16,0,1795324.4,69,69,67,66,93,93,88,88,19.947,19.964,21.778,21.785,3732.008,97570,50991,0,1000,11066,14,9,1,0,0,28,23,14,0,13,9,FALSE,0,FALSE
848.703,3.288,3.376,2.495,2.413,10.409,18,16,0,1786968.8,77,74,79,76,93,93,88,88,19.949,19.966,21.78,21.787,3765.418,97570,50991,0,1000,11083,14,9,1,0,0,28,23,14,0,13,9,FALSE,0,FALSE
849.2094,3.388,3.461,2.622,2.525,10.395,18,16,0,1778036.9,82,78,87,82,93,93,88,88,19.956,19.971,21.788,21.792,3802.152,97570,50991,0,1017,11083,14,9,1,0,0,28,23,14,0,13,9,FALSE,0,FALSE
849.7084,3.483,3.539,2.744,2.635,10.382,18,16,0,1774791.8,83,78,87,82,93,94,88,88,19.963,19.975,21.795,21.798,3838.508,97570,50991,0,1000,11067,14,9,1,0,0,28,23,14,0,13,9,FALSE,0,FALSE
850.20526,3.574,3.615,2.868,2.746,10.369,18,16,0,1766148,82,77,87,82,93,94,88,88,19.969,19.979,21.802,21.803,3875.301,97570,50991,0,1000,11067,14,9,1,0,0,28,23,14,0,13,9,FALSE,0,FALSE
850.7059,3.65,3.677,2.957,2.828,10.355,18,16,0,1757504.2,79,75,83,79,94,94,88,88,19.974,19.981,21.807,21.806,3912.172,97570,50991,0,1000,11067,14,9,1,0,0,28,23,14,0,13,9,FALSE,0,FALSE
851.70776,3.771,3.775,3.074,2.937,10.328,18,16,0,1740216.8,71,69,70,68,94,94,88,88,19.98,19.984,21.812,21.808,3984.781,97570,50991,0,1016,11066,14,9,1,0,0,28,23,14,0,13,9,FALSE,0,FALSE
852.20874,3.786,3.786,3.081,2.946,10.314,18,16,0,1734236.5,69,68,69,68,94,94,88,88,19.979,19.982,21.81,21.805,4022.105,97570,50991,39805,1016,11066,14,9,1,0,0,28,23,14,0,13,9,FALSE,0,FALSE
852.70636,3.815,3.813,3.114,2.98,10.312,18,16,0,1765159.9,70,69,71,71,94,94,88,88,19.98,19.982,21.814,21.809,4054.652,97570,50991,39805,1016,11066,14,9,1,0,0,28,23,14,0,13,9,FALSE,0,FALSE
853.2088,3.848,3.838,3.157,3.02,10.311,18,16,0,1791796.8,73,70,78,74,94,94,88,88,19.984,19.986,21.822,21.816,4080.012,97570,50991,39805,1083,11116,14,9,1,0,0,28,23,14,0,13,9,FALSE,0,FALSE
853.70807,3.888,3.866,3.211,3.064,10.311,18,16,0,1808942.8,76,71,82,76,94,94,88,88,19.991,19.99,21.832,21.825,4102.246,97570,50991,39805,1083,11116,14,9,1,0,0,28,23,14,0,13,9,FALSE,0,FALSE
854.2075,3.924,3.892,3.281,3.117,10.311,18,16,0,1822269.9,77,71,89,80,94,94,89,88,19.998,19.994,21.844,21.834,4122.961,97570,50991,39805,1117,11133,14,9,1,0,0,28,23,14,0,13,9,FALSE,0,FALSE
854.70636,3.964,3.917,3.358,3.185,10.308,18,16,0,1829646.6,80,71,91,87,94,94,89,89,20.005,19.998,21.859,21.845,4144.668,97570,50991,39805,1117,11133,14,9,1,0,0,28,23,14,0,13,9,FALSE,0,FALSE
855.20776,4,3.954,3.422,3.219,10.301,18,16,0,1836325.4,78,75,90,80,94,94,89,89,20.013,20.003,21.874,21.854,4167.559,97570,50991,39805,1117,11133,14,9,1,0,0,28,23,14,0,13,9,FALSE,0,FALSE
855.70715,4.039,3.987,3.451,3.242,10.291,18,16,0,1842529.8,79,75,80,74,94,94,89,89,20.02,20.008,21.884,21.861,4188.027,97570,50991,39805,1100,11134,14,9,1,0,0,28,23,14,0,13,9,FALSE,0,FALSE
856.2048,4.071,4.018,3.465,3.255,10.279,18,16,0,1841112.6,77,75,73,70,94,94,89,89,20.026,20.013,21.891,21.866,4209.348,97570,50991,39805,1100,11134,14,9,1,0,0,28,23,14,0,13,9,FALSE,0,FALSE
857.20654,4.121,4.065,3.47,3.262,10.252,18,16,0,1788853.1,71,70,66,66,95,94,89,89,20.033,20.019,21.896,21.87,4262.754,97570,50991,39805,1150,11166,14,9,1,0,0,28,23,14,0,13,9,FALSE,0,FALSE
858.20825,4.153,4.096,3.47,3.262,10.225,18,16,0,1688032,69,69,66,66,95,94,89,89,20.036,20.021,21.897,21.87,4325.027,97570,50991,39805,1150,11167,14,9,1,0,0,28,23,14,0,13,9,FALSE,0,FALSE
859.2074,4.179,4.122,3.47,3.262,10.198,18,16,0,1578274.8,68,68,66,66,95,94,89,89,20.035,20.02,21.895,21.869,4394.613,97570,50991,39805,1134,11117,14,9,1,0,0,28,23,14,0,13,9,FALSE,0,FALSE
860.7032,4.215,4.157,3.47,3.262,10.158,18,16,0,1412692.6,69,69,66,67,95,94,89,89,20.031,20.017,21.889,21.863,4507.797,97570,50991,39805,1083,11100,14,9,1,0,0,28,23,14,0,13,9,FALSE,0,FALSE
861.20624,4.223,4.166,3.47,3.262,10.145,18,16,0,1393966.5,68,68,66,67,95,94,89,89,20.029,20.015,21.885,21.86,4549.199,97570,50991,39805,1083,11083,14,9,1,0,0,28,23,14,0,13,9,FALSE,0,FALSE
861.7064,4.231,4.174,3.47,3.262,10.131,18,16,0,1385322.8,69,69,67,67,94,94,89,89,20.026,20.012,21.882,21.857,4589.836,97570,50991,39805,1050,11034,14,9,1,0,0,28,23,14,0,13,9,FALSE,0,FALSE
862.2045,4.239,4.182,3.47,3.262,10.118,18,16,0,1376967.1,69,69,67,67,94,94,89,89,20.024,20.01,21.878,21.853,4629.625,97570,50991,39805,1033,11034,14,9,1,0,0,28,23,14,0,13,9,FALSE,0,FALSE
863.20557,4.255,4.2,3.47,3.262,10.09,18,16,0,1359391.5,70,70,68,68,94,94,89,89,20.018,20.004,21.87,21.845,4714.691,97570,50991,39805,1016,11000,14,9,1,0,0,28,23,14,0,13,9,FALSE,0,FALSE
863.70886,4.264,4.208,3.47,3.262,10.076,18,16,0,1350747.8,70,70,68,68,94,94,89,89,20.014,20.001,21.865,21.841,4757.086,97570,50991,39805,1016,10983,14,9,1,0,0,28,23,14,0,13,9,FALSE,0,FALSE
864.20435,4.273,4.216,3.47,3.262,10.062,18,16,0,1342392.1,69,69,68,67,94,94,89,88,20.011,19.997,21.86,21.836,4798.348,97570,50991,39805,1000,10983,14,9,1,0,0,28,23,14,0,13,9,FALSE,0,FALSE
864.70905,4.297,4.239,3.498,3.289,10.054,18,16,0,1359263,70,70,72,72,94,94,89,88,20.008,19.994,21.858,21.834,4840.914,97570,50991,39805,1000,10967,14,9,1,0,0,28,23,14,0,13,9,FALSE,0,FALSE
865.2068,4.326,4.27,3.535,3.325,10.052,18,16,0,1390404.5,71,71,73,73,94,94,89,89,20.011,19.997,21.865,21.841,4873.371,97570,50991,39805,1000,10950,14,9,1,0,0,28,23,14,0,13,9,FALSE,0,FALSE
865.7074,4.349,4.29,3.558,3.348,10.052,18,16,0,1416665.2,71,68,73,71,94,94,89,89,20.015,20.001,21.874,21.85,4898.188,97570,50991,39805,1000,10950,14,9,1,0,0,28,23,14,0,13,9,FALSE,0,FALSE
866.2055,4.38,4.312,3.611,3.391,10.052,18,16,0,1436570.6,75,70,82,76,94,94,89,89,20.021,20.006,21.885,21.86,4918.555,97570,50991,39805,1000,10950,14,9,1,0,0,28,23,14,0,13,9,FALSE,0,FALSE
866.7043,4.414,4.338,3.691,3.446,10.051,18,16,0,1450845.4,76,72,93,82,95,94,90,89,20.029,20.011,21.899,21.871,4936.84,97570,50991,39805,1000,10950,14,9,1,0,0,28,23,14,0,13,9,FALSE,0,FALSE
867.2061,4.441,4.359,3.765,3.497,10.046,18,16,0,1457460.8,77,73,95,83,95,94,90,89,20.036,20.016,21.918,21.884,4960.012,97570,50991,39805,950,10900,14,9,1,0,0,28,23,14,0,13,9,FALSE,0,FALSE
867.7044,4.482,4.395,3.793,3.518,10.038,18,16,0,1462874.6,80,76,84,76,95,94,90,89,20.045,20.023,21.932,21.894,4976.492,97570,50991,39805,950,10900,14,9,1,0,0,28,23,14,0,13,9,FALSE,0,FALSE
868.2027,4.512,4.422,3.804,3.528,10.027,18,16,0,1463437.2,76,74,74,70,95,95,90,90,20.053,20.029,21.941,21.902,4996.16,97570,50991,39805,934,10884,14,9,1,0,0,28,23,14,0,13,9,FALSE,0,FALSE
868.70746,4.546,4.457,3.815,3.539,10.013,18,16,0,1459350.1,76,74,71,67,95,95,90,90,20.06,20.035,21.948,21.907,5018.355,97570,50991,39805,934,10884,14,9,1,0,0,28,23,14,0,13,9,FALSE,0,FALSE
869.2036,4.583,4.493,3.827,3.55,10,18,16,0,1426439.9,76,74,69,67,95,95,90,90,20.065,20.04,21.952,21.91,5041.309,97570,50991,39805,933,10884,14,9,1,0,0,28,23,14,0,13,9,FALSE,0,FALSE
869.7072,4.609,4.516,3.832,3.556,9.987,18,16,0,1388026.1,72,70,67,66,95,95,90,90,20.07,20.044,21.956,21.913,5069.309,97570,50991,39805,933,10883,14,9,1,0,0,28,23,14,0,13,9,FALSE,0,FALSE
870.20245,4.631,4.533,3.833,3.558,9.973,18,16,0,1339739.4,71,69,66,66,95,95,91,90,20.073,20.047,21.958,21.915,5098.336,97570,50991,39805,933,10883,14,9,1,0,0,28,23,14,0,13,9,FALSE,0,FALSE
870.7005,4.647,4.548,3.833,3.558,9.96,18,16,0,1289779.2,70,69,65,66,95,95,91,90,20.075,20.048,21.958,21.916,5130.227,97570,50991,39805,933,10867,14,9,1,0,0,28,23,14,0,13,9,FALSE,0,FALSE
871.20526,4.662,4.563,3.833,3.558,9.946,18,16,0,1230243.8,70,69,66,67,95,95,91,90,20.076,20.049,21.959,21.917,5165.164,97570,50991,39805,933,10867,14,9,1,0,0,28,23,14,0,13,9,FALSE,0,FALSE
871.70374,4.677,4.576,3.833,3.558,9.933,18,16,0,1174549.2,70,69,66,67,95,95,91,90,20.077,20.049,21.958,21.918,5199.535,97570,50991,39805,933,10850,14,9,1,0,0,28,23,14,0,13,9,FALSE,0,FALSE
872.2066,4.693,4.589,3.833,3.559,9.919,18,16,0,1120733.9,70,69,67,67,95,95,91,90,20.077,20.05,21.958,21.917,5237.664,97570,50991,39805,933,10850,14,9,1,0,0,28,23,14,0,13,9,FALSE,0,FALSE
872.7005,4.706,4.6,3.833,3.559,9.906,18,16,0,1074833.6,69,69,67,67,95,95,90,90,20.077,20.049,21.956,21.916,5274.59,97570,50991,39805,933,10833,14,9,1,0,0,28,23,14,0,13,9,FALSE,0,FALSE
873.2015,4.715,4.609,3.833,3.559,9.892,18,16,0,1066189.9,69,69,67,67,95,95,90,90,20.076,20.049,21.955,21.915,5313.715,97570,50991,39805,917,10833,14,9,1,0,0,28,23,14,0,13,9,FALSE,0,FALSE
873.7053,4.724,4.618,3.833,3.559,9.878,18,16,0,1057258,67,67,67,67,95,95,90,90,20.074,20.047,21.952,21.912,5354.988,97570,50991,39805,900,10833,14,9,1,0,0,28,23,14,0,13,9,FALSE,0,FALSE
874.2043,4.732,4.626,3.833,3.559,9.866,18,16,0,1054345.8,67,67,67,67,95,95,90,90,20.071,20.044,21.949,21.91,5394.293,97570,50991,39805,866,10733,14,9,1,0,0,28,23,14,0,13,9,FALSE,0,FALSE
874.7002,4.74,4.634,3.833,3.559,9.852,18,16,1,1045702.6,67,67,67,67,95,95,90,90,20.068,20.042,21.946,21.907,26.773,113172,0,0,866,10733,14,10,1,0,0,28,23,14,0,13,9,FALSE,0,FALSE
875.2017,4.748,4.642,3.833,3.559,9.838,18,16,1,1037060.75,67,67,67,67,95,95,90,90,20.065,20.038,21.942,21.903,68.832,113172,0,0,867,10733,14,10,1,0,0,28,23,14,0,13,9,FALSE,0,FALSE
875.70056,4.757,4.651,3.833,3.559,9.824,18,16,1,1028418.9,67,67,67,67,95,95,90,90,20.061,20.035,21.938,21.899,111.473,113172,0,0,850,10733,14,10,1,0,0,28,23,14,0,13,9,FALSE,0,FALSE
876.20135,4.765,4.659,3.833,3.559,9.81,18,16,1,1019777,68,68,67,67,95,95,90,89,20.057,20.031,21.933,21.895,154.691,113172,0,0,850,10733,14,10,1,0,0,28,23,14,0,13,9,FALSE,0,FALSE
876.69806,4.773,4.667,3.833,3.559,9.797,18,16,1,1011135.1,68,67,67,67,95,94,90,89,20.052,20.027,21.928,21.89,198.414,113172,0,0,850,10666,14,10,1,0,0,28,23,14,0,13,9,FALSE,0,FALSE
877.20746,4.781,4.675,3.833,3.559,9.782,18,16,1,1002205.2,67,66,66,67,95,94,90,89,20.047,20.022,21.922,21.885,244.062,113172,0,0,850,10666,14,10,1,0,0,28,23,14,0,13,9,FALSE,0,FALSE
877.7024,4.789,4.683,3.833,3.559,9.769,18,16,1,993851.4,68,68,68,68,95,94,90,89,20.042,20.017,21.917,21.879,287.117,113172,0,0,833,10633,14,10,1,0,0,28,23,14,0,13,9,FALSE,0,FALSE
878.2028,4.797,4.691,3.833,3.559,9.755,18,16,1,985212.2,68,68,68,68,95,94,90,89,20.037,20.012,21.911,21.874,332,113172,0,0,816,10633,14,10,1,0,0,28,23,14,0,13,9,FALSE,0,FALSE
878.70416,4.805,4.699,3.833,3.559,9.741,18,16,1,976696.44,68,67,67,67,95,94,90,89,20.031,20.006,21.905,21.868,377.18,113172,0,0,817,10617,14,10,1,0,0,28,23,14,0,13,9,FALSE,0,FALSE
879.2011,4.813,4.706,3.833,3.559,9.728,18,16,1,968336.1,68,68,67,67,94,94,90,89,20.026,20.001,21.898,21.861,422.586,113172,0,0,800,10617,14,10,1,0,0,28,23,14,0,13,9,FALSE,0,FALSE
879.7044,4.82,4.714,3.833,3.559,9.714,18,16,1,960120.44,67,67,67,67,94,94,89,89,20.019,19.995,21.892,21.855,468.203,113172,0,0,800,10566,14,10,1,0,0,28,23,14,0,13,9,FALSE,0,FALSE
880.7056,4.836,4.729,3.833,3.559,9.686,18,16,1,943851.7,68,68,68,68,94,94,89,89,20.006,19.982,21.877,21.841,561.582,113172,0,0,800,10566,14,10,1,0,0,28,23,14,0,13,9,FALSE,0,FALSE
881.204,4.847,4.74,3.842,3.568,9.673,18,16,1,944110.4,69,70,72,70,94,94,89,88,20,19.976,21.871,21.835,605.938,113172,0,0,800,10517,14,10,1,0,0,28,23,14,0,13,9,FALSE,0,FALSE
881.70624,4.883,4.775,3.889,3.615,9.672,18,16,1,981715.5,70,70,73,73,94,94,89,89,20,19.976,21.876,21.84,646.281,113172,0,0,800,10517,14,10,1,0,0,28,23,14,0,13,9,FALSE,0,FALSE
882.2065,4.917,4.804,3.921,3.651,9.67,18,16,1,1010429.56,71,71,73,73,94,94,89,89,20.004,19.98,21.885,21.849,675.941,113172,0,0,800,10533,14,10,1,0,0,28,23,14,0,13,9,FALSE,0,FALSE
882.7027,4.958,4.841,3.942,3.682,9.669,18,16,1,1032338.9,74,74,72,73,94,94,89,89,20.011,19.987,21.895,21.86,697.105,113172,0,0,766,10533,14,10,1,0,0,28,23,14,0,13,9,FALSE,0,FALSE
883.2034,4.98,4.863,3.96,3.699,9.669,18,16,1,1050753,74,73,73,72,94,94,90,89,20.018,19.994,21.904,21.87,713.363,113172,0,0,766,10533,14,10,1,0,0,28,23,14,0,13,9,FALSE,0,FALSE
884.20624,5.002,4.881,4.006,3.729,9.669,18,16,1,1075119.1,70,69,81,72,95,94,90,89,20.032,20.006,21.925,21.888,738.047,113172,0,0,766,10583,14,10,1,0,0,28,23,14,0,13,9,FALSE,0,FALSE
884.70654,5.016,4.9,4.04,3.744,9.668,18,16,1,1079825.2,71,73,86,74,95,94,90,89,20.037,20.013,21.939,21.895,758.68,113172,0,0,617,10583,14,10,1,0,0,28,23,14,0,13,9,FALSE,0,FALSE
885.20386,5.029,4.908,4.047,3.751,9.665,18,16,1,1084534,72,70,79,72,95,94,90,90,20.044,20.018,21.952,21.904,768.312,113172,0,0,617,10500,14,10,1,0,0,28,23,14,0,13,9,FALSE,0,FALSE
885.70166,5.041,4.921,4.051,3.754,9.659,18,16,1,1088403.2,72,70,74,68,95,94,91,90,20.05,20.024,21.962,21.911,779.133,113172,0,0,617,10500,14,10,1,0,0,28,23,14,0,13,9,FALSE,0,FALSE
886.2025,5.062,4.951,4.052,3.756,9.651,18,16,1,1091387.8,75,75,69,66,95,95,91,90,20.056,20.03,21.969,21.917,792.406,113172,0,0,617,10500,14,10,1,0,0,28,23,14,0,13,9,FALSE,0,FALSE
886.7042,5.084,4.976,4.054,3.758,9.641,18,16,1,1097355.4,75,75,66,66,95,95,91,90,20.063,20.038,21.974,21.922,808.484,113172,0,0,416,10500,14,10,1,0,0,28,23,14,0,13,9,FALSE,0,FALSE
887.2035,5.108,5,4.068,3.776,9.631,18,16,1,1098072.2,74,75,67,70,95,95,91,90,20.069,20.044,21.978,21.927,826.906,113172,0,0,416,10500,14,10,1,0,0,28,23,14,0,13,9,FALSE,0,FALSE
887.7065,5.148,5.046,4.096,3.808,9.62,18,16,1,1103891.6,76,80,71,75,95,95,91,90,20.076,20.053,21.984,21.935,852.645,113172,0,0,383,10517,14,10,1,0,0,28,23,14,0,13,9,FALSE,0,FALSE
888.2071,5.179,5.083,4.117,3.831,9.609,18,16,1,1110008.9,74,78,71,73,95,95,91,90,20.082,20.061,21.989,21.941,874.828,113172,0,0,383,10517,14,10,1,0,0,28,23,14,0,13,9,FALSE,0,FALSE
889.20355,5.239,5.149,4.137,3.849,9.583,18,16,1,1108933.1,71,72,65,67,96,95,91,90,20.091,20.072,21.995,21.949,924.234,113172,0,0,384,10534,14,10,1,0,0,28,23,14,0,13,9,FALSE,0,FALSE
889.7044,5.262,5.174,4.146,3.854,9.57,18,16,1,1102204.1,71,72,68,66,96,95,91,90,20.093,20.074,21.996,21.951,953.859,113172,0,0,383,10534,14,10,1,0,0,28,23,14,0,13,9,FALSE,0,FALSE
890.20404,5.293,5.199,4.165,3.874,9.557,18,16,1,1100031.1,73,70,71,68,96,95,91,90,20.096,20.077,21.998,21.952,984.793,113172,0,0,383,10533,14,10,1,0,0,28,23,14,0,13,9,FALSE,0,FALSE
891.2036,5.35,5.244,4.193,3.903,9.529,18,16,1,1083168.4,68,67,66,66,96,95,91,90,20.101,20.079,22.001,21.954,1049.098,113172,0,0,383,10533,14,10,1,0,0,28,23,14,0,13,9,FALSE,0,FALSE
891.70435,5.361,5.254,4.193,3.903,9.517,18,16,1,1079892.5,67,66,66,65,96,95,91,90,20.1,20.078,21.999,21.952,1083.832,113172,0,0,383,10533,14,10,1,0,0,28,23,14,0,13,9,FALSE,0,FALSE
892.20654,5.371,5.266,4.194,3.904,9.502,18,16,1,1070960.6,67,67,66,66,96,95,91,90,20.099,20.076,21.997,21.951,1121.059,113172,0,0,400,10533,14,10,1,0,0,28,23,14,0,13,9,FALSE,0,FALSE
892.7015,5.38,5.275,4.194,3.904,9.489,18,16,1,1062605,67,67,66,66,96,95,91,90,20.097,20.075,21.995,21.949,1157.117,113172,0,0,400,10517,14,10,1,0,0,28,23,14,0,13,9,FALSE,0,FALSE
893.201,5.389,5.284,4.194,3.904,9.475,18,16,1,1053961.2,67,67,66,66,96,95,91,90,20.094,20.073,21.992,21.946,1195.586,113172,0,0,400,10517,14,10,1,0,0,28,23,14,0,13,9,FALSE,0,FALSE
894.2041,5.407,5.302,4.194,3.904,9.449,18,16,1,1042080.9,67,67,67,66,96,95,91,90,20.089,20.067,21.985,21.94,1275.504,113172,0,0,383,10450,14,10,1,0,0,28,23,14,0,13,9,FALSE,0,FALSE
894.7052,5.416,5.31,4.194,3.904,9.434,18,16,1,1033150.94,67,67,67,67,96,95,91,90,20.085,20.064,21.981,21.935,1318.031,113172,0,0,383,10450,14,10,1,0,0,28,23,14,0,13,9,FALSE,0,FALSE
895.7029,5.432,5.327,4.195,3.904,9.407,18,16,1,1017347.94,67,68,67,67,95,95,91,90,20.077,20.057,21.971,21.926,1401.156,113172,0,0,367,10433,14,10,1,0,0,28,23,14,0,13,9,FALSE,0,FALSE
896.2054,5.469,5.359,4.248,3.95,9.404,18,16,1,1051409.4,71,70,74,73,95,95,91,90,20.077,20.057,21.975,21.93,1440.234,113172,0,0,350,10400,14,10,1,0,0,28,23,14,0,13,9,FALSE,0,FALSE
897.2046,5.517,5.423,4.308,3.992,9.403,18,16,1,1103176.6,70,69,72,70,96,95,91,90,20.086,20.068,21.991,21.945,1491.57,113172,0,0,350,10433,14,10,1,0,0,28,23,14,0,13,9,FALSE,0,FALSE
897.7028,5.596,5.469,4.549,4.233,9.29,18,16,1,2024945.6,75,75,70,66,97,96,92,91,20.138,20.102,22.052,22,1647.602,113586,0,0,334,11084,9,10,1,0,0,28,23,14,0,13,9,FALSE,0,FALSE
898.2045,5.578,5.466,4.439,4.096,9.401,18,16,1,1127651.2,76,71,92,84,96,95,91,91,20.1,20.078,22.017,21.966,1526.152,113172,0,0,433,10433,14,10,1,0,0,28,23,14,0,13,9,FALSE,0,FALSE
898.7041,5.611,5.488,4.498,4.143,9.397,18,16,1,1133969.9,79,72,92,84,96,96,92,91,20.108,20.083,22.032,21.979,1553.922,113172,0,0,516,10533,14,10,1,0,0,28,23,14,0,13,9,FALSE,0,FALSE
899.1994,5.638,5.51,4.545,4.175,9.391,18,16,1,1140222.8,77,72,89,79,96,96,92,91,20.116,20.088,22.046,21.99,1573.941,113172,0,0,516,10483,14,10,1,0,0,28,23,14,0,13,9,FALSE,0,FALSE
899.7051,5.672,5.539,4.575,4.199,9.384,18,16,1,1146695,79,74,82,75,96,96,92,91,20.124,20.093,22.058,21.999,1592.883,113172,0,0,516,10483,14,10,1,0,0,28,23,14,0,13,9,FALSE,0,FALSE
900.20355,5.715,5.576,4.592,4.213,9.374,18,16,1,1152077.4,81,76,75,70,96,96,92,91,20.132,20.1,22.067,22.005,1610.508,113172,0,0,483,10483,14,10,1,0,0,28,23,14,0,13,9,FALSE,0,FALSE
900.7036,5.74,5.602,4.601,4.222,9.362,18,16,1,1150028.9,76,74,71,68,97,96,92,91,20.139,20.105,22.072,22.009,1631.469,113172,0,0,483,10483,14,10,1,0,0,28,23,14,0,13,9,FALSE,0,FALSE
901.20306,5.774,5.635,4.605,4.227,9.349,18,16,1,1145750.4,75,74,67,65,97,96,92,91,20.144,20.11,22.075,22.012,1655.258,113172,0,0,483,10483,14,10,1,0,0,28,23,14,0,13,9,FALSE,0,FALSE
901.7046,5.795,5.656,4.606,4.227,9.336,18,16,1,1145588.6,71,71,65,63,97,96,92,91,20.148,20.113,22.077,22.013,1681.703,113172,0,0,384,10483,14,10,1,0,0,28,23,14,0,13,9,FALSE,0,FALSE
902.19855,5.812,5.672,4.606,4.228,9.322,18,16,1,1138756.4,69,69,65,65,97,96,92,91,20.149,20.115,22.077,22.013,1710.691,113172,0,0,384,10316,14,10,1,0,0,28,23,14,0,13,9,FALSE,0,FALSE
902.7052,5.827,5.692,4.614,4.235,9.309,18,16,1,1136211.9,69,70,66,67,97,96,92,91,20.15,20.117,22.077,22.014,1742.293,113172,0,0,350,10316,14,10,1,0,0,28,23,14,0,13,9,FALSE,0,FALSE
903.20435,5.847,5.718,4.63,4.249,9.295,18,16,1,1128001.6,69,71,68,69,97,96,92,91,20.151,20.118,22.077,22.015,1773.508,113172,0,0,334,10316,14,10,1,0,0,28,23,14,0,13,9,FALSE,0,FALSE
903.7003,5.872,5.75,4.652,4.271,9.281,18,16,1,1119357.9,70,73,69,71,97,96,92,91,20.151,20.12,22.076,22.016,1807.855,113172,29276,0,334,10267,14,10,1,0,0,28,23,14,0,13,9,FALSE,0,FALSE
904.2056,5.896,5.78,4.671,4.288,9.271,18,16,1,1125073,69,69,69,68,97,96,92,91,20.151,20.122,22.076,22.016,1845.164,113172,29276,0,300,10267,14,10,1,0,0,28,23,14,0,13,9,FALSE,0,FALSE
904.70575,5.959,5.828,4.765,4.369,9.271,18,16,1,1155464.4,80,75,88,81,97,96,93,92,20.155,20.125,22.082,22.021,1874.844,113172,29276,0,300,10267,14,10,1,0,0,28,23,14,0,13,9,FALSE,0,FALSE
905.2053,6.019,5.873,4.898,4.474,9.27,18,16,1,1172268.4,80,74,98,88,97,96,93,92,20.163,20.13,22.095,22.031,1902.051,113172,29276,0,283,10283,14,10,1,0,0,28,23,14,0,13,9,FALSE,0,FALSE
906.2038,6.131,5.963,5.03,4.581,9.251,18,16,1,1181997.1,80,75,79,74,97,97,93,92,20.177,20.139,22.117,22.047,1956.023,113172,29276,0,333,10283,14,10,1,0,0,28,23,14,0,13,9,FALSE,0,FALSE
906.7007,6.153,5.983,5.035,4.587,9.237,18,16,1,1175579.2,71,69,68,67,97,97,93,92,20.181,20.141,22.119,22.048,1983.59,113172,29276,0,367,10334,14,10,1,0,0,28,23,14,0,13,9,FALSE,0,FALSE
907.7061,6.239,6.091,5.166,4.75,9.215,18,16,1,1181719.5,77,81,83,92,97,97,93,92,20.184,20.148,22.122,22.056,2047.539,113172,29276,0,350,10334,14,10,1,0,0,28,23,14,0,13,9,FALSE,0,FALSE
908.20526,6.316,6.182,5.248,4.853,9.202,18,16,1,1178228.2,81,86,80,86,97,97,93,92,20.188,20.155,22.127,22.065,2077.902,113172,29276,0,350,10350,14,10,1,0,0,28,23,14,0,13,9,FALSE,0,FALSE
908.6984,6.356,6.231,5.278,4.884,9.189,18,16,1,1175877.5,72,75,71,74,97,97,93,92,20.191,20.159,22.128,22.068,2108.176,113172,29276,0,367,10350,14,10,1,0,0,28,23,14,0,13,9,FALSE,0,FALSE
909.2046,6.38,6.263,5.297,4.902,9.175,18,16,1,1167241,70,73,69,70,97,97,93,92,20.19,20.161,22.127,22.068,2141.176,113172,29276,0,400,10400,14,10,1,0,0,28,23,14,0,13,9,FALSE,0,FALSE
909.70374,6.398,6.285,5.318,4.922,9.164,18,16,1,1171400.2,70,71,72,72,97,97,93,92,20.189,20.161,22.125,22.067,2174.766,113172,29276,0,400,10400,14,10,1,0,0,28,23,14,0,13,9,FALSE,0,FALSE
910.2036,6.422,6.309,5.34,4.947,9.163,18,16,1,1200081.5,70,70,71,71,97,97,93,92,20.191,20.163,22.13,22.072,2202.266,113172,29276,0,400,10400,14,10,1,0,0,28,23,14,0,13,9,FALSE,0,FALSE
910.70526,6.434,6.318,5.348,4.956,9.162,18,16,1,1225452.1,68,67,70,68,98,97,93,92,20.193,20.165,22.135,22.077,2224.914,113172,29276,0,400,10534,14,10,1,0,0,28,23,14,0,13,9,FALSE,0,FALSE
911.70294,6.466,6.341,5.393,4.995,9.162,18,16,1,1262434.4,73,68,78,73,98,97,94,93,20.199,20.169,22.146,22.088,2257.375,113172,29276,0,400,10534,14,10,1,0,0,28,23,14,0,13,9,FALSE,0,FALSE
912.205,6.485,6.355,5.447,5.031,9.162,18,16,1,1274372.8,74,69,88,78,98,97,94,93,20.205,20.172,22.157,22.096,2270.375,113172,29276,0,450,10534,14,10,1,0,0,28,23,14,0,13,9,FALSE,0,FALSE
912.7028,6.498,6.365,5.501,5.066,9.161,18,16,1,1280733.6,73,69,96,82,98,97,94,93,20.209,20.175,22.171,22.105,2285.824,113172,29276,0,450,10483,14,10,1,0,0,28,23,14,0,13,9,FALSE,0,FALSE
913.7042,6.534,6.395,5.536,5.095,9.151,18,16,1,1292726.1,75,71,81,74,98,97,94,93,20.22,20.182,22.196,22.122,2312.766,113172,29276,0,450,10483,14,10,1,0,0,28,23,14,0,13,9,FALSE,0,FALSE
914.20526,6.552,6.413,5.543,5.102,9.143,18,16,1,1299495.4,75,72,75,70,98,97,95,93,20.225,20.185,22.203,22.126,2326.992,113172,29276,0,283,10483,14,10,1,0,0,28,23,14,0,13,9,FALSE,0,FALSE
914.7044,6.577,6.443,5.547,5.106,9.133,18,16,1,1305461.2,76,76,71,67,98,97,95,93,20.229,20.19,22.207,22.129,2342.426,113172,29276,0,283,10483,14,10,1,0,0,28,23,14,0,13,9,FALSE,0,FALSE
915.2049,6.602,6.471,5.548,5.107,9.12,18,16,1,1310769.4,75,75,67,65,98,98,95,93,20.234,20.195,22.209,22.131,2362.336,113172,29276,0,283,10483,14,10,1,0,0,28,23,14,0,13,9,FALSE,0,FALSE
915.69916,6.624,6.495,5.549,5.108,9.108,18,16,1,1312607.9,73,73,65,65,98,98,95,93,20.238,20.199,22.209,22.131,2383.707,113172,29276,0,267,10483,14,10,1,0,0,28,23,14,0,13,9,FALSE,0,FALSE
916.703,6.655,6.529,5.549,5.108,9.081,18,16,1,1306763.9,69,68,65,65,98,98,95,93,20.241,20.201,22.208,22.131,2435.574,113172,29276,0,217,10433,14,10,1,0,0,28,23,14,0,13,9,FALSE,0,FALSE
917.2034,6.669,6.542,5.549,5.108,9.068,18,16,1,1299626.9,69,68,65,65,98,98,95,93,20.241,20.201,22.206,22.13,2464.762,113172,29276,0,217,10383,14,10,1,0,0,28,23,14,0,13,9,FALSE,0,FALSE
917.70374,6.68,6.553,5.549,5.108,9.055,18,16,1,1297001.9,68,68,66,65,98,98,95,93,20.24,20.201,22.204,22.128,2495.668,113172,29276,0,183,10367,14,10,1,0,0,28,23,14,0,13,9,FALSE,0,FALSE
918.20026,6.691,6.565,5.549,5.108,9.041,18,16,1,1288416.4,68,68,66,65,98,98,95,93,20.239,20.199,22.201,22.126,2528.234,113172,29276,0,183,10367,14,10,1,0,0,28,23,14,0,13,9,FALSE,0,FALSE
918.7015,6.704,6.581,5.556,5.114,9.027,18,16,1,1279772.6,68,70,67,68,98,98,94,93,20.237,20.198,22.198,22.124,2562.48,113172,29276,0,167,10366,14,10,1,0,0,28,23,14,0,13,9,FALSE,0,FALSE
919.2022,6.732,6.618,5.585,5.143,9.015,18,16,1,1276442,70,73,70,71,98,98,94,93,20.235,20.198,22.196,22.123,2597.746,113172,29276,0,166,10350,14,10,1,0,0,28,23,14,0,13,9,FALSE,0,FALSE
919.70416,6.77,6.665,5.643,5.193,9.011,18,16,1,1300842.6,71,74,74,76,98,98,94,93,20.236,20.2,22.198,22.126,2630.465,113172,29276,0,166,10350,14,10,1,0,0,28,23,14,0,13,9,FALSE,0,FALSE
920.2037,6.79,6.692,5.668,5.219,9.009,18,16,1,1327888.4,69,72,71,74,98,98,95,93,20.237,20.204,22.202,22.131,2659,113172,29276,0,167,10350,14,10,1,0,0,28,23,14,0,13,9,FALSE,0,FALSE
920.704,6.804,6.713,5.686,5.237,9.009,18,16,1,1353372.8,68,71,70,73,98,98,95,93,20.239,20.207,22.205,22.136,2682.91,113172,29276,0,167,10467,14,10,1,0,0,28,23,14,0,13,9,FALSE,0,FALSE
921.7016,6.825,6.74,5.709,5.261,9.009,18,16,1,1394271.6,67,69,69,72,98,98,95,94,20.242,20.214,22.213,22.147,2718.598,113172,29276,0,267,10616,14,10,1,0,0,28,23,14,0,13,9,FALSE,0,FALSE
922.2019,6.837,6.756,5.728,5.284,9.009,18,16,1,1409618.5,68,71,72,76,98,98,95,94,20.244,20.217,22.217,22.153,2731.727,113172,29276,0,267,10616,14,10,1,0,0,28,23,14,0,13,9,FALSE,0,FALSE
922.7037,6.848,6.768,5.753,5.327,9.008,18,16,1,1417983.4,69,71,75,85,99,98,95,94,20.246,20.221,22.223,22.162,2741.703,113172,29276,0,267,10616,14,10,1,0,0,28,23,14,0,13,9,FALSE,0,FALSE
923.2019,6.858,6.781,5.778,5.366,9.006,18,16,1,1423104.2,70,72,77,90,99,98,95,94,20.249,20.225,22.23,22.175,2762.215,113172,29276,0,383,10616,14,10,1,0,0,28,23,14,0,13,9,FALSE,0,FALSE
923.6997,6.866,6.79,5.785,5.374,9.002,18,16,1,1428100.2,68,72,74,82,99,98,95,94,20.251,20.229,22.236,22.186,2772.312,113172,29276,0,383,10666,14,10,1,0,0,28,23,14,0,13,9,FALSE,0,FALSE
924.19916,6.887,6.809,5.788,5.378,8.996,18,16,1,1431706.6,73,74,70,75,99,98,95,94,20.254,20.234,22.24,22.193,2783.555,113172,29276,0,383,10666,14,10,1,0,0,28,23,14,0,13,9,FALSE,0,FALSE
924.7006,6.909,6.826,5.79,5.379,8.987,18,16,1,1433873.9,75,75,67,70,99,98,95,94,20.258,20.238,22.242,22.197,2797.66,113172,29276,0,383,10666,14,10,1,0,0,28,23,14,0,13,9,FALSE,0,FALSE
925.2016,6.94,6.856,5.79,5.379,8.975,18,16,1,1436861.5,78,77,65,67,99,98,95,95,20.263,20.243,22.243,22.2,2814.543,113172,29276,0,300,10666,14,10,1,0,0,28,23,14,0,13,9,FALSE,0,FALSE
925.70386,6.983,6.896,5.79,5.379,8.963,18,16,1,1442716.9,78,78,64,65,99,99,95,95,20.269,20.25,22.243,22.2,2834.355,113172,29276,0,300,10684,14,10,1,0,0,28,23,14,0,13,9,FALSE,0,FALSE
926.2015,7.015,6.927,5.79,5.379,8.95,18,16,1,1423932,76,76,64,65,99,99,95,95,20.274,20.254,22.242,22.2,2857.008,113172,29276,0,300,10684,14,10,1,0,0,28,23,14,0,13,9,FALSE,0,FALSE
927.7015,7.083,6.996,5.795,5.384,8.911,18,16,1,1301248.4,69,69,66,66,99,99,95,94,20.278,20.259,22.238,22.197,2941.52,113172,29276,0,134,10667,14,10,1,0,0,28,23,14,0,13,9,FALSE,0,FALSE
928.20337,7.099,7.012,5.796,5.384,8.897,18,16,1,1243980.6,69,69,67,67,99,99,95,94,20.277,20.258,22.236,22.195,2974.387,113172,29276,0,83,10633,14,10,1,0,0,28,23,14,0,13,9,FALSE,0,FALSE
928.7006,7.113,7.027,5.796,5.384,8.883,18,16,1,1186365.6,69,68,67,67,99,99,95,94,20.276,20.257,22.233,22.193,3009.27,113172,29276,0,83,10633,14,10,1,0,0,28,23,14,0,13,9,FALSE,0,FALSE
929.2016,7.126,7.042,5.797,5.385,8.87,18,16,1,1134310.4,68,69,67,68,99,99,95,94,20.274,20.255,22.23,22.191,3045.703,113172,29276,0,66,10600,14,10,1,0,0,28,23,14,0,13,9,FALSE,0,FALSE
929.6973,7.139,7.055,5.797,5.385,8.856,18,16,1,1076695.4,69,68,68,67,99,99,95,94,20.271,20.253,22.227,22.188,3083.688,113172,29276,0,33,10550,14,10,1,0,0,28,23,14,0,13,9,FALSE,0,FALSE
930.20184,7.152,7.067,5.797,5.386,8.843,18,16,1,1019080.4,70,69,68,68,99,99,95,94,20.269,20.251,22.223,22.184,3123.055,113172,29276,0,950,10550,13,10,1,0,0,28,23,14,0,13,9,FALSE,0,FALSE
930.7027,7.163,7.078,5.797,5.386,8.83,18,16,1,966928.8,69,68,68,68,99,99,95,94,20.265,20.247,22.219,22.18,3163.473,113172,29276,0,950,10517,13,10,1,0,0,28,23,14,0,13,9,FALSE,0,FALSE
931.2029,7.174,7.089,5.797,5.386,8.816,18,16,1,909313.8,69,68,68,68,99,98,95,94,20.262,20.244,22.214,22.175,3204.953,113172,29276,0,917,10417,13,10,1,0,0,28,23,14,0,13,9,FALSE,0,FALSE
931.7041,7.185,7.101,5.797,5.386,8.802,18,16,1,851698.8,69,69,68,68,99,98,95,94,20.258,20.24,22.208,22.17,3247.422,113172,29276,0,900,10417,13,10,1,0,0,28,23,14,0,13,9,FALSE,0,FALSE
932.20337,7.196,7.113,5.797,5.386,8.788,18,16,1,798981.1,69,69,68,68,99,98,95,94,20.253,20.236,22.203,22.164,3290.777,113172,29276,0,867,10367,13,10,1,0,0,28,23,14,0,13,9,FALSE,0,FALSE
933.19806,7.226,7.141,5.829,5.416,8.766,18,16,1,808635,71,71,72,72,98,98,94,94,20.245,20.228,22.193,22.156,3376.949,113172,29276,0,817,10300,13,10,1,0,0,28,23,14,0,13,9,FALSE,0,FALSE
933.69806,7.249,7.169,5.856,5.444,8.765,18,16,1,840724.9,70,71,71,72,99,98,94,94,20.247,20.23,22.198,22.161,3410.758,113172,29276,0,817,10250,13,10,1,0,0,28,23,14,0,13,9,FALSE,0,FALSE
934.2001,7.285,7.219,5.921,5.517,8.765,18,16,1,866349.3,73,79,80,85,99,98,95,94,20.249,20.234,22.205,22.169,3438.129,113172,29276,0,800,10250,13,10,1,0,0,28,23,14,0,13,9,FALSE,0,FALSE
934.7029,7.33,7.278,6.018,5.641,8.765,18,16,1,889617.06,76,82,90,100,99,98,95,94,20.254,20.243,22.217,22.184,3462.203,113172,29276,0,800,10250,13,10,1,0,0,28,23,14,0,13,9,FALSE,0,FALSE
935.20184,7.359,7.317,6.099,5.744,8.762,18,16,1,899043.8,75,81,91,102,99,99,95,95,20.26,20.251,22.23,22.202,3485.949,113172,29276,0,734,10200,13,10,1,0,0,28,23,14,0,13,9,FALSE,0,FALSE
935.7043,7.397,7.365,6.152,5.811,8.755,18,16,1,904433.44,77,83,85,93,99,99,95,95,20.265,20.259,22.242,22.218,3506.992,113172,29276,0,734,10200,13,10,1,0,0,28,23,14,0,13,9,FALSE,0,FALSE
936.7015,7.473,7.456,6.212,5.881,8.734,18,16,1,900833.5,75,80,73,77,99,99,95,95,20.275,20.275,22.255,22.237,3550.512,113172,29276,0,833,10283,13,10,1,0,0,28,23,14,0,13,9,FALSE,0,FALSE
937.20447,7.502,7.49,6.233,5.904,8.721,18,16,1,895696.1,74,78,72,74,99,99,95,95,20.278,20.28,22.258,22.242,3574.762,113172,29276,0,833,10283,13,10,1,0,0,28,23,14,0,13,9,FALSE,0,FALSE
937.7016,7.538,7.53,6.257,5.927,8.708,18,16,1,865038.6,75,79,72,74,99,99,96,95,20.28,20.285,22.261,22.245,3601.184,113172,29276,0,883,10300,13,10,1,0,0,28,23,14,0,13,9,FALSE,0,FALSE
938.20233,7.578,7.577,6.282,5.952,8.695,18,16,1,823342.5,74,78,72,73,99,99,96,95,20.283,20.289,22.262,22.248,3630.07,113172,29276,0,884,10300,13,10,1,0,0,28,23,14,0,13,9,FALSE,0,FALSE
938.7003,7.611,7.617,6.308,5.978,8.682,18,16,1,771054.44,73,77,72,73,99,99,96,95,20.284,20.292,22.263,22.25,3661.008,113172,29276,0,884,10250,13,10,1,0,0,28,23,14,0,13,9,FALSE,0,FALSE
939.69934,7.655,7.669,6.332,5.999,8.654,18,16,1,721779.4,70,70,68,67,99,99,96,95,20.284,20.295,22.262,22.249,3728.219,113172,29276,0,866,10233,13,10,1,0,0,28,23,14,0,13,9,FALSE,0,FALSE
940.7034,7.793,7.783,6.505,6.157,8.627,18,16,1,704495.6,86,81,91,86,99,99,96,95,20.288,20.296,22.265,22.249,3798.863,113172,29276,0,866,10216,13,10,1,0,0,28,23,14,0,13,9,FALSE,0,FALSE
941.20166,7.9,7.872,6.645,6.281,8.614,18,16,1,701305.3,85,80,91,85,99,99,96,95,20.293,20.299,22.271,22.254,3835.219,113172,29276,0,867,10200,13,10,1,0,0,28,23,14,0,13,9,FALSE,0,FALSE
941.7048,7.998,7.954,6.776,6.398,8.6,18,16,1,692663.44,85,80,90,84,99,100,96,95,20.298,20.301,22.277,22.257,3871.945,113172,29276,0,867,10200,13,10,1,0,0,28,23,14,0,13,9,FALSE,0,FALSE
942.2026,8.08,8.021,6.869,6.483,8.587,18,16,1,684021.56,81,77,84,80,100,100,96,95,20.301,20.302,22.28,22.258,3908.773,113172,29276,0,867,10200,13,10,1,0,0,28,23,14,0,13,9,FALSE,0,FALSE
943.2009,8.204,8.122,6.987,6.595,8.559,18,16,1,666737.8,73,71,72,70,100,100,96,95,20.303,20.3,22.28,22.255,3981.523,113172,29276,0,883,10200,13,10,1,0,0,28,23,14,0,13,9,FALSE,0,FALSE
943.7036,8.218,8.133,6.99,6.598,8.546,18,16,1,658095.94,70,70,69,68,99,99,96,95,20.3,20.296,22.274,22.249,4018.949,113172,29276,39875,867,10200,13,10,1,0,0,28,23,14,0,13,9,FALSE,0,FALSE
944.2014,8.244,8.155,7.024,6.634,8.541,18,16,1,684327,72,70,74,73,99,99,96,95,20.298,20.293,22.273,22.248,4053.469,113172,29276,39875,867,10183,13,10,1,0,0,28,23,14,0,13,9,FALSE,0,FALSE
945.2016,8.341,8.227,7.16,6.751,8.54,18,16,1,739699.3,82,75,92,84,100,99,96,95,20.305,20.296,22.287,22.259,4104.801,113172,29276,39875,900,10216,13,10,1,0,0,28,23,14,0,13,9,FALSE,0,FALSE
945.7035,8.387,8.261,7.265,6.83,8.54,18,16,1,758170.4,81,75,101,90,100,99,96,96,20.312,20.3,22.301,22.269,4125.355,113172,29276,39875,900,10216,13,10,1,0,0,28,23,14,0,13,9,FALSE,0,FALSE
946.2007,8.417,8.284,7.35,6.89,8.537,18,16,1,767702.1,79,74,102,88,100,100,96,96,20.317,20.302,22.317,22.279,4145.531,113172,29276,39875,834,10150,13,10,1,0,0,28,23,14,0,13,9,FALSE,0,FALSE
946.7002,8.452,8.313,7.4,6.925,8.529,18,16,1,774149.1,80,76,92,81,100,100,97,96,20.323,20.306,22.331,22.288,4166.68,113172,29276,39875,834,10150,13,10,1,0,0,28,23,14,0,13,9,FALSE,0,FALSE
947.2034,8.479,8.337,7.417,6.94,8.52,18,16,1,780194.5,77,73,80,73,100,100,97,96,20.327,20.308,22.339,22.293,4186.625,113172,29276,39875,916,10150,13,10,1,0,0,28,23,14,0,13,9,FALSE,0,FALSE
947.6999,8.51,8.367,7.429,6.951,8.507,18,16,1,777337.2,77,75,73,70,100,100,97,96,20.331,20.31,22.342,22.294,4208.348,113172,29276,39875,916,10150,13,10,1,0,0,28,23,14,0,13,9,FALSE,0,FALSE
948.2005,8.537,8.392,7.433,6.956,8.493,18,16,1,772212.56,74,72,69,67,100,100,97,96,20.333,20.312,22.343,22.294,4232.945,113172,29276,39875,933,10233,13,10,1,0,0,28,23,14,0,13,9,FALSE,0,FALSE
948.70276,8.552,8.407,7.434,6.957,8.48,18,16,1,771539.25,71,70,67,67,100,100,97,96,20.334,20.312,22.342,22.293,4260.191,113172,29276,39875,933,10233,13,10,1,0,0,28,23,14,0,13,9,FALSE,0,FALSE
949.20074,8.565,8.419,7.434,6.957,8.466,18,16,1,764329.25,70,70,67,67,100,100,97,96,20.333,20.311,22.34,22.291,4289.617,113172,29276,39875,933,10233,13,10,1,0,0,28,23,14,0,13,9,FALSE,0,FALSE
949.70435,8.577,8.431,7.434,6.957,8.454,18,16,1,761836,70,69,67,67,100,100,97,96,20.331,20.309,22.337,22.289,4320.898,113172,29276,39875,950,10267,13,10,1,0,0,28,23,14,0,13,9,FALSE,0,FALSE
950.20184,8.587,8.441,7.434,6.957,8.44,18,16,1,753227.6,69,69,67,67,100,100,97,96,20.329,20.307,22.334,22.286,4353.715,113172,29276,39875,950,10267,13,10,1,0,0,28,23,14,0,13,9,FALSE,0,FALSE
951.2013,8.607,8.461,7.434,6.957,8.413,18,16,1,741312.44,69,69,67,67,100,100,97,96,20.323,20.302,22.326,22.279,4423.484,113172,29276,39875,950,10267,13,10,1,0,0,28,23,14,0,13,9,FALSE,0,FALSE
951.7001,8.616,8.47,7.434,6.957,8.399,18,16,1,732670.56,69,69,67,67,100,99,97,96,20.32,20.298,22.322,22.274,4460.008,113172,29276,39875,950,10266,13,10,1,0,0,28,23,14,0,13,9,FALSE,0,FALSE
952.70416,8.634,8.489,7.434,6.957,8.372,18,16,1,715386.8,69,69,68,67,100,99,96,96,20.312,20.291,22.311,22.264,4536.059,113172,29276,39875,950,10267,13,10,1,0,0,28,23,14,0,13,9,FALSE,0,FALSE
953.2015,8.643,8.498,7.434,6.957,8.358,18,16,1,706744.94,69,70,68,68,100,99,96,95,20.307,20.286,22.305,22.258,4575.398,113172,29276,39875,950,10267,13,10,1,0,0,28,23,14,0,13,9,FALSE,0,FALSE
954.1994,8.66,8.516,7.434,6.957,8.33,18,16,1,689461.2,70,70,68,68,99,99,96,95,20.298,20.277,22.293,22.246,4656.211,113172,29276,39875,950,10267,13,10,1,0,0,28,23,14,0,13,9,FALSE,0,FALSE
954.6999,8.668,8.524,7.434,6.957,8.318,18,16,1,686363.44,70,70,69,68,99,99,96,95,20.293,20.273,22.286,22.24,4697.418,113172,29276,39875,950,10267,13,10,1,0,0,28,23,14,0,13,9,FALSE,0,FALSE
955.2011,8.677,8.532,7.434,6.957,8.304,18,16,1,677721.56,71,71,69,68,99,99,96,95,20.288,20.268,22.279,22.233,4739.008,113172,29276,39875,966,10250,13,10,1,0,0,28,23,14,0,13,9,FALSE,0,FALSE
955.7015,8.685,8.54,7.434,6.957,8.29,18,16,1,669079.7,71,71,69,68,99,99,96,95,20.283,20.262,22.272,22.226,4780.992,113172,29276,39875,966,10250,13,10,1,0,0,28,23,14,0,13,9,FALSE,0,FALSE
956.1974,8.695,8.552,7.439,6.961,8.276,18,16,1,663570.25,71,71,70,69,99,99,96,95,20.277,20.257,22.264,22.219,4823.258,113172,29276,39875,950,10234,13,10,1,0,0,28,23,14,0,13,9,FALSE,0,FALSE
956.7009,8.727,8.585,7.483,7.004,8.274,18,16,1,697821.2,71,71,74,74,99,99,96,95,20.275,20.255,22.265,22.22,4859.938,113172,29276,39875,950,10234,13,10,1,0,0,28,23,14,0,13,9,FALSE,0,FALSE
957.1977,8.755,8.614,7.513,7.034,8.273,18,16,1,725910.56,72,71,74,74,99,99,96,95,20.277,20.257,22.271,22.226,4887.773,113172,29276,39875,950,10234,13,10,1,0,0,28,23,14,0,13,9,FALSE,0,FALSE
957.70374,8.808,8.659,7.585,7.095,8.273,18,16,1,748072.6,82,77,89,82,99,99,96,95,20.282,20.262,22.281,22.235,4908.812,113172,29276,39875,950,10233,13,10,1,0,0,28,23,14,0,13,9,FALSE,0,FALSE
958.2033,8.858,8.696,7.632,7.13,8.272,18,16,1,756474.4,83,77,86,79,99,99,96,95,20.292,20.268,22.294,22.245,4925.457,113172,29276,39875,950,10250,13,10,1,0,0,28,23,14,0,13,9,FALSE,0,FALSE
958.70154,8.877,8.714,7.681,7.16,8.268,18,16,1,763300.25,80,73,91,79,99,99,96,95,20.298,20.272,22.304,22.25,4950.695,113172,29276,39875,967,10250,13,10,1,0,0,28,23,14,0,13,9,FALSE,0,FALSE
959.2032,8.926,8.753,7.742,7.208,8.263,18,16,1,769908,84,77,91,81,100,99,96,96,20.307,20.277,22.318,22.26,4968.691,113172,29276,39875,967,10250,13,10,1,0,0,28,23,14,0,13,9,FALSE,0,FALSE
959.70044,8.957,8.781,7.763,7.225,8.253,18,16,1,773778.75,80,76,81,74,100,99,97,96,20.313,20.281,22.328,22.267,4986.953,113172,29276,39875,967,10166,13,10,1,0,0,28,23,14,0,13,9,FALSE,0,FALSE
960.20166,8.987,8.809,7.772,7.234,8.242,18,16,1,774230.5,77,74,73,69,100,99,97,96,20.319,20.285,22.333,22.27,5007.387,113172,29276,39875,883,10166,13,10,1,0,0,28,23,14,0,13,9,FALSE,0,FALSE
960.7019,9.025,8.847,7.785,7.246,8.228,18,16,1,769757.25,78,76,72,68,100,99,97,96,20.323,20.289,22.337,22.272,5029.824,113172,29276,39875,883,10166,13,10,1,0,0,28,23,14,0,13,9,FALSE,0,FALSE
961.2004,9.052,8.871,7.793,7.254,8.214,18,16,1,764088,74,72,69,67,100,99,97,96,20.326,20.292,22.339,22.274,5054.883,113172,29276,39875,833,10183,13,10,1,0,0,28,23,14,0,13,9,FALSE,0,FALSE
962.199,9.086,8.902,7.799,7.261,8.188,18,16,1,755510.6,70,69,66,67,100,99,97,96,20.327,20.291,22.338,22.273,5113.137,113172,29276,39875,817,10167,13,10,1,0,0,28,23,14,0,13,9,FALSE,0,FALSE
962.7001,9.096,8.913,7.799,7.261,8.174,18,16,1,747159.56,70,69,67,67,100,99,97,96,20.326,20.29,22.336,22.272,5145.238,113172,29276,39875,817,10167,13,10,1,0,0,28,23,14,0,13,9,FALSE,0,FALSE
963.1979,9.106,8.923,7.799,7.261,8.161,18,16,1,744598.94,69,69,67,67,100,99,97,96,20.325,20.289,22.334,22.27,5178.809,113172,29276,39875,817,10167,13,10,1,0,0,28,23,14,0,13,9,FALSE,0,FALSE
964.69714,9.135,8.951,7.799,7.261,8.12,18,16,1,724218.25,69,69,68,67,100,99,97,96,20.317,20.282,22.324,22.261,5286.914,113172,29276,39875,817,10167,13,10,1,0,0,28,23,14,0,13,9,FALSE,0,FALSE
965.19824,9.144,8.961,7.799,7.261,8.107,18,16,1,715576.4,70,70,68,68,100,99,97,95,20.314,20.279,22.32,22.257,5324.969,113172,29276,39875,833,10150,13,10,1,0,0,28,23,14,0,13,9,FALSE,0,FALSE
965.6962,9.153,8.97,7.799,7.261,8.093,18,16,1,706934.5,68,68,68,68,100,99,96,95,20.31,20.275,22.315,22.253,5363.988,113172,29276,39875,817,10150,13,10,1,0,0,28,23,14,0,13,9,FALSE,0,FALSE
966.1967,9.161,8.979,7.799,7.261,8.079,18,16,1,698292.6,68,68,68,68,100,99,96,95,20.305,20.27,22.31,22.248,5403.906,113172,29276,39875,834,10150,13,10,1,0,0,28,23,14,0,13,9,FALSE,0,FALSE
966.6944,9.17,8.987,7.799,7.261,8.066,18,16,2,695128.8,68,68,68,68,99,99,96,95,20.3,20.266,22.304,22.243,35.828,91883,0,0,834,10150,13,11,1,0,0,28,23,14,0,13,9,FALSE,0,FALSE
967.1967,9.178,8.996,7.799,7.261,8.052,18,16,2,686486.94,68,68,68,68,99,99,96,95,20.294,20.26,22.298,22.237,77.27,91883,0,0,833,10133,13,11,1,0,0,28,23,14,0,13,9,FALSE,0,FALSE
967.696,9.187,9.004,7.799,7.261,8.039,18,16,2,677845.06,68,68,68,68,99,99,96,95,20.289,20.255,22.291,22.231,119.355,91883,0,0,833,10133,13,11,1,0,0,28,23,14,0,13,9,FALSE,0,FALSE
968.1936,9.195,9.012,7.799,7.261,8.025,18,16,2,669203.2,69,69,68,68,99,99,96,95,20.283,20.249,22.284,22.224,162.078,91883,0,0,833,10133,13,11,1,0,0,28,23,14,0,13,9,FALSE,0,FALSE
968.69745,9.203,9.02,7.799,7.261,8.011,18,16,2,660561.3,68,68,68,68,99,98,96,95,20.276,20.243,22.277,22.217,205.363,91883,0,0,833,10133,13,11,1,0,0,28,23,14,0,13,9,FALSE,0,FALSE
969.2008,9.212,9.029,7.799,7.261,7.997,18,16,2,651919.44,68,67,67,68,99,98,96,95,20.27,20.236,22.27,22.21,249.152,91883,0,0,833,10050,13,11,1,0,0,28,23,14,0,13,9,FALSE,0,FALSE
969.69507,9.221,9.037,7.799,7.261,7.983,18,16,2,643277.56,69,68,69,68,99,98,96,95,20.263,20.23,22.262,22.202,293.344,91883,0,0,817,10050,13,11,1,0,0,28,23,14,0,13,9,FALSE,0,FALSE
970.19885,9.229,9.046,7.8,7.261,7.97,18,16,2,634635.7,69,69,69,68,99,98,95,94,20.256,20.223,22.254,22.195,337.926,91883,0,0,800,10050,13,11,1,0,0,28,23,14,0,13,9,FALSE,0,FALSE
970.7004,9.237,9.053,7.8,7.261,7.956,18,16,2,625997.25,69,69,69,69,99,98,95,94,20.248,20.216,22.245,22.187,382.84,91883,0,0,816,9983,13,11,1,0,0,28,23,14,0,13,9,FALSE,0,FALSE
971.20044,9.245,9.061,7.8,7.261,7.942,18,16,2,617481,69,68,68,68,98,98,95,94,20.241,20.208,22.237,22.178,428.02,91883,0,0,800,9983,13,11,1,0,0,28,23,14,0,13,9,FALSE,0,FALSE
971.6981,9.253,9.069,7.8,7.261,7.928,18,16,2,609136.25,68,68,69,68,98,98,95,94,20.233,20.2,22.228,22.17,473.453,91883,0,0,800,9916,13,11,1,0,0,28,23,14,0,13,9,FALSE,0,FALSE
972.1987,9.261,9.077,7.8,7.261,7.914,18,16,2,600959.25,69,68,69,69,98,98,95,94,20.224,20.192,22.219,22.161,519.129,91883,0,0,800,9916,13,11,1,0,0,28,23,14,0,13,9,FALSE,0,FALSE
972.69946,9.269,9.084,7.8,7.261,7.901,18,16,2,592927.5,68,68,68,68,98,97,95,94,20.216,20.184,22.21,22.152,565.004,91883,0,0,767,9867,13,11,1,0,0,28,23,14,0,13,9,FALSE,0,FALSE
973.1996,9.285,9.1,7.816,7.278,7.89,18,16,2,600192.3,71,71,73,72,98,97,95,94,20.208,20.177,22.202,22.145,610.328,91883,0,0,767,9783,13,11,1,0,0,28,23,14,0,13,9,FALSE,0,FALSE
973.7013,9.319,9.133,7.859,7.321,7.889,18,16,2,635290.4,71,71,74,73,98,97,95,94,20.208,20.177,22.206,22.149,647.789,91883,0,0,767,9783,13,11,1,0,0,28,23,14,0,13,9,FALSE,0,FALSE
975.20215,9.374,9.187,7.91,7.372,7.886,18,16,2,706177.1,71,70,74,72,98,97,95,94,20.216,20.186,22.226,22.169,715.438,91883,0,0,783,9817,13,11,1,0,0,28,23,14,0,13,9,FALSE,0,FALSE
975.70197,9.4,9.206,7.965,7.412,7.886,18,16,2,720427.8,75,71,87,79,98,97,95,94,20.222,20.19,22.236,22.178,727.609,91883,0,0,783,9833,13,11,1,0,0,28,23,14,0,13,9,FALSE,0,FALSE
976.19934,9.411,9.215,8.016,7.449,7.886,18,16,2,730773.44,73,69,94,83,98,98,95,94,20.228,20.195,22.251,22.189,738.961,91883,0,0,750,9833,13,11,1,0,0,28,23,14,0,13,9,FALSE,0,FALSE
976.6987,9.421,9.224,8.044,7.467,7.884,18,16,2,735395.6,73,70,92,81,98,98,96,95,20.233,20.198,22.266,22.2,754.969,91883,0,0,750,9833,13,11,1,0,0,28,23,14,0,13,9,FALSE,0,FALSE
977.1981,9.436,9.238,8.056,7.476,7.88,18,16,2,740417.6,74,71,86,76,98,98,96,95,20.238,20.202,22.279,22.209,765.766,91883,0,0,750,9917,13,11,1,0,0,28,23,14,0,13,9,FALSE,0,FALSE
978.20105,9.471,9.281,8.062,7.481,7.865,18,16,2,748730,76,76,71,68,99,98,96,95,20.247,20.211,22.295,22.22,790.574,91883,0,0,834,9917,13,11,1,0,0,28,23,14,0,13,9,FALSE,0,FALSE
979.1993,9.518,9.332,8.079,7.503,7.844,18,16,2,760762.2,76,77,68,72,99,98,96,95,20.258,20.222,22.301,22.227,825.613,91883,0,0,834,9833,13,11,1,0,0,28,23,14,0,13,9,FALSE,0,FALSE
979.70056,9.548,9.366,8.101,7.529,7.834,18,16,2,772550.4,76,79,73,76,99,98,96,95,20.262,20.228,22.304,22.232,851.094,91883,0,0,750,9833,13,11,1,0,0,28,23,14,0,13,9,FALSE,0,FALSE
980.20215,9.587,9.415,8.123,7.552,7.823,18,16,2,778895.2,75,81,72,74,99,98,96,95,20.267,20.236,22.307,22.237,874.141,91883,0,0,750,9784,13,11,1,0,0,28,23,14,0,13,9,FALSE,0,FALSE
980.7004,9.625,9.453,8.137,7.565,7.81,18,16,2,774940.94,76,79,70,71,99,98,96,95,20.271,20.242,22.309,22.24,897.926,91883,0,0,717,9784,13,11,1,0,0,28,23,14,0,13,9,FALSE,0,FALSE
981.6978,9.669,9.499,8.152,7.577,7.783,18,16,2,767719.5,73,72,69,67,99,99,96,95,20.275,20.247,22.309,22.241,954.477,91883,0,0,716,9783,13,11,1,0,0,28,23,14,0,13,9,FALSE,0,FALSE
982.202,9.696,9.521,8.166,7.592,7.771,18,16,2,765421.06,73,70,71,69,99,99,96,95,20.276,20.248,22.309,22.24,985.875,91883,0,0,716,9783,13,11,1,0,0,28,23,14,0,13,9,FALSE,0,FALSE
983.1982,9.742,9.558,8.184,7.612,7.743,18,16,2,748473.25,69,68,68,67,99,99,96,95,20.277,20.247,22.307,22.238,1050.562,91883,0,0,683,9750,13,11,1,0,0,28,23,14,0,13,9,FALSE,0,FALSE
983.70026,9.754,9.568,8.184,7.612,7.73,18,16,2,745217.9,67,67,67,66,99,98,96,95,20.275,20.245,22.304,22.235,1085.418,91883,0,0,683,9750,13,11,1,0,0,28,23,14,0,13,9,FALSE,0,FALSE
984.20197,9.764,9.578,8.184,7.612,7.717,18,16,2,736576,67,67,67,67,99,98,96,95,20.272,20.242,22.3,22.231,1121.484,91883,0,0,667,9734,13,11,1,0,0,28,23,14,0,13,9,FALSE,0,FALSE
984.6977,9.773,9.588,8.184,7.612,7.703,18,16,2,727934.1,68,68,67,67,99,98,96,95,20.269,20.239,22.296,22.227,1158.785,91883,0,0,667,9734,13,11,1,0,0,28,23,14,0,13,9,FALSE,0,FALSE
985.19574,9.782,9.597,8.184,7.612,7.689,18,16,2,719292.25,68,68,68,67,99,98,96,95,20.265,20.236,22.291,22.223,1197.227,91883,0,0,666,9717,13,11,1,0,0,28,23,14,0,13,9,FALSE,0,FALSE
985.6968,9.791,9.606,8.184,7.612,7.676,18,16,2,715916,68,68,68,67,99,98,96,95,20.261,20.232,22.286,22.219,1236.652,91883,0,0,666,9717,13,11,1,0,0,28,23,14,0,13,9,FALSE,0,FALSE
986.19946,9.799,9.614,8.184,7.612,7.663,18,16,2,707274.1,68,68,68,68,99,98,96,95,20.257,20.228,22.28,22.213,1276.801,91883,0,0,650,9684,13,11,1,0,0,28,23,14,0,13,9,FALSE,0,FALSE
986.69904,9.807,9.624,8.185,7.612,7.649,18,16,2,698632.25,68,68,68,68,99,98,96,95,20.252,20.223,22.274,22.208,1317.711,91883,0,0,650,9650,13,11,1,0,0,28,23,14,0,13,9,FALSE,0,FALSE
987.19916,9.815,9.632,8.185,7.612,7.635,18,16,2,689990.4,68,68,68,68,99,98,96,95,20.247,20.219,22.268,22.202,1359.332,91883,0,0,633,9650,13,11,1,0,0,28,23,14,0,13,9,FALSE,0,FALSE
988.1988,9.846,9.665,8.214,7.641,7.614,18,16,2,700879.56,71,71,74,73,98,98,95,94,20.238,20.21,22.258,22.193,1442.23,91883,0,0,633,9616,13,11,1,0,0,28,23,14,0,13,9,FALSE,0,FALSE
989.19977,9.915,9.73,8.295,7.722,7.612,18,16,2,757167,77,73,81,77,98,98,96,95,20.244,20.216,22.272,22.207,1498.238,91883,0,0,600,9600,13,11,1,0,0,28,23,14,0,13,9,FALSE,0,FALSE
989.70074,9.965,9.769,8.388,7.793,7.612,18,16,2,777732.9,83,77,97,87,99,98,96,95,20.253,20.222,22.285,22.217,1516.695,91883,0,0,600,9600,13,11,1,0,0,28,23,14,0,13,9,FALSE,0,FALSE
990.2015,9.993,9.786,8.457,7.855,7.612,18,16,2,790525.2,80,72,98,90,99,98,96,95,20.261,20.227,22.301,22.231,1538.051,91883,0,0,600,9600,13,11,1,0,0,28,23,14,0,13,9,FALSE,0,FALSE
990.6985,10.015,9.802,8.517,7.899,7.608,18,16,2,796569.1,77,71,97,87,99,98,96,95,20.268,20.231,22.318,22.244,1561.324,91883,0,0,517,9533,13,11,1,0,0,28,23,14,0,13,9,FALSE,0,FALSE
991.20105,10.042,9.824,8.546,7.92,7.602,18,16,2,802665.2,78,73,88,79,99,98,97,95,20.274,20.235,22.331,22.254,1577.91,91883,0,0,517,9583,13,11,1,0,0,28,23,14,0,13,9,FALSE,0,FALSE
991.70087,10.062,9.841,8.563,7.934,7.595,18,16,2,808690.6,76,72,80,74,99,98,97,96,20.28,20.238,22.34,22.26,1594.832,91883,0,0,517,9583,13,11,1,0,0,28,23,14,0,13,9,FALSE,0,FALSE
993.196,10,9.77,8.036,7.469,7.464,18,16,2,2508148.8,69,70,67,67,99,99,96,95,20.286,20.249,22.274,22.207,1745.355,93392,0,0,250,12117,8,11,1,0,0,28,23,14,0,13,9,FALSE,0,FALSE
994.199,10.184,9.959,8.593,7.962,7.535,18,16,2,805001.6,70,71,66,66,99,99,97,96,20.296,20.252,22.351,22.268,1709.344,91883,0,0,566,9550,13,11,1,0,0,28,23,14,0,13,9,FALSE,0,FALSE
994.69916,10.198,9.976,8.597,7.965,7.521,18,16,2,797549,69,70,67,68,99,99,97,96,20.296,20.253,22.35,22.268,1739.238,91883,0,0,566,9533,13,11,1,0,0,28,23,14,0,13,9,FALSE,0,FALSE
995.19794,10.215,9.997,8.608,7.975,7.509,18,16,2,794766.44,69,71,68,69,99,99,97,96,20.295,20.253,22.348,22.267,1770.898,91883,0,0,566,9533,13,11,1,0,0,28,23,14,0,13,9,FALSE,0,FALSE
995.69696,10.237,10.026,8.625,7.991,7.495,18,16,2,786125.7,70,73,69,71,99,99,97,96,20.295,20.254,22.347,22.266,1804.676,91883,29437,0,566,9533,13,11,1,0,0,28,23,14,0,13,9,FALSE,0,FALSE
996.2007,10.255,10.049,8.638,8.003,7.484,18,16,2,786156.06,69,70,69,69,99,99,97,96,20.294,20.254,22.345,22.265,1840.625,91883,29437,0,566,9533,13,11,1,0,0,28,23,14,0,13,9,FALSE,0,FALSE
996.7005,10.297,10.08,8.695,8.054,7.484,18,16,2,817086.8,76,72,82,76,99,99,97,96,20.294,20.254,22.346,22.266,1871.918,91883,29437,0,567,9517,13,11,1,0,0,28,23,14,0,13,9,FALSE,0,FALSE
997.19635,10.368,10.135,8.82,8.157,7.484,18,16,2,841782.06,83,77,98,89,99,99,97,96,20.3,20.258,22.355,22.272,1900.504,91883,29437,0,567,9517,13,11,1,0,0,28,23,14,0,13,9,FALSE,0,FALSE
997.69586,10.436,10.177,8.927,8.262,7.48,18,16,2,848994.7,88,77,98,94,100,99,97,96,20.308,20.261,22.367,22.282,1928.539,91883,29437,0,533,9517,13,11,1,0,0,28,23,14,0,13,9,FALSE,0,FALSE
998.1983,10.486,10.216,8.976,8.302,7.471,18,16,2,854560.25,81,74,84,78,100,99,97,96,20.315,20.264,22.376,22.289,1954.742,91883,29437,0,533,9550,13,11,1,0,0,28,23,14,0,13,9,FALSE,0,FALSE
999.1993,10.551,10.284,9.018,8.352,7.445,18,16,2,845672,76,78,73,78,100,99,97,96,20.318,20.266,22.377,22.291,2009.77,91883,29437,0,483,9583,13,11,1,0,0,28,23,14,0,13,9,FALSE,0,FALSE
999.6984,10.609,10.352,9.076,8.424,7.432,18,16,2,849123.1,77,80,77,83,100,99,97,96,20.321,20.271,22.377,22.295,2041.602,91883,29437,0,466,9583,13,11,1,0,0,28,23,14,0,13,9,FALSE,0,FALSE
1000.19574,10.667,10.421,9.136,8.496,7.419,18,16,2,844654,78,82,78,84,100,99,97,96,20.323,20.275,22.378,22.298,2073.031,91883,29437,0,466,9600,13,11,1,0,0,28,23,14,0,13,9,FALSE,0,FALSE
1000.6919,10.719,10.485,9.18,8.546,7.406,18,16,2,841905.5,74,79,74,77,100,99,97,96,20.324,20.279,22.377,22.3,2104.551,91883,29437,0,366,9600,13,11,1,0,0,28,23,14,0,13,9,FALSE,0,FALSE
1001.1957,10.746,10.515,9.194,8.56,7.392,18,16,2,833263.6,71,71,69,69,100,99,97,96,20.323,20.279,22.375,22.299,2137.949,91883,29437,0,366,9600,13,11,1,0,0,28,23,14,0,13,9,FALSE,0,FALSE
1001.6956,10.766,10.539,9.212,8.576,7.38,18,16,2,833842.2,71,73,72,72,100,99,97,96,20.32,20.278,22.371,22.295,2172.641,91883,29437,0,183,9600,13,11,1,0,0,28,23,14,0,13,9,FALSE,0,FALSE
1002.2002,10.784,10.557,9.228,8.593,7.379,18,16,2,864421.8,69,69,71,70,100,99,97,96,20.32,20.279,22.373,22.297,2202.398,91883,29437,0,183,9600,13,11,1,0,0,28,23,14,0,13,9,FALSE,0,FALSE
1002.69775,10.805,10.578,9.246,8.61,7.378,18,16,2,889660.6,71,71,72,72,100,99,97,96,20.321,20.28,22.376,22.301,2225.82,91883,29437,0,83,9600,12,11,1,0,0,28,23,14,0,13,9,FALSE,0,FALSE
1003.1991,10.816,10.589,9.252,8.617,7.378,18,16,2,909277.25,69,69,70,69,100,99,98,96,20.324,20.283,22.38,22.306,2243.102,91883,29437,0,83,9600,12,11,1,0,0,28,23,14,0,13,9,FALSE,0,FALSE
1003.70087,10.829,10.601,9.261,8.625,7.378,18,16,2,923946.8,71,70,71,69,100,99,98,96,20.326,20.285,22.385,22.31,2255.867,91883,29437,0,83,9650,12,11,1,0,0,28,23,14,0,13,9,FALSE,0,FALSE
1004.197,10.848,10.616,9.292,8.646,7.378,18,16,2,931160.75,74,71,80,73,100,99,98,96,20.33,20.288,22.391,22.315,2265.227,91883,29437,0,233,9650,12,11,1,0,0,28,23,14,0,13,9,FALSE,0,FALSE
1004.6966,10.859,10.626,9.322,8.664,7.375,18,16,2,935910.06,73,71,84,74,100,99,98,97,20.334,20.291,22.4,22.321,2276.43,91883,29437,0,233,9650,12,11,1,0,0,28,23,14,0,13,9,FALSE,0,FALSE
1005.1983,10.879,10.649,9.339,8.676,7.371,18,16,2,941138.25,76,76,84,74,100,99,98,97,20.338,20.294,22.408,22.326,2292.711,91883,29437,0,233,9650,12,11,1,0,0,28,23,14,0,13,9,FALSE,0,FALSE
1005.6983,10.916,10.68,9.352,8.686,7.367,18,16,2,946840,84,80,80,72,100,100,98,97,20.345,20.3,22.417,22.331,2305.523,91883,29437,0,233,9883,12,11,1,0,0,28,23,14,0,13,9,FALSE,0,FALSE
1006.69714,10.957,10.724,9.359,8.693,7.351,18,16,2,956896.9,78,77,71,67,101,100,98,97,20.359,20.313,22.425,22.336,2332.895,91883,29437,0,350,9883,12,11,1,0,0,28,23,14,0,13,9,FALSE,0,FALSE
1007.1982,10.99,10.764,9.363,8.697,7.34,18,16,2,962752.8,80,81,69,66,101,100,98,97,20.364,20.319,22.427,22.337,2349.613,91883,29437,0,350,9883,12,11,1,0,0,28,23,14,0,13,9,FALSE,0,FALSE
1007.69604,11.029,10.806,9.363,8.697,7.327,18,16,2,963426.94,81,81,66,65,101,100,98,97,20.37,20.325,22.428,22.338,2369.445,91883,29437,0,300,9900,12,11,1,0,0,28,23,14,0,13,9,FALSE,0,FALSE
1008.2007,11.059,10.843,9.363,8.698,7.314,18,16,2,947946,77,77,66,66,101,100,98,97,20.375,20.331,22.427,22.337,2392.27,91883,29437,0,300,9900,12,11,1,0,0,28,23,14,0,13,9,FALSE,0,FALSE
1008.6966,11.08,10.866,9.364,8.699,7.301,18,16,2,927925.94,72,71,65,66,101,100,98,97,20.377,20.333,22.425,22.336,2417.957,91883,29437,0,300,9850,12,11,1,0,0,28,23,14,0,13,9,FALSE,0,FALSE
1009.18994,11.095,10.881,9.364,8.699,7.287,18,16,2,921380.56,70,69,65,66,101,100,98,97,20.378,20.333,22.423,22.335,2445.879,91883,29437,0,267,9850,12,11,1,0,0,28,23,14,0,13,9,FALSE,0,FALSE
1009.6995,11.108,10.893,9.364,8.699,7.275,18,16,2,919238.6,69,68,66,66,101,100,98,97,20.376,20.332,22.42,22.333,2475.871,91883,29437,0,234,9800,12,11,1,0,0,28,23,14,0,13,9,FALSE,0,FALSE
1010.19385,11.119,10.904,9.364,8.699,7.261,18,16,2,910950.44,69,68,66,66,101,100,98,97,20.375,20.331,22.417,22.33,2507.52,91883,29437,0,234,9800,12,11,1,0,0,28,23,14,0,13,9,FALSE,0,FALSE
1010.6991,11.131,10.917,9.365,8.7,7.247,18,16,2,902308.56,69,69,67,67,101,100,98,97,20.372,20.329,22.414,22.327,2540.852,91883,29437,0,217,9784,12,11,1,0,0,28,23,14,0,13,9,FALSE,0,FALSE
1011.1988,11.15,10.942,9.381,8.715,7.234,18,16,2,898974.8,69,71,68,70,101,100,98,97,20.37,20.327,22.41,22.325,2575.68,91883,29437,0,217,9784,12,11,1,0,0,28,23,14,0,13,9,FALSE,0,FALSE
1011.7006,11.174,10.975,9.407,8.74,7.221,18,16,2,893688.5,70,73,70,72,101,100,98,97,20.367,20.326,22.407,22.322,2611.105,91883,29437,0,217,9767,12,11,1,0,0,28,23,14,0,13,9,FALSE,0,FALSE
1012.198,11.211,11.021,9.455,8.786,7.219,18,16,2,923451.1,72,75,75,77,101,100,98,97,20.367,20.328,22.408,22.325,2643.863,91883,29437,0,200,9750,12,11,1,0,0,28,23,14,0,13,9,FALSE,0,FALSE
1012.69965,11.239,11.057,9.489,8.822,7.218,18,16,2,950442.6,72,76,74,78,101,100,98,97,20.369,20.332,22.412,22.331,2671.34,91883,29437,0,200,9750,12,11,1,0,0,28,23,14,0,13,9,FALSE,0,FALSE
1013.1987,11.255,11.078,9.504,8.837,7.218,18,16,2,974074.1,70,73,71,74,101,100,98,97,20.37,20.336,22.415,22.336,2693.355,91883,29437,0,266,9816,12,11,1,0,0,28,23,14,0,13,9,FALSE,0,FALSE
1013.69586,11.27,11.094,9.518,8.849,7.218,18,16,2,993116.8,70,72,71,73,101,100,98,97,20.372,20.339,22.419,22.341,2710.297,91883,29437,0,266,9933,12,11,1,0,0,28,23,14,0,13,9,FALSE,0,FALSE
1014.2003,11.283,11.108,9.528,8.86,7.218,18,16,2,1007638.06,69,72,71,73,101,100,98,97,20.375,20.343,22.423,22.347,2723.367,91883,29437,0,266,9933,12,11,1,0,0,28,23,14,0,13,9,FALSE,0,FALSE
1014.69794,11.29,11.119,9.541,8.877,7.217,18,16,2,1014372.75,68,72,71,75,101,100,98,97,20.376,20.346,22.426,22.352,2733.832,91883,29437,0,266,9933,12,11,1,0,0,28,23,14,0,13,9,FALSE,0,FALSE
1015.19855,11.3,11.132,9.562,8.909,7.217,18,16,2,1019543,69,73,75,83,101,100,98,97,20.377,20.349,22.43,22.359,2744.766,91883,29437,0,366,9933,12,11,1,0,0,28,23,14,0,13,9,FALSE,0,FALSE
1015.69806,11.316,11.148,9.576,8.939,7.216,18,16,2,1024467.5,74,75,77,88,101,100,98,97,20.379,20.352,22.433,22.367,2767.078,91883,29437,0,366,10050,12,11,1,0,0,28,23,14,0,13,9,FALSE,0,FALSE
1017.7,11.408,11.231,9.586,8.949,7.183,18,16,2,1040226.3,81,80,65,67,101,101,99,98,20.393,20.368,22.44,22.385,2821.25,91883,29437,0,400,10066,12,11,1,0,0,28,23,14,0,13,9,FALSE,0,FALSE
1018.1972,11.448,11.269,9.586,8.949,7.171,18,16,2,1045273.6,78,78,65,65,101,101,98,98,20.399,20.374,22.439,22.385,2841.707,91883,29437,0,400,10066,12,11,1,0,0,28,23,14,0,13,9,FALSE,0,FALSE
1018.6955,11.473,11.294,9.586,8.949,7.157,18,16,2,1040885.7,73,73,65,65,101,101,98,98,20.402,20.377,22.437,22.384,2865.02,91883,29437,0,383,10066,12,11,1,0,0,28,23,14,0,13,9,FALSE,0,FALSE
1019.1965,11.49,11.311,9.586,8.949,7.145,18,16,2,1040566.7,70,70,66,66,101,101,98,98,20.403,20.378,22.435,22.382,2890.918,91883,29437,0,383,10066,12,11,1,0,0,28,23,14,0,13,9,FALSE,0,FALSE
1020.1971,11.517,11.339,9.586,8.949,7.118,18,16,2,1031591.6,68,68,66,67,101,101,98,97,20.4,20.376,22.429,22.377,2949.461,91883,29437,0,350,10033,12,11,1,0,0,28,23,14,0,13,9,FALSE,0,FALSE
1020.69617,11.529,11.353,9.587,8.949,7.105,18,16,2,1023115.44,68,69,67,67,101,101,98,97,20.398,20.374,22.426,22.375,2981.734,91883,29437,0,317,10033,12,11,1,0,0,28,23,14,0,13,9,FALSE,0,FALSE
1021.198,11.54,11.366,9.587,8.949,7.091,18,16,2,1014473.56,68,68,67,67,101,101,98,97,20.395,20.371,22.422,22.371,3015.746,91883,29437,0,317,10034,12,11,1,0,0,28,23,14,0,13,9,FALSE,0,FALSE
1021.69617,11.55,11.376,9.587,8.949,7.078,18,16,2,1011158.94,68,68,67,67,101,101,98,97,20.392,20.368,22.418,22.367,3051.164,91883,29437,0,317,10017,12,11,1,0,0,28,23,14,0,13,9,FALSE,0,FALSE
1022.19855,11.56,11.386,9.587,8.949,7.064,18,16,2,1002517.06,68,68,68,67,101,101,98,97,20.388,20.365,22.413,22.363,3087.883,91883,29437,0,317,10017,12,11,1,0,0,28,23,14,0,13,9,FALSE,0,FALSE
1022.69824,11.569,11.396,9.587,8.949,7.05,18,16,2,993875.2,68,68,67,67,101,101,98,97,20.384,20.361,22.408,22.358,3125.852,91883,29437,0,317,10000,12,11,1,0,0,28,23,14,0,13,9,FALSE,0,FALSE
1023.19385,11.579,11.405,9.587,8.949,7.037,18,16,2,985233.3,68,68,68,68,101,101,98,97,20.38,20.357,22.402,22.353,3164.961,91883,29437,0,317,10000,12,11,1,0,0,28,23,14,0,13,9,FALSE,0,FALSE
1023.6981,11.587,11.413,9.587,8.949,7.024,18,16,2,981929.5,68,68,68,68,101,100,98,97,20.375,20.352,22.396,22.347,3205.039,91883,29437,0,300,9967,12,11,1,0,0,28,23,14,0,13,9,FALSE,0,FALSE
1024.6985,11.606,11.43,9.587,8.95,6.996,18,16,2,964645.75,68,68,68,68,101,100,98,97,20.364,20.342,22.383,22.334,3287.652,91883,29437,0,300,9950,12,11,1,0,0,28,23,14,0,13,9,FALSE,0,FALSE
1025.6971,11.637,11.459,9.618,8.981,6.975,18,16,2,976459.9,71,71,74,73,100,100,97,97,20.354,20.332,22.373,22.324,3370.984,91883,29437,0,300,9900,12,11,1,0,0,28,23,14,0,13,9,FALSE,0,FALSE
1026.6981,11.688,11.527,9.688,9.052,6.974,18,16,2,1033425.3,70,75,75,77,101,100,98,97,20.356,20.336,22.383,22.336,3429.395,91883,29437,0,283,9850,12,11,1,0,0,28,23,14,0,13,9,FALSE,0,FALSE
1027.1987,11.714,11.562,9.728,9.104,6.974,18,16,2,1054790.8,72,77,77,84,101,100,98,97,20.358,20.341,22.389,22.344,3451.512,91883,29437,0,333,9917,12,11,1,0,0,28,23,14,0,13,9,FALSE,0,FALSE
1027.6968,11.745,11.609,9.774,9.155,6.969,18,16,2,1060926.5,73,83,80,84,101,100,98,97,20.361,20.348,22.396,22.354,3476.727,91883,29437,0,333,9917,12,11,1,0,0,28,23,14,0,13,9,FALSE,0,FALSE
1028.1954,11.783,11.651,9.815,9.212,6.96,18,16,2,1065429.6,76,82,80,87,101,101,98,97,20.365,20.355,22.403,22.364,3500.867,91883,29437,0,333,9916,12,11,1,0,0,28,23,14,0,13,9,FALSE,0,FALSE
1028.7,11.836,11.714,9.859,9.268,6.95,18,16,2,1068002.9,81,86,79,86,101,101,98,97,20.37,20.363,22.409,22.374,3523.172,91883,29437,0,350,9916,12,11,1,0,0,28,23,14,0,13,9,FALSE,0,FALSE
1029.1993,11.906,11.798,9.901,9.317,6.939,18,16,2,1067781.2,85,91,77,83,101,101,98,98,20.377,20.372,22.414,22.382,3546.156,91883,29437,0,350,9916,12,11,1,0,0,28,23,14,0,13,9,FALSE,0,FALSE
1029.6951,11.829,11.748,9.708,9.224,6.816,18,16,2,2802640.2,70,75,71,71,101,101,98,97,20.356,20.365,22.38,22.365,3684.188,93392,29856,0,567,12234,7,11,1,0,0,28,23,14,0,13,9,FALSE,0,FALSE
1030.1998,12.004,11.914,9.964,9.385,6.913,18,16,2,1058272.8,76,81,75,78,101,101,98,98,20.387,20.388,22.42,22.391,3596.41,91883,29437,0,334,9917,12,11,1,0,0,28,23,14,0,13,9,FALSE,0,FALSE
1030.7002,12.06,11.98,10.007,9.432,6.899,18,16,2,1051343.2,78,83,75,79,101,101,98,98,20.39,20.393,22.422,22.395,3624.402,91883,29437,0,334,9917,12,11,1,0,0,28,23,14,0,13,9,FALSE,0,FALSE
1031.193,12.098,12.028,10.04,9.465,6.887,18,16,2,1049092.4,74,78,74,75,101,101,98,98,20.391,20.397,22.423,22.397,3654.281,91883,29437,0,334,9917,12,11,1,0,0,28,23,14,0,13,9,FALSE,0,FALSE
1031.6987,12.129,12.067,10.067,9.49,6.873,18,16,2,1040820,72,77,72,73,101,101,98,98,20.391,20.399,22.423,22.397,3686.191,91883,29437,0,317,9917,12,11,1,0,0,28,23,14,0,13,9,FALSE,0,FALSE
1032.1958,12.148,12.087,10.076,9.498,6.859,18,16,2,1032179.4,71,71,70,69,101,101,98,98,20.389,20.399,22.42,22.395,3719.668,91883,29437,0,333,9917,12,11,1,0,0,28,23,14,0,13,9,FALSE,0,FALSE
1032.6946,12.191,12.121,10.113,9.534,6.845,18,16,2,1023537.5,76,73,76,72,101,101,98,98,20.388,20.397,22.419,22.393,3753.883,91883,29437,0,333,9900,12,11,1,0,0,28,23,14,0,13,9,FALSE,0,FALSE
1033.1993,12.263,12.18,10.197,9.611,6.833,18,16,2,1020279.5,82,78,85,80,101,101,98,98,20.389,20.397,22.42,22.393,3788.965,91883,29437,0,333,9900,12,11,1,0,0,28,23,14,0,13,9,FALSE,0,FALSE
1034.1976,12.447,12.331,10.414,9.81,6.805,18,16,2,1002995.75,87,80,89,85,101,101,98,98,20.396,20.398,22.426,22.395,3862.852,91883,29437,0,333,9900,12,11,1,0,0,28,23,14,0,13,9,FALSE,0,FALSE
1034.699,12.555,12.42,10.538,9.92,6.792,18,16,2,994353.9,84,79,88,82,101,101,98,98,20.4,20.399,22.429,22.396,3900.32,91883,29437,0,334,9900,12,11,1,0,0,28,23,14,0,13,9,FALSE,0,FALSE
1035.1959,12.643,12.493,10.65,10.02,6.778,18,16,2,985712,84,80,89,83,101,101,98,98,20.402,20.398,22.431,22.396,3937.324,91883,29437,0,333,9900,12,11,1,0,0,28,23,14,0,13,9,FALSE,0,FALSE
1035.6968,12.722,12.557,10.721,10.087,6.764,18,16,2,977070.1,78,74,78,74,101,101,98,98,20.403,20.398,22.431,22.395,3973.574,91883,29437,0,333,9900,12,11,1,0,0,28,23,14,0,13,9,FALSE,0,FALSE
1037.6986,12.833,12.646,10.845,10.202,6.744,18,16,2,1047039.06,78,72,84,78,101,101,98,98,20.4,20.39,22.434,22.395,4095.559,91883,29437,40435,384,9934,12,11,1,0,0,28,23,14,0,13,9,FALSE,0,FALSE
1038.1971,12.877,12.679,10.931,10.266,6.744,18,16,2,1064120.8,81,74,96,85,101,101,99,98,20.405,20.392,22.445,22.402,4115.703,91883,29437,40435,384,9934,12,11,1,0,0,28,23,14,0,13,9,FALSE,0,FALSE
1038.6998,12.909,12.703,11.015,10.327,6.739,18,16,2,1071214,79,74,99,87,102,101,99,98,20.41,20.394,22.458,22.411,4135.215,91883,29437,40435,384,9933,12,11,1,0,0,28,23,14,0,13,9,FALSE,0,FALSE
1039.1978,12.948,12.735,11.08,10.376,6.733,18,16,2,1077871.5,82,76,96,85,102,101,99,98,20.415,20.396,22.471,22.419,4158.316,91883,29437,40435,383,9933,12,11,1,0,0,28,23,14,0,13,9,FALSE,0,FALSE
1039.6969,13,12.78,11.117,10.405,6.723,18,16,2,1084243.8,85,80,86,78,102,101,99,98,20.421,20.4,22.481,22.425,4179.398,91883,29437,40435,383,9950,12,11,1,0,0,28,23,14,0,13,9,FALSE,0,FALSE
1040.1982,13.04,12.817,11.136,10.422,6.71,18,16,2,1085279.4,81,78,78,73,102,101,99,98,20.426,20.404,22.486,22.428,4201.195,91883,29437,40435,383,9950,12,11,1,0,0,28,23,14,0,13,9,FALSE,0,FALSE
1040.6943,13.082,12.858,11.146,10.431,6.697,18,16,2,1081162.2,77,75,71,69,102,101,99,98,20.431,20.407,22.487,22.428,4225.469,91883,29437,40435,384,9950,12,11,1,0,0,28,23,14,0,13,9,FALSE,0,FALSE
1041.1969,13.1,12.875,11.147,10.434,6.684,18,16,2,1080576.4,72,71,68,67,102,101,99,98,20.431,20.407,22.486,22.426,4252.547,91883,29437,40435,384,9933,12,11,1,0,0,28,23,14,0,13,9,FALSE,0,FALSE
1041.6973,13.114,12.888,11.148,10.434,6.67,18,16,2,1073405.9,70,70,67,67,102,101,99,98,20.43,20.405,22.483,22.424,4281.879,91883,29437,40435,367,9933,12,11,1,0,0,28,23,14,0,13,9,FALSE,0,FALSE
1042.6984,13.136,12.91,11.148,10.434,6.644,18,16,2,1062136.8,69,69,67,67,102,101,99,98,20.424,20.4,22.476,22.417,4345.973,91883,29437,40435,350,9900,12,11,1,0,0,28,23,14,0,13,9,FALSE,0,FALSE
1043.1986,13.146,12.921,11.148,10.434,6.631,18,16,2,1058779.2,69,69,67,67,102,101,99,98,20.421,20.397,22.471,22.413,4380.426,91883,29437,40435,333,9900,12,11,1,0,0,28,23,14,0,13,9,FALSE,0,FALSE
1043.6985,13.155,12.93,11.148,10.434,6.617,18,16,2,1050135.5,69,69,67,67,102,101,99,98,20.417,20.393,22.466,22.408,4416.055,91883,29437,40435,333,9850,12,11,1,0,0,28,23,14,0,13,9,FALSE,0,FALSE
1044.6956,13.174,12.949,11.148,10.434,6.59,18,16,2,1032851.44,69,69,67,67,101,101,99,98,20.408,20.384,22.455,22.398,4490.82,91883,29437,40435,316,9850,12,11,1,0,0,28,23,14,0,13,9,FALSE,0,FALSE
1045.1956,13.183,12.958,11.148,10.434,6.576,18,16,2,1024209.56,69,69,68,67,101,101,99,98,20.402,20.379,22.448,22.391,4529.801,91883,29437,40435,317,9850,12,11,1,0,0,28,23,14,0,13,9,FALSE,0,FALSE
1045.699,13.192,12.967,11.148,10.434,6.563,18,16,2,1020913.44,69,69,68,67,101,101,99,98,20.397,20.374,22.442,22.385,4569.688,91883,29437,40435,317,9817,12,11,1,0,0,28,23,14,0,13,9,FALSE,0,FALSE
1046.1978,13.2,12.975,11.148,10.434,6.549,18,16,2,1012271.56,70,70,68,68,101,101,98,97,20.391,20.368,22.435,22.378,4610.258,91883,29437,40435,317,9817,12,11,1,0,0,28,23,14,0,13,9,FALSE,0,FALSE
1046.696,13.208,12.984,11.148,10.434,6.536,18,16,2,1003629.7,70,70,68,68,101,101,98,97,20.386,20.363,22.427,22.371,4651.547,91883,29437,40435,300,9800,12,11,1,0,0,28,23,14,0,13,9,FALSE,0,FALSE
1047.1958,13.216,12.993,11.148,10.434,6.522,18,16,2,994987.8,70,70,69,68,101,101,98,97,20.38,20.357,22.42,22.364,4693.48,91883,29437,40435,300,9783,12,11,1,0,0,28,23,14,0,13,9,FALSE,0,FALSE
1048.6938,13.255,13.032,11.195,10.46,6.485,18,16,2,993695.6,73,71,79,73,101,100,98,97,20.362,20.34,22.399,22.344,4820.738,91883,29437,40435,267,9733,12,11,1,0,0,28,23,14,0,13,9,FALSE,0,FALSE
1049.1974,13.291,13.061,11.311,10.493,6.484,18,16,2,1026113.75,72,71,80,71,101,100,98,97,20.362,20.34,22.407,22.347,4854.207,91883,29437,40435,266,9733,12,11,1,0,0,28,23,14,0,13,9,FALSE,0,FALSE
1049.6979,13.315,13.075,11.321,10.503,6.483,18,16,2,1053082.4,70,69,72,69,101,100,98,97,20.364,20.341,22.413,22.351,4880.562,91883,29437,40435,266,9716,12,11,1,0,0,28,23,14,0,13,9,FALSE,0,FALSE
1050.199,13.33,13.087,11.34,10.521,6.483,18,16,2,1075820.1,71,68,74,70,101,100,98,97,20.366,20.342,22.417,22.356,4902.176,91883,29437,40435,266,9800,12,11,1,0,0,28,23,14,0,13,9,FALSE,0,FALSE
1051.1976,13.39,13.131,11.471,10.615,6.482,18,16,2,1099772.8,77,72,96,83,101,100,98,97,20.374,20.346,22.437,22.37,4937.367,91883,29437,40435,334,9800,12,11,1,0,0,28,23,14,0,13,9,FALSE,0,FALSE
1051.6948,13.416,13.153,11.523,10.648,6.475,18,16,2,1105702.9,78,75,93,80,101,100,99,97,20.379,20.349,22.452,22.379,4959.855,91883,29437,40435,334,9850,12,11,1,0,0,28,23,14,0,13,9,FALSE,0,FALSE
1052.1959,13.452,13.186,11.541,10.662,6.466,18,16,2,1110389.4,80,77,82,74,101,100,99,98,20.385,20.354,22.461,22.385,4977.438,91883,29437,40435,383,9850,12,11,1,0,0,28,23,14,0,13,9,FALSE,0,FALSE
1052.6924,13.476,13.209,11.55,10.67,6.455,18,16,2,1110904.9,76,74,74,69,101,101,99,98,20.389,20.357,22.466,22.388,4997.465,91883,29437,40435,383,9850,12,11,1,0,0,28,23,14,0,13,9,FALSE,0,FALSE
1053.6938,13.546,13.277,11.573,10.693,6.428,18,16,2,1102400.8,76,74,71,68,101,101,99,98,20.397,20.364,22.469,22.389,5043.785,91883,29437,40435,366,9850,12,11,1,0,0,28,23,14,0,13,9,FALSE,0,FALSE
1054.1926,13.571,13.299,11.578,10.699,6.415,18,16,2,1101642.2,73,71,69,67,101,101,99,98,20.399,20.365,22.469,22.389,5070.867,91883,29437,40435,333,9800,12,11,1,0,0,28,23,14,0,13,9,FALSE,0,FALSE
1054.6936,13.586,13.313,11.579,10.701,6.402,18,16,2,1094248,70,69,67,66,101,101,99,98,20.399,20.364,22.468,22.388,5100.688,91883,29437,40435,333,9783,12,11,1,0,0,28,23,14,0,13,9,FALSE,0,FALSE
1055.1896,13.597,13.324,11.579,10.701,6.389,18,16,2,1091482,70,68,66,67,101,101,99,98,20.397,20.363,22.465,22.386,5132.305,91883,29437,40435,317,9783,12,11,1,0,0,28,23,14,0,13,9,FALSE,0,FALSE
1055.692,13.608,13.336,11.579,10.701,6.375,18,16,2,1082838.2,70,69,67,68,101,101,99,98,20.396,20.361,22.462,22.383,5165.617,91883,29437,40435,317,9783,12,11,1,0,0,28,23,14,0,13,9,FALSE,0,FALSE
1056.1947,13.618,13.346,11.579,10.701,6.361,18,16,2,1074194.5,69,69,67,67,101,101,99,98,20.393,20.359,22.458,22.38,5200.5,91883,29437,40435,334,9767,12,11,1,0,0,28,23,14,0,13,9,FALSE,0,FALSE
1056.6918,13.628,13.356,11.579,10.701,6.348,18,16,2,1071014.4,69,69,68,67,101,101,99,97,20.39,20.356,22.454,22.377,5236.637,91883,29437,40435,334,9767,12,11,1,0,0,28,23,14,0,13,9,FALSE,0,FALSE
1057.1927,13.637,13.365,11.579,10.701,6.335,18,16,2,1062370.6,69,69,68,67,101,100,99,97,20.387,20.353,22.45,22.373,5273.914,91883,29437,40435,334,9750,12,11,1,0,0,28,23,14,0,13,9,FALSE,0,FALSE
1057.6924,13.646,13.374,11.579,10.701,6.321,18,16,2,1053726.9,69,69,68,67,101,100,99,97,20.383,20.35,22.444,22.368,5312.27,91883,29437,40435,334,9750,12,11,1,0,0,28,23,14,0,13,9,FALSE,0,FALSE
1058.1927,13.656,13.383,11.579,10.701,6.307,18,16,2,1045083.94,68,68,68,68,101,100,98,97,20.379,20.346,22.439,22.363,5351.645,91883,29437,40435,333,9733,12,11,1,0,0,28,23,14,0,13,9,FALSE,0,FALSE
1058.6892,13.664,13.392,11.579,10.701,6.294,18,16,2,1041884.1,68,68,68,68,101,100,98,97,20.374,20.341,22.433,22.357,5391.992,91883,29437,40435,334,9733,12,11,1,0,0,28,23,14,0,13,9,FALSE,0,FALSE
1059.1956,13.673,13.4,11.579,10.701,6.28,18,16,3,1033242.25,68,68,68,68,101,100,98,97,20.368,20.335,22.426,22.351,24.277,92645,0,0,334,9733,12,12,1,0,0,28,23,14,0,13,9,FALSE,0,FALSE
1059.6913,13.681,13.408,11.579,10.701,6.267,18,16,3,1024600.4,68,68,68,68,101,100,98,97,20.362,20.33,22.419,22.344,66.305,92645,0,0,316,9733,12,12,1,0,0,28,23,14,0,13,9,FALSE,0,FALSE
1060.1897,13.69,13.417,11.579,10.701,6.253,18,16,3,1015958.5,68,68,68,68,101,100,98,97,20.356,20.324,22.412,22.337,109.051,92645,0,0,316,9666,12,12,1,0,0,28,23,14,0,13,9,FALSE,0,FALSE
1061.1929,13.706,13.433,11.579,10.701,6.225,18,16,3,998674.75,68,68,68,68,100,100,98,97,20.343,20.311,22.396,22.323,196.598,92645,0,0,300,9666,12,12,1,0,0,28,23,14,0,13,9,FALSE,0,FALSE
1061.6888,13.714,13.441,11.579,10.701,6.211,18,16,3,990032.9,68,68,68,67,100,100,98,96,20.336,20.304,22.388,22.315,241.238,92645,0,0,300,9666,12,12,1,0,0,28,23,14,0,13,9,FALSE,0,FALSE
1062.1914,13.722,13.449,11.579,10.701,6.198,18,16,3,981470.3,69,68,69,69,100,99,97,96,20.328,20.297,22.379,22.306,286.34,92645,0,0,283,9500,12,12,1,0,0,28,23,14,0,13,9,FALSE,0,FALSE
1062.6938,13.73,13.457,11.579,10.701,6.184,18,16,3,973197.56,68,68,69,68,100,99,97,96,20.321,20.289,22.37,22.298,331.875,92645,0,0,267,9500,12,12,1,0,0,28,23,14,0,13,9,FALSE,0,FALSE
1063.1932,13.738,13.465,11.58,10.701,6.17,18,16,3,965187.56,68,68,68,68,100,99,97,96,20.313,20.282,22.361,22.289,377.789,92645,0,0,267,9500,12,12,1,0,0,28,23,14,0,13,9,FALSE,0,FALSE
1063.6926,13.746,13.473,11.58,10.701,6.156,18,16,3,957399.8,68,68,68,68,100,99,97,96,20.304,20.274,22.351,22.28,424.02,92645,0,0,250,9400,12,12,1,0,0,28,23,14,0,13,9,FALSE,0,FALSE
1063.7911,13.747,13.475,11.58,10.701,6.153,18,16,3,955865.9,68,68,69,68,100,99,97,96,20.303,20.272,22.349,22.278,433.301,92645,0,0,250,9400,12,12,1,0,0,26,21,14,0,13,9,FALSE,0,FALSE
1064.1909,13.504,13.227,11.223,10.51,6.043,18,16,3,2736355.2,71,71,74,73,98,98,96,95,20.238,20.211,22.271,22.212,639.383,92700,0,0,467,11600,7,12,1,0,0,28,23,14,0,13,9,FALSE,0,FALSE
1064.6959,13.761,13.488,11.58,10.701,6.129,18,16,3,942417.1,68,68,69,68,99,99,97,96,20.287,20.257,22.332,22.261,517.348,92645,0,0,234,9300,12,12,1,0,0,28,23,14,0,13,9,FALSE,0,FALSE
1065.1962,13.769,13.495,11.58,10.701,6.115,18,16,3,935193,68,68,69,68,99,99,97,95,20.278,20.248,22.322,22.252,564.395,92645,0,0,233,9300,12,12,1,0,0,28,23,14,0,13,9,FALSE,0,FALSE
1065.6952,13.795,13.518,11.609,10.731,6.105,18,16,3,951648.9,72,72,74,73,99,98,96,95,20.271,20.241,22.315,22.245,610.109,92645,0,0,216,9250,12,12,1,0,0,28,23,14,0,13,9,FALSE,0,FALSE
1066.1954,13.834,13.554,11.651,10.776,6.104,18,16,3,986599.56,71,71,74,74,99,98,97,95,20.271,20.241,22.32,22.25,647.07,92645,0,0,200,9250,12,12,1,0,0,28,23,14,0,13,9,FALSE,0,FALSE
1067.1948,13.874,13.593,11.682,10.809,6.103,18,16,3,1039172.06,69,69,70,69,99,99,97,96,20.276,20.247,22.332,22.263,697.938,92645,0,0,200,9217,12,12,1,0,0,28,23,14,0,13,9,FALSE,0,FALSE
1067.6912,13.884,13.602,11.689,10.816,6.103,18,16,3,1058743.6,68,67,69,68,99,99,97,96,20.279,20.25,22.337,22.268,715.145,92645,0,0,183,9217,11,12,1,0,0,28,23,14,0,13,9,FALSE,0,FALSE
1068.194,13.899,13.614,11.718,10.84,6.103,18,16,3,1074103.2,71,68,77,73,99,99,97,96,20.282,20.252,22.344,22.274,728.234,92645,0,0,183,9234,11,12,1,0,0,28,23,14,0,13,9,FALSE,0,FALSE
1068.6924,13.913,13.625,11.766,10.875,6.103,18,16,3,1084860.8,72,69,88,80,99,99,97,96,20.286,20.255,22.354,22.283,740.895,92645,0,0,183,9234,11,12,1,0,0,28,23,14,0,13,9,FALSE,0,FALSE
1069.1912,13.924,13.633,11.792,10.894,6.101,18,16,3,1089749.5,72,69,89,79,99,99,97,96,20.291,20.258,22.367,22.292,754.262,92645,0,0,400,9234,11,12,1,0,0,28,23,14,0,13,9,FALSE,0,FALSE
1069.692,13.939,13.648,11.807,10.903,6.097,18,16,3,1094583,74,71,85,75,99,99,97,96,20.295,20.262,22.379,22.3,763.586,92645,0,0,400,9234,11,12,1,0,0,28,23,14,0,13,9,FALSE,0,FALSE
1070.1958,13.953,13.663,11.813,10.908,6.092,18,16,3,1099336.5,74,72,78,72,100,99,98,96,20.3,20.266,22.388,22.306,774.199,92645,0,0,400,9350,11,12,1,0,0,28,23,14,0,13,9,FALSE,0,FALSE
1070.6927,13.977,13.693,11.815,10.91,6.084,18,16,3,1103843,77,77,72,68,100,99,98,96,20.306,20.271,22.394,22.311,787.109,92645,0,0,400,9350,11,12,1,0,0,28,23,14,0,13,9,FALSE,0,FALSE
1071.1915,13.993,13.713,11.816,10.911,6.074,18,16,3,1108867.6,75,75,68,67,100,99,98,96,20.311,20.277,22.397,22.313,802.594,92645,0,0,533,9350,11,12,1,0,0,28,23,14,0,13,9,FALSE,0,FALSE
1072.1936,14.072,13.799,11.856,10.964,6.054,18,16,3,1115801.8,84,88,73,79,100,99,98,97,20.321,20.289,22.402,22.321,842.773,92645,0,0,484,9300,11,12,1,0,0,28,23,14,0,13,9,FALSE,0,FALSE
1072.6931,14.14,13.876,11.876,10.986,6.044,18,16,3,1122377.2,84,89,72,75,100,100,98,97,20.331,20.301,22.405,22.327,867.035,92645,0,0,484,9300,11,12,1,0,0,28,23,14,0,13,9,FALSE,0,FALSE
1073.196,14.169,13.911,11.902,11.014,6.033,18,16,3,1128585.2,77,82,74,76,100,100,98,97,20.336,20.309,22.407,22.331,888.895,92645,0,0,484,9300,11,12,1,0,0,28,23,14,0,13,9,FALSE,0,FALSE
1073.6945,14.228,13.976,11.916,11.028,6.02,18,16,3,1127454.6,79,84,70,72,100,100,98,97,20.342,20.316,22.409,22.334,913.359,92645,0,0,483,9300,11,12,1,0,0,28,23,14,0,13,9,FALSE,0,FALSE
1074.1927,14.258,14.005,11.918,11.03,6.007,18,16,3,1127153.2,73,73,65,65,100,100,98,97,20.346,20.32,22.408,22.334,940.527,92645,0,0,483,9300,11,12,1,0,0,28,23,14,0,13,9,FALSE,0,FALSE
1075.1925,14.321,14.063,11.948,11.059,5.98,18,16,3,1118466.9,75,72,73,70,100,100,98,97,20.348,20.322,22.405,22.33,1000.59,92645,0,0,517,9317,11,12,1,0,0,28,23,14,0,13,9,FALSE,0,FALSE
1075.6925,14.354,14.09,11.964,11.075,5.967,18,16,3,1110277.4,72,70,70,68,100,100,98,97,20.349,20.322,22.404,22.329,1031.961,92645,0,0,517,9317,11,12,1,0,0,28,23,14,0,13,9,FALSE,0,FALSE
1076.1965,14.367,14.102,11.964,11.076,5.953,18,16,3,1101638.1,68,68,67,67,100,100,98,97,20.348,20.32,22.401,22.326,1065.129,92645,0,0,550,9334,11,12,1,0,0,28,23,14,0,13,9,FALSE,0,FALSE
1076.6897,14.378,14.113,11.964,11.076,5.939,18,16,3,1092994.4,68,67,67,67,100,100,98,97,20.345,20.317,22.397,22.322,1099.891,92645,0,0,550,9334,11,12,1,0,0,28,23,14,0,13,9,FALSE,0,FALSE
1077.1919,14.388,14.122,11.964,11.076,5.926,18,16,3,1089823.8,68,68,67,67,100,100,98,96,20.342,20.314,22.393,22.318,1135.961,92645,0,0,550,9334,11,12,1,0,0,28,23,14,0,13,9,FALSE,0,FALSE
1077.6934,14.398,14.132,11.964,11.076,5.913,18,16,3,1081180,68,68,68,67,100,100,98,96,20.338,20.311,22.388,22.314,1173.234,92645,0,0,534,9300,11,12,1,0,0,28,23,14,0,13,9,FALSE,0,FALSE
1078.6953,14.416,14.151,11.964,11.076,5.885,18,16,3,1063892.5,68,68,68,68,100,100,97,96,20.329,20.303,22.377,22.303,1251.121,92645,0,0,550,9300,11,12,1,0,0,28,23,14,0,13,9,FALSE,0,FALSE
1079.1932,14.424,14.16,11.964,11.076,5.872,18,16,3,1060628,68,68,68,68,100,99,97,96,20.324,20.298,22.37,22.298,1291.422,92645,0,0,550,9266,11,12,1,0,0,28,23,14,0,13,9,FALSE,0,FALSE
1080.1941,14.44,14.178,11.964,11.076,5.845,18,16,3,1043341.7,68,68,68,68,100,99,97,96,20.313,20.288,22.357,22.285,1374.148,92645,0,0,550,9250,11,12,1,0,0,28,23,14,0,13,9,FALSE,0,FALSE
1080.6952,14.45,14.187,11.973,11.083,5.832,18,16,3,1042521.25,69,69,72,70,100,99,97,96,20.308,20.282,22.35,22.278,1416.383,92645,0,0,550,9250,11,12,1,0,0,28,23,14,0,13,9,FALSE,0,FALSE
1081.6952,14.505,14.239,12.044,11.134,5.829,18,16,3,1102779,70,69,72,70,100,99,97,96,20.309,20.284,22.357,22.285,1481.438,92645,0,0,533,9200,11,12,1,0,0,28,23,14,0,13,9,FALSE,0,FALSE
1082.6958,14.606,14.314,12.21,11.28,5.828,18,16,3,1147161.4,83,76,97,92,100,99,97,96,20.322,20.292,22.379,22.303,1524.059,92645,0,0,533,9217,11,12,1,0,0,28,23,14,0,13,9,FALSE,0,FALSE
1083.1953,14.636,14.335,12.286,11.34,5.828,18,16,3,1161018.2,79,73,101,92,100,99,98,96,20.33,20.296,22.395,22.316,1547.684,92645,0,0,533,9100,11,12,1,0,0,28,23,14,0,13,9,FALSE,0,FALSE
1083.6957,14.655,14.349,12.346,11.384,5.826,18,16,3,1167982.4,77,71,100,88,100,99,98,97,20.336,20.299,22.411,22.329,1564.969,92645,0,0,417,9100,11,12,1,0,0,28,23,14,0,13,9,FALSE,0,FALSE
1084.192,14.413,14.085,11.965,11.143,5.82,18,16,3,1174023.1,77,72,92,82,100,100,98,97,20.341,20.302,22.424,22.338,1579.766,92645,0,0,417,9100,11,12,1,0,0,28,23,14,0,13,9,FALSE,0,FALSE
1084.695,14.706,14.391,12.404,11.428,5.814,18,16,3,1180179.8,78,73,84,76,100,100,98,97,20.346,20.305,22.434,22.345,1594.922,92645,0,0,417,9217,11,12,1,0,0,28,23,14,0,13,9,FALSE,0,FALSE
1085.1945,14.731,14.413,12.417,11.439,5.806,18,16,3,1183912.8,77,73,77,72,100,100,99,97,20.351,20.308,22.44,22.349,1610.996,92645,0,0,533,9217,11,12,1,0,0,28,23,14,0,13,9,FALSE,0,FALSE
1086.1927,14.784,14.457,12.42,11.443,5.781,18,16,3,1179231.6,75,72,68,66,101,100,99,97,20.358,20.314,22.443,22.351,1653.426,92645,0,0,600,9217,11,12,1,0,0,28,23,14,0,13,9,FALSE,0,FALSE
1086.6923,14.819,14.492,12.42,11.443,5.769,18,16,3,1180472.1,75,75,68,65,101,100,99,97,20.361,20.317,22.443,22.35,1678.258,92645,0,0,600,9350,11,12,1,0,0,28,23,14,0,13,9,FALSE,0,FALSE
1087.1925,14.847,14.519,12.422,11.445,5.755,18,16,3,1175700.1,73,72,66,66,101,100,99,97,20.363,20.319,22.441,22.348,1705.453,92645,0,0,567,9350,11,12,1,0,0,28,23,14,0,13,9,FALSE,0,FALSE
1087.6945,14.863,14.539,12.428,11.45,5.742,18,16,3,1168671.1,71,72,67,69,101,100,98,97,20.363,20.32,22.439,22.347,1734.449,92645,0,0,567,9350,11,12,1,0,0,28,23,14,0,13,9,FALSE,0,FALSE
1088.1953,14.879,14.559,12.436,11.456,5.729,18,16,3,1166203.6,70,71,68,69,101,100,98,97,20.362,20.32,22.436,22.345,1765.383,92645,0,0,567,9350,11,12,1,0,0,28,23,14,0,13,9,FALSE,0,FALSE
1088.6965,14.901,14.587,12.455,11.475,5.715,18,16,3,1157660.9,71,74,70,72,101,100,98,97,20.36,20.32,22.434,22.344,1798.223,92645,0,0,567,9350,11,12,1,0,0,28,23,14,0,13,9,FALSE,0,FALSE
1089.1927,14.928,14.621,12.473,11.493,5.701,18,16,3,1149112.1,70,73,70,69,101,100,98,97,20.359,20.321,22.431,22.343,1833.5,92645,29885,0,566,9350,11,12,1,0,0,28,23,14,0,13,9,FALSE,0,FALSE
1089.6923,14.975,14.657,12.543,11.554,5.7,18,16,3,1179599,79,74,86,80,101,100,98,97,20.359,20.321,22.432,22.342,1866.102,92645,29885,0,567,9350,11,12,1,0,0,28,23,14,0,13,9,FALSE,0,FALSE
1090.1936,15.044,14.711,12.68,11.665,5.7,18,16,3,1200576.5,82,76,100,90,101,100,99,97,20.364,20.324,22.441,22.348,1895.113,92645,29885,0,567,9350,11,12,1,0,0,28,23,14,0,13,9,FALSE,0,FALSE
1090.6926,15.111,14.763,12.807,11.771,5.692,18,16,3,1206593.5,86,79,102,92,101,100,99,97,20.37,20.326,22.452,22.356,1925,92645,29885,0,550,9350,11,12,1,0,0,28,23,14,0,13,9,FALSE,0,FALSE
1091.1945,15.195,14.829,12.901,11.849,5.682,18,16,3,1211739.5,89,82,92,84,101,100,99,97,20.377,20.33,22.462,22.363,1953.395,92645,29885,0,550,9350,11,12,1,0,0,28,23,14,0,13,9,FALSE,0,FALSE
1091.6963,15.246,14.87,12.924,11.87,5.67,18,16,3,1211769.5,76,73,74,72,101,100,99,97,20.382,20.333,22.465,22.365,1981.043,92645,29885,0,517,9284,11,12,1,0,0,28,23,14,0,13,9,FALSE,0,FALSE
1092.1908,15.287,14.919,12.968,11.922,5.657,18,16,3,1212283.8,76,79,77,80,101,100,99,97,20.383,20.333,22.464,22.364,2011.395,92645,29885,0,517,9284,11,12,1,0,0,28,23,14,0,13,9,FALSE,0,FALSE
1093.1915,15.432,15.093,13.125,12.111,5.632,18,16,3,1217926.6,82,86,82,89,101,100,99,97,20.386,20.343,22.466,22.372,2075.402,92645,29885,0,467,9250,11,12,1,0,0,28,23,14,0,13,9,FALSE,0,FALSE
1093.6926,15.484,15.155,13.165,12.153,5.618,18,16,3,1209569.4,75,77,74,77,101,100,99,97,20.387,20.346,22.464,22.373,2107.07,92645,29885,0,467,9250,11,12,1,0,0,28,23,14,0,13,9,FALSE,0,FALSE
1094.1925,15.52,15.198,13.191,12.173,5.604,18,16,3,1200942.8,71,75,71,70,101,100,99,97,20.385,20.346,22.46,22.371,2140.375,92645,29885,0,467,9250,11,12,1,0,0,28,23,14,0,13,9,FALSE,0,FALSE
1094.694,15.536,15.219,13.202,12.183,5.59,18,16,3,1194680.5,70,72,71,70,101,100,99,97,20.381,20.345,22.455,22.366,2174.734,92645,29885,0,467,9250,11,12,1,0,0,28,23,14,0,13,9,FALSE,0,FALSE
1095.6915,15.584,15.266,13.254,12.237,5.587,18,16,3,1248485.6,71,70,73,71,101,100,99,97,20.382,20.346,22.46,22.372,2227.492,92645,29885,0,467,9234,11,12,1,0,0,28,23,14,0,13,9,FALSE,0,FALSE
1096.6947,15.629,15.3,13.323,12.293,5.587,18,16,3,1286162.8,77,72,86,79,101,100,99,98,20.387,20.349,22.472,22.383,2259.898,92645,29885,0,467,9283,11,12,1,0,0,28,23,14,0,13,9,FALSE,0,FALSE
1097.195,15.644,15.312,13.38,12.332,5.587,18,16,3,1298024,75,71,96,84,101,100,99,98,20.392,20.351,22.484,22.391,2272.078,92645,29885,0,500,9283,11,12,1,0,0,28,23,14,0,13,9,FALSE,0,FALSE
1097.692,15.655,15.321,13.426,12.363,5.585,18,16,3,1303769.1,74,70,99,85,101,100,99,98,20.395,20.353,22.498,22.4,2286.324,92645,29885,0,500,9283,11,12,1,0,0,28,23,14,0,13,9,FALSE,0,FALSE
1098.1929,15.669,15.331,13.436,12.372,5.582,18,16,3,1309131.5,74,69,88,79,101,100,100,98,20.398,20.354,22.51,22.408,2299.277,92645,29885,0,500,9283,11,12,1,0,0,28,23,14,0,13,9,FALSE,0,FALSE
1098.6938,15.681,15.343,13.444,12.379,5.576,18,16,3,1315188.5,74,70,81,74,101,101,100,98,20.401,20.355,22.518,22.413,2311.551,92645,29885,0,500,9283,11,12,1,0,0,28,23,14,0,13,9,FALSE,0,FALSE
1099.1963,15.701,15.365,13.45,12.385,5.569,18,16,3,1321327.5,76,74,75,70,101,101,100,98,20.404,20.357,22.523,22.416,2324.707,92645,29885,0,417,9200,11,12,1,0,0,28,23,14,0,13,9,FALSE,0,FALSE
1099.6915,15.734,15.403,13.455,12.39,5.558,18,16,3,1327638.8,80,80,71,68,101,101,100,98,20.408,20.361,22.525,22.417,2340.133,92645,29885,0,417,9200,11,12,1,0,0,28,23,14,0,13,9,FALSE,0,FALSE
1100.691,15.787,15.463,13.456,12.392,5.534,18,16,3,1338063.2,75,75,66,66,102,101,100,98,20.416,20.37,22.525,22.416,2380.152,92645,29885,0,517,9200,11,12,1,0,0,28,23,14,0,13,9,FALSE,0,FALSE
1101.192,15.806,15.484,13.456,12.392,5.52,18,16,3,1333253.8,73,72,66,66,102,101,100,98,20.417,20.371,22.523,22.415,2404.391,92645,29885,0,517,9217,11,12,1,0,0,28,23,14,0,13,9,FALSE,0,FALSE
1101.6947,15.821,15.499,13.457,12.393,5.508,18,16,3,1332666.2,71,69,66,66,102,101,100,98,20.417,20.371,22.52,22.413,2430.887,92645,29885,0,434,9217,11,12,1,0,0,28,23,14,0,13,9,FALSE,0,FALSE
1102.1931,15.834,15.513,13.457,12.393,5.494,18,16,3,1325761.2,70,69,66,66,102,101,100,98,20.416,20.37,22.517,22.411,2459.52,92645,29885,0,434,9183,11,12,1,0,0,28,23,14,0,13,9,FALSE,0,FALSE
1102.6938,15.846,15.526,13.457,12.393,5.481,18,16,3,1323337.9,69,69,66,66,102,101,100,98,20.414,20.368,22.513,22.408,2490.082,92645,29885,0,400,9183,11,12,1,0,0,28,23,14,0,13,9,FALSE,0,FALSE
1103.1951,15.857,15.538,13.457,12.393,5.467,18,16,3,1314844.2,68,68,66,66,102,101,100,98,20.411,20.366,22.509,22.404,2522.316,92645,29885,0,400,9167,11,12,1,0,0,28,23,14,0,13,9,FALSE,0,FALSE
1103.692,15.871,15.555,13.464,12.399,5.454,18,16,3,1306200.5,69,70,68,69,101,101,100,98,20.408,20.363,22.504,22.4,2556.199,92645,29885,0,400,9167,11,12,1,0,0,28,23,14,0,13,9,FALSE,0,FALSE
1106.6946,15.999,15.724,13.61,12.545,5.429,18,16,3,1411326.8,69,72,72,75,101,101,100,98,20.406,20.373,22.508,22.414,2718.918,92645,29885,0,417,9266,11,12,1,0,0,28,23,14,0,13,9,FALSE,0,FALSE
1107.1886,16.008,15.736,13.626,12.564,5.429,18,16,3,1427126.8,68,72,73,77,101,101,100,98,20.407,20.376,22.511,22.419,2732.277,92645,29885,0,417,9266,11,12,1,0,0,28,23,14,0,13,9,FALSE,0,FALSE
1107.6956,16.021,15.75,13.65,12.605,5.429,18,16,3,1438123,70,72,76,87,101,101,100,98,20.408,20.379,22.515,22.427,2742.965,92645,29885,0,500,9266,11,12,1,0,0,28,23,14,0,13,9,FALSE,0,FALSE
1108.1943,16.03,15.761,13.67,12.634,5.427,18,16,3,1443016.1,70,73,77,88,102,101,100,98,20.41,20.382,22.52,22.438,2763.535,92645,29885,0,500,9266,11,12,1,0,0,28,23,14,0,13,9,FALSE,0,FALSE
1108.6932,16.042,15.777,13.679,12.645,5.423,18,16,3,1448300.8,71,75,74,82,102,101,100,99,20.411,20.385,22.524,22.447,2773.43,92645,29885,0,500,9250,11,12,1,0,0,28,23,14,0,13,9,FALSE,0,FALSE
1109.1923,16.06,15.792,13.682,12.648,5.416,18,16,3,1452059.6,73,75,70,75,102,101,100,99,20.413,20.389,22.527,22.452,2785.066,92645,29885,0,500,9250,11,12,1,0,0,28,23,14,0,13,9,FALSE,0,FALSE
1109.6931,16.084,15.811,13.682,12.648,5.407,18,16,3,1454643.9,76,76,67,70,102,101,100,99,20.416,20.392,22.527,22.455,2799.566,92645,29885,0,500,9250,11,12,1,0,0,28,23,14,0,13,9,FALSE,0,FALSE
1110.1926,16.115,15.84,13.683,12.648,5.395,18,16,3,1459539.1,78,77,66,67,102,101,100,99,20.42,20.396,22.526,22.455,2816.789,92645,29885,0,500,9250,11,12,1,0,0,28,23,14,0,13,9,FALSE,0,FALSE
1110.6886,16.149,15.873,13.683,12.648,5.383,18,16,3,1464763.6,77,77,65,65,102,101,100,99,20.425,20.401,22.524,22.455,2836.914,92645,29885,0,500,9250,11,12,1,0,0,28,23,14,0,13,9,FALSE,0,FALSE
1111.1942,16.176,15.899,13.683,12.648,5.37,18,16,3,1460537.5,74,74,65,65,102,101,100,99,20.427,20.404,22.522,22.453,2859.883,92645,29885,0,500,9234,11,12,1,0,0,28,23,14,0,13,9,FALSE,0,FALSE
1111.6918,16.195,15.918,13.683,12.648,5.357,18,16,3,1460590.9,71,71,66,66,102,101,100,99,20.428,20.405,22.519,22.451,2885.59,92645,29885,0,500,9234,11,12,1,0,0,28,23,14,0,13,9,FALSE,0,FALSE
1112.1915,16.211,15.934,13.683,12.648,5.343,18,16,3,1453960.1,69,69,66,66,102,101,100,99,20.427,20.404,22.516,22.448,2913.645,92645,29885,0,450,9184,11,12,1,0,0,28,23,14,0,13,9,FALSE,0,FALSE
1113.1936,16.236,15.96,13.683,12.648,5.316,18,16,3,1443395,68,68,67,67,102,101,100,99,20.423,20.4,22.509,22.442,2976.059,92645,29885,0,417,9184,11,12,1,0,0,28,23,14,0,13,9,FALSE,0,FALSE
1113.6904,16.247,15.971,13.683,12.648,5.303,18,16,3,1434751.2,68,68,67,67,102,101,100,98,20.42,20.398,22.505,22.439,3010.004,92645,29885,0,400,9117,11,12,1,0,0,28,23,14,0,13,9,FALSE,0,FALSE
1114.1891,16.256,15.982,13.683,12.648,5.29,18,16,3,1431451.4,68,68,68,67,102,101,100,98,20.416,20.395,22.5,22.434,3045.402,92645,29885,0,400,9117,11,12,1,0,0,28,23,14,0,13,9,FALSE,0,FALSE
1114.693,16.266,15.991,13.683,12.648,5.276,18,16,3,1422807.6,68,68,68,68,102,101,99,98,20.413,20.391,22.495,22.43,3082.102,92645,29885,0,400,9100,11,12,1,0,0,28,23,14,0,13,9,FALSE,0,FALSE
1115.1946,16.276,16.001,13.683,12.648,5.262,18,16,3,1414163.9,70,69,69,69,101,101,99,98,20.409,20.387,22.49,22.425,3120.051,92645,29885,0,366,9100,11,12,1,0,0,28,23,14,0,13,9,FALSE,0,FALSE
1115.6946,16.286,16.011,13.683,12.648,5.249,18,16,3,1405520.1,68,68,68,68,101,101,99,98,20.404,20.382,22.484,22.419,3159.145,92645,29885,0,366,9083,11,12,1,0,0,28,23,14,0,13,9,FALSE,0,FALSE
1116.6948,16.304,16.027,13.683,12.648,5.222,18,16,3,1393623.8,68,68,68,68,101,101,99,98,20.394,20.372,22.47,22.406,3240.121,92645,29885,0,366,9050,11,12,1,0,0,28,23,14,0,13,9,FALSE,0,FALSE
1117.1945,16.313,16.036,13.683,12.649,5.208,18,16,3,1384980,68,68,68,68,101,101,99,98,20.388,20.367,22.463,22.4,3281.805,92645,29885,0,350,8983,11,12,1,0,0,28,23,14,0,13,9,FALSE,0,FALSE
1117.6888,16.321,16.046,13.683,12.649,5.194,18,16,3,1376336.2,67,68,68,67,101,101,99,98,20.382,20.361,22.455,22.393,3324.23,92645,29885,0,350,8966,11,12,1,0,0,28,23,14,0,13,9,FALSE,0,FALSE
1118.1912,16.337,16.062,13.7,12.665,5.183,18,16,3,1382417.2,70,71,72,72,101,101,99,98,20.376,20.355,22.448,22.386,3366.691,92645,29885,0,333,8966,11,12,1,0,0,28,23,14,0,13,9,FALSE,0,FALSE
1118.6914,16.37,16.105,13.748,12.722,5.181,18,16,3,1414820.5,72,74,76,78,101,101,99,98,20.376,20.356,22.451,22.389,3401.906,92645,29885,0,317,8934,11,12,1,0,0,28,23,14,0,13,9,FALSE,0,FALSE
1119.1906,16.403,16.147,13.793,12.768,5.18,18,16,3,1442581.5,73,78,79,81,101,101,99,98,20.377,20.359,22.457,22.396,3429.504,92645,29885,0,317,8934,11,12,1,0,0,28,23,14,0,13,9,FALSE,0,FALSE
1119.6941,16.447,16.204,13.868,12.869,5.18,18,16,3,1463065.8,76,82,86,96,101,101,99,98,20.381,20.366,22.465,22.408,3451.805,92645,29885,0,334,8934,11,12,1,0,0,28,23,14,0,13,9,FALSE,0,FALSE
1120.1912,16.48,16.249,13.937,12.951,5.174,18,16,3,1471224.4,76,84,89,95,101,101,99,98,20.385,20.373,22.476,22.423,3476.809,92645,29885,0,334,8934,11,12,1,0,0,28,23,14,0,13,9,FALSE,0,FALSE
1120.6954,16.568,16.355,13.992,13.022,5.165,18,16,3,1478098.8,91,100,86,93,101,101,99,98,20.393,20.385,22.485,22.436,3500.816,92645,29885,0,334,8900,11,12,1,0,0,28,23,14,0,13,9,FALSE,0,FALSE
1121.1942,16.654,16.456,14.029,13.069,5.156,18,16,3,1484951.2,89,96,81,88,101,101,99,99,20.406,20.401,22.492,22.446,3522.629,92645,29885,0,316,8900,11,12,1,0,0,28,23,14,0,13,9,FALSE,0,FALSE
1121.6929,16.682,16.491,14.058,13.101,5.146,18,16,3,1491295.4,77,82,76,80,102,102,99,99,20.411,20.41,22.496,22.453,3545.145,92645,29885,0,316,8900,11,12,1,0,0,28,23,14,0,13,9,FALSE,0,FALSE
1122.1931,16.722,16.539,14.09,13.136,5.133,18,16,3,1495993.2,77,82,75,79,102,102,99,99,20.414,20.415,22.499,22.458,3568.914,92645,29885,0,300,8884,11,12,1,0,0,28,23,14,0,13,9,FALSE,0,FALSE
1122.6908,16.762,16.585,14.119,13.166,5.121,18,16,3,1497219.8,76,81,75,77,102,102,100,99,20.416,20.42,22.501,22.461,3594.422,92645,29885,0,300,8884,11,12,1,0,0,28,23,14,0,13,9,FALSE,0,FALSE
1123.693,16.859,16.7,14.19,13.241,5.093,18,16,3,1483146,75,79,74,76,102,102,100,99,20.421,20.429,22.503,22.466,3651.23,92645,29885,0,267,8917,11,12,1,0,0,28,23,14,0,13,9,FALSE,0,FALSE
1124.1942,16.889,16.737,14.215,13.264,5.08,18,16,3,1480531,72,76,72,73,102,102,100,99,20.42,20.431,22.502,22.466,3682.668,92645,29885,0,217,8917,11,12,1,0,0,28,23,14,0,13,9,FALSE,0,FALSE
1124.6917,16.905,16.757,14.221,13.27,5.066,18,16,3,1471927.6,69,71,69,68,102,102,99,99,20.418,20.43,22.5,22.464,3715.746,92645,29885,0,217,8917,11,12,1,0,0,28,23,14,0,13,9,FALSE,0,FALSE
1125.1912,16.949,16.793,14.269,13.313,5.053,18,16,3,1463283.9,78,75,80,75,102,102,99,99,20.416,20.428,22.498,22.461,3749.816,92645,29885,0,200,8917,11,12,1,0,0,28,23,14,0,13,9,FALSE,0,FALSE
1126.6904,17.237,17.022,14.577,13.601,5.013,18,16,3,1442741.9,90,78,84,85,102,102,100,99,20.427,20.43,22.506,22.464,3857.438,92645,29885,0,183,8933,11,12,1,0,0,28,23,14,0,13,9,FALSE,0,FALSE
1127.1909,17.345,17.107,14.676,13.696,4.999,18,16,3,1434098.1,84,78,85,81,102,102,100,99,20.431,20.43,22.506,22.465,3895.039,92645,29885,0,183,8933,11,12,1,0,0,28,23,14,0,13,9,FALSE,0,FALSE
1128.1903,17.488,17.224,14.825,13.835,4.971,18,16,3,1416810.6,79,75,80,76,102,102,100,99,20.433,20.427,22.505,22.461,3968.77,92645,29885,0,167,8917,11,12,1,0,0,28,23,14,0,13,9,FALSE,0,FALSE
1128.6925,17.521,17.249,14.844,13.855,4.958,18,16,3,1408166.9,72,70,70,69,102,102,100,99,20.43,20.422,22.501,22.455,4006.121,92645,29885,39906,150,8900,11,12,1,0,0,28,23,14,0,13,9,FALSE,0,FALSE
1130.6938,17.658,17.359,15.059,14.035,4.951,18,16,3,1506301.6,81,75,100,88,102,102,100,99,20.433,20.421,22.518,22.467,4112.18,92645,29885,39906,150,8900,11,12,1,0,0,28,23,14,0,13,9,FALSE,0,FALSE
1131.1914,17.685,17.38,15.132,14.088,4.947,18,16,3,1513649.4,79,74,99,87,102,102,100,99,20.439,20.423,22.532,22.477,4129.801,92645,29885,39906,150,8900,11,12,1,0,0,28,23,14,0,13,9,FALSE,0,FALSE
1131.6927,17.718,17.408,15.172,14.116,4.94,18,16,3,1520146.4,79,75,91,80,102,102,100,99,20.443,20.425,22.543,22.484,4150.516,92645,29885,39906,150,8933,11,12,1,0,0,28,23,14,0,13,9,FALSE,0,FALSE
1132.1884,17.744,17.43,15.195,14.135,4.931,18,16,3,1526490.4,78,74,82,75,102,102,100,99,20.447,20.427,22.551,22.487,4172.035,92645,29885,39906,200,8933,11,12,1,0,0,28,23,14,0,13,9,FALSE,0,FALSE
1132.6903,17.774,17.456,15.217,14.153,4.921,18,16,3,1532777.8,77,74,78,72,102,102,100,99,20.45,20.429,22.555,22.489,4193.02,92645,29885,39906,200,9033,11,12,1,0,0,28,23,14,0,13,9,FALSE,0,FALSE
1133.1927,17.81,17.49,15.228,14.164,4.908,18,16,3,1529909.9,77,75,73,69,102,102,100,99,20.452,20.43,22.556,22.489,4215.809,92645,29885,39906,300,9033,11,12,1,0,0,28,23,14,0,13,9,FALSE,0,FALSE
1133.693,17.836,17.515,15.233,14.169,4.895,18,16,3,1529804.5,74,72,69,68,102,102,100,99,20.454,20.431,22.556,22.488,4241.594,92645,29885,39906,300,9033,11,12,1,0,0,28,23,14,0,13,9,FALSE,0,FALSE
1134.1924,17.854,17.53,15.233,14.17,4.881,18,16,3,1523151.4,72,70,67,67,102,102,100,99,20.453,20.43,22.553,22.485,4269.801,92645,29885,39906,283,9033,11,12,1,0,0,28,23,14,0,13,9,FALSE,0,FALSE
1136.1942,17.9,17.575,15.233,14.17,4.827,18,16,3,1495251.1,69,69,67,67,102,102,100,99,20.442,20.418,22.536,22.47,4400.977,92645,29885,39906,267,8967,11,12,1,0,0,28,23,14,0,13,9,FALSE,0,FALSE
1136.692,17.909,17.585,15.233,14.17,4.815,18,16,3,1492058.9,69,69,67,67,102,102,100,99,20.438,20.414,22.531,22.464,4437.254,92645,29885,39906,250,8967,11,12,1,0,0,28,23,14,0,13,9,FALSE,0,FALSE
1137.1919,17.918,17.594,15.233,14.17,4.801,18,16,3,1483415.1,69,69,67,67,102,102,100,99,20.433,20.41,22.525,22.459,4474.699,92645,29885,39906,250,8967,11,12,1,0,0,28,23,14,0,13,9,FALSE,0,FALSE
1137.69,17.927,17.604,15.233,14.17,4.787,18,16,3,1474771.4,69,69,67,67,102,101,100,99,20.428,20.405,22.518,22.453,4513.23,92645,29885,39906,250,8967,11,12,1,0,0,28,23,14,0,13,9,FALSE,0,FALSE
1138.1935,17.936,17.613,15.233,14.17,4.773,18,16,3,1466127.6,69,69,67,67,102,101,100,99,20.423,20.4,22.511,22.446,4552.754,92645,29885,39906,234,8967,11,12,1,0,0,28,23,14,0,13,9,FALSE,0,FALSE
1139.193,17.953,17.63,15.233,14.17,4.746,18,16,3,1454315.5,70,70,68,68,102,101,99,98,20.411,20.389,22.496,22.432,4634.227,92645,29885,39906,217,8916,11,12,1,0,0,28,23,14,0,13,9,FALSE,0,FALSE
1139.693,17.961,17.639,15.233,14.17,4.733,18,16,3,1445671.8,71,71,69,69,101,101,99,98,20.406,20.383,22.488,22.425,4675.949,92645,29885,39906,200,8916,11,12,1,0,0,28,23,14,0,13,9,FALSE,0,FALSE
1140.192,17.969,17.648,15.233,14.17,4.719,18,16,3,1437028,70,71,69,69,101,101,99,98,20.399,20.378,22.48,22.417,4718.27,92645,29885,39906,183,8883,11,12,1,0,0,28,23,14,0,13,9,FALSE,0,FALSE
1140.6918,17.977,17.656,15.233,14.17,4.705,18,16,3,1428384.2,71,71,69,69,101,101,99,98,20.393,20.372,22.472,22.409,4761.09,92645,29885,39906,166,8883,11,12,1,0,0,28,23,14,0,13,9,FALSE,0,FALSE
1141.1915,17.994,17.672,15.256,14.191,4.695,18,16,3,1439607.6,72,72,75,73,101,101,99,98,20.388,20.366,22.465,22.403,4803.355,92645,29885,39906,166,8850,11,12,1,0,0,28,23,14,0,13,9,FALSE,0,FALSE
1141.69,18.016,17.694,15.275,14.207,4.694,18,16,3,1472708.2,69,69,70,70,101,101,99,98,20.386,20.365,22.467,22.404,4838.566,92645,29885,39906,150,8850,11,12,1,0,0,28,23,14,0,13,9,FALSE,0,FALSE
1142.1937,18.029,17.707,15.283,14.214,4.693,18,16,3,1501065.1,68,68,69,68,101,101,99,98,20.386,20.365,22.469,22.407,4867.484,92645,29885,39906,150,8850,11,12,1,0,0,28,23,14,0,13,9,FALSE,0,FALSE
1142.6902,18.042,17.717,15.293,14.224,4.692,18,16,3,1525831.9,69,67,70,69,101,101,99,98,20.386,20.365,22.472,22.409,4891.391,92645,29885,39906,150,8850,11,12,1,0,0,28,23,14,0,13,9,FALSE,0,FALSE
1143.1935,18.069,17.736,15.33,14.254,4.692,18,16,3,1546128.4,74,70,79,74,101,101,99,98,20.388,20.366,22.477,22.414,4911.355,92645,29885,39906,150,8966,11,12,1,0,0,28,23,14,0,13,9,FALSE,0,FALSE
1143.69,18.097,17.756,15.378,14.291,4.692,18,16,3,1557973.8,76,71,86,78,101,101,99,98,20.393,20.368,22.485,22.419,4927.758,92645,29885,39906,266,9017,11,12,1,0,0,28,23,14,0,13,9,FALSE,0,FALSE
1144.1924,18.121,17.777,15.448,14.331,4.688,18,16,3,1564514.1,76,73,96,80,101,101,99,98,20.397,20.37,22.496,22.426,4951.527,92645,29885,39906,266,9017,11,12,1,0,0,28,23,14,0,13,9,FALSE,0,FALSE
1144.6931,18.147,17.798,15.467,14.347,4.68,18,16,3,1570771.8,77,73,84,74,101,101,100,98,20.402,20.374,22.506,22.432,4969.262,92645,29885,39906,317,9017,11,12,1,0,0,28,23,14,0,13,9,FALSE,0,FALSE
1145.1918,18.176,17.824,15.486,14.363,4.67,18,16,3,1576005.1,78,74,78,72,101,101,100,98,20.406,20.376,22.512,22.435,4988.016,92645,29885,39906,317,9017,11,12,1,0,0,28,23,14,0,13,9,FALSE,0,FALSE
1145.6884,18.212,17.859,15.501,14.377,4.658,18,16,3,1577278,79,76,74,70,102,101,100,98,20.41,20.379,22.516,22.436,5008.844,92645,29885,39906,317,8967,11,12,1,0,0,28,23,14,0,13,9,FALSE,0,FALSE
1146.6904,18.299,17.943,15.525,14.399,4.632,18,16,3,1572580.8,74,73,70,67,102,101,100,98,20.42,20.388,22.518,22.437,5057.055,92645,29885,39906,267,8917,11,12,1,0,0,28,23,14,0,13,9,FALSE,0,FALSE
1147.6917,18.329,17.971,15.527,14.402,4.605,18,16,3,1563421.6,70,69,67,67,102,101,100,98,20.419,20.386,22.514,22.433,5116.098,92645,29885,39906,200,8883,11,12,1,0,0,28,23,14,0,13,9,FALSE,0,FALSE
1148.1919,18.34,17.983,15.527,14.402,4.592,18,16,3,1554912.2,70,69,67,68,102,101,100,98,20.417,20.384,22.51,22.43,5148.434,92645,29885,39906,150,8867,11,12,1,0,0,28,23,14,0,13,9,FALSE,0,FALSE
1148.6881,18.35,17.993,15.527,14.402,4.578,18,16,3,1546556.6,69,69,67,67,102,101,100,98,20.415,20.382,22.507,22.427,5181.293,92645,29885,39906,150,8867,11,12,1,0,0,28,23,14,0,13,9,FALSE,0,FALSE
1149.1903,18.36,18.003,15.527,14.402,4.565,18,16,3,1542988.1,69,69,67,67,102,101,100,98,20.412,20.379,22.502,22.423,5217.875,92645,29885,39906,134,8867,11,12,1,0,0,28,23,14,0,13,9,FALSE,0,FALSE
1151.1876,18.4,18.039,15.529,14.405,4.51,18,16,3,1508701.2,69,68,69,68,101,101,99,98,20.397,20.364,22.48,22.403,5369.574,92645,29885,39906,100,8833,11,12,1,0,0,28,23,14,0,13,9,FALSE,0,FALSE
1153.1827,18.434,18.078,15.533,14.407,4.456,18,16,4,1479513,69,69,69,69,101,100,99,97,20.374,20.343,22.452,22.377,126.754,92762,0,0,50,8800,11,13,1,0,0,28,23,14,0,13,9,FALSE,0,FALSE
1153.6874,18.442,18.086,15.533,14.407,4.442,18,16,4,1470869.2,69,69,69,69,101,100,99,97,20.367,20.337,22.444,22.369,169.738,92762,0,0,33,8733,11,13,1,0,0,28,23,14,0,13,9,FALSE,0,FALSE
1154.1884,18.451,18.094,15.533,14.407,4.428,18,16,4,1461937.4,69,69,69,69,101,100,98,97,20.36,20.33,22.436,22.361,214.664,92762,0,0,33,8733,11,13,1,0,0,28,23,14,0,13,9,FALSE,0,FALSE
1155.1892,18.467,18.111,15.533,14.407,4.4,18,16,4,1444649.9,69,69,69,69,100,100,98,97,20.346,20.316,22.418,22.344,302.844,92762,0,0,950,8733,10,13,1,0,0,28,23,14,0,13,9,FALSE,0,FALSE
1155.692,18.476,18.119,15.533,14.407,4.387,18,16,4,1436006.1,69,69,69,69,100,100,98,97,20.338,20.309,22.409,22.336,347.465,92762,0,0,950,8733,10,13,1,0,0,28,23,14,0,13,9,FALSE,0,FALSE
1156.1906,18.484,18.127,15.533,14.407,4.373,18,16,4,1427364.5,69,69,70,69,100,100,98,97,20.33,20.301,22.4,22.327,392.371,92762,0,0,917,8634,10,13,1,0,0,28,23,14,0,13,9,FALSE,0,FALSE
1157.1909,18.501,18.142,15.533,14.408,4.345,18,16,4,1410464.1,69,69,69,69,100,99,98,96,20.314,20.285,22.381,22.308,482.93,92762,0,0,850,8600,10,13,1,0,0,28,23,14,0,13,9,FALSE,0,FALSE
1158.1909,18.517,18.158,15.533,14.408,4.318,18,16,4,1394174.5,68,68,69,69,99,99,97,96,20.296,20.267,22.361,22.289,574.367,92762,0,0,834,8567,10,13,1,0,0,28,23,14,0,13,9,FALSE,0,FALSE
1158.6923,18.537,18.179,15.556,14.432,4.308,18,16,4,1408330.2,71,72,74,73,99,99,97,96,20.289,20.26,22.353,22.282,618.93,92762,0,0,834,8567,10,13,1,0,0,28,23,14,0,13,9,FALSE,0,FALSE
1159.1919,18.57,18.212,15.598,14.474,4.307,18,16,4,1442178.1,72,72,75,75,99,99,97,96,20.288,20.26,22.357,22.286,654.797,92762,0,0,834,8550,10,13,1,0,0,28,23,14,0,13,9,FALSE,0,FALSE
1159.6924,18.602,18.245,15.628,14.504,4.306,18,16,4,1469284.8,73,73,74,74,99,99,97,96,20.291,20.264,22.364,22.293,681.789,92762,0,0,800,8550,10,13,1,0,0,28,23,14,0,13,9,FALSE,0,FALSE
1160.1885,18.618,18.26,15.636,14.513,4.305,18,16,4,1490793.9,70,70,71,70,99,99,97,96,20.295,20.267,22.371,22.3,701.844,92762,0,0,800,8550,10,13,1,0,0,28,23,14,0,13,9,FALSE,0,FALSE
1161.1896,18.646,18.281,15.683,14.552,4.305,18,16,4,1522246.9,72,69,81,75,100,99,98,96,20.301,20.272,22.384,22.312,728.953,92762,0,0,800,8584,10,13,1,0,0,28,23,14,0,13,9,FALSE,0,FALSE
1161.6898,18.655,18.289,15.727,14.578,4.305,18,16,4,1529807.2,71,69,90,78,100,99,98,97,20.305,20.275,22.395,22.321,742.375,92762,0,0,850,8584,10,13,1,0,0,28,23,14,0,13,9,FALSE,0,FALSE
1162.1927,18.676,18.31,15.746,14.591,4.3,18,16,4,1534206,75,74,87,76,100,99,98,97,20.309,20.279,22.408,22.329,758.719,92762,0,0,850,8584,10,13,1,0,0,28,23,14,0,13,9,FALSE,0,FALSE
1163.191,18.725,18.353,15.763,14.605,4.291,18,16,4,1545678.6,77,74,76,70,100,99,98,97,20.324,20.291,22.425,22.34,780.656,92762,0,0,850,8584,10,13,1,0,0,28,23,14,0,13,9,FALSE,0,FALSE
1164.1917,18.773,18.407,15.769,14.611,4.271,18,16,4,1555874.1,77,76,68,68,100,100,98,97,20.336,20.302,22.432,22.346,811.414,92762,0,0,834,8584,10,13,1,0,0,28,23,14,0,13,9,FALSE,0,FALSE
1164.69,18.792,18.429,15.782,14.627,4.262,18,16,4,1567096,74,75,69,72,100,100,98,97,20.34,20.306,22.433,22.348,830.562,92762,0,0,834,8500,10,13,1,0,0,28,23,14,0,13,9,FALSE,0,FALSE
1165.1903,18.828,18.476,15.825,14.678,4.254,18,16,4,1573683,78,84,78,82,100,100,98,97,20.344,20.312,22.437,22.354,856.703,92762,0,0,700,8500,10,13,1,0,0,28,23,14,0,13,9,FALSE,0,FALSE
1165.691,18.898,18.564,15.855,14.711,4.244,18,16,4,1580328.2,86,95,76,80,100,100,99,97,20.35,20.322,22.441,22.36,877.133,92762,0,0,700,8500,10,13,1,0,0,28,23,14,0,13,9,FALSE,0,FALSE
1166.1892,18.986,18.669,15.875,14.733,4.232,18,16,4,1584371,91,97,73,75,101,100,99,97,20.36,20.337,22.444,22.365,899.344,92762,0,0,666,8500,10,13,1,0,0,28,23,14,0,13,9,FALSE,0,FALSE
1166.6917,19.017,18.702,15.877,14.735,4.218,18,16,4,1579519.6,77,77,67,70,101,100,99,97,20.367,20.345,22.444,22.366,924.172,92762,0,0,666,8500,10,13,1,0,0,28,23,14,0,13,9,FALSE,0,FALSE
1167.19,19.044,18.733,15.883,14.742,4.205,18,16,4,1579287.6,75,73,67,68,101,100,99,97,20.37,20.347,22.442,22.366,952.367,92762,0,0,700,8533,10,13,1,0,0,28,23,14,0,13,9,FALSE,0,FALSE
1167.6921,19.082,18.768,15.902,14.758,4.191,18,16,4,1572777.4,77,75,73,69,101,100,99,97,20.371,20.349,22.442,22.365,982.758,92762,0,0,700,8533,10,13,1,0,0,28,23,14,0,13,9,FALSE,0,FALSE
1168.1898,19.099,18.782,15.905,14.762,4.179,18,16,4,1570362.4,71,70,69,67,101,100,99,97,20.372,20.348,22.44,22.363,1012.828,92762,0,0,700,8550,10,13,1,0,0,28,23,14,0,13,9,FALSE,0,FALSE
1168.6888,19.117,18.797,15.909,14.767,4.165,18,16,4,1561972.2,70,68,68,67,101,100,98,97,20.371,20.347,22.437,22.36,1044.656,92762,0,0,717,8550,10,13,1,0,0,28,23,14,0,13,9,FALSE,0,FALSE
1169.1926,19.133,18.81,15.911,14.77,4.151,18,16,4,1553328.5,69,68,68,67,101,100,98,97,20.368,20.344,22.434,22.356,1078.273,92762,0,0,717,8550,10,13,1,0,0,28,23,14,0,13,9,FALSE,0,FALSE
1169.6898,19.144,18.82,15.911,14.771,4.139,18,16,4,1550001.4,68,68,68,67,101,100,98,97,20.365,20.34,22.429,22.352,1113.344,92762,0,0,716,8550,10,13,1,0,0,28,23,14,0,13,9,FALSE,0,FALSE
1170.1888,19.154,18.83,15.911,14.771,4.125,18,16,4,1541357.6,68,68,68,67,101,100,98,97,20.361,20.337,22.425,22.348,1149.633,92762,0,0,700,8583,10,13,1,0,0,28,23,14,0,13,9,FALSE,0,FALSE
1170.6901,19.164,18.84,15.911,14.771,4.111,18,16,4,1532713.9,68,68,68,68,101,100,98,97,20.357,20.333,22.419,22.343,1187.148,92762,0,0,700,8583,10,13,1,0,0,28,23,14,0,13,9,FALSE,0,FALSE
1171.1926,19.173,18.85,15.911,14.771,4.097,18,16,4,1524070.1,68,68,68,68,100,100,98,97,20.353,20.328,22.414,22.338,1225.773,92762,0,0,700,8567,10,13,1,0,0,28,23,14,0,13,9,FALSE,0,FALSE
1172.1888,19.189,18.867,15.912,14.771,4.071,18,16,4,1512022.2,68,68,68,68,100,100,98,97,20.342,20.318,22.401,22.326,1305.578,92762,0,0,666,8550,10,13,1,0,0,28,23,14,0,13,9,FALSE,0,FALSE
1172.6932,19.197,18.877,15.912,14.771,4.058,18,16,4,1503378.5,68,68,68,68,100,100,98,97,20.337,20.313,22.394,22.32,1346.578,92762,0,0,666,8550,10,13,1,0,0,28,23,14,0,13,9,FALSE,0,FALSE
1173.1895,19.206,18.886,15.912,14.771,4.044,18,16,4,1494734.8,68,68,68,68,100,100,98,96,20.331,20.307,22.387,22.313,1388.281,92762,0,0,650,8533,10,13,1,0,0,28,23,14,0,13,9,FALSE,0,FALSE
1174.189,19.256,18.939,15.974,14.827,4.036,18,16,4,1547692.2,70,72,73,71,100,100,98,96,20.328,20.305,22.389,22.316,1458.344,92762,0,0,616,8483,10,13,1,0,0,28,23,14,0,13,9,FALSE,0,FALSE
1174.691,19.268,18.949,15.985,14.838,4.035,18,16,4,1573885.5,69,68,71,70,100,100,98,97,20.33,20.307,22.394,22.32,1483.289,92762,0,0,616,8584,10,13,1,0,0,28,23,14,0,13,9,FALSE,0,FALSE
1175.1924,19.301,18.972,16.036,14.88,4.035,18,16,4,1595528.6,76,71,83,77,100,100,98,97,20.333,20.309,22.4,22.326,1504.164,92762,0,0,717,8584,10,13,1,0,0,28,23,14,0,13,9,FALSE,0,FALSE
1175.6904,19.336,18.998,16.098,14.928,4.035,18,16,4,1609582,79,73,91,82,100,100,98,97,20.339,20.312,22.411,22.334,1521.398,92762,0,0,717,8584,10,13,1,0,0,28,23,14,0,13,9,FALSE,0,FALSE
1176.6862,19.393,19.034,16.218,15.026,4.031,18,16,4,1622548.1,77,71,95,85,100,100,98,97,20.352,20.318,22.437,22.354,1569.258,92762,0,0,717,8600,10,13,1,0,0,28,23,14,0,13,9,FALSE,0,FALSE
1177.1921,19.423,19.06,16.251,15.05,4.024,18,16,4,1628613.2,79,74,88,79,101,100,99,97,20.357,20.32,22.448,22.362,1587.148,92762,0,0,717,8600,10,13,1,0,0,28,23,14,0,13,9,FALSE,0,FALSE
1178.1915,19.523,19.146,16.283,15.078,4.007,18,16,4,1638653.9,80,76,74,70,101,100,99,97,20.375,20.333,22.46,22.37,1622.625,92762,0,0,616,8500,10,13,1,0,0,28,23,14,0,13,9,FALSE,0,FALSE
1178.6884,19.546,19.167,16.287,15.083,3.994,18,16,4,1636695.8,76,74,71,68,101,100,99,97,20.379,20.335,22.461,22.371,1644.117,92762,0,0,616,8500,10,13,1,0,0,28,23,14,0,13,9,FALSE,0,FALSE
1179.1914,19.594,19.205,16.289,15.086,3.981,18,16,4,1634137.9,82,80,69,66,101,100,99,97,20.382,20.338,22.462,22.37,1667.984,92762,0,0,616,8450,10,13,1,0,0,28,23,14,0,13,9,FALSE,0,FALSE
1179.6885,19.625,19.235,16.29,15.086,3.969,18,16,4,1635703.4,75,73,66,65,101,100,99,97,20.385,20.341,22.46,22.368,1694.062,92762,0,0,616,8450,10,13,1,0,0,28,23,14,0,13,9,FALSE,0,FALSE
1180.1876,19.641,19.253,16.293,15.089,3.955,18,16,4,1629362.9,71,72,67,68,101,100,99,97,20.385,20.342,22.458,22.366,1721.32,92762,0,0,600,8433,10,13,1,0,0,28,23,14,0,13,9,FALSE,0,FALSE
1180.691,19.66,19.277,16.304,15.099,3.942,18,16,4,1626991.2,70,72,69,70,101,100,99,97,20.384,20.342,22.455,22.365,1752.461,92762,0,0,600,8433,10,13,1,0,0,28,23,14,0,13,9,FALSE,0,FALSE
1181.1909,19.681,19.303,16.317,15.111,3.928,18,16,4,1618704.2,70,72,68,70,101,100,99,97,20.382,20.342,22.453,22.364,1784.219,92762,0,0,600,8433,10,13,1,0,0,28,23,14,0,13,9,FALSE,0,FALSE
1181.6897,19.701,19.33,16.334,15.127,3.915,18,16,4,1610060.5,71,74,71,72,101,100,99,97,20.38,20.341,22.45,22.362,1818.523,92762,29831,0,616,8450,10,13,1,0,0,28,23,14,0,13,9,FALSE,0,FALSE
1182.6908,19.792,19.407,16.459,15.234,3.908,18,16,4,1655580.9,84,78,95,86,101,100,99,97,20.381,20.342,22.452,22.363,1882.117,92762,29831,0,617,8450,10,13,1,0,0,28,23,14,0,13,9,FALSE,0,FALSE
1183.1885,19.851,19.452,16.589,15.339,3.905,18,16,4,1666986.8,82,76,102,92,101,100,99,97,20.388,20.346,22.464,22.371,1909.617,92762,29831,0,617,8450,10,13,1,0,0,28,23,14,0,13,9,FALSE,0,FALSE
1183.686,19.907,19.496,16.668,15.404,3.896,18,16,4,1672268,83,77,91,83,101,100,99,97,20.393,20.349,22.475,22.379,1936.375,92762,29831,0,633,8466,10,13,1,0,0,28,23,14,0,13,9,FALSE,0,FALSE
1184.19,19.959,19.537,16.712,15.441,3.885,18,16,4,1676738.6,80,75,80,76,101,100,99,98,20.398,20.351,22.48,22.382,1963.695,92762,29831,0,633,8466,10,13,1,0,0,28,23,14,0,13,9,FALSE,0,FALSE
1184.6921,19.986,19.564,16.723,15.453,3.871,18,16,4,1670645.5,73,73,71,72,101,100,99,98,20.4,20.351,22.48,22.381,1991.547,92762,29831,0,650,8466,10,13,1,0,0,28,23,14,0,13,9,FALSE,0,FALSE
1185.1919,20.042,19.635,16.79,15.529,3.859,18,16,4,1673841.8,77,85,82,84,101,100,99,98,20.4,20.353,22.48,22.383,2022.672,92762,29831,0,633,8450,10,13,1,0,0,28,23,14,0,13,9,FALSE,0,FALSE
1185.6908,20.11,19.714,16.857,15.614,3.847,18,16,4,1678297.1,78,82,79,86,101,101,99,98,20.403,20.359,22.481,22.388,2054.5,92762,29831,0,633,8450,10,13,1,0,0,28,23,14,0,13,9,FALSE,0,FALSE
1186.1871,20.167,19.782,16.916,15.684,3.835,18,16,4,1678784.2,79,83,78,83,101,101,99,98,20.404,20.362,22.482,22.391,2083.766,92762,29831,0,650,8450,10,13,1,0,0,28,23,14,0,13,9,FALSE,0,FALSE
1187.1893,20.243,19.873,16.966,15.729,3.807,18,16,4,1664381.9,72,76,72,71,101,101,99,98,20.402,20.364,22.475,22.388,2149.82,92762,29831,0,667,8450,10,13,1,0,0,28,23,14,0,13,9,FALSE,0,FALSE
1187.6892,20.261,19.896,16.987,15.749,3.797,18,16,4,1669855,72,73,74,74,101,101,99,98,20.399,20.363,22.472,22.385,2183.461,92762,29831,0,683,8450,10,13,1,0,0,28,23,14,0,13,9,FALSE,0,FALSE
1188.1908,20.293,19.929,17.024,15.788,3.795,18,16,4,1697202.8,73,74,76,76,101,101,99,98,20.4,20.364,22.475,22.389,2210.273,92762,29831,0,683,8450,10,13,1,0,0,28,23,14,0,13,9,FALSE,0,FALSE
1188.6869,20.311,19.946,17.039,15.804,3.795,18,16,4,1719559,72,71,74,73,101,101,99,98,20.402,20.367,22.48,22.395,2229.883,92762,29831,0,683,8450,10,13,1,0,0,28,23,14,0,13,9,FALSE,0,FALSE
1189.1895,20.324,19.955,17.058,15.821,3.795,18,16,4,1738928.8,72,68,77,73,101,101,99,98,20.404,20.368,22.485,22.399,2247.422,92762,29831,0,683,8517,10,13,1,0,0,28,23,14,0,13,9,FALSE,0,FALSE
1189.6903,20.346,19.971,17.108,15.857,3.795,18,16,4,1749925.1,75,70,87,79,101,101,99,98,20.406,20.369,22.493,22.405,2260.758,92762,29831,0,767,8517,10,13,1,0,0,28,23,14,0,13,9,FALSE,0,FALSE
1190.1874,20.363,19.985,17.165,15.892,3.795,18,16,4,1757570.1,75,71,97,82,102,101,100,98,20.41,20.37,22.504,22.412,2274.781,92762,29831,0,767,8517,10,13,1,0,0,28,23,14,0,13,9,FALSE,0,FALSE
1190.6897,20.38,19.999,17.219,15.932,3.793,18,16,4,1763619.9,76,72,101,86,102,101,100,98,20.413,20.372,22.519,22.421,2293.68,92762,29831,0,767,8434,10,13,1,0,0,28,23,14,0,13,9,FALSE,0,FALSE
1191.1892,20.4,20.013,17.243,15.951,3.79,18,16,4,1769529.9,77,72,92,82,102,101,100,98,20.417,20.374,22.532,22.429,2306.047,92762,29831,0,767,8434,10,13,1,0,0,28,23,14,0,13,9,FALSE,0,FALSE
1191.6891,20.415,20.025,17.255,15.961,3.785,18,16,4,1775886,76,71,84,76,102,101,100,98,20.421,20.375,22.541,22.435,2318.109,92762,29831,0,684,8434,10,13,1,0,0,28,23,14,0,13,9,FALSE,0,FALSE
1192.1864,20.43,20.039,17.261,15.967,3.777,18,16,4,1782713.5,75,71,77,72,102,101,100,98,20.423,20.376,22.546,22.438,2331.117,92762,29831,0,684,8434,10,13,1,0,0,28,23,14,0,13,9,FALSE,0,FALSE
1192.6882,20.446,20.056,17.264,15.97,3.768,18,16,4,1789892.9,74,72,72,68,102,101,100,98,20.425,20.377,22.548,22.439,2346.758,92762,29831,0,684,8384,10,13,1,0,0,28,23,14,0,13,9,FALSE,0,FALSE
1193.1887,20.475,20.086,17.264,15.97,3.756,18,16,4,1799084.4,77,76,68,66,102,101,100,98,20.427,20.379,22.548,22.438,2366.266,92762,29831,0,634,8384,10,13,1,0,0,28,23,14,0,13,9,FALSE,0,FALSE
1193.6888,20.497,20.113,17.264,15.971,3.743,18,16,4,1795731.8,74,74,66,66,102,101,100,98,20.429,20.381,22.546,22.437,2387.867,92762,29831,0,634,8384,10,13,1,0,0,28,23,14,0,13,9,FALSE,0,FALSE
1194.1904,20.516,20.133,17.264,15.971,3.729,18,16,4,1790851.1,72,72,66,66,102,101,100,98,20.43,20.382,22.543,22.435,2412.219,92762,29831,0,617,8384,10,13,1,0,0,28,23,14,0,13,9,FALSE,0,FALSE
1194.6875,20.531,20.149,17.264,15.971,3.717,18,16,4,1790575.6,71,70,66,66,102,101,100,98,20.429,20.381,22.54,22.433,2438.031,92762,29831,0,617,8383,10,13,1,0,0,28,23,14,0,13,9,FALSE,0,FALSE
1195.1836,20.545,20.164,17.264,15.971,3.703,18,16,4,1783615.2,70,69,66,66,102,101,100,98,20.428,20.38,22.536,22.43,2466.836,92762,29831,0,600,8383,10,13,1,0,0,28,23,14,0,13,9,FALSE,0,FALSE
1196.1879,20.569,20.188,17.265,15.971,3.677,18,16,4,1772727.8,69,69,67,67,102,101,100,98,20.422,20.375,22.528,22.423,2529.867,92762,29831,0,583,8350,10,13,1,0,0,28,23,14,0,13,9,FALSE,0,FALSE
1197.6902,20.645,20.287,17.346,16.05,3.639,18,16,4,1767680.4,73,76,75,78,102,101,100,98,20.413,20.37,22.515,22.415,2635.375,92762,29831,0,567,8350,10,13,1,0,0,28,23,14,0,13,9,FALSE,0,FALSE
1198.189,20.69,20.341,17.396,16.098,3.637,18,16,4,1795842.2,75,78,77,80,102,101,100,98,20.414,20.373,22.518,22.419,2666.773,92762,29831,0,567,8334,10,13,1,0,0,28,23,14,0,13,9,FALSE,0,FALSE
1198.6909,20.711,20.366,17.416,16.117,3.636,18,16,4,1820549.5,71,74,74,75,102,101,100,98,20.416,20.377,22.522,22.425,2690.484,92762,29831,0,600,8367,10,13,1,0,0,28,23,14,0,13,9,FALSE,0,FALSE
1199.6896,20.736,20.398,17.447,16.149,3.636,18,16,4,1857709.9,69,73,73,77,102,101,100,98,20.419,20.383,22.529,22.435,2722.938,92762,29831,0,600,8417,10,13,1,0,0,28,23,14,0,13,9,FALSE,0,FALSE
1200.6886,20.758,20.426,17.484,16.205,3.636,18,16,4,1873076.1,71,74,76,85,102,101,100,99,20.421,20.39,22.537,22.45,2746.273,92762,29831,0,650,8417,10,13,1,0,0,28,23,14,0,13,9,FALSE,0,FALSE
1201.1884,20.771,20.442,17.5,16.226,3.635,18,16,4,1878199.2,73,76,79,88,102,101,100,99,20.423,20.394,22.54,22.457,2767.5,92762,29831,0,650,8417,10,13,1,0,0,28,23,14,0,13,9,FALSE,0,FALSE
1201.6869,20.779,20.454,17.51,16.238,3.632,18,16,4,1883334.5,71,75,76,82,102,101,100,99,20.425,20.397,22.545,22.466,2776.773,92762,29831,0,650,8383,10,13,1,0,0,28,23,14,0,13,9,FALSE,0,FALSE
1202.1884,20.799,20.472,17.513,16.241,3.625,18,16,4,1887669.5,74,75,71,75,102,101,100,99,20.427,20.401,22.548,22.471,2789.031,92762,29831,0,650,8383,10,13,1,0,0,28,23,14,0,13,9,FALSE,0,FALSE
1202.6896,20.812,20.486,17.514,16.241,3.616,18,16,4,1891459.4,73,74,67,70,102,101,100,99,20.429,20.404,22.548,22.474,2803.555,92762,29831,0,650,8383,10,13,1,0,0,28,23,14,0,13,9,FALSE,0,FALSE
1203.1876,20.829,20.506,17.514,16.241,3.605,18,16,4,1897935.6,73,74,65,67,102,101,100,99,20.431,20.406,22.547,22.474,2820.023,92762,29831,0,650,8383,10,13,1,0,0,28,23,14,0,13,9,FALSE,0,FALSE
1203.6884,20.862,20.535,17.514,16.241,3.594,18,16,4,1903090,76,75,65,66,102,102,100,99,20.433,20.409,22.545,22.473,2840.445,92762,29831,0,700,8450,10,13,1,0,0,28,23,14,0,13,9,FALSE,0,FALSE
1204.1897,20.888,20.56,17.514,16.241,3.58,18,16,4,1899026.9,74,74,65,66,102,102,100,99,20.435,20.411,22.543,22.472,2863.055,92762,29831,0,700,8450,10,13,1,0,0,28,23,14,0,13,9,FALSE,0,FALSE
1205.1857,20.924,20.595,17.514,16.241,3.554,18,16,4,1892841.2,69,69,67,66,102,102,100,99,20.435,20.411,22.537,22.467,2915.109,92762,29831,0,700,8433,10,13,1,0,0,28,23,14,0,13,9,FALSE,0,FALSE
1206.1891,20.95,20.621,17.514,16.241,3.527,18,16,4,1882291.5,68,68,67,67,102,101,100,99,20.43,20.407,22.53,22.461,2977.898,92762,29831,0,683,8417,10,13,1,0,0,28,23,14,0,13,9,FALSE,0,FALSE
1206.6865,20.961,20.633,17.514,16.241,3.514,18,16,4,1873935.9,68,68,68,67,102,101,100,99,20.427,20.405,22.526,22.457,3010.391,92762,29831,0,683,8417,10,13,1,0,0,28,23,14,0,13,9,FALSE,0,FALSE
1207.1885,20.972,20.644,17.514,16.241,3.5,18,16,4,1870446.2,68,68,68,68,102,101,100,99,20.424,20.401,22.521,22.453,3046.742,92762,29831,0,666,8400,10,13,1,0,0,28,23,14,0,13,9,FALSE,0,FALSE
1208.1904,20.992,20.664,17.514,16.242,3.473,18,16,4,1853158.8,69,69,69,69,102,101,100,99,20.415,20.394,22.51,22.443,3120.844,92762,29831,0,650,8367,10,13,1,0,0,28,23,14,0,13,9,FALSE,0,FALSE
1209.1892,21.011,20.683,17.514,16.242,3.445,18,16,4,1835871.2,68,68,69,68,101,101,99,98,20.406,20.384,22.497,22.431,3199.477,92762,29831,0,600,8350,10,13,1,0,0,28,23,14,0,13,9,FALSE,0,FALSE
1209.689,21.019,20.691,17.514,16.242,3.432,18,16,4,1832598.4,68,68,69,68,101,101,99,98,20.4,20.379,22.491,22.425,3240.062,92762,29831,0,600,8350,10,13,1,0,0,28,23,14,0,13,9,FALSE,0,FALSE
1210.1896,21.029,20.699,17.515,16.242,3.419,18,16,4,1823954.6,68,68,69,68,101,101,99,98,20.395,20.373,22.483,22.418,3281.422,92762,29831,0,583,8334,10,13,1,0,0,28,23,14,0,13,9,FALSE,0,FALSE
1210.6891,21.039,20.707,17.515,16.243,3.405,18,16,4,1815310.9,69,68,69,69,101,101,99,98,20.389,20.367,22.476,22.41,3323.508,92762,29831,0,550,8266,10,13,1,0,0,28,23,14,0,13,9,FALSE,0,FALSE
1211.1841,21.05,20.719,17.527,16.255,3.392,18,16,4,1816773.6,69,70,72,71,101,101,99,98,20.383,20.361,22.469,22.404,3364.516,92762,29831,0,550,8266,10,13,1,0,0,28,23,14,0,13,9,FALSE,0,FALSE
1211.685,21.085,20.763,17.578,16.311,3.39,18,16,4,1849488.9,73,75,77,78,101,101,99,98,20.382,20.361,22.471,22.407,3400.336,92762,29831,0,533,8250,10,13,1,0,0,28,23,14,0,13,9,FALSE,0,FALSE
1212.188,21.124,20.815,17.638,16.371,3.39,18,16,4,1877078.4,74,80,82,84,101,101,99,98,20.384,20.365,22.477,22.414,3427.984,92762,29831,0,533,8250,10,13,1,0,0,28,23,14,0,13,9,FALSE,0,FALSE
1212.6886,21.198,20.907,17.722,16.485,3.389,18,16,4,1894125.2,84,92,89,100,101,101,99,98,20.391,20.375,22.488,22.428,3450.531,92762,29831,0,533,8250,10,13,1,0,0,28,23,14,0,13,9,FALSE,0,FALSE
1213.1855,21.236,20.96,17.768,16.538,3.385,18,16,4,1901528.6,78,86,87,90,101,101,99,99,20.397,20.386,22.496,22.441,3474.328,92762,29831,0,533,8250,10,13,1,0,0,28,23,14,0,13,9,FALSE,0,FALSE
1213.6887,21.273,20.999,17.807,16.602,3.378,18,16,4,1908729.9,78,82,82,91,101,101,100,99,20.402,20.393,22.503,22.453,3499.453,92762,29831,0,534,8250,10,13,1,0,0,28,23,14,0,13,9,FALSE,0,FALSE
1214.6895,21.346,21.088,17.87,16.678,3.358,18,16,4,1921258.1,76,81,75,79,102,101,100,99,20.41,20.406,22.513,22.47,3543.797,92762,29831,0,534,8233,10,13,1,0,0,28,23,14,0,13,9,FALSE,0,FALSE
1216.1888,21.565,21.339,17.979,16.796,3.318,18,16,4,1910250,77,81,75,77,102,102,100,99,20.428,20.431,22.519,22.481,3620.898,92762,29831,0,517,8234,10,13,1,0,0,28,23,14,0,13,9,FALSE,0,FALSE
1217.1893,21.64,21.43,18.037,16.854,3.291,18,16,4,1900286.2,71,76,72,72,102,102,100,99,20.429,20.437,22.519,22.483,3681.547,92762,29831,0,533,8233,10,13,1,0,0,28,23,14,0,13,9,FALSE,0,FALSE
1218.1871,21.681,21.469,18.062,16.879,3.264,18,16,4,1883335.8,74,72,74,72,102,102,100,99,20.424,20.434,22.513,22.477,3747.516,92762,29831,0,534,8233,10,13,1,0,0,28,23,14,0,13,9,FALSE,0,FALSE
1218.6902,21.756,21.532,18.149,16.958,3.25,18,16,4,1874403.9,83,78,86,81,102,102,100,99,20.425,20.433,22.514,22.476,3783.531,92762,29831,0,533,8233,10,13,1,0,0,28,23,14,0,13,9,FALSE,0,FALSE
1219.1874,21.856,21.615,18.267,17.064,3.237,18,16,4,1871477.1,87,81,91,86,102,102,100,99,20.429,20.434,22.517,22.478,3818.406,92762,29831,0,534,8234,10,13,1,0,0,28,23,14,0,13,9,FALSE,0,FALSE
1219.6903,21.954,21.697,18.391,17.171,3.224,18,16,4,1862545.2,84,79,90,84,102,102,100,99,20.432,20.435,22.521,22.479,3856.438,92762,29831,0,533,8234,10,13,1,0,0,28,23,14,0,13,9,FALSE,0,FALSE
1220.1864,22.041,21.77,18.502,17.269,3.21,18,16,4,1854189.6,85,80,90,84,102,102,100,99,20.435,20.435,22.524,22.48,3892.281,92762,29831,0,533,8217,10,13,1,0,0,28,23,14,0,13,9,FALSE,0,FALSE
1220.6879,22.132,21.847,18.602,17.36,3.197,18,16,4,1845545.9,83,78,86,81,102,102,100,99,20.437,20.435,22.526,22.48,3929.016,92762,29831,0,533,8217,10,13,1,0,0,28,23,14,0,13,9,FALSE,0,FALSE
1221.1874,22.204,21.906,18.673,17.427,3.183,18,16,4,1836902.1,80,76,81,77,102,102,100,99,20.437,20.434,22.525,22.477,3964.938,92762,29831,0,533,8216,10,13,1,0,0,28,23,14,0,13,9,FALSE,0,FALSE
1221.6893,22.237,21.931,18.69,17.445,3.169,18,16,4,1827970.2,71,70,70,69,102,102,100,99,20.435,20.429,22.52,22.472,4003.086,92762,29831,0,533,8216,10,13,1,0,0,28,23,14,0,13,9,FALSE,0,FALSE
1222.1868,22.258,21.953,18.717,17.472,3.16,18,16,4,1840364.9,72,72,75,75,102,102,100,99,20.43,20.424,22.515,22.467,4038.453,92762,29831,40239,517,8216,10,13,1,0,0,28,23,14,0,13,9,FALSE,0,FALSE
1222.6865,22.299,21.989,18.76,17.516,3.159,18,16,4,1869446.1,77,74,79,77,102,102,100,99,20.43,20.424,22.518,22.47,4067.234,92762,29831,40239,517,8200,10,13,1,0,0,28,23,14,0,13,9,FALSE,0,FALSE
1223.1902,22.344,22.022,18.812,17.56,3.159,18,16,4,1895069.5,79,74,84,78,102,102,100,99,20.434,20.426,22.525,22.475,4090.992,92762,29831,40239,567,8234,10,13,1,0,0,28,23,14,0,13,9,FALSE,0,FALSE
1224.1885,22.408,22.068,18.917,17.64,3.157,18,16,4,1917267.8,79,73,92,81,102,102,100,99,20.441,20.428,22.541,22.486,4131.82,92762,29831,40239,567,8234,10,13,1,0,0,28,23,14,0,13,9,FALSE,0,FALSE
1224.6886,22.453,22.105,18.974,17.684,3.152,18,16,4,1924247.5,85,78,93,81,102,102,100,99,20.446,20.429,22.55,22.491,4155.258,92762,29831,40239,567,8233,10,13,1,0,0,28,23,14,0,13,9,FALSE,0,FALSE
1225.188,22.496,22.146,19.008,17.706,3.144,18,16,4,1930259.2,83,79,85,77,102,102,100,99,20.452,20.433,22.559,22.495,4175.5,92762,29831,40239,567,8233,10,13,1,0,0,28,23,14,0,13,9,FALSE,0,FALSE
1225.6862,22.531,22.177,19.032,17.726,3.133,18,16,4,1935835.2,80,77,80,74,102,102,101,99,20.456,20.436,22.563,22.497,4196.422,92762,29831,40239,550,8217,10,13,1,0,0,28,23,14,0,13,9,FALSE,0,FALSE
1226.1871,22.574,22.217,19.05,17.743,3.12,18,16,4,1936656.1,81,78,75,71,102,102,101,99,20.459,20.438,22.566,22.497,4219.117,92762,29831,40239,550,8200,10,13,1,0,0,28,23,14,0,13,9,FALSE,0,FALSE
1226.6882,22.611,22.252,19.052,17.746,3.107,18,16,4,1936647.9,76,75,69,67,102,102,101,99,20.462,20.439,22.565,22.496,4245.734,92762,29831,40239,533,8200,10,13,1,0,0,28,23,14,0,13,9,FALSE,0,FALSE
1227.1863,22.628,22.269,19.052,17.746,3.094,18,16,4,1930330.6,73,70,64,67,102,102,101,99,20.461,20.438,22.561,22.492,4272.758,92762,29831,40239,533,8200,10,13,1,0,0,28,23,14,0,13,9,FALSE,0,FALSE
1227.6864,22.646,22.284,19.052,17.746,3.08,18,16,4,1922845.8,71,70,67,67,102,102,100,99,20.459,20.435,22.557,22.489,4302.781,92762,29831,40239,550,8200,10,13,1,0,0,28,23,14,0,13,9,FALSE,0,FALSE
1228.1882,22.659,22.296,19.052,17.746,3.067,18,16,4,1919785.2,70,70,67,67,102,102,100,99,20.456,20.432,22.552,22.485,4335.609,92762,29831,40239,550,8200,10,13,1,0,0,28,23,14,0,13,9,FALSE,0,FALSE
1228.686,22.67,22.307,19.052,17.746,3.053,18,16,4,1911429.6,70,70,68,68,102,102,100,99,20.453,20.429,22.548,22.481,4367.898,92762,29831,40239,550,8200,10,13,1,0,0,28,23,14,0,13,9,FALSE,0,FALSE
1229.1868,22.68,22.317,19.052,17.746,3.041,18,16,4,1908109.9,69,69,68,67,102,102,100,99,20.449,20.425,22.543,22.476,4402.719,92762,29831,40239,550,8200,10,13,1,0,0,28,23,14,0,13,9,FALSE,0,FALSE
1229.6841,22.69,22.327,19.052,17.746,3.027,18,16,4,1899466.1,69,69,67,67,102,102,100,99,20.444,20.42,22.537,22.471,4438.656,92762,29831,40239,550,8184,10,13,1,0,0,28,23,14,0,13,9,FALSE,0,FALSE
1230.1846,22.699,22.337,19.052,17.746,3.013,18,16,4,1890822.4,69,69,68,67,102,102,100,99,20.439,20.415,22.531,22.465,4475.742,92762,29831,40239,550,8184,10,13,1,0,0,28,23,14,0,13,9,FALSE,0,FALSE
1230.6849,22.709,22.346,19.052,17.746,2.999,18,16,4,1882178.6,69,69,68,68,102,102,100,99,20.434,20.41,22.524,22.458,4513.906,92762,29831,40239,533,8184,10,13,1,0,0,28,23,14,0,13,9,FALSE,0,FALSE
1231.1887,22.718,22.356,19.052,17.746,2.985,18,16,4,1873246.8,69,69,68,68,102,101,100,99,20.428,20.405,22.517,22.452,4554.359,92762,29831,40239,533,8166,10,13,1,0,0,28,23,14,0,13,9,FALSE,0,FALSE
1231.6891,22.727,22.365,19.052,17.746,2.971,18,16,4,1864603,70,70,68,68,102,101,100,99,20.422,20.399,22.509,22.445,4594.391,92762,29831,40239,533,8166,10,13,1,0,0,28,23,14,0,13,9,FALSE,0,FALSE
1232.1886,22.736,22.374,19.052,17.746,2.959,18,16,4,1861389.8,70,70,69,68,102,101,100,98,20.416,20.393,22.502,22.437,4635.086,92762,29831,40239,517,8167,10,13,1,0,0,28,23,14,0,13,9,FALSE,0,FALSE
1232.6849,22.744,22.382,19.052,17.746,2.945,18,16,4,1853034.1,71,71,69,69,102,101,99,98,20.41,20.388,22.494,22.43,4675,92762,29831,40239,516,8167,10,13,1,0,0,28,23,14,0,13,9,FALSE,0,FALSE
1233.1854,22.752,22.392,19.053,17.746,2.931,18,16,4,1844390.4,70,71,69,69,101,101,99,98,20.404,20.382,22.486,22.422,4716.859,92762,29831,40239,516,8166,10,13,1,0,0,28,23,14,0,13,9,FALSE,0,FALSE
1233.6884,22.761,22.401,19.053,17.746,2.917,18,16,4,1835458.5,71,71,69,69,101,101,99,98,20.397,20.375,22.477,22.414,4760.648,92762,29831,40239,500,8150,10,13,1,0,0,28,23,14,0,13,9,FALSE,0,FALSE
1234.687,22.802,22.442,19.098,17.79,2.899,18,16,4,1857924.4,72,72,75,75,101,101,99,98,20.387,20.365,22.467,22.405,4840.805,92762,29831,40239,467,8150,10,13,1,0,0,28,23,14,0,13,9,FALSE,0,FALSE
1235.6865,22.845,22.481,19.136,17.83,2.898,18,16,4,1912408.5,70,68,72,71,101,101,99,98,20.389,20.367,22.476,22.414,4894.242,92762,29831,40239,467,8217,10,13,1,0,0,28,23,14,0,13,9,FALSE,0,FALSE
1236.1876,22.877,22.504,19.186,17.868,2.898,18,16,4,1928936.4,76,71,83,77,101,101,99,98,20.392,20.368,22.483,22.42,4913.805,92762,29831,40239,534,8217,10,13,1,0,0,28,23,14,0,13,9,FALSE,0,FALSE
1237.1859,22.948,22.558,19.293,17.946,2.895,18,16,4,1943942.8,85,78,94,83,101,101,100,98,20.402,20.374,22.503,22.431,4956.328,92762,29831,40239,534,8217,10,13,1,0,0,28,23,14,0,13,9,FALSE,0,FALSE
1237.6849,22.984,22.589,19.325,17.971,2.887,18,16,4,1950308,83,78,86,77,102,101,100,98,20.41,20.378,22.513,22.438,4973.281,92762,29831,40239,550,8217,10,13,1,0,0,28,23,14,0,13,9,FALSE,0,FALSE
1238.1792,23.024,22.625,19.337,17.982,2.877,18,16,4,1953901.1,81,78,77,71,102,101,100,99,20.417,20.383,22.52,22.442,4992.25,92762,29831,40239,550,8116,10,13,1,0,0,28,23,14,0,13,9,FALSE,0,FALSE
1238.6853,23.064,22.667,19.349,17.993,2.864,18,16,4,1950426.2,81,80,73,69,102,101,100,99,20.421,20.387,22.522,22.443,5013.219,92762,29831,40239,450,8116,10,13,1,0,0,28,23,14,0,13,9,FALSE,0,FALSE
1239.1865,23.161,22.76,19.37,18.011,2.851,18,16,4,1950524,94,91,74,70,102,101,100,99,20.429,20.394,22.525,22.444,5035.961,92762,29831,40239,450,8116,10,13,1,0,0,28,23,14,0,13,9,FALSE,0,FALSE
1239.687,23.219,22.812,19.386,18.026,2.837,18,16,4,1945258,79,77,71,68,102,101,100,99,20.438,20.402,22.526,22.445,5061.281,92762,29831,40239,450,8116,10,13,1,0,0,28,23,14,0,13,9,FALSE,0,FALSE
1240.1833,23.234,22.826,19.386,18.026,2.824,18,16,4,1944271,71,71,68,66,102,101,100,99,20.439,20.403,22.525,22.443,5089.625,92762,29831,40239,400,8116,10,13,1,0,0,28,23,14,0,13,9,FALSE,0,FALSE
1241.18,23.263,22.852,19.387,18.027,2.798,18,16,4,1933709.1,71,69,68,68,102,101,100,98,20.436,20.399,22.519,22.438,5152.445,92762,29831,40239,384,8117,10,13,1,0,0,28,23,14,0,13,9,FALSE,0,FALSE
1242.1821,23.284,22.874,19.387,18.027,2.77,18,16,4,1916421.6,70,69,68,68,102,101,100,98,20.43,20.393,22.511,22.432,5221.656,92762,29831,40239,400,8117,10,13,1,0,0,28,23,14,0,13,9,FALSE,0,FALSE
1242.6869,23.294,22.883,19.387,18.027,2.757,18,16,4,1913271,69,69,68,67,102,101,100,98,20.427,20.39,22.506,22.428,5258.117,92762,29831,40239,400,8100,10,13,1,0,0,28,23,14,0,13,9,FALSE,0,FALSE
1243.1863,23.304,22.893,19.387,18.027,2.744,18,16,4,1904627.2,70,69,68,68,102,101,100,98,20.423,20.386,22.501,22.423,5295.695,92762,29831,40239,400,8100,10,13,1,0,0,28,23,14,0,13,9,FALSE,0,FALSE
1243.6794,23.313,22.903,19.387,18.027,2.73,18,16,4,1895983.5,69,68,68,68,102,101,99,98,20.419,20.382,22.495,22.418,5334.305,92762,29831,40239,400,8084,10,13,1,0,0,28,23,14,0,13,9,FALSE,0,FALSE
1244.6768,23.331,22.92,19.387,18.027,2.703,18,16,5,1884101.1,68,68,68,68,101,101,99,98,20.407,20.372,22.482,22.406,5.555,92946,0,0,417,8067,10,14,1,0,0,28,23,14,0,13,9,FALSE,0,FALSE
1245.1841,23.34,22.929,19.387,18.027,2.689,18,16,5,1875457.4,68,68,68,68,101,101,99,98,20.401,20.366,22.475,22.399,46.93,92946,0,0,400,8067,10,14,1,0,0,28,23,14,0,13,9,FALSE,0,FALSE
1245.6854,23.349,22.938,19.387,18.027,2.676,18,16,5,1866813.6,68,68,69,68,101,101,99,98,20.395,20.36,22.468,22.392,89.047,92946,0,0,400,8033,10,14,1,0,0,28,23,14,0,13,9,FALSE,0,FALSE
1246.1808,23.357,22.946,19.387,18.027,2.662,18,16,5,1858169.9,68,68,69,68,101,100,99,98,20.388,20.353,22.46,22.384,131.883,92946,0,0,383,8033,10,14,1,0,0,28,23,14,0,13,9,FALSE,0,FALSE
1246.6858,23.366,22.955,19.387,18.027,2.648,18,16,5,1849526.1,68,68,68,68,101,100,99,97,20.381,20.346,22.452,22.377,175.391,92946,0,0,383,8033,10,14,1,0,0,28,23,14,0,13,9,FALSE,0,FALSE
1247.1859,23.374,22.963,19.387,18.027,2.634,18,16,5,1840882.4,68,68,68,68,101,100,99,97,20.374,20.339,22.443,22.369,219.492,92946,0,0,350,7950,10,14,1,0,0,28,23,14,0,13,9,FALSE,0,FALSE
1247.6864,23.383,22.972,19.387,18.027,2.62,18,16,5,1832238.6,68,68,68,68,101,100,98,97,20.366,20.332,22.434,22.36,264.117,92946,0,0,317,7950,10,14,1,0,0,28,23,14,0,13,9,FALSE,0,FALSE
1248.1865,23.391,22.98,19.387,18.027,2.607,18,16,5,1823675.1,68,68,68,68,101,100,98,97,20.358,20.324,22.425,22.352,309.211,92946,0,0,300,7950,10,14,1,0,0,28,23,14,0,13,9,FALSE,0,FALSE
1248.6846,23.399,22.989,19.387,18.027,2.593,18,16,5,1815402.5,68,67,68,68,100,100,98,97,20.35,20.316,22.416,22.343,354.742,92946,0,0,300,7950,10,14,1,0,0,28,23,14,0,13,9,FALSE,0,FALSE
1249.1866,23.407,22.996,19.387,18.027,2.579,18,16,5,1807376.2,68,68,68,68,100,100,98,97,20.341,20.308,22.406,22.333,400.633,92946,0,0,283,7950,10,14,1,0,0,28,23,14,0,13,9,FALSE,0,FALSE
1249.6859,23.415,23.004,19.387,18.027,2.565,18,16,5,1799565.2,69,69,69,69,100,99,98,97,20.333,20.299,22.397,22.324,446.836,92946,0,0,250,7867,10,14,1,0,0,28,23,14,0,13,9,FALSE,0,FALSE
1250.1864,23.423,23.012,19.387,18.027,2.551,18,16,5,1791962.8,68,68,69,68,100,99,98,96,20.323,20.291,22.387,22.314,493.344,92946,0,0,217,7867,10,14,1,0,0,28,23,14,0,13,9,FALSE,0,FALSE
1250.684,23.431,23.02,19.387,18.027,2.538,18,16,5,1784551.5,68,68,68,68,100,99,97,96,20.314,20.281,22.376,22.305,540.125,92946,0,0,200,7816,10,14,1,0,0,28,23,14,0,13,9,FALSE,0,FALSE
1251.687,23.486,23.07,19.447,18.091,2.525,18,16,5,1825722,72,72,75,74,100,99,97,96,20.304,20.272,22.37,22.298,626.008,92946,0,0,184,7816,10,14,1,0,0,28,23,14,0,13,9,FALSE,0,FALSE
1252.1827,23.506,23.089,19.458,18.103,2.523,18,16,5,1855679.5,69,69,70,69,100,99,97,96,20.305,20.273,22.374,22.303,657.055,92946,0,0,150,7783,10,14,1,0,0,28,23,14,0,13,9,FALSE,0,FALSE
1252.6833,23.521,23.103,19.466,18.111,2.522,18,16,5,1882196.4,69,69,69,69,100,99,97,96,20.306,20.275,22.379,22.308,682.273,92946,0,0,150,7867,10,14,1,0,0,28,23,14,0,13,9,FALSE,0,FALSE
1253.1855,23.533,23.115,19.473,18.119,2.522,18,16,5,1904490.4,68,68,69,68,100,99,98,96,20.308,20.277,22.383,22.313,701.969,92946,0,0,250,7867,10,14,1,0,0,28,23,14,0,13,9,FALSE,0,FALSE
1253.6866,23.55,23.129,19.499,18.14,2.522,18,16,5,1921753.8,71,69,76,72,100,99,98,96,20.311,20.28,22.389,22.318,716.953,92946,0,0,250,7950,10,14,1,0,0,28,23,14,0,13,9,FALSE,0,FALSE
1254.1837,23.57,23.144,19.544,18.174,2.522,18,16,5,1934669.2,74,70,86,78,100,99,98,97,20.316,20.283,22.398,22.325,727.812,92946,0,0,250,7950,10,14,1,0,0,28,23,14,0,13,9,FALSE,0,FALSE
1254.6868,23.58,23.153,19.59,18.201,2.522,18,16,5,1942333.4,72,70,94,80,100,99,98,97,20.32,20.286,22.411,22.334,739.258,92946,0,0,250,7950,10,14,1,0,0,28,23,14,0,13,9,FALSE,0,FALSE
1255.1836,23.588,23.162,19.61,18.21,2.519,18,16,5,1946905.6,71,70,90,76,100,99,98,97,20.324,20.29,22.425,22.342,758.695,92946,0,0,333,7950,10,14,1,0,0,28,23,14,0,13,9,FALSE,0,FALSE
1255.6852,23.607,23.176,19.621,18.222,2.516,18,16,5,1952059.8,75,71,84,75,100,99,98,97,20.328,20.293,22.436,22.349,769.367,92946,0,0,333,7950,10,14,1,0,0,28,23,14,0,13,9,FALSE,0,FALSE
1256.1826,23.622,23.192,19.626,18.226,2.51,18,16,5,1956520.5,75,72,77,71,100,99,99,97,20.333,20.296,22.443,22.354,780.562,92946,0,0,333,7950,10,14,1,0,0,28,23,14,0,13,9,FALSE,0,FALSE
1256.6837,23.642,23.217,19.627,18.227,2.502,18,16,5,1961241.1,75,75,71,68,100,100,99,97,20.338,20.301,22.448,22.357,793.953,92946,0,0,333,7950,10,14,1,0,0,28,23,14,0,13,9,FALSE,0,FALSE
1257.688,23.701,23.276,19.642,18.246,2.484,18,16,5,1977726.8,77,78,68,71,100,100,99,97,20.349,20.312,22.452,22.362,827.609,92946,0,0,317,7950,10,14,1,0,0,28,23,14,0,13,9,FALSE,0,FALSE
1258.1869,23.724,23.302,19.658,18.263,2.474,18,16,5,1982997.8,75,78,71,73,100,100,99,97,20.352,20.317,22.453,22.366,851.445,92946,0,0,317,7900,10,14,1,0,0,28,23,14,0,13,9,FALSE,0,FALSE
1258.6868,23.754,23.332,19.672,18.276,2.462,18,16,5,1986529.1,75,78,70,72,101,100,99,97,20.356,20.322,22.454,22.368,873.781,92946,0,0,267,7950,10,14,1,0,0,28,23,14,0,13,9,FALSE,0,FALSE
1259.1827,23.829,23.419,19.688,18.292,2.449,18,16,5,1990674.4,85,90,70,71,101,100,99,97,20.361,20.33,22.455,22.37,897.102,92946,0,0,267,7950,10,14,1,0,0,28,23,14,0,13,9,FALSE,0,FALSE
1259.6847,23.85,23.441,19.693,18.297,2.437,18,16,5,1990487.2,73,74,67,69,101,100,99,97,20.366,20.336,22.454,22.37,923.047,92946,0,0,300,7950,10,14,1,0,0,28,23,14,0,13,9,FALSE,0,FALSE
1260.1816,23.875,23.467,19.702,18.303,2.423,18,16,5,1983924.9,73,73,69,67,101,100,99,97,20.367,20.338,22.453,22.37,952.227,92946,0,0,300,7950,10,14,1,0,0,28,23,14,0,13,9,FALSE,0,FALSE
1260.6868,23.918,23.504,19.729,18.33,2.409,18,16,5,1976485,78,74,74,71,101,100,99,97,20.369,20.339,22.452,22.369,983.367,92946,0,0,283,7900,10,14,1,0,0,28,23,14,0,13,9,FALSE,0,FALSE
1261.1888,23.937,23.52,19.733,18.335,2.396,18,16,5,1973479.1,71,69,69,67,101,100,99,97,20.369,20.339,22.451,22.367,1015.484,92946,0,0,283,7900,10,14,1,0,0,28,23,14,0,13,9,FALSE,0,FALSE
1261.6832,23.958,23.536,19.739,18.341,2.383,18,16,5,1965132.1,70,68,68,67,101,100,99,97,20.368,20.337,22.448,22.364,1047.336,92946,0,0,283,7900,10,14,1,0,0,28,23,14,0,13,9,FALSE,0,FALSE
1262.1869,23.973,23.549,19.74,18.344,2.369,18,16,5,1956488.4,68,67,67,67,101,100,99,97,20.366,20.334,22.444,22.36,1081.969,92946,0,0,267,7900,10,14,1,0,0,28,23,14,0,13,9,FALSE,0,FALSE
1262.6857,23.983,23.559,19.74,18.344,2.356,18,16,5,1953261.6,68,68,67,67,101,100,98,97,20.362,20.331,22.439,22.356,1117.953,92946,0,0,250,7900,10,14,1,0,0,28,23,14,0,13,9,FALSE,0,FALSE
1263.6873,24.003,23.579,19.74,18.344,2.329,18,16,5,1935974.1,68,68,68,67,100,100,98,97,20.354,20.323,22.428,22.346,1193.734,92946,0,0,250,7850,10,14,1,0,0,28,23,14,0,13,9,FALSE,0,FALSE
1264.1858,24.012,23.589,19.74,18.344,2.315,18,16,5,1927330.4,68,68,68,68,100,100,98,97,20.35,20.319,22.422,22.341,1233.328,92946,0,0,234,7850,10,14,1,0,0,28,23,14,0,13,9,FALSE,0,FALSE
1264.6866,24.021,23.598,19.74,18.344,2.301,18,16,5,1918686.6,68,68,68,68,100,100,98,97,20.345,20.314,22.416,22.335,1273.898,92946,0,0,234,7783,10,14,1,0,0,28,23,14,0,13,9,FALSE,0,FALSE
1265.1873,24.03,23.607,19.74,18.344,2.288,18,16,5,1915571,68,68,68,68,100,100,98,97,20.339,20.309,22.409,22.328,1315.203,92946,0,0,183,7783,10,14,1,0,0,28,23,14,0,13,9,FALSE,0,FALSE
1265.6846,24.039,23.618,19.742,18.345,2.274,18,16,5,1906927.2,68,68,68,68,100,100,98,97,20.333,20.303,22.402,22.322,1357.266,92946,0,0,167,7767,10,14,1,0,0,28,23,14,0,13,9,FALSE,0,FALSE
1266.1829,24.047,23.628,19.743,18.346,2.26,18,16,5,1899391.8,68,68,68,68,100,99,98,96,20.327,20.298,22.394,22.315,1400.008,92946,0,0,150,7767,10,14,1,0,0,28,23,14,0,13,9,FALSE,0,FALSE
1266.6831,24.079,23.66,19.79,18.391,2.256,18,16,5,1931766.1,72,72,76,75,100,99,98,96,20.326,20.296,22.395,22.315,1438.172,92946,0,0,150,7700,10,14,1,0,0,28,23,14,0,13,9,FALSE,0,FALSE
1267.1849,24.118,23.717,19.842,18.422,2.255,18,16,5,1959879.2,73,80,79,73,100,100,98,97,20.328,20.3,22.402,22.321,1467.547,92946,0,0,116,7766,10,14,1,0,0,28,23,14,0,13,9,FALSE,0,FALSE
1267.6868,24.14,23.733,19.862,18.443,2.255,18,16,5,1984635.5,73,72,76,73,100,100,98,97,20.331,20.305,22.408,22.327,1490.789,92946,0,0,116,7766,10,14,1,0,0,28,23,14,0,13,9,FALSE,0,FALSE
1268.1884,24.184,23.765,19.92,18.489,2.255,18,16,5,2005602.8,80,74,86,79,100,100,98,97,20.337,20.309,22.418,22.335,1509.773,92946,0,0,183,7766,10,14,1,0,0,28,23,14,0,13,9,FALSE,0,FALSE
1268.6864,24.217,23.789,19.968,18.529,2.255,18,16,5,2018863.4,81,74,90,83,100,100,98,97,20.345,20.314,22.429,22.344,1524.578,92946,0,0,183,7766,10,14,1,0,0,28,23,14,0,13,9,FALSE,0,FALSE
1269.1859,24.246,23.808,20.024,18.576,2.253,18,16,5,2027546.8,81,73,94,86,100,100,99,97,20.353,20.318,22.441,22.354,1549.047,92946,0,0,183,7816,10,14,1,0,0,28,23,14,0,13,9,FALSE,0,FALSE
1269.6849,24.272,23.83,20.065,18.604,2.248,18,16,5,2033531.5,79,74,91,81,101,100,99,97,20.36,20.322,22.454,22.363,1569.32,92946,0,0,250,7816,10,14,1,0,0,28,23,14,0,13,9,FALSE,0,FALSE
1270.6823,24.334,23.886,20.094,18.628,2.233,18,16,5,2042179.8,78,75,76,71,101,100,99,97,20.373,20.331,22.47,22.374,1605.297,92946,0,0,250,7850,10,14,1,0,0,28,23,14,0,13,9,FALSE,0,FALSE
1271.185,24.388,23.937,20.105,18.638,2.222,18,16,5,2045090.8,86,82,72,69,101,100,99,97,20.38,20.336,22.473,22.377,1624.328,92946,0,0,216,7850,10,14,1,0,0,28,23,14,0,13,9,FALSE,0,FALSE
1271.6832,24.414,23.962,20.106,18.639,2.209,18,16,5,2040028.5,77,76,68,67,101,100,99,97,20.386,20.342,22.474,22.377,1646.031,92946,0,0,3267,7850,9,14,1,0,0,28,23,14,0,13,9,FALSE,0,FALSE
1272.6866,24.467,24.015,20.107,18.64,2.183,18,16,5,1971120.6,72,72,66,65,101,100,99,97,20.39,20.346,22.472,22.375,1698.18,92946,0,0,3234,7734,9,14,1,0,0,28,23,14,0,13,9,FALSE,0,FALSE
1273.1816,24.485,24.034,20.109,18.642,2.169,18,16,5,1921915.9,72,72,67,68,101,100,99,97,20.39,20.347,22.47,22.374,1728.086,92946,0,0,3234,7734,9,14,1,0,0,28,23,14,0,13,9,FALSE,0,FALSE
1273.6829,24.504,24.056,20.116,18.648,2.156,18,16,5,1876977.4,71,72,69,69,101,100,99,97,20.39,20.347,22.468,22.373,1759.961,92946,0,0,3200,7700,9,14,1,0,0,28,23,14,0,13,9,FALSE,0,FALSE
1274.1853,24.528,24.087,20.135,18.666,2.142,18,16,5,1868333.6,71,73,70,71,101,100,99,97,20.389,20.347,22.465,22.372,1793.562,92946,0,0,3200,7700,9,14,1,0,0,28,23,14,0,13,9,FALSE,0,FALSE
1274.6785,24.549,24.115,20.152,18.682,2.128,18,16,5,1859762.5,71,75,72,71,101,100,99,97,20.388,20.348,22.463,22.37,1829.523,92946,29724,0,3183,7700,9,14,1,0,0,28,23,14,0,13,9,FALSE,0,FALSE
1275.1844,24.58,24.144,20.182,18.712,2.126,18,16,5,1888552.4,72,71,75,73,101,100,99,97,20.387,20.349,22.463,22.371,1861.945,92946,29724,0,3183,7700,9,14,1,0,0,28,23,14,0,13,9,FALSE,0,FALSE
1275.6863,24.642,24.191,20.286,18.797,2.126,18,16,5,1910980.8,83,77,95,86,101,100,99,97,20.391,20.351,22.471,22.377,1888.664,92946,29724,0,3183,7650,9,14,1,0,0,28,23,14,0,13,9,FALSE,0,FALSE
1276.1835,24.702,24.238,20.407,18.894,2.119,18,16,5,1917215.8,83,77,101,90,101,101,99,98,20.398,20.355,22.484,22.386,1915.383,92946,29724,0,3183,7650,9,14,1,0,0,28,23,14,0,13,9,FALSE,0,FALSE
1276.6813,24.766,24.289,20.48,18.954,2.11,18,16,5,1922474.1,85,79,90,83,101,101,99,98,20.405,20.359,22.495,22.394,1942.336,92946,29724,0,3250,7650,9,14,1,0,0,28,23,14,0,13,9,FALSE,0,FALSE
1277.1862,24.831,24.342,20.516,18.985,2.099,18,16,5,1926831.1,82,76,78,74,102,101,100,98,20.413,20.364,22.501,22.398,1968.125,92946,29724,0,3283,7650,9,14,1,0,0,28,23,14,0,13,9,FALSE,0,FALSE
1277.6842,24.856,24.37,20.534,19.005,2.086,18,16,5,1923113.4,74,75,72,74,102,101,100,98,20.415,20.365,22.501,22.399,1995.578,92946,29724,0,3283,7750,9,14,1,0,0,28,23,14,0,13,9,FALSE,0,FALSE
1278.1857,24.903,24.433,20.582,19.06,2.074,18,16,5,1927599.8,75,82,77,80,102,101,100,98,20.415,20.368,22.501,22.401,2026.484,92946,29724,0,3283,7750,9,14,1,0,0,28,23,14,0,13,9,FALSE,0,FALSE
1278.683,24.969,24.507,20.641,19.138,2.062,18,16,5,1929618.2,80,83,78,85,102,101,100,98,20.418,20.373,22.502,22.405,2057.961,92946,29724,0,3283,7750,9,14,1,0,0,28,23,14,0,13,9,FALSE,0,FALSE
1279.182,25.013,24.559,20.681,19.182,2.048,18,16,5,1925620.4,75,79,75,79,102,101,100,98,20.419,20.376,22.502,22.408,2088.164,92946,29724,0,3283,7717,9,14,1,0,0,28,23,14,0,13,9,FALSE,0,FALSE
1280.1847,25.102,24.662,20.744,19.238,2.021,18,16,5,1911572.8,72,76,72,71,102,101,99,98,20.419,20.38,22.498,22.406,2153.078,92946,29724,0,3317,7733,9,14,1,0,0,28,23,14,0,13,9,FALSE,0,FALSE
1280.6833,25.12,24.683,20.763,19.256,2.011,18,16,5,1918274,72,72,74,74,102,101,99,98,20.416,20.379,22.495,22.403,2186.469,92946,29724,0,3317,7733,9,14,1,0,0,28,23,14,0,13,9,FALSE,0,FALSE
1281.185,25.149,24.711,20.792,19.289,2.009,18,16,5,1945487.9,72,71,75,74,102,101,99,98,20.417,20.38,22.498,22.407,2213.227,92946,29724,0,3317,7734,9,14,1,0,0,28,23,14,0,13,9,FALSE,0,FALSE
1281.6816,25.165,24.724,20.807,19.304,2.009,18,16,5,1969854.5,72,69,74,72,102,101,100,98,20.418,20.381,22.502,22.412,2234.539,92946,29724,0,3317,7783,9,14,1,0,0,28,23,14,0,13,9,FALSE,0,FALSE
1282.683,25.216,24.763,20.896,19.373,2.009,18,16,5,2007231.9,78,73,92,82,102,101,100,98,20.425,20.384,22.516,22.422,2266.078,92946,29724,0,3300,7783,9,14,1,0,0,28,23,14,0,13,9,FALSE,0,FALSE
1283.1841,25.23,24.775,20.958,19.416,2.009,18,16,5,2018406.6,75,72,101,87,102,101,100,98,20.43,20.387,22.53,22.431,2282.484,92946,29724,0,3300,7566,9,14,1,0,0,28,23,14,0,13,9,FALSE,0,FALSE
1283.6852,25.247,24.788,20.995,19.447,2.006,18,16,5,2023671.4,77,72,99,87,102,101,100,99,20.433,20.389,22.545,22.442,2296.07,92946,29724,0,3016,7566,9,14,1,0,0,28,23,14,0,13,9,FALSE,0,FALSE
1284.1838,25.283,24.816,21.009,19.458,2.002,18,16,5,2029395.5,84,77,89,80,102,101,100,99,20.439,20.393,22.557,22.45,2307.398,92946,29724,0,3016,7566,9,14,1,0,0,28,23,14,0,13,9,FALSE,0,FALSE
1284.6804,25.299,24.83,21.016,19.464,1.997,18,16,5,2035498,79,74,81,74,102,101,101,99,20.446,20.397,22.565,22.455,2318.984,92946,29724,0,3016,7566,9,14,1,0,0,28,23,14,0,13,9,FALSE,0,FALSE
1285.1836,25.314,24.847,21.019,19.467,1.988,18,16,5,2040851.4,76,74,74,70,102,101,101,99,20.45,20.399,22.568,22.457,2332.469,92946,29724,0,3016,7566,9,14,1,0,0,28,23,14,0,13,9,FALSE,0,FALSE
1285.6842,25.339,24.877,21.02,19.468,1.978,18,16,5,2046613.4,77,77,70,67,102,101,101,99,20.453,20.403,22.57,22.458,2348.445,92946,29724,0,3134,7566,9,14,1,0,0,28,23,14,0,13,9,FALSE,0,FALSE
1286.685,25.409,24.956,21.02,19.469,1.952,18,16,5,2052694.6,77,77,66,66,102,102,101,99,20.462,20.412,22.567,22.456,2389.734,92946,29724,0,3134,7684,9,14,1,0,0,28,23,14,0,13,9,FALSE,0,FALSE
1287.1818,25.429,24.978,21.021,19.47,1.938,18,16,5,2047651.1,74,72,66,67,102,102,101,99,20.463,20.414,22.565,22.454,2414.422,92946,29724,0,3133,7684,9,14,1,0,0,28,23,14,0,13,9,FALSE,0,FALSE
1288.1807,25.459,25.009,21.021,19.47,1.912,18,16,5,2040273.2,70,70,67,67,102,102,100,99,20.461,20.412,22.558,22.449,2470.461,92946,29724,0,3100,7650,9,14,1,0,0,28,23,14,0,13,9,FALSE,0,FALSE
1288.6835,25.471,25.022,21.022,19.471,1.898,18,16,5,2032318.5,70,70,67,67,102,102,100,99,20.459,20.41,22.554,22.446,2501.367,92946,29724,0,3100,7650,9,14,1,0,0,28,23,14,0,13,9,FALSE,0,FALSE
1289.1821,25.483,25.035,21.023,19.471,1.885,18,16,5,2029618.4,70,70,67,68,102,101,100,99,20.456,20.408,22.55,22.443,2533.898,92946,29724,0,3133,7650,9,14,1,0,0,28,23,14,0,13,9,FALSE,0,FALSE
1289.6826,25.499,25.056,21.034,19.481,1.871,18,16,5,2020974.6,70,73,70,70,102,101,100,98,20.453,20.406,22.545,22.439,2567.852,92946,29724,0,3133,7700,9,14,1,0,0,28,23,14,0,13,9,FALSE,0,FALSE
1290.1821,25.526,25.09,21.059,19.506,1.859,18,16,5,2017710.6,71,74,71,73,102,101,100,98,20.45,20.405,22.541,22.436,2602.617,92946,29724,0,3133,7700,9,14,1,0,0,28,23,14,0,13,9,FALSE,0,FALSE
1290.6799,25.566,25.141,21.109,19.556,1.849,18,16,5,2027659.1,74,77,77,79,102,101,100,98,20.449,20.405,22.539,22.435,2637.641,92946,29724,0,3133,7717,9,14,1,0,0,28,23,14,0,13,9,FALSE,0,FALSE
1291.1844,25.604,25.188,21.149,19.595,1.848,18,16,5,2056250.4,74,77,76,78,102,101,100,98,20.45,20.408,22.541,22.439,2668.633,92946,29724,0,3184,7717,9,14,1,0,0,28,23,14,0,13,9,FALSE,0,FALSE
1292.6847,25.649,25.243,21.197,19.643,1.847,18,16,5,2117749.5,69,73,73,76,102,102,100,99,20.454,20.417,22.551,22.454,2723.953,92946,29724,0,3184,7817,9,14,1,0,0,28,23,14,0,13,9,FALSE,0,FALSE
1293.1819,25.66,25.258,21.217,19.671,1.847,18,16,5,2128160.2,70,73,75,81,102,102,100,99,20.454,20.42,22.555,22.46,2734.789,92946,29724,0,3150,7817,9,14,1,0,0,28,23,14,0,13,9,FALSE,0,FALSE
1293.6785,25.671,25.27,21.231,19.697,1.846,18,16,5,2133408,70,73,75,85,102,102,100,99,20.456,20.423,22.559,22.468,2745.734,92946,29724,0,3150,7817,9,14,1,0,0,28,23,14,0,13,9,FALSE,0,FALSE
1294.1815,25.688,25.289,21.244,19.714,1.845,18,16,5,2138504.8,73,77,76,85,102,102,101,99,20.457,20.426,22.561,22.476,2767.102,92946,29724,0,3100,7817,9,14,1,0,0,28,23,14,0,13,9,FALSE,0,FALSE
1294.6812,25.697,25.3,21.25,19.721,1.841,18,16,5,2143810.2,71,75,73,79,102,102,101,99,20.459,20.43,22.565,22.483,2776.922,92946,29724,0,3100,7833,9,14,1,0,0,28,23,14,0,13,9,FALSE,0,FALSE
1295.1816,25.709,25.311,21.253,19.723,1.834,18,16,5,2148236.5,72,73,69,73,102,102,101,99,20.46,20.433,22.566,22.487,2788.875,92946,29724,0,3100,7833,9,14,1,0,0,28,23,14,0,13,9,FALSE,0,FALSE
1295.6858,25.739,25.335,21.254,19.724,1.825,18,16,5,2152071.2,77,77,67,69,102,102,101,99,20.463,20.436,22.566,22.489,2803.5,92946,29724,0,3100,7833,9,14,1,0,0,28,23,14,0,13,9,FALSE,0,FALSE
1296.183,25.771,25.367,21.254,19.724,1.813,18,16,5,2157223,80,80,66,67,103,102,101,99,20.467,20.44,22.565,22.489,2820.758,92946,29724,0,3116,7866,9,14,1,0,0,28,23,14,0,13,9,FALSE,0,FALSE
1296.6843,25.803,25.399,21.254,19.724,1.802,18,16,5,2160966,77,77,65,66,103,102,101,99,20.471,20.445,22.563,22.488,2840.758,92946,29724,0,3116,7866,9,14,1,0,0,28,23,14,0,13,9,FALSE,0,FALSE
1297.1804,25.825,25.42,21.254,19.724,1.788,18,16,5,2156832.2,74,74,66,66,103,102,101,99,20.473,20.447,22.56,22.486,2863.523,92946,29724,0,3116,7866,9,14,1,0,0,28,23,14,0,13,9,FALSE,0,FALSE
1297.6827,25.843,25.438,21.254,19.724,1.776,18,16,5,2156888,72,72,66,66,103,102,100,99,20.474,20.448,22.558,22.484,2888.898,92946,29724,0,3067,7866,9,14,1,0,0,28,23,14,0,13,9,FALSE,0,FALSE
1299.1846,25.882,25.481,21.255,19.724,1.735,18,16,5,2140319.5,70,70,67,67,103,102,100,99,20.469,20.444,22.547,22.476,2977.633,92946,29724,0,3066,7834,9,14,1,0,0,28,23,14,0,13,9,FALSE,0,FALSE
1299.6832,25.893,25.494,21.255,19.724,1.721,18,16,5,2131684.5,70,70,68,68,103,102,100,99,20.467,20.442,22.543,22.472,3010.734,92946,29724,0,3084,7867,9,14,1,0,0,28,23,14,0,13,9,FALSE,0,FALSE
1300.1819,25.905,25.506,21.255,19.725,1.708,18,16,5,2123044.5,70,70,68,68,103,102,100,99,20.464,20.44,22.538,22.468,3045.281,92946,29724,0,3084,7867,9,14,1,0,0,28,23,14,0,13,9,FALSE,0,FALSE
1301.1823,25.925,25.527,21.255,19.725,1.681,18,16,5,2111234.5,71,71,69,69,102,102,100,99,20.457,20.433,22.527,22.458,3117.719,92946,29724,0,3133,7867,9,14,1,0,0,28,23,14,0,13,9,FALSE,0,FALSE
1301.6818,25.935,25.538,21.255,19.725,1.667,18,16,5,2102594.5,70,70,69,68,102,102,100,99,20.453,20.429,22.521,22.452,3155.398,92946,29724,0,3184,7900,9,14,1,0,0,28,23,14,0,13,9,FALSE,0,FALSE
1302.1813,25.944,25.549,21.255,19.725,1.653,18,16,5,2093953,71,70,69,68,102,102,100,99,20.448,20.425,22.515,22.446,3193.961,92946,29724,0,3184,7900,9,14,1,0,0,28,23,14,0,13,9,FALSE,0,FALSE
1302.6827,25.954,25.559,21.255,19.725,1.64,18,16,5,2085309.2,71,71,69,69,102,102,100,98,20.444,20.421,22.508,22.44,3233.305,92946,29724,0,3184,7934,9,14,1,0,0,28,23,14,0,13,9,FALSE,0,FALSE
1303.1835,25.963,25.569,21.255,19.725,1.626,18,16,5,2076665.5,71,71,69,69,102,102,100,98,20.439,20.416,22.501,22.433,3273.305,92946,29724,0,3217,7967,9,14,1,0,0,28,23,14,0,13,9,FALSE,0,FALSE
1303.6808,25.972,25.578,21.255,19.725,1.613,18,16,5,2073417.4,71,71,69,69,102,102,99,98,20.434,20.411,22.493,22.425,3313.758,92946,29724,0,3217,7967,9,14,1,0,0,28,23,14,0,13,9,FALSE,0,FALSE
1304.6853,26.015,25.621,21.305,19.772,1.596,18,16,5,2096525,72,73,76,75,102,101,99,98,20.425,20.403,22.484,22.416,3390.852,92946,29724,0,3316,8000,9,14,1,0,0,28,23,14,0,13,9,FALSE,0,FALSE
1305.1808,26.037,25.651,21.332,19.798,1.595,18,16,5,2124857,70,73,74,75,102,101,99,98,20.426,20.405,22.488,22.421,3418.805,92946,29724,0,3417,8000,9,14,1,0,0,28,23,14,0,13,9,FALSE,0,FALSE
1305.6826,26.063,25.688,21.374,19.847,1.595,18,16,5,2148696.2,72,77,78,83,102,101,99,98,20.426,20.408,22.493,22.428,3441.844,92946,29724,0,3417,8050,9,14,1,0,0,28,23,14,0,13,9,FALSE,0,FALSE
1306.1787,26.093,25.731,21.419,19.9,1.594,18,16,5,2158762,72,82,82,84,102,102,99,98,20.429,20.413,22.499,22.437,3464.18,92946,29724,0,3417,8050,9,14,1,0,0,28,23,14,0,13,9,FALSE,0,FALSE
1306.682,26.127,25.769,21.454,19.96,1.589,18,16,5,2165992.8,77,80,79,91,102,102,100,99,20.43,20.419,22.505,22.446,3489.773,92946,29724,0,3417,8050,9,14,1,0,0,28,23,14,0,13,9,FALSE,0,FALSE
1307.6848,26.199,25.856,21.512,20.029,1.57,18,16,5,2178931,76,81,74,79,102,102,100,99,20.437,20.43,22.513,22.462,3533.492,92946,29724,0,3433,8050,9,14,1,0,0,28,23,14,0,13,9,FALSE,0,FALSE
1309.6829,26.374,26.062,21.64,20.166,1.519,18,16,5,2182099.2,76,80,74,76,102,102,100,99,20.445,20.448,22.519,22.474,3634.531,92946,29724,0,3450,8050,9,14,1,0,0,28,23,14,0,13,9,FALSE,0,FALSE
1310.684,26.433,26.134,21.683,20.207,1.492,18,16,5,2171713.2,71,75,71,71,102,102,100,99,20.443,20.45,22.516,22.473,3696.094,92946,29724,0,3500,8067,9,14,1,0,0,28,23,14,0,13,9,FALSE,0,FALSE
1311.1824,26.45,26.151,21.689,20.213,1.479,18,16,5,2163077,71,71,71,69,102,102,100,99,20.44,20.448,22.512,22.47,3729.219,92946,29724,0,3500,8067,9,14,1,0,0,28,23,14,0,13,9,FALSE,0,FALSE
1311.6835,26.505,26.197,21.74,20.261,1.465,18,16,5,2154437,80,76,79,75,102,102,100,99,20.439,20.446,22.511,22.467,3763.344,92946,29724,0,3533,8133,9,14,1,0,0,28,23,14,0,13,9,FALSE,0,FALSE
1312.1846,26.567,26.247,21.806,20.326,1.451,18,16,5,2145797,82,78,84,80,102,102,100,99,20.44,20.445,22.51,22.466,3799.109,92946,29724,0,3550,8133,9,14,1,0,0,28,23,14,0,13,9,FALSE,0,FALSE
1312.6814,26.677,26.341,21.94,20.445,1.438,18,16,5,2142573.8,88,82,94,87,102,102,100,99,20.444,20.446,22.514,22.467,3835.648,92946,29724,0,3550,8150,9,14,1,0,0,28,23,14,0,13,9,FALSE,0,FALSE
1313.6837,26.865,26.5,22.167,20.649,1.411,18,16,5,2125293.8,85,80,90,84,102,102,100,99,20.449,20.447,22.519,22.469,3908.453,92946,29724,0,3567,8150,9,14,1,0,0,28,23,14,0,13,9,FALSE,0,FALSE
1314.182,26.963,26.583,22.277,20.748,1.398,18,16,5,2116653.8,85,80,87,82,102,102,100,99,20.451,20.447,22.521,22.469,3943.93,92946,29724,0,3567,8184,9,14,1,0,0,28,23,14,0,13,9,FALSE,0,FALSE
1314.6788,27.033,26.64,22.342,20.809,1.384,18,16,5,2108013.8,78,75,78,75,102,102,100,99,20.451,20.445,22.52,22.466,3979.273,92946,29724,0,3634,8200,9,14,1,0,0,28,23,14,0,13,9,FALSE,0,FALSE
1315.6825,27.077,26.682,22.385,20.852,1.365,18,16,5,2122831,73,72,76,75,102,102,100,99,20.443,20.436,22.512,22.457,4050.141,92946,29724,40709,3634,8233,9,14,1,0,0,28,23,14,0,13,9,FALSE,0,FALSE
1316.1843,27.118,26.714,22.436,20.898,1.364,18,16,5,2150033.2,78,73,83,79,102,102,100,99,20.444,20.435,22.516,22.461,4076.281,92946,29724,40709,3717,8267,9,14,1,0,0,28,23,14,0,13,9,FALSE,0,FALSE
1317.1826,27.199,26.774,22.554,20.992,1.364,18,16,5,2183628,80,74,93,83,102,102,100,99,20.451,20.437,22.531,22.471,4119.555,92946,29724,40709,3717,8267,9,14,1,0,0,28,23,14,0,13,9,FALSE,0,FALSE
1317.6833,27.238,26.8,22.633,21.061,1.361,18,16,5,2191057.8,82,73,96,91,102,102,100,99,20.456,20.439,22.543,22.479,4140.102,92946,29724,40709,3700,8233,9,14,1,0,0,28,23,14,0,13,9,FALSE,0,FALSE
1318.1842,27.279,26.839,22.707,21.105,1.355,18,16,5,2197799.2,82,79,99,86,102,102,100,99,20.461,20.441,22.555,22.486,4163.461,92946,29724,40709,3700,8233,9,14,1,0,0,28,23,14,0,13,9,FALSE,0,FALSE
1319.1825,27.337,26.889,22.747,21.139,1.336,18,16,5,2208449.5,77,74,77,72,103,102,101,99,20.466,20.443,22.567,22.492,4204.219,92946,29724,40709,3683,8216,9,14,1,0,0,28,23,14,0,13,9,FALSE,0,FALSE
1319.6825,27.389,26.94,22.759,21.151,1.322,18,16,5,2195259,83,80,72,69,103,102,101,99,20.469,20.445,22.567,22.492,4227.586,92946,29724,40709,3683,8216,9,14,1,0,0,28,23,14,0,13,9,FALSE,0,FALSE
1320.1829,27.418,26.968,22.76,21.152,1.309,18,16,5,2161991.5,75,74,68,67,103,102,101,99,20.471,20.446,22.565,22.489,4254.008,92946,29724,40709,3716,8250,9,14,1,0,0,28,23,14,0,13,9,FALSE,0,FALSE
1320.6761,27.436,26.986,22.76,21.152,1.296,18,16,5,2115343.5,72,72,68,67,103,102,101,99,20.469,20.445,22.562,22.486,4282.977,92946,29724,40709,3716,8250,9,14,1,0,0,28,23,14,0,13,9,FALSE,0,FALSE
1321.1777,27.452,27.002,22.76,21.152,1.283,18,16,5,2067421.6,71,71,68,67,103,102,100,99,20.467,20.442,22.558,22.483,4314.164,92946,29724,40709,3716,8250,9,14,1,0,0,28,23,14,0,13,9,FALSE,0,FALSE
1321.6807,27.467,27.018,22.76,21.152,1.269,18,16,5,2009909.5,71,71,68,68,103,102,100,99,20.464,20.439,22.554,22.479,4347.305,92946,29724,40709,3716,8250,9,14,1,0,0,28,23,14,0,13,9,FALSE,0,FALSE
1322.1815,27.482,27.032,22.76,21.152,1.255,18,16,5,1952294.5,70,70,68,67,102,102,100,99,20.46,20.436,22.549,22.474,4382.25,92946,29724,40709,3717,8250,9,14,1,0,0,28,23,14,0,13,9,FALSE,0,FALSE
1322.6848,27.494,27.045,22.76,21.152,1.242,18,16,5,1900237.4,70,70,68,68,102,102,100,99,20.456,20.432,22.543,22.469,4418.562,92946,29724,40709,3733,8250,9,14,1,0,0,28,23,14,0,13,9,FALSE,0,FALSE
1324.1825,27.532,27.083,22.76,21.152,1.201,18,16,5,1730152.4,71,71,69,68,102,102,100,99,20.441,20.418,22.524,22.451,4535.234,92946,29724,40709,3716,8250,9,14,1,0,0,28,23,14,0,13,9,FALSE,0,FALSE
1324.683,27.544,27.094,22.76,21.152,1.188,18,16,5,1675289.1,71,71,69,68,102,102,100,99,20.436,20.412,22.517,22.444,4576.047,92946,29724,40709,3734,8233,9,14,1,0,0,28,23,14,0,13,9,FALSE,0,FALSE
1325.1797,27.555,27.106,22.76,21.152,1.174,18,16,5,1617674.1,72,72,70,69,102,101,100,98,20.43,20.407,22.509,22.437,4617.719,92946,29724,40709,3734,8233,9,14,1,0,0,28,23,14,0,13,9,FALSE,0,FALSE
1325.6799,27.567,27.118,22.76,21.152,1.16,18,16,5,1560059.1,72,72,70,69,102,101,100,98,20.424,20.401,22.502,22.43,4660.156,92946,29724,40709,3734,8200,9,14,1,0,0,28,23,14,0,13,9,FALSE,0,FALSE
1326.1818,27.579,27.13,22.76,21.152,1.147,18,16,5,1502444.1,72,72,70,70,102,101,99,98,20.419,20.396,22.494,22.422,4703.242,92946,29724,40709,3700,8184,9,14,1,0,0,28,23,14,0,13,9,FALSE,0,FALSE
1327.1812,27.598,27.151,22.76,21.152,1.119,18,16,5,1449244.4,71,71,70,69,101,101,99,98,20.406,20.383,22.477,22.407,4790.727,92946,29724,40709,3700,8100,9,14,1,0,0,28,23,14,0,13,9,FALSE,0,FALSE
1327.6808,27.622,27.176,22.793,21.184,1.111,18,16,5,1468689,72,73,75,75,101,101,99,98,20.401,20.379,22.473,22.402,4832.531,92946,29724,40709,3650,8100,9,14,1,0,0,28,23,14,0,13,9,FALSE,0,FALSE
1328.1819,27.655,27.209,22.829,21.218,1.11,18,16,5,1500987.2,72,72,74,74,101,101,99,98,20.401,20.379,22.477,22.407,4865.273,92946,29724,40709,3650,8084,9,14,1,0,0,28,23,14,0,13,9,FALSE,0,FALSE
1328.6816,27.671,27.223,22.84,21.23,1.109,18,16,5,1527482.1,70,68,71,70,101,101,99,98,20.402,20.38,22.482,22.412,4890.891,92946,29724,40709,3650,8100,9,14,1,0,0,28,23,14,0,13,9,FALSE,0,FALSE
1329.1836,27.698,27.243,22.879,21.264,1.109,18,16,5,1550229.1,75,71,81,76,101,101,99,98,20.404,20.381,22.487,22.417,4912.062,92946,29724,40709,3650,8100,9,14,1,0,0,28,23,14,0,13,9,FALSE,0,FALSE
1329.6816,27.748,27.281,22.961,21.328,1.109,18,16,5,1566249.4,83,76,96,86,102,101,99,98,20.41,20.385,22.499,22.426,4928.391,92946,29724,40709,3633,8100,9,14,1,0,0,28,23,14,0,13,9,FALSE,0,FALSE
1330.1827,27.774,27.304,23.032,21.37,1.104,18,16,5,1572449.1,79,76,101,85,102,101,100,98,20.418,20.39,22.514,22.436,4949.672,92946,29724,40709,3633,8083,9,14,1,0,0,28,23,14,0,13,9,FALSE,0,FALSE
1330.6809,27.805,27.331,23.061,21.393,1.097,18,16,5,1578672.1,81,77,90,79,102,101,100,99,20.423,20.394,22.527,22.444,4966.859,92946,29724,40709,3633,8083,9,14,1,0,0,28,23,14,0,13,9,FALSE,0,FALSE
1331.6814,27.95,27.461,23.104,21.428,1.079,18,16,5,1589148.6,91,87,78,72,102,102,100,99,20.445,20.411,22.541,22.453,5003.609,92946,29724,40709,3683,8116,9,14,1,0,0,28,23,14,0,13,9,FALSE,0,FALSE
1332.1837,27.978,27.489,23.108,21.432,1.066,18,16,5,1583924.4,79,78,71,68,102,102,100,99,20.452,20.417,22.544,22.454,5024.602,92946,29724,40709,3683,8116,9,14,1,0,0,28,23,14,0,13,9,FALSE,0,FALSE
1333.1805,28.031,27.542,23.113,21.438,1.039,18,16,5,1514671.9,74,72,68,67,102,102,100,99,20.456,20.421,22.543,22.453,5075.508,92946,29724,40709,3716,8100,9,14,1,0,0,28,23,14,0,13,9,FALSE,0,FALSE
1333.6802,28.05,27.559,23.114,21.439,1.026,18,16,5,1470950.4,71,71,68,66,102,102,100,99,20.456,20.421,22.541,22.451,5105.305,92946,29724,40709,3717,8100,9,14,1,0,0,28,23,14,0,13,9,FALSE,0,FALSE
1334.1783,28.067,27.576,23.114,21.44,1.013,18,16,5,1415565.1,72,70,67,68,102,102,100,99,20.455,20.42,22.539,22.449,5137.102,92946,29724,40709,3717,8067,9,14,1,0,0,28,23,14,0,13,9,FALSE,0,FALSE
1334.6814,28.082,27.59,23.114,21.44,1,18,16,5,1363224,71,70,68,68,102,102,100,99,20.454,20.418,22.535,22.447,5170.836,92946,29724,40709,3717,8067,9,14,1,0,0,28,23,14,0,13,9,FALSE,0,FALSE
1335.1796,28.095,27.603,23.114,21.44,0.986,18,16,5,1305609,71,70,68,68,102,102,100,99,20.452,20.416,22.532,22.444,5206.062,92946,29724,40709,3716,8034,9,14,1,0,0,28,23,14,0,13,9,FALSE,0,FALSE
1335.6792,28.108,27.616,23.114,21.44,0.973,18,16,5,1247994,71,71,69,68,102,102,100,99,20.45,20.414,22.528,22.441,5242.805,92946,29724,40709,3717,8034,9,14,1,0,0,28,23,14,0,13,9,FALSE,0,FALSE
1336.1804,28.121,27.629,23.114,21.44,0.959,18,16,5,1190379,71,71,69,68,102,102,100,98,20.447,20.411,22.523,22.436,5280.883,92946,29724,40709,3717,8017,9,14,1,0,0,28,23,14,0,13,9,FALSE,0,FALSE
1336.6711,28.133,27.642,23.114,21.44,0.945,18,16,5,1134684.5,71,71,69,69,102,101,100,98,20.443,20.408,22.518,22.432,5318.797,92946,29724,40709,3700,8017,9,14,1,0,0,28,23,14,0,13,9,FALSE,0,FALSE
