Timestamp,tyre_wear_rear_left,tyre_wear_rear_right,tyre_wear_front_left,tyre_wear_front_right,fuel_in_tank,actual_tyre_compound,visual_tyre_compound,tyres_age_laps,ers_store_energy,tyre_surface_temp_rear_left,tyre_surface_temp_rear_right,tyre_surface_temp_front_left,tyre_surface_temp_front_right,tyre_inner_temp_rear_left,tyre_inner_temp_rear_right,tyre_inner_temp_front_left,tyre_inner_temp_front_right,tyre_pressure_rear_left,tyre_pressure_rear_right,tyre_pressure_front_left,tyre_pressure_front_right,lap_distance,last_lap_ms,sector_1_ms,sector_2_ms,delta_in_front_ms,delta_leader_ms,car_position,current_lap,num_pit_stops,pit_timer_active,pit_timer_ms,track_temp,air_temp,total_laps,pit_rejoin_position,starting_position,finishing_position,dnf,penalties_time,fastest_lap
0,0,0,0,0,25.376,20,18,0,4000000,61,61,63,63,101,101,102,102,20.088,20.088,22.335,22.335,139.905,0,0,0,0,0,14,1,0,0,0,28,23,14,20,14,7,False,0,False
0.23875993,0,0,0,0,25.374,20,18,0,4000000,61,61,62,62,100,100,102,102,20.075,20.075,22.325,22.325,139.905,0,0,0,0,0,14,1,0,0,0,28,23,14,20,14,7,False,0,False
0.743226,0.011,0.01,0,0,25.373,20,18,0,4000000,67,66,62,62,100,100,101,101,20.057,20.057,22.307,22.307,140.401,0,0,0,0,0,14,1,0,0,0,28,23,14,20,14,7,False,0,False
1.2408712,0.026,0.025,0,0,25.37,20,18,0,4000000,75,75,62,62,100,100,101,101,20.04,20.04,22.29,22.29,142.62,0,0,0,0,0,14,1,0,0,0,28,23,14,20,14,7,False,0,False
1.7392874,0.031,0.031,0,0,25.367,20,18,0,4000000,74,75,62,63,99,99,101,101,20.027,20.026,22.273,22.273,146.976,0,0,0,0,0,14,1,0,0,0,28,23,14,20,14,7,False,0,False
2.2435217,0.041,0.042,0,0,25.361,20,18,0,4000000,77,77,63,63,99,99,100,100,20.013,20.013,22.256,22.256,153.516,0,0,0,0,0,14,1,0,0,0,28,23,14,20,14,7,False,0,False
2.7424598,0.066,0.065,0,0,25.354,20,18,0,4000000,85,84,64,64,99,99,100,100,20.003,20.003,22.24,22.24,162.449,0,0,0,0,0,14,1,0,0,0,28,23,14,20,14,7,False,0,False
3.2413108,0.084,0.083,0,0,25.347,20,18,0,4000000,84,83,65,65,99,99,100,100,19.995,19.994,22.224,22.224,173.758,0,0,0,0,0,14,1,0,0,0,28,23,14,20,14,7,False,0,False
3.7431333,0.102,0.102,0,0,25.337,20,18,0,4000000,82,82,66,66,99,99,100,100,19.985,19.985,22.209,22.209,187.721,0,0,0,0,0,14,1,0,0,0,28,23,14,20,14,7,False,0,False
4.2404113,0.123,0.123,0,0,25.326,20,18,0,4000000,81,81,67,67,98,98,99,99,19.975,19.975,22.194,22.194,204.437,0,0,0,1250,0,14,1,0,0,0,28,23,14,20,14,7,False,0,False
4.7404165,0.15,0.15,0,0,25.313,20,18,0,3999846.2,82,82,67,67,98,98,99,99,19.965,19.965,22.179,22.179,223.963,0,0,0,1250,4550,14,1,0,0,0,28,23,14,20,14,7,False,0,False
5.2441344,0.177,0.175,0.001,0,25.3,20,18,0,3977892.2,80,79,68,68,98,98,99,99,19.955,19.955,22.165,22.165,246.364,0,0,0,1250,4550,14,1,0,0,0,28,23,14,20,14,7,False,0,False
5.7428412,0.193,0.191,0.001,0,25.288,20,18,0,3947829.5,74,74,69,69,98,98,99,99,19.943,19.943,22.151,22.152,271.667,0,0,0,350,4550,14,1,0,0,0,28,23,14,20,14,7,False,0,False
6.23923,0.206,0.204,0.002,0.002,25.274,20,18,0,3904398,73,72,69,69,98,98,98,98,19.93,19.929,22.138,22.138,299.582,0,0,0,350,2783,14,1,0,0,0,28,23,14,20,14,7,False,0,False
6.7387934,0.217,0.215,0.002,0.002,25.261,20,18,0,3858969.8,72,72,69,69,97,97,98,98,19.916,19.915,22.125,22.125,329.92,0,0,0,166,2783,14,1,0,0,0,28,23,14,20,14,7,False,0,False
7.2426844,0.227,0.225,0.002,0.002,25.247,20,18,0,3802321,72,72,70,70,97,97,98,98,19.902,19.902,22.112,22.112,362.343,0,0,0,166,1867,14,1,0,0,0,28,23,14,20,14,7,False,0,False
7.7430096,0.236,0.234,0.002,0.002,25.234,20,18,0,3744706,72,72,70,70,97,97,98,98,19.889,19.888,22.099,22.099,396.789,0,0,0,84,1583,14,1,0,0,0,28,23,14,20,14,7,False,0,False
8.239325,0.244,0.242,0.002,0.002,25.221,20,18,0,3692617.8,71,71,70,70,97,97,98,98,19.875,19.874,22.086,22.086,432.823,0,0,0,0,1583,14,1,0,0,0,28,23,14,20,14,7,False,0,False
8.739583,0.253,0.251,0.002,0.002,25.207,20,18,0,3635002.8,71,71,70,70,96,96,97,97,19.861,19.86,22.073,22.074,470.382,0,0,0,283,1417,13,1,0,0,0,28,23,14,20,14,7,False,0,False
9.242088,0.26,0.258,0.002,0.002,25.193,20,18,0,3592080.2,71,71,70,70,96,96,97,97,19.848,19.847,22.061,22.061,509.329,0,0,0,283,1300,13,1,0,0,0,28,23,14,20,14,7,False,0,False
9.738252,0.266,0.263,0.002,0.002,25.18,20,18,0,3588787,71,71,70,70,96,96,97,97,19.834,19.833,22.049,22.049,549.244,0,0,0,284,1300,13,1,0,0,0,28,23,14,20,14,7,False,0,False
10.242517,0.271,0.269,0.002,0.002,25.167,20,18,0,3582146.8,70,71,70,70,96,96,97,97,19.821,19.82,22.036,22.037,589.786,0,0,0,250,1217,13,1,0,0,0,28,23,14,20,14,7,False,0,False
10.744934,0.297,0.291,0.031,0.036,25.165,20,18,0,3614742.2,74,74,76,77,95,95,97,97,19.814,19.814,22.035,22.035,625.766,0,0,0,250,1217,13,1,0,0,0,28,23,14,20,14,7,False,0,False
11.238439,0.334,0.317,0.049,0.057,25.163,20,18,0,3640361,78,75,74,75,95,95,97,97,19.816,19.815,22.04,22.04,653.162,0,0,0,217,1167,13,1,0,0,0,28,23,14,20,14,7,False,0,False
11.741106,0.342,0.325,0.053,0.06,25.163,20,18,0,3662447.8,73,72,71,71,96,96,97,97,19.819,19.817,22.045,22.045,674.464,0,0,0,217,1167,13,1,0,0,0,28,23,14,20,14,7,False,0,False
12.237291,0.349,0.33,0.055,0.063,25.163,20,18,0,3681249.5,71,71,70,70,96,96,97,97,19.822,19.82,22.049,22.049,691.067,0,0,0,217,1167,13,1,0,0,0,28,23,14,20,14,7,False,0,False
12.739213,0.352,0.334,0.056,0.064,25.163,20,18,0,3695727.2,70,69,69,69,96,96,97,97,19.825,19.823,22.053,22.053,703.855,0,0,0,217,1167,13,1,0,0,0,28,23,14,20,14,7,False,0,False
13.239296,0.353,0.334,0.056,0.064,25.163,20,18,0,3703840,68,67,68,68,96,96,97,97,19.827,19.825,22.057,22.057,714.383,0,0,0,217,1783,12,1,0,0,0,28,23,14,20,14,7,False,0,False
13.740698,0.354,0.334,0.059,0.067,25.163,20,18,0,3708598.5,68,67,69,68,96,96,97,97,19.829,19.826,22.06,22.06,723.943,0,0,0,217,1783,12,1,0,0,0,28,23,14,20,14,7,False,0,False
14.238519,0.359,0.338,0.067,0.073,25.162,20,18,0,3713235.8,69,67,72,70,96,96,97,97,19.831,19.827,22.064,22.063,732.151,0,0,0,217,1783,12,1,0,0,0,28,23,14,20,14,7,False,0,False
14.742895,0.363,0.34,0.071,0.075,25.162,20,18,0,3719335.2,70,68,72,69,96,96,97,97,19.833,19.829,22.069,22.067,741.213,0,0,0,217,1783,12,1,0,0,0,28,23,14,20,14,7,False,0,False
15.244231,0.365,0.342,0.074,0.078,25.162,20,18,0,3723165.5,69,67,72,69,96,96,97,97,19.835,19.83,22.073,22.069,751.307,0,0,0,400,1783,12,1,0,0,0,28,23,14,20,14,7,False,0,False
15.742081,0.368,0.344,0.08,0.082,25.161,20,18,0,3724094.2,69,68,74,69,96,96,97,97,19.837,19.831,22.077,22.072,759.238,0,0,0,400,1783,12,1,0,0,0,28,23,14,20,14,7,False,0,False
16.24068,0.371,0.347,0.082,0.083,25.158,20,18,0,3728208.8,69,68,72,68,96,96,97,97,19.839,19.832,22.081,22.074,767.108,0,0,0,400,1783,12,1,0,0,0,28,23,14,20,14,7,False,0,False
16.743235,0.374,0.349,0.083,0.085,25.155,20,18,0,3733139.5,69,68,70,68,96,96,98,97,19.84,19.833,22.084,22.076,776.87,0,0,0,400,2734,12,1,0,0,0,28,23,14,20,14,7,False,0,False
17.242002,0.378,0.354,0.083,0.085,25.149,20,18,0,3736928.2,70,69,68,67,96,96,98,97,19.842,19.834,22.086,22.077,788.273,0,0,0,400,2734,12,1,0,0,0,28,23,14,20,14,7,False,0,False
17.739794,0.383,0.36,0.083,0.085,25.141,20,18,0,3741666.5,71,70,67,68,96,96,98,97,19.844,19.835,22.086,22.078,802.042,0,0,0,400,2734,12,1,0,0,0,28,23,14,20,14,7,False,0,False
18.241827,0.388,0.367,0.087,0.089,25.134,20,18,0,3750444.8,71,71,68,71,96,96,98,97,19.845,19.837,22.087,22.078,817.846,0,0,0,550,2734,12,1,0,0,0,28,23,14,20,14,7,False,0,False
18.74502,0.397,0.378,0.096,0.098,25.128,20,18,0,3756700.5,72,75,72,74,96,96,98,97,19.847,19.84,22.088,22.08,835.577,0,0,0,550,3017,12,1,0,0,0,28,23,14,20,14,7,False,0,False
19.239817,0.417,0.404,0.104,0.111,25.122,20,18,0,3763534.5,79,85,74,77,96,96,98,97,19.849,19.844,22.089,22.083,861.594,0,0,0,267,3017,12,1,0,0,0,28,23,14,20,14,7,False,0,False
19.744093,0.434,0.424,0.111,0.119,25.114,20,18,0,3767250.2,76,80,72,74,96,96,98,98,19.854,19.851,22.091,22.085,879.315,0,0,0,267,3017,12,1,0,0,0,28,23,14,20,14,7,False,0,False
20.239428,0.455,0.442,0.116,0.123,25.101,20,18,0,3764115.2,78,79,71,72,96,96,98,98,19.857,19.855,22.091,22.086,899.762,0,0,0,267,3050,12,1,0,0,0,28,23,14,20,14,7,False,0,False
20.742311,0.493,0.482,0.121,0.129,25.088,20,18,0,3761009.8,81,82,70,71,96,96,98,98,19.863,19.862,22.09,22.086,923.061,0,0,0,284,3050,12,1,0,0,0,28,23,14,20,14,7,False,0,False
21.241682,0.512,0.499,0.126,0.135,25.075,20,18,0,3760971.2,76,75,71,70,96,96,98,98,19.866,19.865,22.089,22.085,949.306,0,0,0,284,3216,12,1,0,0,0,28,23,14,20,14,7,False,0,False
21.742086,0.529,0.515,0.133,0.142,25.061,20,18,0,3754503,75,73,72,71,96,96,98,98,19.868,19.866,22.088,22.084,977.583,0,0,0,366,3216,12,1,0,0,0,28,23,14,20,14,7,False,0,False
22.244415,0.546,0.529,0.14,0.149,25.047,20,18,0,3747121,74,72,71,70,96,96,98,97,19.87,19.867,22.087,22.082,1006.933,0,0,0,416,3300,12,1,0,0,0,28,23,14,20,14,7,False,0,False
22.740467,0.56,0.54,0.143,0.153,25.035,20,18,0,3710156.2,73,72,71,69,96,96,98,97,19.87,19.866,22.085,22.079,1038.343,0,0,0,416,3300,12,1,0,0,0,28,23,14,20,14,7,False,0,False
23.239056,0.571,0.551,0.143,0.153,25.021,20,18,0,3652545.2,72,71,69,69,96,96,97,97,19.869,19.866,22.081,22.076,1071.745,0,0,0,467,3350,12,1,0,0,0,28,23,14,20,14,7,False,0,False
23.740627,0.583,0.561,0.143,0.153,25.008,20,18,0,3600496,72,71,69,69,96,96,97,97,19.868,19.864,22.077,22.072,1106.919,0,0,0,483,3367,12,1,0,0,0,28,23,14,20,14,7,False,0,False
24.242476,0.592,0.57,0.143,0.153,24.994,20,18,0,3551043.5,72,71,70,70,96,96,97,97,19.867,19.863,22.073,22.067,1143.463,0,0,0,483,3367,12,1,0,0,0,28,23,14,20,14,7,False,0,False
24.74519,0.599,0.576,0.143,0.153,24.98,20,18,0,3542115.5,71,71,70,70,96,96,97,97,19.865,19.861,22.068,22.063,1182.455,0,0,0,517,3367,12,1,0,0,0,28,23,14,20,14,7,False,0,False
25.240673,0.605,0.582,0.143,0.153,24.966,20,18,0,3533763.5,72,71,70,70,96,96,97,97,19.863,19.858,22.063,22.058,1219.862,0,0,0,534,3367,12,1,0,0,0,28,23,14,20,14,7,False,0,False
25.74202,0.612,0.588,0.143,0.153,24.953,20,18,0,3525123.5,72,71,70,70,96,96,97,97,19.86,19.856,22.058,22.052,1259.395,0,0,0,0,3367,13,1,0,0,0,28,23,14,20,14,7,False,0,False
26.24184,0.617,0.594,0.143,0.153,24.94,20,18,0,3521883.2,71,72,70,70,96,96,97,97,19.857,19.853,22.052,22.047,1299.657,0,0,0,0,3400,13,1,0,0,0,28,23,14,20,14,7,False,0,False
26.74143,0.623,0.6,0.143,0.153,24.926,20,18,0,3513243.2,71,72,70,70,96,96,97,97,19.853,19.85,22.046,22.04,1340.446,0,0,0,0,3400,13,1,0,0,0,28,23,14,20,14,7,False,0,False
27.244186,0.628,0.606,0.143,0.153,24.912,20,18,0,3504603.2,72,72,71,70,96,96,97,97,19.85,19.846,22.039,22.034,1381.774,0,0,0,16,3433,13,1,0,0,0,28,23,14,20,14,7,False,0,False
27.742437,0.649,0.624,0.174,0.178,24.907,20,18,0,3529396,74,74,78,76,96,96,97,97,19.849,19.845,22.038,22.033,1420.434,0,0,0,33,3433,13,1,0,0,0,28,23,14,20,14,7,False,0,False
28.245064,0.675,0.641,0.2,0.196,24.906,20,18,0,3559092.2,74,72,75,73,96,96,97,97,19.853,19.849,22.045,22.039,1451.179,0,0,0,33,3433,13,1,0,0,0,28,23,14,20,14,7,False,0,False
28.74136,0.681,0.65,0.206,0.199,24.905,20,18,0,3582480.8,71,71,72,71,96,96,97,97,19.858,19.853,22.051,22.044,1474.179,0,0,0,34,3433,13,1,0,0,0,28,23,14,20,14,7,False,0,False
29.241371,0.684,0.652,0.21,0.203,24.905,20,18,0,3602859.5,70,68,71,70,96,96,97,97,19.861,19.857,22.055,22.048,1494.82,0,0,0,34,3650,13,1,0,0,0,28,23,14,20,14,7,False,0,False
29.743826,0.697,0.661,0.231,0.221,24.905,20,18,0,3614956.2,74,70,79,75,96,96,97,97,19.866,19.86,22.061,22.053,1512.888,0,0,0,67,3650,13,1,0,0,0,28,23,14,20,14,7,False,0,False
30.240446,0.72,0.675,0.269,0.254,24.905,20,18,0,3622344.8,80,73,87,83,97,96,97,97,19.873,19.864,22.07,22.06,1530.461,0,0,0,67,3783,13,1,0,0,0,28,23,14,20,14,7,False,0,False
30.744925,0.74,0.689,0.314,0.286,24.904,20,18,0,3628819.5,79,74,94,86,97,96,97,97,19.881,19.869,22.082,22.069,1553.732,0,0,0,67,3783,13,1,0,0,0,28,23,14,20,14,7,False,0,False
31.240215,0.753,0.699,0.35,0.311,24.902,20,18,0,3634945,78,73,94,84,97,97,98,97,19.888,19.874,22.095,22.078,1570.223,0,0,0,67,3783,12,1,0,0,0,28,23,14,20,14,7,False,0,False
31.742039,0.767,0.71,0.368,0.324,24.897,20,18,0,3640986.2,77,73,86,79,97,97,98,98,19.894,19.878,22.105,22.085,1585.51,0,0,0,67,3950,12,1,0,0,0,28,23,14,20,14,7,False,0,False
32.74149,0.81,0.75,0.386,0.34,24.879,20,18,0,3646967.2,84,81,76,73,97,97,98,98,19.905,19.887,22.115,22.092,1618.893,0,0,0,517,3950,12,1,0,0,0,28,23,14,20,14,7,False,0,False
33.240723,0.851,0.786,0.395,0.349,24.869,20,18,0,3652724.5,84,81,75,72,97,97,98,98,19.916,19.895,22.118,22.094,1639.393,0,0,0,517,3950,12,1,0,0,0,28,23,14,20,14,7,False,0,False
33.74054,0.87,0.803,0.396,0.35,24.855,20,18,0,3647904,78,77,70,70,97,97,98,98,19.922,19.901,22.119,22.095,1661.737,0,0,0,517,4033,12,1,0,0,0,28,23,14,20,14,7,False,0,False
34.240788,0.888,0.821,0.397,0.35,24.843,20,18,0,3617928,74,74,68,68,98,97,98,98,19.925,19.905,22.118,22.094,1687.155,0,0,0,517,4033,12,1,0,0,0,28,23,14,20,14,7,False,0,False
34.744267,0.902,0.836,0.399,0.352,24.829,20,18,0,3574465.5,73,74,69,70,98,97,98,98,19.927,19.907,22.117,22.093,1715.384,0,0,0,534,4100,12,1,0,0,0,28,23,14,20,14,7,False,0,False
35.23815,0.913,0.849,0.402,0.354,24.816,20,18,0,3541076,72,73,70,70,98,97,98,98,19.929,19.909,22.115,22.092,1745.716,0,0,0,534,4100,12,1,0,0,0,28,23,14,20,14,7,False,0,False
35.73984,0.923,0.861,0.408,0.359,24.803,20,18,0,3532668.2,71,73,70,72,98,97,98,98,19.929,19.91,22.113,22.09,1777.773,0,0,0,534,4100,12,1,0,0,0,28,23,14,20,14,7,False,0,False
36.240044,0.939,0.882,0.422,0.373,24.789,20,18,0,3524028.2,73,76,73,74,98,97,98,98,19.929,19.912,22.111,22.089,1812.198,0,36108,0,534,4117,12,1,0,0,0,28,23,14,20,14,7,False,0,False
36.742832,0.956,0.901,0.44,0.387,24.781,20,18,0,3536190.5,73,72,75,73,98,97,98,98,19.93,19.914,22.111,22.088,1847.379,0,36108,0,534,4117,12,1,0,0,0,28,23,14,20,14,7,False,0,False
37.24249,0.989,0.925,0.489,0.429,24.781,20,18,0,3559949,80,75,86,81,98,97,98,98,19.933,19.916,22.114,22.091,1876.614,0,36108,0,550,4133,12,1,0,0,0,28,23,14,20,14,7,False,0,False
37.739483,1.028,0.954,0.556,0.486,24.781,20,18,0,3573554.2,83,76,93,88,98,97,98,98,19.939,19.92,22.122,22.096,1905.69,0,36108,0,550,4167,12,1,0,0,0,28,23,14,20,14,7,False,0,False
38.24203,1.081,0.989,0.629,0.555,24.776,20,18,0,3580326,87,79,96,91,98,97,98,98,19.948,19.924,22.131,22.104,1934.457,0,36108,0,483,4167,12,1,0,0,0,28,23,14,20,14,7,False,0,False
38.738014,1.113,1.012,0.678,0.594,24.767,20,18,0,3586042.5,81,75,87,82,98,98,98,98,19.954,19.927,22.139,22.11,1960.694,0,36108,0,483,4183,12,1,0,0,0,28,23,14,20,14,7,False,0,False
39.24354,1.129,1.025,0.686,0.602,24.757,20,18,0,3590218.5,73,72,73,73,98,98,98,98,19.957,19.929,22.141,22.111,1987.133,0,36108,0,483,4183,12,1,0,0,0,28,23,14,20,14,7,False,0,False
39.741566,1.157,1.058,0.717,0.643,24.745,20,18,0,3594800.5,77,80,77,83,98,98,98,98,19.959,19.931,22.141,22.112,2016.124,0,36108,0,333,4183,12,1,0,0,0,28,23,14,20,14,7,False,0,False
40.243706,1.195,1.103,0.767,0.708,24.733,20,18,0,3599414.8,79,83,83,90,98,98,98,98,19.962,19.935,22.142,22.117,2046.726,0,36108,0,217,4183,12,1,0,0,0,28,23,14,20,14,7,False,0,False
40.744312,1.238,1.155,0.809,0.759,24.721,20,18,0,3600851.8,80,84,80,85,98,98,99,98,19.965,19.941,22.144,22.121,2076.152,0,36108,0,217,4267,12,1,0,0,0,28,23,14,20,14,7,False,0,False
41.240868,1.271,1.196,0.834,0.788,24.708,20,18,0,3598510.5,75,79,75,78,98,98,98,98,19.967,19.945,22.143,22.122,2106.607,0,36108,0,200,4267,12,1,0,0,0,28,23,14,20,14,7,False,0,False
41.74298,1.289,1.218,0.847,0.801,24.694,20,18,0,3590024.5,73,75,72,73,98,98,98,98,19.966,19.946,22.14,22.12,2138.794,0,36108,0,200,4267,12,1,0,0,0,28,23,14,20,14,7,False,0,False
42.243412,1.303,1.233,0.863,0.816,24.687,20,18,0,3607362.2,73,74,75,75,98,98,98,98,19.966,19.947,22.139,22.119,2170.178,0,36108,0,200,4483,12,1,0,0,0,28,23,14,20,14,7,False,0,False
42.738655,1.313,1.243,0.869,0.823,24.686,20,18,0,3634071.5,71,71,72,72,98,98,98,98,19.968,19.949,22.141,22.122,2195.144,0,36108,0,200,4483,12,1,0,0,0,28,23,14,20,14,7,False,0,False
43.240078,1.317,1.246,0.871,0.825,24.686,20,18,0,3658022,69,69,71,70,98,98,99,98,19.97,19.951,22.144,22.124,2215.806,0,36108,0,217,4483,12,1,0,0,0,28,23,14,20,14,7,False,0,False
43.741753,1.321,1.249,0.875,0.829,24.686,20,18,0,3678214.5,70,68,71,70,98,98,99,98,19.971,19.953,22.147,22.127,2233.868,0,36108,0,217,4750,12,1,0,0,0,28,23,14,20,14,7,False,0,False
44.237328,1.328,1.255,0.878,0.833,24.686,20,18,0,3695688.2,72,69,71,70,98,98,99,98,19.974,19.955,22.15,22.13,2249.071,0,36108,0,217,4750,12,1,0,0,0,28,23,14,20,14,7,False,0,False
44.742912,1.333,1.258,0.886,0.838,24.686,20,18,0,3706383.5,71,69,73,71,98,98,99,98,19.977,19.957,22.153,22.132,2259.221,0,36108,0,217,4750,12,1,0,0,0,28,23,14,20,14,7,False,0,False
45.238758,1.339,1.263,0.894,0.844,24.686,20,18,0,3711485.8,71,69,75,71,99,98,99,98,19.981,19.959,22.158,22.136,2268.462,0,36108,0,233,4750,12,1,0,0,0,28,23,14,20,14,7,False,0,False
45.742054,1.341,1.265,0.901,0.849,24.684,20,18,0,3716456.5,70,69,76,71,99,98,99,98,19.983,19.961,22.162,22.138,2281.426,0,36108,0,233,5117,12,1,0,0,0,28,23,14,20,14,7,False,0,False
46.24051,1.351,1.271,0.919,0.863,24.681,20,18,0,3721610.8,74,70,81,75,99,98,99,98,19.986,19.963,22.167,22.141,2295.328,0,36108,0,233,5117,12,1,0,0,0,28,23,14,20,14,7,False,0,False
46.743153,1.362,1.281,0.926,0.869,24.677,20,18,0,3727220.8,76,73,78,73,99,98,99,99,19.991,19.966,22.173,22.145,2307.316,0,36108,0,233,5117,12,1,0,0,0,28,23,14,20,14,7,False,0,False
47.24066,1.37,1.291,0.928,0.871,24.67,20,18,0,3731790.8,75,74,74,71,99,98,99,99,19.995,19.969,22.177,22.147,2319.734,0,36108,0,250,5117,12,1,0,0,0,28,23,14,20,14,7,False,0,False
47.743904,1.383,1.306,0.93,0.873,24.661,20,18,0,3736001.8,76,76,72,69,99,98,99,99,19.999,19.973,22.179,22.148,2334.166,0,36108,0,250,5117,12,1,0,0,0,28,23,14,20,14,7,False,0,False
48.23853,1.401,1.327,0.932,0.875,24.649,20,18,0,3743092.5,78,78,70,69,99,99,99,99,20.004,19.978,22.179,22.148,2351.162,0,36108,0,250,5283,12,1,0,0,0,28,23,14,20,14,7,False,0,False
48.741535,1.417,1.345,0.932,0.875,24.637,20,18,0,3751665.8,77,77,69,68,99,99,99,99,20.008,19.983,22.179,22.148,2371.312,0,36108,0,400,5283,12,1,0,0,0,28,23,14,20,14,7,False,0,False
49.24023,1.431,1.36,0.932,0.876,24.624,20,18,0,3747514.8,75,74,69,69,99,99,99,99,20.011,19.986,22.178,22.147,2394.186,0,36108,0,400,5250,12,1,0,0,0,28,23,14,20,14,7,False,0,False
49.73879,1.442,1.372,0.932,0.877,24.611,20,18,0,3747436.2,73,72,69,69,99,99,99,99,20.013,19.988,22.176,22.145,2419.615,0,36108,0,300,5250,12,1,0,0,0,28,23,14,20,14,7,False,0,False
50.239143,1.451,1.382,0.932,0.877,24.598,20,18,0,3741060.2,72,71,69,69,99,99,99,99,20.014,19.989,22.174,22.143,2447.15,0,36108,0,300,5250,12,1,0,0,0,28,23,14,20,14,7,False,0,False
50.742744,1.46,1.39,0.932,0.877,24.584,20,18,0,3733710,71,71,69,69,99,99,99,98,20.014,19.989,22.172,22.141,2476.774,0,36108,0,284,5250,12,1,0,0,0,28,23,14,20,14,7,False,0,False
51.239525,1.467,1.398,0.932,0.877,24.571,20,18,0,3730989,71,71,69,69,99,99,99,98,20.014,19.989,22.169,22.138,2508.088,0,36108,0,284,5234,12,1,0,0,0,28,23,14,20,14,7,False,0,False
51.739834,1.474,1.405,0.932,0.877,24.557,20,18,0,3722358.8,71,71,69,69,99,99,99,98,20.013,19.988,22.165,22.135,2541.036,0,36108,0,300,5234,12,1,0,0,0,28,23,14,20,14,7,False,0,False
52.23991,1.485,1.418,0.94,0.884,24.543,20,18,0,3713718.8,72,73,71,73,99,99,99,98,20.011,19.987,22.161,22.132,2575.583,0,36108,0,333,5234,12,1,0,0,0,28,23,14,20,14,7,False,0,False
52.741802,1.518,1.459,0.98,0.927,24.531,20,18,0,3710516.2,76,80,78,81,99,99,99,98,20.011,19.989,22.159,22.131,2610.727,0,36108,0,333,5234,12,1,0,0,0,28,23,14,20,14,7,False,0,False
53.242256,1.556,1.506,1.03,0.979,24.526,20,18,0,3731750.5,77,81,81,84,99,99,99,98,20.013,19.992,22.16,22.134,2644.619,0,36108,0,350,5267,12,1,0,0,0,28,23,14,20,14,7,False,0,False
53.73876,1.579,1.535,1.054,1.003,24.524,20,18,0,3758315.5,75,77,77,79,99,99,99,98,20.017,19.998,22.164,22.139,2672.992,0,36108,0,350,5267,12,1,0,0,0,28,23,14,20,14,7,False,0,False
54.238197,1.591,1.55,1.065,1.015,24.523,20,18,0,3781530.5,72,75,74,76,99,99,99,99,20.02,20.003,22.169,22.145,2694.922,0,36108,0,350,5317,12,1,0,0,0,28,23,14,20,14,7,False,0,False
54.742798,1.599,1.559,1.073,1.022,24.523,20,18,0,3802241.5,71,74,73,75,99,99,99,99,20.023,20.007,22.173,22.15,2712.692,0,36108,0,350,5317,12,1,0,0,0,28,23,14,20,14,7,False,0,False
55.241978,1.606,1.567,1.079,1.027,24.523,20,18,0,3817044.2,71,73,72,74,99,99,99,99,20.026,20.011,22.176,22.154,2726.108,0,36108,0,350,5417,12,1,0,0,0,28,23,14,20,14,7,False,0,False
55.74097,1.61,1.573,1.087,1.04,24.523,20,18,0,3825606,70,73,73,78,99,99,99,99,20.029,20.016,22.18,22.159,2736.477,0,36108,0,350,5417,12,1,0,0,0,28,23,14,20,14,7,False,0,False
56.240234,1.617,1.581,1.102,1.065,24.521,20,18,0,3830568.5,72,73,77,86,100,99,99,99,20.032,20.02,22.184,22.167,2746.804,0,36108,0,267,5417,12,1,0,0,0,28,23,14,20,14,7,False,0,False
56.738354,1.625,1.59,1.112,1.079,24.518,20,18,0,3835842.2,73,75,77,86,100,99,99,99,20.035,20.024,22.189,22.176,2764.602,0,36108,0,267,5417,12,1,0,0,0,28,23,14,20,14,7,False,0,False
57.241463,1.636,1.603,1.118,1.086,24.512,20,18,0,3841735.8,74,77,74,81,100,99,99,99,20.039,20.029,22.193,22.183,2775.226,0,36108,0,267,5683,12,1,0,0,0,28,23,14,20,14,7,False,0,False
57.73869,1.646,1.612,1.121,1.089,24.505,20,18,0,3847713,74,76,71,75,100,100,99,99,20.043,20.035,22.196,22.188,2788.235,0,36108,0,267,5683,12,1,0,0,0,28,23,14,20,14,7,False,0,False
58.23469,1.655,1.621,1.121,1.089,24.496,20,18,0,3852919.5,74,74,69,71,100,100,99,99,20.046,20.039,22.197,22.19,2803.782,0,36108,0,350,5683,12,1,0,0,0,28,23,14,20,14,7,False,0,False
58.736343,1.671,1.638,1.121,1.089,24.484,20,18,0,3857681.2,77,77,68,69,100,100,99,99,20.05,20.042,22.197,22.191,2821.882,0,36108,0,350,5683,12,1,0,0,0,28,23,14,20,14,7,False,0,False
59.241207,1.698,1.663,1.121,1.089,24.472,20,18,0,3849912.2,79,78,68,68,100,100,99,99,20.055,20.048,22.196,22.191,2842.81,0,36108,0,350,5634,12,1,0,0,0,28,23,14,20,14,7,False,0,False
59.740074,1.719,1.683,1.121,1.089,24.458,20,18,0,3818612.5,76,76,68,68,100,100,99,99,20.06,20.052,22.195,22.19,2866.762,0,36108,0,284,5634,12,1,0,0,0,28,23,14,20,14,7,False,0,False
60.238472,1.729,1.692,1.121,1.089,24.445,20,18,0,3816016.2,72,72,69,69,100,100,99,99,20.062,20.054,22.194,22.188,2893.235,0,36108,0,284,5634,12,1,0,0,0,28,23,14,20,14,7,False,0,False
60.741455,1.737,1.701,1.121,1.089,24.431,20,18,0,3809083,72,72,69,69,100,100,99,99,20.062,20.055,22.192,22.187,2921.981,0,36108,0,217,5600,12,1,0,0,0,28,23,14,20,14,7,False,0,False
61.24056,1.745,1.709,1.121,1.089,24.419,20,18,0,3806643.8,71,71,69,70,100,100,99,99,20.062,20.055,22.19,22.184,2952.67,0,36108,0,217,5600,12,1,0,0,0,28,23,14,20,14,7,False,0,False
61.738255,1.754,1.718,1.121,1.089,24.405,20,18,0,3767149.5,72,72,69,70,100,100,99,99,20.062,20.055,22.187,22.182,2985.197,0,36108,0,200,5600,12,1,0,0,0,28,23,14,20,14,7,False,0,False
62.238544,1.763,1.727,1.121,1.089,24.391,20,18,0,3709534.5,72,72,70,70,100,100,99,99,20.062,20.055,22.184,22.179,3019.687,0,36108,0,200,5600,12,1,0,0,0,28,23,14,20,14,7,False,0,False
62.740814,1.77,1.734,1.121,1.089,24.378,20,18,0,3699822.5,71,71,70,70,100,100,99,99,20.06,20.054,22.18,22.175,3055.677,0,36108,0,200,5600,12,1,0,0,0,28,23,14,20,14,7,False,0,False
63.241463,1.776,1.74,1.121,1.089,24.365,20,18,0,3691182.5,71,71,70,70,100,100,99,99,20.059,20.052,22.176,22.171,3092.81,0,36108,0,200,5583,12,1,0,0,0,28,23,14,20,14,7,False,0,False
63.737576,1.782,1.746,1.121,1.089,24.351,20,18,0,3682542.5,71,71,70,70,100,100,99,99,20.057,20.05,22.171,22.166,3131.027,0,36108,0,216,5583,12,1,0,0,0,28,23,14,20,14,7,False,0,False
64.239395,1.788,1.752,1.121,1.089,24.337,20,18,0,3673902.5,71,71,70,70,100,100,99,99,20.054,20.048,22.166,22.161,3170.218,0,36108,0,216,5550,12,1,0,0,0,28,23,14,20,14,7,False,0,False
64.74243,1.794,1.757,1.121,1.089,24.323,20,18,0,3665262.5,72,71,71,70,100,100,99,99,20.052,20.045,22.16,22.156,3210.279,0,36108,0,233,5550,12,1,0,0,0,28,23,14,20,14,7,False,0,False
65.23804,1.799,1.763,1.121,1.089,24.31,20,18,0,3662059.5,72,72,70,71,100,100,99,99,20.048,20.042,22.154,22.15,3251.006,0,36108,0,234,5534,12,1,0,0,0,28,23,14,20,14,7,False,0,False
65.73772,1.805,1.768,1.121,1.089,24.297,20,18,0,3653419.5,72,71,70,71,100,100,99,99,20.045,20.039,22.148,22.143,3292.339,0,36108,0,250,5534,12,1,0,0,0,28,23,14,20,14,7,False,0,False
66.23555,1.81,1.774,1.121,1.089,24.283,20,18,0,3644779.5,72,72,70,70,100,100,98,98,20.041,20.035,22.141,22.137,3334.269,0,36108,0,283,5500,12,1,0,0,0,28,23,14,20,14,7,False,0,False
66.73588,1.827,1.79,1.144,1.113,24.275,20,18,0,3667936.2,73,73,76,76,100,100,98,98,20.039,20.033,22.139,22.135,3373.802,0,36108,0,283,5500,12,1,0,0,0,28,23,14,20,14,7,False,0,False
67.241234,1.84,1.803,1.159,1.127,24.274,20,18,0,3698917.8,71,72,73,73,100,100,99,98,20.041,20.035,22.144,22.14,3405.104,0,36108,0,283,5483,12,1,0,0,0,28,23,14,20,14,7,False,0,False
67.73695,1.852,1.821,1.18,1.15,24.274,20,18,0,3727076.8,72,76,77,79,100,100,99,99,20.043,20.039,22.149,22.145,3431.36,0,36108,0,283,5483,12,1,0,0,0,28,23,14,20,14,7,False,0,False
68.23777,1.876,1.852,1.224,1.208,24.274,20,18,0,3747491.5,76,80,85,93,100,100,99,99,20.047,20.045,22.156,22.155,3453.787,0,36108,0,333,5567,12,1,0,0,0,28,23,14,20,14,7,False,0,False
68.73781,1.894,1.876,1.272,1.273,24.271,20,18,0,3756135.2,76,80,89,99,100,100,99,99,20.052,20.052,22.166,22.169,3478.23,0,36108,0,333,5600,12,1,0,0,0,28,23,14,20,14,7,False,0,False
69.23947,1.919,1.908,1.308,1.317,24.263,20,18,0,3762959.5,78,84,86,93,100,100,99,99,20.057,20.059,22.175,22.182,3500.972,0,36108,0,366,5600,12,1,0,0,0,28,23,14,20,14,7,False,0,False
69.742455,1.946,1.941,1.332,1.348,24.253,20,18,0,3769384.8,79,83,80,86,100,100,99,99,20.062,20.067,22.182,22.191,3522.431,0,36108,0,366,5600,12,1,0,0,0,28,23,14,20,14,7,False,0,False
70.23997,1.977,1.976,1.35,1.368,24.241,20,18,0,3773524.5,80,84,77,80,100,100,99,99,20.068,20.074,22.186,22.197,3545.004,0,36108,0,366,5650,12,1,0,0,0,28,23,14,20,14,7,False,0,False
70.74131,2.013,2.017,1.374,1.395,24.228,20,18,0,3774287,81,86,78,81,100,100,99,99,20.073,20.081,22.189,22.202,3569.301,0,36108,0,400,5650,12,1,0,0,0,28,23,14,20,14,7,False,0,False
71.23906,2.048,2.059,1.394,1.417,24.215,20,18,0,3774422,78,82,76,78,100,101,99,100,20.078,20.089,22.192,22.206,3595.369,0,36108,0,400,5684,12,1,0,0,0,28,23,14,20,14,7,False,0,False
71.74334,2.081,2.097,1.422,1.446,24.201,20,18,0,3767648.8,79,83,77,80,100,101,99,100,20.082,20.094,22.194,22.209,3623.43,0,36108,0,434,5684,12,1,0,0,0,28,23,14,20,14,7,False,0,False
72.239494,2.107,2.129,1.443,1.467,24.187,20,18,0,3760141.5,75,79,75,77,100,101,99,100,20.084,20.099,22.195,22.211,3653.433,0,36108,0,417,5684,12,1,0,0,0,28,23,14,20,14,7,False,0,False
72.73959,2.125,2.15,1.454,1.478,24.174,20,18,0,3735508.8,73,76,73,72,100,101,99,100,20.085,20.101,22.194,22.211,3685.797,0,36108,0,417,5684,12,1,0,0,0,28,23,14,20,14,7,False,0,False
73.242195,2.135,2.16,1.455,1.479,24.161,20,18,0,3710564.5,72,72,71,70,100,101,99,100,20.084,20.101,22.192,22.208,3719.539,0,36108,0,433,5684,12,1,0,0,0,28,23,14,20,14,7,False,0,False
73.735664,2.165,2.184,1.483,1.505,24.147,20,18,0,3701924.5,79,76,79,76,100,101,99,100,20.084,20.1,22.191,22.206,3753.706,0,36108,0,433,5683,12,1,0,0,0,28,23,14,20,14,7,False,0,False
74.24091,2.197,2.21,1.513,1.534,24.133,20,18,0,3693284.5,79,75,79,77,101,101,99,100,20.086,20.1,22.191,22.204,3788.9,0,36108,0,450,5683,12,1,0,0,0,28,23,14,20,14,7,False,0,False
74.73846,2.255,2.258,1.585,1.6,24.12,20,18,0,3690107,86,81,89,85,101,101,99,100,20.088,20.101,22.192,22.204,3825.677,0,36108,0,450,5667,12,1,0,0,0,28,23,14,20,14,7,False,0,False
75.24093,2.322,2.314,1.691,1.692,24.107,20,18,0,3681467,85,81,95,89,101,101,99,100,20.092,20.103,22.197,22.206,3862.82,0,36108,0,450,5667,12,1,0,0,0,28,23,14,20,14,7,False,0,False
75.74076,2.393,2.374,1.805,1.789,24.093,20,18,0,3672827,86,81,96,90,101,101,99,100,20.096,20.105,22.202,22.209,3899.711,0,36108,0,450,5667,12,1,0,0,0,28,23,14,20,14,7,False,0,False
76.23865,2.46,2.429,1.899,1.87,24.079,20,18,0,3664187,84,80,91,85,101,101,100,100,20.1,20.106,22.206,22.21,3935.8,0,36108,0,466,5666,12,1,0,0,0,28,23,14,20,14,7,False,0,False
76.73904,2.511,2.472,1.951,1.918,24.066,20,18,0,3655547,80,77,80,77,101,101,100,100,20.101,20.106,22.206,22.209,3971.336,0,36108,0,483,5666,12,1,0,0,0,28,23,14,20,14,7,False,0,False
77.24115,2.522,2.48,1.954,1.921,24.052,20,18,0,3646907,72,71,71,70,101,101,99,100,20.099,20.102,22.201,22.203,4008.238,0,36108,41078,483,5666,12,1,0,0,0,28,23,14,20,14,7,False,0,False
77.741875,2.538,2.494,1.98,1.943,24.043,20,18,0,3665671.2,74,73,77,76,101,101,99,99,20.096,20.099,22.199,22.201,4043.77,0,36108,41078,516,5666,12,1,0,0,0,28,23,14,20,14,7,False,0,False
78.238525,2.563,2.517,2.008,1.971,24.043,20,18,0,3693749,78,75,81,79,101,101,100,100,20.098,20.101,22.203,22.205,4071.11,0,36108,41078,516,5683,12,1,0,0,0,28,23,14,20,14,7,False,0,False
78.740364,2.59,2.537,2.04,1.998,24.043,20,18,0,3714552,80,75,83,78,101,101,100,100,20.103,20.104,22.211,22.211,4093.449,0,36108,41078,533,5716,12,1,0,0,0,28,23,14,20,14,7,False,0,False
79.242455,2.606,2.548,2.066,2.019,24.043,20,18,0,3730064.5,77,73,85,79,101,101,100,100,20.108,20.106,22.218,22.215,4114.118,0,36108,41078,533,5716,12,1,0,0,0,28,23,14,20,14,7,False,0,False
79.7427,2.629,2.565,2.115,2.054,24.041,20,18,0,3737575,80,75,93,84,101,101,100,100,20.112,20.108,22.227,22.221,4134.191,0,36108,41078,533,5767,12,1,0,0,0,28,23,14,20,14,7,False,0,False
80.238914,2.657,2.587,2.167,2.091,24.035,20,18,0,3744385,81,79,99,86,101,101,100,100,20.118,20.111,22.238,22.228,4157.487,0,36108,41078,550,5767,12,1,0,0,0,28,23,14,20,14,7,False,0,False
80.73637,2.679,2.605,2.192,2.111,24.027,20,18,0,3750895,81,77,88,80,101,101,100,100,20.123,20.114,22.248,22.233,4177.889,0,36108,41078,550,5767,12,1,0,0,0,28,23,14,20,14,7,False,0,False
81.23391,2.707,2.631,2.208,2.124,24.016,20,18,0,3754629.8,83,80,81,76,101,101,100,100,20.128,20.118,22.253,22.236,4198.618,0,36108,41078,566,5800,12,1,0,0,0,28,23,14,20,14,7,False,0,False
81.73974,2.73,2.653,2.213,2.129,24.002,20,18,0,3752178.2,78,76,73,71,101,101,100,100,20.133,20.121,22.255,22.237,4221.554,0,36108,41078,566,5800,12,1,0,0,0,28,23,14,20,14,7,False,0,False
82.24027,2.745,2.668,2.214,2.13,23.989,20,18,0,3719866.2,75,74,70,70,101,101,100,100,20.134,20.122,22.255,22.236,4247.645,0,36108,41078,600,5833,12,1,0,0,0,28,23,14,20,14,7,False,0,False
82.74066,2.76,2.679,2.214,2.131,23.976,20,18,0,3674840.5,74,73,70,70,101,101,100,100,20.135,20.122,22.253,22.234,4276.073,0,36108,41078,600,5833,12,1,0,0,0,28,23,14,20,14,7,False,0,False
83.23989,2.771,2.689,2.214,2.131,23.963,20,18,0,3628562.2,73,72,70,70,101,101,100,100,20.135,20.122,22.251,22.232,4306.704,0,36108,41078,617,5817,12,1,0,0,0,28,23,14,20,14,7,False,0,False
83.74004,2.781,2.699,2.214,2.131,23.949,20,18,0,3571566.5,73,73,70,70,101,101,100,100,20.134,20.12,22.248,22.229,4339.325,0,36108,41078,600,5817,12,1,0,0,0,28,23,14,20,14,7,False,0,False
84.23723,2.79,2.708,2.214,2.131,23.935,20,18,0,3513951.5,72,72,70,70,101,101,100,100,20.132,20.119,22.244,22.226,4373.869,0,36108,41078,600,5800,12,1,0,0,0,28,23,14,20,14,7,False,0,False
84.73928,2.798,2.717,2.214,2.131,23.922,20,18,0,3461881,72,72,70,70,101,101,100,100,20.13,20.117,22.24,22.222,4409.919,0,36108,41078,617,5800,12,1,0,0,0,28,23,14,20,14,7,False,0,False
85.23778,2.806,2.725,2.214,2.131,23.909,20,18,0,3404266,72,72,70,70,101,101,100,100,20.127,20.114,22.235,22.217,4447.41,0,36108,41078,600,5784,12,1,0,0,0,28,23,14,20,14,7,False,0,False
85.73783,2.814,2.733,2.214,2.131,23.895,20,18,0,3346651,72,72,70,70,101,101,100,100,20.124,20.111,22.23,22.212,4486.253,0,36108,41078,600,5784,12,1,0,0,0,28,23,14,20,14,7,False,0,False
86.23889,2.821,2.741,2.214,2.131,23.882,20,18,0,3296155,72,72,71,71,101,101,100,100,20.12,20.108,22.225,22.207,4526.269,0,36108,41078,567,5717,12,1,0,0,0,28,23,14,20,14,7,False,0,False
86.73982,2.827,2.747,2.214,2.131,23.868,20,18,0,3287515,72,72,71,71,101,101,100,99,20.116,20.104,22.219,22.201,4567.014,0,36108,41078,550,5717,12,1,0,0,0,28,23,14,20,14,7,False,0,False
87.239975,2.832,2.752,2.214,2.131,23.854,20,18,0,3278875,72,72,71,71,101,101,100,99,20.112,20.1,22.213,22.195,4608.423,0,36108,41078,533,5717,12,1,0,0,0,28,23,14,20,14,7,False,0,False
87.74053,2.837,2.758,2.214,2.131,23.841,20,18,0,3270235,73,73,71,71,101,101,100,99,20.108,20.095,22.206,22.188,4650.441,0,36108,41078,533,5650,12,1,0,0,0,28,23,14,20,14,7,False,0,False
88.23845,2.843,2.763,2.214,2.131,23.827,20,18,0,3261595,73,73,71,71,101,101,99,99,20.103,20.091,22.199,22.182,4693.005,0,36108,41078,517,5650,12,1,0,0,0,28,23,14,20,14,7,False,0,False
88.73451,2.848,2.769,2.214,2.131,23.813,20,18,0,3252955,73,73,71,71,101,101,99,99,20.098,20.086,22.192,22.174,4736.037,0,36108,41078,500,5650,12,1,0,0,0,28,23,14,20,14,7,False,0,False
89.23601,2.853,2.774,2.214,2.131,23.799,20,18,0,3244315,73,73,72,71,101,100,99,99,20.093,20.081,22.185,22.167,4779.466,0,36108,41078,483,5567,12,1,0,0,0,28,23,14,20,14,7,False,0,False
89.73694,2.866,2.787,2.23,2.143,23.789,20,18,0,3252990.2,73,74,76,75,101,100,99,99,20.088,20.077,22.178,22.161,4822.509,0,36108,41078,483,5567,12,1,0,0,0,28,23,14,20,14,7,False,0,False
90.24051,2.892,2.814,2.259,2.172,23.787,20,18,0,3286866.8,74,74,77,77,101,100,99,99,20.089,20.077,22.182,22.164,4857.896,0,36108,41078,467,5517,12,1,0,0,0,28,23,14,20,14,7,False,0,False
90.73709,2.909,2.832,2.274,2.187,23.786,20,18,0,3313978.8,73,73,75,74,101,100,99,99,20.092,20.08,22.188,22.17,4884.931,0,36108,41078,467,5566,12,1,0,0,0,28,23,14,20,14,7,False,0,False
91.236824,2.922,2.842,2.29,2.201,23.786,20,18,0,3337035,74,72,77,74,101,100,99,99,20.095,20.083,22.194,22.176,4906.661,0,36108,41078,467,5566,12,1,0,0,0,28,23,14,20,14,7,False,0,False
91.73747,2.942,2.856,2.322,2.227,23.786,20,18,0,3356393.8,78,73,86,80,101,101,99,99,20.1,20.086,22.202,22.183,4924.328,0,36108,41078,466,5566,12,1,0,0,0,28,23,14,20,14,7,False,0,False
92.24099,2.961,2.872,2.372,2.257,23.782,20,18,0,3365445.2,78,76,97,83,101,101,100,99,20.107,20.091,22.214,22.191,4944.92,0,36108,41078,466,5566,12,1,0,0,0,28,23,14,20,14,7,False,0,False
92.73843,2.974,2.883,2.386,2.267,23.775,20,18,0,3371630.8,77,74,85,77,101,101,100,99,20.112,20.095,22.226,22.199,4964.269,0,36108,41078,416,5583,12,1,0,0,0,28,23,14,20,14,7,False,0,False
93.23559,2.993,2.899,2.409,2.286,23.767,20,18,0,3378006,79,76,84,77,101,101,100,100,20.117,20.099,22.234,22.204,4981.665,0,36108,41078,416,5583,12,1,0,0,0,28,23,14,20,14,7,False,0,False
93.73781,3.029,2.935,2.428,2.302,23.758,20,18,0,3384493.8,85,85,80,76,101,101,100,100,20.123,20.104,22.24,22.208,5001.127,0,36108,41078,416,5617,12,1,0,0,0,28,23,14,20,14,7,False,0,False
94.2372,3.049,2.955,2.435,2.308,23.747,20,18,0,3390030,77,77,75,72,101,101,100,100,20.129,20.111,22.244,22.211,5021.409,0,36108,41078,450,5617,12,1,0,0,0,28,23,14,20,14,7,False,0,False
94.737335,3.067,2.973,2.442,2.315,23.734,20,18,0,3391949,77,75,73,71,101,101,100,100,20.133,20.114,22.246,22.212,5043.434,0,36108,41078,450,5617,12,1,0,0,0,28,23,14,20,14,7,False,0,False
95.237885,3.086,2.989,2.445,2.318,23.721,20,18,0,3364848.8,75,75,71,69,101,101,100,100,20.136,20.117,22.247,22.213,5068.857,0,36108,41078,500,5634,12,1,0,0,0,28,23,14,20,14,7,False,0,False
95.73687,3.098,3.001,2.445,2.318,23.708,20,18,0,3319470.8,73,73,70,69,101,101,100,100,20.137,20.118,22.246,22.212,5097.413,0,36108,41078,500,5483,12,1,0,0,0,28,23,14,20,14,7,False,0,False
96.23961,3.108,3.011,2.445,2.318,23.695,20,18,0,3272419.8,73,72,69,70,101,101,100,100,20.138,20.118,22.245,22.211,5128.294,0,36108,41078,566,5483,12,1,0,0,0,28,23,14,20,14,7,False,0,False
96.732475,3.117,3.021,2.445,2.318,23.681,20,18,0,3215090.2,73,73,70,71,101,101,100,100,20.138,20.118,22.243,22.209,5161.173,0,36108,41078,600,5483,12,1,0,0,0,28,23,14,20,14,7,False,0,False
97.23629,3.126,3.03,2.445,2.318,23.668,20,18,0,3161859.5,72,72,70,70,101,101,100,100,20.137,20.118,22.24,22.207,5195.978,0,36108,41078,600,5517,12,1,0,0,0,28,23,14,20,14,7,False,0,False
97.736694,3.132,3.036,2.445,2.318,23.654,20,18,0,3155919.5,72,72,71,71,101,101,100,100,20.136,20.116,22.238,22.204,5232.119,0,36108,41078,617,5550,12,1,0,0,0,28,23,14,20,14,7,False,0,False
98.23824,3.138,3.042,2.445,2.318,23.641,20,18,0,3147279.5,72,72,71,71,101,101,100,99,20.134,20.115,22.234,22.201,5269.369,0,36108,41078,600,5550,12,1,0,0,0,28,23,14,20,14,7,False,0,False
98.735794,3.144,3.048,2.445,2.318,23.627,20,18,0,3138639.5,72,72,71,71,101,101,100,99,20.132,20.113,22.23,22.197,5307.631,0,36108,41078,600,5550,12,1,0,0,0,28,23,14,20,14,7,False,0,False
99.23757,3.15,3.054,2.445,2.318,23.613,20,18,0,3129999.5,72,72,71,71,101,101,100,99,20.129,20.11,22.225,22.193,5346.796,0,36108,41078,600,5634,12,1,0,0,0,28,23,14,20,14,7,False,0,False
99.73169,3.156,3.06,2.445,2.318,23.599,20,18,0,3121359.5,72,72,71,71,101,101,100,99,20.126,20.107,22.22,22.188,5386.725,0,36108,41078,617,5650,12,1,0,0,0,28,23,14,20,14,7,False,0,False
100.23646,3.161,3.065,2.445,2.318,23.586,20,18,1,3118117.2,72,72,71,71,101,101,100,99,20.123,20.104,22.215,22.182,18.374,99991,0,0,600,5633,12,2,0,0,0,28,23,14,20,14,7,False,0,False
100.734375,3.167,3.07,2.445,2.318,23.573,20,18,1,3109477.2,72,72,71,71,101,101,100,99,20.119,20.101,22.209,22.177,59.521,99991,0,0,617,5633,12,2,0,0,0,28,23,14,20,14,7,False,0,False
101.234,3.172,3.076,2.445,2.318,23.559,20,18,1,3100837.2,72,72,71,71,101,101,99,99,20.115,20.097,22.202,22.17,101.159,99991,0,0,617,5633,12,2,0,0,0,28,23,14,20,14,7,False,0,False
101.735954,3.178,3.081,2.445,2.318,23.545,20,18,1,3092197.2,72,72,71,71,101,101,99,99,20.111,20.092,22.196,22.164,143.306,99991,0,0,617,5633,12,2,0,0,0,28,23,14,20,14,7,False,0,False
102.23765,3.184,3.088,2.445,2.318,23.531,20,18,1,3054172.2,73,73,71,71,101,101,99,99,20.106,20.088,22.188,22.157,185.973,99991,0,0,616,5633,12,2,0,0,0,28,23,14,20,14,7,False,0,False
102.73639,3.191,3.095,2.445,2.318,23.517,20,18,1,2996557.2,73,73,71,71,101,100,99,99,20.101,20.083,22.181,22.149,229.327,99991,0,0,617,5633,12,2,0,0,0,28,23,14,20,14,7,False,0,False
103.238304,3.198,3.103,2.445,2.318,23.504,20,18,1,2938942.2,73,73,71,71,101,100,99,98,20.096,20.078,22.173,22.142,273.284,99991,0,0,616,5650,12,2,0,0,0,28,23,14,20,14,7,False,0,False
103.73682,3.206,3.11,2.445,2.318,23.49,20,18,1,2881327.2,73,73,71,71,101,100,99,98,20.09,20.073,22.165,22.134,317.761,99991,0,0,616,5650,12,2,0,0,0,28,23,14,20,14,7,False,0,False
104.23744,3.212,3.116,2.445,2.318,23.476,20,18,1,2849832.2,74,73,72,72,100,100,99,98,20.085,20.067,22.156,22.126,362.662,99991,0,0,600,5650,12,2,0,0,0,28,23,14,20,14,7,False,0,False
104.73874,3.217,3.121,2.445,2.318,23.462,20,18,1,2841210.2,72,72,71,71,100,100,99,98,20.079,20.061,22.148,22.117,407.682,99991,0,0,600,5650,12,2,0,0,0,28,23,14,20,14,7,False,0,False
105.239006,3.223,3.126,2.445,2.318,23.448,20,18,1,2832629.5,73,73,71,71,100,100,98,98,20.072,20.055,22.139,22.109,452.77,99991,0,0,600,5583,12,2,0,0,0,28,23,14,20,14,7,False,0,False
105.73753,3.228,3.131,2.445,2.318,23.435,20,18,1,2824116.2,73,72,71,71,100,100,98,98,20.066,20.048,22.13,22.1,497.958,99991,0,0,616,5583,12,2,0,0,0,28,23,14,20,14,7,False,0,False
106.23217,3.233,3.137,2.445,2.318,23.421,20,18,1,2815666,72,72,71,71,100,100,98,98,20.059,20.041,22.121,22.091,543.235,99991,0,0,616,5583,12,2,0,0,0,28,23,14,20,14,7,False,0,False
106.73692,3.239,3.142,2.445,2.318,23.407,20,18,1,2807247,72,72,71,70,100,100,98,97,20.051,20.034,22.111,22.081,588.546,99991,0,0,616,5583,12,2,0,0,0,28,23,14,20,14,7,False,0,False
107.23963,3.257,3.159,2.468,2.341,23.401,20,18,1,2832713,74,74,76,76,100,99,98,97,20.047,20.03,22.108,22.078,631.008,99991,0,0,633,5533,12,2,0,0,0,28,23,14,20,14,7,False,0,False
107.73947,3.279,3.181,2.494,2.368,23.4,20,18,1,2864318.5,74,74,76,76,100,100,98,97,20.048,20.032,22.113,22.083,664.336,99991,0,0,633,5533,12,2,0,0,0,28,23,14,20,14,7,False,0,False
108.23185,3.295,3.198,2.505,2.379,23.399,20,18,1,2890108.2,73,73,73,73,100,100,98,98,20.052,20.035,22.12,22.09,689.793,99991,0,0,617,5533,12,2,0,0,0,28,23,14,20,14,7,False,0,False
108.72982,3.306,3.208,2.512,2.387,23.398,20,18,1,2911618.2,72,72,73,72,100,100,98,98,20.055,20.039,22.126,22.096,709.404,99991,0,0,617,5534,12,2,0,0,0,28,23,14,20,14,7,False,0,False
109.23743,3.322,3.222,2.529,2.401,23.398,20,18,1,2928308.2,77,75,79,75,100,100,98,98,20.06,20.043,22.132,22.102,723.904,99991,0,0,617,5534,12,2,0,0,0,28,23,14,20,14,7,False,0,False
109.73993,3.34,3.237,2.562,2.424,23.398,20,18,1,2940045.5,80,77,90,81,100,100,98,98,20.067,20.049,22.143,22.11,734.399,99991,0,0,617,5533,12,2,0,0,0,28,23,14,20,14,7,False,0,False
110.240204,3.346,3.241,2.585,2.441,23.398,20,18,1,2946597.2,77,74,92,83,100,100,99,98,20.074,20.055,22.156,22.12,746.521,99991,0,0,617,5533,12,2,0,0,0,28,23,14,20,14,7,False,0,False
110.73786,3.354,3.249,2.6,2.45,23.395,20,18,1,2951219.8,76,74,90,79,100,100,99,98,20.08,20.059,22.169,22.129,758.137,99991,0,0,483,5533,12,2,0,0,0,28,23,14,20,14,7,False,0,False
111.233536,3.361,3.255,2.605,2.454,23.391,20,18,1,2956301.2,75,73,83,75,100,100,99,98,20.085,20.063,22.179,22.136,768.168,99991,0,0,483,5533,12,2,0,0,0,28,23,14,20,14,7,False,0,False
111.7388,3.368,3.263,2.607,2.456,23.384,20,18,1,2961114.5,74,73,76,72,101,100,99,98,20.089,20.067,22.186,22.141,779.798,99991,0,0,483,5634,12,2,0,0,0,28,23,14,20,14,7,False,0,False
112.23715,3.387,3.287,2.608,2.457,23.375,20,18,1,2964674.2,81,81,72,70,101,100,99,99,20.094,20.072,22.19,22.144,793.605,99991,0,0,483,5634,12,2,0,0,0,28,23,14,20,14,7,False,0,False
112.73999,3.397,3.297,2.613,2.463,23.367,20,18,1,2974776,76,77,71,73,101,100,99,99,20.1,20.077,22.193,22.147,809.955,99991,0,0,450,5634,12,2,0,0,0,28,23,14,20,14,7,False,0,False
113.23679,3.409,3.311,2.623,2.477,23.36,20,18,1,2981039.2,75,76,72,76,101,100,99,99,20.103,20.082,22.196,22.151,827.579,99991,0,0,450,5567,12,2,0,0,0,28,23,14,20,14,7,False,0,False
113.737076,3.424,3.329,2.636,2.492,23.351,20,18,1,2987387.2,76,79,74,78,101,101,99,99,20.107,20.087,22.198,22.156,851.181,99991,0,0,383,5567,12,2,0,0,0,28,23,14,20,14,7,False,0,False
114.23591,3.438,3.345,2.643,2.499,23.341,20,18,1,2993522.5,74,77,72,74,101,101,99,99,20.11,20.091,22.2,22.159,872.882,99991,0,0,383,5567,12,2,0,0,0,28,23,14,20,14,7,False,0,False
114.73612,3.455,3.361,2.648,2.504,23.329,20,18,1,2994134.5,75,77,71,71,101,101,99,99,20.112,20.095,22.201,22.161,895.11,99991,0,0,383,5650,12,2,0,0,0,28,23,14,20,14,7,False,0,False
115.23921,3.473,3.381,2.652,2.507,23.316,20,18,1,2994141.2,75,75,69,72,101,101,99,99,20.114,20.098,22.201,22.162,920.285,99991,0,0,334,5600,12,2,0,0,0,28,23,14,20,14,7,False,0,False
115.73677,3.488,3.397,2.656,2.511,23.302,20,18,1,2987983.2,74,73,70,70,101,101,99,99,20.116,20.1,22.2,22.161,948.643,99991,0,0,334,5600,12,2,0,0,0,28,23,14,20,14,7,False,0,False
116.23483,3.516,3.421,2.67,2.523,23.288,20,18,1,2981128.5,77,76,75,72,101,101,99,99,20.118,20.102,22.2,22.16,979.396,99991,0,0,267,5467,12,2,0,0,0,28,23,14,20,14,7,False,0,False
116.74039,3.532,3.435,2.677,2.53,23.276,20,18,1,2978715,74,72,73,71,101,101,99,99,20.12,20.102,22.2,22.159,1009.864,99991,0,0,267,5434,12,2,0,0,0,28,23,14,20,14,7,False,0,False
117.239746,3.543,3.443,2.679,2.533,23.262,20,18,1,2970225.8,72,71,70,70,101,101,99,99,20.12,20.101,22.198,22.157,1042.035,99991,0,0,217,5434,12,2,0,0,0,28,23,14,20,14,7,False,0,False
117.74013,3.552,3.451,2.68,2.534,23.248,20,18,1,2961585.8,72,71,70,69,101,101,99,99,20.119,20.1,22.195,22.154,1075.858,99991,0,0,200,5416,12,2,0,0,0,28,23,14,20,14,7,False,0,False
118.23864,3.559,3.457,2.68,2.534,23.235,20,18,1,2958341.2,71,71,70,69,101,101,99,99,20.117,20.098,22.191,22.15,1111.083,99991,0,0,200,5416,12,2,0,0,0,28,23,14,20,14,7,False,0,False
118.73446,3.565,3.464,2.68,2.534,23.222,20,18,1,2949701.2,71,71,70,70,101,101,99,99,20.114,20.096,22.187,22.146,1147.431,99991,0,0,200,5517,12,2,0,0,0,28,23,14,20,14,7,False,0,False
119.73995,3.577,3.476,2.68,2.534,23.194,20,18,1,2932421.2,72,71,70,70,101,101,99,98,20.109,20.09,22.177,22.137,1223.438,99991,0,0,183,5517,12,2,0,0,0,28,23,14,20,14,7,False,0,False
120.23527,3.583,3.481,2.68,2.534,23.18,20,18,1,2923781.2,72,71,70,70,101,101,99,98,20.106,20.087,22.171,22.132,1262.874,99991,0,0,167,5417,12,2,0,0,0,28,23,14,20,14,7,False,0,False
120.73602,3.588,3.487,2.681,2.534,23.167,20,18,1,2920510.8,72,72,71,71,101,100,99,98,20.102,20.084,22.165,22.126,1303.054,99991,0,0,167,5417,12,2,0,0,0,28,23,14,20,14,7,False,0,False
121.234314,3.594,3.494,2.682,2.535,23.154,20,18,1,2911870.8,72,72,71,71,101,100,99,98,20.098,20.08,22.159,22.12,1343.789,99991,0,0,167,5417,12,2,0,0,0,28,23,14,20,14,7,False,0,False
121.734985,3.599,3.501,2.683,2.535,23.14,20,18,1,2903230.8,72,72,71,71,101,100,99,98,20.093,20.076,22.152,22.114,1385.086,99991,0,0,167,5450,12,2,0,0,0,28,23,14,20,14,7,False,0,False
122.236,3.613,3.516,2.7,2.552,23.132,20,18,1,2920333.8,73,73,76,76,101,100,99,98,20.09,20.073,22.148,22.11,1425.28,99991,0,0,167,5450,12,2,0,0,0,28,23,14,20,14,7,False,0,False
122.734886,3.638,3.539,2.727,2.584,23.13,20,18,1,2950870.5,75,75,77,78,101,100,99,98,20.092,20.075,22.153,22.115,1457.182,99991,0,0,150,5450,12,2,0,0,0,28,23,14,20,14,7,False,0,False
123.23675,3.649,3.552,2.733,2.591,23.129,20,18,1,2977114.2,72,72,73,73,101,100,99,98,20.095,20.078,22.158,22.121,1482.259,99991,0,0,150,5450,12,2,0,0,0,28,23,14,20,14,7,False,0,False
123.736984,3.664,3.564,2.752,2.608,23.129,20,18,1,3000246.5,75,72,79,76,101,100,99,98,20.098,20.081,22.164,22.126,1502.387,99991,0,0,150,5534,12,2,0,0,0,28,23,14,20,14,7,False,0,False
124.23664,3.685,3.579,2.788,2.635,23.129,20,18,1,3018932.5,79,75,89,81,101,100,99,98,20.104,20.085,22.174,22.134,1517.936,99991,0,0,184,5534,12,2,0,0,0,28,23,14,20,14,7,False,0,False
124.73975,3.703,3.591,2.821,2.665,23.126,20,18,1,3026440.5,81,74,91,86,101,101,99,98,20.111,20.089,22.185,22.143,1537.666,99991,0,0,184,5633,12,2,0,0,0,28,23,14,20,14,7,False,0,False
125.234505,3.726,3.609,2.848,2.683,23.121,20,18,1,3033803,82,77,89,82,101,101,99,99,20.118,20.093,22.196,22.152,1562.371,99991,0,0,216,5633,12,2,0,0,0,28,23,14,20,14,7,False,0,False
125.73603,3.743,3.623,2.867,2.697,23.115,20,18,1,3041282.2,81,76,85,78,101,101,100,99,20.125,20.098,22.206,22.158,1580.144,99991,0,0,216,5633,12,2,0,0,0,28,23,14,20,14,7,False,0,False
126.23545,3.761,3.64,2.876,2.705,23.106,20,18,1,3048987.8,80,77,79,74,101,101,100,99,20.131,20.102,22.213,22.163,1598.298,99991,0,0,216,5633,12,2,0,0,0,28,23,14,20,14,7,False,0,False
127.231,3.799,3.679,2.886,2.715,23.082,20,18,1,3063250,79,78,72,70,102,101,100,99,20.141,20.111,22.219,22.168,1638.676,99991,0,0,266,5483,12,2,0,0,0,28,23,14,20,14,7,False,0,False
127.73085,3.817,3.697,2.888,2.717,23.069,20,18,1,3058428.5,76,75,70,69,102,101,100,99,20.145,20.114,22.22,22.168,1662.988,99991,0,0,266,5483,12,2,0,0,0,28,23,14,20,14,7,False,0,False
128.23637,3.83,3.711,2.888,2.718,23.056,20,18,1,3057950,74,72,69,68,102,101,100,99,20.146,20.116,22.219,22.167,1689.99,99991,0,0,167,5483,12,2,0,0,0,28,23,14,20,14,7,False,0,False
128.73128,3.841,3.721,2.889,2.719,23.042,20,18,1,3050928.8,72,73,70,70,102,101,100,99,20.147,20.116,22.218,22.166,1719.148,99991,0,0,167,5483,12,2,0,0,0,28,23,14,20,14,7,False,0,False
129.23776,3.855,3.738,2.898,2.727,23.029,20,18,1,3048555.8,73,75,71,73,102,101,100,99,20.147,20.117,22.217,22.166,1750.054,99991,0,0,117,5400,12,2,0,0,0,28,23,14,20,14,7,False,0,False
129.7382,3.871,3.758,2.912,2.741,23.015,20,18,1,3040006.5,73,75,72,74,102,101,100,99,20.147,20.118,22.216,22.165,1782.531,99991,0,0,100,5367,12,2,0,0,0,28,23,14,20,14,7,False,0,False
130.2381,3.891,3.784,2.931,2.759,23.001,20,18,1,3031366.5,74,77,74,75,102,101,100,99,20.146,20.12,22.214,22.165,1817.245,99991,30046,0,100,5367,12,2,0,0,0,28,23,14,20,14,7,False,0,False
130.7354,3.91,3.796,2.94,2.768,22.996,20,18,1,3051257.8,74,70,72,72,102,101,100,99,20.146,20.12,22.213,22.164,1852.204,99991,30046,0,100,5350,12,2,0,0,0,28,23,14,20,14,7,False,0,False
131.23685,3.947,3.824,2.997,2.816,22.995,20,18,1,3081223,83,78,91,84,102,101,100,99,20.149,20.121,22.217,22.166,1880.452,99991,30046,0,100,5350,12,2,0,0,0,28,23,14,20,14,7,False,0,False
131.7326,3.991,3.859,3.08,2.883,22.995,20,18,1,3103945,85,79,101,92,102,101,100,99,20.156,20.126,22.229,22.175,1904.9,99991,30046,0,83,5333,12,2,0,0,0,28,23,14,20,14,7,False,0,False
132.2292,4.024,3.886,3.127,2.92,22.985,20,18,1,3110464.2,85,80,92,85,102,101,100,99,20.163,20.131,22.241,22.184,1928.49,99991,30046,0,83,5333,12,2,0,0,0,28,23,14,20,14,7,False,0,False
132.73952,4.058,3.914,3.155,2.942,22.974,20,18,1,3116971,83,78,84,78,102,101,100,99,20.17,20.136,22.247,22.188,1952.53,99991,30046,0,150,5333,12,2,0,0,0,28,23,14,20,14,7,False,0,False
133.23524,4.08,3.932,3.164,2.95,22.963,20,18,1,3124690,77,74,74,72,102,101,100,99,20.174,20.138,22.25,22.19,1977.742,99991,30046,0,150,5617,12,2,0,0,0,28,23,14,20,14,7,False,0,False
133.7381,4.1,3.956,3.183,2.974,22.951,20,18,1,3126144.5,75,77,75,79,102,102,100,99,20.176,20.14,22.25,22.191,2005.543,99991,30046,0,333,5617,12,2,0,0,0,28,23,14,20,14,7,False,0,False
134.23804,4.127,3.993,3.226,3.031,22.942,20,18,1,3131754.2,78,81,81,91,102,102,100,99,20.177,20.144,22.251,22.195,2035.824,99991,30046,0,366,5617,12,2,0,0,0,28,23,14,20,14,7,False,0,False
134.738,4.164,4.038,3.274,3.091,22.931,20,18,1,3136458.2,80,84,82,90,102,102,100,99,20.179,20.149,22.254,22.201,2064.914,99991,30046,0,366,5617,12,2,0,0,0,28,23,14,20,14,7,False,0,False
135.23784,4.196,4.076,3.299,3.12,22.918,20,18,1,3135541.5,77,80,76,79,102,102,100,100,20.182,20.153,22.255,22.205,2093.483,99991,30046,0,433,5766,12,2,0,0,0,28,23,14,20,14,7,False,0,False
135.7387,4.211,4.095,3.307,3.128,22.905,20,18,1,3133191.2,73,75,72,72,102,102,100,100,20.181,20.154,22.253,22.204,2124.279,99991,30046,0,433,5766,12,2,0,0,0,28,23,14,20,14,7,False,0,False
136.23691,4.22,4.106,3.311,3.131,22.891,20,18,1,3124659,72,74,72,72,102,102,100,99,20.179,20.154,22.25,22.201,2156.667,99991,30046,0,500,5766,12,2,0,0,0,28,23,14,20,14,7,False,0,False
136.7345,4.234,4.122,3.331,3.149,22.882,20,18,1,3137489.2,74,75,77,77,102,102,100,99,20.178,20.153,22.248,22.199,2188.74,99991,30046,0,500,5900,12,2,0,0,0,28,23,14,20,14,7,False,0,False
137.23563,4.255,4.143,3.356,3.173,22.881,20,18,1,3163201.5,76,76,78,78,102,102,100,100,20.18,20.156,22.253,22.205,2213.21,99991,30046,0,550,5900,12,2,0,0,0,28,23,14,20,14,7,False,0,False
137.73444,4.259,4.147,3.359,3.177,22.881,20,18,1,3184554.8,71,71,74,73,102,102,100,100,20.183,20.159,22.258,22.21,2232.109,99991,30046,0,550,6034,12,2,0,0,0,28,23,14,20,14,7,False,0,False
138.23495,4.268,4.153,3.372,3.189,22.881,20,18,1,3202007.5,74,70,78,75,102,102,101,100,20.184,20.16,22.263,22.214,2248.672,99991,30046,0,550,6034,12,2,0,0,0,28,23,14,20,14,7,False,0,False
138.73439,4.282,4.163,3.405,3.212,22.881,20,18,1,3215780,77,72,88,81,102,102,101,100,20.188,20.162,22.27,22.219,2261.583,99991,30046,0,550,6034,12,2,0,0,0,28,23,14,20,14,7,False,0,False
139.2378,4.291,4.17,3.443,3.237,22.881,20,18,1,3224857.2,75,72,97,85,102,102,101,100,20.192,20.164,22.282,22.227,2273.856,99991,30046,0,517,6034,12,2,0,0,0,28,23,14,20,14,7,False,0,False
139.73734,4.302,4.18,3.468,3.255,22.877,20,18,1,3230616.5,77,74,95,84,103,102,101,100,20.195,20.166,22.295,22.235,2289.482,99991,30046,0,517,6116,12,2,0,0,0,28,23,14,20,14,7,False,0,False
140.23375,4.317,4.191,3.481,3.265,22.872,20,18,1,3236756.8,80,75,89,80,103,102,101,100,20.2,20.169,22.305,22.242,2302.657,99991,30046,0,517,6116,12,2,0,0,0,28,23,14,20,14,7,False,0,False
140.73686,4.328,4.2,3.491,3.273,22.867,20,18,1,3243321.8,78,74,83,76,103,102,101,100,20.205,20.172,22.312,22.247,2315.268,99991,30046,0,383,6116,12,2,0,0,0,28,23,14,20,14,7,False,0,False
141.23283,4.338,4.209,3.496,3.278,22.86,20,18,1,3250448.5,77,73,78,73,103,102,101,100,20.208,20.174,22.317,22.25,2328.901,99991,30046,0,383,6116,12,2,0,0,0,28,23,14,20,14,7,False,0,False
141.73378,4.35,4.22,3.499,3.281,22.85,20,18,1,3257973.5,76,75,74,70,103,102,101,100,20.211,20.176,22.32,22.251,2344.579,99991,30046,0,383,6116,12,2,0,0,0,28,23,14,20,14,7,False,0,False
142.23848,4.363,4.233,3.5,3.281,22.839,20,18,1,3263898.2,76,75,70,69,103,102,101,100,20.213,20.178,22.32,22.251,2363.397,99991,30046,0,433,6200,12,2,0,0,0,28,23,14,20,14,7,False,0,False
142.73198,4.386,4.261,3.5,3.281,22.826,20,18,1,3258057.2,79,79,69,69,103,102,101,100,20.216,20.181,22.319,22.25,2384.97,99991,30046,0,433,6200,12,2,0,0,0,28,23,14,20,14,7,False,0,False
143.2371,4.401,4.278,3.5,3.281,22.812,20,18,1,3225122.2,76,76,69,69,103,102,101,100,20.218,20.184,22.317,22.249,2409.494,99991,30046,0,433,6200,12,2,0,0,0,28,23,14,20,14,7,False,0,False
143.73338,4.414,4.292,3.5,3.281,22.799,20,18,1,3189719.2,74,73,69,69,103,102,101,100,20.219,20.184,22.315,22.247,2436.562,99991,30046,0,417,6200,12,2,0,0,0,28,23,14,20,14,7,False,0,False
144.2335,4.425,4.303,3.5,3.281,22.787,20,18,1,3149505,73,72,69,69,103,102,101,100,20.219,20.184,22.312,22.245,2466.065,99991,30046,0,400,6200,12,2,0,0,0,28,23,14,20,14,7,False,0,False
145.23732,4.44,4.318,3.5,3.281,22.759,20,18,1,3132756.5,71,72,70,70,103,102,101,100,20.215,20.181,22.305,22.239,2530.235,99991,30046,0,384,6200,12,2,0,0,0,28,23,14,20,14,7,False,0,False
145.73755,4.449,4.33,3.505,3.286,22.745,20,18,1,3124116.5,72,73,71,72,103,102,101,100,20.213,20.179,22.301,22.235,2564.697,99991,30046,0,384,6150,12,2,0,0,0,28,23,14,20,14,7,False,0,False
146.23135,4.474,4.361,3.536,3.318,22.733,20,18,1,3120932,76,79,77,80,103,102,101,100,20.211,20.178,22.298,22.233,2600.162,99991,30046,0,366,6150,12,2,0,0,0,28,23,14,20,14,7,False,0,False
146.73857,4.511,4.406,3.583,3.367,22.722,20,18,1,3125614.8,77,80,81,83,103,102,101,100,20.21,20.18,22.297,22.234,2635.653,99991,30046,0,350,6150,12,2,0,0,0,28,23,14,20,14,7,False,0,False
147.23582,4.543,4.445,3.622,3.405,22.72,20,18,1,3153618.5,78,81,81,83,103,102,101,100,20.212,20.184,22.3,22.239,2667.133,99991,30046,0,350,6133,12,2,0,0,0,28,23,14,20,14,7,False,0,False
147.73915,4.565,4.469,3.641,3.423,22.719,20,18,1,3178071.5,76,78,77,79,103,102,101,100,20.216,20.189,22.306,22.246,2690.624,99991,30046,0,350,6133,12,2,0,0,0,28,23,14,20,14,7,False,0,False
148.23842,4.572,4.478,3.648,3.429,22.719,20,18,1,3198790.5,73,74,74,75,103,103,101,100,20.219,20.193,22.31,22.251,2708.333,99991,30046,0,350,6166,12,2,0,0,0,28,23,14,20,14,7,False,0,False
148.72983,4.577,4.484,3.653,3.434,22.719,20,18,1,3215096.5,71,73,73,75,103,103,101,100,20.22,20.196,22.314,22.256,2722.615,99991,30046,0,350,6166,12,2,0,0,0,28,23,14,20,14,7,False,0,False
149.23538,4.583,4.492,3.666,3.451,22.719,20,18,1,3226014.5,71,74,76,80,103,103,101,100,20.222,20.199,22.318,22.261,2733.604,99991,30046,0,350,6250,12,2,0,0,0,28,23,14,20,14,7,False,0,False
149.73544,4.59,4.5,3.677,3.471,22.717,20,18,1,3231117.2,72,74,76,85,103,103,102,101,20.223,20.202,22.322,22.269,2743.231,99991,30046,0,300,6250,12,2,0,0,0,28,23,14,20,14,7,False,0,False
150.23741,4.597,4.508,3.687,3.486,22.714,20,18,1,3236481,73,75,77,86,103,103,102,101,20.225,20.205,22.327,22.278,2764.192,99991,30046,0,300,6250,12,2,0,0,0,28,23,14,20,14,7,False,0,False
151.23668,4.619,4.532,3.697,3.498,22.702,20,18,1,3249133.5,75,77,72,76,103,103,102,101,20.231,20.214,22.333,22.29,2787.833,99991,30046,0,300,6467,12,2,0,0,0,28,23,14,20,14,7,False,0,False
151.7355,4.63,4.542,3.699,3.499,22.692,20,18,1,3255063.8,75,76,70,72,103,103,102,101,20.233,20.217,22.334,22.293,2803.203,99991,30046,0,367,6467,12,2,0,0,0,28,23,14,20,14,7,False,0,False
152.23216,4.651,4.563,3.699,3.499,22.68,20,18,1,3259659.5,79,79,69,70,103,103,102,101,20.236,20.221,22.334,22.294,2821.091,99991,30046,0,367,6467,12,2,0,0,0,28,23,14,20,14,7,False,0,False
152.73337,4.675,4.586,3.699,3.499,22.668,20,18,1,3263644.5,78,78,68,69,103,103,102,101,20.241,20.225,22.333,22.293,2841.867,99991,30046,0,367,6383,12,2,0,0,0,28,23,14,20,14,7,False,0,False
153.23146,4.688,4.599,3.699,3.499,22.654,20,18,1,3259122.2,75,75,69,69,103,103,102,101,20.243,20.228,22.331,22.292,2865.455,99991,30046,0,283,6383,12,2,0,0,0,28,23,14,20,14,7,False,0,False
153.73788,4.699,4.61,3.699,3.499,22.642,20,18,1,3258888,73,73,69,69,103,103,102,101,20.244,20.228,22.329,22.291,2891.648,99991,30046,0,283,6383,12,2,0,0,0,28,23,14,20,14,7,False,0,False
154.2333,4.708,4.619,3.699,3.499,22.628,20,18,1,3252136,72,72,70,70,103,103,102,101,20.243,20.228,22.327,22.289,2920.097,99991,30046,0,233,6350,12,2,0,0,0,28,23,14,20,14,7,False,0,False
154.73451,4.715,4.626,3.699,3.499,22.615,20,18,1,3249940.2,72,72,70,70,103,103,102,101,20.242,20.227,22.324,22.286,2950.572,99991,30046,0,233,6317,12,2,0,0,0,28,23,14,20,14,7,False,0,False
155.2347,4.723,4.634,3.699,3.499,22.601,20,18,1,3241500,72,72,70,70,103,103,101,101,20.241,20.226,22.321,22.284,2982.699,99991,30046,0,217,6317,12,2,0,0,0,28,23,14,20,14,7,False,0,False
155.73428,4.73,4.641,3.699,3.499,22.587,20,18,1,3232860,72,72,70,70,103,103,101,101,20.239,20.224,22.318,22.28,3016.482,99991,30046,0,200,6316,12,2,0,0,0,28,23,14,20,14,7,False,0,False
156.23306,4.736,4.648,3.699,3.499,22.575,20,18,1,3229664.5,72,72,70,70,103,103,101,101,20.236,20.222,22.313,22.276,3051.72,99991,30046,0,200,6316,12,2,0,0,0,28,23,14,20,14,7,False,0,False
156.73677,4.742,4.654,3.699,3.499,22.561,20,18,1,3221024.5,72,72,70,70,103,103,101,101,20.234,20.219,22.309,22.272,3088.076,99991,30046,0,200,6316,12,2,0,0,0,28,23,14,20,14,7,False,0,False
157.23683,4.748,4.66,3.699,3.499,22.547,20,18,1,3212384.5,72,72,70,71,103,103,101,101,20.231,20.216,22.304,22.267,3125.557,99991,30046,0,183,6283,12,2,0,0,0,28,23,14,20,14,7,False,0,False
157.72937,4.754,4.666,3.699,3.499,22.533,20,18,1,3203744.5,72,72,71,71,103,103,101,100,20.227,20.213,22.298,22.262,3164.06,99991,30046,0,183,6283,12,2,0,0,0,28,23,14,20,14,7,False,0,False
158.23357,4.76,4.672,3.699,3.499,22.519,20,18,1,3195104.5,72,72,71,71,103,103,101,100,20.223,20.209,22.292,22.256,3203.474,99991,30046,0,200,6284,12,2,0,0,0,28,23,14,20,14,7,False,0,False
158.7325,4.766,4.677,3.699,3.499,22.507,20,18,1,3191824.5,72,72,71,71,103,103,101,100,20.219,20.205,22.286,22.25,3243.629,99991,30046,0,183,6284,12,2,0,0,0,28,23,14,20,14,7,False,0,False
159.23535,4.771,4.682,3.699,3.499,22.493,20,18,1,3183184.5,72,72,71,71,103,103,101,100,20.214,20.201,22.279,22.243,3284.355,99991,30046,0,183,6250,12,2,0,0,0,28,23,14,20,14,7,False,0,False
159.73122,4.777,4.688,3.699,3.499,22.479,20,18,1,3174544.5,73,72,71,71,103,103,101,100,20.21,20.196,22.272,22.236,3325.693,99991,30046,0,183,6250,12,2,0,0,0,28,23,14,20,14,7,False,0,False
160.23065,4.789,4.699,3.715,3.515,22.469,20,18,1,3188749.5,74,74,76,76,103,102,101,100,20.206,20.192,22.267,22.232,3366.187,99991,30046,0,150,6216,12,2,0,0,0,28,23,14,20,14,7,False,0,False
160.73474,4.804,4.714,3.73,3.531,22.468,20,18,1,3220704,72,73,74,74,103,102,101,100,20.206,20.192,22.27,22.235,3399.021,99991,30046,0,167,6217,12,2,0,0,0,28,23,14,20,14,7,False,0,False
161.23396,4.818,4.732,3.749,3.55,22.468,20,18,1,3247929.2,72,76,77,78,103,103,101,100,20.207,20.194,22.274,22.24,3425.464,99991,30046,0,167,6217,12,2,0,0,0,28,23,14,20,14,7,False,0,False
161.73503,4.84,4.763,3.793,3.607,22.467,20,18,1,3265296.8,76,81,85,93,103,103,101,100,20.21,20.2,22.281,22.249,3447.349,99991,30046,0,167,6317,12,2,0,0,0,28,23,14,20,14,7,False,0,False
162.23438,4.86,4.789,3.838,3.67,22.461,20,18,1,3272395,77,81,88,99,103,103,101,100,20.213,20.205,22.29,22.262,3470.755,99991,30046,0,234,6383,12,2,0,0,0,28,23,14,20,14,7,False,0,False
162.7344,4.887,4.823,3.877,3.718,22.453,20,18,1,3279207.5,79,85,87,94,103,103,101,101,20.217,20.212,22.298,22.274,3495.638,99991,30046,0,234,6383,12,2,0,0,0,28,23,14,20,14,7,False,0,False
163.23419,4.912,4.854,3.905,3.753,22.444,20,18,1,3285924.2,79,84,81,88,103,103,101,101,20.221,20.219,22.305,22.284,3517.73,99991,30046,0,283,6383,12,2,0,0,0,28,23,14,20,14,7,False,0,False
163.73701,4.936,4.884,3.928,3.78,22.433,20,18,1,3292273.5,78,83,79,83,103,103,101,101,20.224,20.224,22.309,22.291,3540.304,99991,30046,0,283,6384,12,2,0,0,0,28,23,14,20,14,7,False,0,False
164.23567,4.964,4.916,3.947,3.801,22.421,20,18,1,3294539,79,83,77,80,103,103,101,101,20.227,20.229,22.312,22.295,3564.144,99991,30046,0,300,6384,12,2,0,0,0,28,23,14,20,14,7,False,0,False
164.73459,5.006,4.966,3.977,3.833,22.408,20,18,1,3294474.5,84,89,80,83,103,103,101,101,20.231,20.235,22.314,22.298,3589.675,99991,30046,0,300,6400,12,2,0,0,0,28,23,14,20,14,7,False,0,False
165.23724,5.087,5.061,4.017,3.88,22.394,20,18,1,3289028.8,95,102,82,87,103,103,101,101,20.238,20.245,22.317,22.303,3616.693,99991,30046,0,300,6400,12,2,0,0,0,28,23,14,20,14,7,False,0,False
165.73608,5.144,5.128,4.028,3.89,22.38,20,18,1,3283866,79,83,75,76,104,104,101,101,20.247,20.257,22.317,22.305,3645.267,99991,30046,0,300,6400,12,2,0,0,0,28,23,14,20,14,7,False,0,False
166.23242,5.167,5.156,4.047,3.908,22.367,20,18,1,3276082.5,75,79,75,75,104,104,101,101,20.247,20.26,22.316,22.304,3676.261,99991,30046,0,300,6400,12,2,0,0,0,28,23,14,20,14,7,False,0,False
166.73483,5.178,5.169,4.051,3.911,22.354,20,18,1,3273234.2,72,73,71,70,103,104,101,101,20.245,20.259,22.314,22.302,3708.892,99991,30046,0,300,6416,12,2,0,0,0,28,23,14,20,14,7,False,0,False
167.23315,5.191,5.18,4.058,3.919,22.34,20,18,1,3264594.2,74,73,74,72,103,104,101,101,20.243,20.257,22.311,22.299,3742.494,99991,30046,0,333,6416,12,2,0,0,0,28,23,14,20,14,7,False,0,False
167.73708,5.232,5.214,4.103,3.96,22.326,20,18,1,3255954.2,82,78,83,80,103,104,101,101,20.243,20.256,22.31,22.297,3776.557,99991,30046,0,333,6450,12,2,0,0,0,28,23,14,20,14,7,False,0,False
168.23715,5.291,5.263,4.177,4.026,22.312,20,18,1,3247314.2,86,82,91,85,103,104,101,101,20.246,20.256,22.312,22.297,3812.063,99991,30046,0,333,6450,12,2,0,0,0,28,23,14,20,14,7,False,0,False
168.73334,5.355,5.316,4.261,4.1,22.299,20,18,1,3241418.5,86,81,92,86,104,104,101,101,20.249,20.257,22.315,22.298,3848.666,99991,30046,0,367,6467,12,2,0,0,0,28,23,14,20,14,7,False,0,False
169.2342,5.418,5.369,4.342,4.171,22.286,20,18,1,3235471.5,85,81,90,85,104,104,101,101,20.251,20.257,22.318,22.298,3885.463,99991,30046,0,367,6467,12,2,0,0,0,28,23,14,20,14,7,False,0,False
169.73358,5.468,5.409,4.397,4.222,22.272,20,18,1,3226831.5,82,78,84,80,104,104,101,101,20.252,20.256,22.318,22.297,3922.25,99991,30046,0,366,6483,12,2,0,0,0,28,23,14,20,14,7,False,0,False
170.23503,5.515,5.448,4.448,4.269,22.259,20,18,1,3218191.5,82,78,83,80,104,104,101,101,20.252,20.254,22.316,22.294,3958.193,99991,30046,0,366,6483,12,2,0,0,0,28,23,14,20,14,7,False,0,False
170.73538,5.557,5.482,4.486,4.304,22.245,20,18,1,3209551.5,78,76,77,74,104,104,101,101,20.251,20.251,22.314,22.29,3994.735,99991,30046,0,367,6467,12,2,0,0,0,28,23,14,20,14,7,False,0,False
171.2348,5.57,5.495,4.498,4.316,22.235,20,18,1,3218069.8,74,74,75,75,104,104,101,101,20.247,20.247,22.309,22.285,4031.483,99991,30046,40830,367,6467,12,2,0,0,0,28,23,14,20,14,7,False,0,False
171.73564,5.582,5.506,4.509,4.327,22.234,20,18,1,3249006,74,72,75,74,103,103,101,101,20.245,20.245,22.309,22.285,4062.153,99991,30046,40830,367,6467,12,2,0,0,0,28,23,14,20,14,7,False,0,False
172.2361,5.612,5.528,4.557,4.369,22.234,20,18,1,3273502.5,81,76,89,83,104,103,101,101,20.247,20.245,22.313,22.288,4087.515,99991,30046,40830,367,6517,12,2,0,0,0,28,23,14,20,14,7,False,0,False
172.73453,5.648,5.554,4.627,4.424,22.234,20,18,1,3296727.2,83,78,99,90,104,104,102,101,20.252,20.247,22.324,22.296,4109.851,99991,30046,40830,417,6517,12,2,0,0,0,28,23,14,20,14,7,False,0,False
173.22939,5.67,5.57,4.687,4.469,22.234,20,18,1,3312687.5,80,75,102,91,104,104,102,101,20.257,20.249,22.337,22.305,4129.578,99991,30046,40830,417,6516,12,2,0,0,0,28,23,14,20,14,7,False,0,False
173.73378,5.691,5.587,4.74,4.505,22.228,20,18,1,3319341.5,81,77,101,88,104,104,102,101,20.26,20.251,22.349,22.312,4150.492,99991,30046,40830,383,6516,12,2,0,0,0,28,23,14,20,14,7,False,0,False
174.23041,5.717,5.609,4.771,4.528,22.22,20,18,1,3325833.5,83,79,91,82,104,104,102,101,20.264,20.253,22.359,22.318,4170.988,99991,30046,40830,383,6617,12,2,0,0,0,28,23,14,20,14,7,False,0,False
175.23575,5.766,5.654,4.798,4.552,22.197,20,18,1,3331607,82,80,77,73,104,104,102,102,20.272,20.257,22.367,22.322,4212.948,99991,30046,40830,450,6617,12,2,0,0,0,28,23,14,20,14,7,False,0,False
175.73595,5.786,5.673,4.8,4.554,22.184,20,18,1,3316200.8,77,75,72,71,104,104,102,101,20.274,20.258,22.367,22.32,4237.886,99991,30046,40830,450,6683,12,2,0,0,0,28,23,14,20,14,7,False,0,False
176.23622,5.799,5.686,4.8,4.554,22.17,20,18,1,3273614.5,74,74,70,70,104,104,102,101,20.273,20.258,22.364,22.318,4265.52,99991,30046,40830,500,6683,12,2,0,0,0,28,23,14,20,14,7,False,0,False
176.73283,5.81,5.696,4.8,4.554,22.158,20,18,1,3228970,73,73,70,70,104,104,102,101,20.272,20.256,22.361,22.315,4295.595,99991,30046,40830,500,6683,12,2,0,0,0,28,23,14,20,14,7,False,0,False
177.2365,5.819,5.706,4.8,4.554,22.144,20,18,1,3172925.5,73,73,70,70,104,104,102,101,20.27,20.254,22.357,22.311,4327.691,99991,30046,40830,500,6700,12,2,0,0,0,28,23,14,20,14,7,False,0,False
177.73636,5.828,5.715,4.8,4.554,22.131,20,18,1,3120652.5,73,73,71,71,104,104,102,101,20.267,20.251,22.352,22.307,4361.734,99991,30046,40830,500,6700,12,2,0,0,0,28,23,14,20,14,7,False,0,False
178.23384,5.837,5.723,4.8,4.554,22.118,20,18,1,3063037.5,72,72,70,70,104,104,102,101,20.264,20.248,22.348,22.303,4397.253,99991,30046,40830,500,6700,12,2,0,0,0,28,23,14,20,14,7,False,0,False
178.72978,5.845,5.731,4.8,4.554,22.104,20,18,1,3005422.5,72,72,70,70,104,103,102,101,20.26,20.245,22.342,22.297,4434.273,99991,30046,40830,483,6700,12,2,0,0,0,28,23,14,20,14,7,False,0,False
179.23294,5.853,5.739,4.8,4.554,22.09,20,18,1,2960867.5,72,72,71,71,104,103,102,101,20.256,20.241,22.337,22.292,4472.659,99991,30046,40830,450,6667,12,2,0,0,0,28,23,14,20,14,7,False,0,False
179.73625,5.858,5.745,4.8,4.554,22.076,20,18,1,2952227.5,72,72,71,71,104,103,102,101,20.252,20.236,22.33,22.286,4512.041,99991,30046,40830,434,6667,12,2,0,0,0,28,23,14,20,14,7,False,0,False
180.23245,5.864,5.75,4.8,4.554,22.063,20,18,1,2948992.2,72,72,71,71,104,103,102,101,20.247,20.231,22.324,22.28,4552.228,99991,30046,40830,434,6600,12,2,0,0,0,28,23,14,20,14,7,False,0,False
180.73685,5.869,5.756,4.8,4.554,22.05,20,18,1,2940352.2,72,72,71,71,103,103,101,101,20.241,20.226,22.317,22.273,4592.994,99991,30046,40830,400,6600,12,2,0,0,0,28,23,14,20,14,7,False,0,False
181.23236,5.874,5.761,4.8,4.554,22.036,20,18,1,2931712.2,73,73,71,71,103,103,101,101,20.236,20.221,22.309,22.266,4634.412,99991,30046,40830,400,6600,12,2,0,0,0,28,23,14,20,14,7,False,0,False
181.73433,5.88,5.767,4.8,4.554,22.022,20,18,1,2923072.2,73,74,72,72,103,103,101,100,20.23,20.216,22.302,22.259,4676.426,99991,30046,40830,367,6567,12,2,0,0,0,28,23,14,20,14,7,False,0,False
182.23593,5.885,5.773,4.8,4.554,22.008,20,18,1,2914432.2,73,73,72,71,103,103,101,100,20.225,20.21,22.294,22.251,4718.968,99991,30046,40830,367,6567,12,2,0,0,0,28,23,14,20,14,7,False,0,False
182.73666,5.89,5.778,4.8,4.554,21.994,20,18,1,2905792.2,73,73,72,72,103,103,101,100,20.218,20.204,22.286,22.243,4761.966,99991,30046,40830,350,6533,12,2,0,0,0,28,23,14,20,14,7,False,0,False
183.23488,5.895,5.784,4.8,4.554,21.981,20,18,1,2897757.2,73,73,71,71,103,103,101,100,20.212,20.198,22.277,22.235,4805.355,99991,30046,40830,333,6533,12,2,0,0,0,28,23,14,20,14,7,False,0,False
183.73409,5.918,5.807,4.831,4.584,21.977,20,18,1,2931723.5,74,74,77,77,103,103,101,100,20.209,20.195,22.277,22.234,4844.142,99991,30046,40830,333,6500,12,2,0,0,0,28,23,14,20,14,7,False,0,False
184.23189,5.937,5.829,4.852,4.604,21.977,20,18,1,2961426.8,74,74,75,75,103,103,101,100,20.21,20.197,22.282,22.239,4874.017,99991,30046,40830,334,6550,12,2,0,0,0,28,23,14,20,14,7,False,0,False
184.73436,5.947,5.837,4.86,4.612,21.976,20,18,1,2986100.8,73,71,74,73,103,103,101,100,20.212,20.198,22.287,22.244,4897.929,99991,30046,40830,334,6550,12,2,0,0,0,28,23,14,20,14,7,False,0,False
185.23419,5.965,5.85,4.887,4.635,21.976,20,18,1,3007619.8,77,73,83,78,103,103,101,100,20.215,20.2,22.293,22.249,4917.581,99991,30046,40830,350,6550,12,2,0,0,0,28,23,14,20,14,7,False,0,False
185.73434,5.988,5.867,4.936,4.67,21.976,20,18,1,3021516.5,80,75,95,85,103,103,101,100,20.221,20.203,22.303,22.257,4934.388,99991,30046,40830,350,6567,12,2,0,0,0,28,23,14,20,14,7,False,0,False
186.23431,6.002,5.88,4.972,4.692,21.97,20,18,1,3027674,79,76,94,83,103,103,101,101,20.226,20.206,22.317,22.266,4956.417,99991,30046,40830,350,6567,12,2,0,0,0,28,23,14,20,14,7,False,0,False
186.73148,6.025,5.898,4.991,4.706,21.963,20,18,1,3033979.5,81,78,86,78,103,103,102,101,20.231,20.21,22.327,22.272,4972.853,99991,30046,40830,367,6567,12,2,0,0,0,28,23,14,20,14,7,False,0,False
187.22917,6.039,5.911,4.999,4.714,21.953,20,18,1,3038570.2,78,75,78,73,103,103,102,101,20.236,20.213,22.333,22.276,4991.355,99991,30046,40830,367,6633,12,2,0,0,0,28,23,14,20,14,7,False,0,False
187.73352,6.055,5.925,5.004,4.719,21.942,20,18,1,3040370.8,77,75,74,71,103,103,102,101,20.239,20.216,22.336,22.278,5011.523,99991,30046,40830,400,6633,12,2,0,0,0,28,23,14,20,14,7,False,0,False
188.23482,6.077,5.948,5.01,4.724,21.929,20,18,1,3021694,79,78,73,71,103,103,102,101,20.242,20.218,22.337,22.279,5033.791,99991,30046,40830,400,6633,12,2,0,0,0,28,23,14,20,14,7,False,0,False
188.73006,6.1,5.971,5.016,4.731,21.916,20,18,1,2989446.8,78,76,73,71,103,103,102,101,20.245,20.221,22.338,22.279,5059.015,99991,30046,40830,400,6683,12,2,0,0,0,28,23,14,20,14,7,False,0,False
189.23528,6.115,5.984,5.017,4.732,21.902,20,18,1,2943875.5,75,73,70,70,104,103,102,101,20.247,20.222,22.338,22.278,5087.466,99991,30046,40830,450,6683,12,2,0,0,0,28,23,14,20,14,7,False,0,False
189.73152,6.126,5.995,5.017,4.732,21.889,20,18,1,2896771.8,74,72,70,70,104,103,102,101,20.247,20.222,22.336,22.277,5118.369,99991,30046,40830,450,6683,12,2,0,0,0,28,23,14,20,14,7,False,0,False
190.22913,6.135,6.005,5.017,4.732,21.875,20,18,1,2839429,74,73,70,71,103,103,102,101,20.246,20.221,22.333,22.275,5151.259,99991,30046,40830,450,6683,12,2,0,0,0,28,23,14,20,14,7,False,0,False
190.73207,6.144,6.013,5.017,4.732,21.863,20,18,1,2787230,73,73,71,71,103,103,102,101,20.245,20.219,22.33,22.273,5185.99,99991,30046,40830,467,6684,12,2,0,0,0,28,23,14,20,14,7,False,0,False
191.23277,6.152,6.021,5.017,4.732,21.849,20,18,1,2729615,73,73,71,71,103,103,102,101,20.243,20.217,22.327,22.27,5222.24,99991,30046,40830,467,6667,12,2,0,0,0,28,23,14,20,14,7,False,0,False
191.73402,6.16,6.03,5.017,4.732,21.835,20,18,1,2672000,72,72,71,71,103,103,102,101,20.241,20.215,22.323,22.266,5259.957,99991,30046,40830,467,6633,12,2,0,0,0,28,23,14,20,14,7,False,0,False
192.2325,6.168,6.038,5.017,4.732,21.821,20,18,1,2614385,73,73,71,71,103,103,101,100,20.238,20.213,22.319,22.262,5298.968,99991,30046,40830,450,6633,12,2,0,0,0,28,23,14,20,14,7,False,0,False
192.73126,6.175,6.045,5.017,4.732,21.808,20,18,1,2571985.2,73,72,71,71,103,103,101,100,20.235,20.21,22.314,22.257,5339.088,99991,30046,40830,433,6600,12,2,0,0,0,28,23,14,20,14,7,False,0,False
193.22554,6.18,6.05,5.017,4.732,21.795,20,18,1,2563633.2,72,72,71,71,103,103,101,100,20.231,20.206,22.308,22.252,5378.463,99991,30046,40830,400,6600,12,2,0,0,0,28,23,14,20,14,7,False,0,False
193.73294,6.186,6.055,5.017,4.732,21.781,20,18,2,2554705.2,72,72,71,71,103,103,101,100,20.227,20.202,22.302,22.246,12.266,93578,0,0,400,6567,12,3,0,0,0,28,23,14,20,14,7,False,0,False
194.2295,6.191,6.06,5.017,4.732,21.767,20,18,2,2546065.2,73,72,71,71,103,103,101,100,20.222,20.198,22.296,22.24,54.201,93578,0,0,384,6534,12,3,0,0,0,28,23,14,20,14,7,False,0,False
194.7298,6.197,6.066,5.017,4.732,21.753,20,18,2,2537425.2,73,73,71,71,103,103,101,100,20.217,20.193,22.289,22.233,96.584,93578,0,0,350,6534,12,3,0,0,0,28,23,14,20,14,7,False,0,False
195.22894,6.202,6.071,5.017,4.732,21.739,20,18,2,2528785.2,72,72,71,71,103,102,101,100,20.212,20.188,22.281,22.226,139.434,93578,0,0,350,6500,12,3,0,0,0,28,23,14,20,14,7,False,0,False
195.73167,6.208,6.076,5.017,4.732,21.726,20,18,2,2520145.2,72,72,71,71,103,102,101,100,20.207,20.183,22.274,22.219,182.71,93578,0,0,350,6500,12,3,0,0,0,28,23,14,20,14,7,False,0,False
196.23427,6.213,6.082,5.017,4.732,21.712,20,18,2,2511505.2,73,73,71,71,103,102,101,100,20.201,20.177,22.265,22.211,226.364,93578,0,0,317,6434,12,3,0,0,0,28,23,14,20,14,7,False,0,False
196.7322,6.218,6.087,5.017,4.732,21.698,20,18,2,2502865.2,73,73,71,71,103,102,100,100,20.195,20.171,22.257,22.203,270.335,93578,0,0,317,6434,12,3,0,0,0,28,23,14,20,14,7,False,0,False
197.23286,6.224,6.092,5.017,4.732,21.684,20,18,2,2494225.2,72,72,71,71,102,102,100,99,20.188,20.165,22.248,22.195,314.586,93578,0,0,300,6434,12,3,0,0,0,28,23,14,20,14,7,False,0,False
197.73318,6.229,6.097,5.017,4.732,21.67,20,18,2,2485585.2,73,73,72,72,102,102,100,99,20.181,20.158,22.239,22.186,359.101,93578,0,0,284,6434,12,3,0,0,0,28,23,14,20,14,7,False,0,False
198.23236,6.234,6.103,5.017,4.732,21.657,20,18,2,2476945.2,72,72,71,71,102,102,100,99,20.175,20.151,22.23,22.177,403.816,93578,0,0,284,6350,12,3,0,0,0,28,23,14,20,14,7,False,0,False
198.73096,6.239,6.108,5.017,4.732,21.643,20,18,2,2468305.2,73,73,71,71,102,102,100,99,20.167,20.144,22.221,22.168,448.698,93578,0,0,266,6350,12,3,0,0,0,28,23,14,20,14,7,False,0,False
199.23236,6.245,6.113,5.017,4.732,21.629,20,18,2,2459697.2,73,72,71,71,102,101,100,99,20.16,20.137,22.211,22.159,493.747,93578,0,0,250,6350,12,3,0,0,0,28,23,14,20,14,7,False,0,False
199.73297,6.25,6.118,5.017,4.732,21.615,20,18,2,2451185.8,72,73,71,71,102,101,99,99,20.152,20.129,22.202,22.149,538.937,93578,0,0,233,6350,12,3,0,0,0,28,23,14,20,14,7,False,0,False
200.22908,6.258,6.127,5.025,4.739,21.603,20,18,2,2453242.8,74,75,75,74,102,101,99,98,20.144,20.122,22.192,22.14,583.973,93578,0,0,233,6216,12,3,0,0,0,28,23,14,20,14,7,False,0,False
200.73122,6.283,6.15,5.052,4.769,21.601,20,18,2,2488766.5,74,74,76,75,102,101,99,98,20.143,20.121,22.194,22.142,622.211,93578,0,0,233,6216,12,3,0,0,0,28,23,14,20,14,7,False,0,False
201.23099,6.296,6.163,5.061,4.778,21.6,20,18,2,2519047.5,72,72,73,72,102,101,99,99,20.144,20.122,22.199,22.147,652.457,93578,0,0,233,6200,12,3,0,0,0,28,23,14,20,14,7,False,0,False
201.73096,6.303,6.17,5.065,4.782,21.599,20,18,2,2544712.2,71,71,71,71,102,101,100,99,20.145,20.124,22.203,22.152,676.72,93578,0,0,233,6200,12,3,0,0,0,28,23,14,20,14,7,False,0,False
202.23183,6.309,6.175,5.067,4.785,21.599,20,18,2,2567064.8,70,70,71,70,102,101,100,99,20.147,20.126,22.207,22.156,696.375,93578,0,0,350,6333,12,3,0,0,0,28,23,14,20,14,7,False,0,False
202.73358,6.314,6.179,5.074,4.791,21.599,20,18,2,2584630.8,71,69,73,71,102,101,100,99,20.149,20.128,22.212,22.16,711.963,93578,0,0,350,6333,12,3,0,0,0,28,23,14,20,14,7,False,0,False
203.2326,6.324,6.186,5.086,4.8,21.599,20,18,2,2598473.5,73,70,76,72,102,101,100,99,20.152,20.13,22.217,22.165,723.968,93578,0,0,350,6534,12,3,0,0,0,28,23,14,20,14,7,False,0,False
203.72873,6.33,6.191,5.097,4.808,21.599,20,18,2,2608991.8,73,70,79,73,102,101,100,99,20.155,20.132,22.223,22.17,734.104,93578,0,0,350,6534,12,3,0,0,0,28,23,14,20,14,7,False,0,False
204.23415,6.335,6.196,5.116,4.818,21.599,20,18,2,2613585.5,72,71,85,74,102,101,100,99,20.158,20.134,22.232,22.175,753.286,93578,0,0,384,6534,12,3,0,0,0,28,23,14,20,14,7,False,0,False
204.73175,6.346,6.204,5.125,4.824,21.596,20,18,2,2618331.5,76,72,82,74,102,101,100,99,20.162,20.137,22.24,22.18,764.849,93578,0,0,384,6534,12,3,0,0,0,28,23,14,20,14,7,False,0,False
205.23068,6.351,6.21,5.127,4.827,21.591,20,18,2,2622211.5,75,72,77,72,102,102,100,99,20.165,20.139,22.246,22.184,774.919,93578,0,0,384,6617,12,3,0,0,0,28,23,14,20,14,7,False,0,False
205.72981,6.361,6.222,5.128,4.828,21.584,20,18,2,2625856.5,76,75,73,70,102,102,100,99,20.169,20.142,22.25,22.187,787.17,93578,0,0,384,6617,12,3,0,0,0,28,23,14,20,14,7,False,0,False
206.23096,6.375,6.239,5.13,4.83,21.575,20,18,2,2628726.2,77,77,70,70,102,102,100,99,20.173,20.147,22.253,22.189,801.971,93578,0,0,384,6617,12,3,0,0,0,28,23,14,20,14,7,False,0,False
206.73302,6.388,6.252,5.133,4.834,21.564,20,18,2,2636265.5,76,76,69,71,102,102,100,99,20.177,20.151,22.254,22.19,819.328,93578,0,0,317,6617,12,3,0,0,0,28,23,14,20,14,7,False,0,False
207.23117,6.409,6.274,5.143,4.846,21.553,20,18,2,2644202.8,78,80,72,75,102,102,100,99,20.181,20.155,22.255,22.193,840.716,93578,0,0,317,6650,12,3,0,0,0,28,23,14,20,14,7,False,0,False
207.73293,6.431,6.3,5.157,4.861,21.543,20,18,2,2655294.8,78,82,74,76,102,102,100,99,20.185,20.161,22.256,22.196,866.243,93578,0,0,283,6650,12,3,0,0,0,28,23,14,20,14,7,False,0,False
208.23366,6.457,6.331,5.174,4.878,21.531,20,18,2,2660394.2,79,83,75,76,102,102,100,99,20.188,20.167,22.258,22.199,888.474,93578,0,0,283,6650,12,3,0,0,0,28,23,14,20,14,7,False,0,False
208.73158,6.492,6.369,5.182,4.886,21.517,20,18,2,2655863.5,79,81,72,73,103,102,100,99,20.193,20.173,22.259,22.201,913.525,93578,0,0,266,6650,12,3,0,0,0,28,23,14,20,14,7,False,0,False
209.73354,6.525,6.399,5.196,4.901,21.491,20,18,2,2648007.5,76,74,73,72,103,102,100,99,20.196,20.176,22.257,22.2,972.343,93578,0,0,267,6667,12,3,0,0,0,28,23,14,20,14,7,False,0,False
210.23387,6.541,6.411,5.203,4.908,21.478,20,18,2,2645498,75,72,73,71,103,102,100,99,20.197,20.175,22.256,22.199,1003.08,93578,0,0,267,6667,12,3,0,0,0,28,23,14,20,14,7,False,0,False
210.73273,6.553,6.421,5.206,4.913,21.464,20,18,2,2636974,73,71,71,70,103,102,100,99,20.196,20.174,22.254,22.196,1035.31,93578,0,0,266,6667,12,3,0,0,0,28,23,14,20,14,7,False,0,False
211.23022,6.564,6.43,5.208,4.915,21.45,20,18,2,2628334,71,70,70,70,103,102,100,99,20.194,20.172,22.25,22.193,1069.307,93578,0,0,267,6683,12,3,0,0,0,28,23,14,20,14,7,False,0,False
211.73033,6.571,6.436,5.208,4.915,21.438,20,18,2,2625090.5,70,70,70,70,102,102,100,99,20.191,20.169,22.246,22.189,1104.748,93578,0,0,267,6683,12,3,0,0,0,28,23,14,20,14,7,False,0,False
212.22987,6.577,6.443,5.208,4.915,21.424,20,18,2,2616450.5,71,71,70,70,102,102,100,99,20.188,20.166,22.242,22.185,1141.435,93578,0,0,266,6666,12,3,0,0,0,28,23,14,20,14,7,False,0,False
212.73431,6.583,6.449,5.208,4.915,21.41,20,18,2,2607810.5,71,71,70,70,102,102,100,99,20.184,20.162,22.236,22.18,1179.347,93578,0,0,266,6666,12,3,0,0,0,28,23,14,20,14,7,False,0,False
213.23126,6.589,6.455,5.208,4.915,21.396,20,18,2,2599170.5,71,71,71,70,102,102,100,99,20.18,20.158,22.231,22.175,1218.378,93578,0,0,266,6666,12,3,0,0,0,28,23,14,20,14,7,False,0,False
213.73105,6.594,6.461,5.208,4.915,21.382,20,18,2,2590530.5,71,71,71,71,102,102,100,99,20.176,20.154,22.225,22.169,1258.403,93578,0,0,267,6666,12,3,0,0,0,28,23,14,20,14,7,False,0,False
214.23206,6.6,6.467,5.208,4.915,21.37,20,18,2,2587326.5,71,71,71,71,102,102,100,99,20.171,20.149,22.219,22.163,1299.21,93578,0,0,250,6616,12,3,0,0,0,28,23,14,20,14,7,False,0,False
214.73051,6.605,6.472,5.208,4.915,21.356,20,18,2,2578686.5,71,71,71,71,102,102,100,99,20.166,20.144,22.212,22.157,1340.766,93578,0,0,250,6616,12,3,0,0,0,28,23,14,20,14,7,False,0,False
215.23404,6.61,6.478,5.208,4.915,21.342,20,18,2,2570046.5,71,71,71,70,102,102,100,99,20.16,20.139,22.205,22.15,1383.047,93578,0,0,250,6550,12,3,0,0,0,28,23,14,20,14,7,False,0,False
215.7342,6.628,6.493,5.232,4.935,21.335,20,18,2,2589656.2,74,74,78,76,102,101,99,99,20.157,20.136,22.202,22.147,1423.896,93578,0,0,250,6550,12,3,0,0,0,28,23,14,20,14,7,False,0,False
216.2339,6.65,6.509,5.258,4.953,21.334,20,18,2,2621224.2,73,73,77,73,102,101,100,99,20.158,20.137,22.206,22.151,1456.251,93578,0,0,233,6516,12,3,0,0,0,28,23,14,20,14,7,False,0,False
216.72992,6.66,6.523,5.269,4.962,21.333,20,18,2,2648187,73,71,75,73,102,102,100,99,20.16,20.139,22.211,22.156,1482.862,93578,0,0,233,6516,12,3,0,0,0,28,23,14,20,14,7,False,0,False
217.7326,6.712,6.561,5.342,5.021,21.333,20,18,2,2691847.5,82,76,90,83,102,102,100,99,20.171,20.146,22.228,22.17,1523.172,93578,0,0,283,6600,12,3,0,0,0,28,23,14,20,14,7,False,0,False
218.23271,6.734,6.575,5.384,5.056,21.332,20,18,2,2702529.8,82,75,95,87,102,102,100,99,20.178,20.15,22.24,22.179,1548.485,93578,0,0,283,6600,12,3,0,0,0,28,23,14,20,14,7,False,0,False
218.73035,6.748,6.586,5.42,5.082,21.327,20,18,2,2708576,79,74,94,85,102,102,100,99,20.184,20.154,22.253,22.189,1567.618,93578,0,0,234,6600,12,3,0,0,0,28,23,14,20,14,7,False,0,False
219.73099,6.784,6.615,5.458,5.11,21.315,20,18,2,2720943.5,80,75,82,77,103,102,101,99,20.195,20.161,22.272,22.202,1600.038,93578,0,0,234,6633,12,3,0,0,0,28,23,14,20,14,7,False,0,False
220.22968,6.798,6.629,5.465,5.117,21.306,20,18,2,2725241.8,78,75,76,73,103,102,101,100,20.2,20.164,22.276,22.205,1617.668,93578,0,0,250,6633,12,3,0,0,0,28,23,14,20,14,7,False,0,False
220.73465,6.813,6.643,5.468,5.12,21.294,20,18,2,2722707.2,76,75,72,70,103,102,101,100,20.203,20.166,22.278,22.206,1638.488,93578,0,0,250,6633,12,3,0,0,0,28,23,14,20,14,7,False,0,False
221.23174,6.834,6.663,5.468,5.12,21.28,20,18,2,2719652.2,78,77,70,69,103,102,101,100,20.205,20.169,22.279,22.206,1661.709,93578,0,0,300,6616,12,3,0,0,0,28,23,14,20,14,7,False,0,False
221.7292,6.853,6.68,5.468,5.121,21.268,20,18,2,2719811,75,74,69,68,103,102,101,100,20.208,20.171,22.278,22.205,1687.584,93578,0,0,300,6616,12,3,0,0,0,28,23,14,20,14,7,False,0,False
222.23209,6.865,6.692,5.47,5.122,21.254,20,18,2,2713271.5,73,73,70,70,103,102,101,100,20.208,20.171,22.276,22.204,1715.858,93578,0,0,317,6600,12,3,0,0,0,28,23,14,20,14,7,False,0,False
222.73264,6.874,6.704,5.474,5.126,21.241,20,18,2,2711142,72,74,71,71,103,102,101,100,20.208,20.172,22.274,22.203,1745.885,93578,0,0,317,6600,12,3,0,0,0,28,23,14,20,14,7,False,0,False
223.23126,6.887,6.72,5.483,5.134,21.227,20,18,2,2702894,73,74,71,72,103,102,101,99,20.207,20.172,22.272,22.202,1777.546,93578,0,0,334,6600,12,3,0,0,0,28,23,14,20,14,7,False,0,False
223.73102,6.901,6.738,5.495,5.145,21.214,20,18,2,2694254.2,73,76,73,75,103,102,101,99,20.206,20.172,22.27,22.2,1811.563,93578,30047,0,334,6584,12,3,0,0,0,28,23,14,20,14,7,False,0,False
224.22931,6.918,6.761,5.51,5.159,21.204,20,18,2,2701165,73,74,74,73,103,102,101,99,20.205,20.173,22.268,22.199,1847.041,93578,30047,0,334,6584,12,3,0,0,0,28,23,14,20,14,7,False,0,False
224.73404,6.964,6.796,5.58,5.218,21.204,20,18,2,2731375,84,79,94,87,103,102,101,99,20.207,20.174,22.272,22.202,1876.429,93578,30047,0,333,6584,12,3,0,0,0,28,23,14,20,14,7,False,0,False
225.22957,7.004,6.827,5.667,5.288,21.203,20,18,2,2748393,83,78,101,92,103,102,101,100,20.214,20.178,22.284,22.21,1903.179,93578,30047,0,333,6584,12,3,0,0,0,28,23,14,20,14,7,False,0,False
225.72968,7.044,6.859,5.733,5.341,21.194,20,18,2,2753803.8,86,80,96,89,103,102,101,100,20.219,20.182,22.295,22.218,1930.262,93578,30047,0,367,6634,12,3,0,0,0,28,23,14,20,14,7,False,0,False
226.23286,7.09,6.896,5.776,5.375,21.184,20,18,2,2758997,87,81,88,81,103,102,101,100,20.226,20.185,22.302,22.223,1956.316,93578,30047,0,367,6634,12,3,0,0,0,28,23,14,20,14,7,False,0,False
226.73242,7.113,6.915,5.788,5.386,21.171,20,18,2,2756372.2,76,74,74,74,103,102,101,100,20.23,20.187,22.305,22.224,1982.816,93578,30047,0,416,6634,12,3,0,0,0,28,23,14,20,14,7,False,0,False
227.23209,7.144,6.95,5.815,5.42,21.158,20,18,2,2755890.2,79,81,77,82,103,102,101,100,20.231,20.189,22.304,22.225,2012.11,93578,30047,0,416,6634,12,3,0,0,0,28,23,14,20,14,7,False,0,False
227.73318,7.188,7.001,5.875,5.497,21.146,20,18,2,2759273.8,82,85,86,95,103,103,101,100,20.233,20.193,22.305,22.23,2043.567,93578,30047,0,433,6733,12,3,0,0,0,28,23,14,20,14,7,False,0,False
228.23055,7.24,7.062,5.941,5.582,21.132,20,18,2,2759007.8,84,88,87,95,103,103,101,100,20.237,20.199,22.309,22.237,2073.659,93578,30047,0,433,6733,12,3,0,0,0,28,23,14,20,14,7,False,0,False
228.72823,7.294,7.127,5.978,5.626,21.12,20,18,2,2757673,83,87,79,83,103,103,101,100,20.24,20.204,22.31,22.241,2103.155,93578,30047,0,450,6733,12,3,0,0,0,28,23,14,20,14,7,False,0,False
229.22914,7.31,7.147,5.985,5.633,21.106,20,18,2,2748921.2,73,75,72,72,103,103,101,100,20.239,20.206,22.307,22.239,2136.417,93578,30047,0,500,6783,12,3,0,0,0,28,23,14,20,14,7,False,0,False
229.73259,7.318,7.156,5.99,5.637,21.092,20,18,2,2744363,72,73,73,73,103,103,101,100,20.236,20.204,22.302,22.235,2170.012,93578,30047,0,500,6783,12,3,0,0,0,28,23,14,20,14,7,False,0,False
230.22958,7.336,7.176,6.013,5.659,21.091,20,18,2,2773712.8,74,74,76,76,103,103,101,100,20.236,20.204,22.304,22.237,2198.967,93578,30047,0,500,6850,12,3,0,0,0,28,23,14,20,14,7,False,0,False
230.73077,7.345,7.184,6.018,5.665,21.09,20,18,2,2798514.8,72,72,73,73,103,103,101,100,20.237,20.205,22.307,22.24,2221.47,93578,30047,0,517,6850,12,3,0,0,0,28,23,14,20,14,7,False,0,False
231.23192,7.353,7.191,6.024,5.671,21.09,20,18,2,2818599.8,72,71,74,72,103,103,101,100,20.238,20.207,22.311,22.244,2239.128,93578,30047,0,517,6984,12,3,0,0,0,28,23,14,20,14,7,False,0,False
231.73195,7.362,7.197,6.034,5.683,21.09,20,18,2,2833756,74,70,76,75,103,103,101,100,20.24,20.208,22.315,22.248,2252.771,93578,30047,0,517,6984,12,3,0,0,0,28,23,14,20,14,7,False,0,False
232.2305,7.372,7.204,6.055,5.697,21.09,20,18,2,2840935.5,76,72,83,77,103,103,101,100,20.243,20.209,22.321,22.253,2263.206,93578,30047,0,517,6984,12,3,0,0,0,28,23,14,20,14,7,False,0,False
232.7293,7.381,7.212,6.072,5.706,21.089,20,18,2,2846348,76,73,85,76,103,103,102,100,20.246,20.211,22.328,22.258,2274.704,93578,30047,0,400,6984,12,3,0,0,0,28,23,14,20,14,7,False,0,False
233.23218,7.39,7.221,6.083,5.714,21.087,20,18,2,2851868.2,76,75,84,75,104,103,102,100,20.249,20.212,22.335,22.262,2292.063,93578,30047,0,400,7217,12,3,0,0,0,28,23,14,20,14,7,False,0,False
233.73181,7.399,7.229,6.087,5.718,21.081,20,18,2,2857507.2,76,74,78,73,104,103,102,101,20.252,20.215,22.341,22.265,2305.78,93578,30047,0,400,7217,12,3,0,0,0,28,23,14,20,14,7,False,0,False
234.22664,7.41,7.24,6.095,5.725,21.074,20,18,2,2863606.2,77,75,78,73,104,103,102,101,20.255,20.217,22.344,22.267,2318.69,93578,30047,0,400,7217,12,3,0,0,0,28,23,14,20,14,7,False,0,False
234.73286,7.421,7.25,6.102,5.731,21.067,20,18,2,2871127.5,76,74,76,72,104,103,102,101,20.258,20.219,22.347,22.269,2333.598,93578,30047,0,317,7217,12,3,0,0,0,28,23,14,20,14,7,False,0,False
235.23175,7.438,7.265,6.107,5.734,21.057,20,18,2,2878788.8,78,77,74,70,104,103,102,101,20.261,20.221,22.349,22.269,2350.065,93578,30047,0,317,7217,12,3,0,0,0,28,23,14,20,14,7,False,0,False
235.73196,7.454,7.283,6.107,5.735,21.045,20,18,2,2886504.2,79,77,71,69,104,103,102,101,20.263,20.224,22.349,22.269,2369.521,93578,30047,0,317,7217,12,3,0,0,0,28,23,14,20,14,7,False,0,False
236.22847,7.473,7.306,6.107,5.735,21.032,20,18,2,2889224.8,78,77,69,70,104,103,102,101,20.266,20.227,22.348,22.268,2391.575,93578,30047,0,200,7167,12,3,0,0,0,28,23,14,20,14,7,False,0,False
236.72565,7.484,7.319,6.107,5.735,21.019,20,18,2,2884361,75,74,69,69,104,103,102,101,20.268,20.228,22.346,22.266,2415.423,93578,30047,0,200,7167,12,3,0,0,0,28,23,14,20,14,7,False,0,False
237.22829,7.494,7.329,6.107,5.735,21.006,20,18,2,2883716.2,73,72,69,69,104,103,102,101,20.267,20.227,22.343,22.264,2442.333,93578,30047,0,150,7167,12,3,0,0,0,28,23,14,20,14,7,False,0,False
237.73245,7.503,7.338,6.107,5.735,20.992,20,18,2,2876385.5,72,72,69,69,104,103,102,100,20.266,20.226,22.34,22.262,2472.393,93578,30047,0,150,7167,12,3,0,0,0,28,23,14,20,14,7,False,0,False
238.22958,7.511,7.346,6.107,5.735,20.979,20,18,2,2873936.5,72,72,70,69,104,103,102,100,20.264,20.224,22.336,22.259,2503.386,93578,30047,0,133,7167,12,3,0,0,0,28,23,14,20,14,7,False,0,False
238.73256,7.518,7.353,6.107,5.735,20.966,20,18,2,2865356.2,72,72,70,70,104,103,102,100,20.261,20.222,22.332,22.255,2535.965,93578,30047,0,150,7167,12,3,0,0,0,28,23,14,20,14,7,False,0,False
239.2281,7.527,7.364,6.113,5.741,20.952,20,18,2,2857004.2,72,74,71,73,104,103,102,100,20.258,20.22,22.328,22.252,2568.982,93578,30047,0,150,7167,12,3,0,0,0,28,23,14,20,14,7,False,0,False
239.73091,7.548,7.391,6.135,5.762,20.939,20,18,2,2853462.2,74,77,74,76,104,103,102,100,20.256,20.219,22.324,22.249,2605.224,93578,30047,0,133,7167,12,3,0,0,0,28,23,14,20,14,7,False,0,False
240.23221,7.569,7.42,6.164,5.792,20.934,20,18,2,2877263,75,77,77,79,104,103,102,100,20.255,20.219,22.323,22.249,2639.095,93578,30047,0,133,7167,12,3,0,0,0,28,23,14,20,14,7,False,0,False
241.22673,7.618,7.478,6.215,5.843,20.932,20,18,2,2927097,77,80,78,81,104,103,102,100,20.259,20.227,22.329,22.259,2689.317,93578,30047,0,150,7200,12,3,0,0,0,28,23,14,20,14,7,False,0,False
241.72766,7.636,7.498,6.229,5.857,20.931,20,18,2,2945930.5,77,79,77,80,104,103,102,101,20.262,20.232,22.334,22.265,2706.407,93578,30047,0,183,7200,12,3,0,0,0,28,23,14,20,14,7,False,0,False
242.23291,7.641,7.503,6.233,5.864,20.931,20,18,2,2960764.5,73,74,74,77,104,103,102,101,20.265,20.237,22.338,22.271,2719.481,93578,30047,0,183,7400,12,3,0,0,0,28,23,14,20,14,7,False,0,False
242.73097,7.642,7.505,6.236,5.868,20.931,20,18,2,2967828.8,70,72,72,75,104,103,102,101,20.267,20.239,22.341,22.276,2729.417,93578,30047,0,183,7400,12,3,0,0,0,28,23,14,20,14,7,False,0,False
243.23225,7.647,7.51,6.24,5.874,20.929,20,18,2,2974698.5,70,71,72,75,104,103,102,101,20.267,20.24,22.343,22.28,2738.629,93578,30047,0,183,7400,12,3,0,0,0,28,23,14,20,14,7,False,0,False
243.73029,7.651,7.514,6.247,5.884,20.929,20,18,2,2980026,71,71,72,79,104,103,102,101,20.268,20.242,22.345,22.285,2750.316,93578,30047,0,183,7400,12,3,0,0,0,28,23,14,20,14,7,False,0,False
244.23021,7.657,7.52,6.25,5.888,20.925,20,18,2,2983474,72,73,72,77,104,103,102,101,20.268,20.243,22.347,22.289,2766.251,93578,30047,0,183,7400,12,3,0,0,0,28,23,14,20,14,7,False,0,False
244.73004,7.67,7.533,6.253,5.891,20.92,20,18,2,2987930.5,76,77,71,74,104,103,102,101,20.271,20.246,22.349,22.293,2776.146,93578,30047,0,183,7883,12,3,0,0,0,28,23,14,20,14,7,False,0,False
245.23267,7.679,7.541,6.255,5.893,20.912,20,18,2,2990893.5,75,76,69,72,104,104,102,101,20.273,20.249,22.349,22.295,2788.413,93578,30047,0,183,7883,12,3,0,0,0,28,23,14,20,14,7,False,0,False
245.73033,7.698,7.557,6.256,5.894,20.903,20,18,2,2994244.2,80,79,68,70,104,104,102,101,20.276,20.253,22.349,22.296,2803.438,93578,30047,0,483,7883,12,3,0,0,0,28,23,14,20,14,7,False,0,False
246.22675,7.727,7.583,6.256,5.894,20.891,20,18,2,2999890.5,84,83,68,69,104,104,102,101,20.281,20.257,22.348,22.296,2820.436,93578,30047,0,483,7883,12,3,0,0,0,28,23,14,20,14,7,False,0,False
246.7286,7.745,7.601,6.256,5.894,20.879,20,18,2,3002869.8,78,77,68,68,104,104,102,101,20.286,20.262,22.346,22.295,2841.437,93578,30047,0,483,7966,12,3,0,0,0,28,23,14,20,14,7,False,0,False
247.23192,7.762,7.618,6.256,5.894,20.866,20,18,2,2998539,75,75,69,68,104,104,102,101,20.288,20.264,22.345,22.294,2864.621,93578,30047,0,350,7966,12,3,0,0,0,28,23,14,20,14,7,False,0,False
247.72896,7.774,7.63,6.256,5.894,20.853,20,18,2,2998418.5,73,73,69,69,104,104,102,101,20.288,20.265,22.342,22.292,2890.477,93578,30047,0,350,7966,12,3,0,0,0,28,23,14,20,14,7,False,0,False
248.23257,7.784,7.64,6.256,5.894,20.839,20,18,2,2991744.8,72,72,69,70,104,104,102,101,20.287,20.264,22.34,22.29,2918.659,93578,30047,0,267,7950,12,3,0,0,0,28,23,14,20,14,7,False,0,False
248.72762,7.792,7.648,6.256,5.894,20.826,20,18,2,2987116.2,71,71,70,70,104,104,102,101,20.286,20.263,22.337,22.288,2947.96,93578,30047,0,267,7950,12,3,0,0,0,28,23,14,20,14,7,False,0,False
249.22983,7.8,7.656,6.256,5.894,20.812,20,18,2,2981123.2,71,71,70,70,104,104,102,101,20.283,20.261,22.333,22.284,2981.226,93578,30047,0,233,7934,12,3,0,0,0,28,23,14,20,14,7,False,0,False
249.73198,7.807,7.664,6.256,5.894,20.799,20,18,2,2972483.2,71,71,70,70,104,104,102,101,20.28,20.258,22.33,22.281,3015.196,93578,30047,0,233,7934,12,3,0,0,0,28,23,14,20,14,7,False,0,False
250.23224,7.814,7.671,6.256,5.894,20.785,20,18,2,2963843.2,71,71,70,70,104,104,102,101,20.277,20.255,22.325,22.277,3050.729,93578,30047,0,217,7934,12,3,0,0,0,28,23,14,20,14,7,False,0,False
250.73305,7.82,7.677,6.256,5.894,20.772,20,18,2,2960828,71,71,71,70,104,104,101,101,20.273,20.252,22.32,22.272,3087.546,93578,30047,0,200,7917,12,3,0,0,0,28,23,14,20,14,7,False,0,False
251.22841,7.827,7.683,6.256,5.894,20.758,20,18,2,2952188,71,71,70,71,104,104,101,101,20.269,20.248,22.315,22.267,3125.581,93578,30047,0,200,7917,12,3,0,0,0,28,23,14,20,14,7,False,0,False
251.72894,7.833,7.689,6.256,5.894,20.744,20,18,2,2943548,71,71,71,71,104,103,101,100,20.265,20.244,22.309,22.262,3164.766,93578,30047,0,200,7900,12,3,0,0,0,28,23,14,20,14,7,False,0,False
252.22885,7.838,7.694,6.256,5.894,20.731,20,18,2,2934908,71,71,71,71,104,103,101,100,20.26,20.239,22.303,22.256,3204.979,93578,30047,0,167,7833,12,3,0,0,0,28,23,14,20,14,7,False,0,False
252.7299,7.844,7.7,6.256,5.894,20.718,20,18,2,2931759.8,71,71,71,71,104,103,101,100,20.255,20.234,22.297,22.25,3246.01,93578,30047,0,166,7833,12,3,0,0,0,28,23,14,20,14,7,False,0,False
253.22949,7.85,7.705,6.256,5.894,20.704,20,18,2,2923119.8,71,71,71,71,104,103,101,100,20.25,20.229,22.29,22.243,3287.773,93578,30047,0,166,7817,12,3,0,0,0,28,23,14,20,14,7,False,0,False
253.72816,7.855,7.71,6.256,5.894,20.691,20,18,2,2914767.8,71,71,71,71,103,103,101,100,20.244,20.223,22.282,22.236,3328.858,93578,30047,0,150,7817,12,3,0,0,0,28,23,14,20,14,7,False,0,False
254.22966,7.874,7.728,6.281,5.919,20.685,20,18,2,2946085.8,73,73,75,75,103,103,101,100,20.241,20.221,22.281,22.236,3369.074,93578,30047,0,150,7783,12,3,0,0,0,28,23,14,20,14,7,False,0,False
254.73212,7.88,7.735,6.285,5.922,20.685,20,18,2,2977926.5,71,71,72,72,103,103,101,100,20.241,20.22,22.284,22.238,3401.146,93578,30047,0,150,7767,12,3,0,0,0,28,23,14,20,14,7,False,0,False
255.2298,7.895,7.757,6.314,5.953,20.685,20,18,2,3006700,73,79,80,82,103,103,101,100,20.241,20.222,22.287,22.242,3428.487,93578,30047,0,150,7767,12,3,0,0,0,28,23,14,20,14,7,False,0,False
255.73174,7.928,7.799,6.371,6.029,20.685,20,18,2,3030013.2,80,85,90,99,103,103,101,100,20.245,20.229,22.296,22.253,3451.22,93578,30047,0,150,7850,12,3,0,0,0,28,23,14,20,14,7,False,0,False
256.22906,7.947,7.824,6.42,6.096,20.679,20,18,2,3037706.8,77,82,90,101,104,103,101,101,20.249,20.235,22.305,22.268,3475.945,93578,30047,0,234,7866,12,3,0,0,0,28,23,14,20,14,7,False,0,False
256.72925,7.974,7.859,6.46,6.145,20.672,20,18,2,3044642,80,86,88,96,104,103,101,101,20.253,20.242,22.314,22.281,3499.514,93578,30047,0,234,7866,12,3,0,0,0,28,23,14,20,14,7,False,0,False
257.23276,7.998,7.889,6.486,6.178,20.663,20,18,2,3051423,78,83,81,88,104,104,101,101,20.257,20.248,22.32,22.29,3521.043,93578,30047,0,233,7866,12,3,0,0,0,28,23,14,20,14,7,False,0,False
257.73047,8.017,7.913,6.506,6.2,20.653,20,18,2,3057835.8,76,81,78,82,104,104,102,101,20.259,20.253,22.324,22.296,3543.19,93578,30047,0,233,7900,12,3,0,0,0,28,23,14,20,14,7,False,0,False
258.2319,8.04,7.942,6.527,6.224,20.642,20,18,2,3064281,77,81,77,80,104,104,102,101,20.261,20.258,22.326,22.3,3566.33,93578,30047,0,250,7900,12,3,0,0,0,28,23,14,20,14,7,False,0,False
258.7294,8.06,7.967,6.545,6.244,20.63,20,18,2,3069545.8,77,81,76,79,104,104,102,101,20.262,20.261,22.327,22.303,3590.78,93578,30047,0,250,7983,12,3,0,0,0,28,23,14,20,14,7,False,0,False
259.72897,8.119,8.036,6.588,6.288,20.604,20,18,2,3063748.2,77,81,76,78,104,104,102,101,20.265,20.268,22.328,22.306,3645.247,93578,30047,0,266,7983,12,3,0,0,0,28,23,14,20,14,7,False,0,False
260.23068,8.141,8.063,6.604,6.304,20.59,20,18,2,3056051.8,75,79,74,75,104,104,102,101,20.265,20.27,22.327,22.306,3675.788,93578,30047,0,300,8033,12,3,0,0,0,28,23,14,20,14,7,False,0,False
260.72818,8.15,8.074,6.607,6.306,20.578,20,18,2,3053526.8,72,73,71,70,104,104,102,101,20.263,20.269,22.325,22.303,3707.119,93578,30047,0,300,8033,12,3,0,0,0,28,23,14,20,14,7,False,0,False
261.22943,8.17,8.09,6.622,6.321,20.563,20,18,2,3044598.8,77,75,77,74,104,104,101,101,20.261,20.267,22.321,22.3,3741.635,93578,30047,0,333,8083,12,3,0,0,0,28,23,14,20,14,7,False,0,False
261.73044,8.204,8.117,6.654,6.351,20.549,20,18,2,3035958.8,80,76,80,77,104,104,101,101,20.261,20.266,22.32,22.297,3775.646,93578,30047,0,334,8083,12,3,0,0,0,28,23,14,20,14,7,False,0,False
262.23178,8.244,8.15,6.697,6.392,20.536,20,18,2,3027318.8,82,78,84,80,104,104,101,101,20.262,20.265,22.32,22.295,3811.616,93578,30047,0,334,8100,12,3,0,0,0,28,23,14,20,14,7,False,0,False
262.73306,8.31,8.205,6.789,6.472,20.522,20,18,2,3018678.8,88,83,95,89,104,104,102,101,20.264,20.265,22.322,22.296,3848.701,93578,30047,0,333,8100,12,3,0,0,0,28,23,14,20,14,7,False,0,False
263.23117,8.38,8.264,6.898,6.566,20.509,20,18,2,3015513,86,82,96,90,104,104,102,101,20.267,20.266,22.326,22.298,3885.553,93578,30047,0,333,8100,12,3,0,0,0,28,23,14,20,14,7,False,0,False
263.7289,8.451,8.323,7.004,6.657,20.495,20,18,2,3006873,87,82,95,89,104,104,102,101,20.269,20.266,22.33,22.299,3921.768,93578,30047,0,333,8100,12,3,0,0,0,28,23,14,20,14,7,False,0,False
264.22858,8.506,8.369,7.065,6.711,20.482,20,18,2,2998233,81,78,83,80,104,104,102,101,20.271,20.265,22.331,22.298,3957.052,93578,30047,0,333,8100,12,3,0,0,0,28,23,14,20,14,7,False,0,False
264.72867,8.535,8.392,7.087,6.732,20.468,20,18,2,2989593,75,74,75,72,104,104,102,101,20.269,20.262,22.327,22.293,3993.132,93578,30047,0,333,8116,12,3,0,0,0,28,23,14,20,14,7,False,0,False
265.23083,8.542,8.398,7.09,6.736,20.454,20,18,2,2984906,72,72,72,72,104,104,101,101,20.263,20.256,22.32,22.286,4030.37,93578,30047,41274,333,8116,12,3,0,0,0,28,23,14,20,14,7,False,0,False
265.73093,8.565,8.419,7.118,6.764,20.452,20,18,2,3015185,76,74,79,77,104,104,101,101,20.261,20.254,22.32,22.286,4062.516,93578,30047,41274,350,8116,12,3,0,0,0,28,23,14,20,14,7,False,0,False
266.23108,8.604,8.448,7.181,6.817,20.452,20,18,2,3041950.2,84,78,94,87,104,104,102,101,20.264,20.255,22.327,22.292,4087.987,93578,30047,41274,350,8133,12,3,0,0,0,28,23,14,20,14,7,False,0,False
266.73032,8.638,8.473,7.254,6.874,20.452,20,18,2,3065313.5,83,77,101,91,104,104,102,101,20.27,20.258,22.339,22.301,4110.064,93578,30047,41274,350,8133,12,3,0,0,0,28,23,14,20,14,7,False,0,False
267.23294,8.659,8.489,7.313,6.919,20.451,20,18,2,3079390.8,81,76,102,91,104,104,102,101,20.274,20.26,22.352,22.31,4129.679,93578,30047,41274,350,8133,12,3,0,0,0,28,23,14,20,14,7,False,0,False
267.7329,8.687,8.513,7.367,6.956,20.443,20,18,2,3085848.5,84,80,102,89,104,104,102,101,20.278,20.262,22.365,22.318,4150.863,93578,30047,41274,317,8117,12,3,0,0,0,28,23,14,20,14,7,False,0,False
268.23108,8.723,8.544,7.408,6.986,20.435,20,18,2,3092419.2,87,82,95,84,104,104,102,102,20.284,20.266,22.376,22.324,4171.679,93578,30047,41274,317,8117,12,3,0,0,0,28,23,14,20,14,7,False,0,False
268.72842,8.756,8.572,7.432,7.005,20.425,20,18,2,3098347,85,81,85,78,104,104,103,102,20.29,20.27,22.383,22.328,4191.999,93578,30047,41274,317,8200,12,3,0,0,0,28,23,14,20,14,7,False,0,False
269.2297,8.784,8.599,7.442,7.014,20.412,20,18,2,3097929,82,79,77,73,104,104,103,102,20.294,20.273,22.386,22.329,4214.175,93578,30047,41274,383,8200,12,3,0,0,0,28,23,14,20,14,7,False,0,False
269.73267,8.803,8.616,7.444,7.016,20.398,20,18,2,3092670,77,76,72,70,104,104,103,102,20.296,20.274,22.386,22.328,4239.411,93578,30047,41274,383,8200,12,3,0,0,0,28,23,14,20,14,7,False,0,False
270.2312,8.819,8.632,7.444,7.016,20.385,20,18,2,3058849,75,75,70,69,104,104,103,102,20.296,20.273,22.384,22.325,4267.142,93578,30047,41274,417,8267,12,3,0,0,0,28,23,14,20,14,7,False,0,False
270.73215,8.832,8.643,7.444,7.016,20.373,20,18,2,3014379.8,74,73,70,70,104,104,102,102,20.294,20.272,22.38,22.322,4297.176,93578,30047,41274,417,8267,12,3,0,0,0,28,23,14,20,14,7,False,0,False
271.2294,8.842,8.653,7.444,7.016,20.359,20,18,2,2958445.2,73,73,70,70,104,104,102,101,20.292,20.269,22.376,22.318,4329.218,93578,30047,41274,434,8267,12,3,0,0,0,28,23,14,20,14,7,False,0,False
271.72748,8.851,8.662,7.444,7.016,20.345,20,18,2,2902750.8,73,73,71,70,104,104,102,101,20.289,20.267,22.372,22.315,4362.077,93578,30047,41274,416,8266,12,3,0,0,0,28,23,14,20,14,7,False,0,False
272.2289,8.858,8.67,7.444,7.016,20.332,20,18,2,2876420.8,72,72,70,70,104,104,102,101,20.286,20.263,22.367,22.31,4398.843,93578,30047,41274,416,8266,12,3,0,0,0,28,23,14,20,14,7,False,0,False
272.7286,8.864,8.676,7.444,7.016,20.318,20,18,2,2867780.8,72,72,70,70,104,104,102,101,20.281,20.259,22.362,22.305,4435.553,93578,30047,41274,400,8250,12,3,0,0,0,28,23,14,20,14,7,False,0,False
273.23004,8.87,8.682,7.444,7.016,20.305,20,18,2,2859140.8,72,72,70,70,104,104,102,101,20.277,20.255,22.356,22.299,4473.327,93578,30047,41274,367,8250,12,3,0,0,0,28,23,14,20,14,7,False,0,False
273.73184,8.876,8.688,7.444,7.016,20.291,20,18,2,2850500.8,72,72,71,71,104,104,102,101,20.272,20.25,22.35,22.294,4512.088,93578,30047,41274,367,8250,12,3,0,0,0,28,23,14,20,14,7,False,0,False
274.22864,8.882,8.694,7.444,7.016,20.277,20,18,2,2841860.8,72,72,70,70,104,103,102,101,20.267,20.245,22.343,22.287,4551.743,93578,30047,41274,367,8217,12,3,0,0,0,28,23,14,20,14,7,False,0,False
274.73013,8.887,8.699,7.444,7.016,20.264,20,18,2,2838673.2,72,72,71,71,104,103,102,101,20.261,20.24,22.336,22.28,4592.2,93578,30047,41274,333,8217,12,3,0,0,0,28,23,14,20,14,7,False,0,False
275.23077,8.892,8.705,7.444,7.016,20.25,20,18,2,2830033.2,72,72,71,71,104,103,102,101,20.256,20.234,22.329,22.273,4633.243,93578,30047,41274,317,8167,12,3,0,0,0,28,23,14,20,14,7,False,0,False
275.73047,8.897,8.71,7.444,7.016,20.237,20,18,2,2821393.2,73,73,72,72,104,103,101,101,20.25,20.229,22.321,22.266,4674.918,93578,30047,41274,317,8167,12,3,0,0,0,28,23,14,20,14,7,False,0,False
276.23163,8.902,8.716,7.444,7.016,20.223,20,18,2,2812753.2,73,73,72,71,103,103,101,100,20.244,20.223,22.313,22.259,4717.149,93578,30047,41274,316,8166,12,3,0,0,0,28,23,14,20,14,7,False,0,False
276.73056,8.908,8.722,7.444,7.016,20.209,20,18,2,2804113.2,73,73,72,72,103,103,101,100,20.237,20.217,22.305,22.251,4759.862,93578,30047,41274,284,8134,12,3,0,0,0,28,23,14,20,14,7,False,0,False
277.23154,8.914,8.728,7.446,7.019,20.195,20,18,2,2799614.5,73,73,73,73,103,103,101,100,20.231,20.21,22.297,22.243,4802.938,93578,30047,41274,267,8134,12,3,0,0,0,28,23,14,20,14,7,False,0,False
277.7327,8.936,8.749,7.473,7.045,20.193,20,18,2,2834362,73,73,75,75,103,103,101,100,20.229,20.208,22.297,22.243,4840.549,93578,30047,41274,267,8100,12,3,0,0,0,28,23,14,20,14,7,False,0,False
278.23178,8.95,8.765,7.484,7.056,20.193,20,18,2,2863919,73,73,73,73,103,103,101,100,20.229,20.209,22.301,22.247,4870.106,93578,30047,41274,267,8100,12,3,0,0,0,28,23,14,20,14,7,False,0,False
278.72675,8.959,8.773,7.491,7.063,20.192,20,18,2,2887541.8,72,71,74,72,103,103,101,100,20.23,20.21,22.304,22.251,4893.071,93578,30047,41274,267,8100,12,3,0,0,0,28,23,14,20,14,7,False,0,False
279.23135,8.978,8.786,7.523,7.089,20.192,20,18,2,2906639.5,78,73,84,79,103,103,101,100,20.233,20.212,22.311,22.257,4913.259,93578,30047,41274,334,8184,12,3,0,0,0,28,23,14,20,14,7,False,0,False
279.72958,9,8.802,7.564,7.119,20.192,20,18,2,2918257,80,75,92,83,103,103,101,101,20.239,20.215,22.321,22.264,4928.976,93578,30047,41274,334,8266,12,3,0,0,0,28,23,14,20,14,7,False,0,False
280.2276,9.019,8.819,7.597,7.141,20.188,20,18,2,2924514.5,83,79,94,83,103,103,102,101,20.243,20.217,22.331,22.269,4953.216,93578,30047,41274,334,8266,12,3,0,0,0,28,23,14,20,14,7,False,0,False
280.7248,9.064,8.86,7.622,7.16,20.178,20,18,2,2928033,94,90,89,81,104,103,102,101,20.251,20.224,22.341,22.276,4970.413,93578,30047,41274,400,8266,12,3,0,0,0,28,23,14,20,14,7,False,0,False
281.72885,9.161,8.946,7.647,7.18,20.16,20,18,2,2934334.5,84,81,76,73,104,104,102,101,20.279,20.246,22.353,22.284,5008.103,93578,30047,41274,400,8250,12,3,0,0,0,28,23,14,20,14,7,False,0,False
282.22668,9.179,8.964,7.651,7.185,20.148,20,18,2,2930613.5,79,78,74,71,104,104,102,101,20.283,20.25,22.355,22.285,5028.872,93578,30047,41274,350,8250,12,3,0,0,0,28,23,14,20,14,7,False,0,False
282.72888,9.201,8.986,7.655,7.189,20.133,20,18,2,2895093,77,76,72,70,104,104,102,101,20.286,20.252,22.355,22.284,5054.011,93578,30047,41274,350,8250,12,3,0,0,0,28,23,14,20,14,7,False,0,False
283.2309,9.216,9,7.656,7.19,20.121,20,18,2,2858333,75,74,70,70,104,104,102,101,20.287,20.253,22.354,22.284,5081.399,93578,30047,41274,434,8317,12,3,0,0,0,28,23,14,20,14,7,False,0,False
283.7304,9.228,9.011,7.656,7.19,20.107,20,18,2,2808236.5,73,73,70,70,104,104,102,101,20.287,20.253,22.352,22.282,5111.482,93578,30047,41274,450,8350,12,3,0,0,0,28,23,14,20,14,7,False,0,False
284.22556,9.237,9.021,7.656,7.19,20.094,20,18,2,2759682.8,73,72,70,70,104,104,102,101,20.286,20.251,22.35,22.28,5142.474,93578,30047,41274,450,8350,12,3,0,0,0,28,23,14,20,14,7,False,0,False
284.72488,9.246,9.03,7.656,7.19,20.081,20,18,2,2702067.8,73,73,71,70,104,104,102,101,20.284,20.25,22.347,22.278,5176.481,93578,30047,41274,466,8350,12,3,0,0,0,28,23,14,20,14,7,False,0,False
285.22952,9.255,9.038,7.657,7.191,20.067,20,18,2,2648133.8,73,72,71,71,104,104,102,101,20.282,20.248,22.343,22.274,5213.406,93578,30047,41274,466,8350,12,3,0,0,0,28,23,14,20,14,7,False,0,False
285.7264,9.263,9.046,7.657,7.191,20.054,20,18,2,2592439.2,73,73,71,71,104,103,102,101,20.279,20.245,22.339,22.271,5249.308,93578,30047,41274,450,8317,12,3,0,0,0,28,23,14,20,14,7,False,0,False
286.22852,9.271,9.054,7.657,7.191,20.04,20,18,2,2536168.8,73,73,71,71,104,103,102,101,20.276,20.243,22.334,22.266,5289.091,93578,30047,41274,433,8300,12,3,0,0,0,28,23,14,20,14,7,False,0,False
286.72638,9.277,9.06,7.657,7.191,20.026,20,18,2,2527816.8,72,72,71,71,104,103,102,100,20.273,20.239,22.329,22.262,5327.294,93578,30047,41274,417,8267,12,3,0,0,0,28,23,14,20,14,7,False,0,False
287.22708,9.282,9.065,7.657,7.191,20.013,20,18,2,2524583.2,71,71,71,71,104,103,102,100,20.268,20.235,22.324,22.257,5367.624,93578,30047,41274,417,8233,12,3,0,0,0,28,23,14,20,14,7,False,0,False
287.7258,9.288,9.071,7.657,7.191,20,20,18,2,2515943.2,71,71,71,71,104,103,101,100,20.263,20.23,22.318,22.251,5408.642,93578,30047,41274,400,8233,12,3,0,0,0,28,23,14,20,14,7,False,0,False
288.22687,9.293,9.076,7.657,7.191,19.986,20,18,3,2507303.2,71,71,71,71,104,103,101,100,20.257,20.225,22.311,22.245,41.656,94133,0,0,383,8233,12,4,0,0,0,28,23,14,20,14,7,False,0,False
288.72156,9.299,9.082,7.657,7.191,19.972,20,18,3,2498663.2,71,71,71,71,104,103,101,100,20.251,20.219,22.304,22.238,84.238,94133,0,0,350,8217,12,4,0,0,0,28,23,14,20,14,7,False,0,False
289.22507,9.304,9.087,7.657,7.191,19.958,20,18,3,2490023.2,72,72,72,71,103,103,101,100,20.245,20.213,22.297,22.231,127.461,94133,0,0,350,8217,12,4,0,0,0,28,23,14,20,14,7,False,0,False
289.72452,9.309,9.092,7.657,7.191,19.944,20,18,3,2481383.2,71,71,71,71,103,103,101,100,20.239,20.207,22.289,22.224,171.287,94133,0,0,334,8217,12,4,0,0,0,28,23,14,20,14,7,False,0,False
290.22382,9.315,9.097,7.657,7.191,19.931,20,18,3,2472743.2,71,71,71,71,103,103,101,100,20.232,20.2,22.281,22.216,215.648,94133,0,0,316,8100,12,4,0,0,0,28,23,14,20,14,7,False,0,False
290.727,9.32,9.103,7.657,7.191,19.917,20,18,3,2464104,71,71,71,71,103,103,101,100,20.225,20.193,22.272,22.208,260.486,94133,0,0,300,8100,12,4,0,0,0,28,23,14,20,14,7,False,0,False
291.2291,9.325,9.108,7.657,7.191,19.903,20,18,3,2455357.2,71,71,71,71,103,102,101,99,20.217,20.186,22.263,22.199,307.254,94133,0,0,283,8100,12,4,0,0,0,28,23,14,20,14,7,False,0,False
291.7248,9.33,9.113,7.657,7.191,19.889,20,18,3,2447438.2,71,71,71,71,103,102,100,99,20.21,20.179,22.255,22.191,351.383,94133,0,0,283,8100,12,4,0,0,0,28,23,14,20,14,7,False,0,False
292.22406,9.335,9.118,7.657,7.191,19.876,20,18,3,2439461.5,72,72,72,71,103,102,100,99,20.202,20.171,22.245,22.182,397.346,94133,0,0,283,8100,12,4,0,0,0,28,23,14,20,14,7,False,0,False
292.72852,9.341,9.123,7.657,7.191,19.861,20,18,3,2431412.2,72,71,72,71,103,102,100,99,20.193,20.163,22.236,22.173,445.121,94133,0,0,250,7933,12,4,0,0,0,28,23,14,20,14,7,False,0,False
293.22748,9.347,9.127,7.658,7.192,19.848,20,18,3,2424040.8,71,71,72,71,102,102,100,99,20.185,20.155,22.226,22.164,490.033,94133,0,0,234,7933,12,4,0,0,0,28,23,14,20,14,7,False,0,False
293.726,9.353,9.136,7.66,7.194,19.834,20,18,3,2416537.2,71,72,72,72,102,102,100,99,20.176,20.146,22.217,22.154,536.678,94133,0,0,233,7850,12,4,0,0,0,28,23,14,20,14,7,False,0,False
294.22635,9.359,9.143,7.665,7.199,19.82,20,18,3,2414270,73,73,74,74,102,101,100,99,20.168,20.138,22.207,22.145,583.355,94133,0,0,216,7850,12,4,0,0,0,28,23,14,20,14,7,False,0,False
295.2263,9.406,9.189,7.716,7.253,19.817,20,18,3,2481849.5,74,74,75,75,102,101,100,99,20.167,20.138,22.214,22.152,655.445,94133,0,0,217,7800,12,4,0,0,0,28,23,14,20,14,7,False,0,False
295.72336,9.419,9.2,7.723,7.26,19.817,20,18,3,2507410.5,73,73,73,72,102,102,100,99,20.169,20.141,22.219,22.158,679.84,94133,0,0,217,7900,12,4,0,0,0,28,23,14,20,14,7,False,0,False
296.23022,9.427,9.226,7.737,7.265,19.817,20,18,3,2528910.5,72,76,74,72,102,102,100,99,20.173,20.146,22.225,22.164,699.592,94133,0,0,266,7900,12,4,0,0,0,28,23,14,20,14,7,False,0,False
296.72552,9.436,9.233,7.744,7.276,19.817,20,18,3,2545255.5,73,73,75,74,102,102,100,99,20.176,20.151,22.231,22.169,714.203,94133,0,0,266,8050,12,4,0,0,0,28,23,14,20,14,7,False,0,False
297.2264,9.446,9.24,7.766,7.292,19.817,20,18,3,2556574.2,75,72,82,77,102,102,100,99,20.179,20.154,22.238,22.175,725.887,94133,0,0,266,8050,12,4,0,0,0,28,23,14,20,14,7,False,0,False
298.227,9.462,9.254,7.81,7.319,19.815,20,18,3,2570774,74,73,91,79,102,102,100,99,20.188,20.16,22.259,22.19,753.67,94133,0,0,234,8050,12,4,0,0,0,28,23,14,20,14,7,False,0,False
298.72034,9.475,9.264,7.827,7.332,19.812,20,18,3,2575694.8,78,75,89,80,102,102,101,99,20.192,20.163,22.27,22.197,765.418,94133,0,0,234,8200,12,4,0,0,0,28,23,14,20,14,7,False,0,False
299.23047,9.482,9.272,7.83,7.335,19.807,20,18,3,2580037.8,76,74,81,75,103,102,101,100,20.197,20.167,22.279,22.203,776.387,94133,0,0,234,8200,12,4,0,0,0,28,23,14,20,14,7,False,0,False
299.72623,9.491,9.284,7.83,7.335,19.799,20,18,3,2582290.5,76,76,74,71,103,102,101,100,20.201,20.17,22.284,22.207,788.729,94133,0,0,234,8200,12,4,0,0,0,28,23,14,20,14,7,False,0,False
300.22488,9.502,9.296,7.832,7.337,19.79,20,18,3,2586828,76,76,71,71,103,102,101,100,20.205,20.175,22.287,22.209,804.109,94133,0,0,234,8200,12,4,0,0,0,28,23,14,20,14,7,False,0,False
300.72638,9.513,9.308,7.836,7.342,19.78,20,18,3,2594485.5,75,75,70,73,103,102,101,100,20.208,20.178,22.288,22.212,821.732,94133,0,0,316,8200,12,4,0,0,0,28,23,14,20,14,7,False,0,False
301.23016,9.528,9.325,7.847,7.354,19.77,20,18,3,2605227,76,78,73,76,103,102,101,100,20.21,20.182,22.289,22.215,843.887,94133,0,0,316,8167,12,4,0,0,0,28,23,14,20,14,7,False,0,False
301.7287,9.546,9.346,7.858,7.366,19.76,20,18,3,2611419.8,76,80,73,75,103,102,101,100,20.213,20.186,22.291,22.218,867.727,94133,0,0,200,8167,12,4,0,0,0,28,23,14,20,14,7,False,0,False
302.22775,9.572,9.374,7.87,7.378,19.747,20,18,3,2614616.8,78,82,74,75,103,102,101,100,20.216,20.19,22.292,22.22,889.418,94133,0,0,200,8217,12,4,0,0,0,28,23,14,20,14,7,False,0,False
302.72577,9.599,9.403,7.878,7.385,19.735,20,18,3,2615427.5,77,78,71,73,103,103,101,100,20.219,20.196,22.292,22.221,914.674,94133,0,0,217,8217,12,4,0,0,0,28,23,14,20,14,7,False,0,False
303.2297,9.612,9.42,7.88,7.387,19.721,20,18,3,2608917.2,74,76,72,71,103,103,101,100,20.22,20.197,22.291,22.221,943.822,94133,0,0,217,8217,12,4,0,0,0,28,23,14,20,14,7,False,0,False
303.72742,9.637,9.441,7.895,7.401,19.707,20,18,3,2601972.2,77,75,75,72,103,103,101,100,20.222,20.198,22.291,22.22,973.676,94133,0,0,216,8216,12,4,0,0,0,28,23,14,20,14,7,False,0,False
304.2295,9.657,9.458,7.906,7.412,19.694,20,18,3,2599231.8,76,73,74,72,103,103,101,100,20.223,20.198,22.29,22.219,1005.381,94133,0,0,216,8216,12,4,0,0,0,28,23,14,20,14,7,False,0,False
304.72906,9.671,9.469,7.91,7.417,19.68,20,18,3,2590692.5,73,71,71,70,103,103,101,100,20.222,20.197,22.288,22.217,1037.738,94133,0,0,200,8200,12,4,0,0,0,28,23,14,20,14,7,False,0,False
305.22833,9.679,9.476,7.911,7.418,19.667,20,18,3,2582340.5,71,70,70,70,103,103,101,100,20.22,20.194,22.284,22.213,1070.66,94133,0,0,200,8200,12,4,0,0,0,28,23,14,20,14,7,False,0,False
306.22726,9.693,9.489,7.911,7.418,19.64,20,18,3,2570505,71,71,70,70,103,102,101,100,20.214,20.188,22.275,22.205,1142.883,94133,0,0,200,8200,12,4,0,0,0,28,23,14,20,14,7,False,0,False
306.72647,9.699,9.496,7.911,7.418,19.626,20,18,3,2561865,71,71,71,70,103,102,101,99,20.21,20.184,22.27,22.2,1180.852,94133,0,0,200,8200,12,4,0,0,0,28,23,14,20,14,7,False,0,False
307.2285,9.706,9.502,7.911,7.418,19.612,20,18,3,2552937,71,71,71,71,103,102,101,99,20.206,20.18,22.264,22.195,1221.254,94133,0,0,200,8200,12,4,0,0,0,28,23,14,20,14,7,False,0,False
307.72903,9.711,9.508,7.911,7.418,19.599,20,18,3,2549691.8,71,71,71,71,103,102,100,99,20.201,20.176,22.258,22.189,1261.342,94133,0,0,200,8184,12,4,0,0,0,28,23,14,20,14,7,False,0,False
308.23004,9.716,9.513,7.911,7.418,19.586,20,18,3,2541051.8,71,71,71,71,103,102,100,99,20.196,20.171,22.252,22.183,1302.139,94133,0,0,200,8184,12,4,0,0,0,28,23,14,20,14,7,False,0,False
308.72418,9.721,9.519,7.911,7.418,19.572,20,18,3,2532699.8,71,71,71,71,102,102,100,99,20.191,20.166,22.245,22.177,1342.283,94133,0,0,200,8117,12,4,0,0,0,28,23,14,20,14,7,False,0,False
309.22882,9.727,9.526,7.912,7.418,19.558,20,18,3,2523771.8,71,71,71,71,102,102,100,99,20.185,20.161,22.238,22.17,1385.873,94133,0,0,200,8100,12,4,0,0,0,28,23,14,20,14,7,False,0,False
309.72726,9.743,9.543,7.935,7.44,19.552,20,18,3,2546466.2,74,74,77,76,102,102,100,99,20.182,20.158,22.235,22.168,1424.596,94133,0,0,184,8100,12,4,0,0,0,28,23,14,20,14,7,False,0,False
310.2257,9.758,9.558,7.948,7.453,19.551,20,18,3,2577662.2,72,72,73,73,102,102,100,99,20.183,20.159,22.239,22.172,1456.318,94133,0,0,167,8050,12,4,0,0,0,28,23,14,20,14,7,False,0,False
310.72604,9.766,9.565,7.953,7.459,19.549,20,18,3,2604540.5,71,70,72,71,102,102,100,99,20.184,20.16,22.243,22.176,1482.172,94133,0,0,167,8050,12,4,0,0,0,28,23,14,20,14,7,False,0,False
311.22775,9.787,9.581,7.983,7.485,19.549,20,18,3,2629125,78,74,83,79,102,102,100,99,20.187,20.162,22.248,22.182,1503.561,94133,0,0,167,8150,12,4,0,0,0,28,23,14,20,14,7,False,0,False
311.72864,9.813,9.6,8.037,7.527,19.549,20,18,3,2648813.8,81,76,96,88,103,102,100,99,20.194,20.167,22.26,22.191,1520.82,94133,0,0,250,8200,12,4,0,0,0,28,23,14,20,14,7,False,0,False
312.23062,9.833,9.614,8.076,7.561,19.547,20,18,3,2658765.2,82,76,97,89,103,102,101,99,20.201,20.171,22.273,22.202,1542.541,94133,0,0,250,8200,12,4,0,0,0,28,23,14,20,14,7,False,0,False
312.7276,9.852,9.629,8.113,7.588,19.541,20,18,3,2665949.5,81,77,96,87,103,102,101,100,20.207,20.175,22.286,22.212,1563.486,94133,0,0,267,8200,12,4,0,0,0,28,23,14,20,14,7,False,0,False
313.2307,9.872,9.646,8.137,7.605,19.534,20,18,3,2673792,81,77,90,81,103,102,101,100,20.214,20.179,22.297,22.219,1580.783,94133,0,0,267,8200,12,4,0,0,0,28,23,14,20,14,7,False,0,False
313.7303,9.891,9.66,8.153,7.618,19.528,20,18,3,2681542.8,81,76,83,77,103,102,101,100,20.219,20.183,22.305,22.225,1597.477,94133,0,0,267,8300,12,4,0,0,0,28,23,14,20,14,7,False,0,False
314.22473,9.906,9.674,8.16,7.624,19.518,20,18,3,2689103.2,78,75,77,73,103,102,101,100,20.223,20.185,22.31,22.228,1614.365,94133,0,0,367,8300,12,4,0,0,0,28,23,14,20,14,7,False,0,False
314.7248,9.925,9.694,8.164,7.628,19.506,20,18,3,2695369.8,79,77,73,71,103,102,101,100,20.227,20.188,22.312,22.229,1635.164,94133,0,0,367,8300,12,4,0,0,0,28,23,14,20,14,7,False,0,False
315.22635,9.953,9.719,8.165,7.63,19.493,20,18,3,2695226,82,81,72,69,103,102,101,100,20.231,20.192,22.312,22.229,1658.305,94133,0,0,367,8300,12,4,0,0,0,28,23,14,20,14,7,False,0,False
315.72894,9.978,9.741,8.165,7.63,19.48,20,18,3,2696035.5,77,76,69,68,103,103,101,100,20.233,20.195,22.312,22.228,1684.73,94133,0,0,283,8300,12,4,0,0,0,28,23,14,20,14,7,False,0,False
316.22577,9.991,9.754,8.167,7.632,19.467,20,18,3,2689996,74,74,70,70,103,103,101,100,20.234,20.196,22.31,22.227,1711.756,94133,0,0,283,8300,12,4,0,0,0,28,23,14,20,14,7,False,0,False
316.72888,10.001,9.767,8.171,7.635,19.454,20,18,3,2687725.2,72,74,70,71,103,103,101,100,20.234,20.196,22.308,22.225,1742.395,94133,0,0,233,8300,12,4,0,0,0,28,23,14,20,14,7,False,0,False
317.72565,10.03,9.803,8.194,7.657,19.427,20,18,3,2671258.2,74,77,74,75,103,103,101,100,20.231,20.197,22.303,22.223,1806.176,94133,29974,0,234,8300,12,4,0,0,0,28,23,14,20,14,7,False,0,False
318.22836,10.046,9.824,8.208,7.67,19.417,20,18,3,2676627.8,72,74,73,72,103,103,101,100,20.23,20.197,22.301,22.222,1841.535,94133,29974,0,233,8316,12,4,0,0,0,28,23,14,20,14,7,False,0,False
318.72153,10.089,9.858,8.27,7.724,19.417,20,18,3,2707078,84,79,92,85,103,103,101,100,20.232,20.198,22.304,22.224,1871.441,94133,29974,0,233,8316,12,4,0,0,0,28,23,14,20,14,7,False,0,False
319.72916,10.169,9.92,8.435,7.855,19.409,20,18,3,2732931.2,85,80,101,92,103,103,102,100,20.243,20.205,22.326,22.239,1925.875,94133,29974,0,233,8367,12,4,0,0,0,28,23,14,20,14,7,False,0,False
320.2295,10.204,9.947,8.471,7.884,19.401,20,18,3,2738640,83,78,87,80,104,103,102,100,20.249,20.208,22.334,22.244,1951.871,94133,29974,0,283,8367,12,4,0,0,0,28,23,14,20,14,7,False,0,False
320.72638,10.219,9.96,8.477,7.89,19.39,20,18,3,2737069,75,73,74,72,104,103,102,100,20.251,20.208,22.335,22.245,1976.604,94133,29974,0,283,8367,12,4,0,0,0,28,23,14,20,14,7,False,0,False
321.2289,10.246,9.989,8.496,7.913,19.375,20,18,3,2730853.8,79,80,75,79,104,103,102,100,20.251,20.209,22.334,22.244,2005.424,94133,29974,0,334,8500,12,4,0,0,0,28,23,14,20,14,7,False,0,False
321.7243,10.291,10.05,8.532,7.954,19.364,20,18,3,2733943.2,82,88,80,84,104,103,102,100,20.253,20.214,22.334,22.246,2035.904,94133,29974,0,366,8500,12,4,0,0,0,28,23,14,20,14,7,False,0,False
322.22937,10.328,10.093,8.57,8,19.35,20,18,3,2733085,79,82,80,85,104,103,102,100,20.255,20.218,22.334,22.248,2068.074,94133,29974,0,366,8500,12,4,0,0,0,28,23,14,20,14,7,False,0,False
322.72528,10.369,10.143,8.605,8.041,19.338,20,18,3,2731061,80,85,78,82,104,103,102,100,20.256,20.222,22.333,22.25,2097.541,94133,29974,0,400,8550,12,4,0,0,0,28,23,14,20,14,7,False,0,False
323.2292,10.391,10.17,8.622,8.057,19.323,20,18,3,2722273,74,77,73,75,104,103,102,100,20.255,20.223,22.33,22.249,2130.922,94133,29974,0,400,8583,12,4,0,0,0,28,23,14,20,14,7,False,0,False
323.72906,10.4,10.182,8.627,8.061,19.31,20,18,3,2717013.8,72,73,72,72,104,103,102,100,20.252,20.222,22.326,22.245,2164.521,94133,29974,0,416,8583,12,4,0,0,0,28,23,14,20,14,7,False,0,False
324.2276,10.415,10.197,8.646,8.081,19.306,20,18,3,2743478.8,73,74,75,75,104,103,102,100,20.252,20.221,22.326,22.246,2193.389,94133,29974,0,416,8600,12,4,0,0,0,28,23,14,20,14,7,False,0,False
325.23047,10.43,10.21,8.655,8.092,19.305,20,18,3,2791042.2,71,70,72,71,104,103,102,100,20.253,20.223,22.332,22.252,2236.562,94133,29974,0,433,8734,12,4,0,0,0,28,23,14,20,14,7,False,0,False
325.72925,10.441,10.218,8.67,8.106,19.305,20,18,3,2809326.2,75,71,78,75,104,103,102,100,20.255,20.223,22.336,22.256,2252.354,94133,29974,0,433,8734,12,4,0,0,0,28,23,14,20,14,7,False,0,False
326.22687,10.454,10.228,8.702,8.129,19.305,20,18,3,2822232.2,77,73,90,82,104,103,102,100,20.258,20.225,22.343,22.261,2263.475,94133,29974,0,517,8734,12,4,0,0,0,28,23,14,20,14,7,False,0,False
326.72778,10.462,10.235,8.738,8.152,19.304,20,18,3,2828500.8,76,73,98,85,104,103,102,101,20.261,20.227,22.354,22.269,2275.086,94133,29974,0,517,8834,12,4,0,0,0,28,23,14,20,14,7,False,0,False
327.2305,10.473,10.244,8.76,8.167,19.3,20,18,3,2834310,77,74,95,83,104,103,102,101,20.264,20.229,22.367,22.277,2291.723,94133,29974,0,517,8834,12,4,0,0,0,28,23,14,20,14,7,False,0,False
327.7265,10.486,10.255,8.77,8.175,19.295,20,18,3,2840196,79,75,87,79,104,103,102,101,20.268,20.231,22.375,22.282,2304.514,94133,29974,0,517,8834,12,4,0,0,0,28,23,14,20,14,7,False,0,False
328.22733,10.498,10.266,8.775,8.18,19.289,20,18,3,2846969,78,75,80,74,104,103,103,101,20.273,20.234,22.381,22.286,2317.803,94133,29974,0,517,8834,12,4,0,0,0,28,23,14,20,14,7,False,0,False
328.72314,10.508,10.276,8.779,8.184,19.28,20,18,3,2854153.2,77,75,76,72,104,103,103,101,20.276,20.236,22.384,22.288,2332.447,94133,29974,0,517,8834,12,4,0,0,0,28,23,14,20,14,7,False,0,False
329.226,10.529,10.299,8.783,8.187,19.269,20,18,3,2861684,81,81,73,70,104,103,103,101,20.279,20.239,22.386,22.288,2349.324,94133,29974,0,517,8834,12,4,0,0,0,28,23,14,20,14,7,False,0,False
329.72946,10.558,10.331,8.783,8.188,19.255,20,18,3,2863779.5,82,83,70,69,104,103,103,101,20.284,20.244,22.385,22.288,2370.135,94133,29974,0,484,8834,12,4,0,0,0,28,23,14,20,14,7,False,0,False
330.2282,10.57,10.345,8.783,8.188,19.242,20,18,3,2859656,76,76,69,69,104,104,103,101,20.287,20.247,22.384,22.287,2392.449,94133,29974,0,484,8834,12,4,0,0,0,28,23,14,20,14,7,False,0,False
330.7292,10.581,10.357,8.783,8.188,19.229,20,18,3,2860856.5,74,73,69,69,104,104,103,101,20.287,20.248,22.381,22.285,2418.691,94133,29974,0,433,8783,12,4,0,0,0,28,23,14,20,14,7,False,0,False
331.2248,10.59,10.367,8.783,8.188,19.217,20,18,3,2860307.5,73,72,69,69,104,104,102,101,20.286,20.247,22.378,22.283,2445.332,94133,29974,0,433,8783,12,4,0,0,0,28,23,14,20,14,7,False,0,False
331.72537,10.599,10.376,8.783,8.188,19.203,20,18,3,2852994,72,72,70,69,104,103,102,101,20.285,20.246,22.375,22.28,2474.906,94133,29974,0,400,8783,12,4,0,0,0,28,23,14,20,14,7,False,0,False
332.22955,10.607,10.383,8.783,8.188,19.19,20,18,3,2850015.8,72,72,70,70,104,103,102,101,20.283,20.244,22.371,22.277,2507.184,94133,29974,0,400,8750,12,4,0,0,0,28,23,14,20,14,7,False,0,False
332.72726,10.615,10.391,8.784,8.188,19.176,20,18,3,2841678.5,72,72,70,70,104,103,102,101,20.28,20.242,22.367,22.274,2538.932,94133,29974,0,383,8750,12,4,0,0,0,28,23,14,20,14,7,False,0,False
333.22714,10.625,10.404,8.791,8.195,19.162,20,18,3,2833038.5,72,74,72,73,104,103,102,101,20.277,20.239,22.363,22.27,2573.342,94133,29974,0,383,8750,12,4,0,0,0,28,23,14,20,14,7,False,0,False
333.7271,10.66,10.447,8.831,8.239,19.15,20,18,3,2829861.2,78,82,79,82,104,103,102,101,20.276,20.239,22.36,22.269,2608.398,94133,29974,0,383,8734,12,4,0,0,0,28,23,14,20,14,7,False,0,False
334.2275,10.688,10.483,8.869,8.276,19.139,20,18,3,2834342.8,76,79,80,82,104,103,102,101,20.275,20.24,22.358,22.268,2644.357,94133,29974,0,384,8734,12,4,0,0,0,28,23,14,20,14,7,False,0,False
334.7278,10.718,10.517,8.908,8.311,19.137,20,18,3,2862772.8,77,80,81,82,104,103,102,101,20.276,20.243,22.361,22.273,2675.039,94133,29974,0,384,8750,12,4,0,0,0,28,23,14,20,14,7,False,0,False
335.2279,10.743,10.546,8.931,8.335,19.136,20,18,3,2887225.2,78,81,79,82,104,104,102,101,20.279,20.248,22.366,22.28,2697.48,94133,29974,0,383,8750,12,4,0,0,0,28,23,14,20,14,7,False,0,False
335.7254,10.756,10.562,8.943,8.348,19.136,20,18,3,2908016.2,75,78,76,79,104,104,102,101,20.282,20.253,22.371,22.287,2715.496,94133,29974,0,383,8750,12,4,0,0,0,28,23,14,20,14,7,False,0,False
336.2281,10.764,10.572,8.954,8.361,19.136,20,18,3,2924810.8,73,76,77,80,104,104,102,101,20.284,20.257,22.375,22.292,2730.07,94133,29974,0,383,8783,12,4,0,0,0,28,23,14,20,14,7,False,0,False
336.72427,10.775,10.584,8.972,8.388,19.136,20,18,3,2937350.5,75,77,80,89,104,104,102,101,20.287,20.261,22.38,22.301,2740.568,94133,29974,0,383,8783,12,4,0,0,0,28,23,14,20,14,7,False,0,False
337.72873,10.79,10.601,8.99,8.414,19.129,20,18,3,2948397,75,77,77,84,104,104,103,101,20.291,20.268,22.391,22.32,2769.08,94133,29974,0,350,8867,12,4,0,0,0,28,23,14,20,14,7,False,0,False
338.22925,10.802,10.614,8.993,8.417,19.124,20,18,3,2954340.5,76,79,74,78,104,104,103,102,20.294,20.273,22.394,22.326,2779.924,94133,29974,0,350,8867,12,4,0,0,0,28,23,14,20,14,7,False,0,False
338.72015,10.812,10.624,8.995,8.42,19.116,20,18,3,2958553.5,76,77,71,74,104,104,103,102,20.297,20.276,22.395,22.329,2792.924,94133,29974,0,350,8867,12,4,0,0,0,28,23,14,20,14,7,False,0,False
339.2251,10.829,10.64,8.995,8.42,19.105,20,18,3,2962171,79,79,69,71,104,104,103,102,20.3,20.279,22.395,22.331,2808.914,94133,29974,0,417,8867,12,4,0,0,0,28,23,14,20,14,7,False,0,False
339.72668,10.854,10.662,8.995,8.42,19.094,20,18,3,2970848.5,81,81,69,69,105,104,103,102,20.304,20.283,22.394,22.331,2827.59,94133,29974,0,417,8883,12,4,0,0,0,28,23,14,20,14,7,False,0,False
340.22458,10.869,10.676,8.995,8.42,19.081,20,18,3,2967374.2,77,76,69,68,105,104,103,102,20.307,20.286,22.393,22.33,2848.982,94133,29974,0,450,8883,12,4,0,0,0,28,23,14,20,14,7,False,0,False
340.72534,10.893,10.699,8.995,8.42,19.069,20,18,3,2942053,77,76,69,69,105,104,103,102,20.309,20.289,22.391,22.329,2873.256,94133,29974,0,450,8883,12,4,0,0,0,28,23,14,20,14,7,False,0,False
341.22586,10.908,10.714,8.995,8.42,19.055,20,18,3,2901338.5,74,74,69,69,105,104,103,102,20.309,20.289,22.389,22.327,2900.188,94133,29974,0,417,8883,12,4,0,0,0,28,23,14,20,14,7,False,0,False
341.72516,10.92,10.726,8.995,8.42,19.041,20,18,3,2852444.2,73,73,70,70,105,104,103,102,20.309,20.289,22.386,22.325,2929.771,94133,29974,0,417,8833,12,4,0,0,0,28,23,14,20,14,7,False,0,False
342.22736,10.928,10.735,8.995,8.42,19.028,20,18,3,2848143.2,71,71,70,70,105,104,103,102,20.307,20.287,22.383,22.323,2961.453,94133,29974,0,400,8833,12,4,0,0,0,28,23,14,20,14,7,False,0,False
342.72516,10.936,10.742,8.995,8.42,19.015,20,18,3,2839503.2,71,71,70,70,105,104,102,101,20.304,20.285,22.38,22.319,2994.967,94133,29974,0,400,8833,12,4,0,0,0,28,23,14,20,14,7,False,0,False
343.2275,10.943,10.749,8.995,8.42,19.002,20,18,3,2836247.8,71,71,71,70,105,104,102,101,20.301,20.282,22.376,22.316,3030.051,94133,29974,0,367,8800,12,4,0,0,0,28,23,14,20,14,7,False,0,False
343.72858,10.949,10.755,8.995,8.42,18.988,20,18,3,2827319.8,71,71,71,71,104,104,102,101,20.298,20.279,22.371,22.311,3067.643,94133,29974,0,366,8800,12,4,0,0,0,28,23,14,20,14,7,False,0,False
344.2279,10.955,10.761,8.995,8.42,18.974,20,18,3,2818967.8,71,71,71,70,104,104,102,101,20.294,20.275,22.366,22.307,3104.047,94133,29974,0,366,8766,12,4,0,0,0,28,23,14,20,14,7,False,0,False
344.7257,10.962,10.767,8.995,8.42,18.96,20,18,3,2810327.8,71,71,71,71,104,104,102,101,20.29,20.271,22.36,22.302,3142.855,94133,29974,0,350,8766,12,4,0,0,0,28,23,14,20,14,7,False,0,False
345.22415,10.968,10.773,8.995,8.42,18.947,20,18,3,2801687.8,71,71,71,71,104,104,102,101,20.285,20.267,22.354,22.296,3182.717,94133,29974,0,334,8700,12,4,0,0,0,28,23,14,20,14,7,False,0,False
346.2271,10.979,10.784,8.995,8.42,18.92,20,18,3,2789821.5,71,71,71,71,104,104,102,101,20.274,20.256,22.341,22.284,3264.9,94133,29974,0,317,8683,12,4,0,0,0,28,23,14,20,14,7,False,0,False
346.72452,10.985,10.789,8.995,8.42,18.906,20,18,3,2781181.5,71,71,71,71,104,104,102,101,20.269,20.251,22.334,22.277,3307.137,94133,29974,0,300,8633,12,4,0,0,0,28,23,14,20,14,7,False,0,False
347.22437,10.99,10.795,8.996,8.421,18.892,20,18,3,2774556.8,71,71,72,72,104,103,102,101,20.263,20.245,22.326,22.27,3350.057,94133,29974,0,300,8617,12,4,0,0,0,28,23,14,20,14,7,False,0,False
347.72394,11.013,10.817,9.027,8.451,18.889,20,18,3,2808372.5,74,74,77,77,104,103,102,101,20.261,20.243,22.327,22.27,3388.186,94133,29974,0,283,8617,12,4,0,0,0,28,23,14,20,14,7,False,0,False
348.22336,11.028,10.836,9.048,8.471,18.888,20,18,3,2838518.8,72,75,76,77,104,103,102,101,20.262,20.245,22.331,22.275,3417.977,94133,29974,0,283,8583,12,4,0,0,0,28,23,14,20,14,7,False,0,False
348.71768,11.053,10.87,9.091,8.524,18.888,20,18,3,2864249.2,77,82,84,90,104,104,102,101,20.264,20.249,22.337,22.283,3442.936,94133,29974,0,283,8600,12,4,0,0,0,28,23,14,20,14,7,False,0,False
349.72638,11.104,10.934,9.187,8.649,18.879,20,18,3,2887866.5,80,86,89,97,104,104,102,101,20.271,20.262,22.356,22.31,3491.172,94133,29974,0,317,8600,12,4,0,0,0,28,23,14,20,14,7,False,0,False
350.22934,11.142,10.981,9.224,8.697,18.87,20,18,3,2894873,84,89,85,93,104,104,102,102,20.277,20.271,22.364,22.322,3513.611,94133,29974,0,283,8600,12,4,0,0,0,28,23,14,20,14,7,False,0,False
350.72833,11.168,11.014,9.253,8.733,18.861,20,18,3,2901304,80,85,82,88,104,104,102,102,20.281,20.278,22.37,22.331,3534.578,94133,29974,0,283,8600,12,4,0,0,0,28,23,14,20,14,7,False,0,False
351.22733,11.196,11.048,9.275,8.759,18.85,20,18,3,2907661.8,79,84,78,82,104,104,102,102,20.285,20.283,22.374,22.337,3557.189,94133,29974,0,317,8600,12,4,0,0,0,28,23,14,20,14,7,False,0,False
351.72327,11.226,11.082,9.295,8.78,18.836,20,18,3,2906028.2,81,85,77,80,104,104,102,102,20.287,20.288,22.376,22.34,3581.34,94133,29974,0,317,8634,12,4,0,0,0,28,23,14,20,14,7,False,0,False
352.22818,11.261,11.123,9.318,8.804,18.823,20,18,3,2905661.8,80,84,78,80,104,104,102,102,20.29,20.294,22.377,22.343,3607.496,94133,29974,0,367,8634,12,4,0,0,0,28,23,14,20,14,7,False,0,False
352.729,11.288,11.155,9.337,8.824,18.809,20,18,3,2898501.2,77,80,76,77,104,104,102,102,20.292,20.297,22.377,22.345,3636.752,94133,29974,0,367,8667,12,4,0,0,0,28,23,14,20,14,7,False,0,False
353.22943,11.309,11.18,9.352,8.839,18.795,20,18,3,2890778.8,75,78,74,75,104,104,102,102,20.292,20.299,22.376,22.345,3667.418,94133,29974,0,366,8667,12,4,0,0,0,28,23,14,20,14,7,False,0,False
353.728,11.323,11.198,9.361,8.846,18.783,20,18,3,2888250.8,72,75,72,72,104,104,102,102,20.29,20.299,22.375,22.343,3698.938,94133,29974,0,366,8650,12,4,0,0,0,28,23,14,20,14,7,False,0,False
354.22644,11.338,11.211,9.37,8.855,18.769,20,18,3,2879610.8,75,74,75,72,104,104,102,102,20.288,20.297,22.372,22.34,3732.438,94133,29974,0,384,8650,12,4,0,0,0,28,23,14,20,14,7,False,0,False
354.7277,11.362,11.23,9.389,8.874,18.755,20,18,3,2870970.8,77,75,77,75,104,104,102,102,20.287,20.295,22.369,22.337,3766.43,94133,29974,0,400,8666,12,4,0,0,0,28,23,14,20,14,7,False,0,False
355.2284,11.413,11.272,9.457,8.936,18.742,20,18,3,2862330.8,86,82,92,87,104,104,102,102,20.287,20.294,22.369,22.336,3801.979,94133,29974,0,400,8666,12,4,0,0,0,28,23,14,20,14,7,False,0,False
355.72473,11.49,11.337,9.573,9.037,18.728,20,18,3,2853690.8,88,83,98,92,104,104,102,102,20.291,20.295,22.375,22.339,3838.242,94133,29974,0,400,8650,12,4,0,0,0,28,23,14,20,14,7,False,0,False
356.22903,11.561,11.396,9.687,9.135,18.715,20,18,3,2850185.5,87,83,96,90,104,104,102,102,20.295,20.296,22.38,22.342,3875.801,94133,29974,0,400,8650,12,4,0,0,0,28,23,14,20,14,7,False,0,False
356.72354,11.623,11.448,9.771,9.207,18.702,20,18,3,2841833.5,86,82,92,86,104,104,103,102,20.297,20.296,22.383,22.343,3910.734,94133,29974,0,400,8650,12,4,0,0,0,28,23,14,20,14,7,False,0,False
357.2261,11.677,11.493,9.829,9.259,18.688,20,18,3,2833193.5,83,79,84,81,104,104,103,102,20.298,20.295,22.384,22.341,3946.463,94133,29974,0,417,8667,12,4,0,0,0,28,23,14,20,14,7,False,0,False
357.7251,11.704,11.513,9.848,9.279,18.675,20,18,3,2824553.5,76,74,76,73,104,104,102,102,20.296,20.292,22.38,22.336,3982.184,94133,29974,0,434,8667,12,4,0,0,0,28,23,14,20,14,7,False,0,False
358.227,11.715,11.522,9.851,9.282,18.661,20,18,3,2816018,73,73,72,71,104,104,102,102,20.291,20.286,22.373,22.329,4019.238,94133,29974,40346,434,8667,12,4,0,0,0,28,23,14,20,14,7,False,0,False
358.72232,11.732,11.537,9.869,9.301,18.658,20,18,3,2846035.2,74,73,76,75,104,104,102,102,20.287,20.283,22.37,22.327,4053.266,94133,29974,40346,434,8667,12,4,0,0,0,28,23,14,20,14,7,False,0,False
359.2243,11.767,11.565,9.919,9.345,18.657,20,18,3,2874471,82,77,89,84,104,104,102,102,20.289,20.283,22.375,22.33,4080.068,94133,29974,40346,434,8667,12,4,0,0,0,28,23,14,20,14,7,False,0,False
359.72623,11.807,11.594,9.985,9.398,18.657,20,18,3,2898566,85,78,98,89,104,104,103,102,20.294,20.285,22.384,22.337,4103.008,94133,29974,40346,467,8700,12,4,0,0,0,28,23,14,20,14,7,False,0,False
360.22882,11.831,11.612,10.049,9.447,18.657,20,18,3,2916760.2,81,76,102,91,104,104,103,102,20.299,20.287,22.397,22.346,4123.945,94133,29974,40346,467,8667,12,4,0,0,0,28,23,14,20,14,7,False,0,False
360.72833,11.852,11.628,10.099,9.483,18.652,20,18,3,2923820.2,81,77,100,89,105,104,103,102,20.303,20.289,22.409,22.354,4144.07,94133,29974,40346,467,8667,12,4,0,0,0,28,23,14,20,14,7,False,0,False
361.22745,11.876,11.648,10.127,9.505,18.644,20,18,3,2930303.2,83,78,91,83,105,104,103,102,20.307,20.29,22.418,22.359,4166.496,94133,29974,40346,417,8667,12,4,0,0,0,28,23,14,20,14,7,False,0,False
361.7246,11.913,11.68,10.148,9.521,18.633,20,18,3,2936694.2,87,83,84,77,105,104,103,102,20.311,20.293,22.424,22.362,4186.863,94133,29974,40346,417,8717,12,4,0,0,0,28,23,14,20,14,7,False,0,False
362.22675,11.933,11.699,10.157,9.53,18.621,20,18,3,2938825.8,80,78,77,73,105,104,103,102,20.315,20.296,22.426,22.363,4208.602,94133,29974,40346,433,8717,12,4,0,0,0,28,23,14,20,14,7,False,0,False
362.72437,11.973,11.739,10.168,9.541,18.609,20,18,3,2940673.8,85,84,76,73,105,104,103,102,20.318,20.298,22.426,22.362,4232.957,94133,29974,40346,433,8750,12,4,0,0,0,28,23,14,20,14,7,False,0,False
363.22552,11.99,11.755,10.169,9.542,18.595,20,18,3,2934892,77,75,71,70,105,104,103,102,20.32,20.299,22.424,22.36,4259.748,94133,29974,40346,450,8750,12,4,0,0,0,28,23,14,20,14,7,False,0,False
363.72385,12.003,11.766,10.169,9.542,18.581,20,18,3,2893104,74,74,70,70,105,104,103,102,20.319,20.298,22.421,22.356,4288.746,94133,29974,40346,450,8750,12,4,0,0,0,28,23,14,20,14,7,False,0,False
364.22443,12.013,11.776,10.169,9.542,18.569,20,18,3,2845217.5,73,73,70,70,105,104,103,102,20.317,20.295,22.417,22.353,4319.891,94133,29974,40346,466,8766,12,4,0,0,0,28,23,14,20,14,7,False,0,False
364.72513,12.023,11.786,10.169,9.542,18.555,20,18,3,2787704,73,73,71,71,105,104,103,102,20.314,20.293,22.412,22.349,4353.035,94133,29974,40346,450,8766,12,4,0,0,0,28,23,14,20,14,7,False,0,False
365.22507,12.032,11.794,10.169,9.542,18.542,20,18,3,2735572.5,72,72,70,70,105,104,103,102,20.31,20.289,22.407,22.344,4387.979,94133,29974,40346,450,8766,12,4,0,0,0,28,23,14,20,14,7,False,0,False
365.727,12.039,11.801,10.169,9.542,18.528,20,18,3,2708975,72,72,71,70,105,104,103,102,20.306,20.285,22.402,22.339,4424.291,94133,29974,40346,450,8733,12,4,0,0,0,28,23,14,20,14,7,False,0,False
366.226,12.045,11.808,10.169,9.542,18.514,20,18,3,2700335,72,72,71,71,105,104,103,102,20.302,20.281,22.396,22.333,4461.727,94133,29974,40346,416,8733,12,4,0,0,0,28,23,14,20,14,7,False,0,False
366.7266,12.051,11.814,10.169,9.542,18.501,20,18,3,2691695,72,72,71,71,104,104,103,102,20.297,20.276,22.389,22.327,4500.191,94133,29974,40346,416,8700,12,4,0,0,0,28,23,14,20,14,7,False,0,False
367.22684,12.057,11.82,10.169,9.542,18.487,20,18,3,2683055,72,72,71,71,104,104,103,101,20.291,20.271,22.383,22.321,4539.584,94133,29974,40346,417,8700,12,4,0,0,0,28,23,14,20,14,7,False,0,False
367.72797,12.062,11.826,10.169,9.542,18.474,20,18,3,2679815.2,72,72,71,71,104,104,102,101,20.286,20.266,22.375,22.314,4579.791,94133,29974,40346,383,8666,12,4,0,0,0,28,23,14,20,14,7,False,0,False
368.22778,12.068,11.831,10.169,9.542,18.46,20,18,3,2671175.2,73,73,72,72,104,104,102,101,20.28,20.26,22.368,22.307,4620.609,94133,29974,40346,383,8666,12,4,0,0,0,28,23,14,20,14,7,False,0,False
368.72272,12.073,11.837,10.169,9.542,18.446,20,18,3,2662535.2,73,73,72,72,104,104,102,101,20.274,20.255,22.36,22.299,4662.082,94133,29974,40346,384,8667,12,4,0,0,0,28,23,14,20,14,7,False,0,False
369.2273,12.078,11.843,10.17,9.542,18.433,20,18,3,2653895.2,73,74,72,72,104,104,102,101,20.268,20.249,22.352,22.291,4704.129,94133,29974,40346,367,8667,12,4,0,0,0,28,23,14,20,14,7,False,0,False
369.7244,12.083,11.849,10.17,9.542,18.419,20,18,3,2645255.2,73,73,72,72,104,103,102,101,20.262,20.243,22.344,22.283,4746.668,94133,29974,40346,367,8634,12,4,0,0,0,28,23,14,20,14,7,False,0,False
370.2259,12.089,11.854,10.17,9.542,18.405,20,18,3,2636615.2,73,73,72,71,104,103,102,101,20.255,20.236,22.335,22.275,4789.648,94133,29974,40346,350,8600,12,4,0,0,0,28,23,14,20,14,7,False,0,False
370.72546,12.108,11.873,10.194,9.566,18.398,20,18,3,2660170,75,75,77,77,104,103,102,101,20.251,20.232,22.331,22.272,4830.266,94133,29974,40346,350,8600,12,4,0,0,0,28,23,14,20,14,7,False,0,False
371.224,12.128,11.896,10.216,9.588,18.398,20,18,3,2691773.8,74,74,76,76,104,103,102,101,20.251,20.232,22.335,22.276,4862.023,94133,29974,40346,333,8583,12,4,0,0,0,28,23,14,20,14,7,False,0,False
371.72675,12.138,11.905,10.222,9.594,18.397,20,18,3,2716976.2,72,71,73,72,104,103,102,101,20.252,20.233,22.339,22.28,4887.008,94133,29974,40346,333,8667,12,4,0,0,0,28,23,14,20,14,7,False,0,False
372.22372,12.151,11.914,10.239,9.609,18.397,20,18,3,2736120.5,75,72,78,74,104,103,102,101,20.254,20.234,22.344,22.285,4907.75,94133,29974,40346,400,8667,12,4,0,0,0,28,23,14,20,14,7,False,0,False
372.72638,12.175,11.932,10.275,9.638,18.397,20,18,3,2753914,81,76,89,82,104,103,102,101,20.258,20.236,22.351,22.29,4924.693,94133,29974,40346,400,8667,12,4,0,0,0,28,23,14,20,14,7,False,0,False
373.2219,12.195,11.948,10.318,9.665,18.395,20,18,3,2760756.5,80,77,95,83,104,103,102,101,20.264,20.24,22.363,22.298,4944.795,94133,29974,40346,400,8733,12,4,0,0,0,28,23,14,20,14,7,False,0,False
373.72195,12.211,11.962,10.336,9.678,18.387,20,18,3,2766881,80,77,88,79,104,103,102,101,20.269,20.244,22.374,22.305,4964.266,94133,29974,40346,433,8733,12,4,0,0,0,28,23,14,20,14,7,False,0,False
374.2261,12.236,11.986,10.347,9.687,18.378,20,18,3,2769750.8,83,81,80,74,104,104,102,101,20.274,20.248,22.38,22.309,4981.656,94133,29974,40346,433,8783,12,4,0,0,0,28,23,14,20,14,7,False,0,False
374.7225,12.264,12.014,10.353,9.693,18.366,20,18,3,2768265.5,82,81,76,72,104,104,103,101,20.28,20.253,22.384,22.311,5001.594,94133,29974,40346,433,8783,12,4,0,0,0,28,23,14,20,14,7,False,0,False
375.22324,12.289,12.04,10.359,9.698,18.353,20,18,3,2764190.5,80,79,73,71,104,104,103,101,20.285,20.257,22.385,22.312,5023.66,94133,29974,40346,467,8783,12,4,0,0,0,28,23,14,20,14,7,False,0,False
375.72595,12.308,12.058,10.365,9.705,18.339,20,18,3,2751141.8,78,76,73,71,104,104,103,101,20.287,20.26,22.386,22.312,5048.109,94133,29974,40346,467,8783,12,4,0,0,0,28,23,14,20,14,7,False,0,False
376.22162,12.324,12.073,10.366,9.707,18.326,20,18,3,2713676.5,75,74,71,70,104,104,103,101,20.289,20.261,22.385,22.311,5075.455,94133,29974,40346,450,8783,12,4,0,0,0,28,23,14,20,14,7,False,0,False
376.72147,12.34,12.087,10.368,9.709,18.313,20,18,3,2668727,74,73,71,70,104,104,103,101,20.289,20.261,22.384,22.31,5105.66,94133,29974,40346,450,8783,12,4,0,0,0,28,23,14,20,14,7,False,0,False
377.22583,12.352,12.099,10.368,9.71,18.299,20,18,3,2612451.5,74,72,70,70,104,104,103,101,20.288,20.26,22.382,22.308,5137.816,94133,29974,40346,450,8783,12,4,0,0,0,28,23,14,20,14,7,False,0,False
377.72238,12.362,12.108,10.369,9.71,18.286,20,18,3,2554836.5,73,73,70,71,104,104,102,101,20.287,20.258,22.378,22.305,5171.84,94133,29974,40346,450,8750,12,4,0,0,0,28,23,14,20,14,7,False,0,False
378.21997,12.37,12.117,10.369,9.71,18.273,20,18,3,2502725.8,73,73,71,71,104,104,102,101,20.285,20.256,22.375,22.302,5207.52,94133,29974,40346,450,8750,12,4,0,0,0,28,23,14,20,14,7,False,0,False
378.72226,12.378,12.125,10.369,9.71,18.259,20,18,3,2445110.8,73,73,71,71,104,104,102,101,20.283,20.254,22.371,22.299,5244.693,94133,29974,40346,433,8733,12,4,0,0,0,28,23,14,20,14,7,False,0,False
379.2256,12.386,12.133,10.369,9.71,18.245,20,18,3,2387495.8,73,73,71,71,104,104,102,101,20.28,20.251,22.366,22.294,5283.238,94133,29974,40346,417,8733,12,4,0,0,0,28,23,14,20,14,7,False,0,False
379.72263,12.394,12.141,10.369,9.71,18.231,20,18,3,2329880.8,73,73,71,71,104,104,102,101,20.276,20.248,22.361,22.29,5322.992,94133,29974,40346,417,8700,12,4,0,0,0,28,23,14,20,14,7,False,0,False
380.22498,12.401,12.148,10.369,9.71,18.219,20,18,3,2277844.8,71,71,71,71,104,103,102,101,20.272,20.244,22.355,22.284,5363.828,94133,29974,40346,400,8667,12,4,0,0,0,28,23,14,20,14,7,False,0,False
380.72128,12.409,12.155,10.369,9.71,18.205,20,18,3,2220229.8,71,72,71,71,104,103,102,101,20.267,20.239,22.349,22.279,5405.664,94133,29974,40346,366,8667,12,4,0,0,0,28,23,14,20,14,7,False,0,False
381.21942,12.415,12.162,10.369,9.71,18.191,20,18,4,2183837.2,71,71,71,71,104,103,102,101,20.262,20.234,22.343,22.272,39.73,93035,0,0,333,8583,12,5,0,0,0,28,23,14,20,14,7,False,0,False
381.72073,12.421,12.167,10.369,9.71,18.177,20,18,4,2175197.2,71,71,71,71,104,103,102,101,20.256,20.228,22.335,22.266,83.352,93035,0,0,300,8583,12,5,0,0,0,28,23,14,20,14,7,False,0,False
382.22134,12.426,12.173,10.369,9.71,18.163,20,18,4,2166557.2,72,72,72,72,104,103,102,100,20.25,20.222,22.328,22.259,127.527,93035,0,0,300,8583,12,5,0,0,0,28,23,14,20,14,7,False,0,False
382.7254,12.431,12.178,10.369,9.71,18.15,20,18,4,2157917.2,71,71,71,71,103,103,101,100,20.243,20.216,22.32,22.251,172.232,93035,0,0,284,8583,12,5,0,0,0,28,23,14,20,14,7,False,0,False
383.22028,12.436,12.183,10.369,9.71,18.136,20,18,4,2149392.8,71,71,71,71,103,103,101,100,20.237,20.21,22.312,22.243,217.404,93035,0,0,266,8433,12,5,0,0,0,28,23,14,20,14,7,False,0,False
383.72144,12.442,12.188,10.369,9.71,18.122,20,18,4,2141151.5,71,71,71,71,103,103,101,100,20.229,20.203,22.303,22.235,262.99,93035,0,0,250,8433,12,5,0,0,0,28,23,14,20,14,7,False,0,False
384.2258,12.447,12.194,10.369,9.71,18.108,20,18,4,2133156.2,71,71,71,71,103,103,101,100,20.222,20.195,22.294,22.227,308.926,93035,0,0,234,8433,12,5,0,0,0,28,23,14,20,14,7,False,0,False
384.72726,12.452,12.199,10.369,9.71,18.094,20,18,4,2125396.8,71,70,71,71,103,102,101,100,20.214,20.188,22.285,22.218,355.201,93035,0,0,234,8433,12,5,0,0,0,28,23,14,20,14,7,False,0,False
385.72293,12.462,12.208,10.369,9.71,18.067,20,18,4,2110384.8,71,71,72,71,103,102,101,99,20.198,20.172,22.266,22.2,448.486,93035,0,0,217,8284,12,5,0,0,0,28,23,14,20,14,7,False,0,False
386.22263,12.467,12.213,10.369,9.71,18.053,20,18,4,2103112.2,71,71,72,71,102,102,100,99,20.189,20.163,22.256,22.19,495.469,93035,0,0,184,8133,12,5,0,0,0,28,23,14,20,14,7,False,0,False
386.72333,12.471,12.218,10.369,9.71,18.039,20,18,4,2095982,71,71,71,71,102,102,100,99,20.18,20.155,22.246,22.18,542.654,93035,0,0,183,8133,12,5,0,0,0,28,23,14,20,14,7,False,0,False
387.22192,12.49,12.236,10.39,9.731,18.031,20,18,4,2116838,75,75,76,76,102,102,100,99,20.174,20.148,22.24,22.175,588.104,93035,0,0,167,8133,12,5,0,0,0,28,23,14,20,14,7,False,0,False
387.72574,12.503,12.248,10.4,9.741,18.031,20,18,4,2152789.5,71,72,73,72,102,102,100,99,20.173,20.148,22.243,22.178,625.529,93035,0,0,167,8067,12,5,0,0,0,28,23,14,20,14,7,False,0,False
388.2222,12.514,12.26,10.407,9.749,18.03,20,18,4,2182694.5,72,72,72,72,102,102,100,99,20.174,20.149,22.246,22.181,656.578,93035,0,0,200,8200,12,5,0,0,0,28,23,14,20,14,7,False,0,False
388.72067,12.532,12.278,10.419,9.761,18.029,20,18,4,2208219,75,75,74,74,102,102,100,99,20.176,20.152,22.251,22.186,681.035,93035,0,0,200,8200,12,5,0,0,0,28,23,14,20,14,7,False,0,False
389.221,12.543,12.286,10.424,9.766,18.029,20,18,4,2228809.5,74,73,73,72,102,102,100,99,20.18,20.156,22.256,22.192,699.367,93035,0,0,267,8200,12,5,0,0,0,28,23,14,20,14,7,False,0,False
389.725,12.552,12.291,10.428,9.77,18.029,20,18,4,2243630,73,70,72,71,102,102,100,99,20.184,20.159,22.261,22.197,713.062,93035,0,0,267,8200,12,5,0,0,0,28,23,14,20,14,7,False,0,False
390.726,12.567,12.302,10.466,9.797,18.029,20,18,4,2257950.2,75,71,85,78,102,102,101,100,20.191,20.164,22.275,22.208,732.355,93035,0,0,267,8367,12,5,0,0,0,28,23,14,20,14,7,False,0,False
391.2263,12.574,12.309,10.485,9.807,18.029,20,18,4,2263242.5,74,73,89,78,103,102,101,100,20.195,20.166,22.285,22.215,745.889,93035,0,0,267,8367,12,5,0,0,0,28,23,14,20,14,7,False,0,False
391.71982,12.58,12.314,10.496,9.814,18.026,20,18,4,2267701,74,72,86,76,103,102,101,100,20.198,20.169,22.295,22.22,761.127,93035,0,0,217,8367,12,5,0,0,0,28,23,14,20,14,7,False,0,False
392.22403,12.593,12.326,10.499,9.817,18.022,20,18,4,2272150.8,77,75,80,73,103,102,101,100,20.203,20.173,22.303,22.225,771.639,93035,0,0,217,8700,12,5,0,0,0,28,23,14,20,14,7,False,0,False
392.72626,12.601,12.338,10.5,9.818,18.015,20,18,4,2274405,76,76,74,71,103,102,101,100,20.207,20.177,22.308,22.229,783.545,93035,0,0,217,8700,12,5,0,0,0,28,23,14,20,14,7,False,0,False
393.22183,12.612,12.351,10.5,9.818,18.006,20,18,4,2277263,76,77,71,70,103,102,101,100,20.211,20.181,22.31,22.231,797.955,93035,0,0,217,8700,12,5,0,0,0,28,23,14,20,14,7,False,0,False
393.72488,12.622,12.362,10.504,9.822,17.997,20,18,4,2285223.2,75,75,70,71,103,102,101,100,20.214,20.185,22.311,22.232,814.736,93035,0,0,217,8700,11,5,0,0,0,28,23,14,20,14,7,False,0,False
394.22147,12.635,12.376,10.511,9.831,17.987,20,18,4,2288091.2,75,76,71,74,103,102,101,100,20.216,20.188,22.312,22.235,833.217,93035,0,0,850,8667,11,5,0,0,0,28,23,14,20,14,7,False,0,False
395.22318,12.672,12.422,10.542,9.864,17.968,20,18,4,2300905.8,76,81,75,77,103,103,101,100,20.222,20.197,22.316,22.241,877.525,93035,0,0,917,8667,11,5,0,0,0,28,23,14,20,14,7,False,0,False
395.72397,12.692,12.442,10.548,9.869,17.955,20,18,4,2297954.5,77,78,71,73,103,103,101,100,20.224,20.201,22.316,22.243,901.012,93035,0,0,917,8667,11,5,0,0,0,28,23,14,20,14,7,False,0,False
396.2221,12.707,12.459,10.549,9.87,17.942,20,18,4,2297793,74,74,69,69,103,103,101,100,20.226,20.203,22.315,22.243,927.193,93035,0,0,917,8767,11,5,0,0,0,28,23,14,20,14,7,False,0,False
397.72617,12.768,12.516,10.57,9.89,17.902,20,18,4,2232224.5,76,74,73,71,103,103,101,100,20.228,20.205,22.309,22.236,1017.539,93035,0,0,917,8800,11,5,0,0,0,28,23,14,20,14,7,False,0,False
398.22437,12.788,12.532,10.575,9.896,17.888,20,18,4,2174859.5,74,73,72,71,103,103,101,100,20.228,20.204,22.306,22.233,1050.332,93035,0,0,934,8800,11,5,0,0,0,28,23,14,20,14,7,False,0,False
398.72058,12.798,12.541,10.576,9.897,17.875,20,18,4,2122667.2,72,71,71,70,103,103,101,100,20.226,20.202,22.303,22.23,1085.018,93035,0,0,950,8800,11,5,0,0,0,28,23,14,20,14,7,False,0,False
399.22266,12.808,12.551,10.576,9.897,17.862,20,18,4,2065052.2,72,72,71,71,103,103,101,100,20.223,20.199,22.298,22.226,1121.186,93035,0,0,950,8817,11,5,0,0,0,28,23,14,20,14,7,False,0,False
399.71997,12.817,12.559,10.576,9.897,17.848,20,18,4,2035187.6,71,71,71,71,103,103,101,100,20.22,20.196,22.293,22.221,1158.807,93035,0,0,950,8817,11,5,0,0,0,28,23,14,20,14,7,False,0,False
400.22546,12.823,12.565,10.576,9.897,17.834,20,18,4,2026543.9,71,71,71,71,103,103,101,100,20.216,20.193,22.288,22.216,1197.516,93035,0,0,933,8783,11,5,0,0,0,28,23,14,20,14,7,False,0,False
400.72354,12.829,12.571,10.576,9.897,17.82,20,18,4,2017900.1,71,71,71,71,103,102,101,100,20.212,20.189,22.282,22.211,1237.146,93035,0,0,933,8783,11,5,0,0,0,28,23,14,20,14,7,False,0,False
401.226,12.834,12.577,10.576,9.897,17.806,20,18,4,2009256.4,71,71,71,71,103,102,101,100,20.207,20.184,22.276,22.205,1277.598,93035,0,0,916,8750,11,5,0,0,0,28,23,14,20,14,7,False,0,False
401.7253,12.84,12.583,10.576,9.897,17.794,20,18,4,2006075.9,71,71,71,71,103,102,101,99,20.202,20.18,22.269,22.199,1318.625,93035,0,0,916,8750,11,5,0,0,0,28,23,14,20,14,7,False,0,False
402.2238,12.845,12.589,10.576,9.897,17.78,20,18,4,1997432.1,71,71,71,71,103,102,101,99,20.197,20.175,22.262,22.192,1360.279,93035,0,0,917,8717,11,5,0,0,0,28,23,14,20,14,7,False,0,False
402.7227,12.851,12.595,10.576,9.897,17.766,20,18,4,1988788.4,72,72,72,71,102,102,100,99,20.191,20.169,22.255,22.185,1402.52,93035,0,0,917,8683,11,5,0,0,0,28,23,14,20,14,7,False,0,False
403.2273,12.874,12.614,10.61,9.924,17.762,20,18,4,2019599,75,75,79,77,102,102,100,99,20.19,20.168,22.255,22.185,1440.861,93035,0,0,917,8683,11,5,0,0,0,28,23,14,20,14,7,False,0,False
403.72397,12.902,12.641,10.648,9.941,17.761,20,18,4,2047403.4,76,77,80,74,102,102,100,99,20.193,20.171,22.262,22.19,1470.539,93035,0,0,917,8700,11,5,0,0,0,28,23,14,20,14,7,False,0,False
404.22177,12.914,12.651,10.66,9.953,17.76,20,18,4,2072083.8,75,72,76,74,103,102,101,99,20.196,20.173,22.267,22.195,1494.477,93035,0,0,917,8700,11,5,0,0,0,28,23,14,20,14,7,False,0,False
404.72388,12.932,12.665,10.685,9.975,17.76,20,18,4,2093182.5,78,74,84,79,103,102,101,99,20.199,20.176,22.274,22.201,1513.736,93035,0,0,917,8700,11,5,0,0,0,28,23,14,20,14,7,False,0,False
405.22617,12.955,12.679,10.726,10.012,17.76,20,18,4,2106971.2,82,75,92,88,103,102,101,100,20.205,20.179,22.284,22.209,1533.057,93035,0,0,917,8700,11,5,0,0,0,28,23,14,20,14,7,False,0,False
405.72455,12.975,12.695,10.771,10.044,17.756,20,18,4,2113319.5,82,77,98,89,103,102,101,100,20.212,20.183,22.296,22.219,1556.633,93035,0,0,917,8700,11,5,0,0,0,28,23,14,20,14,7,False,0,False
406.21936,13,12.718,10.797,10.063,17.749,20,18,4,2119468,85,81,92,83,103,102,101,100,20.218,20.187,22.308,22.228,1573.732,93035,0,0,917,8700,11,5,0,0,0,28,23,14,20,14,7,False,0,False
406.72495,13.058,12.766,10.821,10.08,17.743,20,18,4,2126070.5,100,92,88,80,103,103,101,100,20.23,20.196,22.318,22.235,1590.211,93035,0,0,966,8783,11,5,0,0,0,28,23,14,20,14,7,False,0,False
407.21902,13.119,12.815,10.842,10.097,17.737,20,18,4,2132702,102,93,86,80,104,103,102,100,20.246,20.209,22.325,22.24,1605.541,93035,0,0,966,8783,11,5,0,0,0,28,23,14,20,14,7,False,0,False
407.72217,13.133,12.827,10.85,10.104,17.728,20,18,4,2136056,83,79,78,74,104,103,102,100,20.257,20.216,22.33,22.243,1623.252,93035,0,0,966,8783,11,5,0,0,0,28,23,14,20,14,7,False,0,False
408.22385,13.144,12.837,10.851,10.105,17.717,20,18,4,2133163.2,77,75,73,70,104,103,102,100,20.26,20.219,22.332,22.245,1643.574,93035,0,0,1016,8833,11,5,0,0,0,28,23,14,20,14,7,False,0,False
408.71805,13.173,12.862,10.851,10.105,17.703,20,18,4,2124575,81,80,71,68,104,103,102,100,20.263,20.222,22.332,22.244,1666.25,93035,0,0,1016,8833,11,5,0,0,0,28,23,14,20,14,7,False,0,False
409.72247,13.215,12.901,10.851,10.106,17.677,20,18,4,2055444.5,75,74,70,71,104,103,102,100,20.266,20.226,22.329,22.241,1719.146,93035,0,0,1050,8833,11,5,0,0,0,28,23,14,20,14,7,False,0,False
410.22217,13.226,12.914,10.855,10.109,17.664,20,18,4,2029341,73,74,71,72,104,103,102,100,20.265,20.226,22.327,22.24,1748.836,93035,0,0,1050,8833,11,5,0,0,0,28,23,14,20,14,7,False,0,False
410.72165,13.24,12.931,10.865,10.118,17.651,20,18,4,2026618.2,73,75,72,74,104,103,102,100,20.264,20.226,22.324,22.239,1780.189,93035,0,0,1083,8900,11,5,0,0,0,28,23,14,20,14,7,False,0,False
411.22052,13.256,12.952,10.88,10.132,17.637,20,18,4,2018003.1,75,77,74,76,104,103,102,100,20.263,20.226,22.322,22.238,1813.795,93035,30328,0,1083,8900,11,5,0,0,0,28,23,14,20,14,7,False,0,False
411.72162,13.272,12.969,10.894,10.146,17.628,20,18,4,2023837.1,74,73,76,74,104,103,101,100,20.261,20.226,22.32,22.236,1848.801,93035,30328,0,1100,8900,11,5,0,0,0,28,23,14,20,14,7,False,0,False
412.22278,13.311,13,10.944,10.19,17.628,20,18,4,2044198.1,81,77,86,81,104,103,101,100,20.262,20.226,22.321,22.236,1879.934,93035,30328,0,1100,8900,11,5,0,0,0,28,23,14,20,14,7,False,0,False
412.72058,13.353,13.032,11.021,10.254,17.627,20,18,4,2069691.1,85,79,98,90,104,103,102,100,20.266,20.228,22.328,22.241,1909.889,93035,30328,0,1100,8883,11,5,0,0,0,28,23,14,20,14,7,False,0,False
413.22375,13.394,13.064,11.098,10.318,17.619,20,18,4,2075264.6,85,79,97,90,104,103,102,100,20.271,20.23,22.338,22.248,1938,93035,30328,0,1100,8883,11,5,0,0,0,28,23,14,20,14,7,False,0,False
413.72226,13.434,13.094,11.135,10.349,17.61,20,18,4,2080758.1,83,77,85,80,104,103,102,100,20.275,20.233,22.344,22.251,1963.926,93035,30328,0,1067,8883,11,5,0,0,0,28,23,14,20,14,7,False,0,False
414.72168,13.478,13.143,11.189,10.415,17.591,20,18,4,2086396,78,82,84,91,104,103,102,100,20.276,20.232,22.343,22.252,2020.967,93035,30328,0,1067,8900,11,5,0,0,0,28,23,14,20,14,7,False,0,False
415.2228,13.51,13.183,11.24,10.481,17.582,20,18,4,2092083.4,79,83,84,90,104,103,102,100,20.277,20.235,22.345,22.258,2049.965,93035,30328,0,1100,8950,11,5,0,0,0,28,23,14,20,14,7,False,0,False
415.7259,13.543,13.224,11.289,10.542,17.572,20,18,4,2097421,80,85,85,92,104,103,102,101,20.277,20.238,22.346,22.262,2077.104,93035,30328,0,1100,8950,11,5,0,0,0,28,23,14,20,14,7,False,0,False
416.2214,13.582,13.27,11.312,10.568,17.56,20,18,4,2098072.5,79,82,76,80,104,103,102,101,20.278,20.241,22.345,22.264,2105.281,93035,30328,0,1183,9050,11,5,0,0,0,28,23,14,20,14,7,False,0,False
416.7222,13.593,13.283,11.316,10.57,17.546,20,18,4,2090494.6,73,75,72,72,104,103,102,100,20.275,20.24,22.341,22.261,2135.455,93035,30328,0,1183,9050,11,5,0,0,0,28,23,14,20,14,7,False,0,False
417.72058,13.615,13.308,11.334,10.587,17.524,20,18,4,2098300,75,75,77,77,104,103,102,100,20.268,20.235,22.332,22.253,2198.873,93035,30328,0,1317,9250,11,5,0,0,0,28,23,14,20,14,7,False,0,False
418.7233,13.645,13.334,11.367,10.62,17.523,20,18,4,2146813.5,77,73,80,78,104,103,102,100,20.27,20.236,22.338,22.26,2243.049,93035,30328,0,1317,9283,11,5,0,0,0,28,23,14,20,14,7,False,0,False
419.2198,13.667,13.35,11.403,10.649,17.523,20,18,4,2162722.5,81,75,90,84,104,103,102,101,20.274,20.238,22.346,22.267,2257.832,93035,30328,0,1317,9283,11,5,0,0,0,28,23,14,20,14,7,False,0,False
419.72272,13.679,13.359,11.442,10.677,17.523,20,18,4,2176657.5,79,75,98,87,104,103,102,101,20.278,20.241,22.357,22.275,2270.469,93035,30328,0,1317,9283,11,5,0,0,0,28,23,14,20,14,7,False,0,False
420.22437,13.686,13.365,11.475,10.7,17.522,20,18,4,2184152,77,73,101,88,104,103,102,101,20.281,20.242,22.37,22.284,2284.213,93035,30328,0,1317,9283,11,5,0,0,0,28,23,14,20,14,7,False,0,False
420.724,13.699,13.374,11.49,10.712,17.518,20,18,4,2189621.8,79,74,93,84,104,103,103,101,20.284,20.244,22.383,22.292,2297.148,93035,30328,0,1066,9283,11,5,0,0,0,28,23,14,20,14,7,False,0,False
421.22516,13.706,13.38,11.496,10.718,17.513,20,18,4,2195553.2,77,73,85,78,104,103,103,101,20.287,20.245,22.39,22.297,2309.102,93035,30328,0,1066,9216,11,5,0,0,0,28,23,14,20,14,7,False,0,False
421.72092,13.719,13.393,11.502,10.723,17.507,20,18,4,2202272.5,78,75,80,75,104,103,103,101,20.29,20.246,22.395,22.3,2321.576,93035,30328,0,1066,9216,11,5,0,0,0,28,23,14,20,14,7,False,0,False
422.22336,13.732,13.408,11.505,10.725,17.497,20,18,4,2208036.2,79,77,75,71,104,104,103,101,20.292,20.248,22.398,22.302,2336.139,93035,30328,0,1250,9216,11,5,0,0,0,28,23,14,20,14,7,False,0,False
422.72006,13.758,13.437,11.505,10.726,17.485,20,18,4,2214398,83,83,71,69,104,104,103,101,20.296,20.252,22.398,22.301,2353.477,93035,30328,0,1250,9216,11,5,0,0,0,28,23,14,20,14,7,False,0,False
423.2219,13.781,13.462,11.505,10.726,17.473,20,18,4,2220287,80,81,70,69,105,104,103,101,20.3,20.257,22.397,22.3,2374.059,93035,30328,0,1250,9216,11,5,0,0,0,28,23,14,20,14,7,False,0,False
423.72385,13.793,13.476,11.505,10.726,17.461,20,18,4,2220695.2,75,75,69,70,105,104,103,101,20.302,20.259,22.395,22.299,2397.26,93035,30328,0,1250,9433,11,5,0,0,0,28,23,14,20,14,7,False,0,False
424.2213,13.8,13.484,11.505,10.726,17.449,20,18,4,2215401,73,72,69,70,105,104,103,101,20.301,20.258,22.392,22.297,2422.543,93035,30328,0,1217,9433,11,5,0,0,0,28,23,14,20,14,7,False,0,False
424.72366,13.812,13.496,11.505,10.726,17.435,20,18,4,2184593.5,74,73,69,70,104,104,103,101,20.3,20.257,22.389,22.295,2449.98,93035,30328,0,1217,9383,11,5,0,0,0,28,23,14,20,14,7,False,0,False
425.2224,13.823,13.506,11.505,10.726,17.422,20,18,4,2150914.2,73,73,70,70,104,104,103,101,20.298,20.255,22.385,22.292,2479.738,93035,30328,0,1217,9383,11,5,0,0,0,28,23,14,20,14,7,False,0,False
425.7242,13.831,13.514,11.505,10.726,17.409,20,18,4,2142741,72,72,70,70,104,104,103,101,20.296,20.253,22.381,22.288,2511.139,93035,30328,0,1250,9383,11,5,0,0,0,28,23,14,20,14,7,False,0,False
426.21985,13.838,13.521,11.505,10.726,17.395,20,18,4,2134108,72,72,70,70,104,104,102,101,20.293,20.25,22.377,22.285,2544.051,93035,30328,0,1250,9383,11,5,0,0,0,28,23,14,20,14,7,False,0,False
426.7206,13.852,13.538,11.519,10.739,17.381,20,18,4,2125468,74,76,74,76,104,104,102,101,20.29,20.248,22.373,22.281,2578.453,93035,30328,0,1250,9384,11,5,0,0,0,28,23,14,20,14,7,False,0,False
427.22223,13.889,13.584,11.567,10.793,17.368,20,18,4,2122146,79,83,81,86,104,104,102,101,20.288,20.248,22.371,22.281,2613.113,93035,30328,0,1250,9383,11,5,0,0,0,28,23,14,20,14,7,False,0,False
427.72385,13.931,13.635,11.621,10.852,17.359,20,18,4,2134239,79,82,82,86,104,104,102,101,20.288,20.25,22.371,22.283,2648.199,93035,30328,0,1267,9383,11,5,0,0,0,28,23,14,20,14,7,False,0,False
428.22006,13.959,13.669,11.652,10.882,17.358,20,18,4,2161526.2,77,80,79,82,104,104,102,101,20.29,20.253,22.373,22.288,2678.189,93035,30328,0,1267,9400,11,5,0,0,0,28,23,14,20,14,7,False,0,False
428.72232,13.978,13.689,11.667,10.897,17.357,20,18,4,2184837.2,76,78,77,78,104,104,102,101,20.292,20.257,22.377,22.293,2700.51,93035,30328,0,1267,9400,11,5,0,0,0,28,23,14,20,14,7,False,0,False
429.21945,13.991,13.702,11.678,10.907,17.357,20,18,4,2204116.5,75,77,76,77,104,104,103,101,20.294,20.261,22.381,22.298,2717.518,93035,30328,0,1267,9400,11,5,0,0,0,28,23,14,20,14,7,False,0,False
430.22015,14.008,13.723,11.708,10.953,17.357,20,18,4,2227656.8,75,76,80,91,104,104,103,101,20.298,20.268,22.39,22.312,2741.512,93035,30328,0,1217,9400,11,5,0,0,0,28,23,14,20,14,7,False,0,False
430.7235,14.014,13.73,11.721,10.971,17.354,20,18,4,2232659,74,77,80,90,105,104,103,102,20.3,20.271,22.396,22.323,2762.729,93035,30328,0,1217,9400,11,5,0,0,0,28,23,14,20,14,7,False,0,False
431.2239,14.024,13.742,11.727,10.979,17.349,20,18,4,2238220.8,75,78,77,84,105,104,103,102,20.302,20.274,22.4,22.331,2772.709,93035,30328,0,1217,9400,11,5,0,0,0,28,23,14,20,14,7,False,0,False
431.72034,14.039,13.757,11.732,10.985,17.343,20,18,4,2244547,78,81,74,79,105,104,103,102,20.305,20.279,22.403,22.337,2784.291,93035,30328,0,1133,9400,11,5,0,0,0,28,23,14,20,14,7,False,0,False
432.22296,14.051,13.771,11.733,10.986,17.335,20,18,4,2249267.5,78,79,70,74,105,104,103,102,20.308,20.283,22.403,22.34,2798.559,93035,30328,0,1133,9400,11,5,0,0,0,28,23,14,20,14,7,False,0,False
432.72415,14.074,13.794,11.733,10.986,17.324,20,18,4,2255745.8,82,82,69,71,105,104,103,102,20.311,20.288,22.403,22.341,2815.252,93035,30328,0,1133,9400,11,5,0,0,0,28,23,14,20,14,7,False,0,False
433.2201,14.099,13.816,11.733,10.986,17.312,20,18,4,2263026.5,81,81,69,69,105,104,103,102,20.316,20.292,22.402,22.341,2834.68,93035,30328,0,1134,9400,11,5,0,0,0,28,23,14,20,14,7,False,0,False
433.72418,14.112,13.829,11.733,10.986,17.299,20,18,4,2256668,76,76,69,69,105,104,103,102,20.318,20.295,22.4,22.34,2856.816,93035,30328,0,1134,9417,11,5,0,0,0,28,23,14,20,14,7,False,0,False
434.22064,14.128,13.845,11.733,10.986,17.286,20,18,4,2227610,75,75,69,69,105,104,103,102,20.319,20.296,22.398,22.338,2881.779,93035,30328,0,1134,9417,11,5,0,0,0,28,23,14,20,14,7,False,0,False
434.72437,14.141,13.859,11.733,10.986,17.272,20,18,4,2185230.5,74,74,70,70,105,104,103,102,20.319,20.296,22.395,22.336,2909.246,93035,30328,0,1117,9400,11,5,0,0,0,28,23,14,20,14,7,False,0,False
435.22318,14.152,13.87,11.733,10.986,17.259,20,18,4,2142354.8,73,73,70,70,105,104,103,102,20.318,20.296,22.392,22.334,2939.107,93035,30328,0,1117,9400,11,5,0,0,0,28,23,14,20,14,7,False,0,False
435.72412,14.16,13.878,11.733,10.986,17.246,20,18,4,2134053,73,72,71,70,105,104,103,102,20.316,20.294,22.389,22.331,2970.859,93035,30328,0,1116,9383,11,5,0,0,0,28,23,14,20,14,7,False,0,False
436.22418,14.167,13.885,11.733,10.986,17.232,20,18,4,2125413,73,73,71,71,105,104,103,102,20.314,20.292,22.385,22.327,3004.201,93035,30328,0,1117,9383,11,5,0,0,0,28,23,14,20,14,7,False,0,False
436.72058,14.174,13.892,11.733,10.986,17.218,20,18,4,2116773,73,73,71,71,105,104,103,102,20.311,20.29,22.381,22.323,3038.936,93035,30328,0,1117,9367,11,5,0,0,0,28,23,14,20,14,7,False,0,False
437.223,14.18,13.898,11.733,10.986,17.205,20,18,4,2113525,73,73,71,71,105,104,102,101,20.308,20.287,22.376,22.319,3074.732,93035,30328,0,1133,9367,11,5,0,0,0,28,23,14,20,14,7,False,0,False
437.721,14.186,13.904,11.733,10.986,17.192,20,18,4,2104885,73,73,71,71,105,104,102,101,20.305,20.284,22.371,22.314,3111.535,93035,30328,0,1150,9350,11,5,0,0,0,28,23,14,20,14,7,False,0,False
438.22318,14.192,13.911,11.733,10.986,17.178,20,18,4,2096244.5,73,73,72,71,105,104,102,101,20.301,20.28,22.366,22.309,3149.285,93035,30328,0,1150,9350,11,5,0,0,0,28,23,14,20,14,7,False,0,False
438.72263,14.199,13.917,11.733,10.986,17.164,20,18,4,2087600.8,73,73,72,71,104,104,102,101,20.297,20.276,22.359,22.303,3187.896,93035,30328,0,1166,9350,11,5,0,0,0,28,23,14,20,14,7,False,0,False
439.22223,14.205,13.923,11.733,10.986,17.15,20,18,4,2078957,73,73,72,71,104,104,102,101,20.293,20.272,22.353,22.297,3227.268,93035,30328,0,1183,9333,11,5,0,0,0,28,23,14,20,14,7,False,0,False
439.72345,14.211,13.928,11.733,10.986,17.136,20,18,4,2070313.2,73,73,72,71,104,104,102,101,20.288,20.267,22.346,22.291,3267.287,93035,30328,0,1217,9333,11,5,0,0,0,28,23,14,20,14,7,False,0,False
440.21915,14.216,13.933,11.733,10.986,17.124,20,18,4,2067048.4,73,73,72,71,104,104,102,101,20.283,20.262,22.339,22.284,3307.729,93035,30328,0,1217,9334,11,5,0,0,0,28,23,14,20,14,7,False,0,False
440.7221,14.222,13.939,11.733,10.986,17.11,20,18,4,2058404.6,73,73,71,72,104,104,102,101,20.277,20.257,22.331,22.277,3348.611,93035,30328,0,1233,9316,11,5,0,0,0,28,23,14,20,14,7,False,0,False
441.21637,14.238,13.954,11.753,11.006,17.102,20,18,4,2079047.9,75,75,77,77,104,104,102,101,20.274,20.253,22.327,22.273,3387.572,93035,30328,0,1233,9316,11,5,0,0,0,28,23,14,20,14,7,False,0,False
441.7184,14.256,13.975,11.782,11.034,17.101,20,18,4,2109662.5,74,76,78,79,104,104,102,101,20.274,20.254,22.331,22.278,3418.141,93035,30328,0,1250,9317,11,5,0,0,0,28,23,14,20,14,7,False,0,False
442.2248,14.282,14.011,11.828,11.088,17.101,20,18,4,2134338,77,83,85,91,104,104,102,101,20.275,20.258,22.338,22.285,3443.354,93035,30328,0,1250,9333,11,5,0,0,0,28,23,14,20,14,7,False,0,False
442.72162,14.305,14.041,11.881,11.158,17.1,20,18,4,2149177.5,78,82,90,100,104,104,102,101,20.278,20.264,22.346,22.298,3467.893,93035,30328,0,1250,9333,11,5,0,0,0,28,23,14,20,14,7,False,0,False
443.72446,14.359,14.111,11.966,11.263,17.084,20,18,4,2163031.5,80,86,88,95,104,104,102,101,20.285,20.276,22.363,22.321,3515.494,93035,30328,0,1200,9300,11,5,0,0,0,28,23,14,20,14,7,False,0,False
444.22232,14.387,14.147,12.004,11.31,17.075,20,18,4,2169811,80,86,85,92,104,104,102,102,20.287,20.282,22.369,22.331,3537.275,93035,30328,0,1200,9300,11,5,0,0,0,28,23,14,20,14,7,False,0,False
444.72128,14.414,14.18,12.024,11.333,17.064,20,18,4,2176237.5,78,84,79,82,104,104,102,102,20.29,20.287,22.373,22.337,3559.822,93035,30328,0,1200,9300,11,5,0,0,0,28,23,14,20,14,7,False,0,False
445.22452,14.438,14.206,12.04,11.349,17.051,20,18,4,2177527.5,78,82,77,79,104,104,102,102,20.291,20.291,22.374,22.339,3583.832,93035,30328,0,1200,9367,11,5,0,0,0,28,23,14,20,14,7,False,0,False
445.72043,14.467,14.24,12.061,11.37,17.038,20,18,4,2177243.8,79,83,77,79,104,104,102,102,20.292,20.294,22.374,22.341,3609.928,93035,30328,0,1217,9367,11,5,0,0,0,28,23,14,20,14,7,False,0,False
446.22256,14.495,14.273,12.082,11.392,17.025,20,18,4,2170380.8,78,82,76,79,104,104,102,102,20.293,20.296,22.374,22.342,3637.996,93035,30328,0,1217,9367,11,5,0,0,0,28,23,14,20,14,7,False,0,False
446.7233,14.519,14.302,12.099,11.409,17.011,20,18,4,2133335.2,76,80,75,76,104,104,102,102,20.293,20.298,22.373,22.342,3668.324,93035,30328,0,1233,9417,11,5,0,0,0,28,23,14,20,14,7,False,0,False
447.2229,14.533,14.318,12.106,11.415,16.998,20,18,4,2115216.2,73,75,72,72,104,104,102,102,20.291,20.298,22.371,22.34,3700.836,93035,30328,0,1233,9417,11,5,0,0,0,28,23,14,20,14,7,False,0,False
447.72006,14.546,14.329,12.115,11.424,16.984,20,18,4,2106576.2,75,74,76,74,104,104,102,102,20.288,20.295,22.367,22.336,3734.354,93035,30328,0,1250,9433,11,5,0,0,0,28,23,14,20,14,7,False,0,False
448.22192,14.593,14.369,12.162,11.466,16.97,20,18,4,2097936.2,83,79,84,80,104,104,102,102,20.288,20.294,22.367,22.335,3768.076,93035,30328,0,1267,9433,11,5,0,0,0,28,23,14,20,14,7,False,0,False
448.7208,14.634,14.402,12.204,11.506,16.957,20,18,4,2089292.8,82,78,83,80,104,104,102,102,20.289,20.293,22.367,22.333,3803.373,93035,30328,0,1250,9450,11,5,0,0,0,28,23,14,20,14,7,False,0,False
449.21637,14.686,14.445,12.269,11.567,16.944,20,18,4,2086050.1,85,81,91,86,104,104,102,102,20.29,20.292,22.367,22.332,3839.986,93035,30328,0,1250,9450,11,5,0,0,0,28,23,14,20,14,7,False,0,False
449.7167,14.756,14.504,12.368,11.653,16.93,20,18,4,2077406.4,87,83,94,88,104,104,102,102,20.292,20.292,22.37,22.333,3876.814,93035,30328,0,1267,9450,11,5,0,0,0,28,23,14,20,14,7,False,0,False
450.2214,14.82,14.559,12.451,11.726,16.917,20,18,4,2045909.4,87,83,90,85,104,104,102,102,20.294,20.291,22.372,22.334,3913.365,93035,30328,0,1266,9450,11,5,0,0,0,28,23,14,20,14,7,False,0,False
451.21762,14.912,14.636,12.533,11.804,16.889,20,18,4,1933944.1,77,75,76,73,104,104,102,102,20.293,20.287,22.369,22.327,3985.959,93035,30328,0,1266,9450,11,5,0,0,0,28,23,14,20,14,7,False,0,False
451.72336,14.921,14.643,12.534,11.806,16.876,20,18,4,1926218.6,73,73,72,71,104,104,102,101,20.288,20.282,22.362,22.32,4023.645,93035,30328,40401,1266,9466,11,5,0,0,0,28,23,14,20,14,7,False,0,False
452.22272,14.941,14.661,12.56,11.833,16.872,20,18,4,1955738.1,75,74,78,77,104,104,102,101,20.285,20.279,22.361,22.319,4057.172,93035,30328,40401,1267,9450,11,5,0,0,0,28,23,14,20,14,7,False,0,False
452.72055,14.98,14.693,12.617,11.883,16.871,20,18,4,1983362,84,79,93,87,104,104,102,102,20.287,20.279,22.367,22.324,4083.082,93035,30328,40401,1267,9466,11,5,0,0,0,28,23,14,20,14,7,False,0,False
453.2218,15.02,14.723,12.693,11.944,16.871,20,18,4,2004126.1,85,79,103,93,104,104,102,102,20.294,20.283,22.379,22.334,4104.506,93035,30328,40401,1267,9466,11,5,0,0,0,28,23,14,20,14,7,False,0,False
453.72043,15.039,14.736,12.751,11.987,16.871,20,18,4,2017662.4,81,76,103,92,104,104,103,102,20.298,20.285,22.393,22.343,4123.541,93035,30328,40401,1266,9466,11,5,0,0,0,28,23,14,20,14,7,False,0,False
454.22275,15.067,14.76,12.799,12.023,16.863,20,18,4,2024146.2,85,80,100,89,105,104,103,102,20.302,20.287,22.406,22.352,4143.986,93035,30328,40401,1266,9483,11,5,0,0,0,28,23,14,20,14,7,False,0,False
454.72284,15.134,14.818,12.833,12.05,16.854,20,18,4,2030920.2,101,96,91,83,105,104,103,102,20.312,20.293,22.416,22.358,4166.781,93035,30328,40401,1267,9483,11,5,0,0,0,28,23,14,20,14,7,False,0,False
455.72083,15.245,14.916,12.871,12.079,16.833,20,18,4,2039752.2,86,84,76,73,105,105,103,102,20.338,20.314,22.427,22.364,4207.693,93035,30328,40401,1317,9550,11,5,0,0,0,28,23,14,20,14,7,False,0,False
456.21768,15.286,14.958,12.885,12.093,16.82,20,18,4,2035281,90,88,77,74,105,105,103,102,20.342,20.317,22.427,22.364,4231.082,93035,30328,40401,1317,9550,11,5,0,0,0,28,23,14,20,14,7,False,0,False
456.72192,15.351,15.018,12.894,12.102,16.807,20,18,4,2004796.4,89,85,74,73,105,105,103,102,20.35,20.325,22.427,22.363,4256.992,93035,30328,40401,1350,9600,11,5,0,0,0,28,23,14,20,14,7,False,0,False
457.21878,15.367,15.034,12.895,12.103,16.793,20,18,4,1960510.9,76,76,71,71,105,105,103,102,20.352,20.326,22.424,22.361,4285.236,93035,30328,40401,1350,9600,11,5,0,0,0,28,23,14,20,14,7,False,0,False
457.7177,15.377,15.045,12.895,12.103,16.78,20,18,4,1911532.6,74,74,71,71,105,105,103,102,20.349,20.324,22.421,22.358,4315.881,93035,30328,40401,1400,9600,11,5,0,0,0,28,23,14,20,14,7,False,0,False
458.222,15.388,15.055,12.895,12.103,16.767,20,18,4,1857508.9,74,74,71,71,105,105,103,102,20.347,20.321,22.417,22.354,4348.402,93035,30328,40401,1417,9667,11,5,0,0,0,28,23,14,20,14,7,False,0,False
458.71902,15.397,15.065,12.895,12.103,16.753,20,18,4,1799893.9,73,73,71,71,105,105,103,102,20.343,20.318,22.412,22.35,4382.787,93035,30328,40401,1417,9667,11,5,0,0,0,28,23,14,20,14,7,False,0,False
460.2226,15.419,15.087,12.895,12.103,16.712,20,18,4,1709466.6,73,72,71,71,105,105,103,102,20.33,20.305,22.395,22.334,4494.076,93035,30328,40401,1400,9667,11,5,0,0,0,28,23,14,20,14,7,False,0,False
460.71997,15.425,15.093,12.895,12.103,16.698,20,18,4,1700822.9,73,73,71,71,105,105,103,102,20.325,20.3,22.389,22.328,4533.08,93035,30328,40401,1400,9633,11,5,0,0,0,28,23,14,20,14,7,False,0,False
461.22348,15.431,15.099,12.895,12.103,16.685,20,18,4,1692179.1,73,73,71,71,105,104,103,101,20.319,20.295,22.382,22.321,4572.844,93035,30328,40401,1400,9617,11,5,0,0,0,28,23,14,20,14,7,False,0,False
461.72018,15.436,15.105,12.895,12.103,16.671,20,18,4,1683535.4,74,74,72,72,105,104,102,101,20.314,20.29,22.375,22.315,4613.283,93035,30328,40401,1384,9617,11,5,0,0,0,28,23,14,20,14,7,False,0,False
462.22266,15.442,15.11,12.895,12.103,16.658,20,18,4,1680357.1,74,74,72,72,105,104,102,101,20.308,20.284,22.367,22.308,4654.193,93035,30328,40401,1383,9617,11,5,0,0,0,28,23,14,20,14,7,False,0,False
462.71988,15.447,15.116,12.895,12.103,16.644,20,18,4,1671713.4,74,74,72,72,105,104,102,101,20.302,20.278,22.36,22.3,4695.564,93035,30328,40401,1383,9600,11,5,0,0,0,28,23,14,20,14,7,False,0,False
463.2208,15.453,15.122,12.895,12.103,16.631,20,18,4,1663069.6,74,74,72,72,104,104,102,101,20.296,20.272,22.351,22.292,4737.355,93035,30328,40401,1384,9600,11,5,0,0,0,28,23,14,20,14,7,False,0,False
463.7207,15.458,15.128,12.895,12.103,16.617,20,18,4,1654425.9,74,74,72,72,104,104,102,101,20.289,20.266,22.343,22.284,4779.502,93035,30328,40401,1384,9600,11,5,0,0,0,28,23,14,20,14,7,False,0,False
464.2157,15.466,15.135,12.899,12.107,16.604,20,18,4,1651855.8,74,74,74,74,104,104,102,101,20.282,20.259,22.335,22.276,4821.857,93035,30328,40401,1384,9584,11,5,0,0,0,28,23,14,20,14,7,False,0,False
464.72052,15.488,15.159,12.931,12.137,16.602,20,18,4,1685732.8,75,75,78,78,104,104,102,101,20.28,20.257,22.335,22.277,4858.188,93035,30328,40401,1384,9584,11,5,0,0,0,28,23,14,20,14,7,False,0,False
465.2226,15.502,15.173,12.945,12.15,16.601,20,18,4,1713486,73,72,75,74,104,104,102,101,20.281,20.258,22.34,22.282,4886.137,93035,30328,40401,1383,9567,11,5,0,0,0,28,23,14,20,14,7,False,0,False
465.7216,15.525,15.19,12.984,12.183,16.601,20,18,4,1734975.6,79,75,88,82,104,104,102,101,20.283,20.259,22.346,22.287,4908.904,93035,30328,40401,1383,9583,11,5,0,0,0,28,23,14,20,14,7,False,0,False
466.22156,15.556,15.212,13.046,12.232,16.601,20,18,4,1754978.2,83,77,100,90,104,104,102,101,20.288,20.262,22.358,22.297,4927.199,93035,30328,40401,1283,9533,11,5,0,0,0,28,23,14,20,14,7,False,0,False
466.72266,15.57,15.225,13.1,12.267,16.598,20,18,4,1763979.2,79,76,104,89,104,104,102,101,20.293,20.265,22.373,22.307,4949.617,93035,30328,40401,1283,9533,11,5,0,0,0,28,23,14,20,14,7,False,0,False
467.2163,15.591,15.241,13.127,12.288,16.592,20,18,4,1770383.6,82,77,93,83,104,104,103,101,20.297,20.267,22.386,22.316,4966.787,93035,30328,40401,1283,9533,11,5,0,0,0,28,23,14,20,14,7,False,0,False
467.7188,15.608,15.255,13.143,12.3,16.585,20,18,4,1776612.5,79,76,84,77,105,104,103,101,20.302,20.27,22.394,22.321,4984.236,93035,30328,40401,1300,9533,11,5,0,0,0,28,23,14,20,14,7,False,0,False
468.21826,15.628,15.275,13.15,12.306,16.573,20,18,4,1776766.1,80,78,77,73,105,104,103,102,20.305,20.272,22.399,22.323,5003.748,93035,30328,40401,1300,9567,11,5,0,0,0,28,23,14,20,14,7,False,0,False
468.7174,15.654,15.302,13.154,12.311,16.56,20,18,4,1772899.4,80,79,73,71,105,104,103,102,20.309,20.276,22.4,22.324,5025.092,93035,30328,40401,1300,9567,11,5,0,0,0,28,23,14,20,14,7,False,0,False
469.21884,15.675,15.322,13.159,12.316,16.546,20,18,4,1740440.5,78,77,73,71,105,104,103,102,20.311,20.278,22.4,22.324,5049.035,93035,30328,40401,1300,9567,11,5,0,0,0,28,23,14,20,14,7,False,0,False
469.71738,15.696,15.341,13.163,12.321,16.533,20,18,4,1703781.4,77,76,72,70,105,104,103,102,20.312,20.279,22.4,22.323,5076.17,93035,30328,40401,1333,9600,11,5,0,0,0,28,23,14,20,14,7,False,0,False
470.21942,15.71,15.355,13.163,12.322,16.52,20,18,4,1654099,74,74,69,68,105,104,103,101,20.312,20.278,22.398,22.321,5106.104,93035,30328,40401,1350,9616,11,5,0,0,0,28,23,14,20,14,7,False,0,False
470.7182,15.721,15.365,13.163,12.322,16.507,20,18,4,1604334.9,74,73,70,71,105,104,103,101,20.311,20.277,22.395,22.319,5137.877,93035,30328,40401,1350,9616,11,5,0,0,0,28,23,14,20,14,7,False,0,False
471.21945,15.73,15.375,13.163,12.322,16.493,20,18,4,1546719.9,74,73,71,71,105,104,103,101,20.309,20.275,22.392,22.317,5171.57,93035,30328,40401,1350,9616,11,5,0,0,0,28,23,14,20,14,7,False,0,False
471.7178,15.738,15.384,13.163,12.322,16.48,20,18,4,1494612.8,73,73,71,71,105,104,103,101,20.307,20.273,22.388,22.313,5206.934,93035,30328,40401,1333,9617,11,5,0,0,0,28,23,14,20,14,7,False,0,False
472.2179,15.747,15.392,13.163,12.322,16.466,20,18,4,1436997.8,73,73,71,71,105,104,103,101,20.304,20.27,22.384,22.31,5243.682,93035,30328,40401,1333,9600,11,5,0,0,0,28,23,14,20,14,7,False,0,False
472.71954,15.755,15.4,13.163,12.322,16.453,20,18,4,1379382.8,73,73,72,71,105,104,102,101,20.301,20.267,22.379,22.306,5281.746,93035,30328,40401,1333,9583,11,5,0,0,0,28,23,14,20,14,7,False,0,False
473.21432,15.763,15.408,13.163,12.322,16.439,20,18,4,1321767.8,74,74,72,71,104,104,102,101,20.298,20.264,22.374,22.301,5320.963,93035,30328,40401,1316,9583,11,5,0,0,0,28,23,14,20,14,7,False,0,False
473.7192,15.771,15.416,13.163,12.322,16.426,20,18,4,1269682.4,73,73,72,71,104,104,102,101,20.294,20.26,22.368,22.295,5361.178,93035,30328,40401,1300,9550,11,5,0,0,0,28,23,14,20,14,7,False,0,False
474.2157,15.778,15.423,13.163,12.322,16.412,20,18,4,1212067.4,74,74,72,71,104,104,102,101,20.289,20.256,22.362,22.29,5402.035,93035,30328,40401,1300,9550,11,5,0,0,0,28,23,14,20,14,7,False,0,False
474.71313,15.786,15.431,13.163,12.322,16.398,20,18,5,1154452.4,74,74,72,71,104,104,102,101,20.285,20.252,22.356,22.284,34.846,93544,0,0,1284,9550,11,6,0,0,0,28,23,14,20,14,7,False,0,False
475.21707,15.793,15.438,13.163,12.322,16.385,20,18,5,1096837.4,74,74,72,72,104,104,102,101,20.28,20.247,22.349,22.277,77.219,93544,0,0,1267,9550,11,6,0,0,0,28,23,14,20,14,7,False,0,False
475.71646,15.801,15.446,13.163,12.322,16.371,20,18,5,1039222.4,74,74,72,72,104,103,102,101,20.275,20.242,22.341,22.27,120.176,93544,0,0,1250,9467,11,6,0,0,0,28,23,14,20,14,7,False,0,False
476.21954,15.808,15.453,13.163,12.322,16.357,20,18,5,981607.4,74,74,72,72,104,103,102,101,20.269,20.237,22.334,22.263,163.682,93544,0,0,1250,9467,11,6,0,0,0,28,23,14,20,14,7,False,0,False
476.7196,15.816,15.46,13.163,12.322,16.343,20,18,5,923992.4,74,74,72,72,104,103,102,100,20.263,20.231,22.325,22.255,207.641,93544,0,0,1250,9467,11,6,0,0,0,28,23,14,20,14,7,False,0,False
477.21808,15.823,15.468,13.163,12.322,16.329,20,18,5,866377.4,74,73,72,72,104,103,101,100,20.257,20.225,22.317,22.247,251.996,93544,0,0,1233,9467,11,6,0,0,0,28,23,14,20,14,7,False,0,False
477.71896,15.831,15.475,13.163,12.322,16.316,20,18,5,808762.4,74,74,72,72,104,103,101,100,20.25,20.219,22.308,22.238,296.639,93544,0,0,1233,9317,11,6,0,0,0,28,23,14,20,14,7,False,0,False
478.22183,15.838,15.483,13.163,12.322,16.302,20,18,5,751211.9,74,74,72,72,103,103,101,100,20.244,20.212,22.299,22.23,341.59,93544,0,0,1233,9317,11,6,0,0,0,28,23,14,20,14,7,False,0,False
478.71524,15.846,15.49,13.163,12.322,16.288,20,18,5,702393.56,74,74,72,72,103,103,101,100,20.237,20.205,22.29,22.221,386.754,93544,0,0,1217,9317,11,6,0,0,0,28,23,14,20,14,7,False,0,False
479.21686,15.851,15.495,13.163,12.322,16.274,20,18,5,693844.2,74,74,72,72,103,103,101,100,20.229,20.198,22.281,22.212,431.885,93544,0,0,1217,9250,11,6,0,0,0,28,23,14,20,14,7,False,0,False
479.7206,15.857,15.5,13.163,12.322,16.26,20,18,5,685239,74,74,72,72,103,102,101,100,20.222,20.191,22.271,22.203,476.939,93544,0,0,1217,9250,11,6,0,0,0,28,23,14,20,14,7,False,0,False
480.22083,15.863,15.506,13.163,12.322,16.247,20,18,5,676603.4,74,74,72,72,103,102,100,99,20.214,20.183,22.261,22.193,521.945,93544,0,0,1217,9200,11,6,0,0,0,28,23,14,20,14,7,False,0,False
480.7199,15.868,15.511,13.163,12.322,16.233,20,18,5,667961.5,73,73,71,71,103,102,100,99,20.205,20.175,22.251,22.184,566.896,93544,0,0,1217,9200,11,6,0,0,0,28,23,14,20,14,7,False,0,False
481.71628,15.898,15.542,13.199,12.357,16.217,20,18,5,699582.5,74,75,77,77,103,102,100,99,20.194,20.165,22.242,22.174,650.34,93544,0,0,1217,9183,11,6,0,0,0,28,23,14,20,14,7,False,0,False
482.21924,15.923,15.563,13.221,12.381,16.216,20,18,5,729027.06,76,75,77,77,103,102,100,99,20.195,20.166,22.247,22.18,679.869,93544,0,0,1200,9167,11,6,0,0,0,28,23,14,20,14,7,False,0,False
482.7212,15.938,15.576,13.23,12.39,16.215,20,18,5,753120.06,74,73,75,74,103,102,100,99,20.198,20.169,22.253,22.187,702.176,93544,0,0,1200,9167,11,6,0,0,0,28,23,14,20,14,7,False,0,False
483.21826,15.954,15.592,13.253,12.409,16.215,20,18,5,772404.1,77,75,82,78,103,102,100,99,20.202,20.172,22.26,22.193,719.049,93544,0,0,1200,9167,11,6,0,0,0,28,23,14,20,14,7,False,0,False
483.7194,15.97,15.605,13.292,12.439,16.215,20,18,5,787833.06,79,75,93,85,103,102,101,99,20.207,20.176,22.271,22.202,731.527,93544,0,0,1200,9134,11,6,0,0,0,28,23,14,20,14,7,False,0,False
484.22113,15.977,15.61,13.327,12.465,16.215,20,18,5,797961.94,76,73,99,89,103,102,101,100,20.212,20.18,22.285,22.213,745.037,93544,0,0,1017,9134,11,6,0,0,0,28,23,14,20,14,7,False,0,False
484.72086,15.985,15.617,13.349,12.48,16.213,20,18,5,802777.06,76,73,97,85,103,102,101,100,20.216,20.182,22.3,22.223,756.984,93544,0,0,1017,9134,11,6,0,0,0,28,23,14,20,14,7,False,0,False
485.21954,15.993,15.624,13.358,12.486,16.209,20,18,5,807831.9,76,73,89,80,103,102,101,100,20.22,20.185,22.312,22.232,766.119,93544,0,0,1017,9250,11,6,0,0,0,28,23,14,20,14,7,False,0,False
485.71744,16.002,15.632,13.362,12.49,16.204,20,18,5,813580.1,76,73,81,75,103,102,101,100,20.223,20.187,22.32,22.237,777.211,93544,0,0,1017,9250,11,6,0,0,0,28,23,14,20,14,7,False,0,False
486.21332,16.009,15.641,13.362,12.49,16.197,20,18,5,818712.6,75,73,74,72,103,102,102,100,20.226,20.19,22.325,22.241,790.215,93544,0,0,983,9250,11,6,0,0,0,28,23,14,20,14,7,False,0,False
486.7207,16.019,15.653,13.364,12.492,16.187,20,18,5,822593.1,75,75,71,71,103,102,102,100,20.229,20.192,22.327,22.243,805.861,93544,0,0,983,9250,11,6,0,0,0,28,23,14,20,14,7,False,0,False
487.2191,16.034,15.669,13.372,12.502,16.178,20,18,5,831293.2,77,77,72,75,103,103,102,100,20.231,20.195,22.329,22.246,823.895,93544,0,0,950,9250,11,6,0,0,0,28,23,14,20,14,7,False,0,False
487.71973,16.054,15.692,13.388,12.519,16.17,20,18,5,837743.9,80,83,76,79,103,103,102,100,20.234,20.2,22.331,22.249,848.525,93544,0,0,950,9250,11,6,0,0,0,28,23,14,20,14,7,False,0,False
488.22043,16.082,15.726,13.405,12.54,16.161,20,18,5,844386.44,80,85,76,79,103,103,102,100,20.239,20.206,22.333,22.254,870.873,93544,0,0,950,9250,11,6,0,0,0,28,23,14,20,14,7,False,0,False
488.71454,16.103,15.746,13.41,12.545,16.149,20,18,5,843392.25,78,80,72,73,103,103,102,100,20.242,20.211,22.334,22.257,892.324,93544,0,0,900,9250,11,6,0,0,0,28,23,14,20,14,7,False,0,False
489.21768,16.123,15.766,13.413,12.547,16.135,20,18,5,823250.56,77,77,71,72,103,103,102,100,20.244,20.215,22.334,22.257,916.859,93544,0,0,900,9233,11,6,0,0,0,28,23,14,20,14,7,False,0,False
489.71906,16.141,15.787,13.416,12.549,16.122,20,18,5,788402.8,74,77,73,69,103,103,102,100,20.245,20.216,22.332,22.256,944.807,93544,0,0,900,9233,11,6,0,0,0,28,23,14,20,14,7,False,0,False
490.22076,16.179,15.822,13.428,12.559,16.108,20,18,5,742456.75,79,78,74,71,104,103,102,100,20.248,20.219,22.332,22.255,975.477,93544,0,0,933,9250,11,6,0,0,0,28,23,14,20,14,7,False,0,False
490.7182,16.198,15.838,13.436,12.567,16.095,20,18,5,695346,77,75,74,72,104,103,102,100,20.248,20.219,22.33,22.254,1006.076,93544,0,0,933,9250,11,6,0,0,0,28,23,14,20,14,7,False,0,False
491.221,16.215,15.853,13.441,12.573,16.082,20,18,5,638255.8,75,73,72,71,104,103,102,100,20.248,20.218,22.328,22.251,1038.531,93544,0,0,967,9250,11,6,0,0,0,28,23,14,20,14,7,False,0,False
491.71594,16.227,15.863,13.442,12.575,16.068,20,18,5,580640.8,73,73,71,70,104,103,102,100,20.247,20.216,22.325,22.248,1072.869,93544,0,0,966,9250,11,6,0,0,0,28,23,14,20,14,7,False,0,False
492.2165,16.236,15.871,13.442,12.575,16.055,20,18,5,528578,73,73,71,70,103,103,101,100,20.244,20.214,22.321,22.244,1108.688,93544,0,0,966,9250,11,6,0,0,0,28,23,14,20,14,7,False,0,False
492.71912,16.245,15.88,13.442,12.575,16.041,20,18,5,470963,73,73,71,71,103,103,101,100,20.241,20.211,22.316,22.24,1145.811,93544,0,0,950,9250,11,6,0,0,0,28,23,14,20,14,7,False,0,False
493.2195,16.253,15.888,13.442,12.575,16.027,20,18,5,413348,73,73,71,71,103,103,101,100,20.238,20.208,22.311,22.235,1184.193,93544,0,0,950,9217,11,6,0,0,0,28,23,14,20,14,7,False,0,False
493.71948,16.261,15.896,13.442,12.575,16.014,20,18,5,357302.47,73,73,71,71,103,103,101,100,20.235,20.205,22.305,22.23,1223.666,93544,0,0,950,9167,11,6,0,0,0,28,23,14,20,14,7,False,0,False
494.2177,16.267,15.902,13.442,12.575,16.001,20,18,5,347256.4,73,73,71,71,103,103,101,100,20.231,20.201,22.299,22.224,1263.852,93544,0,0,934,9167,11,6,0,0,0,28,23,14,20,14,7,False,0,False
494.71732,16.272,15.907,13.442,12.575,15.987,20,18,5,339536.34,73,73,71,71,103,103,101,100,20.226,20.197,22.293,22.218,1304.461,93544,0,0,933,9150,11,6,0,0,0,28,23,14,20,14,7,False,0,False
495.21735,16.278,15.913,13.442,12.575,15.974,20,18,5,332004,73,73,71,71,103,102,101,100,20.221,20.192,22.286,22.211,1345.504,93544,0,0,917,9150,11,6,0,0,0,28,23,14,20,14,7,False,0,False
495.71887,16.283,15.919,13.443,12.575,15.96,20,18,5,324654.75,73,73,72,71,103,102,101,100,20.216,20.188,22.279,22.205,1386.922,93544,0,0,917,9084,11,6,0,0,0,28,23,14,20,14,7,False,0,False
496.21902,16.299,15.934,13.465,12.593,15.951,20,18,5,341791.9,75,75,78,76,103,102,101,99,20.212,20.184,22.275,22.201,1426.943,93544,0,0,917,9084,11,6,0,0,0,28,23,14,20,14,7,False,0,False
496.721,16.32,15.954,13.499,12.611,15.95,20,18,5,372396.28,73,74,80,74,103,102,101,100,20.213,20.185,22.279,22.205,1458.623,93544,0,0,917,9067,11,6,0,0,0,28,23,14,20,14,7,False,0,False
497.7193,16.347,15.976,13.532,12.64,15.949,20,18,5,423139.3,77,73,83,78,103,102,101,100,20.217,20.188,22.289,22.214,1504.949,93544,0,0,967,9150,11,6,0,0,0,28,23,14,20,14,7,False,0,False
498.21893,16.368,15.991,13.581,12.679,15.949,20,18,5,441153.88,80,75,95,87,103,102,101,100,20.223,20.191,22.299,22.222,1521.375,93544,0,0,967,9200,11,6,0,0,0,28,23,14,20,14,7,False,0,False
498.71738,16.393,16.01,13.62,12.713,15.944,20,18,5,449568.66,84,78,96,89,103,103,101,100,20.229,20.194,22.312,22.232,1545.277,93544,0,0,950,9200,11,6,0,0,0,28,23,14,20,14,7,False,0,False
499.21777,16.436,16.044,13.644,12.73,15.94,20,18,5,457329.6,93,86,89,82,103,103,102,100,20.238,20.201,22.323,22.241,1566.807,93544,0,0,950,9200,11,6,0,0,0,28,23,14,20,14,7,False,0,False
499.71674,16.458,16.063,13.665,12.745,15.934,20,18,5,464916.12,85,80,86,79,104,103,102,100,20.248,20.208,22.332,22.246,1583.633,93544,0,0,950,9200,11,6,0,0,0,28,23,14,20,14,7,False,0,False
500.2155,16.476,16.077,13.676,12.755,15.926,20,18,5,472671.97,81,77,80,75,104,103,102,100,20.254,20.212,22.338,22.251,1600.27,93544,0,0,967,9233,11,6,0,0,0,28,23,14,20,14,7,False,0,False
500.71744,16.491,16.09,13.687,12.764,15.917,20,18,5,480610.6,79,75,77,74,104,103,102,100,20.257,20.214,22.341,22.253,1618.184,93544,0,0,967,9233,11,6,0,0,0,28,23,14,20,14,7,False,0,False
501.2173,16.512,16.111,13.692,12.77,15.905,20,18,5,486040.25,81,79,74,71,104,103,102,100,20.261,20.216,22.343,22.254,1639.033,93544,0,0,950,9233,11,6,0,0,0,28,23,14,20,14,7,False,0,False
501.7154,16.537,16.136,13.692,12.77,15.892,20,18,5,486497.03,79,78,70,70,104,103,102,100,20.265,20.22,22.343,22.254,1662.121,93544,0,0,950,9233,11,6,0,0,0,28,23,14,20,14,7,False,0,False
502.21887,16.551,16.15,13.692,12.77,15.88,20,18,5,486499.44,74,74,69,69,104,103,102,100,20.266,20.222,22.341,22.252,1688.01,93544,0,0,966,9233,11,6,0,0,0,28,23,14,20,14,7,False,0,False
502.71933,16.562,16.161,13.695,12.772,15.866,20,18,5,479944.47,73,74,71,71,104,103,102,100,20.265,20.222,22.339,22.251,1716.254,93544,0,0,966,9233,11,6,0,0,0,28,23,14,20,14,7,False,0,False
503.2167,16.572,16.174,13.7,12.776,15.853,20,18,5,477843.6,73,74,71,72,104,103,102,100,20.264,20.222,22.337,22.25,1746.277,93544,0,0,966,9233,11,6,0,0,0,28,23,14,20,14,7,False,0,False
503.71576,16.584,16.189,13.708,12.784,15.839,20,18,5,469622.84,73,75,72,73,104,103,102,100,20.263,20.221,22.334,22.248,1777.879,93544,0,0,950,9250,11,6,0,0,0,28,23,14,20,14,7,False,0,False
504.21902,16.598,16.207,13.719,12.794,15.825,20,18,5,460984.6,74,76,73,74,104,103,102,100,20.261,20.221,22.331,22.246,1811.754,93544,29814,0,950,9250,11,6,0,0,0,28,23,14,20,14,7,False,0,False
504.7175,16.612,16.223,13.731,12.806,15.815,20,18,5,467448.78,73,72,75,74,104,103,102,100,20.259,20.221,22.329,22.244,1847.135,93544,29814,0,967,9250,11,6,0,0,0,28,23,14,20,14,7,False,0,False
505.21912,16.657,16.257,13.799,12.863,15.815,20,18,5,495318.47,84,79,92,85,104,103,102,100,20.261,20.221,22.332,22.246,1877.484,93544,29814,0,967,9250,11,6,0,0,0,28,23,14,20,14,7,False,0,False
505.71857,16.699,16.286,13.865,12.926,15.815,20,18,5,517410.5,87,76,92,92,104,103,102,100,20.265,20.223,22.339,22.251,1907.287,93544,29814,0,950,9250,11,6,0,0,0,28,23,14,20,14,7,False,0,False
506.21375,16.745,16.318,13.941,12.991,15.811,20,18,5,524563.06,86,79,98,92,104,103,102,100,20.272,20.225,22.348,22.258,1935.607,93544,29814,0,950,9250,11,6,0,0,0,28,23,14,20,14,7,False,0,False
506.71753,16.774,16.34,13.971,13.016,15.802,20,18,5,529910.5,80,75,83,79,104,103,102,100,20.276,20.226,22.354,22.262,1961.393,93544,29814,0,950,9250,11,6,0,0,0,28,23,14,20,14,7,False,0,False
507.21515,16.789,16.355,13.977,13.022,15.789,20,18,5,525073.4,75,73,73,73,104,103,102,100,20.276,20.225,22.353,22.261,1988.086,93544,29814,0,950,9267,11,6,0,0,0,28,23,14,20,14,7,False,0,False
507.71985,16.823,16.394,14.015,13.068,15.777,20,18,5,528196,80,83,80,86,104,103,102,100,20.276,20.226,22.352,22.262,2017.834,93544,29814,0,950,9267,11,6,0,0,0,28,23,14,20,14,7,False,0,False
508.21573,16.866,16.444,14.06,13.126,15.764,20,18,5,525414.4,83,86,83,89,104,103,102,101,20.278,20.23,22.352,22.265,2049.072,93544,29814,0,1000,9317,11,6,0,0,0,28,23,14,20,14,7,False,0,False
508.7187,16.913,16.498,14.097,13.17,15.751,20,18,5,520513.34,81,84,79,83,104,103,102,101,20.28,20.234,22.352,22.268,2079.189,93544,29814,0,1000,9317,11,6,0,0,0,28,23,14,20,14,7,False,0,False
509.21558,16.949,16.537,14.13,13.204,15.737,20,18,5,515023.88,80,82,78,81,104,103,102,101,20.28,20.236,22.35,22.268,2110.441,93544,29814,0,1067,9367,11,6,0,0,0,28,23,14,20,14,7,False,0,False
509.71692,16.978,16.57,14.153,13.222,15.724,20,18,5,506408.16,75,79,76,75,104,103,102,101,20.279,20.237,22.347,22.266,2143.1,93544,29814,0,1067,9383,11,6,0,0,0,28,23,14,20,14,7,False,0,False
510.22025,16.985,16.578,14.154,13.222,15.71,20,18,5,499350.75,73,74,72,72,104,103,102,100,20.276,20.234,22.342,22.261,2176.855,93544,29814,0,1100,9383,11,6,0,0,0,28,23,14,20,14,7,False,0,False
510.71912,17.005,16.598,14.179,13.25,15.707,20,18,5,528062.9,75,75,78,77,104,103,102,101,20.274,20.234,22.343,22.262,2206.797,93544,29814,0,1100,9400,11,6,0,0,0,28,23,14,20,14,7,False,0,False
511.21588,17.023,16.613,14.192,13.266,15.706,20,18,5,553127.4,76,74,77,76,104,103,102,101,20.276,20.235,22.347,22.267,2229.656,93544,29814,0,1100,9434,11,6,0,0,0,28,23,14,20,14,7,False,0,False
511.71497,17.039,16.626,14.205,13.279,15.706,20,18,5,573254.6,78,74,78,77,104,103,102,101,20.279,20.237,22.352,22.271,2247.344,93544,29814,0,1100,9434,11,6,0,0,0,28,23,14,20,14,7,False,0,False
512.21844,17.05,16.634,14.224,13.293,15.706,20,18,5,587595.94,77,73,82,77,104,103,102,101,20.283,20.239,22.357,22.276,2260.574,93544,29814,0,1034,9434,11,6,0,0,0,28,23,14,20,14,7,False,0,False
512.72003,17.061,16.643,14.247,13.308,15.706,20,18,5,597138.25,77,74,88,78,104,103,102,101,20.286,20.241,22.365,22.282,2274.289,93544,29814,0,1034,9434,11,6,0,0,0,28,23,14,20,14,7,False,0,False
513.2181,17.071,16.65,14.275,13.328,15.706,20,18,5,603549.25,77,73,93,83,104,103,102,101,20.289,20.242,22.375,22.288,2291.635,93544,29814,0,1034,9434,11,6,0,0,0,28,23,14,20,14,7,False,0,False
513.71625,17.082,16.659,14.281,13.334,15.701,20,18,5,609407.94,78,74,84,78,104,103,103,101,20.292,20.244,22.383,22.293,2304.059,93544,29814,0,1034,9434,11,6,0,0,0,28,23,14,20,14,7,False,0,False
514.21606,17.096,16.672,14.291,13.342,15.695,20,18,5,615995.75,80,76,81,76,104,103,103,101,20.295,20.246,22.389,22.297,2316.418,93544,29814,0,767,9367,11,6,0,0,0,28,23,14,20,14,7,False,0,False
514.7161,17.12,16.695,14.297,13.347,15.687,20,18,5,623370.6,85,81,77,73,105,104,103,101,20.301,20.25,22.393,22.3,2329.943,93544,29814,0,767,9367,11,6,0,0,0,28,23,14,20,14,7,False,0,False
515.2168,17.134,16.707,14.3,13.349,15.677,20,18,5,630954.5,80,78,74,70,105,104,103,101,20.305,20.253,22.395,22.3,2345.562,93544,29814,0,767,9367,11,6,0,0,0,28,23,14,20,14,7,False,0,False
515.7158,17.153,16.721,14.3,13.35,15.667,20,18,5,638936,81,76,71,68,105,104,103,101,20.308,20.256,22.395,22.3,2364.084,93544,29814,0,767,9367,11,6,0,0,0,28,23,14,20,14,7,False,0,False
516.21655,17.175,16.737,14.3,13.35,15.655,20,18,5,646100.7,79,77,70,68,105,104,103,101,20.311,20.257,22.394,22.298,2384.957,93544,29814,0,767,9383,11,6,0,0,0,28,23,14,20,14,7,False,0,False
516.7165,17.195,16.757,14.3,13.35,15.641,20,18,5,638946.56,79,77,69,69,105,104,103,101,20.313,20.259,22.393,22.297,2408.439,93544,29814,0,766,9383,11,6,0,0,0,28,23,14,20,14,7,False,0,False
517.7187,17.227,16.793,14.3,13.351,15.615,20,18,5,561752.75,74,73,69,70,105,104,103,101,20.314,20.26,22.387,22.293,2462.795,93544,29814,0,766,9350,11,6,0,0,0,28,23,14,20,14,7,False,0,False
518.21594,17.237,16.803,14.3,13.351,15.602,20,18,5,534927,72,72,70,70,105,104,103,101,20.313,20.259,22.383,22.29,2493.348,93544,29814,0,767,9350,11,6,0,0,0,28,23,14,20,14,7,False,0,False
518.71967,17.244,16.811,14.3,13.351,15.588,20,18,5,526426,72,72,70,70,105,104,102,101,20.31,20.256,22.379,22.287,2525.539,93544,29814,0,767,9350,11,6,0,0,0,28,23,14,20,14,7,False,0,False
519.2137,17.253,16.821,14.304,13.354,15.574,20,18,5,517784.12,72,73,71,72,105,104,102,101,20.307,20.254,22.375,22.283,2559.324,93544,29814,0,767,9350,11,6,0,0,0,28,23,14,20,14,7,False,0,False
519.7155,17.274,16.848,14.329,13.38,15.562,20,18,5,514530.78,76,79,76,79,105,104,102,101,20.304,20.253,22.372,22.281,2594.277,93544,29814,0,783,9333,11,6,0,0,0,28,23,14,20,14,7,False,0,False
520.21857,17.304,16.885,14.363,13.415,15.548,20,18,5,510782.28,76,79,77,80,105,104,102,101,20.303,20.253,22.369,22.28,2629.535,93544,29814,0,783,9334,11,6,0,0,0,28,23,14,20,14,7,False,0,False
520.7191,17.33,16.917,14.397,13.446,15.546,20,18,5,539791.1,77,79,80,81,105,104,102,101,20.303,20.254,22.37,22.283,2662.611,93544,29814,0,783,9334,11,6,0,0,0,28,23,14,20,14,7,False,0,False
521.2188,17.349,16.938,14.416,13.463,15.545,20,18,5,564352.4,75,77,77,78,105,104,102,101,20.304,20.258,22.375,22.288,2687.182,93544,29814,0,816,9350,11,6,0,0,0,28,23,14,20,14,7,False,0,False
521.71655,17.361,16.954,14.432,13.481,15.545,20,18,5,586015.1,75,77,78,81,105,104,102,101,20.306,20.262,22.379,22.294,2705.521,93544,29814,0,816,9350,11,6,0,0,0,28,23,14,20,14,7,False,0,False
522.2177,17.372,16.968,14.443,13.495,15.545,20,18,5,603343.3,73,77,76,80,105,104,103,101,20.308,20.266,22.384,22.3,2720.93,93544,29814,0,816,9350,11,6,0,0,0,28,23,14,20,14,7,False,0,False
522.7188,17.377,16.975,14.451,13.504,15.545,20,18,5,616657.3,72,75,75,79,105,104,103,101,20.31,20.269,22.387,22.306,2733.27,93544,29814,0,816,9450,11,6,0,0,0,28,23,14,20,14,7,False,0,False
523.2172,17.384,16.983,14.464,13.525,15.545,20,18,5,626692.1,73,75,78,86,105,104,103,101,20.311,20.272,22.391,22.313,2744.559,93544,29814,0,834,9450,11,6,0,0,0,28,23,14,20,14,7,False,0,False
523.71674,17.395,16.995,14.475,13.54,15.542,20,18,5,631653.6,77,79,80,88,105,104,103,101,20.312,20.275,22.394,22.321,2765.705,93544,29814,0,834,9416,11,6,0,0,0,28,23,14,20,14,7,False,0,False
524.21564,17.415,17.02,14.481,13.547,15.538,20,18,5,637004.9,82,87,77,83,105,104,103,102,20.317,20.281,22.399,22.329,2775,93544,29814,0,834,9416,11,6,0,0,0,28,23,14,20,14,7,False,0,False
524.71686,17.425,17.029,14.482,13.549,15.532,20,18,5,640706.44,78,81,73,76,105,104,103,102,20.321,20.288,22.401,22.334,2786.23,93544,29814,0,834,9416,11,6,0,0,0,28,23,14,20,14,7,False,0,False
525.2144,17.436,17.039,14.483,13.549,15.523,20,18,5,643607.7,78,78,70,72,105,104,103,102,20.324,20.292,22.402,22.336,2800.121,93544,29814,0,716,9416,11,6,0,0,0,28,23,14,20,14,7,False,0,False
525.7169,17.457,17.059,14.483,13.549,15.512,20,18,5,648321.3,81,80,69,70,105,104,103,102,20.327,20.296,22.401,22.337,2816.578,93544,29814,0,716,9416,11,6,0,0,0,28,23,14,20,14,7,False,0,False
526.71826,17.52,17.121,14.483,13.549,15.488,20,18,5,627834.9,83,83,69,69,105,105,103,102,20.337,20.306,22.398,22.335,2857.945,93544,29814,0,833,9533,11,6,0,0,0,28,23,14,20,14,7,False,0,False
527.2193,17.542,17.142,14.483,13.549,15.475,20,18,5,598781.2,77,77,69,69,105,105,103,102,20.34,20.309,22.396,22.333,2882.916,93544,29814,0,817,9533,11,6,0,0,0,28,23,14,20,14,7,False,0,False
527.71765,17.556,17.156,14.483,13.549,15.461,20,18,5,555960.06,74,74,70,70,105,105,103,102,20.34,20.309,22.393,22.331,2910.514,93544,29814,0,817,9517,11,6,0,0,0,28,23,14,20,14,7,False,0,False
528.21545,17.568,17.168,14.483,13.549,15.448,20,18,5,510892.9,73,73,70,70,105,105,103,102,20.339,20.308,22.39,22.329,2940.57,93544,29814,0,800,9517,11,6,0,0,0,28,23,14,20,14,7,False,0,False
528.71643,17.579,17.179,14.483,13.549,15.435,20,18,5,454382.62,72,72,70,70,105,105,103,102,20.337,20.307,22.387,22.326,2972.904,93544,29814,0,800,9517,11,6,0,0,0,28,23,14,20,14,7,False,0,False
529.21246,17.586,17.187,14.483,13.549,15.421,20,18,5,444108.3,71,71,71,71,105,105,103,102,20.334,20.304,22.383,22.323,3007.166,93544,29814,0,800,9517,11,6,0,0,0,28,23,14,20,14,7,False,0,False
529.71497,17.593,17.194,14.483,13.549,15.408,20,18,5,440952,71,71,71,71,105,105,102,101,20.33,20.301,22.379,22.319,3042.854,93544,29814,0,800,9484,11,6,0,0,0,28,23,14,20,14,7,False,0,False
530.21936,17.599,17.2,14.483,13.549,15.394,20,18,5,432310.12,72,71,71,71,105,104,102,101,20.327,20.297,22.374,22.315,3079.729,93544,29814,0,800,9484,11,6,0,0,0,28,23,14,20,14,7,False,0,False
530.7157,17.606,17.207,14.483,13.549,15.38,20,18,5,423668.25,73,72,72,72,105,104,102,101,20.322,20.293,22.369,22.31,3117.779,93544,29814,0,800,9433,11,6,0,0,0,28,23,14,20,14,7,False,0,False
531.21704,17.612,17.213,14.483,13.549,15.367,20,18,5,415026.38,72,71,71,71,105,104,102,101,20.318,20.289,22.364,22.304,3156.891,93544,29814,0,800,9400,11,6,0,0,0,28,23,14,20,14,7,False,0,False
531.714,17.618,17.219,14.483,13.549,15.353,20,18,5,406384.5,72,71,72,71,105,104,102,101,20.313,20.284,22.357,22.299,3196.957,93544,29814,0,800,9400,11,6,0,0,0,28,23,14,20,14,7,False,0,False
532.21484,17.624,17.224,14.483,13.549,15.34,20,18,5,403247.34,72,71,72,71,105,104,102,101,20.308,20.279,22.351,22.293,3237.826,93544,29814,0,800,9367,11,6,0,0,0,28,23,14,20,14,7,False,0,False
532.71436,17.629,17.23,14.483,13.549,15.326,20,18,5,394628.78,72,71,72,71,105,104,102,101,20.302,20.274,22.344,22.286,3279.324,93544,29814,0,800,9350,11,6,0,0,0,28,23,14,20,14,7,False,0,False
533.2186,17.635,17.235,14.483,13.549,15.312,20,18,5,386126.97,72,71,72,72,104,104,102,101,20.296,20.268,22.337,22.279,3321.49,93544,29814,0,800,9350,11,6,0,0,0,28,23,14,20,14,7,False,0,False
533.71655,17.643,17.242,14.487,13.553,15.299,20,18,5,383085.2,73,73,74,74,104,104,102,101,20.29,20.262,22.329,22.272,3364.145,93544,29814,0,800,9333,11,6,0,0,0,28,23,14,20,14,7,False,0,False
534.21783,17.665,17.264,14.517,13.583,15.297,20,18,5,417462.56,75,75,78,78,104,104,102,101,20.289,20.261,22.33,22.273,3401.039,93544,29814,0,800,9317,11,6,0,0,0,28,23,14,20,14,7,False,0,False
534.716,17.687,17.292,14.55,13.617,15.296,20,18,5,447151.84,76,80,82,83,104,104,102,101,20.29,20.263,22.336,22.279,3429.807,93544,29814,0,767,9317,11,6,0,0,0,28,23,14,20,14,7,False,0,False
535.21924,17.719,17.332,14.606,13.687,15.296,20,18,5,472749.5,80,85,90,98,104,104,102,101,20.293,20.269,22.344,22.291,3453.176,93544,29814,0,767,9317,11,6,0,0,0,28,23,14,20,14,7,False,0,False
535.71906,17.737,17.356,14.655,13.752,15.293,20,18,5,483696.94,78,82,91,102,104,104,102,101,20.297,20.275,22.355,22.305,3476.871,93544,29814,0,767,9283,11,6,0,0,0,28,23,14,20,14,7,False,0,False
536.21747,17.762,17.389,14.693,13.799,15.285,20,18,5,490498.5,80,86,88,96,105,104,102,101,20.3,20.282,22.364,22.319,3498.963,93544,29814,0,733,9283,11,6,0,0,0,28,23,14,20,14,7,False,0,False
536.7181,17.79,17.422,14.721,13.836,15.276,20,18,5,497068.03,81,85,83,90,105,104,102,102,20.305,20.289,22.371,22.329,3519.758,93544,29814,0,733,9283,11,6,0,0,0,28,23,14,20,14,7,False,0,False
537.21765,17.823,17.462,14.743,13.862,15.265,20,18,5,503450.53,82,87,79,84,105,104,102,102,20.309,20.296,22.376,22.337,3541.369,93544,29814,0,800,9367,11,6,0,0,0,28,23,14,20,14,7,False,0,False
537.716,17.855,17.497,14.76,13.88,15.253,20,18,5,506431.03,81,85,76,79,105,105,102,102,20.313,20.302,22.378,22.341,3564.504,93544,29814,0,800,9367,11,6,0,0,0,28,23,14,20,14,7,False,0,False
538.2177,17.881,17.526,14.776,13.897,15.24,20,18,5,506388.03,79,82,76,78,105,105,102,102,20.315,20.306,22.379,22.344,3589.781,93544,29814,0,833,9433,11,6,0,0,0,28,23,14,20,14,7,False,0,False
538.71783,17.907,17.557,14.796,13.917,15.226,20,18,5,499886.9,78,81,76,78,105,105,102,102,20.317,20.31,22.38,22.345,3617.162,93544,29814,0,833,9433,11,6,0,0,0,28,23,14,20,14,7,False,0,False
539.215,17.934,17.589,14.817,13.938,15.212,20,18,5,492593.5,77,81,76,78,105,105,102,102,20.317,20.312,22.38,22.347,3646.564,93544,29814,0,817,9433,11,6,0,0,0,28,23,14,20,14,7,False,0,False
539.71686,17.953,17.613,14.833,13.953,15.2,20,18,5,490065.7,74,78,75,75,105,105,102,102,20.317,20.314,22.379,22.347,3678.012,93544,29814,0,817,9450,11,6,0,0,0,28,23,14,20,14,7,False,0,False
540.2147,17.965,17.627,14.838,13.957,15.186,20,18,5,481539.9,72,74,71,71,105,105,102,102,20.315,20.313,22.377,22.345,3710.977,93544,29814,0,817,9450,11,6,0,0,0,28,23,14,20,14,7,False,0,False
540.71686,17.98,17.64,14.849,13.969,15.172,20,18,5,472898.03,76,75,76,74,105,105,102,102,20.312,20.311,22.374,22.341,3744.84,93544,29814,0,817,9450,11,6,0,0,0,28,23,14,20,14,7,False,0,False
541.2169,18.036,17.687,14.922,14.033,15.158,20,18,5,464256.16,87,82,92,87,105,105,102,102,20.313,20.311,22.375,22.341,3778.611,93544,29814,0,817,9450,11,6,0,0,0,28,23,14,20,14,7,False,0,False
541.71783,18.109,17.749,15.022,14.12,15.144,20,18,5,455614.28,89,84,96,90,105,105,102,102,20.317,20.313,22.38,22.344,3813.244,93544,29814,0,800,9450,11,6,0,0,0,28,23,14,20,14,7,False,0,False
542.717,18.229,17.849,15.164,14.249,15.118,20,18,5,443761.47,85,81,88,84,105,105,103,102,20.322,20.313,22.385,22.345,3885.148,93544,29814,0,817,9484,11,6,0,0,0,28,23,14,20,14,7,False,0,False
543.2197,18.275,17.887,15.211,14.292,15.104,20,18,5,435119.6,81,78,83,79,105,105,103,102,20.323,20.312,22.384,22.343,3921.502,93544,29814,0,834,9484,11,6,0,0,0,28,23,14,20,14,7,False,0,False
543.7168,18.318,17.923,15.261,14.34,15.091,20,18,5,426477.72,83,79,86,82,105,105,103,102,20.322,20.309,22.382,22.34,3957.139,93544,29814,0,850,9500,11,6,0,0,0,28,23,14,20,14,7,False,0,False
544.7164,18.375,17.971,15.307,14.382,15.063,20,18,5,415695,74,73,74,74,105,105,102,102,20.316,20.302,22.374,22.33,4030.51,93544,29814,40274,867,9517,11,6,0,0,0,28,23,14,20,14,7,False,0,False
545.21533,18.394,17.988,15.331,14.405,15.063,20,18,5,446369.16,76,73,79,77,105,104,102,102,20.314,20.299,22.373,22.33,4062.344,93544,29814,40274,867,9517,11,6,0,0,0,28,23,14,20,14,7,False,0,False
546.2148,18.466,18.042,15.445,14.499,15.062,20,18,5,497548.8,84,78,97,88,105,105,103,102,20.321,20.301,22.387,22.34,4111.648,93544,29814,40274,883,9533,11,6,0,0,0,28,23,14,20,14,7,False,0,False
546.71716,18.491,18.06,15.509,14.548,15.061,20,18,5,517290.06,81,76,102,92,105,105,103,102,20.325,20.303,22.399,22.348,4131.834,93544,29814,40274,784,9533,11,6,0,0,0,28,23,14,20,14,7,False,0,False
547.2144,18.511,18.077,15.558,14.583,15.055,20,18,5,524169.88,81,78,101,88,105,105,103,102,20.329,20.305,22.412,22.356,4152.729,93544,29814,40274,784,9450,11,6,0,0,0,28,23,14,20,14,7,False,0,False
547.7153,18.535,18.097,15.589,14.606,15.048,20,18,5,530728,83,78,93,83,105,105,103,102,20.332,20.306,22.422,22.362,4172.467,93544,29814,40274,784,9450,11,6,0,0,0,28,23,14,20,14,7,False,0,False
548.2191,18.555,18.114,15.605,14.62,15.039,20,18,5,537140,80,77,83,77,105,105,103,102,20.335,20.308,22.427,22.364,4191.996,93544,29814,40274,833,9516,11,6,0,0,0,28,23,14,20,14,7,False,0,False
548.71686,18.574,18.131,15.614,14.627,15.028,20,18,5,540550,78,76,76,72,105,105,103,102,20.337,20.309,22.429,22.365,4213.172,93544,29814,40274,833,9516,11,6,0,0,0,28,23,14,20,14,7,False,0,False
549.21185,18.594,18.151,15.615,14.629,15.014,20,18,5,535895.5,77,76,72,70,105,105,103,102,20.338,20.309,22.428,22.363,4237.285,93544,29814,40274,900,9516,11,6,0,0,0,28,23,14,20,14,7,False,0,False
549.71765,18.604,18.16,15.615,14.629,15.001,20,18,5,535270,74,74,71,70,105,105,103,102,20.337,20.308,22.425,22.36,4263.945,93544,29814,40274,900,9600,11,6,0,0,0,28,23,14,20,14,7,False,0,False
550.2169,18.614,18.169,15.615,14.629,14.988,20,18,5,528313.8,73,73,71,70,105,105,103,102,20.335,20.306,22.422,22.357,4292.824,93544,29814,40274,900,9600,11,6,0,0,0,28,23,14,20,14,7,False,0,False
550.71783,18.624,18.177,15.615,14.629,14.975,20,18,5,525996.44,73,72,70,70,105,105,103,102,20.332,20.303,22.418,22.353,4323.641,93544,29814,40274,917,9600,11,6,0,0,0,28,23,14,20,14,7,False,0,False
551.2145,18.632,18.185,15.615,14.629,14.961,20,18,5,517500.66,73,73,70,71,105,105,103,102,20.329,20.3,22.414,22.349,4355.922,93544,29814,40274,917,9650,11,6,0,0,0,28,23,14,20,14,7,False,0,False
551.7151,18.639,18.193,15.615,14.629,14.947,20,18,5,508858.78,72,72,70,70,105,104,103,102,20.326,20.297,22.409,22.344,4389.73,93544,29814,40274,917,9650,11,6,0,0,0,28,23,14,20,14,7,False,0,False
552.2166,18.646,18.2,15.615,14.629,14.934,20,18,5,505596.5,72,72,71,70,105,104,103,102,20.321,20.293,22.403,22.339,4424.852,93544,29814,40274,934,9667,11,6,0,0,0,28,23,14,20,14,7,False,0,False
552.71606,18.652,18.206,15.615,14.629,14.921,20,18,5,496954.62,72,72,71,71,105,104,103,102,20.317,20.289,22.397,22.334,4461,93544,29814,40274,934,9667,11,6,0,0,0,28,23,14,20,14,7,False,0,False
553.21606,18.658,18.213,15.615,14.629,14.907,20,18,5,488312.75,72,72,71,71,105,104,103,102,20.312,20.284,22.391,22.328,4498.211,93544,29814,40274,933,9667,11,6,0,0,0,28,23,14,20,14,7,False,0,False
554.21625,18.671,18.225,15.615,14.629,14.879,20,18,5,471029,73,73,71,71,105,104,102,101,20.301,20.274,22.377,22.315,4575.467,93544,29814,40274,934,9683,11,6,0,0,0,28,23,14,20,14,7,False,0,False
554.7177,18.677,18.231,15.615,14.629,14.865,20,18,5,462387.12,73,73,72,72,104,104,102,101,20.296,20.268,22.37,22.308,4615.316,93544,29814,40274,950,9683,11,6,0,0,0,28,23,14,20,14,7,False,0,False
555.2189,18.682,18.236,15.615,14.629,14.852,20,18,5,453745.25,74,73,72,72,104,104,102,101,20.29,20.263,22.362,22.301,4655.84,93544,29814,40274,950,9684,11,6,0,0,0,28,23,14,20,14,7,False,0,False
555.71606,18.688,18.242,15.615,14.629,14.839,20,18,5,450614.6,74,73,72,72,104,104,102,101,20.284,20.257,22.355,22.293,4696.867,93544,29814,40274,950,9666,11,6,0,0,0,28,23,14,20,14,7,False,0,False
556.21405,18.693,18.248,15.615,14.629,14.825,20,18,5,441972.72,74,74,72,72,104,104,102,101,20.278,20.251,22.346,22.285,4738.293,93544,29814,40274,967,9666,11,6,0,0,0,28,23,14,20,14,7,False,0,False
556.7173,18.699,18.254,15.615,14.629,14.811,20,18,5,433330.84,74,74,72,72,104,103,102,101,20.272,20.245,22.338,22.277,4780.117,93544,29814,40274,967,9667,11,6,0,0,0,28,23,14,20,14,7,False,0,False
557.2133,18.705,18.26,15.616,14.63,14.797,20,18,5,427600.3,73,72,72,72,104,103,102,101,20.265,20.239,22.329,22.269,4822.252,93544,29814,40274,967,9667,11,6,0,0,0,28,23,14,20,14,7,False,0,False
557.71484,18.726,18.281,15.648,14.662,14.794,20,18,5,459484.3,75,74,78,78,104,103,102,101,20.262,20.236,22.329,22.269,4859.209,93544,29814,40274,967,9667,11,6,0,0,0,28,23,14,20,14,7,False,0,False
558.21545,18.745,18.301,15.67,14.683,14.793,20,18,5,487348,74,74,77,76,104,103,102,101,20.263,20.237,22.334,22.274,4887.4,93544,29814,40274,933,9667,11,6,0,0,0,28,23,14,20,14,7,False,0,False
558.7153,18.772,18.323,15.711,14.717,14.793,20,18,5,510866.72,81,76,89,83,104,103,102,101,20.266,20.239,22.341,22.281,4909.738,93544,29814,40274,933,9667,11,6,0,0,0,28,23,14,20,14,7,False,0,False
559.2146,18.805,18.348,15.771,14.765,14.793,20,18,5,529449.56,85,79,100,91,104,103,102,101,20.273,20.244,22.354,22.29,4927.051,93544,29814,40274,933,9667,11,6,0,0,0,28,23,14,20,14,7,False,0,False
559.71387,18.819,18.36,15.822,14.796,14.788,20,18,5,535917.1,79,77,103,88,104,104,102,101,20.279,20.247,22.369,22.301,4950.578,93544,29814,40274,866,9667,11,6,0,0,0,28,23,14,20,14,7,False,0,False
560.21643,18.847,18.384,15.847,14.815,14.78,20,18,5,542230.2,85,81,92,82,104,104,103,101,20.284,20.251,22.381,22.309,4968.066,93544,29814,40274,866,9600,11,6,0,0,0,28,23,14,20,14,7,False,0,False
560.7154,18.907,18.437,15.862,14.826,14.773,20,18,5,548960.6,99,94,82,76,104,104,103,101,20.294,20.259,22.39,22.314,4985.873,93544,29814,40274,866,9600,11,6,0,0,0,28,23,14,20,14,7,False,0,False
561.7162,18.951,18.476,15.883,14.845,14.75,20,18,5,554082.25,83,80,77,74,105,104,103,101,20.306,20.269,22.396,22.318,5026.27,93544,29814,40274,833,9600,11,6,0,0,0,28,23,14,20,14,7,False,0,False
562.2125,18.991,18.515,15.891,14.852,14.737,20,18,5,553072.5,84,82,74,71,105,104,103,101,20.312,20.274,22.398,22.319,5049.234,93544,29814,40274,816,9600,11,6,0,0,0,28,23,14,20,14,7,False,0,False
562.7106,19.002,18.525,15.892,14.854,14.724,20,18,5,549998.44,75,74,71,70,105,104,103,101,20.313,20.275,22.397,22.318,5074.414,93544,29814,40274,816,9650,11,6,0,0,0,28,23,14,20,14,7,False,0,False
563.21326,19.011,18.534,15.892,14.854,14.71,20,18,5,542868.25,73,72,70,70,105,104,103,101,20.312,20.274,22.395,22.316,5104.127,93544,29814,40274,833,9650,11,6,0,0,0,28,23,14,20,14,7,False,0,False
563.71124,19.019,18.542,15.892,14.854,14.698,20,18,5,540786.8,73,72,70,71,105,104,103,101,20.311,20.272,22.392,22.314,5133.816,93544,29814,40274,833,9650,11,6,0,0,0,28,23,14,20,14,7,False,0,False
564.2089,19.026,18.549,15.892,14.854,14.684,20,18,5,532287.7,73,73,71,71,105,104,103,101,20.309,20.27,22.389,22.312,5166.088,93544,29814,40274,833,9650,11,6,0,0,0,28,23,14,20,14,7,False,0,False
564.71356,19.033,18.556,15.892,14.854,14.67,20,18,5,523357.75,73,72,71,71,105,104,103,101,20.306,20.268,22.386,22.309,5201.09,93544,29814,40274,867,9650,11,6,0,0,0,28,23,14,20,14,7,False,0,False
565.21436,19.04,18.563,15.892,14.854,14.656,20,18,5,514715.88,73,73,71,71,105,104,103,101,20.303,20.265,22.382,22.305,5236.377,93544,29814,40274,884,9650,11,6,0,0,0,28,23,14,20,14,7,False,0,False
565.71106,19.046,18.569,15.892,14.854,14.643,20,18,5,511884.06,73,73,71,71,105,104,102,101,20.3,20.262,22.377,22.301,5271.486,93544,29814,40274,884,3283,11,6,0,0,0,28,23,14,20,14,7,False,0,False
566.2103,19.052,18.575,15.892,14.854,14.63,20,18,5,503242.2,73,73,71,71,104,104,102,101,20.296,20.258,22.372,22.297,5308.773,93544,29814,40274,883,3283,11,6,0,0,0,28,23,14,20,14,7,False,0,False
566.7115,19.058,18.582,15.892,14.854,14.616,20,18,5,494600.3,72,71,71,71,104,104,102,101,20.292,20.254,22.367,22.292,5347.047,93544,29814,40274,883,3317,11,6,0,0,0,28,23,14,20,14,7,False,0,False
567.21136,19.064,18.588,15.892,14.854,14.602,20,18,5,485958.44,71,71,72,71,104,104,102,101,20.287,20.25,22.361,22.286,5386.305,93544,29814,40274,883,3334,11,6,0,0,0,28,23,14,20,14,7,False,0,False
567.7129,19.071,18.594,15.892,14.854,14.588,20,18,6,477028.5,71,71,72,71,104,103,102,101,20.281,20.244,22.354,22.28,18.957,93183,0,0,883,3334,9,7,0,0,0,28,23,14,20,14,7,False,0,False
568.2108,19.076,18.599,15.892,14.854,14.575,20,18,6,474194.47,72,71,72,71,104,103,102,101,20.276,20.239,22.348,22.274,58.6,93183,0,0,883,3367,9,7,0,0,0,28,23,14,20,14,7,False,0,False
568.7127,19.082,18.605,15.892,14.854,14.561,20,18,6,465264.53,72,71,71,71,104,103,102,101,20.269,20.233,22.34,22.267,101.541,93183,0,0,883,3400,8,7,0,0,0,28,23,14,20,14,7,False,0,False
569.2108,19.087,18.61,15.892,14.854,14.548,20,18,6,456910.72,72,71,72,71,104,103,102,100,20.263,20.227,22.333,22.26,142.342,93183,0,0,883,3434,7,7,0,0,0,28,23,14,20,14,7,False,0,False
569.713,19.093,18.616,15.892,14.854,14.533,20,18,6,447980.78,72,72,72,72,104,103,102,100,20.256,20.22,22.325,22.252,186.574,93183,0,0,883,3467,6,7,0,0,0,28,23,14,20,14,7,False,0,False
570.21136,19.098,18.621,15.892,14.854,14.52,20,18,6,439626.97,72,72,72,72,104,103,101,100,20.25,20.214,22.317,22.244,228.467,93183,0,0,917,3466,6,7,0,0,0,28,23,14,20,14,7,False,0,False
570.7113,19.104,18.627,15.892,14.854,14.506,20,18,6,430985.1,72,72,72,72,103,103,101,100,20.242,20.207,22.308,22.236,272.248,93183,0,0,916,3466,6,7,0,0,0,28,23,14,20,14,7,False,0,False
571.2152,19.11,18.633,15.892,14.854,14.492,20,18,6,422055.16,72,72,72,72,103,103,101,100,20.234,20.199,22.299,22.227,317.906,93183,0,0,900,3483,6,7,0,0,0,28,23,14,20,14,7,False,0,False
571.71313,19.115,18.638,15.892,14.854,14.478,20,18,6,413413.28,73,73,72,72,103,102,101,100,20.227,20.192,22.29,22.219,362.469,93183,0,0,917,3500,6,7,0,0,0,28,23,14,20,14,7,False,0,False
572.21277,19.121,18.643,15.892,14.854,14.464,20,18,6,404771.4,71,71,72,72,103,102,101,100,20.219,20.184,22.281,22.21,407.305,93183,0,0,900,3500,6,7,0,0,0,28,23,14,20,14,7,False,0,False
572.7154,19.126,18.649,15.892,14.854,14.451,20,18,6,396193.62,72,72,72,72,103,102,101,99,20.21,20.176,22.271,22.201,452.375,93183,0,0,900,3500,6,7,0,0,0,28,23,14,20,14,7,False,0,False
573.213,19.132,18.654,15.892,14.854,14.437,20,18,6,387886.78,72,72,72,72,103,102,100,99,20.202,20.167,22.261,22.192,497.699,93183,0,0,900,3500,6,7,0,0,0,28,23,14,20,14,7,False,0,False
573.7121,19.137,18.659,15.892,14.854,14.423,20,18,6,379845.06,72,72,72,72,103,102,100,99,20.193,20.159,22.251,22.182,543.238,93183,0,0,900,3500,6,7,0,0,0,28,23,14,20,14,7,False,0,False
574.21075,19.142,18.664,15.892,14.854,14.41,20,18,6,372265.5,72,72,72,71,102,102,100,99,20.184,20.15,22.242,22.173,587.383,93183,0,0,900,3500,6,7,0,0,0,28,23,14,20,14,7,False,0,False
574.71173,19.161,18.682,15.915,14.878,14.404,20,18,6,398637,75,75,77,76,102,102,100,99,20.179,20.145,22.238,22.169,630.207,93183,0,0,900,3500,6,7,0,0,0,28,23,14,20,14,7,False,0,False
575.2145,19.185,18.706,15.943,14.906,14.402,20,18,6,431608.28,75,75,77,77,102,102,100,99,20.179,20.146,22.242,22.174,664.656,93183,0,0,900,3483,6,7,0,0,0,28,23,14,20,14,7,False,0,False
575.7131,19.204,18.726,15.959,14.922,14.401,20,18,6,457532.44,75,75,76,75,102,102,100,99,20.182,20.149,22.249,22.181,689.523,93183,0,0,850,3483,6,7,0,0,0,28,23,14,20,14,7,False,0,False
576.20984,19.215,18.735,15.968,14.932,14.401,20,18,6,478098.66,74,73,76,74,102,102,100,99,20.185,20.152,22.255,22.187,707.684,93183,0,0,850,3483,6,7,0,0,0,28,23,14,20,14,7,False,0,False
576.7129,19.232,18.749,15.99,14.949,14.401,20,18,6,494843.22,78,74,82,77,102,102,101,99,20.19,20.156,22.263,22.194,722.117,93183,0,0,850,3483,6,7,0,0,0,28,23,14,20,14,7,False,0,False
577.2138,19.244,18.759,16.017,14.967,14.401,20,18,6,507005.16,77,74,89,80,103,102,101,99,20.195,20.16,22.272,22.201,733.461,93183,0,0,850,3500,6,7,0,0,0,28,23,14,20,14,7,False,0,False
577.7126,19.249,18.764,16.047,14.982,14.401,20,18,6,513105.22,74,74,95,80,103,102,101,100,20.199,20.164,22.285,22.209,755.5,93183,0,0,767,3500,6,7,0,0,0,28,23,14,20,14,7,False,0,False
578.2112,19.263,18.773,16.063,14.997,14.398,20,18,6,517828.62,79,74,92,82,103,102,101,100,20.203,20.167,22.298,22.217,765.637,93183,0,0,767,3500,6,7,0,0,0,28,23,14,20,14,7,False,0,False
578.71484,19.283,18.793,16.069,15.002,14.393,20,18,6,522514.7,84,81,84,77,103,102,101,100,20.21,20.171,22.308,22.224,776.008,93183,0,0,767,3050,6,7,0,0,0,28,23,14,20,14,7,False,0,False
579.2142,19.314,18.822,16.072,15.004,14.386,20,18,6,528488.8,89,87,77,73,103,102,101,100,20.22,20.18,22.315,22.229,787.93,93183,0,0,767,3050,6,7,0,0,0,28,23,14,20,14,7,False,0,False
579.71454,19.327,18.836,16.073,15.006,14.377,20,18,6,533033.9,82,81,72,72,103,102,101,100,20.228,20.187,22.318,22.232,802.242,93183,0,0,517,3050,6,7,0,0,0,28,23,14,20,14,7,False,0,False
580.2112,19.342,18.851,16.076,15.01,14.367,20,18,6,540031.75,79,79,70,72,103,102,101,100,20.233,20.192,22.32,22.235,818.449,93183,0,0,517,3050,6,7,0,0,0,28,23,14,20,14,7,False,0,False
580.713,19.359,18.869,16.086,15.022,14.357,20,18,6,551571,78,79,73,76,103,103,101,100,20.237,20.197,22.321,22.238,839.613,93183,0,0,534,2950,6,7,0,0,0,28,23,14,20,14,7,False,0,False
581.2122,19.382,18.897,16.101,15.038,14.347,20,18,6,557951.75,79,83,75,77,103,103,102,100,20.24,20.202,22.323,22.242,865.094,93183,0,0,534,2950,6,7,0,0,0,28,23,14,20,14,7,False,0,False
581.71204,19.408,18.923,16.11,15.046,14.335,20,18,6,559349.1,79,81,73,74,103,103,102,100,20.244,20.207,22.324,22.244,886.715,93183,0,0,534,2933,6,7,0,0,0,28,23,14,20,14,7,False,0,False
582.21277,19.435,18.951,16.116,15.052,14.321,20,18,6,554991.75,77,79,72,72,104,103,102,100,20.247,20.212,22.325,22.245,911.414,93183,0,0,533,2933,6,7,0,0,0,28,23,14,20,14,7,False,0,False
582.7129,19.445,18.963,16.117,15.052,14.308,20,18,6,554428.3,74,74,70,70,104,103,102,100,20.248,20.214,22.323,22.245,939.02,93183,0,0,533,2933,6,7,0,0,0,28,23,14,20,14,7,False,0,False
583.2147,19.464,18.981,16.127,15.062,14.294,20,18,6,547344.2,76,74,74,72,104,103,102,100,20.249,20.214,22.322,22.244,969.805,93183,0,0,517,2917,6,7,0,0,0,28,23,14,20,14,7,False,0,False
583.71185,19.484,18.996,16.137,15.072,14.282,20,18,6,544912.2,76,73,74,72,104,103,101,100,20.249,20.214,22.321,22.243,1000.316,93183,0,0,500,2883,6,7,0,0,0,28,23,14,20,14,7,False,0,False
584.21344,19.501,19.01,16.145,15.081,14.268,20,18,6,536434.9,74,72,73,71,104,103,101,100,20.249,20.213,22.32,22.241,1032.336,93183,0,0,500,2883,6,7,0,0,0,28,23,14,20,14,7,False,0,False
584.71454,19.511,19.018,16.145,15.082,14.254,20,18,6,527793,71,71,71,70,104,103,101,100,20.247,20.211,22.317,22.238,1066.121,93183,0,0,500,2867,6,7,0,0,0,28,23,14,20,14,7,False,0,False
585.21216,19.519,19.026,16.145,15.082,14.241,20,18,6,521923.22,71,71,71,70,103,103,101,100,20.244,20.208,22.313,22.234,1101.434,93183,0,0,500,2867,6,7,0,0,0,28,23,14,20,14,7,False,0,False
586.2138,19.533,19.039,16.145,15.082,14.214,20,18,6,507359.7,71,71,71,71,103,103,101,100,20.236,20.201,22.303,22.225,1175.691,93183,0,0,500,2867,6,7,0,0,0,28,23,14,20,14,7,False,0,False
586.7103,19.539,19.045,16.145,15.082,14.2,20,18,6,499005.88,71,71,71,71,103,103,101,100,20.232,20.197,22.298,22.22,1213.25,93183,0,0,500,2850,6,7,0,0,0,28,23,14,20,14,7,False,0,False
587.2143,19.545,19.052,16.145,15.082,14.186,20,18,6,490075.94,71,71,71,71,103,102,101,100,20.227,20.192,22.291,22.214,1254.43,93183,0,0,500,2816,6,7,0,0,0,28,23,14,20,14,7,False,0,False
587.7161,19.55,19.058,16.145,15.082,14.173,20,18,6,486909.6,71,71,71,71,103,102,101,100,20.222,20.187,22.285,22.208,1295.133,93183,0,0,484,2816,6,7,0,0,0,28,23,14,20,14,7,False,0,False
588.2146,19.556,19.064,16.145,15.082,14.16,20,18,6,478267.72,71,71,71,71,103,102,101,99,20.217,20.182,22.278,22.202,1336.516,93183,0,0,483,2816,6,7,0,0,0,28,23,14,20,14,7,False,0,False
588.7164,19.561,19.07,16.145,15.082,14.146,20,18,6,469625.84,71,71,71,71,103,102,101,99,20.211,20.177,22.271,22.195,1378.602,93183,0,0,466,2766,6,7,0,0,0,28,23,14,20,14,7,False,0,False
589.2166,19.573,19.081,16.158,15.092,14.135,20,18,6,475798.9,74,74,77,75,103,102,101,99,20.205,20.172,22.265,22.189,1420.809,93183,0,0,466,2766,6,7,0,0,0,28,23,14,20,14,7,False,0,False
589.7168,19.604,19.103,16.206,15.123,14.133,20,18,6,508279.88,77,73,83,77,103,102,101,99,20.206,20.172,22.269,22.193,1455.723,93183,0,0,450,2717,6,7,0,0,0,28,23,14,20,14,7,False,0,False
590.21594,19.623,19.125,16.243,15.137,14.131,20,18,6,536373.75,76,74,80,75,103,102,101,99,20.209,20.175,22.277,22.198,1483.059,93183,0,0,450,2717,6,7,0,0,0,28,23,14,20,14,7,False,0,False
590.7148,19.651,19.147,16.269,15.16,14.131,20,18,6,561578,80,76,82,77,103,102,101,100,20.214,20.178,22.284,22.204,1504.781,93183,0,0,467,2717,6,7,0,0,0,28,23,14,20,14,7,False,0,False
591.2164,19.666,19.158,16.289,15.177,14.131,20,18,6,582241.94,78,74,83,78,103,102,101,100,20.219,20.182,22.292,22.211,1522.504,93183,0,0,467,2684,6,7,0,0,0,28,23,14,20,14,7,False,0,False
592.2165,19.703,19.183,16.361,15.234,14.126,20,18,6,602887.8,79,74,93,84,103,102,101,100,20.231,20.188,22.313,22.227,1567.684,93183,0,0,434,2684,6,7,0,0,0,28,23,14,20,14,7,False,0,False
592.7153,19.716,19.194,16.375,15.244,14.121,20,18,6,610238.25,78,74,85,78,103,102,102,100,20.236,20.191,22.322,22.234,1583.578,93183,0,0,434,2667,6,7,0,0,0,28,23,14,20,14,7,False,0,False
593.215,19.728,19.204,16.386,15.254,14.114,20,18,6,617817,77,73,80,75,103,103,102,100,20.239,20.193,22.328,22.239,1599.289,93183,0,0,434,2667,6,7,0,0,0,28,23,14,20,14,7,False,0,False
593.7162,19.753,19.225,16.397,15.263,14.105,20,18,6,625732.5,82,78,77,73,103,103,102,100,20.244,20.196,22.333,22.242,1616.23,93183,0,0,417,2667,6,7,0,0,0,28,23,14,20,14,7,False,0,False
594.2145,19.769,19.24,16.4,15.267,14.094,20,18,6,633553.3,78,76,73,71,104,103,102,100,20.248,20.199,22.335,22.243,1636.277,93183,0,0,417,2750,6,7,0,0,0,28,23,14,20,14,7,False,0,False
594.7155,19.8,19.264,16.401,15.267,14.081,20,18,6,639630.2,83,83,72,69,104,103,102,100,20.252,20.202,22.335,22.244,1658.52,93183,0,0,434,2750,6,7,0,0,0,28,23,14,20,14,7,False,0,False
595.21356,19.828,19.29,16.401,15.267,14.069,20,18,6,642488.2,82,79,70,68,104,103,102,100,20.256,20.207,22.335,22.243,1683.27,93183,0,0,434,2750,6,7,0,0,0,28,23,14,20,14,7,False,0,False
595.7097,19.84,19.302,16.402,15.268,14.056,20,18,6,636674.1,75,74,69,70,104,103,102,100,20.257,20.208,22.333,22.241,1709.605,93183,0,0,434,2750,6,7,0,0,0,28,23,14,20,14,7,False,0,False
596.2122,19.852,19.315,16.407,15.273,14.041,20,18,6,629386.7,73,75,71,72,104,103,102,100,20.257,20.208,22.331,22.24,1739.562,93183,0,0,434,2784,6,7,0,0,0,28,23,14,20,14,7,False,0,False
596.71295,19.863,19.33,16.413,15.278,14.029,20,18,6,626965.7,72,74,71,72,104,103,102,100,20.256,20.209,22.329,22.239,1770.574,93183,0,0,433,2784,6,7,0,0,0,28,23,14,20,14,7,False,0,False
597.21576,19.878,19.348,16.424,15.288,14.015,20,18,6,618409.9,73,75,72,74,104,103,102,100,20.255,20.208,22.326,22.238,1803.68,93183,0,0,433,2800,6,7,0,0,0,28,23,14,20,14,7,False,0,False
597.7161,19.893,19.367,16.434,15.298,14.002,20,18,6,614837.9,73,75,73,72,104,103,102,100,20.253,20.209,22.324,22.236,1839.094,93183,29747,0,434,2800,6,7,0,0,0,28,23,14,20,14,7,False,0,False
598.2125,19.928,19.396,16.485,15.342,14.002,20,18,6,646248.56,82,78,89,83,104,103,102,100,20.254,20.209,22.325,22.237,1870.109,93183,29747,0,433,2800,6,7,0,0,0,28,23,14,20,14,7,False,0,False
598.71533,19.978,19.436,16.577,15.416,14.002,20,18,6,666296.7,85,80,102,92,104,103,102,100,20.26,20.213,22.335,22.244,1897.477,93183,29747,0,433,2817,6,7,0,0,0,28,23,14,20,14,7,False,0,False
599.21484,20.011,19.461,16.651,15.475,13.997,20,18,6,672955.06,85,79,101,91,104,103,102,100,20.265,20.216,22.347,22.252,1925.141,93183,29747,0,450,2817,6,7,0,0,0,28,23,14,20,14,7,False,0,False
599.713,20.048,19.489,16.689,15.506,13.989,20,18,6,678654.4,84,78,87,81,104,103,102,100,20.27,20.218,22.354,22.257,1951.504,93183,29747,0,450,2817,6,7,0,0,0,28,23,14,20,14,7,False,0,False
600.2147,20.066,19.505,16.695,15.513,13.977,20,18,6,675963.5,76,73,74,72,104,103,102,100,20.272,20.219,22.356,22.258,1977.387,93183,29747,0,467,2817,6,7,0,0,0,28,23,14,20,14,7,False,0,False
600.7118,20.084,19.526,16.714,15.535,13.964,20,18,6,676700.56,76,77,76,79,104,103,102,100,20.272,20.219,22.354,22.257,2005.633,93183,29747,0,467,2817,6,7,0,0,0,28,23,14,18,14,7,False,0,False
601.21063,20.115,19.562,16.746,15.575,13.953,20,18,6,680833.3,78,81,79,85,104,103,102,100,20.272,20.221,22.353,22.258,2035.773,93183,29747,0,484,2817,6,7,0,0,0,28,23,14,18,14,7,False,0,False
601.7078,20.158,19.613,16.795,15.636,13.94,20,18,6,684278.2,82,86,83,90,104,103,102,101,20.274,20.224,22.353,22.262,2066.484,93183,29747,0,484,2817,6,7,0,0,0,28,23,14,18,14,7,False,0,False
602.2131,20.197,19.66,16.827,15.674,13.927,20,18,6,687908.6,78,82,77,80,104,103,102,101,20.275,20.228,22.353,22.265,2097.59,93183,29747,0,500,2817,6,7,0,0,0,28,23,14,18,14,7,False,0,False
602.7118,20.216,19.683,16.843,15.689,13.914,20,18,6,679502.2,73,77,74,74,104,103,102,101,20.273,20.228,22.35,22.263,2129.59,93183,29747,0,500,2817,6,7,0,0,0,28,23,14,18,14,7,False,0,False
603.2128,20.23,19.701,16.852,15.697,13.9,20,18,6,670860.3,74,76,73,73,104,103,102,100,20.27,20.227,22.345,22.259,2162.859,93183,29747,0,500,2850,6,7,0,0,0,28,23,14,18,14,7,False,0,False
603.71216,20.248,19.721,16.874,15.72,13.897,20,18,6,698960.1,75,75,77,76,104,103,102,100,20.269,20.227,22.345,22.26,2192.859,93183,29747,0,500,2850,6,7,0,0,0,28,23,14,18,14,7,False,0,False
604.2132,20.257,19.728,16.879,15.725,13.896,20,18,6,724614.1,72,71,74,72,104,103,102,101,20.27,20.227,22.348,22.263,2216.484,93183,29747,0,467,2850,6,7,0,0,0,28,23,14,18,14,7,False,0,False
604.71356,20.264,19.733,16.886,15.732,13.896,20,18,6,747422.9,72,70,74,72,104,103,102,101,20.27,20.227,22.351,22.265,2236.398,93183,29747,0,467,2850,6,7,0,0,0,28,23,14,18,14,7,False,0,False
605.21533,20.277,19.742,16.903,15.748,13.896,20,18,6,766573.2,76,71,79,76,104,103,102,101,20.272,20.228,22.354,22.268,2252.73,93183,29747,0,467,2950,6,7,0,0,0,28,23,14,18,14,7,False,0,False
605.7148,20.292,19.754,16.932,15.768,13.896,20,18,6,780799.5,78,74,88,80,104,103,102,101,20.275,20.229,22.361,22.274,2265.148,93183,29747,0,517,2950,6,7,0,0,0,28,23,14,18,14,7,False,0,False
606.2132,20.3,19.761,16.964,15.79,13.896,20,18,6,790854.75,76,73,96,84,104,103,102,101,20.279,20.231,22.371,22.28,2278.875,93183,29747,0,517,2950,6,7,0,0,0,28,23,14,18,14,7,False,0,False
606.7117,20.31,19.768,16.986,15.807,13.893,20,18,6,795959.4,77,74,94,84,104,103,103,101,20.281,20.233,22.382,22.287,2293.645,93183,29747,0,517,2883,6,7,0,0,0,28,23,14,18,14,7,False,0,False
607.2122,20.322,19.778,16.994,15.813,13.888,20,18,6,801859.6,79,74,86,79,104,103,103,101,20.285,20.235,22.391,22.293,2306.383,93183,29747,0,517,2883,6,7,0,0,0,28,23,14,18,14,7,False,0,False
607.7133,20.332,19.788,16.997,15.816,13.881,20,18,6,808003.3,77,75,79,74,104,103,103,101,20.289,20.237,22.396,22.296,2318.98,93183,29747,0,417,2883,6,7,0,0,0,28,23,14,18,14,7,False,0,False
608.21497,20.352,19.811,17.001,15.82,13.872,20,18,6,813292.4,82,81,75,72,104,103,103,101,20.292,20.24,22.399,22.298,2333.379,93183,29747,0,417,2883,6,7,0,0,0,28,23,14,18,14,7,False,0,False
608.71497,20.376,19.837,17.002,15.821,13.861,20,18,6,820709.25,82,82,72,69,104,103,103,101,20.297,20.246,22.399,22.298,2350.109,93183,29747,0,417,2900,6,7,0,0,0,28,23,14,18,14,7,False,0,False
609.2098,20.402,19.866,17.003,15.822,13.85,20,18,6,828190.44,83,84,70,69,105,104,103,101,20.302,20.251,22.399,22.297,2369.301,93183,29747,0,450,2900,6,7,0,0,0,28,23,14,18,14,7,False,0,False
609.7134,20.418,19.885,17.003,15.822,13.836,20,18,6,824264.06,77,77,69,69,105,104,103,101,20.305,20.254,22.397,22.296,2392.625,93183,29747,0,450,2850,6,7,0,0,0,28,23,14,18,14,7,False,0,False
610.2144,20.43,19.897,17.003,15.822,13.823,20,18,6,824196.44,74,73,69,69,105,104,103,101,20.306,20.255,22.394,22.294,2417.812,93183,29747,0,400,2850,6,7,0,0,0,28,23,14,18,14,7,False,0,False
610.71216,20.439,19.907,17.003,15.822,13.81,20,18,6,817921.44,73,72,69,69,105,104,103,101,20.305,20.254,22.391,22.292,2445.16,93183,29747,0,400,2850,6,7,0,0,0,28,23,14,18,14,7,False,0,False
611.2119,20.448,19.916,17.003,15.822,13.796,20,18,6,810655.6,72,72,69,69,105,104,103,101,20.303,20.253,22.388,22.289,2474.621,93183,29747,0,383,2817,6,7,0,0,0,28,23,14,18,14,7,False,0,False
611.71423,20.456,19.924,17.003,15.822,13.783,20,18,6,808014.44,72,72,70,70,105,104,103,101,20.301,20.251,22.384,22.286,2505.812,93183,29747,0,383,2817,6,7,0,0,0,28,23,14,18,14,7,False,0,False
612.21423,20.464,19.932,17.003,15.823,13.769,20,18,6,799395.4,72,72,70,70,104,104,102,101,20.298,20.248,22.379,22.282,2538.625,93183,29747,0,367,2800,6,7,0,0,0,28,23,14,18,14,7,False,0,False
612.71344,20.477,19.949,17.013,15.832,13.756,20,18,6,790753.5,73,75,72,73,104,103,102,101,20.295,20.246,22.375,22.278,2573.031,93183,29747,0,383,2800,6,7,0,0,0,28,23,14,18,14,7,False,0,False
613.2107,20.496,19.973,17.035,15.854,13.743,20,18,6,787767.44,75,77,75,77,104,103,102,101,20.292,20.245,22.371,22.276,2606.969,93183,29747,0,383,2800,6,7,0,0,0,28,23,14,18,14,7,False,0,False
613.7161,20.524,20.009,17.069,15.887,13.737,20,18,6,806351.25,76,79,78,80,104,103,102,101,20.291,20.245,22.369,22.275,2643.281,93183,29747,0,400,2800,6,7,0,0,0,28,23,14,18,14,7,False,0,False
614.21375,20.553,20.042,17.1,15.917,13.736,20,18,6,833789.1,77,80,79,81,104,104,102,101,20.292,20.248,22.372,22.28,2672.512,93183,29747,0,400,2800,6,7,0,0,0,28,23,14,18,14,7,False,0,False
614.715,20.566,20.059,17.114,15.932,13.735,20,18,6,858122.25,74,77,76,79,104,104,102,101,20.294,20.252,22.376,22.285,2694.539,93183,29747,0,433,2800,6,7,0,0,0,28,23,14,18,14,7,False,0,False
615.21204,20.578,20.074,17.126,15.945,13.735,20,18,6,878471.5,74,77,76,78,104,104,102,101,20.296,20.256,22.379,22.29,2712.031,93183,29747,0,433,2800,6,7,0,0,0,28,23,14,18,14,7,False,0,False
615.71423,20.584,20.082,17.135,15.954,13.735,20,18,6,895054.4,72,75,75,78,104,104,103,101,20.297,20.259,22.383,22.295,2726.582,93183,29747,0,433,2800,6,7,0,0,0,28,23,14,18,14,7,False,0,False
616.2148,20.592,20.092,17.149,15.974,13.735,20,18,6,907751.2,73,75,77,83,104,104,103,101,20.298,20.262,22.386,22.302,2737.719,93183,29747,0,433,2850,6,7,0,0,0,28,23,14,18,14,7,False,0,False
616.71216,20.599,20.099,17.164,16.001,13.733,20,18,6,913458.7,73,75,80,91,104,104,103,101,20.3,20.265,22.391,22.311,2754.391,93183,29747,0,434,2850,6,7,0,0,0,28,23,14,18,14,7,False,0,False
617.2113,20.607,20.11,17.172,16.01,13.729,20,18,6,918694.4,74,77,78,86,105,104,103,101,20.301,20.268,22.395,22.319,2768.773,93183,29747,0,434,2850,6,7,0,0,0,28,23,14,18,14,7,False,0,False
617.7117,20.618,20.121,17.177,16.016,13.724,20,18,6,924656.44,75,78,75,80,105,104,103,102,20.303,20.272,22.398,22.326,2779.512,93183,29747,0,434,2817,6,7,0,0,0,28,23,14,18,14,7,False,0,False
618.2114,20.63,20.134,17.179,16.019,13.716,20,18,6,930602.56,76,78,71,76,105,104,103,102,20.305,20.276,22.399,22.33,2792.926,93183,29747,0,434,2817,6,7,0,0,0,28,23,14,18,14,7,False,0,False
618.71484,20.651,20.154,17.18,16.019,13.705,20,18,6,935591.6,81,80,69,71,105,104,103,102,20.309,20.28,22.399,22.331,2809.398,93183,29747,0,400,2817,6,7,0,0,0,28,23,14,18,14,7,False,0,False
619.207,20.692,20.192,17.18,16.019,13.693,20,18,6,940320.7,90,89,69,69,105,104,103,102,20.315,20.285,22.398,22.331,2827.414,93183,29747,0,400,2817,6,7,0,0,0,28,23,14,18,14,7,False,0,False
619.7114,20.716,20.215,17.18,16.019,13.681,20,18,6,943571.7,81,80,68,68,105,104,103,102,20.321,20.292,22.396,22.33,2848.734,93183,29747,0,400,2783,6,7,0,0,0,28,23,14,18,14,7,False,0,False
620.21136,20.734,20.233,17.18,16.019,13.668,20,18,6,944020.56,76,75,69,69,105,104,103,102,20.323,20.294,22.394,22.328,2872.914,93183,29747,0,366,2783,6,7,0,0,0,28,23,14,18,14,7,False,0,False
620.7113,20.745,20.244,17.18,16.019,13.655,20,18,6,938076.7,73,73,69,69,105,104,103,102,20.323,20.294,22.391,22.326,2899.488,93183,29747,0,366,2783,6,7,0,0,0,28,23,14,18,14,7,False,0,False
621.20874,20.755,20.254,17.18,16.019,13.641,20,18,6,931045.5,72,72,70,70,105,104,103,102,20.321,20.293,22.388,22.324,2928.402,93183,29747,0,317,2733,6,7,0,0,0,28,23,14,18,14,7,False,0,False
621.7115,20.763,20.263,17.18,16.019,13.628,20,18,6,928462.25,71,71,70,70,105,104,103,101,20.319,20.291,22.385,22.321,2959.344,93183,29747,0,317,2717,6,7,0,0,0,28,23,14,18,14,7,False,0,False
622.213,20.771,20.271,17.18,16.019,13.614,20,18,6,919574.56,71,71,70,70,105,104,102,101,20.316,20.288,22.381,22.317,2993.312,93183,29747,0,317,2717,6,7,0,0,0,28,23,14,18,14,7,False,0,False
622.714,20.779,20.278,17.18,16.019,13.6,20,18,6,910932.7,71,71,70,70,105,104,102,101,20.313,20.285,22.377,22.313,3027.918,93183,29747,0,317,2700,6,7,0,0,0,28,23,14,18,14,7,False,0,False
623.2142,20.785,20.285,17.18,16.019,13.587,20,18,6,907711,71,71,71,70,105,104,102,101,20.309,20.282,22.372,22.309,3063.895,93183,29747,0,317,2667,6,7,0,0,0,28,23,14,18,14,7,False,0,False
623.7132,20.792,20.291,17.18,16.019,13.574,20,18,6,899069.1,71,71,71,71,105,104,102,101,20.305,20.278,22.367,22.304,3101.176,93183,29747,0,317,2650,6,7,0,0,0,28,23,14,18,14,7,False,0,False
624.20996,20.798,20.297,17.18,16.019,13.56,20,18,6,890715.3,71,71,71,70,105,104,102,101,20.301,20.274,22.361,22.299,3138.383,93183,29747,0,333,2650,6,7,0,0,0,28,23,14,18,14,7,False,0,False
624.71106,20.805,20.303,17.18,16.019,13.547,20,18,6,882073.44,71,71,71,71,104,104,102,101,20.296,20.27,22.355,22.293,3177.961,93183,29747,0,350,2634,6,7,0,0,0,28,23,14,18,14,7,False,0,False
625.213,20.811,20.309,17.18,16.019,13.533,20,18,6,878515.3,71,71,71,71,104,104,102,101,20.291,20.264,22.348,22.287,3219.781,93183,29747,0,350,2583,6,7,0,0,0,28,23,14,18,14,7,False,0,False
625.7142,20.817,20.315,17.18,16.019,13.52,20,18,6,869873.44,71,71,71,71,104,104,102,101,20.285,20.259,22.341,22.28,3261.078,93183,29747,0,350,2583,6,7,0,0,0,28,23,14,18,14,7,False,0,False
626.2151,20.822,20.32,17.18,16.019,13.506,20,18,6,861231.56,71,71,71,71,104,104,102,101,20.279,20.253,22.334,22.273,3303.148,93183,29747,0,383,2583,6,7,0,0,0,28,23,14,18,14,7,False,0,False
627.2084,20.846,20.344,17.205,16.044,13.487,20,18,6,878856.3,74,74,77,77,104,103,102,101,20.27,20.244,22.324,22.264,3384.672,93183,29747,0,416,2533,6,7,0,0,0,28,23,14,18,14,7,False,0,False
627.711,20.87,20.368,17.235,16.073,13.486,20,18,6,908703.8,75,77,79,79,104,103,102,101,20.271,20.246,22.329,22.269,3415.969,93183,29747,0,416,2500,6,7,0,0,0,28,23,14,18,14,7,False,0,False
628.2138,20.908,20.417,17.289,16.139,13.486,20,18,6,933972.94,82,87,88,95,104,104,102,101,20.274,20.252,22.337,22.279,3441.203,93183,29747,0,416,2500,6,7,0,0,0,28,23,14,18,14,7,False,0,False
628.7134,20.938,20.454,17.342,16.211,13.483,20,18,6,942810.56,80,85,91,102,104,104,102,101,20.28,20.261,22.347,22.294,3463.562,93183,29747,0,400,2500,6,7,0,0,0,28,23,14,18,14,7,False,0,False
629.2112,20.958,20.481,17.383,16.263,13.476,20,18,6,948211.6,80,85,89,98,104,104,102,101,20.284,20.266,22.357,22.308,3487.902,93183,29747,0,400,2500,6,7,0,0,0,28,23,14,18,14,7,False,0,False
630.21136,21.027,20.564,17.442,16.336,13.458,20,18,6,956789.7,83,88,81,87,104,104,102,102,20.294,20.282,22.37,22.327,3531.977,93183,29747,0,383,2467,6,7,0,0,0,28,23,14,18,14,7,False,0,False
630.7146,21.057,20.6,17.461,16.358,13.446,20,18,6,955887,79,84,77,80,104,104,102,102,20.298,20.289,22.373,22.333,3555.727,93183,29747,0,367,2450,6,7,0,0,0,28,23,14,18,14,7,False,0,False
631.21344,21.08,20.626,17.477,16.375,13.434,20,18,6,950886.75,78,81,76,78,104,104,102,102,20.3,20.293,22.375,22.336,3580.266,93183,29747,0,367,2450,6,7,0,0,0,28,23,14,18,14,7,False,0,False
631.7111,21.111,20.663,17.503,16.403,13.421,20,18,6,948581.7,80,85,79,81,105,104,102,102,20.301,20.296,22.376,22.338,3605.605,93183,29747,0,367,2466,6,7,0,0,0,28,23,14,18,14,7,False,0,False
632.20874,21.158,20.719,17.536,16.439,13.407,20,18,6,943703.1,83,89,80,83,105,105,102,102,20.304,20.302,22.377,22.341,3633.457,93183,29747,0,333,2467,6,7,0,0,0,28,23,14,18,14,7,False,0,False
632.71454,21.186,20.754,17.556,16.46,13.395,20,18,6,941254,75,79,75,77,105,105,102,102,20.306,20.306,22.378,22.343,3664.008,93183,29747,0,300,2467,6,7,0,0,0,28,23,14,18,14,7,False,0,False
633.21423,21.206,20.778,17.57,16.473,13.381,20,18,6,933106.9,74,78,73,73,105,105,102,102,20.305,20.307,22.376,22.342,3695.719,93183,29747,0,300,2467,6,7,0,0,0,28,23,14,18,14,7,False,0,False
633.71265,21.22,20.79,17.579,16.481,13.367,20,18,6,924481.1,75,74,75,73,105,105,102,102,20.302,20.305,22.373,22.339,3728.797,93183,29747,0,317,2500,6,7,0,0,0,28,23,14,18,14,7,False,0,False
634.2131,21.264,20.828,17.622,16.519,13.353,20,18,6,915839.25,82,79,83,78,105,105,102,102,20.303,20.304,22.373,22.337,3762.375,93183,29747,0,317,2500,6,7,0,0,0,28,23,14,18,14,7,False,0,False
634.7141,21.313,20.868,17.681,16.573,13.34,20,18,6,907197.4,85,81,89,84,105,105,102,102,20.304,20.304,22.374,22.337,3797.219,93183,29747,0,316,2500,6,7,0,0,0,28,23,14,18,14,7,False,0,False
635.2148,21.376,20.922,17.754,16.637,13.327,20,18,6,903973.9,85,81,89,85,105,105,102,102,20.307,20.304,22.376,22.337,3833.465,93183,29747,0,333,2500,6,7,0,0,0,28,23,14,18,14,7,False,0,False
635.7149,21.436,20.971,17.827,16.701,13.313,20,18,6,895332,85,80,89,84,105,105,102,102,20.309,20.304,22.378,22.337,3870.398,93183,29747,0,333,2500,6,7,0,0,0,28,23,14,18,14,7,False,0,False
636.2106,21.497,21.022,17.899,16.764,13.3,20,18,6,886978.2,86,82,88,83,105,105,102,102,20.31,20.304,22.379,22.337,3906.168,93183,29747,0,333,2516,6,7,0,0,0,28,23,14,18,14,7,False,0,False
636.7116,21.55,21.067,17.965,16.823,13.286,20,18,6,878336.3,85,81,89,84,105,105,102,102,20.311,20.302,22.379,22.335,3942.582,93183,29747,0,334,2516,6,7,0,0,0,28,23,14,18,14,7,False,0,False
637.21,21.598,21.107,18.008,16.863,13.273,20,18,6,869694.44,79,76,80,76,105,105,102,102,20.31,20.3,22.377,22.332,3978.496,93183,29747,0,334,2483,6,7,0,0,0,28,23,14,18,14,7,False,0,False
637.7116,21.612,21.117,18.012,16.868,13.259,20,18,6,861052.56,73,72,72,71,105,104,102,102,20.306,20.295,22.371,22.326,4015.809,93183,29747,40340,317,2483,6,7,0,0,0,28,23,14,18,14,7,False,0,False
638.2118,21.626,21.129,18.025,16.881,13.253,20,18,6,888201.06,74,72,75,75,105,104,102,102,20.302,20.291,22.367,22.322,4052.25,93183,29747,40340,317,2483,6,7,0,0,0,28,23,14,18,14,7,False,0,False
638.71326,21.661,21.157,18.069,16.92,13.252,20,18,6,918089.9,82,77,86,82,105,104,102,102,20.303,20.29,22.37,22.324,4080.551,93183,29747,40340,317,2500,6,7,0,0,0,28,23,14,18,14,7,False,0,False
639.7133,21.746,21.223,18.204,17.026,13.252,20,18,6,963325.9,85,79,104,92,105,104,103,102,20.316,20.298,22.391,22.339,4124.562,93183,29747,40340,317,2383,6,7,0,0,0,28,23,14,18,14,7,False,0,False
640.21454,21.763,21.236,18.256,17.063,13.25,20,18,6,972541.56,80,76,103,90,105,104,103,102,20.32,20.3,22.404,22.347,4143.965,93183,29747,40340,317,2383,6,7,0,0,0,28,23,14,18,14,7,False,0,False
640.7116,21.784,21.253,18.286,17.085,13.243,20,18,6,978832.06,81,78,94,84,105,105,103,102,20.323,20.301,22.415,22.353,4163.359,93183,29747,40340,217,2383,6,7,0,0,0,28,23,14,18,14,7,False,0,False
641.2131,21.812,21.277,18.311,17.104,13.235,20,18,6,985522.6,83,80,86,79,105,105,103,102,20.328,20.304,22.422,22.357,4182.801,93183,29747,40340,217,2383,6,7,0,0,0,28,23,14,18,14,7,False,0,False
642.21124,21.868,21.333,18.324,17.117,13.211,20,18,6,986729.94,83,83,74,72,105,105,103,102,20.335,20.309,22.425,22.357,4224.949,93183,29747,40340,300,2467,6,7,0,0,0,28,23,14,18,14,7,False,0,False
642.7091,21.9,21.363,18.328,17.121,13.198,20,18,6,987570.3,79,78,72,71,105,105,103,102,20.339,20.312,22.423,22.356,4250.488,93183,29747,40340,300,2500,6,7,0,0,0,28,23,14,18,14,7,False,0,False
643.21,21.915,21.377,18.328,17.121,13.185,20,18,6,981315.7,75,74,70,70,105,105,103,102,20.338,20.312,22.421,22.353,4278.219,93183,29747,40340,367,2483,6,7,0,0,0,28,23,14,18,14,7,False,0,False
643.7105,21.925,21.386,18.328,17.121,13.171,20,18,6,973891.75,73,73,70,70,105,105,103,102,20.336,20.31,22.417,22.349,4308.105,93183,29747,40340,383,2483,6,7,0,0,0,28,23,14,18,14,7,False,0,False
644.2103,21.932,21.393,18.328,17.121,13.158,20,18,6,971098.4,73,72,70,70,105,105,103,102,20.333,20.307,22.413,22.345,4339.715,93183,29747,40340,383,2483,6,7,0,0,0,28,23,14,18,14,7,False,0,False
644.7128,21.94,21.401,18.328,17.121,13.144,20,18,6,962168.75,72,72,71,70,105,105,103,102,20.33,20.303,22.408,22.341,4374.125,93183,29747,40340,400,2483,6,7,0,0,0,28,23,14,18,14,7,False,0,False
645.212,21.947,21.408,18.328,17.121,13.13,20,18,6,953526.9,72,72,70,70,105,104,103,102,20.326,20.3,22.403,22.336,4408.945,93183,29747,40340,417,2483,6,7,0,0,0,28,23,14,18,14,7,False,0,False
645.7141,21.953,21.414,18.328,17.121,13.117,20,18,6,950347.5,72,72,71,70,105,104,103,102,20.322,20.295,22.397,22.33,4444.965,93183,29747,40340,417,2467,6,7,0,0,0,28,23,14,18,14,7,False,0,False
646.2122,21.96,21.421,18.328,17.121,13.103,20,18,6,941705.6,72,72,71,71,105,104,103,102,20.317,20.291,22.391,22.324,4482.117,93183,29747,40340,417,2450,6,7,0,0,0,28,23,14,18,14,7,False,0,False
646.7089,21.966,21.427,18.328,17.121,13.09,20,18,6,933351.8,72,72,71,71,105,104,103,101,20.312,20.286,22.384,22.318,4519.066,93183,29747,40340,416,2433,6,7,0,0,0,28,23,14,18,14,7,False,0,False
647.20825,21.972,21.434,18.328,17.121,13.076,20,18,6,924709.94,72,72,71,71,105,104,102,101,20.307,20.281,22.377,22.312,4558.262,93183,29747,40340,416,2433,6,7,0,0,0,28,23,14,18,14,7,False,0,False
647.7128,21.978,21.44,18.328,17.121,13.062,20,18,6,915780,73,73,71,71,105,104,102,101,20.301,20.275,22.369,22.305,4599.688,93183,29747,40340,400,2416,6,7,0,0,0,28,23,14,18,14,7,False,0,False
648.21216,21.983,21.445,18.328,17.121,13.049,20,18,6,912575.44,73,73,72,72,104,104,102,101,20.295,20.27,22.362,22.297,4640.457,93183,29747,40340,400,2400,6,7,0,0,0,28,23,14,18,14,7,False,0,False
649.21136,21.994,21.457,18.328,17.121,13.022,20,18,6,895579.75,73,73,72,71,104,104,102,101,20.283,20.259,22.346,22.282,4722.43,93183,29747,40340,400,2400,6,7,0,0,0,28,23,14,18,14,7,False,0,False
649.7117,21.999,21.463,18.328,17.121,13.008,20,18,6,886937.9,73,73,72,72,104,104,102,101,20.277,20.252,22.338,22.274,4764.914,93183,29747,40340,400,2400,6,7,0,0,0,28,23,14,18,14,7,False,0,False
650.21155,22.005,21.469,18.328,17.121,12.994,20,18,6,878341.06,73,73,71,71,104,103,102,101,20.27,20.246,22.329,22.266,4807.848,93183,29747,40340,384,2350,6,7,0,0,0,28,23,14,18,14,7,False,0,False
650.71436,22.029,21.494,18.361,17.153,12.99,20,18,6,912052.9,75,75,77,77,104,103,102,101,20.267,20.243,22.328,22.265,4847.586,93183,29747,40340,367,2350,6,7,0,0,0,28,23,14,18,14,7,False,0,False
651.21344,22.05,21.519,18.385,17.174,12.989,20,18,6,941409.44,74,75,76,75,104,103,102,101,20.268,20.244,22.333,22.27,4876.941,93183,29747,40340,367,2350,6,7,0,0,0,28,23,14,18,14,7,False,0,False
651.7083,22.063,21.53,18.398,17.187,12.988,20,18,6,965998.25,74,73,77,74,104,103,102,101,20.27,20.246,22.338,22.275,4899.355,93183,29747,40340,367,2350,6,7,0,0,0,28,23,14,18,14,7,False,0,False
652.2144,22.092,21.552,18.44,17.22,12.988,20,18,6,987337.06,82,77,90,83,104,104,102,101,20.274,20.249,22.346,22.282,4918.164,93183,29747,40340,350,2350,6,7,0,0,0,28,23,14,18,14,7,False,0,False
652.71136,22.113,21.568,18.487,17.254,12.986,20,18,6,996287.5,81,77,97,87,104,104,102,101,20.28,20.253,22.358,22.291,4933.242,93183,29747,40340,350,2350,6,7,0,0,0,28,23,14,18,14,7,False,0,False
653.21234,22.134,21.588,18.521,17.275,12.977,20,18,6,1004220.1,82,79,93,82,104,104,102,101,20.286,20.257,22.371,22.299,4957.305,93183,29747,40340,350,2367,6,7,0,0,0,28,23,14,18,14,7,False,0,False
653.7093,22.156,21.607,18.535,17.286,12.969,20,18,6,1011911.44,82,79,84,77,104,104,102,101,20.291,20.261,22.38,22.304,4974.18,93183,29747,40340,367,2367,6,7,0,0,0,28,23,14,18,14,7,False,0,False
654.2117,22.174,21.623,18.545,17.294,12.959,20,18,6,1019900.5,79,76,78,73,104,104,103,101,20.296,20.264,22.385,22.308,4993.738,93183,29747,40340,367,2350,6,7,0,0,0,28,23,14,18,14,7,False,0,False
654.7105,22.194,21.641,18.553,17.302,12.948,20,18,6,1032256,78,76,75,72,104,104,103,101,20.299,20.267,22.387,22.309,5014.77,93183,29747,40340,367,2350,6,7,0,0,0,28,23,14,18,14,7,False,0,False
655.2089,22.226,21.672,18.566,17.314,12.935,20,18,6,1030557.4,85,82,76,73,105,104,103,101,20.302,20.269,22.389,22.31,5037.406,93183,29747,40340,350,2350,6,7,0,0,0,28,23,14,18,14,7,False,0,False
655.71027,22.264,21.708,18.57,17.318,12.922,20,18,6,1030838.94,79,79,72,71,105,104,103,101,20.308,20.274,22.39,22.31,5062.797,93183,29747,40340,350,2317,6,7,0,0,0,28,23,14,18,14,7,False,0,False
656.21136,22.276,21.719,18.571,17.319,12.908,20,18,6,1024113.6,74,73,70,70,105,104,103,101,20.309,20.275,22.389,22.309,5091.125,93183,29747,40340,317,2317,6,7,0,0,0,28,23,14,18,14,7,False,0,False
656.7075,22.284,21.727,18.571,17.319,12.895,20,18,6,1021933.6,73,72,70,70,105,104,103,101,20.308,20.274,22.387,22.308,5121.613,93183,29747,40340,350,2334,6,7,0,0,0,28,23,14,18,14,7,False,0,False
657.71185,22.3,21.742,18.571,17.319,12.867,20,18,6,1004551.3,73,72,71,71,105,104,102,101,20.304,20.27,22.38,22.303,5188.664,93183,29747,40340,333,2316,6,7,0,0,0,28,23,14,18,14,7,False,0,False
658.2101,22.306,21.749,18.571,17.319,12.854,20,18,6,996197.5,73,73,71,71,105,104,102,101,20.302,20.267,22.377,22.299,5222.723,93183,29747,40340,350,2316,6,7,0,0,0,28,23,14,18,14,7,False,0,False
658.7113,22.312,21.755,18.571,17.319,12.841,20,18,6,993011.4,72,72,71,71,104,104,102,101,20.299,20.265,22.372,22.296,5258.949,93183,29747,40340,350,2317,6,7,0,0,0,28,23,14,18,14,7,False,0,False
659.7069,22.325,21.767,18.571,17.319,12.814,20,18,6,975727.6,72,72,72,71,104,104,102,101,20.292,20.258,22.362,22.287,5334.34,93183,29747,40340,350,2317,5,7,0,0,0,28,23,14,18,14,7,False,0,False
660.2077,22.331,21.774,18.571,17.319,12.8,20,18,6,967085.75,72,71,72,71,104,104,102,101,20.287,20.254,22.357,22.281,5373.473,93183,29747,40340,883,2317,4,7,0,0,0,28,23,14,18,14,7,False,0,False
660.7109,22.337,21.779,18.571,17.319,12.787,20,18,7,963777.44,71,71,72,71,104,104,102,101,20.282,20.249,22.351,22.276,4.535,93161,0,0,883,1750,2,8,0,0,0,28,23,14,18,14,7,False,0,False
661.2069,22.343,21.785,18.571,17.319,12.773,20,18,7,955135.56,72,71,72,71,104,103,102,101,20.276,20.244,22.344,22.269,45.234,93161,0,0,0,0,1,8,0,0,0,28,23,14,18,14,7,False,0,False
662.2087,22.354,21.796,18.571,17.319,12.746,20,18,7,937851.8,72,72,72,72,104,103,102,100,20.265,20.232,22.33,22.256,128.57,93161,0,0,0,0,1,8,0,0,0,28,23,14,18,14,7,False,0,False
663.20807,22.366,21.807,18.571,17.319,12.718,20,18,7,920568.06,72,72,72,72,104,103,101,100,20.251,20.22,22.314,22.241,214.262,93161,0,0,0,0,1,8,0,0,0,28,23,14,18,14,7,False,0,False
663.70654,22.371,21.813,18.571,17.319,12.704,20,18,7,911926.2,73,72,72,72,103,103,101,100,20.244,20.213,22.306,22.233,257.844,93161,0,0,0,0,1,8,0,0,0,28,23,14,18,14,7,False,0,False
664.21014,22.377,21.819,18.571,17.319,12.691,20,18,7,903284.3,72,72,72,72,103,103,101,100,20.237,20.206,22.297,22.225,301.812,93161,0,0,0,0,1,8,0,0,0,28,23,14,18,14,7,False,0,False
664.70685,22.382,21.824,18.571,17.319,12.677,20,18,7,894642.44,72,72,72,72,103,103,101,100,20.23,20.199,22.288,22.216,346.156,93161,0,0,0,0,1,8,0,0,0,28,23,14,18,14,7,False,0,False
665.2103,22.388,21.83,18.571,17.319,12.663,20,18,7,886000.56,72,72,72,72,103,102,101,100,20.222,20.191,22.279,22.208,390.789,93161,0,0,0,0,1,8,0,0,0,28,23,14,18,14,7,False,0,False
665.71106,22.394,21.835,18.571,17.319,12.649,20,18,7,877358.7,72,72,72,72,103,102,101,99,20.214,20.183,22.27,22.199,435.668,93161,0,0,0,0,1,8,0,0,0,28,23,14,18,14,7,False,0,False
666.21124,22.399,21.84,18.571,17.319,12.635,20,18,7,868796.44,72,72,72,72,103,102,100,99,20.206,20.175,22.26,22.189,480.785,93161,0,0,0,0,1,8,0,0,0,28,23,14,18,14,7,False,0,False
666.70593,22.404,21.846,18.571,17.319,12.622,20,18,7,860387.25,72,72,72,72,103,102,100,99,20.197,20.167,22.25,22.18,526.125,93161,0,0,0,0,1,8,0,0,0,28,23,14,18,14,7,False,0,False
667.20734,22.41,21.851,18.571,17.319,12.608,20,18,7,852112.3,71,71,71,71,102,102,100,99,20.188,20.158,22.24,22.171,571.648,93161,0,0,0,0,1,8,0,0,0,28,23,14,18,14,7,False,0,False
667.7084,22.423,21.863,18.584,17.332,12.598,20,18,7,862845,74,75,77,75,102,102,100,99,20.18,20.151,22.232,22.163,616.402,93161,0,0,0,0,1,8,0,0,0,28,23,14,18,14,7,False,0,False
668.21216,22.447,21.887,18.614,17.363,12.596,20,18,7,898151,75,75,77,77,102,102,100,99,20.179,20.15,22.236,22.166,654.105,93161,0,0,0,0,1,8,0,0,0,28,23,14,18,14,7,False,0,False
668.71063,22.474,21.914,18.636,17.385,12.595,20,18,7,924458.3,78,78,77,77,102,102,100,99,20.182,20.153,22.242,22.173,680.773,93161,0,0,0,0,1,8,0,0,0,28,23,14,18,14,7,False,0,False
669.20776,22.486,21.926,18.644,17.394,12.595,20,18,7,947855.4,75,74,75,74,102,102,100,99,20.186,20.157,22.248,22.179,701.559,93161,0,0,0,0,1,8,0,0,0,28,23,14,18,14,7,False,0,False
669.7101,22.507,21.944,18.665,17.411,12.595,20,18,7,965429.75,80,77,82,77,102,102,100,99,20.19,20.161,22.255,22.186,717,93161,0,0,0,0,1,8,0,0,0,28,23,14,18,14,7,False,0,False
670.2111,22.532,21.963,18.691,17.43,12.595,20,18,7,977840.8,85,79,87,80,103,102,101,99,20.198,20.167,22.265,22.194,728.395,93161,0,0,0,0,1,8,0,0,0,28,23,14,18,14,7,False,0,False
670.708,22.545,21.973,18.714,17.449,12.595,20,18,7,984354.25,82,78,93,84,103,102,101,99,20.206,20.172,22.274,22.201,747.418,93161,0,0,0,0,1,8,0,0,0,28,23,14,18,14,7,False,0,False
671.2118,22.556,21.981,18.741,17.467,12.593,20,18,7,989504.75,83,80,101,89,103,102,101,100,20.212,20.176,22.284,22.207,762.789,93161,0,0,0,0,1,8,0,0,0,28,23,14,18,14,7,False,0,False
671.70905,22.564,21.988,18.75,17.475,12.589,20,18,7,994436,80,77,91,83,103,102,101,100,20.218,20.181,22.297,22.217,771.684,93161,0,0,0,0,1,8,0,0,0,28,23,14,18,14,7,False,0,False
672.2088,22.574,21.997,18.753,17.478,12.584,20,18,7,999298.8,78,76,82,77,103,102,101,100,20.223,20.185,22.306,22.224,782.852,93161,0,0,0,0,1,8,0,0,0,28,23,14,18,14,7,False,0,False
672.71136,22.59,22.017,18.754,17.479,12.576,20,18,7,1005015.75,80,79,75,72,103,102,101,100,20.228,20.189,22.311,22.228,796.164,93161,0,0,0,0,1,8,0,0,0,28,23,14,18,14,7,False,0,False
673.2093,22.597,22.024,18.757,17.482,12.567,20,18,7,1011993.8,75,75,71,72,103,103,101,100,20.232,20.193,22.313,22.231,811.91,93161,0,0,0,0,1,8,0,0,0,28,23,14,18,14,7,False,0,False
673.7084,22.606,22.035,18.764,17.49,12.559,20,18,7,1019695.56,74,75,71,74,103,103,101,100,20.234,20.196,22.315,22.233,829.375,93161,0,0,0,0,1,8,0,0,0,28,23,14,18,14,7,False,0,False
674.2083,22.621,22.053,18.775,17.502,12.55,20,18,7,1030319.06,77,79,74,77,103,103,101,100,20.236,20.199,22.316,22.236,854.16,93161,0,0,0,0,1,8,0,0,0,28,23,14,18,14,7,False,0,False
674.709,22.645,22.082,18.789,17.518,12.541,20,18,7,1036806.6,78,83,75,77,103,103,101,100,20.239,20.204,22.318,22.24,874.344,93161,0,0,0,0,1,8,0,0,0,28,23,14,18,14,7,False,0,False
675.2102,22.66,22.098,18.796,17.524,12.53,20,18,7,1041804,75,78,73,73,103,103,101,100,20.241,20.208,22.319,22.242,895.883,93161,0,0,0,0,1,8,0,0,0,28,23,14,18,14,7,False,0,False
675.7106,22.684,22.124,18.8,17.528,12.516,20,18,7,1038455.3,79,80,71,72,103,103,101,100,20.242,20.211,22.319,22.243,920.117,93161,0,0,0,0,1,8,0,0,0,28,23,14,18,14,7,False,0,False
676.2096,22.707,22.146,18.807,17.536,12.504,20,18,7,1038340.5,80,76,72,74,103,103,101,100,20.245,20.213,22.318,22.242,947.441,93161,0,0,0,0,1,8,0,0,0,28,23,14,18,14,7,False,0,False
676.7076,22.729,22.168,18.809,17.539,12.49,20,18,7,1032195.1,76,76,71,70,104,103,101,100,20.247,20.214,22.316,22.241,977.355,93161,0,0,0,0,1,8,0,0,0,28,23,14,18,14,7,False,0,False
677.20807,22.754,22.189,18.825,17.554,12.476,20,18,7,1024706.6,79,76,76,73,104,103,101,100,20.248,20.215,22.315,22.24,1006.777,93161,0,0,0,0,1,8,0,0,0,28,23,14,18,14,7,False,0,False
677.7062,22.769,22.202,18.831,17.56,12.463,20,18,7,1022242.8,74,72,73,71,104,103,101,100,20.248,20.214,22.313,22.238,1038.172,93161,0,0,0,0,1,8,0,0,0,28,23,14,18,14,7,False,0,False
678.7087,22.786,22.218,18.832,17.561,12.436,20,18,7,1004981.3,72,72,70,70,103,103,101,100,20.244,20.21,22.306,22.231,1105.301,93161,0,0,0,0,1,8,0,0,0,28,23,14,18,14,7,False,0,False
679.20953,22.794,22.224,18.832,17.561,12.422,20,18,7,996339.44,73,72,71,71,103,103,101,100,20.241,20.207,22.301,22.227,1140.809,93161,0,0,0,0,1,8,0,0,0,28,23,14,18,14,7,False,0,False
679.7102,22.801,22.231,18.832,17.561,12.409,20,18,7,993238.06,73,72,71,71,103,103,101,100,20.238,20.204,22.296,22.222,1177.258,93161,0,0,0,0,1,8,0,0,0,28,23,14,18,14,7,False,0,False
680.2084,22.808,22.237,18.832,17.561,12.395,20,18,7,984596.2,73,72,71,71,103,103,101,100,20.234,20.2,22.291,22.217,1214.629,93161,0,0,0,0,1,8,0,0,0,28,23,14,18,14,7,False,0,False
680.71155,22.815,22.243,18.832,17.561,12.381,20,18,7,975954.3,73,73,71,71,103,103,101,100,20.23,20.197,22.285,22.212,1252.867,93161,0,0,0,0,1,8,0,0,0,28,23,14,18,14,7,False,0,False
681.212,22.821,22.25,18.832,17.561,12.367,20,18,7,967024.4,73,73,71,71,103,102,101,100,20.226,20.193,22.279,22.206,1293.188,93161,0,0,0,0,1,8,0,0,0,28,23,14,18,14,7,False,0,False
681.7082,22.827,22.256,18.832,17.561,12.354,20,18,7,958670.56,73,73,71,71,103,102,101,99,20.221,20.188,22.272,22.2,1331.547,93161,0,0,0,0,1,8,0,0,0,28,23,14,18,14,7,False,0,False
682.20874,22.832,22.262,18.832,17.561,12.34,20,18,7,950028.7,73,73,71,71,103,102,101,99,20.216,20.184,22.265,22.193,1371.793,93161,0,0,0,0,1,8,0,0,0,28,23,14,18,14,7,False,0,False
682.71075,22.84,22.27,18.841,17.569,12.327,20,18,7,950670.9,73,73,76,75,103,102,100,99,20.211,20.179,22.258,22.187,1412.262,93161,0,0,0,0,1,8,0,0,0,28,23,14,18,14,7,False,0,False
683.20996,22.871,22.291,18.882,17.598,12.326,20,18,7,983274.2,77,75,81,77,103,102,100,99,20.211,20.179,22.262,22.19,1446.133,93161,0,0,0,0,1,8,0,0,0,28,23,14,18,14,7,False,0,False
683.7095,22.892,22.321,18.898,17.608,12.325,20,18,7,1008444.6,74,77,76,73,103,102,101,99,20.214,20.183,22.267,22.195,1472.34,93161,0,0,0,0,1,8,0,0,0,28,23,14,18,14,7,False,0,False
684.2101,22.901,22.328,18.907,17.617,12.325,20,18,7,1031664.2,73,71,75,73,103,102,101,99,20.216,20.185,22.272,22.199,1494.043,93161,0,0,0,0,1,8,0,0,0,28,23,14,18,14,7,False,0,False
684.7099,22.915,22.338,18.923,17.63,12.325,20,18,7,1045339.06,76,72,78,74,103,102,101,100,20.219,20.186,22.277,22.204,1512.066,93161,0,0,0,0,1,8,0,0,0,28,23,14,18,14,7,False,0,False
685.2087,22.928,22.345,18.941,17.651,12.325,20,18,7,1059399.4,78,71,80,80,103,102,101,100,20.222,20.188,22.283,22.209,1531.957,93161,0,0,0,0,1,8,0,0,0,28,23,14,18,14,7,False,0,False
685.71014,22.95,22.36,18.982,17.681,12.323,20,18,7,1065520.9,81,75,92,85,103,102,101,100,20.227,20.19,22.292,22.216,1558.004,93161,0,0,0,0,1,8,0,0,0,28,23,14,18,14,7,False,0,False
686.207,22.965,22.374,19.006,17.698,12.318,20,18,7,1071581.1,80,76,89,81,103,102,101,100,20.232,20.192,22.302,22.223,1574.789,93161,0,0,0,0,1,8,0,0,0,28,23,14,19,14,7,False,0,False
686.71063,22.983,22.388,19.024,17.712,12.312,20,18,7,1077753.9,80,76,85,78,103,103,101,100,20.237,20.195,22.309,22.229,1591.133,93161,0,0,0,0,1,8,0,0,0,28,23,14,19,14,7,False,0,False
687.20874,23.007,22.409,19.036,17.722,12.304,20,18,7,1083223.8,82,78,80,75,103,103,101,100,20.242,20.199,22.315,22.232,1607.25,93161,0,0,0,0,1,8,0,0,0,28,23,14,19,14,7,False,0,False
687.7093,23.028,22.429,19.041,17.727,12.294,20,18,7,1084831,81,78,74,72,104,103,101,100,20.247,20.202,22.318,22.234,1626.23,93161,0,0,0,0,1,8,0,0,0,28,23,14,19,14,7,False,0,False
688.2077,23.041,22.442,19.043,17.729,12.281,20,18,7,1081278.4,77,76,72,70,104,103,101,100,20.25,20.204,22.318,22.235,1647.879,93161,0,0,0,0,1,8,0,0,0,28,23,14,19,14,7,False,0,False
688.7082,23.065,22.465,19.043,17.729,12.267,20,18,7,1077739.8,78,78,71,68,104,103,101,100,20.252,20.207,22.318,22.234,1672.074,93161,0,0,0,0,1,8,0,0,0,28,23,14,19,14,7,False,0,False
689.2067,23.081,22.478,19.043,17.729,12.255,20,18,7,1077551.6,74,74,69,69,104,103,101,100,20.253,20.208,22.316,22.232,1698.902,93161,0,0,0,0,1,8,0,0,0,28,23,14,19,14,7,False,0,False
689.7076,23.091,22.489,19.045,17.73,12.241,20,18,7,1070660.8,73,74,70,71,104,103,101,100,20.252,20.208,22.314,22.23,1727.723,93161,0,0,0,0,1,8,0,0,0,28,23,14,19,14,7,False,0,False
690.2115,23.101,22.502,19.05,17.736,12.228,20,18,7,1068300.2,73,75,72,73,104,103,101,100,20.251,20.207,22.311,22.229,1758.348,93161,0,0,0,0,1,8,0,0,0,28,23,14,19,14,7,False,0,False
690.70703,23.115,22.52,19.06,17.744,12.214,20,18,7,1059859.8,73,75,72,74,104,103,101,100,20.249,20.207,22.309,22.227,1790.625,93161,0,0,0,0,1,8,0,0,0,28,23,14,19,14,7,False,0,False
691.20734,23.136,22.546,19.078,17.762,12.201,20,18,7,1051216,75,78,74,75,104,103,101,100,20.248,20.207,22.307,22.226,1825.176,93161,30261,0,0,0,1,8,0,0,0,28,23,14,20,14,7,False,0,False
692.2068,23.208,22.604,19.178,17.847,12.195,20,18,7,1095531.9,86,81,94,86,104,103,101,100,20.25,20.208,22.311,22.229,1888.613,93161,30261,0,0,0,1,8,0,0,0,28,23,14,20,14,7,False,0,False
692.7098,23.251,22.63,19.242,17.909,12.194,20,18,7,1112977.2,87,76,94,90,104,103,101,100,20.256,20.21,22.319,22.235,1917.703,93161,30261,0,0,0,1,8,0,0,0,28,23,14,20,14,7,False,0,False
693.20593,23.297,22.667,19.312,17.967,12.187,20,18,7,1118890.8,86,80,95,88,104,103,102,100,20.262,20.213,22.328,22.242,1944.852,93161,30261,0,0,0,1,8,0,0,0,28,23,14,20,14,7,False,0,False
693.7092,23.328,22.691,19.335,17.986,12.177,20,18,7,1122964.9,81,76,80,77,104,103,102,100,20.266,20.215,22.332,22.245,1970.105,93161,30261,0,0,0,1,8,0,0,0,28,23,14,20,14,7,False,0,False
694.20795,23.343,22.707,19.341,17.993,12.163,20,18,7,1117578.4,75,75,72,74,104,103,102,100,20.267,20.215,22.331,22.244,1997.164,93161,30261,0,0,0,1,8,0,0,0,28,23,14,20,14,7,False,0,False
694.7092,23.366,22.735,19.372,18.031,12.152,20,18,7,1121371.8,77,80,79,85,104,103,102,100,20.266,20.215,22.329,22.244,2027.684,93161,30261,0,0,0,1,8,0,0,0,28,23,14,20,14,7,False,0,False
695.2086,23.412,22.789,19.433,18.11,12.141,20,18,7,1126187,83,87,86,93,104,103,102,100,20.267,20.218,22.331,22.249,2057.664,93161,30261,0,0,0,1,8,0,0,0,28,23,14,20,14,7,False,0,False
695.7085,23.461,22.847,19.474,18.16,12.128,20,18,7,1127432,83,87,80,85,104,103,102,100,20.27,20.223,22.332,22.254,2086.445,93161,30261,0,0,0,1,8,0,0,0,28,23,14,20,14,7,False,0,False
696.20935,23.487,22.878,19.488,18.175,12.116,20,18,7,1125085.5,74,77,73,75,104,103,102,100,20.269,20.225,22.329,22.253,2117.137,93161,30261,0,0,0,1,8,0,0,0,28,23,14,16,14,7,False,0,False
696.70996,23.497,22.891,19.493,18.179,12.102,20,18,7,1116586.2,73,75,72,72,104,103,102,100,20.266,20.223,22.324,22.249,2149.359,93161,30261,0,0,0,1,8,0,0,0,28,23,14,16,14,7,False,0,False
697.7101,23.525,22.92,19.52,18.205,12.089,20,18,7,1148181.5,74,74,75,74,104,103,102,100,20.263,20.222,22.322,22.248,2209.09,93161,30261,0,0,0,1,8,0,0,0,28,23,14,16,14,7,False,0,False
698.2102,23.534,22.927,19.526,18.212,12.089,20,18,7,1172261.4,72,72,74,72,104,103,102,100,20.263,20.222,22.325,22.251,2230.109,93161,30261,0,0,0,1,8,0,0,0,28,23,14,16,14,7,False,0,False
698.7118,23.549,22.938,19.545,18.23,12.089,20,18,7,1191701.6,77,72,80,78,104,103,102,100,20.265,20.223,22.33,22.255,2247.492,93161,30261,0,0,0,1,8,0,0,0,28,23,14,16,14,7,False,0,False
699.2098,23.566,22.951,19.573,18.251,12.089,20,18,7,1203873.4,80,74,88,81,104,103,102,100,20.269,20.225,22.337,22.26,2259.879,93161,30261,0,0,0,1,8,0,0,0,28,23,14,16,14,7,False,0,False
699.71155,23.577,22.959,19.6,18.268,12.089,20,18,7,1211887.2,78,74,92,81,104,103,102,101,20.273,20.227,22.346,22.267,2272.664,93161,30261,0,0,0,1,8,0,0,0,28,23,14,16,14,7,False,0,False
700.2098,23.587,22.969,19.633,18.288,12.088,20,18,7,1217433,79,76,99,84,104,103,102,101,20.276,20.229,22.356,22.272,2291.004,93161,30261,0,0,0,1,8,0,0,0,28,23,14,16,14,7,False,0,False
700.7113,23.603,22.981,19.648,18.301,12.084,20,18,7,1223133.9,81,76,92,82,104,103,102,101,20.281,20.232,22.367,22.279,2303.652,93161,30261,0,0,0,1,8,0,0,0,28,23,14,16,14,7,False,0,False
701.21075,23.612,22.988,19.653,18.305,12.079,20,18,7,1229302.6,78,74,83,76,104,103,102,101,20.285,20.234,22.374,22.283,2315.969,93161,30261,0,0,0,1,8,0,0,0,28,23,14,14,14,7,False,0,False
701.7061,23.622,22.999,19.656,18.309,12.072,20,18,7,1236189.1,77,75,77,73,104,103,102,101,20.287,20.235,22.378,22.285,2329.27,93161,30261,0,0,0,1,8,0,0,0,28,23,14,14,14,7,False,0,False
702.21124,23.637,23.016,19.658,18.311,12.062,20,18,7,1243151.5,79,79,73,70,104,103,102,101,20.289,20.237,22.38,22.286,2344.641,93161,30261,0,0,0,1,8,0,0,0,28,23,14,14,14,7,False,0,False
702.70917,23.665,23.047,19.659,18.311,12.049,20,18,7,1249036.6,84,85,71,69,104,103,102,101,20.293,20.242,22.379,22.285,2363.188,93161,30261,0,0,0,1,8,0,0,0,28,23,14,14,14,7,False,0,False
703.20874,23.695,23.08,19.659,18.312,12.037,20,18,7,1253457.8,83,83,70,69,104,104,102,101,20.298,20.248,22.378,22.284,2384.539,93161,30261,0,0,0,1,8,0,0,0,28,23,14,14,14,7,False,0,False
704.20905,23.719,23.107,19.659,18.312,12.01,20,18,7,1248406.1,74,73,69,70,105,104,102,101,20.3,20.25,22.373,22.28,2434.895,93161,30261,0,0,0,1,8,0,0,0,28,23,14,14,14,7,False,0,False
704.7053,23.728,23.116,19.659,18.312,11.996,20,18,7,1241605,73,72,69,70,104,104,102,101,20.299,20.248,22.37,22.278,2463.289,93161,30261,0,0,0,1,8,0,0,0,28,23,14,14,14,7,False,0,False
705.2068,23.737,23.125,19.659,18.312,11.983,20,18,7,1233902.5,72,72,70,70,104,104,102,101,20.297,20.247,22.366,22.275,2493.633,93161,30261,0,0,0,1,8,0,0,0,28,23,14,14,14,7,False,0,False
705.7103,23.746,23.136,19.661,18.314,11.97,20,18,7,1231116.5,72,73,70,71,104,103,102,101,20.294,20.244,22.362,22.272,2525.617,93161,30261,0,0,0,1,8,0,0,0,28,23,14,14,14,7,False,0,False
706.7071,23.771,23.167,19.68,18.331,11.942,20,18,7,1213829,75,77,74,76,104,103,102,101,20.288,20.24,22.353,22.265,2593.797,93161,30261,0,0,0,1,8,0,0,0,28,23,14,14,14,7,False,0,False
707.20844,23.794,23.195,19.703,18.355,11.928,20,18,7,1205185.2,76,78,75,77,104,103,102,101,20.285,20.239,22.349,22.262,2629.273,93161,30261,0,0,0,1,8,0,0,0,28,23,14,14,14,7,False,0,False
708.2084,23.849,23.261,19.769,18.417,11.923,20,18,7,1259447.1,77,80,78,81,104,103,102,101,20.288,20.245,22.354,22.27,2689.84,93161,30261,0,0,0,1,8,0,0,0,28,23,14,14,14,7,False,0,False
708.70526,23.864,23.279,19.788,18.439,11.923,20,18,7,1283068.8,76,77,78,83,104,104,102,101,20.29,20.249,22.359,22.276,2709.848,93161,30261,0,0,0,1,8,0,0,0,28,23,14,14,14,7,False,0,False
709.2068,23.877,23.303,19.813,18.462,11.923,20,18,7,1299714,74,83,83,83,104,104,102,101,20.292,20.253,22.364,22.282,2727.188,93161,30261,0,0,0,1,8,0,0,0,28,23,14,14,14,7,False,0,False
710.20795,23.91,23.343,19.867,18.537,11.923,20,18,7,1326720.5,77,82,90,98,104,104,102,101,20.3,20.267,22.379,22.304,2756.086,93161,30261,0,0,0,1,8,0,0,0,28,23,14,14,14,7,False,0,False
710.7075,23.916,23.351,19.886,18.562,11.922,20,18,7,1333676.4,75,79,89,98,105,104,103,101,20.302,20.272,22.388,22.318,2764.91,93161,30261,0,0,0,1,8,0,0,0,28,23,14,14,14,7,False,0,False
711.20764,23.925,23.36,19.892,18.572,11.919,20,18,7,1338527,76,77,83,91,105,104,103,102,20.304,20.276,22.395,22.329,2772.969,93161,30261,0,0,0,1,8,0,0,0,28,23,14,15,14,7,False,0,False
712.20575,23.949,23.383,19.893,18.573,11.907,20,18,7,1348347.1,79,79,73,74,105,104,103,102,20.309,20.283,22.401,22.339,2795.836,93161,30261,0,0,0,1,8,0,0,0,28,23,14,15,14,7,False,0,False
712.7085,23.973,23.406,19.893,18.573,11.898,20,18,7,1356000.8,83,83,70,71,105,104,103,102,20.314,20.288,22.401,22.34,2810.574,93161,30261,0,0,0,1,8,0,0,0,28,23,14,15,14,7,False,0,False
713.20734,23.998,23.434,19.893,18.573,11.887,20,18,7,1363974.2,85,85,69,69,105,104,103,102,20.319,20.293,22.4,22.34,2827.605,93161,30261,0,0,0,1,8,0,0,0,28,23,14,15,14,7,False,0,False
713.70825,24.041,23.478,19.893,18.573,11.876,20,18,7,1372255.6,89,89,68,69,105,105,103,102,20.326,20.301,22.398,22.338,2847.051,93161,30261,0,0,0,1,8,0,0,0,28,23,14,15,14,7,False,0,False
714.20856,24.074,23.509,19.893,18.573,11.863,20,18,7,1372273.5,85,84,69,69,105,105,103,102,20.332,20.308,22.395,22.337,2869.008,93161,30261,0,0,0,1,8,0,0,0,28,23,14,15,14,7,False,0,False
714.71136,24.094,23.531,19.894,18.573,11.85,20,18,7,1361728.5,78,78,69,70,105,105,103,102,20.335,20.311,22.393,22.335,2893.504,93161,30261,0,0,0,1,8,0,0,0,28,23,14,15,14,7,False,0,False
715.2104,24.111,23.546,19.894,18.573,11.836,20,18,7,1320844.6,75,75,70,70,105,105,103,102,20.336,20.311,22.39,22.332,2920.336,93161,30261,0,0,0,1,8,0,0,0,28,23,14,15,14,7,False,0,False
715.7063,24.125,23.561,19.894,18.573,11.823,20,18,7,1272602.5,75,75,70,70,105,105,103,102,20.335,20.311,22.387,22.33,2949.547,93161,30261,0,0,0,1,8,0,0,0,28,23,14,15,14,7,False,0,False
716.2059,24.137,23.573,19.894,18.573,11.81,20,18,7,1223677.4,74,74,70,70,105,105,103,102,20.333,20.31,22.383,22.326,2981.051,93161,30261,0,0,0,1,8,0,0,0,28,23,14,15,14,7,False,0,False
717.20624,24.158,23.595,19.894,18.573,11.783,20,18,7,1113990,73,73,71,71,105,105,102,101,20.328,20.306,22.374,22.318,3049.699,93161,30261,0,0,0,1,8,0,0,0,28,23,14,15,14,7,False,0,False
718.2077,24.173,23.608,19.894,18.574,11.756,20,18,7,1073849.2,74,73,72,71,105,104,102,101,20.322,20.299,22.364,22.309,3123.672,93161,30261,0,0,0,1,8,0,0,0,28,23,14,15,14,7,False,0,False
718.70605,24.18,23.615,19.894,18.574,11.742,20,18,7,1065205.5,73,73,71,71,105,104,102,101,20.317,20.295,22.358,22.303,3162.047,93161,30261,0,0,0,1,8,0,0,0,28,23,14,15,14,7,False,0,False
719.2063,24.186,23.622,19.894,18.574,11.728,20,18,7,1056561.8,73,73,72,71,105,104,102,101,20.313,20.291,22.352,22.297,3201.219,93161,30261,0,0,0,1,8,0,0,0,28,23,14,15,14,7,False,0,False
719.71045,24.192,23.628,19.894,18.574,11.714,20,18,7,1047918.2,73,73,72,71,105,104,102,101,20.308,20.286,22.345,22.291,3241.078,93161,30261,0,0,0,1,8,0,0,0,28,23,14,15,14,7,False,0,False
720.7089,24.204,23.64,19.894,18.574,11.688,20,18,7,1035999.5,73,74,72,71,104,104,102,101,20.298,20.276,22.331,22.277,3322.164,93161,30261,0,0,0,1,8,0,0,0,28,23,14,15,14,7,False,0,False
721.208,24.211,23.648,19.899,18.579,11.674,20,18,7,1034094.5,74,73,73,73,104,104,102,101,20.292,20.271,22.323,22.27,3363.164,93161,30261,0,0,0,1,8,0,0,0,28,23,14,15,14,7,False,0,False
722.2085,24.246,23.686,19.948,18.627,11.672,20,18,7,1094408.4,72,76,77,77,104,104,102,101,20.291,20.271,22.329,22.276,3425.258,93161,30261,0,0,0,1,8,0,0,0,28,23,14,15,14,7,False,0,False
722.7114,24.272,23.719,19.989,18.679,11.672,20,18,7,1119323.2,78,83,85,92,104,104,102,101,20.292,20.275,22.335,22.284,3447.93,93161,30261,0,0,0,1,8,0,0,0,28,23,14,15,14,7,False,0,False
723.21014,24.297,23.751,20.032,18.739,11.669,20,18,7,1128874.9,79,84,88,98,104,104,102,101,20.297,20.282,22.343,22.297,3470.539,93161,30261,0,0,0,1,8,0,0,0,28,23,14,15,14,7,False,0,False
723.7087,24.317,23.777,20.063,18.777,11.662,20,18,7,1135772.6,79,84,85,92,104,104,102,101,20.3,20.287,22.351,22.308,3494.285,93161,30261,0,0,0,1,8,0,0,0,28,23,14,15,14,7,False,0,False
724.20776,24.343,23.808,20.083,18.804,11.654,20,18,7,1142401.6,80,84,80,86,105,104,102,101,20.303,20.293,22.357,22.317,3515.363,93161,30261,0,0,0,1,8,0,0,0,28,23,14,15,14,7,False,0,False
724.70685,24.361,23.83,20.097,18.819,11.644,20,18,7,1148766.9,77,80,76,80,105,104,102,102,20.305,20.298,22.36,22.322,3537.109,93161,30261,0,0,0,1,8,0,0,0,28,23,14,15,14,7,False,0,False
725.2091,24.377,23.848,20.107,18.829,11.632,20,18,7,1154808.4,75,79,74,76,105,105,102,102,20.306,20.3,22.361,22.325,3560.27,93161,30261,0,0,0,1,8,0,0,0,28,23,14,15,14,7,False,0,False
725.71106,24.402,23.878,20.127,18.85,11.619,20,18,7,1160317.5,78,83,77,79,105,105,102,102,20.307,20.303,22.362,22.327,3584.93,93161,30261,0,0,0,1,8,0,0,0,28,23,14,15,14,7,False,0,False
726.2096,24.439,23.919,20.15,18.874,11.606,20,18,7,1162014.8,82,86,77,80,105,105,102,102,20.309,20.307,22.363,22.329,3611.086,93161,30261,0,0,0,1,8,0,0,0,28,23,14,15,14,7,False,0,False
726.71,24.468,23.954,20.171,18.896,11.593,20,18,7,1155185.5,78,82,77,78,105,105,102,102,20.311,20.311,22.363,22.331,3639.023,93161,30261,0,0,0,1,8,0,0,0,28,23,14,15,14,7,False,0,False
727.20984,24.497,23.988,20.192,18.917,11.58,20,18,7,1153042.8,76,81,76,77,105,105,102,102,20.311,20.313,22.363,22.331,3668.879,93161,30261,0,0,0,1,8,0,0,0,28,23,14,15,14,7,False,0,False
727.7083,24.512,24.007,20.201,18.925,11.566,20,18,7,1144890.6,73,76,73,73,105,105,102,102,20.309,20.313,22.361,22.33,3700.473,93161,30261,0,0,0,1,8,0,0,0,28,23,14,15,14,7,False,0,False
728.2078,24.523,24.017,20.207,18.931,11.552,20,18,7,1136263.9,75,74,74,72,105,105,102,102,20.306,20.311,22.357,22.327,3733.449,93161,30261,0,0,0,1,8,0,0,0,28,23,14,15,14,7,False,0,False
728.7073,24.57,24.058,20.261,18.979,11.539,20,18,7,1127620.1,86,82,88,83,105,105,102,102,20.306,20.31,22.357,22.325,3767.137,93161,30261,0,0,0,1,8,0,0,0,28,23,14,15,14,7,False,0,False
729.2071,24.642,24.12,20.345,19.053,11.525,20,18,7,1118976.4,89,85,93,87,105,105,102,102,20.31,20.311,22.361,22.327,3801.859,93161,30261,0,0,0,1,8,0,0,0,28,23,14,15,14,7,False,0,False
729.7092,24.707,24.172,20.408,19.114,11.511,20,18,7,1110332.6,88,80,83,84,105,105,102,102,20.313,20.312,22.363,22.328,3837.742,93161,30261,0,0,0,1,8,0,0,0,28,23,14,15,14,7,False,0,False
730.20844,24.766,24.218,20.457,19.163,11.497,20,18,7,1101688.9,85,80,83,81,105,105,102,102,20.316,20.311,22.362,22.327,3874.629,93161,30261,0,0,0,1,8,0,0,0,28,23,14,15,14,7,False,0,False
730.70825,24.819,24.263,20.519,19.22,11.484,20,18,7,1098508.5,86,81,88,84,105,105,102,102,20.316,20.31,22.361,22.325,3911.5,93161,30261,0,0,0,1,8,0,0,0,28,23,14,15,14,7,False,0,False
731.2084,24.885,24.319,20.591,19.284,11.471,20,18,7,1089864.8,87,82,88,83,105,105,102,102,20.318,20.309,22.362,22.324,3947.395,93161,30261,0,0,0,1,8,0,0,0,28,23,14,15,14,7,False,0,False
732.2092,24.93,24.354,20.617,19.311,11.443,20,18,7,1072577.2,74,73,72,72,105,105,102,101,20.311,20.301,22.353,22.313,4019.93,93161,30261,41108,0,0,1,8,0,0,0,28,23,14,16,14,7,False,0,False
732.70917,24.949,24.367,20.634,19.326,11.439,20,18,7,1100424.1,76,73,76,75,105,104,102,101,20.308,20.296,22.349,22.31,4054.453,93161,30261,41108,0,0,1,8,0,0,0,28,23,14,16,14,7,False,0,False
733.2057,24.973,24.385,20.662,19.354,11.438,20,18,7,1130743.9,78,74,82,79,105,104,102,101,20.308,20.294,22.35,22.31,4082.793,93161,30261,41108,0,0,1,8,0,0,0,28,23,14,16,14,7,False,0,False
733.70795,25.021,24.422,20.734,19.413,11.438,20,18,7,1156773.1,88,81,98,90,105,104,102,101,20.312,20.296,22.358,22.316,4106.562,93161,30261,41108,0,0,1,8,0,0,0,28,23,14,16,14,7,False,0,False
734.2092,25.06,24.453,20.808,19.47,11.438,20,18,7,1177736.8,87,81,105,94,105,105,102,102,20.319,20.3,22.371,22.325,4126.758,93161,30261,41108,0,0,1,8,0,0,0,28,23,14,16,14,7,False,0,False
734.7069,25.076,24.465,20.861,19.509,11.437,20,18,7,1187315,81,76,104,92,105,105,103,102,20.324,20.303,22.385,22.334,4144.906,93161,30261,41108,0,0,1,8,0,0,0,28,23,14,16,14,7,False,0,False
735.20294,25.095,24.48,20.893,19.533,11.432,20,18,7,1193915.1,81,77,95,85,105,105,103,102,20.327,20.304,22.396,22.341,4162.641,93161,30261,41108,0,0,1,8,0,0,0,28,23,14,16,14,7,False,0,False
735.70917,25.116,24.497,20.919,19.552,11.426,20,18,7,1200412.4,81,77,89,80,105,105,103,102,20.33,20.305,22.404,22.345,4180.016,93161,30261,41108,0,0,1,8,0,0,0,28,23,14,16,14,7,False,0,False
736.2082,25.139,24.518,20.928,19.56,11.417,20,18,7,1204364,82,79,79,74,105,105,103,102,20.333,20.306,22.408,22.347,4198.484,93161,30261,41108,0,0,1,8,0,0,0,28,23,14,16,14,7,False,0,False
736.70856,25.155,24.533,20.929,19.561,11.404,20,18,7,1192418.2,78,77,73,70,105,105,103,102,20.334,20.307,22.407,22.345,4219.609,93161,30261,41108,0,0,1,8,0,0,0,28,23,14,16,14,7,False,0,False
737.2099,25.174,24.554,20.929,19.561,11.39,20,18,7,1159147.2,77,77,70,70,105,105,103,102,20.335,20.308,22.405,22.343,4244.211,93161,30261,41108,0,0,1,8,0,0,0,28,23,14,16,14,7,False,0,False
737.70526,25.188,24.568,20.929,19.561,11.377,20,18,7,1123286.5,75,75,70,70,105,105,103,102,20.334,20.307,22.402,22.34,4271.469,93161,30261,41108,0,0,1,8,0,0,0,28,23,14,16,14,7,False,0,False
738.2066,25.199,24.58,20.929,19.561,11.364,20,18,7,1076936.6,74,73,70,70,105,105,103,102,20.332,20.305,22.398,22.336,4301.238,93161,30261,41108,0,0,1,8,0,0,0,28,23,14,16,14,7,False,0,False
739.2028,25.216,24.596,20.929,19.561,11.337,20,18,7,1046209.56,73,73,71,71,105,104,103,102,20.326,20.299,22.389,22.328,4366.164,93161,30261,41108,0,0,1,8,0,0,0,28,23,14,16,14,7,False,0,False
739.7092,25.223,24.603,20.929,19.561,11.323,20,18,7,1037567.7,73,73,71,71,105,104,103,102,20.323,20.296,22.384,22.324,4400.832,93161,30261,41108,0,0,1,8,0,0,0,28,23,14,16,14,7,False,0,False
740.2076,25.23,24.61,20.929,19.561,11.309,20,18,7,1028925.8,72,72,71,71,105,104,102,101,20.318,20.291,22.378,22.318,4436.719,93161,30261,41108,0,0,1,8,0,0,0,28,23,14,16,14,7,False,0,False
740.70844,25.237,24.616,20.929,19.561,11.295,20,18,7,1020283.94,72,72,71,71,105,104,102,101,20.314,20.287,22.372,22.312,4473.68,93161,30261,41108,0,0,1,8,0,0,0,28,23,14,16,14,7,False,0,False
741.20886,25.244,24.623,20.929,19.561,11.283,20,18,7,1017437.1,73,73,71,71,105,104,102,101,20.309,20.282,22.365,22.306,4511.465,93161,30261,41108,0,0,1,8,0,0,0,28,23,14,16,14,7,False,0,False
741.70636,25.25,24.629,20.929,19.561,11.269,20,18,7,1008795.25,73,72,71,71,105,104,102,101,20.304,20.277,22.359,22.3,4550.156,93161,30261,41108,0,0,1,8,0,0,0,28,23,14,16,14,7,False,0,False
742.2069,25.256,24.635,20.929,19.561,11.255,20,18,7,1000153.4,73,73,71,71,104,104,102,101,20.298,20.272,22.351,22.293,4589.652,93161,30261,41108,0,0,1,8,0,0,0,28,23,14,16,14,7,False,0,False
742.7056,25.262,24.641,20.929,19.561,11.241,20,18,7,991511.5,74,74,72,72,104,104,102,101,20.293,20.267,22.344,22.286,4629.867,93161,30261,41108,0,0,1,8,0,0,0,28,23,14,16,14,7,False,0,False
743.2097,25.268,24.647,20.929,19.561,11.227,20,18,7,982869.6,74,74,72,72,104,104,102,101,20.287,20.261,22.336,22.278,4670.691,93161,30261,41108,0,0,1,8,0,0,0,28,23,14,16,14,7,False,0,False
743.7068,25.273,24.653,20.929,19.561,11.215,20,18,7,979747.9,74,74,72,72,104,104,102,101,20.281,20.255,22.328,22.271,4711.898,93161,30261,41108,0,0,1,8,0,0,0,28,23,14,16,14,7,False,0,False
744.2081,25.279,24.659,20.93,19.561,11.201,20,18,7,971106,74,74,72,72,104,104,101,101,20.274,20.249,22.32,22.263,4753.516,93161,30261,41108,0,0,1,8,0,0,0,28,23,14,16,14,7,False,0,False
744.7064,25.284,24.665,20.93,19.561,11.187,20,18,7,962464.1,73,74,72,72,104,103,101,100,20.268,20.243,22.312,22.255,4795.5,93161,30261,41108,0,0,1,8,0,0,0,28,23,14,16,14,7,False,0,False
745.2072,25.299,24.681,20.95,19.58,11.178,20,18,7,978040,75,74,77,77,104,103,101,100,20.262,20.238,22.306,22.249,4836.109,93161,30261,41108,0,0,1,8,0,0,0,28,23,14,16,14,7,False,0,False
745.7072,25.32,24.704,20.986,19.608,11.177,20,18,7,1009230.1,74,74,79,76,104,103,101,100,20.262,20.238,22.31,22.253,4868.195,93161,30261,41108,0,0,1,8,0,0,0,28,23,14,16,14,7,False,0,False
746.2083,25.336,24.718,21.001,19.623,11.176,20,18,7,1034760.5,75,73,78,75,104,103,101,100,20.263,20.239,22.315,22.258,4893.18,93161,30261,41108,0,0,1,8,0,0,0,28,23,14,16,14,7,False,0,False
746.7062,25.356,24.732,21.023,19.642,11.176,20,18,7,1056426.5,78,74,80,76,104,103,101,101,20.266,20.24,22.321,22.263,4913.52,93161,30261,41108,0,0,1,8,0,0,0,28,23,14,17,14,7,False,0,False
747.20795,25.368,24.741,21.037,19.654,11.176,20,18,7,1074350.1,76,72,80,75,104,103,102,101,20.27,20.242,22.327,22.268,4930.805,93161,30261,41108,0,0,1,8,0,0,0,28,23,14,17,14,7,False,0,False
747.70685,25.385,24.756,21.074,19.677,11.173,20,18,7,1080991,79,76,91,81,104,103,102,101,20.273,20.243,22.336,22.273,4955.352,93161,30261,41108,0,0,1,8,0,0,0,28,23,14,17,14,7,False,0,False
748.20886,25.41,24.776,21.099,19.696,11.166,20,18,7,1087353.5,83,79,87,79,104,104,102,101,20.278,20.247,22.345,22.279,4971.539,93161,30261,41108,0,0,1,8,0,0,0,28,23,14,17,14,7,False,0,False
748.70386,25.444,24.805,21.112,19.706,11.158,20,18,7,1093524.9,87,83,81,75,104,104,102,101,20.284,20.252,22.352,22.283,4989.367,93161,30261,41108,0,0,1,8,0,0,0,28,23,14,17,14,7,False,0,False
749.2047,25.463,24.825,21.118,19.712,11.147,20,18,7,1094595.8,80,78,75,72,104,104,102,101,20.29,20.256,22.355,22.285,5008.859,93161,30261,41108,0,0,1,8,0,0,0,28,23,14,17,14,7,False,0,False
749.70654,25.489,24.851,21.124,19.718,11.133,20,18,7,1090549.8,81,80,74,71,104,104,102,101,20.293,20.259,22.357,22.286,5030.453,93161,30261,41108,0,0,1,8,0,0,0,28,23,14,17,14,7,False,0,False
750.20776,25.512,24.873,21.128,19.722,11.12,20,18,7,1090698.1,77,76,72,70,104,104,102,101,20.297,20.262,22.357,22.286,5054.801,93161,30261,41108,0,0,1,8,0,0,0,28,23,14,17,14,7,False,0,False
750.7051,25.525,24.885,21.131,19.725,11.107,20,18,7,1084410.4,75,73,71,70,104,104,102,101,20.297,20.262,22.356,22.285,5081.992,93161,30261,41108,0,0,1,8,0,0,0,28,23,14,17,14,7,False,0,False
751.20276,25.534,24.894,21.131,19.725,11.093,20,18,7,1077130.9,73,72,70,70,104,104,102,101,20.297,20.261,22.354,22.284,5111.535,93161,30261,41108,0,0,1,8,0,0,0,28,23,14,17,14,7,False,0,False
751.70557,25.542,24.902,21.131,19.725,11.08,20,18,7,1074490.2,73,72,70,71,104,104,102,101,20.295,20.26,22.352,22.282,5142.828,93161,30261,41108,0,0,1,8,0,0,0,28,23,14,17,14,7,False,0,False
752.207,25.549,24.909,21.131,19.725,11.066,20,18,7,1065866.2,73,72,71,71,104,104,102,101,20.293,20.258,22.349,22.28,5175.707,93161,30261,41108,0,0,1,8,0,0,0,28,23,14,17,14,7,False,0,False
753.2023,25.565,24.922,21.131,19.727,11.04,20,18,7,1053936,73,72,71,71,104,104,102,101,20.288,20.253,22.342,22.273,5245.391,93161,30261,41108,0,0,1,8,0,0,0,28,23,14,17,14,7,False,0,False
753.70374,25.571,24.929,21.131,19.727,11.026,20,18,7,1045293,72,73,71,70,104,104,102,101,20.285,20.25,22.337,22.269,5281.75,93161,30261,41108,0,0,1,8,0,0,0,28,23,14,17,14,7,False,0,False
754.20215,25.592,24.95,21.17,19.761,11.02,20,18,7,1069632.4,77,77,83,81,104,104,102,101,20.283,20.249,22.338,22.269,5310.074,93161,30261,41108,0,0,1,8,0,0,0,28,23,14,17,14,7,False,0,False
754.7054,25.617,24.974,21.192,19.782,11.019,20,18,7,1095773.6,78,78,79,78,104,104,102,101,20.286,20.252,22.344,22.276,5329.02,93161,30261,41108,0,0,1,8,0,0,0,28,23,14,17,14,7,False,0,False
755.1996,25.633,24.989,21.199,19.789,11.018,20,18,7,1116754.1,77,76,75,75,104,104,102,101,20.29,20.255,22.349,22.281,5352.148,93161,30261,41108,0,0,1,8,0,0,0,28,23,14,17,14,7,False,0,False
755.7035,25.654,24.999,21.205,19.794,11.017,20,18,7,1132264.4,81,75,74,74,104,104,102,101,20.294,20.259,22.354,22.286,5372.516,93161,30261,41108,0,0,1,8,0,0,0,28,23,14,0,14,7,False,0,False
756.20135,25.655,25,21.206,19.795,11.015,20,18,7,1139067.4,74,71,72,72,104,104,102,101,20.3,20.3,22.7,22.7,5383.102,93161,30261,41108,0,0,1,8,0,1,0,28,23,14,0,14,7,False,0,False
756.7011,25.655,25,21.206,19.795,11.014,20,18,7,1145451.5,70,69,70,70,104,104,102,101,20.3,20.3,22.7,22.7,5393.898,93161,30261,41108,0,0,1,8,0,1,0,28,23,14,0,14,7,False,0,False
757.201,25.655,25,21.206,19.795,11.014,20,18,7,1151839.9,68,68,69,69,104,104,102,101,20.3,20.3,22.7,22.7,5404.715,93161,30261,41108,0,0,1,8,0,1,0,28,23,14,0,14,7,False,0,False
757.69934,25.655,25,21.206,19.795,11.013,20,18,8,1158235.4,67,67,68,68,104,104,102,101,20.3,20.3,22.7,22.7,6.762,96748,0,0,0,0,1,9,0,1,0,28,23,14,0,14,7,False,0,False
758.1986,25.655,25,21.206,19.795,11.012,20,18,8,1164636.5,67,67,68,68,104,104,102,101,20.3,20.3,22.7,22.7,17.766,96748,0,0,0,0,1,9,0,1,0,28,23,14,0,14,7,False,0,False
758.70184,25.655,25,21.206,19.795,11.011,20,18,8,1171042.8,67,67,68,68,104,104,102,101,20.3,20.3,22.7,22.7,28.781,96748,0,0,0,0,1,9,0,1,0,28,23,14,0,14,7,False,0,False
759.1975,25.655,25,21.206,19.795,11.01,20,18,8,1177452.8,67,67,68,68,104,104,102,101,20.3,20.3,22.7,22.7,39.801,96748,0,0,0,0,1,9,0,1,0,28,23,14,0,14,7,False,0,False
759.69366,25.655,25,21.206,19.795,11.01,20,18,8,1183651.5,66,66,68,68,104,104,102,101,20.3,20.3,22.7,22.7,50.461,96748,0,0,0,0,1,9,0,1,0,28,23,14,0,14,7,False,0,False
760.1933,25.655,25,21.206,19.795,11.009,20,18,8,1190064,66,66,68,68,104,104,102,101,20.3,20.3,22.7,22.7,61.473,96748,0,0,0,0,1,9,0,1,0,28,23,14,0,14,7,False,0,False
760.6988,25.655,25,21.206,19.795,11.008,20,18,8,1196690.2,66,66,68,68,104,104,102,101,20.3,20.3,22.7,22.7,72.848,96748,0,0,0,0,1,9,0,1,0,28,23,14,0,14,7,False,0,False
761.19745,25.655,25,21.206,19.795,11.007,20,18,8,1203102.8,66,66,68,68,104,104,102,101,20.3,20.3,22.7,22.7,83.859,96748,0,0,0,0,1,9,0,1,0,28,23,14,0,14,7,False,0,False
761.695,25.655,25,21.206,19.795,11.006,20,18,8,1209301.5,66,66,68,68,104,103,102,101,20.3,20.3,22.7,22.7,94.504,96748,0,0,0,0,1,9,0,1,0,28,23,14,0,14,7,False,0,False
762.1946,25.655,25,21.206,19.795,11.006,20,18,8,1215714,66,66,68,68,104,103,102,101,20.3,20.3,22.7,22.7,105.512,96748,0,0,0,0,1,9,0,1,0,28,23,14,0,14,7,False,0,False
762.7001,25.655,25,21.206,19.795,11.005,20,18,8,1222340.2,66,66,68,68,104,103,102,101,20.3,20.3,22.7,22.7,116.883,96748,0,0,0,0,1,9,0,1,0,28,23,14,0,14,7,False,0,False
763.19995,25.655,25,21.206,19.795,11.004,20,18,8,1228752.8,66,66,68,68,104,103,102,101,20.3,20.3,22.7,22.7,127.883,96748,0,0,0,0,1,9,0,1,0,28,23,14,0,14,7,False,0,False
763.6998,25.655,25,21.206,19.795,11.003,20,18,8,1235165.2,66,66,68,68,104,103,102,101,20.3,20.3,22.7,22.7,138.883,96748,0,0,0,0,1,9,0,1,0,28,23,14,0,14,7,False,0,False
764.20264,25.655,25,21.206,19.795,11.003,20,18,8,1241577.8,66,66,68,68,104,103,102,101,20.3,20.3,22.7,22.7,149.883,96748,0,0,0,0,1,9,0,1,0,28,23,14,0,14,7,False,0,False
764.7003,25.655,25,21.206,19.795,11.002,20,18,8,1247990.2,66,66,68,68,104,103,102,101,20.3,20.3,22.7,22.7,160.883,96748,0,0,0,0,1,9,0,1,0,28,23,14,0,14,7,False,0,False
765.1995,25.655,25,21.206,19.795,11.001,20,18,8,1254402.8,66,66,68,68,104,103,102,101,20.3,20.3,22.7,22.7,171.887,96748,0,0,0,0,1,9,0,1,0,28,23,14,0,14,7,False,0,False
765.70197,25.655,25,21.206,19.795,11,20,18,8,1260815.2,66,66,68,68,104,103,102,101,20.3,20.3,22.7,22.7,182.887,96748,0,0,0,0,1,9,0,1,0,28,23,14,0,14,7,False,0,False
766.1991,25.655,25,21.206,19.795,11,20,18,8,1267227.8,66,66,68,68,104,103,102,101,20.3,20.3,22.7,22.7,193.895,96748,0,0,0,0,1,9,0,1,0,28,23,14,0,14,7,False,0,False
766.7035,25.655,25,21.206,19.795,10.999,20,18,8,1273640.2,66,66,68,68,103,103,102,101,20.3,20.3,22.7,22.7,204.895,96748,0,0,0,0,1,9,0,1,0,28,23,14,0,14,7,False,0,False
767.2009,25.655,25,21.206,19.795,10.998,20,18,8,1302360.8,66,66,68,68,103,103,102,101,20.3,20.3,22.7,22.7,215.41,96748,0,0,0,0,2,9,0,1,0,28,23,14,0,14,7,False,0,False
767.6987,25.655,25,21.206,19.795,10.998,20,18,8,1350685.1,65,65,68,68,103,103,102,101,20.3,20.3,22.7,22.7,225.031,96748,0,0,0,0,2,9,0,1,0,28,23,14,0,14,7,False,0,False
768.1998,25.655,25,21.206,19.795,10.998,20,18,8,1389833.9,64,65,68,68,103,103,102,101,20.3,20.3,22.7,22.7,234.652,96748,0,0,0,0,2,9,0,1,0,28,23,14,0,14,7,False,0,False
768.7059,25.655,25,21.206,19.795,10.998,20,18,8,1389833.9,64,64,68,68,103,102,102,101,20.3,20.3,22.7,22.7,240.402,96748,0,0,0,0,3,9,0,1,0,28,23,14,0,14,7,False,0,False
769.19586,25.655,25,21.206,19.795,10.998,20,18,8,1389833.9,63,63,68,68,103,102,102,101,20.216,20.187,22.331,22.273,241.852,96748,0,0,0,0,4,9,0,1,116,28,23,14,0,14,7,False,0,False
769.7028,25.655,25,21.206,19.795,10.997,20,18,8,1389833.9,62,62,68,68,103,102,102,101,20.211,20.181,22.331,22.273,241.73,96748,0,0,0,0,4,9,0,1,633,28,23,14,0,14,7,False,0,False
770.20496,0,0,0,0,10.995,18,16,0,1389833.9,70,70,70,70,70,70,70,70,18.668,18.668,20.691,20.691,241.754,96748,0,0,0,0,4,9,0,1,1133,28,23,14,0,14,7,False,0,False
770.7055,0,0,0,0,10.993,18,16,0,1389833.9,70,70,70,70,70,70,70,70,18.668,18.668,20.691,20.691,241.758,96748,0,0,0,0,4,9,0,1,1633,28,23,14,0,14,7,False,0,False
771.2038,0,0,0,0,10.99,18,16,0,1389833.9,70,70,70,70,70,70,70,70,18.668,18.668,20.691,20.691,241.758,96748,0,0,0,0,4,9,0,1,2133,28,23,14,0,14,7,False,0,False
771.70325,0,0,0,0,10.987,18,16,0,1389833.9,69,68,70,70,70,70,70,70,18.671,18.672,20.691,20.691,241.832,96748,0,0,0,0,4,9,0,1,2399,28,23,14,0,14,7,False,0,False
772.20105,0,0,0,0,10.986,18,16,0,1389833.9,68,68,68,68,70,70,70,70,20.3,20.3,22.7,22.7,242.297,96748,0,0,0,0,4,9,0,1,2399,28,23,14,0,14,7,False,0,False
772.7027,0,0,0,0,10.985,18,16,0,1389833.9,77,77,68,68,70,70,70,70,20.3,20.3,22.7,22.7,245.215,96748,0,0,0,0,4,9,0,1,2399,28,23,14,0,14,7,False,0,False
773.2018,0,0,0,0,10.985,18,16,0,1389833.9,88,88,68,68,70,70,70,70,20.3,20.3,22.7,22.7,250.77,96748,0,0,0,0,4,9,0,1,2399,28,23,14,0,14,7,False,0,False
773.7007,0,0,0,0,10.985,18,16,0,1408253.5,92,93,68,68,71,71,70,70,20.3,20.3,22.7,22.7,258.535,96748,0,0,0,0,4,9,0,1,2399,28,23,14,0,14,7,False,0,False
774.70416,0,0,0,0,10.985,18,16,0,1501984.4,93,93,68,68,72,72,70,70,20.3,20.3,22.7,22.7,279.848,96748,0,0,0,0,4,9,0,1,2399,28,23,14,0,14,7,False,0,False
775.2029,0.007,0.007,0.003,0.003,10.984,18,16,0,1527253.1,85,85,68,68,72,72,70,70,20.3,20.3,22.7,22.7,290.793,96748,0,0,0,0,4,9,1,1,2399,28,23,14,0,14,7,False,0,False
775.704,0.007,0.007,0.003,0.003,10.983,18,16,0,1535294.8,75,75,67,67,73,73,70,70,20.3,20.3,22.7,22.7,301.75,96748,0,0,0,0,4,9,1,1,2399,28,23,14,0,14,7,False,0,False
776.20184,0.007,0.007,0.003,0.003,10.982,18,16,0,1543352.1,69,69,66,66,73,73,70,70,20.3,20.3,22.7,22.7,312.762,96748,0,0,0,0,4,9,1,1,2399,28,23,14,0,14,7,False,0,False
776.70416,0.007,0.007,0.003,0.003,10.981,18,16,0,1551410.9,66,66,65,65,73,73,70,70,20.3,20.3,22.7,22.7,323.785,96748,0,0,0,0,4,9,1,1,2399,28,23,14,0,14,7,False,0,False
777.20197,0.007,0.007,0.003,0.003,10.98,18,16,0,1559469.6,64,64,65,65,73,73,70,70,20.3,20.3,22.7,22.7,334.809,96748,0,0,0,0,4,9,1,1,2399,28,23,14,0,14,7,False,0,False
777.70605,0.007,0.007,0.003,0.003,10.98,18,16,0,1567528.4,63,63,64,64,74,74,70,70,20.3,20.3,22.7,22.7,345.832,96748,0,0,0,0,5,9,1,1,2399,28,23,14,0,14,7,False,0,False
778.70215,0.007,0.007,0.003,0.003,10.978,18,16,0,1583645.9,63,63,64,64,74,74,71,71,20.3,20.3,22.7,22.7,367.875,96748,0,0,0,0,5,9,1,1,2399,28,23,14,0,14,7,False,0,False
779.2028,0.007,0.007,0.003,0.003,10.977,18,16,0,1591704.6,63,63,64,64,74,74,71,71,20.3,20.3,22.7,22.7,378.895,96748,0,0,0,0,5,9,1,1,2399,28,23,14,0,14,7,False,0,False
779.70135,0.007,0.007,0.003,0.003,10.976,18,16,0,1599763.4,62,63,64,64,74,74,71,71,20.3,20.3,22.7,22.7,389.91,96748,0,0,0,0,5,9,1,1,2399,28,23,14,0,14,7,False,0,False
780.2003,0.007,0.007,0.003,0.003,10.975,18,16,0,1607822.1,62,62,64,64,74,74,71,71,18.931,18.932,20.788,20.788,400.871,96748,0,0,0,0,7,9,1,0,0,28,23,14,0,14,7,False,0,False
780.7031,0.014,0.014,0.003,0.003,10.97,18,16,0,1616481.6,65,65,63,63,74,75,71,71,18.939,18.94,20.794,20.795,412.121,96748,0,0,0,0,8,9,1,0,0,28,23,14,0,14,7,False,0,False
781.2049,0.025,0.026,0.003,0.003,10.961,18,16,0,1629647.9,67,67,63,63,75,75,71,71,18.949,18.95,20.801,20.801,425.512,96748,0,0,0,0,8,9,1,0,0,28,23,14,0,14,7,False,0,False
781.7019,0.049,0.049,0.003,0.003,10.952,18,16,0,1641737.4,71,71,63,63,75,75,71,71,18.961,18.962,20.806,20.806,441.172,96748,0,0,0,0,9,9,1,0,0,28,23,14,0,14,7,False,0,False
782.2052,0.068,0.067,0.003,0.003,10.941,18,16,0,1653562.4,71,71,63,63,75,75,72,72,18.972,18.973,20.812,20.812,459.281,96748,0,0,0,0,9,9,1,0,0,28,23,14,0,14,7,False,0,False
782.70605,0.11,0.107,0.003,0.003,10.928,18,16,0,1657232.1,76,76,64,64,75,75,72,72,18.985,18.986,20.817,20.817,480.312,96748,0,0,0,0,9,9,1,0,0,28,23,14,0,14,7,False,0,False
783.2039,0.13,0.127,0.003,0.003,10.915,18,16,0,1652618.5,71,71,64,64,76,76,72,72,18.997,18.998,20.822,20.822,504.117,96748,0,0,0,0,9,9,1,0,0,28,23,14,0,14,7,False,0,False
783.704,0.146,0.144,0.003,0.004,10.902,18,16,0,1652391.2,70,69,64,65,76,76,72,72,19.007,19.008,20.827,20.827,530.574,96748,0,0,0,0,9,9,1,0,0,28,23,14,0,14,7,False,0,False
784.20337,0.16,0.158,0.004,0.004,10.888,18,16,0,1645612.8,69,68,65,65,76,76,72,72,19.016,19.016,20.831,20.832,559.199,96748,0,0,0,0,10,9,1,0,0,28,23,14,0,14,7,False,0,False
784.7007,0.174,0.17,0.004,0.005,10.875,18,16,0,1643420,68,67,65,65,76,76,72,72,19.024,19.024,20.836,20.836,589.727,96748,0,0,0,0,11,9,1,0,0,28,23,14,0,14,7,False,0,False
785.20087,0.185,0.181,0.004,0.005,10.861,18,16,0,1635019.5,67,69,66,65,76,76,72,72,19.032,19.032,20.84,20.84,621.746,96748,0,0,0,0,11,9,1,0,0,28,23,14,0,14,7,False,0,False
785.70264,0.212,0.207,0.036,0.04,10.858,18,16,0,1659768.5,70,70,71,71,76,76,72,72,19.041,19.042,20.85,20.85,651.023,96748,0,0,50,13234,11,9,1,0,0,28,23,14,20,14,7,False,0,False
786.20276,0.224,0.22,0.046,0.049,10.857,18,16,0,1683887.4,67,68,68,69,77,77,72,72,19.053,19.054,20.862,20.862,673.508,96748,0,0,50,13234,11,9,1,0,0,28,23,14,20,14,7,False,0,False
786.7037,0.231,0.228,0.05,0.053,10.856,18,16,0,1704656.8,66,67,67,67,77,77,73,73,19.064,19.066,20.875,20.875,691.418,96748,0,0,183,13450,11,9,1,0,0,28,23,14,20,14,7,False,0,False
787.2014,0.236,0.232,0.053,0.056,10.856,18,16,0,1722242.5,65,65,66,66,77,77,73,73,19.076,19.077,20.887,20.887,705.504,96748,0,0,183,13450,11,9,1,0,0,28,23,14,20,14,7,False,0,False
787.70294,0.24,0.235,0.057,0.061,10.856,18,16,0,1734905.5,65,64,66,66,77,77,73,73,19.087,19.088,20.899,20.899,717.207,96748,0,0,183,13450,11,9,1,0,0,28,23,14,20,14,7,False,0,False
788.2052,0.247,0.24,0.07,0.072,10.856,18,16,0,1745912.2,66,64,70,67,77,77,73,73,19.098,19.098,20.912,20.911,726.277,96748,0,0,183,13450,11,9,1,0,0,28,23,14,20,14,7,False,0,False
788.7039,0.255,0.246,0.086,0.082,10.855,18,16,0,1750050.4,67,65,73,68,78,78,73,73,19.109,19.109,20.926,20.924,735.852,96748,0,0,183,13833,12,9,1,0,0,28,23,14,20,14,7,False,0,False
789.2032,0.265,0.259,0.103,0.087,10.854,18,16,0,1754390.4,70,69,78,69,78,78,73,73,19.116,19.113,20.932,20.927,757.289,96748,0,0,183,13833,11,9,1,0,0,28,23,14,20,14,7,False,0,False
789.704,0.288,0.274,0.118,0.106,10.852,18,16,0,1756478.4,75,72,79,72,78,78,74,74,19.13,19.125,20.945,20.94,766.23,96748,0,0,183,14067,11,9,1,0,0,28,23,14,20,14,7,False,0,False
790.2057,0.295,0.282,0.121,0.109,10.848,18,16,0,1759433.1,72,70,74,69,78,78,74,74,19.145,19.138,20.961,20.953,775.156,96748,0,0,183,14067,11,9,1,0,0,28,23,14,20,14,7,False,0,False
791.7056,0.346,0.348,0.127,0.115,10.823,18,16,0,1771351,73,73,65,66,79,79,75,74,19.185,19.178,20.994,20.984,816.609,96748,0,0,550,14067,11,9,1,0,0,28,23,14,20,14,7,False,0,False
792.20245,0.362,0.366,0.142,0.134,10.814,18,16,0,1776232.8,71,72,68,71,79,79,75,75,19.196,19.191,21.003,20.994,835.398,96748,0,0,750,14334,12,9,1,0,0,28,23,14,20,14,7,False,0,False
792.7032,0.394,0.407,0.182,0.181,10.806,18,16,0,1782690.1,74,79,74,79,79,79,75,75,19.208,19.204,21.014,21.007,858.273,96748,0,0,750,14334,12,9,1,0,0,28,23,14,20,14,7,False,0,False
793.70123,0.476,0.506,0.218,0.22,10.786,18,16,0,1793798.4,73,75,68,71,80,80,75,75,19.236,19.237,21.035,21.03,900.258,96748,0,0,65503,14483,11,9,1,0,0,28,23,14,20,14,7,False,0,False
794.2052,0.497,0.535,0.219,0.221,10.774,18,16,0,1794252,72,72,65,68,80,80,75,75,19.246,19.247,21.042,21.037,924.602,96748,0,0,867,14483,11,9,1,0,0,28,23,14,20,14,7,False,0,False
794.70685,0.52,0.558,0.223,0.225,10.76,18,16,0,1755580.8,70,71,66,63,80,80,75,75,19.256,19.256,21.048,21.043,952.25,96748,0,0,867,14483,11,9,1,0,0,28,23,14,20,14,7,False,0,False
795.2052,0.568,0.603,0.243,0.243,10.747,18,16,0,1711035,76,74,70,68,80,80,76,75,19.266,19.266,21.055,21.048,981.945,96748,0,0,983,14600,11,9,1,0,0,28,23,14,20,14,7,False,0,False
795.7036,0.6,0.63,0.258,0.258,10.734,18,16,0,1665561.2,73,71,70,68,81,81,76,76,19.276,19.275,21.062,21.055,1011.914,96748,0,0,1033,14650,11,9,1,0,0,28,23,14,20,14,7,False,0,False
796.2065,0.624,0.651,0.263,0.265,10.72,18,16,0,1609443.5,70,68,67,66,81,81,76,76,19.285,19.283,21.068,21.06,1043.977,96748,0,0,1033,14650,11,9,1,0,0,28,23,14,20,14,7,False,0,False
796.7034,0.641,0.667,0.264,0.265,10.706,18,16,0,1551828.5,68,67,66,66,81,81,76,76,19.292,19.289,21.072,21.064,1078.051,96748,0,0,1066,14683,11,9,1,0,0,28,23,14,20,14,7,False,0,False
797.20355,0.654,0.68,0.264,0.265,10.694,18,16,0,1499689.9,67,67,66,66,81,81,76,76,19.297,19.295,21.076,21.068,1113.754,96748,0,0,1083,14683,11,9,1,0,0,28,23,14,20,14,7,False,0,False
797.706,0.667,0.694,0.264,0.265,10.68,18,16,0,1442074.9,67,68,66,67,81,81,76,76,19.302,19.3,21.079,21.071,1150.957,96748,0,0,1083,14667,11,9,1,0,0,28,23,14,20,14,7,False,0,False
798.204,0.679,0.707,0.264,0.265,10.666,18,16,0,1384459.9,67,68,67,67,81,81,76,76,19.307,19.305,21.082,21.074,1189.578,96748,0,0,1067,14667,11,9,1,0,0,28,23,14,20,14,7,False,0,False
798.7032,0.69,0.718,0.264,0.265,10.653,18,16,0,1340382.5,67,67,67,67,81,81,76,76,19.311,19.309,21.084,21.076,1229.449,96748,0,0,1083,14650,11,9,1,0,0,28,23,14,20,14,7,False,0,False
799.2025,0.698,0.727,0.264,0.265,10.639,18,16,0,1331738.8,67,67,67,67,81,81,76,76,19.315,19.313,21.086,21.079,1270.055,96748,0,0,1050,14617,11,9,1,0,0,28,23,14,20,14,7,False,0,False
799.7012,0.706,0.735,0.264,0.265,10.626,18,16,0,1323095,67,67,67,67,81,81,76,76,19.318,19.316,21.088,21.08,1311.316,96748,0,0,1050,14617,11,9,1,0,0,28,23,14,20,14,7,False,0,False
800.20135,0.715,0.744,0.264,0.265,10.612,18,16,0,1314451.2,67,67,67,67,82,81,76,76,19.321,19.319,21.089,21.081,1353.188,96748,0,0,1050,14584,11,9,1,0,0,28,23,14,20,14,7,False,0,False
800.703,0.723,0.753,0.264,0.265,10.598,18,16,0,1306775.2,67,67,67,67,82,82,76,76,19.323,19.321,21.09,21.082,1395.613,96748,0,0,1050,14584,11,9,1,0,0,28,23,14,20,14,7,False,0,False
801.7042,0.764,0.794,0.306,0.308,10.594,18,16,0,1371637.1,67,68,68,68,82,82,76,76,19.339,19.337,21.109,21.102,1464.32,96748,0,0,1050,14550,11,9,1,0,0,28,23,14,20,14,7,False,0,False
802.204,0.783,0.81,0.326,0.328,10.593,18,16,0,1398424.6,70,68,72,70,82,82,77,77,19.349,19.347,21.122,21.114,1489.266,96748,0,0,1100,14550,11,9,1,0,0,28,23,14,20,14,7,False,0,False
802.70575,0.823,0.84,0.397,0.384,10.593,18,16,0,1420921,76,72,86,79,82,82,77,77,19.362,19.358,21.138,21.129,1508.938,96748,0,0,1100,14617,11,9,1,0,0,28,23,14,20,14,7,False,0,False
803.2053,0.853,0.861,0.467,0.439,10.592,18,16,0,1433034.2,77,71,91,83,83,82,77,77,19.376,19.37,21.159,21.146,1527.285,96748,0,0,1117,14617,11,9,1,0,0,28,23,14,20,14,7,False,0,False
803.70636,0.897,0.89,0.525,0.49,10.589,18,16,0,1439734,82,73,92,85,83,83,78,77,19.392,19.381,21.179,21.162,1557.113,96748,0,0,1117,14617,11,9,1,0,0,28,23,14,20,14,7,False,0,False
804.2031,0.918,0.905,0.591,0.537,10.586,18,16,0,1446210.4,76,71,94,84,83,83,78,78,19.406,19.393,21.2,21.18,1575.324,96748,0,0,1117,14617,11,9,1,0,0,28,23,14,20,14,7,False,0,False
804.70514,0.946,0.926,0.635,0.571,10.581,18,16,0,1452548.6,77,71,88,80,83,83,78,78,19.419,19.403,21.219,21.196,1591.82,96748,0,0,1000,14567,11,9,1,0,0,28,23,14,20,14,7,False,0,False
805.204,0.974,0.948,0.662,0.592,10.574,18,16,0,1458714.2,76,71,81,75,84,83,79,78,19.433,19.414,21.236,21.209,1607.664,96748,0,0,1000,14567,11,9,1,0,0,28,23,14,20,14,7,False,0,False
805.70306,1.002,0.974,0.67,0.6,10.564,18,16,0,1460448.8,75,72,73,69,84,83,79,78,19.445,19.424,21.248,21.22,1626.684,96748,0,0,1100,14567,11,9,1,0,0,28,23,14,20,14,7,False,0,False
806.2048,1.023,0.991,0.672,0.602,10.551,18,16,0,1456925.4,73,71,68,66,84,84,79,78,19.456,19.434,21.258,21.228,1648.27,96748,0,0,1100,14616,11,9,1,0,0,28,23,14,20,14,7,False,0,False
806.70447,1.072,1.037,0.672,0.603,10.538,18,16,0,1446682.9,77,79,67,64,84,84,79,79,19.465,19.444,21.263,21.235,1672.18,96748,0,0,1100,14616,11,9,1,0,0,28,23,14,20,14,7,False,0,False
807.2018,1.104,1.065,0.675,0.606,10.525,18,16,0,1414481.1,72,72,65,65,84,84,79,79,19.474,19.455,21.269,21.241,1698.695,96748,0,0,1100,14634,11,9,1,0,0,28,23,14,20,14,7,False,0,False
807.7046,1.126,1.086,0.676,0.607,10.512,18,16,0,1369510.9,72,71,66,67,84,84,79,79,19.482,19.463,21.273,21.247,1727.309,96748,0,0,1134,14634,11,9,1,0,0,28,23,14,20,14,7,False,0,False
808.20245,1.143,1.105,0.679,0.61,10.499,18,16,0,1323460.8,69,70,66,67,85,84,79,79,19.489,19.47,21.278,21.252,1757.891,96748,0,0,1134,14650,11,9,1,0,0,28,23,14,20,14,7,False,0,False
808.70197,1.171,1.139,0.706,0.637,10.485,18,16,0,1299216.2,71,74,70,73,85,84,79,79,19.496,19.478,21.283,21.258,1790.469,96748,0,0,1150,14650,11,9,1,0,0,28,23,14,20,14,7,False,0,False
809.2025,1.199,1.174,0.726,0.657,10.471,18,16,0,1290572.5,69,73,70,68,85,85,79,79,19.502,19.486,21.289,21.265,1825.332,96748,51513,0,1167,14667,11,9,1,0,0,28,23,14,20,14,7,False,0,False
809.7041,1.222,1.193,0.759,0.695,10.462,18,16,0,1303831.2,71,69,75,74,85,85,80,79,19.508,19.492,21.295,21.271,1859.496,96748,51513,0,1167,14667,11,9,1,0,0,28,23,14,20,14,7,False,0,False
810.2054,1.286,1.242,0.872,0.788,10.462,18,16,0,1326932.9,80,75,92,84,85,85,80,79,19.519,19.501,21.309,21.283,1887.922,96748,51513,0,1184,14667,11,9,1,0,0,28,23,14,20,14,7,False,0,False
810.70514,1.342,1.285,0.999,0.891,10.456,18,16,0,1333378.1,80,74,95,87,85,85,80,80,19.531,19.511,21.327,21.298,1917.133,96748,51513,0,1184,14700,11,9,1,0,0,28,23,14,20,14,7,False,0,False
811.20605,1.421,1.348,1.113,0.987,10.445,18,16,0,1338224.9,85,79,92,85,86,85,80,80,19.544,19.522,21.345,21.314,1946.043,96748,51513,0,1200,14700,11,9,1,0,0,28,23,14,20,14,7,False,0,False
812.20294,1.53,1.447,1.183,1.054,10.419,18,16,0,1336267.6,73,75,72,75,86,86,81,80,19.568,19.542,21.366,21.332,2002.488,96748,51513,0,1200,14700,11,9,1,0,0,28,23,14,20,14,7,False,0,False
813.20294,1.643,1.584,1.329,1.232,10.395,18,16,0,1338785.4,77,80,78,85,86,86,81,80,19.583,19.562,21.382,21.353,2066.617,96748,51513,0,1183,14717,11,9,1,0,0,28,23,14,20,14,7,False,0,False
813.7041,1.709,1.664,1.392,1.305,10.382,18,16,0,1336172.6,77,82,75,80,86,86,81,81,19.592,19.572,21.389,21.363,2097.453,96748,51513,0,1200,14717,11,9,1,0,0,28,23,14,20,14,7,False,0,False
814.7018,1.753,1.72,1.421,1.332,10.354,18,16,0,1318931.4,69,71,68,69,87,86,81,81,19.601,19.585,21.397,21.372,2164.121,96748,51513,0,1234,14717,11,9,1,0,0,28,23,14,20,14,7,False,0,False
815.2052,1.778,1.746,1.453,1.365,10.349,18,16,0,1341340.2,71,71,73,73,87,86,81,81,19.606,19.591,21.403,21.378,2196.008,96748,51513,0,1234,14750,11,9,1,0,0,28,23,14,20,14,7,False,0,False
815.7037,1.796,1.762,1.466,1.38,10.348,18,16,0,1367978.1,69,68,70,69,87,87,81,81,19.613,19.598,21.413,21.388,2221.012,96748,51513,0,1234,14750,11,9,1,0,0,28,23,14,20,14,7,False,0,False
816.20575,1.81,1.772,1.481,1.394,10.348,18,16,0,1391278,69,67,71,69,87,87,82,81,19.621,19.605,21.423,21.398,2241.395,96748,51513,0,1234,14750,11,9,1,0,0,28,23,14,20,14,7,False,0,False
816.7026,1.835,1.791,1.522,1.427,10.348,18,16,0,1410450.5,73,69,80,74,87,87,82,81,19.63,19.612,21.435,21.409,2257.383,96748,51513,0,1233,14817,11,9,1,0,0,28,23,14,20,14,7,False,0,False
817.20526,1.857,1.808,1.581,1.469,10.348,18,16,0,1425730.9,74,70,90,80,87,87,82,82,19.641,19.621,21.452,21.423,2271.07,96748,51513,0,1233,14817,11,9,1,0,0,28,23,14,20,14,7,False,0,False
817.7016,1.868,1.817,1.633,1.506,10.347,18,16,0,1433472.6,73,69,95,83,88,87,82,82,19.651,19.63,21.471,21.438,2286.625,96748,51513,0,1233,14683,11,9,1,0,0,28,23,14,20,14,7,False,0,False
818.2053,1.888,1.833,1.657,1.526,10.343,18,16,0,1439038.1,75,70,89,80,88,87,83,82,19.661,19.638,21.49,21.453,2299.477,96748,51513,0,1017,14683,11,9,1,0,0,28,23,14,20,14,7,False,0,False
819.1956,1.924,1.865,1.676,1.542,10.33,18,16,0,1451541.1,74,71,75,71,88,88,83,83,19.682,19.655,21.518,21.475,2324.309,96748,51513,0,1017,14683,11,9,1,0,0,28,23,14,20,14,7,False,0,False
819.70544,1.947,1.892,1.678,1.544,10.32,18,16,0,1455917.8,75,75,70,67,88,88,83,83,19.691,19.664,21.527,21.483,2339.43,96748,51513,0,1133,14683,11,9,1,0,0,28,23,14,20,14,7,False,0,False
820.2043,1.995,1.946,1.68,1.546,10.308,18,16,0,1460484.1,81,82,67,65,89,88,83,83,19.703,19.675,21.534,21.49,2357.707,96748,51513,0,1133,14833,11,9,1,0,0,28,23,14,20,14,7,False,0,False
820.7044,2.024,1.979,1.68,1.546,10.295,18,16,0,1457855.4,75,76,65,65,89,88,84,83,19.714,19.687,21.54,21.495,2379.129,96748,51513,0,1133,14833,11,9,1,0,0,28,23,14,20,14,7,False,0,False
821.20435,2.046,2.005,1.68,1.547,10.281,18,16,0,1425616.6,72,72,65,65,89,88,84,83,19.722,19.695,21.544,21.5,2403.434,96748,51513,0,1133,14833,11,9,1,0,0,28,23,14,20,14,7,False,0,False
822.1991,2.082,2.043,1.68,1.547,10.255,18,16,0,1343288.4,69,69,65,65,89,89,84,83,19.733,19.707,21.551,21.508,2459.418,96748,51513,0,1117,14767,11,9,1,0,0,28,23,14,20,14,7,False,0,False
822.7051,2.097,2.058,1.68,1.547,10.242,18,16,0,1294962,68,68,65,65,89,89,84,83,19.738,19.711,21.554,21.511,2490.594,96748,51513,0,1100,14767,11,9,1,0,0,28,23,14,20,14,7,False,0,False
823.20374,2.109,2.07,1.68,1.547,10.228,18,16,0,1274941.5,67,67,65,65,89,89,84,83,19.741,19.715,21.556,21.514,2523.609,96748,51513,0,1066,14767,11,9,1,0,0,28,23,14,20,14,7,False,0,False
823.7043,2.121,2.085,1.688,1.554,10.215,18,16,0,1266297.8,68,69,67,68,89,89,84,83,19.744,19.718,21.558,21.516,2558.09,96748,51513,0,1066,14733,11,9,1,0,0,28,23,14,20,14,7,False,0,False
824.702,2.192,2.176,1.771,1.638,10.188,18,16,0,1258618.2,71,74,72,75,89,89,84,83,19.751,19.728,21.564,21.524,2629.309,96748,51513,0,1050,14717,11,9,1,0,0,28,23,14,20,14,7,False,0,False
825.2039,2.234,2.228,1.824,1.689,10.187,18,16,0,1289150.1,73,76,74,77,90,89,84,83,19.756,19.736,21.571,21.532,2663.977,96748,51513,0,1034,14700,11,9,1,0,0,28,23,14,20,14,7,False,0,False
825.70386,2.26,2.259,1.851,1.714,10.186,18,16,0,1315268.9,70,73,72,74,90,89,84,84,19.764,19.744,21.58,21.543,2690.145,96748,51513,0,1034,14700,11,9,1,0,0,28,23,14,20,14,7,False,0,False
826.20306,2.281,2.282,1.873,1.735,10.185,18,16,0,1336626.4,70,73,72,74,90,89,84,84,19.771,19.754,21.59,21.554,2709.055,96748,51513,0,1034,14733,11,9,1,0,0,28,23,14,20,14,7,False,0,False
826.69977,2.302,2.308,1.898,1.763,10.185,18,16,0,1353191.5,72,75,74,78,90,90,85,84,19.78,19.763,21.601,21.566,2723.754,96748,51513,0,1034,14733,11,9,1,0,0,28,23,14,20,14,7,False,0,False
827.70264,2.326,2.337,1.941,1.834,10.185,18,16,0,1367372.2,70,73,76,87,90,90,85,84,19.795,19.783,21.623,21.595,2746.652,96748,51513,0,1033,14733,11,9,1,0,0,28,23,14,20,14,7,False,0,False
828.2054,2.347,2.358,1.955,1.855,10.183,18,16,0,1372543.6,74,76,76,85,90,90,85,85,19.802,19.791,21.631,21.611,2767.547,96748,51513,0,1033,14733,11,9,1,0,0,28,23,14,20,14,7,False,0,False
828.70514,2.356,2.367,1.96,1.859,10.178,18,16,0,1377204,71,73,72,77,91,90,85,85,19.811,19.801,21.641,21.624,2777.562,96748,51513,0,1033,14767,11,9,1,0,0,28,23,14,20,14,7,False,0,False
829.1988,2.383,2.39,1.964,1.864,10.17,18,16,0,1381091.5,75,76,68,72,91,90,85,85,19.819,19.81,21.649,21.634,2790.121,96748,51513,0,1017,14767,11,9,1,0,0,28,23,14,20,14,7,False,0,False
829.7022,2.405,2.413,1.965,1.865,10.16,18,16,0,1383658,75,75,65,68,91,91,85,85,19.828,19.819,21.655,21.642,2805.504,96748,51513,0,1017,14767,11,9,1,0,0,28,23,14,20,14,7,False,0,False
830.20245,2.448,2.455,1.965,1.865,10.148,18,16,0,1391187.5,79,79,64,65,91,91,86,85,19.837,19.829,21.66,21.648,2823.707,96748,51513,0,1066,14816,11,9,1,0,0,28,23,14,20,14,7,False,0,False
830.7004,2.477,2.483,1.965,1.865,10.136,18,16,0,1369078,74,74,64,64,91,91,86,85,19.847,19.838,21.664,21.652,2844.789,96748,51513,0,1066,14816,11,9,1,0,0,28,23,14,20,14,7,False,0,False
831.20184,2.502,2.507,1.965,1.865,10.122,18,16,0,1337208,72,72,64,64,91,91,86,86,19.854,19.845,21.667,21.656,2868.926,96748,51513,0,1066,14816,11,9,1,0,0,28,23,14,20,14,7,False,0,False
831.7006,2.52,2.526,1.965,1.865,10.109,18,16,0,1302580,70,70,65,65,91,91,86,86,19.859,19.851,21.67,21.659,2895.645,96748,51513,0,1066,14800,11,9,1,0,0,28,23,14,20,14,7,False,0,False
832.1981,2.537,2.543,1.965,1.865,10.096,18,16,0,1254771.9,69,69,65,65,91,91,86,86,19.863,19.855,21.673,21.662,2924.859,96748,51513,0,1050,14800,11,9,1,0,0,28,23,14,20,14,7,False,0,False
833.2028,2.565,2.572,1.965,1.865,10.069,18,16,0,1148482.8,69,69,66,66,92,91,86,86,19.869,19.862,21.677,21.667,2989.508,96748,51513,0,1033,14767,11,9,1,0,0,28,23,14,20,14,7,False,0,False
833.7009,2.578,2.585,1.965,1.865,10.056,18,16,0,1096422.4,69,68,66,66,92,91,86,86,19.872,19.864,21.678,21.668,3024.641,96748,51513,0,1034,14767,11,9,1,0,0,28,23,14,20,14,7,False,0,False
834.1998,2.588,2.595,1.965,1.865,10.043,18,16,0,1077984.4,68,68,66,66,92,92,86,86,19.874,19.866,21.679,21.669,3060.996,96748,51513,0,1034,14767,11,9,1,0,0,28,23,14,20,14,7,False,0,False
834.7033,2.597,2.604,1.965,1.865,10.029,18,16,0,1069340.6,68,68,67,67,92,92,86,86,19.875,19.868,21.679,21.669,3098.359,96748,51513,0,1016,14733,11,9,1,0,0,28,23,14,20,14,7,False,0,False
835.204,2.606,2.613,1.965,1.865,10.015,18,16,0,1060696.9,68,68,66,66,92,92,86,86,19.876,19.869,21.679,21.669,3136.621,96748,51513,0,1000,14733,11,9,1,0,0,28,23,14,20,14,7,False,0,False
835.70087,2.615,2.622,1.965,1.865,10.001,18,16,0,1052053.1,69,69,67,67,92,92,86,86,19.877,19.869,21.678,21.668,3175.688,96748,51513,0,1016,14683,11,9,1,0,0,28,23,14,20,14,7,False,0,False
836.2015,2.624,2.63,1.965,1.865,9.987,18,16,0,1043410.5,69,69,67,67,92,92,86,86,19.877,19.87,21.677,21.667,3215.465,96748,51513,0,1016,14683,11,9,1,0,0,28,23,14,20,14,7,False,0,False
836.70374,2.632,2.639,1.965,1.865,9.974,18,16,0,1040172.75,69,69,67,67,92,92,86,86,19.876,19.869,21.675,21.666,3255.82,96748,51513,0,1000,14683,11,9,1,0,0,28,23,14,20,14,7,False,0,False
837.2017,2.64,2.646,1.965,1.865,9.961,18,16,0,1031530.9,69,69,67,67,92,92,86,86,19.876,19.869,21.673,21.663,3296.555,96748,51513,0,1017,14650,11,9,1,0,0,28,23,14,20,14,7,False,0,False
837.6998,2.649,2.654,1.965,1.865,9.947,18,16,0,1022889,69,69,67,67,92,92,86,86,19.875,19.868,21.67,21.661,3337.734,96748,51513,0,1034,14650,11,9,1,0,0,28,23,14,20,14,7,False,0,False
839.1952,2.74,2.758,2.109,2.017,9.933,18,16,0,1088544.4,73,79,83,88,92,92,86,86,19.884,19.879,21.689,21.681,3437.945,96748,51513,0,1050,14633,11,9,1,0,0,28,23,14,20,14,7,False,0,False
839.701,2.775,2.804,2.197,2.133,9.931,18,16,0,1100020.1,73,78,88,98,92,92,86,86,19.892,19.89,21.704,21.699,3461,96748,51513,0,1050,14633,11,9,1,0,0,28,23,14,20,14,7,False,0,False
840.2049,2.816,2.856,2.271,2.226,9.923,18,16,0,1106800.2,76,82,86,95,92,92,87,87,19.899,19.9,21.719,21.719,3487.273,96748,51513,0,1033,14633,11,9,1,0,0,28,23,14,20,14,7,False,0,False
840.6996,2.858,2.91,2.334,2.305,9.914,18,16,0,1113665.6,76,82,84,92,92,92,87,87,19.907,19.911,21.732,21.735,3510.512,96748,51513,0,1033,14633,11,9,1,0,0,28,23,14,20,14,7,False,0,False
841.2021,2.899,2.963,2.385,2.367,9.905,18,16,0,1120401.9,75,81,79,86,92,93,87,87,19.914,19.921,21.744,21.749,3533.051,96748,51513,0,1033,14633,11,9,1,0,0,28,23,14,20,14,7,False,0,False
841.7028,2.932,3.005,2.419,2.404,9.894,18,16,0,1126696.6,73,78,75,79,93,93,87,87,19.92,19.93,21.752,21.76,3556.387,96748,51513,0,1033,14650,11,9,1,0,0,28,23,14,20,14,7,False,0,False
842.2006,2.97,3.05,2.447,2.434,9.882,18,16,0,1131931.9,74,78,72,75,93,93,87,87,19.926,19.937,21.759,21.768,3581.105,96748,51513,0,1033,14650,11,9,1,0,0,28,23,14,20,14,7,False,0,False
842.7012,3.011,3.098,2.48,2.467,9.868,18,16,0,1125601.6,74,78,72,75,93,93,87,87,19.931,19.944,21.764,21.775,3607.703,96748,51513,0,1033,14683,11,9,1,0,0,28,23,14,20,14,7,False,0,False
843.2026,3.048,3.143,2.512,2.5,9.854,18,16,0,1115636.5,73,77,72,74,93,93,87,88,19.935,19.951,21.769,21.78,3636.398,96748,51513,0,1067,14683,11,9,1,0,0,28,23,14,20,14,7,False,0,False
843.69965,3.089,3.192,2.544,2.531,9.841,18,16,0,1073138.9,72,76,71,73,93,93,87,88,19.939,19.956,21.773,21.785,3667.316,96748,51513,0,1084,14717,11,9,1,0,0,28,23,14,20,14,7,False,0,False
844.1997,3.111,3.22,2.558,2.545,9.827,18,16,0,1064620.5,69,72,68,68,93,93,87,88,19.941,19.96,21.776,21.788,3700.176,96748,51513,0,1084,14717,11,9,1,0,0,28,23,14,20,14,7,False,0,False
844.6994,3.133,3.237,2.572,2.559,9.814,18,16,0,1055976.8,71,69,70,68,93,93,88,88,19.942,19.961,21.777,21.789,3734.035,96748,51513,0,1083,14716,11,9,1,0,0,28,23,14,20,14,7,False,0,False
845.7025,3.248,3.33,2.688,2.67,9.787,18,16,0,1044109.56,78,74,78,75,93,93,88,88,19.949,19.965,21.784,21.793,3804.062,96748,51513,0,1100,14733,11,9,1,0,0,28,23,14,20,14,7,False,0,False
846.1988,3.322,3.391,2.789,2.764,9.773,18,16,0,1035467.7,81,76,87,82,93,93,88,88,19.954,19.967,21.788,21.796,3841.027,96748,51513,0,1100,14733,11,9,1,0,0,28,23,14,20,14,7,False,0,False
846.70074,3.432,3.483,2.971,2.921,9.76,18,16,0,1026825.8,84,79,94,88,93,93,88,88,19.96,19.971,21.797,21.803,3878.039,96748,51513,0,1084,14717,11,9,1,0,0,28,23,14,20,14,7,False,0,False
847.2032,3.529,3.564,3.105,3.04,9.746,18,16,0,1018183.94,82,78,87,82,93,94,88,88,19.966,19.975,21.806,21.808,3914.637,96748,51513,0,1084,14733,11,9,1,0,0,28,23,14,20,14,7,False,0,False
847.70404,3.605,3.627,3.187,3.115,9.733,18,16,0,1009542.06,79,75,78,75,93,94,88,88,19.97,19.977,21.81,21.811,3950.707,96748,51513,0,1100,14733,11,9,1,0,0,28,23,14,20,14,7,False,0,False
848.7032,3.649,3.659,3.206,3.138,9.705,18,16,0,992258.3,69,68,67,66,93,93,88,88,19.968,19.973,21.807,21.806,4024.203,96748,51513,39552,1117,14750,11,9,1,0,0,28,23,14,20,14,7,False,0,False
849.19543,3.68,3.683,3.247,3.174,9.698,18,16,0,1013145.3,72,69,74,73,93,93,88,88,19.967,19.972,21.806,21.806,4059.508,96748,51513,39552,1116,14750,11,9,1,0,0,28,23,14,20,14,7,False,0,False
849.70087,3.748,3.739,3.351,3.273,9.697,18,16,0,1043286.56,82,76,90,86,93,94,88,88,19.973,19.975,21.815,21.814,4087.41,96748,51513,39552,1116,14733,11,9,1,0,0,28,23,14,20,14,7,False,0,False
850.2024,3.844,3.81,3.486,3.397,9.697,18,16,0,1069255.6,90,80,99,95,94,94,88,88,19.984,19.983,21.831,21.828,4110.773,96748,51513,39552,1116,14733,11,9,1,0,0,28,23,14,20,14,7,False,0,False
850.70416,3.895,3.849,3.596,3.481,9.697,18,16,0,1088768.6,82,75,101,92,94,94,89,89,19.996,19.991,21.849,21.843,4130.496,96748,51513,39552,1017,14733,11,9,1,0,0,28,23,14,20,14,7,False,0,False
851.20325,3.925,3.872,3.681,3.542,9.695,18,16,0,1096478.1,78,73,100,88,94,94,89,89,20.004,19.995,21.867,21.856,4148.324,96748,51513,39552,1017,14650,11,9,1,0,0,28,23,14,20,14,7,False,0,False
851.7017,3.957,3.896,3.748,3.59,9.689,18,16,0,1103159,78,73,94,83,94,94,89,89,20.011,20,21.883,21.868,4165.926,96748,51513,39552,1017,14650,11,9,1,0,0,28,23,14,20,14,7,False,0,False
852.20276,3.989,3.923,3.79,3.62,9.682,18,16,0,1109674.5,77,73,86,77,94,94,89,89,20.017,20.004,21.896,21.876,4183.926,96748,51513,39552,1017,14917,11,9,1,0,0,28,23,14,20,14,7,False,0,False
852.70245,4.013,3.946,3.795,3.626,9.671,18,16,0,1102388.8,74,72,73,69,94,94,90,89,20.022,20.008,21.904,21.881,4203.668,96748,51513,39552,1267,14917,11,9,1,0,0,28,23,14,20,14,7,False,0,False
853.2001,4.044,3.976,3.797,3.628,9.657,18,16,0,1072639.5,74,72,68,66,94,94,90,89,20.026,20.012,21.906,21.883,4226.699,96748,51513,39552,1267,14917,11,9,1,0,0,28,23,14,20,14,7,False,0,False
853.7021,4.068,3.997,3.797,3.628,9.644,18,16,0,1040284.94,72,70,65,65,95,94,90,89,20.029,20.014,21.907,21.884,4252.812,96748,51513,39552,1400,15050,11,9,1,0,0,28,23,14,20,14,7,False,0,False
854.19995,4.088,4.012,3.797,3.628,9.631,18,16,0,995449.1,70,69,65,65,95,94,90,89,20.03,20.015,21.907,21.884,4281.188,96748,51513,39552,1400,15050,11,9,1,0,0,28,23,14,20,14,7,False,0,False
854.6996,4.107,4.027,3.797,3.628,9.618,18,16,0,949679.06,70,69,66,66,95,94,90,89,20.031,20.016,21.906,21.884,4311.648,96748,51513,39552,1433,15033,11,9,1,0,0,28,23,14,20,14,7,False,0,False
855.2004,4.121,4.041,3.797,3.628,9.604,18,16,0,893061.75,69,69,66,66,95,94,90,89,20.032,20.016,21.905,21.883,4344.016,96748,51513,39552,1450,15017,11,9,1,0,0,28,23,14,20,14,7,False,0,False
855.69904,4.135,4.055,3.797,3.628,9.59,18,16,0,835446.75,69,69,66,66,95,94,90,89,20.031,20.016,21.904,21.882,4378.277,96748,51513,39552,1450,15017,11,9,1,0,0,28,23,14,20,14,7,False,0,False
856.2009,4.147,4.068,3.797,3.628,9.577,18,16,0,783308.8,68,68,66,66,95,94,90,89,20.03,20.015,21.902,21.88,4414.008,96748,51513,39552,1450,15017,11,9,1,0,0,28,23,14,20,14,7,False,0,False
856.7005,4.159,4.08,3.797,3.628,9.564,18,16,0,725693.8,68,69,66,66,95,94,90,89,20.029,20.013,21.9,21.878,4451.133,96748,51513,39552,1450,14984,11,9,1,0,0,28,23,14,20,14,7,False,0,False
857.7003,4.179,4.101,3.797,3.628,9.536,18,16,0,672496.44,68,68,67,67,94,94,89,89,20.025,20.01,21.894,21.872,4528.891,96748,51513,39552,1450,14984,11,9,1,0,0,28,23,14,20,14,7,False,0,False
858.2023,4.187,4.109,3.797,3.628,9.522,18,16,0,663854.56,68,68,67,67,94,94,89,89,20.022,20.007,21.89,21.869,4568.941,96748,51513,39552,1434,14950,11,9,1,0,0,28,23,14,20,14,7,False,0,False
858.70306,4.195,4.117,3.797,3.628,9.51,18,16,0,660607,69,69,67,67,94,94,89,89,20.019,20.004,21.886,21.865,4609.504,96748,51513,39552,1417,14933,11,9,1,0,0,28,23,14,20,14,7,False,0,False
859.197,4.203,4.125,3.797,3.628,9.496,18,16,0,651965.1,70,69,67,67,94,94,89,89,20.016,20.001,21.882,21.861,4650.578,96748,51513,39552,1416,14916,11,9,1,0,0,28,23,14,20,14,7,False,0,False
859.70074,4.212,4.134,3.797,3.628,9.482,18,16,0,643323.25,69,69,67,67,94,94,89,89,20.013,19.998,21.878,21.857,4692.129,96748,51513,39552,1416,14916,11,9,1,0,0,28,23,14,20,14,7,False,0,False
860.20166,4.22,4.142,3.797,3.628,9.468,18,16,0,634681.4,70,69,68,68,94,94,89,89,20.01,19.995,21.873,21.852,4734.09,96748,51513,39552,1400,14900,11,9,1,0,0,28,23,14,20,14,7,False,0,False
860.6978,4.228,4.15,3.797,3.628,9.454,18,16,0,626039.5,70,70,68,68,94,94,89,89,20.006,19.992,21.868,21.847,4776.395,96748,51513,39552,1400,14883,11,9,1,0,0,28,23,14,20,14,7,False,0,False
861.2013,4.236,4.16,3.799,3.63,9.441,18,16,0,619983.2,69,69,68,68,94,94,89,89,20.002,19.988,21.862,21.842,4818.98,96748,51513,39552,1400,14883,11,9,1,0,0,28,23,14,20,14,7,False,0,False
861.6994,4.268,4.193,3.845,3.674,9.438,18,16,0,653660.7,70,70,73,73,94,94,89,89,20.002,19.988,21.865,21.845,4856.289,96748,51513,39552,1400,14883,11,9,1,0,0,28,23,14,20,14,7,False,0,False
862.1989,4.297,4.227,3.879,3.706,9.437,18,16,0,681602.44,71,71,73,72,94,94,89,89,20.006,19.992,21.874,21.854,4884.566,96748,51513,39552,1400,14850,11,9,1,0,0,28,23,14,20,14,7,False,0,False
862.69995,4.332,4.256,3.931,3.751,9.437,18,16,0,703674.5,76,72,82,77,94,94,89,89,20.011,19.997,21.885,21.864,4906.047,96748,51513,39552,1400,14884,11,9,1,0,0,28,23,14,20,14,7,False,0,False
863.1992,4.368,4.281,4.013,3.812,9.437,18,16,0,714471.4,77,72,92,83,94,94,90,89,20.02,20.004,21.9,21.876,4923.051,96748,51513,39552,1400,14884,11,9,1,0,0,28,23,14,20,14,7,False,0,False
863.7004,4.396,4.3,4.068,3.856,9.433,18,16,0,721094.94,78,70,89,83,94,94,90,89,20.028,20.009,21.917,21.888,4944.152,96748,51513,39552,1400,14950,11,9,1,0,0,28,23,14,20,14,7,False,0,False
864.2012,4.424,4.326,4.118,3.884,9.428,18,16,0,727591.3,78,73,88,80,95,94,90,90,20.035,20.014,21.932,21.899,4965.008,96748,51513,39552,1400,14950,11,9,1,0,0,28,23,14,20,14,7,False,0,False
864.69684,4.447,4.346,4.132,3.896,9.419,18,16,0,732531.1,75,71,77,72,95,94,90,90,20.043,20.02,21.943,21.907,4982.871,96748,51513,39552,1433,14950,11,9,1,0,0,28,23,14,20,14,7,False,0,False
865.1999,4.471,4.369,4.14,3.904,9.408,18,16,0,731714.5,73,71,71,68,95,94,90,90,20.048,20.024,21.95,21.913,5003.145,96748,51513,39552,1433,14950,11,9,1,0,0,28,23,14,20,14,7,False,0,False
865.7016,4.502,4.399,4.149,3.913,9.394,18,16,0,727407.94,74,73,69,67,95,95,90,90,20.054,20.029,21.955,21.917,5025.512,96748,51513,39552,1400,14900,11,9,1,0,0,28,23,14,20,14,7,False,0,False
866.7019,4.562,4.454,4.171,3.935,9.368,18,16,0,687441.25,72,70,67,66,95,95,91,90,20.063,20.036,21.963,21.923,5077.688,96748,51513,39552,1400,14900,11,9,1,0,0,28,23,14,20,14,7,False,0,False
867.1994,4.579,4.47,4.171,3.935,9.355,18,16,0,642050.56,69,68,65,66,95,95,91,90,20.065,20.038,21.964,21.925,5108.062,96748,51513,39552,1400,14900,11,9,1,0,0,28,23,14,20,14,7,False,0,False
867.701,4.593,4.485,4.171,3.935,9.341,18,16,0,585527.7,70,68,65,66,95,95,91,90,20.067,20.039,21.965,21.926,5140.363,96748,51513,39552,1400,14883,11,9,1,0,0,28,23,14,19,14,7,False,0,False
868.1968,4.607,4.499,4.171,3.935,9.327,18,16,0,527912.7,69,69,67,66,95,95,91,90,20.068,20.04,21.965,21.927,5174.574,96748,51513,39552,1417,14883,11,9,1,0,0,28,23,14,19,14,7,False,0,False
868.6957,4.619,4.51,4.171,3.935,9.315,18,16,0,475719.8,69,69,66,67,95,95,91,90,20.068,20.041,21.964,21.926,5210.258,96748,51513,39552,1416,14883,11,9,1,0,0,28,23,14,19,14,7,False,0,False
869.1978,4.631,4.523,4.171,3.935,9.301,18,16,0,418104.8,69,69,67,67,95,95,91,90,20.068,20.041,21.963,21.926,5247.391,96748,51513,39552,1416,14883,11,9,1,0,0,28,23,14,19,14,7,False,0,False
870.1979,4.654,4.546,4.171,3.935,9.273,18,16,0,311441.16,69,69,67,67,95,95,91,90,20.066,20.04,21.96,21.923,5325.309,96748,51513,39552,1400,14817,11,9,1,0,0,28,23,14,19,14,7,False,0,False
870.6977,4.664,4.555,4.171,3.935,9.26,18,16,0,282592.06,69,69,67,67,95,95,90,90,20.065,20.038,21.957,21.92,5365.605,96748,51513,39552,1384,14800,11,9,1,0,0,28,23,14,19,14,7,False,0,False
871.1962,4.673,4.564,4.171,3.935,9.247,18,16,0,255058.2,69,69,67,67,95,95,90,90,20.063,20.037,21.954,21.917,5406.41,96748,51513,39552,1350,14800,11,9,1,0,0,28,23,14,19,14,7,False,0,False
871.69946,4.682,4.573,4.171,3.935,9.233,18,16,1,230558.92,69,69,67,67,95,95,90,90,20.06,20.034,21.951,21.914,38.977,113837,0,0,1350,14733,11,10,1,0,0,28,23,14,19,14,7,False,0,False
872.1963,4.691,4.582,4.171,3.935,9.219,18,16,1,207687.62,69,69,67,67,95,95,90,90,20.058,20.032,21.947,21.91,80.895,113837,0,0,1350,14733,11,10,1,0,0,28,23,14,19,14,7,False,0,False
872.697,4.7,4.591,4.171,3.935,9.205,18,16,1,186336.06,70,70,67,67,95,95,90,90,20.055,20.029,21.942,21.906,123.215,113837,0,0,1350,14700,11,10,1,0,0,28,23,14,19,14,7,False,0,False
873.1967,4.709,4.599,4.171,3.935,9.191,18,16,1,179232.77,69,69,67,67,95,94,90,90,20.051,20.026,21.937,21.901,165.902,113837,0,0,1350,14700,11,10,1,0,0,28,23,14,19,14,7,False,0,False
873.7017,4.717,4.607,4.171,3.935,9.178,18,16,1,176206.56,69,69,67,67,95,94,90,89,20.048,20.023,21.932,21.896,208.82,113837,0,0,1350,14666,11,10,1,0,0,28,23,14,19,14,7,False,0,False
874.69763,4.733,4.623,4.171,3.935,9.15,18,16,1,170193.5,70,69,67,67,95,94,90,89,20.039,20.014,21.921,21.886,295.199,113837,0,0,1367,14650,11,10,1,0,0,28,23,14,19,14,7,False,0,False
875.19946,4.741,4.631,4.171,3.935,9.136,18,16,1,167206.5,70,70,68,68,95,94,90,89,20.035,20.01,21.915,21.88,338.613,113837,0,0,1366,14616,11,10,1,0,0,28,23,14,19,14,7,False,0,False
875.70135,4.749,4.639,4.171,3.935,9.122,18,16,1,164232.5,70,70,68,68,95,94,90,89,20.03,20.005,21.908,21.874,382.141,113837,0,0,1384,14583,11,10,1,0,0,28,23,14,19,14,7,False,0,False
876.202,4.757,4.647,4.171,3.935,9.108,18,16,1,161271.4,69,69,67,67,94,94,90,89,20.025,20,21.902,21.867,425.746,113837,0,0,1400,14583,11,10,1,0,0,28,23,14,19,14,7,False,0,False
876.6988,4.765,4.655,4.171,3.935,9.095,18,16,1,158323.16,69,69,67,67,94,94,89,89,20.019,19.995,21.895,21.861,469.434,113837,0,0,1417,14567,11,10,1,0,0,28,23,14,19,14,7,False,0,False
877.2005,4.773,4.663,4.171,3.935,9.081,18,16,1,155387.69,69,69,67,68,94,94,89,89,20.014,19.989,21.888,21.854,513.203,113837,0,0,1417,14550,11,10,1,0,0,28,23,14,19,14,7,False,0,False
877.69965,4.781,4.671,4.171,3.935,9.067,18,16,1,152464.97,70,70,68,68,94,94,89,89,20.008,19.984,21.881,21.847,557.043,113837,0,0,1450,14550,11,10,1,0,0,28,23,14,19,14,7,False,0,False
878.2007,4.789,4.679,4.171,3.935,9.053,18,16,1,149554.92,70,70,68,67,94,94,89,89,20.001,19.978,21.873,21.84,600.891,113837,0,0,1450,14533,11,10,1,0,0,28,23,14,19,14,7,False,0,False
878.69794,4.819,4.708,4.212,3.977,9.048,18,16,1,181235.11,70,71,73,72,94,94,89,89,19.999,19.976,21.874,21.84,640.574,113837,0,0,1500,14517,11,10,1,0,0,28,23,14,19,14,7,False,0,False
879.19794,4.849,4.737,4.244,4.009,9.047,18,16,1,211013.73,70,70,72,72,94,94,89,89,20.002,19.979,21.882,21.849,670.906,113837,0,0,1500,14550,11,10,1,0,0,28,23,14,19,14,7,False,0,False
879.69543,4.864,4.753,4.253,4.019,9.046,18,16,1,235068.47,69,69,69,69,94,94,89,89,20.006,19.983,21.89,21.857,693.953,113837,0,0,1500,14550,11,10,1,0,0,28,23,14,19,14,7,False,0,False
880.20154,4.883,4.77,4.278,4.041,9.046,18,16,1,254815.4,71,69,74,72,94,94,90,89,20.011,19.988,21.899,21.866,711.379,113837,0,0,1500,14550,11,10,1,0,0,28,23,14,19,14,7,False,0,False
880.7013,4.906,4.786,4.328,4.078,9.046,18,16,1,268876.7,73,70,84,77,94,94,90,89,20.018,19.994,21.911,21.876,724.094,113837,0,0,1284,14617,11,10,1,0,0,28,23,14,19,14,7,False,0,False
881.19745,4.918,4.797,4.383,4.11,9.046,18,16,1,278137.44,71,69,93,79,94,94,90,89,20.024,19.999,21.926,21.888,735.66,113837,0,0,1284,14617,11,10,1,0,0,28,23,14,19,14,7,False,0,False
882.1989,4.952,4.823,4.452,4.156,9.041,18,16,1,288473.75,76,71,90,80,95,94,91,90,20.036,20.009,21.961,21.91,768.613,113837,0,0,1284,14617,11,10,1,0,0,28,23,14,19,14,7,False,0,False
882.7014,4.98,4.85,4.458,4.161,9.036,18,16,1,294070.25,79,75,80,73,95,94,91,90,20.045,20.015,21.974,21.92,779.875,113837,0,0,1284,14617,11,10,1,0,0,28,23,14,19,14,7,False,0,False
883.19885,4.992,4.867,4.458,4.162,9.027,18,16,1,296965.8,74,73,72,69,95,94,91,90,20.052,20.022,21.983,21.927,793.449,113837,0,0,1017,14483,11,10,1,0,0,28,23,14,19,14,7,False,0,False
883.698,5.009,4.885,4.462,4.165,9.017,18,16,1,301757.94,73,73,67,68,95,94,91,90,20.058,20.028,21.988,21.932,809.789,113837,0,0,1017,14483,11,10,1,0,0,28,23,14,19,14,7,False,0,False
884.6994,5.059,4.94,4.492,4.2,8.997,18,16,1,319298.06,74,76,70,72,95,95,91,90,20.068,20.039,21.996,21.943,855.133,113837,0,0,917,14450,11,10,1,0,0,28,23,14,19,14,7,False,0,False
885.19867,5.094,4.982,4.517,4.226,8.985,18,16,1,325918.1,74,79,71,73,95,95,91,90,20.073,20.046,22.001,21.948,877.258,113837,0,0,900,14433,11,10,1,0,0,28,23,14,19,14,7,False,0,False
885.6988,5.13,5.019,4.532,4.241,8.972,18,16,1,324664.72,74,77,69,70,95,95,91,90,20.077,20.053,22.004,21.953,901.145,113837,0,0,900,14433,11,10,1,0,0,28,23,14,19,14,7,False,0,False
886.1999,5.152,5.043,4.537,4.245,8.959,18,16,1,300500.78,71,71,67,67,95,95,91,90,20.081,20.058,22.006,21.956,927.887,113837,0,0,884,14434,11,10,1,0,0,28,23,14,19,14,7,False,0,False
886.699,5.183,5.072,4.548,4.255,8.946,18,16,1,275715.44,73,71,68,68,96,95,91,90,20.084,20.06,22.007,21.957,958.188,113837,0,0,884,14434,11,10,1,0,0,28,23,14,19,14,7,False,0,False
887.1986,5.209,5.094,4.56,4.267,8.933,18,16,1,257005.22,72,70,69,67,96,95,91,91,20.087,20.062,22.009,21.958,989.738,113837,0,0,884,14434,11,10,1,0,0,28,23,14,19,14,7,False,0,False
887.697,5.232,5.112,4.568,4.276,8.919,18,16,1,233020.16,70,69,68,66,96,95,91,91,20.089,20.063,22.009,21.958,1021.496,113837,0,0,884,14434,11,10,1,0,0,28,23,14,19,14,7,False,0,False
888.2016,5.25,5.127,4.572,4.281,8.905,18,16,1,209985.28,70,68,67,66,96,95,91,91,20.089,20.063,22.009,21.958,1055.055,113837,0,0,884,14434,11,10,1,0,0,28,23,14,19,14,7,False,0,False
888.698,5.261,5.137,4.572,4.281,8.892,18,16,1,195643.16,68,68,66,66,96,95,91,90,20.089,20.063,22.007,21.956,1090.062,113837,0,0,867,14400,11,10,1,0,0,28,23,14,19,14,7,False,0,False
889.1969,5.27,5.146,4.572,4.281,8.879,18,16,1,192472.75,68,68,66,66,96,95,91,90,20.088,20.062,22.005,21.954,1126.078,113837,0,0,867,14400,11,10,1,0,0,28,23,14,19,14,7,False,0,False
889.6971,5.278,5.155,4.572,4.281,8.865,18,16,1,189334.83,68,68,66,66,96,95,91,90,20.086,20.061,22.002,21.952,1163.066,113837,0,0,867,14417,11,10,1,0,0,28,23,14,19,14,7,False,0,False
891.1991,5.304,5.181,4.572,4.281,8.824,18,16,1,180110.06,69,69,67,67,95,95,91,90,20.08,20.055,21.992,21.943,1278.992,113837,0,0,900,14400,11,10,1,0,0,28,23,14,19,14,7,False,0,False
891.6986,5.312,5.19,4.573,4.281,8.81,18,16,1,177080.06,69,69,67,67,95,95,91,90,20.077,20.052,21.988,21.939,1318.961,113837,0,0,900,14383,11,10,1,0,0,28,23,14,19,14,7,False,0,False
892.1984,5.319,5.198,4.573,4.281,8.797,18,16,1,179392.38,69,69,67,67,95,95,91,90,20.074,20.05,21.983,21.934,1359.293,113837,0,0,917,14384,11,10,1,0,0,28,23,14,19,14,7,False,0,False
893.1986,5.353,5.23,4.609,4.312,8.778,18,16,1,204454.8,70,70,72,71,95,95,91,90,20.07,20.046,21.978,21.93,1437.445,113837,0,0,933,14367,11,10,1,0,0,28,23,14,19,14,7,False,0,False
893.69916,5.371,5.254,4.629,4.322,8.778,18,16,1,233608.2,70,71,71,68,95,95,91,90,20.072,20.048,21.984,21.935,1467.312,113837,0,0,933,14367,11,10,1,0,0,28,23,14,19,14,7,False,0,False
895.20135,5.458,5.315,4.779,4.451,8.777,18,16,1,295639.9,78,70,91,85,96,95,91,91,20.089,20.061,22.013,21.961,1530.723,113837,0,0,983,14450,11,10,1,0,0,28,23,14,19,14,7,False,0,False
895.69904,5.486,5.335,4.846,4.501,8.773,18,16,1,302532.2,77,71,95,86,96,95,92,91,20.098,20.066,22.029,21.973,1557.109,113837,0,0,983,14450,11,10,1,0,0,28,23,14,19,14,7,False,0,False
896.19794,5.511,5.356,4.894,4.535,8.768,18,16,1,308816.62,77,72,91,81,96,95,92,91,20.105,20.07,22.044,21.985,1575.137,113837,0,0,983,14450,11,10,1,0,0,28,23,14,19,14,7,False,0,False
896.69885,5.535,5.374,4.919,4.554,8.762,18,16,1,315184.9,76,71,82,75,96,95,92,91,20.111,20.074,22.055,21.993,1592.453,113837,0,0,983,14466,11,10,1,0,0,28,23,14,19,14,7,False,0,False
897.19836,5.554,5.391,4.929,4.564,8.754,18,16,1,319311.9,74,70,74,70,96,95,92,91,20.117,20.078,22.063,21.999,1609.641,113837,0,0,983,14466,11,10,1,0,0,28,23,14,19,14,7,False,0,False
897.6978,5.58,5.418,4.936,4.57,8.742,18,16,1,317589.03,74,72,70,67,96,95,92,91,20.122,20.082,22.068,22.003,1629.598,113837,0,0,983,14466,11,10,1,0,0,28,23,14,19,14,7,False,0,False
898.1996,5.603,5.439,4.938,4.573,8.729,18,16,1,314325.7,73,72,67,65,96,96,92,91,20.126,20.086,22.07,22.005,1652.371,113837,0,0,934,14467,11,10,1,0,0,28,23,14,19,14,7,False,0,False
898.69476,5.631,5.468,4.938,4.574,8.716,18,16,1,316063.72,74,73,66,64,96,96,92,91,20.129,20.089,22.071,22.006,1676.832,113837,0,0,934,14467,11,10,1,0,0,28,23,14,19,14,7,False,0,False
899.1957,5.648,5.485,4.939,4.574,8.702,18,16,1,310846.78,69,69,65,64,96,96,92,91,20.132,20.091,22.071,22.006,1705.531,113837,0,0,883,14433,11,10,1,0,0,28,23,14,19,14,7,False,0,False
899.69727,5.663,5.503,4.945,4.579,8.689,18,16,1,305444.12,69,70,66,67,96,96,92,91,20.133,20.093,22.071,22.006,1735.09,113837,0,0,883,14433,11,10,1,0,0,28,23,14,19,14,7,False,0,False
900.19885,5.677,5.521,4.953,4.586,8.676,18,16,1,305018.28,69,70,67,68,96,96,92,91,20.133,20.094,22.071,22.006,1766.391,113837,0,0,883,14450,11,10,1,0,0,28,23,14,19,14,7,False,0,False
900.69904,5.698,5.549,4.971,4.603,8.662,18,16,1,299392.78,70,72,69,70,96,96,92,91,20.133,20.096,22.07,22.007,1799.562,113837,0,0,883,14450,11,10,1,0,0,28,23,14,19,14,7,False,0,False
901.1987,5.722,5.58,4.989,4.62,8.648,18,16,1,295882.12,70,72,68,68,96,96,92,91,20.133,20.098,22.069,22.007,1835.039,113837,29542,0,883,14450,11,10,1,0,0,28,23,14,19,14,7,False,0,False
901.6965,5.771,5.618,5.065,4.686,8.647,18,16,1,325333.5,78,73,85,79,96,96,92,91,20.135,20.099,22.072,22.009,1867.031,113837,29542,0,883,14450,11,10,1,0,0,28,23,14,19,14,7,False,0,False
902.1969,5.837,5.668,5.174,4.776,8.647,18,16,1,339331.78,81,75,91,83,97,96,93,91,20.141,20.103,22.082,22.016,1896.375,113837,29542,0,883,14450,11,10,1,0,0,28,23,14,19,14,7,False,0,False
902.6973,5.914,5.711,5.298,4.872,8.645,18,16,1,347879.03,85,74,99,88,97,96,93,92,20.149,20.105,22.092,22.021,1926.664,113837,29542,0,884,14467,11,10,1,0,0,28,23,14,19,14,7,False,0,False
903.1985,5.967,5.752,5.392,4.943,8.638,18,16,1,354111.88,81,74,90,81,97,96,93,92,20.156,20.108,22.103,22.029,1953.988,113837,29542,0,884,14467,11,10,1,0,0,28,23,14,19,14,7,False,0,False
903.6989,6,5.779,5.41,4.96,8.626,18,16,1,353782,74,70,72,70,97,96,93,92,20.16,20.11,22.108,22.032,1980.516,113837,29542,0,867,14467,11,10,1,0,0,28,23,14,19,14,7,False,0,False
904.19727,6.041,5.825,5.448,5.007,8.612,18,16,1,350445.47,76,78,73,78,97,96,93,92,20.161,20.112,22.108,22.033,2009.785,113837,29542,0,867,14467,11,10,1,0,0,28,23,14,19,14,7,False,0,False
905.1956,6.161,5.967,5.589,5.183,8.587,18,16,1,356845.3,78,82,79,86,97,96,93,92,20.166,20.121,22.111,22.043,2072.543,113837,29542,0,866,14467,11,10,1,0,0,28,23,14,19,14,7,False,0,False
905.69745,6.207,6.024,5.627,5.225,8.574,18,16,1,355267.62,72,76,72,74,97,96,93,92,20.168,20.125,22.112,22.046,2103.59,113837,29542,0,866,14533,11,10,1,0,0,28,23,14,19,14,7,False,0,False
906.1992,6.226,6.05,5.64,5.237,8.56,18,16,1,347378.5,69,72,68,69,97,96,93,92,20.167,20.125,22.109,22.044,2136.453,113837,29542,0,900,14533,11,10,1,0,0,28,23,14,19,14,7,False,0,False
906.698,6.239,6.067,5.647,5.242,8.546,18,16,1,340395,69,71,68,68,97,96,93,92,20.164,20.125,22.106,22.041,2170.598,113837,29542,0,900,14533,11,10,1,0,0,28,23,14,19,14,7,False,0,False
907.1983,6.263,6.092,5.678,5.273,8.543,18,16,1,369013.03,70,70,72,72,97,96,93,92,20.164,20.125,22.107,22.043,2201.051,113837,29542,0,900,14533,11,10,1,0,0,28,23,14,19,14,7,False,0,False
907.69507,6.282,6.11,5.693,5.289,8.542,18,16,1,393696.2,70,69,72,70,97,96,93,92,20.167,20.128,22.113,22.049,2223.582,113837,29542,0,900,14534,11,10,1,0,0,28,23,14,19,14,7,False,0,False
908.19946,6.298,6.123,5.709,5.305,8.542,18,16,1,415637.94,71,68,73,71,97,96,93,92,20.17,20.131,22.119,22.054,2242.812,113837,29542,0,900,14534,11,10,1,0,0,28,23,14,19,14,7,False,0,False
908.69836,6.319,6.138,5.754,5.338,8.542,18,16,1,427939.97,73,69,82,75,97,96,93,92,20.174,20.134,22.127,22.062,2257.082,113837,29542,0,900,14600,11,10,1,0,0,28,23,14,19,14,7,False,0,False
909.6994,6.357,6.167,5.846,5.398,8.542,18,16,1,442458.53,75,71,93,80,97,97,94,92,20.184,20.14,22.151,22.077,2290.809,113837,29542,0,900,14567,11,10,1,0,0,28,23,14,19,14,7,False,0,False
910.19946,6.377,6.18,5.887,5.433,8.54,18,16,1,448342.94,76,70,92,82,97,97,94,93,20.19,20.143,22.165,22.087,2303.512,113837,29542,0,900,14567,11,10,1,0,0,28,23,14,19,14,7,False,0,False
910.699,6.394,6.193,5.902,5.445,8.535,18,16,1,454497,76,70,84,76,98,97,94,93,20.195,20.146,22.176,22.095,2315.418,113837,29542,0,667,14567,11,10,1,0,0,28,23,14,19,14,7,False,0,False
911.1978,6.406,6.206,5.907,5.449,8.528,18,16,1,461233.47,73,70,76,71,98,97,94,93,20.2,20.149,22.184,22.101,2328.477,113837,29542,0,667,14550,11,10,1,0,0,28,23,14,19,14,7,False,0,False
911.7005,6.422,6.22,5.912,5.453,8.519,18,16,1,468658.12,72,70,72,67,98,97,94,93,20.203,20.151,22.188,22.104,2343.602,113837,29542,0,667,14550,11,10,1,0,0,28,23,14,19,14,7,False,0,False
912.19525,6.44,6.233,5.912,5.454,8.509,18,16,1,476393.06,72,70,68,65,98,97,94,93,20.206,20.154,22.191,22.105,2361.688,113837,29542,0,616,14550,11,10,1,0,0,28,23,14,19,14,7,False,0,False
912.6989,6.455,6.248,5.912,5.454,8.498,18,16,1,488116.8,71,69,65,65,98,97,94,93,20.208,20.155,22.191,22.106,2382.152,113837,29542,0,616,14600,11,10,1,0,0,28,23,14,19,14,7,False,0,False
913.1993,6.476,6.275,5.912,5.454,8.484,18,16,1,484211.62,72,71,64,65,98,97,94,93,20.21,20.157,22.191,22.106,2405.117,113837,29542,0,650,14600,11,10,1,0,0,28,23,14,19,14,7,False,0,False
914.1939,6.514,6.315,5.912,5.454,8.458,18,16,1,412343.3,70,70,65,65,98,97,94,93,20.212,20.16,22.188,22.105,2457.918,113837,29542,0,700,14633,11,10,1,0,0,28,23,14,19,14,7,False,0,False
914.6953,6.528,6.329,5.912,5.454,8.445,18,16,1,391660.56,69,68,66,65,98,97,94,93,20.212,20.159,22.186,22.103,2489.199,113837,29542,0,700,14633,11,10,1,0,0,28,23,14,19,14,7,False,0,False
915.6991,6.551,6.355,5.917,5.458,8.417,18,16,1,375090.97,68,69,66,67,98,97,94,93,20.209,20.157,22.181,22.099,2554.703,113837,29542,0,700,14633,11,10,1,0,0,28,23,14,19,14,7,False,0,False
916.19617,6.573,6.384,5.939,5.479,8.403,18,16,1,366876.4,70,72,69,71,98,97,94,93,20.207,20.157,22.178,22.098,2589.559,113837,29542,0,700,14633,11,10,1,0,0,28,23,14,19,14,7,False,0,False
917.1954,6.655,6.485,6.05,5.584,8.386,18,16,1,390565.03,74,76,78,79,98,97,94,93,20.207,20.161,22.179,22.101,2659.832,113837,29542,0,700,14633,11,10,1,0,0,28,23,14,19,14,7,False,0,False
917.6984,6.688,6.523,6.086,5.617,8.385,18,16,1,415852.88,73,75,75,77,98,97,94,93,20.211,20.166,22.186,22.109,2685.656,113837,29542,0,716,14650,11,10,1,0,0,28,23,14,19,14,7,False,0,False
918.19855,6.71,6.55,6.108,5.639,8.384,18,16,1,436299.5,72,75,74,76,98,97,94,93,20.215,20.172,22.193,22.118,2704.523,113837,29542,0,716,14650,11,10,1,0,0,28,23,14,19,14,7,False,0,False
918.69824,6.719,6.562,6.118,5.65,8.384,18,16,1,453635.53,69,72,71,73,98,97,95,93,20.219,20.178,22.199,22.125,2719.949,113837,29542,0,716,14734,11,10,1,0,0,28,23,14,19,14,7,False,0,False
919.19727,6.727,6.574,6.133,5.668,8.384,18,16,1,467944.22,68,71,72,75,98,97,95,93,20.221,20.182,22.204,22.132,2732.297,113837,29542,0,716,14734,11,10,1,0,0,28,23,14,19,14,7,False,0,False
919.69824,6.738,6.585,6.153,5.707,8.384,18,16,1,473716.25,69,70,73,84,98,97,95,94,20.223,20.186,22.21,22.142,2742.91,113837,29542,0,700,14734,11,10,1,0,0,28,23,14,19,14,7,False,0,False
920.198,6.762,6.608,6.172,5.732,8.382,18,16,1,478954.12,76,77,76,85,98,97,95,94,20.227,20.191,22.215,22.153,2765.211,113837,29542,0,700,14734,11,10,1,0,0,28,23,14,19,14,7,False,0,False
920.69995,6.775,6.625,6.18,5.742,8.379,18,16,1,484281.88,73,77,73,80,98,98,95,94,20.232,20.198,22.221,22.163,2774.988,113837,29542,0,700,14767,11,10,1,0,0,28,23,14,19,14,7,False,0,False
921.1984,6.787,6.636,6.183,5.745,8.372,18,16,1,488565.1,72,74,69,74,98,98,95,94,20.236,20.203,22.226,22.17,2786.668,113837,29542,0,700,14767,11,10,1,0,0,28,23,14,19,14,7,False,0,False
921.6969,6.805,6.653,6.184,5.746,8.363,18,16,1,490846.6,73,74,66,69,98,98,95,94,20.239,20.208,22.228,22.175,2801.156,113837,29542,0,667,14767,11,10,1,0,0,28,23,14,19,14,7,False,0,False
922.19617,6.84,6.688,6.184,5.746,8.351,18,16,1,494490.9,78,78,65,66,98,98,95,94,20.244,20.213,22.229,22.177,2818.391,113837,29542,0,667,14817,11,10,1,0,0,28,23,14,19,14,7,False,0,False
922.69244,6.874,6.72,6.184,5.746,8.339,18,16,1,489958.53,77,76,64,65,99,98,95,94,20.25,20.219,22.23,22.178,2837.852,113837,29542,0,700,14817,11,10,1,0,0,28,23,14,19,14,7,False,0,False
923.69653,6.936,6.781,6.185,5.746,8.313,18,16,1,427940.84,71,71,65,65,99,98,95,94,20.258,20.228,22.229,22.178,2887.824,113837,29542,0,684,14784,11,10,1,0,0,28,23,14,19,14,7,False,0,False
924.1951,6.955,6.801,6.185,5.746,8.299,18,16,1,381946.6,69,70,66,66,99,98,95,94,20.258,20.229,22.228,22.178,2916.508,113837,29542,0,684,14784,11,10,1,0,0,28,23,14,19,14,7,False,0,False
924.6989,6.97,6.816,6.185,5.746,8.286,18,16,1,337693.84,69,69,66,66,99,98,95,94,20.258,20.229,22.227,22.177,2947.398,113837,29542,0,667,14783,11,10,1,0,0,28,23,14,19,14,7,False,0,False
925.19464,6.984,6.831,6.185,5.746,8.273,18,16,1,295073.53,68,68,66,66,99,98,95,94,20.257,20.228,22.225,22.176,2979.477,113837,29542,0,667,14733,11,10,1,0,0,28,23,14,19,14,7,False,0,False
925.69525,6.995,6.842,6.185,5.746,8.26,18,16,1,278684.56,67,67,67,67,99,98,95,94,20.255,20.227,22.222,22.174,3015.602,113837,29542,0,633,14733,11,10,1,0,0,28,23,14,19,14,7,False,0,False
926.69977,7.013,6.86,6.185,5.746,8.232,18,16,1,270151.5,68,67,67,67,99,98,95,94,20.25,20.222,22.216,22.168,3089.355,113837,29542,0,634,14717,11,10,1,0,0,28,23,14,19,14,7,False,0,False
927.696,7.031,6.878,6.185,5.746,8.205,18,16,1,262028.27,68,67,67,67,98,98,95,94,20.244,20.216,22.208,22.161,3167.613,113837,29542,0,600,14717,11,10,1,0,0,28,23,14,19,14,7,False,0,False
928.1976,7.04,6.886,6.185,5.746,8.192,18,16,1,263511.6,68,67,68,67,98,98,95,94,20.24,20.213,22.203,22.156,3208.125,113837,29542,0,584,14650,11,10,1,0,0,28,23,14,19,14,7,False,0,False
929.19,7.057,6.901,6.185,5.746,8.165,18,16,1,255834.27,68,68,68,67,98,98,94,94,20.231,20.204,22.193,22.146,3289.812,113837,29542,0,583,14583,11,10,1,0,0,28,23,14,19,14,7,False,0,False
929.694,7.065,6.909,6.185,5.746,8.151,18,16,1,252046.75,68,68,68,67,98,98,94,94,20.227,20.2,22.187,22.14,3332.344,113837,29542,0,567,14583,11,10,1,0,0,28,23,14,19,14,7,False,0,False
930.19305,7.081,6.925,6.202,5.764,8.14,18,16,1,263351.44,71,70,72,72,98,98,94,93,20.222,20.195,22.182,22.136,3374.723,113837,29542,0,567,14517,11,10,1,0,0,28,23,14,19,14,7,False,0,False
930.69556,7.114,6.959,6.248,5.808,8.138,18,16,1,297310.1,71,72,75,75,98,98,94,94,20.223,20.197,22.187,22.141,3410.488,113837,29542,0,567,14517,11,10,1,0,0,28,23,14,19,14,7,False,0,False
931.19727,7.16,7.019,6.324,5.895,8.138,18,16,1,326193.16,75,81,83,89,98,98,94,94,20.227,20.203,22.196,22.151,3437.328,113837,29542,0,567,14517,11,10,1,0,0,28,23,14,19,14,7,False,0,False
931.6971,7.204,7.076,6.417,6.018,8.138,18,16,1,349344.28,76,81,90,101,98,98,95,94,20.233,20.212,22.208,22.167,3460.34,113837,29542,0,550,14516,11,10,1,0,0,28,23,14,19,14,7,False,0,False
932.1988,7.234,7.115,6.481,6.102,8.132,18,16,1,356587.2,76,81,87,97,98,98,95,94,20.238,20.22,22.221,22.185,3484.82,113837,29542,0,550,14500,11,10,1,0,0,28,23,14,19,14,7,False,0,False
932.6994,7.27,7.161,6.521,6.15,8.124,18,16,1,363425.97,76,82,80,87,98,98,95,95,20.243,20.228,22.231,22.199,3507.07,113837,29542,0,517,14500,11,10,1,0,0,28,23,14,19,14,7,False,0,False
933.19806,7.305,7.204,6.552,6.188,8.113,18,16,1,369917.88,76,81,76,82,99,98,95,95,20.248,20.235,22.237,22.208,3529.016,113837,29542,0,517,14500,11,10,1,0,0,28,23,14,19,14,7,False,0,False
933.6981,7.36,7.266,6.582,6.222,8.1,18,16,1,371823.28,80,84,74,78,99,98,95,95,20.253,20.243,22.242,22.215,3552.375,113837,29542,0,566,14566,11,10,1,0,0,28,23,14,19,14,7,False,0,False
934.1969,7.407,7.32,6.613,6.254,8.087,18,16,1,373518.84,77,81,73,76,99,99,95,95,20.259,20.251,22.246,22.221,3577.555,113837,29542,0,566,14566,11,10,1,0,0,28,23,14,19,14,7,False,0,False
934.6989,7.451,7.372,6.65,6.292,8.074,18,16,1,367370.78,76,81,75,77,99,99,95,95,20.262,20.257,22.249,22.225,3604.586,113837,29542,0,550,14600,11,10,1,0,0,28,23,14,19,14,7,False,0,False
935.19904,7.502,7.432,6.694,6.34,8.06,18,16,1,360582.47,76,81,75,78,99,99,95,95,20.266,20.263,22.252,22.23,3633.559,113837,29542,0,550,14600,11,10,1,0,0,28,23,14,19,14,7,False,0,False
935.6986,7.546,7.487,6.735,6.382,8.047,18,16,1,358785.06,74,79,74,76,99,99,95,95,20.268,20.268,22.254,22.233,3664.395,113837,29542,0,534,14600,11,10,1,0,0,28,23,14,19,14,7,False,0,False
936.1971,7.567,7.511,6.744,6.39,8.033,18,16,1,350982.28,69,72,69,67,99,99,95,95,20.268,20.27,22.255,22.234,3697.352,113837,29542,0,534,14600,11,10,1,0,0,28,23,14,19,14,7,False,0,False
936.69965,7.587,7.527,6.754,6.402,8.019,18,16,1,343171.66,72,70,70,69,99,99,95,95,20.267,20.269,22.253,22.232,3731.219,113837,29542,0,516,14583,11,10,1,0,0,28,23,14,19,14,7,False,0,False
937.1951,7.636,7.568,6.8,6.447,8.006,18,16,1,335550.94,77,73,77,74,99,99,95,95,20.267,20.269,22.253,22.231,3765.254,113837,29542,0,516,14583,11,10,1,0,0,28,23,14,19,14,7,False,0,False
937.6992,7.717,7.634,6.897,6.536,7.993,18,16,1,333420.25,84,79,86,81,99,99,95,95,20.271,20.27,22.256,22.232,3800.5,113837,29542,0,516,14583,11,10,1,0,0,28,23,14,19,14,7,False,0,False
938.1928,7.792,7.696,6.977,6.61,7.98,18,16,1,326279.8,80,75,81,77,99,99,96,95,20.274,20.271,22.259,22.234,3835.859,113837,29542,0,517,14600,11,10,1,0,0,28,23,14,19,14,7,False,0,False
938.6955,7.889,7.77,7.077,6.712,7.966,18,16,1,318832.4,87,78,85,84,99,99,96,95,20.278,20.271,22.261,22.235,3874.727,113837,29542,0,534,14600,11,10,1,0,0,28,23,14,19,14,7,False,0,False
939.69745,8.052,7.904,7.25,6.872,7.938,18,16,1,305344.16,80,75,79,77,99,99,96,95,20.284,20.272,22.264,22.236,3949.18,113837,29542,0,516,14583,11,10,1,0,0,28,23,14,19,14,7,False,0,False
940.1981,8.109,7.948,7.299,6.92,7.924,18,16,1,299657.84,76,73,75,72,99,99,96,95,20.284,20.27,22.263,22.233,3985.812,113837,29542,0,517,14583,11,10,1,0,0,28,23,14,19,14,7,False,0,False
940.69794,8.122,7.96,7.301,6.922,7.911,18,16,1,294648.28,69,69,68,67,99,99,95,95,20.28,20.266,22.258,22.228,4023.664,113837,29542,39696,500,14584,11,10,1,0,0,28,23,14,19,14,7,False,0,False
941.1956,8.154,7.988,7.348,6.97,7.906,18,16,1,324243.88,73,70,76,75,99,99,95,95,20.278,20.264,22.258,22.228,4057.898,113837,29542,39696,500,14584,11,10,1,0,0,28,23,14,19,14,7,False,0,False
941.6965,8.226,8.041,7.45,7.056,7.906,18,16,1,351920.3,82,76,90,83,99,99,96,95,20.283,20.266,22.266,22.234,4085.383,113837,29542,39696,500,14584,11,10,1,0,0,28,23,14,19,14,7,False,0,False
942.19867,8.285,8.086,7.556,7.141,7.906,18,16,1,378161.66,83,76,97,88,99,99,96,95,20.29,20.27,22.278,22.243,4109.32,113837,29542,39696,500,14583,11,10,1,0,0,28,23,14,19,14,7,False,0,False
942.6991,8.327,8.117,7.658,7.218,7.905,18,16,1,394618,80,74,101,89,99,99,96,95,20.297,20.274,22.293,22.254,4130.375,113837,29542,39696,500,14583,11,10,1,0,0,28,23,14,19,14,7,False,0,False
943.6949,8.43,8.204,7.814,7.331,7.888,18,16,1,407565.7,88,82,94,83,100,99,97,96,20.309,20.282,22.322,22.273,4173.82,113837,29542,39696,400,14500,11,10,1,0,0,28,23,14,19,14,7,False,0,False
944.1975,8.477,8.243,7.844,7.355,7.878,18,16,1,414229.6,80,76,82,75,100,99,97,96,20.318,20.287,22.33,22.278,4195.457,113837,29542,39696,400,14516,11,10,1,0,0,28,23,14,19,14,7,False,0,False
945.6954,8.574,8.338,7.866,7.376,7.839,18,16,1,367707.84,72,71,67,66,100,99,97,96,20.326,20.293,22.333,22.278,4272.539,113837,29542,39696,400,14533,11,10,1,0,0,28,23,14,19,14,7,False,0,False
946.69727,8.611,8.373,7.866,7.377,7.812,18,16,1,287207.22,70,69,66,67,100,99,97,96,20.324,20.291,22.328,22.273,4335.883,113837,29542,39696,416,14516,11,10,1,0,0,28,23,14,19,14,7,False,0,False
947.196,8.623,8.385,7.867,7.377,7.798,18,16,1,258973.48,69,70,67,67,100,99,97,96,20.321,20.289,22.324,22.27,4370.148,113837,29542,39696,400,14516,11,10,1,0,0,28,23,14,19,14,7,False,0,False
947.69476,8.633,8.397,7.867,7.378,7.786,18,16,1,240122.12,69,69,67,67,100,99,97,96,20.318,20.286,22.32,22.266,4404.598,113837,29542,39696,400,14483,11,10,1,0,0,28,23,14,19,14,7,False,0,False
948.19867,8.642,8.406,7.867,7.378,7.772,18,16,1,236375.53,69,69,67,67,100,99,96,96,20.314,20.282,22.315,22.262,4442.656,113837,29542,39696,383,14466,11,10,1,0,0,28,23,14,19,14,7,False,0,False
948.69696,8.651,8.415,7.867,7.378,7.758,18,16,1,232787.6,69,69,67,67,100,99,96,95,20.31,20.279,22.31,22.257,4480.582,113837,29542,39696,383,14450,11,10,1,0,0,28,23,14,19,14,7,False,0,False
949.1896,8.659,8.424,7.867,7.378,7.745,18,16,1,229354.17,69,69,67,67,100,99,96,95,20.306,20.274,22.305,22.251,4518.188,113837,29542,39696,350,14450,11,10,1,0,0,28,23,14,19,14,7,False,0,False
949.697,8.668,8.433,7.867,7.378,7.73,18,16,1,225721.62,69,69,67,67,100,99,96,95,20.301,20.27,22.298,22.246,4559.301,113837,29542,39696,350,14416,11,10,1,0,0,28,23,14,19,14,7,False,0,False
950.194,8.675,8.441,7.867,7.378,7.718,18,16,1,227713,69,69,68,67,99,99,96,95,20.296,20.265,22.292,22.24,4598.441,113837,29542,39696,350,14400,11,10,1,0,0,28,23,14,19,14,7,False,0,False
950.6959,8.683,8.449,7.867,7.378,7.704,18,16,1,224097.81,70,70,68,68,99,99,96,95,20.291,20.26,22.285,22.233,4640.93,113837,29542,39696,350,14383,11,10,1,0,0,28,23,14,19,14,7,False,0,False
951.19604,8.691,8.458,7.867,7.378,7.69,18,16,1,220635.7,70,70,68,68,99,99,96,95,20.286,20.255,22.279,22.227,4682.676,113837,29542,39696,333,14383,11,10,1,0,0,28,23,14,19,14,7,False,0,False
951.6961,8.698,8.466,7.867,7.378,7.676,18,16,1,217209.11,70,70,68,68,99,99,96,95,20.28,20.25,22.272,22.22,4724.965,113837,29542,39696,333,14350,11,10,1,0,0,28,23,14,19,14,7,False,0,False
952.199,8.706,8.475,7.867,7.378,7.663,18,16,1,213817.64,70,70,68,68,99,98,96,95,20.274,20.244,22.264,22.213,4767.727,113837,29542,39696,317,14333,11,10,1,0,0,28,23,14,19,14,7,False,0,False
952.6971,8.714,8.483,7.867,7.378,7.649,18,16,1,210460.92,70,70,68,68,99,98,95,95,20.268,20.238,22.256,22.205,4810.891,113837,29542,39696,300,14316,11,10,1,0,0,28,23,14,19,14,7,False,0,False
953.19415,8.745,8.515,7.911,7.421,7.644,18,16,1,241698.73,71,71,74,73,99,98,95,95,20.265,20.236,22.256,22.205,4848.617,113837,29542,39696,300,14316,11,10,1,0,0,28,23,14,19,14,7,False,0,False
954.194,8.796,8.562,7.971,7.476,7.643,18,16,1,297901.47,73,69,76,73,99,98,96,95,20.269,20.24,22.268,22.217,4903.066,113837,29542,39696,300,14317,11,10,1,0,0,28,23,14,19,14,7,False,0,False
954.6939,8.842,8.595,8.048,7.536,7.643,18,16,1,319216,80,73,90,82,99,98,96,95,20.275,20.243,22.278,22.225,4922.742,113837,29542,39696,300,14317,11,10,1,0,0,28,23,14,19,14,7,False,0,False
955.197,8.875,8.622,8.138,7.595,7.642,18,16,1,333635.62,78,74,101,85,99,99,96,95,20.283,20.248,22.294,22.237,4943.234,113837,29542,39696,300,14266,11,10,1,0,0,28,23,14,19,14,7,False,0,False
955.69836,8.903,8.644,8.189,7.632,7.636,18,16,1,339982.03,79,74,94,82,99,99,96,95,20.289,20.253,22.311,22.248,4962.066,113837,29542,39696,300,14266,11,10,1,0,0,28,23,14,19,14,7,False,0,False
956.1952,8.954,8.688,8.219,7.655,7.628,18,16,1,346506.4,85,80,85,76,99,99,97,95,20.296,20.258,22.323,22.255,4978.93,113837,29542,39696,216,14266,11,10,1,0,0,28,23,14,19,14,7,False,0,False
956.69763,9.002,8.731,8.231,7.664,7.618,18,16,1,350828.6,82,79,75,70,100,99,97,96,20.306,20.266,22.33,22.26,4998.055,113837,29542,39696,216,14350,11,10,1,0,0,28,23,14,19,14,7,False,0,False
957.193,9.026,8.755,8.236,7.67,7.606,18,16,1,347675.2,76,74,70,67,100,99,97,96,20.312,20.27,22.334,22.263,5018.172,113837,29542,39696,283,14350,11,10,1,0,0,28,23,14,19,14,7,False,0,False
957.69714,9.056,8.784,8.242,7.676,7.592,18,16,1,326195.03,75,73,69,66,100,99,97,96,20.315,20.274,22.335,22.264,5042.383,113837,29542,39696,283,14384,11,10,1,0,0,28,23,14,19,14,7,False,0,False
958.6949,9.099,8.825,8.25,7.685,7.565,18,16,1,274938.28,70,69,66,66,100,99,97,96,20.319,20.276,22.336,22.264,5097.516,113837,29542,39696,300,14384,11,10,1,0,0,28,23,14,19,14,7,False,0,False
959.1906,9.111,8.838,8.25,7.685,7.553,18,16,1,254889.62,70,69,66,67,100,99,97,96,20.318,20.276,22.334,22.263,5129,113837,29542,39696,316,14384,11,10,1,0,0,28,23,14,19,14,7,False,0,False
959.69366,9.123,8.85,8.25,7.685,7.539,18,16,1,230404.6,70,69,67,67,100,99,97,96,20.317,20.275,22.332,22.262,5162.285,113837,29542,39696,316,14383,11,10,1,0,0,28,23,14,19,14,7,False,0,False
960.6951,9.145,8.871,8.25,7.685,7.512,18,16,1,191040.34,69,69,67,67,100,99,97,95,20.314,20.271,22.327,22.257,5234.855,113837,29542,39696,333,14383,11,10,1,0,0,28,23,14,19,14,7,False,0,False
961.1961,9.155,8.881,8.25,7.685,7.498,18,16,1,170680.97,69,69,67,67,100,99,97,95,20.311,20.269,22.323,22.254,5272.41,113837,29542,39696,333,14383,11,10,1,0,0,28,23,14,19,14,7,False,0,False
961.6933,9.164,8.89,8.25,7.685,7.484,18,16,1,151636.36,69,69,67,67,100,99,96,95,20.308,20.267,22.319,22.25,5309.789,113837,29542,39696,333,14350,11,10,1,0,0,28,23,14,19,14,7,False,0,False
962.1918,9.173,8.9,8.25,7.685,7.471,18,16,1,132488.92,68,68,67,67,100,99,96,95,20.305,20.263,22.314,22.246,5349.473,113837,29542,39696,333,14350,11,10,1,0,0,28,23,14,19,14,7,False,0,False
963.1892,9.191,8.917,8.25,7.685,7.444,18,16,2,100860.59,68,68,68,67,99,99,96,95,20.295,20.255,22.304,22.236,22.734,91681,0,0,300,14300,11,11,1,0,0,28,23,14,19,14,7,False,0,False
963.69196,9.2,8.926,8.25,7.685,7.43,18,16,2,82653.734,68,68,68,67,99,99,96,95,20.29,20.25,22.298,22.23,65.164,91681,0,0,300,14300,11,11,1,0,0,28,23,14,19,14,7,False,0,False
964.19147,9.209,8.934,8.25,7.685,7.416,18,16,2,77889.86,67,67,67,67,99,98,96,95,20.285,20.244,22.291,22.224,108.309,91681,0,0,283,14250,11,11,1,0,0,28,23,14,19,14,7,False,0,False
964.69586,9.217,8.942,8.25,7.685,7.402,18,16,2,75091.88,68,68,68,68,99,98,96,95,20.279,20.239,22.284,22.217,153.555,91681,0,0,267,14200,11,11,1,0,0,28,23,14,19,14,7,False,0,False
965.69775,9.232,8.958,8.25,7.685,7.375,18,16,2,69690.68,67,67,67,67,99,98,96,95,20.266,20.226,22.269,22.203,242.777,91681,0,0,250,14133,11,11,1,0,0,28,23,14,19,14,7,False,0,False
966.19617,9.24,8.966,8.25,7.685,7.361,18,16,2,67056.586,68,68,68,68,99,98,96,94,20.259,20.22,22.261,22.195,288.062,91681,0,0,250,14133,11,11,1,0,0,28,23,14,19,14,7,False,0,False
966.6907,9.247,8.973,8.25,7.685,7.347,18,16,2,64597.73,68,68,68,68,99,98,95,94,20.252,20.213,22.253,22.188,332.227,91681,0,0,233,14083,11,11,1,0,0,28,23,14,19,14,7,False,0,False
967.19385,9.254,8.98,8.25,7.685,7.334,18,16,2,62132.023,68,68,68,68,98,98,95,94,20.244,20.206,22.244,22.18,378.262,91681,0,0,200,14017,11,11,1,0,0,28,23,14,19,14,7,False,0,False
967.6947,9.262,8.988,8.25,7.685,7.32,18,16,2,59730.438,68,68,68,67,98,98,95,94,20.237,20.198,22.236,22.171,424.574,91681,0,0,200,14017,11,11,1,0,0,28,23,14,19,14,7,False,0,False
968.1936,9.269,8.995,8.25,7.685,7.306,18,16,2,57387.855,68,68,68,67,98,97,95,94,20.229,20.191,22.227,22.163,471.152,91681,0,0,183,13933,11,11,1,0,0,28,23,14,19,14,7,False,0,False
968.6933,9.276,9.002,8.25,7.685,7.292,18,16,2,55103.863,68,68,68,68,98,97,95,94,20.22,20.182,22.218,22.154,517.992,91681,0,0,183,13883,11,11,1,0,0,28,23,14,19,14,7,False,0,False
969.18494,9.286,9.009,8.252,7.687,7.279,18,16,2,52871.242,68,67,68,68,98,97,95,94,20.212,20.174,22.208,22.145,565.047,91681,0,0,183,13883,11,11,1,0,0,28,23,14,19,14,7,False,0,False
969.6906,9.303,9.024,8.271,7.708,7.268,18,16,2,66308.36,70,70,72,71,98,97,95,93,20.204,20.167,22.201,22.137,611.477,91681,0,0,167,13817,11,11,1,0,0,28,23,14,19,14,7,False,0,False
970.1946,9.338,9.06,8.315,7.751,7.266,18,16,2,102024.14,71,71,74,73,98,97,95,94,20.204,20.167,22.205,22.142,649.918,91681,0,0,166,13783,11,11,1,0,0,28,23,14,19,14,7,False,0,False
971.1966,9.395,9.116,8.367,7.803,7.264,18,16,2,155561.98,72,71,73,72,98,97,95,94,20.212,20.176,22.221,22.158,701.543,91681,0,0,166,13783,10,11,1,0,0,28,23,14,19,14,7,False,0,False
971.69574,9.418,9.139,8.385,7.821,7.264,18,16,2,173374.25,74,73,74,72,98,97,95,94,20.217,20.181,22.229,22.166,717.285,91681,0,0,166,13784,10,11,1,0,0,28,23,14,19,14,7,False,0,False
972.1961,9.444,9.16,8.406,7.837,7.264,18,16,2,185762.9,77,73,76,72,98,97,95,94,20.224,20.187,22.237,22.174,728.859,91681,0,0,166,13784,10,11,1,0,0,28,23,14,19,14,7,False,0,False
972.6946,9.452,9.168,8.437,7.853,7.264,18,16,2,194229.5,73,71,83,73,98,98,95,94,20.23,20.192,22.247,22.181,744.734,91681,0,0,517,13784,10,11,1,0,0,28,23,14,19,14,7,False,0,False
973.1943,9.466,9.177,8.463,7.872,7.261,18,16,2,198897.05,74,70,85,75,98,98,96,94,20.236,20.197,22.259,22.189,760.676,91681,0,0,517,13784,10,11,1,0,0,28,23,14,19,14,7,False,0,False
973.6969,9.486,9.194,8.476,7.882,7.258,18,16,2,203635.38,76,72,81,73,98,98,96,94,20.243,20.202,22.271,22.197,770.707,91681,0,0,517,13784,10,11,1,0,0,28,23,14,19,14,7,False,0,False
974.1957,9.511,9.223,8.478,7.885,7.251,18,16,2,206696.98,79,77,74,69,99,98,96,95,20.249,20.207,22.279,22.203,782.137,91681,0,0,517,13700,10,11,1,0,0,28,23,14,19,14,7,False,0,False
974.6926,9.534,9.252,8.478,7.885,7.242,18,16,2,208559.81,79,79,69,67,99,98,96,95,20.257,20.214,22.284,22.207,795.574,91681,0,0,517,13700,10,11,1,0,0,28,23,14,19,14,7,False,0,False
975.19385,9.559,9.277,8.482,7.889,7.232,18,16,2,216605.48,77,77,66,67,99,98,96,95,20.263,20.222,22.287,22.21,812.305,91681,0,0,350,13700,10,11,1,0,0,28,23,14,19,14,7,False,0,False
975.6969,9.581,9.3,8.493,7.903,7.221,18,16,2,219265.1,74,75,67,70,99,98,96,95,20.269,20.227,22.289,22.214,831.715,91681,0,0,350,13733,10,11,1,0,0,28,23,14,19,14,7,False,0,False
976.1938,9.606,9.33,8.512,7.923,7.212,18,16,2,226803.38,74,77,70,73,99,98,96,95,20.273,20.233,22.292,22.218,858.773,91681,0,0,300,13733,10,11,1,0,0,28,23,14,19,14,7,False,0,False
976.6974,9.652,9.381,8.535,7.947,7.199,18,16,2,233673.7,77,82,72,74,99,98,96,95,20.277,20.24,22.294,22.222,881.059,91681,0,0,300,13734,10,11,1,0,0,28,23,14,19,14,7,False,0,False
977.1936,9.733,9.476,8.56,7.973,7.186,18,16,2,235711.98,87,93,72,73,99,99,96,95,20.284,20.249,22.297,22.226,904.574,91681,0,0,300,13734,10,11,1,0,0,28,23,14,19,14,7,False,0,False
977.69446,9.774,9.519,8.563,7.977,7.174,18,16,2,238817.14,77,76,67,69,99,99,96,95,20.291,20.258,22.298,22.228,931.266,91681,0,0,250,13734,10,11,1,0,0,28,23,14,19,14,7,False,0,False
978.19586,9.799,9.544,8.568,7.981,7.159,18,16,2,236021.14,72,73,69,66,99,99,96,95,20.294,20.26,22.297,22.229,962.562,91681,0,0,267,13734,10,11,1,0,0,28,23,14,19,14,7,False,0,False
978.6959,9.835,9.574,8.59,8.003,7.147,18,16,2,231540.03,74,71,71,69,99,99,96,95,20.296,20.262,22.298,22.228,993.184,91681,0,0,267,13750,10,11,1,0,0,28,23,14,19,14,7,False,0,False
979.1862,9.855,9.59,8.595,8.008,7.133,18,16,2,210172.45,70,69,68,67,99,99,96,95,20.297,20.262,22.297,22.227,1023.613,91681,0,0,250,13750,10,11,1,0,0,28,23,14,19,14,7,False,0,False
979.6923,9.876,9.607,8.601,8.016,7.12,18,16,2,188655.8,70,68,68,67,99,99,96,95,20.296,20.261,22.295,22.226,1057.055,91681,0,0,250,13750,10,11,1,0,0,28,23,14,19,14,7,False,0,False
980.1929,9.89,9.619,8.601,8.017,7.107,18,16,2,175997.42,67,67,67,66,99,99,96,95,20.294,20.258,22.293,22.223,1092.148,91681,0,0,250,13750,10,11,1,0,0,28,23,14,19,14,7,False,0,False
980.69617,9.9,9.629,8.601,8.017,7.093,18,16,2,172885.1,67,67,67,66,99,99,96,95,20.291,20.256,22.289,22.219,1129.777,91681,0,0,267,13750,10,11,1,0,0,28,23,14,19,14,7,False,0,False
981.1925,9.909,9.638,8.601,8.017,7.079,18,16,2,169986.17,67,67,67,67,99,99,96,95,20.288,20.253,22.285,22.216,1166.18,91681,0,0,267,13717,10,11,1,0,0,28,23,14,19,14,7,False,0,False
981.6944,9.917,9.649,8.602,8.017,7.065,18,16,2,167000.08,67,67,67,67,99,99,96,95,20.284,20.249,22.28,22.212,1204.957,91681,0,0,250,13717,10,11,1,0,0,28,23,14,19,14,7,False,0,False
982.19525,9.927,9.657,8.602,8.017,7.051,18,16,2,163928.11,67,67,67,67,99,98,96,95,20.28,20.245,22.275,22.207,1246.094,91681,0,0,250,13700,10,11,1,0,0,28,23,14,19,14,7,False,0,False
982.69666,9.935,9.666,8.602,8.017,7.038,18,16,2,166385.72,67,67,67,67,99,98,96,95,20.275,20.241,22.269,22.202,1286.75,91681,0,0,250,13683,10,11,1,0,0,28,23,14,19,14,7,False,0,False
983.1961,9.943,9.674,8.602,8.017,7.025,18,16,2,163415.28,67,67,67,67,99,98,96,94,20.27,20.236,22.264,22.196,1328.133,91681,0,0,250,13683,10,11,1,0,0,28,23,14,19,14,7,False,0,False
983.69434,9.951,9.683,8.603,8.017,7.011,18,16,2,160556.1,67,68,67,67,99,98,95,94,20.265,20.232,22.257,22.19,1368.836,91681,0,0,234,13617,10,11,1,0,0,28,23,14,19,14,7,False,0,False
984.1912,9.967,9.699,8.624,8.034,7,18,16,2,171362.9,70,70,73,72,99,98,95,94,20.26,20.227,22.252,22.185,1410.941,91681,0,0,234,13617,10,11,1,0,0,28,23,14,19,14,7,False,0,False
984.6975,9.998,9.725,8.659,8.063,6.998,18,16,2,205924.81,70,69,72,70,99,98,95,94,20.261,20.228,22.256,22.189,1446.863,91681,0,0,217,13583,10,11,1,0,0,28,23,14,19,14,7,False,0,False
985.69556,10.043,9.764,8.714,8.099,6.997,18,16,2,257517.28,72,68,74,71,99,98,96,95,20.266,20.233,22.269,22.2,1496.824,91681,0,0,217,13667,10,11,1,0,0,28,23,14,19,14,7,False,0,False
986.1959,10.076,9.789,8.76,8.135,6.997,18,16,2,276980.8,77,72,83,76,99,98,96,95,20.272,20.236,22.277,22.207,1514.59,91681,0,0,283,13667,10,11,1,0,0,28,23,14,19,14,7,False,0,False
986.69556,10.105,9.803,8.792,8.172,6.997,18,16,2,286693.16,80,69,81,80,99,98,96,95,20.278,20.24,22.287,22.215,1535.531,91681,0,0,283,13667,10,11,1,0,0,28,23,14,19,14,7,False,0,False
987.19165,10.134,9.827,8.837,8.199,6.994,18,16,2,292855.25,80,72,85,78,99,98,96,95,20.285,20.243,22.297,22.223,1561.508,91681,0,0,334,13734,10,11,1,0,0,28,23,14,19,14,7,False,0,False
988.19415,10.18,9.863,8.886,8.236,6.981,18,16,2,305936.12,76,71,78,72,99,99,96,95,20.298,20.25,22.314,22.235,1596.77,91681,0,0,334,13734,10,11,1,0,0,28,23,14,19,14,7,False,0,False
988.6972,10.204,9.885,8.903,8.252,6.972,18,16,2,312661.66,76,71,74,70,100,99,97,95,20.302,20.252,22.319,22.239,1615.031,91681,0,0,267,13734,10,11,1,0,0,28,23,14,19,14,7,False,0,False
989.1873,10.236,9.912,8.917,8.265,6.962,18,16,2,316466.12,77,73,73,69,100,99,97,95,20.307,20.255,22.323,22.241,1635.043,91681,0,0,267,13683,10,11,1,0,0,28,23,14,19,14,7,False,0,False
989.694,10.273,9.945,8.919,8.267,6.948,18,16,2,314450.6,78,76,69,66,100,99,97,95,20.311,20.259,22.325,22.242,1657.984,91681,0,0,267,13683,10,11,1,0,0,28,23,14,19,14,7,False,0,False
990.195,10.306,9.976,8.919,8.268,6.936,18,16,2,316118.53,75,73,66,65,100,99,97,95,20.314,20.262,22.325,22.242,1683.402,91681,0,0,250,13683,10,11,1,0,0,28,23,14,19,14,7,False,0,False
990.6939,10.322,9.994,8.923,8.271,6.922,18,16,2,310958.22,70,71,66,67,100,99,97,95,20.315,20.264,22.323,22.241,1711.371,91681,0,0,250,13600,10,11,1,0,0,28,23,14,19,14,7,False,0,False
991.1951,10.337,10.012,8.929,8.276,6.908,18,16,2,305267.97,69,71,67,68,100,99,97,95,20.314,20.264,22.322,22.24,1742.191,91681,0,0,266,13600,10,11,1,0,0,28,23,14,19,14,7,False,0,False
991.6945,10.358,10.038,8.944,8.291,6.895,18,16,2,304942.97,70,72,68,70,100,99,97,95,20.314,20.265,22.32,22.24,1772.707,91681,0,0,266,13600,10,11,1,0,0,28,23,14,19,14,7,False,0,False
992.1917,10.379,10.065,8.961,8.306,6.882,18,16,2,299308.25,70,72,69,70,100,99,96,95,20.313,20.266,22.318,22.239,1806.328,91681,29247,0,266,13600,10,11,1,0,0,28,23,14,19,14,7,False,0,False
992.69324,10.397,10.088,8.973,8.318,6.869,18,16,2,301473.25,69,70,69,68,100,99,96,95,20.311,20.266,22.316,22.238,1842.242,91681,29247,0,283,13600,10,11,1,0,0,28,23,14,19,14,7,False,0,False
993.1915,10.454,10.135,9.063,8.393,6.869,18,16,2,332738.03,79,74,88,81,100,99,97,95,20.313,20.267,22.32,22.24,1872.863,91681,29247,0,283,13600,10,11,1,0,0,28,23,14,19,14,7,False,0,False
993.6954,10.524,10.189,9.203,8.506,6.868,18,16,2,356063.03,82,76,100,90,100,99,97,95,20.32,20.271,22.332,22.249,1901.945,91681,29247,0,284,13600,10,11,1,0,0,28,23,14,19,14,7,False,0,False
994.1922,10.578,10.228,9.318,8.601,6.863,18,16,2,362922.7,84,76,102,92,100,99,97,95,20.326,20.274,22.344,22.258,1929.039,91681,29247,0,284,13617,10,11,1,0,0,28,23,14,19,14,7,False,0,False
994.69415,10.632,10.271,9.367,8.641,6.855,18,16,2,367807.7,81,75,85,78,100,99,97,96,20.332,20.278,22.354,22.265,1955.387,91681,29247,0,300,13617,10,11,1,0,0,28,23,14,19,14,7,False,0,False
995.69495,10.702,10.345,9.415,8.7,6.828,18,16,2,361443.62,76,79,74,79,100,99,97,96,20.336,20.281,22.355,22.267,2010.832,91681,29247,0,317,13667,10,11,1,0,0,28,23,14,19,14,7,False,0,False
996.19464,10.764,10.417,9.472,8.771,6.815,18,16,2,362781.25,78,81,76,83,100,99,97,96,20.339,20.285,22.356,22.271,2042.637,91681,29247,0,333,13700,10,11,1,0,0,28,23,14,19,14,7,False,0,False
996.6926,10.814,10.476,9.522,8.829,6.803,18,16,2,360905.72,77,80,76,81,100,99,97,96,20.34,20.289,22.356,22.274,2074,91681,29247,0,333,13700,10,11,1,0,0,28,23,14,19,14,7,False,0,False
997.1956,10.86,10.532,9.56,8.871,6.788,18,16,2,352784.44,73,76,72,75,100,99,97,96,20.341,20.292,22.355,22.276,2106.836,91681,29247,0,333,13700,10,11,1,0,0,28,23,14,19,14,7,False,0,False
997.69714,10.902,10.575,9.597,8.898,6.775,18,16,2,344930.25,73,77,74,73,100,99,97,96,20.34,20.292,22.353,22.275,2140.477,91681,29247,0,333,13750,10,11,1,0,0,28,23,14,19,14,7,False,0,False
998.1946,10.927,10.608,9.623,8.921,6.762,18,16,2,344111.84,71,73,73,73,100,99,97,96,20.338,20.293,22.351,22.273,2173.676,91681,29247,0,334,13750,10,11,1,0,0,28,23,14,19,14,7,False,0,False
999.18695,10.985,10.668,9.679,8.988,6.76,18,16,2,398151.94,71,71,73,72,100,99,97,96,20.342,20.298,22.36,22.284,2224.043,91681,29247,0,334,13750,10,11,1,0,0,28,23,14,19,14,7,False,0,False
999.69006,10.999,10.679,9.687,8.996,6.76,18,16,2,416995.28,71,69,71,70,100,100,97,96,20.345,20.3,22.365,22.289,2240.707,91681,29247,0,334,13850,10,11,1,0,0,28,23,14,19,14,7,False,0,False
1000.1941,11.007,10.685,9.693,9.004,6.76,18,16,2,431259.9,70,67,70,70,100,100,97,96,20.347,20.302,22.37,22.293,2253.156,91681,29247,0,334,13850,10,11,1,0,0,28,23,14,19,14,7,False,0,False
1000.69415,11.016,10.691,9.708,9.015,6.76,18,16,2,437253.12,70,66,73,70,100,100,97,96,20.349,20.303,22.374,22.298,2262.781,91681,29247,0,334,13850,10,11,1,0,0,28,23,14,19,14,7,False,0,False
1001.192,11.026,10.7,9.722,9.024,6.757,18,16,2,442854.44,70,68,75,69,100,100,98,96,20.352,20.304,22.38,22.302,2273.461,91681,29247,0,233,13850,10,11,1,0,0,28,23,14,19,14,7,False,0,False
1001.69196,11.034,10.706,9.732,9.032,6.753,18,16,2,448793.44,70,67,75,69,100,100,98,96,20.354,20.305,22.385,22.306,2288.523,91681,29247,0,233,13850,10,11,1,0,0,28,23,14,19,14,7,False,0,False
1002.69415,11.074,10.735,9.788,9.078,6.747,18,16,2,460777.16,77,71,81,74,101,100,98,96,20.36,20.307,22.399,22.316,2312.547,91681,29247,0,233,14183,10,11,1,0,0,28,23,14,19,14,7,False,0,False
1004.191,11.15,10.809,9.797,9.087,6.718,18,16,2,478956.66,80,75,70,65,101,100,98,97,20.372,20.318,22.409,22.321,2359.211,91681,29247,0,166,14383,9,11,1,0,0,28,23,14,19,14,7,False,0,False
1004.6938,11.18,10.841,9.797,9.087,6.706,18,16,2,484678.72,78,75,65,66,101,100,98,97,20.376,20.322,22.409,22.321,2380.289,91681,29247,0,466,14383,9,11,1,0,0,28,23,14,19,14,7,False,0,False
1005.6946,11.215,10.882,9.797,9.087,6.68,18,16,2,480024.5,70,69,65,66,101,100,98,97,20.38,20.324,22.405,22.319,2430.195,91681,29247,0,300,14333,9,11,1,0,0,28,23,14,19,14,7,False,0,False
1006.69354,11.242,10.909,9.798,9.088,6.652,18,16,2,465568.22,69,69,66,66,101,100,98,96,20.377,20.322,22.4,22.315,2488.895,91681,29247,0,250,14333,9,11,1,0,0,28,23,14,19,14,7,False,0,False
1007.6936,11.264,10.934,9.8,9.089,6.626,18,16,2,454041.7,68,69,66,66,101,100,98,96,20.372,20.318,22.392,22.309,2554.723,91681,29247,0,233,14333,9,11,1,0,0,28,23,14,19,14,7,False,0,False
1008.6931,11.323,11.011,9.868,9.157,6.599,18,16,2,449322.12,71,74,73,76,101,100,98,96,20.367,20.317,22.386,22.305,2625.273,91681,29247,0,233,14317,9,11,1,0,0,28,23,14,19,14,7,False,0,False
1009.1907,11.374,11.07,9.933,9.218,6.598,18,16,2,478577.4,76,78,79,80,101,100,98,96,20.368,20.32,22.389,22.31,2657.797,91681,29247,0,233,14317,9,11,1,0,0,28,23,14,19,14,7,False,0,False
1009.69257,11.41,11.113,9.966,9.251,6.597,18,16,2,503771.4,74,77,75,78,101,100,98,96,20.372,20.326,22.395,22.317,2682.418,91681,29247,0,233,14350,9,11,1,0,0,28,23,14,19,14,7,False,0,False
1010.192,11.421,11.127,9.976,9.26,6.596,18,16,2,525057.75,69,72,71,73,101,100,98,97,20.375,20.33,22.4,22.324,2701.188,91681,29247,0,250,14350,9,11,1,0,0,28,23,14,19,14,7,False,0,False
1011.19525,11.434,11.144,9.994,9.278,6.596,18,16,2,558330.2,67,70,70,72,101,100,98,97,20.376,20.335,22.407,22.333,2730.098,91681,29247,0,250,14500,9,11,1,0,0,28,23,14,19,14,7,False,0,False
1011.6944,11.442,11.154,10.011,9.306,6.596,18,16,2,565497.5,68,70,72,80,101,100,98,97,20.377,20.337,22.41,22.339,2739.32,91681,29247,0,250,14500,9,11,1,0,0,28,23,14,19,14,7,False,0,False
1012.19183,11.453,11.166,10.032,9.342,6.594,18,16,2,570454.44,69,71,75,86,101,100,98,97,20.378,20.339,22.415,22.349,2754.168,91681,29247,0,267,14500,9,11,1,0,0,28,23,14,19,14,7,False,0,False
1012.6921,11.464,11.18,10.04,9.353,6.59,18,16,2,575808.25,70,73,73,81,101,100,98,97,20.379,20.343,22.42,22.358,2768.711,91681,29247,0,267,14500,9,11,1,0,0,28,23,14,19,14,7,False,0,False
1013.1911,11.482,11.197,10.047,9.361,6.584,18,16,2,581446.44,72,75,70,76,101,100,98,97,20.381,20.346,22.423,22.365,2779.973,91681,29247,0,267,14717,9,11,1,0,0,28,23,14,19,14,7,False,0,False
1013.694,11.51,11.221,10.05,9.363,6.575,18,16,2,586004.3,77,77,67,71,101,100,98,97,20.385,20.351,22.424,22.369,2794.023,91681,29247,0,267,14717,9,11,1,0,0,28,23,14,19,14,7,False,0,False
1014.6881,11.571,11.278,10.05,9.363,6.552,18,16,2,596621.5,79,78,65,65,101,101,98,97,20.394,20.36,22.424,22.371,2830.375,91681,29247,0,367,14667,9,11,1,0,0,28,23,14,19,14,7,False,0,False
1015.1946,11.596,11.302,10.05,9.363,6.539,18,16,2,592643.56,74,74,65,65,101,101,98,97,20.397,20.363,22.422,22.37,2852.797,91681,29247,0,367,14667,9,11,1,0,0,28,23,14,19,14,7,False,0,False
1016.19293,11.63,11.337,10.05,9.363,6.513,18,16,2,586233.25,69,69,66,66,101,101,98,97,20.397,20.364,22.419,22.367,2905.605,91681,29247,0,284,14600,9,11,1,0,0,28,23,14,19,14,7,False,0,False
1016.69434,11.644,11.351,10.05,9.364,6.5,18,16,2,584161.6,68,68,66,66,101,101,98,97,20.396,20.363,22.416,22.365,2935.484,91681,29247,0,183,14600,9,11,1,0,0,28,23,14,19,14,7,False,0,False
1017.193,11.656,11.363,10.05,9.364,6.486,18,16,2,575849.2,68,68,66,66,101,101,98,97,20.394,20.362,22.413,22.362,2967.277,91681,29247,0,167,14584,9,11,1,0,0,28,23,14,19,14,7,False,0,False
1017.6946,11.667,11.374,10.05,9.364,6.473,18,16,2,567207.3,68,68,67,67,101,101,98,97,20.391,20.359,22.409,22.359,3000.934,91681,29247,0,167,14550,9,11,1,0,0,28,23,14,19,14,7,False,0,False
1018.1925,11.677,11.385,10.051,9.364,6.46,18,16,2,563957.75,68,68,67,67,101,101,98,97,20.388,20.356,22.405,22.356,3036.184,91681,29247,0,150,14550,9,11,1,0,0,28,23,14,19,14,7,False,0,False
1018.6943,11.687,11.394,10.051,9.364,6.446,18,16,2,555315.9,68,67,67,67,101,100,98,97,20.384,20.353,22.401,22.351,3072.766,91681,29247,0,150,14533,9,11,1,0,0,28,23,14,19,14,7,False,0,False
1019.183,11.697,11.404,10.051,9.364,6.432,18,16,2,546674,67,67,67,67,101,100,98,97,20.38,20.349,22.396,22.347,3110.676,91681,29247,0,150,14517,9,11,1,0,0,28,23,14,19,14,7,False,0,False
1019.6919,11.706,11.413,10.051,9.364,6.418,18,16,2,538032.1,68,68,68,67,101,100,98,97,20.376,20.345,22.391,22.342,3149.793,91681,29247,0,167,14517,9,11,1,0,0,28,23,14,19,14,7,False,0,False
1020.1941,11.715,11.421,10.051,9.364,6.406,18,16,2,534706.1,68,67,68,67,101,100,98,97,20.371,20.34,22.385,22.336,3189.883,91681,29247,0,167,14517,9,11,1,0,0,28,23,14,19,14,7,False,0,False
1020.69086,11.724,11.429,10.051,9.364,6.392,18,16,2,526064.25,68,67,68,68,101,100,97,97,20.366,20.335,22.379,22.33,3230.836,91681,29247,0,167,14483,9,11,1,0,0,28,23,14,19,14,7,False,0,False
1021.19446,11.734,11.437,10.052,9.366,6.378,18,16,2,517422.38,68,68,68,68,101,100,97,97,20.36,20.33,22.372,22.324,3272.621,91681,29247,0,166,14483,9,11,1,0,0,28,23,14,19,14,7,False,0,False
1021.6943,11.743,11.445,10.052,9.366,6.364,18,16,2,508780.5,68,68,68,68,101,100,97,96,20.355,20.324,22.365,22.317,3315.152,91681,29247,0,150,14416,9,11,1,0,0,28,23,14,19,14,7,False,0,False
1022.191,11.757,11.46,10.068,9.382,6.353,18,16,2,514811.56,70,70,73,72,100,100,97,96,20.349,20.319,22.359,22.312,3357.723,91681,29247,0,134,14416,9,11,1,0,0,28,23,14,19,14,7,False,0,False
1022.6905,11.786,11.489,10.103,9.416,6.351,18,16,2,548072.9,71,71,73,73,100,100,97,96,20.349,20.319,22.363,22.315,3393.016,91681,29247,0,134,14350,9,11,1,0,0,28,23,14,19,14,7,False,0,False
1023.1913,11.804,11.512,10.126,9.439,6.35,18,16,2,576687.56,69,72,72,73,100,100,97,97,20.35,20.322,22.368,22.321,3420.945,91681,29247,0,133,14350,9,11,1,0,0,28,23,14,19,14,7,False,0,False
1023.6926,11.83,11.547,10.162,9.481,6.35,18,16,2,601993.56,71,76,75,80,100,100,97,97,20.352,20.326,22.373,22.328,3444.023,91681,29247,0,133,14417,9,11,1,0,0,28,23,14,19,14,7,False,0,False
1024.1917,11.86,11.585,10.196,9.527,6.35,18,16,2,620315.94,74,78,76,84,101,100,98,97,20.356,20.332,22.38,22.337,3464.934,91681,29247,0,167,14417,9,11,1,0,0,28,23,14,19,14,7,False,0,False
1024.6907,11.881,11.612,10.221,9.558,6.344,18,16,2,626886.1,73,78,75,82,101,100,98,97,20.359,20.338,22.386,22.347,3487.488,91681,29247,0,167,14483,9,11,1,0,0,28,23,14,19,14,7,False,0,False
1025.1937,11.903,11.639,10.242,9.582,6.335,18,16,2,633293.1,73,77,73,79,101,100,98,97,20.362,20.343,22.391,22.354,3508.492,91681,29247,0,183,14483,9,11,1,0,0,28,23,14,19,14,7,False,0,False
1025.6958,11.93,11.671,10.262,9.605,6.324,18,16,2,639810.44,73,77,72,76,101,100,98,97,20.365,20.348,22.395,22.361,3530.363,91681,29247,0,183,14616,9,11,1,0,0,28,23,14,19,14,7,False,0,False
1026.1945,11.954,11.7,10.285,9.631,6.314,18,16,2,645815.25,73,77,73,77,101,100,98,97,20.367,20.352,22.397,22.365,3552.062,91681,29247,0,183,14616,9,11,1,0,0,28,23,14,19,14,7,False,0,False
1027.1941,12.061,11.825,10.354,9.707,6.288,18,16,2,651987.94,78,83,74,77,101,101,98,97,20.375,20.366,22.403,22.374,3601.125,91681,29247,0,200,14683,9,11,1,0,0,28,23,14,19,14,7,False,0,False
1027.6919,12.102,11.874,10.386,9.741,6.275,18,16,2,645362.1,76,81,74,76,101,101,98,97,20.378,20.371,22.405,22.378,3628.602,91681,29247,0,250,14683,9,11,1,0,0,28,23,14,19,14,7,False,0,False
1028.1935,12.139,11.919,10.414,9.769,6.261,18,16,2,637930.56,73,77,72,74,101,101,98,98,20.38,20.375,22.406,22.379,3658.207,91681,29247,0,250,14683,9,11,1,0,0,28,23,14,19,14,7,False,0,False
1029.1876,12.175,11.962,10.433,9.786,6.234,18,16,2,626696.75,69,70,68,67,101,101,98,97,20.377,20.376,22.402,22.377,3723.379,91681,29247,0,300,14734,9,11,1,0,0,28,23,14,19,14,7,False,0,False
1029.6886,12.229,12.006,10.497,9.843,6.22,18,16,2,618054.9,80,76,83,78,101,101,98,97,20.377,20.375,22.402,22.375,3757.242,91681,29247,0,300,14750,9,11,1,0,0,28,23,14,19,14,7,False,0,False
1030.1938,12.319,12.081,10.593,9.928,6.207,18,16,2,609413,82,78,84,80,101,101,98,97,20.381,20.377,22.405,22.377,3791.73,91681,29247,0,316,14750,9,11,1,0,0,28,23,14,19,14,7,False,0,False
1030.6947,12.395,12.144,10.678,10.007,6.194,18,16,2,606214.5,82,77,84,80,101,101,98,97,20.384,20.378,22.408,22.377,3827.996,91681,29247,0,350,14766,9,11,1,0,0,28,23,14,19,14,7,False,0,False
1031.1914,12.48,12.214,10.783,10.099,6.18,18,16,2,597572.6,83,77,87,81,101,101,98,97,20.387,20.378,22.41,22.378,3865.121,91681,29247,0,350,14750,9,11,1,0,0,28,23,14,19,14,7,False,0,False
1031.692,12.569,12.288,10.893,10.198,6.166,18,16,2,588930.75,83,79,88,82,101,101,98,97,20.39,20.379,22.413,22.379,3902.508,91681,29247,0,334,14767,9,11,1,0,0,28,23,14,19,14,7,False,0,False
1032.1935,12.654,12.358,10.985,10.282,6.153,18,16,2,580288.9,81,77,83,79,101,101,98,97,20.392,20.379,22.414,22.378,3939.344,91681,29247,0,350,14767,9,11,1,0,0,28,23,14,19,14,7,False,0,False
1033.6935,12.774,12.458,11.091,10.386,6.121,18,16,2,590340.56,72,71,73,73,101,101,98,97,20.387,20.37,22.407,22.368,4048.043,91681,29247,40932,350,14766,9,11,1,0,0,28,23,14,19,14,7,False,0,False
1034.1934,12.81,12.487,11.132,10.425,6.12,18,16,2,618561.06,75,71,79,76,101,101,98,97,20.388,20.371,22.411,22.372,4074.988,91681,29247,40932,350,14766,9,11,1,0,0,28,23,14,19,14,7,False,0,False
1034.691,12.861,12.525,11.2,10.48,6.12,18,16,2,639794.2,81,75,87,80,101,101,98,97,20.393,20.373,22.419,22.378,4097.523,91681,29247,40932,367,14783,9,11,1,0,0,28,23,14,19,14,7,False,0,False
1035.191,12.89,12.545,11.24,10.512,6.12,18,16,2,651704.1,77,71,84,77,101,101,98,98,20.397,20.375,22.427,22.384,4118.504,91681,29247,40932,367,14783,9,11,1,0,0,28,23,14,19,14,7,False,0,False
1035.6919,12.93,12.571,11.308,10.571,6.119,18,16,2,659601.2,81,72,90,85,101,101,98,98,20.401,20.376,22.437,22.39,4139.715,91681,29247,40932,367,14800,9,11,1,0,0,28,23,14,19,14,7,False,0,False
1036.1913,12.968,12.602,11.396,10.625,6.114,18,16,2,666494.6,80,76,100,86,101,101,99,98,20.407,20.378,22.449,22.396,4163.129,91681,29247,40932,367,14800,9,11,1,0,0,28,23,14,19,14,7,False,0,False
1036.6907,13.011,12.639,11.442,10.66,6.105,18,16,2,672970.8,83,78,90,80,102,101,99,98,20.412,20.381,22.46,22.403,4182.906,91681,29247,40932,367,14800,9,11,1,0,0,28,23,14,19,14,7,False,0,False
1037.1898,13.054,12.678,11.456,10.672,6.094,18,16,2,673971.25,81,78,77,72,102,101,99,98,20.417,20.384,22.465,22.405,4203.75,91681,29247,40932,350,14800,9,11,1,0,0,28,23,14,19,14,7,False,0,False
1038.6919,13.113,12.736,11.463,10.679,6.054,18,16,2,662014.7,70,69,67,66,102,101,99,98,20.418,20.384,22.462,22.401,4282.324,91681,29247,40932,366,14833,9,11,1,0,0,28,23,14,19,14,7,False,0,False
1039.6909,13.136,12.758,11.463,10.679,6.027,18,16,2,651143.5,69,69,67,67,102,101,99,98,20.413,20.379,22.455,22.394,4345.336,91681,29247,40932,383,14850,9,11,1,0,0,28,23,14,19,14,7,False,0,False
1040.1937,13.146,12.769,11.463,10.679,6.013,18,16,2,642501.6,69,69,67,67,102,101,99,98,20.409,20.376,22.45,22.39,4379.273,91681,29247,40932,400,14850,9,11,1,0,0,28,23,14,19,14,7,False,0,False
1040.6924,13.156,12.778,11.463,10.679,6.001,18,16,2,639223.4,69,69,67,67,101,101,99,98,20.405,20.372,22.445,22.385,4414.551,91681,29247,40932,416,14850,9,11,1,0,0,28,23,14,19,14,7,False,0,False
1041.1914,13.165,12.788,11.463,10.679,5.987,18,16,2,630581.5,69,69,67,67,101,101,99,98,20.401,20.368,22.44,22.38,4450.949,91681,29247,40932,416,14850,9,11,1,0,0,28,23,14,19,14,7,False,0,False
1041.6941,13.174,12.798,11.463,10.679,5.973,18,16,2,621939.6,69,69,67,67,101,101,98,97,20.396,20.364,22.434,22.374,4488.477,91681,29247,40932,433,14850,9,11,1,0,0,28,23,14,19,14,7,False,0,False
1042.1909,13.183,12.807,11.463,10.679,5.959,18,16,2,613297.75,69,69,68,67,101,101,98,97,20.391,20.359,22.427,22.368,4527.043,91681,29247,40932,417,14834,9,11,1,0,0,28,23,14,19,14,7,False,0,False
1042.6917,13.192,12.816,11.463,10.679,5.946,18,16,2,604655.9,69,69,68,67,101,100,98,97,20.386,20.354,22.421,22.362,4566.543,91681,29247,40932,434,14834,9,11,1,0,0,28,23,14,19,14,7,False,0,False
1043.1895,13.2,12.824,11.463,10.679,5.933,18,16,2,601433.1,70,70,68,68,101,100,98,97,20.38,20.348,22.414,22.355,4606.859,91681,29247,40932,434,14833,9,11,1,0,0,28,23,14,19,14,7,False,0,False
1043.6947,13.208,12.832,11.463,10.679,5.919,18,16,2,592791.25,71,71,69,69,101,100,98,97,20.375,20.343,22.407,22.348,4647.758,91681,29247,40932,433,14833,9,11,1,0,0,28,23,14,19,14,7,False,0,False
1044.1943,13.216,12.84,11.463,10.679,5.905,18,16,2,584149.4,70,70,69,68,101,100,98,97,20.369,20.337,22.399,22.341,4689.281,91681,29247,40932,417,14800,9,11,1,0,0,28,23,14,19,14,7,False,0,False
1044.691,13.225,12.848,11.463,10.679,5.891,18,16,2,575507.5,70,70,69,68,101,100,98,97,20.363,20.332,22.391,22.334,4731.352,91681,29247,40932,417,14800,9,11,1,0,0,28,23,14,19,14,7,False,0,False
1045.1884,13.233,12.857,11.463,10.679,5.878,18,16,2,566865.6,70,71,69,69,101,100,98,97,20.357,20.326,22.383,22.326,4773.898,91681,29247,40932,417,14783,9,11,1,0,0,28,23,14,19,14,7,False,0,False
1045.6908,13.243,12.869,11.47,10.685,5.864,18,16,2,563130.4,71,71,71,71,100,100,97,96,20.35,20.319,22.375,22.318,4816.762,91681,29247,40932,433,14783,9,11,1,0,0,28,23,14,19,14,7,False,0,False
1046.6914,13.313,12.936,11.547,10.766,5.861,18,16,2,625491.44,72,72,74,74,100,100,98,97,20.35,20.32,22.382,22.326,4881.656,91681,29247,40932,417,14750,9,11,1,0,0,28,23,14,19,14,7,False,0,False
1047.1929,13.333,12.953,11.568,10.786,5.861,18,16,2,648399.8,72,69,75,72,100,100,98,97,20.353,20.322,22.388,22.332,4903.453,91681,29247,40932,417,14800,9,11,1,0,0,28,23,14,19,14,7,False,0,False
1048.1942,13.383,12.985,11.642,10.847,5.86,18,16,2,671513.4,77,69,84,79,101,100,98,97,20.36,20.325,22.404,22.344,4941.707,91681,29247,40932,417,14800,9,11,1,0,0,28,23,14,19,14,7,False,0,False
1048.6932,13.411,13.012,11.691,10.875,5.855,18,16,2,677931.06,79,74,87,78,101,100,98,97,20.365,20.329,22.415,22.351,4962.949,91681,29247,40932,450,14850,9,11,1,0,0,28,23,14,19,14,7,False,0,False
1049.1866,13.439,13.036,11.709,10.89,5.846,18,16,2,683854.25,77,73,79,73,101,100,98,97,20.371,20.332,22.423,22.356,4980.227,91681,29247,40932,450,14850,9,11,1,0,0,28,23,14,19,14,7,False,0,False
1050.1892,13.491,13.084,11.737,10.915,5.824,18,16,2,692499.4,76,74,73,69,101,100,98,97,20.378,20.336,22.432,22.362,5021.023,91681,29247,40932,400,14817,9,11,1,0,0,28,23,14,19,14,7,False,0,False
1050.6915,13.525,13.116,11.745,10.923,5.81,18,16,2,679370.1,76,74,70,67,101,100,98,97,20.381,20.339,22.434,22.362,5044.246,91681,29247,40932,400,14817,9,11,1,0,0,28,23,14,19,14,7,False,0,False
1051.1909,13.555,13.144,11.754,10.932,5.798,18,16,2,643924.1,75,73,70,68,101,100,98,97,20.383,20.341,22.434,22.362,5070.879,91681,29247,40932,400,14817,9,11,1,0,0,28,23,14,19,14,7,False,0,False
1051.6907,13.577,13.165,11.755,10.934,5.784,18,16,2,595137.44,71,70,67,67,101,100,98,97,20.384,20.341,22.433,22.361,5100.508,91681,29247,40932,400,14817,9,11,1,0,0,28,23,14,19,14,7,False,0,False
1052.6874,13.6,13.19,11.755,10.934,5.757,18,16,2,554510.75,70,69,67,67,101,100,98,97,20.381,20.338,22.428,22.358,5165.828,91681,29247,40932,400,14833,9,11,1,0,0,28,23,14,19,14,7,False,0,False
1053.1888,13.61,13.2,11.755,10.934,5.743,18,16,2,545868.9,69,69,67,67,101,100,98,97,20.379,20.336,22.425,22.355,5200.836,91681,29247,40932,400,14833,9,11,1,0,0,28,23,14,19,14,7,False,0,False
1053.6914,13.619,13.209,11.755,10.934,5.73,18,16,2,542721.9,69,69,67,67,101,100,98,97,20.376,20.334,22.421,22.352,5237.055,91681,29247,40932,400,14833,9,11,1,0,0,28,23,14,19,14,7,False,0,False
1054.6857,13.637,13.227,11.755,10.934,5.703,18,16,2,525438.1,69,69,68,68,101,100,98,97,20.369,20.328,22.412,22.344,5312.688,91681,29247,40932,400,14800,9,11,1,0,0,28,23,14,19,14,7,False,0,False
1055.1914,13.646,13.236,11.755,10.934,5.689,18,16,2,516796.25,68,68,68,68,101,100,98,97,20.365,20.324,22.407,22.339,5351.984,91681,29247,40932,400,14800,9,11,1,0,0,28,23,14,19,14,7,False,0,False
1055.6881,13.655,13.245,11.755,10.934,5.676,18,16,2,513577.5,68,68,68,68,101,100,98,97,20.36,20.319,22.401,22.334,5392.211,91681,29247,40932,417,14783,9,11,1,0,0,28,23,14,19,14,7,False,0,False
1056.1864,13.663,13.253,11.755,10.934,5.662,18,16,3,504935.62,68,68,68,68,101,100,98,97,20.354,20.314,22.395,22.328,24.352,92976,0,0,400,14783,9,12,1,0,0,28,23,14,19,14,7,False,0,False
1056.6881,13.671,13.261,11.755,10.934,5.649,18,16,3,496293.75,68,68,68,68,100,100,98,97,20.349,20.308,22.389,22.322,66.199,92976,0,0,400,14750,9,12,1,0,0,28,23,14,19,14,7,False,0,False
1057.1879,13.68,13.27,11.755,10.934,5.635,18,16,3,487651.88,68,68,68,68,100,100,98,96,20.343,20.303,22.382,22.315,108.738,92976,0,0,400,14750,9,12,1,0,0,28,23,14,19,14,7,False,0,False
1057.6898,13.688,13.278,11.755,10.934,5.621,18,16,3,479010,68,68,68,68,100,99,97,96,20.336,20.296,22.374,22.308,151.957,92976,0,0,383,14700,9,12,1,0,0,28,23,14,19,14,7,False,0,False
1058.6913,13.704,13.294,11.755,10.934,5.593,18,16,3,461726.25,68,68,68,68,100,99,97,96,20.322,20.283,22.358,22.293,240.145,92976,0,0,366,14666,9,12,1,0,0,28,23,14,19,14,7,False,0,False
1059.1907,13.712,13.302,11.755,10.934,5.58,18,16,3,453085.56,69,69,69,69,100,99,97,96,20.315,20.276,22.35,22.285,284.965,92976,0,0,366,14616,9,12,1,0,0,28,23,14,19,14,7,False,0,False
1059.6915,13.72,13.31,11.755,10.934,5.566,18,16,3,444615.5,68,68,69,68,100,99,97,96,20.307,20.269,22.341,22.276,330.215,92976,0,0,367,14616,9,12,1,0,0,28,23,14,19,14,7,False,0,False
1060.1892,13.728,13.317,11.755,10.934,5.552,18,16,3,436405.28,68,68,68,68,99,99,97,96,20.3,20.261,22.332,22.268,375.84,92976,0,0,367,14550,9,12,1,0,0,28,23,14,19,14,7,False,0,False
1060.686,13.736,13.325,11.755,10.934,5.538,18,16,3,428409.5,68,68,68,68,99,99,97,96,20.292,20.253,22.323,22.259,421.773,92976,0,0,333,14500,9,12,1,0,0,28,23,14,19,14,7,False,0,False
1061.1924,13.743,13.332,11.755,10.934,5.525,18,16,3,420602.56,68,68,68,68,99,98,96,95,20.283,20.245,22.314,22.25,467.984,92976,0,0,333,14466,9,12,1,0,0,28,23,14,19,14,7,False,0,False
1061.6895,13.75,13.34,11.755,10.934,5.511,18,16,3,412979.62,68,68,68,68,99,98,96,95,20.274,20.237,22.304,22.241,514.461,92976,0,0,334,14466,9,12,1,0,0,28,23,14,19,14,7,False,0,False
1062.1908,13.758,13.348,11.755,10.934,5.497,18,16,3,405518.5,69,69,69,68,99,98,96,95,20.265,20.228,22.295,22.231,561.16,92976,0,0,334,14417,9,12,1,0,0,28,23,14,19,14,7,False,0,False
1063.1907,13.818,13.404,11.823,11.005,5.487,18,16,3,457684.03,71,71,74,73,99,98,96,95,20.258,20.222,22.293,22.23,642.855,92976,0,0,300,14350,9,12,1,0,0,28,23,14,19,14,7,False,0,False
1063.6917,13.843,13.429,11.842,11.024,5.486,18,16,3,486046,71,70,71,71,99,98,96,95,20.261,20.225,22.299,22.237,670.938,92976,0,0,300,14300,9,12,1,0,0,28,23,14,19,14,7,False,0,False
1064.1897,13.865,13.448,11.854,11.036,5.485,18,16,3,509228.97,71,70,70,70,99,98,96,95,20.264,20.229,22.306,22.243,692.172,92976,0,0,300,14367,9,12,1,0,0,28,23,14,19,14,7,False,0,False
1064.6896,13.873,13.454,11.859,11.041,5.485,18,16,3,527789.8,68,67,69,68,99,98,96,95,20.268,20.232,22.311,22.249,708.523,92976,0,0,317,14367,9,12,1,0,0,28,23,14,19,14,7,False,0,False
1065.1931,13.883,13.461,11.875,11.054,5.485,18,16,3,542554.75,69,66,72,69,99,98,96,95,20.271,20.234,22.317,22.254,721.402,92976,0,0,317,14533,9,12,1,0,0,28,23,14,19,14,7,False,0,False
1065.6926,13.897,13.471,11.907,11.077,5.485,18,16,3,548905.5,71,67,80,73,99,98,97,96,20.274,20.236,22.325,22.261,731.523,92976,0,0,317,14533,9,12,1,0,0,28,23,14,19,14,7,False,0,False
1066.1913,13.911,13.483,11.949,11.103,5.485,18,16,3,555215.8,72,69,89,77,99,98,97,96,20.278,20.239,22.335,22.268,746.16,92976,0,0,317,14533,9,12,1,0,0,28,23,14,19,14,7,False,0,False
1066.6915,13.923,13.493,11.974,11.118,5.485,18,16,3,559855.56,72,69,88,76,99,98,97,96,20.282,20.242,22.348,22.276,759.938,92976,0,0,250,14533,9,12,1,0,0,28,23,14,19,14,7,False,0,False
1068.1897,13.949,13.518,11.986,11.129,5.471,18,16,3,572335.75,70,69,70,67,99,99,97,96,20.292,20.248,22.371,22.291,792.316,92976,0,0,250,14683,9,12,1,0,0,28,23,14,19,14,7,False,0,False
1068.6885,13.961,13.53,11.991,11.134,5.463,18,16,3,578540.06,70,70,68,68,99,99,97,96,20.295,20.251,22.373,22.293,807.062,92976,0,0,266,14683,9,12,1,0,0,28,23,14,19,14,7,False,0,False
1069.1858,13.977,13.547,11.999,11.145,5.455,18,16,3,588833.8,71,72,67,70,99,99,97,96,20.297,20.253,22.375,22.296,823.621,92976,0,0,266,14683,9,12,1,0,0,28,23,14,19,14,7,False,0,False
1069.6897,13.996,13.568,12.011,11.159,5.445,18,16,3,592034.6,72,74,69,72,99,99,97,96,20.299,20.257,22.376,22.299,843.105,92976,0,0,266,14816,9,12,1,0,0,28,23,14,19,14,7,False,0,False
1070.1906,14.028,13.602,12.028,11.175,5.434,18,16,3,594904.6,75,78,70,72,100,99,97,96,20.302,20.261,22.377,22.302,865.988,92976,0,0,233,14816,9,12,1,0,0,28,23,14,19,14,7,False,0,False
1070.6906,14.077,13.658,12.041,11.189,5.422,18,16,3,600080.56,77,81,69,70,100,99,97,96,20.307,20.269,22.378,22.305,888.016,92976,0,0,233,14816,9,12,1,0,0,28,23,14,19,14,7,False,0,False
1071.1892,14.099,13.68,12.045,11.192,5.408,18,16,3,594921.6,73,74,67,68,100,99,97,96,20.31,20.273,22.378,22.305,912.898,92976,0,0,317,14967,9,12,1,0,0,28,23,14,19,14,7,False,0,False
1071.6901,14.121,13.705,12.048,11.195,5.395,18,16,3,594406.3,71,71,66,65,100,99,97,96,20.311,20.274,22.377,22.305,940.688,92976,0,0,317,14967,9,12,1,0,0,28,23,14,19,14,7,False,0,False
1072.6919,14.185,13.763,12.074,11.219,5.369,18,16,3,585261.44,73,70,70,68,100,99,97,96,20.313,20.276,22.373,22.3,1002.047,92976,0,0,300,14950,9,12,1,0,0,28,23,14,19,14,7,False,0,False
1073.1888,14.206,13.78,12.08,11.227,5.355,18,16,3,576850.56,70,68,68,67,100,99,97,96,20.313,20.275,22.371,22.298,1033.898,92976,0,0,283,14950,9,12,1,0,0,28,23,14,19,14,7,False,0,False
1073.6901,14.221,13.792,12.082,11.23,5.341,18,16,3,568208.7,68,67,67,66,100,99,97,96,20.311,20.273,22.368,22.295,1067.59,92976,0,0,284,14950,9,12,1,0,0,28,23,14,19,14,7,False,0,False
1074.1888,14.233,13.803,12.083,11.23,5.329,18,16,3,564972.4,67,67,67,66,100,99,97,96,20.308,20.27,22.364,22.291,1102.809,92976,0,0,284,14950,9,12,1,0,0,28,23,14,19,14,7,False,0,False
1074.6901,14.243,13.813,12.083,11.23,5.315,18,16,3,556330.5,68,67,67,67,100,99,97,96,20.305,20.267,22.359,22.287,1139.281,92976,0,0,284,14950,9,12,1,0,0,28,23,14,19,14,7,False,0,False
1075.1909,14.252,13.822,12.083,11.23,5.301,18,16,3,547688.6,68,67,67,67,100,99,97,96,20.301,20.263,22.354,22.282,1177.004,92976,0,0,284,14950,9,12,1,0,0,28,23,14,19,14,7,False,0,False
1075.6849,14.261,13.832,12.083,11.23,5.287,18,16,3,539046.75,68,67,68,67,99,99,97,96,20.297,20.259,22.349,22.277,1215.867,92976,0,0,284,14916,9,12,1,0,0,28,23,14,19,14,7,False,0,False
1076.1908,14.27,13.841,12.083,11.23,5.273,18,16,3,530404.9,68,67,68,67,99,99,97,96,20.292,20.255,22.343,22.272,1255.758,92976,0,0,266,14916,9,12,1,0,0,28,23,14,19,14,7,False,0,False
1076.6925,14.278,13.85,12.083,11.23,5.261,18,16,3,527168.3,67,68,68,67,99,99,97,96,20.287,20.25,22.337,22.266,1296.441,92976,0,0,267,14884,9,12,1,0,0,28,23,14,19,14,7,False,0,False
1077.1907,14.286,13.859,12.084,11.231,5.247,18,16,3,518526.44,67,68,68,68,99,98,97,96,20.282,20.245,22.33,22.26,1337.898,92976,0,0,250,14850,9,12,1,0,0,28,23,14,19,14,7,False,0,False
1077.6912,14.294,13.868,12.084,11.231,5.233,18,16,3,509884.56,68,68,68,68,99,98,97,95,20.276,20.24,22.323,22.253,1380.086,92976,0,0,250,14850,9,12,1,0,0,28,23,14,19,14,7,False,0,False
1078.1926,14.309,13.883,12.103,11.25,5.222,18,16,3,516871.22,70,70,73,72,99,98,96,95,20.271,20.235,22.317,22.248,1422.246,92976,0,0,250,14784,9,12,1,0,0,28,23,14,19,14,7,False,0,False
1078.6918,14.352,13.916,12.165,11.291,5.22,18,16,3,549437.5,73,71,78,73,99,98,97,95,20.272,20.236,22.322,22.252,1456.84,92976,0,0,234,14784,9,12,1,0,0,28,23,14,19,14,7,False,0,False
1079.1903,14.375,13.942,12.183,11.307,5.219,18,16,3,576585.5,71,69,73,71,99,98,97,95,20.275,20.239,22.328,22.258,1483.848,92976,0,0,234,14784,9,12,1,0,0,28,23,14,19,14,7,False,0,False
1079.6902,14.412,13.973,12.224,11.343,5.219,18,16,3,599398.8,77,73,80,76,99,98,97,96,20.279,20.242,22.335,22.264,1505.203,92976,0,0,234,14784,9,12,1,0,0,28,23,14,19,14,7,False,0,False
1080.1892,14.454,14.004,12.293,11.399,5.219,18,16,3,618007.1,81,75,92,84,99,99,97,96,20.287,20.248,22.347,22.273,1521.602,92976,0,0,234,14817,9,12,1,0,0,28,23,14,19,14,7,False,0,False
1080.6886,14.484,14.025,12.351,11.451,5.217,18,16,3,627363.94,81,74,95,88,99,99,97,96,20.296,20.253,22.361,22.285,1542.727,92976,0,0,234,14817,9,12,1,0,0,28,23,14,19,14,7,False,0,False
1081.1929,14.508,14.046,12.387,11.476,5.211,18,16,3,633328.56,79,74,90,82,100,99,97,96,20.303,20.258,22.375,22.296,1564.102,92976,0,0,216,14817,9,12,1,0,0,28,23,14,19,14,7,False,0,False
1081.6891,14.531,14.066,12.403,11.489,5.205,18,16,3,639064.6,77,73,82,75,100,99,98,96,20.31,20.262,22.385,22.303,1581.133,92976,0,0,216,14817,9,12,1,0,0,28,23,14,19,14,7,False,0,False
1082.1898,14.564,14.095,12.424,11.506,5.196,18,16,3,644142.06,80,76,79,73,100,99,98,96,20.316,20.267,22.392,22.308,1598.539,92976,0,0,216,14916,9,12,1,0,0,28,23,14,19,14,7,False,0,False
1082.6887,14.621,14.147,12.433,11.515,5.186,18,16,3,646946.25,85,81,73,69,100,99,98,96,20.324,20.273,22.397,22.312,1616.867,92976,0,0,300,14916,9,12,1,0,0,28,23,14,19,14,7,False,0,False
1083.1897,14.651,14.178,12.44,11.522,5.173,18,16,3,643452.75,78,76,70,67,100,99,98,96,20.331,20.28,22.399,22.314,1638.41,92976,0,0,300,14916,9,12,1,0,0,28,23,14,19,14,7,False,0,False
1083.6881,14.677,14.204,12.442,11.525,5.16,18,16,3,638794,74,73,68,66,100,99,98,96,20.335,20.283,22.4,22.314,1662.555,92976,0,0,300,14833,9,12,1,0,0,28,23,14,19,14,7,False,0,False
1084.1908,14.694,14.22,12.442,11.525,5.147,18,16,3,638251.56,70,69,65,65,100,99,98,96,20.337,20.285,22.399,22.314,1689.289,92976,0,0,267,14833,9,12,1,0,0,28,23,14,19,14,7,False,0,False
1084.6887,14.707,14.235,12.444,11.526,5.133,18,16,3,631283.6,70,70,67,67,100,99,98,96,20.336,20.285,22.398,22.312,1718.316,92976,0,0,267,14766,9,12,1,0,0,28,23,14,19,14,7,False,0,False
1085.1906,14.725,14.257,12.455,11.536,5.12,18,16,3,628882.6,70,72,68,70,100,99,98,96,20.336,20.286,22.396,22.312,1749.094,92976,0,0,216,14766,9,12,1,0,0,28,23,14,19,14,7,False,0,False
1085.6884,14.751,14.29,12.477,11.558,5.107,18,16,3,620361.3,71,73,70,72,100,99,98,96,20.335,20.287,22.395,22.312,1781.41,92976,0,0,184,14734,9,12,1,0,0,28,23,14,19,14,7,False,0,False
1086.191,14.775,14.321,12.496,11.576,5.093,18,16,3,611719.44,71,73,70,71,100,99,98,96,20.335,20.288,22.393,22.311,1815.836,92976,30135,0,184,14734,9,12,1,0,0,28,23,14,19,14,7,False,0,False
1086.6876,14.791,14.338,12.508,11.588,5.085,18,16,3,624172.94,69,69,70,69,100,99,98,96,20.333,20.288,22.391,22.309,1851.387,92976,30135,0,184,14734,9,12,1,0,0,28,23,14,19,14,7,False,0,False
1087.1874,14.86,14.392,12.612,11.676,5.084,18,16,3,654265.3,83,77,93,85,100,99,98,96,20.336,20.289,22.395,22.313,1880.512,92976,30135,0,184,14716,9,12,1,0,0,28,23,14,19,14,7,False,0,False
1087.6877,14.92,14.437,12.743,11.782,5.084,18,16,3,677905.2,82,75,102,92,100,99,98,97,20.343,20.294,22.408,22.323,1907.219,92976,30135,0,166,14733,9,12,1,0,0,28,23,14,19,14,7,False,0,False
1088.1901,14.973,14.477,12.837,11.857,5.077,18,16,3,685261.75,84,76,96,88,100,99,98,97,20.35,20.298,22.422,22.332,1932.629,92976,30135,0,166,14733,9,12,1,0,0,28,23,14,19,14,7,False,0,False
1088.6895,15.025,14.519,12.879,11.89,5.067,18,16,3,692069.25,81,75,83,76,101,100,98,97,20.357,20.302,22.43,22.338,1957.266,92976,30135,0,183,14733,9,12,1,0,0,28,23,14,19,14,7,False,0,False
1089.6853,15.078,14.58,12.92,11.935,5.043,18,16,3,697942.25,73,78,75,77,101,100,98,97,20.36,20.304,22.431,22.34,2011.637,92976,30135,0,283,14850,9,12,1,0,0,28,23,14,19,14,7,False,0,False
1090.1891,15.143,14.66,12.978,12.012,5.031,18,16,3,701177.56,80,84,78,86,101,100,98,97,20.362,20.31,22.432,22.343,2042.598,92976,30135,0,316,14850,9,12,1,0,0,28,23,14,19,14,7,False,0,False
1090.6918,15.202,14.728,13.032,12.076,5.017,18,16,3,695687.9,79,83,77,82,101,100,98,97,20.365,20.315,22.434,22.348,2072.879,92976,30135,0,316,14934,9,12,1,0,0,28,23,14,19,14,7,False,0,False
1091.1907,15.241,14.775,13.068,12.117,5.005,18,16,3,693116.2,75,78,74,78,101,100,98,97,20.366,20.318,22.433,22.349,2103.508,92976,30135,0,367,14934,9,12,1,0,0,28,23,14,19,14,7,False,0,False
1091.6914,15.299,14.836,13.114,12.151,4.991,18,16,3,684559.2,74,80,75,74,101,100,98,97,20.367,20.321,22.432,22.349,2135.934,92976,30135,0,367,14934,9,12,1,0,0,28,23,14,19,14,7,False,0,False
1092.1881,15.315,14.856,13.122,12.159,4.977,18,16,3,677994.44,70,71,70,69,101,100,98,97,20.365,20.321,22.429,22.347,2169.426,92976,30135,0,383,14934,9,12,1,0,0,28,23,14,19,14,7,False,0,False
1092.6895,15.338,14.879,13.147,12.186,4.975,18,16,3,707030.06,71,70,72,72,101,100,98,97,20.365,20.321,22.429,22.348,2199.426,92976,30135,0,400,14950,9,12,1,0,0,28,23,14,19,14,7,False,0,False
1093.1882,15.357,14.894,13.16,12.2,4.974,18,16,3,732933.8,70,69,72,70,101,100,98,97,20.366,20.322,22.433,22.351,2223.348,92976,30135,0,400,14950,9,12,1,0,0,28,23,14,19,14,7,False,0,False
1093.6898,15.368,14.902,13.168,12.209,4.974,18,16,3,755223.7,70,67,71,69,101,100,98,97,20.367,20.323,22.436,22.354,2242.852,92976,30135,0,400,14950,9,12,1,0,0,28,23,14,19,14,7,False,0,False
1094.191,15.387,14.917,13.197,12.234,4.974,18,16,3,773318.2,73,69,78,74,101,100,99,97,20.37,20.324,22.44,22.358,2257.828,92976,30135,0,400,15033,9,12,1,0,0,28,23,14,19,14,7,False,0,False
1095.188,15.417,14.941,13.295,12.301,4.972,18,16,3,793563,73,70,95,82,101,100,99,97,20.377,20.329,22.462,22.373,2282.441,92976,30135,0,450,14983,9,12,1,0,0,28,23,14,19,14,7,False,0,False
1095.6902,15.431,14.953,13.309,12.313,4.968,18,16,3,799016.2,74,70,88,78,101,100,99,98,20.381,20.331,22.474,22.38,2295.805,92976,30135,0,450,14983,9,12,1,0,0,28,23,14,19,14,7,False,0,False
1096.1893,15.45,14.969,13.321,12.323,4.963,18,16,3,805050.2,76,71,82,74,101,100,99,98,20.385,20.333,22.482,22.386,2308.176,92976,30135,0,450,14983,9,12,1,0,0,28,23,14,19,14,7,False,0,False
1096.6888,15.464,14.983,13.328,12.329,4.956,18,16,3,811876.56,74,71,76,70,101,100,99,98,20.389,20.335,22.487,22.389,2321.168,92976,30135,0,333,14983,9,12,1,0,0,28,23,14,19,14,7,False,0,False
1097.1879,15.491,15.014,13.332,12.333,4.946,18,16,3,815927,78,78,72,68,101,100,99,98,20.392,20.338,22.49,22.391,2336.27,92976,30135,0,333,14983,9,12,1,0,0,28,23,14,19,14,7,False,0,False
1097.6874,15.622,15.146,13.337,12.339,4.933,18,16,3,823860.25,111,109,70,67,101,100,99,98,20.404,20.35,22.491,22.391,2353.965,92976,30135,0,333,15134,9,12,1,0,0,28,23,14,19,14,7,False,0,False
1098.1904,15.72,15.236,13.339,12.342,4.923,18,16,3,833738.5,98,96,67,66,102,101,99,98,20.424,20.37,22.491,22.391,2373.762,92976,30135,0,434,15134,9,12,1,0,0,28,23,14,19,14,7,False,0,False
1098.6917,15.738,15.257,13.341,12.343,4.91,18,16,3,830122.44,78,77,66,67,102,101,99,98,20.432,20.377,22.49,22.39,2396.039,92976,30135,0,434,15134,9,12,1,0,0,28,23,14,19,14,7,False,0,False
1099.1901,15.756,15.277,13.341,12.343,4.897,18,16,3,828165.3,73,72,65,66,102,101,99,98,20.434,20.379,22.487,22.389,2421.027,92976,30135,0,383,15083,9,12,1,0,0,28,23,14,19,14,7,False,0,False
1100.1884,15.79,15.313,13.341,12.344,4.871,18,16,3,754005.4,70,70,66,66,102,101,99,98,20.433,20.379,22.481,22.384,2478.168,92976,30135,0,400,15083,9,12,1,0,0,28,23,14,19,14,7,False,0,False
1100.687,15.801,15.325,13.341,12.344,4.857,18,16,3,745818.25,69,69,66,66,102,101,99,98,20.431,20.377,22.477,22.381,2509.672,92976,30135,0,400,15083,9,12,1,0,0,28,23,14,19,14,7,False,0,False
1101.189,15.812,15.338,13.343,12.345,4.843,18,16,3,737179.56,69,69,67,67,102,101,99,97,20.428,20.375,22.473,22.378,2542.836,92976,30135,0,384,15084,9,12,1,0,0,28,23,14,19,14,7,False,0,False
1101.6882,15.826,15.354,13.351,12.352,4.829,18,16,3,728537.7,69,71,68,69,102,101,99,97,20.424,20.372,22.469,22.374,2577.5,92976,30135,0,383,15083,9,12,1,0,0,28,23,14,19,14,7,False,0,False
1102.1891,15.858,15.396,13.385,12.386,4.817,18,16,3,725266.5,72,75,72,74,102,101,99,97,20.422,20.371,22.465,22.371,2612.711,92976,30135,0,383,15083,9,12,1,0,0,28,23,14,19,14,7,False,0,False
1102.6901,15.892,15.441,13.432,12.432,4.812,18,16,3,749283.8,73,76,75,78,102,101,99,97,20.421,20.372,22.464,22.373,2647.496,92976,30135,0,367,15083,9,12,1,0,0,28,23,14,19,14,7,False,0,False
1103.1888,15.926,15.482,13.471,12.47,4.81,18,16,3,775818.3,73,76,76,78,102,101,99,97,20.423,20.376,22.468,22.378,2675.691,92976,30135,0,367,15050,9,12,1,0,0,28,23,14,19,14,7,False,0,False
1104.1898,15.954,15.518,13.499,12.498,4.809,18,16,3,818959.6,68,71,71,73,102,101,99,98,20.426,20.383,22.476,22.389,2714.289,92976,30135,0,400,15083,9,12,1,0,0,28,23,14,19,14,7,False,0,False
1104.6881,15.964,15.531,13.515,12.516,4.809,18,16,3,835190.8,69,72,72,76,102,101,99,98,20.426,20.385,22.479,22.394,2728.449,92976,30135,0,400,15083,9,12,1,0,0,28,23,14,19,14,7,False,0,False
1105.188,15.977,15.547,13.539,12.552,4.809,18,16,3,847111.5,70,73,76,83,102,101,99,98,20.428,20.389,22.483,22.401,2738.527,92976,30135,0,400,15167,9,12,1,0,0,28,23,14,19,14,7,False,0,False
1105.6913,15.986,15.556,13.553,12.577,4.807,18,16,3,852693.7,70,72,75,86,102,101,99,98,20.429,20.392,22.489,22.411,2752.527,92976,30135,0,450,15167,9,12,1,0,0,28,23,14,19,14,7,False,0,False
1106.1874,15.996,15.567,13.56,12.585,4.803,18,16,3,857597.4,71,73,73,80,102,101,99,98,20.43,20.395,22.492,22.42,2768.367,92976,30135,0,450,15284,9,12,1,0,0,28,23,14,19,14,7,False,0,False
1107.1874,16.046,15.613,13.569,12.594,4.788,18,16,3,867080.94,78,78,68,72,102,101,99,98,20.437,20.403,22.496,22.429,2792.762,92976,30135,0,450,15284,9,12,1,0,0,28,23,14,19,14,7,False,0,False
1108.1901,16.15,15.708,13.57,12.596,4.765,18,16,3,883127.4,86,85,65,66,102,102,99,98,20.452,20.418,22.495,22.431,2828.031,92976,30135,0,534,15284,9,12,1,0,0,28,23,14,19,14,7,False,0,False
1108.6835,16.176,15.734,13.57,12.596,4.753,18,16,3,879596.06,76,76,65,65,102,102,99,98,20.457,20.423,22.494,22.43,2849.82,92976,30135,0,500,15217,9,12,1,0,0,28,23,14,19,14,7,False,0,False
1109.1858,16.198,15.756,13.57,12.596,4.739,18,16,3,874547.56,72,72,66,65,102,102,99,98,20.459,20.425,22.492,22.429,2874.527,92976,30135,0,500,15217,9,12,1,0,0,28,23,14,19,14,7,False,0,False
1109.686,16.214,15.772,13.57,12.596,4.726,18,16,3,873783.44,70,69,66,66,102,102,99,98,20.458,20.425,22.489,22.427,2901.691,92976,30135,0,417,15133,9,12,1,0,0,28,23,14,19,14,7,False,0,False
1110.1888,16.228,15.786,13.57,12.596,4.712,18,16,3,866522.2,69,69,66,66,102,102,99,98,20.457,20.424,22.486,22.424,2931.199,92976,30135,0,417,15133,9,12,1,0,0,28,23,14,19,14,7,False,0,False
1110.6881,16.24,15.798,13.571,12.596,4.699,18,16,3,863866,68,68,67,67,102,102,99,98,20.454,20.422,22.483,22.421,2962.652,92976,30135,0,400,15133,9,12,1,0,0,28,23,14,19,14,7,False,0,False
1111.189,16.252,15.81,13.571,12.596,4.686,18,16,3,855226.44,68,68,67,67,102,102,99,98,20.451,20.419,22.479,22.418,2995.922,92976,30135,0,400,15100,9,12,1,0,0,28,23,14,19,14,7,False,0,False
1111.6892,16.262,15.821,13.571,12.596,4.672,18,16,3,846584.56,68,68,67,67,102,102,99,98,20.448,20.416,22.475,22.414,3030.855,92976,30135,0,400,15083,9,12,1,0,0,28,23,14,19,14,7,False,0,False
1112.1854,16.272,15.831,13.571,12.596,4.658,18,16,3,837942.7,68,68,68,67,102,102,99,98,20.444,20.413,22.471,22.41,3067.246,92976,30135,0,400,15083,9,12,1,0,0,28,23,14,19,14,7,False,0,False
1112.6898,16.282,15.84,13.571,12.596,4.645,18,16,3,835096.4,68,68,68,67,102,102,99,98,20.44,20.409,22.465,22.405,3104.832,92976,30135,0,400,15066,9,12,1,0,0,28,23,14,19,14,7,False,0,False
1113.1896,16.291,15.85,13.571,12.596,4.631,18,16,3,826454.5,68,68,68,67,102,101,99,98,20.435,20.405,22.46,22.4,3143.559,92976,30135,0,384,15066,9,12,1,0,0,28,23,14,19,14,7,False,0,False
1113.6865,16.3,15.858,13.571,12.596,4.618,18,16,3,817812.6,68,68,68,68,102,101,99,98,20.43,20.4,22.454,22.395,3183.359,92976,30135,0,383,15016,9,12,1,0,0,28,23,14,19,14,7,False,0,False
1114.1862,16.309,15.867,13.571,12.596,4.605,18,16,3,814606.75,68,68,68,68,102,101,99,98,20.425,20.395,22.447,22.388,3224.031,92976,30135,0,367,15016,9,12,1,0,0,28,23,14,19,14,7,False,0,False
1114.689,16.318,15.875,13.571,12.596,4.591,18,16,3,805964.9,68,68,68,68,102,101,99,98,20.419,20.389,22.441,22.382,3265.469,92976,30135,0,367,14950,9,12,1,0,0,28,23,14,19,14,7,False,0,False
1115.1866,16.327,15.883,13.571,12.596,4.577,18,16,3,797323,68,68,68,68,102,101,98,97,20.413,20.383,22.433,22.375,3307.672,92976,30135,0,367,14950,9,12,1,0,0,28,23,14,19,14,7,False,0,False
1115.6844,16.336,15.892,13.576,12.601,4.563,18,16,3,794344.4,69,68,70,70,101,101,98,97,20.407,20.377,22.426,22.368,3350.484,92976,30135,0,367,14950,9,12,1,0,0,28,23,14,19,14,7,False,0,False
1116.184,16.368,15.924,13.621,12.645,4.56,18,16,3,827670.4,71,71,75,74,101,101,98,97,20.406,20.376,22.427,22.37,3387.699,92976,30135,0,350,14883,9,12,1,0,0,28,23,14,19,14,7,False,0,False
1116.685,16.389,15.949,13.645,12.668,4.56,18,16,3,857189.7,69,73,73,73,101,101,98,97,20.406,20.378,22.432,22.375,3416.961,92976,30135,0,350,14883,9,12,1,0,0,28,23,14,19,14,7,False,0,False
1117.1869,16.414,15.983,13.681,12.71,4.56,18,16,3,883059.44,71,76,76,80,101,101,98,98,20.408,20.381,22.437,22.382,3440.695,92976,30135,0,350,14933,9,12,1,0,0,28,23,14,19,14,7,False,0,False
1117.6902,16.441,16.023,13.727,12.764,4.559,18,16,3,893323.06,72,81,81,84,102,101,99,98,20.41,20.387,22.444,22.391,3463.176,92976,30135,0,383,14933,9,12,1,0,0,28,23,14,19,14,7,False,0,False
1118.1909,16.49,16.073,13.767,12.832,4.553,18,16,3,900546.56,81,84,81,93,102,101,99,98,20.413,20.394,22.45,22.401,3488.773,92976,30135,0,383,14966,9,12,1,0,0,28,23,14,19,14,7,False,0,False
1118.6907,16.525,16.117,13.808,12.881,4.544,18,16,3,907094.4,78,82,79,87,102,101,99,98,20.419,20.401,22.457,22.413,3510.641,92976,30135,0,400,14966,9,12,1,0,0,28,23,14,19,14,7,False,0,False
1119.1884,16.559,16.16,13.841,12.922,4.535,18,16,3,913617.44,76,81,77,83,102,101,99,98,20.422,20.408,22.462,22.421,3532.438,92976,30135,0,400,14966,9,12,1,0,0,28,23,14,19,14,7,False,0,False
1119.688,16.59,16.198,13.867,12.95,4.524,18,16,3,919921.06,74,79,74,78,102,102,99,98,20.425,20.413,22.465,22.427,3555.23,92976,30135,0,400,14983,9,12,1,0,0,28,23,14,19,14,7,False,0,False
1120.689,16.673,16.297,13.935,13.023,4.499,18,16,3,931733.94,77,82,75,78,102,102,99,98,20.429,20.422,22.47,22.434,3605.082,92976,30135,0,400,15017,9,12,1,0,0,28,23,14,19,14,7,False,0,False
1121.1882,16.711,16.342,13.964,13.053,4.485,18,16,3,925012.5,75,80,74,76,102,102,99,98,20.431,20.426,22.471,22.436,3632.809,92976,30135,0,367,15017,9,12,1,0,0,28,23,14,19,14,7,False,0,False
1122.1862,16.776,16.422,14.01,13.098,4.459,18,16,3,914869.44,70,74,70,70,102,102,99,98,20.431,20.431,22.47,22.437,3694.617,92976,30135,0,317,15050,9,12,1,0,0,28,23,14,19,14,7,False,0,False
1122.6892,16.792,16.437,14.016,13.104,4.445,18,16,3,906237.56,71,70,70,68,102,102,99,98,20.428,20.429,22.467,22.434,3727.824,92976,30135,0,300,15050,9,12,1,0,0,28,23,14,19,14,7,False,0,False
1123.187,16.837,16.473,14.065,13.15,4.431,18,16,3,897595.7,78,74,81,76,102,102,99,98,20.427,20.427,22.465,22.432,3761.75,92976,30135,0,300,15050,9,12,1,0,0,28,23,14,19,14,7,False,0,False
1123.6895,16.945,16.564,14.206,13.271,4.417,18,16,3,888953.8,88,83,93,87,102,102,99,98,20.431,20.428,22.469,22.434,3796.539,92976,30135,0,300,15067,9,12,1,0,0,28,23,14,19,14,7,False,0,False
1124.1892,17.033,16.637,14.305,13.36,4.404,18,16,3,880311.94,82,78,86,81,102,102,99,98,20.435,20.43,22.473,22.435,3832.621,92976,30135,0,317,15084,9,12,1,0,0,28,23,14,19,14,7,False,0,False
1124.6882,17.117,16.707,14.407,13.451,4.391,18,16,3,877121.75,83,78,87,82,102,102,99,98,20.437,20.43,22.475,22.435,3869.66,92976,30135,0,317,15084,9,12,1,0,0,28,23,14,19,14,7,False,0,False
1125.6895,17.271,16.834,14.581,13.611,4.363,18,16,3,859838,81,76,83,78,102,102,99,98,20.439,20.428,22.477,22.433,3943.578,92976,30135,0,300,15084,9,12,1,0,0,28,23,14,19,14,7,False,0,False
1126.1877,17.335,16.886,14.642,13.669,4.35,18,16,3,851196.1,77,74,79,74,102,102,99,98,20.439,20.426,22.475,22.43,3979.844,92976,30135,0,300,15066,9,12,1,0,0,28,23,14,19,14,7,False,0,False
1127.6875,17.43,16.968,14.733,13.758,4.331,18,16,3,897093.7,75,71,78,75,102,102,99,98,20.434,20.418,22.472,22.427,4078.785,92976,30135,40509,300,15066,9,12,1,0,0,28,23,14,19,14,7,False,0,False
1128.1898,17.474,17.001,14.794,13.808,4.331,18,16,3,919847.8,80,74,86,80,102,102,99,98,20.437,20.419,22.479,22.432,4101.281,92976,30135,40509,300,15066,9,12,1,0,0,28,23,14,19,14,7,False,0,False
1128.6874,17.512,17.029,14.863,13.859,4.331,18,16,3,936361.1,80,74,93,83,102,102,99,98,20.442,20.421,22.489,22.438,4121.297,92976,30135,40509,300,15066,9,12,1,0,0,28,23,14,19,14,7,False,0,False
1129.6882,17.582,17.085,14.978,13.943,4.319,18,16,3,949992.7,81,76,90,80,102,102,100,99,20.451,20.425,22.511,22.452,4164.371,92976,30135,40509,283,15083,9,12,1,0,0,28,23,14,19,14,7,False,0,False
1130.187,17.618,17.116,15.007,13.966,4.31,18,16,3,956359.56,80,76,82,75,102,102,100,99,20.456,20.428,22.519,22.456,4184.652,92976,30135,40509,283,15117,9,12,1,0,0,28,23,14,19,14,7,False,0,False
1130.6863,17.648,17.143,15.024,13.981,4.299,18,16,3,962131.8,77,74,76,71,102,102,100,99,20.459,20.429,22.522,22.458,4206.23,92976,30135,40509,300,15117,9,12,1,0,0,28,23,14,19,14,7,False,0,False
1131.1888,17.68,17.173,15.031,13.989,4.285,18,16,3,957208.2,75,74,71,68,102,102,100,99,20.461,20.431,22.523,22.458,4230.352,92976,30135,40509,300,15117,9,12,1,0,0,28,23,14,19,14,7,False,0,False
1131.6862,17.695,17.188,15.031,13.989,4.272,18,16,3,956641.1,72,70,67,67,102,102,100,99,20.461,20.43,22.521,22.456,4257.273,92976,30135,40509,316,15133,9,12,1,0,0,28,23,14,19,14,7,False,0,False
1132.1882,17.709,17.202,15.032,13.99,4.258,18,16,3,949541.3,70,70,67,67,102,102,100,99,20.459,20.428,22.518,22.453,4286.457,92976,30135,40509,316,15133,9,12,1,0,0,28,23,14,19,14,7,False,0,False
1133.6869,17.742,17.235,15.032,13.99,4.218,18,16,3,929709.3,69,69,67,67,102,102,100,99,20.45,20.419,22.506,22.442,4384.617,92976,30135,40509,283,15133,9,12,1,0,0,28,23,14,19,14,7,False,0,False
1134.1866,17.751,17.244,15.032,13.99,4.205,18,16,3,926383,69,69,67,67,102,102,100,98,20.445,20.415,22.501,22.437,4420.172,92976,30135,40509,300,15133,9,12,1,0,0,28,23,14,19,14,7,False,0,False
1134.687,17.761,17.253,15.032,13.99,4.192,18,16,3,917741.1,69,69,67,67,102,102,99,98,20.441,20.41,22.495,22.431,4456.91,92976,30135,40509,300,15134,9,12,1,0,0,28,23,14,19,14,7,False,0,False
1135.189,17.77,17.263,15.032,13.99,4.178,18,16,3,909099.25,69,69,67,67,102,101,99,98,20.436,20.406,22.489,22.426,4494.789,92976,30135,40509,284,15134,9,12,1,0,0,28,23,14,19,14,7,False,0,False
1135.6885,17.779,17.273,15.032,13.99,4.164,18,16,3,900457.4,69,69,68,68,102,101,99,98,20.43,20.401,22.482,22.419,4533.707,92976,30135,40509,266,15116,9,12,1,0,0,28,23,14,19,14,7,False,0,False
1136.186,17.787,17.282,15.032,13.99,4.15,18,16,3,891815.5,69,69,68,67,102,101,99,98,20.425,20.395,22.475,22.413,4573.555,92976,30135,40509,266,15116,9,12,1,0,0,28,23,14,19,14,7,False,0,False
1136.6855,17.795,17.29,15.032,13.99,4.137,18,16,3,888568.7,70,70,68,68,102,101,99,98,20.419,20.39,22.468,22.406,4614.121,92976,30135,40509,266,15100,9,12,1,0,0,28,23,14,19,14,7,False,0,False
1137.186,17.803,17.298,15.032,13.99,4.124,18,16,3,879926.8,70,70,69,68,102,101,99,98,20.413,20.384,22.461,22.399,4655.359,92976,30135,40509,250,15083,9,12,1,0,0,28,23,14,19,14,7,False,0,False
1137.6897,17.811,17.307,15.032,13.99,4.11,18,16,3,871284.94,70,70,69,69,101,101,99,98,20.407,20.378,22.453,22.392,4697.219,92976,30135,40509,234,15084,9,12,1,0,0,28,23,14,19,14,7,False,0,False
1138.1865,17.82,17.315,15.032,13.99,4.096,18,16,3,862643.06,70,71,69,69,101,101,99,98,20.401,20.372,22.445,22.384,4739.621,92976,30135,40509,234,15084,9,12,1,0,0,28,23,14,19,14,7,False,0,False
1138.6891,17.829,17.323,15.032,13.99,4.082,18,16,3,854001.2,70,71,69,68,101,101,98,97,20.394,20.366,22.437,22.376,4782.492,92976,30135,40509,234,15067,9,12,1,0,0,28,23,14,19,14,7,False,0,False
1139.1815,17.855,17.35,15.076,14.018,4.074,18,16,3,872404.06,73,72,77,73,101,101,98,97,20.39,20.361,22.432,22.371,4823.762,92976,30135,40509,200,15050,9,12,1,0,0,28,23,14,19,14,7,False,0,False
1139.6888,17.876,17.371,15.091,14.033,4.073,18,16,3,905647.06,69,69,70,70,101,101,98,97,20.389,20.361,22.435,22.374,4857.254,92976,30135,40509,200,15033,9,12,1,0,0,28,23,14,19,14,7,False,0,False
1140.1866,17.894,17.39,15.104,14.046,4.072,18,16,3,932965.4,70,69,70,70,101,101,98,97,20.389,20.361,22.438,22.377,4884.152,92976,30135,40509,200,15100,9,12,1,0,0,28,23,14,19,14,7,False,0,False
1140.6884,17.919,17.41,15.138,14.076,4.072,18,16,3,954802.3,74,70,78,75,101,101,99,98,20.391,20.363,22.443,22.382,4905.336,92976,30135,40509,200,15100,9,12,1,0,0,28,23,14,19,14,7,False,0,False
1141.1868,17.954,17.434,15.2,14.122,4.072,18,16,3,964600.1,78,72,88,80,101,101,99,98,20.396,20.365,22.453,22.39,4922.75,92976,30135,40509,267,15100,9,12,1,0,0,28,23,14,19,14,7,False,0,False
1142.185,18.009,17.48,15.322,14.203,4.063,18,16,3,978736.5,79,75,92,80,101,101,99,98,20.406,20.371,22.479,22.406,4963.855,92976,30135,40509,267,15133,9,12,1,0,0,28,23,14,19,14,7,False,0,False
1142.6863,18.041,17.507,15.338,14.216,4.055,18,16,3,984710.8,78,74,80,73,102,101,99,98,20.411,20.375,22.488,22.412,4981.699,92976,30135,40509,283,15133,9,12,1,0,0,28,23,14,19,14,7,False,0,False
1143.1868,18.06,17.525,15.348,14.225,4.044,18,16,3,989416.5,74,72,74,69,102,101,99,98,20.415,20.377,22.492,22.414,5001.844,92976,30135,40509,283,15117,9,12,1,0,0,28,23,14,19,14,7,False,0,False
1143.6841,18.087,17.549,15.361,14.237,4.032,18,16,3,993124.44,75,73,72,69,102,101,99,98,20.417,20.378,22.494,22.415,5023.457,92976,30135,40509,250,15117,9,12,1,0,0,28,23,14,19,14,7,False,0,False
1145.1842,18.162,17.619,15.377,14.255,3.992,18,16,3,980130.6,70,69,67,66,102,101,99,98,20.421,20.381,22.493,22.412,5103.414,92976,30135,40509,234,15116,9,12,1,0,0,28,23,14,19,14,7,False,0,False
1145.6848,18.176,17.632,15.377,14.255,3.979,18,16,3,977515.94,70,69,65,66,102,101,99,98,20.419,20.379,22.49,22.41,5134.719,92976,30135,40509,233,15116,9,12,1,0,0,28,23,14,19,14,7,False,0,False
1146.183,18.19,17.643,15.377,14.255,3.965,18,16,3,968894.56,70,69,67,68,102,101,99,98,20.418,20.377,22.487,22.407,5167.625,92976,30135,40509,233,15116,9,12,1,0,0,28,23,14,19,14,7,False,0,False
1146.6864,18.2,17.654,15.377,14.255,3.951,18,16,3,960252.7,70,69,67,67,102,101,99,98,20.415,20.374,22.483,22.404,5202.125,92976,30135,40509,267,15116,9,12,1,0,0,28,23,14,19,14,7,False,0,False
1147.6863,18.218,17.673,15.377,14.255,3.925,18,16,3,948340.7,69,69,68,67,101,101,99,98,20.409,20.368,22.474,22.396,5274.82,92976,30135,40509,267,15134,9,12,1,0,0,28,23,14,19,14,7,False,0,False
1148.1855,18.228,17.682,15.377,14.255,3.911,18,16,3,939698.8,69,69,68,67,101,101,99,98,20.405,20.365,22.469,22.391,5312.832,92976,30135,40509,283,15134,9,12,1,0,0,28,23,14,19,14,7,False,0,False
1148.6869,18.237,17.691,15.377,14.255,3.897,18,16,3,931056.94,68,68,68,68,101,101,99,98,20.4,20.361,22.463,22.386,5351.895,92976,30135,40509,267,15117,9,12,1,0,0,28,23,14,19,14,7,False,0,False
1149.1826,18.246,17.7,15.377,14.255,3.884,18,16,3,922415.06,68,68,68,68,101,101,99,98,20.395,20.355,22.457,22.38,5391.957,92976,30135,40509,267,15117,9,12,1,0,0,28,23,14,19,14,7,False,0,False
1149.6841,18.254,17.708,15.377,14.255,3.871,18,16,4,919242.1,68,68,68,68,101,100,99,97,20.389,20.35,22.45,22.374,24.008,93503,0,0,267,15100,9,13,1,0,0,28,23,14,19,14,7,False,0,False
1150.184,18.262,17.716,15.377,14.255,3.857,18,16,4,910600.25,68,68,68,68,101,100,99,97,20.383,20.344,22.443,22.367,65.738,93503,0,0,267,15100,9,13,1,0,0,28,23,14,19,14,7,False,0,False
1150.6864,18.271,17.724,15.377,14.255,3.843,18,16,4,901958.4,68,68,68,68,101,100,98,97,20.377,20.338,22.435,22.36,108.184,93503,0,0,250,15067,9,13,1,0,0,28,23,14,19,14,7,False,0,False
1151.1821,18.279,17.732,15.377,14.255,3.829,18,16,4,893316.5,68,68,68,68,101,100,98,97,20.37,20.332,22.428,22.352,151.34,93503,0,0,233,15067,9,13,1,0,0,28,23,14,19,14,7,False,0,False
1152.1804,18.299,17.752,15.377,14.255,3.802,18,16,4,805843.94,69,68,68,68,101,100,98,97,20.356,20.318,22.411,22.336,239.805,93503,0,0,216,14983,9,13,1,0,0,28,23,14,19,14,7,False,0,False
1152.6869,18.31,17.763,15.377,14.255,3.788,18,16,4,750052.2,69,69,69,69,100,100,98,97,20.348,20.311,22.402,22.328,285.203,93503,0,0,200,14983,9,13,1,0,0,28,23,14,19,14,7,False,0,False
1153.6849,18.331,17.782,15.378,14.257,3.76,18,16,4,658404.06,68,68,69,68,100,99,98,96,20.333,20.296,22.384,22.31,377.879,93503,0,0,150,14866,9,13,1,0,0,28,23,14,19,14,7,False,0,False
1154.1849,18.339,17.789,15.378,14.257,3.747,18,16,4,651074.4,68,68,68,68,100,99,97,96,20.324,20.287,22.374,22.301,424.766,93503,0,0,134,14866,9,13,1,0,0,28,23,14,19,14,7,False,0,False
1154.6859,18.345,17.799,15.38,14.257,3.733,18,16,4,643876.4,68,68,69,68,100,99,97,96,20.316,20.279,22.364,22.292,471.855,93503,0,0,134,14767,9,13,1,0,0,28,23,14,19,14,7,False,0,False
1155.1859,18.352,17.808,15.381,14.258,3.719,18,16,4,636789.2,69,69,69,69,100,99,97,96,20.307,20.271,22.354,22.283,519.098,93503,0,0,117,14700,9,13,1,0,0,28,23,14,19,14,7,False,0,False
1155.6852,18.361,17.815,15.381,14.258,3.705,18,16,4,629699.7,69,69,69,69,99,99,97,96,20.298,20.262,22.345,22.273,566.328,93503,0,0,84,14700,9,13,1,0,0,28,23,14,19,14,7,False,0,False
1156.1829,18.376,17.831,15.399,14.277,3.694,18,16,4,639061.1,71,72,74,73,99,99,97,96,20.29,20.254,22.337,22.265,612.684,93503,0,0,66,14633,9,13,1,0,0,28,23,14,19,14,7,False,0,False
1156.6875,18.414,17.867,15.443,14.321,3.692,18,16,4,674775.3,72,72,75,74,99,99,97,96,20.289,20.254,22.34,22.269,650.828,93503,0,0,67,14584,9,13,1,0,0,28,23,14,19,14,7,False,0,False
1157.1852,18.445,17.898,15.472,14.35,3.692,18,16,4,703578.4,72,72,74,73,99,99,97,96,20.292,20.257,22.347,22.276,679.844,93503,0,0,67,14583,8,13,1,0,0,28,23,14,19,14,7,False,0,False
1157.6869,18.462,17.913,15.482,14.361,3.691,18,16,4,727213.4,70,69,71,70,99,99,97,96,20.295,20.26,22.353,22.283,701.891,93503,0,0,67,14583,8,13,1,0,0,28,23,14,19,14,7,False,0,False
1158.1843,18.478,17.926,15.501,14.378,3.691,18,16,4,746698.75,71,69,74,71,99,99,97,96,20.298,20.263,22.359,22.289,718.75,93503,0,0,67,14583,8,13,1,0,0,28,23,14,19,14,7,False,0,False
1158.6852,18.499,17.942,15.543,14.41,3.691,18,16,4,762158.3,74,70,84,76,100,99,97,96,20.303,20.266,22.368,22.296,731.492,93503,0,0,67,14566,8,13,1,0,0,28,23,14,19,14,7,False,0,False
1159.1857,18.512,17.952,15.595,14.448,3.69,18,16,4,771258.5,73,69,94,83,100,99,98,96,20.308,20.27,22.381,22.305,746.68,93503,0,0,883,14566,8,13,1,0,0,28,23,14,19,14,7,False,0,False
1159.6848,18.524,17.963,15.635,14.473,3.688,18,16,4,776237.4,73,70,96,82,100,99,98,96,20.312,20.273,22.396,22.316,758.602,93503,0,0,883,14566,8,13,1,0,0,28,23,14,19,14,7,False,0,False
1160.1841,18.538,17.973,15.653,14.487,3.685,18,16,4,781338.4,74,70,89,79,100,99,98,97,20.317,20.276,22.41,22.325,767.797,93503,0,0,883,14566,8,13,1,0,0,28,23,14,19,14,7,False,0,False
1160.6849,18.548,17.982,15.657,14.49,3.68,18,16,4,786355.6,72,69,80,73,100,99,98,97,20.321,20.278,22.419,22.332,778.922,93503,0,0,883,14566,8,13,1,0,0,28,23,14,19,14,7,False,0,False
1161.1855,18.571,18.013,15.658,14.492,3.672,18,16,4,790326.75,76,76,73,69,100,99,98,97,20.325,20.282,22.425,22.336,792.125,93503,0,0,750,14566,8,13,1,0,0,28,23,14,19,14,7,False,0,False
1161.6835,18.587,18.03,15.662,14.496,3.662,18,16,4,795628.6,74,74,69,69,100,99,98,97,20.33,20.287,22.428,22.339,808.047,93503,0,0,750,14566,8,13,1,0,0,28,23,14,19,14,7,False,0,False
1162.1835,18.606,18.051,15.674,14.511,3.653,18,16,4,803379.9,73,74,69,72,100,99,98,97,20.333,20.291,22.43,22.342,826.273,93503,0,0,750,14566,8,13,1,0,0,28,23,14,19,14,7,False,0,False
1162.6854,18.632,18.081,15.693,14.533,3.644,18,16,4,814618.75,75,78,72,75,100,99,98,97,20.336,20.296,22.432,22.346,851.336,93503,0,0,733,14600,8,13,1,0,0,28,23,14,19,14,7,False,0,False
1163.6852,18.681,18.144,15.737,14.579,3.625,18,16,4,827608.9,72,76,71,74,100,100,98,97,20.341,20.306,22.436,22.353,894.344,93503,0,0,733,14616,8,13,1,0,0,28,23,14,19,14,7,False,0,False
1164.1842,18.722,18.187,15.745,14.587,3.612,18,16,4,825063.5,78,79,69,71,100,100,98,97,20.344,20.309,22.437,22.355,918.492,93503,0,0,733,14616,8,13,1,0,0,28,23,14,19,14,7,False,0,False
1165.1844,18.8,18.257,15.777,14.612,3.586,18,16,4,819310.7,76,73,72,69,100,100,98,97,20.351,20.315,22.436,22.354,975.047,93503,0,0,783,14666,8,13,1,0,0,28,23,14,19,14,7,False,0,False
1165.6852,18.823,18.275,15.784,14.62,3.572,18,16,4,811883.25,72,70,69,68,100,100,98,97,20.352,20.316,22.435,22.352,1004.711,93503,0,0,816,14666,8,13,1,0,0,28,23,14,19,14,7,False,0,False
1166.183,18.844,18.293,15.788,14.625,3.559,18,16,4,768761.5,72,70,68,67,100,100,98,97,20.351,20.315,22.433,22.35,1036.047,93503,0,0,816,14700,8,13,1,0,0,28,23,14,19,14,7,False,0,False
1167.1874,18.876,18.321,15.791,14.629,3.533,18,16,4,694746.8,70,69,68,67,100,100,98,97,20.348,20.311,22.425,22.343,1104.312,93503,0,0,850,14716,8,13,1,0,0,28,23,14,19,14,7,False,0,False
1168.1842,18.895,18.341,15.791,14.629,3.505,18,16,4,677463.06,70,69,68,68,100,100,98,97,20.342,20.306,22.416,22.334,1177.258,93503,0,0,883,14733,8,13,1,0,0,28,23,14,19,14,7,False,0,False
1169.1844,18.913,18.359,15.791,14.629,3.478,18,16,4,660179.3,70,70,68,68,100,99,98,97,20.335,20.299,22.404,22.323,1253.93,93503,0,0,900,14733,8,13,1,0,0,28,23,14,19,14,7,False,0,False
1171.1848,18.948,18.395,15.795,14.633,3.424,18,16,4,634659.94,70,70,70,69,100,99,97,96,20.317,20.282,22.377,22.298,1414.711,93503,0,0,933,14700,8,13,1,0,0,28,23,14,19,14,7,False,0,False
1171.6877,18.986,18.426,15.851,14.676,3.421,18,16,4,666685.75,73,71,77,74,100,99,97,96,20.316,20.281,22.379,22.299,1450.117,93503,0,0,933,14700,8,13,1,0,0,28,23,14,19,14,7,False,0,False
1172.1855,19.005,18.449,15.873,14.691,3.42,18,16,4,694026.8,71,69,73,71,100,99,98,96,20.318,20.283,22.384,22.304,1477.664,93503,0,0,983,14700,8,13,1,0,0,28,23,14,19,14,7,False,0,False
1172.6885,19.029,18.466,15.896,14.713,3.42,18,16,4,718219.6,73,69,75,72,100,99,98,96,20.32,20.284,22.389,22.309,1500.102,93503,0,0,983,14700,8,13,1,0,0,28,23,14,19,14,7,False,0,False
1173.1874,19.052,18.482,15.929,14.741,3.42,18,16,4,734476.2,75,70,80,75,100,99,98,96,20.324,20.286,22.396,22.314,1518.43,93503,0,0,983,14766,8,13,1,0,0,28,23,14,19,14,7,False,0,False
1173.6859,19.087,18.504,15.982,14.787,3.42,18,16,4,749018.94,79,71,88,81,100,99,98,97,20.329,20.288,22.404,22.321,1545.227,93503,0,0,917,14766,8,13,1,0,0,28,23,14,19,14,7,False,0,False
1174.1859,19.113,18.523,16.051,14.837,3.417,18,16,4,756112.06,78,71,96,85,100,99,98,97,20.336,20.291,22.417,22.331,1566.086,93503,0,0,917,14766,8,13,1,0,0,28,23,14,19,14,7,False,0,False
1175.1863,19.156,18.557,16.1,14.874,3.406,18,16,4,768383.94,76,71,81,74,100,99,98,97,20.345,20.296,22.437,22.344,1597.734,93503,0,0,850,14683,8,13,1,0,0,28,23,14,19,14,7,False,0,False
1175.6842,19.179,18.577,16.116,14.888,3.398,18,16,4,774575.2,76,72,76,71,100,99,99,97,20.348,20.298,22.442,22.348,1614.477,93503,0,0,850,14683,8,13,1,0,0,28,23,14,19,14,7,False,0,False
1176.6809,19.241,18.631,16.124,14.897,3.373,18,16,4,770573.7,80,79,70,66,101,100,99,97,20.355,20.302,22.445,22.349,1656.961,93503,0,0,900,14750,8,13,1,0,0,28,23,14,19,14,7,False,0,False
1177.1819,19.283,18.67,16.124,14.897,3.361,18,16,4,772744.9,77,76,67,65,101,100,99,97,20.359,20.307,22.445,22.348,1681.555,93503,0,0,934,14750,8,13,1,0,0,28,23,14,19,14,7,False,0,False
1177.6862,19.298,18.688,16.128,14.9,3.348,18,16,4,766776.5,71,72,67,67,101,100,99,97,20.36,20.308,22.442,22.347,1708.664,93503,0,0,934,14784,8,13,1,0,0,28,23,14,19,14,7,False,0,False
1178.1847,19.312,18.704,16.131,14.902,3.334,18,16,4,759780.8,70,71,67,68,101,100,99,97,20.359,20.308,22.44,22.345,1737.57,93503,0,0,934,14784,8,13,1,0,0,28,23,14,19,14,7,False,0,False
1178.6849,19.329,18.724,16.14,14.91,3.321,18,16,4,757333.56,70,72,68,69,101,100,98,97,20.358,20.308,22.437,22.343,1768.414,93503,0,0,934,14800,8,13,1,0,0,28,23,14,19,14,7,False,0,False
1179.1857,19.35,18.751,16.157,14.926,3.307,18,16,4,748826.8,71,73,70,72,101,100,98,97,20.356,20.308,22.435,22.342,1801.156,93503,0,0,967,14817,8,13,1,0,0,28,23,14,19,14,7,False,0,False
1179.6836,19.377,18.785,16.176,14.945,3.294,18,16,4,741409.6,70,73,70,69,101,100,98,97,20.355,20.308,22.432,22.341,1836.18,93503,29842,0,984,14817,8,13,1,0,0,28,23,14,19,14,7,False,0,False
1180.1846,19.419,18.818,16.246,15.005,3.292,18,16,4,769062.7,78,74,86,80,101,100,98,97,20.355,20.308,22.433,22.341,1868.281,93503,29842,0,984,14833,8,13,1,0,0,28,23,14,19,14,7,False,0,False
1180.684,19.493,18.875,16.39,15.122,3.292,18,16,4,790584.06,83,77,102,91,101,100,99,97,20.36,20.311,22.442,22.347,1897.367,93503,29842,0,1000,14816,8,13,1,0,0,28,23,14,19,14,7,False,0,False
1181.1866,19.553,18.921,16.521,15.23,3.287,18,16,4,798425.6,85,78,104,94,101,100,99,97,20.365,20.314,22.454,22.355,1926.359,93503,29842,0,1000,14816,8,13,1,0,0,28,23,14,19,14,7,False,0,False
1181.6859,19.616,18.969,16.594,15.289,3.279,18,16,4,804263.1,84,77,90,82,101,100,99,97,20.37,20.316,22.464,22.362,1953.375,93503,29842,0,983,14816,8,13,1,0,0,28,23,14,19,14,7,False,0,False
1182.1831,19.646,18.995,16.604,15.299,3.267,18,16,4,800724.3,74,71,72,70,101,100,99,97,20.373,20.317,22.466,22.362,1980.039,93503,29842,0,983,14816,8,13,1,0,0,28,23,14,19,14,7,False,0,False
1183.1852,19.751,19.126,16.734,15.451,3.244,18,16,4,806001.3,83,88,86,93,101,100,99,97,20.373,20.321,22.465,22.365,2041.031,93503,29842,0,983,14816,8,13,1,0,0,28,23,14,19,14,7,False,0,False
1183.6829,19.814,19.201,16.8,15.532,3.231,18,16,4,803419.44,80,84,80,86,101,100,99,97,20.376,20.326,22.467,22.37,2071.438,93503,29842,0,1016,14900,8,13,1,0,0,28,23,14,19,14,7,False,0,False
1184.1857,19.858,19.254,16.836,15.57,3.218,18,16,4,800989.2,74,78,74,77,101,100,99,97,20.376,20.329,22.465,22.371,2102.039,93503,29842,0,1033,14900,8,13,1,0,0,28,23,14,19,14,7,False,0,False
1184.6843,19.881,19.284,16.851,15.585,3.204,18,16,4,792450.9,71,73,70,71,101,100,99,97,20.374,20.328,22.461,22.368,2134.461,93503,29842,0,1033,14900,8,13,1,0,0,28,23,14,19,14,7,False,0,False
1185.1842,19.894,19.3,16.856,15.588,3.19,18,16,4,783809,70,72,69,69,101,100,99,97,20.37,20.326,22.455,22.363,2168.242,93503,29842,0,1067,14900,8,13,1,0,0,28,23,14,19,14,7,False,0,False
1185.6843,19.918,19.325,16.89,15.623,3.184,18,16,4,805284.25,72,72,76,76,101,100,99,97,20.368,20.324,22.454,22.362,2200.133,93503,29842,0,1067,14950,8,13,1,0,0,28,23,14,19,14,7,False,0,False
1186.1829,19.938,19.344,16.906,15.639,3.183,18,16,4,831266,70,70,73,72,101,100,99,97,20.368,20.326,22.458,22.367,2224.352,93503,29842,0,1067,14950,8,13,1,0,0,28,23,14,19,14,7,False,0,False
1187.1835,19.991,19.382,16.985,15.706,3.183,18,16,4,871021.44,78,72,88,81,101,100,99,97,20.374,20.329,22.47,22.378,2258.422,93503,29842,0,1050,14983,8,13,1,0,0,28,23,14,19,14,7,False,0,False
1187.6831,20.01,19.398,17.047,15.75,3.183,18,16,4,884368,77,72,98,86,101,100,99,98,20.38,20.332,22.483,22.387,2270.898,93503,29842,0,1050,14983,8,13,1,0,0,28,23,14,19,14,7,False,0,False
1188.184,20.021,19.407,17.096,15.782,3.181,18,16,4,890599.9,75,71,101,86,101,100,99,98,20.384,20.334,22.498,22.397,2285.906,93503,29842,0,1050,14900,8,13,1,0,0,28,23,14,19,14,7,False,0,False
1188.6843,20.038,19.419,17.114,15.798,3.178,18,16,4,896141.2,76,71,92,81,101,100,100,98,20.387,20.336,22.511,22.405,2299.453,93503,29842,0,1050,14900,8,13,1,0,0,28,23,14,19,14,7,False,0,False
1189.1854,20.053,19.432,17.124,15.806,3.173,18,16,4,902143.06,76,71,83,76,101,100,100,98,20.391,20.338,22.52,22.411,2311.781,93503,29842,0,833,14900,8,13,1,0,0,28,23,14,19,14,7,False,0,False
1190.1832,20.083,19.463,17.131,15.813,3.156,18,16,4,914973.8,74,73,71,68,101,100,100,98,20.396,20.341,22.528,22.416,2340.039,93503,29842,0,833,14900,8,13,1,0,0,28,23,14,19,14,7,False,0,False
1190.6859,20.115,19.5,17.132,15.815,3.144,18,16,4,919020.75,78,79,68,66,101,100,100,98,20.399,20.344,22.529,22.416,2358.211,93503,29842,0,883,14966,8,13,1,0,0,28,23,14,19,14,7,False,0,False
1191.185,20.155,19.544,17.133,15.816,3.131,18,16,4,922971.9,78,79,67,66,101,100,100,98,20.404,20.349,22.527,22.415,2379.445,93503,29842,0,883,14966,8,13,1,0,0,28,23,14,19,14,7,False,0,False
1192.1818,20.189,19.583,17.134,15.817,3.105,18,16,4,917878.56,71,70,66,66,101,100,100,98,20.406,20.352,22.523,22.412,2429.734,93503,29842,0,850,14917,8,13,1,0,0,28,23,14,19,14,7,False,0,False
1192.6793,20.203,19.597,17.134,15.817,3.091,18,16,4,911068.7,70,69,66,66,101,100,100,98,20.405,20.351,22.519,22.41,2458.172,93503,29842,0,833,14883,8,13,1,0,0,28,23,14,19,14,7,False,0,False
1193.1835,20.215,19.61,17.134,15.817,3.078,18,16,4,908786.25,69,69,67,67,101,100,100,98,20.403,20.349,22.516,22.407,2488.57,93503,29842,0,833,14883,8,13,1,0,0,28,23,14,19,14,7,False,0,False
1193.6858,20.226,19.622,17.134,15.817,3.065,18,16,4,900366.44,69,69,67,66,101,100,100,98,20.401,20.347,22.512,22.403,2520.586,93503,29842,0,817,14883,8,13,1,0,0,28,23,14,19,14,7,False,0,False
1194.1853,20.239,19.637,17.139,15.821,3.051,18,16,4,891724.56,69,70,68,68,101,100,100,98,20.398,20.345,22.507,22.4,2554.203,93503,29842,0,817,14867,8,13,1,0,0,28,23,14,19,14,7,False,0,False
1194.6835,20.261,19.666,17.158,15.839,3.037,18,16,4,883082.7,70,73,70,71,101,100,100,98,20.395,20.343,22.503,22.397,2589.023,93503,29842,0,817,14866,8,13,1,0,0,28,23,14,19,14,7,False,0,False
1195.186,20.289,19.702,17.19,15.87,3.024,18,16,4,883731.7,72,75,73,75,101,100,99,98,20.392,20.342,22.499,22.394,2624.453,93503,29842,0,816,14866,8,13,1,0,0,28,23,14,19,14,7,False,0,False
1195.6846,20.328,19.752,17.244,15.922,3.021,18,16,4,912039.44,74,77,77,79,101,100,100,98,20.392,20.344,22.5,22.397,2658.594,93503,29842,0,816,14883,8,13,1,0,0,28,23,14,19,14,7,False,0,False
1196.184,20.351,19.781,17.269,15.946,3.021,18,16,4,938957.3,71,74,74,76,101,100,100,98,20.394,20.348,22.503,22.402,2685.156,93503,29842,0,833,14883,8,13,1,0,0,28,23,14,19,14,7,False,0,False
1196.684,20.369,19.804,17.289,15.967,3.02,18,16,4,962330.56,70,74,74,76,101,100,100,98,20.395,20.351,22.507,22.407,2705.453,93503,29842,0,833,14883,8,13,1,0,0,28,23,14,19,14,7,False,0,False
1197.1826,20.388,19.829,17.314,15.996,3.02,18,16,4,981759.1,71,76,75,79,101,101,100,98,20.397,20.355,22.511,22.414,2722.445,93503,29842,0,833,14900,8,13,1,0,0,28,23,14,19,14,7,False,0,False
1197.6858,20.404,19.85,17.338,16.028,3.02,18,16,4,997596.4,72,76,77,83,101,101,100,98,20.399,20.36,22.516,22.421,2735.656,93503,29842,0,833,14900,8,13,1,0,0,28,23,14,19,14,7,False,0,False
1198.1827,20.416,19.864,17.365,16.071,3.02,18,16,4,1009102.06,71,74,80,91,101,101,100,98,20.402,20.365,22.522,22.431,2747.992,93503,29842,0,800,14900,8,13,1,0,0,28,23,14,19,14,7,False,0,False
1198.6833,20.426,19.876,17.381,16.091,3.017,18,16,4,1014052.94,71,74,78,88,101,101,100,99,20.404,20.369,22.528,22.443,2764.719,93503,29842,0,800,14900,8,13,1,0,0,28,23,14,19,14,7,False,0,False
1199.1829,20.44,19.892,17.392,16.104,3.013,18,16,4,1019307.06,72,76,76,83,101,101,100,99,20.406,20.373,22.533,22.452,2774.367,93503,29842,0,800,14884,8,13,1,0,0,28,23,14,19,14,7,False,0,False
1199.6803,20.466,19.915,17.394,16.107,3.006,18,16,4,1023160.25,77,78,71,75,101,101,100,99,20.409,20.378,22.535,22.458,2786.281,93503,29842,0,800,14884,8,13,1,0,0,28,23,14,19,14,7,False,0,False
1200.1818,20.495,19.94,17.394,16.107,2.996,18,16,4,1025505.6,79,79,67,70,102,101,100,99,20.413,20.383,22.536,22.46,2800.977,93503,29842,0,700,14884,8,13,1,0,0,28,23,14,19,14,7,False,0,False
1200.6859,20.544,19.988,17.394,16.107,2.984,18,16,4,1031346,85,84,66,67,102,101,100,99,20.42,20.39,22.535,22.461,2818.375,93503,29842,0,700,14884,8,13,1,0,0,28,23,14,19,14,7,False,0,False
1201.1813,20.585,20.028,17.394,16.107,2.972,18,16,4,1036243.44,80,79,65,66,102,101,100,99,20.427,20.397,22.534,22.46,2838.594,93503,29842,0,767,14933,8,13,1,0,0,28,23,14,19,14,7,False,0,False
1201.6858,20.612,20.054,17.394,16.107,2.959,18,16,4,1031970.94,75,74,65,66,102,101,100,99,20.431,20.401,22.531,22.459,2861.664,93503,29842,0,767,14933,8,13,1,0,0,28,23,14,19,14,7,False,0,False
1202.182,20.631,20.073,17.394,16.107,2.946,18,16,4,1031851,71,71,66,66,102,101,100,99,20.431,20.402,22.529,22.457,2887.391,93503,29842,0,734,14933,8,13,1,0,0,28,23,14,19,14,7,False,0,False
1202.6835,20.646,20.088,17.394,16.107,2.932,18,16,4,1025210.2,69,69,67,67,102,101,100,99,20.431,20.401,22.526,22.454,2915.453,93503,29842,0,734,14900,8,13,1,0,0,28,23,14,19,14,7,False,0,False
1204.1821,20.682,20.125,17.394,16.107,2.892,18,16,4,1005906.7,68,68,68,67,102,101,100,99,20.423,20.395,22.515,22.445,3011.672,93503,29842,0,717,14850,8,13,1,0,0,28,23,14,19,14,7,False,0,False
1204.6838,20.692,20.135,17.394,16.107,2.879,18,16,4,1002631.44,68,68,68,68,102,101,100,99,20.42,20.392,22.51,22.441,3047.016,93503,29842,0,717,14833,8,13,1,0,0,28,23,14,19,14,7,False,0,False
1205.1832,20.702,20.145,17.394,16.107,2.865,18,16,4,993989.56,68,68,68,68,102,101,100,98,20.416,20.388,22.505,22.436,3083.609,93503,29842,0,717,14833,8,13,1,0,0,28,23,14,19,14,7,False,0,False
1205.6824,20.712,20.155,17.394,16.107,2.851,18,16,4,985347.7,70,69,69,69,102,101,99,98,20.412,20.384,22.5,22.431,3121.43,93503,29842,0,717,14817,8,13,1,0,0,28,23,14,19,14,7,False,0,False
1206.184,20.722,20.164,17.394,16.107,2.838,18,16,4,976705.8,68,68,68,68,101,101,99,98,20.408,20.38,22.494,22.426,3160.359,93503,29842,0,717,14817,8,13,1,0,0,28,23,14,19,14,7,False,0,False
1206.6826,20.731,20.173,17.394,16.107,2.824,18,16,4,968063.94,68,68,69,68,101,101,99,98,20.403,20.375,22.488,22.42,3200.281,93503,29842,0,717,14800,8,13,1,0,0,28,23,14,19,14,7,False,0,False
1207.182,20.739,20.182,17.394,16.107,2.811,18,16,4,964859.56,68,68,69,68,101,101,99,98,20.397,20.37,22.481,22.413,3241,93503,29842,0,733,14800,8,13,1,0,0,28,23,14,19,14,7,False,0,False
1207.6844,20.748,20.19,17.394,16.107,2.797,18,16,4,956217.7,68,68,69,68,101,101,99,98,20.392,20.365,22.474,22.407,3282.422,93503,29842,0,733,14800,8,13,1,0,0,28,23,14,19,14,7,False,0,False
1208.1815,20.757,20.199,17.394,16.107,2.783,18,16,4,947575.8,69,68,69,69,101,101,99,98,20.386,20.359,22.466,22.4,3324.531,93503,29842,0,734,14750,8,13,1,0,0,28,23,14,19,14,7,False,0,False
1208.682,20.775,20.214,17.411,16.125,2.773,18,16,4,954499.4,72,71,74,73,101,100,99,98,20.38,20.354,22.46,22.393,3366.609,93503,29842,0,717,14750,8,13,1,0,0,28,23,14,19,14,7,False,0,False
1209.1848,20.806,20.246,17.453,16.166,2.77,18,16,4,986956.1,72,72,76,75,101,100,99,98,20.38,20.354,22.463,22.397,3401.211,93503,29842,0,717,14700,8,13,1,0,0,28,23,14,19,14,7,False,0,False
1209.6819,20.834,20.286,17.501,16.217,2.77,18,16,4,1012914.6,72,77,78,81,101,101,99,98,20.382,20.357,22.468,22.404,3428.898,93503,29842,0,717,14700,8,13,1,0,0,28,23,14,19,14,7,False,0,False
1210.1841,20.872,20.337,17.556,16.285,2.77,18,16,4,1028625,74,80,80,87,101,101,99,98,20.384,20.363,22.475,22.413,3453.242,93503,29842,0,734,14734,8,13,1,0,0,28,23,14,19,14,7,False,0,False
1210.6846,20.908,20.386,17.617,16.369,2.769,18,16,4,1037857.7,76,80,83,96,101,101,99,98,20.386,20.369,22.482,22.423,3481.578,93503,29842,0,734,14734,8,13,1,0,0,28,23,14,19,14,7,False,0,False
1211.685,20.981,20.484,17.774,16.565,2.758,18,16,4,1052806.4,77,83,89,99,101,101,100,99,20.392,20.382,22.5,22.451,3525.875,93503,29842,0,650,14667,8,13,1,0,0,28,23,14,19,14,7,False,0,False
1212.1833,21.02,20.531,17.818,16.62,2.75,18,16,4,1059684.5,77,81,81,89,101,101,100,99,20.396,20.388,22.507,22.462,3546.977,93503,29842,0,617,14634,8,13,1,0,0,28,23,14,19,14,7,False,0,False
1213.1812,21.079,20.598,17.861,16.658,2.727,18,16,4,1068910.1,74,78,73,74,101,101,100,99,20.398,20.395,22.512,22.469,3592.406,93503,29842,0,716,14634,8,13,1,0,0,28,23,14,19,14,7,False,0,False
1213.6814,21.11,20.633,17.878,16.675,2.714,18,16,4,1068545.1,73,77,71,73,101,101,100,99,20.398,20.397,22.511,22.469,3618.305,93503,29842,0,716,14683,8,13,1,0,0,28,23,14,19,14,7,False,0,False
1214.1821,21.142,20.671,17.901,16.697,2.701,18,16,4,1061693,73,77,72,73,101,101,100,99,20.398,20.399,22.51,22.469,3646.328,93503,29842,0,800,14717,8,13,1,0,0,28,23,14,19,14,7,False,0,False
1214.6835,21.172,20.707,17.923,16.718,2.688,18,16,4,1059429.6,72,76,72,72,101,101,100,99,20.397,20.4,22.508,22.468,3676.43,93503,29842,0,800,14717,8,13,1,0,0,28,23,14,19,14,7,False,0,False
1215.1831,21.192,20.734,17.935,16.729,2.674,18,16,4,1051160.9,70,73,69,70,101,101,100,99,20.394,20.4,22.506,22.466,3708.211,93503,29842,0,800,14717,8,13,1,0,0,28,23,14,19,14,7,False,0,False
1215.6813,21.21,20.749,17.944,16.738,2.66,18,16,4,1042519.25,72,71,72,70,101,101,100,99,20.392,20.397,22.502,22.462,3741.398,93503,29842,0,833,14733,8,13,1,0,0,28,23,14,19,14,7,False,0,False
1216.1847,21.288,20.815,18.037,16.82,2.647,18,16,4,1033877.4,85,80,88,82,101,101,100,99,20.392,20.396,22.502,22.461,3775.539,93503,29842,0,833,14750,8,13,1,0,0,28,23,14,19,14,7,False,0,False
1216.6846,21.393,20.904,18.162,16.931,2.633,18,16,4,1025235.5,87,82,92,86,101,101,100,99,20.397,20.398,22.506,22.463,3810.617,93503,29842,0,867,14750,8,13,1,0,0,28,23,14,19,14,7,False,0,False
1217.184,21.494,20.989,18.286,17.041,2.619,18,16,4,1016593.6,86,81,92,86,101,101,100,99,20.4,20.399,22.51,22.464,3846.641,93503,29842,0,900,14750,8,13,1,0,0,28,23,14,19,14,7,False,0,False
1217.6841,21.584,21.064,18.384,17.129,2.606,18,16,4,1013337.25,83,78,85,80,101,101,100,99,20.404,20.4,22.512,22.465,3883.117,93503,29842,0,900,14750,8,13,1,0,0,28,23,14,19,14,7,False,0,False
1218.1838,21.651,21.12,18.456,17.197,2.593,18,16,4,1004695.4,81,76,83,79,101,101,100,99,20.404,20.398,22.512,22.463,3919.664,93503,29842,0,900,14767,8,13,1,0,0,28,23,14,19,14,7,False,0,False
1218.6832,21.729,21.184,18.54,17.276,2.579,18,16,4,996053.5,82,77,85,80,101,101,100,99,20.404,20.397,22.511,22.46,3955.422,93503,29842,0,917,14767,8,13,1,0,0,28,23,14,19,14,7,False,0,False
1219.1855,21.777,21.223,18.571,17.305,2.565,18,16,4,987411.6,72,71,72,70,101,101,100,99,20.403,20.394,22.508,22.456,3991.539,93503,29842,0,917,14784,8,13,1,0,0,28,23,14,19,14,7,False,0,False
1219.6818,21.791,21.235,18.579,17.311,2.552,18,16,4,983000.8,71,70,71,69,101,101,100,99,20.398,20.388,22.501,22.449,4028.773,93503,29842,40145,934,14784,8,13,1,0,0,28,23,14,19,14,7,False,0,False
1220.1818,21.83,21.263,18.629,17.348,2.549,18,16,4,1014046.3,75,71,76,74,101,101,100,99,20.396,20.385,22.501,22.448,4061.078,93503,29842,40145,934,14784,8,13,1,0,0,28,23,14,19,14,7,False,0,False
1221.1831,21.945,21.351,18.803,17.492,2.549,18,16,4,1063399.8,84,77,98,88,101,101,100,99,20.405,20.389,22.517,22.46,4108.539,93503,29842,40145,916,14783,8,13,1,0,0,28,23,14,19,14,7,False,0,False
1221.6843,21.981,21.377,18.897,17.562,2.548,18,16,4,1072548.9,80,74,102,90,102,101,100,99,20.411,20.391,22.531,22.469,4128.641,93503,29842,40145,916,14783,8,13,1,0,0,28,23,14,19,14,7,False,0,False
1222.1798,22.018,21.408,18.982,17.621,2.542,18,16,4,1079429.2,80,76,102,88,102,101,100,99,20.415,20.393,22.544,22.478,4150.984,93503,29842,40145,850,14767,8,13,1,0,0,28,23,14,19,14,7,False,0,False
1222.6812,22.06,21.442,19.029,17.657,2.534,18,16,4,1086039.8,82,77,92,81,102,101,100,99,20.419,20.395,22.555,22.484,4172.68,93503,29842,40145,850,14767,8,13,1,0,0,28,23,14,19,14,7,False,0,False
1223.1853,22.103,21.48,19.054,17.678,2.523,18,16,4,1092020.1,81,77,81,75,102,101,101,99,20.424,20.398,22.561,22.486,4193.75,93503,29842,40145,800,14767,8,13,1,0,0,28,23,14,19,14,7,False,0,False
1223.6827,22.146,21.521,19.067,17.691,2.51,18,16,4,1089589.1,80,78,74,70,102,101,101,99,20.427,20.4,22.563,22.486,4216.805,93503,29842,40145,800,14767,8,13,1,0,0,28,23,14,19,14,7,False,0,False
1224.1827,22.167,21.542,19.069,17.693,2.497,18,16,4,1089436.9,73,72,70,67,102,101,101,99,20.428,20.4,22.561,22.484,4242.867,93503,29842,40145,733,14733,8,13,1,0,0,28,23,14,19,14,7,False,0,False
1224.6805,22.183,21.556,19.069,17.693,2.483,18,16,4,1082693,71,70,68,67,102,101,100,99,20.427,20.399,22.558,22.481,4271.258,93503,29842,40145,733,14733,8,13,1,0,0,28,23,14,19,14,7,False,0,False
1225.1842,22.197,21.569,19.069,17.693,2.471,18,16,4,1080497.1,70,70,68,67,102,101,100,99,20.424,20.396,22.554,22.477,4301.75,93503,29842,40145,683,14733,8,13,1,0,0,28,23,14,19,14,7,False,0,False
1226.1835,22.222,21.592,19.069,17.693,2.443,18,16,4,1063414.5,70,69,67,66,102,101,100,99,20.417,20.39,22.544,22.468,4367.594,93503,29842,40145,650,14667,8,13,1,0,0,28,23,14,19,14,7,False,0,False
1226.6816,22.24,21.608,19.069,17.693,2.429,18,16,4,1054854.5,71,71,68,68,102,101,100,99,20.414,20.386,22.539,22.463,4402.562,93503,29842,40145,633,14667,8,13,1,0,0,28,23,14,19,14,7,False,0,False
1227.1829,22.25,21.619,19.07,17.693,2.416,18,16,4,1051689,69,69,68,67,102,101,100,99,20.409,20.382,22.533,22.457,4438.633,93503,29842,40145,633,14667,8,13,1,0,0,28,23,14,19,14,7,False,0,False
1227.6836,22.259,21.628,19.07,17.693,2.403,18,16,4,1043046.5,69,69,68,67,101,101,100,99,20.404,20.377,22.526,22.451,4475.789,93503,29842,40145,634,14667,8,13,1,0,0,28,23,14,19,14,7,False,0,False
1228.1838,22.269,21.638,19.07,17.693,2.389,18,16,4,1034404.6,69,69,68,68,101,101,100,99,20.399,20.372,22.519,22.444,4513.984,93503,29842,40145,616,14666,8,13,1,0,0,28,23,14,19,14,7,False,0,False
1228.6812,22.278,21.647,19.07,17.693,2.375,18,16,4,1025762.75,69,69,68,68,101,101,100,98,20.394,20.367,22.512,22.437,4553.141,93503,29842,40145,600,14666,8,13,1,0,0,28,23,14,19,14,7,False,0,False
1229.183,22.287,21.656,19.07,17.693,2.361,18,16,4,1017120.9,70,70,68,68,101,101,100,98,20.388,20.361,22.504,22.43,4593.141,93503,29842,40145,600,14683,8,13,1,0,0,28,23,14,19,14,7,False,0,False
1229.6827,22.296,21.665,19.07,17.693,2.347,18,16,4,1008479,70,70,69,68,101,101,99,98,20.382,20.356,22.497,22.423,4633.891,93503,29842,40145,600,14684,8,13,1,0,0,28,23,14,19,14,7,False,0,False
1230.1815,22.304,21.673,19.07,17.693,2.335,18,16,4,1005367.2,71,71,69,69,101,100,99,98,20.376,20.35,22.489,22.415,4675.18,93503,29842,40145,567,14667,8,13,1,0,0,28,23,14,19,14,7,False,0,False
1230.6821,22.312,21.682,19.07,17.693,2.321,18,16,4,996725.3,70,71,69,69,101,100,99,98,20.37,20.344,22.48,22.407,4717.008,93503,29842,40145,567,14650,8,13,1,0,0,28,23,14,19,14,7,False,0,False
1231.6835,22.329,21.703,19.072,17.694,2.293,18,16,4,979441.56,70,71,69,69,101,100,99,98,20.356,20.331,22.462,22.39,4802.023,93503,29842,40145,550,14650,8,13,1,0,0,28,23,14,19,14,7,False,0,False
1232.6809,22.39,21.769,19.145,17.766,2.287,18,16,4,1035633.3,72,72,74,74,100,100,99,98,20.352,20.328,22.464,22.392,4872.461,93503,29842,40145,550,14650,8,13,1,0,0,28,23,14,19,14,7,False,0,False
1233.1835,22.41,21.784,19.164,17.786,2.286,18,16,4,1060507.8,72,69,74,72,100,100,99,98,20.354,20.33,22.469,22.397,4896.547,93503,29842,40145,550,14683,8,13,1,0,0,28,23,14,19,14,7,False,0,False
1233.6832,22.438,21.804,19.201,17.816,2.286,18,16,4,1080381.2,75,70,80,75,101,100,99,98,20.357,20.331,22.475,22.403,4916.648,93503,29842,40145,550,14683,8,13,1,0,0,28,23,14,19,14,7,False,0,False
1234.1827,22.473,21.831,19.269,17.865,2.286,18,16,4,1096629.4,78,73,92,82,101,100,99,98,20.362,20.333,22.485,22.41,4934.297,93503,29842,40145,550,14683,8,13,1,0,0,28,23,14,19,14,7,False,0,False
1235.1831,22.528,21.877,19.366,17.928,2.276,18,16,4,1109679,79,74,87,77,101,100,100,98,20.373,20.341,22.512,22.426,4973.438,93503,29842,40145,500,14667,8,13,1,0,0,28,23,14,19,14,7,False,0,False
1235.6807,22.545,21.893,19.375,17.937,2.267,18,16,4,1113745.1,75,72,77,71,101,100,100,98,20.377,20.343,22.518,22.43,4991.344,93503,29842,40145,500,14667,8,13,1,0,0,28,23,14,19,14,7,False,0,False
1236.1831,22.569,21.917,19.381,17.943,2.256,18,16,4,1111953,75,73,71,68,101,100,100,98,20.38,20.345,22.521,22.432,5011.211,93503,29842,40145,466,14666,8,13,1,0,0,28,23,14,19,14,7,False,0,False
1236.6788,22.617,21.968,19.39,17.952,2.242,18,16,4,1087975.2,81,80,71,68,101,100,100,98,20.384,20.349,22.522,22.432,5033.453,93503,29842,40145,466,14666,8,13,1,0,0,28,23,14,19,14,7,False,0,False
1237.1793,22.657,22.007,19.395,17.958,2.229,18,16,4,1056342.4,76,75,69,67,101,100,100,98,20.389,20.353,22.522,22.432,5058.641,93503,29842,40145,483,14666,8,13,1,0,0,28,23,14,19,14,7,False,0,False
1237.6829,22.681,22.029,19.398,17.961,2.215,18,16,4,1011106.06,72,71,68,67,101,101,100,98,20.39,20.354,22.521,22.431,5086.992,93503,29842,40145,483,14666,8,13,1,0,0,28,23,14,19,14,7,False,0,False
1238.1836,22.699,22.047,19.398,17.961,2.203,18,16,4,964149.4,71,70,67,67,101,100,100,98,20.39,20.354,22.519,22.429,5117.836,93503,29842,40145,484,14734,8,13,1,0,0,28,23,14,19,14,7,False,0,False
1238.6768,22.714,22.062,19.398,17.961,2.189,18,16,4,908740.2,71,70,67,68,101,100,100,98,20.389,20.353,22.516,22.427,5149.609,93503,29842,40145,484,14734,8,13,1,0,0,28,23,14,19,14,7,False,0,False
1239.1825,22.727,22.076,19.398,17.961,2.176,18,16,4,856355.1,70,70,68,68,101,100,100,98,20.387,20.351,22.512,22.424,5185.594,93503,29842,40145,466,14734,8,13,1,0,0,28,23,14,19,14,7,False,0,False
1239.6771,22.737,22.086,19.398,17.961,2.163,18,16,4,848001.3,69,69,68,68,101,100,100,98,20.385,20.349,22.509,22.421,5220.578,93503,29842,40145,433,14734,8,13,1,0,0,28,23,14,19,14,7,False,0,False
1240.1785,22.747,22.095,19.398,17.961,2.148,18,16,4,839071.4,69,69,68,67,101,100,100,98,20.382,20.346,22.504,22.417,5259.156,93503,29842,40145,433,14717,8,13,1,0,0,28,23,14,19,14,7,False,0,False
1240.6827,22.757,22.105,19.398,17.961,2.135,18,16,4,830429.5,69,69,68,68,101,100,99,98,20.378,20.343,22.499,22.412,5297.539,93503,29842,40145,417,14717,8,13,1,0,0,28,23,14,19,14,7,False,0,False
1241.1796,22.766,22.114,19.398,17.961,2.121,18,16,4,821787.6,68,68,68,68,101,100,99,98,20.374,20.339,22.494,22.407,5336.875,93503,29842,40145,383,14717,8,13,1,0,0,28,23,14,19,14,7,False,0,False
1242.1781,22.783,22.131,19.398,17.961,2.095,18,16,5,810197.7,68,68,68,68,101,100,99,98,20.364,20.329,22.481,22.396,7.891,92680,0,0,366,14717,8,14,1,0,0,28,23,14,19,14,7,False,0,False
1242.68,22.792,22.14,19.398,17.961,2.08,18,16,5,801267.75,68,68,68,68,101,100,99,98,20.358,20.324,22.474,22.389,51.203,92680,0,0,350,14717,8,14,1,0,0,28,23,14,19,14,7,False,0,False
1243.1799,22.801,22.149,19.398,17.961,2.067,18,16,5,792625.9,68,68,69,68,100,100,99,98,20.352,20.318,22.467,22.382,93.836,92680,0,0,333,14717,8,14,1,0,0,28,23,14,19,14,7,False,0,False
1243.6797,22.809,22.157,19.398,17.961,2.053,18,16,5,783984,68,68,68,68,100,100,99,97,20.346,20.312,22.459,22.375,137.172,92680,0,0,333,14667,8,14,1,0,0,28,23,14,19,14,7,False,0,False
1244.1781,22.818,22.165,19.398,17.961,2.039,18,16,5,775630.2,68,67,68,68,100,100,99,97,20.339,20.306,22.451,22.367,179.664,92680,0,0,284,14667,8,14,1,0,0,28,23,14,19,14,7,False,0,False
1244.6809,22.826,22.174,19.398,17.961,2.025,18,16,5,766700.25,68,68,69,68,100,99,99,97,20.332,20.299,22.442,22.359,225.672,92680,0,0,283,14667,8,14,1,0,0,28,23,14,19,14,7,False,0,False
1245.6808,22.842,22.19,19.398,17.961,1.998,18,16,5,749772.4,68,68,68,68,100,99,98,97,20.317,20.284,22.424,22.342,316.148,92680,0,0,233,14617,8,14,1,0,0,28,23,14,19,14,7,False,0,False
1246.1786,22.85,22.198,19.398,17.961,1.984,18,16,5,741719.9,69,69,69,69,100,99,98,97,20.309,20.276,22.415,22.333,362,92680,0,0,217,14583,8,14,1,0,0,28,23,14,19,14,7,False,0,False
1246.6781,22.858,22.206,19.398,17.961,1.971,18,16,5,734152.44,68,67,68,68,100,99,98,97,20.301,20.269,22.406,22.324,406.641,92680,0,0,217,14516,8,14,1,0,0,28,23,14,19,14,7,False,0,False
1247.1744,22.866,22.214,19.398,17.961,1.957,18,16,5,726514.7,68,68,69,68,99,99,98,96,20.293,20.261,22.396,22.315,453.094,92680,0,0,200,14467,8,14,1,0,0,28,23,14,19,14,7,False,0,False
1247.6818,22.874,22.222,19.398,17.961,1.943,18,16,5,718820.2,68,68,69,68,99,99,98,96,20.284,20.252,22.386,22.305,501.375,92680,0,0,184,14467,8,14,1,0,0,28,23,14,19,14,7,False,0,False
1248.1777,22.882,22.229,19.398,17.962,1.929,18,16,5,711788,68,68,69,68,99,98,97,96,20.275,20.243,22.376,22.296,546.789,92680,0,0,167,14433,8,14,1,0,0,28,23,14,19,14,7,False,0,False
1248.6836,22.904,22.247,19.418,17.983,1.918,18,16,5,719927.94,71,71,73,72,99,98,97,96,20.267,20.235,22.367,22.287,594.977,92680,0,0,166,14400,8,14,1,0,0,28,23,14,19,14,7,False,0,False
1249.1796,22.937,22.28,19.452,18.018,1.916,18,16,5,756244.1,70,71,72,71,99,98,97,96,20.266,20.234,22.369,22.29,633.984,92680,0,0,166,14367,8,14,1,0,0,28,23,14,19,14,7,False,0,False
1250.1788,22.969,22.312,19.472,18.037,1.914,18,16,5,814939.44,69,69,69,69,99,98,97,96,20.268,20.238,22.378,22.299,690.75,92680,0,0,150,14416,8,14,1,0,0,28,23,14,19,14,7,False,0,False
1250.679,22.982,22.324,19.483,18.049,1.914,18,16,5,837324,69,68,71,69,99,98,98,96,20.271,20.241,22.382,22.304,710.445,92680,0,0,166,14416,7,14,1,0,0,28,23,14,19,14,7,False,0,False
1251.1809,23.003,22.34,19.512,18.073,1.914,18,16,5,855076.5,73,69,77,73,99,98,98,96,20.275,20.243,22.389,22.309,725.562,92680,0,0,166,14383,7,14,1,0,0,28,23,14,19,14,7,False,0,False
1251.6833,23.026,22.359,19.555,18.103,1.914,18,16,5,868452.06,75,72,87,77,99,99,98,96,20.28,20.248,22.398,22.317,741.656,92680,0,0,883,14383,7,14,1,0,0,28,23,14,19,14,7,False,0,False
1252.1781,23.038,22.368,19.589,18.128,1.914,18,16,5,876418.4,74,71,90,80,99,99,98,97,20.286,20.252,22.41,22.325,755.93,92680,0,0,883,14383,7,14,1,0,0,28,23,14,19,14,7,False,0,False
1253.1797,23.062,22.387,19.623,18.153,1.908,18,16,5,886381.75,73,69,82,74,99,99,98,97,20.296,20.258,22.433,22.341,773.906,92680,0,0,883,14267,7,14,1,0,0,28,23,14,19,14,7,False,0,False
1254.1831,23.1,22.439,19.626,18.156,1.892,18,16,5,893975.4,77,77,70,67,100,99,99,97,20.306,20.267,22.444,22.349,799.656,92680,0,0,617,14267,7,14,1,0,0,28,23,14,19,14,7,False,0,False
1254.6797,23.122,22.46,19.633,18.165,1.883,18,16,5,899961.75,76,76,68,70,100,99,99,97,20.311,20.273,22.445,22.351,816.422,92680,0,0,617,14267,7,14,1,0,0,28,23,14,19,14,7,False,0,False
1255.183,23.154,22.496,19.658,18.198,1.874,18,16,5,905063,77,79,73,78,100,99,99,97,20.316,20.279,22.447,22.355,835.867,92680,0,0,684,14434,7,14,1,0,0,28,23,14,19,14,7,False,0,False
1255.6794,23.19,22.541,19.691,18.236,1.865,18,16,5,911500.1,77,83,76,80,100,99,99,97,20.321,20.286,22.451,22.361,860.414,92680,0,0,684,14434,7,14,1,0,0,28,23,14,19,14,7,False,0,False
1256.1814,23.227,22.586,19.71,18.257,1.855,18,16,5,917887.9,76,81,73,75,100,99,99,97,20.326,20.294,22.454,22.366,880.43,92680,0,0,684,14483,7,14,1,0,0,28,23,14,19,14,7,False,0,False
1256.6815,23.262,22.621,19.719,18.265,1.842,18,16,5,914838.1,77,78,69,72,100,99,99,97,20.329,20.3,22.454,22.368,903.406,92680,0,0,700,14483,7,14,1,0,0,28,23,14,19,14,7,False,0,False
1257.1787,23.297,22.656,19.727,18.273,1.829,18,16,5,915121.3,74,74,69,69,100,100,99,97,20.333,20.304,22.454,22.369,929.203,92680,0,0,700,14483,7,14,1,0,0,28,23,14,19,14,7,False,0,False
1257.6785,23.34,22.698,19.739,18.282,1.816,18,16,5,909562.25,75,75,67,63,100,100,99,97,20.335,20.305,22.452,22.366,958.32,92680,0,0,733,14483,7,14,1,0,0,28,23,14,19,14,7,False,0,False
1258.6802,23.395,22.746,19.76,18.302,1.789,18,16,5,900252.2,71,69,69,67,100,100,99,97,20.338,20.307,22.449,22.362,1018.828,92680,0,0,750,14567,7,14,1,0,0,28,23,14,19,14,7,False,0,False
1259.1774,23.414,22.761,19.764,18.307,1.776,18,16,5,892027.44,70,68,68,67,100,100,99,97,20.337,20.306,22.446,22.359,1050.008,92680,0,0,767,14567,7,14,1,0,0,28,23,14,19,14,7,False,0,False
1259.6826,23.427,22.773,19.764,18.308,1.762,18,16,5,883097.5,68,68,67,67,100,100,99,97,20.335,20.303,22.442,22.355,1085.109,92680,0,0,767,14600,7,14,1,0,0,28,23,14,19,14,7,False,0,False
1260.1805,23.438,22.783,19.764,18.308,1.749,18,16,5,879828.06,68,68,68,67,100,100,98,97,20.332,20.3,22.437,22.351,1120.5,92680,0,0,767,14600,7,14,1,0,0,28,23,14,19,14,7,False,0,False
1260.6838,23.448,22.793,19.764,18.308,1.735,18,16,5,871186.2,68,68,68,68,100,99,98,97,20.329,20.297,22.432,22.347,1157.102,92680,0,0,784,14634,7,14,1,0,0,28,23,14,19,14,7,False,0,False
1261.1798,23.458,22.803,19.764,18.308,1.721,18,16,5,862544.3,68,68,68,68,100,99,98,97,20.325,20.293,22.427,22.342,1194.883,92680,0,0,784,14634,7,14,1,0,0,28,23,14,19,14,7,False,0,False
1261.6805,23.468,22.813,19.764,18.308,1.708,18,16,5,853902.44,68,68,68,68,100,99,98,97,20.321,20.289,22.421,22.336,1233.742,92680,0,0,784,14650,7,14,1,0,0,28,23,14,19,14,7,False,0,False
1263.1802,23.494,22.841,19.766,18.308,1.667,18,16,5,833381,68,68,68,68,100,99,98,96,20.306,20.276,22.401,22.318,1355.188,92680,0,0,800,14684,7,14,1,0,0,28,23,14,19,14,7,False,0,False
1264.1824,23.527,22.876,19.801,18.339,1.646,18,16,5,843894.5,72,72,76,74,99,99,98,96,20.297,20.267,22.39,22.308,1437.102,92680,0,0,800,14667,7,14,1,0,0,28,23,14,19,14,7,False,0,False
1264.6791,23.565,22.913,19.886,18.38,1.645,18,16,5,874691,72,72,83,74,99,99,98,96,20.299,20.269,22.397,22.313,1468.547,92680,0,0,800,14667,7,14,1,0,0,28,23,14,19,14,7,False,0,False
1265.1797,23.596,22.935,19.916,18.41,1.644,18,16,5,901182.2,75,70,78,74,100,99,98,96,20.302,20.272,22.405,22.319,1494.008,92680,0,0,800,14667,7,14,1,0,0,28,23,14,19,14,7,False,0,False
1265.6824,23.633,22.964,19.965,18.451,1.644,18,16,5,924111.2,78,73,85,79,100,99,98,97,20.307,20.275,22.412,22.325,1514.453,92680,0,0,800,14717,7,14,1,0,0,28,23,14,19,14,7,False,0,False
1266.1809,23.675,22.991,20.034,18.513,1.644,18,16,5,941360.94,82,73,93,87,100,99,98,97,20.314,20.279,22.424,22.335,1537.32,92680,0,0,800,14717,7,14,1,0,0,28,23,14,19,14,7,False,0,False
1266.6824,23.711,23.018,20.109,18.567,1.641,18,16,5,948017.9,82,75,100,88,100,99,98,97,20.323,20.284,22.438,22.346,1561.297,92680,0,0,684,14717,7,14,1,0,0,28,23,14,19,14,7,False,0,False
1267.1791,23.734,23.037,20.15,18.597,1.636,18,16,5,954184.4,78,73,92,82,100,99,99,97,20.329,20.287,22.452,22.356,1577.531,92680,0,0,684,14717,7,14,1,0,0,28,23,14,19,14,7,False,0,False
1267.6803,23.756,23.054,20.174,18.617,1.63,18,16,5,960464.94,77,72,84,77,100,99,99,97,20.334,20.29,22.462,22.363,1593.617,92680,0,0,684,14583,7,14,1,0,0,28,23,14,19,14,7,False,0,False
1268.1815,23.782,23.074,20.2,18.638,1.624,18,16,5,966884.1,77,71,81,75,100,99,99,97,20.339,20.293,22.469,22.367,1609.445,92680,0,0,633,14583,7,14,1,0,0,28,23,14,19,14,7,False,0,False
1268.6807,23.811,23.099,20.217,18.653,1.615,18,16,5,971375.6,77,73,76,71,100,99,99,97,20.344,20.295,22.474,22.37,1628.273,92680,0,0,633,14583,7,14,1,0,0,28,23,14,19,14,7,False,0,False
1269.1821,23.834,23.119,20.218,18.654,1.603,18,16,5,968086.8,74,73,70,67,100,99,99,97,20.347,20.298,22.475,22.372,1649.281,92680,0,0,684,14600,7,14,1,0,0,28,23,14,19,14,7,False,0,False
1269.6809,23.884,23.166,20.219,18.655,1.589,18,16,5,967255.56,78,77,67,66,100,100,99,97,20.352,20.302,22.475,22.371,1672.641,92680,0,0,684,14600,7,14,1,0,0,28,23,14,19,14,7,False,0,False
1270.1829,23.904,23.188,20.222,18.658,1.577,18,16,5,966945.06,71,72,66,66,100,100,99,97,20.354,20.304,22.473,22.37,1698.82,92680,0,0,733,14633,7,14,1,0,0,28,23,14,19,14,7,False,0,False
1270.6799,23.919,23.205,20.225,18.66,1.563,18,16,5,960269.8,71,71,67,68,100,100,99,97,20.353,20.305,22.47,22.368,1727.148,92680,0,0,733,14633,7,14,1,0,0,28,23,14,19,14,7,False,0,False
1271.1818,23.936,23.225,20.233,18.667,1.55,18,16,5,958061.3,70,71,68,69,100,100,99,97,20.353,20.305,22.468,22.367,1757.461,92680,0,0,767,14650,7,14,1,0,0,28,23,14,19,14,7,False,0,False
1271.6788,23.956,23.25,20.245,18.679,1.537,18,16,5,949725.56,70,72,69,70,100,100,99,97,20.351,20.305,22.465,22.365,1789.383,92680,0,0,767,14650,7,14,1,0,0,28,23,14,19,14,7,False,0,False
1272.18,23.978,23.279,20.263,18.695,1.523,18,16,5,941083.7,71,74,71,71,100,100,99,97,20.35,20.305,22.462,22.363,1823.797,92680,29836,0,767,14666,7,14,1,0,0,28,23,14,19,14,7,False,0,False
1272.6824,24.006,23.304,20.295,18.725,1.516,18,16,5,956937.56,74,72,78,75,100,100,99,97,20.348,20.305,22.46,22.362,1858.195,92680,29836,0,834,14717,7,14,1,0,0,28,23,14,19,14,7,False,0,False
1273.1819,24.091,23.372,20.435,18.84,1.516,18,16,5,981268.2,85,80,101,90,100,100,99,97,20.353,20.307,22.467,22.367,1887.172,92680,29836,0,834,14717,7,14,1,0,0,28,23,14,19,14,7,False,0,False
1273.6797,24.15,23.417,20.566,18.947,1.512,18,16,5,988782.3,82,76,101,91,101,100,99,97,20.359,20.311,22.479,22.375,1916.344,92680,29836,0,817,14717,7,14,1,0,0,28,23,14,19,14,7,False,0,False
1274.1792,24.218,23.47,20.68,19.041,1.505,18,16,5,994990.2,85,78,98,88,101,100,99,98,20.365,20.314,22.491,22.383,1944.617,92680,29836,0,817,14717,7,14,1,0,0,28,23,14,19,14,7,False,0,False
1274.6802,24.279,23.518,20.719,19.075,1.495,18,16,5,997589.94,81,75,80,75,101,100,99,98,20.371,20.317,22.496,22.387,1970.789,92680,29836,0,783,14700,7,14,1,0,0,28,23,14,19,14,7,False,0,False
1275.1823,24.315,23.557,20.749,19.112,1.481,18,16,5,992398.1,77,78,76,79,101,100,99,98,20.372,20.317,22.496,22.386,1998.977,92680,29836,0,783,14700,7,14,1,0,0,28,23,14,19,14,7,False,0,False
1276.1829,24.674,23.982,20.901,19.276,1.458,18,16,5,1002178.2,118,122,79,81,101,100,99,98,20.391,20.344,22.499,22.394,2060.57,92680,29836,0,850,14700,7,14,1,0,0,28,23,14,19,14,7,False,0,False
1276.68,24.784,24.109,20.949,19.33,1.446,18,16,5,999124.4,84,88,76,79,101,101,99,98,20.405,20.361,22.499,22.396,2088.828,92680,29836,0,850,14817,7,14,1,0,0,28,23,14,19,14,7,False,0,False
1277.179,24.81,24.14,20.963,19.344,1.433,18,16,5,996928.94,72,75,70,71,101,101,99,98,20.405,20.362,22.495,22.394,2119.219,92680,29836,0,850,14817,7,14,1,0,0,28,23,14,19,14,7,False,0,False
1277.6803,24.827,24.162,20.972,19.351,1.419,18,16,5,988518.25,70,73,70,70,101,101,99,98,20.401,20.36,22.49,22.389,2151.203,92680,29836,0,850,14817,7,14,1,0,0,28,23,14,19,14,7,False,0,False
1278.6813,24.87,24.21,21.018,19.397,1.403,18,16,5,1010177.6,72,72,75,75,101,101,99,98,20.396,20.357,22.485,22.385,2213.516,92680,29836,0,917,14967,7,14,1,0,0,28,23,14,19,14,7,False,0,False
1279.1829,24.905,24.234,21.046,19.431,1.402,18,16,5,1034322.06,76,72,79,77,101,101,99,98,20.398,20.359,22.489,22.39,2235.5,92680,29836,0,917,14967,7,14,1,0,0,28,23,14,19,14,7,False,0,False
1279.6816,24.949,24.262,21.099,19.483,1.402,18,16,5,1053161,83,74,87,85,101,101,99,98,20.403,20.361,22.497,22.398,2252.883,92680,29836,0,917,14983,7,14,1,0,0,28,23,14,19,14,7,False,0,False
1280.1794,24.994,24.299,21.175,19.537,1.402,18,16,5,1068449.4,86,79,100,89,102,101,100,98,20.412,20.366,22.509,22.408,2265.992,92680,29836,0,933,14983,7,14,1,0,0,28,23,14,19,14,7,False,0,False
1280.6814,25.009,24.311,21.239,19.582,1.402,18,16,5,1078946.8,79,75,106,92,102,101,100,98,20.419,20.371,22.525,22.419,2278.766,92680,29836,0,933,14850,7,14,1,0,0,28,23,14,19,14,7,False,0,False
1281.1798,25.023,24.322,21.28,19.614,1.4,18,16,5,1084217.9,78,73,103,90,102,101,100,98,20.424,20.373,22.542,22.43,2291.938,92680,29836,0,933,14850,7,14,1,0,0,28,23,14,19,14,7,False,0,False
1281.6796,25.044,24.338,21.298,19.628,1.396,18,16,5,1089760.6,79,73,93,83,102,101,100,98,20.428,20.375,22.555,22.44,2303.266,92680,29836,0,933,14850,7,14,1,0,0,28,23,14,19,14,7,False,0,False
1282.1788,25.06,24.353,21.304,19.634,1.39,18,16,5,1095885.2,77,72,83,76,102,101,101,99,20.432,20.378,22.563,22.445,2315.297,92680,29836,0,700,14850,7,14,1,0,0,28,23,14,19,14,7,False,0,False
1282.6786,25.074,24.368,21.306,19.636,1.382,18,16,5,1100853.9,75,73,75,71,102,101,101,99,20.435,20.379,22.568,22.448,2328.93,92680,29836,0,700,14850,7,14,1,0,0,28,23,14,19,14,7,False,0,False
1283.1816,25.1,24.4,21.307,19.637,1.371,18,16,5,1106097.2,77,78,70,67,102,101,101,99,20.437,20.381,22.569,22.448,2344.945,92680,29836,0,700,15083,7,14,1,0,0,28,23,14,19,14,7,False,0,False
1283.6803,25.167,24.472,21.309,19.64,1.358,18,16,5,1109411.6,90,90,68,66,102,101,101,99,20.443,20.388,22.568,22.447,2364.18,92680,29836,0,900,15083,7,14,1,0,0,28,23,14,19,14,7,False,0,False
1284.1754,25.212,24.517,21.31,19.641,1.346,18,16,5,1113666.8,81,81,67,66,102,101,101,99,20.451,20.396,22.566,22.446,2385.258,92680,29836,0,900,15083,7,14,1,0,0,28,23,14,19,14,7,False,0,False
1284.6779,25.231,24.538,21.31,19.641,1.332,18,16,5,1108719.8,74,73,66,67,102,101,101,99,20.453,20.398,22.564,22.444,2409.781,92680,29836,0,817,15017,7,14,1,0,0,28,23,14,19,14,7,False,0,False
1285.1807,25.247,24.555,21.31,19.641,1.319,18,16,5,1107884.6,71,70,66,66,102,101,100,99,20.452,20.398,22.56,22.442,2437.523,92680,29836,0,817,15017,7,14,1,0,0,28,23,14,19,14,7,False,0,False
1285.6776,25.261,24.569,21.31,19.641,1.306,18,16,5,1101086.8,70,69,66,66,102,101,100,98,20.451,20.396,22.556,22.439,2465.516,92680,29836,0,800,15017,7,14,1,0,0,28,23,14,19,14,7,False,0,False
1286.1786,25.274,24.582,21.31,19.641,1.293,18,16,5,1098426,69,69,67,67,102,101,100,98,20.448,20.393,22.552,22.435,2497.352,92680,29836,0,800,15000,7,14,1,0,0,28,23,14,19,14,7,False,0,False
1286.6805,25.286,24.595,21.312,19.642,1.279,18,16,5,1089878,69,70,67,67,102,101,100,98,20.445,20.39,22.547,22.431,2529.75,92680,29836,0,800,15000,7,14,1,0,0,28,23,14,19,14,7,False,0,False
1287.1775,25.304,24.619,21.325,19.653,1.266,18,16,5,1081522.4,70,73,69,70,102,101,100,98,20.441,20.388,22.543,22.428,2562.57,92680,29836,0,800,15017,7,14,1,0,0,28,23,14,19,14,7,False,0,False
1287.6786,25.325,24.646,21.343,19.671,1.252,18,16,5,1077951.4,71,73,70,72,102,101,100,98,20.438,20.386,22.538,22.424,2598.609,92680,29836,0,817,15017,7,14,1,0,0,28,23,14,19,14,7,False,0,False
1288.1798,25.361,24.693,21.388,19.717,1.242,18,16,5,1084875.5,73,76,75,78,102,101,100,98,20.435,20.385,22.535,22.423,2634.352,92680,29836,0,817,15017,7,14,1,0,0,28,23,14,19,14,7,False,0,False
1289.1783,25.432,24.777,21.46,19.786,1.239,18,16,5,1138632.8,74,77,76,77,102,101,100,98,20.437,20.391,22.538,22.43,2691.656,92680,29836,0,866,15017,7,14,1,0,0,28,23,14,19,14,7,False,0,False
1290.1796,25.464,24.816,21.499,19.827,1.239,18,16,5,1178052.2,70,74,75,78,102,101,100,99,20.441,20.399,22.546,22.441,2725.805,92680,29836,0,866,15050,7,14,1,0,0,28,23,14,19,14,7,False,0,False
1290.6776,25.485,24.841,21.532,19.875,1.239,18,16,5,1190047.5,73,77,81,89,102,101,100,99,20.443,20.403,22.552,22.45,2736.594,92680,29836,0,850,15066,7,14,1,0,0,28,23,14,19,14,7,False,0,False
1291.6776,25.506,24.865,21.568,19.932,1.235,18,16,5,1201102.5,72,75,78,88,102,102,101,99,20.447,20.411,22.564,22.474,2766.734,92680,29836,0,850,15116,7,14,1,0,0,28,23,14,19,14,7,False,0,False
1292.1753,25.531,24.893,21.577,19.943,1.23,18,16,5,1206948.5,77,80,75,82,102,102,101,99,20.45,20.415,22.568,22.482,2777.195,92680,29836,0,850,15116,7,14,1,0,0,28,23,14,19,14,7,False,0,False
1293.1785,25.656,25.022,21.582,19.949,1.211,18,16,5,1222171.2,96,98,68,70,103,102,101,99,20.469,20.438,22.571,22.49,2805.406,92680,29836,0,833,15116,7,14,1,0,0,28,23,14,19,14,7,False,0,False
1293.6785,25.708,25.077,21.584,19.951,1.201,18,16,5,1230058,90,90,66,68,103,102,101,99,20.481,20.451,22.57,22.49,2822.188,92680,29836,0,833,15116,7,14,1,0,0,28,23,14,19,14,7,False,0,False
1294.1787,25.729,25.101,21.586,19.953,1.19,18,16,5,1241775,77,79,65,67,103,102,101,99,20.487,20.457,22.568,22.49,2842.484,92680,29836,0,800,15100,7,14,1,0,0,28,23,14,19,14,7,False,0,False
1294.6782,25.788,25.161,21.588,19.954,1.178,18,16,5,1243554,83,83,66,66,103,102,101,99,20.492,20.462,22.566,22.489,2863.672,92680,29836,0,800,15100,7,14,1,0,0,28,23,14,19,14,7,False,0,False
1295.1808,25.821,25.193,21.588,19.954,1.165,18,16,5,1234638.6,75,75,66,66,103,103,101,99,20.495,20.466,22.563,22.486,2889.062,92680,29836,0,800,15100,7,14,1,0,0,28,23,14,19,14,7,False,0,False
1296.18,25.863,25.235,21.588,19.954,1.137,18,16,5,1142679.5,70,71,67,67,103,103,100,99,20.493,20.465,22.556,22.481,2946.211,92680,29836,0,816,15150,7,14,1,0,0,28,23,14,19,14,7,False,0,False
1296.6804,25.88,25.252,21.588,19.954,1.124,18,16,5,1092096.9,70,70,67,67,103,102,100,99,20.491,20.463,22.552,22.477,2978.422,92680,29836,0,816,15150,7,14,1,0,0,28,23,14,19,14,7,False,0,False
1297.1786,25.896,25.268,21.588,19.954,1.111,18,16,5,1034481.9,69,69,68,68,103,102,100,99,20.488,20.46,22.548,22.473,3012.734,92680,29836,0,816,15150,7,14,1,0,0,28,23,14,19,14,7,False,0,False
1297.6805,25.91,25.282,21.588,19.954,1.098,18,16,5,982418.44,69,69,68,68,103,102,100,99,20.484,20.457,22.543,22.469,3048.758,92680,29836,0,800,15150,7,14,1,0,0,28,23,14,19,14,7,False,0,False
1298.1803,25.924,25.295,21.588,19.954,1.084,18,16,5,924803.44,69,69,69,68,103,102,100,99,20.48,20.453,22.538,22.464,3086.375,92680,29836,0,816,15150,7,14,1,0,0,28,23,14,19,14,7,False,0,False
1298.6816,25.937,25.308,21.588,19.954,1.07,18,16,5,867188.44,70,69,68,68,103,102,100,99,20.476,20.449,22.532,22.459,3125.453,92680,29836,0,817,15150,7,14,1,0,0,28,23,14,19,14,7,False,0,False
1299.1798,25.947,25.318,21.588,19.954,1.057,18,16,5,841149.75,69,69,69,68,103,102,100,99,20.471,20.444,22.526,22.453,3165.68,92680,29836,0,817,15134,7,14,1,0,0,28,23,14,19,14,7,False,0,False
1299.677,25.956,25.326,21.588,19.954,1.044,18,16,5,832795.94,69,69,69,69,103,102,100,99,20.465,20.439,22.52,22.448,3205.297,92680,29836,0,817,15134,7,14,1,0,0,28,23,14,19,14,7,False,0,False
1300.1787,25.965,25.335,21.588,19.954,1.03,18,16,5,823866,69,69,69,69,102,102,100,99,20.459,20.433,22.513,22.441,3248.383,92680,29836,0,834,15100,7,14,1,0,0,28,23,14,19,14,7,False,0,False
1300.676,25.974,25.344,21.588,19.954,1.017,18,16,5,815512.2,69,69,69,69,102,102,100,98,20.454,20.427,22.506,22.434,3289.312,92680,29836,0,850,15100,7,14,1,0,0,28,23,14,19,14,7,False,0,False
1301.1774,25.983,25.354,21.588,19.954,1.003,18,16,5,806870.3,69,70,69,69,102,102,99,98,20.447,20.421,22.498,22.427,3332.211,92680,29836,0,850,15100,7,14,1,0,0,28,23,14,19,14,7,False,0,False
1301.6787,26.004,25.374,21.617,19.981,0.993,18,16,5,820680.3,72,72,74,73,102,102,99,98,20.441,20.416,22.492,22.421,3375.602,92680,29836,0,867,15084,7,14,1,0,0,28,23,14,19,14,7,False,0,False
1302.178,26.035,25.412,21.659,20.019,0.991,18,16,5,851822.2,72,74,75,75,102,102,99,98,20.441,20.417,22.495,22.425,3408.156,92680,29836,0,867,15084,7,14,1,0,0,28,23,14,19,14,7,False,0,False
1302.6777,26.058,25.444,21.691,20.052,0.991,18,16,5,881247,70,75,75,77,102,102,100,98,20.442,20.419,22.5,22.431,3435.406,92680,29836,0,866,15066,7,14,1,0,0,28,23,14,19,14,7,False,0,False
1303.1792,26.1,25.497,21.758,20.137,0.991,18,16,5,906591.5,77,82,84,93,102,102,100,99,20.444,20.424,22.507,22.44,3459.891,92680,29836,0,866,15066,7,14,1,0,0,28,23,14,19,14,7,False,0,False
1303.6818,26.135,25.541,21.825,20.226,0.987,18,16,5,916636.94,77,83,88,98,102,102,100,99,20.449,20.432,22.517,22.455,3484.047,92680,29836,0,800,15066,7,14,1,0,0,28,23,14,19,14,7,False,0,False
1304.1793,26.171,25.587,21.86,20.269,0.979,18,16,5,923289.6,78,83,81,89,102,102,100,99,20.453,20.439,22.525,22.467,3505.68,92680,29836,0,800,15017,7,14,1,0,0,28,23,14,19,14,7,False,0,False
1305.1785,26.239,25.67,21.92,20.342,0.96,18,16,5,936354.7,76,81,75,80,102,102,100,99,20.459,20.451,22.534,22.482,3548.68,92680,29836,0,833,15067,7,14,1,0,0,28,23,14,19,14,7,False,0,False
1306.1804,26.308,25.749,21.964,20.387,0.935,18,16,5,943077.7,75,79,73,75,102,102,100,99,20.463,20.459,22.537,22.488,3597.32,92680,29836,0,884,15150,7,14,1,0,0,28,23,14,19,14,7,False,0,False
1306.678,26.348,25.795,21.992,20.416,0.922,18,16,5,936797.6,76,81,74,76,103,102,100,99,20.464,20.462,22.537,22.49,3623.82,92680,29836,0,884,15150,7,14,1,0,0,28,23,14,19,14,7,False,0,False
1307.1797,26.393,25.848,22.026,20.45,0.907,18,16,5,929265.56,75,80,74,76,103,103,100,99,20.465,20.466,22.537,22.491,3654.156,92680,29836,0,867,15167,7,14,1,0,0,28,23,14,19,14,7,False,0,False
1307.6783,26.423,25.885,22.049,20.471,0.895,18,16,5,927067.3,72,77,73,73,103,103,100,99,20.465,20.468,22.537,22.491,3684.586,92680,29836,0,867,15167,7,14,1,0,0,28,23,14,19,14,7,False,0,False
1308.1769,26.441,25.904,22.057,20.48,0.881,18,16,5,918534.2,71,71,71,69,102,103,100,99,20.463,20.467,22.534,22.489,3717.406,92680,29836,0,867,15183,7,14,1,0,0,28,23,14,19,14,7,False,0,False
1308.6781,26.503,25.957,22.115,20.532,0.868,18,16,5,909892.3,80,77,80,75,102,103,100,99,20.463,20.466,22.533,22.487,3750.766,92680,29836,0,866,15234,7,14,1,0,0,28,23,14,19,14,7,False,0,False
1309.1788,26.543,25.989,22.139,20.557,0.853,18,16,5,900962.4,74,72,73,71,103,103,100,99,20.464,20.465,22.532,22.485,3786.562,92680,29836,0,917,15234,7,14,1,0,0,28,23,14,19,14,7,False,0,False
1309.6792,26.61,26.041,22.211,20.63,0.841,18,16,5,897696.7,86,79,85,84,103,103,100,99,20.464,20.463,22.531,22.483,3823.406,92680,29836,0,933,15250,7,14,1,0,0,28,23,14,19,14,7,False,0,False
1310.1807,26.766,26.173,22.358,20.757,0.827,18,16,5,889054.8,93,87,92,86,103,103,100,99,20.471,20.467,22.535,22.486,3860.141,92680,29836,0,933,15250,7,14,1,0,0,28,23,14,19,14,7,False,0,False
1310.6788,26.849,26.243,22.474,20.862,0.814,18,16,5,880412.94,85,80,93,87,103,103,100,99,20.474,20.468,22.538,22.487,3896.391,92680,29836,0,950,15250,7,14,1,0,0,28,23,14,19,14,7,False,0,False
1311.1798,26.981,26.356,22.658,21.02,0.8,18,16,5,871771.06,90,85,99,91,103,103,100,99,20.478,20.469,22.544,22.49,3931.477,92680,29836,0,1000,15250,7,14,1,0,0,28,23,14,19,14,7,False,0,False
1311.6769,27.077,26.438,22.784,21.133,0.787,18,16,5,863417.25,85,81,92,85,103,103,100,99,20.481,20.47,22.548,22.492,3964.461,92680,29836,0,1000,15283,7,14,1,0,0,28,23,14,19,14,7,False,0,False
1312.6777,27.133,26.488,22.809,21.159,0.76,18,16,5,853120.3,70,68,68,69,103,102,100,99,20.474,20.462,22.537,22.48,4036.164,92680,29836,40343,1033,15283,7,14,1,0,0,28,23,14,19,14,7,False,0,False
1313.1816,27.175,26.52,22.85,21.202,0.759,18,16,5,886195.4,77,72,78,75,103,102,100,99,20.472,20.458,22.534,22.477,4069.344,92680,29836,40343,1100,15366,7,14,1,0,0,28,23,14,19,14,7,False,0,False
1313.6798,27.219,26.553,22.906,21.253,0.758,18,16,5,914471.4,79,74,85,80,103,102,100,99,20.474,20.457,22.537,22.479,4096.086,92680,29836,40343,1100,15366,7,14,1,0,0,28,23,14,19,14,7,False,0,False
1314.1741,27.282,26.603,23.006,21.333,0.758,18,16,5,938184.8,86,80,99,89,103,102,100,99,20.478,20.459,22.545,22.485,4118.18,92680,29836,40343,1100,15234,7,14,1,0,0,28,23,14,19,14,7,False,0,False
1314.68,27.338,26.647,23.112,21.413,0.757,18,16,5,954331.2,85,79,106,93,103,103,100,99,20.486,20.464,22.56,22.495,4138.367,92680,29836,40343,934,15234,7,14,1,0,0,28,23,14,19,14,7,False,0,False
1315.1785,27.364,26.669,23.188,21.469,0.751,18,16,5,960861.3,81,76,104,90,103,103,101,100,20.491,20.467,22.575,22.504,4158.156,92680,29836,40343,934,15234,7,14,1,0,0,28,23,14,19,14,7,False,0,False
1315.6803,27.408,26.706,23.239,21.507,0.744,18,16,5,967426.25,84,79,95,84,103,103,101,100,20.496,20.469,22.586,22.511,4176.281,92680,29836,40343,1033,15234,7,14,1,0,0,28,23,14,19,14,7,False,0,False
1316.1764,27.447,26.739,23.259,21.523,0.736,18,16,5,972694.2,82,78,83,75,103,103,101,100,20.501,20.472,22.593,22.514,4194.445,92680,29836,40343,1033,15350,7,14,1,0,0,28,23,14,19,14,7,False,0,False
1316.6803,27.482,26.774,23.264,21.528,0.722,18,16,5,957571.75,79,78,73,69,103,103,101,100,20.504,20.474,22.594,22.514,4216.305,92680,29836,40343,1033,15350,7,14,1,0,0,28,23,14,19,14,7,False,0,False
1317.1791,27.518,26.813,23.266,21.531,0.709,18,16,5,929485.5,77,76,69,68,103,103,101,100,20.507,20.476,22.592,22.511,4240.969,92680,29836,40343,1033,15350,7,14,1,0,0,28,23,14,19,14,7,False,0,False
1317.6814,27.539,26.835,23.266,21.531,0.696,18,16,5,887634.56,73,73,67,67,103,103,101,100,20.506,20.476,22.589,22.508,4268.367,92680,29836,40343,1134,15484,7,14,1,0,0,28,23,14,19,14,7,False,0,False
1318.1779,27.555,26.851,23.266,21.531,0.683,18,16,5,845321.2,71,71,68,67,103,103,101,100,20.504,20.474,22.585,22.504,4297.227,92680,29836,40343,1134,15484,7,14,1,0,0,28,23,14,19,14,7,False,0,False
1318.6808,27.571,26.867,23.266,21.531,0.669,18,16,5,787989.56,71,71,68,68,103,103,101,99,20.501,20.471,22.58,22.5,4330.156,92680,29836,40343,1150,15516,7,14,1,0,0,28,23,14,19,14,7,False,0,False
1319.1798,27.586,26.882,23.266,21.531,0.655,18,16,5,730374.56,71,71,68,68,103,103,101,99,20.498,20.468,22.575,22.495,4364.023,92680,29836,40343,1150,15534,7,14,1,0,0,28,23,14,19,14,7,False,0,False
1319.6791,27.6,26.897,23.266,21.531,0.642,18,16,5,672759.56,71,71,68,68,103,103,101,99,20.494,20.464,22.569,22.49,4399.602,92680,29836,40343,1150,15534,7,14,1,0,0,28,23,14,19,14,7,False,0,False
1320.1809,27.613,26.909,23.266,21.531,0.629,18,16,5,620993.1,70,70,68,68,103,102,101,99,20.49,20.46,22.563,22.484,4436.578,92680,29836,40343,1150,15533,7,14,1,0,0,28,23,14,19,14,7,False,0,False
1320.6776,27.626,26.922,23.266,21.531,0.615,18,16,5,565298.6,71,70,68,68,103,102,100,99,20.485,20.456,22.557,22.478,4473.461,92680,29836,40343,1133,15533,7,14,1,0,0,28,23,14,19,14,7,False,0,False
1321.1786,27.639,26.935,23.266,21.531,0.601,18,16,5,505763.12,71,71,68,68,103,102,100,99,20.48,20.451,22.55,22.472,4514.133,92680,29836,40343,1150,15533,7,14,1,0,0,28,23,14,19,14,7,False,0,False
1321.6776,27.65,26.947,23.266,21.531,0.588,18,16,5,450068.62,71,70,68,68,103,102,100,99,20.475,20.446,22.542,22.465,4553.188,92680,29836,40343,1150,15533,7,14,1,0,0,28,23,14,19,14,7,False,0,False
1322.6772,27.668,26.966,23.267,21.531,0.561,18,16,5,423676.47,71,71,69,69,103,102,100,99,20.464,20.435,22.527,22.45,4636,92680,29836,40343,1133,15516,7,14,1,0,0,28,23,14,19,14,7,False,0,False
1323.1809,27.678,26.975,23.267,21.532,0.547,18,16,5,414746.53,72,72,70,70,102,102,100,99,20.458,20.429,22.519,22.442,4679.422,92680,29836,40343,1133,15516,7,14,1,0,0,28,23,14,19,14,7,False,0,False
1323.68,27.687,26.984,23.267,21.532,0.533,18,16,5,406104.66,71,71,70,69,102,102,100,98,20.451,20.423,22.511,22.434,4721.828,92680,29836,40343,1134,15484,7,14,1,0,0,28,23,14,19,14,7,False,0,False
1324.1791,27.696,26.993,23.267,21.532,0.519,18,16,5,397467.56,72,72,70,69,102,102,100,98,20.445,20.417,22.502,22.426,4764.547,92680,29836,40343,1134,15484,7,14,1,0,0,28,23,14,19,14,7,False,0,False
1325.1766,27.735,27.034,23.31,21.573,0.501,18,16,5,418603.44,72,73,76,75,102,101,99,98,20.434,20.407,22.491,22.416,4845.398,92680,29836,40343,1133,15467,7,14,1,0,0,28,23,14,19,14,7,False,0,False
1325.6786,27.766,27.068,23.346,21.606,0.5,18,16,5,449323.53,72,72,74,74,102,101,99,98,20.435,20.407,22.496,22.421,4876.367,92680,29836,40343,1133,15467,7,14,1,0,0,28,23,14,19,14,7,False,0,False
1326.6774,27.81,27.102,23.397,21.653,0.5,18,16,5,494301.8,75,70,80,76,102,102,100,98,20.439,20.41,22.506,22.431,4918.086,92680,29836,40343,1133,15483,7,14,1,0,0,28,23,14,19,14,7,False,0,False
1327.177,27.845,27.129,23.467,21.704,0.499,18,16,5,506093.47,79,74,94,83,102,102,100,98,20.444,20.412,22.517,22.439,4934.5,92680,29836,40343,1100,15500,7,14,1,0,0,28,23,14,19,14,7,False,0,False
1327.6788,27.868,27.149,23.516,21.734,0.493,18,16,5,512449.66,78,74,92,80,102,102,100,99,20.448,20.416,22.531,22.448,4957.664,92680,29836,40343,1100,15500,7,14,1,0,0,28,23,14,19,14,7,False,0,False
1328.1705,27.89,27.168,23.531,21.746,0.486,18,16,5,518489.16,76,73,82,74,102,102,100,99,20.453,20.418,22.54,22.453,4973.602,92680,29836,40343,1100,15500,7,14,1,0,0,28,23,14,19,14,7,False,0,False
1328.6769,27.913,27.189,23.545,21.758,0.477,18,16,5,524148.3,76,73,76,71,102,102,100,99,20.456,20.42,22.545,22.456,4992.078,92680,29836,40343,1100,15534,7,14,1,0,0,28,23,14,19,14,7,False,0,False
1329.1771,27.938,27.213,23.552,21.765,0.465,18,16,5,524146.2,75,74,72,68,102,102,100,99,20.459,20.422,22.548,22.458,5012.273,92680,29836,40343,1100,15534,7,14,1,0,0,28,23,14,19,14,7,False,0,False
1329.6763,27.981,27.257,23.565,21.777,0.451,18,16,5,519687.66,80,78,72,69,102,102,100,99,20.462,20.425,22.549,22.458,5034.57,92680,29836,40343,1100,15534,7,14,1,0,0,28,23,14,19,14,7,False,0,False
1330.1752,28.013,27.286,23.573,21.786,0.438,18,16,5,517374.97,76,74,71,68,103,102,100,99,20.465,20.427,22.55,22.458,5059.695,92680,29836,40343,1100,15550,7,14,1,0,0,28,23,14,19,14,7,False,0,False
1330.6785,28.037,27.309,23.575,21.788,0.425,18,16,5,472556.53,73,72,68,67,103,102,100,99,20.466,20.428,22.549,22.457,5087.922,92680,29836,40343,1117,15550,7,14,1,0,0,28,23,14,19,14,7,False,0,False
1331.1749,28.053,27.326,23.575,21.788,0.412,18,16,5,426038.88,72,71,67,68,103,102,100,99,20.465,20.427,22.547,22.456,5118.656,92680,29836,40343,1133,15550,7,14,1,0,0,28,23,14,19,14,7,False,0,False
1331.6741,28.069,27.343,23.575,21.788,0.398,18,16,5,369703.28,72,71,68,68,103,102,100,99,20.464,20.426,22.543,22.453,5151.32,92680,29836,40343,1133,15567,7,14,1,0,0,28,23,14,19,14,7,False,0,False
1332.1769,28.083,27.357,23.575,21.788,0.384,18,16,5,318318.78,71,71,68,68,102,102,100,99,20.462,20.424,22.54,22.451,5185.852,92680,29836,40343,1133,15567,7,14,1,0,0,28,23,14,19,14,7,False,0,False
1332.6781,28.094,27.368,23.575,21.788,0.371,18,16,5,285277.9,71,70,68,68,102,102,100,99,20.46,20.421,22.536,22.448,5221.773,92680,29836,40343,1116,15567,7,14,1,0,0,28,23,14,19,14,7,False,0,False
