Timestamp,tyre_wear_rear_left,tyre_wear_rear_right,tyre_wear_front_left,tyre_wear_front_right,fuel_in_tank,actual_tyre_compound,visual_tyre_compound,tyres_age_laps,ers_store_energy,tyre_surface_temp_rear_left,tyre_surface_temp_rear_right,tyre_surface_temp_front_left,tyre_surface_temp_front_right,tyre_inner_temp_rear_left,tyre_inner_temp_rear_right,tyre_inner_temp_front_left,tyre_inner_temp_front_right,tyre_pressure_rear_left,tyre_pressure_rear_right,tyre_pressure_front_left,tyre_pressure_front_right,lap_distance,last_lap_ms,sector_1_ms,sector_2_ms,delta_in_front_ms,delta_leader_ms,car_position,current_lap,num_pit_stops,pit_timer_active,pit_timer_ms,track_temp,air_temp,total_laps,pit_rejoin_position,starting_position,finishing_position,dnf,penalties_time,fastest_lap
0,0,0,0,0,25.272,18,16,0,4000000,56,56,58,58,95,95,96,96,20.064,20.064,22.317,22.317,91.935,0,0,0,0,0,20,1,0,0,0,26,21,14,20,20,12,FALSE,0,FALSE
0.049645673,0,0,0,0,25.271,18,16,0,4000000,56,56,58,58,95,95,96,96,20.061,20.061,22.314,22.314,91.935,0,0,0,0,0,20,1,0,0,0,26,21,14,20,20,12,FALSE,0,FALSE
0.5644605,0.028,0.028,0,0,25.269,18,16,0,4000000,68,68,57,57,95,95,96,96,20.04,20.04,22.296,22.296,92.028,0,0,0,0,0,20,1,0,0,0,26,21,14,20,20,12,FALSE,0,FALSE
1.0618659,0.04,0.04,0,0,25.266,18,16,0,4000000,70,70,57,57,94,94,96,96,20.026,20.026,22.278,22.278,93.649,0,0,0,0,0,20,1,0,0,0,26,21,14,20,20,12,FALSE,0,FALSE
1.5608375,0.05,0.049,0,0,25.263,18,16,0,4000000,70,70,58,58,94,94,96,96,20.013,20.013,22.261,22.261,97.32,0,0,0,0,0,20,1,0,0,0,26,21,14,20,20,12,FALSE,0,FALSE
2.0632193,0.058,0.057,0,0,25.259,18,16,0,4000000,70,70,58,58,94,94,95,95,19.999,19.999,22.244,22.244,103.206,0,0,0,0,0,20,1,0,0,0,26,21,14,20,20,12,FALSE,0,FALSE
2.557403,0.093,0.093,0,0,25.252,18,16,0,4000000,79,79,59,59,94,94,95,95,19.988,19.988,22.228,22.228,111.486,0,0,0,0,0,20,1,0,0,0,26,21,14,20,20,12,FALSE,0,FALSE
3.0615642,0.138,0.139,0,0,25.244,18,16,0,4000000,86,86,60,61,94,94,95,95,19.982,19.982,22.212,22.212,122.161,0,0,0,0,0,20,1,0,0,0,26,21,14,20,20,12,FALSE,0,FALSE
3.5622728,0.165,0.165,0,0,25.236,18,16,0,3999992.5,82,81,62,62,94,94,94,94,19.976,19.976,22.197,22.197,135.469,0,0,0,0,0,20,1,0,0,0,26,21,14,20,20,12,FALSE,0,FALSE
4.0644884,0.184,0.184,0,0,25.225,18,16,0,3999951.2,76,76,62,63,93,93,94,94,19.967,19.967,22.182,22.182,151.426,0,0,0,0,0,20,1,0,0,0,26,21,14,20,20,12,FALSE,0,FALSE
4.5580325,0.208,0.208,0,0,25.215,18,16,0,3998445,73,73,63,63,93,93,94,94,19.956,19.956,22.168,22.168,170.177,0,0,0,734,0,20,1,0,0,0,26,21,14,20,20,12,FALSE,0,FALSE
5.0614924,0.224,0.224,0,0,25.202,18,16,0,3994964.2,70,70,64,64,93,93,94,94,19.944,19.944,22.154,22.154,191.572,0,0,0,734,0,20,1,0,0,0,26,21,14,20,20,12,FALSE,0,FALSE
5.562663,0.243,0.243,0,0,25.188,18,16,0,3990186.2,70,70,64,64,93,93,94,94,19.932,19.931,22.141,22.141,215.761,0,0,0,200,0,20,1,0,0,0,26,21,14,20,20,12,FALSE,0,FALSE
6.0621114,0.258,0.258,0,0,25.176,18,16,0,3989755.2,68,68,65,65,92,92,93,93,19.919,19.918,22.127,22.127,242.45,0,0,0,200,5567,20,1,0,0,0,26,21,14,20,20,12,FALSE,0,FALSE
6.5655284,0.272,0.271,0,0,25.162,18,16,0,3982795,68,68,65,65,92,92,93,93,19.905,19.905,22.114,22.114,271.339,0,0,0,83,5567,20,1,0,0,0,26,21,14,20,20,12,FALSE,0,FALSE
7.064424,0.283,0.282,0,0,25.149,18,16,0,3980309.2,67,67,65,65,92,92,93,93,19.892,19.891,22.102,22.102,302.163,0,0,0,83,3633,20,1,0,0,0,26,21,14,20,20,12,FALSE,0,FALSE
7.562044,0.294,0.293,0,0,25.135,18,16,0,3971764.8,67,68,66,66,92,92,93,93,19.878,19.878,22.089,22.089,334.686,0,0,0,66,3633,20,1,0,0,0,26,21,14,20,20,12,FALSE,0,FALSE
8.0601425,0.304,0.304,0,0,25.121,18,16,0,3963124.8,67,68,66,66,91,91,92,92,19.865,19.864,22.076,22.077,368.84,0,0,0,66,2666,20,1,0,0,0,26,21,14,20,20,12,FALSE,0,FALSE
8.563584,0.313,0.314,0,0,25.109,18,16,0,3959822.2,67,67,66,66,91,91,92,92,19.851,19.851,22.064,22.064,404.306,0,0,0,50,2300,20,1,0,0,0,26,21,14,20,20,12,FALSE,0,FALSE
9.0610485,0.323,0.323,0,0,25.095,18,16,0,3951182.2,67,67,66,66,91,91,92,92,19.838,19.838,22.052,22.052,440.954,0,0,0,66,2300,20,1,0,0,0,26,21,14,20,20,12,FALSE,0,FALSE
9.562613,0.332,0.332,0,0,25.081,18,16,0,3942542.2,67,68,66,66,91,91,92,92,19.825,19.825,22.04,22.04,478.742,0,0,0,66,2100,20,1,0,0,0,26,21,14,20,20,12,FALSE,0,FALSE
10.057893,0.341,0.341,0,0,25.067,18,16,0,3933902.2,68,68,66,66,91,91,92,92,19.812,19.812,22.028,22.028,517.562,0,0,0,83,1967,20,1,0,0,0,26,21,14,20,20,12,FALSE,0,FALSE
10.562777,0.349,0.348,0,0,25.055,18,16,0,3930498.8,68,68,66,66,90,90,91,91,19.8,19.799,22.017,22.017,557.186,0,0,0,100,1967,20,1,0,0,0,26,21,14,20,20,12,FALSE,0,FALSE
11.063991,0.371,0.369,0.025,0.027,25.045,18,16,0,3942062,70,70,72,72,90,90,91,91,19.789,19.789,22.008,22.008,596.366,0,0,0,116,1883,20,1,0,0,0,26,21,14,20,20,12,FALSE,0,FALSE
11.560601,0.413,0.405,0.062,0.063,25.045,18,16,0,3972067.2,71,72,72,71,90,90,91,91,19.788,19.788,22.011,22.011,627.914,0,0,0,116,1883,20,1,0,0,0,26,21,14,20,20,12,FALSE,0,FALSE
12.062037,0.442,0.436,0.077,0.08,25.044,18,16,0,3995559,71,72,70,70,90,90,91,91,19.79,19.791,22.017,22.017,652.213,0,0,0,117,1883,19,1,0,0,0,26,21,14,20,20,12,FALSE,0,FALSE
12.558734,0.483,0.482,0.088,0.091,25.044,18,16,0,4000000,78,80,69,69,90,90,92,92,19.796,19.797,22.023,22.023,670.261,0,0,0,117,1883,19,1,0,0,0,26,21,14,20,20,12,FALSE,0,FALSE
13.054857,0.626,0.653,0.093,0.097,25.043,18,16,0,4000000,114,119,68,68,91,91,92,92,19.812,19.816,22.03,22.03,683.148,0,0,0,117,2050,19,1,0,0,0,26,21,14,20,20,12,FALSE,0,FALSE
13.56082,0.674,0.714,0.097,0.1,25.043,18,16,0,4000000,105,111,67,67,91,91,92,92,19.838,19.845,22.036,22.035,692.103,0,0,0,117,2050,19,1,0,0,0,26,21,14,20,20,12,FALSE,0,FALSE
14.066014,0.675,0.716,0.097,0.1,25.042,18,16,0,4000000,88,93,66,65,91,92,92,92,19.856,19.866,22.041,22.041,699.521,0,0,0,117,2050,19,1,0,0,0,26,21,14,20,20,12,FALSE,0,FALSE
14.563256,0.676,0.717,0.098,0.101,25.042,18,16,0,4000000,78,81,64,64,92,92,92,92,19.867,19.878,22.045,22.045,707.145,0,0,0,284,2050,19,1,0,0,0,26,21,14,20,20,12,FALSE,0,FALSE
15.058568,0.676,0.718,0.099,0.103,25.041,18,16,0,4000000,72,74,64,64,92,92,92,92,19.874,19.886,22.049,22.049,713.513,0,0,0,284,2050,19,1,0,0,0,26,21,14,20,20,12,FALSE,0,FALSE
15.56643,0.681,0.723,0.099,0.103,25.039,18,16,0,4000000,70,71,63,63,92,92,92,92,19.879,19.891,22.053,22.052,719.551,0,0,0,284,3284,18,1,0,0,0,26,21,14,20,20,12,FALSE,0,FALSE
16.06171,0.684,0.726,0.101,0.105,25.038,18,16,0,4000000,67,68,63,63,92,92,92,92,19.882,19.895,22.056,22.055,726.154,0,0,0,284,3284,18,1,0,0,0,26,21,14,20,20,12,FALSE,0,FALSE
16.56259,0.687,0.728,0.103,0.107,25.037,18,16,0,4000000,66,66,64,63,92,92,92,92,19.885,19.897,22.059,22.057,732.726,0,0,0,284,3284,18,1,0,0,0,26,21,14,20,20,12,FALSE,0,FALSE
17.065252,0.691,0.732,0.109,0.112,25.035,18,16,0,4000000,66,65,66,63,92,92,92,92,19.887,19.899,22.062,22.06,741.298,0,0,0,284,3284,19,1,0,0,0,26,21,14,20,20,12,FALSE,0,FALSE
17.563053,0.697,0.738,0.117,0.117,25.033,18,16,0,4000000,66,65,68,64,92,92,92,92,19.889,19.9,22.066,22.062,753.013,0,0,0,100,3284,19,1,0,0,0,26,21,14,20,20,12,FALSE,0,FALSE
18.062536,0.706,0.746,0.131,0.126,25.03,18,16,0,4000000,67,66,71,65,92,92,92,92,19.891,19.902,22.07,22.065,762.747,0,0,0,100,3284,19,1,0,0,0,26,21,14,20,20,12,FALSE,0,FALSE
18.56502,0.711,0.75,0.132,0.128,25.026,18,16,0,4000000,67,66,68,64,92,92,92,92,19.893,19.903,22.075,22.067,772.716,0,0,0,100,4867,19,1,0,0,0,26,21,14,20,20,12,FALSE,0,FALSE
19.066103,0.72,0.764,0.133,0.129,25.019,18,16,0,4000000,68,68,66,64,92,92,92,92,19.895,19.904,22.078,22.069,784.634,0,0,0,100,4867,19,1,0,0,0,26,21,14,20,20,12,FALSE,0,FALSE
19.562984,0.728,0.773,0.134,0.129,25.011,18,16,0,4000000,68,68,65,64,92,92,93,92,19.897,19.906,22.08,22.07,798.864,0,0,0,783,4867,18,1,0,0,0,26,21,14,20,20,12,FALSE,0,FALSE
20.06418,0.739,0.785,0.138,0.134,25.003,18,16,0,4000000,68,68,64,66,92,92,93,92,19.899,19.908,22.081,22.072,815.457,0,0,0,783,4817,18,1,0,0,0,26,21,14,20,20,12,FALSE,0,FALSE
20.564272,0.753,0.802,0.153,0.152,24.995,18,16,0,4000000,69,71,67,71,92,92,93,92,19.901,19.91,22.082,22.074,833.759,0,0,0,783,4817,18,1,0,0,0,26,21,14,20,20,12,FALSE,0,FALSE
21.065588,0.776,0.83,0.168,0.169,24.986,18,16,0,4000000,71,75,69,72,92,92,93,92,19.904,19.914,22.084,22.077,859.179,0,0,0,417,4817,18,1,0,0,0,26,21,14,20,20,12,FALSE,0,FALSE
21.561129,0.795,0.854,0.187,0.19,24.977,18,16,0,4000000,69,74,70,72,92,92,93,93,19.906,19.918,22.085,22.08,879.01,0,0,0,417,4867,18,1,0,0,0,26,21,14,20,20,12,FALSE,0,FALSE
22.061716,0.819,0.883,0.198,0.201,24.965,18,16,0,3998281.8,71,73,67,70,92,93,93,93,19.908,19.921,22.087,22.082,901.223,0,0,0,400,4867,18,1,0,0,0,26,21,14,20,20,12,FALSE,0,FALSE
22.562534,0.855,0.921,0.204,0.206,24.953,18,16,0,3998583.8,72,73,64,66,92,93,93,93,19.911,19.924,22.086,22.083,926.169,0,0,0,400,4867,18,1,0,0,0,26,21,14,20,20,12,FALSE,0,FALSE
23.06376,0.876,0.94,0.209,0.21,24.939,18,16,0,3992625.5,70,71,66,63,92,93,93,93,19.912,19.926,22.085,22.081,954.236,0,0,0,434,4967,18,1,0,0,0,26,21,14,20,20,12,FALSE,0,FALSE
23.56527,0.915,0.976,0.228,0.228,24.926,18,16,0,3986287.5,73,71,70,67,92,93,93,93,19.914,19.927,22.084,22.08,983.655,0,0,0,434,5017,18,1,0,0,0,26,21,14,20,20,12,FALSE,0,FALSE
24.064861,0.944,1,0.244,0.244,24.913,18,16,0,3967749.8,72,70,70,68,92,93,93,93,19.916,19.928,22.084,22.078,1013.546,0,0,0,450,5017,18,1,0,0,0,26,21,14,20,20,12,FALSE,0,FALSE
24.562452,0.973,1.024,0.253,0.253,24.899,18,16,0,3911676.5,70,69,67,66,92,93,93,92,19.917,19.927,22.083,22.076,1045.573,0,0,0,450,5017,18,1,0,0,0,26,21,14,20,20,12,FALSE,0,FALSE
25.061428,0.988,1.039,0.253,0.253,24.886,18,16,0,3856745.8,68,68,66,66,92,93,93,92,19.917,19.926,22.08,22.073,1079.546,0,0,0,484,5050,18,1,0,0,0,26,21,14,20,20,12,FALSE,0,FALSE
25.563215,1.001,1.051,0.253,0.253,24.873,18,16,0,3801808.2,68,68,66,66,92,93,92,92,19.915,19.924,22.076,22.07,1115.012,0,0,0,484,5050,18,1,0,0,0,26,21,14,20,20,12,FALSE,0,FALSE
26.066298,1.013,1.063,0.253,0.253,24.859,18,16,0,3744193.2,68,68,66,66,92,93,92,92,19.913,19.922,22.072,22.066,1151.964,0,0,0,516,5083,18,1,0,0,0,26,21,14,20,20,12,FALSE,0,FALSE
26.564253,1.025,1.076,0.253,0.253,24.845,18,16,0,3686578.2,68,68,66,66,92,93,92,92,19.911,19.92,22.068,22.061,1190.265,0,0,0,516,5083,18,1,0,0,0,26,21,14,20,20,12,FALSE,0,FALSE
27.062592,1.036,1.087,0.253,0.253,24.832,18,16,0,3634308.5,68,68,67,66,92,92,92,92,19.909,19.918,22.063,22.057,1229.712,0,0,0,516,5083,18,1,0,0,0,26,21,14,20,20,12,FALSE,0,FALSE
27.562874,1.047,1.098,0.253,0.253,24.819,18,16,0,3576693.5,68,68,67,67,92,92,92,92,19.906,19.915,22.058,22.052,1270.051,0,0,0,534,5067,18,1,0,0,0,26,21,14,20,20,12,FALSE,0,FALSE
28.064201,1.055,1.107,0.254,0.254,24.805,18,16,0,3566421,68,69,67,67,92,92,92,92,19.903,19.912,22.052,22.046,1311.157,0,0,0,550,5067,18,1,0,0,0,26,21,14,20,20,12,FALSE,0,FALSE
28.56472,1.063,1.118,0.255,0.255,24.791,18,16,0,3557781,68,69,67,67,92,92,92,92,19.9,19.908,22.047,22.041,1352.761,0,0,0,550,5067,18,1,0,0,0,26,21,14,20,20,12,FALSE,0,FALSE
29.062618,1.085,1.14,0.285,0.284,24.783,18,16,0,3576981.5,70,70,72,72,92,92,92,92,19.898,19.907,22.045,22.039,1392.611,0,0,0,566,5066,18,1,0,0,0,26,21,14,20,20,12,FALSE,0,FALSE
29.562723,1.113,1.167,0.314,0.313,24.783,18,16,0,3607558.2,69,69,71,71,92,92,92,92,19.902,19.91,22.051,22.045,1424,0,0,0,566,5066,18,1,0,0,0,26,21,14,20,20,12,FALSE,0,FALSE
30.060184,1.133,1.183,0.325,0.324,24.782,18,16,0,3632358.8,69,68,69,68,92,92,92,92,19.907,19.915,22.058,22.051,1448.193,0,0,0,517,5133,18,1,0,0,0,26,21,14,20,20,12,FALSE,0,FALSE
30.563786,1.146,1.196,0.336,0.331,24.781,18,16,0,3652898.8,68,68,69,68,92,93,92,92,19.912,19.92,22.064,22.058,1467.604,0,0,0,65469,5133,19,1,0,0,0,26,21,14,20,20,12,FALSE,0,FALSE
31.062618,1.149,1.198,0.338,0.334,24.781,18,16,0,3670840.5,66,65,67,66,92,93,92,92,19.917,19.924,22.07,22.063,1483.953,0,0,0,65469,5517,19,1,0,0,0,26,21,14,20,20,12,FALSE,0,FALSE
31.565619,1.154,1.2,0.342,0.338,24.78,18,16,0,3679408.8,66,64,67,66,93,93,92,92,19.921,19.928,22.075,22.068,1498.582,0,0,0,65469,5517,19,1,0,0,0,26,21,14,20,20,12,FALSE,0,FALSE
32.06389,1.16,1.204,0.35,0.345,24.779,18,16,0,3688018.2,66,64,68,66,93,93,93,92,19.925,19.93,22.08,22.072,1512.266,0,0,0,17,5517,19,1,0,0,0,26,21,14,20,20,12,FALSE,0,FALSE
32.56209,1.173,1.212,0.367,0.36,24.777,18,16,0,3694799.5,69,65,71,68,93,93,93,92,19.929,19.933,22.085,22.077,1526.023,0,0,0,17,5517,19,1,0,0,0,26,21,14,20,20,12,FALSE,0,FALSE
33.06196,1.193,1.224,0.387,0.377,24.775,18,16,0,3701632.5,72,66,74,70,93,93,93,93,19.935,19.936,22.092,22.082,1550.521,0,0,0,17,6100,19,1,0,0,0,26,21,14,20,20,12,FALSE,0,FALSE
33.56101,1.204,1.232,0.396,0.384,24.77,18,16,0,3708648.8,70,66,71,68,93,93,93,93,19.941,19.94,22.098,22.086,1570.192,0,0,0,250,6100,19,1,0,0,0,26,21,14,20,20,12,FALSE,0,FALSE
34.06527,1.222,1.247,0.413,0.398,24.765,18,16,0,3715988.2,72,68,73,69,93,93,93,93,19.947,19.943,22.103,22.09,1587.295,0,0,0,250,6100,18,1,0,0,0,26,21,14,20,20,12,FALSE,0,FALSE
34.562794,1.237,1.258,0.423,0.408,24.758,18,16,0,3723533,71,67,71,68,93,93,93,93,19.952,19.947,22.108,22.094,1604.071,0,0,0,250,6233,18,1,0,0,0,26,21,14,20,20,12,FALSE,0,FALSE
35.059658,1.252,1.273,0.428,0.413,24.748,18,16,0,3731232.5,71,68,68,66,93,93,93,93,19.957,19.95,22.111,22.096,1621.638,0,0,0,483,6233,18,1,0,0,0,26,21,14,20,20,12,FALSE,0,FALSE
35.56399,1.27,1.291,0.431,0.416,24.737,18,16,0,3742606.5,71,69,67,65,93,93,93,93,19.961,19.954,22.113,22.097,1642.041,0,0,0,483,6234,18,1,0,0,0,26,21,14,20,20,12,FALSE,0,FALSE
36.059753,1.295,1.315,0.431,0.417,24.723,18,16,0,3738528.5,71,71,65,64,93,93,93,93,19.966,19.958,22.114,22.098,1665.055,0,0,0,483,6234,18,1,0,0,0,26,21,14,20,20,12,FALSE,0,FALSE
36.564095,1.316,1.334,0.431,0.418,24.71,18,16,0,3738521.8,69,69,65,64,93,93,93,93,19.969,19.961,22.114,22.097,1691.035,0,0,0,234,6234,18,1,0,0,0,26,21,14,20,20,12,FALSE,0,FALSE
37.06067,1.332,1.35,0.432,0.419,24.697,18,16,0,3731981.5,69,68,65,66,93,93,93,93,19.972,19.963,22.113,22.096,1719.263,0,0,0,234,6267,18,1,0,0,0,26,21,14,20,20,12,FALSE,0,FALSE
37.559814,1.349,1.372,0.442,0.428,24.684,18,16,0,3729849,68,70,67,68,93,93,93,93,19.973,19.965,22.112,22.096,1749.284,0,0,0,200,6267,18,1,0,0,0,26,21,14,20,20,12,FALSE,0,FALSE
38.061768,1.37,1.398,0.457,0.442,24.67,18,16,0,3721575.5,68,71,67,69,94,93,93,93,19.975,19.968,22.111,22.096,1780.998,0,0,0,183,6283,18,1,0,0,0,26,21,14,20,20,12,FALSE,0,FALSE
38.564022,1.401,1.438,0.488,0.473,24.656,18,16,0,3712935.5,71,74,71,73,94,93,93,93,19.976,19.971,22.111,22.096,1815.056,0,38399,0,183,6283,18,1,0,0,0,26,21,14,20,20,12,FALSE,0,FALSE
39.06497,1.42,1.463,0.504,0.486,24.648,18,16,0,3726493,69,70,70,69,94,93,93,93,19.977,19.973,22.11,22.096,1849.981,0,38399,0,183,6300,18,1,0,0,0,26,21,14,20,20,12,FALSE,0,FALSE
39.561523,1.482,1.511,0.595,0.563,24.647,18,16,0,3756016,80,75,88,82,94,94,93,93,19.982,19.977,22.116,22.1,1878.285,0,38399,0,183,6300,18,1,0,0,0,26,21,14,20,20,12,FALSE,0,FALSE
40.061,1.544,1.559,0.723,0.664,24.645,18,16,0,3772991.5,80,74,99,89,94,94,93,93,19.992,19.984,22.13,22.11,1903.828,0,38399,0,216,6300,18,1,0,0,0,26,21,14,20,20,12,FALSE,0,FALSE
40.563644,1.598,1.601,0.804,0.729,24.637,18,16,0,3780051,82,76,92,84,94,94,94,93,20,19.99,22.143,22.119,1929.947,0,38399,0,266,6400,18,1,0,0,0,26,21,14,20,20,12,FALSE,0,FALSE
41.06308,1.646,1.637,0.849,0.765,24.627,18,16,0,3786985.8,78,73,81,75,94,94,94,93,20.009,19.995,22.151,22.125,1955.467,0,38399,0,266,6400,18,1,0,0,0,26,21,14,20,20,12,FALSE,0,FALSE
41.559757,1.669,1.658,0.856,0.772,24.615,18,16,0,3789650,71,69,69,69,94,94,94,93,20.014,19.999,22.155,22.127,1981.414,0,38399,0,350,6400,18,1,0,0,0,26,21,14,20,20,12,FALSE,0,FALSE
42.066135,1.711,1.707,0.892,0.816,24.602,18,16,0,3789601.2,73,76,71,76,94,94,94,93,20.017,20.002,22.155,22.129,2009.88,0,38399,0,350,6400,18,1,0,0,0,26,21,14,20,20,12,FALSE,0,FALSE
42.556313,1.776,1.786,0.956,0.891,24.589,18,16,0,3791692.8,79,83,78,84,94,94,94,93,20.021,20.009,22.158,22.133,2041.351,0,38399,0,367,6567,18,1,0,0,0,26,21,14,20,20,12,FALSE,0,FALSE
43.053852,1.837,1.858,1.016,0.963,24.577,18,16,0,3789920.8,76,80,76,82,94,94,94,94,20.027,20.017,22.161,22.139,2072.502,0,38399,0,367,6567,18,1,0,0,0,26,21,14,20,20,12,FALSE,0,FALSE
43.561092,1.878,1.908,1.049,0.999,24.563,18,16,0,3781726.2,71,75,71,74,95,94,94,94,20.03,20.022,22.161,22.142,2103.641,0,38399,0,384,6567,18,1,0,0,0,26,21,14,20,20,12,FALSE,0,FALSE
44.06305,1.9,1.937,1.067,1.016,24.549,18,16,0,3773093.5,69,72,69,70,95,94,94,94,20.031,20.024,22.16,22.141,2136.676,0,38399,0,384,6650,18,1,0,0,0,26,21,14,20,20,12,FALSE,0,FALSE
44.564472,1.924,1.964,1.098,1.046,24.54,18,16,0,3786542.8,70,71,74,74,95,94,94,94,20.031,20.026,22.16,22.141,2169.188,0,38399,0,400,6650,18,1,0,0,0,26,21,14,20,20,12,FALSE,0,FALSE
45.062237,1.951,1.99,1.128,1.076,24.539,18,16,0,3813118,70,70,73,73,95,95,94,94,20.035,20.03,22.166,22.148,2194.181,0,38399,0,400,6700,18,1,0,0,0,26,21,14,20,20,12,FALSE,0,FALSE
45.564445,1.961,2.001,1.134,1.082,24.539,18,16,0,3834921,68,68,69,69,95,95,94,94,20.04,20.035,22.172,22.154,2213.167,0,38399,0,367,6700,18,1,0,0,0,26,21,14,20,20,12,FALSE,0,FALSE
46.06558,1.963,2.003,1.135,1.083,24.539,18,16,0,3851014.5,65,66,67,66,95,95,94,94,20.043,20.038,22.177,22.159,2228.476,0,38399,0,367,7050,18,1,0,0,0,26,21,14,20,20,12,FALSE,0,FALSE
46.56138,1.966,2.005,1.14,1.088,24.539,18,16,0,3862177.2,65,64,68,66,95,95,94,94,20.045,20.041,22.181,22.163,2242.306,0,38399,0,367,7050,18,1,0,0,0,26,21,14,20,20,12,FALSE,0,FALSE
47.06209,1.981,2.012,1.158,1.106,24.539,18,16,0,3868584.5,69,65,72,70,95,95,94,94,20.048,20.043,22.186,22.167,2254.598,0,38399,0,367,7050,18,1,0,0,0,26,21,14,20,20,12,FALSE,0,FALSE
47.563274,1.995,2.023,1.179,1.12,24.539,18,16,0,3874504.2,71,66,76,70,95,95,94,94,20.053,20.045,22.192,22.172,2265.259,0,38399,0,367,7050,18,1,0,0,0,26,21,14,20,20,12,FALSE,0,FALSE
48.063747,2.007,2.032,1.204,1.135,24.539,18,16,0,3880152.5,71,67,80,71,95,95,95,94,20.058,20.048,22.199,22.176,2278.49,0,38399,0,266,7050,18,1,0,0,0,26,21,14,20,20,12,FALSE,0,FALSE
48.56214,2.016,2.039,1.24,1.164,24.538,18,16,0,3885198.8,70,67,85,77,95,95,95,94,20.062,20.051,22.209,22.182,2293.552,0,38399,0,266,7434,18,1,0,0,0,26,21,14,20,20,12,FALSE,0,FALSE
49.060513,2.033,2.052,1.255,1.177,24.534,18,16,0,3890494.8,73,69,81,74,95,95,95,94,20.067,20.053,22.218,22.188,2305.313,0,38399,0,266,7434,18,1,0,0,0,26,21,14,20,20,12,FALSE,0,FALSE
49.56227,2.044,2.064,1.258,1.18,24.528,18,16,0,3894931,72,69,75,70,95,95,95,94,20.072,20.057,22.225,22.193,2317.563,0,38399,0,266,7434,18,1,0,0,0,26,21,14,20,20,12,FALSE,0,FALSE
50.061424,2.058,2.079,1.261,1.182,24.52,18,16,0,3899258.5,72,70,71,67,95,95,95,94,20.076,20.06,22.229,22.195,2331.579,0,38399,0,250,7434,18,1,0,0,0,26,21,14,20,20,12,FALSE,0,FALSE
50.563545,2.073,2.096,1.262,1.184,24.509,18,16,0,3904994.2,71,71,67,65,95,95,95,94,20.08,20.064,22.231,22.196,2347.819,0,38399,0,250,7434,18,1,0,0,0,26,21,14,20,20,12,FALSE,0,FALSE
51.06297,2.09,2.114,1.263,1.185,24.499,18,16,0,3908156.2,71,71,66,65,96,95,95,94,20.084,20.067,22.231,22.197,2366.792,0,38399,0,250,7550,18,1,0,0,0,26,21,14,20,20,12,FALSE,0,FALSE
51.559258,2.106,2.132,1.263,1.185,24.486,18,16,0,3904600.5,71,70,65,65,96,95,95,94,20.087,20.07,22.231,22.196,2388.358,0,38399,0,250,7550,17,1,0,0,0,26,21,14,20,20,12,FALSE,0,FALSE
52.060383,2.124,2.151,1.263,1.185,24.473,18,16,0,3899785,70,70,65,65,96,95,95,94,20.089,20.073,22.23,22.196,2412.611,0,38399,0,433,7550,17,1,0,0,0,26,21,14,20,20,12,FALSE,0,FALSE
52.560516,2.138,2.166,1.263,1.186,24.46,18,16,0,3899206.2,69,68,65,65,96,95,95,94,20.091,20.074,22.228,22.194,2439.11,0,38399,0,433,7550,17,1,0,0,0,26,21,14,20,20,12,FALSE,0,FALSE
53.054153,2.152,2.18,1.263,1.186,24.446,18,16,0,3892336.2,68,68,65,65,96,95,95,94,20.092,20.075,22.226,22.193,2467.721,0,38399,0,433,7600,17,1,0,0,0,26,21,14,20,20,12,FALSE,0,FALSE
53.56337,2.164,2.192,1.263,1.186,24.433,18,16,0,3890050.2,68,68,66,66,96,95,95,94,20.092,20.075,22.224,22.19,2498.278,0,38399,0,433,7600,17,1,0,0,0,26,21,14,20,20,12,FALSE,0,FALSE
54.063305,2.175,2.203,1.263,1.186,24.42,18,16,0,3881580.8,67,68,66,66,96,95,95,94,20.091,20.074,22.221,22.188,2530.439,0,38399,0,450,7600,17,1,0,0,0,26,21,14,20,20,12,FALSE,0,FALSE
54.5612,2.188,2.221,1.27,1.192,24.406,18,16,0,3872940.8,68,70,67,68,96,95,95,94,20.091,20.074,22.217,22.185,2564.235,0,38399,0,450,7633,17,1,0,0,0,26,21,14,20,20,12,FALSE,0,FALSE
55.062847,2.218,2.259,1.304,1.227,24.393,18,16,0,3869644.8,71,74,72,74,96,95,95,94,20.09,20.075,22.215,22.183,2599.059,0,38399,0,450,7633,17,1,0,0,0,26,21,14,20,20,12,FALSE,0,FALSE
55.56243,2.259,2.311,1.351,1.274,24.386,18,16,0,3882826.8,71,74,73,76,96,95,95,94,20.091,20.077,22.214,22.184,2633.639,0,38399,0,483,7667,17,1,0,0,0,26,21,14,20,20,12,FALSE,0,FALSE
56.06167,2.289,2.348,1.385,1.306,24.384,18,16,0,3910710.5,71,73,73,75,96,95,95,94,20.093,20.081,22.217,22.188,2664.128,0,38399,0,483,7667,17,1,0,0,0,26,21,14,20,20,12,FALSE,0,FALSE
56.56365,2.306,2.37,1.402,1.322,24.383,18,16,0,3935035.2,69,72,71,73,96,96,95,94,20.097,20.086,22.222,22.194,2687.51,0,38399,0,483,7733,17,1,0,0,0,26,21,14,20,20,12,FALSE,0,FALSE
57.06171,2.317,2.383,1.412,1.332,24.383,18,16,0,3956238.5,68,70,69,71,96,96,95,95,20.1,20.091,22.226,22.2,2705.435,0,38399,0,450,7733,17,1,0,0,0,26,21,14,20,20,12,FALSE,0,FALSE
57.55949,2.322,2.391,1.419,1.338,24.383,18,16,0,3973430.2,66,68,68,70,96,96,95,95,20.103,20.095,22.23,22.205,2720.395,0,38399,0,450,7733,17,1,0,0,0,26,21,14,20,20,12,FALSE,0,FALSE
58.058487,2.329,2.401,1.432,1.354,24.383,18,16,0,3986524.5,66,69,70,73,96,96,95,95,20.105,20.099,22.234,22.21,2732.681,0,38399,0,450,7884,17,1,0,0,0,26,21,14,20,20,12,FALSE,0,FALSE
58.558887,2.339,2.413,1.454,1.389,24.383,18,16,0,3995185.5,67,70,73,82,96,96,95,95,20.108,20.103,22.239,22.218,2742.03,0,38399,0,450,7884,17,1,0,0,0,26,21,14,20,20,12,FALSE,0,FALSE
59.06343,2.349,2.424,1.473,1.419,24.38,18,16,0,4000000,69,71,74,85,96,96,95,95,20.111,20.107,22.245,22.228,2758.367,0,38399,0,317,7884,17,1,0,0,0,26,21,14,20,20,12,FALSE,0,FALSE
59.563,2.365,2.441,1.481,1.429,24.375,18,16,0,4000000,71,73,72,80,96,96,95,95,20.115,20.113,22.25,22.237,2770.647,0,38399,0,317,7884,17,1,0,0,0,26,21,14,20,20,12,FALSE,0,FALSE
60.058006,2.389,2.462,1.484,1.433,24.368,18,16,0,4000000,74,75,69,74,96,96,95,95,20.12,20.119,22.254,22.244,2782.646,0,38399,0,317,8133,17,1,0,0,0,26,21,14,20,20,12,FALSE,0,FALSE
60.561985,2.418,2.484,1.486,1.435,24.358,18,16,0,3999967.5,76,76,66,69,96,96,95,95,20.126,20.125,22.256,22.248,2797.675,0,38399,0,317,8133,17,1,0,0,0,26,21,14,20,20,12,FALSE,0,FALSE
61.060757,2.445,2.511,1.486,1.435,24.346,18,16,0,3999925.8,76,75,65,66,96,96,95,95,20.133,20.131,22.256,22.25,2815.476,0,38399,0,433,8133,17,1,0,0,0,26,21,14,20,20,12,FALSE,0,FALSE
61.56307,2.469,2.535,1.486,1.435,24.334,18,16,0,3998355,73,73,64,65,97,96,95,95,20.138,20.137,22.256,22.25,2836.14,0,38399,0,433,8050,17,1,0,0,0,26,21,14,20,20,12,FALSE,0,FALSE
62.06272,2.489,2.554,1.486,1.435,24.32,18,16,0,3993907.2,71,71,65,65,97,97,95,95,20.142,20.14,22.256,22.25,2859.583,0,38399,0,334,8050,17,1,0,0,0,26,21,14,20,20,12,FALSE,0,FALSE
62.563263,2.504,2.569,1.486,1.435,24.308,18,16,0,3993543.2,69,69,65,65,97,97,95,95,20.144,20.142,22.255,22.249,2885.472,0,38399,0,334,8050,17,1,0,0,0,26,21,14,20,20,12,FALSE,0,FALSE
63.05899,2.517,2.583,1.486,1.435,24.294,18,16,0,3986885.8,68,69,65,66,97,97,95,95,20.145,20.144,22.253,22.247,2913.576,0,38399,0,266,7983,17,1,0,0,0,26,21,14,20,20,12,FALSE,0,FALSE
63.56058,2.529,2.595,1.486,1.435,24.281,18,16,0,3984663,68,68,66,66,97,97,95,95,20.145,20.144,22.251,22.246,2943.674,0,38399,0,266,7983,17,1,0,0,0,26,21,14,20,20,12,FALSE,0,FALSE
64.06031,2.54,2.606,1.486,1.435,24.268,18,16,0,3976294,68,68,66,66,97,97,95,95,20.145,20.144,22.249,22.244,2975.615,0,38399,0,267,7983,17,1,0,0,0,26,21,14,20,20,12,FALSE,0,FALSE
64.560356,2.55,2.617,1.486,1.435,24.254,18,16,0,3967654,68,68,66,66,97,97,95,95,20.145,20.144,22.246,22.241,3009.199,0,38399,0,283,7983,17,1,0,0,0,26,21,14,20,20,12,FALSE,0,FALSE
65.06351,2.559,2.627,1.486,1.435,24.241,18,16,0,3964250.2,68,68,67,66,97,97,95,95,20.144,20.143,22.243,22.238,3044.114,0,38399,0,283,7983,17,1,0,0,0,26,21,14,20,20,12,FALSE,0,FALSE
65.55881,2.568,2.636,1.486,1.435,24.228,18,16,0,3955610.2,68,68,67,67,97,97,95,95,20.143,20.142,22.239,22.234,3080.186,0,38399,0,300,7983,17,1,0,0,0,26,21,14,20,20,12,FALSE,0,FALSE
66.0596,2.578,2.645,1.486,1.435,24.214,18,16,0,3946970.2,69,69,68,68,97,97,95,95,20.141,20.14,22.235,22.23,3117.397,0,38399,0,316,7983,17,1,0,0,0,26,21,14,20,20,12,FALSE,0,FALSE
66.56091,2.587,2.654,1.486,1.435,24.2,18,16,0,3938330.2,68,68,67,67,97,97,95,95,20.139,20.139,22.23,22.225,3155.656,0,38399,0,316,7983,17,1,0,0,0,26,21,14,20,20,12,FALSE,0,FALSE
67.06171,2.596,2.663,1.486,1.435,24.186,18,16,0,3929690.2,68,68,67,67,97,96,95,95,20.137,20.136,22.225,22.22,3194.861,0,38399,0,350,7983,17,1,0,0,0,26,21,14,20,20,12,FALSE,0,FALSE
67.5592,2.604,2.671,1.486,1.435,24.173,18,16,0,3926369.2,69,68,67,67,96,96,95,95,20.134,20.133,22.22,22.215,3234.832,0,38399,0,383,7967,17,1,0,0,0,26,21,14,20,20,12,FALSE,0,FALSE
68.0623,2.612,2.678,1.486,1.435,24.16,18,16,0,3917729.2,69,68,67,67,96,96,95,95,20.131,20.13,22.214,22.209,3275.394,0,38399,0,384,7934,17,1,0,0,0,26,21,14,20,20,12,FALSE,0,FALSE
68.56289,2.621,2.686,1.486,1.435,24.146,18,16,0,3909089.2,69,69,67,67,96,96,95,95,20.128,20.127,22.208,22.203,3316.576,0,38399,0,384,7934,17,1,0,0,0,26,21,14,20,20,12,FALSE,0,FALSE
69.06277,2.632,2.697,1.496,1.445,24.133,18,16,0,3909880.8,69,69,70,71,96,96,95,94,20.124,20.123,22.202,22.197,3358.047,0,38399,0,416,7933,17,1,0,0,0,26,21,14,20,20,12,FALSE,0,FALSE
69.56088,2.663,2.727,1.535,1.485,24.131,18,16,0,3942730,70,70,73,73,96,96,95,95,20.125,20.124,22.205,22.2,3393.208,0,38399,0,433,7916,17,1,0,0,0,26,21,14,20,20,12,FALSE,0,FALSE
70.06351,2.678,2.746,1.556,1.505,24.13,18,16,0,3971076,68,71,72,73,96,96,95,95,20.128,20.127,22.21,22.206,3421.057,0,38399,0,433,7916,17,1,0,0,0,26,21,14,20,20,12,FALSE,0,FALSE
70.560425,2.716,2.798,1.62,1.586,24.13,18,16,0,3995913.8,73,79,81,89,96,96,95,95,20.132,20.134,22.218,22.215,3443.959,0,38399,0,450,7983,17,1,0,0,0,26,21,14,20,20,12,FALSE,0,FALSE
71.06186,2.748,2.838,1.683,1.673,24.126,18,16,0,3999945.2,74,79,83,94,97,97,95,95,20.138,20.142,22.229,22.23,3465.948,0,38399,0,450,7983,17,1,0,0,0,26,21,14,20,20,12,FALSE,0,FALSE
71.561615,2.78,2.881,1.723,1.721,24.12,18,16,0,3999936,75,81,81,88,97,97,95,95,20.143,20.15,22.237,22.242,3491.069,0,38399,0,450,7983,17,1,0,0,0,26,21,14,20,20,12,FALSE,0,FALSE
72.06357,2.81,2.92,1.76,1.765,24.112,18,16,0,3999913,74,80,78,84,97,97,95,95,20.148,20.158,22.245,22.253,3512.929,0,38399,0,517,8033,17,1,0,0,0,26,21,14,20,20,12,FALSE,0,FALSE
72.564354,2.849,2.965,1.788,1.797,24.1,18,16,0,3999866,76,81,74,79,97,97,95,96,20.153,20.166,22.25,22.26,3535.146,0,38399,0,517,8067,17,1,0,0,0,26,21,14,20,20,12,FALSE,0,FALSE
73.059814,2.883,3.004,1.809,1.82,24.087,18,16,0,3998992,74,78,72,75,97,97,95,96,20.157,20.172,22.254,22.265,3559.006,0,38399,0,550,8067,17,1,0,0,0,26,21,14,20,20,12,FALSE,0,FALSE
73.55992,2.936,3.065,1.845,1.858,24.073,18,16,0,3993157.2,77,82,74,77,97,97,95,96,20.162,20.179,22.257,22.27,3584.622,0,38399,0,550,8067,17,1,0,0,0,26,21,14,20,20,12,FALSE,0,FALSE
74.0632,2.981,3.118,1.883,1.898,24.061,18,16,0,3992332.2,76,81,75,78,97,97,96,96,20.166,20.186,22.26,22.274,3611.895,0,38399,0,567,8050,17,1,0,0,0,26,21,14,20,20,12,FALSE,0,FALSE
74.56277,3.027,3.174,1.925,1.942,24.047,18,16,0,3984988.8,74,79,75,77,97,98,96,96,20.17,20.191,22.262,22.277,3640.917,0,38399,0,583,8050,17,1,0,0,0,26,21,14,20,20,12,FALSE,0,FALSE
75.06171,3.067,3.224,1.961,1.978,24.034,18,16,0,3982541,72,77,73,75,97,98,96,96,20.172,20.196,22.263,22.28,3671.734,0,38399,0,583,8033,17,1,0,0,0,26,21,14,20,20,12,FALSE,0,FALSE
75.56128,3.089,3.253,1.975,1.99,24.02,18,16,0,3974019.2,69,72,69,69,97,98,96,96,20.172,20.198,22.263,22.28,3704.273,0,38399,0,600,8033,17,1,0,0,0,26,21,14,20,20,12,FALSE,0,FALSE
76.06163,3.112,3.272,1.995,2.01,24.006,18,16,0,3965379.2,73,71,74,71,97,98,96,96,20.172,20.198,22.261,22.277,3738.096,0,38399,0,600,8067,17,1,0,0,0,26,21,14,20,20,12,FALSE,0,FALSE
76.56094,3.195,3.342,2.091,2.094,23.993,18,16,0,3956739.2,82,78,85,80,97,98,96,96,20.175,20.2,22.264,22.278,3772.347,0,38399,0,617,8067,17,1,0,0,0,26,21,14,20,20,12,FALSE,0,FALSE
77.06043,3.269,3.402,2.175,2.173,23.979,18,16,0,3948099.2,81,77,84,80,97,98,96,96,20.179,20.201,22.267,22.279,3808.001,0,38399,0,633,8066,17,1,0,0,0,26,21,14,20,20,12,FALSE,0,FALSE
77.56438,3.346,3.466,2.258,2.25,23.965,18,16,0,3939459.2,80,75,83,79,97,98,96,96,20.183,20.203,22.269,22.28,3845.004,0,38399,0,633,8066,17,1,0,0,0,26,21,14,20,20,12,FALSE,0,FALSE
78.0624,3.448,3.551,2.412,2.385,23.951,18,16,0,3930819.2,86,81,95,88,97,98,96,96,20.187,20.205,22.274,22.282,3882.281,0,38399,0,650,8066,17,1,0,0,0,26,21,14,20,20,12,FALSE,0,FALSE
78.56261,3.55,3.636,2.539,2.497,23.938,18,16,0,3927695.5,83,78,88,82,98,98,96,96,20.192,20.207,22.279,22.284,3919.048,0,38399,0,633,8066,17,1,0,0,0,26,21,14,20,20,12,FALSE,0,FALSE
79.06357,3.62,3.693,2.614,2.567,23.925,18,16,0,3919055.5,79,75,81,77,98,98,96,96,20.195,20.207,22.28,22.283,3954.865,0,38399,0,650,8050,17,1,0,0,0,26,21,14,20,20,12,FALSE,0,FALSE
79.56241,3.675,3.737,2.658,2.608,23.911,18,16,0,3910415.5,73,71,72,70,98,98,96,96,20.195,20.206,22.278,22.28,3991.205,0,38399,0,650,8050,17,1,0,0,0,26,21,14,20,20,12,FALSE,0,FALSE
80.062416,3.691,3.748,2.666,2.615,23.899,18,16,0,3913296.2,70,69,70,69,98,98,96,96,20.192,20.202,22.273,22.274,4028.45,0,38399,41349,683,8050,17,1,0,0,0,26,21,14,20,20,12,FALSE,0,FALSE
80.563484,3.718,3.767,2.69,2.637,23.898,18,16,0,3945220.2,72,69,72,71,98,98,96,96,20.192,20.2,22.273,22.274,4060.748,0,38399,41349,683,8050,17,1,0,0,0,26,21,14,20,20,12,FALSE,0,FALSE
81.062996,3.764,3.801,2.747,2.69,23.897,18,16,0,3973382,78,72,83,78,98,98,96,96,20.195,20.202,22.278,22.277,4086.95,0,38399,41349,667,8067,17,1,0,0,0,26,21,14,20,20,12,FALSE,0,FALSE
81.56331,3.819,3.843,2.834,2.759,23.897,18,16,0,3997545,81,75,93,84,98,98,96,96,20.202,20.206,22.288,22.285,4109.093,0,38399,41349,667,8067,17,1,0,0,0,26,21,14,20,20,12,FALSE,0,FALSE
82.06438,3.857,3.87,2.925,2.826,23.897,18,16,0,4000000,79,73,99,88,98,98,96,96,20.21,20.21,22.301,22.294,4128.647,0,38399,41349,667,8033,17,1,0,0,0,26,21,14,20,20,12,FALSE,0,FALSE
82.56288,3.891,3.899,3.006,2.881,23.89,18,16,0,4000000,79,75,100,86,98,98,96,96,20.216,20.213,22.316,22.303,4149.975,0,38399,41349,600,8033,17,1,0,0,0,26,21,14,20,20,12,FALSE,0,FALSE
83.05555,3.932,3.934,3.049,2.914,23.881,18,16,0,4000000,81,76,89,79,98,98,97,96,20.223,20.218,22.328,22.31,4171.598,0,38399,41349,600,8084,17,1,0,0,0,26,21,14,20,20,12,FALSE,0,FALSE
83.560165,3.977,3.975,3.075,2.935,23.869,18,16,0,3999272,82,78,80,74,98,98,97,96,20.229,20.222,22.334,22.314,4192.707,0,38399,41349,650,8084,17,1,0,0,0,26,21,14,20,20,12,FALSE,0,FALSE
84.060715,4.049,4.043,3.092,2.951,23.856,18,16,0,3995101.8,86,83,74,70,98,98,97,96,20.237,20.229,22.338,22.316,4215.899,0,38399,41349,650,8084,17,1,0,0,0,26,21,14,20,20,12,FALSE,0,FALSE
84.56035,4.066,4.06,3.093,2.952,23.842,18,16,0,3992266.5,73,71,68,67,98,98,97,96,20.242,20.232,22.338,22.315,4241.998,0,38399,41349,667,8067,17,1,0,0,0,26,21,14,20,20,12,FALSE,0,FALSE
85.06159,4.08,4.074,3.093,2.953,23.829,18,16,0,3988371.8,70,69,67,66,98,98,97,96,20.242,20.233,22.336,22.313,4270.361,0,38399,41349,667,8067,17,1,0,0,0,26,21,14,20,20,12,FALSE,0,FALSE
85.56229,4.092,4.085,3.093,2.953,23.815,18,16,0,3980687.5,69,69,67,67,98,98,97,96,20.241,20.232,22.334,22.311,4300.812,0,38399,41349,666,8067,17,1,0,0,0,26,21,14,20,20,12,FALSE,0,FALSE
86.06266,4.103,4.096,3.093,2.953,23.802,18,16,0,3977836.5,69,69,67,67,98,98,97,96,20.24,20.23,22.331,22.308,4332.908,0,38399,41349,666,8067,17,1,0,0,0,26,21,14,20,20,12,FALSE,0,FALSE
86.55793,4.113,4.107,3.093,2.953,23.789,18,16,0,3969196.5,69,69,67,67,98,98,97,96,20.238,20.229,22.327,22.304,4366.567,0,38399,41349,667,8033,17,1,0,0,0,26,21,14,20,20,12,FALSE,0,FALSE
87.06086,4.123,4.117,3.093,2.953,23.775,18,16,0,3960556.5,68,68,67,67,98,98,97,96,20.236,20.227,22.323,22.3,4401.636,0,38399,41349,683,8033,17,1,0,0,0,26,21,14,20,20,12,FALSE,0,FALSE
87.56295,4.133,4.127,3.093,2.953,23.762,18,16,0,3957466.5,68,68,67,67,98,98,96,96,20.233,20.224,22.318,22.296,4437.867,0,38399,41349,683,8033,17,1,0,0,0,26,21,14,20,20,12,FALSE,0,FALSE
88.05784,4.145,4.138,3.093,2.953,23.748,18,16,0,3911279,69,69,67,67,98,98,96,96,20.23,20.221,22.313,22.291,4475.226,0,38399,41349,683,8000,17,1,0,0,0,26,21,14,20,20,12,FALSE,0,FALSE
88.55869,4.156,4.151,3.093,2.953,23.734,18,16,0,3853664,69,69,67,67,98,98,96,96,20.227,20.218,22.308,22.285,4513.929,0,38399,41349,683,8000,17,1,0,0,0,26,21,14,20,20,12,FALSE,0,FALSE
89.06051,4.168,4.163,3.093,2.953,23.72,18,16,0,3796049,69,69,67,67,98,98,96,96,20.223,20.214,22.302,22.279,4553.833,0,38399,41349,684,7967,17,1,0,0,0,26,21,14,20,20,12,FALSE,0,FALSE
89.5597,4.176,4.172,3.093,2.953,23.708,18,16,0,3781497.5,69,69,68,68,98,98,96,96,20.219,20.21,22.295,22.273,4594.586,0,38399,41349,684,7967,17,1,0,0,0,26,21,14,20,20,12,FALSE,0,FALSE
90.06238,4.184,4.18,3.093,2.953,23.694,18,16,0,3772857.5,69,69,68,68,98,98,96,96,20.215,20.206,22.289,22.267,4635.942,0,38399,41349,684,7933,17,1,0,0,0,26,21,14,20,20,12,FALSE,0,FALSE
90.56089,4.193,4.188,3.093,2.953,23.68,18,16,0,3764217.5,70,70,69,69,98,98,96,96,20.211,20.202,22.282,22.26,4677.86,0,38399,41349,666,7933,17,1,0,0,0,26,21,14,20,20,12,FALSE,0,FALSE
91.060814,4.201,4.197,3.093,2.953,23.666,18,16,0,3755577.5,70,70,68,68,98,98,96,95,20.207,20.198,22.275,22.253,4720.271,0,38399,41349,666,7884,17,1,0,0,0,26,21,14,20,20,12,FALSE,0,FALSE
91.55819,4.209,4.205,3.094,2.953,23.652,18,16,0,3746937.5,70,70,68,68,98,98,96,95,20.202,20.193,22.268,22.246,4763.106,0,38399,41349,650,7884,17,1,0,0,0,26,21,14,20,20,12,FALSE,0,FALSE
92.06341,4.217,4.214,3.094,2.953,23.639,18,16,0,3738297.5,70,70,68,68,98,97,96,95,20.196,20.188,22.26,22.238,4806.264,0,38399,41349,650,7850,17,1,0,0,0,26,21,14,20,20,12,FALSE,0,FALSE
92.55845,4.247,4.244,3.136,2.995,23.634,18,16,0,3769683.8,71,71,74,73,98,97,96,95,20.195,20.186,22.26,22.238,4845.212,0,38399,41349,650,7833,17,1,0,0,0,26,21,14,20,20,12,FALSE,0,FALSE
93.055885,4.275,4.276,3.169,3.026,23.633,18,16,0,3799177,71,71,73,73,98,97,96,95,20.197,20.189,22.266,22.244,4875.153,0,38399,41349,650,7833,17,1,0,0,0,26,21,14,20,20,12,FALSE,0,FALSE
93.558334,4.295,4.292,3.189,3.046,23.633,18,16,0,3823919.8,71,68,74,72,98,98,96,95,20.2,20.192,22.273,22.251,4898.483,0,38399,41349,650,7884,17,1,0,0,0,26,21,14,20,20,12,FALSE,0,FALSE
94.062004,4.329,4.316,3.24,3.085,23.633,18,16,0,3842217,76,71,83,77,98,98,96,95,20.205,20.195,22.281,22.258,4917.347,0,38399,41349,600,7884,17,1,0,0,0,26,21,14,20,20,12,FALSE,0,FALSE
94.5623,4.352,4.332,3.272,3.109,23.632,18,16,0,3849514,74,69,82,75,98,98,96,96,20.212,20.199,22.291,22.265,4935.31,0,38399,41349,600,7884,17,1,0,0,0,26,21,14,20,20,12,FALSE,0,FALSE
95.06025,4.379,4.355,3.322,3.142,23.628,18,16,0,3856070,77,73,87,77,98,98,96,96,20.217,20.202,22.302,22.272,4959.492,0,38399,41349,550,7900,17,1,0,0,0,26,21,14,20,20,12,FALSE,0,FALSE
95.557205,4.41,4.381,3.348,3.162,23.62,18,16,0,3862381.8,77,73,81,74,98,98,96,96,20.223,20.206,22.312,22.278,4976.904,0,38399,41349,550,7900,17,1,0,0,0,26,21,14,20,20,12,FALSE,0,FALSE
96.05788,4.434,4.401,3.365,3.176,23.61,18,16,0,3868687.5,75,71,75,70,98,98,96,96,20.229,20.21,22.318,22.282,4996.637,0,38399,41349,550,7834,17,1,0,0,0,26,21,14,20,20,12,FALSE,0,FALSE
96.557495,4.464,4.43,3.376,3.187,23.598,18,16,0,3867504.5,76,74,72,68,98,98,97,96,20.233,20.213,22.322,22.285,5017.646,0,38399,41349,484,7834,17,1,0,0,0,26,21,14,20,20,12,FALSE,0,FALSE
97.06061,4.494,4.459,3.386,3.197,23.584,18,16,0,3862511,74,73,70,68,98,98,97,96,20.237,20.217,22.325,22.286,5040.745,0,38399,41349,484,7834,17,1,0,0,0,26,21,14,20,20,12,FALSE,0,FALSE
97.559105,4.524,4.485,3.396,3.208,23.571,18,16,0,3862095.8,74,72,70,67,98,98,97,96,20.24,20.219,22.326,22.287,5066.941,0,38399,41349,517,7850,17,1,0,0,0,26,21,14,20,20,12,FALSE,0,FALSE
98.05899,4.541,4.5,3.397,3.21,23.557,18,16,0,3855055.8,70,69,67,66,98,98,97,96,20.242,20.22,22.326,22.286,5095.989,0,38399,41349,517,7850,17,1,0,0,0,26,21,14,20,20,12,FALSE,0,FALSE
98.557304,4.556,4.516,3.398,3.21,23.545,18,16,0,3832704.8,70,69,66,67,98,98,97,96,20.242,20.22,22.324,22.285,5126.935,0,38399,41349,533,7850,17,1,0,0,0,26,21,14,20,20,12,FALSE,0,FALSE
99.05649,4.57,4.531,3.398,3.21,23.531,18,16,0,3775391,70,70,67,67,98,98,97,96,20.242,20.22,22.322,22.284,5159.793,0,38399,41349,550,7850,17,1,0,0,0,26,21,14,20,20,12,FALSE,0,FALSE
99.55976,4.584,4.545,3.398,3.21,23.517,18,16,0,3721041,69,69,67,67,98,98,97,96,20.241,20.219,22.32,22.282,5194.594,0,38399,41349,550,7850,17,1,0,0,0,26,21,14,20,20,12,FALSE,0,FALSE
100.06061,4.593,4.554,3.398,3.21,23.504,18,16,0,3717827.2,69,69,67,67,98,98,96,96,20.24,20.217,22.317,22.279,5230.744,0,38399,41349,567,7834,17,1,0,0,0,26,21,14,20,20,12,FALSE,0,FALSE
100.55912,4.602,4.563,3.398,3.21,23.49,18,16,0,3709187.2,69,69,67,67,98,98,96,96,20.238,20.216,22.313,22.275,5268.01,0,38399,41349,550,7567,17,1,0,0,0,26,21,14,20,20,12,FALSE,0,FALSE
101.055,4.611,4.572,3.398,3.21,23.477,18,16,0,3700547.2,69,69,67,67,98,98,96,96,20.236,20.213,22.309,22.272,5306.299,0,38399,41349,550,7567,17,1,0,0,0,26,21,14,20,20,12,FALSE,0,FALSE
101.55719,4.62,4.581,3.398,3.21,23.463,18,16,0,3691907.2,69,69,68,67,98,98,96,96,20.233,20.211,22.305,22.267,5345.496,0,38399,41349,567,7567,17,1,0,0,0,26,21,14,20,20,12,FALSE,0,FALSE
102.05949,4.629,4.589,3.398,3.21,23.449,18,16,0,3683267.2,69,69,68,67,98,98,96,96,20.23,20.208,22.3,22.262,5385.461,0,38399,41349,584,7567,17,1,0,0,0,26,21,14,20,20,12,FALSE,0,FALSE
102.558266,4.637,4.598,3.398,3.21,23.436,18,16,1,3680057.8,69,69,68,67,98,98,96,95,20.226,20.204,22.294,22.257,17.183,102339,0,0,566,7584,17,2,0,0,0,26,21,14,20,20,12,FALSE,0,FALSE
103.049095,4.644,4.606,3.398,3.21,23.423,18,16,1,3671705.8,69,69,68,68,98,98,96,95,20.222,20.201,22.288,22.251,56.998,102339,0,0,566,7584,17,2,0,0,0,26,21,14,20,20,12,FALSE,0,FALSE
103.55962,4.653,4.614,3.398,3.21,23.409,18,16,1,3662777.8,69,69,68,67,98,98,96,95,20.218,20.197,22.282,22.245,100.065,102339,0,0,566,7583,17,2,0,0,0,26,21,14,20,20,12,FALSE,0,FALSE
104.054855,4.661,4.622,3.398,3.21,23.395,18,16,1,3654137.8,69,69,68,67,98,98,96,95,20.213,20.192,22.275,22.238,142.263,102339,0,0,566,7583,17,2,0,0,0,26,21,14,20,20,12,FALSE,0,FALSE
104.559525,4.67,4.631,3.398,3.21,23.381,18,16,1,3645497.8,69,69,68,68,98,97,96,95,20.208,20.187,22.268,22.231,184.929,102339,0,0,583,7583,17,2,0,0,0,26,21,14,20,20,12,FALSE,0,FALSE
105.05585,4.678,4.639,3.398,3.21,23.367,18,16,1,3636857.8,70,69,68,68,98,97,96,95,20.203,20.182,22.26,22.224,228.016,102339,0,0,567,7583,17,2,0,0,0,26,21,14,20,20,12,FALSE,0,FALSE
105.56111,4.686,4.647,3.398,3.21,23.353,18,16,1,3628217.8,70,70,68,68,98,97,95,95,20.198,20.177,22.252,22.216,271.459,102339,0,0,567,7633,17,2,0,0,0,26,21,14,20,20,12,FALSE,0,FALSE
106.05946,4.695,4.655,3.398,3.21,23.339,18,16,1,3619577.8,69,69,68,67,98,97,95,95,20.192,20.171,22.244,22.209,315.215,102339,0,0,583,7633,17,2,0,0,0,26,21,14,20,20,12,FALSE,0,FALSE
106.56075,4.703,4.663,3.398,3.21,23.326,18,16,1,3610937.8,70,70,68,68,97,97,95,95,20.186,20.165,22.236,22.2,359.261,102339,0,0,583,7633,17,2,0,0,0,26,21,14,20,20,12,FALSE,0,FALSE
107.06133,4.711,4.671,3.398,3.21,23.312,18,16,1,3602297.8,69,69,67,67,97,97,95,94,20.18,20.159,22.227,22.192,403.52,102339,0,0,584,7633,17,2,0,0,0,26,21,14,20,20,12,FALSE,0,FALSE
107.5616,4.72,4.679,3.398,3.21,23.298,18,16,1,3593657.8,70,70,68,68,97,97,95,94,20.173,20.153,22.218,22.183,447.963,102339,0,0,567,7684,17,2,0,0,0,26,21,14,20,20,12,FALSE,0,FALSE
108.056,4.728,4.687,3.398,3.21,23.284,18,16,1,3585017.8,69,69,68,68,97,97,95,94,20.167,20.146,22.209,22.174,492.599,102339,0,0,583,7684,17,2,0,0,0,26,21,14,20,20,12,FALSE,0,FALSE
108.556816,4.736,4.695,3.398,3.21,23.271,18,16,1,3576377.8,69,69,68,68,97,97,95,94,20.159,20.139,22.2,22.165,537.407,102339,0,0,583,7684,17,2,0,0,0,26,21,14,20,20,12,FALSE,0,FALSE
109.060715,4.744,4.703,3.398,3.21,23.257,18,16,1,3567737.8,71,71,68,68,97,96,94,94,20.152,20.132,22.191,22.156,582.321,102339,0,0,583,7700,17,2,0,0,0,26,21,14,20,20,12,FALSE,0,FALSE
109.557724,4.776,4.734,3.441,3.254,23.252,18,16,1,3599694.8,71,72,74,73,97,96,94,94,20.149,20.13,22.19,22.156,622.832,102339,0,0,566,7700,17,2,0,0,0,26,21,14,20,20,12,FALSE,0,FALSE
110.05972,4.811,4.767,3.477,3.292,23.251,18,16,1,3630729,71,71,74,74,97,96,94,94,20.151,20.132,22.197,22.162,654.099,102339,0,0,566,7683,17,2,0,0,0,26,21,14,20,20,12,FALSE,0,FALSE
110.555565,4.856,4.804,3.506,3.321,23.25,18,16,1,3655101.8,77,74,74,74,97,97,95,94,20.157,20.137,22.205,22.17,677.264,102339,0,0,566,7683,17,2,0,0,0,26,21,14,20,20,12,FALSE,0,FALSE
111.060715,4.869,4.815,3.512,3.327,23.249,18,16,1,3674983.8,71,70,70,70,97,97,95,94,20.163,20.142,22.212,22.178,694.401,102339,0,0,566,7783,17,2,0,0,0,26,21,14,20,20,12,FALSE,0,FALSE
111.55656,4.876,4.819,3.514,3.33,23.249,18,16,1,3690682.5,68,67,68,67,97,97,95,94,20.167,20.146,22.218,22.184,707.213,102339,0,0,483,7783,17,2,0,0,0,26,21,14,20,20,12,FALSE,0,FALSE
112.06075,4.878,4.821,3.518,3.333,23.249,18,16,1,3698624.2,66,65,68,67,97,97,95,94,20.17,20.149,22.224,22.189,717.947,102339,0,0,483,8134,17,2,0,0,0,26,21,14,20,20,12,FALSE,0,FALSE
112.55765,4.887,4.827,3.541,3.35,23.249,18,16,1,3705077.8,68,65,74,70,97,97,95,94,20.172,20.151,22.229,22.195,727.293,102339,0,0,483,8134,17,2,0,0,0,26,21,14,20,20,12,FALSE,0,FALSE
113.05156,4.9,4.837,3.576,3.374,23.248,18,16,1,3710731.8,70,67,82,74,97,97,95,95,20.176,20.153,22.239,22.201,735.937,102339,0,0,483,8134,17,2,0,0,0,26,21,14,20,20,12,FALSE,0,FALSE
113.5589,4.91,4.848,3.592,3.381,23.245,18,16,1,3716650.2,70,69,82,71,97,97,95,95,20.18,20.156,22.249,22.207,754.161,102339,0,0,317,8134,17,2,0,0,0,26,21,14,20,20,12,FALSE,0,FALSE
114.055916,4.927,4.86,3.604,3.391,23.241,18,16,1,3723162.5,73,70,78,71,97,97,95,95,20.184,20.159,22.258,22.213,766.77,102339,0,0,317,8134,17,2,0,0,0,26,21,14,20,20,12,FALSE,0,FALSE
114.561005,4.94,4.876,3.608,3.395,23.234,18,16,1,3730589.2,73,71,73,68,97,97,96,95,20.189,20.163,22.265,22.217,778.565,102339,0,0,317,8517,17,2,0,0,0,26,21,14,20,20,12,FALSE,0,FALSE
115.0602,4.958,4.9,3.608,3.396,23.225,18,16,1,3739420.5,73,74,69,66,98,97,96,95,20.194,20.168,22.269,22.22,792.747,102339,0,0,317,8517,17,2,0,0,0,26,21,14,20,20,12,FALSE,0,FALSE
115.560074,4.977,4.922,3.612,3.4,23.215,18,16,1,3752552.5,73,73,67,67,98,97,96,95,20.198,20.173,22.272,22.223,809.554,102339,0,0,467,8517,17,2,0,0,0,26,21,14,20,20,12,FALSE,0,FALSE
116.06179,4.993,4.942,3.625,3.416,23.206,18,16,1,3760410.8,71,73,68,71,98,97,96,95,20.202,20.177,22.273,22.226,828.136,102339,0,0,467,8517,17,2,0,0,0,26,21,14,20,20,12,FALSE,0,FALSE
116.5582,5.016,4.971,3.649,3.443,23.196,18,16,1,3768499.2,72,77,72,75,98,97,96,95,20.205,20.182,22.276,22.23,852.973,102339,0,0,467,8183,17,2,0,0,0,26,21,14,20,20,12,FALSE,0,FALSE
117.06085,5.045,5.005,3.666,3.46,23.186,18,16,1,3781339.8,72,77,70,72,98,97,96,95,20.208,20.188,22.278,22.234,874.947,102339,0,0,233,8134,17,2,0,0,0,26,21,14,20,20,12,FALSE,0,FALSE
117.55974,5.073,5.035,3.681,3.474,23.174,18,16,1,3783468.8,73,77,70,71,98,98,96,95,20.21,20.192,22.28,22.236,898.113,102339,0,0,233,8134,17,2,0,0,0,26,21,14,20,20,12,FALSE,0,FALSE
118.06065,5.098,5.063,3.686,3.479,23.161,18,16,1,3782243.2,71,72,67,68,98,98,96,95,20.213,20.196,22.28,22.238,924.087,102339,0,0,267,8134,17,2,0,0,0,26,21,14,20,20,12,FALSE,0,FALSE
118.55749,5.123,5.088,3.696,3.488,23.147,18,16,1,3738290.2,72,71,69,67,98,98,96,95,20.214,20.198,22.279,22.237,953.372,102339,0,0,267,8134,17,2,0,0,0,26,21,14,20,20,12,FALSE,0,FALSE
119.05838,5.16,5.12,3.713,3.506,23.134,18,16,1,3690540,74,71,70,69,98,98,96,95,20.217,20.199,22.279,22.237,984.638,102339,0,0,267,8033,17,2,0,0,0,26,21,14,20,20,12,FALSE,0,FALSE
119.55723,5.186,5.139,3.724,3.518,23.121,18,16,1,3684977.2,71,69,69,67,98,98,96,95,20.218,20.199,22.278,22.235,1016.078,102339,0,0,284,8033,17,2,0,0,0,26,21,14,20,20,12,FALSE,0,FALSE
120.06008,5.201,5.152,3.727,3.522,23.107,18,16,1,3676337.2,69,68,67,66,98,98,96,95,20.217,20.198,22.276,22.233,1049.365,102339,0,0,284,8033,17,2,0,0,0,26,21,14,20,20,12,FALSE,0,FALSE
120.558815,5.215,5.163,3.728,3.524,23.093,18,16,1,3667697.2,68,68,67,66,98,98,96,95,20.216,20.196,22.273,22.23,1084.17,102339,0,0,267,7934,17,2,0,0,0,26,21,14,20,20,12,FALSE,0,FALSE
121.05829,5.225,5.173,3.728,3.524,23.08,18,16,1,3664570.8,68,68,67,66,98,98,96,95,20.214,20.194,22.269,22.226,1120.168,102339,0,0,267,7934,17,2,0,0,0,26,21,14,20,20,12,FALSE,0,FALSE
121.557686,5.235,5.182,3.728,3.524,23.066,18,16,1,3655930.8,68,68,67,67,98,98,96,95,20.211,20.192,22.265,22.222,1157.266,102339,0,0,267,7934,17,2,0,0,0,26,21,14,20,20,12,FALSE,0,FALSE
122.05836,5.244,5.191,3.728,3.524,23.053,18,16,1,3647290.8,68,68,67,67,98,97,96,95,20.208,20.189,22.26,22.217,1195.427,102339,0,0,267,7850,17,2,0,0,0,26,21,14,20,20,12,FALSE,0,FALSE
122.55903,5.253,5.2,3.728,3.524,23.039,18,16,1,3638650.8,69,68,67,67,98,97,95,95,20.205,20.186,22.255,22.212,1234.541,102339,0,0,250,7850,17,2,0,0,0,26,21,14,20,20,12,FALSE,0,FALSE
123.056915,5.261,5.209,3.728,3.524,23.025,18,16,1,3630010.8,69,69,67,67,98,97,95,95,20.201,20.183,22.249,22.206,1274.487,102339,0,0,250,7800,17,2,0,0,0,26,21,14,20,20,12,FALSE,0,FALSE
123.56153,5.269,5.218,3.729,3.524,23.012,18,16,1,3626766.2,68,69,67,67,98,97,95,95,20.197,20.179,22.243,22.201,1315.044,102339,0,0,267,7800,17,2,0,0,0,26,21,14,20,20,12,FALSE,0,FALSE
124.06029,5.277,5.228,3.73,3.525,22.998,18,16,1,3618126.2,69,69,67,67,98,97,95,94,20.193,20.175,22.236,22.194,1356.176,102339,0,0,250,7766,17,2,0,0,0,26,21,14,20,20,12,FALSE,0,FALSE
124.56277,5.285,5.237,3.731,3.525,22.985,18,16,1,3611025.8,69,69,67,67,97,97,95,94,20.188,20.171,22.23,22.188,1397.869,102339,0,0,250,7766,17,2,0,0,0,26,21,14,20,20,12,FALSE,0,FALSE
125.05865,5.318,5.266,3.779,3.569,22.98,18,16,1,3642289.5,71,71,75,73,97,97,95,94,20.187,20.17,22.23,22.189,1435.232,102339,0,0,250,7733,17,2,0,0,0,26,21,14,20,20,12,FALSE,0,FALSE
125.55713,5.353,5.292,3.806,3.59,22.979,18,16,1,3670865.5,71,70,72,70,97,97,95,94,20.19,20.172,22.237,22.195,1464.082,102339,0,0,250,7733,17,2,0,0,0,26,21,14,20,20,12,FALSE,0,FALSE
126.060524,5.366,5.303,3.816,3.601,22.978,18,16,1,3695647.5,69,67,71,69,98,97,95,95,20.194,20.175,22.242,22.2,1487.302,102339,0,0,250,7817,17,2,0,0,0,26,21,14,20,20,12,FALSE,0,FALSE
126.55676,5.393,5.321,3.855,3.633,22.978,18,16,1,3717080,74,69,79,74,98,97,95,95,20.198,20.178,22.249,22.206,1506.157,102339,0,0,267,7817,17,2,0,0,0,26,21,14,20,20,12,FALSE,0,FALSE
127.05758,5.423,5.343,3.904,3.67,22.978,18,16,1,3730825,77,71,85,77,98,97,96,95,20.204,20.182,22.26,22.214,1521.584,102339,0,0,267,7817,17,2,0,0,0,26,21,14,20,20,12,FALSE,0,FALSE
128.05913,5.479,5.38,3.977,3.728,22.97,18,16,1,3743446.8,77,71,84,76,98,97,96,95,20.219,20.189,22.281,22.23,1570.292,102339,0,0,300,7984,17,2,0,0,0,26,21,14,20,20,12,FALSE,0,FALSE
128.55846,5.508,5.404,4.01,3.753,22.963,18,16,1,3749682.8,78,73,82,75,98,98,96,95,20.225,20.193,22.29,22.236,1588.673,102339,0,0,300,7833,17,2,0,0,0,26,21,14,20,20,12,FALSE,0,FALSE
129.05771,5.562,5.449,4.036,3.774,22.954,18,16,1,3756084,85,79,79,73,98,98,96,95,20.233,20.198,22.297,22.242,1606.581,102339,0,0,300,7833,17,2,0,0,0,26,21,14,20,20,12,FALSE,0,FALSE
129.55917,5.585,5.469,4.043,3.782,22.944,18,16,1,3760016.2,76,72,72,69,98,98,96,95,20.24,20.203,22.302,22.245,1626.242,102339,0,0,250,7833,17,2,0,0,0,26,21,14,20,20,12,FALSE,0,FALSE
130.05812,5.613,5.494,4.053,3.791,22.932,18,16,1,3761174.8,75,73,71,67,98,98,96,95,20.245,20.207,22.304,22.246,1648.468,102339,0,0,250,7650,17,2,0,0,0,26,21,14,20,20,12,FALSE,0,FALSE
130.55495,5.632,5.514,4.054,3.792,22.92,18,16,1,3761351.8,70,70,66,65,99,98,96,95,20.248,20.209,22.305,22.247,1672.888,102339,0,0,167,7650,17,2,0,0,0,26,21,14,20,20,12,FALSE,0,FALSE
131.05814,5.647,5.53,4.056,3.794,22.907,18,16,1,3755399.2,69,69,65,65,99,98,96,95,20.248,20.21,22.304,22.246,1699.744,102339,0,0,167,7650,17,2,0,0,0,26,21,14,20,20,12,FALSE,0,FALSE
131.55812,5.662,5.548,4.061,3.798,22.893,18,16,1,3748397.2,70,71,67,68,99,98,96,95,20.248,20.211,22.303,22.245,1728.73,102339,0,0,184,7650,17,2,0,0,0,26,21,14,20,20,12,FALSE,0,FALSE
132.05965,5.678,5.567,4.07,3.806,22.88,18,16,1,3745930,69,70,67,68,99,98,96,95,20.247,20.211,22.301,22.244,1759.63,102339,0,0,184,7650,17,2,0,0,0,26,21,14,20,20,12,FALSE,0,FALSE
132.55751,5.702,5.598,4.09,3.825,22.867,18,16,1,3737387.2,70,73,69,71,99,98,96,95,20.247,20.212,22.299,22.243,1792.163,102339,0,0,216,7650,17,2,0,0,0,26,21,14,20,20,12,FALSE,0,FALSE
133.05695,5.723,5.625,4.103,3.837,22.853,18,16,1,3728747.2,69,73,70,68,99,98,96,95,20.246,20.213,22.297,22.242,1827.281,102339,30391,0,216,7650,17,2,0,0,0,26,21,14,20,20,12,FALSE,0,FALSE
133.55635,5.749,5.649,4.132,3.863,22.851,18,16,1,3758920.5,72,69,74,71,99,98,96,95,20.246,20.213,22.298,22.242,1859.941,102339,30391,0,216,7633,17,2,0,0,0,26,21,14,20,20,12,FALSE,0,FALSE
134.05627,5.804,5.69,4.226,3.94,22.85,18,16,1,3783060.5,80,74,91,83,99,98,96,95,20.25,20.216,22.304,22.247,1887.05,102339,30391,0,233,7633,17,2,0,0,0,26,21,14,20,20,12,FALSE,0,FALSE
134.55174,5.863,5.731,4.332,4.028,22.846,18,16,1,3791657.2,83,73,92,87,99,98,96,95,20.257,20.219,22.316,22.256,1914.621,102339,30391,0,233,7633,17,2,0,0,0,26,21,14,20,20,12,FALSE,0,FALSE
135.05432,5.926,5.773,4.398,4.09,22.839,18,16,1,3799278.2,82,74,86,81,99,98,97,96,20.265,20.223,22.325,22.263,1942.4,102339,30391,0,283,7633,17,2,0,0,0,26,21,14,20,20,12,FALSE,0,FALSE
135.5586,5.963,5.803,4.422,4.112,22.828,18,16,1,3805258.5,76,72,75,72,99,98,97,96,20.269,20.225,22.33,22.267,1968.308,102339,30391,0,283,7750,17,2,0,0,0,26,21,14,20,20,12,FALSE,0,FALSE
136.06021,5.989,5.831,4.435,4.126,22.815,18,16,1,3803495.2,72,73,69,71,99,98,97,96,20.271,20.226,22.33,22.267,1995.796,102339,30391,0,316,7750,17,2,0,0,0,26,21,14,20,20,12,FALSE,0,FALSE
136.55911,6.031,5.882,4.49,4.195,22.803,18,16,1,3807843.5,75,78,77,84,99,98,97,96,20.272,20.228,22.33,22.269,2026.483,102339,30391,0,316,7750,17,2,0,0,0,26,21,14,20,20,12,FALSE,0,FALSE
137.05771,6.092,5.954,4.556,4.28,22.791,18,16,1,3809841.2,78,81,78,85,99,98,97,96,20.275,20.233,22.332,22.274,2057.608,102339,30391,0,316,7800,17,2,0,0,0,26,21,14,20,20,12,FALSE,0,FALSE
137.56009,6.144,6.018,4.607,4.338,22.778,18,16,1,3807772.5,76,80,75,80,99,98,97,96,20.277,20.237,22.332,22.278,2087.82,102339,30391,0,333,7800,17,2,0,0,0,26,21,14,20,20,12,FALSE,0,FALSE
138.05655,6.183,6.062,4.638,4.367,22.764,18,16,1,3799301.8,72,74,71,74,99,98,97,96,20.277,20.239,22.331,22.279,2119.951,102339,30391,0,333,7883,17,2,0,0,0,26,21,14,20,20,12,FALSE,0,FALSE
138.55832,6.212,6.096,4.661,4.383,22.75,18,16,1,3790661.8,70,73,70,70,99,98,97,96,20.276,20.24,22.329,22.277,2153.491,102339,30391,0,350,7883,17,2,0,0,0,26,21,14,20,20,12,FALSE,0,FALSE
139.05731,6.237,6.124,4.696,4.419,22.745,18,16,1,3812382.5,71,72,75,75,99,98,97,96,20.275,20.241,22.329,22.277,2185.007,102339,30391,0,350,7883,17,2,0,0,0,26,21,14,20,20,12,FALSE,0,FALSE
139.55751,6.256,6.143,4.711,4.435,22.744,18,16,1,3838065.2,70,70,71,71,99,98,97,96,20.277,20.243,22.334,22.283,2208.896,102339,30391,0,350,7883,17,2,0,0,0,26,21,14,20,20,12,FALSE,0,FALSE
140.05739,6.262,6.148,4.716,4.44,22.744,18,16,1,3860664.5,67,67,70,68,99,98,97,96,20.278,20.245,22.338,22.286,2228.425,102339,30391,0,350,7883,17,2,0,0,0,26,21,14,20,20,12,FALSE,0,FALSE
140.55782,6.274,6.157,4.725,4.449,22.744,18,16,1,3879157.2,69,67,70,68,99,99,97,96,20.28,20.246,22.342,22.29,2244.653,102339,30391,0,350,8067,17,2,0,0,0,26,21,14,20,20,12,FALSE,0,FALSE
141.05922,6.283,6.163,4.735,4.459,22.744,18,16,1,3891784,69,66,71,69,99,99,97,96,20.282,20.247,22.346,22.294,2256.889,102339,30391,0,350,8067,17,2,0,0,0,26,21,14,20,20,12,FALSE,0,FALSE
141.5584,6.296,6.172,4.769,4.482,22.744,18,16,1,3897582.8,71,67,81,73,99,99,97,96,20.285,20.248,22.352,22.299,2267.721,102339,30391,0,317,8067,17,2,0,0,0,26,21,14,20,20,12,FALSE,0,FALSE
142.06078,6.311,6.184,4.823,4.515,22.743,18,16,1,3902980.8,72,69,92,79,99,99,97,96,20.288,20.25,22.362,22.305,2280.434,102339,30391,0,317,8067,17,2,0,0,0,26,21,14,20,20,12,FALSE,0,FALSE
142.5571,6.327,6.197,4.852,4.536,22.74,18,16,1,3908373.2,75,70,90,79,99,99,97,96,20.292,20.252,22.375,22.312,2294.866,102339,30391,0,317,8284,17,2,0,0,0,26,21,14,20,20,12,FALSE,0,FALSE
143.05746,6.342,6.21,4.862,4.545,22.735,18,16,1,3914262.5,75,70,83,74,99,99,98,96,20.296,20.254,22.384,22.318,2307.909,102339,30391,0,317,8284,17,2,0,0,0,26,21,14,20,20,12,FALSE,0,FALSE
143.55884,6.36,6.23,4.868,4.55,22.728,18,16,1,3919226,75,73,76,70,100,99,98,97,20.3,20.257,22.39,22.322,2321.465,102339,30391,0,234,8284,17,2,0,0,0,26,21,14,20,20,12,FALSE,0,FALSE
144.0576,6.381,6.254,4.87,4.553,22.717,18,16,1,3922454,76,75,71,67,100,99,98,97,20.304,20.261,22.394,22.323,2337.161,102339,30391,0,234,8350,17,2,0,0,0,26,21,14,20,20,12,FALSE,0,FALSE
144.55789,6.41,6.288,4.871,4.554,22.705,18,16,1,3927416.5,77,77,68,66,100,99,98,97,20.309,20.266,22.395,22.324,2355.555,102339,30391,0,234,8350,17,2,0,0,0,26,21,14,20,20,12,FALSE,0,FALSE
145.05728,6.435,6.316,4.872,4.555,22.693,18,16,1,3929460.8,74,74,66,65,100,99,98,97,20.313,20.27,22.394,22.323,2376.915,102339,30391,0,283,8350,17,2,0,0,0,26,21,14,20,20,12,FALSE,0,FALSE
145.5602,6.453,6.336,4.872,4.555,22.679,18,16,1,3924733,72,71,65,66,100,99,98,97,20.315,20.272,22.393,22.322,2401.003,102339,30391,0,283,8350,17,2,0,0,0,26,21,14,20,20,12,FALSE,0,FALSE
146.0577,6.469,6.352,4.872,4.556,22.666,18,16,1,3924284.2,70,69,65,66,100,99,98,97,20.315,20.273,22.391,22.321,2427.483,102339,30391,0,183,8267,17,2,0,0,0,26,21,14,20,20,12,FALSE,0,FALSE
146.55772,6.483,6.366,4.872,4.556,22.652,18,16,1,3917423.2,69,68,65,66,100,99,98,96,20.315,20.272,22.388,22.319,2456.085,102339,30391,0,183,8267,17,2,0,0,0,26,21,14,20,20,12,FALSE,0,FALSE
147.05676,6.495,6.378,4.872,4.556,22.64,18,16,1,3915127.5,68,68,66,66,100,99,98,96,20.313,20.271,22.385,22.316,2486.658,102339,30391,0,184,8267,17,2,0,0,0,26,21,14,20,20,12,FALSE,0,FALSE
147.55763,6.506,6.39,4.872,4.556,22.626,18,16,1,3906639.2,68,68,66,66,100,99,98,96,20.312,20.269,22.382,22.313,2518.869,102339,30391,0,184,8234,17,2,0,0,0,26,21,14,20,20,12,FALSE,0,FALSE
148.05965,6.518,6.404,4.876,4.559,22.612,18,16,1,3897999.2,68,69,66,67,100,99,97,96,20.309,20.267,22.378,22.31,2552.754,102339,30391,0,184,8234,17,2,0,0,0,26,21,14,20,20,12,FALSE,0,FALSE
148.55568,6.543,6.437,4.902,4.584,22.598,18,16,1,3889359.2,70,73,70,72,100,99,97,96,20.307,20.266,22.374,22.307,2587.994,102339,30391,0,183,8216,17,2,0,0,0,26,21,14,20,20,12,FALSE,0,FALSE
149.05466,6.583,6.485,4.958,4.634,22.592,18,16,1,3907505.5,73,75,78,78,100,99,97,96,20.306,20.267,22.373,22.308,2621.894,102339,30391,0,183,8216,17,2,0,0,0,26,21,14,20,20,12,FALSE,0,FALSE
149.55737,6.613,6.521,4.992,4.666,22.591,18,16,1,3935236.8,71,74,74,76,100,99,97,96,20.308,20.271,22.378,22.313,2650.439,102339,30391,0,183,8200,17,2,0,0,0,26,21,14,20,20,12,FALSE,0,FALSE
150.05551,6.626,6.538,5.004,4.678,22.59,18,16,1,3959122.8,68,71,70,72,100,99,98,96,20.31,20.275,22.382,22.319,2673.86,102339,30391,0,183,8333,17,2,0,0,0,26,21,14,20,20,12,FALSE,0,FALSE
150.5553,6.631,6.546,5.011,4.684,22.59,18,16,1,3981019.8,66,68,68,70,100,99,98,97,20.311,20.277,22.385,22.323,2692.909,102339,30391,0,283,8333,17,2,0,0,0,26,21,14,20,20,12,FALSE,0,FALSE
151.05743,6.635,6.554,5.017,4.69,22.59,18,16,1,4000000,66,68,68,70,100,99,98,97,20.311,20.279,22.387,22.327,2709.152,102339,30391,0,283,8333,17,2,0,0,0,26,21,14,20,20,12,FALSE,0,FALSE
151.5592,6.642,6.563,5.026,4.7,22.59,18,16,1,4000000,66,69,68,71,100,99,98,97,20.311,20.281,22.39,22.331,2723.351,102339,30391,0,283,8633,17,2,0,0,0,26,21,14,20,20,12,FALSE,0,FALSE
152.0578,6.648,6.572,5.039,4.716,22.59,18,16,1,4000000,66,69,70,74,100,99,98,97,20.312,20.283,22.393,22.335,2734.881,102339,30391,0,283,8633,17,2,0,0,0,26,21,14,20,20,12,FALSE,0,FALSE
152.55754,6.658,6.583,5.062,4.756,22.59,18,16,1,4000000,68,70,74,85,100,99,98,97,20.312,20.285,22.396,22.343,2745.196,102339,30391,0,383,8633,17,2,0,0,0,26,21,14,20,20,12,FALSE,0,FALSE
153.0561,6.668,6.595,5.075,4.777,22.586,18,16,1,4000000,69,71,74,84,100,99,98,97,20.314,20.288,22.401,22.352,2764.751,102339,30391,0,383,8800,17,2,0,0,0,26,21,14,20,20,12,FALSE,0,FALSE
153.5547,6.683,6.611,5.082,4.784,22.581,18,16,1,4000000,71,74,71,78,100,99,98,97,20.316,20.292,22.404,22.36,2775.13,102339,30391,0,383,8800,17,2,0,0,0,26,21,14,20,20,12,FALSE,0,FALSE
154.05765,6.707,6.631,5.085,4.787,22.574,18,16,1,3999999.2,75,76,68,73,100,99,98,97,20.319,20.296,22.406,22.365,2787.698,102339,30391,0,383,8800,17,2,0,0,0,26,21,14,20,20,12,FALSE,0,FALSE
154.55896,6.728,6.649,5.085,4.788,22.564,18,16,1,3999962.8,75,74,66,69,100,100,98,97,20.323,20.301,22.407,22.367,2803.117,102339,30391,0,366,8800,17,2,0,0,0,26,21,14,20,20,12,FALSE,0,FALSE
155.05435,6.759,6.677,5.086,4.788,22.551,18,16,1,3999914.2,77,77,65,66,100,100,98,97,20.327,20.305,22.407,22.368,2821.259,102339,30391,0,366,8784,17,2,0,0,0,26,21,14,20,20,12,FALSE,0,FALSE
155.55455,6.794,6.711,5.086,4.788,22.539,18,16,1,3998241.2,76,75,65,65,100,100,98,97,20.332,20.31,22.405,22.367,2842.326,102339,30391,0,366,8784,17,2,0,0,0,26,21,14,20,20,12,FALSE,0,FALSE
156.0571,6.814,6.731,5.086,4.788,22.525,18,16,1,3993585,72,72,65,65,100,100,98,97,20.335,20.312,22.403,22.366,2866.198,102339,30391,0,317,8784,17,2,0,0,0,26,21,14,20,20,12,FALSE,0,FALSE
156.5566,6.829,6.745,5.086,4.788,22.513,18,16,1,3993083.2,70,70,66,66,100,100,98,97,20.335,20.313,22.401,22.364,2892.507,102339,30391,0,317,8733,17,2,0,0,0,26,21,14,20,20,12,FALSE,0,FALSE
157.05421,6.842,6.759,5.086,4.788,22.499,18,16,1,3986239.8,69,69,66,66,100,100,98,97,20.335,20.313,22.399,22.362,2921.111,102339,30391,0,250,8733,17,2,0,0,0,26,21,14,20,20,12,FALSE,0,FALSE
157.55534,6.854,6.77,5.086,4.788,22.486,18,16,1,3983804.2,69,69,66,66,100,100,98,97,20.334,20.312,22.396,22.359,2951.646,102339,30391,0,250,8716,17,2,0,0,0,26,21,14,20,20,12,FALSE,0,FALSE
158.05605,6.865,6.781,5.086,4.788,22.473,18,16,1,3975321,69,68,66,66,100,100,98,97,20.332,20.311,22.393,22.356,2983.926,102339,30391,0,233,8716,17,2,0,0,0,26,21,14,20,20,12,FALSE,0,FALSE
158.55531,6.875,6.792,5.086,4.788,22.459,18,16,1,3966681,69,69,67,67,100,100,98,97,20.33,20.309,22.389,22.353,3017.844,102339,30391,0,250,8700,17,2,0,0,0,26,21,14,20,20,12,FALSE,0,FALSE
159.05936,6.885,6.802,5.086,4.788,22.445,18,16,1,3958041,69,69,67,67,100,100,98,97,20.328,20.307,22.385,22.349,3053.207,102339,30391,0,250,8700,17,2,0,0,0,26,21,14,20,20,12,FALSE,0,FALSE
159.55748,6.895,6.811,5.086,4.788,22.432,18,16,1,3954990.8,69,69,67,67,100,100,98,97,20.325,20.304,22.38,22.344,3089.74,102339,30391,0,267,8700,17,2,0,0,0,26,21,14,20,20,12,FALSE,0,FALSE
160.05666,6.904,6.82,5.086,4.788,22.418,18,16,1,3946350.8,69,69,67,67,100,100,97,97,20.322,20.301,22.375,22.339,3127.329,102339,30391,0,267,8700,17,2,0,0,0,26,21,14,20,20,12,FALSE,0,FALSE
160.55754,6.913,6.829,5.086,4.788,22.405,18,16,1,3937710.8,69,69,68,67,100,99,97,97,20.318,20.298,22.369,22.334,3165.935,102339,30391,0,267,8667,17,2,0,0,0,26,21,14,20,20,12,FALSE,0,FALSE
161.05894,6.922,6.838,5.086,4.788,22.391,18,16,1,3929070.8,69,69,68,68,100,99,97,97,20.315,20.294,22.363,22.328,3205.449,102339,30391,0,267,8667,17,2,0,0,0,26,21,14,20,20,12,FALSE,0,FALSE
161.55919,6.93,6.846,5.086,4.788,22.378,18,16,1,3925784.8,69,69,68,68,100,99,97,97,20.31,20.29,22.357,22.322,3245.671,102339,30391,0,284,8667,17,2,0,0,0,26,21,14,20,20,12,FALSE,0,FALSE
162.05626,6.938,6.854,5.087,4.788,22.364,18,16,1,3917144.8,69,69,68,68,100,99,97,96,20.306,20.286,22.35,22.315,3286.482,102339,30391,0,266,8633,17,2,0,0,0,26,21,14,20,20,12,FALSE,0,FALSE
162.55095,6.946,6.863,5.087,4.788,22.351,18,16,1,3908792.8,70,70,68,68,100,99,97,96,20.301,20.281,22.343,22.309,3326.515,102339,30391,0,266,8633,17,2,0,0,0,26,21,14,20,20,12,FALSE,0,FALSE
163.0504,6.962,6.879,5.101,4.803,22.34,18,16,1,3914912,71,71,72,72,99,99,97,96,20.297,20.277,22.337,22.303,3367.915,102339,30391,0,283,8633,17,2,0,0,0,26,21,14,20,20,12,FALSE,0,FALSE
163.55368,6.995,6.911,5.142,4.844,22.339,18,16,1,3947642.5,71,71,74,74,99,99,97,96,20.297,20.277,22.34,22.306,3403.202,102339,30391,0,267,8600,17,2,0,0,0,26,21,14,20,20,12,FALSE,0,FALSE
164.05727,7.018,6.945,5.177,4.88,22.339,18,16,1,3975015.2,70,75,74,77,99,99,97,96,20.298,20.28,22.345,22.312,3430.697,102339,30391,0,267,8650,17,2,0,0,0,26,21,14,20,20,12,FALSE,0,FALSE
164.55707,7.057,6.994,5.236,4.957,22.339,18,16,1,3995923.2,74,80,81,90,100,99,97,97,20.301,20.286,22.352,22.321,3453.746,102339,30391,0,267,8650,17,2,0,0,0,26,21,14,20,20,12,FALSE,0,FALSE
165.0536,7.088,7.035,5.306,5.051,22.335,18,16,1,4000000,75,80,87,98,100,99,97,97,20.305,20.293,22.362,22.335,3478.918,102339,30391,0,267,8633,17,2,0,0,0,26,21,14,20,20,12,FALSE,0,FALSE
165.5571,7.124,7.083,5.368,5.128,22.329,18,16,1,4000000,76,83,86,95,100,100,97,97,20.309,20.3,22.372,22.35,3501.74,102339,30391,0,267,8633,17,2,0,0,0,26,21,14,20,20,12,FALSE,0,FALSE
166.0562,7.156,7.123,5.401,5.169,22.321,18,16,1,3999894.5,75,80,78,85,100,100,97,97,20.313,20.307,22.379,22.361,3522.966,102339,30391,0,250,8633,17,2,0,0,0,26,21,14,20,20,12,FALSE,0,FALSE
166.55666,7.188,7.161,5.423,5.194,22.31,18,16,1,3997424.5,74,78,74,78,100,100,98,97,20.317,20.313,22.383,22.367,3545.212,102339,30391,0,250,8633,17,2,0,0,0,26,21,14,20,20,12,FALSE,0,FALSE
167.05505,7.219,7.198,5.449,5.221,22.298,18,16,1,3992849.8,74,79,73,77,100,100,98,97,20.319,20.317,22.385,22.371,3568.987,102339,30391,0,300,8684,17,2,0,0,0,26,21,14,20,20,12,FALSE,0,FALSE
167.55638,7.265,7.251,5.487,5.263,22.285,18,16,1,3987043,76,82,75,79,100,100,98,97,20.321,20.322,22.388,22.375,3594.401,102339,30391,0,300,8684,17,2,0,0,0,26,21,14,20,20,12,FALSE,0,FALSE
168.05519,7.315,7.311,5.522,5.3,22.271,18,16,1,3980411,75,80,74,77,100,100,98,97,20.324,20.328,22.39,22.378,3621.746,102339,30391,0,334,8750,17,2,0,0,0,26,21,14,20,20,12,FALSE,0,FALSE
168.55775,7.363,7.37,5.562,5.341,22.257,18,16,1,3973011,75,80,74,77,100,100,98,98,20.326,20.332,22.391,22.381,3651.019,102339,30391,0,334,8750,17,2,0,0,0,26,21,14,20,20,12,FALSE,0,FALSE
169.05394,7.391,7.405,5.586,5.364,22.244,18,16,1,3970418.2,71,75,72,72,100,100,98,98,20.326,20.335,22.391,22.381,3682.356,102339,30391,0,333,8750,17,2,0,0,0,26,21,14,20,20,12,FALSE,0,FALSE
169.55577,7.41,7.426,5.594,5.371,22.23,18,16,1,3961835.5,70,70,69,68,100,100,98,98,20.325,20.335,22.389,22.379,3715.372,102339,30391,0,334,8784,17,2,0,0,0,26,21,14,20,20,12,FALSE,0,FALSE
170.05449,7.443,7.452,5.619,5.396,22.217,18,16,1,3953195.5,73,71,73,70,100,100,98,97,20.324,20.333,22.387,22.377,3749.326,102339,30391,0,334,8784,17,2,0,0,0,26,21,14,20,20,12,FALSE,0,FALSE
170.5586,7.514,7.511,5.707,5.475,22.203,18,16,1,3944555.5,83,78,87,81,100,100,98,97,20.325,20.332,22.387,22.376,3783.88,102339,30391,0,350,8800,17,2,0,0,0,26,21,14,20,20,12,FALSE,0,FALSE
171.05734,7.613,7.592,5.832,5.586,22.19,18,16,1,3941294.8,85,79,90,85,100,100,98,97,20.329,20.334,22.392,22.378,3819.646,102339,30391,0,350,8800,17,2,0,0,0,26,21,14,20,20,12,FALSE,0,FALSE
171.55986,7.707,7.669,5.946,5.686,22.177,18,16,1,3932654.8,84,79,88,82,100,100,98,97,20.333,20.335,22.395,22.379,3856.302,102339,30391,0,350,8800,17,2,0,0,0,26,21,14,20,20,12,FALSE,0,FALSE
172.05817,7.795,7.742,6.05,5.779,22.163,18,16,1,3924014.8,83,78,87,81,100,100,98,98,20.336,20.336,22.398,22.38,3893.387,102339,30391,0,367,8817,17,2,0,0,0,26,21,14,20,20,12,FALSE,0,FALSE
172.55487,7.876,7.809,6.144,5.864,22.149,18,16,1,3915374.8,81,77,85,79,100,100,98,97,20.338,20.335,22.399,22.379,3930.274,102339,30391,0,367,8817,17,2,0,0,0,26,21,14,20,20,12,FALSE,0,FALSE
173.05566,7.95,7.869,6.217,5.933,22.136,18,16,1,3906734.8,79,75,80,76,100,100,98,97,20.339,20.334,22.399,22.377,3966.351,102339,30391,0,367,8817,17,2,0,0,0,26,21,14,20,20,12,FALSE,0,FALSE
173.55931,7.975,7.887,6.228,5.945,22.122,18,16,1,3898094.8,70,69,70,68,100,100,98,97,20.336,20.33,22.394,22.371,4003.516,102339,30391,0,383,8817,17,2,0,0,0,26,21,14,20,20,12,FALSE,0,FALSE
174.0577,7.993,7.901,6.238,5.956,22.116,18,16,1,3919746,70,68,69,69,100,100,98,97,20.332,20.325,22.389,22.366,4039.999,102339,30391,40852,383,8816,17,2,0,0,0,26,21,14,20,20,12,FALSE,0,FALSE
174.5564,8.018,7.92,6.263,5.981,22.115,18,16,1,3950887.8,73,69,75,73,100,100,98,97,20.331,20.324,22.389,22.366,4070.227,102339,30391,40852,383,8816,17,2,0,0,0,26,21,14,20,20,12,FALSE,0,FALSE
175.05582,8.081,7.968,6.354,6.059,22.115,18,16,1,3978174.2,83,76,92,85,100,100,98,97,20.335,20.325,22.396,22.371,4095.001,102339,30391,40852,383,8817,17,2,0,0,0,26,21,14,20,20,12,FALSE,0,FALSE
175.55273,8.137,8.01,6.467,6.144,22.115,18,16,1,4000000,83,76,102,91,100,100,98,98,20.343,20.33,22.409,22.381,4116.132,102339,30391,40852,383,8817,17,2,0,0,0,26,21,14,20,20,12,FALSE,0,FALSE
176.05557,8.168,8.034,6.554,6.207,22.11,18,16,1,4000000,79,74,102,89,100,100,98,98,20.349,20.333,22.425,22.391,4135.568,102339,30391,40852,383,8783,17,2,0,0,0,26,21,14,20,20,12,FALSE,0,FALSE
176.55551,8.209,8.069,6.615,6.251,22.103,18,16,1,4000000,81,77,95,83,100,100,98,98,20.354,20.336,22.438,22.399,4157.525,102339,30391,40852,333,8783,17,2,0,0,0,26,21,14,20,20,12,FALSE,0,FALSE
177.05516,8.252,8.104,6.659,6.284,22.094,18,16,1,4000000,82,77,88,78,101,100,99,98,20.36,20.34,22.447,22.404,4177.881,102339,30391,40852,333,8783,17,2,0,0,0,26,21,14,20,20,12,FALSE,0,FALSE
177.55586,8.291,8.137,6.691,6.31,22.084,18,16,1,4000000,80,76,81,74,101,100,99,98,20.365,20.343,22.453,22.407,4198.773,102339,30391,40852,333,8867,17,2,0,0,0,26,21,14,20,20,12,FALSE,0,FALSE
178.05444,8.346,8.192,6.709,6.327,22.07,18,16,1,3997203,84,82,76,71,101,100,99,98,20.37,20.346,22.456,22.408,4221.796,102339,30391,40852,417,8916,17,2,0,0,0,26,21,14,20,20,12,FALSE,0,FALSE
178.55566,8.388,8.233,6.714,6.331,22.058,18,16,1,3995790,78,75,69,68,101,100,99,98,20.375,20.35,22.456,22.407,4247.595,102339,30391,40852,417,8916,17,2,0,0,0,26,21,14,20,20,12,FALSE,0,FALSE
179.05856,8.402,8.247,6.714,6.331,22.044,18,16,1,3989220.2,71,70,67,67,101,100,99,98,20.375,20.35,22.453,22.404,4275.628,102339,30391,40852,450,8916,17,2,0,0,0,26,21,14,20,20,12,FALSE,0,FALSE
179.55446,8.414,8.259,6.714,6.332,22.032,18,16,1,3987019.5,70,69,67,67,101,100,99,98,20.373,20.348,22.45,22.401,4305.744,102339,30391,40852,467,8933,17,2,0,0,0,26,21,14,20,20,12,FALSE,0,FALSE
180.05853,8.424,8.269,6.714,6.332,22.018,18,16,1,3978718.5,69,69,67,67,101,100,99,98,20.371,20.346,22.446,22.398,4337.519,102339,30391,40852,467,8933,17,2,0,0,0,26,21,14,20,20,12,FALSE,0,FALSE
180.55504,8.435,8.28,6.714,6.332,22.004,18,16,1,3970078.5,69,69,67,67,101,100,99,98,20.368,20.343,22.441,22.393,4370.922,102339,30391,40852,483,8933,17,2,0,0,0,26,21,14,20,20,12,FALSE,0,FALSE
181.05435,8.445,8.29,6.714,6.332,21.991,18,16,1,3966748.2,69,69,67,67,101,100,98,98,20.364,20.34,22.436,22.389,4405.741,102339,30391,40852,483,8950,17,2,0,0,0,26,21,14,20,20,12,FALSE,0,FALSE
181.55658,8.454,8.299,6.714,6.332,21.978,18,16,1,3958108.2,69,69,67,67,101,100,98,98,20.36,20.336,22.431,22.383,4441.677,102339,30391,40852,483,8950,17,2,0,0,0,26,21,14,20,20,12,FALSE,0,FALSE
182.05739,8.463,8.308,6.714,6.332,21.964,18,16,1,3949468.2,69,69,67,67,101,100,98,97,20.356,20.332,22.425,22.378,4478.753,102339,30391,40852,500,8950,17,2,0,0,0,26,21,14,20,20,12,FALSE,0,FALSE
182.55806,8.472,8.317,6.714,6.332,21.95,18,16,1,3940828.2,69,69,67,67,100,100,98,97,20.351,20.327,22.418,22.372,4516.894,102339,30391,40852,516,8950,17,2,0,0,0,26,21,14,20,20,12,FALSE,0,FALSE
183.04846,8.481,8.326,6.714,6.332,21.937,18,16,1,3932476.2,69,69,67,67,100,100,98,97,20.347,20.323,22.412,22.365,4554.685,102339,30391,40852,516,8933,17,2,0,0,0,26,21,14,20,20,12,FALSE,0,FALSE
183.55223,8.49,8.335,6.714,6.332,21.922,18,16,1,3923548.2,69,69,68,68,100,100,98,97,20.341,20.318,22.405,22.358,4595.977,102339,30391,40852,516,8933,17,2,0,0,0,26,21,14,20,20,12,FALSE,0,FALSE
184.05539,8.497,8.343,6.714,6.332,21.91,18,16,1,3920297.2,70,69,68,68,100,100,98,97,20.336,20.313,22.397,22.351,4636.582,102339,30391,40852,534,8934,17,2,0,0,0,26,21,14,20,20,12,FALSE,0,FALSE
184.55615,8.505,8.351,6.714,6.332,21.896,18,16,1,3911657.2,70,71,69,69,100,100,98,97,20.331,20.307,22.39,22.344,4677.814,102339,30391,40852,533,8934,17,2,0,0,0,26,21,14,20,20,12,FALSE,0,FALSE
185.0565,8.514,8.359,6.714,6.332,21.882,18,16,1,3903017.2,70,70,69,68,100,100,98,97,20.325,20.302,22.382,22.336,4719.615,102339,30391,40852,533,8916,17,2,0,0,0,26,21,14,20,20,12,FALSE,0,FALSE
185.55544,8.523,8.37,6.718,6.335,21.868,18,16,1,3894377.2,70,72,69,70,100,99,97,97,20.319,20.296,22.374,22.329,4761.9,102339,30391,40852,533,8916,17,2,0,0,0,26,21,14,20,20,12,FALSE,0,FALSE
186.0542,8.536,8.386,6.724,6.34,21.854,18,16,1,3886258,71,70,69,69,100,99,97,97,20.313,20.291,22.366,22.321,4804.515,102339,30391,40852,534,8916,17,2,0,0,0,26,21,14,20,20,12,FALSE,0,FALSE
186.55545,8.57,8.419,6.768,6.384,21.851,18,16,1,3919699,71,71,74,74,100,99,97,97,20.311,20.289,22.366,22.321,4842.605,102339,30391,40852,533,8884,17,2,0,0,0,26,21,14,20,20,12,FALSE,0,FALSE
187.0534,8.592,8.44,6.787,6.405,21.851,18,16,1,3949212.8,69,69,71,71,100,99,97,97,20.312,20.29,22.371,22.326,4872.079,102339,30391,40852,533,8867,17,2,0,0,0,26,21,14,20,20,12,FALSE,0,FALSE
187.55334,8.605,8.45,6.802,6.419,21.85,18,16,1,3974148,69,67,72,70,100,99,97,97,20.313,20.291,22.375,22.33,4896.323,102339,30391,40852,533,8950,17,2,0,0,0,26,21,14,20,20,12,FALSE,0,FALSE
188.05756,8.645,8.479,6.872,6.473,21.85,18,16,1,3993794,78,72,88,80,100,99,98,97,20.317,20.293,22.383,22.337,4916.453,102339,30391,40852,550,8950,17,2,0,0,0,26,21,14,20,20,12,FALSE,0,FALSE
188.55728,8.682,8.506,6.957,6.536,21.85,18,16,1,3999981.8,79,73,99,86,100,99,98,97,20.324,20.297,22.397,22.347,4933.375,102339,30391,40852,550,8950,17,2,0,0,0,26,21,14,20,20,12,FALSE,0,FALSE
189.05708,8.707,8.527,7.02,6.575,21.843,18,16,1,3999970,78,74,97,83,100,100,98,97,20.33,20.3,22.413,22.357,4956.3,102339,30391,40852,550,8950,17,2,0,0,0,26,21,14,20,20,12,FALSE,0,FALSE
189.55353,8.739,8.553,7.048,6.597,21.836,18,16,1,3999952.8,79,74,86,77,100,100,98,97,20.335,20.304,22.425,22.364,4973.243,102339,30391,40852,500,8950,17,2,0,0,0,26,21,14,20,20,12,FALSE,0,FALSE
190.05403,8.767,8.579,7.063,6.609,21.826,18,16,1,3999909.5,77,74,77,71,100,100,98,97,20.341,20.308,22.432,22.369,4992.349,102339,30391,40852,500,8950,17,2,0,0,0,26,21,14,20,20,12,FALSE,0,FALSE
190.55406,8.803,8.614,7.075,6.621,21.814,18,16,1,3997623.8,78,76,73,69,100,100,98,97,20.345,20.311,22.435,22.371,5013.287,102339,30391,40852,517,8967,17,2,0,0,0,26,21,14,20,20,12,FALSE,0,FALSE
191.05383,8.838,8.649,7.088,6.633,21.8,18,16,1,3992793.5,77,75,72,68,100,100,98,97,20.349,20.315,22.437,22.372,5036.444,102339,30391,40852,517,8967,17,2,0,0,0,26,21,14,20,20,12,FALSE,0,FALSE
191.5563,8.859,8.668,7.092,6.638,21.787,18,16,1,3992298.8,72,71,69,67,100,100,98,97,20.352,20.317,22.438,22.372,5062.416,102339,30391,40852,534,8984,17,2,0,0,0,26,21,14,20,20,12,FALSE,0,FALSE
192.05322,8.875,8.681,7.093,6.64,21.773,18,16,1,3985358.8,70,69,67,66,100,100,98,97,20.352,20.316,22.437,22.37,5091.205,102339,30391,40852,534,8984,17,2,0,0,0,26,21,14,20,20,12,FALSE,0,FALSE
192.55562,8.886,8.694,7.094,6.64,21.761,18,16,1,3982967.5,69,69,66,67,100,100,98,97,20.351,20.315,22.435,22.369,5122.007,102339,30391,40852,550,9000,17,2,0,0,0,26,21,14,20,20,12,FALSE,0,FALSE
193.04767,8.896,8.704,7.094,6.64,21.747,18,16,1,3974723.8,70,69,67,68,100,100,98,97,20.35,20.314,22.432,22.367,5153.322,102339,30391,40852,567,9000,17,2,0,0,0,26,21,14,20,20,12,FALSE,0,FALSE
193.55536,8.91,8.718,7.094,6.64,21.733,18,16,1,3924983.2,70,70,67,67,100,100,98,97,20.348,20.312,22.429,22.364,5188.559,102339,30391,40852,567,8983,17,2,0,0,0,26,21,14,20,20,12,FALSE,0,FALSE
194.05081,8.922,8.73,7.094,6.64,21.721,18,16,1,3874887.8,70,69,68,67,100,100,98,97,20.346,20.311,22.425,22.361,5223.163,102339,30391,40852,583,8983,17,2,0,0,0,26,21,14,20,20,12,FALSE,0,FALSE
194.55232,8.935,8.742,7.094,6.64,21.706,18,16,1,3815352.2,70,69,68,67,100,100,98,97,20.344,20.308,22.421,22.357,5261.589,102339,30391,40852,583,8983,17,2,0,0,0,26,21,14,20,20,12,FALSE,0,FALSE
195.05179,8.945,8.753,7.094,6.64,21.692,18,16,1,3785489.8,69,69,68,68,100,100,98,97,20.341,20.306,22.416,22.353,5300.101,102339,30391,40852,583,8967,17,2,0,0,0,26,21,14,20,20,12,FALSE,0,FALSE
195.54881,8.954,8.761,7.094,6.64,21.679,18,16,1,3777137.8,69,69,68,68,100,100,98,97,20.337,20.302,22.411,22.348,5338.181,102339,30391,40852,567,8933,17,2,0,0,0,26,21,14,20,20,12,FALSE,0,FALSE
196.05183,8.963,8.77,7.094,6.64,21.665,18,16,1,3768209.8,70,69,68,68,100,99,98,97,20.333,20.299,22.405,22.342,5379.648,102339,30391,40852,566,8933,17,2,0,0,0,26,21,14,20,20,12,FALSE,0,FALSE
196.5546,8.971,8.778,7.094,6.64,21.652,18,16,2,3765023.8,69,69,68,68,100,99,98,97,20.329,20.295,22.399,22.337,11.488,94070,0,0,567,8916,17,3,0,0,0,26,21,14,20,20,12,FALSE,0,FALSE
197.05214,8.979,8.786,7.094,6.64,21.638,18,16,2,3756383.8,70,70,68,68,100,99,98,97,20.324,20.29,22.393,22.33,52.79,94070,0,0,567,8916,17,3,0,0,0,26,21,14,20,20,12,FALSE,0,FALSE
197.55283,8.987,8.794,7.094,6.64,21.625,18,16,2,3747743.8,70,70,69,68,100,99,98,97,20.319,20.286,22.386,22.324,94.561,94070,0,0,550,8916,17,3,0,0,0,26,21,14,20,20,12,FALSE,0,FALSE
198.0562,8.995,8.802,7.094,6.64,21.611,18,16,2,3739103.8,69,69,68,68,100,99,97,96,20.314,20.281,22.378,22.316,136.807,94070,0,0,550,8916,17,3,0,0,0,26,21,14,20,20,12,FALSE,0,FALSE
198.55487,9.004,8.811,7.094,6.64,21.597,18,16,2,3730463.8,69,69,68,68,100,99,97,96,20.309,20.275,22.37,22.309,179.496,94070,0,0,550,8850,17,3,0,0,0,26,21,14,20,20,12,FALSE,0,FALSE
199.05441,9.012,8.819,7.094,6.64,21.583,18,16,2,3721823.8,70,70,68,68,100,99,97,96,20.303,20.269,22.362,22.301,222.578,94070,0,0,550,8850,17,3,0,0,0,26,21,14,20,20,12,FALSE,0,FALSE
199.5548,9.021,8.827,7.094,6.64,21.569,18,16,2,3713183.8,70,70,68,68,99,99,97,96,20.296,20.263,22.354,22.293,265.992,94070,0,0,550,8850,17,3,0,0,0,26,21,14,20,20,12,FALSE,0,FALSE
200.05666,9.029,8.835,7.094,6.64,21.555,18,16,2,3704543.8,70,69,68,68,99,99,97,96,20.29,20.257,22.345,22.285,309.692,94070,0,0,550,8850,17,3,0,0,0,26,21,14,20,20,12,FALSE,0,FALSE
200.5538,9.037,8.843,7.094,6.64,21.542,18,16,2,3695903.8,69,69,68,67,99,99,97,96,20.283,20.251,22.336,22.276,353.67,94070,0,0,550,8767,17,3,0,0,0,26,21,14,20,20,12,FALSE,0,FALSE
201.05273,9.046,8.851,7.094,6.64,21.528,18,16,2,3687263.8,70,70,68,68,99,98,97,96,20.276,20.244,22.327,22.267,397.855,94070,0,0,534,8767,17,3,0,0,0,26,21,14,20,20,12,FALSE,0,FALSE
201.55298,9.053,8.86,7.094,6.64,21.514,18,16,2,3678623.8,70,70,68,68,99,98,96,95,20.269,20.237,22.318,22.258,442.229,94070,0,0,550,8700,17,3,0,0,0,26,21,14,20,20,12,FALSE,0,FALSE
202.05432,9.061,8.868,7.094,6.64,21.5,18,16,2,3669983.8,70,70,68,68,99,98,96,95,20.262,20.23,22.308,22.249,486.788,94070,0,0,550,8700,17,3,0,0,0,26,21,14,20,20,12,FALSE,0,FALSE
202.54971,9.069,8.875,7.094,6.64,21.487,18,16,2,3661631.8,70,70,68,68,99,98,96,95,20.254,20.222,22.298,22.24,530.025,94070,0,0,550,8700,17,3,0,0,0,26,21,14,20,20,12,FALSE,0,FALSE
203.04553,9.077,8.883,7.094,6.64,21.473,18,16,2,3652991.8,70,69,68,68,99,98,96,95,20.246,20.214,22.288,22.23,574.886,94070,0,0,550,8700,17,3,0,0,0,26,21,14,20,20,12,FALSE,0,FALSE
203.5538,9.103,8.908,7.129,6.677,21.465,18,16,2,3675804.5,71,72,74,73,98,98,96,95,20.241,20.21,22.285,22.226,618.38,94070,0,0,533,8700,17,3,0,0,0,26,21,14,20,20,12,FALSE,0,FALSE
204.05322,9.138,8.941,7.168,6.717,21.463,18,16,2,3707278,72,72,74,74,98,98,96,95,20.241,20.211,22.29,22.232,651.306,94070,0,0,533,8650,17,3,0,0,0,26,21,14,20,20,12,FALSE,0,FALSE
204.5527,9.168,8.966,7.185,6.735,21.462,18,16,2,3733302,72,71,72,71,98,98,96,95,20.245,20.214,22.297,22.239,676.204,94070,0,0,533,8717,17,3,0,0,0,26,21,14,20,20,12,FALSE,0,FALSE
205.05553,9.178,8.974,7.19,6.74,21.462,18,16,2,3755011.2,68,68,69,68,99,98,96,95,20.248,20.217,22.303,22.245,695.334,94070,0,0,500,8717,17,3,0,0,0,26,21,14,20,20,12,FALSE,0,FALSE
205.55316,9.182,8.978,7.194,6.744,21.462,18,16,2,3772642,67,66,68,67,99,98,96,95,20.25,20.22,22.307,22.25,710.765,94070,0,0,500,8717,17,3,0,0,0,26,21,14,20,20,12,FALSE,0,FALSE
206.05481,9.192,8.985,7.21,6.757,21.462,18,16,2,3787068.5,68,66,72,69,99,98,96,95,20.252,20.221,22.313,22.255,722.963,94070,0,0,500,8933,17,3,0,0,0,26,21,14,20,20,12,FALSE,0,FALSE
206.55524,9.205,8.994,7.247,6.783,21.462,18,16,2,3794611.5,70,67,82,75,99,98,97,96,20.255,20.223,22.321,22.261,732.298,94070,0,0,500,8933,17,3,0,0,0,26,21,14,20,20,12,FALSE,0,FALSE
207.0534,9.216,9.005,7.291,6.805,21.461,18,16,2,3799381.8,70,69,91,76,99,98,97,96,20.259,20.225,22.332,22.268,747.064,94070,0,0,400,8933,17,3,0,0,0,26,21,14,20,20,12,FALSE,0,FALSE
207.5559,9.232,9.018,7.318,6.825,21.457,18,16,2,3804387.2,74,70,89,77,99,98,97,96,20.263,20.228,22.345,22.276,762.189,94070,0,0,400,9100,17,3,0,0,0,26,21,14,20,20,12,FALSE,0,FALSE
208.0541,9.25,9.032,7.326,6.831,21.453,18,16,2,3809765.2,75,71,82,73,99,98,97,96,20.268,20.232,22.356,22.283,772.985,94070,0,0,400,9100,17,3,0,0,0,26,21,14,20,20,12,FALSE,0,FALSE
208.55258,9.259,9.044,7.327,6.832,21.446,18,16,2,3813738.8,72,71,74,69,99,98,97,96,20.272,20.235,22.363,22.287,785.318,94070,0,0,400,9100,17,3,0,0,0,26,21,14,20,20,12,FALSE,0,FALSE
209.05496,9.273,9.061,7.328,6.833,21.437,18,16,2,3816428.5,72,72,69,67,99,98,97,96,20.276,20.239,22.367,22.29,800.15,94070,0,0,400,9100,17,3,0,0,0,26,21,14,20,20,12,FALSE,0,FALSE
209.55351,9.298,9.086,7.337,6.844,21.426,18,16,2,3823536,75,75,68,70,99,98,97,96,20.28,20.242,22.369,22.292,817.532,94070,0,0,366,9034,17,3,0,0,0,26,21,14,20,20,12,FALSE,0,FALSE
210.0521,9.321,9.111,7.351,6.861,21.417,18,16,2,3835357,74,75,69,73,99,99,97,96,20.283,20.247,22.37,22.295,837.488,94070,0,0,366,9034,17,3,0,0,0,26,21,14,20,20,12,FALSE,0,FALSE
210.55525,9.348,9.144,7.372,6.883,21.406,18,16,2,3841628,73,77,71,74,99,99,97,96,20.286,20.252,22.372,22.299,863.165,94070,0,0,234,9034,17,3,0,0,0,26,21,14,20,20,12,FALSE,0,FALSE
211.05379,9.383,9.181,7.387,6.898,21.394,18,16,2,3843135.8,75,78,70,71,99,99,97,96,20.289,20.257,22.374,22.302,885.311,94070,0,0,234,9034,17,3,0,0,0,26,21,14,20,20,12,FALSE,0,FALSE
211.55101,9.416,9.216,7.396,6.906,21.381,18,16,2,3840754.2,73,75,68,70,99,99,97,96,20.293,20.262,22.374,22.303,909.684,94070,0,0,233,9083,17,3,0,0,0,26,21,14,20,20,12,FALSE,0,FALSE
212.05394,9.444,9.247,7.401,6.91,21.367,18,16,2,3837662.2,72,72,67,67,99,99,97,96,20.295,20.264,22.373,22.303,938.437,94070,0,0,233,9083,17,3,0,0,0,26,21,14,20,20,12,FALSE,0,FALSE
212.55592,9.483,9.282,7.415,6.922,21.354,18,16,2,3831021,74,72,70,68,99,99,97,96,20.297,20.266,22.372,22.303,969.308,94070,0,0,217,9083,17,3,0,0,0,26,21,14,20,20,12,FALSE,0,FALSE
213.04985,9.516,9.309,7.438,6.945,21.341,18,16,2,3828849.2,75,72,73,70,99,99,97,96,20.298,20.267,22.371,22.302,998.657,94070,0,0,217,9067,17,3,0,0,0,26,21,14,20,20,12,FALSE,0,FALSE
213.5522,9.547,9.333,7.453,6.96,21.327,18,16,2,3820116.5,71,69,70,68,99,99,97,96,20.299,20.266,22.37,22.3,1031.676,94070,0,0,234,9067,17,3,0,0,0,26,21,14,20,20,12,FALSE,0,FALSE
214.05455,9.562,9.345,7.454,6.962,21.313,18,16,2,3811476.5,68,67,67,66,99,99,97,96,20.298,20.264,22.367,22.297,1065.421,94070,0,0,234,9067,17,3,0,0,0,26,21,14,20,20,12,FALSE,0,FALSE
214.55388,9.574,9.357,7.454,6.962,21.301,18,16,2,3808192.2,68,68,67,67,99,99,97,96,20.295,20.262,22.363,22.293,1100.613,94070,0,0,233,9100,17,3,0,0,0,26,21,14,20,20,12,FALSE,0,FALSE
215.05507,9.585,9.367,7.454,6.962,21.287,18,16,2,3799552.2,68,67,67,67,99,99,97,96,20.292,20.259,22.359,22.289,1137.011,94070,0,0,233,9100,17,3,0,0,0,26,21,14,20,20,12,FALSE,0,FALSE
215.55354,9.595,9.377,7.454,6.962,21.273,18,16,2,3790912.2,67,67,67,67,99,99,97,96,20.288,20.255,22.354,22.285,1174.646,94070,0,0,233,9083,17,3,0,0,0,26,21,14,20,20,12,FALSE,0,FALSE
216.05473,9.605,9.386,7.454,6.962,21.259,18,16,2,3782272.2,67,68,68,67,99,99,97,96,20.284,20.251,22.348,22.279,1213.415,94070,0,0,233,9083,17,3,0,0,0,26,21,14,20,20,12,FALSE,0,FALSE
216.55353,9.614,9.395,7.454,6.962,21.247,18,16,2,3778908.8,67,67,68,67,99,99,97,96,20.279,20.247,22.342,22.274,1253.121,94070,0,0,233,9050,17,3,0,0,0,26,21,14,20,20,12,FALSE,0,FALSE
217.05353,9.623,9.403,7.454,6.962,21.233,18,16,2,3770268.8,67,68,68,67,99,98,97,96,20.274,20.242,22.336,22.268,1293.594,94070,0,0,233,9050,17,3,0,0,0,26,21,14,20,20,12,FALSE,0,FALSE
217.55353,9.631,9.412,7.454,6.962,21.219,18,16,2,3761628.8,67,68,68,67,99,98,97,96,20.269,20.237,22.329,22.262,1334.858,94070,0,0,233,9017,17,3,0,0,0,26,21,14,20,20,12,FALSE,0,FALSE
218.05182,9.64,9.42,7.454,6.962,21.205,18,16,2,3752988.8,68,68,68,67,99,98,97,95,20.263,20.232,22.322,22.255,1376.867,94070,0,0,233,8983,17,3,0,0,0,26,21,14,20,20,12,FALSE,0,FALSE
218.5546,9.658,9.437,7.478,6.981,21.195,18,16,2,3762596.5,71,70,74,72,99,98,96,95,20.258,20.227,22.317,22.25,1418.687,94070,0,0,233,8983,17,3,0,0,0,26,21,14,20,20,12,FALSE,0,FALSE
219.05113,9.701,9.468,7.535,7.021,21.193,18,16,2,3793817.2,74,71,79,74,99,98,97,95,20.259,20.228,22.321,22.254,1451.827,94070,0,0,233,8950,17,3,0,0,0,26,21,14,20,20,12,FALSE,0,FALSE
219.55637,9.728,9.533,7.584,7.04,21.192,18,16,2,3820670.8,71,75,76,71,99,98,97,96,20.263,20.235,22.33,22.26,1479.525,94070,0,0,233,8950,17,3,0,0,0,26,21,14,20,20,12,FALSE,0,FALSE
220.05402,9.752,9.551,7.612,7.066,21.192,18,16,2,3843446.2,73,71,78,73,99,98,97,96,20.267,20.239,22.337,22.266,1500.869,94070,0,0,233,9017,17,3,0,0,0,26,21,14,20,20,12,FALSE,0,FALSE
220.55548,9.792,9.582,7.68,7.117,21.192,18,16,2,3862290.5,80,75,91,81,99,98,97,96,20.273,20.243,22.348,22.275,1517.425,94070,0,0,250,9017,17,3,0,0,0,26,21,14,20,20,12,FALSE,0,FALSE
221.05305,9.82,9.599,7.736,7.17,21.191,18,16,2,3871285.2,80,72,94,87,99,99,97,96,20.281,20.248,22.362,22.286,1536.333,94070,0,0,250,9083,17,3,0,0,0,26,21,14,20,20,12,FALSE,0,FALSE
221.55492,9.841,9.615,7.769,7.194,21.187,18,16,2,3877187,77,71,88,81,99,99,97,96,20.288,20.252,22.375,22.296,1560.184,94070,0,0,233,9083,17,3,0,0,0,26,21,14,20,20,12,FALSE,0,FALSE
222.05276,9.861,9.631,7.786,7.206,21.181,18,16,2,3883115.8,76,71,81,75,99,99,98,96,20.294,20.255,22.384,22.303,1577.488,94070,0,0,233,9083,17,3,0,0,0,26,21,14,20,20,12,FALSE,0,FALSE
222.55455,9.882,9.651,7.798,7.217,21.173,18,16,2,3885739.5,76,73,76,71,99,99,98,96,20.298,20.258,22.391,22.308,1595.19,94070,0,0,233,9183,17,3,0,0,0,26,21,14,20,20,12,FALSE,0,FALSE
223.04779,9.914,9.681,7.813,7.23,21.163,18,16,2,3888102.2,78,75,74,70,100,99,98,96,20.304,20.262,22.395,22.311,1612.604,94070,0,0,350,9183,17,3,0,0,0,26,21,14,20,20,12,FALSE,0,FALSE
223.55336,9.946,9.712,7.82,7.237,21.151,18,16,2,3887119.5,76,74,70,67,100,99,98,96,20.31,20.267,22.398,22.313,1634.142,94070,0,0,350,9183,17,3,0,0,0,26,21,14,20,20,12,FALSE,0,FALSE
224.05597,9.972,9.739,7.821,7.239,21.137,18,16,2,3882825.5,75,74,67,66,100,99,98,96,20.313,20.27,22.399,22.314,1657.712,94070,0,0,350,9150,17,3,0,0,0,26,21,14,20,20,12,FALSE,0,FALSE
224.55278,9.997,9.761,7.822,7.241,21.125,18,16,2,3882583.5,72,71,66,64,100,99,98,96,20.315,20.273,22.398,22.313,1683.817,94070,0,0,300,9150,17,3,0,0,0,26,21,14,20,20,12,FALSE,0,FALSE
225.05206,10.017,9.778,7.822,7.241,21.111,18,16,2,3875985.2,71,69,65,66,100,99,98,96,20.315,20.273,22.397,22.312,1712.353,94070,0,0,300,9150,17,3,0,0,0,26,21,14,20,20,12,FALSE,0,FALSE
225.5515,10.03,9.794,7.829,7.246,21.099,18,16,2,3873969,69,71,67,68,100,99,98,96,20.315,20.273,22.395,22.311,1741.313,94070,0,0,267,9150,17,3,0,0,0,26,21,14,20,20,12,FALSE,0,FALSE
226.05576,10.054,9.825,7.848,7.265,21.085,18,16,2,3865432,70,73,69,71,100,99,98,96,20.315,20.274,22.394,22.31,1774.071,94070,0,0,233,9100,17,3,0,0,0,26,21,14,20,20,12,FALSE,0,FALSE
226.55334,10.078,9.855,7.868,7.284,21.071,18,16,2,3856792,71,73,70,72,100,99,98,96,20.314,20.275,22.392,22.31,1807.964,94070,30091,0,233,9100,17,3,0,0,0,26,21,14,20,20,12,FALSE,0,FALSE
227.05394,10.105,9.888,7.921,7.307,21.062,18,16,2,3865162,70,71,78,71,100,99,98,96,20.313,20.276,22.391,22.309,1843.326,94070,30091,0,233,9100,17,3,0,0,0,26,21,14,20,20,12,FALSE,0,FALSE
227.55232,10.141,9.921,7.976,7.352,21.062,18,16,2,3894190,76,72,84,77,100,99,98,96,20.315,20.277,22.396,22.312,1871.802,94070,30091,0,233,9100,17,3,0,0,0,26,21,14,20,20,12,FALSE,0,FALSE
228.05408,10.207,9.972,8.099,7.449,21.058,18,16,2,3907626.8,83,76,99,88,100,99,98,97,20.321,20.281,22.406,22.319,1897.787,94070,30091,0,250,9116,17,3,0,0,0,26,21,14,20,20,12,FALSE,0,FALSE
228.55399,10.267,10.019,8.204,7.532,21.049,18,16,2,3913138.8,84,78,98,87,100,99,98,97,20.328,20.285,22.419,22.328,1925.201,94070,30091,0,250,9116,17,3,0,0,0,26,21,14,20,20,12,FALSE,0,FALSE
229.05183,10.33,10.069,8.258,7.577,21.039,18,16,2,3918096.8,84,78,85,78,100,99,98,97,20.335,20.29,22.428,22.334,1952.139,94070,30091,0,317,9116,17,3,0,0,0,26,21,14,20,20,12,FALSE,0,FALSE
229.55582,10.361,10.096,8.27,7.588,21.026,18,16,2,3915033.2,74,71,71,69,100,99,98,97,20.339,20.292,22.431,22.336,1979.057,94070,30091,0,317,9250,17,3,0,0,0,26,21,14,20,20,12,FALSE,0,FALSE
230.05225,10.391,10.132,8.301,7.626,21.013,18,16,2,3913956.8,73,75,73,77,100,99,98,97,20.34,20.293,22.43,22.336,2008.684,94070,30091,0,367,9250,17,3,0,0,0,26,21,14,20,20,12,FALSE,0,FALSE
230.55359,10.449,10.205,8.381,7.723,21.002,18,16,2,3918923.8,78,82,83,90,100,99,98,97,20.341,20.297,22.431,22.341,2040.746,94070,30091,0,334,9267,17,3,0,0,0,26,21,14,20,20,12,FALSE,0,FALSE
231.05046,10.527,10.295,8.464,7.827,20.99,18,16,2,3915980.5,83,87,83,91,100,100,98,97,20.345,20.303,22.435,22.348,2070.547,94070,30091,0,334,9267,17,3,0,0,0,26,21,14,20,20,12,FALSE,0,FALSE
231.55574,10.597,10.381,8.52,7.893,20.976,18,16,2,3914779,77,82,76,80,100,100,98,97,20.348,20.309,22.436,22.353,2102.36,94070,30091,0,334,9300,17,3,0,0,0,26,21,14,20,20,12,FALSE,0,FALSE
232.05586,10.618,10.408,8.533,7.904,20.963,18,16,2,3906202.8,70,72,69,70,100,100,98,97,20.347,20.311,22.433,22.351,2134.981,94070,30091,0,334,9333,17,3,0,0,0,26,21,14,20,20,12,FALSE,0,FALSE
232.55235,10.635,10.43,8.551,7.922,20.951,18,16,2,3908900,70,72,73,73,100,100,98,97,20.345,20.31,22.43,22.349,2168.559,94070,30091,0,367,9333,17,3,0,0,0,26,21,14,20,20,12,FALSE,0,FALSE
233.0464,10.66,10.455,8.577,7.947,20.95,18,16,2,3936606.8,71,71,73,73,100,100,98,97,20.345,20.311,22.432,22.352,2195.464,94070,30091,0,367,9367,17,3,0,0,0,26,21,14,20,20,12,FALSE,0,FALSE
233.5515,10.669,10.464,8.581,7.952,20.949,18,16,2,3960831,68,68,70,69,100,100,98,97,20.346,20.312,22.436,22.356,2217.465,94070,30091,0,384,9367,17,3,0,0,0,26,21,14,20,20,12,FALSE,0,FALSE
234.0542,10.678,10.47,8.59,7.961,20.949,18,16,2,3982795.8,68,67,71,69,100,100,98,97,20.347,20.313,22.439,22.359,2236.596,94070,30091,0,384,9550,17,3,0,0,0,26,21,14,20,20,12,FALSE,0,FALSE
234.55637,10.692,10.48,8.605,7.976,20.949,18,16,2,4000000,71,67,73,71,100,100,99,97,20.348,20.313,22.442,22.362,2251.733,94070,30091,0,384,9550,17,3,0,0,0,26,21,14,20,20,12,FALSE,0,FALSE
235.05164,10.708,10.491,8.635,7.997,20.949,18,16,2,4000000,73,68,80,73,100,100,99,97,20.351,20.314,22.448,22.367,2263.251,94070,30091,0,384,9550,17,3,0,0,0,26,21,14,20,20,12,FALSE,0,FALSE
235.55289,10.725,10.505,8.677,8.023,20.949,18,16,2,4000000,74,70,88,76,101,100,99,97,20.355,20.316,22.456,22.372,2276.444,94070,30091,0,416,9550,17,3,0,0,0,26,21,14,20,20,12,FALSE,0,FALSE
236.0518,10.74,10.517,8.712,8.048,20.946,18,16,2,4000000,75,70,90,78,101,100,99,97,20.358,20.318,22.467,22.378,2293.31,94070,30091,0,416,9550,17,3,0,0,0,26,21,14,20,20,12,FALSE,0,FALSE
236.55193,10.757,10.53,8.726,8.059,20.942,18,16,2,4000000,76,70,84,75,101,100,99,98,20.362,20.32,22.476,22.383,2306.498,94070,30091,0,416,9650,17,3,0,0,0,26,21,14,20,20,12,FALSE,0,FALSE
237.05223,10.771,10.543,8.734,8.067,20.936,18,16,2,3999999.8,74,70,78,71,101,100,99,98,20.366,20.321,22.482,22.387,2319.479,94070,30091,0,416,9650,17,3,0,0,0,26,21,14,20,20,12,FALSE,0,FALSE
237.55547,10.787,10.559,8.74,8.072,20.927,18,16,2,3999976.5,74,71,73,69,101,100,99,98,20.369,20.323,22.486,22.389,2334.004,94070,30091,0,283,9650,17,3,0,0,0,26,21,14,20,20,12,FALSE,0,FALSE
238.05289,10.803,10.575,8.741,8.074,20.917,18,16,2,3999939.8,73,71,69,66,101,100,99,98,20.371,20.325,22.487,22.389,2350.875,94070,30091,0,283,9650,17,3,0,0,0,26,21,14,20,20,12,FALSE,0,FALSE
238.55241,10.824,10.599,8.742,8.075,20.905,18,16,2,3999422.5,74,74,67,65,101,100,99,98,20.373,20.327,22.486,22.389,2370.704,94070,30091,0,283,9617,17,3,0,0,0,26,21,14,20,20,12,FALSE,0,FALSE
239.05551,10.843,10.62,8.742,8.075,20.892,18,16,2,3995438.8,73,72,66,66,101,100,99,98,20.375,20.329,22.485,22.387,2393.183,94070,30091,0,217,9617,17,3,0,0,0,26,21,14,20,20,12,FALSE,0,FALSE
239.55293,10.861,10.64,8.742,8.076,20.879,18,16,2,3995550.2,71,71,66,66,101,100,99,98,20.376,20.329,22.482,22.385,2418.276,94070,30091,0,217,9617,17,3,0,0,0,26,21,14,20,20,12,FALSE,0,FALSE
240.04884,10.874,10.654,8.742,8.076,20.866,18,16,2,3989521.8,70,69,65,66,101,100,99,98,20.375,20.329,22.479,22.383,2444.601,94070,30091,0,150,9600,17,3,0,0,0,26,21,14,20,20,12,FALSE,0,FALSE
240.55185,10.888,10.669,8.742,8.076,20.852,18,16,2,3982056.5,69,69,66,66,101,100,99,98,20.374,20.327,22.475,22.38,2474.945,94070,30091,0,150,9600,17,3,0,0,0,26,21,14,20,20,12,FALSE,0,FALSE
241.05089,10.899,10.68,8.742,8.076,20.839,18,16,2,3979691.5,69,68,66,66,101,100,99,97,20.372,20.326,22.472,22.377,2505.037,94070,30091,0,150,9600,17,3,0,0,0,26,21,14,20,20,12,FALSE,0,FALSE
241.54807,10.91,10.692,8.743,8.076,20.826,18,16,2,3971087.8,69,69,67,67,101,100,99,97,20.369,20.324,22.467,22.373,2537.792,94070,30091,0,150,9600,17,3,0,0,0,26,21,14,20,20,12,FALSE,0,FALSE
242.05441,10.927,10.714,8.756,8.088,20.811,18,16,2,3962159.8,69,72,69,70,101,100,99,97,20.366,20.321,22.462,22.37,2573.297,94070,30091,0,150,9583,17,3,0,0,0,26,21,14,20,20,12,FALSE,0,FALSE
242.55482,10.959,10.755,8.791,8.124,20.799,18,16,2,3960545.2,71,74,72,74,101,100,99,97,20.364,20.321,22.459,22.367,2608.276,94070,30091,0,166,9584,17,3,0,0,0,26,21,14,20,20,12,FALSE,0,FALSE
243.04547,10.991,10.797,8.831,8.164,20.796,18,16,2,3988230.8,72,75,74,76,101,100,99,97,20.363,20.322,22.458,22.368,2640.659,94070,30091,0,167,9584,17,3,0,0,0,26,21,14,20,20,12,FALSE,0,FALSE
243.55038,11.015,10.828,8.856,8.188,20.794,18,16,2,4000000,71,73,72,75,101,100,99,97,20.364,20.325,22.46,22.372,2669.456,94070,30091,0,167,9584,17,3,0,0,0,26,21,14,20,20,12,FALSE,0,FALSE
244.05618,11.031,10.848,8.872,8.203,20.793,18,16,2,4000000,69,72,71,73,101,100,99,97,20.365,20.328,22.463,22.376,2692.147,94070,30091,0,167,9650,17,3,0,0,0,26,21,14,20,20,12,FALSE,0,FALSE
244.55466,11.044,10.864,8.885,8.215,20.793,18,16,2,4000000,69,71,71,73,101,100,99,98,20.366,20.331,22.466,22.381,2709.253,94070,30091,0,216,9650,17,3,0,0,0,26,21,14,20,20,12,FALSE,0,FALSE
245.052,11.055,10.881,8.902,8.231,20.793,18,16,2,4000000,69,73,73,75,101,100,99,98,20.368,20.334,22.47,22.386,2723.107,94070,30091,0,216,9783,17,3,0,0,0,26,21,14,20,20,12,FALSE,0,FALSE
245.55156,11.064,10.893,8.916,8.25,20.793,18,16,2,4000000,68,72,73,77,101,100,99,98,20.37,20.338,22.473,22.392,2733.591,94070,30091,0,216,9783,17,3,0,0,0,26,21,14,20,20,12,FALSE,0,FALSE
246.05258,11.073,10.903,8.932,8.28,20.792,18,16,2,4000000,69,71,73,83,101,100,99,98,20.371,20.341,22.478,22.399,2742.296,94070,30091,0,216,9783,17,3,0,0,0,26,21,14,20,20,12,FALSE,0,FALSE
246.55362,11.087,10.917,8.943,8.297,20.788,18,16,2,4000000,72,73,74,83,101,100,99,98,20.373,20.344,22.481,22.408,2764.415,94070,30091,0,233,9783,17,3,0,0,0,26,21,14,20,20,12,FALSE,0,FALSE
247.05507,11.103,10.934,8.95,8.304,20.782,18,16,2,4000000,72,75,71,77,101,100,99,98,20.376,20.349,22.484,22.415,2775.386,94070,30091,0,233,9983,17,3,0,0,0,26,21,14,20,20,12,FALSE,0,FALSE
247.5553,11.118,10.947,8.952,8.307,20.775,18,16,2,3999994,72,73,68,72,101,100,99,98,20.379,20.352,22.485,22.419,2788.247,94070,30091,0,233,9983,17,3,0,0,0,26,21,14,20,20,12,FALSE,0,FALSE
248.05261,11.133,10.963,8.955,8.31,20.765,18,16,2,3999961.8,73,73,66,70,101,101,99,98,20.381,20.355,22.485,22.421,2803.911,94070,30091,0,233,9983,17,3,0,0,0,26,21,14,20,20,12,FALSE,0,FALSE
249.05197,11.218,11.047,8.955,8.31,20.74,18,16,2,3998055.2,78,78,65,65,101,101,99,98,20.391,20.366,22.483,22.421,2843.224,94070,30091,0,316,9866,17,3,0,0,0,26,21,14,20,20,12,FALSE,0,FALSE
249.55225,11.24,11.068,8.955,8.31,20.727,18,16,2,3993416.8,73,73,65,65,101,101,99,98,20.394,20.369,22.481,22.419,2867.047,94070,30091,0,183,9866,17,3,0,0,0,26,21,14,20,20,12,FALSE,0,FALSE
250.05272,11.258,11.086,8.955,8.31,20.714,18,16,2,3993114.5,70,70,66,66,101,101,99,98,20.394,20.37,22.478,22.417,2893.41,94070,30091,0,183,9833,17,3,0,0,0,26,21,14,20,20,12,FALSE,0,FALSE
250.54851,11.272,11.1,8.955,8.31,20.701,18,16,2,3986446.2,69,69,66,66,101,101,99,98,20.393,20.37,22.475,22.415,2921.083,94070,30091,0,133,9833,17,3,0,0,0,26,21,14,20,20,12,FALSE,0,FALSE
251.05055,11.284,11.113,8.956,8.31,20.688,18,16,2,3984085.8,68,68,67,67,101,101,99,98,20.391,20.368,22.472,22.412,2951.777,94070,30091,0,133,9817,17,3,0,0,0,26,21,14,20,20,12,FALSE,0,FALSE
251.5542,11.298,11.127,8.956,8.31,20.673,18,16,2,3958919.8,68,68,67,67,101,101,99,98,20.389,20.366,22.468,22.409,2985.505,94070,30091,0,117,9817,17,3,0,0,0,26,21,14,20,20,12,FALSE,0,FALSE
252.05281,11.313,11.141,8.956,8.31,20.66,18,16,2,3901304.8,68,68,67,67,101,101,99,98,20.386,20.364,22.464,22.405,3020.19,94070,30091,0,117,9800,17,3,0,0,0,26,21,14,20,20,12,FALSE,0,FALSE
252.5548,11.326,11.155,8.956,8.31,20.647,18,16,2,3849237.2,68,68,67,67,101,101,99,98,20.383,20.361,22.459,22.401,3056.552,94070,30091,0,116,9800,17,3,0,0,0,26,21,14,20,20,12,FALSE,0,FALSE
253.04588,11.339,11.167,8.956,8.31,20.633,18,16,2,3793542.8,68,68,68,67,101,101,99,98,20.38,20.357,22.454,22.396,3093.282,94070,30091,0,134,9767,17,3,0,0,0,26,21,14,20,20,12,FALSE,0,FALSE
254.0537,11.363,11.195,8.959,8.312,20.606,18,16,2,3681985.8,68,69,68,68,101,100,99,98,20.371,20.35,22.443,22.386,3174.865,94070,30091,0,117,9683,17,3,0,0,0,26,21,14,20,20,12,FALSE,0,FALSE
254.55241,11.378,11.207,8.962,8.316,20.593,18,16,2,3624370.8,70,68,69,68,101,100,98,98,20.367,20.345,22.436,22.38,3216.681,94070,30091,0,100,9633,17,3,0,0,0,26,21,14,20,20,12,FALSE,0,FALSE
255.05078,11.39,11.217,8.962,8.317,20.579,18,16,2,3586633.8,69,68,69,68,101,100,98,97,20.362,20.341,22.43,22.373,3258.036,94070,30091,0,83,9633,17,3,0,0,0,26,21,14,20,20,12,FALSE,0,FALSE
256.5492,11.431,11.257,8.996,8.351,20.544,18,16,2,3592464.5,72,72,74,74,100,100,98,97,20.348,20.327,22.413,22.357,3386.941,94070,30091,0,50,9517,17,3,0,0,0,26,21,14,20,20,12,FALSE,0,FALSE
257.04803,11.467,11.295,9.046,8.395,20.543,18,16,2,3624835.2,73,74,78,78,100,100,98,97,20.349,20.329,22.418,22.363,3419.542,94070,30091,0,50,9467,16,3,0,0,0,26,21,14,20,20,12,FALSE,0,FALSE
257.5529,11.517,11.356,9.117,8.48,20.543,18,16,2,3652256.5,78,83,85,91,100,100,98,97,20.354,20.335,22.427,22.373,3445.275,94070,30091,0,483,9450,16,3,0,0,0,26,21,14,20,20,12,FALSE,0,FALSE
258.05563,11.561,11.411,9.199,8.592,20.542,18,16,2,3671889,78,83,91,104,101,100,98,98,20.361,20.344,22.439,22.39,3468.146,94070,30091,0,483,9450,16,3,0,0,0,26,21,14,20,20,12,FALSE,0,FALSE
258.55316,11.588,11.446,9.25,8.659,20.536,18,16,2,3678633,76,82,87,97,101,100,99,98,20.366,20.352,22.451,22.407,3490.585,94070,30091,0,483,9400,16,3,0,0,0,26,21,14,20,20,12,FALSE,0,FALSE
259.05438,11.623,11.489,9.282,8.699,20.528,18,16,2,3685139,77,82,80,88,101,101,99,98,20.371,20.36,22.46,22.42,3510.528,94070,30091,0,417,9400,16,3,0,0,0,26,21,14,20,20,12,FALSE,0,FALSE
259.55557,11.647,11.517,9.298,8.716,20.518,18,16,2,3691248.2,74,77,73,78,101,101,99,98,20.375,20.367,22.465,22.428,3531.199,94070,30091,0,417,9550,16,3,0,0,0,26,21,14,20,20,12,FALSE,0,FALSE
260.0511,11.68,11.556,9.322,8.743,20.506,18,16,2,3696914,76,80,74,78,101,101,99,98,20.378,20.372,22.468,22.433,3552.664,94070,30091,0,534,9550,16,3,0,0,0,26,21,14,20,20,12,FALSE,0,FALSE
260.55164,11.724,11.607,9.356,8.78,20.493,18,16,2,3700771.8,77,82,75,78,101,101,99,98,20.381,20.378,22.471,22.438,3577.176,94070,30091,0,534,9566,16,3,0,0,0,26,21,14,20,20,12,FALSE,0,FALSE
261.05353,11.776,11.668,9.387,8.813,20.48,18,16,2,3701501.8,77,82,74,77,101,101,99,99,20.386,20.385,22.474,22.442,3602.745,94070,30091,0,550,9566,16,3,0,0,0,26,21,14,20,20,12,FALSE,0,FALSE
261.55252,11.816,11.715,9.418,8.846,20.466,18,16,2,3694853.5,75,80,74,76,101,101,99,99,20.388,20.39,22.475,22.445,3630.417,94070,30091,0,550,9566,16,3,0,0,0,26,21,14,20,20,12,FALSE,0,FALSE
262.05386,11.854,11.759,9.444,8.871,20.453,18,16,2,3654421.8,74,78,73,74,101,101,99,99,20.39,20.393,22.476,22.447,3660.363,94070,30091,0,583,9566,16,3,0,0,0,26,21,14,20,20,12,FALSE,0,FALSE
262.55145,11.879,11.791,9.461,8.886,20.44,18,16,2,3647471.2,70,74,70,70,101,101,99,99,20.39,20.396,22.475,22.447,3691.644,94070,30091,0,583,9566,16,3,0,0,0,26,21,14,20,20,12,FALSE,0,FALSE
263.54822,11.934,11.836,9.504,8.928,20.413,18,16,2,3630200,77,73,78,74,101,101,99,99,20.387,20.393,22.471,22.442,3758.78,94070,30091,0,600,9550,16,3,0,0,0,26,21,14,20,20,12,FALSE,0,FALSE
264.05334,12.02,11.907,9.601,9.017,20.399,18,16,2,3626633,83,78,87,82,101,101,99,99,20.391,20.394,22.474,22.442,3794.754,94070,30091,0,600,9550,16,3,0,0,0,26,21,14,20,20,12,FALSE,0,FALSE
264.55267,12.108,11.98,9.7,9.107,20.386,18,16,2,3617993,83,78,86,81,101,101,99,99,20.395,20.396,22.477,22.444,3830.897,94070,30091,0,600,9534,16,3,0,0,0,26,21,14,20,20,12,FALSE,0,FALSE
265.05542,12.191,12.044,9.782,9.19,20.372,18,16,2,3609353,84,76,83,82,101,101,99,99,20.398,20.396,22.479,22.445,3867.985,94070,30091,0,600,9534,16,3,0,0,0,26,21,14,20,20,12,FALSE,0,FALSE
265.55228,12.279,12.117,9.884,9.283,20.359,18,16,2,3600713,83,78,87,82,101,101,99,99,20.401,20.396,22.48,22.445,3905.252,94070,30091,0,600,9534,16,3,0,0,0,26,21,14,20,20,12,FALSE,0,FALSE
266.05475,12.369,12.192,9.987,9.376,20.345,18,16,2,3592073,83,79,86,81,101,101,99,99,20.404,20.396,22.482,22.445,3941.891,94070,30091,0,617,9533,16,3,0,0,0,26,21,14,20,20,12,FALSE,0,FALSE
266.55005,12.432,12.243,10.044,9.431,20.332,18,16,2,3583721,77,74,78,74,101,101,99,99,20.404,20.395,22.481,22.443,3976.685,94070,30091,0,600,9533,16,3,0,0,0,26,21,14,20,20,12,FALSE,0,FALSE
267.05463,12.453,12.259,10.051,9.439,20.317,18,16,2,3574793,70,70,69,68,101,101,99,98,20.401,20.391,22.476,22.437,4015.15,94070,30091,40427,600,9533,16,3,0,0,0,26,21,14,20,20,12,FALSE,0,FALSE
267.55356,12.471,12.275,10.069,9.457,20.311,18,16,2,3598430,72,70,73,72,101,101,99,98,20.397,20.387,22.472,22.433,4050.837,94070,30091,40427,600,9517,16,3,0,0,0,26,21,14,20,20,12,FALSE,0,FALSE
268.05496,12.523,12.314,10.129,9.513,20.31,18,16,2,3628380.8,79,74,83,78,101,101,99,98,20.399,20.387,22.475,22.435,4079.606,94070,30091,40427,600,9533,16,3,0,0,0,26,21,14,20,20,12,FALSE,0,FALSE
268.5536,12.585,12.362,10.213,9.584,20.31,18,16,2,3654687.8,84,77,92,85,101,101,99,99,20.404,20.389,22.483,22.441,4103.717,94070,30091,40427,600,9533,16,3,0,0,0,26,21,14,20,20,12,FALSE,0,FALSE
269.0517,12.641,12.406,10.317,9.663,20.31,18,16,2,3675642.8,85,78,103,91,102,101,99,99,20.412,20.394,22.496,22.45,4124.011,94070,30091,40427,600,9533,16,3,0,0,0,26,21,14,20,20,12,FALSE,0,FALSE
269.55103,12.666,12.424,10.397,9.719,20.307,18,16,2,3684405.5,79,74,103,89,102,101,100,99,20.418,20.397,22.511,22.46,4142.717,94070,30091,40427,500,9450,16,3,0,0,0,26,21,14,20,20,12,FALSE,0,FALSE
270.05228,12.698,12.451,10.439,9.75,20.3,18,16,2,3691158.5,79,75,92,81,102,101,100,99,20.423,20.4,22.524,22.468,4164.161,94070,30091,40427,500,9450,16,3,0,0,0,26,21,14,20,20,12,FALSE,0,FALSE
270.55087,12.725,12.473,10.461,9.768,20.292,18,16,2,3697330,78,74,82,75,102,101,100,99,20.427,20.402,22.531,22.472,4182.608,94070,30091,40427,500,9450,16,3,0,0,0,26,21,14,20,20,12,FALSE,0,FALSE
271.05173,12.756,12.502,10.476,9.782,20.281,18,16,2,3699826,77,75,76,71,102,101,100,99,20.43,20.404,22.535,22.473,4203.794,94070,30091,40427,600,9567,16,3,0,0,0,26,21,14,20,20,12,FALSE,0,FALSE
271.55145,12.783,12.528,10.48,9.787,20.267,18,16,2,3695634.8,75,74,70,68,102,101,100,99,20.432,20.405,22.535,22.472,4226.175,94070,30091,40427,600,9567,16,3,0,0,0,26,21,14,20,20,12,FALSE,0,FALSE
272.0464,12.803,12.546,10.481,9.789,20.255,18,16,2,3695323.2,72,71,68,67,102,101,100,99,20.433,20.405,22.534,22.47,4252.191,94070,30091,40427,650,9650,16,3,0,0,0,26,21,14,20,20,12,FALSE,0,FALSE
272.55283,12.821,12.561,10.481,9.789,20.241,18,16,2,3688414.2,71,70,67,67,102,101,100,99,20.433,20.404,22.531,22.468,4281.425,94070,30091,40427,650,9650,16,3,0,0,0,26,21,14,20,20,12,FALSE,0,FALSE
273.04782,12.832,12.572,10.481,9.789,20.228,18,16,2,3683546.5,70,69,67,67,102,101,100,99,20.431,20.402,22.527,22.464,4310.773,94070,30091,40427,650,9650,16,3,0,0,0,26,21,14,20,20,12,FALSE,0,FALSE
273.3886,12.844,12.584,10.481,9.789,20.219,18,16,2,3644727.5,70,70,67,67,102,101,100,99,20.429,20.4,22.525,22.462,4333.038,94070,30091,40427,650,9683,16,3,0,0,0,26,21,14,20,20,12,FALSE,0,FALSE
273.89136,12.858,12.598,10.481,9.789,20.205,18,16,2,3587112.5,70,70,68,67,102,101,100,99,20.427,20.398,22.52,22.458,4366.548,94070,30091,40427,650,9683,16,3,0,0,0,26,21,14,20,20,12,FALSE,0,FALSE
274.3904,12.872,12.612,10.481,9.789,20.191,18,16,2,3529497.5,70,70,68,67,102,101,100,99,20.424,20.395,22.515,22.453,4401.843,94070,30091,40427,650,9683,16,3,0,0,0,26,21,14,20,20,12,FALSE,0,FALSE
274.88953,12.884,12.624,10.481,9.789,20.178,18,16,2,3477726.8,70,69,68,67,102,101,100,99,20.42,20.392,22.51,22.448,4438.634,94070,30091,40427,650,9683,16,3,0,0,0,26,21,14,20,20,12,FALSE,0,FALSE
275.38904,12.897,12.637,10.481,9.789,20.164,18,16,2,3420111.8,70,70,68,68,102,101,100,99,20.416,20.388,22.504,22.443,4476.677,94070,30091,40427,633,9683,16,3,0,0,0,26,21,14,20,20,12,FALSE,0,FALSE
275.88858,12.909,12.649,10.481,9.789,20.15,18,16,2,3362496.8,70,70,68,68,102,101,99,98,20.412,20.384,22.498,22.437,4515.988,94070,30091,40427,616,9633,16,3,0,0,0,26,21,14,20,20,12,FALSE,0,FALSE
276.38718,12.92,12.662,10.481,9.789,20.137,18,16,2,3304881.8,70,70,68,68,101,101,99,98,20.407,20.38,22.491,22.43,4556.427,94070,30091,40427,600,9633,16,3,0,0,0,26,21,14,20,20,12,FALSE,0,FALSE
276.89365,12.93,12.673,10.481,9.789,20.124,18,16,2,3252866.2,70,70,69,68,101,101,99,98,20.402,20.375,22.484,22.423,4597.706,94070,30091,40427,600,9600,16,3,0,0,0,26,21,14,20,20,12,FALSE,0,FALSE
277.38943,12.941,12.684,10.481,9.789,20.11,18,16,2,3203413.8,71,71,69,69,101,101,99,98,20.397,20.37,22.476,22.416,4639.861,94070,30091,40427,567,9567,16,3,0,0,0,26,21,14,20,20,12,FALSE,0,FALSE
277.89175,12.949,12.693,10.481,9.789,20.096,18,16,2,3194773.8,71,71,69,69,101,101,99,98,20.392,20.365,22.469,22.409,4682.62,94070,30091,40427,534,9567,16,3,0,0,0,26,21,14,20,20,12,FALSE,0,FALSE
278.3911,12.957,12.702,10.481,9.789,20.082,18,16,2,3186133.8,71,71,69,69,101,101,99,98,20.386,20.36,22.461,22.401,4725.791,94070,30091,40427,517,9550,16,3,0,0,0,26,21,14,20,20,12,FALSE,0,FALSE
278.88892,12.965,12.71,10.481,9.789,20.068,18,16,2,3177493.8,71,71,69,69,101,100,99,98,20.38,20.354,22.453,22.393,4769.308,94070,30091,40427,517,9467,16,3,0,0,0,26,21,14,20,20,12,FALSE,0,FALSE
279.3795,12.977,12.723,10.491,9.799,20.056,18,16,2,3177968.8,71,71,72,72,101,100,99,98,20.374,20.348,22.445,22.386,4811.436,94070,30091,40427,500,9467,16,3,0,0,0,26,21,14,20,20,12,FALSE,0,FALSE
279.88684,13.013,12.759,10.535,9.842,20.055,18,16,2,3213725.8,72,71,74,74,101,100,99,98,20.373,20.347,22.447,22.388,4849.531,94070,30091,40427,483,9433,16,3,0,0,0,26,21,14,20,20,12,FALSE,0,FALSE
280.38828,13.035,12.783,10.553,9.86,20.054,18,16,2,3242089.2,70,70,71,71,101,100,99,98,20.374,20.348,22.451,22.393,4878.074,94070,30091,40427,483,9500,16,3,0,0,0,26,21,14,20,20,12,FALSE,0,FALSE
280.89154,13.055,12.801,10.572,9.878,20.054,18,16,2,3266012.5,72,70,74,72,101,100,99,98,20.376,20.35,22.456,22.398,4900.708,94070,30091,40427,483,9500,16,3,0,0,0,26,21,14,20,20,12,FALSE,0,FALSE
281.38992,13.089,12.825,10.631,9.924,20.054,18,16,2,3281571.5,77,72,87,79,101,100,99,98,20.381,20.353,22.464,22.404,4918.718,94070,30091,40427,516,9500,16,3,0,0,0,26,21,14,20,20,12,FALSE,0,FALSE
281.89243,13.118,12.847,10.681,9.958,20.052,18,16,2,3288827.8,77,72,89,79,101,101,99,98,20.386,20.356,22.475,22.412,4936.042,94070,30091,40427,516,9550,16,3,0,0,0,26,21,14,20,20,12,FALSE,0,FALSE
282.38885,13.146,12.871,10.727,9.991,20.046,18,16,2,3295264.5,79,75,90,80,101,101,99,98,20.392,20.359,22.487,22.419,4959.854,94070,30091,40427,550,9550,16,3,0,0,0,26,21,14,20,20,12,FALSE,0,FALSE
282.88712,13.176,12.896,10.747,10.006,20.039,18,16,2,3301571.2,78,74,81,74,101,101,99,98,20.398,20.363,22.496,22.425,4977.214,94070,30091,40427,550,9550,16,3,0,0,0,26,21,14,20,20,12,FALSE,0,FALSE
283.38782,13.206,12.924,10.762,10.02,20.028,18,16,2,3303864.2,78,75,76,71,101,101,100,98,20.402,20.366,22.501,22.428,4996.828,94070,30091,40427,550,9517,16,3,0,0,0,26,21,14,20,20,12,FALSE,0,FALSE
283.88757,13.238,12.955,10.776,10.032,20.016,18,16,2,3304498,78,75,73,69,101,101,100,98,20.406,20.369,22.504,22.43,5018.085,94070,30091,40427,500,9517,16,3,0,0,0,26,21,14,20,20,12,FALSE,0,FALSE
284.38782,13.272,12.987,10.786,10.043,20.002,18,16,2,3299529.2,76,74,71,68,102,101,100,98,20.41,20.373,22.506,22.431,5041.581,94070,30091,40427,500,9500,16,3,0,0,0,26,21,14,20,20,12,FALSE,0,FALSE
284.89053,13.303,13.015,10.795,10.052,19.989,18,16,2,3275320,75,73,70,68,102,101,100,98,20.413,20.374,22.506,22.431,5068.063,94070,30091,40427,466,9500,16,3,0,0,0,26,21,14,20,20,12,FALSE,0,FALSE
285.38727,13.322,13.034,10.796,10.054,19.975,18,16,2,3227080.8,71,71,67,67,102,101,100,98,20.413,20.375,22.505,22.429,5097.519,94070,30091,40427,466,9500,16,3,0,0,0,26,21,14,20,20,12,FALSE,0,FALSE
285.8863,13.337,13.051,10.797,10.054,19.962,18,16,2,3177861.5,71,70,67,68,102,101,100,98,20.413,20.374,22.503,22.428,5129.084,94070,30091,40427,467,9500,16,3,0,0,0,26,21,14,20,20,12,FALSE,0,FALSE
286.38684,13.352,13.066,10.797,10.054,19.949,18,16,2,3120246.5,71,70,67,68,102,101,99,98,20.411,20.373,22.5,22.425,5162.692,94070,30091,40427,484,9500,16,3,0,0,0,26,21,14,20,20,12,FALSE,0,FALSE
286.8909,13.363,13.077,10.797,10.054,19.936,18,16,2,3090961.8,70,69,68,68,102,101,99,98,20.409,20.371,22.496,22.423,5198.007,94070,30091,40427,484,9500,16,3,0,0,0,26,21,14,20,20,12,FALSE,0,FALSE
287.88785,13.382,13.096,10.797,10.054,19.908,18,16,2,3073681.8,70,70,68,68,101,101,99,98,20.404,20.366,22.488,22.415,5272.104,94070,30091,40427,450,9467,16,3,0,0,0,26,21,14,20,20,12,FALSE,0,FALSE
288.38574,13.391,13.105,10.797,10.054,19.895,18,16,2,3065041.8,70,69,68,68,101,101,99,98,20.4,20.362,22.483,22.41,5310.689,94070,30091,40427,450,9450,16,3,0,0,0,26,21,14,20,20,12,FALSE,0,FALSE
288.88538,13.4,13.114,10.797,10.054,19.881,18,16,2,3056401.8,68,68,68,68,101,101,99,98,20.396,20.358,22.477,22.405,5350.212,94070,30091,40427,450,9450,16,3,0,0,0,26,21,14,20,20,12,FALSE,0,FALSE
289.38464,13.409,13.122,10.797,10.054,19.868,18,16,2,3053465,68,68,68,68,101,100,99,98,20.391,20.354,22.471,22.4,5389.244,94070,30091,40427,433,9400,16,3,0,0,0,26,21,14,20,20,12,FALSE,0,FALSE
289.88986,13.417,13.131,10.797,10.054,19.854,18,16,3,3044537,68,68,68,68,101,100,99,98,20.385,20.348,22.465,22.393,22.896,93197,0,0,433,9400,16,4,0,0,0,26,21,14,20,20,12,FALSE,0,FALSE
290.38318,13.426,13.139,10.797,10.054,19.841,18,16,3,3036185,68,68,68,68,101,100,99,98,20.38,20.343,22.458,22.387,63.481,93197,0,0,433,9400,16,4,0,0,0,26,21,14,20,20,12,FALSE,0,FALSE
290.885,13.434,13.148,10.797,10.054,19.827,18,16,3,3027257,68,68,68,68,101,100,99,98,20.374,20.337,22.45,22.38,107.554,93197,0,0,417,9400,16,4,0,0,0,26,21,14,20,20,12,FALSE,0,FALSE
291.38898,13.443,13.156,10.797,10.054,19.813,18,16,3,3018617,68,68,68,68,101,100,99,97,20.367,20.331,22.442,22.372,150.879,93197,0,0,400,9316,16,4,0,0,0,26,21,14,20,20,12,FALSE,0,FALSE
291.8913,13.451,13.164,10.797,10.054,19.799,18,16,3,3009977,69,68,69,68,101,100,98,97,20.36,20.324,22.434,22.364,194.793,93197,0,0,383,9316,16,4,0,0,0,26,21,14,20,20,12,FALSE,0,FALSE
292.38745,13.459,13.172,10.797,10.054,19.785,18,16,3,3001337,68,68,69,68,100,100,98,97,20.353,20.317,22.426,22.356,239.236,93197,0,0,384,9316,16,4,0,0,0,26,21,14,20,20,12,FALSE,0,FALSE
292.88513,13.467,13.18,10.797,10.054,19.771,18,16,3,2992705.5,69,69,69,69,100,100,98,97,20.346,20.31,22.417,22.348,284.129,93197,0,0,384,9316,16,4,0,0,0,26,21,14,20,20,12,FALSE,0,FALSE
293.3859,13.475,13.188,10.797,10.054,19.758,18,16,3,2984281.2,69,69,69,69,100,100,98,97,20.338,20.303,22.408,22.339,329.445,93197,0,0,367,9200,16,4,0,0,0,26,21,14,20,20,12,FALSE,0,FALSE
293.88773,13.483,13.196,10.797,10.054,19.744,18,16,3,2976116.2,68,68,68,68,100,99,98,97,20.33,20.295,22.399,22.33,375.137,93197,0,0,350,9200,16,4,0,0,0,26,21,14,20,20,12,FALSE,0,FALSE
294.3876,13.491,13.204,10.797,10.054,19.73,18,16,3,2968162.2,68,68,69,68,100,99,98,97,20.322,20.287,22.389,22.321,421.131,93197,0,0,350,9134,16,4,0,0,0,26,21,14,20,20,12,FALSE,0,FALSE
294.8864,13.499,13.212,10.797,10.054,19.716,18,16,3,2960398.5,68,68,68,68,100,99,97,96,20.313,20.279,22.379,22.312,467.4,93197,0,0,333,9134,16,4,0,0,0,26,21,14,20,20,12,FALSE,0,FALSE
295.3862,13.506,13.219,10.797,10.054,19.702,18,16,3,2952818.5,68,68,69,68,100,99,97,96,20.304,20.27,22.369,22.302,513.938,93197,0,0,333,9134,16,4,0,0,0,26,21,14,20,20,12,FALSE,0,FALSE
295.88657,13.514,13.227,10.797,10.054,19.689,18,16,3,2945402.2,69,69,69,69,99,99,97,96,20.295,20.261,22.359,22.293,560.705,93197,0,0,316,9050,16,4,0,0,0,26,21,14,20,20,12,FALSE,0,FALSE
296.38892,13.545,13.258,10.838,10.096,19.683,18,16,3,2975939.8,72,72,75,74,99,99,97,96,20.291,20.257,22.356,22.29,604.055,93197,0,0,300,9000,16,4,0,0,0,26,21,14,20,20,12,FALSE,0,FALSE
296.88855,13.577,13.287,10.868,10.128,19.682,18,16,3,3008385.2,71,71,73,72,99,99,97,96,20.291,20.258,22.362,22.295,638.24,93197,0,0,317,9000,16,4,0,0,0,26,21,14,20,20,12,FALSE,0,FALSE
297.3878,13.6,13.31,10.884,10.144,19.682,18,16,3,3035290.5,70,70,71,70,99,99,97,96,20.294,20.261,22.367,22.301,664.674,93197,0,0,317,9134,16,4,0,0,0,26,21,14,20,20,12,FALSE,0,FALSE
297.88712,13.613,13.321,10.89,10.15,19.681,18,16,3,3057264.5,68,68,69,68,99,99,97,96,20.296,20.264,22.373,22.307,685.207,93197,0,0,317,9134,16,4,0,0,0,26,21,14,20,20,12,FALSE,0,FALSE
298.38885,13.617,13.325,10.893,10.153,19.681,18,16,3,3076023.5,66,66,68,67,99,99,97,96,20.298,20.266,22.377,22.311,701.658,93197,0,0,384,9134,16,4,0,0,0,26,21,14,20,20,12,FALSE,0,FALSE
298.88962,13.628,13.333,10.907,10.164,19.681,18,16,3,3088701.5,68,66,71,68,100,99,98,96,20.3,20.268,22.382,22.316,715.494,93197,0,0,384,9416,16,4,0,0,0,26,21,14,20,20,12,FALSE,0,FALSE
299.3858,13.642,13.344,10.924,10.177,19.681,18,16,3,3097475,71,67,74,69,100,99,98,97,20.303,20.27,22.388,22.32,726.623,93197,0,0,384,9416,16,4,0,0,0,26,21,14,20,20,12,FALSE,0,FALSE
299.88858,13.655,13.355,10.962,10.197,19.681,18,16,3,3106219.2,71,69,85,73,100,99,98,97,20.307,20.272,22.395,22.325,739.799,93197,0,0,384,9416,16,4,0,0,0,26,21,14,20,20,12,FALSE,0,FALSE
300.38632,13.665,13.364,11.001,10.22,19.68,18,16,3,3111232.2,71,69,90,76,100,99,98,97,20.31,20.275,22.407,22.332,759.041,93197,0,0,483,9416,16,4,0,0,0,26,21,14,20,20,12,FALSE,0,FALSE
300.8867,13.684,13.376,11.016,10.234,19.677,18,16,3,3116089.2,75,70,85,75,100,99,98,97,20.315,20.277,22.418,22.338,769.078,93197,0,0,483,9400,16,4,0,0,0,26,21,14,20,20,12,FALSE,0,FALSE
301.38782,13.694,13.388,11.018,10.236,19.672,18,16,3,3119930.2,73,70,77,70,100,99,98,97,20.319,20.28,22.426,22.343,779.914,93197,0,0,483,9400,16,4,0,0,0,26,21,14,20,20,12,FALSE,0,FALSE
301.88873,13.705,13.402,11.018,10.237,19.664,18,16,3,3122998,72,71,71,68,100,99,98,97,20.322,20.283,22.43,22.346,793,93197,0,0,483,9400,16,4,0,0,0,26,21,14,20,20,12,FALSE,0,FALSE
302.38748,13.72,13.419,11.022,10.24,19.654,18,16,3,3127729,72,72,68,68,100,99,98,97,20.325,20.286,22.432,22.348,808.734,93197,0,0,333,9400,16,4,0,0,0,26,21,14,20,20,12,FALSE,0,FALSE
302.8906,13.743,13.443,11.031,10.252,19.644,18,16,3,3138947,74,74,68,70,100,99,98,97,20.329,20.289,22.433,22.35,826.643,93197,0,0,333,9400,16,4,0,0,0,26,21,14,20,20,12,FALSE,0,FALSE
303.88742,13.824,13.534,11.073,10.298,19.623,18,16,3,3149571.2,79,84,72,74,100,100,98,97,20.337,20.301,22.436,22.357,873.582,93197,0,0,283,9433,16,4,0,0,0,26,21,14,20,20,12,FALSE,0,FALSE
304.3911,13.87,13.585,11.085,10.31,19.61,18,16,3,3151940.8,76,80,69,70,100,100,98,97,20.343,20.309,22.437,22.359,896.895,93197,0,0,283,9466,16,4,0,0,0,26,21,14,20,20,12,FALSE,0,FALSE
304.89072,13.889,13.606,11.09,10.314,19.597,18,16,3,3151733.8,72,73,67,68,100,100,98,97,20.345,20.313,22.436,22.359,922.988,93197,0,0,283,9466,16,4,0,0,0,26,21,14,20,20,12,FALSE,0,FALSE
305.3862,13.912,13.633,11.097,10.319,19.583,18,16,3,3145109.8,72,72,69,67,100,100,98,97,20.345,20.314,22.434,22.359,952.314,93197,0,0,283,9466,16,4,0,0,0,26,21,14,20,20,12,FALSE,0,FALSE
305.8888,13.949,13.664,11.118,10.34,19.57,18,16,3,3143000.8,75,72,72,69,100,100,98,97,20.347,20.315,22.434,22.357,983.449,93197,0,0,267,9450,16,4,0,0,0,26,21,14,20,20,12,FALSE,0,FALSE
306.38788,13.971,13.682,11.128,10.35,19.557,18,16,3,3134838.8,72,69,70,68,100,100,98,97,20.347,20.314,22.432,22.355,1014.475,93197,0,0,267,9450,16,4,0,0,0,26,21,14,20,20,12,FALSE,0,FALSE
306.88943,13.995,13.701,11.136,10.359,19.543,18,16,3,3126207.8,70,68,68,67,100,100,98,97,20.346,20.312,22.43,22.352,1047.451,93197,0,0,267,9450,16,4,0,0,0,26,21,14,20,20,12,FALSE,0,FALSE
307.38943,14.007,13.712,11.137,10.36,19.53,18,16,3,3122821.5,68,67,67,67,100,100,98,97,20.344,20.309,22.426,22.349,1082.029,93197,0,0,266,9433,16,4,0,0,0,26,21,14,20,20,12,FALSE,0,FALSE
307.89114,14.017,13.722,11.137,10.36,19.517,18,16,3,3114181.5,67,67,67,67,100,100,98,97,20.34,20.306,22.421,22.344,1117.898,93197,0,0,250,9433,16,4,0,0,0,26,21,14,20,20,12,FALSE,0,FALSE
308.39008,14.027,13.731,11.137,10.36,19.503,18,16,3,3105541.5,68,67,67,67,100,100,98,97,20.336,20.302,22.416,22.339,1155.066,93197,0,0,250,9400,16,4,0,0,0,26,21,14,20,20,12,FALSE,0,FALSE
308.88724,14.036,13.741,11.137,10.36,19.489,18,16,3,3096901.5,68,67,68,67,100,99,98,97,20.332,20.298,22.41,22.334,1193.441,93197,0,0,250,9400,16,4,0,0,0,26,21,14,20,20,12,FALSE,0,FALSE
309.3853,14.045,13.751,11.137,10.36,19.475,18,16,3,3088261.5,68,68,68,67,100,99,98,97,20.327,20.294,22.404,22.329,1232.906,93197,0,0,250,9383,16,4,0,0,0,26,21,14,20,20,12,FALSE,0,FALSE
309.8914,14.053,13.759,11.137,10.36,19.463,18,16,3,3084944.5,67,68,68,68,100,99,98,97,20.322,20.289,22.397,22.323,1273.191,93197,0,0,250,9383,16,4,0,0,0,26,21,14,20,20,12,FALSE,0,FALSE
310.3908,14.061,13.769,11.137,10.361,19.449,18,16,3,3076304.5,68,68,68,68,100,99,98,96,20.317,20.284,22.39,22.316,1314.279,93197,0,0,250,9350,16,4,0,0,0,26,21,14,20,20,12,FALSE,0,FALSE
310.88965,14.069,13.778,11.137,10.361,19.435,18,16,3,3067664.5,68,68,68,68,100,99,98,96,20.311,20.279,22.383,22.309,1356.141,93197,0,0,233,9333,16,4,0,0,0,26,21,14,20,20,12,FALSE,0,FALSE
311.3874,14.078,13.786,11.137,10.361,19.421,18,16,3,3059248.5,67,68,68,68,100,99,97,96,20.305,20.273,22.375,22.302,1398.721,93197,0,0,233,9333,16,4,0,0,0,26,21,14,20,20,12,FALSE,0,FALSE
311.8882,14.105,13.811,11.178,10.394,19.416,18,16,3,3089973.5,71,70,73,72,100,99,97,96,20.303,20.271,22.375,22.302,1437.68,93197,0,0,233,9267,16,4,0,0,0,26,21,14,20,20,12,FALSE,0,FALSE
312.38727,14.136,13.848,11.227,10.417,19.416,18,16,3,3119333.2,71,73,77,71,100,99,98,96,20.304,20.273,22.38,22.306,1468.49,93197,0,0,217,9267,16,4,0,0,0,26,21,14,20,20,12,FALSE,0,FALSE
312.88977,14.169,13.875,11.257,10.448,19.415,18,16,3,3144296.2,76,72,77,74,100,99,98,96,20.308,20.276,22.387,22.312,1492.816,93197,0,0,217,9300,16,4,0,0,0,26,21,14,20,20,12,FALSE,0,FALSE
313.39172,14.205,13.903,11.291,10.475,19.415,18,16,3,3165521.2,77,72,79,74,100,99,98,96,20.314,20.281,22.395,22.319,1511.914,93197,0,0,250,9300,16,4,0,0,0,26,21,14,20,20,12,FALSE,0,FALSE
313.88602,14.231,13.919,11.329,10.511,19.415,18,16,3,3180809.5,78,70,84,79,100,99,98,97,20.32,20.285,22.404,22.326,1530.062,93197,0,0,250,9317,16,4,0,0,0,26,21,14,20,20,12,FALSE,0,FALSE
314.38864,14.263,13.943,11.38,10.549,19.41,18,16,3,3186868.5,80,73,89,81,100,99,98,97,20.328,20.288,22.415,22.335,1556.064,93197,0,0,250,9317,16,4,0,0,0,26,21,14,20,20,12,FALSE,0,FALSE
314.88547,14.289,13.965,11.411,10.571,19.404,18,16,3,3192989.2,79,73,85,77,100,99,98,97,20.334,20.292,22.425,22.342,1574.164,93197,0,0,217,9317,16,4,0,0,0,26,21,14,20,20,12,FALSE,0,FALSE
315.38654,14.316,13.988,11.432,10.588,19.397,18,16,3,3198653.2,78,74,80,73,100,99,98,97,20.34,20.296,22.434,22.348,1591.525,93197,0,0,217,9317,16,4,0,0,0,26,21,14,20,20,12,FALSE,0,FALSE
315.88873,14.373,14.038,11.456,10.608,19.387,18,16,3,3203640,86,81,78,73,100,100,98,97,20.348,20.302,22.44,22.352,1608.758,93197,0,0,217,9334,16,4,0,0,0,26,21,14,20,20,12,FALSE,0,FALSE
316.38684,14.462,14.112,11.473,10.622,19.379,18,16,3,3210372,94,87,74,70,101,100,99,97,20.361,20.312,22.444,22.355,1628.406,93197,0,0,234,9334,16,4,0,0,0,26,21,14,20,20,12,FALSE,0,FALSE
316.8853,14.482,14.13,11.48,10.63,19.367,18,16,3,3212755.2,78,76,71,67,101,100,99,97,20.368,20.318,22.447,22.357,1649.887,93197,0,0,234,9334,16,4,0,0,0,26,21,14,20,20,12,FALSE,0,FALSE
317.3864,14.529,14.175,11.481,10.631,19.355,18,16,3,3216203.8,78,76,68,66,101,100,99,97,20.373,20.323,22.447,22.356,1673.543,93197,0,0,200,9216,16,4,0,0,0,26,21,14,20,20,12,FALSE,0,FALSE
317.88446,14.543,14.19,11.482,10.632,19.342,18,16,3,3210871.5,70,71,66,66,101,100,99,97,20.375,20.325,22.446,22.355,1698.848,93197,0,0,200,9216,16,4,0,0,0,26,21,14,20,20,12,FALSE,0,FALSE
318.38818,14.559,14.208,11.486,10.635,19.328,18,16,3,3204025.5,70,71,67,68,101,100,99,97,20.374,20.325,22.444,22.354,1728.088,93197,0,0,233,9216,16,4,0,0,0,26,21,14,20,20,12,FALSE,0,FALSE
318.88663,14.573,14.225,11.49,10.638,19.315,18,16,3,3201847.8,69,70,67,68,101,100,99,97,20.374,20.325,22.441,22.353,1758.385,93197,0,0,233,9250,16,4,0,0,0,26,21,14,20,20,12,FALSE,0,FALSE
319.3837,14.589,14.245,11.501,10.648,19.302,18,16,3,3193794.8,70,71,69,70,101,100,98,97,20.372,20.325,22.439,22.351,1789.371,93197,0,0,267,9250,16,4,0,0,0,26,21,14,20,20,12,FALSE,0,FALSE
319.8892,14.62,14.286,11.528,10.675,19.288,18,16,3,3184866.8,71,76,72,71,101,100,98,97,20.371,20.326,22.436,22.35,1825.037,93197,29983,0,300,9250,16,4,0,0,0,26,21,14,20,20,12,FALSE,0,FALSE
320.39,14.651,14.314,11.569,10.708,19.284,18,16,3,3207475.8,73,71,78,74,101,100,98,97,20.37,20.326,22.437,22.35,1858.02,93197,29983,0,300,9250,16,4,0,0,0,26,21,14,20,20,12,FALSE,0,FALSE
320.88602,14.722,14.369,11.673,10.792,19.284,18,16,3,3229401.8,84,77,93,84,101,100,99,97,20.375,20.329,22.444,22.355,1885.209,93197,29983,0,300,9250,16,4,0,0,0,26,21,14,20,20,12,FALSE,0,FALSE
321.39072,14.776,14.402,11.748,10.851,19.283,18,16,3,3237876.8,83,74,91,82,101,100,99,97,20.381,20.331,22.452,22.361,1913.408,93197,29983,0,300,9250,16,4,0,0,0,26,21,14,20,20,12,FALSE,0,FALSE
321.88913,14.817,14.435,11.832,10.9,19.278,18,16,3,3244619.8,77,74,92,81,101,100,99,97,20.386,20.333,22.461,22.365,1940.951,93197,29983,0,334,9250,16,4,0,0,0,26,21,14,20,20,12,FALSE,0,FALSE
322.3869,14.866,14.472,11.881,10.94,19.269,18,16,3,3249981.2,80,74,83,76,101,100,99,97,20.389,20.334,22.468,22.368,1965.801,93197,29983,0,334,9333,16,4,0,0,0,26,21,14,20,20,12,FALSE,0,FALSE
322.8858,14.894,14.499,11.895,10.956,19.256,18,16,3,3246834.5,73,72,72,72,101,100,99,97,20.392,20.335,22.469,22.368,1992.031,93197,29983,0,350,9333,16,4,0,0,0,26,21,14,20,20,12,FALSE,0,FALSE
323.3858,14.947,14.561,11.957,11.038,19.245,18,16,3,3251607.8,79,82,80,88,101,100,99,97,20.393,20.337,22.469,22.371,2020.859,93197,29983,0,350,9400,16,4,0,0,0,26,21,14,20,20,12,FALSE,0,FALSE
323.88632,15.005,14.629,12.018,11.116,19.233,18,16,3,3255783.2,78,82,79,87,101,100,99,97,20.395,20.342,22.47,22.376,2050.719,93197,29983,0,400,9400,16,4,0,0,0,26,21,14,20,20,12,FALSE,0,FALSE
324.38538,15.066,14.701,12.069,11.176,19.219,18,16,3,3249579.2,78,82,76,82,101,100,99,98,20.397,20.346,22.47,22.38,2079.875,93197,29983,0,467,9450,16,4,0,0,0,26,21,14,20,20,12,FALSE,0,FALSE
324.8901,15.111,14.754,12.106,11.218,19.207,18,16,3,3247061.5,74,78,73,77,101,100,99,98,20.397,20.349,22.469,22.381,2110.592,93197,29983,0,467,9450,16,4,0,0,0,26,21,14,20,20,12,FALSE,0,FALSE
325.3881,15.137,14.788,12.123,11.234,19.193,18,16,3,3238547.2,71,74,70,71,101,100,99,97,20.395,20.349,22.465,22.379,2142.807,93197,29983,0,500,9483,16,4,0,0,0,26,21,14,20,20,12,FALSE,0,FALSE
325.88638,15.151,14.803,12.133,11.243,19.18,18,16,3,3238170.2,71,72,72,71,101,100,99,97,20.392,20.347,22.461,22.375,2176.125,93197,29983,0,500,9483,16,4,0,0,0,26,21,14,20,20,12,FALSE,0,FALSE
326.38568,15.179,14.832,12.163,11.277,19.179,18,16,3,3266919.2,72,71,74,73,101,100,99,97,20.392,20.348,22.463,22.377,2204.197,93197,29983,0,516,9516,16,4,0,0,0,26,21,14,20,20,12,FALSE,0,FALSE
326.88623,15.195,14.846,12.171,11.286,19.178,18,16,3,3290456,70,69,71,70,101,100,99,98,20.393,20.349,22.467,22.381,2225.82,93197,29983,0,516,9617,16,4,0,0,0,26,21,14,20,20,12,FALSE,0,FALSE
327.38663,15.204,14.852,12.179,11.295,19.178,18,16,3,3310231.8,69,67,71,70,101,100,99,98,20.394,20.35,22.47,22.385,2243.131,93197,29983,0,516,9617,16,4,0,0,0,26,21,14,20,20,12,FALSE,0,FALSE
327.88446,15.219,14.863,12.201,11.314,19.178,18,16,3,3325648.5,72,68,76,73,101,100,99,98,20.396,20.35,22.474,22.389,2256.172,93197,29983,0,516,9617,16,4,0,0,0,26,21,14,20,20,12,FALSE,0,FALSE
328.38818,15.236,14.876,12.24,11.34,19.178,18,16,3,3333937.5,73,69,85,76,101,100,99,98,20.399,20.351,22.482,22.394,2267.549,93197,29983,0,417,9617,16,4,0,0,0,26,21,14,20,20,12,FALSE,0,FALSE
328.88718,15.251,14.888,12.289,11.37,19.178,18,16,3,3339396.8,74,70,94,80,101,100,99,98,20.402,20.353,22.492,22.4,2281.943,93197,29983,0,417,9617,16,4,0,0,0,26,21,14,20,20,12,FALSE,0,FALSE
329.38776,15.27,14.904,12.315,11.391,19.174,18,16,3,3344999,77,72,90,79,101,101,100,98,20.405,20.354,22.504,22.407,2297.264,93197,29983,0,417,9617,16,4,0,0,0,26,21,14,20,20,12,FALSE,0,FALSE
329.8889,15.3,14.929,12.326,11.399,19.169,18,16,3,3351227.5,81,75,82,74,102,101,100,98,20.411,20.358,22.512,22.412,2310.574,93197,29983,0,417,9716,16,4,0,0,0,26,21,14,20,20,12,FALSE,0,FALSE
330.38312,15.315,14.945,12.334,11.406,19.161,18,16,3,3357415,78,75,77,71,102,101,100,98,20.415,20.361,22.518,22.415,2323.75,93197,29983,0,283,9716,16,4,0,0,0,26,21,14,20,20,12,FALSE,0,FALSE
330.88776,15.337,14.97,12.338,11.41,19.151,18,16,3,3364018.5,77,76,72,68,102,101,100,98,20.42,20.364,22.52,22.417,2339.818,93197,29983,0,283,9716,16,4,0,0,0,26,21,14,20,20,12,FALSE,0,FALSE
331.38785,15.374,15.011,12.339,11.411,19.139,18,16,3,3367841,80,81,68,66,102,101,100,98,20.424,20.368,22.521,22.417,2358.197,93197,29983,0,283,9716,16,4,0,0,0,26,21,14,20,20,12,FALSE,0,FALSE
331.8908,15.399,15.038,12.339,11.412,19.127,18,16,3,3370290.8,75,75,66,66,102,101,100,98,20.428,20.373,22.52,22.416,2379.428,93197,29983,0,200,9700,16,4,0,0,0,26,21,14,20,20,12,FALSE,0,FALSE
332.38715,15.418,15.06,12.34,11.413,19.113,18,16,3,3365630,73,72,66,66,102,101,100,98,20.429,20.375,22.518,22.414,2403.344,93197,29983,0,200,9700,16,4,0,0,0,26,21,14,20,20,12,FALSE,0,FALSE
332.88745,15.435,15.079,12.34,11.413,19.101,18,16,3,3346983.5,72,71,66,66,102,101,100,98,20.429,20.375,22.515,22.413,2429.582,93197,29983,0,200,9616,16,4,0,0,0,26,21,14,20,20,12,FALSE,0,FALSE
333.3821,15.453,15.098,12.341,11.414,19.087,18,16,3,3302704.8,71,71,66,67,102,101,100,98,20.428,20.374,22.512,22.41,2457.205,93197,29983,0,83,9616,16,4,0,0,0,26,21,14,20,20,12,FALSE,0,FALSE
333.8894,15.466,15.111,12.341,11.414,19.074,18,16,3,3297112.5,69,69,67,66,102,101,100,98,20.426,20.373,22.508,22.407,2488.801,93197,29983,0,50,9600,16,4,0,0,0,26,21,14,20,20,12,FALSE,0,FALSE
334.3887,15.477,15.123,12.341,11.414,19.061,18,16,3,3288630.5,69,68,66,66,102,101,100,98,20.424,20.37,22.504,22.404,2521.021,93197,29983,0,50,9600,16,4,0,0,0,26,21,14,20,20,12,FALSE,0,FALSE
334.88547,15.489,15.137,12.345,11.417,19.047,18,16,3,3279990.5,69,70,67,68,102,101,99,98,20.421,20.368,22.499,22.4,2554.828,93197,29983,0,50,9550,16,4,0,0,0,26,21,14,20,20,12,FALSE,0,FALSE
335.3877,15.503,15.156,12.357,11.427,19.034,18,16,3,3278409.2,69,71,69,70,102,101,99,98,20.417,20.366,22.495,22.396,2589.82,93197,29983,0,50,9550,16,4,0,0,0,26,21,14,20,20,12,FALSE,0,FALSE
335.8865,15.528,15.191,12.392,11.462,19.032,18,16,3,3307433.2,70,73,73,75,102,101,99,98,20.415,20.366,22.494,22.397,2621.545,93197,29983,0,33,9550,16,4,0,0,0,26,21,14,20,20,12,FALSE,0,FALSE
336.38562,15.561,15.236,12.446,11.524,19.025,18,16,3,3317658,73,78,78,83,102,101,99,98,20.415,20.368,22.496,22.4,2651.527,93197,29983,0,50,9550,16,4,0,0,0,26,21,14,20,20,12,FALSE,0,FALSE
336.88623,15.596,15.281,12.51,11.597,19.02,18,16,3,3342710.8,73,77,82,86,102,101,99,98,20.416,20.372,22.499,22.407,2679.49,93197,29983,0,50,9550,16,4,0,0,0,26,21,14,20,20,12,FALSE,0,FALSE
337.38736,15.606,15.295,12.526,11.611,19.015,18,16,3,3363415.5,70,72,75,77,102,101,100,98,20.416,20.374,22.503,22.413,2700.926,93197,29983,0,50,9683,16,4,0,0,0,26,21,14,20,20,12,FALSE,0,FALSE
337.88583,15.62,15.313,12.543,11.628,19.013,18,16,3,3382412.2,70,73,74,76,102,101,100,98,20.417,20.377,22.507,22.418,2717.857,93197,29983,0,150,9717,15,4,0,0,0,26,21,14,20,20,12,FALSE,0,FALSE
338.3875,15.629,15.325,12.557,11.643,19.013,18,16,3,3397990,68,72,74,77,102,101,100,98,20.418,20.38,22.511,22.424,2730.578,93197,29983,0,150,9717,15,4,0,0,0,26,21,14,20,20,12,FALSE,0,FALSE
338.88776,15.642,15.337,12.573,11.672,19.013,18,16,3,3407240.2,70,72,74,82,102,101,100,98,20.419,20.382,22.514,22.43,2741.498,93197,29983,0,534,9717,15,4,0,0,0,26,21,14,20,20,12,FALSE,0,FALSE
339.38254,15.66,15.356,12.597,11.709,19.011,18,16,3,3412266.8,74,76,78,89,102,101,100,98,20.421,20.385,22.518,22.439,2763.688,93197,29983,0,534,9717,15,4,0,0,0,26,21,14,20,20,12,FALSE,0,FALSE
339.88434,15.674,15.375,12.61,11.725,19.008,18,16,3,3417617.8,73,77,76,84,102,101,100,99,20.424,20.39,22.522,22.448,2773.158,93197,29983,0,534,9684,15,4,0,0,0,26,21,14,20,20,12,FALSE,0,FALSE
340.38803,15.686,15.387,12.614,11.729,19.002,18,16,3,3423013.5,72,74,71,77,102,101,100,99,20.426,20.394,22.525,22.455,2784.816,93197,29983,0,534,9684,15,4,0,0,0,26,21,14,20,20,12,FALSE,0,FALSE
340.88788,15.706,15.411,12.616,11.732,18.993,18,16,3,3429402.2,75,76,68,73,102,101,100,99,20.428,20.396,22.526,22.458,2798.822,93197,29983,0,534,9684,15,4,0,0,0,26,21,14,20,20,12,FALSE,0,FALSE
341.38724,15.733,15.44,12.617,11.733,18.984,18,16,3,3437115.8,76,78,66,69,102,101,100,99,20.431,20.4,22.525,22.459,2814.844,93197,29983,0,367,9684,15,4,0,0,0,26,21,14,20,20,12,FALSE,0,FALSE
341.88742,15.757,15.461,12.617,11.733,18.973,18,16,3,3446701.5,75,76,66,66,102,101,100,99,20.434,20.403,22.523,22.459,2833.355,93197,29983,0,367,9767,15,4,0,0,0,26,21,14,20,20,12,FALSE,0,FALSE
342.3864,15.782,15.486,12.617,11.733,18.961,18,16,3,3443517.2,74,74,65,65,102,101,100,99,20.436,20.405,22.521,22.457,2854.531,93197,29983,0,400,9767,15,4,0,0,0,26,21,14,20,20,12,FALSE,0,FALSE
342.887,15.807,15.51,12.617,11.733,18.947,18,16,3,3438780.8,72,72,65,66,102,101,100,99,20.437,20.407,22.518,22.455,2878.527,93197,29983,0,400,9800,15,4,0,0,0,26,21,14,20,20,12,FALSE,0,FALSE
343.38647,15.824,15.528,12.617,11.733,18.934,18,16,3,3438363.2,70,70,66,66,102,101,100,99,20.436,20.406,22.515,22.452,2905.109,93197,29983,0,400,9800,15,4,0,0,0,26,21,14,20,20,12,FALSE,0,FALSE
343.88916,15.839,15.542,12.617,11.733,18.92,18,16,3,3431350.2,69,69,66,66,102,101,100,99,20.435,20.405,22.511,22.449,2934.008,93197,29983,0,400,9800,15,4,0,0,0,26,21,14,20,20,12,FALSE,0,FALSE
344.38568,15.851,15.555,12.617,11.733,18.908,18,16,3,3428786.5,68,68,67,67,102,101,100,99,20.432,20.403,22.508,22.446,2964.953,93197,29983,0,400,9800,15,4,0,0,0,26,21,14,20,20,12,FALSE,0,FALSE
344.88394,15.863,15.566,12.617,11.733,18.894,18,16,3,3420484.8,68,68,67,67,102,101,100,99,20.429,20.4,22.503,22.442,2996.611,93197,29983,0,400,9800,15,4,0,0,0,26,21,14,20,20,12,FALSE,0,FALSE
345.38797,15.874,15.577,12.617,11.733,18.88,18,16,3,3411556.8,68,68,67,67,102,101,99,98,20.426,20.397,22.499,22.438,3032.205,93197,29983,0,433,9800,15,4,0,0,0,26,21,14,20,20,12,FALSE,0,FALSE
345.88855,15.884,15.587,12.617,11.733,18.867,18,16,3,3408305.8,68,68,68,67,102,101,99,98,20.422,20.393,22.493,22.433,3068.033,93197,29983,0,450,9800,15,4,0,0,0,26,21,14,20,20,12,FALSE,0,FALSE
346.38766,15.894,15.597,12.617,11.733,18.853,18,16,3,3399665.8,68,68,68,67,102,101,99,98,20.417,20.389,22.488,22.428,3105.146,93197,29983,0,466,9800,15,4,0,0,0,26,21,14,20,20,12,FALSE,0,FALSE
346.88525,15.903,15.607,12.617,11.733,18.84,18,16,3,3391025.8,68,68,68,68,102,101,99,98,20.413,20.384,22.482,22.422,3143.473,93197,29983,0,466,9783,15,4,0,0,0,26,21,14,20,20,12,FALSE,0,FALSE
347.38705,15.913,15.616,12.617,11.733,18.826,18,16,3,3382385.8,68,68,68,68,101,101,99,98,20.407,20.38,22.475,22.416,3182.891,93197,29983,0,467,9783,15,4,0,0,0,26,21,14,20,20,12,FALSE,0,FALSE
347.8838,15.921,15.624,12.617,11.733,18.813,18,16,3,3374033.8,68,68,68,68,101,101,99,98,20.402,20.375,22.469,22.41,3221.928,93197,29983,0,466,9767,15,4,0,0,0,26,21,14,20,20,12,FALSE,0,FALSE
348.3879,15.93,15.633,12.617,11.733,18.799,18,16,3,3370600,68,68,68,68,101,101,99,98,20.396,20.369,22.461,22.403,3264.434,93197,29983,0,467,9717,15,4,0,0,0,26,21,14,20,20,12,FALSE,0,FALSE
348.88928,15.938,15.641,12.617,11.733,18.785,18,16,3,3361960,68,68,68,68,101,101,99,98,20.39,20.363,22.454,22.396,3306.312,93197,29983,0,467,9717,15,4,0,0,0,26,21,14,20,20,12,FALSE,0,FALSE
349.38135,15.947,15.649,12.617,11.734,18.772,18,16,3,3353608,69,68,69,68,101,101,99,98,20.384,20.357,22.446,22.388,3347.463,93197,29983,0,467,9683,15,4,0,0,0,26,21,14,20,20,12,FALSE,0,FALSE
349.8849,15.979,15.68,12.659,11.775,18.767,18,16,3,3385118.8,72,71,75,75,101,100,99,98,20.381,20.354,22.445,22.387,3386.32,93197,29983,0,466,9650,15,4,0,0,0,26,21,14,20,20,12,FALSE,0,FALSE
350.38788,16.007,15.711,12.695,11.81,18.767,18,16,3,3416144.5,70,73,74,75,101,101,99,98,20.383,20.356,22.45,22.393,3417.262,93197,29983,0,466,9650,15,4,0,0,0,26,21,14,20,20,12,FALSE,0,FALSE
350.8871,16.041,15.756,12.752,11.88,18.767,18,16,3,3440695.8,73,79,81,87,101,101,99,98,20.384,20.36,22.457,22.401,3441.477,93197,29983,0,483,9667,15,4,0,0,0,26,21,14,20,20,12,FALSE,0,FALSE
351.38202,16.076,15.801,12.826,11.981,18.765,18,16,3,3458140.2,75,81,88,100,101,101,99,98,20.388,20.367,22.466,22.415,3462.988,93197,29983,0,483,9667,15,4,0,0,0,26,21,14,20,20,12,FALSE,0,FALSE
351.88663,16.11,15.845,12.886,12.057,18.758,18,16,3,3465173.8,77,83,87,97,101,101,99,98,20.392,20.374,22.477,22.431,3488.389,93197,29983,0,483,9667,15,4,0,0,0,26,21,14,20,20,12,FALSE,0,FALSE
352.38605,16.153,15.897,12.925,12.106,18.749,18,16,3,3471725.2,79,85,81,89,101,101,99,99,20.397,20.382,22.485,22.443,3510.34,93197,29983,0,483,9683,15,4,0,0,0,26,21,14,20,20,12,FALSE,0,FALSE
352.8897,16.184,15.935,12.951,12.137,18.738,18,16,3,3477985.5,76,80,76,81,101,101,99,99,20.401,20.389,22.49,22.45,3532.455,93197,29983,0,483,9683,15,4,0,0,0,26,21,14,20,20,12,FALSE,0,FALSE
353.38925,16.225,15.985,12.985,12.174,18.727,18,16,3,3484204.2,77,82,76,80,101,101,99,99,20.404,20.394,22.493,22.456,3555.803,93197,29983,0,483,9683,15,4,0,0,0,26,21,14,20,20,12,FALSE,0,FALSE
353.8891,16.267,16.035,13.021,12.213,18.714,18,16,3,3488180.8,77,82,76,80,101,101,99,99,20.407,20.4,22.496,22.461,3580.475,93197,29983,0,483,9717,15,4,0,0,0,26,21,14,20,20,12,FALSE,0,FALSE
354.38547,16.32,16.095,13.057,12.252,18.701,18,16,3,3488593,78,83,76,79,102,101,99,99,20.41,20.406,22.498,22.464,3606.918,93197,29983,0,500,9717,15,4,0,0,0,26,21,14,20,20,12,FALSE,0,FALSE
355.38953,16.392,16.182,13.109,12.304,18.674,18,16,3,3474043,71,75,71,72,102,102,99,99,20.413,20.413,22.499,22.468,3666.229,93197,29983,0,500,9750,15,4,0,0,0,26,21,14,20,20,12,FALSE,0,FALSE
355.88516,16.409,16.202,13.116,12.309,18.661,18,16,3,3471208.5,69,72,69,68,102,102,99,99,20.411,20.413,22.497,22.466,3699.088,93197,29983,0,500,9750,15,4,0,0,0,26,21,14,20,20,12,FALSE,0,FALSE
356.3867,16.422,16.215,13.118,12.311,18.647,18,16,3,3462568.5,70,70,69,67,101,102,99,99,20.408,20.411,22.494,22.462,3732.68,93197,29983,0,483,9750,15,4,0,0,0,26,21,14,20,20,12,FALSE,0,FALSE
356.885,16.481,16.264,13.192,12.379,18.633,18,16,3,3453928.5,82,78,86,81,101,102,99,99,20.407,20.409,22.493,22.46,3766.688,93197,29983,0,484,9750,15,4,0,0,0,26,21,14,20,20,12,FALSE,0,FALSE
357.38876,16.587,16.353,13.32,12.489,18.619,18,16,3,3445288.5,86,81,91,85,102,102,99,99,20.412,20.411,22.497,22.462,3801.492,93197,29983,0,484,9750,15,4,0,0,0,26,21,14,20,20,12,FALSE,0,FALSE
357.88498,16.683,16.433,13.438,12.596,18.606,18,16,3,3436648.5,85,80,90,85,102,102,100,99,20.416,20.413,22.501,22.464,3837.439,93197,29983,0,483,9750,15,4,0,0,0,26,21,14,20,20,12,FALSE,0,FALSE
358.3862,16.778,16.513,13.56,12.703,18.593,18,16,3,3433446,84,79,90,84,102,102,100,99,20.419,20.414,22.505,22.465,3874.07,93197,29983,0,517,9767,15,4,0,0,0,26,21,14,20,20,12,FALSE,0,FALSE
358.88995,16.864,16.584,13.655,12.789,18.579,18,16,3,3424806,82,77,85,80,102,102,100,99,20.421,20.414,22.507,22.465,3910.781,93197,29983,0,517,9767,15,4,0,0,0,26,21,14,20,20,12,FALSE,0,FALSE
359.38574,16.936,16.643,13.731,12.86,18.566,18,16,3,3416166,82,77,83,79,102,102,100,99,20.422,20.412,22.506,22.463,3947.117,93197,29983,0,517,9767,15,4,0,0,0,26,21,14,20,20,12,FALSE,0,FALSE
359.88443,16.996,16.69,13.784,12.911,18.552,18,16,3,3407814,77,73,77,73,102,102,100,99,20.422,20.41,22.504,22.46,3982.068,93197,29983,0,517,9783,15,4,0,0,0,26,21,14,20,20,12,FALSE,0,FALSE
360.3867,17.011,16.703,13.787,12.915,18.538,18,16,3,3400464.8,70,70,69,68,102,101,99,99,20.417,20.405,22.498,22.453,4020.791,93197,29983,40597,517,9766,15,4,0,0,0,26,21,14,20,20,12,FALSE,0,FALSE
360.88666,17.031,16.72,13.808,12.936,18.534,18,16,3,3429422,71,70,73,72,102,101,99,99,20.414,20.401,22.495,22.45,4055.312,93197,29983,40597,500,9766,15,4,0,0,0,26,21,14,20,20,12,FALSE,0,FALSE
361.38855,17.091,16.77,13.89,13.009,18.533,18,16,3,3458047.5,81,76,89,84,102,101,99,99,20.416,20.402,22.499,22.454,4082.477,93197,29983,40597,500,9783,15,4,0,0,0,26,21,14,20,20,12,FALSE,0,FALSE
361.88406,17.157,16.819,14.007,13.104,18.533,18,16,3,3482092.2,85,78,103,92,102,101,100,99,20.423,20.405,22.512,22.463,4104.141,93197,29983,40597,500,9783,15,4,0,0,0,26,21,14,20,20,12,FALSE,0,FALSE
362.38742,17.19,16.844,14.106,13.179,18.532,18,16,3,3501060.2,79,74,105,92,102,101,100,99,20.429,20.409,22.528,22.475,4124.039,93197,29983,40597,500,9734,15,4,0,0,0,26,21,14,20,20,12,FALSE,0,FALSE
362.88834,17.223,16.87,14.181,13.232,18.526,18,16,3,3507672.2,80,75,102,88,102,102,100,99,20.434,20.411,22.542,22.484,4143.346,93197,29983,40597,450,9734,15,4,0,0,0,26,21,14,20,20,12,FALSE,0,FALSE
363.387,17.258,16.899,14.235,13.271,18.519,18,16,3,3514264.5,80,76,95,83,102,102,100,99,20.439,20.413,22.555,22.492,4164.418,93197,29983,40597,450,9734,15,4,0,0,0,26,21,14,20,20,12,FALSE,0,FALSE
363.88666,17.295,16.93,14.265,13.295,18.511,18,16,3,3520685.5,80,75,84,76,102,102,101,99,20.443,20.416,22.563,22.496,4184.088,93197,29983,40597,450,9850,15,4,0,0,0,26,21,14,20,20,12,FALSE,0,FALSE
364.38483,17.33,16.963,14.278,13.307,18.498,18,16,3,3518820.2,79,77,76,71,102,102,101,99,20.447,20.418,22.566,22.497,4204.602,93197,29983,40597,550,9850,15,4,0,0,0,26,21,14,20,20,12,FALSE,0,FALSE
364.88345,17.365,16.999,14.286,13.315,18.485,18,16,3,3501900,77,76,71,68,102,102,101,99,20.45,20.42,22.566,22.496,4228.664,93197,29983,40597,550,9850,15,4,0,0,0,26,21,14,20,20,12,FALSE,0,FALSE
365.3854,17.387,17.021,14.286,13.315,18.471,18,16,3,3465188,72,72,67,67,102,102,101,99,20.45,20.421,22.564,22.494,4256.662,93197,29983,40597,567,9900,15,4,0,0,0,26,21,14,20,20,12,FALSE,0,FALSE
365.88602,17.403,17.039,14.286,13.315,18.459,18,16,3,3421851.5,71,71,67,67,102,102,101,99,20.449,20.42,22.561,22.491,4286.303,93197,29983,40597,567,9900,15,4,0,0,0,26,21,14,20,20,12,FALSE,0,FALSE
366.3851,17.419,17.054,14.286,13.316,18.445,18,16,3,3366817.5,71,70,68,67,102,102,100,99,20.447,20.418,22.557,22.487,4317.992,93197,29983,40597,533,9900,15,4,0,0,0,26,21,14,20,20,12,FALSE,0,FALSE
366.88623,17.431,17.066,14.286,13.316,18.431,18,16,3,3343485,70,70,68,67,102,102,100,99,20.444,20.415,22.553,22.483,4351.625,93197,29983,40597,534,9883,15,4,0,0,0,26,21,14,20,20,12,FALSE,0,FALSE
367.38544,17.441,17.076,14.286,13.316,18.418,18,16,3,3340232.5,69,69,67,67,102,102,100,99,20.441,20.412,22.548,22.479,4386.678,93197,29983,40597,534,9883,15,4,0,0,0,26,21,14,20,20,12,FALSE,0,FALSE
367.88922,17.45,17.086,14.286,13.316,18.405,18,16,3,3331592.5,69,69,68,67,102,101,100,99,20.437,20.408,22.542,22.474,4422.818,93197,29983,40597,500,9850,15,4,0,0,0,26,21,14,20,20,12,FALSE,0,FALSE
368.38605,17.46,17.096,14.286,13.316,18.391,18,16,3,3322952.5,69,69,68,67,102,101,100,99,20.432,20.404,22.536,22.468,4460.07,93197,29983,40597,500,9850,15,4,0,0,0,26,21,14,20,20,12,FALSE,0,FALSE
368.88467,17.469,17.105,14.286,13.316,18.377,18,16,3,3314600.5,69,69,68,68,102,101,100,99,20.428,20.399,22.53,22.462,4497.07,93197,29983,40597,500,9850,15,4,0,0,0,26,21,14,20,20,12,FALSE,0,FALSE
369.38675,17.478,17.114,14.286,13.316,18.363,18,16,3,3305672.5,69,69,68,68,102,101,100,99,20.423,20.394,22.523,22.455,4537.594,93197,29983,40597,484,9850,15,4,0,0,0,26,21,14,20,20,12,FALSE,0,FALSE
369.40158,17.479,17.114,14.286,13.316,18.363,18,16,3,3305384.5,69,69,68,68,102,101,100,99,20.422,20.394,22.523,22.455,4538.916,93197,29983,40597,484,9850,15,4,0,0,0,26,21,14,20,20,12,FALSE,0,FALSE
369.90433,17.488,17.123,14.286,13.316,18.349,18,16,3,3296744.5,70,69,68,68,102,101,100,99,20.417,20.389,22.515,22.448,4579.014,93197,29983,40597,467,9800,15,4,0,0,0,26,21,14,20,20,12,FALSE,0,FALSE
370.40564,17.496,17.131,14.286,13.316,18.336,18,16,3,3293512.8,70,70,69,69,102,101,100,99,20.412,20.384,22.508,22.441,4619.725,93197,29983,40597,450,9784,15,4,0,0,0,26,21,14,20,20,12,FALSE,0,FALSE
370.90765,17.504,17.14,14.287,13.316,18.322,18,16,3,3284872.8,70,70,69,69,101,101,100,98,20.406,20.378,22.5,22.434,4661.07,93197,29983,40597,450,9784,15,4,0,0,0,26,21,14,20,20,12,FALSE,0,FALSE
371.40363,17.512,17.149,14.287,13.316,18.309,18,16,3,3276232.8,71,71,69,69,101,101,99,98,20.4,20.373,22.492,22.426,4702.992,93197,29983,40597,433,9783,15,4,0,0,0,26,21,14,20,20,12,FALSE,0,FALSE
371.8973,17.52,17.158,14.287,13.316,18.295,18,16,3,3267880.8,71,71,69,69,101,101,99,98,20.394,20.367,22.484,22.418,4743.994,93197,29983,40597,417,9750,15,4,0,0,0,26,21,14,20,20,12,FALSE,0,FALSE
372.40274,17.529,17.167,14.287,13.316,18.281,18,16,3,3258952.8,70,70,69,69,101,101,99,98,20.387,20.36,22.475,22.409,4788.279,93197,29983,40597,417,9750,15,4,0,0,0,26,21,14,20,20,12,FALSE,0,FALSE
372.90277,17.548,17.186,14.309,13.336,18.27,18,16,3,3267438.5,72,71,74,73,101,101,99,98,20.381,20.355,22.468,22.402,4830.699,93197,29983,40597,417,9734,15,4,0,0,0,26,21,14,20,20,12,FALSE,0,FALSE
373.4044,17.582,17.222,14.355,13.379,18.269,18,16,3,3300631.2,72,72,76,75,101,100,99,98,20.381,20.354,22.471,22.406,4865.359,93197,29983,40597,383,9700,15,4,0,0,0,26,21,14,20,20,12,FALSE,0,FALSE
373.90317,17.609,17.249,14.382,13.406,18.268,18,16,3,3327857.8,72,71,74,73,101,101,99,98,20.382,20.356,22.476,22.411,4891.922,93197,29983,40597,383,9700,15,4,0,0,0,26,21,14,20,20,12,FALSE,0,FALSE
374.4053,17.654,17.287,14.434,13.449,18.268,18,16,3,3349994.5,80,76,85,79,101,101,99,98,20.386,20.359,22.484,22.418,4912.773,93197,29983,40597,366,9716,15,4,0,0,0,26,21,14,20,20,12,FALSE,0,FALSE
374.90356,17.727,17.342,14.52,13.514,18.268,18,16,3,3362511,92,83,99,88,101,101,99,98,20.397,20.366,22.497,22.428,4928.496,93197,29983,40597,366,9716,15,4,0,0,0,26,21,14,20,20,12,FALSE,0,FALSE
375.40375,17.775,17.387,14.593,13.554,18.263,18,16,3,3368786.5,88,84,103,85,102,101,100,98,20.409,20.375,22.513,22.439,4950.258,93197,29983,40597,366,9700,15,4,0,0,0,26,21,14,20,20,12,FALSE,0,FALSE
375.9068,17.791,17.401,14.607,13.566,18.256,18,16,3,3374089.8,79,76,86,76,102,101,100,99,20.416,20.381,22.526,22.446,4967.365,93197,29983,40597,334,9700,15,4,0,0,0,26,21,14,20,20,12,FALSE,0,FALSE
376.40448,17.81,17.417,14.62,13.577,18.248,18,16,3,3379848.5,75,72,78,71,102,101,100,99,20.421,20.384,22.533,22.45,4984.928,93197,29983,40597,334,9700,15,4,0,0,0,26,21,14,20,20,12,FALSE,0,FALSE
376.90237,17.832,17.438,14.631,13.588,18.237,18,16,3,3383802.8,75,72,74,69,102,101,100,99,20.423,20.386,22.537,22.452,5004.568,93197,29983,40597,334,9783,15,4,0,0,0,26,21,14,20,20,12,FALSE,0,FALSE
377.40363,17.862,17.466,14.643,13.599,18.225,18,16,3,3383842,77,75,72,69,102,101,100,99,20.426,20.388,22.539,22.454,5025.842,93197,29983,40597,400,9783,15,4,0,0,0,26,21,14,20,20,12,FALSE,0,FALSE
377.90515,17.898,17.501,14.651,13.607,18.211,18,16,3,3373484,76,74,70,67,102,101,100,99,20.43,20.391,22.54,22.454,5049.523,93197,29983,40597,400,9816,15,4,0,0,0,26,21,14,20,20,12,FALSE,0,FALSE
378.40372,17.924,17.525,14.654,13.611,18.198,18,16,3,3337455.8,73,72,68,67,102,101,100,99,20.431,20.392,22.54,22.453,5076.465,93197,29983,40597,416,9816,15,4,0,0,0,26,21,14,20,20,12,FALSE,0,FALSE
378.90207,17.944,17.544,14.655,13.612,18.185,18,16,3,3293608,71,70,67,67,102,101,100,99,20.431,20.392,22.538,22.451,5106.299,93197,29983,40597,416,9816,15,4,0,0,0,26,21,14,20,20,12,FALSE,0,FALSE
379.40295,17.96,17.56,14.655,13.612,18.172,18,16,3,3237997,71,70,67,68,102,101,100,99,20.431,20.391,22.535,22.449,5138.184,93197,29983,40597,450,9850,15,4,0,0,0,26,21,14,20,20,12,FALSE,0,FALSE
379.89618,17.973,17.574,14.655,13.612,18.158,18,16,3,3182302.5,71,70,68,68,102,101,100,99,20.429,20.389,22.532,22.447,5170.936,93197,29983,40597,450,9833,15,4,0,0,0,26,21,14,20,20,12,FALSE,0,FALSE
380.40067,17.985,17.586,14.655,13.612,18.146,18,16,3,3156256.5,70,69,68,68,102,101,100,99,20.427,20.387,22.528,22.444,5206.463,93197,29983,40597,450,9816,15,4,0,0,0,26,21,14,20,20,12,FALSE,0,FALSE
380.90256,17.995,17.595,14.655,13.612,18.131,18,16,3,3147328.5,70,69,68,68,102,101,100,99,20.424,20.384,22.524,22.44,5244.402,93197,29983,40597,433,9816,15,4,0,0,0,26,21,14,20,20,12,FALSE,0,FALSE
381.4051,18.004,17.605,14.655,13.612,18.118,18,16,3,3138688.5,70,69,68,68,102,101,100,98,20.421,20.381,22.519,22.436,5282.201,93197,29983,40597,417,9784,15,4,0,0,0,26,21,14,20,20,12,FALSE,0,FALSE
381.8946,18.013,17.613,14.655,13.612,18.104,18,16,3,3130336.5,70,70,68,68,102,101,100,98,20.417,20.378,22.514,22.431,5319.652,93197,29983,40597,417,9784,15,4,0,0,0,26,21,14,20,20,12,FALSE,0,FALSE
382.40384,18.023,17.623,14.655,13.612,18.09,18,16,3,3121408.5,68,68,68,68,102,101,100,98,20.412,20.374,22.508,22.426,5360.658,93197,29983,40597,416,9766,15,4,0,0,0,26,21,14,20,20,12,FALSE,0,FALSE
382.9023,18.032,17.631,14.655,13.612,18.077,18,16,3,3118227.5,68,68,69,68,101,101,100,98,20.407,20.368,22.502,22.42,5401.209,93197,29983,40597,400,9766,15,4,0,0,0,26,21,14,20,20,12,FALSE,0,FALSE
383.3985,18.04,17.639,14.655,13.612,18.064,18,16,4,3109875.5,68,68,69,68,101,101,99,98,20.402,20.363,22.495,22.414,32.283,93386,0,0,383,9766,15,5,0,0,0,26,21,14,20,20,12,FALSE,0,FALSE
383.90366,18.049,17.648,14.655,13.612,18.05,18,16,4,3100947.5,68,68,68,68,101,101,99,98,20.395,20.357,22.488,22.407,75.783,93386,0,0,383,9766,15,5,0,0,0,26,21,14,20,20,12,FALSE,0,FALSE
384.40158,18.057,17.657,14.655,13.612,18.036,18,16,4,3092307.5,68,68,68,68,101,100,99,98,20.389,20.351,22.48,22.399,118.572,93386,0,0,366,9700,15,5,0,0,0,26,21,14,20,20,12,FALSE,0,FALSE
384.89938,18.065,17.665,14.655,13.612,18.022,18,16,4,3083955.5,69,69,69,68,101,100,99,98,20.383,20.345,22.472,22.392,160.57,93386,0,0,350,9700,15,5,0,0,0,26,21,14,20,20,12,FALSE,0,FALSE
385.40186,18.074,17.673,14.655,13.612,18.008,18,16,4,3075027.5,68,68,69,68,101,100,99,98,20.375,20.338,22.464,22.384,206.074,93386,0,0,350,9700,15,5,0,0,0,26,21,14,20,20,12,FALSE,0,FALSE
385.9022,18.082,17.682,14.655,13.612,17.994,18,16,4,3066387.5,68,67,68,68,101,100,99,97,20.368,20.331,22.455,22.376,250.648,93386,0,0,317,9700,15,5,0,0,0,26,21,14,20,20,12,FALSE,0,FALSE
386.40442,18.09,17.69,14.655,13.612,17.98,18,16,4,3057789.5,68,68,69,68,101,100,99,97,20.36,20.323,22.446,22.367,295.664,93386,0,0,317,9583,15,5,0,0,0,26,21,14,20,20,12,FALSE,0,FALSE
386.90347,18.098,17.698,14.655,13.612,17.967,18,16,4,3049449.2,69,69,69,69,100,100,98,97,20.352,20.316,22.437,22.358,341.102,93386,0,0,317,9583,15,5,0,0,0,26,21,14,20,20,12,FALSE,0,FALSE
387.40533,18.106,17.706,14.655,13.612,17.953,18,16,4,3041356.2,69,69,69,69,100,100,98,97,20.344,20.308,22.427,22.349,386.895,93386,0,0,300,9534,15,5,0,0,0,26,21,14,20,20,12,FALSE,0,FALSE
387.90283,18.114,17.714,14.655,13.612,17.939,18,16,4,3033468.8,69,68,69,69,100,99,98,97,20.336,20.3,22.417,22.34,432.984,93386,0,0,283,9534,15,5,0,0,0,26,21,14,20,20,12,FALSE,0,FALSE
388.4062,18.121,17.721,14.655,13.612,17.925,18,16,4,3025770.5,68,68,69,68,100,99,98,97,20.327,20.291,22.407,22.33,479.352,93386,0,0,266,9450,15,5,0,0,0,26,21,14,20,20,12,FALSE,0,FALSE
388.9033,18.129,17.729,14.655,13.612,17.912,18,16,4,3018251,68,69,69,69,100,99,98,97,20.318,20.282,22.397,22.321,525.975,93386,0,0,250,9450,15,5,0,0,0,26,21,14,20,20,12,FALSE,0,FALSE
389.40356,18.136,17.737,14.658,13.615,17.898,18,16,4,3014073,67,67,69,69,100,99,98,96,20.309,20.273,22.387,22.311,572.793,93386,0,0,250,9400,15,5,0,0,0,26,21,14,20,20,12,FALSE,0,FALSE
389.90323,18.17,17.769,14.698,13.656,17.895,18,16,4,3050799.2,70,71,73,71,100,99,98,96,20.306,20.271,22.387,22.311,614.182,93386,0,0,233,9400,15,5,0,0,0,26,21,14,20,20,12,FALSE,0,FALSE
390.404,18.188,17.786,14.709,13.668,17.894,18,16,4,3083189.2,68,68,69,69,100,99,98,96,20.305,20.271,22.39,22.315,647.873,93386,0,0,250,9383,15,5,0,0,0,26,21,14,20,20,12,FALSE,0,FALSE
390.90247,18.204,17.802,14.719,13.678,17.894,18,16,4,3110781,69,69,69,69,100,99,98,96,20.307,20.273,22.394,22.319,675.426,93386,0,0,250,9383,15,5,0,0,0,26,21,14,20,20,12,FALSE,0,FALSE
391.40384,18.22,17.817,14.731,13.688,17.893,18,16,4,3134272.2,69,69,70,70,100,99,98,97,20.309,20.275,22.399,22.324,697.004,93386,0,0,300,9484,15,5,0,0,0,26,21,14,20,20,12,FALSE,0,FALSE
391.8978,18.229,17.838,14.75,13.7,17.893,18,16,4,3152208.5,68,69,71,69,100,99,98,97,20.311,20.279,22.403,22.329,713.477,93386,0,0,300,9550,15,5,0,0,0,26,21,14,20,20,12,FALSE,0,FALSE
392.4033,18.24,17.847,14.797,13.728,17.893,18,16,4,3166131.8,68,69,84,75,100,99,98,97,20.314,20.282,22.411,22.333,727.338,93386,0,0,300,9550,14,5,0,0,0,26,21,14,20,20,12,FALSE,0,FALSE
392.90195,18.256,17.858,14.849,13.766,17.893,18,16,4,3178291.5,71,69,93,81,100,99,98,97,20.317,20.284,22.422,22.341,736.982,93386,0,0,967,9550,14,5,0,0,0,26,21,14,20,20,12,FALSE,0,FALSE
393.40247,18.268,17.867,14.891,13.798,17.892,18,16,4,3183885.8,72,68,96,84,100,99,98,97,20.32,20.287,22.437,22.351,745.203,93386,0,0,967,9550,15,5,0,0,0,26,21,14,20,20,12,FALSE,0,FALSE
393.90082,18.281,17.877,14.921,13.82,17.89,18,16,4,3188471.8,73,69,95,83,100,99,99,97,20.324,20.289,22.45,22.361,752.508,93386,0,0,200,9550,15,5,0,0,0,26,21,14,20,20,12,FALSE,0,FALSE
394.40063,18.296,17.89,14.938,13.831,17.887,18,16,4,3193437,74,70,89,78,100,99,99,97,20.329,20.292,22.463,22.369,760.48,93386,0,0,200,9550,15,5,0,0,0,26,21,14,20,20,12,FALSE,0,FALSE
394.90012,18.306,17.902,14.941,13.834,17.881,18,16,4,3197084.5,73,71,80,72,100,99,99,97,20.332,20.295,22.472,22.375,770.613,93386,0,0,200,10267,15,5,0,0,0,26,21,14,20,20,12,FALSE,0,FALSE
395.4042,18.329,17.932,14.943,13.836,17.872,18,16,4,3201007.8,76,76,72,68,100,99,99,97,20.337,20.299,22.477,22.378,784.387,93386,0,0,200,10267,15,5,0,0,0,26,21,14,20,20,12,FALSE,0,FALSE
395.90363,18.35,17.956,14.946,13.839,17.862,18,16,4,3206577,75,76,69,68,100,100,99,98,20.342,20.304,22.479,22.38,800.418,93386,0,0,734,10267,15,5,0,0,0,26,21,14,20,20,12,FALSE,0,FALSE
396.40198,18.376,17.983,14.955,13.851,17.852,18,16,4,3215963,75,76,68,71,100,100,99,98,20.346,20.309,22.479,22.382,819.074,93386,0,0,734,10267,15,5,0,0,0,26,21,14,20,20,12,FALSE,0,FALSE
396.90543,18.395,18.007,14.974,13.869,17.843,18,16,4,3221806.8,73,77,73,74,100,100,99,98,20.348,20.313,22.48,22.384,842.727,93386,0,0,734,10267,15,5,0,0,0,26,21,14,20,20,12,FALSE,0,FALSE
397.4046,18.428,18.048,15.005,13.907,17.837,18,16,4,3228848,74,80,75,79,100,100,99,98,20.352,20.318,22.482,22.389,867.664,93386,0,0,383,10166,15,5,0,0,0,26,21,14,20,20,12,FALSE,0,FALSE
397.90182,18.45,18.075,15.023,13.926,17.827,18,16,4,3235301.2,72,76,72,74,100,100,99,98,20.353,20.323,22.484,22.392,888.785,93386,0,0,383,10166,15,5,0,0,0,26,21,14,20,20,12,FALSE,0,FALSE
398.4018,18.481,18.108,15.033,13.936,17.814,18,16,4,3234284.5,75,76,69,71,101,100,99,98,20.355,20.326,22.483,22.393,912.584,93386,0,0,283,10100,15,5,0,0,0,26,21,14,20,20,12,FALSE,0,FALSE
398.9027,18.519,18.144,15.037,13.941,17.801,18,16,4,3234819.2,74,74,67,67,101,100,99,98,20.358,20.33,22.481,22.392,939.129,93386,0,0,283,10100,15,5,0,0,0,26,21,14,20,20,12,FALSE,0,FALSE
399.40222,18.554,18.178,15.051,13.953,17.787,18,16,4,3228474.8,74,74,71,67,101,100,99,98,20.359,20.331,22.479,22.39,969.164,93386,0,0,316,10100,15,5,0,0,0,26,21,14,20,20,12,FALSE,0,FALSE
399.90067,18.589,18.208,15.069,13.972,17.774,18,16,4,3221577.8,75,72,72,69,101,100,99,98,20.361,20.332,22.477,22.388,997.91,93386,0,0,316,10100,15,5,0,0,0,26,21,14,20,20,12,FALSE,0,FALSE
400.4034,18.617,18.23,15.08,13.984,17.761,18,16,4,3218813,72,69,69,68,101,100,99,98,20.361,20.331,22.475,22.386,1030.068,93386,0,0,334,10200,15,5,0,0,0,26,21,14,20,20,12,FALSE,0,FALSE
400.90164,18.63,18.242,15.081,13.985,17.747,18,16,4,3210208.5,69,68,67,67,101,100,99,98,20.36,20.329,22.471,22.382,1062.863,93386,0,0,350,10200,15,5,0,0,0,26,21,14,20,20,12,FALSE,0,FALSE
401.4032,18.642,18.254,15.081,13.985,17.733,18,16,4,3201568.5,67,67,67,66,101,100,99,97,20.356,20.326,22.466,22.377,1097.281,93386,0,0,350,10217,15,5,0,0,0,26,21,14,20,20,12,FALSE,0,FALSE
401.89917,18.652,18.263,15.081,13.985,17.72,18,16,4,3196039,68,67,67,67,100,100,99,97,20.353,20.322,22.461,22.373,1131.957,93386,0,0,350,10217,15,5,0,0,0,26,21,14,20,20,12,FALSE,0,FALSE
402.40167,18.662,18.274,15.081,13.985,17.706,18,16,4,3189880.8,68,68,68,67,100,100,99,97,20.348,20.318,22.455,22.367,1170.215,93386,0,0,366,10233,15,5,0,0,0,26,21,14,20,20,12,FALSE,0,FALSE
402.90454,18.672,18.283,15.081,13.985,17.693,18,16,4,3181240.8,68,68,68,68,100,100,99,97,20.344,20.314,22.449,22.362,1208.451,93386,0,0,366,10233,15,5,0,0,0,26,21,14,20,20,12,FALSE,0,FALSE
403.40253,18.682,18.292,15.081,13.985,17.679,18,16,4,3172600.8,68,68,68,68,100,100,99,97,20.339,20.309,22.442,22.356,1247.75,93386,0,0,350,10217,15,5,0,0,0,26,21,14,20,20,12,FALSE,0,FALSE
403.9042,18.693,18.301,15.082,13.987,17.666,18,16,4,3169373,68,68,68,68,100,100,98,97,20.334,20.304,22.435,22.349,1287.965,93386,0,0,350,10217,15,5,0,0,0,26,21,14,20,20,12,FALSE,0,FALSE
404.40445,18.703,18.315,15.086,13.989,17.652,18,16,4,3160733,68,68,68,68,100,99,98,97,20.328,20.299,22.428,22.342,1328.895,93386,0,0,334,10217,15,5,0,0,0,26,21,14,20,20,12,FALSE,0,FALSE
404.89792,18.71,18.325,15.087,13.99,17.639,18,16,4,3152381,68,68,68,68,100,99,98,97,20.323,20.294,22.421,22.336,1369.162,93386,0,0,334,10184,15,5,0,0,0,26,21,14,20,20,12,FALSE,0,FALSE
405.40564,18.721,18.337,15.098,14.001,17.625,18,16,4,3152243.2,69,69,72,71,100,99,98,97,20.316,20.288,22.413,22.328,1412.67,93386,0,0,334,10184,15,5,0,0,0,26,21,14,20,20,12,FALSE,0,FALSE
405.9026,18.753,18.365,15.134,14.035,17.623,18,16,4,3185648.5,71,70,74,72,100,99,98,97,20.316,20.287,22.415,22.33,1448.586,93386,0,0,317,10134,15,5,0,0,0,26,21,14,20,20,12,FALSE,0,FALSE
406.40524,18.775,18.386,15.159,14.048,17.622,18,16,4,3214383.2,71,69,72,70,100,99,98,97,20.318,20.289,22.42,22.335,1477.389,93386,0,0,317,10134,15,5,0,0,0,26,21,14,20,20,12,FALSE,0,FALSE
406.90372,18.802,18.407,15.186,14.074,17.622,18,16,4,3239679,74,70,76,73,100,99,98,97,20.32,20.291,22.425,22.339,1501.135,93386,0,0,317,10183,15,5,0,0,0,26,21,14,20,20,12,FALSE,0,FALSE
407.4051,18.841,18.437,15.25,14.125,17.622,18,16,4,3260429.2,79,73,88,81,100,99,98,97,20.326,20.294,22.433,22.347,1519.785,93386,0,0,350,10116,15,5,0,0,0,26,21,14,20,20,12,FALSE,0,FALSE
407.90518,18.884,18.466,15.323,14.189,17.622,18,16,4,3275279.5,83,76,98,89,100,99,99,97,20.334,20.298,22.446,22.357,1541.09,93386,0,0,350,10116,15,5,0,0,0,26,21,14,20,20,12,FALSE,0,FALSE
408.40396,18.905,18.482,15.387,14.236,17.619,18,16,4,3281453.5,78,73,100,88,100,100,99,97,20.342,20.303,22.461,22.369,1560.408,93386,0,0,266,10116,15,5,0,0,0,26,21,14,20,20,12,FALSE,0,FALSE
408.90216,18.93,18.502,15.419,14.259,17.614,18,16,4,3287448,78,73,91,81,100,100,99,97,20.348,20.307,22.475,22.378,1575.43,93386,0,0,266,10116,15,5,0,0,0,26,21,14,20,20,12,FALSE,0,FALSE
409.40323,18.952,18.521,15.439,14.275,17.608,18,16,4,3293554.5,77,73,83,75,100,100,99,98,20.353,20.31,22.484,22.385,1590.939,93386,0,0,266,10300,15,5,0,0,0,26,21,14,20,20,12,FALSE,0,FALSE
409.90027,18.973,18.539,15.452,14.286,17.6,18,16,4,3299051.2,76,72,77,72,101,100,99,98,20.358,20.313,22.49,22.388,1606.176,93386,0,0,450,10300,15,5,0,0,0,26,21,14,20,20,12,FALSE,0,FALSE
410.40344,18.997,18.562,15.459,14.293,17.589,18,16,4,3300864.5,75,72,71,68,101,100,99,98,20.362,20.316,22.493,22.39,1626.012,93386,0,0,450,10300,15,5,0,0,0,26,21,14,20,20,12,FALSE,0,FALSE
410.905,19.02,18.582,15.461,14.295,17.576,18,16,4,3297192.5,75,73,69,66,101,100,99,98,20.364,20.318,22.493,22.391,1647.941,93386,0,0,450,10300,15,5,0,0,0,26,21,14,20,20,12,FALSE,0,FALSE
411.40375,19.088,18.649,15.463,14.299,17.563,18,16,4,3295923.8,84,86,68,65,101,100,99,98,20.369,20.321,22.493,22.39,1671.85,93386,0,0,517,10300,15,5,0,0,0,26,21,14,20,20,12,FALSE,0,FALSE
411.90292,19.142,18.704,15.466,14.302,17.551,18,16,4,3299042.2,80,78,67,66,101,100,99,98,20.375,20.328,22.492,22.388,1697.193,93386,0,0,517,10400,15,5,0,0,0,26,21,14,20,20,12,FALSE,0,FALSE
412.3982,19.166,18.73,15.482,14.318,17.538,18,16,4,3292952.8,74,75,70,72,101,100,99,98,20.377,20.331,22.49,22.387,1723.422,93386,0,0,500,10400,15,5,0,0,0,26,21,14,20,20,12,FALSE,0,FALSE
412.89883,19.197,18.768,15.503,14.339,17.524,18,16,4,3285751.5,72,75,70,72,101,100,99,98,20.378,20.333,22.488,22.387,1752.785,93386,0,0,550,10400,15,5,0,0,0,26,21,14,20,20,12,FALSE,0,FALSE
413.40378,19.218,18.795,15.516,14.351,17.511,18,16,4,3283013,70,72,69,70,101,100,99,98,20.377,20.334,22.486,22.386,1784.879,93386,0,0,550,10400,15,5,0,0,0,26,21,14,20,20,12,FALSE,0,FALSE
413.90256,19.237,18.819,15.529,14.362,17.497,18,16,4,3274422,70,73,70,70,101,100,99,98,20.375,20.334,22.483,22.384,1818.33,93386,30705,0,600,10500,15,5,0,0,0,26,21,14,20,20,12,FALSE,0,FALSE
414.4032,19.257,18.838,15.55,14.383,17.488,18,16,4,3286508,72,70,74,72,101,100,99,98,20.374,20.333,22.481,22.382,1852.58,93386,30705,0,600,10500,15,5,0,0,0,26,21,14,20,20,12,FALSE,0,FALSE
414.89914,19.321,18.887,15.658,14.472,17.488,18,16,4,3313243.8,82,76,95,86,101,100,99,98,20.376,20.334,22.485,22.385,1880.498,93386,30705,0,600,10500,15,5,0,0,0,26,21,14,20,20,12,FALSE,0,FALSE
415.40237,19.384,18.935,15.796,14.584,17.487,18,16,4,3325831,83,76,102,92,101,100,99,98,20.383,20.338,22.497,22.394,1909.758,93386,30705,0,600,10500,15,5,0,0,0,26,21,14,20,20,12,FALSE,0,FALSE
415.90207,19.443,18.98,15.885,14.658,17.478,18,16,4,3331473.2,83,76,93,85,101,100,100,98,20.388,20.34,22.508,22.401,1938.074,93386,30705,0,600,10500,15,5,0,0,0,26,21,14,20,20,12,FALSE,0,FALSE
416.40192,19.512,19.035,15.94,14.702,17.468,18,16,4,3335649.2,83,77,83,77,101,100,100,98,20.394,20.343,22.514,22.405,1964.641,93386,30705,0,600,10550,15,5,0,0,0,26,21,14,20,20,12,FALSE,0,FALSE
416.90356,19.539,19.063,15.953,14.718,17.454,18,16,4,3329356,74,74,72,73,101,100,100,98,20.396,20.344,22.514,22.404,1992.379,93386,30705,0,600,10550,15,5,0,0,0,26,21,14,20,20,12,FALSE,0,FALSE
417.40344,19.587,19.119,16,14.773,17.441,18,16,4,3330225.8,76,79,76,81,101,100,100,98,20.397,20.346,22.512,22.405,2023.49,93386,30705,0,583,10567,15,5,0,0,0,26,21,14,20,20,12,FALSE,0,FALSE
417.90195,19.643,19.184,16.061,14.849,17.428,18,16,4,3333038.5,78,81,79,86,101,100,100,98,20.398,20.349,22.512,22.408,2055.674,93386,30705,0,583,10567,15,5,0,0,0,26,21,14,20,20,12,FALSE,0,FALSE
418.40378,19.702,19.259,16.158,14.968,17.417,18,16,4,3338295,77,83,86,94,101,100,100,98,20.399,20.352,22.513,22.413,2085.908,93386,30705,0,550,10583,15,5,0,0,0,26,21,14,20,20,12,FALSE,0,FALSE
418.90506,19.776,19.332,16.224,15.042,17.406,18,16,4,3341474,80,79,76,82,101,101,100,98,20.401,20.356,22.514,22.417,2116.854,93386,30705,0,550,10583,15,5,0,0,0,26,21,14,20,20,12,FALSE,0,FALSE
419.4033,19.794,19.354,16.236,15.051,17.392,18,16,4,3332976.2,71,74,71,71,101,101,100,98,20.399,20.356,22.511,22.414,2149.049,93386,30705,0,567,10583,15,5,0,0,0,26,21,14,20,20,12,FALSE,0,FALSE
419.90088,19.815,19.379,16.259,15.074,17.384,18,16,4,3342947,72,73,75,75,101,100,100,98,20.396,20.354,22.507,22.411,2180.324,93386,30705,0,567,10617,15,5,0,0,0,26,21,14,20,20,12,FALSE,0,FALSE
420.40005,19.834,19.397,16.273,15.088,17.382,18,16,4,3370164,70,70,72,71,101,101,100,98,20.396,20.355,22.509,22.414,2206.361,93386,30705,0,600,10617,15,5,0,0,0,26,21,14,20,20,12,FALSE,0,FALSE
420.9003,19.843,19.403,16.279,15.095,17.382,18,16,4,3394883.5,68,67,71,69,101,101,100,98,20.396,20.355,22.511,22.416,2227.795,93386,30705,0,600,10667,15,5,0,0,0,26,21,14,20,20,12,FALSE,0,FALSE
421.40115,19.863,19.416,16.306,15.122,17.382,18,16,4,3415657.8,74,68,76,75,101,100,100,98,20.396,20.354,22.514,22.418,2246.066,93386,30705,0,600,10667,15,5,0,0,0,26,21,14,20,20,12,FALSE,0,FALSE
421.90158,19.898,19.442,16.364,15.166,17.382,18,16,4,3431767.2,79,72,89,81,101,101,100,98,20.401,20.356,22.522,22.425,2260.441,93386,30705,0,600,10667,15,5,0,0,0,26,21,14,20,20,12,FALSE,0,FALSE
422.40317,19.914,19.454,16.425,15.206,17.382,18,16,4,3442819.8,76,71,99,85,101,101,100,98,20.406,20.358,22.533,22.433,2273.727,93386,30705,0,583,10717,15,5,0,0,0,26,21,14,20,20,12,FALSE,0,FALSE
422.9002,19.928,19.465,16.473,15.241,17.38,18,16,4,3448508.8,76,71,101,86,102,101,100,99,20.409,20.36,22.547,22.441,2289.732,93386,30705,0,583,10717,15,5,0,0,0,26,21,14,20,20,12,FALSE,0,FALSE
423.39767,19.952,19.483,16.496,15.26,17.376,18,16,4,3454477,79,72,93,82,102,101,100,99,20.413,20.361,22.559,22.449,2302.684,93386,30705,0,583,10717,15,5,0,0,0,26,21,14,20,20,12,FALSE,0,FALSE
423.90045,19.971,19.499,16.51,15.271,17.371,18,16,4,3460890.2,78,72,85,76,102,101,101,99,20.418,20.363,22.568,22.454,2315.123,93386,30705,0,417,10717,15,5,0,0,0,26,21,14,20,20,12,FALSE,0,FALSE
424.4035,19.988,19.516,16.517,15.278,17.363,18,16,4,3467883,76,72,77,72,102,101,101,99,20.421,20.365,22.573,22.457,2329.141,93386,30705,0,417,10750,15,5,0,0,0,26,21,14,20,20,12,FALSE,0,FALSE
424.9,20.023,19.555,16.52,15.281,17.352,18,16,4,3474234.2,81,80,72,68,102,101,101,99,20.425,20.368,22.574,22.458,2344.426,93386,30705,0,417,10750,15,5,0,0,0,26,21,14,20,20,12,FALSE,0,FALSE
425.4026,20.062,19.595,16.522,15.282,17.339,18,16,4,3479369.2,81,81,68,66,102,101,101,99,20.43,20.374,22.574,22.457,2364.217,93386,30705,0,417,10750,15,5,0,0,0,26,21,14,20,20,12,FALSE,0,FALSE
425.89993,20.092,19.628,16.522,15.283,17.327,18,16,4,3482842,77,77,66,66,102,101,101,99,20.433,20.378,22.572,22.455,2385.484,93386,30705,0,433,10750,15,5,0,0,0,26,21,14,20,20,12,FALSE,0,FALSE
426.40305,20.111,19.649,16.522,15.283,17.313,18,16,4,3477645,73,72,66,66,102,101,101,99,20.434,20.379,22.568,22.452,2411.033,93386,30705,0,433,10750,15,5,0,0,0,26,21,14,20,20,12,FALSE,0,FALSE
426.90454,20.126,19.664,16.522,15.283,17.3,18,16,4,3476934.2,71,69,66,66,102,101,101,99,20.434,20.378,22.565,22.45,2438.027,93386,30705,0,367,10700,15,5,0,0,0,26,21,14,20,20,12,FALSE,0,FALSE
427.40073,20.14,19.678,16.522,15.283,17.287,18,16,4,3470085.8,70,69,66,66,102,101,101,99,20.432,20.376,22.561,22.446,2466.133,93386,30705,0,367,10700,15,5,0,0,0,26,21,14,20,20,12,FALSE,0,FALSE
427.90317,20.153,19.69,16.522,15.283,17.274,18,16,4,3467309.8,69,69,67,66,102,101,100,99,20.429,20.374,22.556,22.442,2498.008,93386,30705,0,350,10667,15,5,0,0,0,26,21,14,20,20,12,FALSE,0,FALSE
428.40338,20.165,19.703,16.523,15.284,17.26,18,16,4,3458739.5,69,69,67,67,102,101,100,98,20.426,20.371,22.551,22.438,2530.482,93386,30705,0,333,10666,15,5,0,0,0,26,21,14,20,20,12,FALSE,0,FALSE
428.9046,20.182,19.724,16.535,15.295,17.246,18,16,4,3450099.5,70,72,69,70,102,101,100,98,20.423,20.368,22.546,22.434,2564.621,93386,30705,0,333,10666,15,5,0,0,0,26,21,14,20,20,12,FALSE,0,FALSE
429.4019,20.21,19.761,16.564,15.324,17.233,18,16,4,3446773,71,74,71,74,102,101,100,98,20.419,20.367,22.541,22.431,2599.693,93386,30705,0,317,10667,15,5,0,0,0,26,21,14,20,20,12,FALSE,0,FALSE
429.90234,20.246,19.807,16.613,15.373,17.223,18,16,4,3458090.8,73,75,76,79,102,101,100,98,20.417,20.366,22.538,22.43,2634.848,93386,30705,0,317,10650,15,5,0,0,0,26,21,14,20,20,12,FALSE,0,FALSE
430.39948,20.3,19.867,16.67,15.425,17.222,18,16,4,3485078,77,80,79,81,102,101,100,98,20.419,20.37,22.542,22.434,2664.262,93386,30705,0,317,10650,15,5,0,0,0,26,21,14,20,20,12,FALSE,0,FALSE
430.90134,20.329,19.901,16.696,15.451,17.222,18,16,4,3508982.2,74,76,75,77,102,101,100,99,20.422,20.375,22.547,22.441,2686.984,93386,30705,0,317,10683,15,5,0,0,0,26,21,14,20,20,12,FALSE,0,FALSE
431.9002,20.343,19.921,16.714,15.468,17.221,18,16,4,3546182.2,67,70,70,72,102,101,100,99,20.424,20.381,22.553,22.451,2720.283,93386,30705,0,333,10683,15,5,0,0,0,26,21,14,20,20,12,FALSE,0,FALSE
432.39996,20.36,19.941,16.736,15.497,17.221,18,16,4,3560318.5,70,73,74,79,102,101,100,99,20.425,20.383,22.556,22.456,2732.715,93386,30705,0,333,10834,15,5,0,0,0,26,21,14,20,20,12,FALSE,0,FALSE
432.90204,20.371,19.953,16.761,15.54,17.22,18,16,4,3567074.5,70,73,77,88,102,101,101,99,20.426,20.387,22.561,22.465,2742.727,93386,30705,0,333,10834,15,5,0,0,0,26,21,14,20,20,12,FALSE,0,FALSE
433.39832,20.384,19.968,16.779,15.568,17.216,18,16,4,3572177.8,72,74,77,89,102,101,101,99,20.428,20.39,22.566,22.476,2763.174,93386,30705,0,334,10933,15,5,0,0,0,26,21,14,20,20,12,FALSE,0,FALSE
433.90106,20.402,19.987,16.791,15.581,17.211,18,16,4,3578109.5,74,77,75,83,102,101,101,99,20.43,20.394,22.57,22.485,2773.82,93386,30705,0,334,10933,15,5,0,0,0,26,21,14,20,20,12,FALSE,0,FALSE
434.3999,20.433,20.022,16.798,15.59,17.204,18,16,4,3584874.8,79,82,72,78,102,101,101,99,20.434,20.4,22.573,22.491,2786.299,93386,30705,0,334,10933,15,5,0,0,0,26,21,14,20,20,12,FALSE,0,FALSE
434.90176,20.448,20.04,16.799,15.591,17.195,18,16,4,3590680.2,75,77,68,71,102,101,101,99,20.438,20.406,22.573,22.494,2801.719,93386,30705,0,334,10933,15,5,0,0,0,26,21,14,20,20,12,FALSE,0,FALSE
435.4003,20.46,20.053,16.799,15.591,17.185,18,16,4,3598009,72,73,66,68,102,101,101,99,20.44,20.409,22.572,22.495,2818.424,93386,30705,0,367,10933,15,5,0,0,0,26,21,14,20,20,12,FALSE,0,FALSE
435.90433,20.488,20.078,16.799,15.591,17.174,18,16,4,3604479,74,74,65,66,102,102,101,99,20.442,20.411,22.57,22.494,2838.914,93386,30705,0,367,10867,15,5,0,0,0,26,21,14,20,20,12,FALSE,0,FALSE
436.39993,20.515,20.103,16.799,15.591,17.161,18,16,4,3600560.8,74,74,65,65,102,102,101,99,20.443,20.413,22.568,22.492,2860.744,93386,30705,0,300,10867,15,5,0,0,0,26,21,14,20,20,12,FALSE,0,FALSE
436.8995,20.537,20.125,16.799,15.591,17.148,18,16,4,3600647.8,71,71,66,66,102,102,101,99,20.444,20.414,22.565,22.49,2886.021,93386,30705,0,300,10850,15,5,0,0,0,26,21,14,20,20,12,FALSE,0,FALSE
437.4026,20.553,20.141,16.799,15.591,17.134,18,16,4,3593963.5,69,69,66,66,102,102,101,99,20.443,20.413,22.562,22.487,2914.662,93386,30705,0,283,10850,15,5,0,0,0,26,21,14,20,20,12,FALSE,0,FALSE
437.90073,20.566,20.155,16.799,15.591,17.121,18,16,4,3592072.2,68,68,67,67,102,102,100,99,20.441,20.411,22.558,22.484,2943.584,93386,30705,0,283,10850,15,5,0,0,0,26,21,14,20,20,12,FALSE,0,FALSE
438.40192,20.579,20.167,16.799,15.591,17.107,18,16,4,3583451.8,68,68,67,67,102,101,100,99,20.438,20.409,22.554,22.481,2976.545,93386,30705,0,267,10850,15,5,0,0,0,26,21,14,20,20,12,FALSE,0,FALSE
438.89954,20.59,20.178,16.799,15.591,17.094,18,16,4,3575099.8,68,68,67,67,102,101,100,99,20.435,20.406,22.55,22.477,3009.121,93386,30705,0,284,10834,15,5,0,0,0,26,21,14,20,20,12,FALSE,0,FALSE
439.39886,20.6,20.188,16.799,15.591,17.081,18,16,4,3571940,68,68,68,67,102,101,100,99,20.431,20.402,22.545,22.472,3044.404,93386,30705,0,284,10834,15,5,0,0,0,26,21,14,20,20,12,FALSE,0,FALSE
439.89948,20.611,20.199,16.799,15.591,17.067,18,16,4,3563300,68,68,68,68,102,101,100,99,20.427,20.399,22.539,22.467,3080.963,93386,30705,0,300,10834,15,5,0,0,0,26,21,14,20,20,12,FALSE,0,FALSE
440.40234,20.621,20.209,16.799,15.591,17.053,18,16,4,3554372,69,69,69,69,102,101,100,99,20.423,20.394,22.533,22.462,3120.088,93386,30705,0,283,10800,15,5,0,0,0,26,21,14,20,20,12,FALSE,0,FALSE
440.8991,20.63,20.218,16.799,15.591,17.04,18,16,4,3546020,68,68,68,68,102,101,100,99,20.418,20.39,22.527,22.456,3157.818,93386,30705,0,283,10800,15,5,0,0,0,26,21,14,20,20,12,FALSE,0,FALSE
441.40182,20.639,20.227,16.799,15.591,17.026,18,16,4,3542498.2,68,68,68,68,102,101,100,99,20.412,20.385,22.52,22.45,3199.232,93386,30705,0,300,10784,15,5,0,0,0,26,21,14,20,20,12,FALSE,0,FALSE
441.90198,20.648,20.236,16.799,15.591,17.012,18,16,4,3533858.2,68,68,68,68,101,101,100,99,20.407,20.379,22.513,22.443,3240.113,93386,30705,0,300,10750,15,5,0,0,0,26,21,14,20,20,12,FALSE,0,FALSE
442.39975,20.657,20.245,16.799,15.591,16.999,18,16,4,3525506.2,68,68,68,68,101,101,100,98,20.401,20.374,22.506,22.436,3280.412,93386,30705,0,283,10750,15,5,0,0,0,26,21,14,20,20,12,FALSE,0,FALSE
442.8994,20.666,20.254,16.8,15.592,16.985,18,16,4,3516866.2,68,67,68,68,101,101,99,98,20.395,20.367,22.498,22.429,3322.857,93386,30705,0,283,10717,15,5,0,0,0,26,21,14,20,20,12,FALSE,0,FALSE
443.40143,20.682,20.269,16.819,15.612,16.974,18,16,4,3524632.5,71,71,74,73,101,101,99,98,20.389,20.362,22.491,22.423,3365.195,93386,30705,0,283,10683,15,5,0,0,0,26,21,14,20,20,12,FALSE,0,FALSE
443.90115,20.717,20.304,16.866,15.656,16.972,18,16,4,3557249.5,72,73,77,76,101,101,99,98,20.389,20.362,22.495,22.426,3400.041,93386,30705,0,266,10683,15,5,0,0,0,26,21,14,20,20,12,FALSE,0,FALSE
444.40137,20.742,20.336,16.896,15.687,16.971,18,16,4,3586477.2,71,75,75,76,101,101,99,98,20.39,20.365,22.5,22.432,3427.773,93386,30705,0,266,10650,15,5,0,0,0,26,21,14,20,20,12,FALSE,0,FALSE
444.9024,20.782,20.387,16.949,15.753,16.971,18,16,4,3610256.5,75,80,80,87,101,101,100,99,20.393,20.371,22.507,22.441,3450.812,93386,30705,0,283,10650,15,5,0,0,0,26,21,14,20,20,12,FALSE,0,FALSE
445.40063,20.812,20.432,16.996,15.807,16.967,18,16,4,3617468.2,75,83,85,89,101,101,100,99,20.397,20.378,22.513,22.451,3475.15,93386,30705,0,283,10683,15,5,0,0,0,26,21,14,20,20,12,FALSE,0,FALSE
445.90192,20.857,20.48,17.052,15.894,16.96,18,16,4,3624744.5,78,83,86,96,101,101,100,99,20.402,20.386,22.52,22.464,3499.729,93386,30705,0,283,10683,15,5,0,0,0,26,21,14,20,20,12,FALSE,0,FALSE
446.40012,20.892,20.524,17.094,15.949,16.953,18,16,4,3631405.8,77,82,81,90,101,101,100,99,20.406,20.392,22.528,22.476,3520.131,93386,30705,0,267,10684,15,5,0,0,0,26,21,14,20,20,12,FALSE,0,FALSE
446.9009,20.924,20.564,17.124,15.984,16.943,18,16,4,3637875,75,80,77,82,102,101,100,99,20.409,20.398,22.533,22.484,3541.615,93386,30705,0,267,10684,15,5,0,0,0,26,21,14,20,20,12,FALSE,0,FALSE
447.40088,20.969,20.616,17.151,16.015,16.931,18,16,4,3643807.8,78,83,75,79,102,101,100,99,20.413,20.404,22.536,22.489,3564.412,93386,30705,0,267,10684,15,5,0,0,0,26,21,14,20,20,12,FALSE,0,FALSE
447.9042,21.018,20.672,17.182,16.048,16.917,18,16,4,3641873,79,84,75,78,102,102,100,99,20.416,20.41,22.537,22.493,3589.879,93386,30705,0,267,10750,15,5,0,0,0,26,21,14,20,20,12,FALSE,0,FALSE
448.403,21.061,20.721,17.211,16.078,16.904,18,16,4,3641301.2,76,80,74,77,102,102,100,99,20.419,20.416,22.538,22.495,3616.611,93386,30705,0,316,10750,15,5,0,0,0,26,21,14,20,20,12,FALSE,0,FALSE
448.90063,21.106,20.775,17.244,16.111,16.891,18,16,4,3634446.8,75,80,74,76,102,102,100,99,20.421,20.42,22.539,22.497,3644.367,93386,30705,0,316,10784,15,5,0,0,0,26,21,14,20,20,12,FALSE,0,FALSE
449.3993,21.142,20.818,17.269,16.135,16.878,18,16,4,3600860.2,73,78,73,73,102,102,100,99,20.421,20.422,22.538,22.497,3675.213,93386,30705,0,317,10784,15,5,0,0,0,26,21,14,20,20,12,FALSE,0,FALSE
449.90164,21.161,20.84,17.276,16.142,16.864,18,16,4,3592080,69,71,69,68,102,102,100,99,20.419,20.423,22.536,22.495,3709.117,93386,30705,0,317,10800,15,5,0,0,0,26,21,14,20,20,12,FALSE,0,FALSE
450.40204,21.188,20.862,17.296,16.162,16.85,18,16,4,3583440,73,71,74,71,102,102,100,99,20.418,20.42,22.533,22.492,3742.945,93386,30705,0,317,10800,15,5,0,0,0,26,21,14,20,20,12,FALSE,0,FALSE
450.9018,21.241,20.905,17.341,16.205,16.836,18,16,4,3574800,78,74,77,74,102,102,100,99,20.418,20.419,22.532,22.489,3777.531,93386,30705,0,333,10800,15,5,0,0,0,26,21,14,20,20,12,FALSE,0,FALSE
451.40085,21.308,20.959,17.424,16.283,16.824,18,16,4,3571830.5,83,78,88,83,102,102,100,99,20.419,20.418,22.532,22.488,3812.586,93386,30705,0,333,10800,15,5,0,0,0,26,21,14,20,20,12,FALSE,0,FALSE
451.8993,21.43,21.062,17.594,16.429,16.81,18,16,4,3563190.5,89,83,98,91,102,102,100,99,20.424,20.42,22.537,22.491,3849.428,93386,30705,0,317,10783,15,5,0,0,0,26,21,14,20,20,12,FALSE,0,FALSE
452.40314,21.537,21.151,17.731,16.547,16.796,18,16,4,3554262.5,84,79,91,84,102,102,100,99,20.428,20.422,22.542,22.494,3887.275,93386,30705,0,300,10783,15,5,0,0,0,26,21,14,20,20,12,FALSE,0,FALSE
452.9028,21.639,21.237,17.858,16.658,16.783,18,16,4,3545622.5,85,80,90,84,102,102,100,99,20.431,20.423,22.545,22.494,3923.502,93386,30705,0,300,10800,15,5,0,0,0,26,21,14,20,20,12,FALSE,0,FALSE
453.40085,21.718,21.303,17.943,16.735,16.769,18,16,4,3537270.5,81,76,84,79,102,102,100,99,20.433,20.422,22.546,22.493,3957.652,93386,30705,0,300,10800,15,5,0,0,0,26,21,14,20,20,12,FALSE,0,FALSE
453.90396,21.773,21.35,17.987,16.78,16.755,18,16,4,3528342.5,74,71,72,70,102,102,100,99,20.431,20.419,22.543,22.489,3995.215,93386,30705,0,333,10817,15,5,0,0,0,26,21,14,20,20,12,FALSE,0,FALSE
454.4021,21.802,21.371,18.038,16.837,16.745,18,16,4,3537183.8,73,70,81,81,102,102,100,99,20.427,20.414,22.537,22.483,4031.803,93386,30705,40346,333,10817,15,5,0,0,0,26,21,14,20,20,12,FALSE,0,FALSE
454.8998,21.839,21.411,18.085,16.881,16.744,18,16,4,3565774,76,73,79,77,102,102,100,99,20.427,20.414,22.54,22.486,4060.637,93386,30705,40346,316,10800,15,5,0,0,0,26,21,14,20,20,12,FALSE,0,FALSE
455.40326,21.889,21.449,18.133,16.923,16.744,18,16,4,3592953.8,78,73,80,76,102,102,100,99,20.431,20.415,22.546,22.491,4085.742,93386,30705,40346,316,10867,15,5,0,0,0,26,21,14,20,20,12,FALSE,0,FALSE
455.90167,21.91,21.463,18.163,16.949,16.744,18,16,4,3615843.5,75,70,81,75,102,102,100,99,20.433,20.416,22.55,22.494,4107.408,93386,30705,40346,367,10867,15,5,0,0,0,26,21,14,20,20,12,FALSE,0,FALSE
456.39746,21.948,21.492,18.238,17.004,16.743,18,16,4,3627786.8,79,74,94,83,102,102,100,99,20.436,20.417,22.558,22.499,4126.203,93386,30705,40346,367,10867,15,5,0,0,0,26,21,14,20,20,12,FALSE,0,FALSE
456.90268,21.982,21.519,18.318,17.06,16.737,18,16,4,3634688.8,79,75,99,85,102,102,101,100,20.441,20.419,22.57,22.506,4148.219,93386,30705,40346,367,10867,15,5,0,0,0,26,21,14,20,20,12,FALSE,0,FALSE
457.39578,22.024,21.556,18.362,17.092,16.728,18,16,4,3640917.2,83,78,90,80,102,102,101,100,20.445,20.421,22.581,22.512,4169.209,93386,30705,40346,350,10867,15,5,0,0,0,26,21,14,20,20,12,FALSE,0,FALSE
457.90305,22.06,21.586,18.39,17.115,16.718,18,16,4,3647486.2,79,75,82,75,102,102,101,100,20.45,20.424,22.587,22.515,4190.303,93386,30705,40346,350,10917,15,5,0,0,0,26,21,14,20,20,12,FALSE,0,FALSE
458.39902,22.095,21.617,18.407,17.13,16.707,18,16,4,3651800.2,78,75,76,71,102,102,101,100,20.454,20.426,22.589,22.515,4211.379,93386,30705,40346,384,10917,15,5,0,0,0,26,21,14,20,20,12,FALSE,0,FALSE
458.90137,22.131,21.653,18.412,17.137,16.694,18,16,4,3652290.2,78,75,71,68,102,102,101,100,20.456,20.427,22.589,22.514,4235.881,93386,30705,40346,384,10917,15,5,0,0,0,26,21,14,20,20,12,FALSE,0,FALSE
459.3995,22.145,21.667,18.412,17.137,16.681,18,16,4,3646168,72,70,67,67,102,102,101,100,20.456,20.426,22.586,22.511,4262.936,93386,30705,40346,383,10950,15,5,0,0,0,26,21,14,20,20,12,FALSE,0,FALSE
459.89954,22.164,21.684,18.412,17.137,16.668,18,16,4,3644317.8,71,70,67,67,102,102,101,100,20.454,20.424,22.583,22.507,4292.049,93386,30705,40346,383,10950,15,5,0,0,0,26,21,14,20,20,12,FALSE,0,FALSE
460.40176,22.175,21.695,18.412,17.137,16.655,18,16,4,3636189.5,70,69,67,67,102,102,101,100,20.451,20.421,22.578,22.503,4323.904,93386,30705,40346,383,10950,15,5,0,0,0,26,21,14,20,20,12,FALSE,0,FALSE
461.40155,22.197,21.718,18.413,17.137,16.627,18,16,4,3619279.8,69,69,67,67,102,102,101,99,20.444,20.415,22.568,22.494,4389.426,93386,30705,40346,400,10967,15,5,0,0,0,26,21,14,20,20,12,FALSE,0,FALSE
461.89926,22.207,21.728,18.413,17.137,16.615,18,16,4,3615992.5,69,69,67,67,102,102,101,99,20.44,20.411,22.562,22.489,4424.781,93386,30705,40346,383,10967,15,5,0,0,0,26,21,14,20,20,12,FALSE,0,FALSE
462.40176,22.216,21.738,18.413,17.137,16.601,18,16,4,3607064.5,69,69,67,67,102,101,100,99,20.435,20.406,22.556,22.483,4462.484,93386,30705,40346,400,10967,15,5,0,0,0,26,21,14,20,20,12,FALSE,0,FALSE
462.9021,22.226,21.748,18.413,17.137,16.587,18,16,4,3598424.5,69,69,68,68,102,101,100,99,20.43,20.401,22.549,22.476,4500.1,93386,30705,40346,400,10967,15,5,0,0,0,26,21,14,20,20,12,FALSE,0,FALSE
463.402,22.235,21.757,18.413,17.137,16.573,18,16,4,3589784.5,69,69,68,68,102,101,100,99,20.425,20.396,22.542,22.469,4538.729,93386,30705,40346,400,10967,15,5,0,0,0,26,21,14,20,20,12,FALSE,0,FALSE
463.90134,22.244,21.766,18.413,17.137,16.56,18,16,4,3581432.5,69,69,68,68,102,101,100,99,20.419,20.391,22.534,22.463,4576.938,93386,30705,40346,400,10967,15,5,0,0,0,26,21,14,20,20,12,FALSE,0,FALSE
464.3985,22.253,21.775,18.413,17.137,16.546,18,16,4,3572792.5,70,70,69,69,102,101,100,99,20.413,20.385,22.527,22.455,4617.268,93386,30705,40346,400,10950,15,5,0,0,0,26,21,14,20,20,12,FALSE,0,FALSE
464.9016,22.261,21.783,18.413,17.137,16.533,18,16,4,3569319.2,70,70,69,69,101,101,100,99,20.408,20.38,22.519,22.447,4659.564,93386,30705,40346,400,10950,15,5,0,0,0,26,21,14,20,20,12,FALSE,0,FALSE
465.39792,22.269,21.791,18.413,17.137,16.519,18,16,4,3560967.2,70,70,69,69,101,101,100,99,20.402,20.374,22.511,22.44,4699.699,93386,30705,40346,383,10950,15,5,0,0,0,26,21,14,20,20,12,FALSE,0,FALSE
465.9009,22.278,21.8,18.413,17.137,16.505,18,16,4,3552327.2,71,70,69,69,101,101,100,98,20.395,20.368,22.502,22.432,4741.744,93386,30705,40346,383,10933,15,5,0,0,0,26,21,14,20,20,12,FALSE,0,FALSE
466.40137,22.286,21.809,18.413,17.137,16.492,18,16,4,3543687.2,70,70,69,69,101,101,99,98,20.389,20.361,22.493,22.423,4784.268,93386,30705,40346,366,10900,15,5,0,0,0,26,21,14,20,20,12,FALSE,0,FALSE
466.9032,22.302,21.827,18.431,17.155,16.48,18,16,4,3549659.2,71,71,73,73,101,101,99,98,20.382,20.355,22.485,22.415,4828.066,93386,30705,40346,366,10884,15,5,0,0,0,26,21,14,20,20,12,FALSE,0,FALSE
467.40115,22.337,21.863,18.477,17.198,16.478,18,16,4,3581697.5,72,72,76,75,101,100,99,98,20.381,20.354,22.487,22.418,4862.061,93386,30705,40346,350,10884,15,5,0,0,0,26,21,14,20,20,12,FALSE,0,FALSE
467.89813,22.365,21.895,18.503,17.222,16.477,18,16,4,3608961,71,71,73,72,101,101,99,98,20.382,20.356,22.493,22.423,4889.068,93386,30705,40346,350,10900,15,5,0,0,0,26,21,14,20,20,12,FALSE,0,FALSE
468.40082,22.398,21.92,18.548,17.261,16.477,18,16,4,3632234,76,72,83,77,101,101,99,98,20.385,20.358,22.499,22.429,4910.82,93386,30705,40346,350,10900,15,5,0,0,0,26,21,14,20,20,12,FALSE,0,FALSE
468.9003,22.462,21.97,18.639,17.332,16.477,18,16,4,3650688,88,81,99,89,101,101,100,98,20.393,20.363,22.511,22.439,4927.58,93386,30705,40346,350,10883,15,5,0,0,0,26,21,14,20,20,12,FALSE,0,FALSE
469.4004,22.522,22.026,18.721,17.379,16.474,18,16,4,3657541.8,92,88,106,87,101,101,100,99,20.405,20.372,22.529,22.451,4946.428,93386,30705,40346,350,10883,15,5,0,0,0,26,21,14,20,20,12,FALSE,0,FALSE
469.89728,22.546,22.047,18.749,17.4,16.469,18,16,4,3663561.2,83,79,93,80,102,101,100,99,20.415,20.381,22.544,22.46,4963.322,93386,30705,40346,317,10883,15,5,0,0,0,26,21,14,20,20,12,FALSE,0,FALSE
470.3977,22.572,22.072,18.759,17.408,16.46,18,16,4,3665897.8,79,76,80,73,102,101,100,99,20.421,20.386,22.553,22.465,4979.721,93386,30705,40346,317,10883,15,5,0,0,0,26,21,14,20,20,12,FALSE,0,FALSE
470.89966,22.598,22.099,18.768,17.417,16.449,18,16,4,3664931.5,78,76,74,69,102,101,100,99,20.425,20.389,22.557,22.467,4998.725,93386,30705,40346,317,11034,15,5,0,0,0,26,21,14,20,20,12,FALSE,0,FALSE
471.39813,22.625,22.125,18.772,17.421,16.437,18,16,4,3662421.5,75,74,70,67,102,101,100,99,20.429,20.392,22.559,22.468,5019.68,93386,30705,40346,450,11034,15,5,0,0,0,26,21,14,20,20,12,FALSE,0,FALSE
471.89847,22.675,22.177,18.785,17.433,16.423,18,16,4,3629867.2,81,80,71,68,102,101,100,99,20.433,20.396,22.56,22.468,5043.154,93386,30705,40346,450,11034,15,5,0,0,0,26,21,14,20,20,12,FALSE,0,FALSE
472.40024,22.707,22.208,18.789,17.438,16.41,18,16,4,3594941.5,75,74,69,68,102,101,100,99,20.436,20.399,22.559,22.468,5069.701,93386,30705,40346,450,11067,15,5,0,0,0,26,21,14,20,20,12,FALSE,0,FALSE
472.89798,22.729,22.228,18.79,17.439,16.396,18,16,4,3546640.8,72,71,67,67,102,101,100,99,20.437,20.4,22.558,22.466,5099.203,93386,30705,40346,450,11067,15,5,0,0,0,26,21,14,20,20,12,FALSE,0,FALSE
473.39447,22.744,22.244,18.79,17.44,16.383,18,16,4,3497285,71,70,67,67,102,101,100,99,20.436,20.398,22.555,22.464,5130.846,93386,30705,40346,450,11066,15,5,0,0,0,26,21,14,20,20,12,FALSE,0,FALSE
473.90045,22.759,22.259,18.79,17.44,16.37,18,16,4,3439670,71,70,68,68,102,101,100,99,20.435,20.397,22.552,22.462,5164.482,93386,30705,40346,433,11050,15,5,0,0,0,26,21,14,20,20,12,FALSE,0,FALSE
474.40027,22.773,22.272,18.79,17.44,16.357,18,16,4,3387636,70,70,68,68,102,101,100,99,20.433,20.395,22.548,22.459,5199.908,93386,30705,40346,433,11050,15,5,0,0,0,26,21,14,20,20,12,FALSE,0,FALSE
474.89838,22.786,22.285,18.79,17.44,16.343,18,16,4,3330021,70,70,68,68,102,101,100,99,20.43,20.393,22.544,22.455,5236.779,93386,30705,40346,417,11050,15,5,0,0,0,26,21,14,20,20,12,FALSE,0,FALSE
475.40106,22.797,22.297,18.791,17.44,16.329,18,16,4,3300158.5,70,70,68,68,102,101,100,99,20.427,20.39,22.539,22.451,5275.018,93386,30705,40346,400,11034,15,5,0,0,0,26,21,14,20,20,12,FALSE,0,FALSE
475.89987,22.806,22.307,18.791,17.44,16.315,18,16,4,3291518.5,70,70,68,68,102,101,100,99,20.423,20.386,22.534,22.446,5314.207,93386,30705,40346,400,11034,15,5,0,0,0,26,21,14,20,20,12,FALSE,0,FALSE
476.3973,22.814,22.315,18.791,17.44,16.302,18,16,4,3288273.8,68,68,68,68,102,101,100,99,20.419,20.382,22.528,22.441,5354.256,93386,30705,40346,383,11034,15,5,0,0,0,26,21,14,20,20,12,FALSE,0,FALSE
476.89728,22.823,22.324,18.791,17.44,16.289,18,16,4,3279633.8,68,68,68,68,102,101,100,98,20.414,20.377,22.522,22.435,5395.012,93386,30705,40346,366,10950,15,5,0,0,0,26,21,14,20,20,12,FALSE,0,FALSE
477.3905,22.832,22.332,18.791,17.44,16.275,18,16,5,3270993.8,68,68,69,68,101,101,100,98,20.408,20.372,22.515,22.429,27.752,94057,0,0,366,10950,15,6,0,0,0,26,21,14,20,20,12,FALSE,0,FALSE
477.8997,22.841,22.341,18.791,17.44,16.261,18,16,5,3262353.8,68,68,68,68,101,101,100,98,20.402,20.366,22.508,22.422,70.152,94057,0,0,350,10950,15,6,0,0,0,26,21,14,20,20,12,FALSE,0,FALSE
478.3957,22.849,22.349,18.791,17.44,16.247,18,16,5,3253713.8,68,68,68,68,101,101,100,98,20.395,20.36,22.5,22.415,113.201,94057,0,0,316,10950,15,6,0,0,0,26,21,14,20,20,12,FALSE,0,FALSE
478.9,22.858,22.357,18.791,17.44,16.233,18,16,5,3245073.8,69,69,69,69,101,100,99,98,20.389,20.353,22.492,22.407,156.883,94057,0,0,300,10950,15,6,0,0,0,26,21,14,20,20,12,FALSE,0,FALSE
479.39606,22.866,22.365,18.791,17.44,16.22,18,16,5,3236433.8,68,68,69,68,101,100,99,98,20.382,20.346,22.484,22.399,201.119,94057,0,0,283,10850,15,6,0,0,0,26,21,14,20,20,12,FALSE,0,FALSE
479.90015,22.875,22.374,18.791,17.44,16.206,18,16,5,3227793.8,67,67,67,67,101,100,99,98,20.374,20.339,22.475,22.391,245.857,94057,0,0,283,10850,15,6,0,0,0,26,21,14,20,20,12,FALSE,0,FALSE
480.3987,22.883,22.382,18.791,17.44,16.192,18,16,5,3219268.8,68,68,69,68,101,100,99,98,20.367,20.332,22.466,22.382,291.023,94057,0,0,267,10767,15,6,0,0,0,26,21,14,20,20,12,FALSE,0,FALSE
480.89862,22.891,22.39,18.791,17.44,16.178,18,16,5,3211032.8,69,69,69,69,101,100,99,97,20.359,20.324,22.456,22.373,336.611,94057,0,0,250,10767,15,6,0,0,0,26,21,14,20,20,12,FALSE,0,FALSE
481.39764,22.899,22.398,18.791,17.44,16.165,18,16,5,3203047,69,69,69,69,100,100,99,97,20.35,20.316,22.447,22.364,382.562,94057,0,0,250,10683,15,6,0,0,0,26,21,14,20,20,12,FALSE,0,FALSE
481.89938,22.907,22.406,18.791,17.44,16.151,18,16,5,3195265.5,68,68,69,68,100,100,98,97,20.342,20.308,22.437,22.355,428.807,94057,0,0,233,10683,15,6,0,0,0,26,21,14,20,20,12,FALSE,0,FALSE
482.39548,22.914,22.414,18.791,17.44,16.137,18,16,5,3187671,68,68,69,68,100,99,98,97,20.333,20.299,22.427,22.345,475.322,94057,0,0,217,10600,15,6,0,0,0,26,21,14,20,20,12,FALSE,0,FALSE
482.9001,22.921,22.422,18.791,17.44,16.123,18,16,5,3180251,68,68,69,69,100,99,98,97,20.324,20.29,22.416,22.335,522.088,94057,0,0,217,10600,15,6,0,0,0,26,21,14,20,20,12,FALSE,0,FALSE
483.39923,22.929,22.429,18.791,17.44,16.109,18,16,5,3172988,67,67,68,68,100,99,98,97,20.315,20.281,22.406,22.325,569.07,94057,0,0,200,10550,15,6,0,0,0,26,21,14,20,20,12,FALSE,0,FALSE
483.89954,22.966,22.465,18.836,17.487,16.106,18,16,5,3207653,72,72,75,74,100,99,98,97,20.31,20.277,22.404,22.323,611.861,94057,0,0,200,10500,15,6,0,0,0,26,21,14,20,20,12,FALSE,0,FALSE
484.39975,23.002,22.497,18.866,17.519,16.104,18,16,5,3239641.8,71,71,72,72,100,99,98,97,20.311,20.279,22.409,22.329,645.369,94057,0,0,184,10500,15,6,0,0,0,26,21,14,20,20,12,FALSE,0,FALSE
484.89935,23.028,22.523,18.881,17.534,16.103,18,16,5,3266792,72,72,71,71,100,99,98,97,20.314,20.281,22.414,22.334,671.469,94057,0,0,184,10583,15,6,0,0,0,26,21,14,20,20,12,FALSE,0,FALSE
485.3996,23.047,22.538,18.89,17.543,16.103,18,16,5,3289218.5,71,70,70,70,100,99,98,97,20.317,20.285,22.42,22.34,691.43,94057,0,0,184,10583,15,6,0,0,0,26,21,14,20,20,12,FALSE,0,FALSE
485.89966,23.063,22.545,18.895,17.548,16.103,18,16,5,3305946,70,68,69,68,100,99,98,97,20.321,20.288,22.424,22.345,706.428,94057,0,0,233,10583,15,6,0,0,0,26,21,14,20,20,12,FALSE,0,FALSE
486.39755,23.071,22.551,18.909,17.56,16.103,18,16,5,3317075,70,67,72,69,100,99,98,97,20.324,20.29,22.429,22.35,718.461,94057,0,0,233,10833,15,6,0,0,0,26,21,14,20,20,12,FALSE,0,FALSE
486.89316,23.082,22.558,18.924,17.571,16.103,18,16,5,3324128,70,67,75,70,100,99,98,97,20.327,20.292,22.435,22.355,727.807,94057,0,0,233,10833,15,6,0,0,0,26,21,14,20,20,12,FALSE,0,FALSE
487.40067,23.091,22.565,18.938,17.579,16.103,18,16,5,3329924.5,69,67,77,69,100,99,99,97,20.33,20.293,22.442,22.359,738.674,94057,0,0,233,10833,15,6,0,0,0,26,21,14,20,20,12,FALSE,0,FALSE
487.89902,23.099,22.574,18.969,17.593,16.102,18,16,5,3334522.8,69,68,84,71,100,99,99,97,20.333,20.295,22.45,22.363,758.207,94057,0,0,233,10833,15,6,0,0,0,26,21,14,20,20,12,FALSE,0,FALSE
488.39673,23.117,22.585,18.976,17.602,16.099,18,16,5,3339330.2,73,69,79,70,100,99,99,97,20.336,20.298,22.458,22.368,768.729,94057,0,0,233,11033,15,6,0,0,0,26,21,14,20,20,12,FALSE,0,FALSE
488.89774,23.124,22.593,18.979,17.604,16.094,18,16,5,3343416,71,69,73,68,100,99,99,97,20.34,20.3,22.464,22.371,779.379,94057,0,0,233,11033,15,6,0,0,0,26,21,14,20,20,12,FALSE,0,FALSE
489.4007,23.14,22.616,18.979,17.605,16.086,18,16,5,3346113.5,73,73,69,66,100,100,99,97,20.343,20.302,22.467,22.373,792.225,94057,0,0,233,11033,15,6,0,0,0,26,21,14,20,20,12,FALSE,0,FALSE
489.9006,23.153,22.63,18.981,17.607,16.077,18,16,5,3352160.5,72,72,67,67,100,100,99,97,20.346,20.306,22.468,22.375,807.627,94057,0,0,283,11033,15,6,0,0,0,26,21,14,20,20,12,FALSE,0,FALSE
490.40082,23.17,22.648,18.992,17.62,16.068,18,16,5,3359862.2,72,73,68,70,100,100,99,97,20.349,20.309,22.469,22.377,825.115,94057,0,0,283,11083,15,6,0,0,0,26,21,14,20,20,12,FALSE,0,FALSE
490.90103,23.192,22.675,19.01,17.641,16.059,18,16,5,3367885.8,73,76,71,74,100,100,99,98,20.351,20.313,22.47,22.38,847.307,94057,0,0,283,11083,15,6,0,0,0,26,21,14,20,20,12,FALSE,0,FALSE
491.39703,23.213,22.701,19.024,17.656,16.049,18,16,5,3376049,71,76,70,72,100,100,99,98,20.353,20.317,22.471,22.383,869.881,94057,0,0,250,11150,15,6,0,0,0,26,21,14,20,20,12,FALSE,0,FALSE
491.899,23.235,22.725,19.034,17.665,16.038,18,16,5,3387271.8,71,75,69,70,100,100,99,98,20.354,20.321,22.471,22.384,891.75,94057,0,0,250,11150,15,6,0,0,0,26,21,14,20,20,12,FALSE,0,FALSE
492.39648,23.263,22.752,19.039,17.669,16.026,18,16,5,3382676.2,72,74,68,68,101,100,99,98,20.356,20.324,22.471,22.384,916.309,94057,0,0,284,11150,15,6,0,0,0,26,21,14,20,20,12,FALSE,0,FALSE
492.89865,23.286,22.778,19.043,17.673,16.012,18,16,5,3341937,73,72,67,68,101,100,99,98,20.357,20.325,22.469,22.383,944.127,94057,0,0,284,11150,15,6,0,0,0,26,21,14,20,20,12,FALSE,0,FALSE
493.39758,23.327,22.815,19.064,17.692,15.998,18,16,5,3294166.5,77,74,72,70,101,100,99,98,20.358,20.326,22.468,22.382,975.105,94057,0,0,300,11183,15,6,0,0,0,26,21,14,20,20,12,FALSE,0,FALSE
493.89963,23.363,22.847,19.077,17.706,15.985,18,16,5,3246168,73,71,70,68,101,100,99,98,20.361,20.327,22.466,22.38,1006.186,94057,0,0,300,11183,15,6,0,0,0,26,21,14,20,20,12,FALSE,0,FALSE
494.40103,23.383,22.863,19.081,17.71,15.972,18,16,5,3222956.5,70,68,68,67,101,100,99,97,20.36,20.326,22.464,22.378,1039.07,94057,0,0,317,11183,15,6,0,0,0,26,21,14,20,20,12,FALSE,0,FALSE
494.89874,23.397,22.875,19.082,17.713,15.958,18,16,5,3214316.5,68,67,67,67,101,100,99,97,20.358,20.323,22.46,22.374,1073.658,94057,0,0,283,11183,15,6,0,0,0,26,21,14,20,20,12,FALSE,0,FALSE
495.39948,23.408,22.885,19.082,17.713,15.945,18,16,5,3211077,67,67,67,67,100,100,99,97,20.354,20.32,22.455,22.369,1109.555,94057,0,0,283,11150,15,6,0,0,0,26,21,14,20,20,12,FALSE,0,FALSE
495.89862,23.418,22.895,19.082,17.713,15.931,18,16,5,3202437,68,68,68,67,100,100,99,97,20.35,20.316,22.45,22.365,1146.719,94057,0,0,266,11150,15,6,0,0,0,26,21,14,20,20,12,FALSE,0,FALSE
496.39996,23.428,22.905,19.082,17.713,15.917,18,16,5,3193797,68,68,68,67,100,100,99,97,20.346,20.313,22.444,22.36,1185.08,94057,0,0,266,11133,15,6,0,0,0,26,21,14,20,20,12,FALSE,0,FALSE
496.8972,23.437,22.915,19.082,17.713,15.904,18,16,5,3185157,68,68,68,68,100,100,98,97,20.342,20.308,22.438,22.354,1224.521,94057,0,0,266,11100,15,6,0,0,0,26,21,14,20,20,12,FALSE,0,FALSE
497.39957,23.445,22.924,19.083,17.713,15.891,18,16,5,3181849.2,67,68,68,68,100,100,98,97,20.337,20.304,22.432,22.348,1264.801,94057,0,0,233,11100,15,6,0,0,0,26,21,14,20,20,12,FALSE,0,FALSE
497.89832,23.453,22.934,19.083,17.713,15.877,18,16,5,3173209.2,68,68,68,68,100,99,98,97,20.331,20.299,22.425,22.342,1305.881,94057,0,0,234,11067,15,6,0,0,0,26,21,14,20,20,12,FALSE,0,FALSE
498.3968,23.462,22.942,19.083,17.713,15.863,18,16,5,3164569.2,68,68,68,68,100,99,98,97,20.325,20.293,22.417,22.335,1347.738,94057,0,0,216,11067,15,6,0,0,0,26,21,14,20,20,12,FALSE,0,FALSE
498.90005,23.47,22.951,19.083,17.713,15.85,18,16,5,3155929.2,68,68,68,68,100,99,98,97,20.319,20.287,22.41,22.328,1390.307,94057,0,0,216,11016,15,6,0,0,0,26,21,14,20,20,12,FALSE,0,FALSE
499.4011,23.501,22.981,19.128,17.756,15.844,18,16,5,3185561.2,71,71,76,74,100,99,98,97,20.317,20.285,22.409,22.327,1429.32,94057,0,0,200,11016,15,6,0,0,0,26,21,14,20,20,12,FALSE,0,FALSE
499.89612,23.535,23.019,19.164,17.78,15.843,18,16,5,3215094.2,72,77,76,71,100,99,98,97,20.319,20.287,22.414,22.332,1459.678,94057,0,0,184,10984,15,6,0,0,0,26,21,14,20,20,12,FALSE,0,FALSE
500.39673,23.551,23.033,19.175,17.791,15.843,18,16,5,3240678.8,70,69,72,70,100,99,98,97,20.321,20.291,22.419,22.337,1484.182,94057,0,0,184,11066,15,6,0,0,0,26,21,14,20,20,12,FALSE,0,FALSE
500.90094,23.572,23.048,19.201,17.814,15.843,18,16,5,3262448,72,69,76,72,100,99,98,97,20.324,20.293,22.425,22.342,1504.318,94057,0,0,266,11066,15,6,0,0,0,26,21,14,20,20,12,FALSE,0,FALSE
501.3987,23.607,23.074,19.256,17.857,15.843,18,16,5,3279908.8,78,72,87,80,100,99,98,97,20.33,20.296,22.434,22.349,1520.377,94057,0,0,266,11150,15,6,0,0,0,26,21,14,20,20,12,FALSE,0,FALSE
501.89764,23.639,23.094,19.311,17.905,15.841,18,16,5,3286625.8,80,72,92,85,100,99,99,97,20.337,20.3,22.446,22.358,1543.748,94057,0,0,266,11150,15,6,0,0,0,26,21,14,20,20,12,FALSE,0,FALSE
502.39825,23.664,23.114,19.352,17.934,15.837,18,16,5,3292640,78,72,90,81,100,100,99,97,20.344,20.304,22.458,22.368,1566.166,94057,0,0,333,11150,15,6,0,0,0,26,21,14,20,20,12,FALSE,0,FALSE
502.89688,23.686,23.131,19.376,17.952,15.831,18,16,5,3298714.5,77,72,84,76,100,100,99,97,20.35,20.307,22.467,22.374,1583.311,94057,0,0,333,11150,15,6,0,0,0,26,21,14,20,20,12,FALSE,0,FALSE
503.4008,23.711,23.153,19.39,17.965,15.824,18,16,5,3304175.8,77,73,78,72,101,100,99,97,20.355,20.31,22.474,22.379,1600.471,94057,0,0,333,11150,15,6,0,0,0,26,21,14,20,20,12,FALSE,0,FALSE
503.89914,23.735,23.176,19.398,17.972,15.814,18,16,5,3305855.5,76,73,72,69,101,100,99,98,20.359,20.313,22.478,22.382,1618.594,94057,0,0,333,11150,15,6,0,0,0,26,21,14,20,20,12,FALSE,0,FALSE
504.39673,23.754,23.196,19.4,17.975,15.802,18,16,5,3303108,74,72,69,67,101,100,99,98,20.362,20.316,22.479,22.382,1639.564,94057,0,0,333,11150,15,6,0,0,0,26,21,14,20,20,12,FALSE,0,FALSE
504.89093,23.783,23.227,19.402,17.978,15.788,18,16,5,3298678.8,75,74,67,66,101,100,99,98,20.365,20.318,22.479,22.382,1663.219,94057,0,0,300,11083,15,6,0,0,0,26,21,14,20,20,12,FALSE,0,FALSE
505.39874,23.807,23.249,19.405,17.98,15.775,18,16,5,3298607,71,71,66,65,101,100,99,98,20.367,20.32,22.478,22.381,1689.658,94057,0,0,300,11083,15,6,0,0,0,26,21,14,20,20,12,FALSE,0,FALSE
505.89694,23.822,23.265,19.406,17.981,15.762,18,16,5,3291827.2,70,70,67,67,101,100,99,97,20.367,20.32,22.475,22.379,1718.371,94057,0,0,283,11083,15,6,0,0,0,26,21,14,20,20,12,FALSE,0,FALSE
506.3993,23.842,23.289,19.418,17.992,15.748,18,16,5,3284087.2,70,72,69,70,101,100,99,97,20.366,20.32,22.473,22.378,1748.861,94057,0,0,283,11083,15,6,0,0,0,26,21,14,20,20,12,FALSE,0,FALSE
506.8971,23.869,23.322,19.44,18.014,15.735,18,16,5,3281219.5,71,74,70,72,101,100,99,97,20.365,20.321,22.471,22.377,1780.908,94057,0,0,266,11050,15,6,0,0,0,26,21,14,20,20,12,FALSE,0,FALSE
507.39664,23.895,23.356,19.459,18.032,15.721,18,16,5,3272579.5,70,74,70,70,101,100,99,97,20.364,20.322,22.469,22.376,1815.289,94057,30180,0,266,11050,15,6,0,0,0,26,21,14,20,20,12,FALSE,0,FALSE
507.89713,23.918,23.39,19.491,18.051,15.712,18,16,5,3281569.5,71,75,79,71,101,100,99,97,20.363,20.322,22.467,22.373,1850.789,94057,30180,0,266,11050,15,6,0,0,0,26,21,14,20,20,12,FALSE,0,FALSE
508.3983,23.996,23.452,19.6,18.144,15.712,18,16,5,3310579.8,85,80,96,86,101,100,99,97,20.366,20.325,22.473,22.377,1879.465,94057,30180,0,250,11033,15,6,0,0,0,26,21,14,20,20,12,FALSE,0,FALSE
508.89713,24.079,23.517,19.735,18.25,15.708,18,16,5,3319884.5,87,80,103,91,101,100,99,98,20.376,20.331,22.486,22.387,1906.912,94057,30180,0,250,11033,15,6,0,0,0,26,21,14,20,20,12,FALSE,0,FALSE
509.3948,24.13,23.556,19.821,18.32,15.7,18,16,5,3325708,83,76,93,85,101,100,99,98,20.382,20.335,22.498,22.395,1935.004,94057,30180,0,283,11066,15,6,0,0,0,26,21,14,20,20,12,FALSE,0,FALSE
509.89856,24.205,23.615,19.88,18.368,15.691,18,16,5,3331244.2,86,78,85,79,101,100,100,98,20.389,20.339,22.505,22.399,1961.234,94057,30180,0,283,11066,15,6,0,0,0,26,21,14,20,20,12,FALSE,0,FALSE
510.8972,24.294,23.711,19.951,18.457,15.667,18,16,5,3331083.5,78,81,78,85,101,100,100,98,20.394,20.343,22.506,22.402,2017.412,94057,30180,0,267,11067,15,6,0,0,0,26,21,14,20,20,12,FALSE,0,FALSE
511.39865,24.348,23.776,20.011,18.534,15.656,18,16,5,3335893.2,77,81,79,86,101,100,100,98,20.397,20.348,22.507,22.407,2048.346,94057,30180,0,284,11134,15,6,0,0,0,26,21,14,20,20,12,FALSE,0,FALSE
511.89923,24.398,23.837,20.06,18.593,15.643,18,16,5,3339400.5,76,80,76,82,101,100,100,98,20.398,20.352,22.507,22.411,2078.033,94057,30180,0,284,11150,15,6,0,0,0,26,21,14,20,20,12,FALSE,0,FALSE
512.3989,24.436,23.884,20.087,18.62,15.631,18,16,5,3336953.2,72,76,71,73,101,100,100,98,20.398,20.354,22.505,22.411,2108.615,94057,30180,0,316,11150,15,6,0,0,0,26,21,14,20,20,12,FALSE,0,FALSE
512.8991,24.457,23.909,20.099,18.632,15.617,18,16,5,3328422,70,73,70,70,101,100,100,98,20.395,20.353,22.501,22.408,2141.027,94057,30180,0,350,11183,15,6,0,0,0,26,21,14,20,20,12,FALSE,0,FALSE
513.3966,24.475,23.933,20.12,18.651,15.606,18,16,5,3335897.2,71,72,74,74,101,100,99,98,20.393,20.352,22.497,22.405,2174.08,94057,30180,0,350,11183,15,6,0,0,0,26,21,14,20,20,12,FALSE,0,FALSE
514.3954,24.499,23.955,20.137,18.668,15.605,18,16,5,3389412.8,67,67,70,68,101,100,99,98,20.392,20.352,22.5,22.408,2223.957,94057,30180,0,384,11200,15,6,0,0,0,26,21,14,20,20,12,FALSE,0,FALSE
514.8965,24.521,23.973,20.167,18.696,15.605,18,16,5,3411526,73,70,77,74,101,100,100,98,20.392,20.353,22.503,22.411,2243.363,94057,30180,0,384,11200,15,6,0,0,0,26,21,14,20,20,12,FALSE,0,FALSE
515.3983,24.57,24.005,20.229,18.749,15.605,18,16,5,3427891.2,84,75,91,84,101,101,100,98,20.398,20.355,22.51,22.418,2258.25,94057,30180,0,384,11200,15,6,0,0,0,26,21,14,20,20,12,FALSE,0,FALSE
515.89954,24.604,24.034,20.305,18.801,15.605,18,16,5,3440005.2,83,77,104,90,101,101,100,98,20.407,20.36,22.524,22.427,2270.793,94057,30180,0,433,11333,15,6,0,0,0,26,21,14,20,20,12,FALSE,0,FALSE
516.399,24.615,24.043,20.359,18.839,15.603,18,16,5,3446000,78,73,105,90,102,101,100,98,20.413,20.364,22.54,22.438,2285.078,94057,30180,0,433,11333,15,6,0,0,0,26,21,14,20,20,12,FALSE,0,FALSE
516.8989,24.637,24.06,20.381,18.857,15.599,18,16,5,3451874.8,80,74,95,84,102,101,100,99,20.418,20.367,22.554,22.447,2298.316,94057,30180,0,433,11333,15,6,0,0,0,26,21,14,20,20,12,FALSE,0,FALSE
517.395,24.663,24.08,20.404,18.875,15.594,18,16,5,3458120.5,81,75,89,80,102,101,101,99,20.423,20.37,22.564,22.453,2310.41,94057,30180,0,433,11333,15,6,0,0,0,26,21,14,20,20,12,FALSE,0,FALSE
517.8979,24.692,24.106,20.411,18.88,15.588,18,16,5,3464993,81,76,80,73,102,101,101,99,20.43,20.374,22.571,22.457,2323.014,94057,30180,0,234,11250,15,6,0,0,0,26,21,14,20,20,12,FALSE,0,FALSE
518.397,24.71,24.127,20.415,18.884,15.579,18,16,5,3471178.8,78,76,74,69,102,101,101,99,20.434,20.377,22.573,22.459,2337.639,94057,30180,0,234,11250,15,6,0,0,0,26,21,14,20,20,12,FALSE,0,FALSE
518.8996,24.741,24.159,20.417,18.886,15.568,18,16,5,3478745.8,78,77,69,67,102,101,101,99,20.438,20.381,22.574,22.458,2355.012,94057,30180,0,234,11383,15,6,0,0,0,26,21,14,20,20,12,FALSE,0,FALSE
519.39655,24.789,24.212,20.417,18.887,15.555,18,16,5,3484289,82,82,67,66,102,101,101,99,20.443,20.386,22.572,22.457,2375.43,94057,30180,0,350,11383,15,6,0,0,0,26,21,14,20,20,12,FALSE,0,FALSE
519.8959,24.816,24.243,20.417,18.887,15.542,18,16,5,3480465,76,75,66,66,102,101,101,99,20.446,20.39,22.569,22.455,2398.525,94057,30180,0,350,11366,15,6,0,0,0,26,21,14,20,20,12,FALSE,0,FALSE
520.3962,24.834,24.262,20.417,18.887,15.529,18,16,5,3480477.2,72,71,66,66,102,101,101,99,20.447,20.391,22.566,22.452,2424.219,94057,30180,0,316,11366,15,6,0,0,0,26,21,14,20,20,12,FALSE,0,FALSE
520.8983,24.848,24.277,20.417,18.887,15.515,18,16,5,3473958.2,70,69,66,66,102,101,101,99,20.446,20.39,22.561,22.449,2452.062,94057,30180,0,316,11333,15,6,0,0,0,26,21,14,20,20,12,FALSE,0,FALSE
521.39594,24.862,24.291,20.417,18.887,15.501,18,16,5,3466474.5,69,69,66,66,102,101,100,99,20.443,20.388,22.557,22.445,2481.996,94057,30180,0,300,11333,15,6,0,0,0,26,21,14,20,20,12,FALSE,0,FALSE
521.8955,24.873,24.303,20.417,18.887,15.488,18,16,5,3463671,69,69,66,66,102,101,100,99,20.44,20.385,22.552,22.441,2513.611,94057,30180,0,300,11333,15,6,0,0,0,26,21,14,20,20,12,FALSE,0,FALSE
522.3944,24.885,24.316,20.419,18.888,15.475,18,16,5,3455031,69,69,67,67,102,101,100,98,20.437,20.382,22.547,22.437,2546.877,94057,30180,0,317,11317,15,6,0,0,0,26,21,14,20,20,12,FALSE,0,FALSE
522.8998,24.91,24.347,20.443,18.912,15.461,18,16,5,3446391,71,74,71,73,102,101,100,98,20.434,20.38,22.542,22.433,2581.578,94057,30180,0,333,11317,15,6,0,0,0,26,21,14,20,20,12,FALSE,0,FALSE
523.3935,24.948,24.396,20.482,18.953,15.448,18,16,5,3444705.5,72,75,72,75,102,101,100,98,20.431,20.38,22.538,22.431,2616.596,94057,30180,0,333,11317,15,6,0,0,0,26,21,14,20,20,12,FALSE,0,FALSE
523.899,24.984,24.441,20.528,18.997,15.443,18,16,5,3471415,73,76,76,78,102,101,100,98,20.43,20.381,22.537,22.432,2651.156,94057,30180,0,366,11316,15,6,0,0,0,26,21,14,20,20,12,FALSE,0,FALSE
524.3999,25.017,24.48,20.561,19.029,15.443,18,16,5,3498140.2,73,76,75,77,102,101,100,98,20.432,20.384,22.541,22.437,2678.836,94057,30180,0,366,11334,15,6,0,0,0,26,21,14,20,20,12,FALSE,0,FALSE
524.89484,25.034,24.502,20.577,19.045,15.442,18,16,5,3520584.5,71,74,73,75,102,101,100,99,20.434,20.388,22.544,22.442,2699.711,94057,30180,0,400,11334,15,6,0,0,0,26,21,14,20,20,12,FALSE,0,FALSE
525.39874,25.044,24.514,20.588,19.055,15.442,18,16,5,3540081.2,69,71,71,73,102,101,100,99,20.435,20.391,22.547,22.446,2716.572,94057,30180,0,400,11383,15,6,0,0,0,26,21,14,20,20,12,FALSE,0,FALSE
525.8973,25.059,24.533,20.608,19.079,15.442,18,16,5,3555442,70,74,74,78,102,101,100,99,20.435,20.393,22.55,22.451,2730.029,94057,30180,0,400,11383,15,6,0,0,0,26,21,14,20,20,12,FALSE,0,FALSE
526.39685,25.076,24.551,20.636,19.123,15.442,18,16,5,3566412.5,72,75,78,88,102,101,100,99,20.438,20.398,22.555,22.46,2739.43,94057,30180,0,400,11383,15,6,0,0,0,26,21,14,20,20,12,FALSE,0,FALSE
526.8966,25.085,24.561,20.649,19.144,15.439,18,16,5,3570946.5,72,73,77,88,102,101,101,99,20.44,20.401,22.56,22.47,2754.014,94057,30180,0,367,11383,15,6,0,0,0,26,21,14,20,20,12,FALSE,0,FALSE
527.39343,25.106,24.581,20.658,19.155,15.433,18,16,5,3575235,76,77,74,82,102,101,101,99,20.443,20.405,22.564,22.479,2768.99,94057,30180,0,367,11383,15,6,0,0,0,26,21,14,20,20,12,FALSE,0,FALSE
527.89624,25.166,24.647,20.663,19.161,15.427,18,16,5,3581929,91,94,71,76,102,102,101,99,20.45,20.415,22.567,22.485,2779.938,94057,30180,0,367,11550,15,6,0,0,0,26,21,14,20,20,12,FALSE,0,FALSE
528.3974,25.189,24.67,20.671,19.172,15.42,18,16,5,3588779,83,84,69,75,102,102,101,99,20.46,20.426,22.568,22.489,2793.244,94057,30180,0,367,11550,15,6,0,0,0,26,21,14,20,20,12,FALSE,0,FALSE
529.3954,25.243,24.719,20.671,19.172,15.398,18,16,5,3602369.2,78,77,66,66,103,102,101,99,20.469,20.437,22.567,22.492,2827.361,94057,30180,0,467,11550,15,6,0,0,0,26,21,14,20,20,12,FALSE,0,FALSE
529.89484,25.274,24.749,20.671,19.172,15.386,18,16,5,3601918.2,76,76,65,65,103,102,101,99,20.473,20.44,22.565,22.49,2848.418,94057,30180,0,433,11516,15,6,0,0,0,26,21,14,20,20,12,FALSE,0,FALSE
530.3955,25.32,24.791,20.672,19.172,15.372,18,16,5,3575215.5,78,77,65,66,103,102,101,99,20.476,20.443,22.562,22.488,2872.344,94057,30180,0,433,11516,15,6,0,0,0,26,21,14,20,20,12,FALSE,0,FALSE
530.8993,25.344,24.816,20.672,19.172,15.359,18,16,5,3540814,72,72,66,66,103,102,100,99,20.478,20.445,22.559,22.486,2899.012,94057,30180,0,417,11484,15,6,0,0,0,26,21,14,20,20,12,FALSE,0,FALSE
531.3956,25.365,24.836,20.672,19.172,15.347,18,16,5,3498181.2,70,70,67,66,103,102,100,99,20.477,20.444,22.556,22.483,2928.355,94057,30180,0,417,11484,15,6,0,0,0,26,21,14,20,20,12,FALSE,0,FALSE
531.89526,25.382,24.854,20.672,19.172,15.333,18,16,5,3443356,69,70,67,67,103,102,100,99,20.475,20.443,22.552,22.48,2959.914,94057,30180,0,400,11467,15,6,0,0,0,26,21,14,20,20,12,FALSE,0,FALSE
532.3942,25.397,24.869,20.672,19.172,15.319,18,16,5,3411861,69,68,67,67,103,102,100,99,20.472,20.441,22.548,22.477,2993.676,94057,30180,0,400,11467,15,6,0,0,0,26,21,14,20,20,12,FALSE,0,FALSE
532.89453,25.407,24.879,20.672,19.172,15.306,18,16,5,3408631.8,68,68,68,67,103,102,100,99,20.469,20.437,22.544,22.472,3029.012,94057,30180,0,400,11450,15,6,0,0,0,26,21,14,20,20,12,FALSE,0,FALSE
533.3975,25.417,24.889,20.672,19.172,15.293,18,16,5,3399991.8,68,68,68,68,103,102,100,99,20.465,20.434,22.539,22.468,3065.617,94057,30180,0,384,11417,15,6,0,0,0,26,21,14,20,20,12,FALSE,0,FALSE
533.8967,25.427,24.899,20.672,19.172,15.279,18,16,5,3391351.8,68,68,68,68,102,102,100,99,20.46,20.43,22.533,22.463,3103.484,94057,30180,0,384,11417,15,6,0,0,0,26,21,14,20,20,12,FALSE,0,FALSE
534.39575,25.437,24.909,20.672,19.172,15.265,18,16,5,3382711.8,68,68,68,68,102,102,100,99,20.456,20.425,22.527,22.457,3142.494,94057,30180,0,383,11400,15,6,0,0,0,26,21,14,20,20,12,FALSE,0,FALSE
534.89075,25.447,24.918,20.672,19.172,15.251,18,16,5,3374071.8,68,68,68,68,102,102,100,99,20.45,20.42,22.521,22.451,3182.521,94057,30180,0,383,11367,15,6,0,0,0,26,21,14,20,20,12,FALSE,0,FALSE
535.3957,25.456,24.926,20.672,19.172,15.238,18,16,5,3370846.5,68,68,68,68,102,102,100,99,20.445,20.415,22.514,22.445,3223.326,94057,30180,0,400,11367,15,6,0,0,0,26,21,14,20,20,12,FALSE,0,FALSE
535.89545,25.465,24.935,20.672,19.172,15.225,18,16,5,3362206.5,68,68,69,68,102,102,100,98,20.439,20.409,22.507,22.438,3264.912,94057,30180,0,400,11333,15,6,0,0,0,26,21,14,20,20,12,FALSE,0,FALSE
536.3991,25.473,24.943,20.672,19.172,15.211,18,16,5,3353566.5,69,68,69,68,102,101,99,98,20.433,20.403,22.499,22.431,3307.234,94057,30180,0,383,11266,15,6,0,0,0,26,21,14,20,20,12,FALSE,0,FALSE
536.89606,25.483,24.952,20.678,19.177,15.197,18,16,5,3350380.2,69,68,70,71,102,101,99,98,20.426,20.397,22.491,22.423,3350.15,94057,30180,0,383,11266,15,6,0,0,0,26,21,14,20,20,12,FALSE,0,FALSE
537.3895,25.518,24.986,20.722,19.222,15.195,18,16,5,3384756.5,72,72,75,74,102,101,99,98,20.425,20.395,22.492,22.425,3387.539,94057,30180,0,384,11250,15,6,0,0,0,26,21,14,20,20,12,FALSE,0,FALSE
537.8995,25.54,25.012,20.746,19.245,15.194,18,16,5,3414346.8,70,73,73,74,102,101,99,98,20.425,20.397,22.496,22.429,3417.088,94057,30180,0,384,11250,15,6,0,0,0,26,21,14,20,20,12,FALSE,0,FALSE
538.39734,25.581,25.065,20.803,19.314,15.194,18,16,5,3438200,75,81,81,87,102,101,100,98,20.428,20.402,22.503,22.437,3441,94057,30180,0,384,11283,15,6,0,0,0,26,21,14,20,20,12,FALSE,0,FALSE
538.8974,25.619,25.115,20.858,19.388,15.191,18,16,5,3446484.5,76,82,83,91,102,102,100,99,20.432,20.409,22.51,22.449,3464.07,94057,30180,0,400,11283,15,6,0,0,0,26,21,14,20,20,12,FALSE,0,FALSE
539.3974,25.652,25.159,20.918,19.466,15.187,18,16,5,3454224,77,82,86,97,102,102,100,99,20.435,20.416,22.518,22.461,3489.986,94057,30180,0,400,11283,15,6,0,0,0,26,21,14,20,20,12,FALSE,0,FALSE
539.89746,25.689,25.207,20.973,19.536,15.181,18,16,5,3461359.5,78,84,84,93,102,102,100,99,20.439,20.423,22.527,22.474,3511.424,94057,30180,0,400,11283,15,6,0,0,0,26,21,14,20,20,12,FALSE,0,FALSE
540.3966,25.719,25.245,21.003,19.572,15.173,18,16,5,3468063.2,75,80,78,84,102,102,100,99,20.442,20.429,22.532,22.483,3532.441,94057,30180,0,400,11283,15,6,0,0,0,26,21,14,20,20,12,FALSE,0,FALSE
540.8984,25.744,25.276,21.022,19.593,15.163,18,16,5,3474477.5,73,77,73,77,102,102,100,99,20.444,20.433,22.535,22.488,3554.463,94057,30180,0,383,11300,15,6,0,0,0,26,21,14,20,20,12,FALSE,0,FALSE
541.3961,25.772,25.308,21.043,19.615,15.151,18,16,5,3480495,73,78,73,76,102,102,100,99,20.444,20.436,22.536,22.491,3577.881,94057,30180,0,383,11300,15,6,0,0,0,26,21,14,20,20,12,FALSE,0,FALSE
541.898,25.824,25.371,21.083,19.659,15.139,18,16,5,3489464.8,79,85,76,80,102,102,100,99,20.446,20.441,22.537,22.494,3602.895,94057,30180,0,433,11367,15,6,0,0,0,26,21,14,20,20,12,FALSE,0,FALSE
542.3943,25.912,25.473,21.123,19.703,15.125,18,16,5,3483326.2,87,93,76,80,102,102,100,99,20.451,20.449,22.539,22.497,3629.559,94057,30180,0,433,11367,15,6,0,0,0,26,21,14,20,20,12,FALSE,0,FALSE
542.8975,25.958,25.524,21.133,19.712,15.111,18,16,5,3476356,75,77,71,71,102,102,100,99,20.456,20.455,22.538,22.497,3658.455,94057,30180,0,484,11417,15,6,0,0,0,26,21,14,20,20,12,FALSE,0,FALSE
543.39166,26.022,25.602,21.179,19.759,15.098,18,16,5,3468626.2,78,85,76,77,102,102,100,99,20.457,20.459,22.537,22.497,3689.434,94057,30180,0,484,11417,15,6,0,0,0,26,21,14,20,20,12,FALSE,0,FALSE
543.89655,26.052,25.634,21.197,19.776,15.085,18,16,5,3465913,74,73,73,71,102,102,100,99,20.456,20.46,22.535,22.495,3721.387,94057,30180,0,533,11467,15,6,0,0,0,26,21,14,20,20,12,FALSE,0,FALSE
544.399,26.088,25.663,21.219,19.799,15.071,18,16,5,3457274.2,74,72,73,71,102,102,100,99,20.455,20.458,22.533,22.492,3754.227,94057,30180,0,550,11500,15,6,0,0,0,26,21,14,20,20,12,FALSE,0,FALSE
544.89624,26.14,25.705,21.266,19.845,15.057,18,16,5,3448634.2,79,75,79,76,102,102,100,99,20.455,20.457,22.532,22.49,3788.666,94057,30180,0,550,11500,15,6,0,0,0,26,21,14,20,20,12,FALSE,0,FALSE
545.3984,26.232,25.783,21.38,19.948,15.043,18,16,5,3439994.2,87,82,92,86,102,102,100,99,20.457,20.457,22.533,22.49,3824.641,94057,30180,0,566,11516,15,6,0,0,0,26,21,14,20,20,12,FALSE,0,FALSE
545.89404,26.356,25.888,21.526,20.074,15.029,18,16,5,3431354.2,88,83,95,88,102,102,100,99,20.463,20.459,22.538,22.492,3860.971,94057,30180,0,566,11516,15,6,0,0,0,26,21,14,20,20,12,FALSE,0,FALSE
546.3961,26.466,25.981,21.668,20.198,15.017,18,16,5,3428112.2,88,83,93,87,103,102,100,99,20.467,20.461,22.543,22.494,3897.234,94057,30180,0,566,11516,15,6,0,0,0,26,21,14,20,20,12,FALSE,0,FALSE
546.8984,26.56,26.06,21.771,20.289,15.003,18,16,5,3419472.2,83,79,86,81,103,102,100,99,20.47,20.461,22.545,22.494,3932.881,94057,30180,0,583,11516,15,6,0,0,0,26,21,14,20,20,12,FALSE,0,FALSE
547.3953,26.626,26.114,21.833,20.349,14.99,18,16,5,3410832.2,80,76,80,76,103,102,100,99,20.47,20.459,22.544,22.492,3967.979,94057,30180,0,617,11533,15,6,0,0,0,26,21,14,20,20,12,FALSE,0,FALSE
547.89435,26.651,26.133,21.843,20.359,14.976,18,16,5,3402192.2,71,70,70,68,103,102,100,99,20.466,20.454,22.539,22.486,4004.32,94057,30180,0,617,11567,15,6,0,0,0,26,21,14,20,20,12,FALSE,0,FALSE
548.39636,26.665,26.146,21.854,20.37,14.965,18,16,5,3411763.8,70,69,71,70,102,102,100,99,20.461,20.449,22.532,22.479,4040.717,94057,30180,40675,617,11567,15,6,0,0,0,26,21,14,20,20,12,FALSE,0,FALSE
548.899,26.707,26.181,21.904,20.418,14.964,18,16,5,3442164.8,78,74,82,79,102,102,100,99,20.46,20.447,22.533,22.48,4070.555,94057,30180,40675,617,11567,15,6,0,0,0,26,21,14,20,20,12,FALSE,0,FALSE
549.3942,26.782,26.238,22.016,20.512,14.964,18,16,5,3469104.8,87,79,99,90,103,102,100,99,20.465,20.449,22.542,22.487,4094.82,94057,30180,40675,633,11583,15,6,0,0,0,26,21,14,20,20,12,FALSE,0,FALSE
549.8948,26.838,26.282,22.128,20.6,14.964,18,16,5,3491618.5,85,78,105,94,103,102,100,99,20.473,20.453,22.556,22.497,4115.498,94057,30180,40675,633,11583,15,6,0,0,0,26,21,14,20,20,12,FALSE,0,FALSE
550.3973,26.866,26.303,22.211,20.662,14.962,18,16,5,3501952.5,79,74,104,91,103,102,101,100,20.478,20.456,22.572,22.508,4134.037,94057,30180,40675,633,11583,15,6,0,0,0,26,21,14,20,20,12,FALSE,0,FALSE
550.8949,26.898,26.328,22.264,20.698,14.956,18,16,5,3508611.2,79,75,96,84,103,102,101,100,20.482,20.458,22.585,22.516,4154.891,94057,30180,40675,567,11583,15,6,0,0,0,26,21,14,20,20,12,FALSE,0,FALSE
551.39746,26.933,26.358,22.297,20.724,14.949,18,16,5,3515068.2,81,77,87,78,103,102,101,100,20.485,20.459,22.593,22.521,4174.617,94057,30180,40675,567,11533,15,6,0,0,0,26,21,14,20,20,12,FALSE,0,FALSE
551.8951,26.962,26.385,22.311,20.737,14.938,18,16,5,3519475.5,78,75,78,72,103,102,101,100,20.489,20.461,22.597,22.522,4194.762,94057,30180,40675,650,11533,15,6,0,0,0,26,21,14,20,20,12,FALSE,0,FALSE
552.39716,27.003,26.425,22.324,20.749,14.925,18,16,5,3517623.8,81,79,73,70,103,102,101,100,20.491,20.462,22.598,22.522,4216.979,94057,30180,40675,650,11533,15,6,0,0,0,26,21,14,20,20,12,FALSE,0,FALSE
552.89764,27.031,26.453,22.325,20.751,14.912,18,16,5,3516685,74,73,69,68,103,103,101,100,20.493,20.464,22.597,22.519,4242.246,94057,30180,40675,684,11650,15,6,0,0,0,26,21,14,20,20,12,FALSE,0,FALSE
553.39716,27.052,26.474,22.326,20.752,14.898,18,16,5,3473563.2,72,72,67,67,103,102,101,100,20.492,20.463,22.593,22.516,4270.062,94057,30180,40675,684,11650,15,6,0,0,0,26,21,14,20,20,12,FALSE,0,FALSE
553.8946,27.068,26.491,22.326,20.752,14.886,18,16,5,3428427.5,71,71,67,67,103,102,101,100,20.49,20.461,22.589,22.513,4300.311,94057,30180,40675,683,11700,15,6,0,0,0,26,21,14,20,20,12,FALSE,0,FALSE
554.395,27.084,26.507,22.326,20.752,14.872,18,16,5,3372021.5,71,71,68,67,103,102,101,100,20.487,20.458,22.585,22.508,4332.584,94057,30180,40675,683,11700,15,6,0,0,0,26,21,14,20,20,12,FALSE,0,FALSE
554.8903,27.099,26.522,22.326,20.752,14.858,18,16,5,3314406.5,71,71,68,68,103,102,101,100,20.484,20.455,22.58,22.504,4366.818,94057,30180,40675,667,11683,15,6,0,0,0,26,21,14,20,20,12,FALSE,0,FALSE
555.3963,27.112,26.535,22.326,20.752,14.845,18,16,5,3262300.8,70,70,68,68,103,102,101,99,20.48,20.451,22.574,22.499,4402.605,94057,30180,40675,650,11683,15,6,0,0,0,26,21,14,20,20,12,FALSE,0,FALSE
555.8958,27.125,26.548,22.326,20.752,14.831,18,16,5,3204685.8,70,70,68,68,103,102,101,99,20.476,20.447,22.568,22.493,4439.83,94057,30180,40675,650,11650,15,6,0,0,0,26,21,14,20,20,12,FALSE,0,FALSE
556.3982,27.138,26.562,22.326,20.752,14.818,18,16,5,3147070.8,70,70,68,68,103,102,101,99,20.471,20.443,22.562,22.487,4478.418,94057,30180,40675,617,11650,15,6,0,0,0,26,21,14,20,20,12,FALSE,0,FALSE
556.8956,27.15,26.574,22.326,20.752,14.804,18,16,5,3089455.8,70,70,68,68,103,102,100,99,20.466,20.438,22.555,22.48,4518.221,94057,30180,40675,584,11634,15,6,0,0,0,26,21,14,20,20,12,FALSE,0,FALSE
557.3937,27.161,26.586,22.326,20.752,14.791,18,16,5,3037469.8,70,70,68,68,102,102,100,99,20.461,20.433,22.547,22.474,4559.062,94057,30180,40675,550,11550,15,6,0,0,0,26,21,14,20,20,12,FALSE,0,FALSE
557.8979,27.171,26.596,22.326,20.752,14.777,18,16,5,3010872.2,70,70,69,69,102,102,100,99,20.455,20.427,22.54,22.466,4600.668,94057,30180,40675,550,11550,15,6,0,0,0,26,21,14,20,20,12,FALSE,0,FALSE
558.39325,27.18,26.605,22.326,20.752,14.763,18,16,5,3002232.2,71,71,70,69,102,102,100,99,20.449,20.421,22.532,22.459,4642.859,94057,30180,40675,516,11516,15,6,0,0,0,26,21,14,20,20,12,FALSE,0,FALSE
558.8972,27.188,26.614,22.326,20.752,14.75,18,16,5,2993592.2,71,71,69,69,102,102,100,99,20.443,20.416,22.524,22.451,4685.553,94057,30180,40675,500,11516,15,6,0,0,0,26,21,14,20,20,12,FALSE,0,FALSE
559.3936,27.197,26.622,22.326,20.752,14.736,18,16,5,2984952.2,71,71,69,69,102,102,100,99,20.436,20.409,22.515,22.443,4728.676,94057,30180,40675,484,11467,15,6,0,0,0,26,21,14,20,20,12,FALSE,0,FALSE
559.8944,27.206,26.632,22.326,20.752,14.722,18,16,5,2976312.2,71,71,69,69,102,101,100,98,20.43,20.403,22.507,22.435,4772.152,94057,30180,40675,484,11467,15,6,0,0,0,26,21,14,20,20,12,FALSE,0,FALSE
560.3952,27.218,26.645,22.337,20.763,14.709,18,16,5,2977547.5,71,72,73,72,102,101,99,98,20.423,20.396,22.498,22.427,4815.68,94057,30180,40675,450,10716,15,6,0,0,0,26,21,14,20,20,12,FALSE,0,FALSE
560.8973,27.257,26.685,22.39,20.81,14.707,18,16,5,3011894.5,72,72,76,75,102,101,100,98,20.421,20.395,22.5,22.428,4852.518,94057,30180,40675,433,10683,15,6,0,0,0,26,21,14,20,20,12,FALSE,0,FALSE
561.3926,27.281,26.711,22.409,20.828,14.706,18,16,5,3040375.5,71,70,72,71,102,101,100,98,20.422,20.396,22.505,22.433,4881.07,94057,30180,40675,433,10700,15,6,0,0,0,26,21,14,20,20,12,FALSE,0,FALSE
561.8971,27.312,26.738,22.44,20.858,14.706,18,16,5,3063998,76,73,78,75,102,101,100,98,20.424,20.398,22.51,22.439,4903.648,94057,30180,40675,433,10700,15,6,0,0,0,26,21,14,20,20,12,FALSE,0,FALSE
562.39276,27.355,26.769,22.494,20.898,14.706,18,16,5,3074810,80,74,86,78,102,101,100,99,20.43,20.401,22.519,22.445,4921.873,94057,30180,40675,416,10700,15,6,0,0,0,26,21,14,20,20,12,FALSE,0,FALSE
562.8935,27.381,26.79,22.559,20.939,14.705,18,16,5,3081946.5,77,73,94,80,102,101,100,99,20.436,20.404,22.529,22.453,4943.684,94057,30180,40675,416,10683,15,6,0,0,0,26,21,14,20,20,12,FALSE,0,FALSE
563.3939,27.413,26.815,22.62,20.986,14.7,18,16,5,3088533.8,80,75,94,82,102,101,100,99,20.44,20.407,22.543,22.461,4964.195,94057,30180,40675,416,10683,15,6,0,0,0,26,21,14,20,20,12,FALSE,0,FALSE
563.8916,27.466,26.858,22.656,21.012,14.693,18,16,5,3095117.2,86,80,87,77,102,102,100,99,20.447,20.412,22.553,22.467,4981.631,94057,30180,40675,400,10616,15,6,0,0,0,26,21,14,20,20,12,FALSE,0,FALSE
564.39343,27.494,26.883,22.669,21.024,14.683,18,16,5,3100088.8,78,75,77,71,102,102,100,99,20.453,20.416,22.559,22.471,5000.963,94057,30180,40675,400,10616,15,6,0,0,0,26,21,14,20,20,12,FALSE,0,FALSE
564.89325,27.524,26.912,22.678,21.033,14.671,18,16,5,3100919.8,78,76,73,69,102,102,101,99,20.457,20.418,22.562,22.472,5021.744,94057,30180,40675,316,10616,15,6,0,0,0,26,21,14,20,20,12,FALSE,0,FALSE
566.3945,27.606,26.992,22.691,21.046,14.631,18,16,5,3025555.5,71,71,67,66,102,102,100,99,20.461,20.421,22.56,22.469,5100.576,94057,30180,40675,334,10650,15,6,0,0,0,26,21,14,20,20,12,FALSE,0,FALSE
566.89453,27.62,27.006,22.691,21.046,14.618,18,16,5,2997204.5,70,69,67,67,102,102,100,99,20.46,20.42,22.557,22.467,5132.156,94057,30180,40675,350,10650,15,6,0,0,0,26,21,14,20,20,12,FALSE,0,FALSE
567.39246,27.631,27.018,22.691,21.046,14.604,18,16,5,2988564.8,70,70,68,68,102,102,100,99,20.457,20.418,22.553,22.464,5165.398,94057,30180,40675,350,10650,15,6,0,0,0,26,21,14,20,20,12,FALSE,0,FALSE
567.8974,27.642,27.028,22.691,21.046,14.59,18,16,5,2979924.8,70,70,68,68,102,102,100,99,20.455,20.415,22.549,22.461,5200.162,94057,30180,40675,350,10650,15,6,0,0,0,26,21,14,20,20,12,FALSE,0,FALSE
568.39636,27.654,27.04,22.691,21.046,14.577,18,16,5,2945893.8,70,70,68,68,102,102,100,99,20.452,20.412,22.545,22.457,5236.203,94057,30180,40675,334,10650,15,6,0,0,0,26,21,14,20,20,12,FALSE,0,FALSE
568.8923,27.667,27.053,22.691,21.046,14.564,18,16,5,2888278.8,71,71,69,68,102,102,100,99,20.449,20.409,22.54,22.453,5273.527,94057,30180,40675,334,10650,15,6,0,0,0,26,21,14,20,20,12,FALSE,0,FALSE
569.3922,27.68,27.066,22.691,21.046,14.55,18,16,5,2830663.8,71,71,69,68,102,101,100,99,20.445,20.406,22.535,22.448,5312.102,94057,30180,40675,334,10650,15,6,0,0,0,26,21,14,20,20,12,FALSE,0,FALSE
569.8914,27.692,27.079,22.691,21.046,14.536,18,16,5,2773048.8,69,69,69,69,102,101,100,99,20.441,20.402,22.529,22.443,5351.84,94057,30180,40675,334,10650,14,6,0,0,0,26,21,14,20,20,12,FALSE,0,FALSE
570.39404,27.702,27.088,22.691,21.046,14.523,18,16,5,2753620.5,69,69,69,69,102,101,100,98,20.436,20.397,22.523,22.437,5392.504,94057,30180,40675,2050,10650,14,6,0,0,0,26,21,14,20,20,12,FALSE,0,FALSE
570.8892,27.71,27.097,22.691,21.046,14.51,18,16,6,2744980.5,69,69,69,69,102,101,100,98,20.43,20.392,22.516,22.431,24.994,93531,0,0,2050,10634,13,7,0,0,0,26,21,14,20,20,12,FALSE,0,FALSE
571.39197,27.719,27.105,22.691,21.046,14.496,18,16,6,2736340.5,69,69,69,69,102,101,100,98,20.424,20.386,22.509,22.424,67.037,93531,0,0,2050,10634,11,7,0,0,0,26,21,14,20,20,12,FALSE,0,FALSE
571.89215,27.728,27.114,22.691,21.046,14.482,18,16,6,2727700.5,69,68,69,69,102,101,100,98,20.417,20.38,22.501,22.417,109.621,93531,0,0,2050,10634,10,7,0,0,0,26,21,14,20,20,12,FALSE,0,FALSE
572.3885,27.737,27.123,22.691,21.046,14.468,18,16,6,2719060.5,69,69,69,69,102,101,99,98,20.411,20.373,22.494,22.409,152.746,93531,0,0,2050,10634,9,7,0,0,0,26,21,14,20,20,12,FALSE,0,FALSE
572.89264,27.746,27.131,22.691,21.046,14.454,18,16,6,2710420.5,69,69,69,69,101,101,99,98,20.404,20.367,22.485,22.401,196.346,93531,0,0,1016,10550,9,7,0,0,0,26,21,14,20,20,12,FALSE,0,FALSE
573.38983,27.754,27.14,22.691,21.046,14.44,18,16,6,2701780.5,69,69,69,69,101,101,99,98,20.396,20.36,22.477,22.393,240.359,93531,0,0,1000,10550,9,7,0,0,0,26,21,14,20,20,12,FALSE,0,FALSE
573.89325,27.763,27.149,22.691,21.046,14.427,18,16,6,2693140.5,70,69,70,70,101,100,99,98,20.389,20.352,22.468,22.385,284.707,93531,0,0,1000,10534,9,7,0,0,0,26,21,14,20,20,12,FALSE,0,FALSE
574.39496,27.771,27.157,22.691,21.046,14.413,18,16,6,2684500.5,69,69,70,69,101,100,99,97,20.381,20.345,22.459,22.376,329.371,93531,0,0,1017,10534,9,7,0,0,0,26,21,14,20,20,12,FALSE,0,FALSE
574.8928,27.78,27.165,22.691,21.046,14.399,18,16,6,2675862.2,69,68,69,69,101,100,99,97,20.373,20.337,22.449,22.367,374.312,93531,0,0,1017,10534,9,7,0,0,0,26,21,14,20,20,12,FALSE,0,FALSE
575.3937,27.789,27.174,22.691,21.046,14.385,18,16,6,2667312.8,70,69,69,69,101,100,98,97,20.365,20.329,22.44,22.358,419.445,93531,0,0,1017,10500,9,7,0,0,0,26,21,14,20,20,12,FALSE,0,FALSE
575.8934,27.797,27.182,22.691,21.046,14.371,18,16,6,2658889,69,69,69,69,101,100,98,97,20.356,20.32,22.43,22.349,464.762,93531,0,0,1017,10500,9,7,0,0,0,26,21,14,20,20,12,FALSE,0,FALSE
576.3929,27.805,27.19,22.691,21.046,14.358,18,16,6,2650601.5,69,69,69,69,100,100,98,97,20.347,20.312,22.42,22.339,510.277,93531,0,0,1034,10484,9,7,0,0,0,26,21,14,20,20,12,FALSE,0,FALSE
576.8904,27.814,27.198,22.691,21.046,14.344,18,16,6,2642433.8,69,69,70,69,100,100,98,97,20.338,20.303,22.41,22.329,555.957,93531,0,0,1034,10467,9,7,0,0,0,26,21,14,20,20,12,FALSE,0,FALSE
577.39526,27.829,27.213,22.705,21.06,14.332,18,16,6,2646989.2,71,72,74,73,100,99,98,97,20.329,20.294,22.4,22.32,601.309,93531,0,0,1034,10467,9,7,0,0,0,26,21,14,20,20,12,FALSE,0,FALSE
577.8929,27.872,27.248,22.751,21.11,14.33,18,16,6,2682125.2,73,72,75,74,100,99,98,97,20.328,20.293,22.403,22.323,639.254,93531,0,0,1034,10450,9,7,0,0,0,26,21,14,20,20,12,FALSE,0,FALSE
578.39014,27.897,27.27,22.768,21.126,14.33,18,16,6,2711458.5,70,70,71,71,100,99,98,97,20.329,20.295,22.408,22.328,668.785,93531,0,0,1034,10450,9,7,0,0,0,26,21,14,20,20,12,FALSE,0,FALSE
578.89514,27.908,27.281,22.773,21.131,14.329,18,16,6,2736386.8,68,68,69,69,100,99,98,97,20.331,20.297,22.413,22.333,692.34,93531,0,0,1000,10500,9,7,0,0,0,26,21,14,20,20,12,FALSE,0,FALSE
579.3907,27.922,27.294,22.786,21.145,14.329,18,16,6,2757653,70,69,72,70,100,99,98,97,20.332,20.298,22.417,22.338,711.117,93531,0,0,1000,10500,9,7,0,0,0,26,21,14,20,20,12,FALSE,0,FALSE
579.88885,27.953,27.319,22.838,21.184,14.329,18,16,6,2773922.8,76,73,85,78,100,100,98,97,20.336,20.302,22.425,22.344,725.059,93531,0,0,1000,10517,9,7,0,0,0,26,21,14,20,20,12,FALSE,0,FALSE
580.3939,27.972,27.334,22.898,21.229,14.329,18,16,6,2786356.5,76,72,96,85,100,100,98,97,20.343,20.306,22.438,22.354,736.492,93531,0,0,1000,10517,9,7,0,0,0,26,21,14,20,20,12,FALSE,0,FALSE
580.8924,27.982,27.342,22.937,21.258,14.327,18,16,6,2791494.5,74,70,98,86,100,100,99,97,20.347,20.309,22.453,22.366,751.59,93531,0,0,767,10517,9,7,0,0,0,26,21,14,20,20,12,FALSE,0,FALSE
581.39404,27.996,27.355,22.961,21.272,14.325,18,16,6,2796293,74,71,93,81,100,100,99,97,20.352,20.313,22.468,22.375,762.066,93531,0,0,767,10600,9,7,0,0,0,26,21,14,20,20,12,FALSE,0,FALSE
581.89246,28.009,27.366,22.968,21.278,14.321,18,16,6,2801286.2,74,71,84,75,101,100,99,98,20.356,20.315,22.479,22.383,772.004,93531,0,0,767,10600,9,7,0,0,0,26,21,14,20,20,12,FALSE,0,FALSE
582.3905,28.026,27.387,22.97,21.28,14.314,18,16,6,2805563,75,74,75,70,101,100,99,98,20.36,20.319,22.486,22.387,784.031,93531,0,0,767,10600,9,7,0,0,0,26,21,14,20,20,12,FALSE,0,FALSE
582.89215,28.045,27.413,22.97,21.28,14.305,18,16,6,2808684.2,75,76,70,68,101,100,99,98,20.364,20.323,22.489,22.39,798.52,93531,0,0,684,10600,9,7,0,0,0,26,21,14,20,20,12,FALSE,0,FALSE
583.3953,28.061,27.431,22.976,21.288,14.295,18,16,6,2816005.8,73,74,68,69,101,100,99,98,20.368,20.328,22.49,22.392,815.781,93531,0,0,684,10600,9,7,0,0,0,26,21,14,20,20,12,FALSE,0,FALSE
583.8917,28.09,27.463,22.995,21.31,14.286,18,16,6,2827269.5,76,78,71,74,101,100,99,98,20.371,20.331,22.491,22.394,835.484,93531,0,0,684,10600,9,7,0,0,0,26,21,14,20,20,12,FALSE,0,FALSE
584.3946,28.12,27.499,23.017,21.335,14.277,18,16,6,2833762.2,75,79,73,76,101,100,99,98,20.374,20.337,22.493,22.398,862.105,93531,0,0,600,10600,9,7,0,0,0,26,21,14,20,20,12,FALSE,0,FALSE
584.89264,28.146,27.529,23.033,21.351,14.266,18,16,6,2840044.5,73,77,71,73,101,100,99,98,20.377,20.342,22.494,22.401,882.828,93531,0,0,600,10600,9,7,0,0,0,26,21,14,20,20,12,FALSE,0,FALSE
585.394,28.177,27.562,23.046,21.365,14.254,18,16,6,2841492.5,75,77,70,72,101,100,99,98,20.378,20.346,22.494,22.403,906.309,93531,0,0,567,10600,9,7,0,0,0,26,21,14,20,20,12,FALSE,0,FALSE
585.892,28.217,27.607,23.052,21.369,14.241,18,16,6,2843013.5,77,78,67,68,101,100,99,98,20.381,20.349,22.493,22.403,932.465,93531,0,0,567,10600,9,7,0,0,0,26,21,14,20,20,12,FALSE,0,FALSE
586.395,28.252,27.639,23.063,21.378,14.227,18,16,6,2837107.2,75,74,70,68,101,100,99,98,20.383,20.351,22.492,22.401,961.672,93531,0,0,566,10600,9,7,0,0,0,26,21,14,20,20,12,FALSE,0,FALSE
586.8919,28.293,27.674,23.093,21.408,14.213,18,16,6,2829792.8,78,74,75,72,101,100,99,98,20.385,20.352,22.491,22.4,991.211,93531,0,0,600,10650,9,7,0,0,0,26,21,14,20,20,12,FALSE,0,FALSE
587.39496,28.333,27.708,23.112,21.426,14.2,18,16,6,2821781.2,73,71,71,69,101,100,99,98,20.387,20.353,22.49,22.399,1022.129,93531,0,0,600,10650,9,7,0,0,0,26,21,14,20,20,12,FALSE,0,FALSE
587.888,28.349,27.722,23.113,21.428,14.187,18,16,6,2818991.2,69,68,68,67,101,100,99,98,20.385,20.351,22.487,22.396,1054.781,93531,0,0,617,10667,9,7,0,0,0,26,21,14,20,20,12,FALSE,0,FALSE
588.3909,28.362,27.733,23.113,21.428,14.173,18,16,6,2810351.2,68,68,68,67,101,100,99,98,20.382,20.348,22.483,22.391,1089.023,93531,0,0,617,10667,9,7,0,0,0,26,21,14,20,20,12,FALSE,0,FALSE
588.893,28.374,27.745,23.113,21.428,14.16,18,16,6,2807208.2,68,68,68,67,101,100,99,98,20.378,20.344,22.478,22.387,1124.68,93531,0,0,617,10650,9,7,0,0,0,26,21,14,20,20,12,FALSE,0,FALSE
589.39264,28.384,27.755,23.113,21.428,14.146,18,16,6,2798568.2,68,68,68,68,101,100,99,98,20.374,20.34,22.472,22.382,1161.516,93531,0,0,633,10650,9,7,0,0,0,26,21,14,20,20,12,FALSE,0,FALSE
589.893,28.394,27.765,23.113,21.428,14.132,18,16,6,2789928.2,68,68,68,68,101,100,99,97,20.37,20.336,22.466,22.376,1199.531,93531,0,0,633,10666,9,7,0,0,0,26,21,14,20,20,12,FALSE,0,FALSE
590.3962,28.404,27.775,23.113,21.428,14.119,18,16,6,2781288.2,68,68,68,68,101,100,99,97,20.365,20.331,22.46,22.371,1238.605,93531,0,0,633,10666,9,7,0,0,0,26,21,14,20,20,12,FALSE,0,FALSE
590.8933,28.413,27.785,23.113,21.428,14.105,18,16,6,2772648.2,68,68,68,68,101,100,99,97,20.36,20.326,22.453,22.364,1278.621,93531,0,0,650,10650,9,7,0,0,0,26,21,14,20,20,12,FALSE,0,FALSE
591.39404,28.421,27.794,23.113,21.428,14.092,18,16,6,2769532.5,68,68,68,68,100,100,99,97,20.354,20.321,22.446,22.358,1319.453,93531,0,0,650,10600,9,7,0,0,0,26,21,14,20,20,12,FALSE,0,FALSE
591.89484,28.43,27.803,23.113,21.428,14.078,18,16,6,2760892.5,68,68,69,68,100,100,98,97,20.348,20.316,22.439,22.351,1360.891,93531,0,0,634,10600,9,7,0,0,0,26,21,14,20,20,12,FALSE,0,FALSE
592.3895,28.443,27.816,23.122,21.435,14.065,18,16,6,2759115,70,70,72,71,100,100,98,97,20.342,20.31,22.431,22.344,1402.863,93531,0,0,634,10567,9,7,0,0,0,26,21,14,20,20,12,FALSE,0,FALSE
592.8921,28.482,27.847,23.174,21.474,14.063,18,16,6,2792453.2,72,71,75,73,100,100,98,97,20.342,20.309,22.434,22.346,1438.895,93531,0,0,650,10567,9,7,0,0,0,26,21,14,20,20,12,FALSE,0,FALSE
593.3947,28.499,27.866,23.188,21.483,14.062,18,16,6,2820777,69,69,71,69,100,100,98,97,20.343,20.31,22.438,22.35,1467.52,93531,0,0,650,10633,9,7,0,0,0,26,21,14,20,20,12,FALSE,0,FALSE
593.89215,28.518,27.881,23.206,21.501,14.062,18,16,6,2845809.8,72,68,73,71,100,100,99,97,20.344,20.312,22.442,22.354,1491.102,93531,0,0,650,10633,9,7,0,0,0,26,21,14,20,20,12,FALSE,0,FALSE
594.3922,28.549,27.903,23.25,21.537,14.062,18,16,6,2865502.5,76,71,82,76,100,100,99,97,20.348,20.314,22.448,22.359,1510.305,93531,0,0,666,10633,9,7,0,0,0,26,21,14,20,20,12,FALSE,0,FALSE
594.891,28.582,27.925,23.316,21.591,14.062,18,16,6,2874338.8,79,71,91,84,100,100,99,97,20.354,20.317,22.459,22.367,1529.004,93531,0,0,666,10633,9,7,0,0,0,26,21,14,20,20,12,FALSE,0,FALSE
595.39465,28.62,27.951,23.386,21.646,14.062,18,16,6,2882415.5,81,73,98,88,101,100,99,97,20.361,20.32,22.472,22.378,1556.27,93531,0,0,617,10667,9,7,0,0,0,26,21,14,20,20,12,FALSE,0,FALSE
595.89484,28.642,27.968,23.436,21.682,14.057,18,16,6,2888548,78,72,95,84,101,100,99,98,20.367,20.323,22.485,22.387,1573.926,93531,0,0,617,10634,9,7,0,0,0,26,21,14,20,20,12,FALSE,0,FALSE
596.3931,28.672,27.993,23.468,21.706,14.051,18,16,6,2894759,79,74,88,79,101,100,99,98,20.372,20.326,22.496,22.394,1590.555,93531,0,0,617,10634,9,7,0,0,0,26,21,14,20,20,12,FALSE,0,FALSE
596.8928,28.706,28.02,23.486,21.721,14.044,18,16,6,2901033.2,79,74,79,73,101,100,100,98,20.379,20.33,22.503,22.399,1606.793,93531,0,0,567,10634,9,7,0,0,0,26,21,14,20,20,12,FALSE,0,FALSE
597.391,28.727,28.042,23.493,21.728,14.033,18,16,6,2902457.2,76,73,73,70,101,100,100,98,20.382,20.332,22.506,22.401,1625.613,93531,0,0,567,10634,9,7,0,0,0,26,21,14,20,20,12,FALSE,0,FALSE
597.8908,28.756,28.07,23.498,21.734,14.021,18,16,6,2899364.5,77,75,70,67,101,100,100,98,20.386,20.335,22.507,22.401,1647.172,93531,0,0,567,10634,9,7,0,0,0,26,21,14,20,20,12,FALSE,0,FALSE
598.3933,28.792,28.106,23.499,21.735,14.007,18,16,6,2895711.8,75,75,67,65,101,100,100,98,20.389,20.338,22.506,22.4,1671.289,93531,0,0,567,10634,9,7,0,0,0,26,21,14,20,20,12,FALSE,0,FALSE
599.38605,28.828,28.141,23.501,21.735,13.981,18,16,6,2888302,71,70,67,67,101,100,100,98,20.389,20.339,22.5,22.395,1727.199,93531,0,0,566,10650,9,7,0,0,0,26,21,14,20,20,12,FALSE,0,FALSE
599.8934,28.846,28.163,23.511,21.745,13.968,18,16,6,2885948.8,70,72,68,70,101,100,99,98,20.387,20.338,22.497,22.393,1758.008,93531,0,0,550,10650,9,7,0,0,0,26,21,14,20,20,12,FALSE,0,FALSE
600.895,28.902,28.233,23.558,21.791,13.94,18,16,6,2868796.2,72,76,72,73,101,100,99,98,20.384,20.339,22.492,22.391,1825.32,93531,30006,0,567,10633,9,7,0,0,0,26,21,14,20,20,12,FALSE,0,FALSE
601.3954,28.944,28.273,23.612,21.834,13.938,18,16,6,2895787.5,75,73,81,76,101,100,99,98,20.384,20.34,22.493,22.391,1857.82,93531,30006,0,567,10633,9,7,0,0,0,26,21,14,20,20,12,FALSE,0,FALSE
601.895,29.012,28.325,23.708,21.912,13.938,18,16,6,2912061.5,83,77,92,83,101,100,99,98,20.389,20.343,22.499,22.396,1885.129,93531,30006,0,584,10633,9,7,0,0,0,26,21,14,20,20,12,FALSE,0,FALSE
602.39294,29.072,28.359,23.784,21.988,13.937,18,16,6,2922133.5,85,72,88,86,101,100,100,98,20.394,20.345,22.507,22.401,1913.391,93531,30006,0,584,10634,9,7,0,0,0,26,21,14,20,20,12,FALSE,0,FALSE
602.89404,29.124,28.397,23.859,22.044,13.932,18,16,6,2928756,81,74,89,81,101,100,100,98,20.4,20.346,22.514,22.406,1941.016,93531,30006,0,567,10634,9,7,0,0,0,26,21,14,20,20,12,FALSE,0,FALSE
603.3927,29.163,28.427,23.89,22.071,13.923,18,16,6,2933052.5,77,72,78,73,101,100,100,98,20.403,20.347,22.518,22.408,1966.172,93531,30006,0,567,10683,9,7,0,0,0,26,21,14,20,20,12,FALSE,0,FALSE
603.8919,29.183,28.447,23.897,22.079,13.91,18,16,6,2928992,72,71,70,70,101,100,100,98,20.404,20.346,22.517,22.406,1992.828,93531,30006,0,567,10683,9,7,0,0,0,26,21,14,20,20,12,FALSE,0,FALSE
604.39124,29.226,28.501,23.956,22.154,13.9,18,16,6,2934281,76,80,79,86,101,100,100,98,20.403,20.346,22.516,22.408,2022.469,93531,30006,0,567,10683,9,7,0,0,0,26,21,14,20,20,12,FALSE,0,FALSE
604.8917,29.281,28.567,24.021,22.238,13.89,18,16,6,2939283.8,78,82,80,87,101,100,100,98,20.404,20.35,22.516,22.412,2052.648,93531,30006,0,500,10717,9,7,0,0,0,26,21,14,19,20,12,FALSE,0,FALSE
605.3911,29.331,28.627,24.065,22.29,13.877,18,16,6,2941795.2,76,80,75,80,101,100,100,98,20.405,20.353,22.516,22.415,2081.594,93531,30006,0,534,10717,9,7,0,0,0,26,21,14,19,20,12,FALSE,0,FALSE
605.8919,29.362,28.664,24.085,22.31,13.864,18,16,6,2939529,71,75,71,72,101,100,100,98,20.403,20.354,22.513,22.414,2112.039,93531,30006,0,534,10800,9,7,0,0,0,26,21,14,19,20,12,FALSE,0,FALSE
606.39014,29.382,28.689,24.097,22.321,13.851,18,16,6,2931060.2,70,73,70,70,101,100,100,98,20.4,20.353,22.508,22.41,2144.223,93531,30006,0,566,10850,9,7,0,0,0,26,21,14,19,20,12,FALSE,0,FALSE
606.89386,29.406,28.717,24.125,22.346,13.841,18,16,6,2938628.8,72,74,75,75,101,100,100,98,20.397,20.351,22.504,22.407,2176.875,93531,30006,0,566,10850,9,7,0,0,0,26,21,14,19,20,12,FALSE,0,FALSE
607.3944,29.425,28.737,24.139,22.36,13.84,18,16,6,2966251,70,70,72,71,101,100,100,98,20.397,20.352,22.506,22.409,2203.297,93531,30006,0,584,10850,9,7,0,0,0,26,21,14,19,20,12,FALSE,0,FALSE
607.89166,29.437,28.747,24.146,22.368,13.839,18,16,6,2989677.5,69,69,71,69,101,100,100,98,20.397,20.352,22.508,22.412,2224.34,93531,30006,0,584,10884,9,7,0,0,0,26,21,14,19,20,12,FALSE,0,FALSE
608.394,29.447,28.754,24.155,22.377,13.839,18,16,6,3009472,69,67,71,69,101,100,100,98,20.397,20.352,22.511,22.414,2241.66,93531,30006,0,584,10884,9,7,0,0,0,26,21,14,19,20,12,FALSE,0,FALSE
608.89453,29.464,28.766,24.18,22.399,13.839,18,16,6,3025369.2,73,68,77,73,101,100,100,98,20.399,20.352,22.514,22.418,2255.312,93531,30006,0,584,10884,9,7,0,0,0,26,21,14,19,20,12,FALSE,0,FALSE
609.39154,29.482,28.779,24.221,22.428,13.839,18,16,6,3035195,74,69,86,77,101,100,100,98,20.402,20.353,22.521,22.423,2266.012,93531,30006,0,517,11033,9,7,0,0,0,26,21,14,19,20,12,FALSE,0,FALSE
610.3915,29.508,28.801,24.287,22.471,13.835,18,16,6,3045959.5,74,70,89,78,101,101,100,98,20.407,20.356,22.542,22.435,2295.512,93531,30006,0,517,11033,9,7,0,0,0,26,21,14,19,20,12,FALSE,0,FALSE
610.8921,29.522,28.811,24.296,22.478,13.831,18,16,6,3051714.8,74,70,82,74,102,101,100,98,20.41,20.357,22.55,22.439,2308.547,93531,30006,0,517,11033,9,7,0,0,0,26,21,14,19,20,12,FALSE,0,FALSE
611.3906,29.533,28.822,24.302,22.484,13.825,18,16,6,3058234.2,73,70,76,70,102,101,100,99,20.412,20.357,22.554,22.442,2321.441,93531,30006,0,300,11150,9,7,0,0,0,26,21,14,19,20,12,FALSE,0,FALSE
611.8935,29.557,28.849,24.307,22.489,13.816,18,16,6,3064265.5,77,76,72,68,102,101,100,99,20.414,20.359,22.556,22.443,2336,93531,30006,0,300,11150,9,7,0,0,0,26,21,14,19,20,12,FALSE,0,FALSE
612.39154,29.608,28.9,24.31,22.492,13.805,18,16,6,3072032.2,84,83,69,66,102,101,100,99,20.42,20.365,22.557,22.442,2352.84,93531,30006,0,300,11150,9,7,0,0,0,26,21,14,19,20,12,FALSE,0,FALSE
612.89594,29.643,28.94,24.31,22.493,13.792,18,16,6,3077410.8,80,81,67,66,102,101,100,99,20.426,20.371,22.555,22.441,2372.531,93531,30006,0,300,11116,9,7,0,0,0,26,21,14,19,20,12,FALSE,0,FALSE
613.3907,29.672,28.973,24.311,22.493,13.78,18,16,6,3079760,76,76,66,66,102,101,100,98,20.43,20.375,22.553,22.439,2394.961,93531,30006,0,233,11116,9,7,0,0,0,26,21,14,19,20,12,FALSE,0,FALSE
613.88885,29.691,28.995,24.311,22.493,13.766,18,16,6,3074542.8,72,72,66,66,102,101,100,98,20.431,20.376,22.55,22.437,2420.043,93531,30006,0,233,11083,9,7,0,0,0,26,21,14,19,20,12,FALSE,0,FALSE
614.39136,29.707,29.012,24.311,22.493,13.753,18,16,6,3073807.8,70,70,66,66,102,101,100,98,20.43,20.376,22.546,22.435,2447.355,93531,30006,0,167,11083,9,7,0,0,0,26,21,14,19,20,12,FALSE,0,FALSE
614.8921,29.721,29.026,24.311,22.493,13.739,18,16,6,3066559,69,69,66,66,102,101,100,98,20.428,20.374,22.542,22.431,2476.785,93531,30006,0,167,11066,9,7,0,0,0,26,21,14,19,20,12,FALSE,0,FALSE
615.3891,29.733,29.038,24.311,22.493,13.726,18,16,6,3063871,69,69,66,66,102,101,100,98,20.425,20.372,22.538,22.427,2507.949,93531,30006,0,133,11084,9,7,0,0,0,26,21,14,19,20,12,FALSE,0,FALSE
615.89404,29.745,29.052,24.312,22.494,13.713,18,16,6,3055255,69,69,67,67,102,101,100,98,20.422,20.369,22.533,22.423,2540.828,93531,30006,0,134,11084,9,7,0,0,0,26,21,14,19,20,12,FALSE,0,FALSE
616.38934,29.765,29.077,24.327,22.507,13.699,18,16,6,3046615,69,72,69,69,102,101,100,98,20.419,20.367,22.528,22.419,2575.273,93531,30006,0,134,11083,9,7,0,0,0,26,21,14,19,20,12,FALSE,0,FALSE
616.8925,29.797,29.118,24.36,22.541,13.685,18,16,6,3040236.2,71,74,72,74,102,101,100,98,20.416,20.366,22.523,22.416,2610.43,93531,30006,0,150,11100,9,7,0,0,0,26,21,14,19,20,12,FALSE,0,FALSE
617.395,29.836,29.165,24.411,22.588,13.683,18,16,6,3069699,73,75,76,77,102,101,100,98,20.415,20.367,22.524,22.418,2643.348,93531,30006,0,167,11100,9,7,0,0,0,26,21,14,19,20,12,FALSE,0,FALSE
617.89453,29.874,29.209,24.447,22.624,13.682,18,16,6,3095819.2,74,77,76,78,102,101,100,98,20.417,20.371,22.528,22.424,2670.27,93531,30006,0,167,11100,9,7,0,0,0,26,21,14,19,20,12,FALSE,0,FALSE
618.3912,29.887,29.226,24.458,22.635,13.681,18,16,6,3118584.5,70,72,71,73,102,101,100,98,20.419,20.375,22.531,22.429,2690.98,93531,30006,0,167,11183,9,7,0,0,0,26,21,14,19,20,12,FALSE,0,FALSE
618.8919,29.892,29.234,24.464,22.64,13.681,18,16,6,3138305.8,67,69,69,71,102,101,100,98,20.42,20.377,22.534,22.433,2707.691,93531,30006,0,233,11350,9,7,0,0,0,26,21,14,19,20,12,FALSE,0,FALSE
619.39374,29.908,29.25,24.472,22.648,13.681,18,16,6,3153367.8,70,72,69,71,102,101,100,98,20.42,20.379,22.536,22.437,2721.062,93531,30006,0,233,11350,9,7,0,0,0,26,21,14,19,20,12,FALSE,0,FALSE
619.89386,29.914,29.258,24.481,22.657,13.681,18,16,6,3161349.2,68,71,69,72,102,101,100,99,20.422,20.382,22.538,22.441,2731.004,93531,30006,0,233,11350,9,7,0,0,0,26,21,14,19,20,12,FALSE,0,FALSE
620.89557,29.93,29.275,24.501,22.693,13.679,18,16,6,3171050.8,69,71,71,79,102,101,100,99,20.422,20.385,22.542,22.451,2760.77,93531,30006,0,234,11350,9,7,0,0,0,26,21,14,19,20,12,FALSE,0,FALSE
621.39264,29.941,29.289,24.507,22.699,13.676,18,16,6,3176023.2,70,72,70,76,102,101,100,99,20.424,20.388,22.543,22.456,2771.598,93531,30006,0,234,11583,9,7,0,0,0,26,21,14,19,20,12,FALSE,0,FALSE
621.8914,29.95,29.297,24.51,22.703,13.671,18,16,6,3181172.8,69,71,68,72,102,101,100,99,20.424,20.39,22.544,22.46,2782.125,93531,30006,0,234,11583,9,7,0,0,0,26,21,14,19,20,12,FALSE,0,FALSE
622.3903,29.962,29.308,24.513,22.705,13.663,18,16,6,3187223.8,70,71,67,69,102,101,100,99,20.425,20.392,22.544,22.462,2795.16,93531,30006,0,234,11583,9,7,0,0,0,26,21,14,19,20,12,FALSE,0,FALSE
622.8931,29.992,29.334,24.514,22.706,13.654,18,16,6,3192981,76,76,65,67,102,101,100,99,20.427,20.394,22.543,22.462,2810.594,93531,30006,0,333,11583,9,7,0,0,0,26,21,14,19,20,12,FALSE,0,FALSE
623.3918,30.024,29.365,24.514,22.706,13.642,18,16,6,3198567.5,80,79,65,66,102,101,100,99,20.43,20.397,22.541,22.462,2828.594,93531,30006,0,333,11583,9,7,0,0,0,26,21,14,19,20,12,FALSE,0,FALSE
623.8921,30.076,29.416,24.515,22.706,13.63,18,16,6,3190787.8,82,82,65,65,102,101,100,99,20.436,20.403,22.539,22.46,2849.23,93531,30006,0,333,11616,9,7,0,0,0,26,21,14,19,20,12,FALSE,0,FALSE
624.39294,30.127,29.469,24.515,22.707,13.618,18,16,6,3169901.2,80,80,65,65,102,102,100,99,20.442,20.409,22.536,22.458,2872.758,93531,30006,0,350,11616,9,7,0,0,0,26,21,14,19,20,12,FALSE,0,FALSE
624.89154,30.152,29.493,24.515,22.707,13.605,18,16,6,3131617,73,73,66,66,102,102,100,99,20.444,20.412,22.533,22.456,2898.977,93531,30006,0,350,11617,9,7,0,0,0,26,21,14,19,20,12,FALSE,0,FALSE
625.39246,30.174,29.515,24.515,22.707,13.591,18,16,6,3084853,70,70,66,66,102,102,100,99,20.443,20.411,22.53,22.453,2927.934,93531,30006,0,333,11617,9,7,0,0,0,26,21,14,19,20,12,FALSE,0,FALSE
625.89465,30.192,29.533,24.515,22.707,13.578,18,16,6,3036426.2,70,69,67,67,102,102,100,99,20.441,20.41,22.526,22.45,2959.203,93531,30006,0,317,11600,9,7,0,0,0,26,21,14,19,20,12,FALSE,0,FALSE
626.3916,30.208,29.549,24.515,22.707,13.565,18,16,6,2984086,69,69,67,67,102,101,100,99,20.439,20.408,22.522,22.446,2992.688,93531,30006,0,317,11600,9,7,0,0,0,26,21,14,19,20,12,FALSE,0,FALSE
626.89264,30.222,29.563,24.515,22.707,13.552,18,16,6,2926471,69,69,67,67,102,101,100,99,20.436,20.405,22.518,22.442,3027.918,93531,30006,0,300,11584,9,7,0,0,0,26,21,14,19,20,12,FALSE,0,FALSE
627.3913,30.236,29.578,24.515,22.707,13.538,18,16,6,2868856,69,69,68,68,102,101,100,98,20.432,20.402,22.513,22.437,3064.898,93531,30006,0,283,11566,9,7,0,0,0,26,21,14,19,20,12,FALSE,0,FALSE
627.8921,30.249,29.592,24.515,22.707,13.524,18,16,6,2811241,69,68,68,68,102,101,100,98,20.428,20.398,22.507,22.433,3103.473,93531,30006,0,283,11566,9,7,0,0,0,26,21,14,19,20,12,FALSE,0,FALSE
628.3937,30.261,29.605,24.515,22.707,13.511,18,16,6,2762387,68,68,68,68,102,101,100,98,20.424,20.394,22.501,22.427,3143.422,93531,30006,0,284,11550,9,7,0,0,0,26,21,14,19,20,12,FALSE,0,FALSE
628.8893,30.27,29.614,24.515,22.707,13.498,18,16,6,2753747,68,68,68,68,102,101,99,98,20.419,20.389,22.495,22.421,3184.277,93531,30006,0,283,11533,9,7,0,0,0,26,21,14,19,20,12,FALSE,0,FALSE
629.3901,30.279,29.623,24.515,22.707,13.484,18,16,6,2745107,68,68,68,68,102,101,99,98,20.414,20.384,22.488,22.415,3225.965,93531,30006,0,284,11533,9,7,0,0,0,26,21,14,19,20,12,FALSE,0,FALSE
629.8896,30.288,29.632,24.515,22.707,13.47,18,16,6,2736467,68,68,68,68,101,101,99,98,20.408,20.378,22.481,22.408,3268.414,93531,30006,0,284,11517,9,7,0,0,0,26,21,14,19,20,12,FALSE,0,FALSE
630.39124,30.297,29.641,24.515,22.707,13.456,18,16,6,2727827,68,68,69,68,101,101,99,98,20.402,20.373,22.473,22.401,3311.574,93531,30006,0,283,11467,9,7,0,0,0,26,21,14,19,20,12,FALSE,0,FALSE
630.8885,30.313,29.656,24.533,22.725,13.445,18,16,6,2734730.8,71,70,73,73,101,101,99,98,20.396,20.367,22.467,22.395,3354.723,93531,30006,0,283,11467,9,7,0,0,0,26,21,14,19,20,12,FALSE,0,FALSE
631.3894,30.349,29.694,24.582,22.771,13.443,18,16,6,2768291.8,72,72,76,75,101,101,99,98,20.396,20.367,22.47,22.398,3390.496,93531,30006,0,300,11417,9,7,0,0,0,26,21,14,19,20,12,FALSE,0,FALSE
631.88916,30.37,29.717,24.603,22.79,13.442,18,16,6,2796482.5,69,71,72,72,101,101,99,98,20.398,20.369,22.475,22.404,3418.234,93531,30006,0,300,11417,9,7,0,0,0,26,21,14,19,20,12,FALSE,0,FALSE
632.3887,30.393,29.748,24.641,22.836,13.442,18,16,6,2821240.2,71,75,77,82,101,101,99,98,20.399,20.372,22.481,22.411,3441.074,93531,30006,0,300,11467,9,7,0,0,0,26,21,14,19,20,12,FALSE,0,FALSE
632.8921,30.428,29.792,24.708,22.928,13.441,18,16,6,2835263.5,75,80,86,97,101,101,99,98,20.403,20.379,22.489,22.423,3461.477,93531,30006,0,317,11467,9,7,0,0,0,26,21,14,19,20,12,FALSE,0,FALSE
633.3917,30.451,29.822,24.75,22.985,13.436,18,16,6,2842072.8,74,79,82,92,101,101,99,98,20.406,20.385,22.499,22.438,3484.223,93531,30006,0,317,11467,9,7,0,0,0,26,21,14,19,20,12,FALSE,0,FALSE
634.39075,30.505,29.886,24.795,23.039,13.418,18,16,6,2854938,75,79,74,79,102,101,100,99,20.412,20.396,22.509,22.455,3526.051,93531,30006,0,383,11533,9,7,0,0,0,26,21,14,19,20,12,FALSE,0,FALSE
634.8894,30.542,29.926,24.814,23.06,13.406,18,16,6,2858573.8,77,80,73,76,102,101,100,99,20.416,20.401,22.511,22.459,3548.293,93531,30006,0,466,11633,9,7,0,0,0,26,21,14,19,20,12,FALSE,0,FALSE
635.3952,30.596,29.988,24.848,23.097,13.393,18,16,6,2864587.2,80,85,75,78,102,101,100,99,20.42,20.407,22.514,22.464,3572.16,93531,30006,0,466,11633,9,7,0,0,0,26,21,14,19,20,12,FALSE,0,FALSE
635.89233,30.639,30.038,24.88,23.131,13.381,18,16,6,2870651.8,77,82,75,78,102,102,100,99,20.423,20.414,22.516,22.467,3597.543,93531,30006,0,500,11650,9,7,0,0,0,26,21,14,19,20,12,FALSE,0,FALSE
636.3925,30.694,30.101,24.911,23.164,13.367,18,16,6,2864146.8,77,82,74,76,102,102,100,99,20.427,20.42,22.517,22.47,3624.758,93531,30006,0,500,11650,9,7,0,0,0,26,21,14,19,20,12,FALSE,0,FALSE
636.8925,30.734,30.149,24.943,23.196,13.353,18,16,6,2856825.2,75,80,74,76,102,102,100,99,20.429,20.423,22.518,22.472,3653.973,93531,30006,0,517,11650,9,7,0,0,0,26,21,14,19,20,12,FALSE,0,FALSE
637.3922,30.769,30.192,24.97,23.222,13.341,18,16,6,2854322,72,77,73,73,102,102,100,99,20.429,20.426,22.517,22.472,3685.172,93531,30006,0,517,11684,9,7,0,0,0,26,21,14,19,20,12,FALSE,0,FALSE
637.8907,30.786,30.214,24.977,23.228,13.327,18,16,6,2845768.8,70,71,69,68,102,102,100,99,20.427,20.426,22.515,22.47,3717.891,93531,30006,0,534,11684,9,7,0,0,0,26,21,14,19,20,12,FALSE,0,FALSE
638.39075,30.828,30.248,25.023,23.271,13.313,18,16,6,2837128.8,78,75,81,76,102,102,100,99,20.426,20.425,22.513,22.468,3751.633,93531,30006,0,550,11683,9,7,0,0,0,26,21,14,19,20,12,FALSE,0,FALSE
638.8909,30.941,30.345,25.163,23.391,13.299,18,16,6,2828488.8,89,83,93,86,102,102,100,99,20.43,20.427,22.518,22.47,3785.625,93531,30006,0,550,11683,9,7,0,0,0,26,21,14,19,20,12,FALSE,0,FALSE
639.3934,31.041,30.429,25.28,23.497,13.285,18,16,6,2819848.8,86,81,90,85,102,102,100,99,20.436,20.43,22.523,22.473,3820.77,93531,30006,0,583,11683,9,7,0,0,0,26,21,14,19,20,12,FALSE,0,FALSE
639.89026,31.137,30.51,25.391,23.596,13.272,18,16,6,2811208.8,85,80,89,84,102,102,100,99,20.44,20.431,22.526,22.474,3856.953,93531,30006,0,617,11700,9,7,0,0,0,26,21,14,19,20,12,FALSE,0,FALSE
640.3904,31.23,30.587,25.502,23.695,13.259,18,16,6,2808011.2,84,79,89,83,102,102,100,99,20.443,20.432,22.528,22.475,3893.57,93531,30006,0,617,11717,9,7,0,0,0,26,21,14,19,20,12,FALSE,0,FALSE
640.89197,31.321,30.664,25.608,23.79,13.245,18,16,6,2799371.2,84,79,87,82,102,102,100,99,20.445,20.432,22.53,22.475,3929.793,93531,30006,0,633,11717,9,7,0,0,0,26,21,14,19,20,12,FALSE,0,FALSE
641.8895,31.429,30.753,25.699,23.878,13.218,18,16,6,2782091.2,71,71,71,69,102,102,100,99,20.444,20.428,22.526,22.468,4001.867,93531,30006,0,650,11733,9,7,0,0,0,26,21,14,19,20,12,FALSE,0,FALSE
642.39325,31.446,30.767,25.712,23.891,13.207,18,16,6,2792428.2,72,70,72,71,102,102,100,99,20.439,20.423,22.52,22.462,4038.703,93531,30006,41350,666,11733,9,7,0,0,0,26,21,14,19,20,12,FALSE,0,FALSE
642.89343,31.483,30.796,25.745,23.925,13.206,18,16,6,2823955,74,71,76,74,102,102,100,99,20.438,20.421,22.519,22.461,4069.906,93531,30006,41350,666,11733,9,7,0,0,0,26,21,14,19,20,12,FALSE,0,FALSE
643.39105,31.531,30.833,25.804,23.979,13.206,18,16,6,2851732.2,80,75,85,80,102,102,100,99,20.441,20.421,22.524,22.464,4095.41,93531,30006,41350,633,11717,9,7,0,0,0,26,21,14,19,20,12,FALSE,0,FALSE
643.8912,31.588,30.878,25.899,24.053,13.206,18,16,6,2874774.5,84,78,98,88,102,102,100,99,20.447,20.424,22.533,22.471,4116.93,93531,30006,41350,633,11717,9,7,0,0,0,26,21,14,19,20,12,FALSE,0,FALSE
644.39166,31.62,30.901,25.988,24.121,13.205,18,16,6,2891767.8,79,74,103,91,102,102,100,99,20.453,20.428,22.548,22.481,4135.602,93531,30006,41350,633,11717,9,7,0,0,0,26,21,14,19,20,12,FALSE,0,FALSE
644.88873,31.647,30.924,26.051,24.166,13.199,18,16,6,2898170,79,75,100,86,102,102,101,99,20.457,20.43,22.562,22.49,4155.047,93531,30006,41350,500,11717,9,7,0,0,0,26,21,14,19,20,12,FALSE,0,FALSE
645.3932,31.678,30.95,26.078,24.187,13.192,18,16,6,2904543,79,75,87,78,102,102,101,99,20.462,20.432,22.572,22.496,4173.406,93531,30006,41350,500,11600,9,7,0,0,0,26,21,14,19,20,12,FALSE,0,FALSE
645.89197,31.707,30.977,26.096,24.202,13.182,18,16,6,2909493.2,79,75,79,73,103,102,101,99,20.465,20.434,22.577,22.498,4192.395,93531,30006,41350,633,11600,9,7,0,0,0,26,21,14,19,20,12,FALSE,0,FALSE
646.39233,31.741,31.009,26.107,24.212,13.17,18,16,6,2909778,78,76,74,69,103,102,101,99,20.468,20.436,22.579,22.498,4213.418,93531,30006,41350,633,11600,9,7,0,0,0,26,21,14,19,20,12,FALSE,0,FALSE
646.89075,31.778,31.046,26.11,24.216,13.158,18,16,6,2891642,78,75,69,68,103,102,101,99,20.471,20.439,22.578,22.497,4237.438,93531,30006,41350,717,11733,9,7,0,0,0,26,21,14,19,20,12,FALSE,0,FALSE
647.3925,31.799,31.065,26.11,24.216,13.144,18,16,6,2852248.8,73,72,67,67,103,102,101,99,20.472,20.439,22.575,22.494,4264.039,93531,30006,41350,717,11733,9,7,0,0,0,26,21,14,19,20,12,FALSE,0,FALSE
647.8929,31.817,31.084,26.11,24.216,13.131,18,16,6,2807646.5,71,71,67,67,103,102,101,99,20.471,20.438,22.572,22.491,4293.219,93531,30006,41350,733,11850,9,7,0,0,0,26,21,14,19,20,12,FALSE,0,FALSE
648.38983,31.832,31.099,26.11,24.216,13.118,18,16,6,2756611.5,71,71,68,67,103,102,101,99,20.469,20.436,22.568,22.488,4324.473,93531,30006,41350,733,11850,9,7,0,0,0,26,21,14,19,20,12,FALSE,0,FALSE
648.8914,31.848,31.115,26.11,24.216,13.104,18,16,6,2699027.8,71,71,68,68,103,102,101,99,20.466,20.434,22.563,22.483,4357.773,93531,30006,41350,734,11867,9,7,0,0,0,26,21,14,19,20,12,FALSE,0,FALSE
649.3918,31.861,31.129,26.11,24.216,13.091,18,16,6,2646857.8,70,70,67,67,102,102,100,99,20.463,20.431,22.558,22.479,4392.812,93531,30006,41350,734,11867,9,7,0,0,0,26,21,14,19,20,12,FALSE,0,FALSE
649.8916,31.875,31.143,26.11,24.216,13.078,18,16,6,2589242.8,70,70,68,67,102,102,100,99,20.459,20.427,22.552,22.474,4429.289,93531,30006,41350,734,11850,9,7,0,0,0,26,21,14,19,20,12,FALSE,0,FALSE
650.3905,31.888,31.156,26.11,24.216,13.064,18,16,6,2531627.8,70,70,68,68,102,102,100,99,20.455,20.424,22.546,22.468,4467.191,93531,30006,41350,717,11850,9,7,0,0,0,26,21,14,20,20,12,FALSE,0,FALSE
650.8926,31.901,31.169,26.11,24.216,13.05,18,16,6,2474012.8,70,70,68,68,102,102,100,99,20.451,20.419,22.54,22.462,4506.375,93531,30006,41350,700,11817,9,7,0,0,0,26,21,14,20,20,12,FALSE,0,FALSE
651.3904,31.911,31.181,26.11,24.216,13.037,18,16,6,2421798.2,70,70,68,68,102,102,100,99,20.446,20.415,22.533,22.455,4546.516,93531,30006,41350,666,11800,9,7,0,0,0,26,21,14,20,20,12,FALSE,0,FALSE
652.39,31.932,31.202,26.11,24.216,13.01,18,16,6,2352278.2,71,71,69,69,102,101,100,99,20.436,20.405,22.518,22.442,4629.477,93531,30006,41350,667,11733,9,7,0,0,0,26,21,14,20,20,12,FALSE,0,FALSE
652.89294,31.941,31.21,26.11,24.216,12.996,18,16,6,2343638.2,71,71,70,69,102,101,100,98,20.43,20.4,22.51,22.434,4671.852,93531,30006,41350,633,11733,9,7,0,0,0,26,21,14,20,20,12,FALSE,0,FALSE
653.38934,31.95,31.219,26.11,24.216,12.982,18,16,6,2334998.2,71,71,69,69,102,101,100,98,20.425,20.394,22.502,22.426,4714.68,93531,30006,41350,617,11667,9,7,0,0,0,26,21,14,20,20,12,FALSE,0,FALSE
653.8928,31.958,31.228,26.11,24.216,12.968,18,16,6,2326358.2,71,71,70,69,102,101,99,98,20.418,20.388,22.494,22.418,4757.879,93531,30006,41350,617,11667,9,7,0,0,0,26,21,14,20,20,12,FALSE,0,FALSE
654.38916,31.967,31.237,26.11,24.216,12.954,18,16,6,2319204,71,71,69,69,102,101,99,98,20.412,20.382,22.485,22.41,4801.375,93531,30006,41350,617,11667,9,7,0,0,0,26,21,14,20,20,12,FALSE,0,FALSE
654.8922,32.007,31.275,26.167,24.263,12.951,18,16,6,2353541.5,72,72,75,74,102,101,99,98,20.41,20.38,22.485,22.41,4840.082,93531,30006,41350,600,11667,9,7,0,0,0,26,21,14,20,20,12,FALSE,0,FALSE
655.3909,32.029,31.298,26.184,24.279,12.95,18,16,6,2383483.5,70,70,71,71,102,101,99,98,20.41,20.38,22.489,22.414,4870.469,93531,30006,41350,600,11667,9,7,0,0,0,26,21,14,19,20,12,FALSE,0,FALSE
655.8899,32.045,31.312,26.2,24.294,12.95,18,16,6,2409224.2,70,69,73,71,102,101,99,98,20.411,20.381,22.493,22.418,4894.773,93531,30006,41350,600,11666,9,7,0,0,0,26,21,14,19,20,12,FALSE,0,FALSE
656.39325,32.081,31.339,26.257,24.34,12.95,18,16,6,2428850,77,72,85,79,102,101,99,98,20.414,20.383,22.5,22.424,4914.762,93531,30006,41350,583,11666,9,7,0,0,0,26,21,14,19,20,12,FALSE,0,FALSE
656.88947,32.124,31.371,26.335,24.4,12.95,18,16,6,2444793,81,75,97,86,102,101,100,98,20.421,20.387,22.512,22.433,4930.734,93531,30006,41350,583,11666,9,7,0,0,0,26,21,14,19,20,12,FALSE,0,FALSE
657.3885,32.142,31.387,26.4,24.438,12.946,18,16,6,2450954.8,77,74,100,84,102,101,100,99,20.426,20.391,22.527,22.443,4953.445,93531,30006,41350,583,11666,9,7,0,0,0,26,21,14,19,20,12,FALSE,0,FALSE
657.8903,32.163,31.403,26.416,24.452,12.941,18,16,6,2457146,76,72,85,76,102,101,100,99,20.431,20.394,22.539,22.45,4969.336,93531,30006,41350,517,11666,9,7,0,0,0,26,21,14,19,20,12,FALSE,0,FALSE
658.39197,32.183,31.422,26.425,24.46,12.932,18,16,6,2459641.2,75,73,77,71,102,101,100,99,20.434,20.395,22.545,22.454,4986.453,93531,30006,41350,517,11650,9,7,0,0,0,26,21,14,19,20,12,FALSE,0,FALSE
658.8872,32.215,31.455,26.435,24.469,12.921,18,16,6,2459479,77,76,73,69,102,101,100,99,20.438,20.398,22.548,22.456,5005.852,93531,30006,41350,566,11650,9,7,0,0,0,26,21,14,19,20,12,FALSE,0,FALSE
659.8915,32.295,31.536,26.452,24.486,12.894,18,16,6,2450715.2,76,75,69,67,102,101,100,99,20.447,20.407,22.55,22.456,5051.316,93531,30006,41350,566,11650,9,7,0,0,0,26,21,14,19,20,12,FALSE,0,FALSE
660.3897,32.317,31.556,26.456,24.49,12.881,18,16,6,2450067.5,72,71,69,67,102,101,100,99,20.448,20.408,22.549,22.455,5078.281,93531,30006,41350,583,11650,9,7,0,0,0,26,21,14,19,20,12,FALSE,0,FALSE
660.8905,32.333,31.571,26.457,24.493,12.867,18,16,6,2442823.8,71,69,67,67,102,101,100,99,20.447,20.407,22.548,22.453,5107.766,93531,30006,41350,600,11650,9,7,0,0,0,26,21,14,20,20,12,FALSE,0,FALSE
661.38727,32.348,31.585,26.457,24.493,12.855,18,16,6,2415212.5,71,70,67,67,102,101,100,99,20.446,20.405,22.545,22.451,5139.086,93531,30006,41350,600,11650,9,7,0,0,0,26,21,14,20,20,12,FALSE,0,FALSE
661.8907,32.363,31.601,26.457,24.493,12.841,18,16,6,2357619.5,71,70,68,68,102,101,100,99,20.445,20.404,22.541,22.449,5172.34,93531,30006,41350,617,11650,9,7,0,0,0,26,21,14,20,20,12,FALSE,0,FALSE
662.389,32.376,31.613,26.457,24.493,12.828,18,16,6,2323357.8,70,70,68,68,102,101,100,99,20.443,20.402,22.537,22.445,5207.391,93531,30006,41350,617,11650,9,7,0,0,0,26,21,14,20,20,12,FALSE,0,FALSE
662.8893,32.388,31.623,26.458,24.494,12.814,18,16,6,2314717.8,70,70,68,68,102,101,100,99,20.44,20.399,22.533,22.442,5243.559,93531,30006,41350,617,11650,9,7,0,0,0,26,21,14,20,20,12,FALSE,0,FALSE
663.39136,32.398,31.633,26.465,24.502,12.8,18,16,6,2310315.5,69,70,71,71,102,101,100,98,20.437,20.396,22.528,22.437,5280.617,93531,30006,41350,617,11650,9,7,0,0,0,26,21,14,20,20,12,FALSE,0,FALSE
663.887,32.437,31.67,26.531,24.572,12.798,18,16,6,2340691.5,73,73,84,82,102,101,100,99,20.437,20.397,22.531,22.441,5307.961,93531,30006,41350,617,11650,9,7,0,0,0,26,21,14,20,20,12,FALSE,0,FALSE
664.38495,32.492,31.721,26.58,24.617,12.796,18,16,6,2365092.5,80,78,82,81,102,101,100,99,20.441,20.401,22.54,22.449,5325.578,93531,30006,41350,617,11650,9,7,0,0,0,26,21,14,20,20,12,FALSE,0,FALSE
664.8807,32.551,31.752,26.59,24.626,12.796,18,16,6,2384233.2,87,77,75,74,102,101,100,99,20.449,20.407,22.547,22.456,5342.57,93531,30006,41350,65203,11650,10,7,0,0,0,26,21,14,20,20,12,FALSE,0,FALSE
665.386,32.572,31.761,26.593,24.63,12.796,18,16,6,2400124.2,79,72,71,71,102,102,100,99,20.458,20.412,22.552,22.462,5366.703,93531,30006,41350,0,0,10,7,0,0,0,26,21,14,0,20,12,FALSE,0,FALSE
665.8857,32.573,31.762,26.595,24.631,12.793,18,16,6,2409452.5,72,68,69,68,102,102,100,99,20.3,20.3,22.7,22.7,5376.914,93531,30006,41350,0,0,10,7,0,1,0,26,21,14,0,20,12,FALSE,0,FALSE
666.3846,32.573,31.763,26.595,24.631,12.791,18,16,6,2415602,68,65,67,67,102,102,100,99,20.3,20.3,22.7,22.7,5387.242,93531,30006,41350,0,0,10,7,0,1,0,26,21,14,0,20,12,FALSE,0,FALSE
666.89166,32.573,31.763,26.595,24.631,12.79,18,16,6,2422221.2,65,64,66,65,102,102,100,99,20.3,20.3,22.7,22.7,5398.438,93531,30006,41350,0,0,10,7,0,1,0,26,21,14,0,20,12,FALSE,0,FALSE
667.3811,32.573,31.763,26.595,24.631,12.789,18,16,7,2428420,64,63,65,65,102,102,100,99,20.3,20.3,22.7,22.7,0.059,96781,0,0,0,0,10,8,0,1,0,26,21,14,0,20,12,FALSE,0,FALSE
667.88495,32.573,31.763,26.595,24.631,12.789,18,16,7,2435046.2,63,63,64,64,102,102,100,99,20.3,20.3,22.7,22.7,11.461,96781,0,0,0,0,10,8,0,1,0,26,21,14,0,20,12,FALSE,0,FALSE
668.3821,32.573,31.763,26.595,24.631,12.788,18,16,7,2441245,63,63,64,64,102,101,100,99,20.3,20.3,22.7,22.7,22.129,96781,0,0,0,0,10,8,0,1,0,26,21,14,0,20,12,FALSE,0,FALSE
669.3809,32.573,31.763,26.595,24.631,12.786,18,16,7,2454070,62,62,64,64,102,101,100,99,20.3,20.3,22.7,22.7,44.199,96781,0,0,0,0,10,8,0,1,0,26,21,14,0,20,12,FALSE,0,FALSE
669.8752,32.573,31.763,26.595,24.631,12.786,18,16,7,2460482.5,62,62,64,64,102,101,100,99,20.3,20.3,22.7,22.7,55.23,96781,0,0,0,0,10,8,0,1,0,26,21,14,0,20,12,FALSE,0,FALSE
670.8824,32.573,31.763,26.595,24.631,12.784,18,16,7,2473307.5,62,62,64,64,102,101,100,99,20.3,20.3,22.7,22.7,77.27,96781,0,0,0,0,10,8,0,1,0,26,21,14,0,20,12,FALSE,0,FALSE
671.384,32.573,31.763,26.595,24.631,12.784,18,16,7,2479720,62,62,64,64,102,101,100,99,20.3,20.3,22.7,22.7,88.289,96781,0,0,0,0,9,8,0,1,0,26,21,14,0,20,12,FALSE,0,FALSE
671.87805,32.573,31.763,26.595,24.631,12.783,18,16,7,2486132.5,62,62,64,64,102,101,100,99,20.3,20.3,22.7,22.7,99.309,96781,0,0,0,0,9,8,0,1,0,26,21,14,0,20,12,FALSE,0,FALSE
672.3799,32.573,31.763,26.595,24.631,12.782,18,16,7,2492545,62,62,64,64,102,101,100,99,20.3,20.3,22.7,22.7,110.328,96781,0,0,0,0,9,8,0,1,0,26,21,14,0,20,12,FALSE,0,FALSE
672.87823,32.573,31.763,26.595,24.631,12.781,18,16,7,2498957.5,62,62,64,64,102,101,100,99,20.3,20.3,22.7,22.7,121.336,96781,0,0,0,0,9,8,0,1,0,26,21,14,0,20,12,FALSE,0,FALSE
673.3792,32.573,31.763,26.595,24.631,12.781,18,16,7,2505370,62,62,64,64,102,101,100,99,20.3,20.3,22.7,22.7,132.34,96781,0,0,0,0,8,8,0,1,0,26,21,14,0,20,12,FALSE,0,FALSE
673.8796,32.573,31.763,26.595,24.631,12.78,18,16,7,2511782.5,62,62,64,64,102,101,100,99,20.3,20.3,22.7,22.7,143.344,96781,0,0,0,0,7,8,0,1,0,26,21,14,0,20,12,FALSE,0,FALSE
674.3801,32.573,31.763,26.595,24.631,12.779,18,16,7,2518195,62,62,64,64,101,101,100,99,20.3,20.3,22.7,22.7,154.348,96781,0,0,0,0,7,8,0,1,0,26,21,14,0,20,12,FALSE,0,FALSE
674.87726,32.573,31.763,26.595,24.631,12.778,18,16,7,2524607.5,62,62,64,64,101,101,100,99,20.3,20.3,22.7,22.7,165.352,96781,0,0,0,0,6,8,0,1,0,26,21,14,0,20,12,FALSE,0,FALSE
675.3822,32.573,31.763,26.595,24.631,12.778,18,16,7,2531020,62,62,64,64,101,101,100,99,20.3,20.3,22.7,22.7,176.355,96781,0,0,0,0,6,8,0,1,0,26,21,14,0,20,12,FALSE,0,FALSE
675.8842,32.573,31.763,26.595,24.631,12.777,18,16,7,2537432.5,62,62,64,64,101,100,100,99,20.3,20.3,22.7,22.7,187.363,96781,0,0,0,0,6,8,0,1,0,26,21,14,0,20,12,FALSE,0,FALSE
676.3808,32.573,31.763,26.595,24.631,12.776,18,16,7,2555829.8,62,62,64,64,101,100,100,98,20.3,20.3,22.7,22.7,198.359,96781,0,0,0,0,5,8,0,1,0,26,21,14,0,20,12,FALSE,0,FALSE
676.87915,32.573,31.763,26.595,24.631,12.776,18,16,7,2604159.8,61,61,64,64,101,100,100,98,20.3,20.3,22.7,22.7,209.117,96781,0,0,0,0,4,8,0,1,0,26,21,14,0,20,12,FALSE,0,FALSE
677.3816,32.573,31.763,26.595,24.631,12.776,18,16,7,2650407.2,60,60,64,64,101,100,100,98,20.3,20.3,22.7,22.7,218.828,96781,0,0,0,0,5,8,0,1,0,26,21,14,0,20,12,FALSE,0,FALSE
677.8882,32.573,31.763,26.595,24.631,12.776,18,16,7,2657708.2,60,59,64,64,101,100,100,98,20.3,20.3,22.7,22.7,225.156,96781,0,0,0,0,5,8,0,1,0,26,21,14,0,20,12,FALSE,0,FALSE
678.3872,32.573,31.763,26.595,24.631,12.776,18,16,7,2657708.2,59,59,70,75,101,100,100,98,20.3,20.3,22.7,22.7,226.98,96781,0,0,0,0,6,8,0,1,50,26,21,14,0,20,12,FALSE,0,FALSE
678.889,32.573,31.763,26.595,24.631,12.773,18,16,7,2657708.2,58,58,70,75,101,100,100,98,20.358,20.319,22.51,22.437,226.965,96781,0,0,0,0,6,8,0,1,550,26,21,14,0,20,12,FALSE,0,FALSE
679.3853,0,0,0,0,12.769,19,17,0,2657708.2,70,70,70,70,70,70,70,70,18.544,18.544,20.553,20.553,226.984,96781,0,0,0,0,7,8,0,1,1049,26,21,14,0,20,12,FALSE,0,FALSE
679.8866,0,0,0,0,12.766,19,17,0,2657708.2,70,69,70,70,70,70,70,70,18.544,18.546,20.553,20.553,226.992,96781,0,0,0,0,7,8,0,1,1549,26,21,14,0,20,12,FALSE,0,FALSE
680.38916,0,0,0,0,12.762,19,17,0,2657708.2,70,69,70,70,70,70,70,70,18.544,18.546,20.553,20.553,226.992,96781,0,0,0,0,8,8,0,1,2049,26,21,14,0,20,12,FALSE,0,FALSE
680.8898,0,0,0,0,12.758,19,17,0,2657708.2,69,68,70,70,70,70,70,70,18.545,18.55,20.553,20.553,227.016,96781,0,0,0,0,8,8,0,1,2416,26,21,14,0,20,12,FALSE,0,FALSE
681.3856,0,0,0,0,12.755,19,17,0,2657708.2,67,66,68,68,70,70,70,70,18.558,18.563,20.56,20.56,227.102,96781,0,0,0,0,9,8,0,1,2416,26,21,14,0,20,12,FALSE,0,FALSE
681.88513,0,0,0,0,12.754,19,17,0,2657708.2,64,64,66,66,70,70,70,70,18.57,18.575,20.569,20.569,227.094,96781,0,0,0,0,9,8,0,1,2416,26,21,14,0,20,12,FALSE,0,FALSE
682.3873,0,0,0,0,12.753,19,17,0,2657708.2,63,62,64,64,70,70,70,70,18.581,18.585,20.576,20.577,227.094,96781,0,0,0,0,10,8,0,1,2416,26,21,14,0,20,12,FALSE,0,FALSE
682.884,0,0,0,0,12.751,19,17,0,2657708.2,61,61,63,63,70,70,70,70,18.591,18.595,20.583,20.584,227.09,96781,0,0,0,0,11,8,0,1,2416,26,21,14,0,20,12,FALSE,0,FALSE
683.38776,0,0,0,0,12.75,19,17,0,2657708.2,67,66,63,63,71,71,70,70,20.3,20.3,22.7,22.7,228.176,96781,0,0,0,0,11,8,0,1,2416,26,21,14,0,20,12,FALSE,0,FALSE
683.87396,0,0,0,0,12.75,19,17,0,2657708.2,79,83,63,63,71,71,70,70,20.3,20.3,22.7,22.7,231.629,96781,0,0,0,0,11,8,0,1,2416,26,21,14,0,20,12,FALSE,0,FALSE
684.384,0,0,0,0,12.75,19,17,0,2657708.2,90,91,63,63,71,71,70,70,20.3,20.3,22.7,22.7,237.23,96781,0,0,0,0,12,8,0,1,2416,26,21,14,0,20,12,FALSE,0,FALSE
684.88306,0,0,0,0,12.75,19,17,0,2689618.5,92,93,63,63,72,72,70,70,20.3,20.3,22.7,22.7,245.176,96781,0,0,0,0,12,8,0,1,2416,26,21,14,0,20,12,FALSE,0,FALSE
685.38696,0.005,0.005,0.002,0.002,12.748,19,17,0,2710876.8,83,84,65,65,72,72,70,70,20.3,20.3,22.7,22.7,256.426,96781,0,0,0,0,12,8,1,1,2416,26,21,14,0,20,12,FALSE,0,FALSE
685.88495,0.005,0.005,0.002,0.002,12.747,19,17,0,2718924,74,74,65,65,72,73,70,70,20.3,20.3,22.7,22.7,267.402,96781,0,0,0,0,13,8,1,1,2416,26,21,14,0,20,12,FALSE,0,FALSE
686.3873,0.005,0.005,0.002,0.002,12.747,19,17,0,2726980.5,69,69,65,65,73,73,70,70,20.3,20.3,22.7,22.7,278.418,96781,0,0,0,0,13,8,1,1,2416,26,21,14,0,20,12,FALSE,0,FALSE
686.8859,0.005,0.005,0.002,0.002,12.746,19,17,0,2735041.5,67,67,66,66,73,73,71,71,20.3,20.3,22.7,22.7,289.438,96781,0,0,0,0,14,8,1,1,2416,26,21,14,0,20,12,FALSE,0,FALSE
687.3874,0.005,0.005,0.002,0.002,12.745,19,17,0,2743102.2,66,66,66,66,73,73,71,71,20.3,20.3,22.7,22.7,300.461,96781,0,0,0,0,14,8,1,1,2416,26,21,14,0,20,12,FALSE,0,FALSE
687.8888,0.005,0.005,0.002,0.002,12.744,19,17,0,2751164.8,65,65,66,66,73,73,71,71,20.3,20.3,22.7,22.7,311.48,96781,0,0,0,0,15,8,1,1,2416,26,21,14,0,20,12,FALSE,0,FALSE
688.389,0.005,0.005,0.002,0.002,12.743,19,17,0,2759227.2,65,65,66,66,73,74,71,71,20.3,20.3,22.7,22.7,322.5,96781,0,0,0,0,15,8,1,1,2416,26,21,14,0,20,12,FALSE,0,FALSE
688.8881,0.005,0.005,0.002,0.002,12.742,19,17,0,2767289.8,65,65,66,66,74,74,71,71,20.3,20.3,22.7,22.7,333.527,96781,0,0,0,0,15,8,1,1,2416,26,21,14,0,20,12,FALSE,0,FALSE
689.3884,0.005,0.005,0.002,0.002,12.741,19,17,0,2775352.2,64,65,66,66,74,74,71,71,20.3,20.3,22.7,22.7,344.547,96781,0,0,0,0,15,8,1,1,2416,26,21,14,0,20,12,FALSE,0,FALSE
689.8868,0.005,0.005,0.002,0.002,12.741,19,17,0,2783414.5,64,64,66,66,74,74,71,71,20.3,20.3,22.7,22.7,355.57,96781,0,0,0,0,15,8,1,1,2416,26,21,14,0,20,12,FALSE,0,FALSE
690.38965,0.005,0.005,0.002,0.002,12.74,19,17,0,2791470,64,64,66,66,74,74,71,71,20.3,20.3,22.7,22.7,366.59,96781,0,0,0,0,15,8,1,1,2416,26,21,14,0,20,12,FALSE,0,FALSE
691.3867,0.005,0.005,0.002,0.002,12.738,19,17,0,2807580,64,64,66,66,74,75,72,72,20.3,20.3,22.7,22.7,388.629,96781,0,0,0,0,16,8,1,1,2416,26,21,14,0,20,12,FALSE,0,FALSE
691.8891,0.005,0.005,0.002,0.002,12.737,19,17,0,2815635,64,64,66,66,75,75,72,72,20.3,20.3,22.7,22.7,399.598,96781,0,0,0,0,16,8,1,1,2416,26,21,14,0,20,12,FALSE,0,FALSE
692.3862,0.022,0.022,0.002,0.002,12.73,19,17,0,2825123.2,72,73,65,65,75,75,72,72,18.825,18.833,20.689,20.69,411.199,96781,0,0,0,0,16,8,1,0,0,26,21,14,0,20,12,FALSE,0,FALSE
692.88684,0.028,0.028,0.002,0.002,12.724,19,17,0,2838972.2,70,71,65,65,75,75,72,72,18.836,18.844,20.694,20.695,424.895,96781,0,0,0,0,16,8,1,0,0,26,21,14,0,20,12,FALSE,0,FALSE
693.38965,0.035,0.035,0.002,0.002,12.715,19,17,0,2852406,70,70,65,65,75,75,72,72,18.846,18.853,20.699,20.699,440.457,96781,0,0,0,0,16,8,1,0,0,26,21,14,0,20,12,FALSE,0,FALSE
693.8875,0.057,0.056,0.002,0.002,12.703,19,17,0,2858233.5,75,75,65,65,75,75,72,72,18.857,18.864,20.703,20.704,458.512,96781,0,0,0,0,16,8,1,0,0,26,21,14,0,20,12,FALSE,0,FALSE
694.38654,0.091,0.09,0.002,0.002,12.69,19,17,0,2862883.8,78,78,65,66,76,76,72,72,18.87,18.877,20.708,20.708,479.539,96781,0,0,0,0,18,8,1,0,0,26,21,14,0,20,12,FALSE,0,FALSE
694.8866,0.106,0.105,0.002,0.002,12.677,19,17,0,2858284,73,73,66,66,76,76,72,72,18.881,18.889,20.712,20.712,503.34,96781,0,0,0,0,18,8,1,0,0,26,21,14,0,20,12,FALSE,0,FALSE
695.38586,0.118,0.117,0.002,0.002,12.664,19,17,0,2857947.5,71,70,66,66,76,76,72,72,18.89,18.898,20.716,20.716,529.758,96781,0,0,0,0,18,8,1,0,0,26,21,14,0,20,12,FALSE,0,FALSE
695.8901,0.129,0.128,0.002,0.002,12.65,19,17,0,2851178.8,70,70,67,67,76,76,72,72,18.899,18.906,20.72,20.72,558.355,96781,0,0,0,0,18,8,1,0,0,26,21,14,0,20,12,FALSE,0,FALSE
696.3865,0.139,0.137,0.002,0.003,12.637,19,17,0,2848908.8,69,69,67,66,76,76,72,72,18.907,18.913,20.723,20.724,588.84,96781,0,0,0,0,18,8,1,0,0,26,21,14,0,20,12,FALSE,0,FALSE
696.8881,0.148,0.146,0.002,0.003,12.624,19,17,0,2840517.2,69,70,68,67,76,76,72,72,18.914,18.92,20.727,20.727,620.84,96781,0,0,0,0,18,8,1,0,0,26,21,14,0,20,12,FALSE,0,FALSE
697.3897,0.165,0.163,0.023,0.022,12.617,19,17,0,2858484,71,72,73,73,77,77,73,73,18.922,18.929,20.734,20.734,651.773,96781,0,0,0,24167,18,8,1,0,0,26,21,14,20,20,12,FALSE,0,FALSE
697.88666,0.177,0.175,0.032,0.03,12.617,19,17,0,2884159,70,70,70,71,77,77,73,73,18.933,18.941,20.746,20.746,675.996,96781,0,0,1366,24167,18,8,1,0,0,26,21,14,20,20,12,FALSE,0,FALSE
698.3889,0.185,0.184,0.036,0.034,12.616,19,17,0,2904938.2,69,69,69,69,77,77,73,73,18.945,18.953,20.759,20.759,694.738,96781,0,0,1366,24366,18,8,1,0,0,26,21,14,20,20,12,FALSE,0,FALSE
698.8876,0.19,0.188,0.041,0.04,12.616,19,17,0,2921448.5,68,68,70,69,77,77,73,73,18.957,18.965,20.772,20.772,709.348,96781,0,0,1366,24366,18,8,1,0,0,26,21,14,20,20,12,FALSE,0,FALSE
699.3851,0.196,0.192,0.049,0.046,12.616,19,17,0,2931673.5,69,67,71,69,77,78,73,73,18.97,18.977,20.785,20.785,721.555,96781,0,0,1366,24567,18,8,1,0,0,26,21,14,20,20,12,FALSE,0,FALSE
699.88794,0.203,0.197,0.059,0.054,12.616,19,17,0,2942743.8,69,67,73,70,78,78,74,74,18.982,18.988,20.799,20.797,732.266,96781,0,0,1366,24567,18,8,1,0,0,26,21,14,20,20,12,FALSE,0,FALSE
700.3863,0.209,0.202,0.075,0.063,12.616,19,17,0,2947514.2,70,68,77,71,78,78,74,74,18.994,18.999,20.814,20.81,748.633,96781,0,0,1183,24567,18,8,1,0,0,26,21,14,20,20,12,FALSE,0,FALSE
700.889,0.216,0.208,0.087,0.072,12.614,19,17,0,2951984.2,71,68,78,71,78,78,74,74,19.007,19.01,20.829,20.823,760.59,96781,0,0,1183,24717,18,8,1,0,0,26,21,14,20,20,12,FALSE,0,FALSE
701.3887,0.223,0.213,0.092,0.076,12.611,19,17,0,2956414.8,71,68,75,70,78,78,74,74,19.02,19.022,20.845,20.836,769.664,96781,0,0,1183,24717,18,8,1,0,0,26,21,14,20,20,12,FALSE,0,FALSE
701.8883,0.232,0.225,0.093,0.078,12.604,19,17,0,2959606.5,72,71,71,68,79,79,75,74,19.032,19.033,20.857,20.847,780.641,96781,0,0,1183,24717,18,8,1,0,0,26,21,14,20,20,12,FALSE,0,FALSE
702.3875,0.251,0.25,0.094,0.079,12.596,19,17,0,2964087.5,77,77,68,67,79,79,75,75,19.046,19.047,20.869,20.857,794.016,96781,0,0,1183,24717,18,8,1,0,0,26,21,14,20,20,12,FALSE,0,FALSE
702.88605,0.269,0.271,0.095,0.079,12.585,19,17,0,2968641,77,78,66,66,79,79,75,75,19.06,19.062,20.878,20.866,810.172,96781,0,0,400,24717,18,8,1,0,0,26,21,14,20,20,12,FALSE,0,FALSE
703.3909,0.282,0.286,0.106,0.093,12.578,19,17,0,2978409.8,73,75,69,72,79,79,75,75,19.073,19.076,20.888,20.876,828.648,96781,0,0,400,24717,18,8,1,0,0,26,21,14,20,20,12,FALSE,0,FALSE
703.8893,0.301,0.31,0.126,0.117,12.571,19,17,0,2985031.5,75,78,74,77,80,80,75,75,19.085,19.089,20.898,20.889,854.391,96781,0,0,667,24717,17,8,1,0,0,26,21,14,20,20,12,FALSE,0,FALSE
704.38824,0.321,0.335,0.142,0.134,12.562,19,17,0,2991505.8,74,78,72,75,80,80,75,75,19.097,19.103,20.909,20.901,874.566,96781,0,0,667,24717,17,8,1,0,0,26,21,14,20,20,12,FALSE,0,FALSE
704.88715,0.34,0.356,0.151,0.143,12.55,19,17,0,2996014,73,76,70,71,80,80,76,75,19.108,19.116,20.918,20.911,896.055,96781,0,0,667,24650,17,8,1,0,0,26,21,14,20,20,12,FALSE,0,FALSE
705.3868,0.36,0.377,0.153,0.145,12.538,19,17,0,2989466.5,73,73,67,69,80,80,76,76,19.119,19.128,20.926,20.919,920.375,96781,0,0,583,24650,17,8,1,0,0,26,21,14,20,20,12,FALSE,0,FALSE
705.89,0.379,0.398,0.156,0.148,12.524,19,17,0,2950740.2,74,73,67,68,80,80,76,76,19.129,19.137,20.932,20.925,947.855,96781,0,0,483,24650,17,8,1,0,0,26,21,14,20,20,12,FALSE,0,FALSE
706.38837,0.413,0.433,0.167,0.159,12.511,19,17,0,2905778,77,75,71,69,81,81,76,76,19.14,19.147,20.939,20.931,978.004,96781,0,0,483,24733,17,8,1,0,0,26,21,14,20,20,12,FALSE,0,FALSE
706.88904,0.438,0.455,0.176,0.169,12.498,19,17,0,2859615.2,74,72,70,68,81,81,76,76,19.151,19.156,20.946,20.938,1008.297,96781,0,0,433,24733,17,8,1,0,0,26,21,14,20,20,12,FALSE,0,FALSE
707.38916,0.455,0.469,0.18,0.173,12.484,19,17,0,2802947,72,70,68,67,81,81,76,76,19.159,19.164,20.952,20.943,1040.543,96781,0,0,433,24733,17,8,1,0,0,26,21,14,20,20,12,FALSE,0,FALSE
707.88727,0.468,0.481,0.18,0.174,12.47,19,17,0,2745332,70,69,67,67,81,81,76,76,19.167,19.171,20.957,20.948,1074.766,96781,0,0,416,24733,17,8,1,0,0,26,21,14,20,20,12,FALSE,0,FALSE
708.88904,0.483,0.496,0.18,0.174,12.444,19,17,0,2717228,69,69,68,68,81,81,76,76,19.179,19.183,20.964,20.955,1147.352,96781,0,0,400,24733,17,8,1,0,0,26,21,14,20,20,12,FALSE,0,FALSE
709.39026,0.49,0.503,0.18,0.174,12.43,19,17,0,2708588,69,69,68,68,81,81,76,76,19.184,19.188,20.967,20.958,1185.285,96781,0,0,384,24684,17,8,1,0,0,26,21,14,20,20,12,FALSE,0,FALSE
709.88873,0.497,0.51,0.18,0.174,12.416,19,17,0,2699948,70,70,68,68,81,82,76,76,19.189,19.193,20.97,20.961,1224.176,96781,0,0,383,24684,17,8,1,0,0,26,21,14,20,20,12,FALSE,0,FALSE
710.38983,0.504,0.517,0.18,0.174,12.402,19,17,0,2691308,70,70,68,68,82,82,76,76,19.193,19.197,20.972,20.963,1263.918,96781,0,0,383,24666,17,8,1,0,0,26,21,14,20,20,12,FALSE,0,FALSE
710.88824,0.51,0.523,0.18,0.174,12.39,19,17,0,2688034.8,70,70,68,68,82,82,77,76,19.198,19.201,20.974,20.965,1304.285,96781,0,0,383,24650,17,8,1,0,0,26,21,14,20,20,12,FALSE,0,FALSE
711.3889,0.516,0.53,0.18,0.174,12.376,19,17,0,2679394.8,70,70,68,68,82,82,77,76,19.201,19.205,20.975,20.967,1345.238,96781,0,0,383,24650,17,8,1,0,0,26,21,14,20,20,12,FALSE,0,FALSE
711.8891,0.522,0.536,0.18,0.174,12.362,19,17,0,2670754.8,70,70,68,68,82,82,77,76,19.205,19.209,20.976,20.968,1386.766,96781,0,0,400,24617,17,8,1,0,0,26,21,14,20,20,12,FALSE,0,FALSE
712.39075,0.541,0.553,0.21,0.197,12.353,19,17,0,2687027.8,72,72,76,74,82,82,77,76,19.21,19.214,20.981,20.972,1427,96781,0,0,400,24584,17,8,1,0,0,26,21,14,20,20,12,FALSE,0,FALSE
712.8887,0.565,0.576,0.241,0.217,12.353,19,17,0,2718040.8,71,71,73,71,82,82,77,77,19.219,19.223,20.994,20.985,1458.949,96781,0,0,400,24584,17,8,1,0,0,26,21,14,20,20,12,FALSE,0,FALSE
713.38763,0.576,0.585,0.25,0.226,12.352,19,17,0,2744830.8,70,69,71,70,82,82,77,77,19.23,19.233,21.007,20.997,1485.035,96781,0,0,400,24633,17,8,1,0,0,26,21,14,20,20,12,FALSE,0,FALSE
713.8901,0.601,0.602,0.292,0.261,12.352,19,17,0,2766491.2,76,71,83,78,82,82,77,77,19.242,19.244,21.022,21.011,1506.758,96781,0,0,417,24633,17,8,1,0,0,26,21,14,20,20,12,FALSE,0,FALSE
714.3885,0.627,0.621,0.353,0.313,12.352,19,17,0,2785044.5,78,72,92,87,83,83,78,77,19.257,19.256,21.043,21.029,1525.531,96781,0,0,417,24633,17,8,1,0,0,26,21,14,20,20,12,FALSE,0,FALSE
714.89056,0.649,0.636,0.404,0.354,12.351,19,17,0,2796080.8,78,72,95,87,83,83,78,78,19.271,19.267,21.064,21.048,1551.129,96781,0,0,417,24633,17,8,1,0,0,26,21,14,20,20,12,FALSE,0,FALSE
715.3895,0.663,0.646,0.448,0.385,12.348,19,17,0,2802199.2,76,71,94,85,83,83,78,78,19.285,19.278,21.086,21.066,1568.75,96781,0,0,316,24583,17,8,1,0,0,26,21,14,20,20,12,FALSE,0,FALSE
715.88855,0.68,0.659,0.476,0.406,12.343,19,17,0,2808321,76,71,88,80,83,83,79,78,19.298,19.289,21.105,21.082,1584.098,96781,0,0,316,24583,17,8,1,0,0,26,21,14,20,20,12,FALSE,0,FALSE
716.3872,0.695,0.671,0.491,0.418,12.338,19,17,0,2814512.5,75,71,80,75,84,83,79,79,19.31,19.299,21.121,21.096,1599.086,96781,0,0,316,24583,17,8,1,0,0,26,21,14,20,20,12,FALSE,0,FALSE
716.88684,0.71,0.683,0.501,0.428,12.33,19,17,0,2820742.5,74,71,75,72,84,84,79,79,19.322,19.309,21.134,21.107,1615.531,96781,0,0,367,24583,17,8,1,0,0,26,21,14,20,20,12,FALSE,0,FALSE
717.38586,0.731,0.703,0.507,0.433,12.319,19,17,0,2819904,76,74,71,69,84,84,79,79,19.333,19.319,21.145,21.117,1635.242,96781,0,0,367,24717,17,8,1,0,0,26,21,14,20,20,12,FALSE,0,FALSE
717.8869,0.761,0.729,0.507,0.434,12.306,19,17,0,2810986,79,78,68,67,84,84,80,79,19.344,19.329,21.153,21.124,1657.074,96781,0,0,534,24717,17,8,1,0,0,26,21,14,20,20,12,FALSE,0,FALSE
718.3874,0.788,0.756,0.508,0.434,12.293,19,17,0,2780739.5,75,75,66,66,85,84,80,79,19.356,19.341,21.16,21.131,1681.785,96781,0,0,534,24717,17,8,1,0,0,26,21,14,20,20,12,FALSE,0,FALSE
718.88873,0.806,0.773,0.509,0.435,12.28,19,17,0,2741881.5,72,72,67,67,85,84,80,79,19.365,19.35,21.166,21.137,1709.484,96781,0,0,616,24750,17,8,1,0,0,26,21,14,20,20,12,FALSE,0,FALSE
719.3854,0.82,0.79,0.513,0.438,12.266,19,17,0,2692355,71,72,68,69,85,85,80,79,19.373,19.359,21.171,21.144,1739.309,96781,0,0,616,24750,17,8,1,0,0,26,21,14,20,20,12,FALSE,0,FALSE
719.88574,0.836,0.81,0.522,0.446,12.253,19,17,0,2650538.8,71,73,69,70,85,85,80,79,19.38,19.367,21.177,21.15,1771.215,96781,0,0,616,24733,17,8,1,0,0,26,21,14,20,20,12,FALSE,0,FALSE
720.8865,0.87,0.852,0.55,0.473,12.227,19,17,0,2642869.2,70,72,71,70,85,85,80,80,19.393,19.382,21.187,21.162,1841.211,96781,53010,0,616,24716,17,8,1,0,0,26,21,14,20,20,12,FALSE,0,FALSE
721.8881,0.952,0.915,0.7,0.599,12.227,19,17,0,2687956.2,80,75,94,87,86,85,81,80,19.413,19.399,21.213,21.183,1901.828,96781,53010,0,633,24717,17,8,1,0,0,26,21,14,20,20,12,FALSE,0,FALSE
722.3893,0.992,0.945,0.792,0.675,12.224,19,17,0,2702425,81,76,98,91,86,86,81,80,19.425,19.409,21.231,21.199,1930.152,96781,53010,0,633,24683,17,8,1,0,0,26,21,14,20,20,12,FALSE,0,FALSE
722.8877,1.035,0.978,0.839,0.712,12.216,19,17,0,2708088.2,81,76,85,79,86,86,81,80,19.437,19.419,21.246,21.211,1955.957,96781,53010,0,633,24683,17,8,1,0,0,26,21,14,20,20,12,FALSE,0,FALSE
724.3874,1.114,1.067,0.94,0.838,12.183,19,17,0,2713610.8,76,80,83,92,86,86,81,81,19.462,19.444,21.27,21.238,2040.891,96781,53010,0,684,24634,17,8,1,0,0,26,21,14,20,20,12,FALSE,0,FALSE
724.88727,1.151,1.113,0.983,0.889,12.171,19,17,0,2717710.5,76,80,77,82,87,86,82,81,19.471,19.454,21.279,21.25,2069.969,96781,53010,0,750,24667,17,8,1,0,0,26,21,14,20,20,12,FALSE,0,FALSE
725.3883,1.181,1.148,1.005,0.913,12.158,19,17,0,2710283.2,74,77,72,75,87,87,82,81,19.477,19.463,21.285,21.258,2099.348,96781,53010,0,750,24667,17,8,1,0,0,26,21,14,20,20,12,FALSE,0,FALSE
725.88605,1.198,1.17,1.017,0.925,12.145,19,17,0,2707624.2,70,74,70,71,87,87,82,81,19.483,19.47,21.288,21.262,2130.77,96781,53010,0,800,24667,17,8,1,0,0,26,21,14,20,20,12,FALSE,0,FALSE
726.3879,1.209,1.184,1.022,0.929,12.131,19,17,0,2698994.8,70,72,69,69,87,87,82,81,19.487,19.475,21.291,21.265,2163.617,96781,53010,0,800,24700,17,8,1,0,0,26,21,14,20,20,12,FALSE,0,FALSE
726.88654,1.225,1.201,1.044,0.95,12.124,19,17,0,2716672,72,72,74,74,87,87,82,81,19.491,19.481,21.296,21.271,2195.293,96781,53010,0,834,24700,17,8,1,0,0,26,21,14,20,20,12,FALSE,0,FALSE
727.38416,1.238,1.214,1.054,0.961,12.123,19,17,0,2742155.2,71,70,72,71,87,87,82,82,19.499,19.488,21.306,21.281,2219.094,96781,53010,0,834,24717,17,8,1,0,0,26,21,14,20,20,12,FALSE,0,FALSE
727.8889,1.25,1.222,1.066,0.973,12.123,19,17,0,2765593.5,71,69,73,72,87,87,82,82,19.507,19.496,21.317,21.291,2239.574,96781,53010,0,834,24717,17,8,1,0,0,26,21,14,20,20,12,FALSE,0,FALSE
728.38983,1.274,1.242,1.098,0.999,12.123,19,17,0,2782991,77,73,82,77,88,87,82,82,19.518,19.505,21.33,21.303,2254.938,96781,53010,0,834,24717,17,8,1,0,0,26,21,14,20,20,12,FALSE,0,FALSE
728.885,1.288,1.252,1.138,1.028,12.123,19,17,0,2795811.5,76,72,90,81,88,87,83,82,19.529,19.515,21.346,21.317,2266.977,96781,53010,0,783,24783,17,8,1,0,0,26,21,14,20,20,12,FALSE,0,FALSE
729.3891,1.297,1.259,1.177,1.053,12.122,19,17,0,2801897.2,74,71,95,83,88,88,83,82,19.54,19.523,21.365,21.331,2281.797,96781,53010,0,783,24783,17,8,1,0,0,26,21,14,20,20,12,FALSE,0,FALSE
729.8893,1.309,1.268,1.194,1.066,12.119,19,17,0,2807508.8,75,71,88,80,88,88,83,83,19.55,19.532,21.383,21.345,2296.691,96781,53010,0,783,24683,17,8,1,0,0,26,21,14,20,20,12,FALSE,0,FALSE
730.386,1.32,1.276,1.203,1.074,12.114,19,17,0,2813471.8,74,70,82,75,88,88,84,83,19.56,19.54,21.398,21.357,2309.082,96781,53010,0,783,24683,17,8,1,0,0,26,21,14,20,20,12,FALSE,0,FALSE
730.8868,1.333,1.29,1.209,1.079,12.107,19,17,0,2820141,75,72,76,72,88,88,84,83,19.569,19.548,21.41,21.367,2321.801,96781,53010,0,550,24683,17,8,1,0,0,26,21,14,20,20,12,FALSE,0,FALSE
731.38885,1.347,1.305,1.211,1.081,12.098,19,17,0,2825375.2,75,74,71,68,89,88,84,83,19.579,19.556,21.419,21.375,2336.621,96781,53010,0,550,24683,17,8,1,0,0,26,21,14,20,20,12,FALSE,0,FALSE
731.8861,1.371,1.33,1.214,1.084,12.086,19,17,0,2832877.2,77,77,69,66,89,88,84,83,19.588,19.566,21.427,21.382,2354.234,96781,53010,0,550,24684,17,8,1,0,0,26,21,14,20,20,12,FALSE,0,FALSE
732.38904,1.389,1.349,1.214,1.085,12.073,19,17,0,2836479.2,76,75,67,66,89,89,84,83,19.597,19.575,21.432,21.387,2374.914,96781,53010,0,617,24684,17,8,1,0,0,26,21,14,20,20,12,FALSE,0,FALSE
732.88745,1.412,1.379,1.214,1.085,12.061,19,17,0,2817104.2,76,76,66,67,89,89,84,84,19.606,19.584,21.437,21.392,2398.254,96781,53010,0,617,24684,17,8,1,0,0,26,21,14,20,20,12,FALSE,0,FALSE
733.3852,1.429,1.396,1.215,1.086,12.048,19,17,0,2784748,73,72,66,67,89,89,84,84,19.613,19.591,21.441,21.397,2424.336,96781,53010,0,600,24600,17,8,1,0,0,26,21,14,20,20,12,FALSE,0,FALSE
733.8875,1.442,1.411,1.215,1.086,12.034,19,17,0,2739154,71,71,66,67,89,89,84,84,19.619,19.597,21.444,21.401,2452.828,96781,53010,0,600,24567,17,8,1,0,0,26,21,14,20,20,12,FALSE,0,FALSE
734.38477,1.454,1.423,1.215,1.086,12.022,19,17,0,2694013,70,70,67,67,89,89,84,84,19.624,19.602,21.447,21.404,2482.527,96781,53010,0,583,24567,17,8,1,0,0,26,21,14,20,20,12,FALSE,0,FALSE
734.88837,1.466,1.435,1.215,1.086,12.007,19,17,0,2634912.8,70,70,67,67,90,89,84,84,19.628,19.606,21.45,21.407,2516.312,96781,53010,0,583,24567,17,8,1,0,0,26,21,14,20,20,12,FALSE,0,FALSE
735.3876,1.477,1.447,1.217,1.087,11.994,19,17,0,2577297.8,69,70,67,68,90,89,84,84,19.631,19.61,21.452,21.41,2550.988,96781,53010,0,583,24550,17,8,1,0,0,26,21,14,20,20,12,FALSE,0,FALSE
735.8859,1.491,1.466,1.229,1.098,11.981,19,17,0,2567586.8,70,72,70,71,90,89,85,84,19.634,19.614,21.454,21.412,2587.035,96781,53010,0,550,24550,17,8,1,0,0,26,21,14,20,20,12,FALSE,0,FALSE
736.3892,1.526,1.51,1.277,1.149,11.967,19,17,0,2560459.5,75,79,77,81,90,89,85,84,19.638,19.619,21.457,21.416,2623.336,96781,53010,0,517,24533,17,8,1,0,0,26,21,14,20,20,12,FALSE,0,FALSE
736.8882,1.568,1.562,1.334,1.209,11.964,19,17,0,2590354.5,75,78,78,81,90,90,85,84,19.645,19.628,21.464,21.426,2657.996,96781,53010,0,517,24550,17,8,1,0,0,26,21,14,20,20,12,FALSE,0,FALSE
737.388,1.592,1.592,1.362,1.238,11.963,19,17,0,2618475.8,72,75,75,77,90,90,85,84,19.653,19.637,21.474,21.437,2685.727,96781,53010,0,517,24550,17,8,1,0,0,26,21,14,20,20,12,FALSE,0,FALSE
737.8849,1.612,1.618,1.389,1.27,11.962,19,17,0,2642459,74,76,75,82,90,90,85,84,19.66,19.646,21.483,21.449,2706.953,96781,53010,0,517,24550,17,8,1,0,0,26,21,14,20,20,12,FALSE,0,FALSE
738.8886,1.647,1.669,1.455,1.346,11.962,19,17,0,2681248.2,73,78,83,90,90,90,85,85,19.677,19.667,21.508,21.477,2740.961,96781,53010,0,517,24483,17,8,1,0,0,26,21,14,20,20,12,FALSE,0,FALSE
739.8858,1.663,1.691,1.508,1.411,11.962,19,17,0,2703137.8,71,75,86,94,91,91,86,86,19.693,19.688,21.537,21.513,2763.562,96781,53010,0,400,24483,17,8,1,0,0,26,21,14,20,20,12,FALSE,0,FALSE
740.388,1.67,1.7,1.512,1.419,11.959,19,17,0,2707868.5,71,74,80,87,91,91,86,86,19.7,19.696,21.547,21.527,2771.25,96781,53010,0,400,24483,17,8,1,0,0,26,21,14,20,20,12,FALSE,0,FALSE
740.8871,1.681,1.711,1.514,1.421,11.955,19,17,0,2713198.8,72,75,74,79,91,91,86,86,19.706,19.705,21.558,21.539,2780.555,96781,53010,0,400,24384,17,8,1,0,0,26,21,14,20,20,12,FALSE,0,FALSE
741.38855,1.686,1.715,1.514,1.421,11.949,19,17,0,2717713.2,70,72,70,73,91,91,86,86,19.713,19.713,21.565,21.548,2792.488,96781,53010,0,400,24384,18,8,1,0,0,26,21,14,20,20,12,FALSE,0,FALSE
741.8882,1.702,1.729,1.514,1.421,11.941,19,17,0,2722196,74,74,67,69,91,91,86,86,19.72,19.72,21.571,21.555,2806.562,96781,53010,0,400,24384,18,8,1,0,0,26,21,14,20,20,12,FALSE,0,FALSE
742.3881,1.726,1.751,1.514,1.421,11.93,19,17,0,2729819.2,77,77,66,67,91,91,87,86,19.729,19.729,21.576,21.561,2822.934,96781,53010,0,65086,24384,18,8,1,0,0,26,21,14,20,20,12,FALSE,0,FALSE
742.88934,1.771,1.794,1.514,1.421,11.918,19,17,0,2734190.8,86,86,65,66,92,92,87,86,19.739,19.739,21.58,21.565,2841.906,96781,53010,0,65086,24834,18,8,1,0,0,26,21,14,20,20,12,FALSE,0,FALSE
743.38873,1.812,1.836,1.514,1.421,11.905,19,17,0,2740566,82,81,65,66,92,92,87,86,19.752,19.751,21.583,21.569,2863.383,96781,53010,0,117,24834,18,8,1,0,0,26,21,14,20,20,12,FALSE,0,FALSE
743.88824,1.839,1.865,1.514,1.421,11.892,19,17,0,2737201.5,75,76,66,66,92,92,87,87,19.76,19.76,21.586,21.572,2887.465,96781,53010,0,117,24834,18,8,1,0,0,26,21,14,20,20,12,FALSE,0,FALSE
744.3858,1.859,1.884,1.514,1.421,11.879,19,17,0,2705834.5,72,72,67,66,92,92,87,87,19.766,19.766,21.588,21.575,2914.133,96781,53010,0,233,24883,18,8,1,0,0,26,21,14,20,20,12,FALSE,0,FALSE
744.8849,1.873,1.898,1.514,1.421,11.866,19,17,0,2659216.8,70,70,67,67,92,92,87,87,19.77,19.77,21.59,21.577,2942.422,96781,53010,0,233,24933,18,8,1,0,0,26,21,14,20,20,12,FALSE,0,FALSE
745.38904,1.886,1.911,1.514,1.421,11.852,19,17,0,2607825.8,69,69,67,67,92,92,87,87,19.773,19.774,21.592,21.579,2975.234,96781,53010,0,300,24933,18,8,1,0,0,26,21,14,20,20,12,FALSE,0,FALSE
745.8862,1.898,1.923,1.514,1.421,11.838,19,17,0,2550210.8,69,69,67,67,92,92,87,87,19.776,19.776,21.593,21.58,3009.176,96781,53010,0,334,24934,18,8,1,0,0,26,21,14,20,20,12,FALSE,0,FALSE
746.8867,1.918,1.942,1.514,1.421,11.812,19,17,0,2440543.5,69,69,68,68,92,92,87,87,19.779,19.779,21.594,21.581,3082.418,96781,53010,0,333,24933,18,8,1,0,0,26,21,14,20,20,12,FALSE,0,FALSE
747.3875,1.928,1.951,1.514,1.421,11.798,19,17,0,2382928.5,70,69,68,69,92,92,87,87,19.779,19.78,21.594,21.581,3121.445,96781,53010,0,333,24933,18,8,1,0,0,26,21,14,20,20,12,FALSE,0,FALSE
748.38727,1.944,1.967,1.514,1.421,11.771,19,17,0,2297828.5,68,68,68,68,92,92,87,87,19.779,19.78,21.592,21.579,3203.43,96781,53010,0,317,24900,18,8,1,0,0,26,21,14,20,20,12,FALSE,0,FALSE
748.8884,1.951,1.973,1.514,1.421,11.757,19,17,0,2289188.5,68,68,68,68,92,92,87,87,19.779,19.779,21.59,21.577,3245.777,96781,53010,0,300,24883,18,8,1,0,0,26,21,14,20,20,12,FALSE,0,FALSE
749.8872,1.963,1.985,1.514,1.421,11.73,19,17,0,2271908.5,69,68,68,68,92,92,87,87,19.776,19.776,21.585,21.573,3332.629,96781,53010,0,267,24817,18,8,1,0,0,26,21,14,20,20,12,FALSE,0,FALSE
750.38495,1.981,2.003,1.541,1.448,11.722,19,17,0,2294775.2,71,71,73,73,92,92,87,87,19.776,19.777,21.587,21.575,3374.234,96781,53010,0,250,24817,18,8,1,0,0,26,21,14,20,20,12,FALSE,0,FALSE
750.88666,2.003,2.026,1.569,1.474,11.722,19,17,0,2326012.8,71,72,73,73,92,92,87,87,19.782,19.782,21.597,21.585,3406.984,96781,53010,0,234,24767,18,8,1,0,0,26,21,14,20,20,12,FALSE,0,FALSE
751.3886,2.022,2.052,1.599,1.506,11.721,19,17,0,2352891,71,75,76,79,93,93,87,87,19.788,19.79,21.607,21.596,3433.086,96781,53010,0,234,24767,18,8,1,0,0,26,21,14,20,20,12,FALSE,0,FALSE
751.8872,2.047,2.085,1.65,1.574,11.721,19,17,0,2372644,74,78,83,92,93,93,87,87,19.795,19.799,21.62,21.611,3455.285,96781,53010,0,266,24767,18,8,1,0,0,26,21,14,20,20,12,FALSE,0,FALSE
752.3889,2.069,2.114,1.693,1.632,11.714,19,17,0,2379691.8,75,79,82,91,93,93,88,87,19.803,19.809,21.633,21.628,3480.07,96781,53010,0,266,24767,18,8,1,0,0,26,21,14,20,20,12,FALSE,0,FALSE
752.8885,2.099,2.151,1.733,1.681,11.706,19,17,0,2386426.2,77,82,81,88,93,93,88,88,19.811,19.82,21.646,21.645,3503.172,96781,53010,0,300,24767,18,8,1,0,0,26,21,14,20,20,12,FALSE,0,FALSE
753.3879,2.123,2.181,1.755,1.706,11.695,19,17,0,2392761.5,75,79,76,81,93,93,88,88,19.819,19.83,21.656,21.657,3525.25,96781,53010,0,300,24767,18,8,1,0,0,26,21,14,20,20,12,FALSE,0,FALSE
753.8877,2.152,2.216,1.79,1.751,11.685,19,17,0,2399479.8,76,79,77,84,93,93,88,88,19.826,19.839,21.665,21.668,3548.055,96781,53010,0,300,24767,18,8,1,0,0,26,21,14,20,20,12,FALSE,0,FALSE
754.38684,2.18,2.25,1.825,1.785,11.676,19,17,0,2406312.2,75,80,78,81,93,94,88,88,19.833,19.848,21.674,21.677,3571.41,96781,53010,0,334,24767,18,8,1,0,0,26,21,14,20,20,12,FALSE,0,FALSE
754.8862,2.205,2.283,1.847,1.805,11.665,19,17,0,2412685.5,73,78,74,75,93,94,88,88,19.839,19.857,21.681,21.685,3595.684,96781,53010,0,334,24767,18,8,1,0,0,26,21,14,20,20,12,FALSE,0,FALSE
755.3865,2.229,2.311,1.863,1.822,11.652,19,17,0,2412457.8,73,77,72,73,94,94,88,88,19.844,19.863,21.687,21.691,3621.879,96781,53010,0,400,24767,18,8,1,0,0,26,21,14,20,20,12,FALSE,0,FALSE
755.8869,2.254,2.34,1.881,1.839,11.638,19,17,0,2405451.2,73,76,72,73,94,94,88,89,19.848,19.869,21.691,21.696,3650.258,96781,53010,0,484,24817,18,8,1,0,0,26,21,14,20,20,12,FALSE,0,FALSE
756.88855,2.292,2.388,1.909,1.865,11.611,19,17,0,2394861.8,70,71,69,68,94,94,89,89,19.854,19.879,21.697,21.703,3713.129,96781,53010,0,533,24850,18,8,1,0,0,26,21,14,20,20,12,FALSE,0,FALSE
757.38776,2.319,2.41,1.937,1.892,11.598,19,17,0,2386221.8,76,73,77,74,94,94,89,89,19.857,19.881,21.7,21.704,3746.582,96781,53010,0,533,24850,18,8,1,0,0,26,21,14,20,20,12,FALSE,0,FALSE
757.88605,2.382,2.463,2.012,1.957,11.584,19,17,0,2377581.8,82,78,85,80,94,94,89,89,19.863,19.885,21.706,21.709,3780.367,96781,53010,0,584,24850,18,8,1,0,0,26,21,14,20,20,12,FALSE,0,FALSE
758.38934,2.44,2.511,2.076,2.015,11.57,19,17,0,2368941.8,80,77,82,78,94,94,89,89,19.869,19.889,21.712,21.713,3815.695,96781,53010,0,600,24884,18,8,1,0,0,26,21,14,20,20,12,FALSE,0,FALSE
758.88916,2.493,2.554,2.141,2.075,11.556,19,17,0,2360301.8,81,77,84,80,94,94,89,89,19.874,19.892,21.717,21.716,3852.508,96781,53010,0,617,24884,18,8,1,0,0,26,21,14,20,20,12,FALSE,0,FALSE
759.3867,2.559,2.609,2.226,2.15,11.544,19,17,0,2357105.8,82,78,86,81,94,95,89,89,19.88,19.895,21.722,21.72,3889.426,96781,53010,0,617,24917,18,8,1,0,0,26,21,14,20,20,12,FALSE,0,FALSE
759.88727,2.624,2.663,2.306,2.222,11.53,19,17,0,2348465.8,81,77,84,80,94,95,89,89,19.885,19.898,21.728,21.724,3925.992,96781,53010,0,633,24917,18,8,1,0,0,26,21,14,20,20,12,FALSE,0,FALSE
760.38745,2.677,2.706,2.365,2.277,11.516,19,17,0,2339825.8,79,76,81,77,94,95,89,89,19.889,19.9,21.731,21.725,3961.648,96781,53010,0,633,24917,18,8,1,0,0,26,21,14,20,20,12,FALSE,0,FALSE
760.88745,2.711,2.733,2.389,2.3,11.503,19,17,0,2331185.8,72,70,71,69,94,95,89,89,19.891,19.901,21.732,21.725,3998.285,96781,53010,0,633,24917,18,8,1,0,0,26,21,14,20,20,12,FALSE,0,FALSE
761.3849,2.725,2.744,2.401,2.307,11.491,19,17,0,2335711.8,72,70,73,71,94,95,89,89,19.889,19.899,21.73,21.723,4034.285,96781,53010,40613,650,24916,18,8,1,0,0,26,21,14,20,20,12,FALSE,0,FALSE
761.8877,2.757,2.77,2.436,2.339,11.489,19,17,0,2366779,75,72,76,74,94,95,89,89,19.893,19.901,21.736,21.728,4066.121,96781,53010,40613,650,24916,18,8,1,0,0,26,21,14,20,20,12,FALSE,0,FALSE
762.3778,2.79,2.794,2.479,2.377,11.489,19,17,0,2393090,78,73,83,79,95,95,89,89,19.899,19.905,21.745,21.736,4089.938,96781,53010,40613,667,24916,18,8,1,0,0,26,21,14,20,20,12,FALSE,0,FALSE
762.8881,2.822,2.818,2.532,2.418,11.489,19,17,0,2410818.5,78,73,88,80,95,95,90,89,19.908,19.911,21.757,21.746,4112.172,96781,53010,40613,667,24916,18,8,1,0,0,26,21,14,20,20,12,FALSE,0,FALSE
763.3858,2.848,2.836,2.596,2.465,11.488,19,17,0,2419555.2,78,73,94,84,95,95,90,90,19.915,19.916,21.771,21.757,4132.812,96781,53010,40613,667,24916,18,8,1,0,0,26,21,14,20,20,12,FALSE,0,FALSE
763.8878,2.875,2.858,2.654,2.508,11.483,19,17,0,2426635.2,79,75,95,84,95,95,90,90,19.922,19.92,21.786,21.767,4156.34,96781,53010,40613,650,24866,18,8,1,0,0,26,21,14,20,20,12,FALSE,0,FALSE
764.3855,2.9,2.877,2.687,2.534,11.477,19,17,0,2433429,78,74,87,79,95,95,90,90,19.929,19.925,21.799,21.776,4176.895,96781,53010,40613,650,24866,18,8,1,0,0,26,21,14,20,20,12,FALSE,0,FALSE
764.8832,2.925,2.899,2.705,2.549,11.467,19,17,0,2438914.8,78,75,79,74,95,95,90,90,19.936,19.93,21.807,21.782,4196.617,96781,53010,40613,650,24866,18,8,1,0,0,26,21,14,20,20,12,FALSE,0,FALSE
765.38446,2.949,2.922,2.71,2.554,11.454,19,17,0,2430703.2,76,75,71,69,95,95,91,90,19.941,19.934,21.813,21.786,4219.133,96781,53010,40613,650,24866,18,8,1,0,0,26,21,14,20,20,12,FALSE,0,FALSE
765.8869,2.967,2.94,2.711,2.555,11.44,19,17,0,2392128.8,73,72,68,67,95,95,91,90,19.945,19.938,21.815,21.788,4245.879,96781,53010,40613,733,24866,18,8,1,0,0,26,21,14,20,20,12,FALSE,0,FALSE
766.38635,2.981,2.954,2.711,2.555,11.427,19,17,0,2352805.2,71,71,67,67,95,95,91,90,19.947,19.94,21.816,21.789,4274.379,96781,53010,40613,733,24817,18,8,1,0,0,26,21,14,20,20,12,FALSE,0,FALSE
766.8876,2.993,2.966,2.711,2.555,11.414,19,17,0,2306006.8,71,70,67,67,95,95,91,90,19.949,19.941,21.816,21.789,4305.242,96781,53010,40613,750,24817,18,8,1,0,0,26,21,14,20,20,12,FALSE,0,FALSE
767.3886,3.005,2.976,2.711,2.555,11.4,19,17,0,2248810.2,71,70,68,68,96,95,91,90,19.949,19.942,21.816,21.789,4337.988,96781,53010,40613,750,24817,18,8,1,0,0,26,21,14,20,20,12,FALSE,0,FALSE
767.88464,3.015,2.986,2.711,2.555,11.387,19,17,0,2193115.8,70,70,68,68,96,95,91,90,19.95,19.942,21.815,21.789,4371.422,96781,53010,40613,750,24817,18,8,1,0,0,26,21,14,20,20,12,FALSE,0,FALSE
768.3863,3.024,2.996,2.711,2.555,11.374,19,17,0,2139061,70,70,68,68,96,95,91,90,19.949,19.941,21.814,21.788,4408.625,96781,53010,40613,750,17517,18,8,1,0,0,26,21,14,20,20,12,FALSE,0,FALSE
768.88617,3.033,3.005,2.711,2.555,11.36,19,17,0,2081446,70,70,68,68,95,95,91,90,19.948,19.941,21.812,21.786,4446.094,96781,53010,40613,750,17483,18,8,1,0,0,26,21,14,20,20,12,FALSE,0,FALSE
769.3868,3.043,3.014,2.711,2.555,11.346,19,17,0,2023831,70,70,68,68,95,95,90,90,19.947,19.939,21.81,21.784,4484.883,96781,53010,40613,750,17483,18,8,1,0,0,26,21,14,20,20,12,FALSE,0,FALSE
769.88586,3.051,3.022,2.711,2.555,11.333,19,17,0,1971642.5,70,70,68,68,95,95,90,90,19.945,19.938,21.807,21.781,4524.777,96781,53010,40613,733,17450,18,8,1,0,0,26,21,14,20,20,12,FALSE,0,FALSE
770.38617,3.058,3.03,2.711,2.555,11.32,19,17,0,1920557,70,70,68,68,95,95,90,90,19.943,19.936,21.804,21.778,4565.574,96781,53010,40613,716,17417,18,8,1,0,0,26,21,14,20,20,12,FALSE,0,FALSE
770.8831,3.064,3.036,2.711,2.555,11.306,19,17,0,1912201.4,70,70,69,69,95,95,90,90,19.941,19.933,21.8,21.775,4605.719,96781,53010,40613,683,17384,18,8,1,0,0,26,21,14,20,20,12,FALSE,0,FALSE
771.8852,3.076,3.05,2.712,2.556,11.278,19,17,0,1894625.8,71,71,69,69,95,95,90,90,19.936,19.928,21.792,21.768,4691.785,96781,53010,40613,684,17350,18,8,1,0,0,26,21,14,20,20,12,FALSE,0,FALSE
772.3827,3.082,3.057,2.712,2.556,11.265,19,17,0,1886270.1,71,71,69,69,95,95,90,90,19.933,19.925,21.788,21.763,4733.344,96781,53010,40613,650,17316,18,8,1,0,0,26,21,14,20,20,12,FALSE,0,FALSE
772.8874,3.088,3.064,2.712,2.556,11.25,19,17,0,1877338.2,71,71,69,69,95,95,90,90,19.929,19.922,21.783,21.759,4778.133,96781,53010,40613,650,17300,18,8,1,0,0,26,21,14,20,20,12,FALSE,0,FALSE
773.3833,3.096,3.071,2.718,2.561,11.237,19,17,0,1875873.5,71,71,71,71,95,95,90,90,19.925,19.919,21.779,21.754,4820.141,96781,53010,40613,650,17266,18,8,1,0,0,26,21,14,20,20,12,FALSE,0,FALSE
773.88324,3.119,3.095,2.752,2.596,11.234,19,17,0,1909226.1,72,71,74,74,95,95,90,90,19.926,19.92,21.783,21.759,4857.406,96781,53010,40613,633,17266,18,8,1,0,0,26,21,14,20,20,12,FALSE,0,FALSE
774.3862,3.142,3.119,2.776,2.621,11.233,19,17,0,1938439,72,71,74,73,95,95,90,90,19.931,19.924,21.793,21.769,4886.668,96781,53010,40613,633,17266,18,8,1,0,0,26,21,14,20,20,12,FALSE,0,FALSE
774.8837,3.166,3.138,2.808,2.648,11.233,19,17,0,1961047.6,76,72,80,76,95,95,90,90,19.937,19.93,21.803,21.778,4907.949,96781,53010,40613,600,17266,18,8,1,0,0,26,21,14,20,20,12,FALSE,0,FALSE
775.3852,3.194,3.157,2.85,2.68,11.233,19,17,0,1976797.9,78,72,85,78,95,95,91,90,19.946,19.936,21.816,21.79,4926.09,96781,53010,40613,600,17283,18,8,1,0,0,26,21,14,20,20,12,FALSE,0,FALSE
775.88824,3.212,3.173,2.899,2.711,11.231,19,17,0,1983699.5,78,73,92,82,96,95,91,90,19.953,19.941,21.83,21.799,4950.863,96781,53010,40613,600,17283,18,8,1,0,0,26,21,14,20,20,12,FALSE,0,FALSE
776.3809,3.234,3.19,2.929,2.735,11.226,19,17,0,1989934.5,78,74,87,79,96,95,91,90,19.961,19.947,21.845,21.81,4967.898,96781,53010,40613,533,17283,18,8,1,0,0,26,21,14,20,20,12,FALSE,0,FALSE
776.88495,3.251,3.203,2.94,2.745,11.218,19,17,0,1996434.6,75,72,77,72,96,96,91,91,19.968,19.952,21.856,21.818,4986.371,96781,53010,40613,533,17283,18,8,1,0,0,26,21,14,20,20,12,FALSE,0,FALSE
777.38354,3.27,3.221,2.952,2.755,11.207,19,17,0,2000511.9,75,73,74,70,96,96,91,91,19.974,19.957,21.863,21.824,5005.551,96781,53010,40613,533,17250,18,8,1,0,0,26,21,14,20,20,12,FALSE,0,FALSE
777.8831,3.294,3.244,2.958,2.761,11.194,19,17,0,1995915.9,76,74,71,68,96,96,91,91,19.98,19.962,21.868,21.829,5027.164,96781,53010,40613,483,17250,18,8,1,0,0,26,21,14,20,20,12,FALSE,0,FALSE
778.38055,3.321,3.271,2.965,2.768,11.181,19,17,0,1965921.4,75,73,70,68,96,96,92,91,19.986,19.967,21.873,21.832,5051.523,96781,53010,40613,483,17250,18,8,1,0,0,26,21,14,20,20,12,FALSE,0,FALSE
778.8824,3.338,3.287,2.966,2.77,11.168,19,17,0,1922443.6,72,71,68,67,96,96,92,91,19.989,19.971,21.876,21.835,5079.109,96781,53010,40613,550,17250,18,8,1,0,0,26,21,14,20,20,12,FALSE,0,FALSE
779.38605,3.35,3.299,2.966,2.77,11.154,19,17,0,1875063.6,70,70,67,67,96,96,92,91,19.992,19.973,21.877,21.837,5110.586,96781,53010,40613,567,17317,18,8,1,0,0,26,21,14,20,20,12,FALSE,0,FALSE
779.88196,3.361,3.31,2.966,2.77,11.141,19,17,0,1820134.4,71,70,67,68,96,96,92,91,19.993,19.974,21.878,21.838,5141.984,96781,53010,40613,567,17317,18,8,1,0,0,26,21,14,20,20,12,FALSE,0,FALSE
780.3822,3.372,3.32,2.966,2.77,11.127,19,17,0,1762519.4,70,70,68,68,96,96,92,91,19.994,19.975,21.878,21.839,5176.414,96781,53010,40613,567,17300,18,8,1,0,0,26,21,14,20,20,12,FALSE,0,FALSE
780.8818,3.38,3.328,2.966,2.77,11.114,19,17,0,1735000,70,69,68,68,96,96,92,91,19.995,19.975,21.878,21.839,5212.449,96781,53010,40613,566,17300,18,8,1,0,0,26,21,14,20,20,12,FALSE,0,FALSE
781.37946,3.386,3.335,2.966,2.77,11.101,19,17,0,1726356.2,70,70,68,68,96,96,92,91,19.994,19.975,21.877,21.838,5249.613,96781,53010,40613,566,17283,18,8,1,0,0,26,21,14,20,20,12,FALSE,0,FALSE
781.8859,3.394,3.342,2.966,2.77,11.086,19,17,0,1717424.4,70,70,68,68,96,96,92,91,19.994,19.975,21.876,21.837,5289.109,96781,53010,40613,567,17283,18,8,1,0,0,26,21,14,20,20,12,FALSE,0,FALSE
782.38367,3.4,3.348,2.966,2.77,11.073,19,17,0,1709068.8,69,69,68,68,96,96,92,91,19.993,19.974,21.874,21.836,5326.949,96781,53010,40613,550,17217,18,8,1,0,0,26,21,14,20,20,12,FALSE,0,FALSE
782.88165,3.406,3.355,2.966,2.77,11.059,19,17,0,1700425,68,68,68,68,96,96,92,91,19.99,19.972,21.872,21.833,5367.031,96781,53010,40613,550,17217,18,8,1,0,0,26,21,14,20,20,12,FALSE,0,FALSE
783.383,3.413,3.361,2.966,2.77,11.046,19,17,0,1697227.2,68,68,68,68,96,96,91,91,19.988,19.969,21.869,21.831,5407.859,96781,53010,40613,550,17200,18,8,1,0,0,26,21,14,20,20,12,FALSE,0,FALSE
783.88,3.419,3.367,2.966,2.77,11.033,19,17,1,1688583.5,68,68,68,68,96,96,91,91,19.985,19.967,21.865,21.828,40.688,116015,0,0,550,17200,18,9,1,0,0,26,21,14,20,20,12,FALSE,0,FALSE
784.3857,3.425,3.374,2.966,2.77,11.018,19,17,1,1679651.6,68,68,68,68,96,96,91,91,19.981,19.963,21.861,21.824,84.551,116015,0,0,550,17184,18,9,1,0,0,26,21,14,20,20,12,FALSE,0,FALSE
784.8846,3.431,3.38,2.966,2.77,11.005,19,17,1,1671296,69,69,69,69,96,96,91,91,19.978,19.96,21.857,21.82,126.23,116015,0,0,550,17150,18,9,1,0,0,26,21,14,20,20,12,FALSE,0,FALSE
785.3832,3.437,3.386,2.966,2.77,10.991,19,17,1,1662652.2,69,69,69,68,96,96,91,91,19.974,19.956,21.852,21.815,169.953,116015,0,0,550,17084,18,9,1,0,0,26,21,14,20,20,12,FALSE,0,FALSE
785.88165,3.444,3.391,2.966,2.77,10.977,19,17,1,1654008.5,69,69,68,69,96,96,91,90,19.969,19.952,21.847,21.811,214.227,116015,0,0,550,17084,18,9,1,0,0,26,21,14,20,20,12,FALSE,0,FALSE
786.38544,3.45,3.398,2.966,2.77,10.963,19,17,1,1645076.6,68,68,68,68,96,95,91,90,19.965,19.947,21.842,21.805,260.488,116015,0,0,566,17033,18,9,1,0,0,26,21,14,20,20,12,FALSE,0,FALSE
787.38513,3.461,3.411,2.966,2.77,10.935,19,17,1,1628321.8,68,68,68,68,96,95,91,90,19.954,19.937,21.83,21.794,351.258,116015,0,0,566,17000,18,9,1,0,0,26,21,14,20,20,12,FALSE,0,FALSE
787.8844,3.466,3.416,2.966,2.77,10.922,19,17,1,1620580.1,69,69,69,69,96,95,91,90,19.949,19.932,21.824,21.789,395.641,116015,0,0,517,16950,18,9,1,0,0,26,21,14,20,20,12,FALSE,0,FALSE
788.3831,3.472,3.422,2.966,2.77,10.908,19,17,1,1612769.2,69,69,69,69,95,95,91,90,19.943,19.926,21.818,21.782,441.84,116015,0,0,517,16900,18,9,1,0,0,26,21,14,20,20,12,FALSE,0,FALSE
788.8848,3.478,3.427,2.966,2.77,10.895,19,17,1,1605150.2,69,69,69,69,95,95,90,90,19.937,19.92,21.811,21.776,488.316,116015,0,0,500,16867,18,9,1,0,0,26,21,14,20,20,12,FALSE,0,FALSE
789.3823,3.483,3.433,2.966,2.77,10.881,19,17,1,1597708.5,69,69,69,69,95,95,90,90,19.93,19.914,21.804,21.769,535.047,116015,0,0,467,16867,18,9,1,0,0,26,21,14,20,20,12,FALSE,0,FALSE
789.8827,3.489,3.438,2.968,2.771,10.867,19,17,1,1592704.6,70,70,70,70,95,95,90,90,19.924,19.907,21.797,21.762,581.988,116015,0,0,417,16867,18,9,1,0,0,26,21,14,20,20,12,FALSE,0,FALSE
790.3831,3.516,3.465,3.003,2.809,10.865,19,17,1,1629386.9,71,72,74,74,95,95,90,90,19.923,19.907,21.8,21.765,623.633,116015,0,0,417,16700,18,9,1,0,0,26,21,14,20,20,12,FALSE,0,FALSE
790.88654,3.534,3.482,3.017,2.824,10.864,19,17,1,1661999.4,71,71,72,72,95,95,90,90,19.926,19.91,21.807,21.773,657.707,116015,0,0,383,16700,18,9,1,0,0,26,21,14,20,20,12,FALSE,0,FALSE
791.3817,3.555,3.503,3.037,2.842,10.862,19,17,1,1686629.9,71,72,72,72,95,95,91,90,19.931,19.916,21.816,21.782,682.215,116015,0,0,383,16766,18,9,1,0,0,26,21,14,20,20,12,FALSE,0,FALSE
791.8815,3.563,3.513,3.044,2.847,10.862,19,17,1,1708522.9,70,70,71,70,95,95,91,90,19.936,19.921,21.824,21.791,701.863,116015,0,0,366,16766,18,9,1,0,0,26,21,14,20,20,12,FALSE,0,FALSE
792.3844,3.574,3.522,3.053,2.859,10.862,19,17,1,1726511.6,71,69,72,72,95,95,91,90,19.942,19.926,21.833,21.798,717.805,116015,0,0,366,16766,18,9,1,0,0,26,21,14,20,20,12,FALSE,0,FALSE
792.8809,3.587,3.532,3.083,2.882,10.862,19,17,1,1741288.6,73,70,81,77,95,95,91,90,19.948,19.932,21.843,21.808,729.543,116015,0,0,366,16867,17,9,1,0,0,26,21,14,20,20,12,FALSE,0,FALSE
793.3817,3.596,3.538,3.116,2.906,10.861,19,17,1,1749094.8,72,69,88,81,96,95,91,91,19.955,19.937,21.857,21.819,739.098,116015,0,0,366,16867,17,9,1,0,0,26,21,14,20,20,12,FALSE,0,FALSE
793.8834,3.605,3.545,3.137,2.921,10.859,19,17,1,1754026.1,73,70,88,79,96,95,92,91,19.961,19.942,21.872,21.831,750.703,116015,0,0,467,16867,17,9,1,0,0,26,21,14,20,20,12,FALSE,0,FALSE
794.37915,3.614,3.554,3.151,2.929,10.855,19,17,1,1759236.9,73,70,84,76,96,95,92,91,19.967,19.947,21.885,21.841,761.012,116015,0,0,467,16867,17,9,1,0,0,26,21,14,20,20,12,FALSE,0,FALSE
794.88324,3.621,3.56,3.155,2.933,10.85,19,17,1,1764953.4,72,70,77,72,96,96,92,91,19.973,19.952,21.896,21.849,771.859,116015,0,0,467,16867,17,9,1,0,0,26,21,14,20,20,12,FALSE,0,FALSE
795.3829,3.63,3.571,3.157,2.934,10.843,19,17,1,1771056.2,72,71,72,69,96,96,92,91,19.978,19.956,21.904,21.855,785.121,116015,0,0,467,17267,17,9,1,0,0,26,21,14,20,20,12,FALSE,0,FALSE
795.8842,3.641,3.585,3.158,2.936,10.833,19,17,1,1776241.6,73,72,68,67,96,96,92,91,19.983,19.962,21.909,21.86,800.816,116015,0,0,634,17267,16,9,1,0,0,26,21,14,20,20,12,FALSE,0,FALSE
796.3847,3.651,3.597,3.164,2.944,10.824,19,17,1,1786282.6,71,72,69,71,96,96,92,91,19.988,19.967,21.913,21.865,819.129,116015,0,0,634,17267,16,9,1,0,0,26,21,14,20,20,12,FALSE,0,FALSE
796.88477,3.671,3.622,3.197,2.987,10.817,19,17,1,1792845.6,74,78,78,84,96,96,92,92,19.993,19.972,21.918,21.872,840.586,116015,0,0,634,17150,16,9,1,0,0,26,21,14,20,20,12,FALSE,0,FALSE
797.3848,3.701,3.661,3.223,3.018,10.809,19,17,1,1799498.2,77,83,77,82,96,96,92,92,19.999,19.981,21.925,21.882,864.52,116015,0,0,467,17150,16,9,1,0,0,26,21,14,20,20,12,FALSE,0,FALSE
797.8835,3.722,3.685,3.234,3.028,10.798,19,17,1,1803692.6,74,78,72,74,97,96,92,92,20.004,19.989,21.931,21.889,885.016,116015,0,0,467,17183,16,9,1,0,0,26,21,14,20,20,12,FALSE,0,FALSE
798.3808,3.75,3.712,3.24,3.034,10.785,19,17,1,1799166,75,77,69,70,97,96,93,92,20.009,19.996,21.934,21.893,908.52,116015,0,0,516,17183,16,9,1,0,0,26,21,14,20,20,12,FALSE,0,FALSE
799.3847,3.792,3.753,3.253,3.048,10.758,19,17,1,1721307.6,76,74,71,69,97,96,93,92,20.016,20.003,21.936,21.896,965.172,116015,0,0,584,17183,16,9,1,0,0,26,21,14,20,20,12,FALSE,0,FALSE
799.8852,3.811,3.769,3.26,3.055,10.745,19,17,1,1673283.8,73,71,70,68,97,97,93,92,20.02,20.005,21.937,21.897,997.055,116015,0,0,617,17267,16,9,1,0,0,26,21,14,20,20,12,FALSE,0,FALSE
800.38293,3.83,3.785,3.266,3.062,10.732,19,17,1,1628257.4,71,70,69,68,97,97,93,92,20.022,20.006,21.938,21.897,1028.094,116015,0,0,617,17300,16,9,1,0,0,26,21,14,20,20,12,FALSE,0,FALSE
800.8821,3.841,3.794,3.267,3.063,10.718,19,17,1,1619613.6,69,68,68,67,97,97,93,92,20.022,20.006,21.937,21.896,1062.043,116015,0,0,617,17300,16,9,1,0,0,26,21,14,20,20,12,FALSE,0,FALSE
801.3846,3.85,3.802,3.267,3.064,10.705,19,17,1,1616395.5,68,68,68,67,97,97,93,92,20.021,20.005,21.935,21.895,1097.449,116015,0,0,600,17283,16,9,1,0,0,26,21,14,20,20,12,FALSE,0,FALSE
802.37775,3.866,3.817,3.267,3.064,10.678,19,17,1,1599108,69,68,68,68,97,96,92,92,20.018,20.002,21.93,21.89,1171.902,116015,0,0,600,17266,16,9,1,0,0,26,21,14,20,20,12,FALSE,0,FALSE
802.8855,3.874,3.824,3.267,3.064,10.663,19,17,1,1590176.1,69,68,68,68,97,96,92,92,20.016,20,21.927,21.887,1212.129,116015,0,0,600,17250,16,9,1,0,0,26,21,14,20,20,12,FALSE,0,FALSE
803.3843,3.881,3.83,3.267,3.064,10.65,19,17,1,1581820.5,69,68,68,68,97,96,92,92,20.013,19.997,21.924,21.884,1250.695,116015,0,0,600,17250,16,9,1,0,0,26,21,14,20,20,12,FALSE,0,FALSE
803.8857,3.888,3.837,3.267,3.064,10.637,19,17,1,1578314.2,69,68,68,68,97,96,92,92,20.01,19.994,21.92,21.88,1292.703,116015,0,0,600,17250,16,9,1,0,0,26,21,14,20,20,12,FALSE,0,FALSE
804.38635,3.895,3.843,3.267,3.064,10.623,19,17,1,1569670.5,69,69,68,68,97,96,92,92,20.007,19.991,21.915,21.876,1334.07,116015,0,0,566,17250,16,9,1,0,0,26,21,14,20,20,12,FALSE,0,FALSE
804.8871,3.901,3.849,3.267,3.064,10.609,19,17,1,1561026.8,69,69,68,69,97,96,92,92,20.003,19.988,21.91,21.871,1376.129,116015,0,0,583,17183,16,9,1,0,0,26,21,14,20,20,12,FALSE,0,FALSE
805.3833,3.914,3.862,3.283,3.076,10.599,19,17,1,1568875.1,71,71,74,73,96,96,92,91,20,19.985,21.907,21.868,1416.699,116015,0,0,583,17183,16,9,1,0,0,26,21,14,20,20,12,FALSE,0,FALSE
805.8857,3.943,3.885,3.322,3.106,10.597,19,17,1,1602295.2,73,71,75,73,96,96,92,92,20.003,19.987,21.913,21.874,1452.109,116015,0,0,566,17183,16,9,1,0,0,26,21,14,20,20,12,FALSE,0,FALSE
806.3843,3.958,3.907,3.348,3.116,10.596,19,17,1,1627770.5,71,71,73,71,97,96,92,92,20.007,19.992,21.922,21.881,1477.906,116015,0,0,566,17183,16,9,1,0,0,26,21,14,20,20,12,FALSE,0,FALSE
806.88586,3.973,3.918,3.365,3.133,10.596,19,17,1,1651809.2,72,69,75,72,97,96,92,92,20.011,19.995,21.93,21.889,1500.645,116015,0,0,600,17200,16,9,1,0,0,26,21,14,20,20,12,FALSE,0,FALSE
807.3856,3.998,3.936,3.408,3.168,10.596,19,17,1,1670707.1,77,72,86,80,97,96,93,92,20.018,20,21.94,21.898,1518.02,116015,0,0,600,17200,16,9,1,0,0,26,21,14,20,20,12,FALSE,0,FALSE
807.8797,4.02,3.95,3.454,3.207,10.594,19,17,1,1678670.1,79,72,91,85,97,97,93,92,20.025,20.005,21.953,21.909,1540.617,116015,0,0,650,17200,16,9,1,0,0,26,21,14,20,20,12,FALSE,0,FALSE
808.8862,4.061,3.983,3.516,3.252,10.582,19,17,1,1691390.9,77,73,84,77,97,97,93,92,20.041,20.015,21.979,21.929,1583.352,116015,0,0,650,17250,16,9,1,0,0,26,21,14,20,20,12,FALSE,0,FALSE
809.38385,4.091,4.008,3.539,3.271,10.574,19,17,1,1697525.6,82,77,82,76,97,97,93,93,20.048,20.02,21.988,21.936,1600.023,116015,0,0,600,17200,16,9,1,0,0,26,21,14,20,20,12,FALSE,0,FALSE
809.8862,4.145,4.053,3.557,3.286,10.565,19,17,1,1704335.1,89,83,77,73,98,97,94,93,20.058,20.028,21.996,21.942,1619.055,116015,0,0,600,17200,16,9,1,0,0,26,21,14,20,20,12,FALSE,0,FALSE
810.38,4.16,4.066,3.561,3.289,10.555,19,17,1,1710341.9,77,74,72,69,98,97,94,93,20.067,20.035,22.001,21.946,1639.398,116015,0,0,600,17200,16,9,1,0,0,26,21,14,20,20,12,FALSE,0,FALSE
810.87646,4.174,4.079,3.562,3.291,10.544,19,17,1,1716525.6,72,71,67,66,98,97,94,93,20.071,20.038,22.003,21.948,1662.098,116015,0,0,617,17134,16,9,1,0,0,26,21,14,20,20,12,FALSE,0,FALSE
811.8826,4.213,4.118,3.563,3.292,10.519,19,17,1,1716425.9,73,72,66,67,98,97,94,93,20.075,20.044,22.003,21.948,1713.414,116015,0,0,684,17167,16,9,1,0,0,26,21,14,20,20,12,FALSE,0,FALSE
812.3791,4.229,4.137,3.57,3.298,10.505,19,17,1,1709645.5,71,73,68,69,98,97,94,93,20.077,20.046,22.003,21.949,1741.887,116015,0,0,734,17200,16,9,1,0,0,26,21,14,20,20,12,FALSE,0,FALSE
813.38257,4.25,4.162,3.578,3.306,10.479,19,17,1,1698995.8,70,72,69,69,98,97,94,93,20.078,20.048,22.002,21.95,1805.332,116015,29976,0,767,17233,16,9,1,0,0,26,21,14,20,20,12,FALSE,0,FALSE
814.38464,4.302,4.212,3.632,3.355,10.467,19,17,1,1724696.6,76,72,78,74,98,97,94,93,20.08,20.052,22.005,21.953,1869.945,116015,29976,0,783,17233,16,9,1,0,0,26,21,14,20,20,12,FALSE,0,FALSE
814.88257,4.333,4.235,3.681,3.398,10.467,19,17,1,1747320.8,78,73,85,80,98,97,94,93,20.084,20.054,22.011,21.957,1898.258,116015,29976,0,850,17233,16,9,1,0,0,26,21,14,20,20,12,FALSE,0,FALSE
815.385,4.39,4.268,3.748,3.461,10.464,19,17,1,1755258,86,77,90,85,98,97,94,93,20.092,20.057,22.019,21.964,1927.289,116015,29976,0,850,17300,16,9,1,0,0,26,21,14,20,20,12,FALSE,0,FALSE
815.8846,4.423,4.294,3.782,3.49,10.455,19,17,1,1760374.9,80,75,81,76,98,98,94,93,20.098,20.06,22.027,21.97,1952.594,116015,29976,0,900,17300,16,9,1,0,0,26,21,14,20,20,12,FALSE,0,FALSE
816.3805,4.438,4.306,3.786,3.495,10.443,19,17,1,1758299.1,73,70,70,69,98,98,94,93,20.102,20.062,22.029,21.972,1978.496,116015,29976,0,900,17300,16,9,1,0,0,26,21,14,20,20,12,FALSE,0,FALSE
816.8856,4.456,4.33,3.805,3.513,10.43,19,17,1,1756248.9,71,77,74,73,98,98,94,93,20.102,20.063,22.029,21.972,2008.191,116015,29976,0,900,17300,16,9,1,0,0,26,21,14,20,20,12,FALSE,0,FALSE
817.88043,4.517,4.406,3.88,3.622,10.412,19,17,1,1767670.4,76,79,79,84,98,98,94,93,20.105,20.069,22.031,21.98,2068.281,116015,29976,0,950,17384,16,9,1,0,0,26,21,14,20,20,12,FALSE,0,FALSE
818.3845,4.556,4.456,3.922,3.674,10.401,19,17,1,1772538.5,76,81,76,80,98,98,94,93,20.107,20.073,22.033,21.985,2096.852,116015,29976,0,1000,17416,16,9,1,0,0,26,21,14,20,20,12,FALSE,0,FALSE
818.88446,4.575,4.479,3.936,3.687,10.389,19,17,1,1770777,71,75,71,72,98,98,94,93,20.107,20.075,22.032,21.986,2127.262,116015,29976,0,1000,17416,16,9,1,0,0,26,21,14,20,20,12,FALSE,0,FALSE
819.38403,4.587,4.494,3.941,3.691,10.375,19,17,1,1762388,71,72,69,69,98,98,94,93,20.105,20.075,22.03,21.984,2158.961,116015,29976,0,1084,17500,16,9,1,0,0,26,21,14,20,20,12,FALSE,0,FALSE
819.8821,4.599,4.507,3.955,3.705,10.365,19,17,1,1770392.2,72,72,74,73,98,98,94,93,20.104,20.074,22.028,21.982,2191.164,116015,29976,0,1084,17500,16,9,1,0,0,26,21,14,20,20,12,FALSE,0,FALSE
820.38306,4.622,4.527,3.977,3.731,10.363,19,17,1,1796920.4,74,73,76,74,98,98,94,93,20.106,20.076,22.033,21.987,2216.945,116015,29976,0,1084,17566,16,9,1,0,0,26,21,14,20,20,12,FALSE,0,FALSE
820.8857,4.638,4.539,3.989,3.744,10.363,19,17,1,1820687.5,73,70,73,72,98,98,94,94,20.11,20.079,22.04,21.993,2237.766,116015,29976,0,1084,17566,16,9,1,0,0,26,21,14,20,20,12,FALSE,0,FALSE
821.38275,4.647,4.545,4.002,3.755,10.363,19,17,1,1838924.2,72,69,75,72,99,98,94,94,20.113,20.081,22.045,21.999,2253.32,116015,29976,0,1150,17634,16,9,1,0,0,26,21,14,20,20,12,FALSE,0,FALSE
821.8844,4.662,4.558,4.03,3.775,10.363,19,17,1,1854298.4,75,71,82,76,99,98,95,94,20.117,20.084,22.053,22.005,2266.324,116015,29976,0,1150,17634,16,9,1,0,0,26,21,14,20,20,12,FALSE,0,FALSE
822.38104,4.674,4.565,4.058,3.799,10.362,19,17,1,1861360,76,70,86,79,99,98,95,94,20.122,20.087,22.064,22.012,2283.801,116015,29976,0,1150,17634,16,9,1,0,0,26,21,14,20,20,12,FALSE,0,FALSE
822.88086,4.697,4.588,4.082,3.81,10.359,19,17,1,1867185.2,82,76,87,78,99,98,95,94,20.128,20.091,22.075,22.018,2298.672,116015,29976,0,1150,17566,16,9,1,0,0,26,21,14,20,20,12,FALSE,0,FALSE
823.3809,4.711,4.6,4.091,3.818,10.353,19,17,1,1873352.8,79,74,81,74,99,98,95,94,20.135,20.096,22.084,22.024,2310.816,116015,29976,0,900,17566,16,9,1,0,0,26,21,14,20,20,12,FALSE,0,FALSE
823.8805,4.725,4.612,4.101,3.826,10.347,19,17,1,1880194.6,77,74,77,72,99,98,95,94,20.141,20.1,22.091,22.029,2323.395,116015,29976,0,900,17566,16,9,1,0,0,26,21,14,20,20,12,FALSE,0,FALSE
824.38385,4.737,4.623,4.106,3.83,10.338,19,17,1,1887442.6,75,73,73,69,99,98,95,94,20.146,20.104,22.096,22.033,2337.957,116015,29976,0,900,17566,16,9,1,0,0,26,21,14,20,20,12,FALSE,0,FALSE
824.88257,4.76,4.648,4.107,3.831,10.327,19,17,1,1894378.2,79,78,70,67,99,98,95,94,20.15,20.108,22.099,22.034,2355.242,116015,29976,0,917,17583,16,9,1,0,0,26,21,14,20,20,12,FALSE,0,FALSE
825.8826,4.802,4.695,4.107,3.831,10.301,19,17,1,1886691.6,74,74,66,67,99,99,95,94,20.159,20.117,22.101,22.036,2398.703,116015,29976,0,933,17583,16,9,1,0,0,26,21,14,20,20,12,FALSE,0,FALSE
826.876,4.831,4.727,4.107,3.832,10.275,19,17,1,1810457.8,72,71,67,67,99,99,95,94,20.161,20.12,22.099,22.035,2452.738,116015,29976,0,933,17583,16,9,1,0,0,26,21,14,20,20,12,FALSE,0,FALSE
827.38306,4.841,4.737,4.107,3.832,10.262,19,17,1,1788276.9,70,70,67,67,99,99,95,94,20.161,20.12,22.097,22.034,2483.203,116015,29976,0,950,17583,16,9,1,0,0,26,21,14,20,20,12,FALSE,0,FALSE
827.8836,4.849,4.746,4.108,3.832,10.248,19,17,1,1779831,70,70,67,67,99,99,95,94,20.16,20.119,22.095,22.033,2515.293,116015,29976,0,950,17583,16,9,1,0,0,26,21,14,20,20,12,FALSE,0,FALSE
828.3824,4.857,4.754,4.108,3.832,10.235,19,17,1,1771187.2,70,70,67,67,99,99,95,94,20.159,20.118,22.093,22.031,2548.926,116015,29976,0,933,17566,16,9,1,0,0,26,21,14,20,20,12,FALSE,0,FALSE
828.8819,4.87,4.77,4.12,3.843,10.222,19,17,1,1767911.9,71,73,71,72,99,99,95,94,20.157,20.117,22.09,22.029,2583.91,116015,29976,0,933,17566,16,9,1,0,0,26,21,14,20,20,12,FALSE,0,FALSE
829.3837,4.904,4.813,4.161,3.887,10.208,19,17,1,1759268.1,75,78,75,78,99,99,95,94,20.156,20.118,22.089,22.029,2619.105,116015,29976,0,934,17550,16,9,1,0,0,26,21,14,20,20,12,FALSE,0,FALSE
829.88586,4.939,4.857,4.206,3.932,10.205,19,17,1,1787027,74,77,76,79,99,99,95,94,20.158,20.121,22.092,22.033,2654.402,116015,29976,0,934,17550,16,9,1,0,0,26,21,14,20,20,12,FALSE,0,FALSE
830.3812,4.958,4.882,4.228,3.953,10.203,19,17,1,1812687.2,72,75,74,76,99,99,95,94,20.16,20.125,22.096,22.039,2680.82,116015,29976,0,950,17584,16,9,1,0,0,26,21,14,20,20,12,FALSE,0,FALSE
830.8844,4.973,4.9,4.245,3.97,10.202,19,17,1,1835858.2,72,74,74,76,99,99,95,94,20.163,20.13,22.101,22.045,2701.602,116015,29976,0,950,17584,16,9,1,0,0,26,21,14,20,20,12,FALSE,0,FALSE
831.38275,4.985,4.915,4.259,3.986,10.202,19,17,1,1855289.6,71,74,73,77,100,99,95,95,20.166,20.135,22.107,22.053,2718.52,116015,29976,0,950,17633,16,9,1,0,0,26,21,14,20,20,12,FALSE,0,FALSE
831.8828,4.994,4.928,4.276,4.008,10.202,19,17,1,1870743.4,71,75,75,80,100,99,96,95,20.169,20.14,22.113,22.061,2732.027,116015,29976,0,950,17633,16,9,1,0,0,26,21,14,20,20,12,FALSE,0,FALSE
832.3757,5.003,4.938,4.296,4.046,10.202,19,17,1,1879075.4,71,73,77,91,100,99,96,95,20.172,20.145,22.12,22.071,2743.75,116015,29976,0,866,17633,16,9,1,0,0,26,21,14,20,20,12,FALSE,0,FALSE
832.8845,5.011,4.949,4.318,4.075,10.199,19,17,1,1884535.5,72,75,80,91,100,99,96,95,20.175,20.149,22.128,22.085,2765.684,116015,29976,0,866,17550,16,9,1,0,0,26,21,14,20,20,12,FALSE,0,FALSE
833.3821,5.023,4.964,4.327,4.085,10.196,19,17,1,1890261.9,72,77,76,84,100,99,96,95,20.178,20.155,22.135,22.096,2775.918,116015,29976,0,866,17550,16,9,1,0,0,26,21,14,20,20,12,FALSE,0,FALSE
833.8857,5.032,4.973,4.331,4.09,10.189,19,17,1,1896472.4,72,74,71,77,100,99,96,95,20.18,20.16,22.139,22.104,2788.777,116015,29976,0,866,17550,16,9,1,0,0,26,21,14,20,20,12,FALSE,0,FALSE
834.3819,5.041,4.986,4.332,4.09,10.181,19,17,1,1903208,72,75,68,72,100,99,96,95,20.183,20.163,22.142,22.108,2803.145,116015,29976,0,700,17550,16,9,1,0,0,26,21,14,20,20,12,FALSE,0,FALSE
834.8833,5.055,5.001,4.332,4.09,10.17,19,17,1,1909525.5,73,74,67,68,100,100,96,95,20.186,20.167,22.143,22.111,2820.355,116015,29976,0,700,17550,16,9,1,0,0,26,21,14,20,20,12,FALSE,0,FALSE
835.3841,5.08,5.023,4.332,4.09,10.158,19,17,1,1913286,75,75,66,66,100,100,96,96,20.19,20.172,22.143,22.111,2840.316,116015,29976,0,750,17600,16,9,1,0,0,26,21,14,20,20,12,FALSE,0,FALSE
835.88116,5.097,5.039,4.332,4.09,10.145,19,17,1,1909157.8,73,73,66,66,100,100,96,96,20.192,20.174,22.143,22.111,2863.055,116015,29976,0,750,17600,16,9,1,0,0,26,21,14,20,20,12,FALSE,0,FALSE
836.38086,5.111,5.053,4.332,4.09,10.132,19,17,1,1909231.9,71,71,67,67,100,100,96,96,20.194,20.176,22.142,22.111,2888.523,116015,29976,0,766,17600,16,9,1,0,0,26,21,14,20,20,12,FALSE,0,FALSE
837.38324,5.131,5.074,4.332,4.09,10.105,19,17,1,1897925.8,69,69,67,67,100,100,96,95,20.193,20.176,22.139,22.109,2946.414,116015,29976,0,783,17600,16,9,1,0,0,26,21,14,20,20,12,FALSE,0,FALSE
837.8844,5.14,5.082,4.332,4.09,10.091,19,17,1,1892278.6,69,69,68,68,100,100,96,95,20.192,20.175,22.137,22.107,2978.332,116015,29976,0,783,17616,16,9,1,0,0,26,21,14,20,20,12,FALSE,0,FALSE
838.38293,5.148,5.091,4.332,4.09,10.078,19,17,1,1883634.9,69,69,68,68,100,100,96,95,20.19,20.173,22.135,22.105,3011.988,116015,29976,0,783,17616,16,9,1,0,0,26,21,14,20,20,12,FALSE,0,FALSE
838.8827,5.156,5.098,4.332,4.09,10.065,19,17,1,1880428.6,69,69,68,68,100,100,96,95,20.188,20.171,22.132,22.102,3047.188,116015,29976,0,783,17600,16,9,1,0,0,26,21,14,20,20,12,FALSE,0,FALSE
839.3827,5.163,5.105,4.332,4.09,10.051,19,17,1,1871784.9,69,69,68,68,100,100,96,95,20.185,20.169,22.129,22.099,3083.594,116015,29976,0,800,17600,16,9,1,0,0,26,21,14,20,20,12,FALSE,0,FALSE
839.8823,5.17,5.112,4.332,4.09,10.037,19,17,1,1863141.1,70,70,69,69,100,100,96,95,20.183,20.166,22.125,22.096,3121.227,116015,29976,0,800,17600,16,9,1,0,0,26,21,14,20,20,12,FALSE,0,FALSE
840.3818,5.177,5.119,4.332,4.09,10.023,19,17,1,1854497.4,69,69,69,69,100,99,96,95,20.179,20.163,22.121,22.092,3159.969,116015,29976,0,800,17583,16,9,1,0,0,26,21,14,20,20,12,FALSE,0,FALSE
840.88214,5.184,5.126,4.332,4.09,10.01,19,17,1,1845853.6,69,69,69,69,100,99,96,95,20.176,20.159,22.116,22.087,3199.711,116015,29976,0,817,17583,16,9,1,0,0,26,21,14,20,20,12,FALSE,0,FALSE
841.384,5.19,5.132,4.332,4.09,9.997,19,17,1,1842617.4,69,69,69,69,100,99,96,95,20.171,20.155,22.111,22.082,3240.242,116015,29976,0,817,17550,16,9,1,0,0,26,21,14,20,20,12,FALSE,0,FALSE
841.88116,5.197,5.138,4.332,4.091,9.983,19,17,1,1833973.6,70,69,69,69,100,99,95,95,20.167,20.151,22.105,22.077,3281.453,116015,29976,0,817,17550,16,9,1,0,0,26,21,14,20,20,12,FALSE,0,FALSE
842.3757,5.204,5.144,4.332,4.091,9.969,19,17,1,1825329.9,69,69,69,69,99,99,95,95,20.162,20.146,22.1,22.071,3323.332,116015,29976,0,817,17517,16,9,1,0,0,26,21,14,20,20,12,FALSE,0,FALSE
842.88116,5.213,5.153,4.342,4.101,9.957,19,17,1,1828358.5,71,71,73,73,99,99,95,95,20.158,20.142,22.094,22.066,3365.398,116015,29976,0,817,17500,16,9,1,0,0,26,21,14,20,20,12,FALSE,0,FALSE
843.38336,5.236,5.176,4.373,4.132,9.955,19,17,1,1861433,72,73,75,75,99,99,95,95,20.158,20.143,22.098,22.07,3400.539,116015,29976,0,817,17500,16,9,1,0,0,26,21,14,20,20,12,FALSE,0,FALSE
843.88354,5.254,5.201,4.402,4.162,9.954,19,17,1,1889887.4,72,76,77,79,99,99,95,95,20.161,20.146,22.105,22.077,3428.016,116015,29976,0,850,17484,16,9,1,0,0,26,21,14,20,20,12,FALSE,0,FALSE
844.3833,5.283,5.239,4.455,4.23,9.954,19,17,1,1913046.4,76,81,84,92,99,99,96,95,20.165,20.153,22.114,22.089,3450.562,116015,29976,0,850,17516,16,9,1,0,0,26,21,14,20,20,12,FALSE,0,FALSE
844.8836,5.306,5.271,4.502,4.286,9.949,19,17,1,1920510.6,75,83,86,90,100,99,96,95,20.169,20.16,22.124,22.103,3475.434,116015,29976,0,883,17516,16,9,1,0,0,26,21,14,20,20,12,FALSE,0,FALSE
845.3831,5.338,5.311,4.539,4.336,9.941,19,17,1,1927332.4,78,84,82,89,100,100,96,96,20.174,20.169,22.134,22.115,3499.59,116015,29976,0,883,17533,16,9,1,0,0,26,21,14,20,20,12,FALSE,0,FALSE
846.3852,5.404,5.39,4.594,4.401,9.919,19,17,1,1940131.2,79,84,76,80,100,100,96,96,20.184,20.184,22.147,22.133,3545.727,116015,29976,0,884,17534,16,9,1,0,0,26,21,14,20,20,12,FALSE,0,FALSE
846.8828,5.43,5.421,4.615,4.423,9.906,19,17,1,1945237.2,76,80,75,78,100,100,96,96,20.188,20.19,22.15,22.139,3569.52,116015,29976,0,884,17534,16,9,1,0,0,26,21,14,20,20,12,FALSE,0,FALSE
847.384,5.462,5.459,4.639,4.447,9.894,19,17,1,1945302.4,76,81,74,77,100,100,96,96,20.191,20.195,22.153,22.143,3595.645,116015,29976,0,900,17567,16,9,1,0,0,26,21,14,20,20,12,FALSE,0,FALSE
847.88385,5.491,5.493,4.662,4.472,9.88,19,17,1,1938426.9,75,79,74,76,100,100,96,96,20.194,20.2,22.156,22.146,3623.758,116015,29976,0,900,17567,16,9,1,0,0,26,21,14,20,20,12,FALSE,0,FALSE
848.38116,5.521,5.529,4.69,4.5,9.867,19,17,1,1933563.8,75,79,75,77,100,100,96,96,20.195,20.203,22.157,22.149,3653.688,116015,29976,0,900,17584,16,9,1,0,0,26,21,14,20,20,12,FALSE,0,FALSE
848.8808,5.543,5.557,4.708,4.516,9.854,19,17,1,1928083.5,72,76,72,72,100,100,96,96,20.196,20.206,22.158,22.15,3685.391,116015,29976,0,917,17584,16,9,1,0,0,26,21,14,20,20,12,FALSE,0,FALSE
849.8822,5.583,5.593,4.742,4.549,9.826,19,17,1,1910811.1,78,75,79,75,100,100,96,96,20.194,20.205,22.156,22.148,3752.672,116015,29976,0,933,17600,16,9,1,0,0,26,21,14,20,20,12,FALSE,0,FALSE
850.3827,5.643,5.644,4.806,4.607,9.812,19,17,1,1902167.4,82,78,82,78,100,100,96,96,20.197,20.206,22.159,22.149,3787.438,116015,29976,0,950,17600,16,9,1,0,0,26,21,14,20,20,12,FALSE,0,FALSE
850.8835,5.699,5.69,4.876,4.672,9.799,19,17,1,1898939.9,84,79,87,82,100,100,96,96,20.2,20.207,22.161,22.15,3823.766,116015,29976,0,950,17600,16,9,1,0,0,26,21,14,20,20,12,FALSE,0,FALSE
851.3844,5.77,5.749,4.972,4.755,9.786,19,17,1,1890296.1,84,79,89,84,100,100,96,96,20.204,20.209,22.165,22.152,3860.625,116015,29976,0,950,17600,16,9,1,0,0,26,21,14,20,20,12,FALSE,0,FALSE
851.8811,5.84,5.807,5.065,4.837,9.772,19,17,1,1881652.4,84,80,89,83,100,100,96,96,20.207,20.209,22.169,22.154,3897.621,116015,29976,0,983,17616,16,9,1,0,0,26,21,14,20,20,12,FALSE,0,FALSE
852.38007,5.904,5.861,5.14,4.905,9.759,19,17,1,1873008.6,83,79,84,80,100,100,97,96,20.21,20.21,22.172,22.154,3934.195,116015,29976,0,1000,17616,16,9,1,0,0,26,21,14,20,20,12,FALSE,0,FALSE
852.8799,5.943,5.892,5.174,4.938,9.745,19,17,1,1864364.9,77,74,76,74,100,100,97,96,20.21,20.208,22.171,22.152,3970.098,116015,29976,0,1000,17617,16,9,1,0,0,26,21,14,20,20,12,FALSE,0,FALSE
853.3827,5.96,5.905,5.181,4.946,9.731,19,17,1,1855721.1,72,71,70,69,100,100,96,96,20.207,20.205,22.166,22.147,4006.988,116015,29976,39998,1000,17617,16,9,1,0,0,26,21,14,20,20,12,FALSE,0,FALSE
853.87695,5.969,5.913,5.187,4.953,9.722,19,17,1,1869892,70,70,71,70,100,100,96,96,20.203,20.2,22.162,22.143,4043.539,116015,29976,39998,1000,17633,16,9,1,0,0,26,21,14,20,20,12,FALSE,0,FALSE
854.38153,5.997,5.934,5.224,4.987,9.721,19,17,1,1901242.6,77,73,81,77,100,100,96,96,20.203,20.2,22.164,22.144,4073.77,116015,29976,39998,1017,17633,16,9,1,0,0,26,21,14,20,20,12,FALSE,0,FALSE
854.8831,6.053,5.977,5.312,5.062,9.721,19,17,1,1928767.9,86,79,97,90,100,100,97,96,20.209,20.203,22.173,22.151,4098.691,116015,29976,39998,1017,17650,16,9,1,0,0,26,21,14,20,20,12,FALSE,0,FALSE
855.38275,6.091,6.007,5.397,5.129,9.721,19,17,1,1951136.1,83,77,103,93,100,100,97,96,20.217,20.208,22.188,22.163,4119.16,116015,29976,39998,1017,17650,16,9,1,0,0,26,21,14,20,20,12,FALSE,0,FALSE
855.87976,6.11,6.021,5.458,5.174,9.718,19,17,1,1962549.8,79,74,102,90,101,100,97,97,20.223,20.211,22.204,22.174,4137.105,116015,29976,39998,933,17566,16,9,1,0,0,26,21,14,20,20,12,FALSE,0,FALSE
856.38275,6.134,6.041,5.491,5.198,9.711,19,17,1,1968915.5,80,76,91,81,101,100,97,97,20.228,20.214,22.217,22.182,4157.016,116015,29976,39998,933,17566,16,9,1,0,0,26,21,14,20,20,12,FALSE,0,FALSE
856.8835,6.154,6.059,5.507,5.211,9.702,19,17,1,1973799.9,78,75,82,75,101,100,97,97,20.232,20.217,22.225,22.187,4176.598,116015,29976,39998,1133,17566,16,9,1,0,0,26,21,14,20,20,12,FALSE,0,FALSE
857.3809,6.187,6.089,5.525,5.226,9.69,19,17,1,1977811.1,81,78,78,73,101,101,97,97,20.237,20.22,22.23,22.189,4197.258,116015,29976,39998,1133,17767,16,9,1,0,0,26,21,14,20,20,12,FALSE,0,FALSE
857.8803,6.211,6.112,5.531,5.231,9.677,19,17,1,1969397.8,77,75,72,69,101,101,98,97,20.241,20.223,22.232,22.19,4220.352,116015,29976,39998,1133,17767,16,9,1,0,0,26,21,14,20,20,12,FALSE,0,FALSE
858.37836,6.229,6.13,5.532,5.233,9.664,19,17,1,1936386,74,73,69,68,101,101,98,97,20.243,20.225,22.231,22.19,4246.707,116015,29976,39998,1133,17767,16,9,1,0,0,26,21,14,20,20,12,FALSE,0,FALSE
858.88153,6.242,6.143,5.532,5.233,9.65,19,17,1,1890134.5,72,72,68,68,101,101,97,97,20.243,20.225,22.23,22.188,4275.535,116015,29976,39998,1183,17816,16,9,1,0,0,26,21,14,20,20,12,FALSE,0,FALSE
859.3815,6.253,6.154,5.532,5.233,9.637,19,17,1,1842539,71,71,68,68,101,101,97,97,20.242,20.224,22.227,22.186,4306.629,116015,29976,39998,1184,17817,16,9,1,0,0,26,21,14,20,20,12,FALSE,0,FALSE
859.8837,6.264,6.165,5.532,5.233,9.623,19,17,1,1785106.5,71,72,69,68,101,101,97,97,20.241,20.223,22.225,22.184,4339.645,116015,29976,39998,1184,17800,16,9,1,0,0,26,21,14,20,20,12,FALSE,0,FALSE
860.38385,6.274,6.175,5.532,5.233,9.61,19,17,1,1727491.5,71,71,69,68,101,101,97,97,20.239,20.221,22.222,22.181,4374.473,116015,29976,39998,1167,17800,16,9,1,0,0,26,21,14,20,20,12,FALSE,0,FALSE
860.8821,6.283,6.184,5.532,5.233,9.597,19,17,1,1675468.2,71,71,69,68,101,100,97,97,20.237,20.219,22.218,22.177,4410.711,116015,29976,39998,1150,17800,16,9,1,0,0,26,21,14,20,20,12,FALSE,0,FALSE
861.3842,6.292,6.194,5.532,5.233,9.583,19,17,1,1617853.2,71,71,69,69,101,100,97,97,20.234,20.216,22.214,22.173,4448.289,116015,29976,39998,1150,17783,16,9,1,0,0,26,21,14,20,20,12,FALSE,0,FALSE
861.8826,6.301,6.203,5.532,5.233,9.569,19,17,1,1560238.2,71,71,69,69,101,100,97,96,20.231,20.213,22.209,22.168,4487.121,116015,29976,39998,1133,17750,16,9,1,0,0,26,21,14,20,20,12,FALSE,0,FALSE
862.37885,6.31,6.211,5.532,5.233,9.555,19,17,1,1502623.2,71,71,69,69,101,100,97,96,20.227,20.21,22.204,22.163,4527.051,116015,29976,39998,1116,17733,16,9,1,0,0,26,21,14,20,20,12,FALSE,0,FALSE
862.883,6.318,6.219,5.532,5.233,9.543,19,17,1,1450502.8,71,71,69,69,101,100,97,96,20.223,20.206,22.198,22.158,4567.77,116015,29976,39998,1117,17733,16,9,1,0,0,26,21,14,20,20,12,FALSE,0,FALSE
863.3791,6.326,6.228,5.532,5.233,9.529,19,17,1,1392887.8,72,72,70,70,101,100,97,96,20.219,20.202,22.192,22.152,4609.336,116015,29976,39998,1117,17700,16,9,1,0,0,26,21,14,20,20,12,FALSE,0,FALSE
863.8828,6.334,6.236,5.532,5.233,9.515,19,17,1,1335272.8,72,72,70,70,100,100,97,96,20.215,20.198,22.186,22.146,4651.676,116015,29976,39998,1100,17667,16,9,1,0,0,26,21,14,20,20,12,FALSE,0,FALSE
864.38385,6.342,6.245,5.532,5.233,9.501,19,17,1,1277657.8,72,72,70,70,100,100,97,96,20.211,20.194,22.18,22.14,4694.68,116015,29976,39998,1067,17633,16,9,1,0,0,26,21,14,20,20,12,FALSE,0,FALSE
864.88245,6.35,6.254,5.532,5.233,9.487,19,17,1,1220042.8,73,72,70,70,100,100,97,96,20.206,20.189,22.173,22.134,4738.23,116015,29976,39998,1050,17633,16,9,1,0,0,26,21,14,20,20,12,FALSE,0,FALSE
865.37866,6.358,6.261,5.532,5.233,9.473,19,17,1,1172222,72,72,70,70,100,100,96,96,20.201,20.184,22.166,22.127,4782.242,116015,29976,39998,1050,17600,16,9,1,0,0,26,21,14,20,20,12,FALSE,0,FALSE
865.87994,6.375,6.278,5.548,5.247,9.462,19,17,1,1180089.8,75,74,74,74,100,100,96,96,20.196,20.18,22.16,22.121,4825.723,116015,29976,39998,1033,17567,16,9,1,0,0,26,21,14,20,20,12,FALSE,0,FALSE
866.88074,6.414,6.317,5.591,5.29,9.461,19,17,1,1240365.9,71,70,73,72,100,100,96,96,20.199,20.182,22.17,22.131,4888.762,116015,29976,39998,967,17534,16,9,1,0,0,26,21,14,20,20,12,FALSE,0,FALSE
867.37976,6.435,6.332,5.623,5.316,9.461,19,17,1,1262942.8,75,71,80,76,100,100,97,96,20.203,20.184,22.177,22.138,4911.281,116015,29976,39998,967,17550,16,9,1,0,0,26,21,14,20,20,12,FALSE,0,FALSE
867.8808,6.471,6.359,5.685,5.365,9.461,19,17,1,1282652.1,82,76,94,85,100,100,97,96,20.209,20.188,22.189,22.147,4929.336,116015,29976,39998,967,17550,16,9,1,0,0,26,21,14,20,20,12,FALSE,0,FALSE
868.38257,6.49,6.375,5.748,5.404,9.457,19,17,1,1290359.1,78,75,100,86,100,100,97,96,20.216,20.194,22.205,22.158,4952.789,116015,29976,39998,867,17550,16,9,1,0,0,26,21,14,20,20,12,FALSE,0,FALSE
868.88135,6.515,6.396,5.776,5.425,9.451,19,17,1,1296726.9,81,76,90,80,101,100,97,96,20.222,20.198,22.219,22.167,4969.199,116015,29976,39998,867,17550,16,9,1,0,0,26,21,14,20,20,12,FALSE,0,FALSE
869.3708,6.545,6.422,5.792,5.438,9.441,19,17,1,1301281,82,78,81,74,101,100,97,97,20.229,20.203,22.228,22.174,4987.332,116015,29976,39998,867,17517,16,9,1,0,0,26,21,14,20,20,12,FALSE,0,FALSE
869.88025,6.568,6.444,5.799,5.445,9.43,19,17,1,1300295.8,78,76,74,70,101,100,98,97,20.235,20.208,22.234,22.178,5007.48,116015,29976,39998,884,17517,16,9,1,0,0,26,21,14,20,20,12,FALSE,0,FALSE
870.3808,6.593,6.47,5.804,5.45,9.416,19,17,1,1277640.2,78,77,71,68,101,100,98,97,20.24,20.212,22.237,22.18,5029.848,116015,29976,39998,884,17517,16,9,1,0,0,26,21,14,20,20,12,FALSE,0,FALSE
870.87897,6.613,6.489,5.807,5.453,9.403,19,17,1,1245132.6,75,74,69,68,101,100,98,97,20.243,20.214,22.238,22.18,5055.172,116015,29976,39998,917,17517,16,9,1,0,0,26,21,14,20,20,12,FALSE,0,FALSE
871.3825,6.63,6.505,5.81,5.457,9.389,19,17,1,1199389.1,73,72,69,68,101,100,98,97,20.245,20.216,22.239,22.181,5083.574,116015,29976,39998,917,17534,16,9,1,0,0,26,21,14,20,20,12,FALSE,0,FALSE
871.87787,6.643,6.516,5.81,5.457,9.377,19,17,1,1152161.1,72,71,68,68,101,100,98,97,20.245,20.216,22.238,22.18,5114.551,116015,29976,39998,917,17534,16,9,1,0,0,26,21,14,20,20,12,FALSE,0,FALSE
872.3753,6.654,6.528,5.81,5.457,9.363,19,17,1,1094806,72,71,68,69,101,100,98,97,20.245,20.216,22.237,22.179,5147.445,116015,29976,39998,900,17534,16,9,1,0,0,26,21,14,20,20,12,FALSE,0,FALSE
872.8815,6.664,6.538,5.81,5.457,9.349,19,17,1,1037191,71,71,69,69,101,100,98,97,20.245,20.215,22.235,22.178,5182.207,116015,29976,39998,900,17500,16,9,1,0,0,26,21,14,20,20,12,FALSE,0,FALSE
873.37915,6.673,6.547,5.81,5.457,9.336,19,17,1,985200.6,71,71,69,69,101,100,98,97,20.243,20.214,22.232,22.176,5218.484,116015,29976,39998,900,17500,16,9,1,0,0,26,21,14,20,20,12,FALSE,0,FALSE
873.8801,6.681,6.555,5.81,5.457,9.322,19,17,1,956969.5,71,71,69,69,101,100,97,97,20.241,20.212,22.229,22.173,5256.051,116015,29976,39998,900,17483,16,9,1,0,0,26,21,14,20,20,12,FALSE,0,FALSE
874.3802,6.687,6.562,5.81,5.457,9.309,19,17,1,948327.6,71,71,69,69,101,100,97,96,20.239,20.21,22.226,22.17,5294.559,116015,29976,39998,900,17483,16,9,1,0,0,26,21,14,20,20,12,FALSE,0,FALSE
874.87524,6.694,6.568,5.81,5.457,9.295,19,17,1,939685.75,71,71,69,69,101,100,97,96,20.236,20.207,22.222,22.166,5333.859,116015,29976,39998,900,17433,16,9,1,0,0,26,21,14,20,20,12,FALSE,0,FALSE
875.37756,6.7,6.574,5.81,5.457,9.282,19,17,1,936372.9,71,71,69,69,101,100,97,96,20.233,20.204,22.217,22.162,5373.793,116015,29976,39998,883,17433,16,9,1,0,0,26,21,14,20,20,12,FALSE,0,FALSE
875.8814,6.706,6.58,5.81,5.457,9.268,19,17,2,927731,71,71,69,69,101,100,97,96,20.229,20.201,22.212,22.157,5.27,92422,0,0,884,17400,16,10,1,0,0,26,21,14,20,20,12,FALSE,0,FALSE
876.3789,6.712,6.586,5.81,5.457,9.255,19,17,2,919089.1,71,71,69,69,101,100,97,96,20.225,20.197,22.207,22.152,46.227,92422,0,0,900,17400,16,10,1,0,0,26,21,14,20,20,12,FALSE,0,FALSE
876.8797,6.719,6.593,5.81,5.457,9.241,19,17,2,910447.25,71,71,69,69,101,100,97,96,20.221,20.193,22.201,22.146,87.602,92422,0,0,900,17400,16,10,1,0,0,26,21,14,20,20,12,FALSE,0,FALSE
877.3794,6.725,6.599,5.81,5.457,9.227,19,17,2,901805.4,72,72,70,69,100,100,97,96,20.217,20.189,22.194,22.14,129.379,92422,0,0,900,17367,16,10,1,0,0,26,21,14,20,20,12,FALSE,0,FALSE
877.87463,6.731,6.605,5.81,5.457,9.213,19,17,2,893163.5,71,71,69,69,100,100,97,96,20.212,20.184,22.187,22.134,171.543,92422,0,0,917,17350,16,10,1,0,0,26,21,14,20,20,12,FALSE,0,FALSE
878.3759,6.738,6.611,5.81,5.457,9.2,19,17,2,884521.6,71,71,69,69,100,100,97,96,20.206,20.179,22.18,22.127,214.039,92422,0,0,933,17350,16,10,1,0,0,26,21,14,20,20,12,FALSE,0,FALSE
878.87866,6.744,6.617,5.81,5.457,9.186,19,17,2,875879.75,72,72,69,69,100,100,97,96,20.201,20.174,22.173,22.12,256.82,92422,0,0,950,17333,16,10,1,0,0,26,21,14,20,20,12,FALSE,0,FALSE
879.3791,6.75,6.624,5.81,5.457,9.172,19,17,2,867237.9,71,72,69,69,100,100,96,96,20.195,20.168,22.165,22.113,299.844,92422,0,0,984,17317,16,10,1,0,0,26,21,14,20,20,12,FALSE,0,FALSE
879.8775,6.757,6.63,5.81,5.457,9.158,19,17,2,858596,72,72,70,70,100,99,96,95,20.189,20.162,22.157,22.105,343.094,92422,0,0,1017,17300,16,10,1,0,0,26,21,14,20,20,12,FALSE,0,FALSE
880.3813,6.763,6.637,5.81,5.457,9.144,19,17,2,849954.1,72,72,70,70,100,99,96,95,20.183,20.156,22.149,22.097,386.523,92422,0,0,1017,17300,16,10,1,0,0,26,21,14,20,20,12,FALSE,0,FALSE
880.8791,6.769,6.643,5.81,5.457,9.13,19,17,2,841312.25,72,72,70,69,100,99,96,95,20.176,20.15,22.141,22.089,430.09,92422,0,0,1034,17284,16,10,1,0,0,26,21,14,20,20,12,FALSE,0,FALSE
881.3818,6.775,6.649,5.81,5.457,9.117,19,17,2,832670.4,72,71,70,69,100,99,96,95,20.169,20.143,22.132,22.081,473.781,92422,0,0,1066,17266,16,10,1,0,0,26,21,14,20,20,12,FALSE,0,FALSE
881.8815,6.782,6.655,5.81,5.457,9.103,19,17,2,824028.5,72,72,70,70,99,99,96,95,20.162,20.136,22.123,22.072,517.598,92422,0,0,1100,17266,16,10,1,0,0,26,21,14,20,20,12,FALSE,0,FALSE
882.37494,6.788,6.662,5.81,5.457,9.089,19,17,2,815386.6,72,72,70,70,99,99,96,95,20.155,20.129,22.114,22.063,561.512,92422,0,0,1100,17266,16,10,1,0,0,26,21,14,20,20,12,FALSE,0,FALSE
882.8827,6.795,6.669,5.813,5.459,9.075,19,17,2,809855.2,72,72,71,70,99,99,95,95,20.147,20.122,22.105,22.054,605.434,92422,0,0,1134,17234,16,10,1,0,0,26,21,14,20,20,12,FALSE,0,FALSE
883.38025,6.821,6.694,5.847,5.494,9.073,19,17,2,844886.2,72,73,75,75,99,99,95,95,20.145,20.12,22.106,22.055,643.684,92422,0,0,1134,17234,16,10,1,0,0,26,21,14,20,20,12,FALSE,0,FALSE
883.8814,6.847,6.72,5.875,5.523,9.072,19,17,2,873580.7,74,74,76,76,99,99,96,95,20.147,20.122,22.113,22.062,672.664,92422,0,0,1050,17250,16,10,1,0,0,26,21,14,20,20,12,FALSE,0,FALSE
884.37366,6.866,6.74,5.886,5.534,9.071,19,17,2,895963.25,73,73,73,72,99,99,96,95,20.151,20.127,22.121,22.07,693.902,92422,0,0,1050,17250,16,10,1,0,0,26,21,14,20,20,12,FALSE,0,FALSE
884.8752,6.873,6.746,5.893,5.541,9.071,19,17,2,914279.06,71,69,72,71,99,99,96,95,20.154,20.13,22.127,22.077,710.262,92422,0,0,1050,17250,16,10,1,0,0,26,21,14,20,20,12,FALSE,0,FALSE
885.8811,6.896,6.764,5.945,5.576,9.071,19,17,2,938678.8,74,71,87,77,99,99,96,95,20.162,20.135,22.144,22.091,735.172,92422,0,0,1050,17366,16,10,1,0,0,26,21,14,20,20,12,FALSE,0,FALSE
886.38184,6.904,6.77,5.978,5.596,9.069,19,17,2,944414.4,73,71,93,79,100,99,96,95,20.166,20.138,22.158,22.099,755.715,92422,0,0,783,17366,16,10,1,0,0,26,21,14,20,20,12,FALSE,0,FALSE
887.37854,6.931,6.793,5.999,5.613,9.061,19,17,2,954624.4,76,73,80,73,100,99,97,96,20.176,20.145,22.181,22.115,777.219,92422,0,0,783,17284,16,10,1,0,0,26,21,14,20,20,12,FALSE,0,FALSE
887.88074,6.946,6.813,6,5.614,9.053,19,17,2,958963.75,77,77,73,70,100,99,97,96,20.181,20.149,22.187,22.12,790.367,92422,0,0,783,17284,16,10,1,0,0,26,21,14,20,20,12,FALSE,0,FALSE
888.3799,6.958,6.827,6.002,5.617,9.043,19,17,2,963691.06,75,75,69,69,100,99,97,96,20.185,20.154,22.191,22.123,806.203,92422,0,0,484,17284,16,10,1,0,0,26,21,14,20,20,12,FALSE,0,FALSE
888.8813,6.972,6.842,6.009,5.625,9.033,19,17,2,975144.3,74,74,69,71,100,99,97,96,20.189,20.158,22.193,22.126,824.418,92422,0,0,484,17284,16,10,1,0,0,26,21,14,20,20,12,FALSE,0,FALSE
889.3797,6.996,6.868,6.026,5.645,9.024,19,17,2,981431.1,77,79,73,76,100,99,97,96,20.192,20.163,22.195,22.13,849.027,92422,0,0,400,17250,16,10,1,0,0,26,21,14,20,20,12,FALSE,0,FALSE
889.8811,7.018,6.896,6.041,5.661,9.013,19,17,2,987769.8,75,79,72,75,100,100,97,96,20.196,20.168,22.198,22.135,871.945,92422,0,0,400,17217,16,10,1,0,0,26,21,14,20,20,12,FALSE,0,FALSE
890.38055,7.045,6.925,6.054,5.673,9.001,19,17,2,990497.4,76,79,71,72,100,100,97,96,20.199,20.173,22.2,22.138,894.785,92422,0,0,400,17217,16,10,1,0,0,26,21,14,20,20,12,FALSE,0,FALSE
890.8813,7.066,6.947,6.059,5.678,8.988,19,17,2,990505.4,73,74,68,70,100,100,97,96,20.201,20.177,22.201,22.14,920.551,92422,0,0,383,17217,16,10,1,0,0,26,21,14,20,20,12,FALSE,0,FALSE
891.3795,7.08,6.961,6.064,5.684,8.974,19,17,2,983992.75,73,71,70,69,100,100,97,96,20.202,20.178,22.201,22.14,949.434,92422,0,0,383,17217,16,10,1,0,0,26,21,14,20,20,12,FALSE,0,FALSE
891.8825,7.103,6.979,6.075,5.695,8.96,19,17,2,976583.9,73,71,71,69,100,100,97,96,20.203,20.178,22.201,22.14,980.504,92422,0,0,383,17216,16,10,1,0,0,26,21,14,20,20,12,FALSE,0,FALSE
892.37524,7.122,6.995,6.085,5.706,8.948,19,17,2,973858.9,73,71,71,69,100,100,97,96,20.204,20.178,22.2,22.139,1011.406,92422,0,0,400,17216,16,10,1,0,0,26,21,14,20,20,12,FALSE,0,FALSE
892.8822,7.139,7.008,6.09,5.711,8.934,19,17,2,965237.75,71,69,69,68,100,100,97,96,20.203,20.176,22.198,22.137,1044.254,92422,0,0,400,17217,16,10,1,0,0,26,21,14,20,20,12,FALSE,0,FALSE
893.3813,7.148,7.016,6.091,5.712,8.921,19,17,2,961882.3,69,68,68,67,100,100,97,96,20.201,20.174,22.196,22.134,1078.77,92422,0,0,417,17217,16,10,1,0,0,26,21,14,20,20,12,FALSE,0,FALSE
893.88226,7.156,7.023,6.091,5.712,8.908,19,17,2,953240.44,69,69,68,68,100,100,97,96,20.198,20.171,22.192,22.131,1114.578,92422,0,0,400,17217,16,10,1,0,0,26,21,14,20,20,12,FALSE,0,FALSE
894.37805,7.163,7.03,6.091,5.712,8.894,19,17,2,944598.56,69,69,68,68,100,100,97,96,20.194,20.168,22.188,22.127,1151.703,92422,0,0,400,17183,16,10,1,0,0,26,21,14,20,20,12,FALSE,0,FALSE
894.88116,7.17,7.037,6.091,5.712,8.88,19,17,2,935956.7,69,69,69,68,100,99,97,96,20.191,20.164,22.183,22.123,1190.039,92422,0,0,417,17183,16,10,1,0,0,26,21,14,20,20,12,FALSE,0,FALSE
895.3817,7.177,7.044,6.091,5.712,8.866,19,17,2,927314.8,69,69,69,69,100,99,97,96,20.186,20.16,22.178,22.118,1229.469,92422,0,0,400,17150,16,10,1,0,0,26,21,14,20,20,12,FALSE,0,FALSE
895.88074,7.183,7.052,6.091,5.712,8.853,19,17,2,924062.9,69,69,69,69,100,99,97,96,20.182,20.156,22.173,22.113,1269.801,92422,0,0,400,17150,16,10,1,0,0,26,21,14,20,20,12,FALSE,0,FALSE
896.3803,7.189,7.058,6.091,5.712,8.84,19,17,2,915421,69,69,69,69,100,99,96,95,20.177,20.151,22.167,22.108,1310.883,92422,0,0,400,17150,16,10,1,0,0,26,21,14,20,20,12,FALSE,0,FALSE
896.87616,7.195,7.065,6.091,5.712,8.826,19,17,2,906779.1,69,69,69,69,100,99,96,95,20.172,20.146,22.161,22.102,1352.73,92422,0,0,400,17100,16,10,1,0,0,26,21,14,20,20,12,FALSE,0,FALSE
897.3806,7.201,7.071,6.092,5.713,8.812,19,17,2,900143.7,69,69,69,69,100,99,96,95,20.166,20.141,22.154,22.096,1395.281,92422,0,0,400,17100,16,10,1,0,0,26,21,14,20,20,12,FALSE,0,FALSE
897.8817,7.23,7.095,6.133,5.746,8.809,19,17,2,933435.5,73,72,77,74,99,99,96,95,20.165,20.14,22.156,22.097,1433.137,92422,0,0,400,17100,16,10,1,0,0,26,21,14,20,20,12,FALSE,0,FALSE
898.37933,7.254,7.115,6.152,5.758,8.808,19,17,2,962248.4,73,72,73,71,100,99,96,95,20.167,20.142,22.162,22.103,1462.434,92422,0,0,400,17100,16,10,1,0,0,26,21,14,20,20,12,FALSE,0,FALSE
898.87866,7.264,7.124,6.161,5.767,8.808,19,17,2,987273.6,71,69,72,70,100,99,96,95,20.17,20.145,22.168,22.108,1486.004,92422,0,0,400,17150,16,10,1,0,0,26,21,14,20,20,12,FALSE,0,FALSE
899.3769,7.278,7.134,6.179,5.783,8.808,19,17,2,1007279.94,73,69,76,72,100,99,97,96,20.174,20.147,22.174,22.114,1505.262,92422,0,0,434,17150,16,10,1,0,0,26,21,14,20,20,12,FALSE,0,FALSE
899.8783,7.298,7.148,6.211,5.807,8.808,19,17,2,1018043.8,76,71,83,76,100,99,97,96,20.179,20.15,22.183,22.121,1521.223,92422,0,0,434,17150,16,10,1,0,0,26,21,14,20,20,12,FALSE,0,FALSE
900.3763,7.323,7.162,6.239,5.832,8.807,19,17,2,1024542.75,83,73,87,80,100,99,97,96,20.185,20.152,22.19,22.126,1548.316,92422,0,0,434,17283,16,10,1,0,0,26,21,14,20,20,12,FALSE,0,FALSE
900.8781,7.344,7.178,6.284,5.864,8.803,19,17,2,1030678,79,73,92,82,100,99,97,96,20.193,20.157,22.202,22.135,1569.191,92422,0,0,450,17283,16,10,1,0,0,26,21,14,20,20,12,FALSE,0,FALSE
902.3792,7.396,7.224,6.324,5.896,8.78,19,17,2,1045198,75,73,73,70,100,100,97,96,20.208,20.167,22.225,22.151,1621.504,92422,0,0,400,17233,16,10,1,0,0,26,21,14,20,20,12,FALSE,0,FALSE
902.8816,7.416,7.244,6.329,5.901,8.767,19,17,2,1042453.44,76,74,71,68,100,100,97,96,20.212,20.17,22.227,22.153,1643.023,92422,0,0,400,17233,16,10,1,0,0,26,21,14,20,20,12,FALSE,0,FALSE
903.8768,7.456,7.282,6.33,5.902,8.741,19,17,2,1038231.8,72,71,67,66,100,100,97,96,20.217,20.175,22.227,22.152,1693.953,92422,0,0,416,17167,16,10,1,0,0,26,21,14,20,20,12,FALSE,0,FALSE
904.3799,7.469,7.296,6.333,5.905,8.727,19,17,2,1031297.8,71,72,68,69,100,100,97,96,20.217,20.175,22.226,22.152,1722.895,92422,0,0,433,17167,16,10,1,0,0,26,21,14,20,20,12,FALSE,0,FALSE
904.87946,7.482,7.312,6.34,5.911,8.714,19,17,2,1029011.1,70,72,69,70,100,100,97,96,20.217,20.176,22.225,22.151,1753.715,92422,0,0,433,17150,16,10,1,0,0,26,21,14,20,20,12,FALSE,0,FALSE
905.3763,7.499,7.334,6.354,5.924,8.7,19,17,2,1020494.75,72,74,70,72,100,100,97,96,20.216,20.177,22.223,22.151,1786.145,92422,0,0,416,17150,16,10,1,0,0,26,21,14,20,20,12,FALSE,0,FALSE
905.8772,7.515,7.355,6.366,5.936,8.687,19,17,2,1011852.9,71,74,71,71,100,100,97,96,20.215,20.177,22.221,22.15,1821.066,92422,29832,0,416,17133,16,10,1,0,0,26,21,14,20,20,12,FALSE,0,FALSE
906.3785,7.535,7.379,6.385,5.953,8.68,19,17,2,1029406.3,74,73,75,73,100,100,97,96,20.215,20.178,22.22,22.149,1855.648,92422,29832,0,416,17133,16,10,1,0,0,26,21,14,20,20,12,FALSE,0,FALSE
906.8739,7.583,7.415,6.467,6.02,8.68,19,17,2,1055215.2,82,77,93,85,100,100,97,96,20.219,20.18,22.227,22.154,1884.156,92422,29832,0,417,17133,16,10,1,0,0,26,21,14,20,20,12,FALSE,0,FALSE
907.3803,7.633,7.444,6.537,6.086,8.678,19,17,2,1063794.1,85,73,89,86,101,100,98,96,20.225,20.183,22.236,22.161,1913.273,92422,29832,0,417,17133,16,10,1,0,0,26,21,14,20,20,12,FALSE,0,FALSE
907.8768,7.674,7.473,6.614,6.138,8.672,19,17,2,1070356.9,81,76,94,84,101,100,98,96,20.231,20.185,22.245,22.166,1941.859,92422,29832,0,467,17167,16,10,1,0,0,26,21,14,20,20,12,FALSE,0,FALSE
908.37695,7.717,7.505,6.657,6.173,8.663,19,17,2,1074798.9,81,75,82,77,101,100,98,96,20.236,20.187,22.253,22.171,1967.621,92422,29832,0,467,17167,16,10,1,0,0,26,21,14,20,20,12,FALSE,0,FALSE
908.8802,7.736,7.526,6.671,6.189,8.651,19,17,2,1074624.2,74,74,74,76,101,100,98,97,20.238,20.188,22.254,22.171,1994.719,92422,29832,0,467,17167,16,10,1,0,0,26,21,14,20,20,12,FALSE,0,FALSE
909.37756,7.766,7.563,6.703,6.227,8.64,19,17,2,1079450.6,74,79,76,79,101,100,98,97,20.238,20.19,22.254,22.173,2024.609,92422,29832,0,483,17167,16,10,1,0,0,26,21,14,20,20,12,FALSE,0,FALSE
909.8776,7.801,7.605,6.742,6.275,8.628,19,17,2,1083039.8,77,80,78,83,101,100,98,97,20.239,20.193,22.254,22.176,2055.672,92422,29832,0,483,17250,16,10,1,0,0,26,21,14,20,20,12,FALSE,0,FALSE
910.37805,7.836,7.647,6.771,6.308,8.615,19,17,2,1084395.8,74,78,74,77,101,100,98,97,20.24,20.196,22.253,22.178,2085.602,92422,29832,0,500,17250,16,10,1,0,0,26,21,14,20,20,12,FALSE,0,FALSE
910.8811,7.859,7.674,6.79,6.327,8.601,19,17,2,1076102.9,73,75,72,74,101,100,98,97,20.239,20.196,22.251,22.177,2117.188,92422,29832,0,500,17317,16,10,1,0,0,26,21,14,20,20,12,FALSE,0,FALSE
911.37714,7.884,7.704,6.81,6.343,8.588,19,17,2,1067459.1,73,76,73,73,101,100,98,97,20.237,20.197,22.248,22.175,2150.352,92422,29832,0,533,17317,16,10,1,0,0,26,21,14,20,20,12,FALSE,0,FALSE
911.87933,7.897,7.719,6.824,6.356,8.578,19,17,2,1076032.6,72,73,74,74,101,100,98,97,20.235,20.196,22.245,22.173,2183.805,92422,29832,0,533,17367,16,10,1,0,0,26,21,14,20,20,12,FALSE,0,FALSE
912.37787,7.91,7.732,6.834,6.366,8.577,19,17,2,1103641.8,71,70,71,71,101,100,98,97,20.235,20.196,22.248,22.176,2211.113,92422,29832,0,550,17367,16,10,1,0,0,26,21,14,20,20,12,FALSE,0,FALSE
912.8754,7.919,7.739,6.84,6.373,8.576,19,17,2,1128251.9,70,69,71,70,101,100,98,97,20.236,20.197,22.251,22.179,2233.316,92422,29832,0,550,17433,16,10,1,0,0,26,21,14,20,20,12,FALSE,0,FALSE
913.3803,7.934,7.749,6.859,6.393,8.576,19,17,2,1149299.9,74,69,77,75,101,100,98,97,20.238,20.198,22.255,22.183,2251.652,92422,29832,0,550,17433,16,10,1,0,0,26,21,14,20,20,12,FALSE,0,FALSE
913.87756,7.957,7.766,6.897,6.421,8.576,19,17,2,1166043.6,78,73,87,80,101,100,98,97,20.243,20.201,22.263,22.19,2265.328,92422,29832,0,550,17433,16,10,1,0,0,26,21,14,20,20,12,FALSE,0,FALSE
914.3736,7.97,7.775,6.936,6.448,8.576,19,17,2,1179050.8,77,72,93,83,101,100,98,97,20.248,20.204,22.274,22.198,2277.461,92422,29832,0,467,17300,16,10,1,0,0,26,21,14,20,20,12,FALSE,0,FALSE
914.87714,7.98,7.783,6.965,6.471,8.575,19,17,2,1185066.6,76,71,94,84,101,100,98,97,20.252,20.206,22.287,22.207,2288.516,92422,29832,0,467,17300,16,10,1,0,0,26,21,14,20,20,12,FALSE,0,FALSE
915.3765,7.994,7.794,6.98,6.482,8.571,19,17,2,1190594.9,78,73,88,80,101,100,99,97,20.257,20.208,22.298,22.214,2299.188,92422,29832,0,467,17300,16,10,1,0,0,26,21,14,20,20,12,FALSE,0,FALSE
915.8798,8.01,7.809,6.984,6.486,8.564,19,17,2,1196614.4,78,74,80,74,101,100,99,97,20.262,20.212,22.306,22.22,2310.797,92422,29832,0,467,17300,16,10,1,0,0,26,21,14,20,20,12,FALSE,0,FALSE
916.3766,8.022,7.823,6.988,6.489,8.556,19,17,2,1202598.4,77,75,75,71,101,100,99,97,20.266,20.215,22.311,22.223,2324.121,92422,29832,0,100,17300,16,10,1,0,0,26,21,14,20,20,12,FALSE,0,FALSE
916.87756,8.048,7.853,6.99,6.492,8.545,19,17,2,1208117,81,81,71,68,101,101,99,97,20.27,20.22,22.313,22.224,2340.109,92422,29832,0,100,17300,16,10,1,0,0,26,21,14,20,20,12,FALSE,0,FALSE
917.8796,8.101,7.909,6.992,6.494,8.52,19,17,2,1214250.8,77,76,67,67,102,101,99,97,20.28,20.231,22.313,22.224,2381.688,92422,29832,0,467,17700,16,10,1,0,0,26,21,14,20,20,12,FALSE,0,FALSE
918.3788,8.114,7.923,6.992,6.494,8.506,19,17,2,1209074.5,73,72,67,67,102,101,99,97,20.282,20.232,22.311,22.223,2406.68,92422,29832,0,467,17600,16,10,1,0,0,26,21,14,20,20,12,FALSE,0,FALSE
918.87555,8.126,7.936,6.992,6.494,8.493,19,17,2,1208437.5,71,71,67,67,102,101,99,97,20.282,20.232,22.309,22.221,2433.969,92422,29832,0,350,17600,16,10,1,0,0,26,21,14,20,20,12,FALSE,0,FALSE
919.8781,8.144,7.955,6.992,6.494,8.466,19,17,2,1198774.6,69,70,68,67,102,101,99,97,20.279,20.23,22.303,22.217,2494.676,92422,29832,0,317,17584,16,10,1,0,0,26,21,14,20,20,12,FALSE,0,FALSE
920.37787,8.153,7.965,6.993,6.494,8.452,19,17,2,1190150.5,69,70,68,67,102,101,99,97,20.277,20.228,22.299,22.214,2527.586,92422,29832,0,283,17584,16,10,1,0,0,26,21,14,20,20,12,FALSE,0,FALSE
920.87775,8.163,7.978,6.998,6.499,8.439,19,17,2,1181506.8,70,72,69,70,102,101,99,97,20.274,20.226,22.295,22.21,2562.105,92422,29832,0,283,17533,16,10,1,0,0,26,21,14,20,20,12,FALSE,0,FALSE
921.376,8.179,7.999,7.014,6.514,8.426,19,17,2,1178445.1,71,74,71,73,101,101,99,97,20.271,20.225,22.291,22.208,2597.66,92422,29832,0,267,17533,16,10,1,0,0,26,21,14,20,20,12,FALSE,0,FALSE
921.879,8.202,8.029,7.042,6.542,8.423,19,17,2,1206409.4,72,75,74,76,101,101,99,97,20.27,20.225,22.291,22.208,2631.059,92422,29832,0,250,17500,16,10,1,0,0,26,21,14,20,20,12,FALSE,0,FALSE
922.3779,8.217,8.049,7.06,6.559,8.421,19,17,2,1234270.6,71,73,72,75,101,101,99,97,20.271,20.227,22.293,22.212,2660.668,92422,29832,0,250,17500,16,10,1,0,0,26,21,14,20,20,12,FALSE,0,FALSE
922.8759,8.23,8.066,7.074,6.573,8.42,19,17,2,1259224.4,71,73,72,74,101,101,99,97,20.272,20.23,22.295,22.216,2684.449,92422,29832,0,250,17600,16,10,1,0,0,26,21,14,20,20,12,FALSE,0,FALSE
923.381,8.239,8.078,7.084,6.583,8.42,19,17,2,1280859.1,70,73,72,74,102,101,99,97,20.273,20.233,22.299,22.221,2702.719,92422,29832,0,334,17600,16,10,1,0,0,26,21,14,20,20,12,FALSE,0,FALSE
923.8748,8.246,8.088,7.092,6.591,8.42,19,17,2,1298106.8,69,72,71,73,102,101,99,97,20.275,20.237,22.302,22.226,2717.766,92422,29832,0,334,17784,16,10,1,0,0,26,21,14,20,20,12,FALSE,0,FALSE
924.3774,8.252,8.095,7.101,6.601,8.42,19,17,2,1310490.2,68,72,71,75,102,101,99,98,20.276,20.24,22.306,22.231,2729.852,92422,29832,0,334,17784,16,10,1,0,0,26,21,14,20,20,12,FALSE,0,FALSE
926.37836,8.297,8.143,7.131,6.646,8.408,19,17,2,1332862.5,79,80,70,74,102,101,99,98,20.282,20.252,22.317,22.255,2783.816,92422,29832,0,400,17866,16,10,1,0,0,26,21,14,20,20,12,FALSE,0,FALSE
926.87836,8.314,8.158,7.132,6.646,8.4,19,17,2,1337179,78,78,68,70,102,101,99,98,20.288,20.258,22.318,22.258,2798.031,92422,29832,0,400,17866,16,10,1,0,0,26,21,14,20,20,12,FALSE,0,FALSE
927.37756,8.329,8.177,7.132,6.646,8.388,19,17,2,1342290,77,77,66,68,102,101,99,98,20.291,20.262,22.317,22.259,2814.883,92422,29832,0,416,17883,16,10,1,0,0,26,21,14,20,20,12,FALSE,0,FALSE
927.87756,8.357,8.203,7.132,6.646,8.376,19,17,2,1350257.5,79,79,66,67,102,101,99,98,20.296,20.267,22.316,22.259,2834.602,92422,29832,0,416,17883,16,10,1,0,0,26,21,14,20,20,12,FALSE,0,FALSE
928.8796,8.392,8.237,7.132,6.646,8.35,19,17,2,1346254.1,72,72,67,67,102,101,99,98,20.3,20.272,22.313,22.256,2882.395,92422,29832,0,433,17867,16,10,1,0,0,26,21,14,20,20,12,FALSE,0,FALSE
929.3772,8.403,8.248,7.132,6.646,8.337,19,17,2,1339812.5,70,70,67,67,102,101,99,98,20.299,20.271,22.311,22.255,2910.02,92422,29832,0,417,17867,16,10,1,0,0,26,21,14,20,20,12,FALSE,0,FALSE
929.8799,8.414,8.258,7.132,6.646,8.323,19,17,2,1332315,70,70,68,68,102,101,99,98,20.298,20.27,22.308,22.252,2939.883,92422,29832,0,417,17867,16,10,1,0,0,26,21,14,20,20,12,FALSE,0,FALSE
930.3756,8.422,8.267,7.132,6.646,8.31,19,17,2,1329477.5,69,69,68,68,102,101,99,98,20.296,20.269,22.305,22.25,2971.758,92422,29832,0,433,17867,16,10,1,0,0,26,21,14,20,20,12,FALSE,0,FALSE
930.877,8.431,8.276,7.132,6.646,8.296,19,17,2,1320833.8,69,69,68,68,102,101,99,98,20.294,20.267,22.301,22.247,3005.441,92422,29832,0,417,17867,16,10,1,0,0,26,21,14,20,20,12,FALSE,0,FALSE
931.37775,8.438,8.283,7.132,6.646,8.283,19,17,2,1317658.6,69,69,68,68,102,101,99,98,20.291,20.264,22.298,22.243,3040.723,92422,29832,0,417,17833,16,10,1,0,0,26,21,14,20,20,12,FALSE,0,FALSE
931.8763,8.446,8.291,7.132,6.646,8.27,19,17,2,1309014.9,69,69,69,69,102,101,99,98,20.288,20.261,22.293,22.239,3077.27,92422,29832,0,433,17833,16,10,1,0,0,26,21,14,20,20,12,FALSE,0,FALSE
932.3713,8.453,8.299,7.132,6.646,8.256,19,17,2,1300371.1,70,70,69,69,102,101,98,98,20.284,20.257,22.288,22.235,3115.094,92422,29832,0,416,17833,16,10,1,0,0,26,21,14,20,20,12,FALSE,0,FALSE
932.87573,8.46,8.307,7.132,6.646,8.242,19,17,2,1291727.4,69,69,69,69,102,101,98,97,20.28,20.254,22.283,22.23,3154.082,92422,29832,0,416,17800,16,10,1,0,0,26,21,14,20,20,12,FALSE,0,FALSE
933.3762,8.467,8.314,7.132,6.646,8.228,19,17,2,1283083.6,69,69,69,69,102,101,98,97,20.275,20.249,22.277,22.224,3194.117,92422,29832,0,417,17800,16,10,1,0,0,26,21,14,20,20,12,FALSE,0,FALSE
933.8784,8.473,8.321,7.132,6.646,8.215,19,17,2,1279966.8,69,69,69,69,101,101,98,97,20.27,20.245,22.271,22.218,3235.059,92422,29832,0,400,17750,16,10,1,0,0,26,21,14,20,20,12,FALSE,0,FALSE
934.37744,8.48,8.328,7.132,6.646,8.202,19,17,2,1271323,69,69,69,69,101,101,98,97,20.265,20.24,22.264,22.212,3276.703,92422,29832,0,416,17716,16,10,1,0,0,26,21,14,20,20,12,FALSE,0,FALSE
934.87994,8.486,8.334,7.132,6.646,8.188,19,17,2,1262679.2,70,70,69,69,101,101,98,97,20.26,20.234,22.257,22.206,3319.109,92422,29832,0,416,17716,16,10,1,0,0,26,21,14,20,20,12,FALSE,0,FALSE
935.37305,8.499,8.346,7.145,6.659,8.177,19,17,2,1271183.5,72,72,74,73,101,101,98,97,20.255,20.23,22.252,22.2,3361.43,92422,29832,0,416,17700,16,10,1,0,0,26,21,14,20,20,12,FALSE,0,FALSE
936.3803,8.534,8.385,7.189,6.704,8.174,19,17,2,1332925.6,71,74,75,76,101,101,98,97,20.256,20.232,22.26,22.209,3424.406,92422,29832,0,400,17667,16,10,1,0,0,26,21,14,20,20,12,FALSE,0,FALSE
936.87494,8.564,8.426,7.246,6.777,8.174,19,17,2,1355919.6,76,81,86,94,101,101,98,97,20.259,20.238,22.268,22.219,3447.383,92422,29832,0,450,17717,16,10,1,0,0,26,21,14,20,20,12,FALSE,0,FALSE
937.37915,8.586,8.454,7.3,6.851,8.17,19,17,2,1365875.9,76,80,88,99,101,101,98,98,20.263,20.244,22.278,22.234,3470.566,92422,29832,0,450,17717,16,10,1,0,0,26,21,14,20,20,12,FALSE,0,FALSE
937.87726,8.615,8.491,7.336,6.895,8.162,19,17,2,1372649.4,78,84,83,91,101,101,98,98,20.267,20.251,22.287,22.247,3495.113,92422,29832,0,483,17750,16,10,1,0,0,26,21,14,20,20,12,FALSE,0,FALSE
938.8764,8.664,8.554,7.389,6.959,8.144,19,17,2,1385924.1,76,81,77,82,102,101,99,98,20.274,20.264,22.299,22.264,3539.449,92422,29832,0,483,17783,16,10,1,0,0,26,21,14,20,20,12,FALSE,0,FALSE
939.3796,8.688,8.582,7.409,6.981,8.132,19,17,2,1392118.2,75,80,75,78,102,101,99,98,20.277,20.269,22.302,22.269,3562.953,92422,29832,0,500,17783,16,10,1,0,0,26,21,14,20,20,12,FALSE,0,FALSE
939.8748,8.716,8.615,7.431,7.004,8.121,19,17,2,1399598,76,81,75,77,102,102,99,98,20.279,20.273,22.304,22.273,3587.977,92422,29832,0,500,17783,16,10,1,0,0,26,21,14,20,20,12,FALSE,0,FALSE
940.3793,8.745,8.649,7.452,7.025,8.107,19,17,2,1393285.9,76,79,74,76,102,102,99,98,20.281,20.278,22.306,22.276,3614.945,92422,29832,0,517,17817,16,10,1,0,0,26,21,14,20,20,12,FALSE,0,FALSE
940.8766,8.776,8.686,7.477,7.051,8.093,19,17,2,1386143.9,76,80,75,77,102,102,99,98,20.282,20.281,22.306,22.278,3643.98,92422,29832,0,534,17834,16,10,1,0,0,26,21,14,20,20,12,FALSE,0,FALSE
941.3787,8.798,8.715,7.494,7.067,8.08,19,17,2,1383789.4,73,77,72,73,102,102,99,98,20.283,20.284,22.306,22.278,3675.168,92422,29832,0,534,17834,16,10,1,0,0,26,21,14,20,20,12,FALSE,0,FALSE
942.3758,8.825,8.741,7.509,7.081,8.053,19,17,2,1366659.8,74,72,74,71,102,102,99,98,20.279,20.282,22.302,22.274,3741.902,92422,29832,0,550,17850,16,10,1,0,0,26,21,14,20,20,12,FALSE,0,FALSE
942.8757,8.882,8.789,7.57,7.136,8.039,19,17,2,1358016,83,79,83,79,102,102,99,98,20.281,20.282,22.303,22.273,3776.055,92422,29832,0,567,17867,16,10,1,0,0,26,21,14,20,20,12,FALSE,0,FALSE
943.3757,8.931,8.828,7.623,7.187,8.026,19,17,2,1354794.4,82,77,83,80,102,102,99,98,20.283,20.282,22.304,22.273,3811.859,92422,29832,0,583,17867,16,10,1,0,0,26,21,14,20,20,12,FALSE,0,FALSE
943.8761,8.997,8.882,7.7,7.256,8.012,19,17,2,1346150.6,84,79,87,82,102,102,99,98,20.286,20.282,22.306,22.273,3848.844,92422,29832,0,583,17867,16,10,1,0,0,26,21,14,20,20,12,FALSE,0,FALSE
944.3791,9.061,8.936,7.791,7.335,7.999,19,17,2,1337506.9,84,79,91,85,102,102,99,98,20.288,20.282,22.308,22.274,3886.113,92422,29832,0,583,17883,16,10,1,0,0,26,21,14,20,20,12,FALSE,0,FALSE
944.8756,9.142,9.005,7.903,7.433,7.985,19,17,2,1328863.1,86,81,91,85,102,102,99,98,20.291,20.283,22.312,22.276,3922.961,92422,29832,0,584,17883,16,10,1,0,0,26,21,14,20,20,12,FALSE,0,FALSE
946.37866,9.232,9.076,7.977,7.503,7.947,19,17,2,1318678.5,72,70,72,70,102,102,99,98,20.285,20.274,22.303,22.264,4032.848,92422,29832,40372,600,17884,16,10,1,0,0,26,21,14,20,20,12,FALSE,0,FALSE
946.87726,9.255,9.093,7.996,7.523,7.945,19,17,2,1349685.8,74,71,74,73,102,101,99,98,20.285,20.272,22.303,22.263,4064.449,92422,29832,40372,600,17867,16,10,1,0,0,26,21,14,20,20,12,FALSE,0,FALSE
947.3777,9.287,9.117,8.037,7.561,7.945,19,17,2,1377965.8,80,75,84,80,102,101,99,98,20.287,20.272,22.307,22.267,4090.094,92422,29832,40372,617,17884,16,10,1,0,0,26,21,14,20,20,12,FALSE,0,FALSE
947.8781,9.336,9.155,8.114,7.62,7.945,19,17,2,1400517.6,86,80,98,89,102,102,99,98,20.293,20.277,22.318,22.275,4111.125,92422,29832,40372,617,17884,16,10,1,0,0,26,21,14,20,20,12,FALSE,0,FALSE
948.378,9.36,9.174,8.181,7.67,7.943,19,17,2,1411861.6,80,75,102,90,102,102,99,98,20.3,20.281,22.332,22.285,4129.508,92422,29832,40372,617,17883,16,10,1,0,0,26,21,14,20,20,12,FALSE,0,FALSE
948.8765,9.386,9.195,8.228,7.703,7.936,19,17,2,1418398.6,81,77,97,85,102,102,99,99,20.305,20.284,22.345,22.293,4149.922,92422,29832,40372,600,17883,16,10,1,0,0,26,21,14,20,20,12,FALSE,0,FALSE
949.3744,9.408,9.214,8.25,7.719,7.928,19,17,2,1424807.9,79,75,85,77,102,102,100,99,20.31,20.287,22.354,22.299,4170.789,92422,29832,40372,600,17883,16,10,1,0,0,26,21,14,20,20,12,FALSE,0,FALSE
949.8756,9.434,9.237,8.267,7.734,7.917,19,17,2,1430676.9,80,76,79,74,102,102,100,99,20.314,20.289,22.359,22.301,4191.363,92422,29832,40372,717,18000,16,10,1,0,0,26,21,14,20,20,12,FALSE,0,FALSE
950.3751,9.464,9.265,8.278,7.744,7.904,19,17,2,1429353.1,80,78,74,71,102,102,100,99,20.317,20.291,22.362,22.302,4213.816,92422,29832,40372,717,18000,16,10,1,0,0,26,21,14,20,20,12,FALSE,0,FALSE
950.8771,9.481,9.281,8.28,7.747,7.891,19,17,2,1429390,75,73,70,69,102,102,100,99,20.319,20.293,22.361,22.301,4239.285,92422,29832,40372,750,18000,16,10,1,0,0,26,21,14,20,20,12,FALSE,0,FALSE
951.3786,9.491,9.292,8.28,7.747,7.878,19,17,2,1422883.6,72,71,68,68,102,102,100,99,20.319,20.292,22.359,22.299,4267.172,92422,29832,40372,750,18017,16,10,1,0,0,26,21,14,20,20,12,FALSE,0,FALSE
952.37134,9.511,9.312,8.28,7.747,7.851,19,17,2,1364268.9,71,71,69,69,102,102,100,99,20.316,20.289,22.353,22.294,4329.176,92422,29832,40372,733,17983,16,10,1,0,0,26,21,14,20,20,12,FALSE,0,FALSE
952.87885,9.519,9.32,8.28,7.747,7.837,19,17,2,1355625.1,71,71,69,69,102,102,99,98,20.313,20.286,22.349,22.29,4362.82,92422,29832,40372,750,17983,16,10,1,0,0,26,21,14,20,20,12,FALSE,0,FALSE
953.377,9.526,9.328,8.28,7.747,7.824,19,17,2,1352382.2,70,70,69,69,102,102,99,98,20.31,20.283,22.345,22.286,4397.867,92422,29832,40372,734,17983,16,10,1,0,0,26,21,14,20,20,12,FALSE,0,FALSE
953.8782,9.534,9.335,8.28,7.747,7.811,19,17,2,1343738.5,70,70,68,68,102,102,99,98,20.306,20.28,22.34,22.281,4433.973,92422,29832,40372,734,17967,16,10,1,0,0,26,21,14,20,20,12,FALSE,0,FALSE
954.37823,9.541,9.342,8.28,7.747,7.797,19,17,2,1335094.8,70,70,69,69,102,102,99,98,20.302,20.276,22.335,22.276,4471.168,92422,29832,40372,734,17966,16,10,1,0,0,26,21,14,20,20,12,FALSE,0,FALSE
954.8777,9.548,9.349,8.28,7.747,7.783,19,17,2,1326451,71,70,69,69,102,101,99,98,20.298,20.272,22.329,22.271,4509.379,92422,29832,40372,750,17966,16,10,1,0,0,26,21,14,20,20,12,FALSE,0,FALSE
955.37787,9.554,9.355,8.28,7.747,7.769,19,17,2,1317807.2,71,70,69,69,102,101,99,98,20.294,20.268,22.323,22.265,4548.508,92422,29832,40372,733,17950,16,10,1,0,0,26,21,14,20,20,12,FALSE,0,FALSE
956.37836,9.567,9.368,8.28,7.747,7.743,19,17,2,1305971.4,72,72,70,70,102,101,99,98,20.284,20.258,22.309,22.252,4629.07,92422,29832,40372,750,17917,16,10,1,0,0,26,21,14,20,20,12,FALSE,0,FALSE
956.8776,9.573,9.376,8.281,7.747,7.729,19,17,2,1297327.6,72,72,70,70,102,101,99,98,20.279,20.254,22.302,22.246,4670.199,92422,29832,40372,734,17916,16,10,1,0,0,26,21,14,20,20,12,FALSE,0,FALSE
957.3783,9.579,9.382,8.281,7.747,7.715,19,17,2,1288683.9,72,72,70,70,102,101,99,98,20.273,20.248,22.295,22.239,4711.852,92422,29832,40372,733,17916,16,10,1,0,0,26,21,14,20,20,12,FALSE,0,FALSE
958.37726,9.592,9.395,8.281,7.747,7.688,19,17,2,1271396.4,72,72,70,70,101,101,98,97,20.262,20.237,22.279,22.223,4796.449,92422,29832,40372,733,17883,16,10,1,0,0,26,21,14,20,20,12,FALSE,0,FALSE
958.8765,9.613,9.416,8.313,7.774,7.68,19,17,2,1292648.8,73,73,76,75,101,101,98,97,20.258,20.234,22.276,22.22,4836.551,92422,29832,40372,734,17867,16,10,1,0,0,26,21,14,20,20,12,FALSE,0,FALSE
959.37573,9.629,9.433,8.329,7.789,7.68,19,17,2,1324213.6,71,71,72,72,101,101,98,97,20.258,20.234,22.28,22.225,4868.039,92422,29832,40372,734,17867,16,10,1,0,0,26,21,14,20,20,12,FALSE,0,FALSE
959.877,9.642,9.445,8.34,7.8,7.679,19,17,2,1349701.2,71,70,73,71,101,101,98,97,20.259,20.235,22.284,22.229,4893.121,92422,29832,40372,750,17917,16,10,1,0,0,26,21,14,20,20,12,FALSE,0,FALSE
960.8783,9.693,9.483,8.443,7.881,7.678,19,17,2,1378721.4,79,73,96,86,101,101,99,98,20.269,20.241,22.305,22.245,4928.516,92422,29832,40372,750,17917,16,10,1,0,0,26,21,14,20,20,12,FALSE,0,FALSE
961.37354,9.712,9.499,8.485,7.906,7.672,19,17,2,1385101.1,78,75,95,82,102,101,99,98,20.274,20.244,22.318,22.254,4953.23,92422,29832,40372,800,17917,16,10,1,0,0,26,21,14,20,20,12,FALSE,0,FALSE
961.87103,9.737,9.52,8.507,7.924,7.665,19,17,2,1391442.4,81,77,86,77,102,101,99,98,20.279,20.248,22.329,22.261,4970.859,92422,29832,40372,800,17983,16,10,1,0,0,26,21,14,20,20,12,FALSE,0,FALSE
962.36914,9.761,9.542,8.519,7.934,7.655,19,17,2,1395494.2,79,76,78,72,102,101,99,98,20.285,20.252,22.336,22.266,4989.906,92422,29832,40372,800,17983,16,10,1,0,0,26,21,14,20,20,12,FALSE,0,FALSE
962.8745,9.788,9.569,8.526,7.941,7.642,19,17,2,1393390.2,79,77,73,70,102,101,99,98,20.29,20.256,22.339,22.268,5011.113,92422,29832,40372,750,17983,16,10,1,0,0,26,21,14,20,20,12,FALSE,0,FALSE
963.3748,9.812,9.591,8.535,7.95,7.628,19,17,2,1388524.4,77,75,72,70,102,101,99,98,20.293,20.259,22.341,22.269,5034.652,92422,29832,40372,750,17983,16,10,1,0,0,26,21,14,20,20,12,FALSE,0,FALSE
963.8743,9.833,9.61,8.54,7.955,7.616,19,17,2,1373870.5,75,73,70,69,102,101,99,98,20.296,20.261,22.342,22.269,5060.789,92422,29832,40372,667,17917,16,10,1,0,0,26,21,14,20,20,12,FALSE,0,FALSE
964.37646,9.847,9.624,8.541,7.956,7.602,19,17,2,1326338.1,72,72,69,68,102,101,99,98,20.296,20.261,22.341,22.269,5089.945,92422,29832,40372,667,17917,16,10,1,0,0,26,21,14,20,20,12,FALSE,0,FALSE
964.8746,9.857,9.633,8.541,7.956,7.589,19,17,2,1304380,71,70,68,68,102,101,99,98,20.296,20.26,22.339,22.267,5121.348,92422,29832,40372,634,17917,16,10,1,0,0,26,21,14,20,20,12,FALSE,0,FALSE
965.874,9.873,9.649,8.541,7.956,7.561,19,17,2,1287101.4,71,71,69,69,102,101,99,98,20.293,20.257,22.334,22.263,5188.961,92422,29832,40372,617,17900,16,10,1,0,0,26,21,14,20,20,12,FALSE,0,FALSE
966.37555,9.88,9.656,8.541,7.956,7.549,19,17,2,1283864.1,71,71,69,69,102,101,99,98,20.29,20.255,22.33,22.26,5224.762,92422,29832,40372,634,17884,16,10,1,0,0,26,21,14,20,20,12,FALSE,0,FALSE
966.8751,9.887,9.663,8.541,7.956,7.535,19,17,2,1275220.4,70,70,69,69,102,101,99,98,20.287,20.252,22.326,22.257,5261.66,92422,29832,40372,617,17884,16,10,1,0,0,26,21,14,20,20,12,FALSE,0,FALSE
967.37286,9.894,9.67,8.541,7.956,7.521,19,17,2,1266576.6,71,71,69,69,102,101,99,98,20.284,20.249,22.322,22.252,5299.59,92422,29832,40372,617,17850,16,10,1,0,0,26,21,14,20,20,12,FALSE,0,FALSE
967.8689,9.901,9.677,8.541,7.956,7.507,19,17,2,1257932.9,70,70,69,69,102,101,99,98,20.281,20.246,22.317,22.248,5338.461,92422,29832,40372,600,17850,16,10,1,0,0,26,21,14,20,20,12,FALSE,0,FALSE
968.3724,9.907,9.684,8.541,7.956,7.493,19,17,2,1249289.1,69,69,69,69,102,101,99,98,20.276,20.242,22.311,22.243,5378.285,92422,29832,40372,617,17834,16,10,1,0,0,26,21,14,20,20,12,FALSE,0,FALSE
968.8723,9.914,9.69,8.541,7.956,7.481,19,17,3,1246051.1,69,69,70,69,101,101,99,98,20.271,20.237,22.306,22.237,10,92942,0,0,600,17834,16,11,1,0,0,26,21,14,20,20,12,FALSE,0,FALSE
969.3695,9.92,9.696,8.541,7.956,7.467,19,17,3,1237407.4,70,69,70,69,101,101,99,98,20.266,20.232,22.299,22.231,51.438,92942,0,0,600,17834,16,11,1,0,0,26,21,14,20,20,12,FALSE,0,FALSE
969.87225,9.926,9.702,8.541,7.956,7.453,19,17,3,1228763.6,70,70,70,70,101,101,99,97,20.26,20.226,22.292,22.225,93.551,92942,0,0,600,17783,16,11,1,0,0,26,21,14,20,20,12,FALSE,0,FALSE
970.37427,9.932,9.709,8.541,7.956,7.439,19,17,3,1220119.9,69,69,69,69,101,101,98,97,20.254,20.221,22.285,22.218,136.336,92942,0,0,600,17766,16,11,1,0,0,26,21,14,20,20,12,FALSE,0,FALSE
970.87366,9.939,9.715,8.541,7.956,7.425,19,17,3,1211476.1,69,69,69,69,101,100,98,97,20.248,20.214,22.278,22.211,179.734,92942,0,0,583,17766,16,11,1,0,0,26,21,14,20,20,12,FALSE,0,FALSE
971.3744,9.945,9.721,8.541,7.956,7.412,19,17,3,1202832.4,70,69,70,69,101,100,98,97,20.241,20.208,22.27,22.203,223.676,92942,0,0,583,17733,16,11,1,0,0,26,21,14,20,20,12,FALSE,0,FALSE
971.874,9.951,9.727,8.541,7.956,7.398,19,17,3,1194188.6,70,70,70,70,101,100,98,97,20.234,20.201,22.262,22.196,268.082,92942,0,0,583,17716,16,11,1,0,0,26,21,14,20,20,12,FALSE,0,FALSE
972.3726,9.957,9.733,8.541,7.956,7.384,19,17,3,1185545.4,69,69,69,69,101,100,98,97,20.227,20.194,22.253,22.188,312.902,92942,0,0,566,17666,16,11,1,0,0,26,21,14,20,20,12,FALSE,0,FALSE
972.87494,9.963,9.739,8.541,7.956,7.37,19,17,3,1177045.5,70,69,70,70,101,100,98,97,20.219,20.187,22.245,22.179,358.109,92942,0,0,566,17666,16,11,1,0,0,26,21,14,20,20,12,FALSE,0,FALSE
973.37573,9.969,9.745,8.541,7.956,7.356,19,17,3,1168751.6,69,69,69,69,100,100,98,97,20.212,20.18,22.236,22.171,403.609,92942,0,0,550,17616,16,11,1,0,0,26,21,14,20,20,12,FALSE,0,FALSE
973.8767,9.975,9.751,8.541,7.956,7.343,19,17,3,1160639.4,70,70,70,70,100,100,97,96,20.204,20.172,22.227,22.162,449.379,92942,0,0,550,17583,16,11,1,0,0,26,21,14,20,20,12,FALSE,0,FALSE
974.372,9.981,9.757,8.541,7.956,7.329,19,17,3,1152706.2,70,70,70,70,100,99,97,96,20.195,20.164,22.217,22.153,495.406,92942,0,0,550,17583,16,11,1,0,0,26,21,14,20,20,12,FALSE,0,FALSE
974.8769,9.986,9.762,8.541,7.956,7.315,19,17,3,1144935.1,70,69,70,69,100,99,97,96,20.187,20.155,22.208,22.144,541.664,92942,0,0,550,17500,16,11,1,0,0,26,21,14,20,20,12,FALSE,0,FALSE
975.37115,9.992,9.768,8.541,7.956,7.301,19,17,3,1137286.5,69,70,69,69,100,99,97,96,20.178,20.147,22.198,22.134,588.086,92942,0,0,533,17500,16,11,1,0,0,26,21,14,20,20,12,FALSE,0,FALSE
975.8778,10.016,9.792,8.573,7.989,7.298,19,17,3,1171134.8,73,73,75,74,100,99,97,96,20.174,20.143,22.196,22.133,630.23,92942,0,0,516,17500,16,11,1,0,0,26,21,14,20,20,12,FALSE,0,FALSE
976.3695,10.044,9.817,8.601,8.019,7.296,19,17,3,1201794.2,74,73,75,75,100,99,97,96,20.175,20.145,22.202,22.139,662.871,92942,0,0,516,17400,16,11,1,0,0,26,21,14,20,20,12,FALSE,0,FALSE
976.8729,10.067,9.836,8.615,8.035,7.295,19,17,3,1227248.1,73,72,73,73,100,99,97,96,20.179,20.149,22.209,22.146,687.445,92942,0,0,516,17400,16,11,1,0,0,26,21,14,20,20,12,FALSE,0,FALSE
977.37604,10.079,9.846,8.622,8.042,7.295,19,17,3,1247852.5,72,71,72,71,100,99,97,96,20.183,20.153,22.216,22.153,705.781,92942,0,0,516,17400,16,11,1,0,0,26,21,14,20,20,12,FALSE,0,FALSE
977.87396,10.09,9.855,8.641,8.058,7.295,19,17,3,1263488.8,72,70,77,73,100,99,97,96,20.187,20.156,22.223,22.16,719.512,92942,0,0,516,17516,16,11,1,0,0,26,21,14,20,20,12,FALSE,0,FALSE
978.3732,10.103,9.864,8.664,8.075,7.295,19,17,3,1274150.5,74,70,82,76,100,99,98,96,20.192,20.159,22.232,22.167,729.777,92942,0,0,516,17516,16,11,1,0,0,26,21,14,20,20,12,FALSE,0,FALSE
978.87396,10.109,9.87,8.696,8.091,7.295,19,17,3,1280167,72,70,91,77,100,99,98,97,20.196,20.163,22.243,22.175,743.648,92942,0,0,516,17516,16,11,1,0,0,26,21,14,20,20,12,FALSE,0,FALSE
979.8746,10.138,9.895,8.729,8.114,7.287,19,17,3,1289833.5,78,74,85,75,100,100,98,97,20.206,20.171,22.268,22.19,771.535,92942,0,0,366,17550,16,11,1,0,0,26,21,14,20,20,12,FALSE,0,FALSE
980.3731,10.151,9.912,8.73,8.115,7.28,19,17,3,1293298,77,76,76,71,100,100,98,97,20.212,20.176,22.276,22.196,783.574,92942,0,0,366,17550,16,11,1,0,0,26,21,14,20,20,12,FALSE,0,FALSE
980.8719,10.161,9.924,8.73,8.115,7.271,19,17,3,1296791.9,75,75,70,68,100,100,98,97,20.217,20.181,22.28,22.199,798.121,92942,0,0,366,17550,16,11,1,0,0,26,21,14,20,20,12,FALSE,0,FALSE
981.3729,10.175,9.939,8.733,8.118,7.26,19,17,3,1305057,74,74,68,69,101,100,98,97,20.221,20.185,22.282,22.202,815.387,92942,0,0,283,17483,16,11,1,0,0,26,21,14,20,20,12,FALSE,0,FALSE
981.8765,10.191,9.957,8.743,8.13,7.251,19,17,3,1311939.2,74,75,70,72,101,100,98,97,20.224,20.189,22.284,22.205,834.883,92942,0,0,283,17483,16,11,1,0,0,26,21,14,20,20,12,FALSE,0,FALSE
982.87537,10.248,10.032,8.795,8.188,7.233,19,17,3,1325183.6,81,89,78,81,101,100,99,97,20.231,20.201,22.291,22.215,880.055,92942,0,0,150,17483,16,11,1,0,0,26,21,14,20,20,12,FALSE,0,FALSE
983.3771,10.275,10.063,8.802,8.195,7.223,19,17,3,1331735.1,76,78,71,74,101,100,99,97,20.236,20.209,22.293,22.219,902.781,92942,0,0,150,17534,16,11,1,0,0,26,21,14,20,20,12,FALSE,0,FALSE
983.87524,10.292,10.082,8.803,8.197,7.211,19,17,3,1334437.2,73,73,66,66,101,100,99,97,20.238,20.212,22.293,22.22,927.449,92942,0,0,184,17534,16,11,1,0,0,26,21,14,20,20,12,FALSE,0,FALSE
984.37524,10.317,10.107,8.809,8.201,7.198,19,17,3,1334676,75,73,70,65,101,100,98,97,20.24,20.214,22.29,22.218,955.094,92942,0,0,184,17600,16,11,1,0,0,26,21,14,20,20,12,FALSE,0,FALSE
984.8761,10.355,10.143,8.827,8.218,7.184,19,17,3,1328927.2,78,75,73,71,101,100,99,97,20.243,20.216,22.29,22.216,984.094,92942,0,0,200,17600,16,11,1,0,0,26,21,14,20,20,12,FALSE,0,FALSE
985.3768,10.376,10.161,8.836,8.227,7.17,19,17,3,1321451.9,74,72,71,69,101,100,98,97,20.244,20.217,22.29,22.215,1013.758,92942,0,0,266,17666,16,11,1,0,0,26,21,14,20,20,12,FALSE,0,FALSE
985.87396,10.388,10.171,8.838,8.23,7.158,19,17,3,1318832.5,70,69,69,68,101,100,98,97,20.244,20.216,22.287,22.213,1045.43,92942,0,0,266,17716,16,11,1,0,0,26,21,14,20,20,12,FALSE,0,FALSE
986.3763,10.397,10.18,8.838,8.23,7.144,19,17,3,1310188.8,69,69,68,68,101,100,98,97,20.241,20.213,22.284,22.21,1078.789,92942,0,0,300,17716,16,11,1,0,0,26,21,14,20,20,12,FALSE,0,FALSE
986.875,10.406,10.188,8.838,8.23,7.13,19,17,3,1301545,69,69,68,68,101,100,98,97,20.238,20.21,22.28,22.206,1113.766,92942,0,0,317,17733,16,11,1,0,0,26,21,14,20,20,12,FALSE,0,FALSE
987.3746,10.413,10.196,8.838,8.23,7.117,19,17,3,1298584.6,69,69,69,68,101,100,98,97,20.235,20.207,22.275,22.202,1150.16,92942,0,0,317,17733,16,11,1,0,0,26,21,14,20,20,12,FALSE,0,FALSE
987.87683,10.42,10.203,8.838,8.23,7.103,19,17,3,1289940.9,69,69,69,68,101,100,98,97,20.231,20.203,22.27,22.197,1187.688,92942,0,0,334,17734,16,11,1,0,0,26,21,14,20,20,12,FALSE,0,FALSE
988.37463,10.427,10.21,8.838,8.23,7.089,19,17,3,1281297.1,69,69,69,69,101,100,98,97,20.227,20.2,22.265,22.192,1226.391,92942,0,0,333,17734,16,11,1,0,0,26,21,14,20,20,12,FALSE,0,FALSE
989.37115,10.44,10.224,8.838,8.23,7.063,19,17,3,1269468.8,69,69,69,69,100,100,98,97,20.218,20.191,22.253,22.181,1306.785,92942,0,0,350,17683,16,11,1,0,0,26,21,14,20,20,12,FALSE,0,FALSE
989.8724,10.447,10.23,8.838,8.23,7.049,19,17,3,1260825,69,69,69,69,100,100,98,97,20.212,20.185,22.246,22.175,1348.152,92942,0,0,333,17683,16,11,1,0,0,26,21,14,20,20,12,FALSE,0,FALSE
990.37195,10.453,10.237,8.839,8.23,7.035,19,17,3,1252181.2,69,70,69,69,100,100,98,96,20.207,20.18,22.24,22.169,1390.27,92942,0,0,333,17683,16,11,1,0,0,26,21,14,20,20,12,FALSE,0,FALSE
990.87494,10.471,10.253,8.865,8.251,7.026,19,17,3,1269735.6,73,72,76,74,100,100,98,96,20.203,20.177,22.236,22.165,1431.137,92942,0,0,333,17683,16,11,1,0,0,26,21,14,20,20,12,FALSE,0,FALSE
991.3756,10.497,10.281,8.909,8.275,7.025,19,17,3,1301042.9,73,74,79,72,100,100,98,96,20.204,20.178,22.242,22.17,1463.574,92942,0,0,333,17650,16,11,1,0,0,26,21,14,20,20,12,FALSE,0,FALSE
991.87616,10.516,10.297,8.924,8.29,7.025,19,17,3,1327663.6,74,71,75,72,100,100,98,97,20.207,20.181,22.248,22.175,1489.426,92942,0,0,333,17650,16,11,1,0,0,26,21,14,20,20,12,FALSE,0,FALSE
992.3745,10.544,10.319,8.961,8.321,7.025,19,17,3,1349775.8,78,74,84,78,100,100,98,97,20.212,20.184,22.256,22.182,1509.711,92942,0,0,367,17650,16,11,1,0,0,26,21,14,20,20,12,FALSE,0,FALSE
993.37305,10.591,10.352,9.058,8.402,7.021,19,17,3,1372972.9,79,73,95,87,101,100,98,97,20.227,20.194,22.282,22.204,1552.449,92942,0,0,367,17667,16,11,1,0,0,26,21,14,20,20,12,FALSE,0,FALSE
993.87006,10.611,10.37,9.082,8.419,7.015,19,17,3,1379058.8,79,75,88,80,101,100,99,97,20.233,20.198,22.294,22.213,1571.5,92942,0,0,350,17684,16,11,1,0,0,26,21,14,20,20,12,FALSE,0,FALSE
994.37573,10.636,10.391,9.101,8.433,7.008,19,17,3,1384932,80,76,83,76,101,100,99,97,20.24,20.203,22.304,22.22,1589.023,92942,0,0,350,17684,16,11,1,0,0,26,21,14,20,20,12,FALSE,0,FALSE
994.8753,10.675,10.426,9.117,8.446,6.999,19,17,3,1390799.6,86,81,78,73,101,100,99,97,20.248,20.209,22.31,22.225,1606.52,92942,0,0,350,17684,16,11,1,0,0,26,21,14,20,20,12,FALSE,0,FALSE
995.37555,10.719,10.464,9.125,8.453,6.988,19,17,3,1395281.5,86,82,73,70,101,100,99,97,20.258,20.216,22.314,22.228,1625.934,92942,0,0,367,17684,16,11,1,0,0,26,21,14,20,20,12,FALSE,0,FALSE
996.37616,10.757,10.503,9.128,8.457,6.962,19,17,3,1373967.2,74,73,68,67,101,101,99,97,20.267,20.224,22.316,22.229,1672.938,92942,0,0,333,17666,16,11,1,0,0,26,21,14,20,20,12,FALSE,0,FALSE
996.87573,10.772,10.518,9.128,8.457,6.949,19,17,3,1354664.4,71,71,67,67,101,101,99,97,20.268,20.226,22.315,22.228,1700.668,92942,0,0,333,17666,16,11,1,0,0,26,21,14,20,20,12,FALSE,0,FALSE
997.3703,10.782,10.529,9.13,8.459,6.935,19,17,3,1347312.2,71,71,68,69,101,101,99,97,20.268,20.226,22.313,22.227,1730.398,92942,0,0,333,17666,16,11,1,0,0,26,21,14,20,20,12,FALSE,0,FALSE
997.8705,10.799,10.55,9.144,8.472,6.922,19,17,3,1344614.6,72,75,71,72,101,101,99,97,20.267,20.226,22.312,22.227,1761.863,92942,0,0,333,17666,16,11,1,0,0,26,21,14,20,20,12,FALSE,0,FALSE
998.37634,10.816,10.572,9.156,8.483,6.908,19,17,3,1335983.8,71,73,70,72,101,101,99,97,20.266,20.227,22.31,22.226,1795.043,92942,0,0,317,17650,16,11,1,0,0,26,21,14,20,20,12,FALSE,0,FALSE
998.87177,10.832,10.593,9.168,8.495,6.895,19,17,3,1327340,70,75,72,70,101,101,99,97,20.265,20.228,22.308,22.225,1830.816,92942,29758,0,317,17650,16,11,1,0,0,26,21,14,20,20,12,FALSE,0,FALSE
999.3736,10.859,10.615,9.203,8.526,6.892,19,17,3,1356031,77,73,81,77,101,101,99,97,20.265,20.228,22.308,22.225,1864.121,92942,29758,0,317,17650,16,11,1,0,0,26,21,14,20,20,12,FALSE,0,FALSE
1000.8722,11.015,10.74,9.438,8.716,6.875,19,17,3,1401104.9,84,79,87,80,102,101,99,98,20.286,20.242,22.342,22.25,1943.559,92942,29758,0,333,17650,16,11,1,0,0,26,21,14,20,20,12,FALSE,0,FALSE
1001.37354,11.061,10.778,9.456,8.732,6.864,19,17,3,1407308.8,80,76,76,72,102,101,99,98,20.294,20.247,22.347,22.253,1968.996,92942,29758,0,333,17650,16,11,1,0,0,26,21,14,20,20,12,FALSE,0,FALSE
1001.87665,11.08,10.8,9.471,8.749,6.851,19,17,3,1408526.5,75,76,73,76,102,101,99,98,20.296,20.248,22.347,22.253,1996.191,92942,29758,0,450,17650,16,11,1,0,0,26,21,14,20,20,12,FALSE,0,FALSE
1002.36975,11.142,10.882,9.522,8.805,6.838,19,17,3,1409396.4,83,96,83,82,102,101,99,98,20.299,20.254,22.348,22.257,2026.656,92942,29758,0,517,17817,16,11,1,0,0,26,21,14,20,20,12,FALSE,0,FALSE
1002.87305,11.306,11.074,9.58,8.87,6.827,19,17,3,1414428.8,115,120,81,85,102,101,100,98,20.311,20.272,22.352,22.262,2057.629,92942,29758,0,517,17817,16,11,1,0,0,26,21,14,20,20,12,FALSE,0,FALSE
1003.3769,11.401,11.182,9.594,8.88,6.816,19,17,3,1415775.8,86,88,72,73,102,102,100,98,20.327,20.29,22.352,22.264,2085.988,92942,29758,0,550,17850,16,11,1,0,0,26,21,14,20,20,12,FALSE,0,FALSE
1003.874,11.447,11.237,9.621,8.909,6.802,19,17,3,1408294.4,81,86,73,75,103,102,100,98,20.329,20.294,22.351,22.264,2115.754,92942,29758,0,550,17850,16,11,1,0,0,26,21,14,20,20,12,FALSE,0,FALSE
1004.37384,11.465,11.257,9.631,8.919,6.79,19,17,3,1405557.2,73,77,72,73,103,102,99,98,20.329,20.296,22.348,22.261,2147.246,92942,29758,0,650,17917,16,11,1,0,0,26,21,14,20,20,12,FALSE,0,FALSE
1004.87396,11.477,11.273,9.637,8.923,6.776,19,17,3,1396989.8,72,73,70,70,102,102,99,98,20.326,20.295,22.344,22.259,2180.008,92942,29758,0,650,17917,16,11,1,0,0,26,21,14,20,20,12,FALSE,0,FALSE
1005.37054,11.496,11.293,9.662,8.949,6.772,19,17,3,1423951.4,73,73,75,75,102,102,99,98,20.326,20.295,22.345,22.26,2209.469,92942,29758,0,717,17984,16,11,1,0,0,26,21,14,20,20,12,FALSE,0,FALSE
1005.8741,11.517,11.312,9.679,8.969,6.771,19,17,3,1448143.5,75,73,77,75,103,102,99,98,20.328,20.297,22.349,22.265,2231.652,92942,29758,0,717,17984,16,11,1,0,0,26,21,14,20,20,12,FALSE,0,FALSE
1006.37445,11.539,11.329,9.704,8.993,6.771,19,17,3,1467476.2,79,74,81,79,103,102,100,98,20.331,20.299,22.355,22.271,2248.742,92942,29758,0,717,18016,16,11,1,0,0,26,21,14,20,20,12,FALSE,0,FALSE
1006.87506,11.572,11.354,9.745,9.021,6.771,19,17,3,1478083,85,79,91,82,103,102,100,98,20.338,20.303,22.365,22.279,2261.148,92942,29758,0,666,18016,16,11,1,0,0,26,21,14,20,20,12,FALSE,0,FALSE
1007.37634,11.585,11.365,9.784,9.045,6.771,19,17,3,1484851.2,80,75,97,83,103,102,100,98,20.345,20.308,22.377,22.287,2274.137,92942,29758,0,666,18016,16,11,1,0,0,26,21,14,20,20,12,FALSE,0,FALSE
1007.87256,11.597,11.374,9.818,9.069,6.768,19,17,3,1490786.4,78,74,97,84,103,102,100,99,20.35,20.311,22.391,22.295,2292.59,92942,29758,0,666,18016,16,11,1,0,0,26,21,14,20,20,12,FALSE,0,FALSE
1008.3751,11.615,11.388,9.835,9.083,6.764,19,17,3,1496980.8,80,75,90,80,103,102,100,99,20.355,20.313,22.402,22.303,2305.98,92942,29758,0,666,18016,16,11,1,0,0,26,21,14,20,20,12,FALSE,0,FALSE
1008.87213,11.63,11.401,9.844,9.091,6.757,19,17,3,1503742.6,79,74,82,75,103,102,100,99,20.359,20.316,22.41,22.308,2318.934,92942,29758,0,483,18016,16,11,1,0,0,26,21,14,20,20,12,FALSE,0,FALSE
1009.3759,11.645,11.416,9.849,9.095,6.749,19,17,3,1511089.1,77,75,76,71,103,102,101,99,20.363,20.318,22.414,22.311,2333.469,92942,29758,0,483,18016,16,11,1,0,0,26,21,14,20,20,12,FALSE,0,FALSE
1009.8736,11.659,11.432,9.851,9.098,6.738,19,17,3,1518702.1,76,75,71,68,103,102,101,99,20.366,20.32,22.416,22.311,2350.391,92942,29758,0,483,17900,16,11,1,0,0,26,21,14,20,20,12,FALSE,0,FALSE
1010.3738,11.682,11.457,9.851,9.098,6.726,19,17,3,1525624.1,78,78,68,67,103,102,101,99,20.368,20.323,22.416,22.311,2370.504,92942,29758,0,383,17900,16,11,1,0,0,26,21,14,20,20,12,FALSE,0,FALSE
1010.8754,11.7,11.478,9.851,9.098,6.713,19,17,3,1509436.9,76,76,67,67,103,102,101,99,20.37,20.325,22.414,22.31,2393.422,92942,29758,0,383,17900,16,11,1,0,0,26,21,14,20,20,12,FALSE,0,FALSE
1011.3729,11.716,11.496,9.851,9.098,6.7,19,17,3,1484927.5,73,73,67,67,103,102,101,99,20.371,20.326,22.412,22.308,2419.184,92942,29758,0,350,17867,16,11,1,0,0,26,21,14,20,20,12,FALSE,0,FALSE
1011.8751,11.727,11.507,9.851,9.098,6.686,19,17,3,1478346.9,72,71,67,68,103,102,100,99,20.37,20.325,22.409,22.306,2447.172,92942,29758,0,350,17867,16,11,1,0,0,26,21,14,20,20,12,FALSE,0,FALSE
1012.36816,11.736,11.516,9.851,9.098,6.674,19,17,3,1476401.8,71,70,68,68,103,102,100,99,20.368,20.323,22.406,22.304,2476.137,92942,29758,0,333,17833,16,11,1,0,0,26,21,14,20,20,12,FALSE,0,FALSE
1012.87415,11.745,11.525,9.851,9.098,6.66,19,17,3,1467855,70,70,68,68,103,102,100,99,20.365,20.321,22.402,22.301,2508.785,92942,29758,0,333,17833,16,11,1,0,0,26,21,14,20,20,12,FALSE,0,FALSE
1013.3718,11.754,11.534,9.853,9.099,6.646,19,17,3,1459211.2,70,71,69,69,103,102,100,99,20.362,20.318,22.398,22.297,2542.055,92942,29758,0,316,17816,16,11,1,0,0,26,21,14,20,20,12,FALSE,0,FALSE
1013.87585,11.77,11.556,9.867,9.112,6.632,19,17,3,1450567.5,71,73,70,71,103,102,100,99,20.359,20.316,22.394,22.294,2576.848,92942,29758,0,334,17816,16,11,1,0,0,26,21,14,20,20,12,FALSE,0,FALSE
1014.87537,11.831,11.631,9.94,9.186,6.616,19,17,3,1473027,76,79,79,81,103,102,100,99,20.355,20.316,22.39,22.294,2646.496,92942,29758,0,316,17800,16,11,1,0,0,26,21,14,20,20,12,FALSE,0,FALSE
1015.37396,11.864,11.669,9.973,9.217,6.614,19,17,3,1498718.2,76,79,77,80,103,102,100,99,20.358,20.32,22.395,22.3,2673.934,92942,29758,0,316,17834,16,11,1,0,0,26,21,14,20,20,12,FALSE,0,FALSE
1015.8725,11.873,11.681,9.982,9.225,6.613,19,17,3,1520774.1,71,73,73,75,103,102,100,99,20.36,20.324,22.399,22.306,2694.758,92942,29758,0,350,17834,16,11,1,0,0,26,21,14,20,20,12,FALSE,0,FALSE
1016.8724,11.885,11.696,9.998,9.242,6.613,19,17,3,1556201.1,69,72,72,75,103,103,100,99,20.361,20.328,22.405,22.314,2725.336,92942,29758,0,350,17966,16,11,1,0,0,26,21,14,20,20,12,FALSE,0,FALSE
1017.3722,11.893,11.707,10.016,9.268,6.613,19,17,3,1564875,70,73,76,83,103,103,100,99,20.361,20.33,22.409,22.321,2735.863,92942,29758,0,350,17966,16,11,1,0,0,26,21,14,20,20,12,FALSE,0,FALSE
1017.87244,11.901,11.715,10.032,9.3,6.611,19,17,3,1570099.4,71,73,78,91,103,103,101,99,20.362,20.332,22.414,22.331,2749.805,92942,29758,0,400,17966,16,11,1,0,0,26,21,14,20,20,12,FALSE,0,FALSE
1018.3734,11.912,11.729,10.043,9.315,6.608,19,17,3,1575533.6,73,76,77,87,103,103,101,99,20.364,20.335,22.419,22.341,2768.73,92942,29758,0,400,17966,16,11,1,0,0,26,21,14,20,20,12,FALSE,0,FALSE
1018.8748,11.927,11.744,10.048,9.32,6.602,19,17,3,1581056.8,75,78,73,80,103,103,101,99,20.366,20.339,22.422,22.349,2779.738,92942,29758,0,400,18033,16,11,1,0,0,26,21,14,20,20,12,FALSE,0,FALSE
1019.3738,11.952,11.767,10.051,9.323,6.594,19,17,3,1587486.5,80,81,70,74,103,103,101,100,20.37,20.345,22.424,22.353,2793.438,92942,29758,0,400,18033,16,11,1,0,0,26,21,14,20,20,12,FALSE,0,FALSE
1019.8747,11.975,11.788,10.051,9.324,6.583,19,17,3,1592073,80,80,68,70,103,103,101,100,20.375,20.35,22.424,22.355,2809.758,92942,29758,0,416,18033,16,11,1,0,0,26,21,14,20,20,12,FALSE,0,FALSE
1020.3699,12.01,11.822,10.051,9.324,6.571,19,17,3,1601321.6,83,83,67,67,103,103,101,100,20.38,20.355,22.423,22.355,2828.887,92942,29758,0,416,17950,16,11,1,0,0,26,21,14,20,20,12,FALSE,0,FALSE
1020.874,12.038,11.849,10.051,9.324,6.558,19,17,3,1585269.8,80,80,67,67,104,103,101,100,20.385,20.36,22.421,22.354,2850.832,92942,29758,0,366,17950,16,11,1,0,0,26,21,14,20,20,12,FALSE,0,FALSE
1021.3707,12.068,11.877,10.052,9.324,6.545,19,17,3,1556963.6,77,76,67,67,104,103,101,100,20.388,20.363,22.419,22.352,2875.715,92942,29758,0,366,17950,16,11,1,0,0,26,21,14,20,20,12,FALSE,0,FALSE
1021.8757,12.084,11.893,10.052,9.324,6.532,19,17,3,1514236.8,72,72,68,68,104,103,101,100,20.388,20.363,22.416,22.35,2903.305,92942,29758,0,333,17916,16,11,1,0,0,26,21,14,20,20,12,FALSE,0,FALSE
1022.3709,12.098,11.907,10.052,9.324,6.519,19,17,3,1469032,71,71,68,68,104,103,101,99,20.387,20.362,22.413,22.348,2933.539,92942,29758,0,333,17916,16,11,1,0,0,26,21,14,20,20,12,FALSE,0,FALSE
1022.8747,12.11,11.919,10.052,9.324,6.505,19,17,3,1412321.6,71,70,68,68,104,103,100,99,20.385,20.36,22.41,22.345,2966.004,92942,29758,0,300,17883,16,11,1,0,0,26,21,14,20,20,12,FALSE,0,FALSE
1023.37524,12.122,11.931,10.052,9.324,6.491,19,17,3,1354706.6,70,70,69,68,104,103,100,99,20.382,20.358,22.406,22.342,3000.652,92942,29758,0,300,17883,16,11,1,0,0,26,21,14,20,20,12,FALSE,0,FALSE
1023.87054,12.131,11.941,10.052,9.324,6.478,19,17,3,1302626.5,70,70,69,69,103,103,100,99,20.379,20.355,22.402,22.338,3036.996,92942,29758,0,266,17883,16,11,1,0,0,26,21,14,20,20,12,FALSE,0,FALSE
1024.3717,12.141,11.951,10.052,9.324,6.464,19,17,3,1245011.5,70,70,69,69,103,103,100,99,20.375,20.351,22.397,22.333,3075.039,92942,29758,0,233,17783,16,11,1,0,0,26,21,14,20,20,12,FALSE,0,FALSE
1024.8729,12.149,11.958,10.052,9.324,6.451,19,17,3,1220044,70,69,69,69,103,103,100,99,20.371,20.347,22.392,22.328,3114.539,92942,29758,0,233,17783,16,11,1,0,0,26,21,14,20,20,12,FALSE,0,FALSE
1025.374,12.156,11.965,10.052,9.324,6.438,19,17,3,1216872.6,69,69,69,69,103,103,100,99,20.366,20.342,22.386,22.323,3155.078,92942,29758,0,217,17683,16,11,1,0,0,26,21,14,20,20,12,FALSE,0,FALSE
1025.8744,12.162,11.971,10.052,9.324,6.424,19,17,3,1208228.9,69,69,69,69,103,103,100,99,20.36,20.337,22.38,22.317,3196.414,92942,29758,0,166,17683,16,11,1,0,0,26,21,14,20,20,12,FALSE,0,FALSE
1026.3746,12.169,11.977,10.052,9.324,6.41,19,17,3,1199585.1,70,69,70,69,103,103,100,99,20.355,20.332,22.373,22.311,3238.594,92942,29758,0,167,17633,16,11,1,0,0,26,21,14,20,20,12,FALSE,0,FALSE
1026.8724,12.176,11.983,10.052,9.324,6.396,19,17,3,1190941.4,70,69,70,69,103,102,100,99,20.349,20.326,22.366,22.304,3281.527,92942,29758,0,167,17633,16,11,1,0,0,26,21,14,20,20,12,FALSE,0,FALSE
1027.3717,12.183,11.989,10.052,9.324,6.383,19,17,3,1182297.6,70,69,70,69,103,102,100,99,20.343,20.32,22.358,22.297,3325.141,92942,29758,0,133,17534,16,11,1,0,0,26,21,14,20,20,12,FALSE,0,FALSE
1027.8691,12.199,12.006,10.073,9.345,6.374,19,17,3,1200748.5,73,72,75,75,103,102,100,99,20.338,20.315,22.354,22.293,3367.508,92942,29758,0,134,17534,16,11,1,0,0,26,21,14,20,20,12,FALSE,0,FALSE
1028.371,12.225,12.031,10.103,9.376,6.373,19,17,3,1233480.5,73,73,76,75,103,102,100,99,20.338,20.316,22.358,22.298,3401.242,92942,29758,0,116,17483,16,11,1,0,0,26,21,14,20,20,12,FALSE,0,FALSE
1029.3745,12.281,12.099,10.18,9.47,6.372,19,17,3,1276853.9,78,84,86,95,103,102,100,99,20.344,20.325,22.373,22.315,3448.047,92942,29758,0,116,17534,16,11,1,0,0,26,21,14,20,20,12,FALSE,0,FALSE
1029.8716,12.3,12.124,10.218,9.522,6.367,19,17,3,1283965.9,76,80,84,94,103,103,100,99,20.349,20.332,22.382,22.329,3470.074,92942,29758,0,150,17534,16,11,1,0,0,26,21,14,20,20,12,FALSE,0,FALSE
1030.3748,12.324,12.155,10.244,9.555,6.359,19,17,3,1290662.4,77,82,80,87,103,103,100,99,20.352,20.338,22.389,22.34,3494.301,92942,29758,0,150,17633,16,11,1,0,0,26,21,14,20,20,12,FALSE,0,FALSE
1030.871,12.349,12.184,10.264,9.58,6.349,19,17,3,1297084.8,77,81,76,82,103,103,100,99,20.356,20.344,22.395,22.349,3516.266,92942,29758,0,266,17633,16,11,1,0,0,26,21,14,20,20,12,FALSE,0,FALSE
1031.3733,12.371,12.21,10.281,9.598,6.338,19,17,3,1303221.1,75,79,74,78,103,103,100,100,20.359,20.349,22.398,22.354,3539.004,92942,29758,0,266,17633,16,11,1,0,0,26,21,14,20,20,12,FALSE,0,FALSE
1032.3734,12.426,12.278,10.332,9.653,6.315,19,17,3,1319300.8,78,83,77,80,103,103,100,100,20.362,20.357,22.403,22.362,3588.004,92942,29758,0,300,17667,16,11,1,0,0,26,21,14,20,20,12,FALSE,0,FALSE
1032.8734,12.465,12.324,10.36,9.683,6.302,19,17,3,1316338.4,78,83,76,79,103,103,100,100,20.365,20.363,22.405,22.366,3614.512,92942,29758,0,317,17667,16,11,1,0,0,26,21,14,20,20,12,FALSE,0,FALSE
1033.3733,12.492,12.356,10.38,9.703,6.288,19,17,3,1309230.6,75,79,74,76,103,103,100,100,20.366,20.366,22.406,22.368,3643.047,92942,29758,0,317,17667,16,11,1,0,0,26,21,14,20,20,12,FALSE,0,FALSE
1033.8724,12.519,12.391,10.404,9.726,6.275,19,17,3,1306825,74,79,75,75,103,103,100,100,20.366,20.369,22.406,22.368,3673.578,92942,29758,0,350,17683,16,11,1,0,0,26,21,14,20,20,12,FALSE,0,FALSE
1034.3727,12.539,12.416,10.417,9.739,6.262,19,17,3,1298398.9,72,75,71,71,103,103,100,100,20.365,20.37,22.405,22.368,3705.816,92942,29758,0,350,17700,16,11,1,0,0,26,21,14,20,20,12,FALSE,0,FALSE
1034.8711,12.562,12.435,10.437,9.758,6.248,19,17,3,1289755.1,76,74,77,73,103,103,100,100,20.363,20.368,22.402,22.365,3739.367,92942,29758,0,366,17700,16,11,1,0,0,26,21,14,20,20,12,FALSE,0,FALSE
1035.3734,12.611,12.475,10.486,9.803,6.234,19,17,3,1281111.4,81,77,82,78,103,103,100,100,20.364,20.368,22.403,22.364,3773.48,92942,29758,0,400,17700,16,11,1,0,0,26,21,14,20,20,12,FALSE,0,FALSE
1035.8741,12.681,12.534,10.572,9.879,6.22,19,17,3,1272467.6,86,81,90,85,103,103,100,100,20.367,20.368,22.405,22.365,3809.004,92942,29758,0,400,17717,16,11,1,0,0,26,21,14,20,20,12,FALSE,0,FALSE
1036.3721,12.753,12.594,10.658,9.955,6.208,19,17,3,1269218.1,85,80,90,84,103,103,100,100,20.371,20.369,22.409,22.367,3845.559,92942,29758,0,400,17717,16,11,1,0,0,26,21,14,20,20,12,FALSE,0,FALSE
1036.8718,12.841,12.661,10.747,10.042,6.194,19,17,3,1260574.4,91,83,90,87,103,103,101,100,20.375,20.37,22.411,22.368,3882.52,92942,29758,0,416,17716,16,11,1,0,0,26,21,14,20,20,12,FALSE,0,FALSE
1037.371,12.917,12.725,10.829,10.114,6.181,19,17,3,1251930.6,83,79,86,81,103,103,101,100,20.379,20.371,22.413,22.369,3919.391,92942,29758,0,417,17716,16,11,1,0,0,26,21,14,20,20,12,FALSE,0,FALSE
1037.8706,12.959,12.759,10.867,10.15,6.167,19,17,3,1243286.9,78,74,78,75,103,103,101,100,20.378,20.369,22.412,22.366,3955.68,92942,29758,0,417,17716,16,11,1,0,0,26,21,14,20,20,12,FALSE,0,FALSE
1038.3743,12.992,12.785,10.891,10.175,6.153,19,17,3,1234643.1,75,73,74,72,103,103,100,100,20.376,20.365,22.408,22.361,3992.172,92942,29758,0,417,17717,16,11,1,0,0,26,21,14,20,20,12,FALSE,0,FALSE
1038.8745,13.005,12.796,10.901,10.185,6.141,19,17,3,1236752,72,72,73,73,103,103,100,100,20.371,20.36,22.402,22.355,4029.527,92942,29758,40049,433,17717,16,11,1,0,0,26,21,14,20,20,12,FALSE,0,FALSE
1039.375,13.026,12.814,10.924,10.208,6.139,19,17,3,1267590.2,74,71,77,75,103,103,100,100,20.369,20.357,22.402,22.355,4061.082,92942,29758,40049,433,17733,16,11,1,0,0,26,21,14,20,20,12,FALSE,0,FALSE
1039.8713,13.072,12.848,10.997,10.27,6.139,19,17,3,1296152.8,84,77,93,86,103,103,100,100,20.372,20.358,22.409,22.36,4087.047,92942,29758,40049,433,17733,16,11,1,0,0,26,21,14,20,20,12,FALSE,0,FALSE
1040.3738,13.114,12.88,11.075,10.33,6.139,19,17,3,1316647.9,83,77,99,89,103,103,101,100,20.378,20.361,22.42,22.369,4109.672,92942,29758,40049,450,17750,16,11,1,0,0,26,21,14,20,20,12,FALSE,0,FALSE
1040.8737,13.14,12.898,11.143,10.382,6.139,19,17,3,1331786.2,80,75,101,90,104,103,101,100,20.382,20.362,22.433,22.378,4130.137,92942,29758,40049,450,17700,16,11,1,0,0,26,21,14,20,20,12,FALSE,0,FALSE
1041.3724,13.164,12.918,11.205,10.425,6.133,19,17,3,1338669.5,80,76,102,88,104,103,101,100,20.386,20.364,22.446,22.386,4152.477,92942,29758,40049,400,17700,16,11,1,0,0,26,21,14,20,20,12,FALSE,0,FALSE
1041.8701,13.191,12.94,11.236,10.449,6.126,19,17,3,1345321.9,81,77,90,81,104,103,101,100,20.389,20.365,22.456,22.392,4173.176,92942,29758,40049,400,17700,16,11,1,0,0,26,21,14,20,20,12,FALSE,0,FALSE
1042.371,13.212,12.957,11.253,10.463,6.117,19,17,3,1351718.1,78,75,81,75,104,103,101,100,20.392,20.366,22.462,22.394,4193.348,92942,29758,40049,400,17717,16,11,1,0,0,26,21,14,20,20,12,FALSE,0,FALSE
1043.3721,13.264,13.007,11.265,10.475,6.092,19,17,3,1344055.2,77,75,70,68,104,103,101,100,20.396,20.368,22.462,22.392,4240.25,92942,29758,40049,433,17750,16,11,1,0,0,26,21,14,20,20,12,FALSE,0,FALSE
1043.8679,13.278,13.022,11.265,10.475,6.079,19,17,3,1302901.9,73,73,69,68,104,103,101,100,20.395,20.367,22.46,22.389,4266.957,92942,29758,40049,466,17750,16,11,1,0,0,26,21,14,20,20,12,FALSE,0,FALSE
1044.3726,13.29,13.035,11.265,10.475,6.065,19,17,3,1256422.5,72,71,68,67,104,103,101,100,20.393,20.365,22.456,22.386,4298.129,92942,29758,40049,500,17750,16,11,1,0,0,26,21,14,20,20,12,FALSE,0,FALSE
1044.8707,13.304,13.046,11.265,10.475,6.052,19,17,3,1200526.4,72,71,68,68,104,103,101,100,20.39,20.362,22.451,22.382,4330.117,92942,29758,40049,500,17767,16,11,1,0,0,26,21,14,20,20,12,FALSE,0,FALSE
1045.3726,13.315,13.057,11.265,10.475,6.038,19,17,3,1142911.4,72,71,69,69,104,103,101,100,20.387,20.359,22.446,22.378,4363.984,92942,29758,40049,500,17750,16,11,1,0,0,26,21,14,20,20,12,FALSE,0,FALSE
1046.3745,13.33,13.073,11.265,10.475,6.011,19,17,3,1106633.2,70,70,69,69,103,103,101,100,20.378,20.351,22.435,22.367,4436.125,92942,29758,40049,483,17717,16,11,1,0,0,26,21,14,20,20,12,FALSE,0,FALSE
1047.3728,13.344,13.088,11.265,10.475,5.984,19,17,3,1089345.8,71,71,69,69,103,103,101,100,20.368,20.341,22.422,22.355,4512.668,92942,29758,40049,467,17717,16,11,1,0,0,26,21,14,20,20,12,FALSE,0,FALSE
1047.8739,13.35,13.095,11.265,10.475,5.97,19,17,3,1080702,70,70,69,69,103,103,101,99,20.362,20.336,22.415,22.349,4552.359,92942,29758,40049,467,17717,16,11,1,0,0,26,21,14,20,20,12,FALSE,0,FALSE
1048.3708,13.357,13.102,11.265,10.475,5.956,19,17,3,1072058.2,71,71,70,69,103,103,100,99,20.357,20.33,22.408,22.342,4592.867,92942,29758,40049,467,17683,16,11,1,0,0,26,21,14,20,20,12,FALSE,0,FALSE
1048.8712,13.363,13.108,11.265,10.475,5.943,19,17,3,1068956.5,71,71,70,70,103,102,100,99,20.351,20.324,22.401,22.335,4634.031,92942,29758,40049,450,17683,16,11,1,0,0,26,21,14,20,20,12,FALSE,0,FALSE
1049.373,13.37,13.114,11.265,10.475,5.929,19,17,3,1060312.8,72,72,71,70,103,102,100,99,20.345,20.318,22.393,22.327,4675.738,92942,29758,40049,450,17667,16,11,1,0,0,26,21,14,20,20,12,FALSE,0,FALSE
1049.868,13.376,13.12,11.265,10.475,5.916,19,17,3,1051957.1,72,72,70,70,103,102,100,99,20.339,20.312,22.385,22.32,4716.578,92942,29758,40049,450,17650,16,11,1,0,0,26,21,14,20,20,12,FALSE,0,FALSE
1050.3693,13.382,13.127,11.265,10.475,5.902,19,17,3,1043026.5,72,72,70,70,103,102,100,99,20.332,20.306,22.376,22.311,4760.727,92942,29758,40049,434,17634,16,11,1,0,0,26,21,14,20,20,12,FALSE,0,FALSE
1050.8698,13.388,13.134,11.265,10.475,5.888,19,17,3,1035471.8,71,72,70,70,102,102,100,99,20.325,20.299,22.367,22.303,4803.871,92942,29758,40049,433,17600,16,11,1,0,0,26,21,14,20,20,12,FALSE,0,FALSE
1051.3723,13.418,13.165,11.308,10.509,5.884,19,17,3,1068181.5,74,73,76,76,102,102,100,99,20.322,20.297,22.367,22.302,4842.371,92942,29758,40049,433,17600,16,11,1,0,0,26,21,14,20,20,12,FALSE,0,FALSE
1051.8698,13.44,13.19,11.332,10.531,5.884,19,17,3,1097434,73,73,74,74,102,102,100,99,20.323,20.298,22.372,22.308,4871.824,92942,29758,40049,433,17583,16,11,1,0,0,26,21,14,20,20,12,FALSE,0,FALSE
1052.3712,13.451,13.198,11.339,10.539,5.883,19,17,3,1121418.6,71,69,72,71,102,102,100,99,20.324,20.299,22.377,22.312,4894.953,92942,29758,40049,433,17583,16,11,1,0,0,26,21,14,20,20,12,FALSE,0,FALSE
1052.8728,13.466,13.209,11.365,10.56,5.883,19,17,3,1136475.6,74,70,80,75,102,102,100,99,20.326,20.3,22.382,22.317,4914.367,92942,29758,40049,433,17650,16,11,1,0,0,26,21,14,20,20,12,FALSE,0,FALSE
1053.3727,13.492,13.227,11.417,10.598,5.882,19,17,3,1146983.9,79,73,92,82,103,102,100,99,20.33,20.302,22.392,22.324,4931.176,92942,29758,40049,433,17650,16,11,1,0,0,26,21,14,20,20,12,FALSE,0,FALSE
1053.8713,13.51,13.242,11.472,10.633,5.877,19,17,3,1153466.5,78,74,98,84,103,102,100,99,20.335,20.304,22.405,22.333,4955.848,92942,29758,40049,433,17650,16,11,1,0,0,26,21,14,20,20,12,FALSE,0,FALSE
1054.3727,13.531,13.259,11.49,10.647,5.871,19,17,3,1159933.2,78,74,85,77,103,102,101,99,20.339,20.307,22.416,22.339,4972.789,92942,29758,40049,466,17650,16,11,1,0,0,26,21,14,20,20,12,FALSE,0,FALSE
1054.8676,13.548,13.273,11.503,10.658,5.863,19,17,3,1166054.6,77,73,79,73,103,102,101,99,20.342,20.309,22.422,22.343,4990.723,92942,29758,40049,466,17650,16,11,1,0,0,26,21,14,20,20,12,FALSE,0,FALSE
1055.3734,13.566,13.29,11.51,10.664,5.852,19,17,3,1168044.5,76,74,73,70,103,102,101,99,20.345,20.31,22.425,22.345,5011.527,92942,29758,40049,417,17650,16,11,1,0,0,26,21,14,20,20,12,FALSE,0,FALSE
1055.8724,13.593,13.318,11.517,10.671,5.838,19,17,3,1156213.4,79,77,72,69,103,102,101,99,20.347,20.312,22.426,22.345,5033.785,92942,29758,40049,417,17650,16,11,1,0,0,26,21,14,20,20,12,FALSE,0,FALSE
1056.3699,13.623,13.346,11.524,10.678,5.825,19,17,3,1123910.5,77,76,71,69,103,102,101,99,20.351,20.315,22.427,22.345,5059.051,92942,29758,40049,466,17650,16,11,1,0,0,26,21,14,20,20,12,FALSE,0,FALSE
1056.8693,13.639,13.362,11.525,10.68,5.811,19,17,3,1078110.8,73,72,69,68,103,102,101,99,20.351,20.316,22.426,22.344,5087.578,92942,29758,40049,466,17683,16,11,1,0,0,26,21,14,20,20,12,FALSE,0,FALSE
1057.3716,13.651,13.375,11.525,10.68,5.799,19,17,3,1030676.94,72,71,68,69,103,102,101,99,20.351,20.315,22.423,22.342,5118.582,92942,29758,40049,467,17683,16,11,1,0,0,26,21,14,20,20,12,FALSE,0,FALSE
1057.8665,13.662,13.386,11.525,10.68,5.785,19,17,3,975141.2,72,71,69,69,103,102,101,99,20.349,20.313,22.42,22.34,5150.496,92942,29758,40049,467,17667,16,11,1,0,0,26,21,14,20,20,12,FALSE,0,FALSE
1058.3695,13.673,13.397,11.525,10.68,5.771,19,17,3,915605.7,71,71,69,69,103,102,101,99,20.347,20.311,22.417,22.338,5186.621,92942,29758,40049,484,17667,16,11,1,0,0,26,21,14,20,20,12,FALSE,0,FALSE
1058.8702,13.682,13.406,11.525,10.68,5.758,19,17,3,863583.9,71,71,69,69,103,102,101,99,20.345,20.309,22.413,22.334,5223.133,92942,29758,40049,466,17667,16,11,1,0,0,26,21,14,20,20,12,FALSE,0,FALSE
1059.3693,13.691,13.415,11.525,10.68,5.744,19,17,3,820660.8,71,71,69,69,103,102,100,99,20.342,20.306,22.409,22.33,5261.102,92942,29758,40049,466,17616,16,11,1,0,0,26,21,14,20,20,12,FALSE,0,FALSE
1059.8724,13.697,13.422,11.525,10.68,5.731,19,17,3,812018.94,71,71,69,69,103,102,100,99,20.338,20.302,22.404,22.326,5300.125,92942,29758,40049,450,17616,16,11,1,0,0,26,21,14,20,20,12,FALSE,0,FALSE
1060.3673,13.704,13.428,11.525,10.68,5.717,19,17,3,803665.1,70,70,70,69,103,102,100,99,20.334,20.299,22.398,22.321,5338.664,92942,29758,40049,434,17567,16,11,1,0,0,26,21,14,20,20,12,FALSE,0,FALSE
1061.3699,13.717,13.441,11.525,10.68,5.69,19,17,4,791522.94,69,69,70,69,102,102,100,99,20.323,20.288,22.386,22.309,13.262,92463,0,0,416,17533,16,12,1,0,0,26,21,14,20,20,12,FALSE,0,FALSE
1061.8723,13.723,13.447,11.525,10.68,5.676,19,17,4,782881.06,70,69,70,69,102,102,100,99,20.317,20.283,22.379,22.303,55.574,92463,0,0,417,17500,16,12,1,0,0,26,21,14,20,20,12,FALSE,0,FALSE
1062.37,13.729,13.453,11.525,10.68,5.662,19,17,4,774239.2,70,70,70,70,102,102,100,99,20.311,20.277,22.371,22.296,98.547,92463,0,0,383,17500,16,12,1,0,0,26,21,14,20,20,12,FALSE,0,FALSE
1062.8708,13.735,13.46,11.525,10.68,5.649,19,17,4,765597.3,70,69,70,69,102,101,100,98,20.304,20.27,22.364,22.288,142.168,92463,0,0,384,17466,16,12,1,0,0,26,21,14,20,20,12,FALSE,0,FALSE
1063.37,13.742,13.466,11.525,10.68,5.635,19,17,4,756955.44,70,70,70,70,102,101,100,98,20.297,20.264,22.356,22.281,186.367,92463,0,0,366,17383,16,12,1,0,0,26,21,14,20,20,12,FALSE,0,FALSE
1063.8712,13.748,13.472,11.525,10.68,5.621,19,17,4,748313.56,70,70,70,70,102,101,99,98,20.29,20.257,22.347,22.273,231.086,92463,0,0,366,17350,16,12,1,0,0,26,21,14,20,20,12,FALSE,0,FALSE
1064.368,13.754,13.478,11.525,10.68,5.608,19,17,4,740061.3,70,70,70,70,102,101,99,98,20.283,20.249,22.339,22.265,274.734,92463,0,0,367,17350,16,12,1,0,0,26,21,14,20,20,12,FALSE,0,FALSE
1064.8732,13.76,13.484,11.525,10.68,5.594,19,17,4,731526.2,70,70,70,70,102,101,99,98,20.275,20.242,22.329,22.256,321.805,92463,0,0,367,17300,16,12,1,0,0,26,21,14,20,20,12,FALSE,0,FALSE
1065.3687,13.765,13.49,11.525,10.68,5.58,19,17,4,723522.2,70,70,70,70,101,101,99,98,20.267,20.234,22.32,22.247,367.727,92463,0,0,333,17250,16,12,1,0,0,26,21,14,20,20,12,FALSE,0,FALSE
1066.3693,13.777,13.501,11.525,10.68,5.552,19,17,4,708084.3,70,70,70,70,101,100,99,97,20.25,20.217,22.301,22.229,460.398,92463,0,0,334,17200,16,12,1,0,0,26,21,14,20,20,12,FALSE,0,FALSE
1066.8685,13.783,13.507,11.525,10.68,5.538,19,17,4,700623.6,70,69,70,70,101,100,99,97,20.241,20.209,22.291,22.219,507.105,92463,0,0,334,17150,16,12,1,0,0,26,21,14,20,20,12,FALSE,0,FALSE
1067.3667,13.788,13.512,11.525,10.68,5.525,19,17,4,693556.4,70,70,70,70,101,100,98,97,20.232,20.2,22.281,22.21,552.465,92463,0,0,316,17150,16,12,1,0,0,26,21,14,20,20,12,FALSE,0,FALSE
1067.8695,13.806,13.529,11.549,10.704,5.516,19,17,4,713295.94,73,74,76,75,101,100,98,97,20.225,20.193,22.276,22.204,599.152,92463,0,0,300,17000,16,12,1,0,0,26,21,14,20,20,12,FALSE,0,FALSE
1068.8718,13.849,13.57,11.588,10.746,5.514,19,17,4,776194.06,71,71,72,71,101,100,98,97,20.227,20.196,22.286,22.215,663.188,92463,0,0,300,17000,16,12,1,0,0,26,21,14,20,20,12,FALSE,0,FALSE
1069.371,13.863,13.584,11.597,10.754,5.513,19,17,4,799382.06,71,71,71,71,101,100,99,97,20.23,20.199,22.291,22.22,684.742,92463,0,0,300,17100,16,12,1,0,0,26,21,14,20,20,12,FALSE,0,FALSE
1069.8727,13.871,13.59,11.6,10.758,5.513,19,17,4,817648.1,70,69,70,69,101,100,99,97,20.233,20.203,22.296,22.226,700.906,92463,0,0,366,17100,16,12,1,0,0,26,21,14,20,20,12,FALSE,0,FALSE
1070.373,13.874,13.593,11.605,10.763,5.513,19,17,4,830820.7,68,67,70,69,101,100,99,98,20.235,20.205,22.301,22.231,713.902,92463,0,0,366,17100,16,12,1,0,0,26,21,14,20,20,12,FALSE,0,FALSE
1070.8722,13.882,13.598,11.618,10.772,5.513,19,17,4,836813.6,70,68,74,70,101,100,99,98,20.237,20.206,22.306,22.235,724.684,92463,0,0,366,17366,16,12,1,0,0,26,21,14,20,20,12,FALSE,0,FALSE
1071.3691,13.891,13.605,11.638,10.784,5.513,19,17,4,844210.3,71,69,81,72,101,100,99,98,20.24,20.208,22.312,22.24,734.746,92463,0,0,366,17366,16,12,1,0,0,26,21,14,20,20,12,FALSE,0,FALSE
1072.3649,13.911,13.621,11.682,10.808,5.51,19,17,4,853738.25,75,71,85,75,101,100,99,98,20.246,20.213,22.333,22.251,767.102,92463,0,0,400,17366,16,12,1,0,0,26,21,14,20,20,12,FALSE,0,FALSE
1072.8704,13.918,13.629,11.684,10.811,5.505,19,17,4,858296.4,74,71,78,71,101,100,99,98,20.25,20.215,22.341,22.256,778.055,92463,0,0,400,17416,16,12,1,0,0,26,21,14,20,20,12,FALSE,0,FALSE
1073.3707,13.932,13.647,11.685,10.811,5.497,19,17,4,862027.5,76,76,72,69,101,100,99,98,20.254,20.219,22.346,22.259,790.902,92463,0,0,400,17416,16,12,1,0,0,26,21,14,20,20,12,FALSE,0,FALSE
1074.3688,13.955,13.672,11.693,10.821,5.479,19,17,4,878904.8,74,74,69,71,101,101,99,98,20.26,20.226,22.349,22.263,823.789,92463,0,0,283,17416,16,12,1,0,0,26,21,14,20,20,12,FALSE,0,FALSE
1075.8699,14.02,13.743,11.727,10.858,5.447,19,17,4,895888.3,75,78,71,72,101,101,100,98,20.268,20.239,22.352,22.271,892.078,92463,0,0,200,17433,16,12,1,0,0,26,21,14,20,20,12,FALSE,0,FALSE
1076.3705,14.038,13.763,11.731,10.861,5.434,19,17,4,896465.3,73,74,68,70,101,101,100,98,20.27,20.242,22.351,22.271,917.492,92463,0,0,217,17433,16,12,1,0,0,26,21,14,20,20,12,FALSE,0,FALSE
1076.8691,14.056,13.784,11.736,10.865,5.42,19,17,4,890159.94,74,75,72,69,101,101,99,98,20.271,20.243,22.35,22.271,946.039,92463,0,0,217,17433,16,12,1,0,0,26,21,14,20,20,12,FALSE,0,FALSE
1077.3691,14.089,13.812,11.749,10.876,5.406,19,17,4,883171.2,76,74,72,70,102,101,99,98,20.273,20.245,22.349,22.27,977.188,92463,0,0,217,17450,16,12,1,0,0,26,21,14,20,20,12,FALSE,0,FALSE
1077.8699,14.106,13.826,11.756,10.884,5.394,19,17,4,880567.25,73,71,71,69,102,101,99,98,20.273,20.244,22.348,22.268,1007.93,92463,0,0,217,17450,16,12,1,0,0,26,21,14,20,20,12,FALSE,0,FALSE
1078.3722,14.121,13.838,11.76,10.888,5.38,19,17,4,871996.56,71,69,69,68,101,101,99,98,20.273,20.243,22.345,22.265,1040.402,92463,0,0,217,17417,16,12,1,0,0,26,21,14,20,20,12,FALSE,0,FALSE
1078.8699,14.132,13.847,11.761,10.89,5.366,19,17,4,863354.7,69,68,68,68,101,101,99,98,20.27,20.24,22.341,22.262,1074.652,92463,0,0,217,17417,16,12,1,0,0,26,21,14,20,20,12,FALSE,0,FALSE
1079.3682,14.139,13.855,11.761,10.89,5.354,19,17,4,860334.2,69,68,68,68,101,101,99,98,20.267,20.237,22.337,22.258,1109.07,92463,0,0,217,17400,16,12,1,0,0,26,21,14,20,20,12,FALSE,0,FALSE
1079.8688,14.147,13.862,11.761,10.89,5.34,19,17,4,851404.25,69,69,69,68,101,101,99,98,20.263,20.233,22.332,22.253,1147.238,92463,0,0,234,17350,16,12,1,0,0,26,21,14,20,20,12,FALSE,0,FALSE
1080.369,14.154,13.869,11.761,10.89,5.326,19,17,4,842762.4,69,69,69,69,101,101,99,98,20.259,20.23,22.326,22.248,1185.449,92463,0,0,217,17350,16,12,1,0,0,26,21,14,20,20,12,FALSE,0,FALSE
1080.8716,14.161,13.876,11.761,10.89,5.312,19,17,4,834120.5,69,69,69,69,101,101,99,98,20.255,20.225,22.321,22.243,1224.797,92463,0,0,217,17334,16,12,1,0,0,26,21,14,20,20,12,FALSE,0,FALSE
1081.3707,14.167,13.883,11.761,10.89,5.299,19,17,4,830890.4,69,69,69,69,101,101,99,98,20.25,20.221,22.314,22.237,1265.113,92463,0,0,217,17334,16,12,1,0,0,26,21,14,20,20,12,FALSE,0,FALSE
1081.8721,14.173,13.889,11.761,10.89,5.286,19,17,4,822248.5,69,69,69,69,101,100,99,98,20.245,20.216,22.308,22.231,1306.211,92463,0,0,217,17334,16,12,1,0,0,26,21,14,20,20,12,FALSE,0,FALSE
1082.3716,14.18,13.896,11.761,10.89,5.272,19,17,4,813606.6,69,69,69,69,101,100,99,97,20.239,20.21,22.301,22.224,1348.113,92463,0,0,234,17334,16,12,1,0,0,26,21,14,20,20,12,FALSE,0,FALSE
1082.872,14.186,13.903,11.762,10.89,5.258,19,17,4,805114.44,69,69,69,69,101,100,99,97,20.233,20.205,22.293,22.217,1390.758,92463,0,0,217,17217,16,12,1,0,0,26,21,14,20,20,12,FALSE,0,FALSE
1083.3691,14.217,13.928,11.806,10.925,5.254,19,17,4,838444.9,74,72,78,75,101,100,99,97,20.232,20.203,22.294,22.218,1429.062,92463,0,0,217,17217,16,12,1,0,0,26,21,14,20,20,12,FALSE,0,FALSE
1083.87,14.236,13.944,11.827,10.935,5.254,19,17,4,867987.9,72,70,75,70,101,100,99,97,20.233,20.205,22.298,22.222,1459.074,92463,0,0,217,17217,16,12,1,0,0,26,21,14,20,20,12,FALSE,0,FALSE
1084.3707,14.246,13.952,11.835,10.943,5.254,19,17,4,893947.94,70,69,73,70,101,100,99,97,20.235,20.207,22.303,22.226,1483.547,92463,0,0,217,17217,16,12,1,0,0,26,21,14,20,20,12,FALSE,0,FALSE
1084.8712,14.264,13.965,11.857,10.963,5.254,19,17,4,916079.3,75,70,78,74,101,100,99,98,20.238,20.208,22.309,22.231,1503.949,92463,0,0,217,17300,16,12,1,0,0,26,21,14,20,20,12,FALSE,0,FALSE
1085.3701,14.288,13.983,11.895,10.993,5.254,19,17,4,932906.9,78,73,87,80,101,100,99,98,20.244,20.212,22.317,22.238,1519.934,92463,0,0,266,17300,16,12,1,0,0,26,21,14,20,20,12,FALSE,0,FALSE
1085.8721,14.308,13.995,11.934,11.027,5.252,19,17,4,939965.8,79,72,90,84,101,100,99,98,20.25,20.215,22.328,22.247,1543.07,92463,0,0,266,17300,16,12,1,0,0,26,21,14,20,20,12,FALSE,0,FALSE
1086.3694,14.324,14.007,11.963,11.047,5.248,19,17,4,945972.25,77,72,88,80,101,100,99,98,20.256,20.218,22.339,22.256,1566.004,92463,0,0,266,17366,16,12,1,0,0,26,21,14,20,20,12,FALSE,0,FALSE
1086.8727,14.341,14.021,11.978,11.059,5.242,19,17,4,952059.7,77,73,82,76,101,101,99,98,20.261,20.221,22.348,22.262,1583.504,92463,0,0,266,17366,16,12,1,0,0,26,21,14,20,20,12,FALSE,0,FALSE
1087.3726,14.356,14.034,11.987,11.067,5.234,19,17,4,956645.5,76,73,77,72,101,101,100,98,20.265,20.223,22.353,22.265,1601.043,92463,0,0,266,17350,16,12,1,0,0,26,21,14,20,20,12,FALSE,0,FALSE
1088.3713,14.398,14.076,11.998,11.078,5.211,19,17,4,956069,76,74,70,68,102,101,100,98,20.273,20.23,22.358,22.269,1641.023,92463,0,0,250,17350,16,12,1,0,0,26,21,14,20,20,12,FALSE,0,FALSE
1088.8696,14.419,14.097,11.999,11.079,5.198,19,17,4,951423.8,75,74,69,67,102,101,100,98,20.276,20.232,22.358,22.269,1665.238,92463,0,0,250,17316,16,12,1,0,0,26,21,14,20,20,12,FALSE,0,FALSE
1089.3671,14.432,14.11,11.999,11.08,5.185,19,17,4,951168.44,72,71,67,66,102,101,100,98,20.277,20.233,22.357,22.267,1691.238,92463,0,0,200,17316,16,12,1,0,0,26,21,14,20,20,12,FALSE,0,FALSE
1089.8695,14.444,14.123,12.002,11.082,5.171,19,17,4,943929.06,71,72,69,69,102,101,100,98,20.276,20.233,22.354,22.266,1721.328,92463,0,0,200,17300,16,12,1,0,0,26,21,14,20,20,12,FALSE,0,FALSE
1090.3702,14.46,14.142,12.012,11.092,5.158,19,17,4,941520.94,71,73,70,71,102,101,100,98,20.276,20.234,22.353,22.265,1752.281,92463,0,0,200,17267,16,12,1,0,0,26,21,14,20,20,12,FALSE,0,FALSE
1090.8698,14.473,14.159,12.022,11.1,5.144,19,17,4,932961.44,71,73,70,71,102,101,99,98,20.275,20.234,22.35,22.264,1784.879,92463,0,0,184,17267,16,12,1,0,0,26,21,14,20,20,12,FALSE,0,FALSE
1091.3718,14.494,14.186,12.039,11.117,5.131,19,17,4,924319.56,72,76,72,72,102,101,99,98,20.273,20.234,22.348,22.262,1820.008,92463,29942,0,184,17267,16,12,1,0,0,26,21,14,20,20,12,FALSE,0,FALSE
1091.8693,14.52,14.208,12.064,11.132,5.127,19,17,4,949087.1,74,74,75,72,101,101,99,98,20.273,20.235,22.347,22.261,1854.082,92463,29942,0,167,17267,16,12,1,0,0,26,21,14,20,20,12,FALSE,0,FALSE
1092.37,14.56,14.238,12.126,11.185,5.127,19,17,4,977079.75,81,76,90,83,102,101,100,98,20.276,20.237,22.352,22.264,1881.629,92463,29942,0,167,17267,16,12,1,0,0,26,21,14,20,20,12,FALSE,0,FALSE
1092.8679,14.601,14.27,12.211,11.252,5.122,19,17,4,988550.3,82,77,99,89,102,101,100,98,20.282,20.24,22.362,22.272,1907.25,92463,29942,0,167,17267,16,12,1,0,0,26,21,14,20,20,12,FALSE,0,FALSE
1093.3688,14.643,14.301,12.274,11.302,5.113,19,17,4,995949.7,82,76,90,83,102,101,100,98,20.287,20.244,22.373,22.279,1935.379,92463,29942,0,233,17316,16,12,1,0,0,26,21,14,20,20,12,FALSE,0,FALSE
1093.8713,14.682,14.333,12.304,11.328,5.103,19,17,4,1002622.9,80,75,81,76,102,101,100,98,20.293,20.246,22.378,22.283,1961.453,92463,29942,0,233,17316,16,12,1,0,0,26,21,14,20,20,12,FALSE,0,FALSE
1094.3678,14.701,14.351,12.312,11.336,5.091,19,17,4,1004787.06,74,73,72,72,102,101,100,98,20.295,20.247,22.378,22.283,1987.559,92463,29942,0,283,17316,16,12,1,0,0,26,21,14,20,20,12,FALSE,0,FALSE
1094.8726,14.758,14.416,12.356,11.391,5.077,19,17,4,1003932.44,84,88,79,84,102,101,100,98,20.297,20.25,22.378,22.285,2018.52,92463,29942,0,283,17316,16,12,1,0,0,26,21,14,20,20,12,FALSE,0,FALSE
1095.3702,14.861,14.535,12.398,11.442,5.064,19,17,4,1004558.1,95,100,77,82,102,101,100,98,20.304,20.261,22.38,22.289,2050.387,92463,29942,0,283,17350,16,12,1,0,0,26,21,14,20,20,12,FALSE,0,FALSE
1095.8707,14.895,14.577,12.44,11.491,5.051,19,17,4,1006791.5,77,80,79,84,102,101,100,99,20.309,20.268,22.379,22.291,2080.684,92463,29942,0,283,17350,16,12,1,0,0,26,21,14,20,20,12,FALSE,0,FALSE
1096.3685,14.955,14.647,12.488,11.544,5.039,19,17,4,1010395.44,81,85,78,80,102,101,100,99,20.31,20.272,22.379,22.294,2111.719,92463,29942,0,300,17350,16,12,1,0,0,26,21,14,20,20,12,FALSE,0,FALSE
1096.8684,14.974,14.669,12.498,11.55,5.025,19,17,4,1001835.9,71,74,71,70,102,102,100,99,20.31,20.273,22.377,22.292,2144.234,92463,29942,0,317,17384,16,12,1,0,0,26,21,14,20,20,12,FALSE,0,FALSE
1097.3677,14.985,14.683,12.506,11.557,5.013,19,17,4,999777.94,71,73,73,72,102,101,100,98,20.307,20.271,22.373,22.288,2176.895,92463,29942,0,317,17384,16,12,1,0,0,26,21,14,20,20,12,FALSE,0,FALSE
1097.8718,15.008,14.707,12.535,11.584,5.013,19,17,4,1029895.1,73,73,76,75,102,101,100,99,20.307,20.272,22.375,22.291,2206.246,92463,29942,0,367,17417,16,12,1,0,0,26,21,14,20,20,12,FALSE,0,FALSE
1098.3721,15.021,14.718,12.542,11.593,5.012,19,17,4,1053928,71,71,73,72,102,102,100,99,20.308,20.274,22.379,22.295,2227.824,92463,29942,0,367,17417,16,12,1,0,0,26,21,14,20,20,12,FALSE,0,FALSE
1098.8649,15.031,14.727,12.554,11.605,5.012,19,17,4,1073054.4,72,70,75,73,102,102,100,99,20.31,20.275,22.383,22.299,2244.625,92463,29942,0,367,17483,16,12,1,0,0,26,21,14,20,20,12,FALSE,0,FALSE
1099.3708,15.049,14.738,12.577,11.625,5.012,19,17,4,1087367.8,76,71,80,77,102,102,100,99,20.313,20.277,22.389,22.304,2258.188,92463,29942,0,367,17483,16,12,1,0,0,26,21,14,20,20,12,FALSE,0,FALSE
1099.8699,15.061,14.747,12.601,11.641,5.012,19,17,4,1097535.6,75,71,85,77,102,102,100,99,20.317,20.278,22.396,22.31,2269.426,92463,29942,0,333,17483,16,12,1,0,0,26,21,14,20,20,12,FALSE,0,FALSE
1100.3704,15.07,14.754,12.637,11.664,5.01,19,17,4,1102912.8,75,71,93,81,102,102,100,99,20.32,20.28,22.406,22.316,2283.453,92463,29942,0,333,17550,16,12,1,0,0,26,21,14,20,20,12,FALSE,0,FALSE
1100.8702,15.083,14.764,12.651,11.675,5.007,19,17,4,1108506.1,77,72,88,78,102,102,101,99,20.324,20.282,22.417,22.323,2298.098,92463,29942,0,333,17550,16,12,1,0,0,26,21,14,20,20,12,FALSE,0,FALSE
1101.3689,15.093,14.773,12.658,11.681,5.002,19,17,4,1114603.6,76,72,81,74,103,102,101,99,20.327,20.283,22.424,22.327,2311.184,92463,29942,0,333,17550,16,12,1,0,0,26,21,14,20,20,12,FALSE,0,FALSE
1101.8718,15.102,14.782,12.662,11.685,4.995,19,17,4,1121499.6,74,71,76,71,103,102,101,99,20.33,20.285,22.428,22.33,2324.77,92463,29942,0,217,17550,16,12,1,0,0,26,21,14,20,20,12,FALSE,0,FALSE
1102.3663,15.114,14.794,12.664,11.687,4.986,19,17,4,1127983,75,73,72,69,103,102,101,99,20.331,20.286,22.43,22.331,2339.617,92463,29942,0,217,17550,16,12,1,0,0,26,21,14,20,20,12,FALSE,0,FALSE
1102.8673,15.128,14.809,12.665,11.688,4.974,19,17,4,1134265.5,75,74,69,67,103,102,101,99,20.333,20.288,22.43,22.331,2357.633,92463,29942,0,217,17550,16,12,1,0,0,26,21,14,20,20,12,FALSE,0,FALSE
1103.3707,15.168,14.853,12.666,11.689,4.961,19,17,4,1123053.1,83,83,68,67,103,102,101,99,20.338,20.292,22.429,22.33,2379.352,92463,29942,0,200,17550,16,12,1,0,0,26,21,14,20,20,12,FALSE,0,FALSE
1103.8677,15.188,14.877,12.666,11.689,4.948,19,17,4,1093218.1,77,76,67,68,103,102,101,99,20.341,20.296,22.427,22.329,2402.441,92463,29942,0,200,17484,16,12,1,0,0,26,21,14,20,20,12,FALSE,0,FALSE
1104.8685,15.218,14.908,12.666,11.689,4.921,19,17,4,1010804.94,72,71,68,68,103,102,101,99,20.342,20.297,22.422,22.325,2459.023,92463,29942,0,100,17484,16,12,1,0,0,26,21,14,20,20,12,FALSE,0,FALSE
1105.3684,15.23,14.921,12.666,11.689,4.908,19,17,4,962570.3,71,71,68,68,103,102,101,99,20.34,20.296,22.418,22.322,2490.223,92463,29942,0,66,17433,16,12,1,0,0,26,21,14,20,20,12,FALSE,0,FALSE
1105.8688,15.241,14.933,12.666,11.689,4.894,19,17,4,909909.94,70,71,68,68,103,102,101,99,20.338,20.294,22.414,22.319,2523.387,92463,29942,0,66,17433,16,12,1,0,0,26,21,14,20,20,12,FALSE,0,FALSE
1106.3716,15.25,14.943,12.669,11.692,4.88,19,17,4,901268.06,70,71,69,70,103,102,100,99,20.335,20.292,22.41,22.315,2558.219,92463,29942,0,33,17433,16,12,1,0,0,26,21,14,20,20,12,FALSE,0,FALSE
1106.8701,15.274,14.974,12.696,11.719,4.867,19,17,4,898082,73,76,73,75,103,102,100,99,20.333,20.291,22.407,22.313,2593.918,92463,29942,0,33,17383,15,12,1,0,0,26,21,14,20,20,12,FALSE,0,FALSE
1107.3704,15.297,15.003,12.721,11.743,4.854,19,17,4,890000.2,73,76,74,76,103,102,100,99,20.331,20.29,22.403,22.311,2630.18,92463,29942,0,600,17383,15,12,1,0,0,26,21,14,20,20,12,FALSE,0,FALSE
1107.8678,15.34,15.055,12.791,11.81,4.85,19,17,4,917818.4,79,81,84,87,103,102,100,99,20.331,20.292,22.406,22.315,2663.609,92463,29942,0,600,17350,15,12,1,0,0,26,21,14,20,20,12,FALSE,0,FALSE
1108.3695,15.377,15.1,12.833,11.856,4.85,19,17,4,945026.2,78,82,81,85,103,102,101,99,20.335,20.298,22.413,22.324,2690.324,92463,29942,0,600,17350,15,12,1,0,0,26,21,14,20,20,12,FALSE,0,FALSE
1108.8687,15.397,15.124,12.846,11.868,4.849,19,17,4,967343.25,74,77,75,78,103,102,101,99,20.339,20.305,22.418,22.331,2710.262,92463,29942,0,600,17350,15,12,1,0,0,26,21,14,20,20,12,FALSE,0,FALSE
1109.8689,15.422,15.152,12.878,11.909,4.849,19,17,4,996854.56,73,76,78,84,103,102,101,99,20.345,20.314,22.428,22.345,2737.508,92463,29942,0,600,17333,15,12,1,0,0,26,21,14,20,20,12,FALSE,0,FALSE
1110.366,15.429,15.16,12.898,11.94,4.849,19,17,4,1003201.94,72,74,80,92,103,102,101,100,20.347,20.318,22.433,22.355,2749.738,92463,29942,0,533,17333,15,12,1,0,0,26,21,14,20,20,12,FALSE,0,FALSE
1110.8688,15.438,15.171,12.915,11.963,4.846,19,17,4,1008351.4,73,76,81,91,103,102,101,100,20.349,20.321,22.44,22.367,2765.605,92463,29942,0,533,17333,15,12,1,0,0,26,21,14,20,20,12,FALSE,0,FALSE
1111.3713,15.454,15.19,12.921,11.971,4.842,19,17,4,1013817.3,75,80,76,84,103,102,101,100,20.352,20.326,22.445,22.377,2775.539,92463,29942,0,533,17384,15,12,1,0,0,26,21,14,20,20,12,FALSE,0,FALSE
1111.8701,15.46,15.196,12.922,11.971,4.835,19,17,4,1018014.44,73,75,72,76,103,103,101,100,20.354,20.33,22.448,22.382,2787.664,92463,29942,0,533,17384,15,12,1,0,0,26,21,14,20,20,12,FALSE,0,FALSE
1112.369,15.471,15.205,12.922,11.971,4.826,19,17,4,1022214.2,73,74,69,71,103,103,101,100,20.355,20.333,22.449,22.385,2802.289,92463,29942,0,517,17384,15,12,1,0,0,26,21,14,20,20,12,FALSE,0,FALSE
1112.8665,15.496,15.23,12.922,11.971,4.815,19,17,4,1026807.1,80,80,67,68,103,103,101,100,20.358,20.336,22.448,22.385,2818.883,92463,29942,0,517,17384,15,12,1,0,0,26,21,14,20,20,12,FALSE,0,FALSE
1114.3705,15.598,15.328,12.923,11.972,4.777,19,17,4,962510.75,75,75,67,67,103,103,101,100,20.372,20.35,22.443,22.382,2888.309,92463,29942,0,567,17433,15,12,1,0,0,26,21,14,20,20,12,FALSE,0,FALSE
1114.8691,15.614,15.343,12.923,11.972,4.763,19,17,4,916819.56,72,72,68,68,103,103,101,100,20.372,20.35,22.44,22.38,2916.887,92463,29942,0,533,17433,15,12,1,0,0,26,21,14,20,20,12,FALSE,0,FALSE
1115.369,15.626,15.356,12.923,11.972,4.75,19,17,4,869295.44,71,71,68,68,103,103,101,100,20.371,20.349,22.437,22.377,2947.824,92463,29942,0,484,17433,15,12,1,0,0,26,21,14,20,20,12,FALSE,0,FALSE
1115.8667,15.638,15.368,12.923,11.972,4.737,19,17,4,813708.5,70,70,69,68,103,103,101,100,20.369,20.347,22.434,22.374,2979.902,92463,29942,0,484,17433,15,12,1,0,0,26,21,14,20,20,12,FALSE,0,FALSE
1116.3698,15.648,15.378,12.923,11.972,4.724,19,17,4,772731.8,70,70,69,69,103,103,101,100,20.366,20.345,22.43,22.371,3016.219,92463,29942,0,450,17350,15,12,1,0,0,26,21,14,20,20,12,FALSE,0,FALSE
1116.8707,15.655,15.385,12.923,11.972,4.71,19,17,4,764089.94,69,69,69,69,103,103,101,100,20.362,20.341,22.425,22.367,3052.777,92463,29942,0,450,17350,15,12,1,0,0,26,21,14,20,20,12,FALSE,0,FALSE
1117.3679,15.662,15.392,12.923,11.972,4.697,19,17,4,755736.1,69,69,69,69,103,103,101,100,20.358,20.338,22.42,22.362,3089.348,92463,29942,0,433,17316,15,12,1,0,0,26,21,14,20,20,12,FALSE,0,FALSE
1118.8674,15.683,15.412,12.923,11.972,4.656,19,17,4,735236.6,69,69,70,69,103,102,100,99,20.344,20.324,22.403,22.346,3209.242,92463,29942,0,383,17233,15,12,1,0,0,26,21,14,20,20,12,FALSE,0,FALSE
1119.3679,15.689,15.418,12.923,11.972,4.642,19,17,4,726594.75,70,69,70,69,103,102,100,99,20.339,20.319,22.396,22.339,3250.922,92463,29942,0,367,17233,15,12,1,0,0,26,21,14,20,20,12,FALSE,0,FALSE
1119.8678,15.696,15.424,12.923,11.972,4.629,19,17,4,717952.9,70,69,70,69,103,102,100,99,20.333,20.313,22.389,22.332,3293.371,92463,29942,0,366,17166,15,12,1,0,0,26,21,14,20,20,12,FALSE,0,FALSE
1120.3676,15.702,15.431,12.923,11.972,4.615,19,17,4,709311,69,69,70,69,102,102,100,99,20.327,20.307,22.381,22.325,3336.523,92463,29942,0,350,17166,15,12,1,0,0,26,21,14,20,20,12,FALSE,0,FALSE
1120.8674,15.724,15.452,12.954,12.003,4.609,19,17,4,736804.25,73,73,76,75,102,102,100,99,20.323,20.304,22.379,22.323,3376.656,92463,29942,0,350,17134,15,12,1,0,0,26,21,14,20,20,12,FALSE,0,FALSE
1121.3671,15.749,15.483,12.986,12.034,4.608,19,17,4,767384.8,73,75,76,76,102,102,100,99,20.325,20.306,22.384,22.329,3407.727,92463,29942,0,316,17083,15,12,1,0,0,26,21,14,20,20,12,FALSE,0,FALSE
1121.8699,15.765,15.505,13.012,12.064,4.608,19,17,4,793598.9,72,76,77,81,102,102,100,99,20.326,20.309,22.39,22.336,3433.734,92463,29942,0,316,17083,15,12,1,0,0,26,21,14,20,20,12,FALSE,0,FALSE
1122.3658,15.787,15.535,13.045,12.108,4.608,19,17,4,808240.7,74,79,80,87,103,102,100,99,20.328,20.314,22.396,22.344,3455.301,92463,29942,0,366,17133,15,12,1,0,0,26,21,14,20,20,12,FALSE,0,FALSE
1123.371,15.842,15.605,13.128,12.214,4.596,19,17,4,823012.8,78,82,84,92,103,102,101,100,20.335,20.326,22.41,22.366,3505.117,92463,29942,0,367,17134,15,12,1,0,0,26,21,14,20,20,12,FALSE,0,FALSE
1123.8695,15.874,15.643,13.154,12.247,4.586,19,17,4,829503.94,79,83,79,85,103,103,101,100,20.339,20.333,22.416,22.375,3526.914,92463,29942,0,367,17134,15,12,1,0,0,26,21,14,20,20,12,FALSE,0,FALSE
1124.3702,15.9,15.675,13.178,12.274,4.575,19,17,4,835892.94,76,81,76,81,103,103,101,100,20.342,20.338,22.42,22.382,3549.578,92463,29942,0,367,17133,15,12,1,0,0,26,21,14,20,20,12,FALSE,0,FALSE
1124.8717,15.929,15.711,13.205,12.304,4.563,19,17,4,842154.1,77,82,77,81,103,103,101,100,20.344,20.343,22.422,22.386,3573.355,92463,29942,0,367,17133,15,12,1,0,0,26,21,14,20,20,12,FALSE,0,FALSE
1125.3672,15.963,15.75,13.227,12.328,4.551,19,17,4,845827.44,78,82,76,78,103,103,101,100,20.346,20.347,22.424,22.389,3597.723,92463,29942,0,367,17133,15,12,1,0,0,26,21,14,20,20,12,FALSE,0,FALSE
1125.8695,15.999,15.792,13.253,12.355,4.537,19,17,4,839046.25,77,82,75,77,103,103,101,100,20.348,20.352,22.425,22.392,3625.906,92463,29942,0,350,17166,15,12,1,0,0,26,21,14,20,20,12,FALSE,0,FALSE
1126.3688,16.025,15.823,13.273,12.375,4.523,19,17,4,830175.4,74,78,74,75,103,103,101,100,20.349,20.354,22.425,22.392,3655.367,92463,29942,0,367,17184,15,12,1,0,0,26,21,14,20,20,12,FALSE,0,FALSE
1126.867,16.047,15.85,13.287,12.388,4.511,19,17,4,794528.94,73,77,72,72,103,103,101,100,20.348,20.355,22.423,22.392,3686.008,92463,29942,0,367,17217,15,12,1,0,0,26,21,14,20,20,12,FALSE,0,FALSE
1127.8665,16.086,15.885,13.318,12.417,4.484,19,17,4,777263.3,78,75,79,75,103,103,101,100,20.344,20.352,22.418,22.386,3753.414,92463,29942,0,384,17217,15,12,1,0,0,26,21,14,20,20,12,FALSE,0,FALSE
1128.8688,16.234,16.009,13.515,12.588,4.457,19,17,4,765063,86,82,93,86,103,103,101,100,20.35,20.354,22.425,22.389,3824.695,92463,29942,0,417,17217,15,12,1,0,0,26,21,14,20,20,12,FALSE,0,FALSE
1129.3674,16.304,16.068,13.611,12.672,4.444,19,17,4,756709.2,85,81,92,86,103,103,101,100,20.353,20.354,22.429,22.39,3859.738,92463,29942,0,417,17217,15,12,1,0,0,26,21,14,20,20,12,FALSE,0,FALSE
1129.8701,16.367,16.119,13.678,12.733,4.43,19,17,4,747779.25,81,77,84,80,103,103,101,100,20.355,20.354,22.43,22.39,3897.711,92463,29942,0,417,17217,15,12,1,0,0,26,21,14,20,20,12,FALSE,0,FALSE
1130.3674,16.419,16.162,13.734,12.785,4.417,19,17,4,739425.44,81,77,83,79,103,103,101,100,20.355,20.352,22.429,22.387,3933.148,92463,29942,0,450,17250,15,12,1,0,0,26,21,14,20,20,12,FALSE,0,FALSE
1130.8691,16.479,16.211,13.798,12.844,4.403,19,17,4,730495.5,82,78,83,79,103,103,101,100,20.355,20.35,22.428,22.385,3970.309,92463,29942,0,450,17250,15,12,1,0,0,26,21,14,20,20,12,FALSE,0,FALSE
1131.3706,16.5,16.228,13.807,12.852,4.389,19,17,4,721853.6,71,71,70,69,103,103,101,100,20.352,20.346,22.423,22.379,4007.395,92463,29942,40198,450,17250,15,12,1,0,0,26,21,14,20,20,12,FALSE,0,FALSE
1131.8701,16.51,16.237,13.816,12.862,4.381,19,17,4,739222.6,71,70,72,71,103,103,101,100,20.347,20.341,22.418,22.374,4043.84,92463,29942,40198,467,17250,15,12,1,0,0,26,21,14,20,20,12,FALSE,0,FALSE
1132.3688,16.543,16.263,13.853,12.899,4.379,19,17,4,768792.25,78,74,82,79,103,103,101,100,20.347,20.339,22.419,22.375,4073.551,92463,29942,40198,467,17250,15,12,1,0,0,26,21,14,20,20,12,FALSE,0,FALSE
1132.8688,16.592,16.3,13.924,12.958,4.379,19,17,4,795070.6,84,78,95,87,103,103,101,100,20.352,20.342,22.427,22.381,4097.625,92463,29942,40198,450,17250,15,12,1,0,0,26,21,14,20,20,12,FALSE,0,FALSE
1133.8673,16.644,16.34,14.057,13.058,4.377,19,17,4,826242.1,79,74,101,89,103,103,101,100,20.362,20.347,22.453,22.398,4136.809,92463,29942,40198,450,17200,15,12,1,0,0,26,21,14,20,20,12,FALSE,0,FALSE
1134.3707,16.668,16.359,14.095,13.085,4.37,19,17,4,833023.5,79,76,93,82,103,103,101,100,20.366,20.348,22.465,22.405,4159.238,92463,29942,40198,384,17200,15,12,1,0,0,26,21,14,20,20,12,FALSE,0,FALSE
1134.8687,16.698,16.386,14.116,13.101,4.361,19,17,4,839363.94,82,78,84,76,103,103,102,100,20.37,20.351,22.472,22.409,4179.223,92463,29942,40198,384,17200,15,12,1,0,0,26,21,14,20,20,12,FALSE,0,FALSE
1135.3682,16.723,16.409,14.13,13.114,4.35,19,17,4,843088.06,80,77,78,73,103,103,102,101,20.373,20.353,22.475,22.41,4199.418,92463,29942,40198,450,17267,15,12,1,0,0,26,21,14,20,20,12,FALSE,0,FALSE
1136.3685,16.777,16.462,14.14,13.123,4.323,19,17,4,809967.1,74,73,69,68,103,103,102,100,20.378,20.356,22.474,22.408,4249.832,92463,29942,40198,450,17267,15,12,1,0,0,26,21,14,20,20,12,FALSE,0,FALSE
1136.8699,16.791,16.475,14.14,13.123,4.309,19,17,4,763187,73,72,68,68,103,103,102,100,20.378,20.355,22.471,22.405,4278.832,92463,29942,40198,450,17284,15,12,1,0,0,26,21,14,20,20,12,FALSE,0,FALSE
1137.3706,16.804,16.486,14.14,13.123,4.296,19,17,4,715113.06,72,71,69,69,103,103,101,100,20.376,20.353,22.467,22.402,4310.062,92463,29942,40198,450,17267,15,12,1,0,0,26,21,14,20,20,12,FALSE,0,FALSE
1137.8649,16.815,16.496,14.14,13.123,4.283,19,17,4,659552.6,72,71,69,69,103,103,101,100,20.373,20.351,22.463,22.398,4341.938,92463,29942,40198,450,17234,15,12,1,0,0,26,21,14,20,20,12,FALSE,0,FALSE
1138.3699,16.828,16.507,14.14,13.123,4.269,19,17,4,600017.1,71,72,69,68,103,103,101,100,20.37,20.348,22.458,22.393,4377.863,92463,29942,40198,417,17234,15,12,1,0,0,26,21,14,20,20,12,FALSE,0,FALSE
1138.8693,16.837,16.517,14.14,13.123,4.256,19,17,4,582707.06,71,70,69,69,103,103,101,100,20.367,20.344,22.453,22.388,4414.039,92463,29942,40198,400,17234,15,12,1,0,0,26,21,14,20,20,12,FALSE,0,FALSE
1139.3647,16.844,16.524,14.14,13.123,4.243,19,17,4,574353.25,70,70,69,69,103,103,101,100,20.363,20.34,22.448,22.383,4450.074,92463,29942,40198,400,17200,15,12,1,0,0,26,21,14,20,20,12,FALSE,0,FALSE
1139.8683,16.852,16.531,14.14,13.123,4.229,19,17,4,565711.4,70,70,69,69,103,103,101,100,20.358,20.336,22.441,22.377,4488.414,92463,29942,40198,400,17200,15,12,1,0,0,26,21,14,20,20,12,FALSE,0,FALSE
1140.8668,16.865,16.544,14.14,13.123,4.201,19,17,4,548427.6,71,71,69,69,103,102,101,100,20.348,20.325,22.427,22.364,4567.945,92463,29942,40198,367,17167,15,12,1,0,0,26,21,14,20,20,12,FALSE,0,FALSE
1141.3694,16.871,16.55,14.14,13.123,4.188,19,17,4,544972.8,71,71,70,70,103,102,101,100,20.342,20.32,22.42,22.357,4610.234,92463,29942,40198,350,17133,15,12,1,0,0,26,21,14,20,20,12,FALSE,0,FALSE
1141.8688,16.877,16.557,14.14,13.123,4.174,19,17,4,536330.94,71,71,70,70,103,102,101,99,20.336,20.314,22.412,22.349,4651.812,92463,29942,40198,350,17117,15,12,1,0,0,26,21,14,20,20,12,FALSE,0,FALSE
1142.3694,16.883,16.563,14.14,13.123,4.16,19,17,4,527689.06,71,72,70,70,103,102,100,99,20.33,20.308,22.404,22.342,4694.016,92463,29942,40198,333,17083,15,12,1,0,0,26,21,14,20,20,12,FALSE,0,FALSE
1142.8658,16.889,16.57,14.14,13.123,4.147,19,17,4,519335.25,72,72,70,70,102,102,100,99,20.324,20.303,22.396,22.334,4735.332,92463,29942,40198,333,17083,15,12,1,0,0,26,21,14,20,20,12,FALSE,0,FALSE
1143.3657,16.895,16.576,14.14,13.123,4.133,19,17,4,510693.38,72,72,70,70,102,102,100,99,20.318,20.296,22.387,22.326,4778.539,92463,29942,40198,333,17083,15,12,1,0,0,26,21,14,20,20,12,FALSE,0,FALSE
1144.3689,16.938,16.621,14.195,13.176,4.122,19,17,4,555999.2,73,74,77,76,102,102,100,99,20.312,20.29,22.384,22.323,4856.281,92463,29942,40198,300,17017,15,12,1,0,0,26,21,14,20,20,12,FALSE,0,FALSE
1144.8667,16.952,16.637,14.204,13.185,4.121,19,17,4,581253.2,71,71,72,71,102,102,100,99,20.313,20.292,22.389,22.328,4881.676,92463,29942,40198,300,17084,15,12,1,0,0,26,21,14,20,20,12,FALSE,0,FALSE
1145.3674,16.966,16.647,14.22,13.2,4.121,19,17,4,603997.6,73,70,76,73,102,102,100,99,20.314,20.293,22.394,22.333,4903.066,92463,29942,40198,300,17084,15,12,1,0,0,26,21,14,20,20,12,FALSE,0,FALSE
1145.8696,16.99,16.665,14.269,13.238,4.121,19,17,4,619112.3,78,73,89,82,102,102,100,99,20.319,20.296,22.403,22.34,4920.828,92463,29942,40198,334,17084,15,12,1,0,0,26,21,14,20,20,12,FALSE,0,FALSE
1146.3691,17.009,16.679,14.309,13.265,4.117,19,17,4,625556.75,77,73,92,81,102,102,101,99,20.323,20.298,22.414,22.348,4938.676,92463,29942,40198,334,17167,15,12,1,0,0,26,21,14,20,20,12,FALSE,0,FALSE
1146.8693,17.026,16.694,14.332,13.281,4.111,19,17,4,631848.5,77,74,86,77,103,102,101,100,20.328,20.301,22.425,22.354,4961.438,92463,29942,40198,334,17167,15,12,1,0,0,26,21,14,20,20,12,FALSE,0,FALSE
1147.367,17.045,16.711,14.345,13.291,4.102,19,17,4,636556.94,78,75,79,73,103,102,101,100,20.331,20.303,22.431,22.358,4978.465,92463,29942,40198,350,17167,15,12,1,0,0,26,21,14,20,20,12,FALSE,0,FALSE
1148.3665,17.112,16.774,14.376,13.317,4.079,19,17,4,644199.06,84,81,75,71,103,102,101,100,20.341,20.311,22.439,22.363,5020.02,92463,29942,40198,316,17133,15,12,1,0,0,26,21,14,20,20,12,FALSE,0,FALSE
1149.3643,17.158,16.817,14.385,13.326,4.053,19,17,4,603934.8,74,73,70,68,103,102,101,100,20.347,20.316,22.44,22.363,5070.523,92463,29942,40198,300,17133,15,12,1,0,0,26,21,14,20,20,12,FALSE,0,FALSE
1149.8691,17.173,16.831,14.385,13.327,4.038,19,17,4,552329.25,72,71,68,68,103,102,101,100,20.347,20.316,22.438,22.361,5101.555,92463,29942,40198,300,17133,15,12,1,0,0,26,21,14,20,20,12,FALSE,0,FALSE
1150.3643,17.183,16.842,14.385,13.327,4.026,19,17,4,503645.97,72,71,68,69,103,102,101,100,20.346,20.314,22.435,22.359,5132.652,92463,29942,40198,283,17100,15,12,1,0,0,26,21,14,20,20,12,FALSE,0,FALSE
1150.8665,17.194,16.853,14.385,13.327,4.012,19,17,4,446030.97,72,71,69,69,103,102,101,100,20.345,20.313,22.432,22.356,5166.812,92463,29942,40198,283,17100,15,12,1,0,0,26,21,14,20,20,12,FALSE,0,FALSE
1151.8687,17.213,16.872,14.385,13.327,3.985,19,17,4,338038.03,71,71,69,69,103,102,101,99,20.34,20.308,22.424,22.349,5241.414,92463,29942,40198,267,17033,15,12,1,0,0,26,21,14,20,20,12,FALSE,0,FALSE
1152.3674,17.221,16.88,14.385,13.327,3.972,19,17,4,295244.2,71,71,69,69,103,102,101,99,20.336,20.305,22.419,22.345,5278.938,92463,29942,40198,267,17033,15,12,1,0,0,26,21,14,20,20,12,FALSE,0,FALSE
1152.8646,17.228,16.887,14.385,13.327,3.959,19,17,4,274984.3,71,71,70,69,103,102,101,99,20.333,20.302,22.414,22.34,5318.781,92463,29942,40198,283,17016,15,12,1,0,0,26,21,14,20,20,12,FALSE,0,FALSE
1153.3632,17.234,16.892,14.385,13.327,3.945,19,17,4,270755.22,70,69,69,69,103,102,100,99,20.328,20.298,22.408,22.335,5359.281,92463,29942,40198,267,16967,15,12,1,0,0,26,21,14,20,20,12,FALSE,0,FALSE
1153.8615,17.24,16.898,14.385,13.327,3.931,19,17,4,266628.97,69,69,70,69,102,102,100,99,20.323,20.293,22.402,22.329,5400.527,92463,29942,40198,266,16967,15,12,1,0,0,26,21,14,20,20,12,FALSE,0,FALSE
1154.3672,17.246,16.904,14.385,13.327,3.918,19,17,5,262603.06,69,69,70,69,102,102,100,99,20.317,20.287,22.395,22.323,33.746,92742,0,0,283,16900,15,13,1,0,0,26,21,14,20,20,12,FALSE,0,FALSE
1155.3632,17.258,16.916,14.385,13.327,3.89,19,17,5,254841.2,69,69,70,69,102,102,100,99,20.305,20.275,22.381,22.309,120.031,92742,0,0,300,16866,15,13,1,0,0,26,21,14,20,20,12,FALSE,0,FALSE
1156.3677,17.269,16.928,14.385,13.327,3.862,19,17,5,247325.4,69,69,70,69,102,101,100,99,20.291,20.262,22.364,22.293,208.699,92742,0,0,250,16817,15,13,1,0,0,26,21,14,20,20,12,FALSE,0,FALSE
1156.8655,17.275,16.934,14.385,13.327,3.849,19,17,5,243655.66,70,69,70,70,102,101,100,98,20.284,20.255,22.355,22.285,253.785,92742,0,0,233,16733,15,13,1,0,0,26,21,14,20,20,12,FALSE,0,FALSE
1157.3662,17.281,16.939,14.385,13.327,3.835,19,17,5,240134.97,69,69,70,69,102,101,99,98,20.276,20.247,22.347,22.276,299.27,92742,0,0,233,16683,15,13,1,0,0,26,21,14,20,20,12,FALSE,0,FALSE
1157.8674,17.288,16.945,14.386,13.328,3.821,19,17,5,236759.8,70,69,70,69,101,101,99,98,20.269,20.24,22.337,22.267,345.137,92742,0,0,216,16634,15,13,1,0,0,26,21,14,20,20,12,FALSE,0,FALSE
1158.3641,17.294,16.95,14.386,13.328,3.807,19,17,5,233510.45,70,70,70,70,101,101,99,98,20.26,20.232,22.328,22.258,391.324,92742,0,0,184,16634,15,13,1,0,0,26,21,14,20,20,12,FALSE,0,FALSE
1158.8645,17.299,16.956,14.386,13.328,3.794,19,17,5,230371.67,70,69,70,70,101,101,99,98,20.252,20.223,22.318,22.249,437.797,92742,0,0,150,16567,15,13,1,0,0,26,21,14,20,20,12,FALSE,0,FALSE
1159.3676,17.304,16.961,14.386,13.328,3.78,19,17,5,227333.72,69,69,70,69,101,100,99,98,20.243,20.215,22.308,22.239,484.527,92742,0,0,133,16516,15,13,1,0,0,26,21,14,20,20,12,FALSE,0,FALSE
1159.8582,17.313,16.972,14.393,13.334,3.766,19,17,5,224385.95,70,72,71,72,101,100,99,97,20.234,20.206,22.298,22.23,531.492,92742,0,0,133,16516,15,13,1,0,0,26,21,14,20,20,12,FALSE,0,FALSE
1160.8687,17.348,17.008,14.432,13.374,3.746,19,17,5,252025.23,73,74,76,75,101,100,98,97,20.22,20.193,22.285,22.218,623.602,92742,0,0,100,16467,15,13,1,0,0,26,21,14,20,20,12,FALSE,0,FALSE
1161.8663,17.398,17.06,14.481,13.424,3.743,19,17,5,310231.12,75,76,75,75,101,100,99,97,20.225,20.198,22.298,22.23,682.164,92742,0,0,84,16367,14,13,1,0,0,26,21,14,20,20,12,FALSE,0,FALSE
1162.3654,17.405,17.067,14.485,13.428,3.743,19,17,5,332281.47,70,70,71,71,101,100,99,98,20.228,20.202,22.304,22.237,701.578,92742,0,0,150,16367,14,13,1,0,0,26,21,14,20,20,12,FALSE,0,FALSE
1162.868,17.41,17.071,14.491,13.434,3.743,19,17,5,349832,69,68,72,70,101,100,99,98,20.23,20.204,22.309,22.242,716.891,92742,0,0,150,16466,14,13,1,0,0,26,21,14,20,20,12,FALSE,0,FALSE
1163.364,17.421,17.079,14.514,13.451,3.743,19,17,5,363095.72,72,69,80,74,101,100,99,98,20.233,20.207,22.315,22.247,728.648,92742,0,0,150,16466,14,13,1,0,0,26,21,14,20,20,12,FALSE,0,FALSE
1163.8661,17.431,17.086,14.547,13.475,3.743,19,17,5,371724.06,73,70,89,80,101,100,99,98,20.237,20.209,22.325,22.255,739.578,92742,0,0,150,16466,14,13,1,0,0,26,21,14,20,20,12,FALSE,0,FALSE
1164.8658,17.452,17.106,14.591,13.503,3.737,19,17,5,381510.16,75,73,90,78,101,100,99,98,20.245,20.215,22.35,22.271,764.484,92742,0,0,166,16466,14,13,1,0,0,26,21,14,20,20,12,FALSE,0,FALSE
1165.3625,17.467,17.121,14.594,13.506,3.731,19,17,5,386415.16,77,75,80,73,101,101,100,98,20.25,20.219,22.359,22.278,775.539,92742,0,0,166,16650,14,13,1,0,0,26,21,14,20,20,12,FALSE,0,FALSE
1165.862,17.477,17.136,14.595,13.506,3.723,19,17,5,389585.8,76,76,73,70,101,101,100,98,20.255,20.224,22.365,22.281,788.594,92742,0,0,166,16650,14,13,1,0,0,26,21,14,20,20,12,FALSE,0,FALSE
1166.367,17.49,17.152,14.595,13.507,3.713,19,17,5,393530.56,75,75,69,68,101,101,100,98,20.259,20.228,22.367,22.284,804.352,92742,0,0,166,16650,14,13,1,0,0,26,21,14,20,20,12,FALSE,0,FALSE
1166.8668,17.507,17.169,14.602,13.514,3.703,19,17,5,402372.4,75,76,69,71,101,101,100,98,20.263,20.232,22.368,22.286,822.711,92742,0,0,333,16650,14,13,1,0,0,26,21,14,20,20,12,FALSE,0,FALSE
1167.3673,17.531,17.196,14.619,13.535,3.693,19,17,5,407955.8,78,80,74,77,101,101,100,98,20.266,20.237,22.37,22.289,846.891,92742,0,0,333,16550,13,13,1,0,0,26,21,14,20,20,12,FALSE,0,FALSE
1167.8655,17.555,17.226,14.639,13.557,3.683,19,17,5,414393.28,76,81,75,77,101,101,100,99,20.27,20.243,22.373,22.294,870.477,92742,0,0,1500,16500,13,13,1,0,0,26,21,14,20,20,12,FALSE,0,FALSE
1168.3676,17.577,17.252,14.652,13.569,3.671,19,17,5,418297.56,75,79,73,74,101,101,100,99,20.273,20.248,22.374,22.297,892.992,92742,0,0,1434,16500,13,13,1,0,0,26,21,14,20,20,12,FALSE,0,FALSE
1168.8651,17.597,17.273,14.656,13.573,3.657,19,17,5,412948.56,74,74,69,71,102,101,100,99,20.275,20.252,22.374,22.298,918.359,92742,0,0,1434,16500,13,13,1,0,0,26,21,14,20,20,12,FALSE,0,FALSE
1169.365,17.615,17.294,14.66,13.575,3.645,19,17,5,376729,75,74,70,69,102,101,100,99,20.276,20.253,22.373,22.297,946.844,92742,0,0,1450,16500,13,13,1,0,0,26,21,14,20,20,12,FALSE,0,FALSE
1169.8646,17.644,17.32,14.674,13.588,3.631,19,17,5,332381.47,77,75,74,71,102,101,100,99,20.278,20.254,22.372,22.296,977.891,92742,0,0,1450,16517,13,13,1,0,0,26,21,14,20,20,12,FALSE,0,FALSE
1170.8633,17.68,17.351,14.686,13.601,3.604,19,17,5,266870.88,71,70,70,69,102,101,100,99,20.279,20.253,22.369,22.293,1041.578,92742,0,0,1433,16500,13,13,1,0,0,26,21,14,20,20,12,FALSE,0,FALSE
1171.8654,17.7,17.369,14.686,13.602,3.578,19,17,5,222846.52,70,70,69,69,102,101,100,98,20.274,20.248,22.361,22.285,1111.984,92742,0,0,1434,16467,13,13,1,0,0,26,21,14,20,20,12,FALSE,0,FALSE
1172.3638,17.708,17.375,14.686,13.602,3.564,19,17,5,219397.25,70,69,70,69,101,101,100,98,20.27,20.245,22.356,22.281,1149.062,92742,0,0,1434,16467,13,13,1,0,0,26,21,14,20,20,12,FALSE,0,FALSE
1172.8645,17.716,17.382,14.686,13.602,3.55,19,17,5,215983.34,70,69,70,69,101,101,100,98,20.267,20.242,22.351,22.276,1187.195,92742,0,0,1434,16467,13,13,1,0,0,26,21,14,20,20,12,FALSE,0,FALSE
1173.3683,17.723,17.389,14.686,13.602,3.536,19,17,5,212492.4,70,70,70,69,101,101,99,98,20.262,20.237,22.345,22.271,1227.586,92742,0,0,1434,16450,13,13,1,0,0,26,21,14,20,20,12,FALSE,0,FALSE
1174.3684,17.737,17.402,14.686,13.602,3.509,19,17,5,211133.86,70,69,70,70,101,101,99,98,20.253,20.228,22.333,22.259,1308.016,92742,0,0,1434,16417,13,13,1,0,0,26,21,14,20,20,12,FALSE,0,FALSE
1174.8674,17.744,17.408,14.686,13.602,3.496,19,17,5,207915.1,70,70,70,70,101,101,99,98,20.248,20.223,22.326,22.253,1347.766,92742,0,0,1434,16417,13,13,1,0,0,26,21,14,20,20,12,FALSE,0,FALSE
1175.3634,17.75,17.414,14.687,13.602,3.482,19,17,5,204618.88,70,70,70,70,101,100,99,98,20.243,20.218,22.319,22.246,1389.461,92742,0,0,1433,16417,13,13,1,0,0,26,21,14,20,20,12,FALSE,0,FALSE
1175.8683,17.765,17.428,14.712,13.622,3.472,19,17,5,223065.78,73,72,77,75,101,100,99,98,20.238,20.214,22.314,22.242,1431.438,92742,0,0,1433,16367,13,13,1,0,0,26,21,14,20,20,12,FALSE,0,FALSE
1176.3676,17.787,17.45,14.742,13.642,3.471,19,17,5,253462.2,72,72,75,73,101,100,99,98,20.239,20.215,22.319,22.246,1462.742,92742,0,0,1450,16367,13,13,1,0,0,26,21,14,20,20,12,FALSE,0,FALSE
1176.8666,17.801,17.461,14.757,13.657,3.47,19,17,5,280477.97,73,70,75,73,101,100,99,98,20.241,20.216,22.323,22.25,1488.961,92742,0,0,1450,16367,13,13,1,0,0,26,21,14,20,20,12,FALSE,0,FALSE
1177.3667,17.836,17.486,14.812,13.703,3.47,19,17,5,303400.7,80,75,90,83,101,101,99,98,20.246,20.219,22.332,22.257,1510.031,92742,0,0,1450,16367,13,13,1,0,0,26,21,14,20,20,12,FALSE,0,FALSE
1177.8646,17.862,17.505,14.873,13.756,3.47,19,17,5,321452.1,81,74,97,91,101,101,99,98,20.253,20.224,22.345,22.268,1528.742,92742,0,0,1450,16317,13,13,1,0,0,26,21,14,20,20,12,FALSE,0,FALSE
1178.3671,17.881,17.518,14.925,13.796,3.468,19,17,5,328687.28,79,73,99,90,101,101,100,98,20.26,20.227,22.36,22.28,1554.461,92742,0,0,1450,16317,13,13,1,0,0,26,21,14,20,20,12,FALSE,0,FALSE
1178.868,17.9,17.533,14.961,13.821,3.463,19,17,5,334936.94,78,74,94,84,101,101,100,98,20.265,20.23,22.373,22.29,1572.297,92742,0,0,1450,16317,13,13,1,0,0,26,21,14,20,20,12,FALSE,0,FALSE
1179.3667,17.922,17.552,14.984,13.839,3.456,19,17,5,341260.22,79,75,87,79,101,101,100,99,20.27,20.233,22.383,22.297,1589.008,92742,0,0,1350,16316,13,13,1,0,0,26,21,14,20,20,12,FALSE,0,FALSE
1179.863,17.952,17.577,15.005,13.856,3.448,19,17,5,347742.75,82,77,82,76,102,101,100,99,20.276,20.237,22.391,22.302,1605.391,92742,0,0,1350,16316,13,13,1,0,0,26,21,14,20,20,12,FALSE,0,FALSE
1180.3667,17.974,17.597,15.012,13.863,3.438,19,17,5,350714.38,79,75,75,71,102,101,100,99,20.282,20.241,22.395,22.305,1624.609,92742,0,0,1350,16316,13,13,1,0,0,26,21,14,20,20,12,FALSE,0,FALSE
1180.8677,17.992,17.612,15.014,13.865,3.425,19,17,5,347459.34,76,75,71,69,102,101,100,99,20.285,20.244,22.396,22.306,1646.648,92742,0,0,1350,16317,13,13,1,0,0,26,21,14,20,20,12,FALSE,0,FALSE
1181.3665,18.019,17.639,15.014,13.866,3.411,19,17,5,344515.06,78,77,69,67,102,101,100,99,20.288,20.247,22.396,22.305,1671.141,92742,0,0,1367,16317,13,13,1,0,0,26,21,14,20,20,12,FALSE,0,FALSE
1181.8665,18.036,17.654,15.015,13.866,3.399,19,17,5,345079.72,73,72,67,67,102,101,100,99,20.29,20.248,22.394,22.303,1697.984,92742,0,0,1367,16317,13,13,1,0,0,26,21,14,20,20,12,FALSE,0,FALSE
1182.365,18.048,17.667,15.018,13.868,3.385,19,17,5,338927.8,72,72,69,70,102,101,100,99,20.29,20.248,22.392,22.302,1726.844,92742,0,0,1350,16300,13,13,1,0,0,26,21,14,20,20,12,FALSE,0,FALSE
1182.867,18.06,17.682,15.024,13.873,3.372,19,17,5,337480.1,71,72,69,70,102,101,100,99,20.289,20.248,22.389,22.3,1757.508,92742,0,0,1367,16300,13,13,1,0,0,26,21,14,20,20,12,FALSE,0,FALSE
1183.864,18.096,17.729,15.055,13.903,3.345,19,17,5,322851,73,78,74,73,102,101,100,99,20.287,20.249,22.384,22.298,1824.477,92742,29616,0,1367,16300,13,13,1,0,0,26,21,14,20,20,12,FALSE,0,FALSE
1184.3651,18.123,17.754,15.087,13.933,3.34,19,17,5,345715.9,78,75,82,78,102,101,100,99,20.286,20.249,22.384,22.297,1858.133,92742,29616,0,1367,16300,13,13,1,0,0,26,21,14,20,20,12,FALSE,0,FALSE
1184.8623,18.179,17.797,15.187,14.014,3.339,19,17,5,365281.44,84,78,100,90,102,101,100,99,20.291,20.252,22.392,22.303,1885.703,92742,29616,0,1383,16317,13,13,1,0,0,26,21,14,20,20,12,FALSE,0,FALSE
1185.3638,18.223,17.825,15.267,14.09,3.334,19,17,5,372131.25,85,74,93,93,102,101,100,99,20.297,20.255,22.403,22.31,1914.422,92742,29616,0,1383,16317,13,13,1,0,0,26,21,14,20,20,12,FALSE,0,FALSE
1185.8666,18.29,17.874,15.331,14.146,3.326,19,17,5,378159.88,89,80,90,85,102,101,101,99,20.305,20.257,22.41,22.317,1943.156,92742,29616,0,1400,16317,13,13,1,0,0,26,21,14,20,20,12,FALSE,0,FALSE
1186.3662,18.324,17.901,15.352,14.166,3.314,19,17,5,378873.38,79,75,77,74,102,101,101,99,20.31,20.26,22.414,22.319,1969.797,92742,29616,0,1400,16317,13,13,1,0,0,26,21,14,20,20,12,FALSE,0,FALSE
1187.3655,18.382,17.968,15.411,14.236,3.288,19,17,5,379340.88,77,80,78,85,102,101,101,99,20.31,20.262,22.411,22.32,2029.828,92742,29616,0,1383,16317,13,13,1,0,0,26,21,14,20,20,12,FALSE,0,FALSE
1187.8647,18.432,18.026,15.467,14.306,3.275,19,17,5,379466.3,81,85,82,89,102,101,101,99,20.312,20.265,22.411,22.324,2061.789,92742,29616,0,1383,16317,13,13,1,0,0,26,21,14,20,20,12,FALSE,0,FALSE
1188.3667,18.474,18.077,15.506,14.351,3.263,19,17,5,378680.4,77,81,77,81,102,101,101,99,20.313,20.268,22.411,22.326,2092.578,92742,29616,0,1366,16317,13,13,1,0,0,26,21,14,20,20,12,FALSE,0,FALSE
1188.8652,18.499,18.108,15.526,14.371,3.249,19,17,5,370471.2,73,76,73,74,102,101,100,99,20.312,20.269,22.407,22.324,2125.148,92742,29616,0,1366,16283,13,13,1,0,0,26,21,14,20,20,12,FALSE,0,FALSE
1189.3671,18.512,18.126,15.533,14.378,3.235,19,17,5,362324.6,72,74,71,71,102,101,100,99,20.309,20.268,22.403,22.321,2158.969,92742,29616,0,1367,16283,13,13,1,0,0,26,21,14,20,20,12,FALSE,0,FALSE
1189.8667,18.529,18.143,15.554,14.398,3.228,19,17,5,379536.56,73,74,76,76,102,101,100,99,20.306,20.266,22.4,22.318,2191.773,92742,29616,0,1367,16283,13,13,1,0,0,26,21,14,20,20,12,FALSE,0,FALSE
1190.365,18.547,18.16,15.568,14.415,3.227,19,17,5,406385.53,73,72,75,73,102,101,100,99,20.307,20.267,22.404,22.322,2217.016,92742,29616,0,1367,16283,13,13,1,0,0,26,21,14,20,20,12,FALSE,0,FALSE
1190.866,18.56,18.169,15.58,14.428,3.227,19,17,5,428849.16,73,71,75,73,102,101,100,99,20.309,20.269,22.408,22.326,2236.75,92742,29616,0,1367,16283,13,13,1,0,0,26,21,14,20,20,12,FALSE,0,FALSE
1191.3643,18.573,18.179,15.595,14.442,3.227,19,17,5,447057.38,75,70,78,75,102,101,101,99,20.312,20.27,22.412,22.331,2252.258,92742,29616,0,1317,16350,13,13,1,0,0,26,21,14,20,20,12,FALSE,0,FALSE
1191.8662,18.586,18.189,15.62,14.459,3.227,19,17,5,456123.72,75,71,83,76,102,101,101,99,20.315,20.271,22.419,22.336,2264.148,92742,29616,0,1317,16350,13,13,1,0,0,26,21,14,20,20,12,FALSE,0,FALSE
1192.3676,18.599,18.197,15.642,14.478,3.227,19,17,5,462112.4,77,71,86,79,102,101,101,99,20.318,20.273,22.426,22.341,2280.328,92742,29616,0,1317,16350,13,13,1,0,0,26,21,14,20,20,12,FALSE,0,FALSE
1192.8622,18.613,18.209,15.68,14.498,3.226,19,17,5,467767.34,78,73,95,82,102,102,101,99,20.322,20.274,22.437,22.346,2297.047,92742,29616,0,1317,16334,13,13,1,0,0,26,21,14,20,20,12,FALSE,0,FALSE
1193.3654,18.624,18.217,15.692,14.508,3.222,19,17,5,473567.28,77,72,87,78,102,102,101,100,20.326,20.276,22.446,22.352,2309.102,92742,29616,0,1117,16334,13,13,1,0,0,26,21,14,20,20,12,FALSE,0,FALSE
1193.8676,18.636,18.229,15.698,14.514,3.216,19,17,5,479763.84,77,73,80,74,103,102,101,100,20.329,20.277,22.453,22.355,2321.227,92742,29616,0,1117,16334,13,13,1,0,0,26,21,14,20,20,12,FALSE,0,FALSE
1194.3634,18.663,18.258,15.703,14.517,3.207,19,17,5,486687.84,82,81,75,70,103,102,101,100,20.334,20.281,22.456,22.357,2335.344,92742,29616,0,1117,16284,13,13,1,0,0,26,21,14,20,20,12,FALSE,0,FALSE
1194.8647,18.676,18.272,15.703,14.518,3.196,19,17,5,494004.4,77,76,70,68,103,102,101,100,20.338,20.285,22.457,22.357,2352.016,92742,29616,0,1034,16284,13,13,1,0,0,26,21,14,20,20,12,FALSE,0,FALSE
1195.3649,18.701,18.299,15.703,14.519,3.183,19,17,5,496003.3,80,80,68,67,103,102,101,100,20.34,20.288,22.456,22.357,2371.789,92742,29616,0,1034,16284,13,13,1,0,0,26,21,14,20,20,12,FALSE,0,FALSE
1195.8662,18.72,18.321,15.703,14.519,3.171,19,17,5,497954.9,76,76,68,68,103,102,101,100,20.343,20.292,22.455,22.355,2394.359,92742,29616,0,966,16284,13,13,1,0,0,26,21,14,20,20,12,FALSE,0,FALSE
1196.3647,18.733,18.336,15.703,14.519,3.158,19,17,5,498090.47,73,72,67,68,103,102,101,100,20.344,20.292,22.452,22.353,2419.578,92742,29616,0,966,16266,13,13,1,0,0,26,21,14,20,20,12,FALSE,0,FALSE
1196.8656,18.744,18.347,15.703,14.519,3.144,19,17,5,491800.22,72,71,67,68,103,102,101,100,20.343,20.292,22.449,22.351,2446.961,92742,29616,0,966,16250,13,13,1,0,0,26,21,14,20,20,12,FALSE,0,FALSE
1197.8663,18.763,18.366,15.703,14.519,3.118,19,17,5,481999.94,71,70,68,68,103,102,101,99,20.339,20.288,22.441,22.345,2507.688,92742,29616,0,950,16250,13,13,1,0,0,26,21,14,20,20,12,FALSE,0,FALSE
1198.3665,18.771,18.374,15.703,14.519,3.104,19,17,5,473388.5,71,70,69,68,103,102,101,99,20.336,20.286,22.437,22.341,2540.453,92742,29616,0,933,16250,13,13,1,0,0,26,21,14,20,20,12,FALSE,0,FALSE
1198.8649,18.783,18.389,15.713,14.528,3.09,19,17,5,464746.62,72,73,71,73,103,102,101,99,20.333,20.283,22.433,22.337,2574.734,92742,29616,0,933,16234,13,13,1,0,0,26,21,14,20,20,12,FALSE,0,FALSE
1199.3641,18.82,18.434,15.756,14.575,3.077,19,17,5,461434.5,76,80,77,81,103,102,101,99,20.332,20.283,22.43,22.336,2609.523,92742,29616,0,917,16234,13,13,1,0,0,26,21,14,20,20,12,FALSE,0,FALSE
1200.365,18.881,18.509,15.829,14.648,3.068,19,17,5,502690.4,73,76,76,77,103,102,101,99,20.332,20.288,22.432,22.342,2674.336,92742,29616,0,933,16233,13,13,1,0,0,26,21,14,20,20,12,FALSE,0,FALSE
1200.8646,18.894,18.525,15.841,14.659,3.067,19,17,5,526284.4,72,74,74,75,103,102,101,99,20.334,20.291,22.435,22.346,2696.461,92742,29616,0,933,16233,13,13,1,0,0,26,21,14,20,20,12,FALSE,0,FALSE
1201.3658,18.904,18.537,15.853,14.671,3.067,19,17,5,546268.3,71,73,73,76,103,102,101,100,20.335,20.294,22.438,22.351,2713.609,92742,29616,0,933,16266,13,13,1,0,0,26,21,14,20,20,12,FALSE,0,FALSE
1201.8652,18.914,18.551,15.868,14.69,3.067,19,17,5,562161.7,71,75,76,80,103,102,101,100,20.336,20.297,22.442,22.357,2727.477,92742,29616,0,933,16266,13,13,1,0,0,26,21,14,20,20,12,FALSE,0,FALSE
1202.8632,18.931,18.57,15.897,14.737,3.066,19,17,5,575810.5,73,74,77,89,103,102,101,100,20.34,20.304,22.451,22.374,2756.258,92742,29616,0,900,16317,13,13,1,0,0,26,21,14,20,20,12,FALSE,0,FALSE
1203.363,18.939,18.58,15.904,14.747,3.064,19,17,5,580950.5,72,75,76,84,103,102,101,100,20.341,20.307,22.454,22.382,2770.219,92742,29616,0,900,16317,13,13,1,0,0,26,21,14,20,20,12,FALSE,0,FALSE
1203.8629,18.944,18.586,15.908,14.751,3.059,19,17,5,586524.94,70,73,72,77,103,102,101,100,20.342,20.31,22.457,22.388,2780.719,92742,29616,0,900,16316,13,13,1,0,0,26,21,14,20,20,12,FALSE,0,FALSE
1204.3661,18.954,18.594,15.909,14.752,3.052,19,17,5,590273.3,72,73,69,72,103,102,101,100,20.343,20.312,22.458,22.391,2793.531,92742,29616,0,850,16316,13,13,1,0,0,26,21,14,20,20,12,FALSE,0,FALSE
1204.8647,18.972,18.611,15.909,14.752,3.042,19,17,5,593347.1,77,76,67,69,103,102,101,100,20.345,20.314,22.457,22.392,2808.984,92742,29616,0,850,16316,13,13,1,0,0,26,21,14,20,20,12,FALSE,0,FALSE
1205.3627,18.997,18.636,15.909,14.752,3.03,19,17,5,600465.9,78,78,67,67,103,102,101,100,20.348,20.318,22.456,22.392,2827.242,92742,29616,0,850,16350,13,13,1,0,0,26,21,14,20,20,12,FALSE,0,FALSE
1206.8647,19.077,18.713,15.909,14.752,2.991,19,17,5,525178.94,73,73,68,68,103,103,101,100,20.357,20.327,22.449,22.387,2899.344,92742,29616,0,866,16316,13,13,1,0,0,26,21,14,20,20,12,FALSE,0,FALSE
1207.367,19.091,18.728,15.909,14.752,2.977,19,17,5,476441.44,71,71,68,68,103,102,101,100,20.357,20.327,22.446,22.384,2928.828,92742,29616,0,850,16317,13,13,1,0,0,26,21,14,20,20,12,FALSE,0,FALSE
1207.8636,19.104,18.74,15.909,14.752,2.964,19,17,5,426624.84,71,71,69,69,103,102,101,100,20.355,20.325,22.443,22.381,2960.562,92742,29616,0,850,16317,13,13,1,0,0,26,21,14,20,20,12,FALSE,0,FALSE
1208.3654,19.115,18.752,15.909,14.752,2.95,19,17,5,369770.12,70,70,69,69,103,102,101,100,20.352,20.324,22.439,22.378,2994.523,92742,29616,0,850,16317,13,13,1,0,0,26,21,14,20,20,12,FALSE,0,FALSE
1208.8662,19.123,18.76,15.909,14.752,2.938,19,17,5,350518.1,70,69,69,69,103,102,101,100,20.349,20.321,22.434,22.374,3030.172,92742,29616,0,800,16317,13,13,1,0,0,26,21,14,20,20,12,FALSE,0,FALSE
1209.3652,19.131,18.767,15.909,14.752,2.924,19,17,5,342718.75,70,69,70,69,103,102,101,100,20.346,20.317,22.43,22.37,3067.078,92742,29616,0,800,16266,13,13,1,0,0,26,21,14,20,20,12,FALSE,0,FALSE
1209.8644,19.138,18.775,15.909,14.752,2.91,19,17,5,335108.97,70,69,69,69,103,102,101,100,20.342,20.314,22.424,22.365,3105.18,92742,29616,0,800,16266,13,13,1,0,0,26,21,14,20,20,12,FALSE,0,FALSE
1210.3636,19.145,18.782,15.909,14.752,2.896,19,17,5,327684.25,69,69,70,69,103,102,101,100,20.338,20.309,22.419,22.36,3144.344,92742,29616,0,767,16266,13,13,1,0,0,26,21,14,20,20,12,FALSE,0,FALSE
1211.3627,19.158,18.795,15.909,14.752,2.87,19,17,5,318638.16,70,70,70,70,103,102,100,99,20.328,20.3,22.406,22.348,3225.258,92742,29616,0,750,16217,13,13,1,0,0,26,21,14,20,20,12,FALSE,0,FALSE
1211.8656,19.165,18.802,15.909,14.752,2.856,19,17,5,311618.12,70,70,70,70,102,102,100,99,20.322,20.295,22.399,22.341,3266.797,92742,29616,0,750,16183,13,13,1,0,0,26,21,14,20,20,12,FALSE,0,FALSE
1212.8643,19.178,18.815,15.909,14.752,2.828,19,17,5,299542.62,70,70,70,69,102,102,100,99,20.31,20.283,22.384,22.326,3351.789,92742,29616,0,750,16150,13,13,1,0,0,26,21,14,20,20,12,FALSE,0,FALSE
1213.3622,19.201,18.839,15.946,14.787,2.824,19,17,5,331054.88,73,74,76,76,102,102,100,99,20.308,20.281,22.383,22.325,3390.625,92742,29616,0,734,16150,13,13,1,0,0,26,21,14,20,20,12,FALSE,0,FALSE
1213.8657,19.222,18.865,15.972,14.813,2.823,19,17,5,359884.06,72,74,76,76,102,102,100,99,20.309,20.283,22.387,22.331,3420.586,92742,29616,0,734,16117,13,13,1,0,0,26,21,14,20,20,12,FALSE,0,FALSE
1214.3644,19.259,18.91,16.025,14.877,2.823,19,17,5,381731.3,78,84,85,93,102,102,100,99,20.312,20.288,22.395,22.34,3444.211,92742,29616,0,717,16134,13,13,1,0,0,26,21,14,20,20,12,FALSE,0,FALSE
1214.8652,19.285,18.943,16.082,14.955,2.819,19,17,5,388198.28,77,81,89,100,102,102,100,100,20.317,20.296,22.405,22.354,3467.125,92742,29616,0,717,16134,13,13,1,0,0,26,21,14,20,20,12,FALSE,0,FALSE
1215.3585,19.309,18.976,16.121,15.004,2.813,19,17,5,394054.16,77,83,85,93,102,102,101,100,20.32,20.302,22.414,22.368,3492.117,92742,29616,0,716,16116,13,13,1,0,0,26,21,14,20,20,12,FALSE,0,FALSE
1215.8643,19.331,19.004,16.15,15.04,2.806,19,17,5,399631.16,76,81,81,87,102,102,101,100,20.323,20.308,22.42,22.377,3513.75,92742,29616,0,716,16116,13,13,1,0,0,26,21,14,20,20,12,FALSE,0,FALSE
1216.3635,19.356,19.035,16.176,15.071,2.797,19,17,5,404585.75,76,81,78,83,102,102,101,100,20.326,20.313,22.425,22.385,3535.367,92742,29616,0,716,16116,13,13,1,0,0,26,21,14,20,20,12,FALSE,0,FALSE
1216.866,19.382,19.066,16.197,15.093,2.786,19,17,5,403946.16,76,81,75,79,103,102,101,100,20.328,20.318,22.428,22.39,3558.078,92742,29616,0,716,16116,13,13,1,0,0,26,21,14,20,20,12,FALSE,0,FALSE
1217.3662,19.404,19.092,16.213,15.11,2.774,19,17,5,399979.44,75,79,74,76,103,102,101,100,20.33,20.322,22.429,22.393,3582.359,92742,29616,0,750,16166,13,13,1,0,0,26,21,14,20,20,12,FALSE,0,FALSE
1217.8622,19.434,19.127,16.235,15.132,2.761,19,17,5,393882.4,76,81,75,77,103,102,101,100,20.331,20.325,22.43,22.394,3608.617,92742,29616,0,750,16166,13,13,1,0,0,26,21,14,20,20,12,FALSE,0,FALSE
1218.3666,19.466,19.164,16.26,15.158,2.747,19,17,5,387036.75,76,81,76,77,103,103,101,100,20.332,20.328,22.43,22.396,3636.93,92742,29616,0,784,16166,13,13,1,0,0,26,21,14,20,20,12,FALSE,0,FALSE
1218.866,19.494,19.199,16.283,15.181,2.734,19,17,5,384980.6,74,78,74,75,103,103,101,100,20.333,20.331,22.43,22.397,3667.234,92742,29616,0,784,16200,13,13,1,0,0,26,21,14,20,20,12,FALSE,0,FALSE
1219.3644,19.511,19.221,16.294,15.191,2.72,19,17,5,376949.47,71,75,71,71,103,103,101,100,20.331,20.332,22.428,22.396,3699.43,92742,29616,0,800,16217,13,13,1,0,0,26,21,14,20,20,12,FALSE,0,FALSE
1219.8668,19.527,19.234,16.305,15.201,2.706,19,17,5,368707.66,74,73,74,72,103,103,101,100,20.329,20.33,22.425,22.392,3732.797,92742,29616,0,800,16217,13,13,1,0,0,26,21,14,20,20,12,FALSE,0,FALSE
1220.3647,19.574,19.273,16.356,15.248,2.693,19,17,5,360587,81,78,84,79,103,103,101,100,20.329,20.329,22.425,22.391,3766.562,92742,29616,0,800,16217,13,13,1,0,0,26,21,14,20,20,12,FALSE,0,FALSE
1220.8673,19.629,19.319,16.41,15.298,2.679,19,17,5,352585.66,81,77,83,79,103,103,101,100,20.332,20.329,22.426,22.39,3801.711,92742,29616,0,816,16250,13,13,1,0,0,26,21,14,20,20,12,FALSE,0,FALSE
1221.3602,19.682,19.363,16.473,15.357,2.666,19,17,5,350069.06,82,78,87,82,103,103,101,100,20.333,20.329,22.427,22.39,3838.328,92742,29616,0,817,16250,13,13,1,0,0,26,21,14,20,20,12,FALSE,0,FALSE
1221.8663,19.753,19.423,16.576,15.447,2.653,19,17,5,342280.7,86,81,93,87,103,103,101,100,20.335,20.329,22.429,22.39,3875.344,92742,29616,0,817,16300,13,13,1,0,0,26,21,14,20,20,12,FALSE,0,FALSE
1222.3661,19.829,19.486,16.674,15.533,2.639,19,17,5,334681.6,85,81,91,85,103,103,101,100,20.338,20.329,22.433,22.391,3912.039,92742,29616,0,834,16300,13,13,1,0,0,26,21,14,20,20,12,FALSE,0,FALSE
1222.8655,19.885,19.534,16.733,15.588,2.625,19,17,5,327267.22,81,77,83,80,103,103,101,100,20.339,20.328,22.433,22.39,3948.125,92742,29616,0,833,16300,13,13,1,0,0,26,21,14,20,20,12,FALSE,0,FALSE
1223.3643,19.922,19.563,16.76,15.614,2.612,19,17,5,320033.1,75,73,74,72,103,102,101,100,20.338,20.326,22.43,22.386,3984.117,92742,29616,0,833,16350,13,13,1,0,0,26,21,14,20,20,12,FALSE,0,FALSE
1223.8667,19.931,19.57,16.761,15.616,2.598,19,17,5,312974.8,72,72,71,70,103,102,101,100,20.332,20.32,22.423,22.379,4021.336,92742,29616,40079,867,16350,13,13,1,0,0,26,21,14,20,20,12,FALSE,0,FALSE
1224.3641,19.951,19.586,16.783,15.643,2.593,19,17,5,340535.4,75,72,76,75,103,102,101,100,20.329,20.316,22.419,22.375,4056.156,92742,29616,40079,867,16350,13,13,1,0,0,26,21,14,20,20,12,FALSE,0,FALSE
1224.8641,20.013,19.635,16.861,15.712,2.592,19,17,5,370375.2,85,79,92,86,103,102,101,100,20.332,20.317,22.424,22.378,4084.398,92742,29616,40079,850,16367,13,13,1,0,0,26,21,14,20,20,12,FALSE,0,FALSE
1225.3594,20.066,19.676,16.943,15.78,2.592,19,17,5,395954.88,86,80,100,91,103,102,101,100,20.339,20.321,22.434,22.386,4107.875,92742,29616,40079,850,16367,13,13,1,0,0,26,21,14,20,20,12,FALSE,0,FALSE
1225.8651,20.098,19.701,17.02,15.839,2.592,19,17,5,416266.28,83,77,105,94,103,102,101,100,20.346,20.325,22.448,22.396,4127.445,92742,29616,40079,850,16267,13,13,1,0,0,26,21,14,20,20,12,FALSE,0,FALSE
1226.3624,20.115,19.715,17.075,15.878,2.588,19,17,5,424588.25,79,75,103,89,103,102,101,100,20.35,20.327,22.463,22.406,4146.555,92742,29616,40079,734,16267,13,13,1,0,0,26,21,14,20,20,12,FALSE,0,FALSE
1226.8639,20.138,19.734,17.098,15.895,2.581,19,17,5,430851.4,80,76,89,80,103,103,102,101,20.354,20.329,22.473,22.412,4166.68,92742,29616,40079,734,16267,13,13,1,0,0,26,21,14,20,20,12,FALSE,0,FALSE
1227.3649,20.158,19.753,17.107,15.903,2.571,19,17,5,433154.25,78,76,79,73,103,103,102,101,20.357,20.331,22.478,22.414,4186.141,92742,29616,40079,850,16400,13,13,1,0,0,26,21,14,20,20,12,FALSE,0,FALSE
1227.8655,20.19,19.785,17.12,15.915,2.558,19,17,5,431355.34,82,80,76,72,103,103,102,101,20.36,20.333,22.479,22.414,4207.469,92742,29616,40079,850,16400,13,13,1,0,0,26,21,14,20,20,12,FALSE,0,FALSE
1228.3656,20.23,19.823,17.124,15.919,2.544,19,17,5,427450.2,79,79,71,69,103,103,102,101,20.365,20.337,22.479,22.412,4231.523,92742,29616,40079,883,16400,13,13,1,0,0,26,21,14,20,20,12,FALSE,0,FALSE
1229.3623,20.259,19.851,17.125,15.921,2.517,19,17,5,414486.75,72,72,69,68,103,103,102,100,20.365,20.337,22.474,22.406,4287.164,92742,29616,40079,883,16450,13,13,1,0,0,26,21,14,20,20,12,FALSE,0,FALSE
1229.8646,20.272,19.862,17.125,15.921,2.505,19,17,5,368029.4,72,72,69,69,103,103,101,100,20.363,20.335,22.47,22.403,4318.203,92742,29616,40079,883,16450,13,13,1,0,0,26,21,14,20,20,12,FALSE,0,FALSE
1230.3627,20.284,19.874,17.125,15.921,2.491,19,17,5,317041.38,72,72,69,69,103,103,101,100,20.36,20.332,22.465,22.399,4351.172,92742,29616,40079,900,16450,13,13,1,0,0,26,21,14,20,20,12,FALSE,0,FALSE
1231.8634,20.319,19.904,17.125,15.921,2.451,19,17,5,233711.17,71,71,69,69,103,102,101,100,20.35,20.323,22.448,22.384,4458.414,92742,29616,40079,900,16483,13,13,1,0,0,26,21,14,20,20,12,FALSE,0,FALSE
1232.3628,20.327,19.912,17.125,15.921,2.437,19,17,5,210630.39,71,71,69,69,103,102,101,100,20.346,20.319,22.442,22.378,4496.438,92742,29616,40079,900,16483,13,13,1,0,0,26,21,14,20,20,12,FALSE,0,FALSE
1232.8635,20.334,19.92,17.125,15.921,2.423,19,17,5,189083.31,71,71,70,70,103,102,101,100,20.341,20.314,22.435,22.372,4535.461,92742,29616,40079,900,16500,13,13,1,0,0,26,21,14,20,20,12,FALSE,0,FALSE
1233.8635,20.347,19.933,17.125,15.921,2.397,19,17,5,176193.83,72,72,70,70,103,102,101,100,20.331,20.304,22.421,22.358,4615.641,92742,29616,40079,900,16500,13,13,1,0,0,26,21,14,20,20,12,FALSE,0,FALSE
1234.3632,20.353,19.939,17.125,15.921,2.383,19,17,5,173180.83,72,72,70,70,102,102,101,100,20.325,20.299,22.413,22.351,4656.531,92742,29616,40079,900,16500,13,13,1,0,0,26,21,14,20,20,12,FALSE,0,FALSE
1234.8646,20.359,19.945,17.125,15.921,2.369,19,17,5,170180.9,72,72,70,70,102,102,100,99,20.32,20.293,22.405,22.343,4697.898,92742,29616,40079,900,16500,13,13,1,0,0,26,21,14,20,20,12,FALSE,0,FALSE
1235.3573,20.365,19.952,17.125,15.921,2.355,19,17,5,167193.98,72,72,71,70,102,102,100,99,20.314,20.287,22.397,22.335,4739.672,92742,29616,40079,900,16500,13,13,1,0,0,26,21,14,20,20,12,FALSE,0,FALSE
1236.3546,20.385,19.973,17.143,15.938,2.331,19,17,5,178879.94,73,73,75,75,102,102,100,99,20.302,20.276,22.382,22.321,4823.062,92742,29616,40079,916,16500,13,13,1,0,0,26,21,14,20,20,12,FALSE,0,FALSE
1236.8658,20.407,19.994,17.167,15.963,2.331,19,17,5,211061.25,72,72,74,74,102,102,100,99,20.301,20.276,22.385,22.324,4856.203,92742,29616,40079,916,16500,13,13,1,0,0,26,21,14,20,20,12,FALSE,0,FALSE
1237.3641,20.419,20.008,17.176,15.972,2.33,19,17,5,237039.89,71,70,72,71,102,102,100,99,20.302,20.277,22.389,22.328,4882.102,92742,29616,40079,916,16500,13,13,1,0,0,26,21,14,20,20,12,FALSE,0,FALSE
1237.8635,20.43,20.015,17.187,15.983,2.33,19,17,5,258619.55,72,69,74,72,102,102,100,99,20.303,20.278,22.393,22.332,4903.023,92742,29616,40079,933,16583,13,13,1,0,0,26,21,14,20,20,12,FALSE,0,FALSE
1238.363,20.447,20.027,17.213,16.004,2.33,19,17,5,269728.16,75,70,80,75,102,102,100,99,20.306,20.278,22.398,22.337,4920.656,92742,29616,40079,933,16583,13,13,1,0,0,26,21,14,20,20,12,FALSE,0,FALSE
1238.8652,20.469,20.044,17.262,16.036,2.328,19,17,5,278221.88,78,73,92,81,102,102,100,99,20.31,20.28,22.407,22.343,4939.438,92742,29616,40079,933,16650,13,13,1,0,0,26,21,14,20,20,12,FALSE,0,FALSE
1239.3624,20.489,20.061,17.297,16.059,2.321,19,17,5,284931.66,79,75,90,80,102,102,101,99,20.314,20.283,22.419,22.349,4961.742,92742,29616,40079,950,16650,13,13,1,0,0,26,21,14,20,20,12,FALSE,0,FALSE
1239.8624,20.515,20.084,17.311,16.071,2.313,19,17,5,291745.38,80,76,81,74,102,102,101,100,20.319,20.287,22.426,22.354,4979.281,92742,29616,40079,950,16650,13,13,1,0,0,26,21,14,20,20,12,FALSE,0,FALSE
1240.3577,20.534,20.101,17.322,16.08,2.303,19,17,5,296963.9,78,75,76,71,102,102,101,100,20.323,20.289,22.431,22.356,4999.188,92742,29616,40079,883,16650,13,13,1,0,0,26,21,14,20,20,12,FALSE,0,FALSE
1240.8645,20.556,20.122,17.328,16.086,2.29,19,17,5,297944.12,77,75,73,70,102,102,101,100,20.326,20.291,22.433,22.357,5020.719,92742,29616,40079,883,16600,13,13,1,0,0,26,21,14,20,20,12,FALSE,0,FALSE
1241.3635,20.579,20.145,17.336,16.094,2.276,19,17,5,295012.6,77,75,72,69,103,102,101,100,20.328,20.293,22.433,22.357,5044.461,92742,29616,40079,883,16600,13,13,1,0,0,26,21,14,20,20,12,FALSE,0,FALSE
1241.8628,20.597,20.161,17.339,16.098,2.263,19,17,5,280650.78,74,73,70,69,103,102,101,100,20.33,20.294,22.433,22.356,5071.203,92742,29616,40079,883,16600,13,13,1,0,0,26,21,14,20,20,12,FALSE,0,FALSE
1242.3629,20.615,20.174,17.34,16.099,2.25,19,17,5,257393.9,73,71,70,68,103,102,101,100,20.33,20.294,22.432,22.355,5100.797,92742,29616,40079,883,16600,13,13,1,0,0,26,21,14,20,20,12,FALSE,0,FALSE
1242.8591,20.627,20.184,17.34,16.099,2.237,19,17,5,239259.23,72,71,69,69,103,102,101,100,20.329,20.292,22.43,22.352,5132.234,92742,29616,40079,884,16600,13,13,1,0,0,26,21,14,20,20,12,FALSE,0,FALSE
1243.3617,20.636,20.193,17.34,16.099,2.223,19,17,5,215819.92,72,71,69,70,103,102,101,99,20.327,20.29,22.426,22.35,5165.375,92742,29616,40079,884,16600,13,13,1,0,0,26,21,14,20,20,12,FALSE,0,FALSE
1243.8617,20.644,20.202,17.34,16.099,2.21,19,17,5,199276.2,71,71,69,69,102,102,101,99,20.325,20.288,22.423,22.347,5200.102,92742,29616,40079,883,16600,13,13,1,0,0,26,21,14,20,20,12,FALSE,0,FALSE
1244.3608,20.651,20.209,17.34,16.099,2.197,19,17,5,178474.83,71,71,70,69,102,102,101,99,20.322,20.286,22.418,22.343,5236.031,92742,29616,40079,900,16616,13,13,1,0,0,26,21,14,20,20,12,FALSE,0,FALSE
1244.8593,20.659,20.217,17.34,16.099,2.183,19,17,5,158560.12,71,71,70,69,102,102,101,99,20.319,20.283,22.414,22.339,5273.117,92742,29616,40079,900,16616,13,13,1,0,0,26,21,14,20,20,12,FALSE,0,FALSE
1245.8594,20.674,20.232,17.34,16.099,2.155,19,17,5,124634.59,70,70,70,70,102,102,100,99,20.311,20.276,22.403,22.329,5350.336,92742,29616,40079,917,16633,13,13,1,0,0,26,21,14,20,20,12,FALSE,0,FALSE
1246.3601,20.68,20.238,17.34,16.099,2.141,19,17,5,121845.305,70,70,70,70,102,101,100,99,20.306,20.271,22.397,22.323,5390.312,92742,29616,40079,917,16667,13,13,1,0,0,26,21,14,20,20,12,FALSE,0,FALSE
1246.8634,20.687,20.244,17.34,16.099,2.129,19,17,6,124440.5,70,70,70,70,102,101,100,99,20.301,20.266,22.39,22.317,22.094,92629,0,0,917,16667,13,14,1,0,0,26,21,14,20,20,12,FALSE,0,FALSE
1247.8585,20.699,20.257,17.34,16.099,2.101,19,17,6,118875.64,70,69,70,70,102,101,100,99,20.289,20.255,22.376,22.303,105.398,92629,0,0,933,16666,13,14,1,0,0,26,21,14,20,20,12,FALSE,0,FALSE
1248.3577,20.705,20.263,17.34,16.099,2.087,19,17,6,116106.29,70,70,70,70,102,101,100,99,20.283,20.248,22.368,22.296,147.914,92629,0,0,934,16666,13,14,1,0,0,26,21,14,20,20,12,FALSE,0,FALSE
1249.3636,20.717,20.275,17.34,16.099,2.06,19,17,6,110580.06,70,70,70,70,101,101,100,98,20.269,20.235,22.352,22.28,234.453,92629,0,0,967,16633,13,14,1,0,0,26,21,14,20,20,12,FALSE,0,FALSE
1249.8638,20.724,20.281,17.34,16.099,2.046,19,17,6,107823.17,70,70,71,70,101,101,99,98,20.262,20.228,22.343,22.272,278.328,92629,0,0,966,16617,13,14,1,0,0,26,21,14,20,20,12,FALSE,0,FALSE
1250.3622,20.729,20.287,17.34,16.099,2.032,19,17,6,105070.42,70,70,71,70,101,101,99,98,20.254,20.221,22.334,22.263,322.562,92629,0,0,983,16617,13,14,1,0,0,26,21,14,20,20,12,FALSE,0,FALSE
1250.8645,20.735,20.293,17.34,16.099,2.018,19,17,6,102321.81,71,71,71,70,101,100,99,98,20.247,20.213,22.325,22.255,367.094,92629,0,0,1000,16600,13,14,1,0,0,26,21,14,20,20,12,FALSE,0,FALSE
1251.3636,20.741,20.299,17.34,16.099,2.004,19,17,6,99577.33,71,71,71,70,101,100,99,98,20.239,20.206,22.315,22.246,411.859,92629,0,0,1000,16584,13,14,1,0,0,26,21,14,20,20,12,FALSE,0,FALSE
1251.8604,20.747,20.305,17.34,16.099,1.991,19,17,6,96839.46,70,70,71,70,101,100,99,98,20.231,20.198,22.306,22.237,456.82,92629,0,0,1000,16550,13,14,1,0,0,26,21,14,20,20,12,FALSE,0,FALSE
1252.3639,20.753,20.311,17.34,16.099,1.977,19,17,6,94140.2,70,70,70,70,101,100,99,97,20.222,20.189,22.296,22.227,501.984,92629,0,0,1017,16550,13,14,1,0,0,26,21,14,20,20,12,FALSE,0,FALSE
1252.8597,20.759,20.317,17.34,16.099,1.963,19,17,6,91485.26,70,70,70,70,100,100,98,97,20.213,20.181,22.286,22.218,547.336,92629,0,0,1017,16534,13,14,1,0,0,26,21,14,20,20,12,FALSE,0,FALSE
1253.8645,20.786,20.343,17.368,16.128,1.944,19,17,6,117779.48,73,73,76,75,100,100,98,97,20.199,20.167,22.273,22.205,635.07,92629,0,0,1034,16500,13,14,1,0,0,26,21,14,20,20,12,FALSE,0,FALSE
1254.3591,20.813,20.369,17.399,16.159,1.943,19,17,6,148872.56,74,73,76,76,100,100,98,97,20.2,20.168,22.278,22.21,667.867,92629,0,0,966,16500,13,14,1,0,0,26,21,14,20,20,12,FALSE,0,FALSE
1254.8643,20.844,20.39,17.413,16.174,1.942,19,17,6,173481.36,74,73,73,73,100,100,98,97,20.204,20.172,22.284,22.217,692.406,92629,0,0,966,16500,13,14,1,0,0,26,21,14,20,20,12,FALSE,0,FALSE
1255.3601,20.86,20.407,17.426,16.188,1.941,19,17,6,193469.16,74,74,75,74,100,100,99,97,20.208,20.176,22.291,22.223,710.812,92629,0,0,966,16483,13,14,1,0,0,26,21,14,20,20,12,FALSE,0,FALSE
1255.8636,20.884,20.426,17.461,16.214,1.941,19,17,6,209372.7,79,75,86,79,100,100,99,98,20.214,20.181,22.299,22.231,724.188,92629,0,0,966,16483,13,14,1,0,0,26,21,14,20,20,12,FALSE,0,FALSE
1256.3633,20.896,20.436,17.499,16.242,1.941,19,17,6,221367.7,77,73,94,84,101,100,99,98,20.221,20.186,22.312,22.241,734.578,92629,0,0,867,16483,13,14,1,0,0,25,21,14,20,20,12,FALSE,0,FALSE
1256.8643,20.903,20.442,17.528,16.26,1.938,19,17,6,226265.52,75,72,96,83,101,100,99,98,20.226,20.19,22.327,22.251,752.164,92629,0,0,867,16484,13,14,1,0,0,25,21,14,20,20,12,FALSE,0,FALSE
1257.3594,20.92,20.456,17.546,16.272,1.935,19,17,6,231426.11,79,75,91,80,101,100,99,98,20.231,20.194,22.34,22.26,764.172,92629,0,0,867,16484,13,14,1,0,0,25,21,14,20,20,12,FALSE,0,FALSE
1257.8625,20.944,20.477,17.552,16.277,1.93,19,17,6,237211.56,83,79,83,75,101,100,100,98,20.238,20.2,22.351,22.267,774.875,92629,0,0,867,16467,13,14,1,0,0,25,21,14,20,20,12,FALSE,0,FALSE
1258.3615,20.956,20.492,17.553,16.278,1.923,19,17,6,241542.9,79,77,75,71,101,100,100,98,20.245,20.205,22.357,22.271,787.469,92629,0,0,867,16467,13,14,1,0,0,25,21,14,20,20,12,FALSE,0,FALSE
1258.8628,20.968,20.506,17.555,16.279,1.914,19,17,6,247574.33,75,75,70,69,101,100,100,98,20.25,20.211,22.36,22.274,802.586,92629,0,0,767,16467,13,14,1,0,0,25,21,14,20,20,12,FALSE,0,FALSE
1259.361,20.979,20.518,17.56,16.286,1.904,19,17,6,255863.4,73,74,69,71,101,100,100,98,20.253,20.214,22.362,22.277,819.938,92629,0,0,767,16467,13,14,1,0,0,25,21,14,20,20,12,FALSE,0,FALSE
1259.8611,21,20.541,17.572,16.301,1.895,19,17,6,266677.34,76,78,71,75,101,100,100,98,20.256,20.218,22.363,22.28,840.773,92629,0,0,633,16383,13,14,1,0,0,25,21,14,20,20,12,FALSE,0,FALSE
1260.3633,21.023,20.569,17.587,16.317,1.886,19,17,6,274316.97,76,80,73,75,101,101,100,98,20.26,20.223,22.365,22.284,865.789,92629,0,0,633,16383,13,14,1,0,0,25,21,14,20,20,12,FALSE,0,FALSE
1260.8636,21.053,20.6,17.598,16.327,1.873,19,17,6,276419.47,79,82,71,72,101,101,100,98,20.263,20.228,22.367,22.286,887.516,92629,0,0,633,16383,13,14,1,0,0,25,21,14,20,20,12,FALSE,0,FALSE
1261.3634,21.117,20.671,17.607,16.336,1.861,19,17,6,281850.4,86,90,70,71,101,101,100,98,20.27,20.237,22.367,22.288,912.086,92629,0,0,600,16366,13,14,1,0,0,25,21,14,20,20,12,FALSE,0,FALSE
1261.8632,21.131,20.686,17.608,16.338,1.847,19,17,6,278815.72,74,73,68,69,102,101,100,98,20.273,20.242,22.366,22.287,939.234,92629,0,0,600,16366,13,14,1,0,0,25,21,14,20,20,12,FALSE,0,FALSE
1262.8638,21.172,20.721,17.626,16.356,1.821,19,17,6,249532.75,74,72,71,70,102,101,100,98,20.275,20.242,22.363,22.284,1000.055,92629,0,0,450,16350,13,14,1,0,0,25,21,14,20,20,12,FALSE,0,FALSE
1263.3629,21.192,20.738,17.633,16.364,1.807,19,17,6,225767.55,72,71,71,69,102,101,100,98,20.274,20.241,22.361,22.282,1032.164,92629,0,0,450,16350,13,14,1,0,0,25,21,14,20,20,12,FALSE,0,FALSE
1263.864,21.205,20.748,17.635,16.366,1.793,19,17,6,203214.62,70,69,69,68,101,101,100,98,20.272,20.239,22.358,22.279,1066.266,92629,0,0,450,16350,13,14,1,0,0,25,21,14,20,20,12,FALSE,0,FALSE
1264.3627,21.215,20.757,17.635,16.368,1.78,19,17,6,196942.56,70,68,68,68,101,101,100,98,20.269,20.236,22.354,22.275,1101.906,92629,0,0,450,16367,13,14,1,0,0,25,21,14,20,20,12,FALSE,0,FALSE
1264.8628,21.223,20.764,17.635,16.368,1.767,19,17,6,193758.88,69,69,69,69,101,101,99,98,20.266,20.232,22.349,22.271,1138.773,92629,0,0,467,16367,13,14,1,0,0,25,21,14,20,20,12,FALSE,0,FALSE
1266.8591,21.251,20.792,17.636,16.368,1.712,19,17,6,186743.08,69,69,69,69,101,100,99,98,20.247,20.215,22.325,22.249,1297.133,92629,0,0,467,16400,13,14,1,0,0,25,21,14,20,20,12,FALSE,0,FALSE
1267.3636,21.257,20.799,17.636,16.368,1.699,19,17,6,183663.92,69,69,69,69,101,100,99,98,20.242,20.209,22.318,22.243,1338.844,92629,0,0,433,16400,13,14,1,0,0,25,21,14,20,20,12,FALSE,0,FALSE
1267.8633,21.263,20.806,17.637,16.368,1.685,19,17,6,180614.98,69,69,69,69,101,100,99,98,20.236,20.204,22.311,22.236,1381.281,92629,0,0,433,16400,13,14,1,0,0,25,21,14,20,20,12,FALSE,0,FALSE
1268.3628,21.274,20.818,17.65,16.381,1.673,19,17,6,191142.28,71,71,74,73,101,100,99,97,20.23,20.199,22.305,22.23,1423.773,92629,0,0,433,16350,13,14,1,0,0,25,21,14,20,20,12,FALSE,0,FALSE
1268.8627,21.309,20.845,17.72,16.421,1.671,19,17,6,223891.45,77,73,91,78,101,100,99,98,20.231,20.199,22.309,22.234,1458.906,92629,0,0,416,16350,13,14,1,0,0,25,21,14,20,20,12,FALSE,0,FALSE
1269.3591,21.347,20.886,17.79,16.448,1.669,19,17,6,250706.75,77,74,84,76,101,100,99,98,20.236,20.204,22.321,22.241,1486.258,92629,0,0,416,16350,13,14,1,0,0,25,21,14,20,20,12,FALSE,0,FALSE
1269.8644,21.386,20.914,17.831,16.482,1.669,19,17,6,276051,82,76,86,79,101,100,99,98,20.242,20.208,22.331,22.248,1508.125,92629,0,0,367,16350,13,14,1,0,0,25,21,14,20,20,12,FALSE,0,FALSE
1270.3618,21.435,20.948,17.867,16.513,1.669,19,17,6,294862.47,93,83,87,82,101,100,99,98,20.251,20.214,22.342,22.256,1525.305,92629,0,0,367,16284,13,14,1,0,0,25,21,14,20,20,12,FALSE,0,FALSE
1270.8612,21.503,21.001,17.902,16.537,1.669,19,17,6,301703.66,106,95,92,83,101,101,100,98,20.268,20.225,22.352,22.265,1545.906,92629,0,0,367,16284,13,14,1,0,0,25,21,14,20,20,12,FALSE,0,FALSE
1271.3606,21.559,21.046,17.942,16.564,1.668,19,17,6,307444.66,109,98,96,85,102,101,100,98,20.288,20.24,22.366,22.274,1562.078,92629,0,0,200,16284,13,14,1,0,0,25,21,14,20,20,12,FALSE,0,FALSE
1271.8629,21.592,21.075,17.954,16.573,1.664,19,17,6,313468.22,100,92,88,79,102,101,100,98,20.306,20.254,22.378,22.282,1574.836,92629,0,0,200,16583,13,14,1,0,0,25,21,14,20,20,12,FALSE,0,FALSE
1272.3638,21.602,21.089,17.957,16.575,1.657,19,17,6,317257.25,86,84,78,73,102,101,100,98,20.317,20.263,22.385,22.287,1589.094,92629,0,0,200,16583,13,14,1,0,0,25,21,14,20,20,12,FALSE,0,FALSE
1272.8602,21.617,21.106,17.959,16.578,1.648,19,17,6,324559.53,80,79,73,70,102,101,100,98,20.324,20.27,22.388,22.29,1604.461,92629,0,0,200,16583,13,14,1,0,0,25,21,14,20,20,12,FALSE,0,FALSE
1273.8634,21.65,21.143,17.963,16.583,1.627,19,17,6,337588.66,75,74,68,67,103,102,100,99,20.331,20.277,22.39,22.292,1641.344,92629,0,0,283,16784,13,14,1,0,0,25,21,14,20,20,12,FALSE,0,FALSE
1274.3572,21.678,21.172,17.966,16.586,1.614,19,17,6,336559.94,79,79,69,67,103,102,100,99,20.334,20.28,22.389,22.291,1663.727,92629,0,0,334,16784,13,14,1,0,0,25,21,14,20,20,12,FALSE,0,FALSE
1274.8633,21.711,21.202,17.967,16.587,1.601,19,17,6,338938.7,76,77,67,66,103,102,100,98,20.335,20.283,22.389,22.29,1688.867,92629,0,0,334,16850,13,14,1,0,0,25,21,14,20,20,12,FALSE,0,FALSE
1276.3568,21.755,21.249,17.981,16.6,1.561,19,17,6,326293.66,71,73,70,71,103,102,100,98,20.334,20.284,22.382,22.285,1776.828,92629,0,0,383,16900,13,14,1,0,0,25,21,14,20,20,12,FALSE,0,FALSE
1276.8627,21.777,21.277,18,16.618,1.548,19,17,6,319114.84,73,75,72,74,103,102,100,98,20.333,20.284,22.379,22.284,1810.352,92629,30186,0,383,16900,13,14,1,0,0,25,21,14,20,20,12,FALSE,0,FALSE
1277.3606,21.795,21.297,18.015,16.633,1.539,19,17,6,330759.28,71,71,73,72,103,102,100,98,20.331,20.284,22.377,22.283,1845.242,92629,30186,0,350,16950,13,14,1,0,0,25,21,14,20,20,12,FALSE,0,FALSE
1277.8589,21.838,21.33,18.061,16.673,1.539,19,17,6,358180.9,79,74,81,76,103,102,100,98,20.333,20.284,22.379,22.284,1874.617,92629,30186,0,350,16950,13,14,1,0,0,25,21,14,20,20,12,FALSE,0,FALSE
1278.3596,21.869,21.349,18.098,16.713,1.539,19,17,6,382539.7,82,71,82,83,103,102,100,98,20.336,20.285,22.384,22.287,1902.719,92629,30186,0,333,16950,13,14,1,0,0,25,21,14,20,20,12,FALSE,0,FALSE
1278.8556,21.918,21.381,18.157,16.762,1.535,19,17,6,389588.84,86,77,91,85,103,102,100,99,20.342,20.286,22.389,22.292,1929.922,92629,30186,0,333,16950,13,14,1,0,0,25,21,14,20,20,12,FALSE,0,FALSE
1279.3622,21.955,21.411,18.19,16.788,1.526,19,17,6,394892.56,82,77,83,77,103,102,100,99,20.347,20.288,22.395,22.296,1955.195,92629,30186,0,284,16967,13,14,1,0,0,25,21,14,20,20,12,FALSE,0,FALSE
1279.8618,21.974,21.427,18.196,16.794,1.514,19,17,6,392687.7,74,72,71,70,103,102,100,99,20.349,20.289,22.396,22.296,1980.742,92629,30186,0,284,16967,13,14,1,0,0,25,21,14,20,20,12,FALSE,0,FALSE
1280.3625,21.988,21.444,18.211,16.811,1.502,19,17,6,393403.66,72,73,72,75,103,102,100,99,20.348,20.288,22.394,22.295,2009.211,92629,30186,0,300,16967,13,14,1,0,0,25,21,14,20,20,12,FALSE,0,FALSE
1280.8628,22.025,21.49,18.273,16.892,1.494,19,17,6,399414.78,78,82,85,94,103,102,100,99,20.348,20.29,22.395,22.298,2039.148,92629,30186,0,317,16967,13,14,1,0,0,25,21,14,20,20,12,FALSE,0,FALSE
1281.3625,22.07,21.545,18.342,16.981,1.484,19,17,6,404527.84,80,85,86,94,103,102,100,99,20.349,20.294,22.398,22.306,2067.344,92629,30186,0,317,17117,13,14,1,0,0,25,21,14,20,20,12,FALSE,0,FALSE
1282.3561,22.142,21.63,18.382,17.027,1.459,19,17,6,401661.1,71,74,71,70,103,102,100,99,20.351,20.301,22.396,22.309,2125.953,92629,30186,0,384,17117,13,14,1,0,0,25,21,14,20,20,12,FALSE,0,FALSE
1283.3611,22.175,21.667,18.414,17.058,1.438,19,17,6,410522.47,74,74,77,77,103,102,100,99,20.345,20.298,22.39,22.304,2188.969,92629,30186,0,450,17217,13,14,1,0,0,25,21,14,20,20,12,FALSE,0,FALSE
1283.8617,22.19,21.682,18.425,17.07,1.437,19,17,6,435856.75,72,72,74,72,103,102,100,99,20.346,20.299,22.393,22.307,2212.719,92629,30186,0,500,17283,13,14,1,0,0,25,21,14,20,20,12,FALSE,0,FALSE
1284.3574,22.197,21.687,18.43,17.076,1.437,19,17,6,458001.44,70,69,72,71,103,102,100,99,20.346,20.299,22.396,22.31,2232.016,92629,30186,0,500,17283,13,14,1,0,0,25,21,14,20,20,12,FALSE,0,FALSE
1284.8618,22.206,21.693,18.439,17.086,1.437,19,17,6,476359.84,72,68,73,72,103,102,100,99,20.347,20.299,22.399,22.313,2248.133,92629,30186,0,500,17434,13,14,1,0,0,25,21,14,20,20,12,FALSE,0,FALSE
1285.361,22.219,21.703,18.46,17.101,1.437,19,17,6,487449,74,70,79,74,103,102,100,99,20.349,20.3,22.404,22.317,2260.453,92629,30186,0,500,17434,13,14,1,0,0,25,21,14,20,20,12,FALSE,0,FALSE
1285.8591,22.232,21.714,18.495,17.123,1.437,19,17,6,493862.84,75,71,89,78,103,102,101,99,20.352,20.301,22.411,22.322,2273.156,92629,30186,0,534,17434,13,14,1,0,0,25,21,14,20,20,12,FALSE,0,FALSE
1286.8577,22.257,21.732,18.547,17.161,1.433,19,17,6,505197.53,77,72,89,80,103,102,101,99,20.357,20.303,22.432,22.335,2303.367,92629,30186,0,534,17483,13,14,1,0,0,25,21,14,20,20,12,FALSE,0,FALSE
1287.3627,22.269,21.742,18.556,17.168,1.428,19,17,6,511305.84,77,72,82,75,103,102,101,99,20.36,20.304,22.439,22.339,2315.68,92629,30186,0,534,17483,13,14,1,0,0,25,21,14,20,20,12,FALSE,0,FALSE
1287.8622,22.277,21.75,18.559,17.171,1.421,19,17,6,518073.75,75,72,76,71,103,102,101,99,20.362,20.305,22.443,22.341,2329.047,92629,30186,0,350,17483,13,14,1,0,0,25,21,14,20,20,12,FALSE,0,FALSE
1288.3594,22.29,21.763,18.56,17.172,1.412,19,17,6,525170.44,74,73,71,68,103,102,101,99,20.364,20.306,22.444,22.342,2344.453,92629,30186,0,350,17466,13,14,1,0,0,25,21,14,20,20,12,FALSE,0,FALSE
1288.8622,22.303,21.778,18.56,17.173,1.4,19,17,6,532539.44,74,74,68,67,103,102,101,99,20.365,20.307,22.444,22.341,2362.836,92629,30186,0,350,17466,13,14,1,0,0,25,21,14,20,20,12,FALSE,0,FALSE
1289.3541,22.322,21.8,18.561,17.174,1.388,19,17,6,539765.25,77,77,68,67,103,102,101,99,20.366,20.308,22.442,22.339,2383.93,92629,30186,0,166,17466,13,14,1,0,0,25,21,14,20,20,12,FALSE,0,FALSE
1289.857,22.338,21.818,18.561,17.174,1.374,19,17,6,535164,74,74,67,68,103,102,101,99,20.367,20.309,22.439,22.337,2407.695,92629,30186,0,166,17466,13,14,1,0,0,25,21,14,20,20,12,FALSE,0,FALSE
1290.3588,22.35,21.832,18.561,17.174,1.361,19,17,6,534894.94,72,71,67,67,103,102,101,99,20.366,20.309,22.436,22.335,2433.945,92629,30186,0,100,17433,13,14,1,0,0,25,21,14,20,20,12,FALSE,0,FALSE
1290.8612,22.361,21.843,18.561,17.174,1.348,19,17,6,528107,71,71,67,68,103,102,101,99,20.364,20.307,22.432,22.332,2462.367,92629,30186,0,100,17433,13,14,1,0,0,25,21,14,20,20,12,FALSE,0,FALSE
1291.8579,22.38,21.863,18.562,17.175,1.321,19,17,6,517425.3,70,70,68,68,103,102,101,99,20.359,20.303,22.424,22.325,2524.875,92629,30186,0,83,17433,13,14,1,0,0,25,21,14,20,20,12,FALSE,0,FALSE
1292.3593,22.385,21.87,18.563,17.176,1.309,19,17,6,516922.56,69,69,68,69,103,102,101,99,20.355,20.3,22.419,22.321,2558.477,92629,30186,0,67,17450,13,14,1,0,0,25,21,14,20,20,12,FALSE,0,FALSE
1292.8569,22.407,21.898,18.591,17.204,1.297,19,17,6,519084.47,74,77,75,77,103,102,101,99,20.352,20.298,22.415,22.318,2592.711,92629,30186,0,83,17450,13,14,1,0,0,25,21,14,20,20,12,FALSE,0,FALSE
1293.3616,22.44,21.939,18.623,17.238,1.286,19,17,6,526908.7,73,76,74,76,103,102,101,99,20.35,20.298,22.412,22.317,2626.938,92629,30186,0,83,17450,13,14,1,0,0,25,21,14,20,20,12,FALSE,0,FALSE
1293.8593,22.467,21.967,18.646,17.261,1.285,19,17,6,556197.2,74,75,74,76,103,102,101,99,20.349,20.299,22.412,22.319,2659.016,92629,30186,0,117,17483,13,14,1,0,0,25,21,14,20,20,12,FALSE,0,FALSE
1294.3582,22.487,21.991,18.668,17.282,1.285,19,17,6,581882.56,74,76,75,77,103,102,101,99,20.351,20.302,22.415,22.323,2684.562,92629,30186,0,117,17483,13,14,1,0,0,25,21,14,20,20,12,FALSE,0,FALSE
1295.3584,22.505,22.014,18.684,17.297,1.284,19,17,6,621003.5,70,72,71,73,103,102,101,99,20.353,20.308,22.421,22.332,2719.328,92629,30186,0,183,17600,13,14,1,0,0,25,21,14,20,20,12,FALSE,0,FALSE
1295.8585,22.51,22.02,18.691,17.305,1.284,19,17,6,634305.6,69,71,71,74,103,102,101,99,20.354,20.31,22.423,22.336,2731.203,92629,30186,0,183,17600,13,14,1,0,0,25,21,14,20,20,12,FALSE,0,FALSE
1296.3586,22.516,22.026,18.701,17.324,1.284,19,17,6,640403.75,69,71,73,80,103,102,101,99,20.354,20.312,22.426,22.341,2741.406,92629,30186,0,183,17600,13,14,1,0,0,25,21,14,20,20,12,FALSE,0,FALSE
1296.8616,22.527,22.037,18.715,17.346,1.283,19,17,6,644969.7,74,75,77,87,103,102,101,99,20.354,20.313,22.428,22.348,2763.094,92629,30186,0,183,17650,12,14,1,0,0,25,21,14,20,20,12,FALSE,0,FALSE
1297.3596,22.534,22.046,18.72,17.352,1.28,19,17,6,649683.2,72,75,74,81,103,102,101,100,20.356,20.317,22.432,22.355,2771.891,92629,30186,0,183,17650,12,14,1,0,0,25,21,14,20,20,12,FALSE,0,FALSE
1297.8579,22.546,22.057,18.723,17.355,1.275,19,17,6,653745.6,74,75,71,76,103,102,101,100,20.358,20.32,22.434,22.361,2782.133,92629,30186,0,183,17650,12,14,1,0,0,25,21,14,20,20,12,FALSE,0,FALSE
1298.3597,22.558,22.067,18.724,17.356,1.267,19,17,6,656943.9,75,75,69,72,103,102,101,100,20.36,20.323,22.435,22.363,2794.969,92629,30186,0,550,17650,12,14,1,0,0,25,21,14,20,20,12,FALSE,0,FALSE
1298.8619,22.579,22.086,18.724,17.356,1.257,19,17,6,661254,78,78,67,68,103,102,101,100,20.363,20.326,22.434,22.364,2810.352,92629,30186,0,550,17650,12,14,1,0,0,25,21,14,20,20,12,FALSE,0,FALSE
1299.3546,22.636,22.144,18.724,17.356,1.244,19,17,6,655147.56,95,95,66,67,103,103,101,100,20.369,20.332,22.433,22.364,2828.477,92629,30186,0,550,17767,12,14,1,0,0,25,21,14,20,20,12,FALSE,0,FALSE
1299.855,22.683,22.189,18.724,17.357,1.232,19,17,6,644079.2,88,87,67,67,103,103,101,100,20.379,20.342,22.431,22.362,2849.344,92629,30186,0,700,17767,12,14,1,0,0,25,21,14,20,20,12,FALSE,0,FALSE
1300.3566,22.722,22.227,18.725,17.357,1.219,19,17,6,616326.75,81,81,67,67,104,103,101,100,20.386,20.349,22.428,22.361,2873.102,92629,30186,0,700,17767,12,14,1,0,0,25,21,14,20,20,12,FALSE,0,FALSE
1300.8606,22.741,22.246,18.725,17.357,1.206,19,17,6,582345.9,74,74,68,67,104,103,101,100,20.388,20.351,22.426,22.359,2899.711,92629,30186,0,684,17750,12,14,1,0,0,25,21,14,20,20,12,FALSE,0,FALSE
1301.3611,22.756,22.261,18.725,17.357,1.192,19,17,6,534595.6,72,72,68,68,104,103,101,100,20.387,20.351,22.423,22.356,2929.016,92629,30186,0,684,17750,12,14,1,0,0,25,21,14,20,20,12,FALSE,0,FALSE
1301.8586,22.769,22.274,18.725,17.357,1.18,19,17,6,485482.9,71,71,68,68,104,103,101,100,20.385,20.349,22.419,22.353,2960.539,92629,30186,0,650,17717,12,14,1,0,0,25,21,14,20,20,12,FALSE,0,FALSE
1302.3619,22.781,22.286,18.725,17.357,1.166,19,17,6,427867.9,71,70,69,69,104,103,101,99,20.383,20.347,22.415,22.35,2994.266,92629,30186,0,633,17717,12,14,1,0,0,25,21,14,20,20,12,FALSE,0,FALSE
1303.3584,22.801,22.307,18.725,17.357,1.139,19,17,6,324180.28,70,70,69,69,103,103,100,99,20.376,20.341,22.406,22.342,3067.07,92629,30186,0,633,17700,12,14,1,0,0,25,21,14,20,20,12,FALSE,0,FALSE
1303.8617,22.81,22.316,18.725,17.357,1.125,19,17,6,285501.12,70,70,69,69,103,103,100,99,20.372,20.337,22.401,22.337,3105.727,92629,30186,0,633,17700,12,14,1,0,0,25,21,14,20,20,12,FALSE,0,FALSE
1304.358,22.818,22.324,18.725,17.357,1.112,19,17,6,257526.12,70,70,70,69,103,103,100,99,20.367,20.333,22.396,22.332,3145.586,92629,30186,0,616,17683,12,14,1,0,0,25,21,14,20,20,12,FALSE,0,FALSE
1304.8563,22.824,22.33,18.725,17.357,1.099,19,17,6,256861.28,70,70,70,70,103,103,100,99,20.362,20.328,22.389,22.326,3186.258,92629,30186,0,616,17683,12,14,1,0,0,25,21,14,20,20,12,FALSE,0,FALSE
1305.8613,22.837,22.342,18.725,17.357,1.071,19,17,6,249301.44,70,70,70,70,103,102,100,99,20.351,20.317,22.376,22.313,3269.781,92629,30186,0,633,17650,12,14,1,0,0,25,21,14,20,20,12,FALSE,0,FALSE
1306.3555,22.844,22.348,18.725,17.357,1.057,19,17,6,245580.97,70,70,70,70,103,102,100,99,20.345,20.312,22.369,22.306,3312.523,92629,30186,0,633,17633,12,14,1,0,0,25,21,14,20,20,12,FALSE,0,FALSE
1306.8582,22.851,22.354,18.729,17.361,1.043,19,17,6,247542.1,71,70,72,72,103,102,100,99,20.339,20.305,22.361,22.299,3355.711,92629,30186,0,633,17633,12,14,1,0,0,25,21,14,20,20,12,FALSE,0,FALSE
1307.3611,22.877,22.38,18.764,17.396,1.041,19,17,6,282010.94,73,73,76,76,103,102,100,99,20.337,20.304,22.362,22.301,3393.094,92629,30186,0,650,17600,12,14,1,0,0,25,21,14,20,20,12,FALSE,0,FALSE
1307.8591,22.909,22.413,18.804,17.432,1.04,19,17,6,310539.38,76,79,81,81,103,102,100,99,20.339,20.307,22.369,22.307,3421.602,92629,30186,0,650,17616,12,14,1,0,0,25,21,14,20,20,12,FALSE,0,FALSE
1308.359,22.947,22.462,18.845,17.487,1.04,19,17,6,328935.47,80,85,82,89,103,102,100,99,20.344,20.314,22.377,22.318,3443.945,92629,30186,0,666,17616,12,14,1,0,0,25,21,14,20,20,12,FALSE,0,FALSE
1308.8586,22.968,22.492,18.878,17.525,1.038,19,17,6,337111.72,75,82,83,86,103,102,100,99,20.348,20.322,22.384,22.328,3467.047,92629,30186,0,666,17616,12,14,1,0,0,25,21,14,20,20,12,FALSE,0,FALSE
1309.3593,22.988,22.515,18.905,17.575,1.032,19,17,6,344428.66,77,79,81,92,103,102,100,99,20.351,20.327,22.39,22.338,3492.805,92629,30186,0,666,17633,12,14,1,0,0,25,21,14,20,20,12,FALSE,0,FALSE
1309.86,23.022,22.558,18.94,17.619,1.024,19,17,6,351421.7,81,86,81,90,103,103,100,99,20.355,20.333,22.396,22.349,3514.109,92629,30186,0,666,17633,12,14,1,0,0,25,21,14,20,20,12,FALSE,0,FALSE
1310.3596,23.058,22.602,18.969,17.656,1.015,19,17,6,358286.1,81,86,79,86,103,103,100,100,20.359,20.341,22.402,22.358,3535.398,92629,30186,0,666,17633,12,14,1,0,0,25,21,14,20,20,12,FALSE,0,FALSE
1310.8627,23.085,22.634,18.99,17.68,1.004,19,17,6,364801.62,77,82,76,80,103,103,100,100,20.363,20.347,22.405,22.364,3557.719,92629,30186,0,650,17633,12,14,1,0,0,25,21,14,20,20,12,FALSE,0,FALSE
1311.3597,23.112,22.667,19.009,17.7,0.991,19,17,6,370505.38,77,81,75,77,103,103,100,100,20.365,20.351,22.407,22.368,3581.508,92629,30186,0,650,17633,12,14,1,0,0,25,21,14,20,20,12,FALSE,0,FALSE
1311.8594,23.141,22.699,19.027,17.718,0.979,19,17,6,370725.9,76,80,74,76,103,103,100,100,20.366,20.355,22.408,22.37,3607.258,92629,30186,0,683,17700,12,14,1,0,0,25,21,14,20,20,12,FALSE,0,FALSE
1312.361,23.171,22.733,19.046,17.738,0.965,19,17,6,364382.84,76,79,73,75,103,103,100,100,20.367,20.358,22.408,22.371,3635.156,92629,30186,0,717,17750,12,14,1,0,0,25,21,14,20,20,12,FALSE,0,FALSE
1312.8572,23.196,22.762,19.063,17.753,0.951,19,17,6,338674.8,75,78,73,74,103,103,100,100,20.367,20.36,22.408,22.371,3665.32,92629,30186,0,717,17750,12,14,1,0,0,25,21,14,20,20,12,FALSE,0,FALSE
1313.3602,23.219,22.792,19.081,17.77,0.938,19,17,6,329192.4,73,77,73,73,103,103,100,100,20.366,20.361,22.406,22.371,3697.516,92629,30186,0,733,17750,12,14,1,0,0,25,21,14,20,20,12,FALSE,0,FALSE
1313.8578,23.234,22.807,19.089,17.778,0.924,19,17,6,321913.38,73,73,73,71,103,103,100,100,20.364,20.359,22.404,22.368,3730.734,92629,30186,0,733,17750,12,14,1,0,0,25,21,14,20,20,12,FALSE,0,FALSE
1314.3615,23.288,22.853,19.148,17.831,0.911,19,17,6,314809.4,84,80,86,81,103,103,100,100,20.364,20.359,22.404,22.367,3764.352,92629,30186,0,767,17800,12,14,1,0,0,25,21,14,20,20,12,FALSE,0,FALSE
1314.8608,23.36,22.913,19.228,17.902,0.897,19,17,6,308026.1,86,81,89,84,103,103,100,100,20.368,20.36,22.407,22.368,3798.656,92629,30186,0,767,17800,12,14,1,0,0,25,21,14,20,20,12,FALSE,0,FALSE
1315.8602,23.506,23.037,19.398,18.054,0.87,19,17,6,301929.72,86,81,89,84,103,103,101,100,20.374,20.362,22.413,22.37,3870.422,92629,30186,0,800,17866,12,14,1,0,0,25,21,14,20,20,12,FALSE,0,FALSE
1316.3564,23.567,23.088,19.461,18.112,0.857,19,17,6,296653.1,82,78,83,79,103,103,101,100,20.376,20.362,22.414,22.37,3906.93,92629,30186,0,850,17866,12,14,1,0,0,25,21,14,20,20,12,FALSE,0,FALSE
1316.8624,23.614,23.126,19.508,18.158,0.843,19,17,6,291880.47,81,77,82,78,103,103,101,100,20.375,20.359,22.412,22.367,3943.281,92629,30186,0,867,17866,12,14,1,0,0,25,21,14,20,20,12,FALSE,0,FALSE
1317.3553,23.649,23.153,19.533,18.183,0.83,19,17,6,287240.6,76,73,74,72,103,103,100,100,20.373,20.356,22.409,22.363,3979.18,92629,30186,0,867,17917,12,14,1,0,0,25,21,14,20,20,12,FALSE,0,FALSE
1317.8575,23.662,23.164,19.536,18.187,0.816,19,17,6,282713.6,72,71,71,70,103,103,100,100,20.369,20.351,22.403,22.356,4016.328,92629,30186,40946,900,17917,12,14,1,0,0,25,21,14,20,20,12,FALSE,0,FALSE
1318.8594,23.72,23.209,19.591,18.244,0.808,19,17,6,335679,80,75,81,78,103,103,100,100,20.366,20.346,22.4,22.353,4080.68,92629,30186,40946,900,17917,12,14,1,0,0,25,21,14,20,20,12,FALSE,0,FALSE
1319.361,23.77,23.249,19.653,18.296,0.808,19,17,6,360861.84,86,80,93,86,103,103,100,100,20.371,20.348,22.408,22.359,4103.742,92629,30186,40946,900,17917,12,14,1,0,0,25,21,14,20,20,12,FALSE,0,FALSE
1319.8579,23.826,23.295,19.732,18.355,0.807,19,17,6,380550.4,93,86,105,93,103,103,101,100,20.38,20.354,22.421,22.368,4122.828,92629,30186,40946,900,17850,12,14,1,0,0,25,21,14,20,20,12,FALSE,0,FALSE
1320.3596,23.873,23.335,19.789,18.395,0.801,19,17,6,387144.12,92,87,102,88,104,103,101,100,20.391,20.362,22.436,22.378,4140.938,92629,30186,40946,817,17850,12,14,1,0,0,25,21,14,20,20,12,FALSE,0,FALSE
1320.8577,23.902,23.361,19.811,18.411,0.793,19,17,6,392940.9,85,81,89,79,104,103,101,100,20.399,20.369,22.446,22.384,4161.969,92629,30186,40946,817,17850,12,14,1,0,0,25,21,14,20,20,12,FALSE,0,FALSE
1321.8612,23.956,23.411,19.839,18.435,0.771,19,17,6,401952.94,81,79,76,71,104,103,101,100,20.407,20.374,22.455,22.388,4203.344,92629,30186,40946,934,17984,12,14,1,0,0,25,21,14,20,20,12,FALSE,0,FALSE
1322.3589,23.982,23.437,19.845,18.441,0.757,19,17,6,391024.84,78,77,71,69,104,103,101,100,20.41,20.376,22.455,22.387,4227.305,92629,30186,40946,916,17984,12,14,1,0,0,25,21,14,20,20,12,FALSE,0,FALSE
1322.8588,23.999,23.454,19.845,18.441,0.744,19,17,6,357840.44,75,73,68,69,104,103,101,100,20.41,20.376,22.453,22.385,4254.164,92629,30186,40946,916,17984,12,14,1,0,0,25,21,14,20,20,12,FALSE,0,FALSE
1323.3586,24.015,23.467,19.845,18.442,0.731,19,17,6,316245.94,73,72,69,68,104,103,101,100,20.409,20.375,22.45,22.382,4283.414,92629,30186,40946,884,18000,12,14,1,0,0,25,21,14,20,20,12,FALSE,0,FALSE
1323.8579,24.028,23.48,19.845,18.442,0.718,19,17,6,286140.06,72,72,68,68,104,103,101,100,20.407,20.373,22.446,22.379,4314.609,92629,30186,40946,884,17984,12,14,1,0,0,25,21,14,20,20,12,FALSE,0,FALSE
1324.36,24.039,23.49,19.845,18.442,0.704,19,17,6,258169.75,72,72,69,69,104,103,101,100,20.405,20.371,22.442,22.375,4347.484,92629,30186,40946,884,17984,12,14,1,0,0,25,21,14,20,20,12,FALSE,0,FALSE
1324.8615,24.047,23.499,19.845,18.442,0.691,19,17,6,238780.11,71,70,68,69,104,103,101,100,20.401,20.368,22.438,22.371,4381.977,92629,30186,40946,866,17983,12,14,1,0,0,25,21,14,20,20,12,FALSE,0,FALSE
1325.3553,24.055,23.506,19.845,18.442,0.678,19,17,6,235167.52,71,71,69,69,104,103,101,100,20.397,20.364,22.433,22.366,4417.586,92629,30186,40946,866,17983,12,14,1,0,0,25,21,14,20,20,12,FALSE,0,FALSE
1325.8597,24.062,23.513,19.845,18.442,0.664,19,17,6,231591.94,71,71,69,69,104,103,101,100,20.393,20.36,22.427,22.361,4454.25,92629,30186,40946,883,17983,12,14,1,0,0,25,21,14,20,20,12,FALSE,0,FALSE
1326.3608,24.07,23.521,19.845,18.442,0.65,19,17,6,228053.02,71,71,69,69,104,103,101,100,20.388,20.355,22.421,22.355,4491.914,92629,30186,40946,883,17983,12,14,1,0,0,25,21,14,20,20,12,FALSE,0,FALSE
1327.3578,24.084,23.535,19.845,18.442,0.623,19,17,6,221083.64,71,71,70,69,103,103,100,99,20.378,20.345,22.408,22.342,4569.867,92629,30186,40946,900,18000,12,14,1,0,0,25,21,14,20,20,12,FALSE,0,FALSE
1327.858,24.09,23.541,19.845,18.442,0.61,19,17,6,222955.42,72,72,70,70,103,103,100,99,20.372,20.34,22.401,22.336,4609.898,92629,30186,40946,917,18016,12,14,1,0,0,25,21,14,20,20,12,FALSE,0,FALSE
1328.857,24.103,23.554,19.845,18.442,0.582,19,17,6,216089.97,72,72,70,70,103,103,100,99,20.361,20.329,22.386,22.321,4691.438,92629,30186,40946,933,18016,12,14,1,0,0,25,21,14,20,20,12,FALSE,0,FALSE
1329.3595,24.11,23.56,19.845,18.442,0.569,19,17,6,212709.95,72,72,70,70,103,102,100,99,20.355,20.323,22.378,22.314,4732.906,92629,30186,40946,950,18017,12,14,1,0,0,25,21,14,20,20,12,FALSE,0,FALSE
1329.8556,24.117,23.566,19.845,18.442,0.555,19,17,6,209364.6,72,72,71,70,103,102,100,99,20.348,20.317,22.37,22.306,4774.734,92629,30186,40946,950,18017,12,14,1,0,0,25,21,14,20,20,12,FALSE,0,FALSE
1330.3572,24.123,23.573,19.845,18.442,0.541,19,17,6,207112.7,72,73,71,70,103,102,100,99,20.342,20.311,22.361,22.297,4816.883,92629,30186,40946,967,18034,12,14,1,0,0,25,21,14,20,20,12,FALSE,0,FALSE
1330.8597,24.149,23.6,19.884,18.477,0.537,19,17,6,239979.03,74,73,76,76,103,102,100,99,20.339,20.308,22.361,22.297,4854.117,92629,30186,40946,967,18034,12,14,1,0,0,25,21,14,20,20,12,FALSE,0,FALSE
1331.3588,24.175,23.629,19.911,18.501,0.537,19,17,6,267837.84,74,75,76,75,103,102,100,99,20.34,20.31,22.366,22.303,4882.281,92629,30186,40946,967,18034,12,14,1,0,0,25,21,14,20,20,12,FALSE,0,FALSE
1331.8566,24.191,23.642,19.93,18.519,0.537,19,17,6,291226.47,74,71,78,75,103,102,100,99,20.342,20.311,22.372,22.308,4904.289,92629,30186,40946,967,18050,12,14,1,0,0,25,21,14,20,20,12,FALSE,0,FALSE
1332.3572,24.222,23.665,19.978,18.557,0.537,19,17,6,309955.12,81,76,90,83,103,102,100,99,20.346,20.314,22.38,22.315,4921.922,92629,30186,40946,967,18050,12,14,1,0,0,25,21,14,20,20,12,FALSE,0,FALSE
1332.8606,24.247,23.685,20.028,18.59,0.534,19,17,6,316722.9,81,77,95,83,103,102,100,99,20.353,20.317,22.393,22.325,4940.078,92629,30186,40946,967,18050,12,14,1,0,0,25,21,14,20,20,12,FALSE,0,FALSE
1333.36,24.265,23.7,20.051,18.607,0.527,19,17,6,323096.5,79,76,88,79,103,102,100,99,20.357,20.321,22.405,22.332,4961.758,92629,30186,40946,967,18067,12,14,1,0,0,25,21,14,20,20,12,FALSE,0,FALSE
1333.8583,24.287,23.72,20.063,18.616,0.519,19,17,6,328498.84,79,76,79,73,103,102,101,99,20.362,20.324,22.412,22.336,4979.156,92629,30186,40946,967,18067,12,14,1,0,0,25,21,14,20,20,12,FALSE,0,FALSE
1334.3601,24.308,23.74,20.072,18.624,0.508,19,17,6,331859.78,78,75,75,71,103,102,101,99,20.365,20.326,22.416,22.339,4999.039,92629,30186,40946,934,18067,12,14,1,0,0,25,21,14,20,20,12,FALSE,0,FALSE
1334.855,24.346,23.778,20.083,18.634,0.495,19,17,6,330554.44,84,83,74,70,103,103,101,99,20.369,20.33,22.418,22.34,5020.625,92629,30186,40946,934,18050,12,14,1,0,0,25,21,14,20,20,12,FALSE,0,FALSE
1335.3524,24.393,23.823,20.089,18.641,0.481,19,17,6,327727.4,81,80,71,69,103,103,101,99,20.376,20.336,22.42,22.341,5044.258,92629,30186,40946,900,18050,12,14,1,0,0,25,21,14,20,20,12,FALSE,0,FALSE
1335.8541,24.414,23.841,20.095,18.647,0.469,19,17,6,326964,76,74,71,69,103,103,101,99,20.378,20.338,22.42,22.34,5070.82,92629,30186,40946,900,18050,12,14,1,0,0,25,21,14,20,20,12,FALSE,0,FALSE
1336.3555,24.427,23.854,20.095,18.647,0.455,19,17,6,292472.66,72,72,69,68,103,103,101,99,20.378,20.337,22.418,22.339,5100.219,92629,30186,40946,900,17966,12,14,1,0,0,25,21,14,20,20,12,FALSE,0,FALSE
1337.3569,24.447,23.874,20.095,18.648,0.428,19,17,6,244065.48,72,71,69,69,103,103,101,99,20.374,20.334,22.413,22.335,5164.695,92629,30186,40946,900,17966,12,14,1,0,0,25,21,14,20,20,12,FALSE,0,FALSE
1337.8566,24.455,23.882,20.095,18.648,0.416,19,17,6,225435.73,71,71,69,69,103,103,100,99,20.372,20.331,22.41,22.332,5199.344,92629,30186,40946,883,17950,12,14,1,0,0,25,21,14,20,20,12,FALSE,0,FALSE
1338.356,24.463,23.89,20.095,18.648,0.402,19,17,6,202904.88,71,71,69,69,103,103,100,99,20.369,20.328,22.406,22.329,5235.234,92629,30186,40946,883,17950,12,14,1,0,0,25,21,14,20,20,12,FALSE,0,FALSE
1338.859,24.47,23.898,20.095,18.648,0.388,19,17,6,181871.11,71,71,70,69,103,102,100,99,20.365,20.325,22.401,22.325,5272.305,92629,30186,40946,883,17950,12,14,1,0,0,25,21,14,20,20,12,FALSE,0,FALSE
1339.3522,24.478,23.905,20.095,18.648,0.374,19,17,6,161859.31,71,71,70,69,103,102,100,99,20.362,20.322,22.396,22.32,5310.438,92629,30186,40946,867,17950,12,14,1,0,0,25,21,14,20,20,12,FALSE,0,FALSE
