Timestamp,tyre_wear_rear_left,tyre_wear_rear_right,tyre_wear_front_left,tyre_wear_front_right,fuel_in_tank,actual_tyre_compound,visual_tyre_compound,tyres_age_laps,ers_store_energy,tyre_surface_temp_rear_left,tyre_surface_temp_rear_right,tyre_surface_temp_front_left,tyre_surface_temp_front_right,tyre_inner_temp_rear_left,tyre_inner_temp_rear_right,tyre_inner_temp_front_left,tyre_inner_temp_front_right,tyre_pressure_rear_left,tyre_pressure_rear_right,tyre_pressure_front_left,tyre_pressure_front_right,lap_distance,last_lap_ms,sector_1_ms,sector_2_ms,delta_in_front_ms,delta_leader_ms,car_position,current_lap,num_pit_stops,pit_timer_active,pit_timer_ms,track_temp,air_temp,total_laps,pit_rejoin_position,starting_position,finishing_position,dnf,penalties_time,fastest_lap
0,0,0,0,0,25.671,18,16,0,4000000,56,56,57,57,95,95,96,96,20.044,20.044,22.3,22.3,219.934,0,0,0,0,0,4,1,0,0,0,28,23,14,20,4,3,FALSE,0,FALSE
0.056040246,0,0,0,0,25.671,18,16,0,4000000,56,56,57,57,95,95,96,96,20.04,20.04,22.297,22.297,219.934,0,0,0,0,0,4,1,0,0,0,28,23,14,20,4,3,FALSE,0,FALSE
0.5578563,0.033,0.033,0,0,25.669,18,16,0,4000000,69,69,57,57,94,94,96,96,20.022,20.022,22.279,22.279,220.228,0,0,0,0,0,4,1,0,0,0,28,23,14,20,4,3,FALSE,0,FALSE
1.0592101,0.042,0.042,0,0,25.666,18,16,0,4000000,70,70,57,57,94,94,96,96,20.008,20.008,22.262,22.262,222.177,0,0,0,0,0,4,1,0,0,0,28,23,14,20,4,3,FALSE,0,FALSE
1.5530785,0.053,0.053,0,0,25.663,18,16,0,4000000,71,71,57,57,94,94,95,95,19.995,19.995,22.245,22.245,226.235,0,0,0,0,0,4,1,0,0,0,28,23,14,20,4,3,FALSE,0,FALSE
2.05642,0.067,0.065,0,0,25.658,18,16,0,4000000,73,72,58,58,94,94,95,95,19.982,19.982,22.228,22.228,232.522,0,0,0,0,0,4,1,0,0,0,28,23,14,20,4,3,FALSE,0,FALSE
2.5557685,0.112,0.111,0,0,25.651,18,16,0,4000000,84,84,60,59,93,93,95,95,19.973,19.973,22.212,22.212,241.193,0,0,0,0,0,4,1,0,0,0,28,23,14,20,4,3,FALSE,0,FALSE
3.055621,0.142,0.146,0,0,25.643,18,16,0,4000000,83,85,61,61,93,93,94,94,19.968,19.968,22.196,22.196,252.283,0,0,0,0,0,4,1,0,0,0,28,23,14,20,4,3,FALSE,0,FALSE
3.5592582,0.173,0.179,0,0,25.633,18,16,0,4000000,82,83,62,62,93,93,94,94,19.961,19.961,22.181,22.181,266.102,0,0,0,0,0,4,1,0,0,0,28,23,14,20,4,3,FALSE,0,FALSE
4.0567536,0.22,0.225,0,0,25.622,18,16,0,4000000,84,84,63,63,93,93,94,94,19.954,19.955,22.167,22.167,282.593,0,0,0,0,0,3,1,0,0,0,28,23,14,20,4,3,FALSE,0,FALSE
4.5547295,0.268,0.271,0,0,25.61,18,16,0,3999786.2,81,81,63,64,93,93,94,94,19.948,19.949,22.153,22.153,302.099,0,0,0,0,984,3,1,0,0,0,28,23,14,20,4,3,FALSE,0,FALSE
5.0561795,0.29,0.295,0,0.001,25.597,18,16,0,3996008.5,73,73,64,64,93,93,94,94,19.939,19.94,22.139,22.139,324.412,0,0,0,550,984,3,1,0,0,0,28,23,14,20,4,3,FALSE,0,FALSE
5.557974,0.308,0.312,0.001,0.002,25.583,18,16,0,3990807.8,70,70,65,64,93,93,93,93,19.927,19.928,22.126,22.126,349.505,0,0,0,550,984,3,1,0,0,0,28,23,14,20,4,3,FALSE,0,FALSE
6.0565767,0.323,0.327,0.002,0.002,25.57,18,16,0,3990049.5,68,69,65,65,92,92,93,93,19.914,19.915,22.113,22.113,376.892,0,0,0,283,583,3,1,0,0,0,28,23,14,20,4,3,FALSE,0,FALSE
6.555154,0.335,0.34,0.002,0.002,25.556,18,16,0,3982770,68,68,65,65,92,92,93,93,19.901,19.901,22.1,22.1,406.466,0,0,0,283,583,3,1,0,0,0,28,23,14,20,4,3,FALSE,0,FALSE
7.0560746,0.347,0.351,0.002,0.002,25.544,18,16,0,3980088,67,67,65,65,92,92,93,93,19.887,19.888,22.088,22.088,437.827,0,0,0,183,433,3,1,0,0,0,28,23,14,20,4,3,FALSE,0,FALSE
7.556047,0.357,0.363,0.003,0.003,25.53,18,16,0,3971460.8,67,68,65,66,92,92,92,92,19.874,19.875,22.075,22.076,470.855,0,0,0,183,383,3,1,0,0,0,28,23,14,20,4,3,FALSE,0,FALSE
8.055944,0.367,0.374,0.003,0.003,25.516,18,16,0,3962820.8,67,68,66,66,91,91,92,92,19.86,19.861,22.063,22.063,505.436,0,0,0,150,383,3,1,0,0,0,28,23,14,20,4,3,FALSE,0,FALSE
8.558809,0.377,0.384,0.003,0.003,25.503,18,16,0,3959633.8,67,68,66,66,91,91,92,92,19.847,19.848,22.051,22.051,541.274,0,0,0,117,350,3,1,0,0,0,28,23,14,20,4,3,FALSE,0,FALSE
9.055819,0.386,0.394,0.003,0.003,25.489,18,16,0,3950993.8,68,68,67,67,91,91,92,92,19.834,19.835,22.039,22.039,578.205,0,0,0,117,350,3,1,0,0,0,28,23,14,20,4,3,FALSE,0,FALSE
9.5583105,0.404,0.41,0.02,0.022,25.479,18,16,0,3958907.5,69,70,71,71,91,91,92,92,19.823,19.824,22.03,22.03,615.403,0,0,0,117,350,3,1,0,0,0,28,23,14,20,4,3,FALSE,0,FALSE
10.054254,0.429,0.432,0.041,0.045,25.477,18,16,0,3989073.2,68,69,70,69,91,91,92,92,19.819,19.821,22.031,22.031,645.811,0,0,0,117,350,4,1,0,0,0,28,23,14,20,4,3,FALSE,0,FALSE
10.553575,0.441,0.444,0.046,0.05,25.476,18,16,0,4000000,67,67,67,67,91,91,92,92,19.819,19.821,22.034,22.034,670.135,0,0,0,65453,350,4,1,0,0,0,28,23,14,20,4,3,FALSE,0,FALSE
11.052306,0.445,0.448,0.048,0.052,25.475,18,16,0,4000000,65,65,66,66,91,91,92,92,19.82,19.821,22.038,22.038,690.237,0,0,0,65453,450,4,1,0,0,0,28,23,14,20,4,3,FALSE,0,FALSE
11.554116,0.452,0.454,0.052,0.056,25.475,18,16,0,4000000,65,65,66,66,91,91,92,92,19.821,19.823,22.041,22.041,706.65,0,0,0,16,450,4,1,0,0,0,28,23,14,20,4,3,FALSE,0,FALSE
12.057789,0.46,0.463,0.056,0.061,25.475,18,16,0,4000000,66,66,66,66,91,91,92,92,19.824,19.825,22.045,22.045,718.783,0,0,0,16,450,4,1,0,0,0,28,23,14,20,4,3,FALSE,0,FALSE
12.558014,0.466,0.468,0.062,0.067,25.475,18,16,0,4000000,66,65,67,66,91,91,92,92,19.827,19.828,22.05,22.049,726.954,0,0,0,16,450,4,1,0,0,0,28,23,14,20,4,3,FALSE,0,FALSE
13.055706,0.472,0.475,0.067,0.071,25.474,18,16,0,4000000,67,66,67,65,91,91,92,92,19.83,19.831,22.054,22.053,733.721,0,0,0,16,683,4,1,0,0,0,28,23,14,20,4,3,FALSE,0,FALSE
13.558723,0.479,0.482,0.08,0.08,25.471,18,16,0,4000000,67,67,71,66,91,91,92,92,19.833,19.833,22.059,22.057,745.003,0,0,0,16,683,5,1,0,0,0,28,23,14,20,4,3,FALSE,0,FALSE
14.058972,0.49,0.494,0.092,0.087,25.467,18,16,0,4000000,69,68,73,66,91,91,92,92,19.836,19.837,22.065,22.06,758.745,0,0,0,65336,683,5,1,0,0,0,28,23,14,20,4,3,FALSE,0,FALSE
14.555106,0.509,0.51,0.107,0.098,25.462,18,16,0,4000000,72,71,73,68,91,91,92,92,19.841,19.841,22.071,22.064,769.242,0,0,0,65336,683,4,1,0,0,0,28,23,14,20,4,3,FALSE,0,FALSE
15.058645,0.522,0.528,0.108,0.1,25.455,18,16,0,4000000,72,72,69,66,91,91,92,92,19.847,19.845,22.076,22.067,781.393,0,0,0,65336,1183,4,1,0,0,0,28,23,14,20,4,3,FALSE,0,FALSE
15.557985,0.539,0.552,0.109,0.101,25.446,18,16,0,3999974.8,72,73,67,65,91,91,93,92,19.852,19.851,22.08,22.069,796.098,0,0,0,65336,1183,4,1,0,0,0,28,23,14,20,4,3,FALSE,0,FALSE
16.058372,0.552,0.566,0.112,0.104,25.437,18,16,0,3999948.5,71,71,65,66,91,91,93,92,19.856,19.856,22.082,22.071,813.455,0,0,0,733,1183,4,1,0,0,0,28,23,14,20,4,3,FALSE,0,FALSE
16.55531,0.569,0.585,0.127,0.121,25.427,18,16,0,3999938.2,70,72,68,71,91,91,93,92,19.86,19.86,22.083,22.073,832.739,0,0,0,733,1034,4,1,0,0,0,28,23,14,20,4,3,FALSE,0,FALSE
17.058737,0.589,0.613,0.154,0.151,25.42,18,16,0,3999940.8,70,75,72,75,91,91,93,92,19.863,19.864,22.086,22.077,858.566,0,0,0,367,1034,4,1,0,0,0,28,23,14,20,4,3,FALSE,0,FALSE
17.556711,0.614,0.649,0.186,0.188,25.413,18,16,0,3999930.8,70,77,73,77,92,92,93,93,19.866,19.87,22.089,22.082,878.594,0,0,0,367,1050,4,1,0,0,0,28,23,14,20,4,3,FALSE,0,FALSE
18.058527,0.645,0.687,0.205,0.208,25.402,18,16,0,3998512.5,73,77,70,73,92,92,93,93,19.869,19.876,22.092,22.087,900.521,0,0,0,367,1050,4,1,0,0,0,28,23,14,20,4,3,FALSE,0,FALSE
18.55705,0.664,0.707,0.207,0.21,25.388,18,16,0,3993565.5,71,71,66,68,92,92,93,93,19.872,19.88,22.093,22.088,925.192,0,0,0,283,1050,4,1,0,0,0,28,23,14,20,4,3,FALSE,0,FALSE
19.058598,0.689,0.733,0.215,0.216,25.376,18,16,0,3992967.5,72,70,67,66,92,92,93,93,19.875,19.882,22.092,22.088,953.156,0,0,0,283,1150,4,1,0,0,0,28,23,14,20,4,3,FALSE,0,FALSE
19.558104,0.719,0.758,0.229,0.23,25.362,18,16,0,3986087.5,72,70,69,68,92,92,93,93,19.877,19.884,22.092,22.087,983.163,0,0,0,234,1150,4,1,0,0,0,28,23,14,20,4,3,FALSE,0,FALSE
20.056047,0.744,0.779,0.24,0.242,25.349,18,16,0,3983699.5,70,68,68,67,92,92,93,93,19.879,19.884,22.091,22.085,1013.28,0,0,0,234,1217,4,1,0,0,0,28,23,14,20,4,3,FALSE,0,FALSE
20.555681,0.76,0.791,0.243,0.245,25.336,18,16,0,3975306.5,69,67,67,66,92,92,93,93,19.88,19.884,22.089,22.083,1045.214,0,0,0,217,1267,4,1,0,0,0,28,23,14,20,4,3,FALSE,0,FALSE
21.057856,0.773,0.803,0.244,0.247,25.322,18,16,0,3966666.5,68,67,66,65,92,92,93,93,19.879,19.883,22.086,22.08,1078.797,0,0,0,200,1267,4,1,0,0,0,28,23,14,20,4,3,FALSE,0,FALSE
21.555616,0.783,0.813,0.245,0.248,25.309,18,16,0,3963392.2,67,67,66,66,92,92,93,92,19.878,19.882,22.083,22.076,1113.798,0,0,0,200,1317,4,1,0,0,0,28,23,14,20,4,3,FALSE,0,FALSE
22.054405,0.792,0.823,0.245,0.248,25.295,18,16,0,3954752.2,67,68,66,66,92,92,93,92,19.877,19.88,22.079,22.072,1149.928,0,0,0,184,1350,4,1,0,0,0,28,23,14,20,4,3,FALSE,0,FALSE
22.556969,0.801,0.832,0.245,0.248,25.282,18,16,0,3946112.2,68,68,66,66,92,92,92,92,19.875,19.878,22.074,22.068,1187.2,0,0,0,183,1350,4,1,0,0,0,28,23,14,20,4,3,FALSE,0,FALSE
23.056032,0.81,0.842,0.245,0.248,25.268,18,16,0,3937472.2,68,68,66,66,92,92,92,92,19.873,19.876,22.07,22.064,1225.522,0,0,0,183,1350,4,1,0,0,0,28,23,14,20,4,3,FALSE,0,FALSE
23.556316,0.819,0.851,0.245,0.248,25.254,18,16,0,3928832.2,68,68,66,67,92,92,92,92,19.871,19.874,22.065,22.058,1264.777,0,0,0,200,1400,4,1,0,0,0,28,23,14,20,4,3,FALSE,0,FALSE
24.054848,0.827,0.861,0.246,0.248,25.241,18,16,0,3925560.5,68,68,67,67,92,92,92,92,19.868,19.871,22.059,22.053,1304.823,0,0,0,217,1417,4,1,0,0,0,28,23,14,20,4,3,FALSE,0,FALSE
24.556044,0.835,0.869,0.246,0.248,25.227,18,16,0,3916920.5,68,68,67,67,92,92,92,92,19.865,19.868,22.053,22.047,1345.435,0,0,0,233,1450,4,1,0,0,0,28,23,14,20,4,3,FALSE,0,FALSE
25.056795,0.843,0.877,0.246,0.248,25.214,18,16,0,3908280.5,68,68,67,67,91,92,92,92,19.862,19.865,22.047,22.041,1386.68,0,0,0,233,1450,4,1,0,0,0,28,23,14,20,4,3,FALSE,0,FALSE
25.553585,0.866,0.898,0.277,0.274,25.205,18,16,0,3923967,70,70,73,72,91,91,92,92,19.86,19.864,22.044,22.038,1426.875,0,0,0,0,1450,5,1,0,0,0,28,23,14,20,4,3,FALSE,0,FALSE
26.059982,0.903,0.937,0.334,0.308,25.204,18,16,0,3954546.5,70,72,77,71,91,92,92,92,19.864,19.867,22.051,22.044,1458.863,0,0,0,0,1484,5,1,0,0,0,28,23,14,20,4,3,FALSE,0,FALSE
26.556343,0.92,0.955,0.343,0.319,25.203,18,16,0,3980017,69,68,70,69,92,92,92,92,19.869,19.873,22.058,22.05,1484.252,0,0,0,0,1484,5,1,0,0,0,28,23,14,20,4,3,FALSE,0,FALSE
27.059582,0.94,0.97,0.367,0.34,25.203,18,16,0,4000000,71,68,74,71,92,92,92,92,19.875,19.878,22.065,22.056,1504.87,0,0,0,300,1550,4,1,0,0,0,28,23,14,20,4,3,FALSE,0,FALSE
27.55968,0.97,0.991,0.417,0.38,25.203,18,16,0,4000000,75,70,83,77,92,92,92,92,19.883,19.883,22.075,22.064,1521.393,0,0,0,300,1550,4,1,0,0,0,28,23,14,20,4,3,FALSE,0,FALSE
28.055191,1,1.011,0.464,0.422,25.2,18,16,0,3999989.5,76,70,86,80,92,92,93,92,19.893,19.889,22.087,22.074,1544.297,0,0,0,300,1550,4,1,0,0,0,28,23,14,20,4,3,FALSE,0,FALSE
28.554537,1.02,1.025,0.508,0.453,25.196,18,16,0,3999988,75,70,87,79,92,92,93,93,19.901,19.895,22.099,22.084,1565.211,0,0,0,283,1617,4,1,0,0,0,28,23,14,20,4,3,FALSE,0,FALSE
29.056423,1.045,1.044,0.558,0.489,25.192,18,16,0,3999985.8,76,70,89,79,92,92,93,93,19.909,19.901,22.112,22.092,1581.349,0,0,0,283,1617,4,1,0,0,0,28,23,14,20,4,3,FALSE,0,FALSE
29.557129,1.076,1.068,0.594,0.515,25.187,18,16,0,3999975.2,78,72,85,77,92,92,93,93,19.918,19.906,22.123,22.1,1597.166,0,0,0,283,1617,4,1,0,0,0,28,23,14,20,4,3,FALSE,0,FALSE
30.056906,1.098,1.089,0.602,0.523,25.178,18,16,0,3998953.2,75,72,75,70,93,92,93,93,19.926,19.912,22.131,22.106,1613.868,0,0,0,383,1716,4,1,0,0,0,28,23,14,20,4,3,FALSE,0,FALSE
30.55513,1.116,1.108,0.604,0.526,25.167,18,16,0,3996176.2,72,70,69,67,93,92,93,93,19.932,19.917,22.135,22.109,1633.941,0,0,0,383,1716,4,1,0,0,0,28,23,14,20,4,3,FALSE,0,FALSE
31.056105,1.141,1.133,0.605,0.527,25.153,18,16,0,3992801,73,72,66,65,93,93,93,93,19.937,19.922,22.137,22.11,1656.468,0,0,0,433,1783,4,1,0,0,0,28,23,14,20,4,3,FALSE,0,FALSE
31.558107,1.166,1.158,0.605,0.527,25.14,18,16,0,3987668.2,70,70,65,64,93,93,93,93,19.942,19.927,22.138,22.111,1681.7,0,0,0,433,1783,4,1,0,0,0,28,23,14,20,4,3,FALSE,0,FALSE
32.053474,1.181,1.173,0.605,0.527,25.127,18,16,0,3987282.5,68,69,65,65,93,93,93,93,19.945,19.93,22.137,22.11,1709.662,0,0,0,466,1783,4,1,0,0,0,28,23,14,20,4,3,FALSE,0,FALSE
32.557793,1.195,1.19,0.611,0.532,25.113,18,16,0,3979971.5,68,70,66,67,93,93,93,93,19.947,19.933,22.137,22.11,1739.104,0,0,0,466,1816,4,1,0,0,0,28,23,14,20,4,3,FALSE,0,FALSE
33.054703,1.216,1.216,0.627,0.548,25.1,18,16,0,3977369.2,69,71,68,70,93,93,93,93,19.949,19.936,22.136,22.11,1770.481,0,0,0,466,1833,4,1,0,0,0,28,23,14,20,4,3,FALSE,0,FALSE
33.556183,1.252,1.261,0.662,0.583,25.086,18,16,0,3968754.2,71,74,71,73,93,93,93,93,19.951,19.939,22.136,22.111,1803.492,0,0,0,500,1833,4,1,0,0,0,28,23,14,20,4,3,FALSE,0,FALSE
34.056553,1.271,1.286,0.674,0.594,25.073,18,16,0,3963159.2,68,70,68,68,93,93,93,93,19.953,19.943,22.135,22.111,1838.813,0,33549,0,500,1883,4,1,0,0,0,28,23,14,20,4,3,FALSE,0,FALSE
34.556206,1.317,1.322,0.742,0.655,25.073,18,16,0,3995376.8,77,73,84,79,93,93,93,93,19.956,19.945,22.138,22.113,1870.554,0,33549,0,533,1883,4,1,0,0,0,28,23,14,20,4,3,FALSE,0,FALSE
35.05463,1.403,1.39,0.889,0.775,25.072,18,16,0,4000000,84,78,101,91,93,93,94,93,19.966,19.953,22.15,22.122,1897.442,0,33549,0,533,1916,4,1,0,0,0,28,23,14,20,4,3,FALSE,0,FALSE
35.55686,1.449,1.424,1,0.861,25.067,18,16,0,4000000,80,75,100,89,94,93,94,93,19.975,19.959,22.165,22.133,1923.017,0,33549,0,550,1916,4,1,0,0,0,28,23,14,20,4,3,FALSE,0,FALSE
36.054188,1.505,1.466,1.066,0.915,25.059,18,16,0,4000000,81,75,90,81,94,93,94,94,19.984,19.965,22.177,22.142,1947.936,0,33549,0,550,1933,4,1,0,0,0,28,23,14,20,4,3,FALSE,0,FALSE
36.555668,1.548,1.503,1.088,0.933,25.047,18,16,0,3996934.8,76,73,74,71,94,93,94,94,19.992,19.971,22.184,22.146,1972.578,0,33549,0,684,2084,4,1,0,0,0,28,23,14,20,4,3,FALSE,0,FALSE
37.05809,1.581,1.541,1.119,0.971,25.036,18,16,0,4000000,73,75,73,77,94,94,94,94,19.997,19.975,22.186,22.148,1999.317,0,33549,0,684,2084,4,1,0,0,0,28,23,14,20,4,3,FALSE,0,FALSE
37.557117,1.623,1.593,1.168,1.033,25.026,18,16,0,3999953.2,73,77,75,81,94,94,94,94,20.001,19.981,22.188,22.153,2028.352,0,33549,0,767,2200,4,1,0,0,0,28,23,14,20,4,3,FALSE,0,FALSE
38.05657,1.672,1.649,1.208,1.08,25.012,18,16,0,3993793.5,75,78,73,78,94,94,94,94,20.005,19.987,22.189,22.157,2058.529,0,33549,0,850,2200,4,1,0,0,0,28,23,14,20,4,3,FALSE,0,FALSE
38.554714,1.711,1.698,1.244,1.12,24.998,18,16,0,3986160.8,73,77,72,76,94,94,94,94,20.008,19.992,22.19,22.16,2088.355,0,33549,0,850,2300,4,1,0,0,0,28,23,14,20,4,3,FALSE,0,FALSE
39.05652,1.74,1.734,1.266,1.142,24.985,18,16,0,3983402.2,70,72,69,71,94,94,94,94,20.01,19.995,22.189,22.16,2119.956,0,33549,0,850,2300,4,1,0,0,0,28,23,14,20,4,3,FALSE,0,FALSE
39.55671,1.757,1.757,1.275,1.15,24.972,18,16,0,3974762.5,69,71,69,69,94,94,94,94,20.01,19.997,22.186,22.158,2153.093,0,33549,0,850,2300,4,1,0,0,0,28,23,14,20,4,3,FALSE,0,FALSE
40.054657,1.774,1.775,1.293,1.167,24.962,18,16,0,3982275.2,70,71,72,72,94,94,94,94,20.01,19.998,22.184,22.156,2186.698,0,33549,0,916,2416,4,1,0,0,0,28,23,14,20,4,3,FALSE,0,FALSE
40.551193,1.796,1.798,1.318,1.192,24.961,18,16,0,4000000,69,69,72,72,94,94,94,94,20.014,20.002,22.189,22.161,2213.588,0,33549,0,916,2416,4,1,0,0,0,28,23,14,20,4,3,FALSE,0,FALSE
41.05465,1.808,1.809,1.329,1.203,24.96,18,16,0,4000000,69,67,71,70,94,94,94,94,20.017,20.005,22.194,22.166,2234.732,0,33549,0,916,2416,4,1,0,0,0,28,23,14,20,4,3,FALSE,0,FALSE
41.55501,1.834,1.828,1.373,1.238,24.96,18,16,0,4000000,73,70,82,76,94,94,95,94,20.023,20.01,22.202,22.173,2251.639,0,33549,0,916,2416,4,1,0,0,0,28,23,14,20,4,3,FALSE,0,FALSE
42.057625,1.857,1.846,1.433,1.281,24.96,18,16,0,4000000,75,70,92,81,95,94,95,94,20.03,20.015,22.214,22.182,2264.593,0,33549,0,934,2467,4,1,0,0,0,28,23,14,20,4,3,FALSE,0,FALSE
42.555347,1.87,1.856,1.493,1.32,24.959,18,16,0,4000000,73,69,99,85,95,94,95,94,20.037,20.02,22.229,22.192,2278.723,0,33549,0,934,2467,4,1,0,0,0,28,23,14,20,4,3,FALSE,0,FALSE
43.0545,1.887,1.868,1.531,1.35,24.957,18,16,0,4000000,75,70,97,84,95,94,95,95,20.044,20.024,22.245,22.203,2294.155,0,33549,0,934,2467,4,1,0,0,0,28,23,14,20,4,3,FALSE,0,FALSE
43.55655,1.905,1.882,1.547,1.363,24.952,18,16,0,4000000,75,70,88,79,95,95,95,95,20.051,20.029,22.258,22.212,2306.389,0,33549,0,767,2417,4,1,0,0,0,28,23,14,20,4,3,FALSE,0,FALSE
44.05133,1.92,1.897,1.553,1.368,24.945,18,16,0,4000000,74,71,79,73,95,95,96,95,20.057,20.034,22.267,22.218,2318.986,0,33549,0,767,2417,4,1,0,0,0,28,23,14,20,4,3,FALSE,0,FALSE
44.555843,1.941,1.921,1.558,1.373,24.936,18,16,0,4000000,75,74,73,69,95,95,96,95,20.063,20.039,22.273,22.222,2333.531,0,33549,0,767,2484,4,1,0,0,0,28,23,14,20,4,3,FALSE,0,FALSE
45.05388,1.977,1.961,1.561,1.376,24.924,18,16,0,4000000,78,77,69,66,95,95,96,95,20.071,20.046,22.276,22.224,2350.69,0,33549,0,817,2484,4,1,0,0,0,28,23,14,20,4,3,FALSE,0,FALSE
45.55496,2.006,1.992,1.561,1.376,24.912,18,16,0,3999079.2,76,76,66,65,95,95,96,95,20.077,20.053,22.277,22.224,2371.13,0,33549,0,817,2484,4,1,0,0,0,28,23,14,20,4,3,FALSE,0,FALSE
46.05594,2.024,2.012,1.561,1.376,24.899,18,16,0,3992921,72,71,65,66,95,95,96,95,20.082,20.057,22.277,22.224,2394.322,0,33549,0,767,2484,4,1,0,0,0,28,23,14,20,4,3,FALSE,0,FALSE
46.555523,2.043,2.033,1.561,1.377,24.886,18,16,0,3967078,71,70,65,66,96,95,96,95,20.085,20.06,22.276,22.224,2420.173,0,33549,0,767,2450,4,1,0,0,0,28,23,14,20,4,3,FALSE,0,FALSE
47.051826,2.058,2.047,1.562,1.378,24.872,18,16,0,3960503.8,69,68,66,66,96,95,96,95,20.087,20.062,22.275,22.223,2448.128,0,33549,0,766,2450,4,1,0,0,0,28,23,14,20,4,3,FALSE,0,FALSE
47.555832,2.07,2.059,1.562,1.378,24.859,18,16,0,3958339.5,68,68,66,66,96,95,96,95,20.088,20.063,22.273,22.222,2477.989,0,33549,0,766,2450,4,1,0,0,0,28,23,14,20,4,3,FALSE,0,FALSE
48.051403,2.08,2.071,1.562,1.378,24.846,18,16,0,3950127.2,68,68,66,66,96,95,96,95,20.089,20.064,22.271,22.22,2509.442,0,33549,0,750,2450,4,1,0,0,0,28,23,14,20,4,3,FALSE,0,FALSE
48.55725,2.091,2.083,1.564,1.379,24.832,18,16,0,3941489.5,68,68,67,67,96,95,96,95,20.088,20.064,22.268,22.217,2542.52,0,33549,0,750,2450,4,1,0,0,0,28,23,14,20,4,3,FALSE,0,FALSE
49.055702,2.114,2.113,1.586,1.401,24.818,18,16,0,3932849.5,70,73,70,72,96,95,96,95,20.088,20.064,22.265,22.215,2577.019,0,33549,0,750,2467,4,1,0,0,0,28,23,14,20,4,3,FALSE,0,FALSE
49.55679,2.145,2.153,1.62,1.434,24.805,18,16,0,3929579.8,70,73,71,73,96,95,96,95,20.088,20.066,22.263,22.215,2611.9,0,33549,0,767,2467,4,1,0,0,0,28,23,14,20,4,3,FALSE,0,FALSE
50.056572,2.175,2.192,1.659,1.472,24.8,18,16,0,3951423.2,71,74,73,76,96,95,96,95,20.09,20.069,22.263,22.216,2647.045,0,33549,0,767,2467,4,1,0,0,0,28,23,14,20,4,3,FALSE,0,FALSE
50.553867,2.2,2.225,1.688,1.499,24.798,18,16,0,3978124.2,70,73,73,75,96,95,96,95,20.093,20.074,22.267,22.221,2676.083,0,33549,0,850,2516,4,1,0,0,0,28,23,14,20,4,3,FALSE,0,FALSE
51.057568,2.214,2.244,1.704,1.515,24.797,18,16,0,4000000,68,71,71,73,96,95,96,95,20.096,20.079,22.271,22.227,2698.189,0,33549,0,850,2516,4,1,0,0,0,28,23,14,20,4,3,FALSE,0,FALSE
51.55343,2.234,2.268,1.732,1.547,24.797,18,16,0,4000000,71,73,74,79,96,96,96,95,20.1,20.084,22.276,22.233,2716.181,0,33549,0,850,2516,4,1,0,0,0,28,23,14,20,4,3,FALSE,0,FALSE
52.05399,2.255,2.299,1.776,1.597,24.797,18,16,0,4000000,72,78,82,88,96,96,96,95,20.105,20.092,22.284,22.243,2730.525,0,33549,0,850,2516,4,1,0,0,0,28,23,14,20,4,3,FALSE,0,FALSE
52.557343,2.267,2.314,1.811,1.649,24.797,18,16,0,4000000,71,75,84,95,96,96,96,95,20.11,20.1,22.293,22.256,2740.946,0,33549,0,850,2550,4,1,0,0,0,28,23,14,20,4,3,FALSE,0,FALSE
53.057537,2.276,2.324,1.833,1.683,24.795,18,16,0,4000000,70,73,83,95,96,96,96,96,20.115,20.106,22.303,22.271,2757.811,0,33549,0,850,2550,4,1,0,0,0,28,23,14,20,4,3,FALSE,0,FALSE
53.55434,2.292,2.343,1.844,1.698,24.79,18,16,0,4000000,72,76,78,87,96,96,96,96,20.12,20.113,22.311,22.284,2770.224,0,33549,0,850,2550,4,1,0,0,0,28,23,14,20,4,3,FALSE,0,FALSE
54.05412,2.308,2.358,1.847,1.701,24.784,18,16,0,4000000,72,74,72,78,96,96,96,96,20.125,20.119,22.316,22.293,2781.694,0,33549,0,850,2650,4,1,0,0,0,28,23,14,20,4,3,FALSE,0,FALSE
54.555992,2.322,2.37,1.848,1.702,24.775,18,16,0,3999978.8,72,72,68,72,96,96,96,96,20.129,20.125,22.319,22.298,2795.979,0,33549,0,867,2650,4,1,0,0,0,28,23,14,20,4,3,FALSE,0,FALSE
55.05557,2.346,2.393,1.849,1.702,24.764,18,16,0,3999936,74,74,66,68,96,96,97,96,20.134,20.13,22.32,22.3,2812.985,0,33549,0,867,2650,4,1,0,0,0,28,23,14,20,4,3,FALSE,0,FALSE
55.55363,2.386,2.429,1.849,1.702,24.751,18,16,0,3995080.8,77,77,65,66,97,96,97,96,20.14,20.136,22.32,22.301,2832.925,0,33549,0,800,2634,4,1,0,0,0,28,23,14,20,4,3,FALSE,0,FALSE
56.05429,2.412,2.455,1.849,1.702,24.738,18,16,0,3967102.2,74,74,65,65,97,97,97,96,20.145,20.141,22.319,22.301,2855.823,0,33549,0,800,2634,4,1,0,0,0,28,23,14,20,4,3,FALSE,0,FALSE
56.558014,2.432,2.475,1.849,1.702,24.725,18,16,0,3935673,71,71,66,66,97,97,96,96,20.149,20.145,22.318,22.3,2881.51,0,33549,0,733,2617,4,1,0,0,0,28,23,14,20,4,3,FALSE,0,FALSE
57.055573,2.449,2.492,1.849,1.702,24.711,18,16,0,3891088.8,70,70,66,66,97,97,96,96,20.151,20.147,22.317,22.299,2909.695,0,33549,0,733,2617,4,1,0,0,0,28,23,14,20,4,3,FALSE,0,FALSE
57.555264,2.464,2.508,1.849,1.702,24.699,18,16,0,3845006.5,69,69,66,67,97,97,96,96,20.152,20.148,22.315,22.297,2940.046,0,33549,0,700,2617,4,1,0,0,0,28,23,14,20,4,3,FALSE,0,FALSE
58.0511,2.478,2.523,1.85,1.702,24.685,18,16,0,3788155,69,69,67,67,97,97,96,96,20.153,20.149,22.313,22.295,2972.545,0,33549,0,700,2584,4,1,0,0,0,28,23,14,20,4,3,FALSE,0,FALSE
58.552376,2.491,2.537,1.85,1.702,24.672,18,16,0,3735960.8,69,69,67,67,97,97,96,96,20.153,20.15,22.31,22.292,3006.965,0,33549,0,684,2584,4,1,0,0,0,28,23,14,20,4,3,FALSE,0,FALSE
59.051483,2.504,2.549,1.85,1.702,24.659,18,16,0,3678345.8,69,69,67,67,97,97,96,96,20.153,20.15,22.307,22.289,3042.823,0,33549,0,666,2584,4,1,0,0,0,28,23,14,20,4,3,FALSE,0,FALSE
59.55637,2.516,2.561,1.85,1.702,24.645,18,16,0,3620730.8,69,69,68,67,97,97,96,96,20.152,20.149,22.303,22.286,3080.133,0,33549,0,666,2550,4,1,0,0,0,28,23,14,20,4,3,FALSE,0,FALSE
60.055653,2.528,2.573,1.85,1.702,24.631,18,16,0,3563115.8,70,70,68,69,97,97,96,96,20.151,20.148,22.299,22.282,3118.747,0,33549,0,667,2534,4,1,0,0,0,28,23,14,20,4,3,FALSE,0,FALSE
60.553753,2.539,2.584,1.85,1.702,24.618,18,16,0,3510892.2,69,69,68,68,97,97,96,96,20.15,20.147,22.294,22.277,3158.435,0,33549,0,667,2500,4,1,0,0,0,28,23,14,20,4,3,FALSE,0,FALSE
61.057873,2.547,2.592,1.85,1.702,24.605,18,16,0,3497354.8,69,69,68,68,97,97,96,96,20.148,20.145,22.289,22.272,3198.839,0,33549,0,667,2500,4,1,0,0,0,28,23,14,20,4,3,FALSE,0,FALSE
61.557415,2.557,2.6,1.85,1.703,24.591,18,16,0,3488714.8,70,69,68,68,97,97,96,96,20.145,20.142,22.283,22.267,3239.799,0,33549,0,667,2466,4,1,0,0,0,28,23,14,20,4,3,FALSE,0,FALSE
62.05615,2.566,2.608,1.85,1.704,24.577,18,16,0,3480074.8,69,69,68,68,97,97,96,96,20.143,20.139,22.277,22.261,3281.256,0,33549,0,666,2466,4,1,0,0,0,28,23,14,20,4,3,FALSE,0,FALSE
62.554073,2.574,2.616,1.851,1.704,24.563,18,16,0,3471434.8,69,69,68,68,97,96,96,95,20.14,20.136,22.271,22.254,3323.166,0,33549,0,683,2433,4,1,0,0,0,28,23,14,20,4,3,FALSE,0,FALSE
63.04946,2.587,2.629,1.866,1.719,24.551,18,16,0,3475665.8,70,70,72,72,96,96,96,95,20.137,20.133,22.265,22.249,3364.948,0,33549,0,683,2433,4,1,0,0,0,28,23,14,20,4,3,FALSE,0,FALSE
63.553253,2.618,2.66,1.906,1.759,24.55,18,16,0,3507837,71,71,75,75,97,96,96,95,20.138,20.135,22.269,22.253,3399.632,0,33549,0,683,2400,4,1,0,0,0,28,23,14,20,4,3,FALSE,0,FALSE
64.05176,2.639,2.69,1.943,1.796,24.549,18,16,0,3534813.5,69,74,76,78,97,97,96,96,20.141,20.139,22.276,22.26,3426.959,0,33549,0,683,2400,4,1,0,0,0,28,23,14,20,4,3,FALSE,0,FALSE
64.55249,2.675,2.739,2,1.87,24.549,18,16,0,3552139.5,73,79,80,88,97,97,96,96,20.145,20.146,22.284,22.27,3450.075,0,33549,0,717,2400,4,1,0,0,0,28,23,14,20,4,3,FALSE,0,FALSE
65.052376,2.705,2.79,2.068,1.945,24.548,18,16,0,3559513.8,72,83,86,91,97,97,96,96,20.15,20.154,22.292,22.282,3476.303,0,33549,0,717,2450,4,1,0,0,0,28,23,14,20,4,3,FALSE,0,FALSE
65.55619,2.742,2.832,2.126,2.033,24.543,18,16,0,3565492.5,75,81,85,95,97,97,96,96,20.155,20.163,22.301,22.296,3500.305,0,33549,0,700,2450,4,1,0,0,0,28,23,14,20,4,3,FALSE,0,FALSE
66.05561,2.774,2.873,2.167,2.084,24.535,18,16,0,3570963.5,74,80,80,88,97,97,96,96,20.16,20.171,22.309,22.308,3521.718,0,33549,0,700,2433,4,1,0,0,0,28,23,14,20,4,3,FALSE,0,FALSE
66.55428,2.806,2.913,2.197,2.119,24.526,18,16,0,3572239.2,74,79,76,81,97,97,96,96,20.164,20.177,22.314,22.316,3543.635,0,33549,0,700,2466,4,1,0,0,0,28,23,14,20,4,3,FALSE,0,FALSE
67.055176,2.839,2.952,2.222,2.145,24.514,18,16,0,3567518.5,74,78,73,77,97,97,96,97,20.167,20.183,22.318,22.321,3566.995,0,33549,0,700,2466,4,1,0,0,0,28,23,14,20,4,3,FALSE,0,FALSE
67.554306,2.877,2.996,2.25,2.175,24.501,18,16,0,3546644.5,75,80,74,77,97,97,97,97,20.171,20.189,22.32,22.325,3592.161,0,33549,0,733,2533,4,1,0,0,0,28,23,14,20,4,3,FALSE,0,FALSE
68.048004,2.932,3.058,2.285,2.211,24.487,18,16,0,3503357.2,77,81,74,77,97,98,97,97,20.175,20.195,22.322,22.328,3619.618,0,33549,0,733,2533,4,1,0,0,0,28,23,14,20,4,3,FALSE,0,FALSE
68.55191,2.972,3.104,2.312,2.238,24.473,18,16,0,3453829.2,74,78,72,74,97,98,97,97,20.178,20.2,22.323,22.33,3649.454,0,33549,0,733,2533,4,1,0,0,0,28,23,14,20,4,3,FALSE,0,FALSE
69.058075,3,3.14,2.335,2.259,24.461,18,16,0,3439254.5,71,75,71,72,97,98,97,97,20.179,20.203,22.323,22.331,3681.572,0,33549,0,733,2567,4,1,0,0,0,28,23,14,20,4,3,FALSE,0,FALSE
69.55578,3.014,3.156,2.338,2.262,24.447,18,16,0,3430635.5,69,70,68,67,97,98,97,97,20.179,20.204,22.321,22.329,3715.057,0,33549,0,734,2567,4,1,0,0,0,28,23,14,20,4,3,FALSE,0,FALSE
70.05486,3.054,3.188,2.376,2.298,24.433,18,16,0,3421995.5,76,73,77,73,97,98,97,97,20.178,20.203,22.32,22.327,3749.117,0,33549,0,750,2567,4,1,0,0,0,28,23,14,20,4,3,FALSE,0,FALSE
70.55608,3.11,3.233,2.432,2.351,24.419,18,16,0,3413355.5,77,74,79,76,97,98,97,97,20.181,20.204,22.321,22.326,3783.654,0,33549,0,750,2600,4,1,0,0,0,28,23,14,20,4,3,FALSE,0,FALSE
71.05504,3.19,3.299,2.515,2.429,24.407,18,16,0,3410123,81,76,82,78,97,98,97,97,20.185,20.205,22.323,22.326,3819.905,0,33549,0,750,2600,4,1,0,0,0,28,23,14,20,4,3,FALSE,0,FALSE
71.55693,3.261,3.357,2.605,2.512,24.393,18,16,0,3401483,81,77,85,81,97,98,97,97,20.188,20.206,22.325,22.326,3857.22,0,33549,0,750,2600,4,1,0,0,0,28,23,14,20,4,3,FALSE,0,FALSE
72.05324,3.359,3.439,2.738,2.629,24.379,18,16,0,3392843,84,79,92,85,98,98,97,97,20.191,20.207,22.328,22.328,3894.492,0,33549,0,734,2583,4,1,0,0,0,28,23,14,20,4,3,FALSE,0,FALSE
72.55564,3.465,3.528,2.894,2.765,24.366,18,16,0,3384203,85,80,93,86,98,98,97,97,20.196,20.209,22.333,22.33,3930.913,0,33549,0,734,2583,4,1,0,0,0,28,23,14,20,4,3,FALSE,0,FALSE
73.05503,3.538,3.588,2.97,2.836,24.352,18,16,0,3375563,78,74,80,76,98,98,97,97,20.199,20.21,22.335,22.33,3966.477,0,33549,0,734,2584,4,1,0,0,0,28,23,14,20,4,3,FALSE,0,FALSE
73.55637,3.564,3.607,2.981,2.848,24.338,18,16,0,3366923,70,69,69,68,98,98,97,97,20.197,20.207,22.331,22.325,4003.344,0,33549,0,767,2584,4,1,0,0,0,28,23,14,20,4,3,FALSE,0,FALSE
74.05469,3.58,3.621,3.001,2.874,24.327,18,16,0,3378298.5,69,68,70,71,98,98,97,97,20.193,20.203,22.326,22.32,4039.944,0,33549,40019,767,2600,4,1,0,0,0,28,23,14,20,4,3,FALSE,0,FALSE
74.55385,3.636,3.664,3.062,2.934,24.326,18,16,0,3408595,80,75,82,79,98,98,97,97,20.195,20.203,22.328,22.322,4070.18,0,33549,40019,767,2600,4,1,0,0,0,28,23,14,20,4,3,FALSE,0,FALSE
75.05169,3.687,3.701,3.135,2.997,24.326,18,16,0,3436572.5,80,74,88,82,98,98,97,97,20.201,20.206,22.336,22.327,4095.844,0,33549,40019,766,2600,4,1,0,0,0,28,23,14,20,4,3,FALSE,0,FALSE
76.053955,3.78,3.771,3.32,3.137,24.325,18,16,0,3474736,79,74,102,89,98,98,97,97,20.215,20.213,22.36,22.343,4139.884,0,33549,40019,700,2616,4,1,0,0,0,28,23,14,20,4,3,FALSE,0,FALSE
76.55648,3.815,3.8,3.399,3.193,24.317,18,16,0,3481197.5,80,76,100,87,98,98,97,97,20.221,20.217,22.374,22.353,4162.282,0,33549,40019,700,2550,4,1,0,0,0,28,23,14,20,4,3,FALSE,0,FALSE
77.05372,3.907,3.881,3.444,3.227,24.307,18,16,0,3487531,96,90,90,80,98,98,98,97,20.23,20.224,22.385,22.359,4182.281,0,33549,40019,700,2550,4,1,0,0,0,28,23,14,20,4,3,FALSE,0,FALSE
77.555534,3.994,3.956,3.469,3.247,24.298,18,16,0,3493488.2,90,85,80,74,99,98,98,97,20.246,20.236,22.392,22.362,4202.647,0,33549,40019,700,2566,4,1,0,0,0,28,23,14,20,4,3,FALSE,0,FALSE
78.043945,4.026,3.987,3.477,3.255,24.285,18,16,0,3489278,79,77,72,69,99,98,98,97,20.252,20.241,22.394,22.363,4225.167,0,33549,40019,700,2667,4,1,0,0,0,28,23,14,20,4,3,FALSE,0,FALSE
78.54795,4.047,4.007,3.477,3.255,24.272,18,16,0,3463967.2,73,72,68,67,99,98,98,97,20.255,20.243,22.394,22.361,4250.841,0,33549,40019,783,2667,4,1,0,0,0,28,23,14,20,4,3,FALSE,0,FALSE
79.05127,4.064,4.025,3.477,3.255,24.258,18,16,0,3419661,71,70,67,67,99,98,98,97,20.255,20.244,22.391,22.359,4279.044,0,33549,40019,800,2667,4,1,0,0,0,28,23,14,20,4,3,FALSE,0,FALSE
79.554794,4.079,4.04,3.477,3.255,24.245,18,16,0,3373695.5,70,70,67,67,99,98,98,97,20.255,20.243,22.388,22.356,4309.563,0,33549,40019,800,2684,4,1,0,0,0,28,23,14,20,4,3,FALSE,0,FALSE
80.05454,4.094,4.055,3.477,3.255,24.232,18,16,0,3316904.5,70,70,67,67,99,98,98,97,20.254,20.242,22.385,22.353,4342.042,0,33549,40019,800,2684,4,1,0,0,0,28,23,14,20,4,3,FALSE,0,FALSE
80.5532,4.107,4.068,3.477,3.255,24.219,18,16,0,3264684.5,69,69,67,67,99,98,98,97,20.252,20.24,22.381,22.349,4376.392,0,33549,40019,800,2700,4,1,0,0,0,28,23,14,20,4,3,FALSE,0,FALSE
81.05584,4.119,4.08,3.477,3.255,24.205,18,16,0,3207069.5,69,69,67,67,99,98,97,97,20.25,20.238,22.376,22.345,4412.164,0,33549,40019,817,2700,4,1,0,0,0,28,23,14,20,4,3,FALSE,0,FALSE
81.55257,4.132,4.093,3.477,3.255,24.191,18,16,0,3149454.5,69,69,67,67,99,98,97,97,20.247,20.235,22.371,22.34,4449.38,0,33549,40019,817,2666,4,1,0,0,0,28,23,14,20,4,3,FALSE,0,FALSE
82.05479,4.144,4.105,3.477,3.255,24.178,18,16,0,3091839.5,69,69,68,68,98,98,97,97,20.244,20.232,22.366,22.335,4487.917,0,33549,40019,800,2666,4,1,0,0,0,28,23,14,20,4,3,FALSE,0,FALSE
82.55487,4.155,4.117,3.477,3.255,24.164,18,16,0,3034224.5,69,70,68,68,98,98,97,97,20.241,20.229,22.36,22.329,4527.628,0,33549,40019,800,2650,4,1,0,0,0,28,23,14,20,4,3,FALSE,0,FALSE
83.05548,4.164,4.126,3.477,3.255,24.151,18,16,0,3008239.2,69,69,68,68,98,98,97,97,20.237,20.225,22.354,22.323,4568.206,0,33549,40019,783,2617,4,1,0,0,0,28,23,14,20,4,3,FALSE,0,FALSE
83.55421,4.172,4.135,3.477,3.255,24.137,18,16,0,2999599.2,70,70,68,68,98,98,97,96,20.233,20.221,22.347,22.316,4609.367,0,33549,40019,750,2600,4,1,0,0,0,28,23,14,20,4,3,FALSE,0,FALSE
84.050446,4.18,4.143,3.477,3.255,24.124,18,16,0,2990959.2,70,70,69,69,98,98,97,96,20.228,20.217,22.34,22.31,4651.067,0,33549,40019,733,2600,4,1,0,0,0,28,23,14,20,4,3,FALSE,0,FALSE
84.55319,4.188,4.152,3.477,3.255,24.11,18,16,0,2982319.2,70,70,69,69,98,98,97,96,20.224,20.213,22.333,22.303,4693.243,0,33549,40019,733,2566,4,1,0,0,0,28,23,14,20,4,3,FALSE,0,FALSE
85.05075,4.197,4.16,3.477,3.255,24.096,18,16,0,2973679.2,70,71,69,69,98,98,97,96,20.219,20.208,22.326,22.296,4735.838,0,33549,40019,716,2566,4,1,0,0,0,28,23,14,20,4,3,FALSE,0,FALSE
85.54954,4.206,4.169,3.477,3.255,24.082,18,16,0,2965039.2,70,71,69,69,98,98,96,96,20.214,20.203,22.319,22.288,4778.789,0,33549,40019,700,2517,4,1,0,0,0,28,23,14,20,4,3,FALSE,0,FALSE
86.04868,4.219,4.182,3.49,3.264,24.069,18,16,0,2965290.2,70,70,72,72,98,98,96,96,20.209,20.198,22.311,22.281,4821.83,0,33549,40019,700,2517,4,1,0,0,0,28,23,14,20,4,3,FALSE,0,FALSE
86.55443,4.252,4.214,3.528,3.302,24.068,18,16,0,2999595,71,70,73,73,98,98,96,96,20.209,20.198,22.313,22.283,4858.404,0,33549,40019,700,2517,4,1,0,0,0,28,23,14,20,4,3,FALSE,0,FALSE
87.05348,4.27,4.233,3.543,3.317,24.067,18,16,0,3028586.5,69,69,71,71,98,98,96,96,20.21,20.199,22.318,22.288,4887.263,0,33549,40019,700,2500,4,1,0,0,0,28,23,14,20,4,3,FALSE,0,FALSE
87.55181,4.311,4.268,3.594,3.362,24.067,18,16,0,3051954.5,77,74,82,78,98,98,97,96,20.215,20.203,22.325,22.294,4909.852,0,33549,40019,683,2500,4,1,0,0,0,28,23,14,20,4,3,FALSE,0,FALSE
88.05301,4.354,4.3,3.657,3.409,24.067,18,16,0,3070160.5,80,74,89,81,98,98,97,96,20.223,20.208,22.336,22.303,4927.762,0,33549,40019,683,2500,4,1,0,0,0,28,23,14,20,4,3,FALSE,0,FALSE
88.55303,4.374,4.315,3.729,3.454,24.065,18,16,0,3080727.8,76,72,97,83,98,98,97,96,20.23,20.213,22.351,22.313,4948.436,0,33549,40019,683,2450,4,1,0,0,0,28,23,14,20,4,3,FALSE,0,FALSE
89.050354,4.406,4.341,3.767,3.482,24.059,18,16,0,3086971.8,79,74,90,79,98,98,97,97,20.236,20.217,22.365,22.322,4965.086,0,33549,40019,617,2450,4,1,0,0,0,28,23,14,20,4,3,FALSE,0,FALSE
89.555,4.437,4.368,3.791,3.501,24.05,18,16,0,3091996,79,75,82,74,98,98,97,97,20.243,20.222,22.375,22.328,4982.187,0,33549,40019,617,2450,4,1,0,0,0,28,23,14,20,4,3,FALSE,0,FALSE
90.05169,4.464,4.395,3.798,3.508,24.039,18,16,0,3090213.5,76,74,74,69,99,98,98,97,20.249,20.227,22.381,22.332,5001.748,0,33549,40019,734,2584,4,1,0,0,0,28,23,14,20,4,3,FALSE,0,FALSE
90.54997,4.49,4.42,3.806,3.516,24.026,18,16,0,3086233.5,75,74,71,68,99,98,98,97,20.254,20.231,22.384,22.333,5023.21,0,33549,40019,734,2584,4,1,0,0,0,28,23,14,20,4,3,FALSE,0,FALSE
91.051186,4.525,4.453,3.818,3.527,24.013,18,16,0,3068957.2,76,74,71,68,99,98,98,97,20.258,20.234,22.386,22.335,5047.045,0,33549,40019,766,2616,4,1,0,0,0,28,23,14,20,4,3,FALSE,0,FALSE
91.55198,4.549,4.475,3.821,3.531,23.999,18,16,0,3026626.8,72,71,68,66,99,98,98,97,20.261,20.237,22.386,22.335,5074.123,0,33549,40019,766,2616,4,1,0,0,0,28,23,14,20,4,3,FALSE,0,FALSE
92.05407,4.565,4.491,3.821,3.531,23.986,18,16,0,2982187.2,70,69,66,67,99,98,98,97,20.262,20.238,22.385,22.334,5104.163,0,33549,40019,767,2616,4,1,0,0,0,28,23,14,20,4,3,FALSE,0,FALSE
93.050446,4.594,4.52,3.821,3.531,23.959,18,16,0,2868626.8,71,70,68,68,99,98,98,97,20.262,20.237,22.381,22.331,5170.172,0,33549,40019,784,2600,4,1,0,0,0,28,23,14,20,4,3,FALSE,0,FALSE
93.551414,4.605,4.532,3.821,3.531,23.946,18,16,0,2816441,70,70,68,68,99,98,97,97,20.262,20.237,22.379,22.329,5205.708,0,33549,40019,784,2600,4,1,0,0,0,28,23,14,20,4,3,FALSE,0,FALSE
94.05039,4.617,4.545,3.821,3.531,23.932,18,16,0,2758826,70,70,68,68,99,98,97,97,20.26,20.235,22.375,22.326,5242.72,0,33549,40019,784,2583,4,1,0,0,0,28,23,14,20,4,3,FALSE,0,FALSE
94.54875,4.63,4.557,3.821,3.531,23.918,18,16,0,2701211,70,70,68,68,99,98,97,97,20.259,20.234,22.372,22.322,5281.061,0,33549,40019,783,2566,4,1,0,0,0,28,23,14,20,4,3,FALSE,0,FALSE
95.05112,4.642,4.568,3.821,3.531,23.905,18,16,0,2643596,70,70,68,68,99,98,97,96,20.257,20.232,22.367,22.318,5320.569,0,33549,40019,766,2533,4,1,0,0,0,28,23,14,20,4,3,FALSE,0,FALSE
95.55065,4.651,4.577,3.821,3.531,23.892,18,16,0,2620800.5,70,69,68,68,99,98,97,96,20.254,20.23,22.363,22.314,5360.862,0,33549,40019,750,2533,4,1,0,0,0,28,23,14,20,4,3,FALSE,0,FALSE
96.051796,4.659,4.585,3.821,3.531,23.878,18,16,0,2612160.5,70,70,68,68,99,98,97,96,20.251,20.227,22.357,22.309,5401.667,0,33549,40019,750,2483,4,1,0,0,0,28,23,14,20,4,3,FALSE,0,FALSE
96.547714,4.667,4.593,3.821,3.531,23.864,18,16,1,2603520.5,70,70,68,68,99,98,97,96,20.247,20.223,22.351,22.303,34.172,96121,0,0,717,2467,4,2,0,0,0,28,23,14,20,4,3,FALSE,0,FALSE
97.04858,4.675,4.601,3.821,3.531,23.851,18,16,1,2594880.5,70,69,68,68,98,98,97,96,20.244,20.22,22.345,22.297,76.022,96121,0,0,700,2434,4,2,0,0,0,28,23,14,20,4,3,FALSE,0,FALSE
97.54731,4.684,4.61,3.821,3.531,23.837,18,16,1,2586240.5,70,70,68,68,98,98,97,96,20.239,20.216,22.338,22.29,118.268,96121,0,0,684,2434,4,2,0,0,0,28,23,14,20,4,3,FALSE,0,FALSE
98.04051,4.692,4.618,3.821,3.531,23.823,18,16,1,2577888.5,70,70,69,69,98,98,97,96,20.235,20.211,22.332,22.284,159.495,96121,0,0,684,2400,4,2,0,0,0,28,23,14,20,4,3,FALSE,0,FALSE
98.54834,4.7,4.626,3.821,3.531,23.809,18,16,1,2568960.5,70,70,68,68,98,98,97,96,20.23,20.207,22.324,22.276,203.934,96121,0,0,667,2366,4,2,0,0,0,28,23,14,20,4,3,FALSE,0,FALSE
99.052185,4.709,4.634,3.821,3.531,23.795,18,16,1,2560320.5,69,68,67,67,98,98,96,96,20.225,20.201,22.316,22.269,247.263,96121,0,0,650,2350,4,2,0,0,0,28,23,14,20,4,3,FALSE,0,FALSE
99.55253,4.717,4.643,3.821,3.531,23.782,18,16,1,2551680.5,70,70,69,69,98,98,96,96,20.219,20.196,22.308,22.261,290.83,96121,0,0,633,2316,4,2,0,0,0,28,23,14,20,4,3,FALSE,0,FALSE
100.05183,4.725,4.651,3.821,3.531,23.768,18,16,1,2543040.5,70,70,69,68,98,97,96,95,20.214,20.191,22.3,22.253,334.645,96121,0,0,633,2316,4,2,0,0,0,28,23,14,20,4,3,FALSE,0,FALSE
100.55212,4.734,4.659,3.821,3.531,23.754,18,16,1,2534400.5,70,70,69,68,98,97,96,95,20.208,20.185,22.291,22.245,378.667,96121,0,0,617,2317,4,2,0,0,0,28,23,14,20,4,3,FALSE,0,FALSE
101.05219,4.742,4.667,3.821,3.531,23.74,18,16,1,2525760.5,70,70,68,68,98,97,96,95,20.201,20.179,22.282,22.236,422.854,96121,0,0,617,2267,4,2,0,0,0,28,23,14,20,4,3,FALSE,0,FALSE
101.54909,4.75,4.675,3.821,3.531,23.726,18,16,1,2517120.5,70,70,68,68,98,97,96,95,20.195,20.172,22.273,22.227,467.203,96121,0,0,616,2250,4,2,0,0,0,28,23,14,20,4,3,FALSE,0,FALSE
102.0512,4.761,4.684,3.821,3.531,23.713,18,16,1,2508480.5,70,70,68,68,97,97,96,95,20.188,20.165,22.264,22.218,511.712,96121,0,0,617,2250,4,2,0,0,0,28,23,14,20,4,3,FALSE,0,FALSE
102.5478,4.77,4.692,3.821,3.531,23.699,18,16,1,2499840.5,70,70,68,68,97,97,95,95,20.181,20.158,22.255,22.209,556.368,96121,0,0,600,2250,4,2,0,0,0,28,23,14,20,4,3,FALSE,0,FALSE
103.053154,4.79,4.711,3.842,3.553,23.689,18,16,1,2510131.8,72,72,74,73,97,97,95,95,20.175,20.153,22.247,22.202,600.15,96121,0,0,600,2200,4,2,0,0,0,28,23,14,20,4,3,FALSE,0,FALSE
103.55508,4.83,4.741,3.879,3.594,23.687,18,16,1,2544238.2,71,71,73,72,97,97,95,95,20.175,20.153,22.251,22.206,635.842,96121,0,0,617,2200,4,2,0,0,0,28,23,14,20,4,3,FALSE,0,FALSE
104.05157,4.845,4.756,3.888,3.603,23.686,18,16,1,2573100,68,69,69,69,97,97,95,95,20.177,20.155,22.257,22.211,664.046,96121,0,0,617,2200,4,2,0,0,0,28,23,14,20,4,3,FALSE,0,FALSE
104.55026,4.858,4.768,3.895,3.61,23.685,18,16,1,2597520.2,68,68,69,68,97,97,96,95,20.179,20.158,22.262,22.216,686.524,96121,0,0,683,2300,4,2,0,0,0,28,23,14,20,4,3,FALSE,0,FALSE
105.05543,4.865,4.774,3.9,3.615,23.685,18,16,1,2617629,67,66,68,67,97,97,96,95,20.182,20.161,22.267,22.221,704.189,96121,0,0,683,2300,4,2,0,0,0,28,23,14,20,4,3,FALSE,0,FALSE
106.05382,4.892,4.793,3.955,3.658,23.685,18,16,1,2645214.2,72,67,82,75,97,97,96,95,20.188,20.165,22.28,22.232,729.977,96121,0,0,683,2300,4,2,0,0,0,28,23,14,20,4,3,FALSE,0,FALSE
106.55181,4.904,4.804,4.008,3.686,23.685,18,16,1,2653175,71,69,93,78,98,97,96,95,20.193,20.168,22.292,22.241,745.985,96121,0,0,767,2483,4,2,0,0,0,28,23,14,20,4,3,FALSE,0,FALSE
107.0535,4.919,4.816,4.036,3.706,23.682,18,16,1,2658134.2,73,70,91,78,98,97,96,95,20.198,20.172,22.307,22.249,761.238,96121,0,0,767,2483,4,2,0,0,0,28,23,14,20,4,3,FALSE,0,FALSE
107.55247,4.934,4.828,4.044,3.713,23.677,18,16,1,2663448.2,74,70,83,74,98,97,96,95,20.203,20.176,22.318,22.257,771.636,96121,0,0,767,2483,4,2,0,0,0,28,23,14,20,4,3,FALSE,0,FALSE
108.04757,4.947,4.844,4.047,3.717,23.67,18,16,1,2668090.8,73,71,75,70,98,97,97,96,20.208,20.18,22.325,22.262,783.889,96121,0,0,767,2483,4,2,0,0,0,28,23,14,20,4,3,FALSE,0,FALSE
108.546616,4.967,4.87,4.048,3.718,23.661,18,16,1,2670719.5,75,75,70,67,98,97,97,96,20.213,20.185,22.33,22.265,798.597,96121,0,0,667,2483,4,2,0,0,0,28,23,14,20,4,3,FALSE,0,FALSE
109.050514,4.994,4.896,4.056,3.726,23.65,18,16,1,2676776,76,76,68,69,98,97,97,96,20.218,20.19,22.332,22.267,816.182,96121,0,0,667,2483,4,2,0,0,0,28,23,14,20,4,3,FALSE,0,FALSE
109.55158,5.023,4.928,4.074,3.748,23.639,18,16,1,2688197.2,76,78,70,74,98,98,97,96,20.223,20.195,22.334,22.271,836.882,96121,0,0,667,2483,4,2,0,0,0,28,23,14,20,4,3,FALSE,0,FALSE
110.050835,5.059,4.972,4.101,3.779,23.629,18,16,1,2694494.2,77,81,74,77,98,98,97,96,20.228,20.202,22.337,22.275,863.665,96121,0,0,567,2450,4,2,0,0,0,28,23,14,20,4,3,FALSE,0,FALSE
110.55458,5.1,5.021,4.124,3.802,23.617,18,16,1,2699315.5,76,80,72,74,98,98,97,96,20.233,20.21,22.34,22.28,885.722,96121,0,0,567,2434,4,2,0,0,0,28,23,14,20,4,3,FALSE,0,FALSE
111.05222,5.132,5.055,4.135,3.813,23.603,18,16,1,2691848,74,75,69,71,98,98,97,96,20.237,20.216,22.341,22.282,910.801,96121,0,0,517,2434,4,2,0,0,0,28,23,14,20,4,3,FALSE,0,FALSE
111.553314,5.153,5.082,4.14,3.817,23.591,18,16,1,2655670,72,72,68,69,98,98,97,96,20.239,20.218,22.34,22.282,938.66,96121,0,0,517,2433,4,2,0,0,0,28,23,14,20,4,3,FALSE,0,FALSE
112.05388,5.2,5.123,4.168,3.837,23.577,18,16,1,2608119.5,77,75,74,70,98,98,97,96,20.242,20.22,22.34,22.282,969.88,96121,0,0,500,2433,4,2,0,0,0,28,23,14,20,4,3,FALSE,0,FALSE
112.552956,5.231,5.149,4.179,3.849,23.564,18,16,1,2560482.8,73,71,70,68,98,98,97,96,20.244,20.221,22.34,22.281,1001.123,96121,0,0,500,2433,4,2,0,0,0,28,23,14,20,4,3,FALSE,0,FALSE
113.05132,5.251,5.166,4.183,3.853,23.55,18,16,1,2503127.5,71,69,68,67,98,98,97,96,20.245,20.221,22.338,22.279,1033.823,96121,0,0,500,2433,4,2,0,0,0,28,23,14,20,4,3,FALSE,0,FALSE
113.552185,5.268,5.181,4.184,3.856,23.536,18,16,1,2445512.5,70,69,67,67,98,98,97,96,20.244,20.22,22.335,22.276,1068.438,96121,0,0,483,2416,4,2,0,0,0,28,23,14,20,4,3,FALSE,0,FALSE
114.05335,5.282,5.192,4.186,3.858,23.523,18,16,1,2404968,69,68,67,67,98,98,97,96,20.243,20.218,22.331,22.272,1104.584,96121,0,0,467,2416,4,2,0,0,0,28,23,14,20,4,3,FALSE,0,FALSE
114.55434,5.292,5.202,4.186,3.858,23.51,18,16,1,2396328,69,69,67,67,98,98,97,96,20.24,20.216,22.327,22.268,1141.827,96121,0,0,467,2400,4,2,0,0,0,28,23,14,20,4,3,FALSE,0,FALSE
115.05181,5.3,5.212,4.186,3.858,23.496,18,16,1,2387688,69,69,67,67,98,98,97,96,20.238,20.214,22.322,22.263,1180.059,96121,0,0,433,2383,4,2,0,0,0,28,23,14,20,4,3,FALSE,0,FALSE
115.55035,5.31,5.221,4.186,3.858,23.482,18,16,1,2379048,69,69,68,67,98,98,96,95,20.235,20.211,22.317,22.258,1219.171,96121,0,0,417,2383,4,2,0,0,0,28,23,14,20,4,3,FALSE,0,FALSE
116.05249,5.318,5.229,4.186,3.858,23.469,18,16,1,2373108.8,69,69,68,67,98,98,96,95,20.231,20.208,22.311,22.253,1259.066,96121,0,0,417,2350,4,2,0,0,0,28,23,14,20,4,3,FALSE,0,FALSE
116.5523,5.326,5.237,4.186,3.858,23.456,18,16,1,2367119.2,69,69,68,67,98,98,96,95,20.228,20.204,22.305,22.247,1299.486,96121,0,0,400,2316,4,2,0,0,0,28,23,14,20,4,3,FALSE,0,FALSE
117.051,5.334,5.246,4.186,3.858,23.442,18,16,1,2358479.2,69,69,68,68,98,98,96,95,20.223,20.2,22.298,22.241,1340.494,96121,0,0,400,2316,4,2,0,0,0,28,23,14,20,4,3,FALSE,0,FALSE
117.55048,5.342,5.255,4.187,3.858,23.428,18,16,1,2349839.2,69,69,68,68,98,98,96,95,20.219,20.196,22.291,22.234,1382.045,96121,0,0,367,2284,4,2,0,0,0,28,23,14,20,4,3,FALSE,0,FALSE
118.04354,5.357,5.271,4.209,3.878,23.417,18,16,1,2360087.5,70,70,73,72,98,98,96,95,20.215,20.192,22.286,22.23,1423.132,96121,0,0,367,2284,4,2,0,0,0,28,23,14,20,4,3,FALSE,0,FALSE
118.55094,5.394,5.299,4.264,3.915,23.416,18,16,1,2391942,73,70,78,73,98,98,96,95,20.216,20.194,22.291,22.234,1456.493,96121,0,0,367,2284,4,2,0,0,0,28,23,14,20,4,3,FALSE,0,FALSE
119.05294,5.418,5.324,4.284,3.93,23.415,18,16,1,2418702.8,71,69,72,70,98,98,96,95,20.22,20.197,22.298,22.24,1482.975,96121,0,0,367,2317,4,2,0,0,0,28,23,14,20,4,3,FALSE,0,FALSE
119.5528,5.443,5.343,4.317,3.959,23.415,18,16,1,2441852,74,70,78,74,98,98,96,95,20.224,20.199,22.304,22.246,1504.469,96121,0,0,400,2317,4,2,0,0,0,28,23,14,20,4,3,FALSE,0,FALSE
120.05118,5.481,5.371,4.385,4.012,23.415,18,16,1,2460037.2,79,73,91,82,98,98,96,95,20.231,20.204,22.315,22.254,1521.48,96121,0,0,400,2317,4,2,0,0,0,28,23,14,20,4,3,FALSE,0,FALSE
120.55257,5.513,5.392,4.449,4.067,23.412,18,16,1,2466726.2,80,72,95,86,98,98,97,96,20.239,20.208,22.328,22.265,1546.121,96121,0,0,400,2367,4,2,0,0,0,28,23,14,20,4,3,FALSE,0,FALSE
121.05347,5.536,5.409,4.51,4.11,23.407,18,16,1,2472946.2,77,71,96,85,99,98,97,96,20.246,20.212,22.343,22.276,1567.241,96121,0,0,417,2367,4,2,0,0,0,28,23,14,20,4,3,FALSE,0,FALSE
121.550995,5.566,5.434,4.55,4.139,23.401,18,16,1,2479150.2,79,73,90,80,99,98,97,96,20.252,20.216,22.356,22.285,1584.348,96121,0,0,417,2384,4,2,0,0,0,28,23,14,20,4,3,FALSE,0,FALSE
122.053665,5.602,5.463,4.576,4.159,23.394,18,16,1,2485460,80,74,83,75,99,98,97,96,20.259,20.221,22.366,22.291,1601.204,96121,0,0,417,2384,4,2,0,0,0,28,23,14,20,4,3,FALSE,0,FALSE
122.55066,5.624,5.483,4.586,4.169,23.384,18,16,1,2488956.2,76,72,74,70,99,98,97,96,20.265,20.225,22.371,22.295,1619.698,96121,0,0,434,2384,4,2,0,0,0,28,23,14,20,4,3,FALSE,0,FALSE
123.052284,5.647,5.505,4.592,4.176,23.372,18,16,1,2487530,75,72,71,68,99,98,97,96,20.269,20.227,22.374,22.297,1641.258,96121,0,0,434,2384,4,2,0,0,0,28,23,14,20,4,3,FALSE,0,FALSE
124.04621,5.694,5.552,4.595,4.179,23.346,18,16,1,2482985.8,69,70,65,65,99,98,97,96,20.274,20.233,22.374,22.296,1691.7,96121,0,0,350,2367,4,2,0,0,0,28,23,14,20,4,3,FALSE,0,FALSE
124.549675,5.708,5.568,4.597,4.18,23.332,18,16,1,2476144.5,69,70,66,67,99,98,97,96,20.274,20.233,22.372,22.295,1720.523,96121,0,0,317,2367,4,2,0,0,0,28,23,14,20,4,3,FALSE,0,FALSE
125.05174,5.722,5.586,4.604,4.186,23.319,18,16,1,2473826,69,71,67,68,99,98,97,96,20.274,20.234,22.37,22.294,1751.137,96121,0,0,317,2367,4,2,0,0,0,28,23,14,20,4,3,FALSE,0,FALSE
125.55117,5.745,5.615,4.623,4.204,23.305,18,16,1,2465359.2,70,73,69,71,99,98,97,96,20.273,20.235,22.368,22.293,1783.344,96121,0,0,317,2367,4,2,0,0,0,28,23,14,20,4,3,FALSE,0,FALSE
126.05313,5.769,5.646,4.644,4.224,23.291,18,16,1,2456719.2,71,74,71,72,99,98,97,96,20.273,20.236,22.366,22.293,1817.893,96121,29723,0,300,2350,4,2,0,0,0,28,23,14,20,4,3,FALSE,0,FALSE
126.55264,5.792,5.67,4.663,4.243,23.284,18,16,1,2470118.8,71,70,73,71,99,98,97,96,20.271,20.236,22.364,22.291,1853.274,96121,29723,0,300,2350,4,2,0,0,0,28,23,14,20,4,3,FALSE,0,FALSE
127.05463,5.867,5.729,4.786,4.346,23.284,18,16,1,2500797.5,83,78,96,87,99,98,97,96,20.275,20.238,22.37,22.295,1883.103,96121,29723,0,300,2350,4,2,0,0,0,28,23,14,20,4,3,FALSE,0,FALSE
127.5522,5.931,5.778,4.922,4.456,23.282,18,16,1,2519532.8,82,76,103,92,99,98,98,96,20.283,20.243,22.384,22.305,1910.341,96121,29723,0,300,2350,4,2,0,0,0,28,23,14,20,4,3,FALSE,0,FALSE
128.03864,5.982,5.816,5.026,4.54,23.275,18,16,1,2525175.5,83,75,98,89,99,99,98,96,20.29,20.247,22.397,22.315,1935.811,96121,29723,0,300,2350,4,2,0,0,0,28,23,14,20,4,3,FALSE,0,FALSE
128.55191,6.037,5.859,5.067,4.572,23.266,18,16,1,2529647,79,73,81,75,99,99,98,97,20.297,20.251,22.406,22.32,1961.646,96121,29723,0,300,2433,4,2,0,0,0,28,23,14,20,4,3,FALSE,0,FALSE
129.04947,6.056,5.877,5.076,4.582,23.253,18,16,1,2525280,72,70,71,70,99,99,98,97,20.299,20.252,22.407,22.321,1987.966,96121,29723,0,383,2433,4,2,0,0,0,28,23,14,20,4,3,FALSE,0,FALSE
129.5502,6.098,5.929,5.126,4.643,23.243,18,16,1,2530293.5,75,79,77,81,100,99,98,97,20.3,20.254,22.407,22.323,2017.019,96121,29723,0,383,2433,4,2,0,0,0,28,23,14,20,4,3,FALSE,0,FALSE
130.05127,6.145,5.988,5.183,4.713,23.231,18,16,1,2534087.2,77,81,78,85,100,99,98,97,20.302,20.259,22.409,22.327,2047.538,96121,29723,0,467,2433,4,2,0,0,0,28,23,14,20,4,3,FALSE,0,FALSE
130.55385,6.21,6.064,5.242,4.784,23.218,18,16,1,2528562.5,80,84,78,84,100,99,98,97,20.305,20.264,22.41,22.332,2077.153,96121,29723,0,533,2517,4,2,0,0,0,28,23,14,20,4,3,FALSE,0,FALSE
131.0522,6.252,6.117,5.273,4.818,23.205,18,16,1,2526111.8,72,76,72,74,100,99,98,97,20.307,20.268,22.409,22.333,2107.778,96121,29723,0,533,2517,4,2,0,0,0,28,23,14,20,4,3,FALSE,0,FALSE
131.55367,6.274,6.144,5.289,4.833,23.191,18,16,1,2517587.8,70,73,70,71,100,99,98,97,20.305,20.269,22.406,22.331,2140.12,96121,29723,0,583,2517,4,2,0,0,0,28,23,14,20,4,3,FALSE,0,FALSE
132.54985,6.312,6.186,5.328,4.873,23.175,18,16,1,2538917,72,71,75,75,100,99,98,97,20.303,20.268,22.403,22.329,2203.891,96121,29723,0,616,2633,4,2,0,0,0,28,23,14,20,4,3,FALSE,0,FALSE
133.54773,6.348,6.214,5.358,4.906,23.174,18,16,1,2585141.2,73,68,74,73,100,99,98,97,20.307,20.272,22.412,22.338,2245.906,96121,29723,0,616,2633,4,2,0,0,0,28,23,14,20,4,3,FALSE,0,FALSE
134.0504,6.371,6.231,5.394,4.933,23.174,18,16,1,2602437,75,70,82,76,100,99,98,97,20.312,20.274,22.419,22.343,2259.965,96121,29723,0,633,2700,4,2,0,0,0,28,23,14,20,4,3,FALSE,0,FALSE
135.05058,6.403,6.257,5.489,4.997,23.171,18,16,1,2621092,75,71,96,82,100,99,99,97,20.321,20.28,22.442,22.359,2288.882,96121,29723,0,633,2700,4,2,0,0,0,28,23,14,20,4,3,FALSE,0,FALSE
135.55116,6.422,6.273,5.504,5.01,23.166,18,16,1,2626972,77,72,87,78,100,99,99,97,20.326,20.283,22.454,22.367,2302.46,96121,29723,0,633,2650,4,2,0,0,0,28,23,14,20,4,3,FALSE,0,FALSE
136.0517,6.44,6.289,5.515,5.019,23.16,18,16,1,2633510.2,76,72,81,74,100,99,99,97,20.331,20.286,22.462,22.372,2315.43,96121,29723,0,533,2650,4,2,0,0,0,28,23,14,20,4,3,FALSE,0,FALSE
136.54816,6.467,6.32,5.522,5.025,23.151,18,16,1,2638638,79,77,75,70,100,99,99,97,20.336,20.29,22.467,22.375,2329.652,96121,29723,0,533,2650,4,2,0,0,0,28,23,14,20,4,3,FALSE,0,FALSE
137.05429,6.501,6.358,5.524,5.028,23.139,18,16,1,2644998.2,80,80,70,67,100,99,99,97,20.343,20.296,22.47,22.377,2346.296,96121,29723,0,533,2650,4,2,0,0,0,28,23,14,20,4,3,FALSE,0,FALSE
137.55214,6.525,6.379,5.525,5.029,23.127,18,16,1,2654257.5,75,75,68,65,100,100,99,97,20.347,20.301,22.47,22.376,2366.354,96121,29723,0,533,2650,4,2,0,0,0,28,23,14,20,4,3,FALSE,0,FALSE
138.049,6.547,6.404,5.525,5.029,23.114,18,16,1,2650362.2,73,73,66,66,100,100,99,97,20.35,20.304,22.47,22.376,2389.097,96121,29723,0,533,2650,4,2,0,0,0,28,23,14,20,4,3,FALSE,0,FALSE
138.54832,6.565,6.426,5.526,5.03,23.101,18,16,1,2650449.2,72,71,66,67,100,100,99,97,20.352,20.306,22.468,22.375,2414.475,96121,29723,0,450,2600,4,2,0,0,0,28,23,14,20,4,3,FALSE,0,FALSE
139.04381,6.58,6.44,5.526,5.031,23.087,18,16,1,2644111.2,70,69,66,66,100,100,99,97,20.352,20.306,22.465,22.373,2441.94,96121,29723,0,450,2600,4,2,0,0,0,28,23,14,20,4,3,FALSE,0,FALSE
139.54733,6.592,6.453,5.526,5.031,23.074,18,16,1,2636804.2,69,69,66,66,100,100,99,97,20.351,20.305,22.463,22.371,2471.459,96121,29723,0,416,2600,4,2,0,0,0,28,23,14,20,4,3,FALSE,0,FALSE
140.04887,6.604,6.464,5.526,5.031,23.061,18,16,1,2634117.2,69,69,67,66,100,100,99,97,20.35,20.304,22.459,22.368,2502.674,96121,29723,0,416,2583,4,2,0,0,0,28,23,14,20,4,3,FALSE,0,FALSE
140.551,6.615,6.476,5.526,5.031,23.047,18,16,1,2625497.8,69,69,67,67,100,100,99,97,20.348,20.302,22.455,22.365,2535.492,96121,29723,0,417,2583,4,2,0,0,0,28,23,14,20,4,3,FALSE,0,FALSE
141.05003,6.627,6.491,5.533,5.036,23.033,18,16,1,2616857.8,69,70,68,69,100,100,99,97,20.345,20.3,22.451,22.361,2569.887,96121,29723,0,384,2584,4,2,0,0,0,28,23,14,20,4,3,FALSE,0,FALSE
141.55229,6.67,6.545,5.589,5.098,23.021,18,16,1,2613621.2,75,79,77,81,100,100,99,97,20.344,20.3,22.448,22.36,2605.187,96121,29723,0,384,2584,4,2,0,0,0,28,23,14,20,4,3,FALSE,0,FALSE
142.05196,6.73,6.62,5.662,5.178,23.011,18,16,1,2624604.2,74,78,77,81,100,100,99,97,20.345,20.303,22.449,22.363,2640.255,96121,29723,0,400,2584,4,2,0,0,0,28,23,14,20,4,3,FALSE,0,FALSE
142.55014,6.775,6.674,5.715,5.232,23.01,18,16,1,2653018.5,75,79,79,82,100,100,99,97,20.347,20.308,22.452,22.368,2671.141,96121,29723,0,400,2633,4,2,0,0,0,28,23,14,20,4,3,FALSE,0,FALSE
143.05305,6.801,6.706,5.739,5.254,23.01,18,16,1,2676680,72,75,74,76,100,100,99,97,20.35,20.313,22.456,22.374,2694.472,96121,29723,0,433,2633,4,2,0,0,0,28,23,14,20,4,3,FALSE,0,FALSE
143.55235,6.813,6.72,5.751,5.266,23.01,18,16,1,2696626.5,69,72,72,74,100,100,99,98,20.352,20.317,22.46,22.38,2712.836,96121,29723,0,433,2633,4,2,0,0,0,28,23,14,20,4,3,FALSE,0,FALSE
144.05089,6.826,6.737,5.77,5.287,23.01,18,16,1,2712524.2,70,73,74,77,100,100,99,98,20.354,20.32,22.464,22.385,2727.801,96121,29723,0,433,2633,4,2,0,0,0,28,23,14,20,4,3,FALSE,0,FALSE
145.05121,6.865,6.779,5.825,5.375,23.007,18,16,1,2725546.2,74,75,80,93,101,100,99,98,20.362,20.332,22.477,22.407,2750.906,96121,29723,0,450,2666,4,2,0,0,0,28,23,14,20,4,3,FALSE,0,FALSE
145.54973,6.876,6.792,5.836,5.388,23.003,18,16,1,2728233.8,73,75,77,86,101,100,99,98,20.366,20.337,22.483,22.418,2767.534,96121,29723,0,450,2666,4,2,0,0,0,28,23,14,20,4,3,FALSE,0,FALSE
146.04999,6.891,6.809,5.846,5.399,22.998,18,16,1,2730628.2,73,76,74,80,101,100,99,98,20.369,20.342,22.487,22.426,2778.486,96121,29723,0,450,2800,4,2,0,0,0,28,23,14,20,4,3,FALSE,0,FALSE
146.54947,6.901,6.819,5.848,5.402,22.992,18,16,1,2731041.8,70,73,70,74,101,100,99,98,20.371,20.346,22.49,22.432,2791.836,96121,29723,0,450,2800,4,2,0,0,0,28,23,14,20,4,3,FALSE,0,FALSE
147.05016,6.908,6.827,5.848,5.402,22.984,18,16,1,2730335.5,69,70,67,69,101,100,99,98,20.372,20.348,22.49,22.434,2807.307,96121,29723,0,583,2800,4,2,0,0,0,28,23,14,20,4,3,FALSE,0,FALSE
147.54877,6.919,6.837,5.848,5.402,22.974,18,16,1,2728553.5,69,70,65,66,101,100,99,98,20.373,20.35,22.489,22.434,2824.987,96121,29723,0,583,2800,4,2,0,0,0,28,23,14,20,4,3,FALSE,0,FALSE
148.04596,6.935,6.853,5.848,5.402,22.963,18,16,1,2722336,71,71,65,65,101,100,99,98,20.373,20.351,22.488,22.433,2845.201,96121,29723,0,566,2800,4,2,0,0,0,28,23,14,20,4,3,FALSE,0,FALSE
148.55173,6.961,6.879,5.848,5.402,22.949,18,16,1,2693731.5,73,73,65,65,101,100,99,98,20.375,20.352,22.486,22.432,2868.294,96121,29723,0,566,2800,4,2,0,0,0,28,23,14,20,4,3,FALSE,0,FALSE
149.05295,6.983,6.9,5.848,5.402,22.936,18,16,1,2661687.2,72,72,66,66,101,100,99,98,20.376,20.354,22.483,22.43,2894.244,96121,29723,0,600,2800,4,2,0,0,0,28,23,14,20,4,3,FALSE,0,FALSE
149.54898,7,6.918,5.848,5.402,22.922,18,16,1,2616349,71,71,67,66,101,100,99,98,20.376,20.354,22.481,22.428,2922.728,96121,29723,0,600,2850,4,2,0,0,0,28,23,14,20,4,3,FALSE,0,FALSE
150.05107,7.015,6.933,5.848,5.402,22.91,18,16,1,2569615.5,70,70,67,67,101,100,99,98,20.375,20.354,22.478,22.425,2953.404,96121,29723,0,617,2867,4,2,0,0,0,28,23,14,20,4,3,FALSE,0,FALSE
150.54805,7.03,6.948,5.848,5.402,22.896,18,16,1,2512442.2,70,70,67,67,101,100,99,98,20.374,20.353,22.474,22.422,2986.167,96121,29723,0,617,2850,4,2,0,0,0,28,23,14,20,4,3,FALSE,0,FALSE
151.04814,7.044,6.962,5.848,5.402,22.882,18,16,1,2454827.2,70,70,67,67,101,100,99,98,20.373,20.352,22.47,22.419,3020.832,96121,29723,0,600,2850,4,2,0,0,0,28,23,14,20,4,3,FALSE,0,FALSE
152.0512,7.066,6.984,5.848,5.402,22.855,18,16,1,2377845.2,70,69,68,68,101,100,99,98,20.368,20.347,22.461,22.41,3094.492,96121,29723,0,567,2817,4,2,0,0,0,28,23,14,20,4,3,FALSE,0,FALSE
152.54895,7.076,6.993,5.848,5.402,22.842,18,16,1,2369205.2,69,69,68,68,101,100,99,98,20.365,20.344,22.456,22.405,3132.965,96121,29723,0,567,2817,4,2,0,0,0,28,23,14,20,4,3,FALSE,0,FALSE
153.04826,7.085,7.002,5.848,5.402,22.828,18,16,1,2360565.2,70,70,68,68,101,100,99,98,20.362,20.341,22.45,22.4,3172.294,96121,29723,0,566,2817,4,2,0,0,0,28,23,14,20,4,3,FALSE,0,FALSE
153.55124,7.093,7.01,5.848,5.402,22.814,18,16,1,2351925.2,70,70,68,68,101,100,99,98,20.358,20.338,22.444,22.394,3212.392,96121,29723,0,550,2767,4,2,0,0,0,28,23,14,20,4,3,FALSE,0,FALSE
154.05087,7.101,7.018,5.848,5.402,22.801,18,16,1,2348705,70,70,68,68,100,100,98,98,20.354,20.334,22.437,22.387,3253.051,96121,29723,0,550,2767,4,2,0,0,0,28,23,14,20,4,3,FALSE,0,FALSE
154.55132,7.11,7.026,5.848,5.402,22.788,18,16,1,2340065,70,70,69,68,100,100,98,98,20.349,20.329,22.43,22.38,3294.238,96121,29723,0,533,2750,4,2,0,0,0,28,23,14,20,4,3,FALSE,0,FALSE
155.04672,7.119,7.034,5.848,5.402,22.774,18,16,1,2331425,70,70,68,68,100,100,98,97,20.344,20.324,22.423,22.373,3335.941,96121,29723,0,500,2750,4,2,0,0,0,28,23,14,20,4,3,FALSE,0,FALSE
155.547,7.138,7.053,5.872,5.426,22.765,18,16,1,2345223,71,71,74,73,100,100,98,97,20.34,20.32,22.418,22.369,3376.748,96121,29723,0,500,2700,4,2,0,0,0,28,23,14,20,4,3,FALSE,0,FALSE
156.05083,7.165,7.081,5.905,5.459,22.762,18,16,1,2376375.2,70,71,74,74,100,100,98,97,20.341,20.321,22.421,22.373,3409.515,96121,29723,0,500,2700,4,2,0,0,0,28,23,14,20,4,3,FALSE,0,FALSE
156.54904,7.202,7.13,5.969,5.531,22.762,18,16,1,2403378.5,74,80,83,88,100,100,98,98,20.343,20.325,22.428,22.38,3435.387,96121,29723,0,500,2700,4,2,0,0,0,28,23,14,19,4,3,FALSE,0,FALSE
157.05074,7.242,7.183,6.056,5.649,22.759,18,16,1,2414650,75,81,90,101,100,100,98,98,20.347,20.333,22.439,22.395,3458.069,96121,29723,0,517,2733,4,2,0,0,0,28,23,14,19,4,3,FALSE,0,FALSE
157.55,7.28,7.232,6.125,5.738,22.752,18,16,1,2421729.5,78,84,88,98,100,100,99,98,20.351,20.34,22.449,22.411,3483.86,96121,29723,0,517,2733,4,2,0,0,0,28,23,14,19,4,3,FALSE,0,FALSE
158.04863,7.324,7.29,6.203,5.834,22.744,18,16,1,2428723.5,78,85,90,100,101,100,99,98,20.356,20.348,22.46,22.425,3506.988,96121,29723,0,517,2733,4,2,0,0,0,28,23,14,19,4,3,FALSE,0,FALSE
158.552,7.365,7.343,6.261,5.907,22.736,18,16,1,2435579.2,77,84,85,93,101,101,99,98,20.361,20.356,22.468,22.438,3528.968,96121,29723,0,517,2734,4,2,0,0,0,28,23,14,19,4,3,FALSE,0,FALSE
159.05075,7.407,7.396,6.304,5.958,22.726,18,16,1,2442190.2,77,83,80,86,101,101,99,99,20.364,20.363,22.474,22.447,3551.472,96121,29723,0,517,2734,4,2,0,0,0,28,23,14,19,4,3,FALSE,0,FALSE
159.55205,7.448,7.443,6.329,5.984,22.713,18,16,1,2440492,77,82,75,78,101,101,99,99,20.367,20.369,22.477,22.452,3575.292,96121,29723,0,517,2734,4,2,0,0,0,28,23,14,19,4,3,FALSE,0,FALSE
160.04964,7.482,7.483,6.355,6.01,22.7,18,16,1,2440014.2,75,79,74,76,101,101,99,99,20.369,20.373,22.479,22.455,3601.308,96121,29723,0,517,2734,4,2,0,0,0,28,23,14,19,4,3,FALSE,0,FALSE
160.5503,7.525,7.534,6.39,6.046,22.686,18,16,1,2433166.8,75,80,75,77,101,101,99,99,20.371,20.377,22.479,22.457,3629.452,96121,29723,0,517,2800,4,2,0,0,0,28,23,14,19,4,3,FALSE,0,FALSE
161.0506,7.568,7.586,6.427,6.084,22.672,18,16,1,2425577.8,74,79,74,77,101,101,99,99,20.372,20.381,22.48,22.458,3659.618,96121,29723,0,483,2833,4,2,0,0,0,28,23,14,19,4,3,FALSE,0,FALSE
161.5478,7.59,7.614,6.44,6.096,22.66,18,16,1,2422834.2,69,74,71,69,101,101,99,99,20.371,20.382,22.479,22.458,3692.031,96121,29723,0,483,2833,4,2,0,0,0,28,23,14,19,4,3,FALSE,0,FALSE
162.05154,7.606,7.628,6.445,6.102,22.646,18,16,1,2414200.2,71,70,70,69,101,101,99,99,20.368,20.38,22.476,22.454,3725.427,96121,29723,0,484,2834,4,2,0,0,0,28,23,14,19,4,3,FALSE,0,FALSE
162.54556,7.667,7.68,6.506,6.16,22.632,18,16,1,2405560.2,80,76,81,77,101,101,99,99,20.368,20.379,22.475,22.452,3759.144,96121,29723,0,467,2834,4,2,0,0,0,28,23,14,19,4,3,FALSE,0,FALSE
163.05063,7.734,7.735,6.576,6.225,22.618,18,16,1,2396920.2,81,76,82,78,101,101,99,99,20.371,20.379,22.476,22.452,3793.853,96121,29723,0,467,2850,4,2,0,0,0,28,23,14,19,4,3,FALSE,0,FALSE
163.54805,7.802,7.79,6.647,6.293,22.605,18,16,1,2393740,80,76,82,78,101,101,99,99,20.372,20.379,22.476,22.451,3830.514,96121,29723,0,467,2850,4,2,0,0,0,28,23,14,19,4,3,FALSE,0,FALSE
164.05028,7.915,7.875,6.755,6.401,22.592,18,16,1,2385100,91,81,88,87,101,101,99,99,20.376,20.378,22.478,22.451,3867.965,96121,29723,0,467,2833,4,2,0,0,0,28,23,14,19,4,3,FALSE,0,FALSE
164.55089,8.025,7.967,6.875,6.507,22.578,18,16,1,2376460,83,78,88,83,101,101,99,99,20.381,20.38,22.48,22.453,3905.275,96121,29723,0,467,2833,4,2,0,0,0,28,23,14,19,4,3,FALSE,0,FALSE
165.052,8.108,8.035,6.97,6.594,22.564,18,16,1,2367820,83,78,86,81,101,101,99,99,20.383,20.379,22.481,22.451,3942.031,96121,29723,0,466,2850,4,2,0,0,0,28,23,14,19,4,3,FALSE,0,FALSE
165.55078,8.161,8.077,7.013,6.637,22.55,18,16,1,2359180,75,72,75,72,101,101,99,99,20.382,20.377,22.479,22.448,3978.233,96121,29723,0,450,2850,4,2,0,0,0,28,23,14,19,4,3,FALSE,0,FALSE
166.04807,8.187,8.096,7.025,6.65,22.537,18,16,1,2350540,71,70,69,68,101,101,99,99,20.378,20.372,22.474,22.442,4015.777,96121,29723,40060,450,2850,4,2,0,0,0,28,23,14,19,4,3,FALSE,0,FALSE
166.55017,8.212,8.115,7.049,6.668,22.531,18,16,1,2371660.8,73,70,73,72,101,101,99,98,20.375,20.368,22.469,22.437,4052.02,96121,29723,40060,450,2833,4,2,0,0,0,28,23,14,19,4,3,FALSE,0,FALSE
167.05154,8.266,8.156,7.123,6.736,22.529,18,16,1,2401268.8,80,74,87,82,101,101,99,98,20.376,20.367,22.473,22.44,4081.033,96121,29723,40060,450,2833,4,2,0,0,0,28,23,14,19,4,3,FALSE,0,FALSE
167.55138,8.339,8.211,7.253,6.843,22.529,18,16,1,2428078.8,85,78,102,93,101,101,99,99,20.383,20.371,22.484,22.448,4105.134,96121,29723,40060,450,2817,4,2,0,0,0,28,23,14,19,4,3,FALSE,0,FALSE
168.04263,8.378,8.24,7.356,6.922,22.529,18,16,1,2447424,81,74,105,93,101,101,99,99,20.389,20.374,22.499,22.459,4125.25,96121,29723,40060,450,2817,4,2,0,0,0,28,23,14,19,4,3,FALSE,0,FALSE
168.54564,8.414,8.268,7.447,6.986,22.525,18,16,1,2456496,80,75,104,90,101,101,100,99,20.394,20.376,22.515,22.469,4145.496,96121,29723,40060,450,2733,4,2,0,0,0,28,23,14,19,4,3,FALSE,0,FALSE
169.0486,8.454,8.301,7.51,7.033,22.517,18,16,1,2463070,82,77,97,85,101,101,100,99,20.399,20.379,22.528,22.477,4165.16,96121,29723,40060,350,2733,4,2,0,0,0,28,23,14,19,4,3,FALSE,0,FALSE
169.54897,8.496,8.335,7.548,7.063,22.509,18,16,1,2469683,80,76,86,77,101,101,100,99,20.405,20.382,22.537,22.483,4184.587,96121,29723,40060,350,2867,4,2,0,0,0,28,23,14,19,4,3,FALSE,0,FALSE
170.05028,8.522,8.358,7.56,7.073,22.498,18,16,1,2475804.8,77,74,76,72,101,101,100,99,20.408,20.384,22.541,22.484,4205.235,96121,29723,40060,484,2867,4,2,0,0,0,28,23,14,19,4,3,FALSE,0,FALSE
170.5449,8.545,8.378,7.568,7.083,22.487,18,16,1,2482135,74,71,71,69,102,101,100,99,20.409,20.384,22.541,22.483,4228.173,96121,29723,40060,484,2867,4,2,0,0,0,28,23,14,19,4,3,FALSE,0,FALSE
171.05061,8.568,8.398,7.568,7.084,22.475,18,16,1,2470941.5,74,72,68,67,102,101,100,99,20.41,20.383,22.539,22.481,4253.638,96121,29723,40060,566,2950,4,2,0,0,0,28,23,14,19,4,3,FALSE,0,FALSE
171.54742,8.594,8.421,7.569,7.085,22.461,18,16,1,2427271.2,74,72,68,67,102,101,100,99,20.41,20.382,22.536,22.478,4281.631,96121,29723,40060,566,2950,4,2,0,0,0,28,23,14,19,4,3,FALSE,0,FALSE
172.0492,8.616,8.44,7.57,7.087,22.448,18,16,1,2381839.2,72,71,68,67,101,101,100,99,20.409,20.381,22.532,22.474,4311.968,96121,29723,40060,633,3016,4,2,0,0,0,28,23,14,19,4,3,FALSE,0,FALSE
172.54942,8.635,8.457,7.57,7.087,22.434,18,16,1,2325313,71,71,68,67,101,101,100,99,20.407,20.379,22.528,22.47,4344.226,96121,29723,40060,650,3016,4,2,0,0,0,28,23,14,19,4,3,FALSE,0,FALSE
173.04842,8.652,8.474,7.57,7.087,22.421,18,16,1,2267698,71,71,66,66,101,101,100,99,20.404,20.377,22.523,22.465,4378.336,96121,29723,40060,650,3034,4,2,0,0,0,28,23,14,19,4,3,FALSE,0,FALSE
173.54776,8.708,8.514,7.571,7.088,22.408,18,16,1,2216938.8,73,72,67,68,101,101,100,99,20.404,20.377,22.519,22.462,4413.202,96121,29723,40060,634,3034,4,2,0,0,0,28,23,14,19,4,3,FALSE,0,FALSE
174.04793,8.721,8.531,7.574,7.09,22.394,18,16,1,2159323.8,70,70,68,68,101,101,100,99,20.401,20.374,22.513,22.457,4449.463,96121,29723,40060,650,3017,4,2,0,0,0,28,23,14,19,4,3,FALSE,0,FALSE
174.54929,8.733,8.544,7.575,7.09,22.38,18,16,1,2101708.8,70,70,68,68,101,101,100,99,20.396,20.37,22.507,22.451,4487.193,96121,29723,40060,650,3016,4,2,0,0,0,28,23,14,19,4,3,FALSE,0,FALSE
175.04945,8.745,8.557,7.575,7.09,22.367,18,16,1,2044093.8,70,70,68,68,101,101,100,99,20.392,20.365,22.5,22.444,4526.23,96121,29723,40060,633,3000,4,2,0,0,0,28,23,14,19,4,3,FALSE,0,FALSE
175.54843,8.756,8.568,7.575,7.09,22.354,18,16,1,1992012.2,70,70,68,68,101,101,99,98,20.387,20.36,22.493,22.438,4566.419,96121,29723,40060,616,3000,4,2,0,0,0,28,23,14,19,4,3,FALSE,0,FALSE
176.05127,8.767,8.58,7.576,7.09,22.34,18,16,1,1934397.2,71,71,69,69,101,101,99,98,20.382,20.356,22.486,22.431,4607.458,96121,29723,40060,600,2983,4,2,0,0,0,28,23,14,19,4,3,FALSE,0,FALSE
176.55038,8.778,8.592,7.576,7.09,22.326,18,16,1,1876782.2,71,71,69,69,101,100,99,98,20.376,20.351,22.478,22.423,4649.399,96121,29723,40060,600,2967,4,2,0,0,0,28,23,14,19,4,3,FALSE,0,FALSE
177.0484,8.789,8.603,7.576,7.09,22.312,18,16,1,1819167.2,71,71,69,69,101,100,99,98,20.371,20.346,22.47,22.416,4692.161,96121,29723,40060,567,2967,4,2,0,0,0,28,23,14,19,4,3,FALSE,0,FALSE
177.54959,8.8,8.613,7.576,7.09,22.299,18,16,1,1771346.5,71,71,69,69,101,100,99,98,20.365,20.34,22.462,22.408,4735.632,96121,29723,40060,550,2967,4,2,0,0,0,28,23,14,19,4,3,FALSE,0,FALSE
178.0422,8.808,8.621,7.576,7.09,22.285,18,16,1,1762990.9,71,71,70,69,101,100,99,98,20.359,20.334,22.454,22.4,4778.044,96121,29723,40060,517,2900,4,2,0,0,0,28,23,14,19,4,3,FALSE,0,FALSE
178.54483,8.824,8.635,7.594,7.105,22.272,18,16,1,1767149.9,71,71,74,73,100,100,99,98,20.353,20.328,22.446,22.392,4823.141,96121,29723,40060,517,2900,4,2,0,0,0,28,23,14,19,4,3,FALSE,0,FALSE
179.047,8.859,8.67,7.638,7.149,22.271,18,16,1,1801275.1,72,71,75,75,100,100,99,98,20.352,20.327,22.449,22.395,4859.533,96121,29723,40060,500,2834,4,2,0,0,0,28,23,14,19,4,3,FALSE,0,FALSE
179.54922,8.877,8.688,7.653,7.164,22.27,18,16,1,1829667,70,69,72,71,100,100,99,98,20.354,20.329,22.454,22.4,4888.029,96121,29723,40060,500,2834,4,2,0,0,0,28,23,14,19,4,3,FALSE,0,FALSE
180.0462,8.91,8.713,7.695,7.201,22.27,18,16,1,1854401.1,76,71,81,76,101,100,99,98,20.357,20.331,22.46,22.406,4911.126,96121,29723,40060,500,2834,4,2,0,0,0,28,23,14,19,4,3,FALSE,0,FALSE
180.54639,8.956,8.747,7.772,7.259,22.27,18,16,1,1873235.1,81,74,93,84,101,100,99,98,20.363,20.334,22.471,22.414,4929.476,96121,29723,40060,500,2834,4,2,0,0,0,28,23,14,19,4,3,FALSE,0,FALSE
181.04745,8.98,8.767,7.858,7.315,22.269,18,16,1,1884749.9,77,73,103,88,101,100,99,98,20.37,20.339,22.486,22.425,4951.322,96121,29723,40060,500,2834,4,2,0,0,0,28,23,14,19,4,3,FALSE,0,FALSE
181.54831,9.012,8.792,7.905,7.35,22.263,18,16,1,1891016.1,80,75,95,83,101,100,100,98,20.376,20.343,22.502,22.435,4966.982,96121,29723,40060,417,2750,4,2,0,0,0,28,23,14,19,4,3,FALSE,0,FALSE
182.0469,9.043,8.818,7.929,7.368,22.256,18,16,1,1896051.8,79,75,85,76,101,100,100,99,20.382,20.347,22.513,22.442,4983.852,96121,29723,40060,417,2750,4,2,0,0,0,28,23,14,19,4,3,FALSE,0,FALSE
182.54964,9.064,8.838,7.934,7.373,22.245,18,16,1,1894146.4,75,73,75,70,101,100,100,99,20.387,20.35,22.518,22.445,5002.863,96121,29723,40060,417,2833,4,2,0,0,0,28,23,14,19,4,3,FALSE,0,FALSE
183.04836,9.107,8.884,7.943,7.381,22.232,18,16,1,1869059.8,80,80,72,68,101,100,100,99,20.391,20.354,22.521,22.446,5023.943,96121,29723,40060,500,2833,4,2,0,0,0,28,23,14,19,4,3,FALSE,0,FALSE
183.55017,9.146,8.923,7.948,7.387,22.218,18,16,1,1834829.4,76,75,69,67,101,101,100,99,20.397,20.359,22.522,22.447,5047.849,96121,29723,40060,500,2833,4,2,0,0,0,28,23,14,19,4,3,FALSE,0,FALSE
184.04482,9.173,8.948,7.953,7.393,22.205,18,16,1,1798284.1,73,72,68,67,101,101,100,99,20.399,20.361,22.522,22.446,5074.966,96121,29723,40060,567,2917,4,2,0,0,0,28,23,14,19,4,3,FALSE,0,FALSE
184.55,9.189,8.964,7.953,7.393,22.192,18,16,1,1753988.4,70,70,67,67,101,101,100,99,20.399,20.362,22.52,22.445,5104.962,96121,29723,40060,583,2916,4,2,0,0,0,28,23,14,19,4,3,FALSE,0,FALSE
185.03885,9.203,8.979,7.953,7.393,22.179,18,16,1,1700010.2,71,70,67,68,101,101,100,99,20.399,20.361,22.517,22.443,5135.878,96121,29723,40060,583,2916,4,2,0,0,0,28,23,14,19,4,3,FALSE,0,FALSE
185.54597,9.218,8.994,7.953,7.393,22.165,18,16,1,1640474.8,71,70,68,68,101,101,100,99,20.398,20.36,22.514,22.44,5170.996,96121,29723,40060,583,2917,4,2,0,0,0,28,23,14,19,4,3,FALSE,0,FALSE
186.04672,9.23,9.006,7.953,7.393,22.152,18,16,1,1588442.9,70,70,68,68,101,101,100,98,20.396,20.358,22.511,22.438,5206.708,96121,29723,40060,583,2883,4,2,0,0,0,28,23,14,19,4,3,FALSE,0,FALSE
186.54681,9.24,9.015,7.953,7.393,22.138,18,16,1,1578166.8,70,70,68,68,101,101,100,98,20.394,20.356,22.507,22.434,5243.681,96121,29723,40060,566,2883,4,2,0,0,0,28,23,14,19,4,3,FALSE,0,FALSE
187.04913,9.249,9.024,7.953,7.393,22.124,18,16,1,1569523,70,70,68,68,101,100,100,98,20.391,20.354,22.503,22.43,5281.683,96121,29723,40060,550,2883,4,2,0,0,0,28,23,14,19,4,3,FALSE,0,FALSE
187.54309,9.258,9.033,7.953,7.393,22.111,18,16,1,1561167.4,70,70,69,68,101,100,99,98,20.388,20.351,22.498,22.425,5319.296,96121,29723,40060,534,2867,4,2,0,0,0,28,23,14,19,4,3,FALSE,0,FALSE
188.0438,9.267,9.042,7.953,7.393,22.097,18,16,1,1552235.5,70,70,68,68,101,100,99,98,20.384,20.347,22.492,22.42,5360.346,96121,29723,40060,534,2834,4,2,0,0,0,28,23,14,19,4,3,FALSE,0,FALSE
188.54707,9.275,9.05,7.953,7.393,22.084,18,16,1,1548955.4,70,70,69,68,101,100,99,98,20.38,20.343,22.486,22.414,5400.638,96121,29723,40060,517,2800,4,2,0,0,0,28,23,14,19,4,3,FALSE,0,FALSE
189.04599,9.283,9.058,7.953,7.393,22.07,18,16,2,1540311.6,70,70,69,68,101,100,99,98,20.376,20.339,22.479,22.408,32.675,92513,0,0,516,2800,4,3,0,0,0,28,23,14,19,4,3,FALSE,0,FALSE
189.5488,9.291,9.067,7.953,7.393,22.057,18,16,2,1531667.9,70,70,68,68,101,100,99,98,20.371,20.335,22.472,22.402,74.151,92513,0,0,500,2800,4,3,0,0,0,28,23,14,19,4,3,FALSE,0,FALSE
190.04655,9.299,9.075,7.953,7.393,22.043,18,16,2,1523024.1,70,70,68,68,101,100,99,98,20.366,20.33,22.465,22.395,116.102,92513,0,0,500,2766,4,3,0,0,0,28,23,14,19,4,3,FALSE,0,FALSE
190.54437,9.308,9.084,7.953,7.393,22.029,18,16,2,1514380.4,71,70,69,69,101,100,99,98,20.36,20.325,22.457,22.387,158.531,92513,0,0,483,2750,4,3,0,0,0,28,23,14,19,4,3,FALSE,0,FALSE
191.05031,9.316,9.092,7.953,7.393,22.015,18,16,2,1505736.6,70,70,69,68,101,100,99,98,20.354,20.319,22.449,22.379,201.387,92513,0,0,467,2750,4,3,0,0,0,28,23,14,19,4,3,FALSE,0,FALSE
191.54497,9.324,9.1,7.953,7.393,22.001,18,16,2,1497092.9,69,69,68,67,100,100,99,97,20.348,20.313,22.44,22.371,244.623,92513,0,0,450,2717,4,3,0,0,0,28,23,14,19,4,3,FALSE,0,FALSE
192.04575,9.333,9.109,7.953,7.393,21.987,18,16,2,1488449.1,71,70,69,69,100,100,98,97,20.342,20.307,22.432,22.363,288.161,92513,0,0,450,2700,4,3,0,0,0,28,23,14,19,4,3,FALSE,0,FALSE
192.5435,9.341,9.117,7.953,7.393,21.974,18,16,2,1479805.4,71,70,69,69,100,100,98,97,20.335,20.301,22.423,22.354,331.995,92513,0,0,434,2667,4,3,0,0,0,28,23,14,19,4,3,FALSE,0,FALSE
193.04912,9.35,9.125,7.953,7.393,21.96,18,16,2,1471161.6,70,70,69,68,100,99,98,97,20.329,20.294,22.413,22.345,376.078,92513,0,0,416,2650,4,3,0,0,0,28,23,14,19,4,3,FALSE,0,FALSE
193.54655,9.359,9.133,7.953,7.393,21.946,18,16,2,1462517.9,71,70,69,68,100,99,98,97,20.322,20.287,22.404,22.336,420.363,92513,0,0,400,2650,4,3,0,0,0,28,23,14,19,4,3,FALSE,0,FALSE
194.0442,9.367,9.141,7.953,7.393,21.932,18,16,2,1453874.1,70,70,69,68,100,99,98,97,20.314,20.28,22.394,22.327,464.84,92513,0,0,384,2617,4,3,0,0,0,28,23,14,19,4,3,FALSE,0,FALSE
194.54942,9.375,9.149,7.953,7.393,21.918,18,16,2,1445230.4,70,70,68,68,100,99,98,96,20.306,20.272,22.384,22.317,509.51,92513,0,0,367,2617,4,3,0,0,0,28,23,14,19,4,3,FALSE,0,FALSE
195.04509,9.383,9.158,7.953,7.393,21.905,18,16,2,1436586.6,70,70,69,68,99,99,97,96,20.298,20.265,22.374,22.307,554.36,92513,0,0,367,2567,4,3,0,0,0,28,23,14,19,4,3,FALSE,0,FALSE
195.54597,9.395,9.17,7.968,7.408,21.892,18,16,2,1443173.1,71,72,73,72,99,99,97,96,20.291,20.257,22.365,22.299,598.788,92513,0,0,366,2567,4,3,0,0,0,28,23,14,19,4,3,FALSE,0,FALSE
196.0479,9.428,9.2,8.003,7.444,21.89,18,16,2,1477901.9,70,71,73,72,99,99,97,96,20.289,20.257,22.368,22.301,635.898,92513,0,0,350,2567,4,3,0,0,0,28,23,14,19,4,3,FALSE,0,FALSE
196.54654,9.448,9.221,8.017,7.459,21.89,18,16,2,1507734,70,70,71,70,99,99,97,96,20.29,20.258,22.372,22.306,665.258,92513,0,0,350,2567,4,3,0,0,0,28,23,14,19,4,3,FALSE,0,FALSE
197.04889,9.465,9.238,8.028,7.469,21.889,18,16,2,1532191.8,69,69,70,70,99,99,97,96,20.292,20.26,22.377,22.311,688.127,92513,0,0,433,2583,4,3,0,0,0,28,23,14,19,4,3,FALSE,0,FALSE
198.04156,9.484,9.253,8.051,7.49,21.889,18,16,2,1567980,69,67,74,70,99,99,98,97,20.297,20.265,22.387,22.321,719.255,92513,0,0,433,2583,4,3,0,0,0,28,23,14,19,4,3,FALSE,0,FALSE
198.54756,9.501,9.265,8.092,7.52,21.889,18,16,2,1579629.6,72,68,84,76,100,99,98,97,20.301,20.267,22.395,22.327,729.922,92513,0,0,433,2583,4,3,0,0,0,28,23,14,19,4,3,FALSE,0,FALSE
199.04718,9.511,9.274,8.141,7.546,21.887,18,16,2,1584780.5,71,69,94,78,100,99,98,97,20.304,20.27,22.407,22.336,743.587,92513,0,0,517,2733,4,3,0,0,0,28,23,14,19,4,3,FALSE,0,FALSE
199.54865,9.524,9.284,8.165,7.562,21.885,18,16,2,1589743.2,72,69,90,77,100,99,98,97,20.308,20.272,22.421,22.343,760.58,92513,0,0,517,2733,4,3,0,0,0,28,23,14,19,4,3,FALSE,0,FALSE
200.0459,9.537,9.293,8.175,7.571,21.882,18,16,2,1594931.4,73,69,83,74,100,99,98,97,20.312,20.275,22.431,22.35,771.128,92513,0,0,517,2800,4,3,0,0,0,28,23,14,19,4,3,FALSE,0,FALSE
200.54039,9.545,9.302,8.176,7.572,21.876,18,16,2,1599548,72,69,76,70,100,99,98,97,20.316,20.277,22.438,22.354,782.451,92513,0,0,517,2800,4,3,0,0,0,28,23,14,19,4,3,FALSE,0,FALSE
201.04901,9.558,9.319,8.176,7.573,21.867,18,16,2,1602289.1,72,71,70,67,100,99,99,97,20.319,20.279,22.442,22.357,796.969,92513,0,0,550,2800,4,3,0,0,0,28,23,14,19,4,3,FALSE,0,FALSE
201.54517,9.584,9.344,8.181,7.578,21.856,18,16,2,1607608.1,75,75,67,68,100,99,99,97,20.322,20.283,22.444,22.359,813.81,92513,0,0,550,2800,4,3,0,0,0,28,23,14,19,4,3,FALSE,0,FALSE
202.04614,9.608,9.369,8.193,7.592,21.846,18,16,2,1617451.4,74,75,69,72,100,99,99,97,20.326,20.287,22.445,22.361,832.821,92513,0,0,550,2750,4,3,0,0,0,28,23,14,19,4,3,FALSE,0,FALSE
202.54546,9.635,9.402,8.218,7.62,21.837,18,16,2,1623871,75,79,73,76,100,99,99,97,20.33,20.292,22.446,22.365,860.587,92513,0,0,467,2750,4,3,0,0,0,28,23,14,19,4,3,FALSE,0,FALSE
203.04642,9.677,9.453,8.24,7.643,21.826,18,16,2,1628823,77,81,72,74,100,99,99,97,20.333,20.299,22.448,22.369,881.799,92513,0,0,467,2767,4,3,0,0,0,28,23,14,19,4,3,FALSE,0,FALSE
203.54985,9.714,9.489,8.251,7.653,21.812,18,16,2,1623902.1,75,78,70,71,100,100,99,97,20.337,20.304,22.449,22.37,906.068,92513,0,0,450,2767,4,3,0,0,0,28,23,14,19,4,3,FALSE,0,FALSE
204.04497,9.731,9.507,8.254,7.656,21.799,18,16,2,1623449.1,71,71,68,68,100,100,99,97,20.338,20.307,22.448,22.37,933.095,92513,0,0,450,2767,4,3,0,0,0,28,23,14,19,4,3,FALSE,0,FALSE
204.54517,9.753,9.526,8.262,7.665,21.785,18,16,2,1616496,73,71,70,69,100,100,99,97,20.339,20.307,22.447,22.369,963.402,92513,0,0,433,2783,4,3,0,0,0,28,23,14,19,4,3,FALSE,0,FALSE
205.0482,9.78,9.547,8.274,7.678,21.772,18,16,2,1614219.2,73,70,70,69,100,100,99,97,20.34,20.307,22.445,22.367,993.956,92513,0,0,433,2783,4,3,0,0,0,28,23,14,19,4,3,FALSE,0,FALSE
205.54723,9.81,9.572,8.293,7.697,21.759,18,16,2,1605792,73,70,72,69,100,100,99,97,20.34,20.306,22.444,22.366,1025.684,92513,0,0,416,2783,4,3,0,0,0,28,23,14,19,4,3,FALSE,0,FALSE
206.04303,9.832,9.589,8.299,7.704,21.745,18,16,2,1597436.4,69,68,68,67,100,100,99,97,20.339,20.305,22.441,22.363,1058.107,92513,0,0,417,2783,4,3,0,0,0,28,23,14,19,4,3,FALSE,0,FALSE
206.54735,9.844,9.6,8.299,7.704,21.732,18,16,2,1593921.5,67,66,66,67,100,100,98,97,20.337,20.302,22.437,22.359,1094.344,92513,0,0,417,2767,4,3,0,0,0,28,23,14,19,4,3,FALSE,0,FALSE
207.04501,9.856,9.612,8.299,7.704,21.718,18,16,2,1585315.1,68,68,67,67,100,99,98,97,20.333,20.299,22.432,22.354,1130.645,92513,0,0,417,2767,4,3,0,0,0,28,23,14,19,4,3,FALSE,0,FALSE
207.54361,9.866,9.622,8.299,7.704,21.704,18,16,2,1576671.4,68,68,68,68,100,99,98,97,20.329,20.295,22.427,22.35,1168.195,92513,0,0,400,2767,4,3,0,0,0,28,23,14,19,4,3,FALSE,0,FALSE
208.04008,9.875,9.631,8.299,7.704,21.691,18,16,2,1568315.8,68,68,68,68,100,99,98,97,20.325,20.291,22.421,22.345,1205.588,92513,0,0,400,2733,4,3,0,0,0,28,23,14,19,4,3,FALSE,0,FALSE
208.54378,9.884,9.641,8.299,7.704,21.677,18,16,2,1559383.9,68,68,68,68,100,99,98,97,20.321,20.287,22.415,22.339,1246.623,92513,0,0,383,2733,4,3,0,0,0,28,23,14,19,4,3,FALSE,0,FALSE
209.04813,9.892,9.649,8.299,7.704,21.664,18,16,2,1556109.9,68,68,68,68,100,99,98,97,20.316,20.282,22.409,22.333,1287.126,92513,0,0,383,2717,4,3,0,0,0,28,23,14,19,4,3,FALSE,0,FALSE
209.54828,9.9,9.658,8.299,7.704,21.65,18,16,2,1547466.1,68,68,68,68,100,99,98,97,20.31,20.277,22.402,22.326,1328.392,92513,0,0,384,2717,4,3,0,0,0,28,23,14,19,4,3,FALSE,0,FALSE
210.04076,9.908,9.667,8.3,7.704,21.637,18,16,2,1539110.5,68,68,68,68,100,99,98,97,20.305,20.272,22.395,22.319,1368.971,92513,0,0,384,2684,4,3,0,0,0,28,23,14,19,4,3,FALSE,0,FALSE
210.54164,9.916,9.677,8.301,7.705,21.623,18,16,2,1530720.9,68,68,68,68,99,99,98,96,20.299,20.266,22.387,22.312,1411.606,92513,0,0,367,2684,4,3,0,0,0,28,23,14,19,4,3,FALSE,0,FALSE
211.04338,9.949,9.709,8.344,7.749,21.619,18,16,2,1563625.6,71,71,75,74,99,99,98,96,20.297,20.265,22.387,22.313,1449.921,92513,0,0,350,2617,4,3,0,0,0,28,23,14,19,4,3,FALSE,0,FALSE
211.5466,9.983,9.741,8.38,7.789,21.618,18,16,2,1594110.2,73,71,76,75,99,99,98,97,20.299,20.267,22.393,22.319,1480.233,92513,0,0,350,2617,4,3,0,0,0,28,23,14,19,4,3,FALSE,0,FALSE
212.0418,10.025,9.776,8.421,7.825,21.618,18,16,2,1617584.4,78,74,81,76,100,99,98,97,20.304,20.271,22.4,22.326,1502.274,92513,0,0,350,2617,4,3,0,0,0,28,23,14,19,4,3,FALSE,0,FALSE
212.5463,10.065,9.806,8.481,7.873,21.618,18,16,2,1638290.1,80,74,89,82,100,99,98,97,20.312,20.276,22.411,22.335,1520.696,92513,0,0,334,2617,4,3,0,0,0,28,23,14,19,4,3,FALSE,0,FALSE
213.04767,10.102,9.83,8.544,7.927,21.618,18,16,2,1651172.6,82,74,95,87,100,99,98,97,20.32,20.281,22.424,22.346,1544.889,92513,0,0,334,2583,4,3,0,0,0,28,23,14,19,4,3,FALSE,0,FALSE
213.54364,10.125,9.848,8.595,7.964,21.613,18,16,2,1657087.4,79,73,95,85,100,99,98,97,20.328,20.286,22.439,22.357,1565.439,92513,0,0,300,2583,4,3,0,0,0,28,23,14,19,4,3,FALSE,0,FALSE
214.04881,10.148,9.867,8.621,7.982,21.608,18,16,2,1663107.2,78,73,87,78,100,99,99,97,20.335,20.29,22.451,22.366,1581.762,92513,0,0,300,2634,4,3,0,0,0,28,23,14,19,4,3,FALSE,0,FALSE
214.5452,10.168,9.885,8.632,7.992,21.6,18,16,2,1667408.6,76,72,78,72,100,99,99,97,20.34,20.293,22.459,22.371,1598.426,92513,0,0,300,2634,4,3,0,0,0,28,23,14,19,4,3,FALSE,0,FALSE
215.0456,10.191,9.909,8.64,8,21.59,18,16,2,1668240.8,76,73,73,69,100,99,99,97,20.344,20.296,22.464,22.374,1616.141,92513,0,0,350,2634,4,3,0,0,0,28,23,14,19,4,3,FALSE,0,FALSE
215.54196,10.217,9.934,8.648,8.008,21.579,18,16,2,1666495.2,76,74,71,68,100,99,99,97,20.348,20.299,22.466,22.376,1636.293,92513,0,0,350,2634,4,3,0,0,0,28,23,14,19,4,3,FALSE,0,FALSE
216.04642,10.246,9.964,8.65,8.011,21.565,18,16,2,1662424.5,75,74,68,66,100,100,99,97,20.352,20.303,22.467,22.376,1660.454,92513,0,0,350,2600,4,3,0,0,0,28,23,14,19,4,3,FALSE,0,FALSE
216.5445,10.267,9.985,8.65,8.011,21.552,18,16,2,1662576.1,71,70,66,65,100,100,99,97,20.354,20.305,22.466,22.375,1686.481,92513,0,0,333,2600,4,3,0,0,0,28,23,14,19,4,3,FALSE,0,FALSE
217.04758,10.282,10.001,8.653,8.013,21.538,18,16,2,1655922.6,70,70,67,67,100,100,99,97,20.354,20.306,22.464,22.374,1714.975,92513,0,0,317,2600,4,3,0,0,0,28,23,14,19,4,3,FALSE,0,FALSE
217.54443,10.3,10.022,8.663,8.022,21.526,18,16,2,1653744,70,72,68,69,100,100,99,97,20.353,20.306,22.463,22.373,1745.219,92513,0,0,317,2600,4,3,0,0,0,28,23,14,19,4,3,FALSE,0,FALSE
218.04568,10.32,10.049,8.678,8.037,21.512,18,16,2,1645405.2,70,72,69,71,100,100,99,97,20.353,20.307,22.461,22.373,1777.059,92513,0,0,300,2600,4,3,0,0,0,28,23,14,19,4,3,FALSE,0,FALSE
218.54439,10.34,10.075,8.692,8.049,21.498,18,16,2,1636761.5,70,73,70,70,100,100,99,97,20.352,20.307,22.459,22.372,1811.295,92513,29803,0,300,2567,4,3,0,0,0,28,23,14,19,4,3,FALSE,0,FALSE
219.04404,10.357,10.097,8.71,8.059,21.49,18,16,2,1648607.8,68,70,71,68,100,100,99,97,20.35,20.307,22.457,22.37,1846.653,92513,29803,0,300,2567,4,3,0,0,0,28,23,14,19,4,3,FALSE,0,FALSE
219.5477,10.401,10.131,8.773,8.114,21.49,18,16,2,1678562.5,78,73,85,79,100,100,99,97,20.351,20.308,22.459,22.371,1875.725,92513,29803,0,300,2567,4,3,0,0,0,28,23,14,19,4,3,FALSE,0,FALSE
220.04442,10.472,10.186,8.902,8.217,21.488,18,16,2,1696753,84,77,101,90,101,100,99,97,20.358,20.312,22.47,22.379,1902.597,92513,29803,0,300,2600,4,3,0,0,0,28,23,14,19,4,3,FALSE,0,FALSE
220.54077,10.523,10.225,9.005,8.3,21.481,18,16,2,1702247.4,84,77,100,90,101,100,99,98,20.365,20.316,22.483,22.388,1929.087,92513,29803,0,333,2600,4,3,0,0,0,28,23,14,19,4,3,FALSE,0,FALSE
221.04681,10.589,10.277,9.058,8.343,21.471,18,16,2,1707774.8,84,78,85,78,101,100,99,98,20.372,20.32,22.492,22.394,1956.231,92513,29803,0,333,2600,4,3,0,0,0,28,23,14,19,4,3,FALSE,0,FALSE
221.54694,10.609,10.296,9.063,8.348,21.458,18,16,2,1702461.1,72,71,71,70,101,100,99,98,20.375,20.322,22.494,22.395,1982.641,92513,29803,0,383,2600,4,3,0,0,0,28,23,14,19,4,3,FALSE,0,FALSE
222.04901,10.645,10.339,9.103,8.398,21.446,18,16,2,1705129,74,77,75,80,101,100,99,98,20.375,20.323,22.493,22.395,2011.467,92513,29803,0,383,2650,4,3,0,0,0,28,23,14,19,4,3,FALSE,0,FALSE
222.54437,10.698,10.402,9.158,8.467,21.434,18,16,2,1707299.2,78,81,77,84,101,100,99,98,20.377,20.327,22.493,22.399,2042.702,92513,29803,0,417,2683,4,3,0,0,0,28,23,14,19,4,3,FALSE,0,FALSE
223.0479,10.75,10.462,9.205,8.52,21.42,18,16,2,1699624.2,77,80,76,81,101,100,99,98,20.379,20.331,22.493,22.402,2073.701,92513,29803,0,417,2683,4,3,0,0,0,28,23,14,19,4,3,FALSE,0,FALSE
223.54695,10.801,10.525,9.253,8.574,21.407,18,16,2,1696884.6,76,81,76,79,101,100,99,98,20.38,20.334,22.493,22.404,2104.929,92513,29803,0,483,2683,4,3,0,0,0,28,23,14,19,4,3,FALSE,0,FALSE
224.04681,10.832,10.565,9.277,8.598,21.394,18,16,2,1688249.6,71,75,71,72,101,100,99,98,20.379,20.336,22.49,22.403,2137.867,92513,29803,0,500,2683,4,3,0,0,0,28,23,14,19,4,3,FALSE,0,FALSE
224.54146,10.844,10.58,9.28,8.6,21.38,18,16,2,1680003,70,71,69,69,101,100,99,98,20.377,20.335,22.486,22.4,2170.869,92513,29803,0,500,2783,4,3,0,0,0,28,23,14,19,4,3,FALSE,0,FALSE
225.0437,10.87,10.607,9.312,8.634,21.377,18,16,2,1709145.2,72,71,74,73,101,100,99,98,20.376,20.335,22.487,22.401,2202.732,92513,29803,0,500,2783,4,3,0,0,0,28,23,14,19,4,3,FALSE,0,FALSE
225.54637,10.888,10.621,9.323,8.647,21.376,18,16,2,1735363.9,70,69,72,70,101,100,99,98,20.377,20.336,22.49,22.404,2226.934,92513,29803,0,500,2783,4,3,0,0,0,28,23,14,19,4,3,FALSE,0,FALSE
226.04413,10.908,10.638,9.344,8.669,21.376,18,16,2,1757398.4,74,70,75,74,101,100,99,98,20.379,20.337,22.494,22.408,2246.341,92513,29803,0,500,2783,4,3,0,0,0,28,23,14,19,4,3,FALSE,0,FALSE
226.54593,10.942,10.664,9.398,8.708,21.376,18,16,2,1774907.5,79,73,88,80,101,100,100,98,20.385,20.341,22.502,22.414,2260.723,92513,29803,0,500,2817,4,3,0,0,0,28,23,14,19,4,3,FALSE,0,FALSE
227.0488,10.958,10.677,9.461,8.75,21.376,18,16,2,1787423.8,76,72,99,85,101,100,100,98,20.39,20.344,22.514,22.423,2273.803,92513,29803,0,517,2817,4,3,0,0,0,28,23,14,19,4,3,FALSE,0,FALSE
227.54555,10.972,10.688,9.501,8.78,21.374,18,16,2,1793811.8,75,71,98,85,101,100,100,98,20.395,20.347,22.53,22.433,2288.256,92513,29803,0,517,2817,4,3,0,0,0,28,23,14,19,4,3,FALSE,0,FALSE
228.04749,10.987,10.699,9.514,8.791,21.37,18,16,2,1799522.6,75,70,88,79,101,100,100,99,20.399,20.349,22.541,22.441,2300.66,92513,29803,0,517,2700,4,3,0,0,0,28,23,14,19,4,3,FALSE,0,FALSE
228.54381,11.004,10.713,9.533,8.806,21.365,18,16,2,1805765.2,76,71,84,76,101,100,100,99,20.403,20.351,22.55,22.446,2312.65,92513,29803,0,383,2700,4,3,0,0,0,28,23,14,19,4,3,FALSE,0,FALSE
229.04747,11.024,10.733,9.54,8.812,21.357,18,16,2,1811692.5,76,73,77,72,101,100,100,99,20.407,20.353,22.556,22.45,2325.544,92513,29803,0,383,2700,4,3,0,0,0,28,23,14,19,4,3,FALSE,0,FALSE
229.54637,11.06,10.774,9.544,8.817,21.347,18,16,2,1816929.8,82,81,72,68,102,101,100,99,20.412,20.358,22.558,22.452,2340.874,92513,29803,0,383,2700,4,3,0,0,0,28,23,14,19,4,3,FALSE,0,FALSE
230.04828,11.107,10.825,9.545,8.818,21.334,18,16,2,1822115.1,84,84,69,66,102,101,100,99,20.419,20.365,22.559,22.452,2359.37,92513,29803,0,550,2850,4,3,0,0,0,28,23,14,19,4,3,FALSE,0,FALSE
230.5454,11.131,10.852,9.545,8.818,21.322,18,16,2,1824529.1,76,76,66,66,102,101,100,99,20.424,20.371,22.558,22.451,2380.752,92513,29803,0,550,2817,4,3,0,0,0,28,23,14,19,4,3,FALSE,0,FALSE
231.0428,11.148,10.871,9.545,8.818,21.309,18,16,2,1819961,73,72,66,67,102,101,100,99,20.426,20.373,22.556,22.449,2404.005,92513,29803,0,550,2817,4,3,0,0,0,28,23,14,19,4,3,FALSE,0,FALSE
231.54524,11.163,10.887,9.545,8.818,21.296,18,16,2,1819241,71,70,66,66,102,101,100,99,20.426,20.373,22.553,22.447,2431.219,92513,29803,0,500,2817,4,3,0,0,0,28,23,14,19,4,3,FALSE,0,FALSE
232.54604,11.19,10.914,9.545,8.818,21.27,18,16,2,1810195.8,69,69,67,66,102,101,100,99,20.423,20.371,22.546,22.442,2490.143,92513,29803,0,500,2816,4,3,0,0,0,28,23,14,19,4,3,FALSE,0,FALSE
233.04451,11.201,10.925,9.545,8.818,21.256,18,16,2,1801759.6,69,69,66,66,102,101,100,98,20.421,20.369,22.542,22.438,2522.167,92513,29803,0,483,2816,4,3,0,0,0,28,23,14,19,4,3,FALSE,0,FALSE
233.54655,11.216,10.943,9.554,8.826,21.242,18,16,2,1793115.9,69,71,68,69,102,101,100,98,20.418,20.366,22.537,22.435,2555.841,92513,29803,0,483,2833,4,3,0,0,0,28,23,14,19,4,3,FALSE,0,FALSE
234.04565,11.237,10.972,9.574,8.845,21.229,18,16,2,1789873.8,70,73,70,72,102,101,100,98,20.416,20.365,22.533,22.432,2590.733,92513,29803,0,467,2833,4,3,0,0,0,28,23,14,19,4,3,FALSE,0,FALSE
234.5445,11.273,11.018,9.618,8.889,21.216,18,16,2,1788987.2,73,76,75,78,102,101,100,98,20.413,20.365,22.53,22.43,2625.972,92513,29803,0,467,2833,4,3,0,0,0,28,23,14,19,4,3,FALSE,0,FALSE
235.0455,11.314,11.069,9.666,8.937,21.216,18,16,2,1818826.5,73,77,76,79,102,101,100,98,20.414,20.368,22.531,22.433,2658.714,92513,29803,0,467,2850,4,3,0,0,0,28,23,14,19,4,3,FALSE,0,FALSE
235.54684,11.333,11.094,9.686,8.956,21.215,18,16,2,1843828.6,71,73,73,75,102,101,100,98,20.415,20.371,22.534,22.438,2684.711,92513,29803,0,500,2850,4,3,0,0,0,28,23,14,19,4,3,FALSE,0,FALSE
236.04485,11.348,11.113,9.703,8.972,21.214,18,16,2,1866034.8,69,73,72,75,102,101,100,99,20.417,20.374,22.537,22.443,2704.577,92513,29803,0,500,2850,4,3,0,0,0,28,23,14,19,4,3,FALSE,0,FALSE
236.54439,11.363,11.133,9.726,8.998,21.214,18,16,2,1885280.9,70,74,75,79,102,101,100,99,20.418,20.377,22.541,22.448,2721.39,92513,29803,0,500,2850,4,3,0,0,0,28,23,14,19,4,3,FALSE,0,FALSE
237.0446,11.386,11.162,9.76,9.045,21.214,18,16,2,1900255.2,73,78,80,88,102,101,100,99,20.42,20.383,22.546,22.457,2734.177,92513,29803,0,500,2917,4,3,0,0,0,28,23,14,19,4,3,FALSE,0,FALSE
237.54623,11.396,11.174,9.789,9.092,21.213,18,16,2,1909746.2,72,75,82,95,102,101,100,99,20.423,20.388,22.553,22.469,2744.583,92513,29803,0,550,2917,4,3,0,0,0,28,23,14,19,4,3,FALSE,0,FALSE
238.04329,11.407,11.186,9.807,9.12,21.21,18,16,2,1914667.1,72,75,81,93,102,101,100,99,20.426,20.392,22.56,22.482,2764.072,92513,29803,0,550,2917,4,3,0,0,0,28,23,14,19,4,3,FALSE,0,FALSE
238.5443,11.425,11.208,9.818,9.133,21.205,18,16,2,1920427.1,73,78,77,85,102,101,101,99,20.429,20.397,22.565,22.492,2774.778,92513,29803,0,550,2933,4,3,0,0,0,28,23,14,19,4,3,FALSE,0,FALSE
239.04692,11.438,11.221,9.82,9.135,21.198,18,16,2,1924419.1,73,75,71,77,102,101,101,99,20.431,20.402,22.568,22.499,2787.078,92513,29803,0,550,2933,4,3,0,0,0,28,23,14,19,4,3,FALSE,0,FALSE
239.54427,11.46,11.239,9.82,9.135,21.188,18,16,2,1926524.4,75,75,68,71,102,101,101,100,20.433,20.405,22.569,22.502,2802.145,92513,29803,0,583,2933,4,3,0,0,0,28,23,14,19,4,3,FALSE,0,FALSE
240.04337,11.501,11.276,9.821,9.135,21.176,18,16,2,1930301.1,81,80,66,67,102,102,101,100,20.438,20.409,22.568,22.502,2819.343,92513,29803,0,583,2933,4,3,0,0,0,28,23,14,19,4,3,FALSE,0,FALSE
240.54564,11.527,11.301,9.821,9.135,21.165,18,16,2,1932700.1,75,75,65,66,102,102,101,100,20.443,20.414,22.566,22.501,2840.563,92513,29803,0,583,2933,4,3,0,0,0,28,23,14,19,4,3,FALSE,0,FALSE
241.04732,11.551,11.325,9.821,9.135,21.151,18,16,2,1928276.6,73,73,66,66,102,102,101,99,20.444,20.416,22.564,22.499,2863.95,92513,29803,0,566,2933,4,3,0,0,0,28,23,14,19,4,3,FALSE,0,FALSE
241.54773,11.569,11.343,9.821,9.135,21.138,18,16,2,1928096.4,70,70,66,66,102,102,101,99,20.445,20.417,22.561,22.497,2889.953,92513,29803,0,566,2933,4,3,0,0,0,28,23,14,19,4,3,FALSE,0,FALSE
242.04504,11.584,11.358,9.821,9.135,21.124,18,16,2,1921350,69,69,67,67,102,102,100,99,20.444,20.416,22.558,22.495,2918.265,92513,29803,0,516,2900,4,3,0,0,0,28,23,14,19,4,3,FALSE,0,FALSE
242.5464,11.596,11.371,9.821,9.135,21.112,18,16,2,1918981.4,68,68,67,67,102,102,100,99,20.442,20.415,22.555,22.492,2948.624,92513,29803,0,500,2884,4,3,0,0,0,28,23,14,19,4,3,FALSE,0,FALSE
243.04572,11.608,11.382,9.821,9.135,21.098,18,16,2,1910501.9,68,68,67,67,102,102,100,99,20.439,20.412,22.551,22.488,2980.91,92513,29803,0,500,2884,4,3,0,0,0,28,23,14,19,4,3,FALSE,0,FALSE
243.54613,11.619,11.393,9.821,9.135,21.084,18,16,2,1901858.1,68,68,68,67,102,102,100,99,20.436,20.41,22.546,22.484,3014.927,92513,29803,0,500,2883,4,3,0,0,0,28,23,14,19,4,3,FALSE,0,FALSE
244.04514,11.628,11.403,9.821,9.135,21.071,18,16,2,1898615.5,68,68,68,68,102,101,100,99,20.433,20.406,22.542,22.48,3050.407,92513,29803,0,500,2883,4,3,0,0,0,28,23,14,19,4,3,FALSE,0,FALSE
244.54556,11.638,11.413,9.821,9.135,21.058,18,16,2,1889971.8,68,68,68,68,102,101,100,99,20.429,20.403,22.536,22.475,3087.151,92513,29803,0,500,2883,4,3,0,0,0,28,23,14,19,4,3,FALSE,0,FALSE
245.047,11.648,11.423,9.821,9.135,21.044,18,16,2,1881328,69,68,68,68,102,101,100,99,20.425,20.399,22.531,22.47,3125.131,92513,29803,0,484,2883,4,3,0,0,0,28,23,14,19,4,3,FALSE,0,FALSE
245.54504,11.657,11.432,9.821,9.135,21.03,18,16,2,1872684.2,68,68,68,68,102,101,100,99,20.42,20.394,22.524,22.464,3164.235,92513,29803,0,483,2850,4,3,0,0,0,28,23,14,19,4,3,FALSE,0,FALSE
246.04628,11.666,11.441,9.821,9.135,21.016,18,16,2,1864040.5,68,68,69,68,102,101,100,99,20.415,20.39,22.518,22.458,3204.358,92513,29803,0,483,2850,4,3,0,0,0,28,23,14,19,4,3,FALSE,0,FALSE
246.54474,11.675,11.449,9.821,9.135,21.003,18,16,2,1860850.8,68,68,69,68,102,101,100,99,20.409,20.384,22.511,22.451,3245.271,92513,29803,0,467,2850,4,3,0,0,0,28,23,14,19,4,3,FALSE,0,FALSE
247.04587,11.683,11.457,9.821,9.135,20.99,18,16,2,1852207,68,68,69,68,101,101,100,99,20.404,20.379,22.503,22.444,3286.931,92513,29803,0,466,2800,4,3,0,0,0,28,23,14,19,4,3,FALSE,0,FALSE
247.54187,11.692,11.465,9.821,9.135,20.976,18,16,2,1843851.4,69,68,69,68,101,101,99,98,20.398,20.373,22.496,22.437,3327.899,92513,29803,0,434,2800,4,3,0,0,0,28,23,14,19,4,3,FALSE,0,FALSE
248.0442,11.71,11.482,9.84,9.154,20.966,18,16,2,1853317.5,71,71,74,73,101,101,99,98,20.392,20.367,22.489,22.431,3371.515,92513,29803,0,434,2800,4,3,0,0,0,28,23,14,19,4,3,FALSE,0,FALSE
248.54176,11.742,11.514,9.882,9.195,20.963,18,16,2,1884502.1,72,73,76,76,101,101,99,98,20.392,20.368,22.492,22.434,3405.079,92513,29803,0,417,2717,4,3,0,0,0,28,23,14,19,4,3,FALSE,0,FALSE
249.04608,11.787,11.569,9.956,9.272,20.963,18,16,2,1913636.2,75,81,85,88,101,101,100,99,20.395,20.372,22.5,22.443,3432.605,92513,29803,0,417,2717,4,3,0,0,0,28,23,14,19,4,3,FALSE,0,FALSE
249.54611,11.834,11.629,10.043,9.391,20.961,18,16,2,1929863.4,78,84,91,103,101,101,100,99,20.4,20.38,22.511,22.458,3454.468,92513,29803,0,433,2733,4,3,0,0,0,28,23,14,19,4,3,FALSE,0,FALSE
250.04283,11.868,11.671,10.109,9.48,20.953,18,16,2,1936396,78,83,89,100,101,101,100,99,20.405,20.388,22.522,22.474,3478.943,92513,29803,0,433,2733,4,3,0,0,0,28,23,14,19,4,3,FALSE,0,FALSE
250.54747,11.918,11.734,10.168,9.551,20.943,18,16,2,1943265,80,87,86,94,102,101,100,99,20.41,20.397,22.532,22.488,3503.568,92513,29803,0,450,2750,4,3,0,0,0,28,23,14,19,4,3,FALSE,0,FALSE
251.04605,11.97,11.798,10.219,9.615,20.933,18,16,2,1949832.6,80,87,83,90,102,101,100,99,20.416,20.405,22.539,22.499,3526.079,92513,29803,0,450,2750,4,3,0,0,0,28,23,14,19,4,3,FALSE,0,FALSE
251.54472,12.013,11.851,10.258,9.66,20.922,18,16,2,1956226.1,77,83,79,84,102,102,100,100,20.42,20.413,22.545,22.507,3549.231,92513,29803,0,450,2733,4,3,0,0,0,28,23,14,19,4,3,FALSE,0,FALSE
252.04723,12.053,11.901,10.293,9.699,20.91,18,16,2,1961531.1,76,82,77,81,102,102,100,100,20.423,20.419,22.548,22.513,3573.532,92513,29803,0,450,2733,4,3,0,0,0,28,23,14,19,4,3,FALSE,0,FALSE
252.54721,12.103,11.959,10.329,9.737,20.897,18,16,2,1960979.5,78,83,76,79,102,102,100,100,20.426,20.425,22.55,22.517,3599.345,92513,29803,0,450,2733,4,3,0,0,0,28,23,14,19,4,3,FALSE,0,FALSE
253.0475,12.144,12.008,10.363,9.772,20.884,18,16,2,1954125.5,76,80,75,78,102,102,100,100,20.428,20.429,22.551,22.519,3627.268,92513,29803,0,450,2750,4,3,0,0,0,28,23,14,19,4,3,FALSE,0,FALSE
253.54501,12.186,12.059,10.395,9.805,20.87,18,16,2,1946522.2,74,79,74,76,102,102,100,100,20.429,20.433,22.551,22.521,3657.196,92513,29803,0,467,2767,4,3,0,0,0,28,23,14,19,4,3,FALSE,0,FALSE
254.04663,12.212,12.091,10.415,9.823,20.857,18,16,2,1943830.5,71,75,72,72,102,102,100,100,20.428,20.434,22.55,22.52,3689.336,92513,29803,0,467,2767,4,3,0,0,0,28,23,14,19,4,3,FALSE,0,FALSE
254.54341,12.227,12.107,10.42,9.828,20.844,18,16,2,1935480,70,70,70,69,102,102,100,100,20.426,20.433,22.547,22.518,3721.589,92513,29803,0,483,2783,4,3,0,0,0,28,23,14,19,4,3,FALSE,0,FALSE
255.04079,12.284,12.154,10.478,9.88,20.83,18,16,2,1926836.2,80,76,81,76,102,102,100,100,20.425,20.431,22.546,22.515,3755.505,92513,29803,0,500,2800,4,3,0,0,0,28,23,14,19,4,3,FALSE,0,FALSE
255.5466,12.353,12.211,10.55,9.948,20.816,18,16,2,1917904.4,81,77,83,79,102,102,100,100,20.427,20.431,22.547,22.515,3791.446,92513,29803,0,500,2800,4,3,0,0,0,28,23,14,19,4,3,FALSE,0,FALSE
256.04468,12.436,12.28,10.644,10.036,20.803,18,16,2,1914692.5,83,78,87,82,102,102,100,100,20.43,20.432,22.549,22.515,3827.898,92513,29803,0,500,2800,4,3,0,0,0,28,23,14,19,4,3,FALSE,0,FALSE
256.54788,12.528,12.356,10.768,10.146,20.789,18,16,2,1906048.8,85,80,92,86,102,102,100,100,20.433,20.432,22.552,22.515,3865.022,92513,29803,0,500,2800,4,3,0,0,0,28,23,14,19,4,3,FALSE,0,FALSE
257.04745,12.621,12.434,10.885,10.249,20.776,18,16,2,1897405,84,79,91,84,102,102,100,100,20.436,20.432,22.555,22.516,3902.225,92513,29803,0,500,2800,4,3,0,0,0,28,23,14,19,4,3,FALSE,0,FALSE
257.5442,12.724,12.521,11.013,10.362,20.762,18,16,2,1888761.2,86,81,91,84,102,102,100,100,20.438,20.432,22.557,22.516,3938.783,92513,29803,0,484,2800,4,3,0,0,0,28,23,14,19,4,3,FALSE,0,FALSE
258.04208,12.791,12.575,11.075,10.421,20.749,18,16,2,1880405.6,78,74,78,75,102,102,100,100,20.439,20.431,22.557,22.514,3973.504,92513,29803,0,500,2784,4,3,0,0,0,28,23,14,19,4,3,FALSE,0,FALSE
258.54477,12.809,12.588,11.08,10.426,20.734,18,16,2,1871473.8,70,70,69,68,102,102,100,100,20.435,20.426,22.551,22.508,4011.96,92513,29803,40016,500,2784,4,3,0,0,0,28,23,14,19,4,3,FALSE,0,FALSE
259.04678,12.831,12.608,11.11,10.456,20.727,18,16,2,1889166.2,72,71,75,74,102,102,100,100,20.43,20.422,22.547,22.503,4048.136,92513,29803,40016,483,2783,4,3,0,0,0,28,23,14,19,4,3,FALSE,0,FALSE
259.54425,12.881,12.649,11.171,10.514,20.726,18,16,2,1917421.2,79,74,85,80,102,102,100,100,20.432,20.421,22.551,22.507,4076.405,92513,29803,40016,483,2783,4,3,0,0,0,28,23,14,19,4,3,FALSE,0,FALSE
260.04718,12.945,12.698,11.263,10.59,20.725,18,16,2,1942747.4,85,78,95,87,102,102,100,100,20.437,20.424,22.56,22.514,4100.075,92513,29803,40016,500,2783,4,3,0,0,0,28,23,14,19,4,3,FALSE,0,FALSE
260.54193,12.996,12.737,11.362,10.664,20.725,18,16,2,1960501.2,84,77,104,91,102,102,101,100,20.445,20.428,22.573,22.523,4119.534,92513,29803,40016,500,2800,4,3,0,0,0,28,23,14,19,4,3,FALSE,0,FALSE
261.04736,13.031,12.765,11.442,10.722,20.718,18,16,2,1967350.4,81,77,101,88,102,102,101,100,20.45,20.431,22.589,22.533,4140.296,92513,29803,40016,500,2800,4,3,0,0,0,28,23,14,19,4,3,FALSE,0,FALSE
261.53995,13.072,12.8,11.498,10.763,20.71,18,16,2,1973705.9,82,78,95,83,102,102,101,100,20.456,20.434,22.601,22.54,4162.929,92513,29803,40016,450,2750,4,3,0,0,0,28,23,14,19,4,3,FALSE,0,FALSE
262.04498,13.119,12.839,11.538,10.795,20.7,18,16,2,1980374.5,83,78,86,78,102,102,101,100,20.461,20.438,22.609,22.545,4184.353,92513,29803,40016,450,2783,4,3,0,0,0,28,23,14,19,4,3,FALSE,0,FALSE
262.54605,13.163,12.881,11.56,10.814,20.688,18,16,2,1981472.1,82,79,79,73,103,102,101,100,20.466,20.441,22.614,22.547,4206.332,92513,29803,40016,483,2783,4,3,0,0,0,28,23,14,19,4,3,FALSE,0,FALSE
263.04614,13.207,12.922,11.569,10.823,20.674,18,16,2,1976342.4,79,76,72,69,103,102,101,100,20.47,20.443,22.615,22.546,4231.045,92513,29803,40016,483,2783,4,3,0,0,0,28,23,14,19,4,3,FALSE,0,FALSE
263.54352,13.228,12.941,11.57,10.825,20.661,18,16,2,1975835.6,72,72,68,66,103,102,101,100,20.47,20.443,22.613,22.544,4258.331,92513,29803,40016,466,2766,4,3,0,0,0,28,23,14,19,4,3,FALSE,0,FALSE
264.5471,13.254,12.965,11.57,10.825,20.635,18,16,2,1965928.6,70,70,68,68,103,102,101,100,20.466,20.439,22.606,22.537,4318.993,92513,29803,40016,483,2750,4,3,0,0,0,28,23,14,19,4,3,FALSE,0,FALSE
265.04807,13.265,12.976,11.57,10.825,20.621,18,16,2,1957312.6,70,70,68,68,102,102,101,100,20.463,20.436,22.601,22.533,4351.87,92513,29803,40016,467,2733,4,3,0,0,0,28,23,14,19,4,3,FALSE,0,FALSE
265.54535,13.277,12.988,11.57,10.825,20.607,18,16,2,1927448,70,70,68,67,102,102,101,100,20.459,20.432,22.596,22.528,4386.306,92513,29803,40016,467,2733,4,3,0,0,0,28,23,14,19,4,3,FALSE,0,FALSE
266.03964,13.289,13.001,11.57,10.825,20.595,18,16,2,1877361.1,70,70,68,68,102,102,101,100,20.456,20.429,22.591,22.523,4421.06,92513,29803,40016,467,2717,4,3,0,0,0,28,23,14,19,4,3,FALSE,0,FALSE
266.54767,13.302,13.015,11.571,10.825,20.58,18,16,2,1817825.6,70,70,68,68,102,102,101,100,20.451,20.425,22.584,22.517,4459.677,92513,29803,40016,450,2700,4,3,0,0,0,28,23,14,19,4,3,FALSE,0,FALSE
267.04672,13.314,13.028,11.571,10.825,20.567,18,16,2,1760210.6,70,70,68,68,102,102,101,100,20.446,20.42,22.578,22.511,4498.457,92513,29803,40016,450,2684,4,3,0,0,0,28,23,14,19,4,3,FALSE,0,FALSE
267.548,13.326,13.04,11.571,10.825,20.553,18,16,2,1702595.6,70,70,68,68,102,102,101,100,20.441,20.415,22.571,22.504,4538.468,92513,29803,40016,450,2684,4,3,0,0,0,28,23,14,19,4,3,FALSE,0,FALSE
268.04193,13.334,13.048,11.571,10.825,20.541,18,16,2,1699682,70,70,68,68,102,102,101,99,20.436,20.41,22.564,22.497,4577.888,92513,29803,40016,400,2633,4,3,0,0,0,28,23,14,19,4,3,FALSE,0,FALSE
268.5406,13.342,13.056,11.571,10.825,20.527,18,16,2,1691038.2,71,71,69,69,102,101,100,99,20.43,20.405,22.556,22.49,4619.323,92513,29803,40016,400,2617,4,3,0,0,0,28,23,14,19,4,3,FALSE,0,FALSE
269.0429,13.35,13.064,11.571,10.825,20.513,18,16,2,1682394.5,71,71,69,69,102,101,100,99,20.425,20.399,22.548,22.482,4661.37,92513,29803,40016,383,2617,4,3,0,0,0,28,23,14,19,4,3,FALSE,0,FALSE
269.54254,13.359,13.073,11.571,10.825,20.499,18,16,2,1673750.8,71,71,70,69,102,101,100,99,20.419,20.393,22.54,22.475,4703.96,92513,29803,40016,367,2583,4,3,0,0,0,28,23,14,19,4,3,FALSE,0,FALSE
270.04233,13.367,13.082,11.571,10.825,20.485,18,16,2,1665107,71,71,69,69,102,101,100,99,20.412,20.387,22.531,22.466,4747.024,92513,29803,40016,350,2583,4,3,0,0,0,28,23,14,19,4,3,FALSE,0,FALSE
270.53973,13.375,13.091,11.571,10.825,20.471,18,16,2,1656463.2,70,70,69,69,101,101,100,99,20.406,20.381,22.522,22.458,4790.494,92513,29803,40016,317,2517,4,3,0,0,0,28,23,14,19,4,3,FALSE,0,FALSE
271.04272,13.4,13.117,11.605,10.859,20.465,18,16,2,1678462.9,72,71,75,74,101,101,100,99,20.401,20.376,22.518,22.454,4831.819,92513,29803,40016,317,2517,4,3,0,0,0,28,23,14,19,4,3,FALSE,0,FALSE
271.54584,13.438,13.151,11.644,10.9,20.464,18,16,2,1710799.2,73,72,75,75,101,101,100,99,20.401,20.377,22.523,22.459,4865.215,92513,29803,40016,316,2517,4,3,0,0,0,28,23,14,19,4,3,FALSE,0,FALSE
272.04465,13.452,13.162,11.654,10.911,20.463,18,16,2,1736752.2,70,68,72,71,101,101,100,99,20.402,20.378,22.527,22.463,4890.679,92513,29803,40016,316,2550,4,3,0,0,0,28,23,14,19,4,3,FALSE,0,FALSE
272.5441,13.482,13.184,11.701,10.949,20.463,18,16,2,1758786.4,75,71,83,77,101,101,100,99,20.405,20.379,22.533,22.468,4912.135,92513,29803,40016,366,2550,4,3,0,0,0,28,23,14,19,4,3,FALSE,0,FALSE
273.0448,13.524,13.215,11.78,11.01,20.463,18,16,2,1777042.6,80,74,96,85,102,101,100,99,20.411,20.382,22.544,22.477,4929.466,92513,29803,40016,366,2517,4,3,0,0,0,28,23,14,19,4,3,FALSE,0,FALSE
273.54605,13.548,13.237,11.863,11.06,20.458,18,16,2,1784582.8,78,74,104,87,102,101,100,99,20.416,20.385,22.56,22.487,4953.452,92513,29803,40016,366,2517,4,3,0,0,0,28,23,14,19,4,3,FALSE,0,FALSE
274.04523,13.584,13.265,11.893,11.084,20.451,18,16,2,1790934.1,81,76,90,79,102,101,101,99,20.422,20.389,22.573,22.495,4969.979,92513,29803,40016,333,2517,4,3,0,0,0,28,23,14,19,4,3,FALSE,0,FALSE
274.54324,13.607,13.286,11.909,11.097,20.443,18,16,2,1796140.8,77,74,80,73,102,101,101,99,20.427,20.393,22.581,22.5,4987.458,92513,29803,40016,333,2517,4,3,0,0,0,28,23,14,19,4,3,FALSE,0,FALSE
275.0409,13.635,13.313,11.92,11.107,20.431,18,16,2,1795901,77,75,75,70,102,101,101,100,20.431,20.395,22.585,22.502,5007.502,92513,29803,40016,333,2517,4,3,0,0,0,28,23,14,19,4,3,FALSE,0,FALSE
275.54333,13.688,13.366,11.932,11.119,20.418,18,16,2,1791886.6,81,79,73,69,102,101,101,100,20.436,20.4,22.587,22.503,5029.481,92513,29803,40016,317,2517,4,3,0,0,0,28,23,14,19,4,3,FALSE,0,FALSE
276.04398,13.723,13.398,11.943,11.13,20.404,18,16,2,1782806.8,76,74,70,68,102,101,101,100,20.441,20.403,22.588,22.503,5054.972,92513,29803,40016,317,2550,4,3,0,0,0,28,23,14,19,4,3,FALSE,0,FALSE
276.54208,13.742,13.416,11.944,11.131,20.391,18,16,2,1740031.2,72,71,68,66,102,101,101,100,20.441,20.404,22.587,22.501,5081.952,92513,29803,40016,350,2550,4,3,0,0,0,28,23,14,19,4,3,FALSE,0,FALSE
277.04016,13.758,13.432,11.944,11.131,20.378,18,16,2,1704660.6,71,69,67,67,102,101,101,99,20.441,20.403,22.584,22.499,5112.528,92513,29803,40016,350,2550,4,3,0,0,0,28,23,14,19,4,3,FALSE,0,FALSE
277.53998,13.769,13.443,11.944,11.131,20.364,18,16,2,1696152.5,70,69,67,68,102,101,101,99,20.439,20.402,22.581,22.497,5144.859,92513,29803,40016,350,2533,4,3,0,0,0,28,23,14,19,4,3,FALSE,0,FALSE
278.03854,13.779,13.454,11.944,11.131,20.351,18,16,2,1687508.8,70,69,68,68,102,101,101,99,20.438,20.4,22.577,22.494,5178.812,92513,29803,40016,350,2534,4,3,0,0,0,28,23,14,19,4,3,FALSE,0,FALSE
278.54126,13.789,13.464,11.944,11.131,20.338,18,16,2,1684326.9,70,69,68,68,102,101,101,99,20.435,20.397,22.573,22.49,5214.212,92513,29803,40016,350,2534,4,3,0,0,0,28,23,14,19,4,3,FALSE,0,FALSE
279.04224,13.798,13.473,11.944,11.131,20.324,18,16,2,1675683.1,70,70,68,68,102,101,101,99,20.432,20.394,22.568,22.486,5250.726,92513,29803,40016,333,2500,4,3,0,0,0,28,23,14,19,4,3,FALSE,0,FALSE
279.54337,13.808,13.482,11.944,11.131,20.31,18,16,2,1667039.4,69,69,68,68,102,101,101,99,20.428,20.391,22.563,22.481,5288.345,92513,29803,40016,333,2500,4,3,0,0,0,28,23,14,19,4,3,FALSE,0,FALSE
280.04166,13.817,13.492,11.944,11.131,20.296,18,16,2,1658395.6,69,69,69,68,102,101,100,99,20.424,20.387,22.558,22.476,5326.976,92513,29803,40016,333,2484,4,3,0,0,0,28,23,14,19,4,3,FALSE,0,FALSE
280.54153,13.826,13.501,11.944,11.131,20.283,18,16,2,1649751.9,68,68,69,68,102,101,100,99,20.42,20.383,22.551,22.47,5366.622,92513,29803,40016,334,2484,4,3,0,0,0,28,23,14,19,4,3,FALSE,0,FALSE
281.03513,13.835,13.509,11.944,11.131,20.27,18,16,2,1646498,68,68,69,68,102,101,100,99,20.414,20.378,22.545,22.464,5407.081,92513,29803,40016,334,2467,4,3,0,0,0,28,23,14,19,4,3,FALSE,0,FALSE
281.5395,13.843,13.517,11.944,11.131,20.256,18,16,3,1637854.2,68,68,69,68,101,101,100,99,20.408,20.372,22.538,22.457,39.548,92403,0,0,316,2450,4,4,0,0,0,28,23,14,19,4,3,FALSE,0,FALSE
282.0421,13.852,13.526,11.944,11.131,20.242,18,16,3,1629210.5,68,68,69,68,101,101,100,99,20.402,20.366,22.53,22.45,81.652,92403,0,0,316,2416,4,4,0,0,0,28,23,14,19,4,3,FALSE,0,FALSE
282.5425,13.86,13.534,11.944,11.131,20.228,18,16,3,1620566.8,69,69,69,69,101,101,100,99,20.396,20.36,22.522,22.443,124.46,92403,0,0,300,2416,4,4,0,0,0,28,23,14,19,4,3,FALSE,0,FALSE
283.04053,13.868,13.542,11.944,11.131,20.215,18,16,3,1611923,68,68,69,68,101,100,100,98,20.389,20.354,22.514,22.435,167.941,92403,0,0,284,2384,4,4,0,0,0,28,23,14,19,4,3,FALSE,0,FALSE
283.54007,13.877,13.55,11.944,11.131,20.201,18,16,3,1603279.2,68,68,69,68,101,100,100,98,20.382,20.347,22.505,22.427,212.02,92403,0,0,283,2350,4,4,0,0,0,28,23,14,19,4,3,FALSE,0,FALSE
284.03986,13.885,13.559,11.944,11.131,20.187,18,16,3,1594635.5,70,69,69,69,101,100,99,98,20.374,20.34,22.496,22.418,256.635,92403,0,0,267,2300,4,4,0,0,0,28,23,14,19,4,3,FALSE,0,FALSE
284.5449,13.893,13.567,11.944,11.131,20.173,18,16,3,1585782.5,68,68,69,69,101,100,99,98,20.366,20.332,22.487,22.409,303.221,92403,0,0,267,2267,4,4,0,0,0,28,23,14,19,4,3,FALSE,0,FALSE
285.04425,13.901,13.575,11.944,11.131,20.159,18,16,3,1577511,68,68,69,68,101,100,99,98,20.358,20.324,22.477,22.4,348.756,92403,0,0,250,2267,4,4,0,0,0,28,23,14,19,4,3,FALSE,0,FALSE
285.5409,13.909,13.582,11.944,11.131,20.146,18,16,3,1569756.4,69,69,69,69,100,100,99,98,20.351,20.316,22.468,22.391,393.123,92403,0,0,250,2234,4,4,0,0,0,28,23,14,19,4,3,FALSE,0,FALSE
286.04175,13.917,13.59,11.944,11.131,20.132,18,16,3,1561946,69,68,69,69,100,100,99,98,20.342,20.308,22.458,22.381,439.326,92403,0,0,217,2167,4,4,0,0,0,28,23,14,19,4,3,FALSE,0,FALSE
287.0415,13.932,13.605,11.945,11.132,20.104,18,16,3,1546876.2,68,69,69,69,100,99,98,97,20.324,20.291,22.437,22.362,532.527,92403,0,0,200,2116,4,4,0,0,0,28,23,14,19,4,3,FALSE,0,FALSE
287.5412,13.939,13.615,11.946,11.133,20.091,18,16,3,1540769,69,69,70,69,100,99,98,97,20.315,20.282,22.427,22.352,579.418,92403,0,0,200,2017,4,4,0,0,0,28,23,14,19,4,3,FALSE,0,FALSE
288.04144,13.976,13.65,11.994,11.182,20.088,18,16,3,1577413.2,71,72,75,74,100,99,98,97,20.311,20.279,22.426,22.351,621.279,92403,0,0,200,2017,4,4,0,0,0,28,23,14,19,4,3,FALSE,0,FALSE
288.54526,14.013,13.686,12.032,11.221,20.087,18,16,3,1609321,72,72,75,74,100,99,98,97,20.313,20.281,22.432,22.357,654.77,92403,0,0,183,2017,4,4,0,0,0,28,23,14,19,4,3,FALSE,0,FALSE
289.04395,14.029,13.702,12.041,11.23,20.086,18,16,3,1634371.9,69,69,70,70,100,99,98,97,20.315,20.284,22.438,22.363,679.664,92403,0,0,183,2017,4,4,0,0,0,28,23,14,19,4,3,FALSE,0,FALSE
289.5443,14.043,13.715,12.048,11.238,20.085,18,16,3,1655003.2,69,69,70,69,100,99,99,97,20.318,20.286,22.442,22.368,699.178,92403,0,0,233,2033,4,4,0,0,0,28,23,14,19,4,3,FALSE,0,FALSE
290.043,14.057,13.727,12.061,11.25,20.085,18,16,3,1671253.2,70,69,72,70,100,99,99,97,20.321,20.289,22.447,22.373,713.471,92403,0,0,233,2033,4,4,0,0,0,28,23,14,19,4,3,FALSE,0,FALSE
290.54257,14.065,13.733,12.07,11.258,20.085,18,16,3,1683756.2,69,67,72,69,100,99,99,97,20.324,20.291,22.453,22.378,724.68,92403,0,0,233,2033,4,4,0,0,0,28,23,14,19,4,3,FALSE,0,FALSE
291.0376,14.075,13.741,12.091,11.272,20.085,18,16,3,1692799.5,70,67,77,71,100,99,99,98,20.327,20.293,22.459,22.383,734.199,92403,0,0,233,2033,4,4,0,0,0,28,23,14,19,4,3,FALSE,0,FALSE
291.54172,14.083,13.749,12.126,11.288,20.084,18,16,3,1697339.1,69,69,86,72,100,99,99,98,20.33,20.295,22.468,22.388,754.098,92403,0,0,300,2183,4,4,0,0,0,28,23,14,19,4,3,FALSE,0,FALSE
292.04218,14.098,13.76,12.137,11.297,20.081,18,16,3,1702073,73,69,81,71,100,99,99,98,20.333,20.298,22.478,22.393,765.566,92403,0,0,300,2183,4,4,0,0,0,28,23,14,19,4,3,FALSE,0,FALSE
292.5408,14.109,13.773,12.141,11.3,20.076,18,16,3,1705360.9,73,71,76,69,100,100,99,98,20.337,20.301,22.485,22.397,775.936,92403,0,0,300,2183,4,4,0,0,0,28,23,14,19,4,3,FALSE,0,FALSE
293.04272,14.12,13.787,12.142,11.302,20.068,18,16,3,1710392.1,72,71,71,67,100,100,99,98,20.34,20.304,22.489,22.4,788.627,92403,0,0,300,2300,4,4,0,0,0,28,23,14,19,4,3,FALSE,0,FALSE
293.54315,14.133,13.802,12.143,11.303,20.059,18,16,3,1714714.2,72,71,68,66,100,100,99,98,20.343,20.307,22.491,22.402,803.736,92403,0,0,333,2300,4,4,0,0,0,28,23,14,19,4,3,FALSE,0,FALSE
294.0394,14.15,13.82,12.152,11.314,20.05,18,16,3,1725330,72,73,68,70,100,100,99,98,20.346,20.31,22.492,22.403,821.188,92403,0,0,333,2266,4,4,0,0,0,28,23,14,19,4,3,FALSE,0,FALSE
294.5437,14.172,13.845,12.168,11.334,20.041,18,16,3,1731814.1,72,75,70,73,100,100,99,98,20.349,20.314,22.493,22.407,843.15,92403,0,0,333,2266,4,4,0,0,0,28,23,14,19,4,3,FALSE,0,FALSE
295.04114,14.198,13.876,12.184,11.35,20.031,18,16,3,1737940.1,73,77,71,73,100,100,99,98,20.352,20.318,22.494,22.41,866.457,92403,0,0,250,2266,4,4,0,0,0,28,23,14,19,4,3,FALSE,0,FALSE
296.044,14.256,13.94,12.212,11.378,20.006,18,16,3,1740214.9,74,75,68,70,101,100,99,98,20.356,20.327,22.495,22.413,913.332,92403,0,0,266,2316,4,4,0,0,0,28,23,14,19,4,3,FALSE,0,FALSE
296.5438,14.28,13.966,12.218,11.383,19.994,18,16,3,1739851.5,73,75,70,68,101,100,99,98,20.358,20.329,22.494,22.413,940.682,92403,0,0,266,2367,4,4,0,0,0,28,23,14,19,4,3,FALSE,0,FALSE
297.0414,14.328,14.012,12.23,11.396,19.981,18,16,3,1734027.9,79,77,71,69,101,100,99,98,20.361,20.331,22.492,22.412,970.221,92403,0,0,283,2367,4,4,0,0,0,28,23,14,19,4,3,FALSE,0,FALSE
297.5446,14.349,14.028,12.235,11.403,19.967,18,16,3,1731561.8,72,70,69,68,101,100,99,98,20.362,20.332,22.491,22.41,1001.492,92403,0,0,283,2367,4,4,0,0,0,28,23,14,19,4,3,FALSE,0,FALSE
298.0389,14.371,14.046,12.245,11.413,19.954,18,16,3,1723542.9,71,69,70,68,101,100,99,98,20.362,20.331,22.488,22.408,1031.922,92403,0,0,284,2367,4,4,0,0,0,28,23,14,19,4,3,FALSE,0,FALSE
298.5387,14.389,14.061,12.248,11.418,19.94,18,16,3,1714899.1,69,68,68,67,101,100,99,98,20.361,20.329,22.485,22.404,1065.236,92403,0,0,300,2367,4,4,0,0,0,28,23,14,19,4,3,FALSE,0,FALSE
299.04163,14.401,14.072,12.249,11.418,19.926,18,16,3,1706255.4,68,67,67,67,101,100,99,98,20.358,20.326,22.48,22.4,1100.137,92403,0,0,300,2383,4,4,0,0,0,28,23,14,19,4,3,FALSE,0,FALSE
299.54227,14.41,14.081,12.249,11.418,19.914,18,16,3,1703027.5,68,68,68,67,100,100,99,98,20.354,20.322,22.475,22.396,1136.275,92403,0,0,300,2383,4,4,0,0,0,28,23,14,19,4,3,FALSE,0,FALSE
300.0427,14.42,14.091,12.249,11.418,19.9,18,16,3,1694383.8,68,68,68,68,100,100,99,98,20.35,20.319,22.47,22.391,1173.656,92403,0,0,300,2367,4,4,0,0,0,28,23,14,19,4,3,FALSE,0,FALSE
300.544,14.43,14.101,12.249,11.418,19.886,18,16,3,1685451.9,68,68,68,68,100,100,99,98,20.346,20.314,22.464,22.385,1213.5,92403,0,0,300,2367,4,4,0,0,0,28,23,14,19,4,3,FALSE,0,FALSE
301.04285,14.438,14.11,12.249,11.418,19.872,18,16,3,1677096.2,68,68,68,68,100,100,99,97,20.341,20.31,22.458,22.379,1251.781,92403,0,0,284,2350,4,4,0,0,0,28,23,14,19,4,3,FALSE,0,FALSE
301.54498,14.447,14.12,12.249,11.418,19.859,18,16,3,1673549.4,68,68,68,68,100,100,99,97,20.336,20.305,22.451,22.373,1293.57,92403,0,0,300,2350,4,4,0,0,0,28,23,14,19,4,3,FALSE,0,FALSE
302.54337,14.462,14.138,12.25,11.418,19.832,18,16,3,1656550,68,68,68,68,100,99,98,97,20.325,20.295,22.436,22.359,1375.318,92403,0,0,283,2350,4,4,0,0,0,28,23,14,19,4,3,FALSE,0,FALSE
303.04373,14.48,14.157,12.27,11.437,19.821,18,16,3,1665408.2,71,71,73,73,100,99,98,97,20.32,20.29,22.43,22.354,1418.51,92403,0,0,266,2283,4,4,0,0,0,28,23,14,19,4,3,FALSE,0,FALSE
303.5393,14.521,14.186,12.321,11.479,19.82,18,16,3,1697008,74,72,79,75,100,99,98,97,20.32,20.29,22.434,22.357,1451.611,92403,0,0,267,2283,4,4,0,0,0,28,23,14,19,4,3,FALSE,0,FALSE
304.04202,14.54,14.224,12.344,11.493,19.819,18,16,3,1723925.1,71,72,73,71,100,99,99,97,20.323,20.295,22.44,22.363,1478.836,92403,0,0,267,2317,4,4,0,0,0,28,23,14,19,4,3,FALSE,0,FALSE
304.54224,14.568,14.246,12.376,11.522,19.818,18,16,3,1747622.9,75,71,78,74,100,99,99,97,20.326,20.297,22.446,22.368,1500.92,92403,0,0,267,2317,4,4,0,0,0,28,23,14,19,4,3,FALSE,0,FALSE
305.041,14.606,14.275,12.446,11.576,19.818,18,16,3,1768067,79,74,93,83,100,100,99,97,20.332,20.302,22.456,22.376,1517.949,92403,0,0,317,2317,4,4,0,0,0,28,23,14,19,4,3,FALSE,0,FALSE
305.54126,14.638,14.295,12.508,11.632,19.816,18,16,3,1779872.5,81,73,96,88,100,100,99,98,20.34,20.305,22.469,22.387,1539.529,92403,0,0,317,2333,4,4,0,0,0,28,23,14,19,4,3,FALSE,0,FALSE
306.042,14.666,14.317,12.563,11.671,19.811,18,16,3,1786004,79,73,95,85,100,100,99,98,20.347,20.31,22.484,22.397,1563.225,92403,0,0,333,2333,4,4,0,0,0,28,23,14,19,4,3,FALSE,0,FALSE
306.54434,14.694,14.34,12.604,11.7,19.805,18,16,3,1792380,79,74,91,81,100,100,99,98,20.353,20.314,22.496,22.406,1580.969,92403,0,0,333,2367,4,4,0,0,0,28,23,14,19,4,3,FALSE,0,FALSE
307.0426,14.729,14.369,12.63,11.721,19.798,18,16,3,1798451.2,81,76,84,76,101,100,100,98,20.36,20.318,22.505,22.412,1597.529,92403,0,0,333,2367,4,4,0,0,0,28,23,14,19,4,3,FALSE,0,FALSE
307.54245,14.754,14.393,12.638,11.729,19.789,18,16,3,1800082.8,78,75,75,71,101,100,100,98,20.365,20.321,22.51,22.416,1615.361,92403,0,0,350,2367,4,4,0,0,0,28,23,14,19,4,3,FALSE,0,FALSE
308.04086,14.791,14.432,12.647,11.737,19.776,18,16,3,1797251,79,77,72,69,101,100,100,98,20.371,20.326,22.513,22.417,1636.49,92403,0,0,350,2367,4,4,0,0,0,28,23,14,19,4,3,FALSE,0,FALSE
308.54004,14.816,14.457,12.648,11.739,19.763,18,16,3,1792914,75,74,69,67,101,100,100,98,20.374,20.329,22.513,22.417,1660.184,92403,0,0,350,2333,4,4,0,0,0,28,23,14,19,4,3,FALSE,0,FALSE
309.0415,14.844,14.484,12.649,11.74,19.75,18,16,3,1793297.6,73,73,67,65,101,100,100,98,20.376,20.331,22.512,22.416,1686.521,92403,0,0,333,2333,4,4,0,0,0,28,23,14,19,4,3,FALSE,0,FALSE
309.54376,14.863,14.504,12.652,11.743,19.735,18,16,3,1786308.6,71,71,67,67,101,100,100,98,20.377,20.332,22.51,22.414,1716.277,92403,0,0,316,2333,4,4,0,0,0,28,23,14,19,4,3,FALSE,0,FALSE
310.04373,14.877,14.521,12.658,11.748,19.723,18,16,3,1783961.2,69,71,68,69,101,100,100,98,20.376,20.332,22.507,22.412,1746.729,92403,0,0,316,2300,4,4,0,0,0,28,23,14,19,4,3,FALSE,0,FALSE
310.5396,14.897,14.547,12.675,11.764,19.71,18,16,3,1775826.4,71,73,70,71,101,100,100,98,20.375,20.332,22.505,22.411,1777.711,92403,0,0,284,2300,4,4,0,0,0,28,23,14,19,4,3,FALSE,0,FALSE
311.03833,14.92,14.576,12.693,11.781,19.696,18,16,3,1767182.6,70,73,71,71,101,100,100,98,20.374,20.333,22.502,22.41,1812.088,92403,29871,0,284,2300,4,4,0,0,0,28,23,14,19,4,3,FALSE,0,FALSE
311.54074,14.947,14.608,12.734,11.808,19.687,18,16,3,1775426.1,70,74,80,74,101,100,100,98,20.373,20.333,22.5,22.408,1847.723,92403,29871,0,284,2300,4,4,0,0,0,28,23,14,19,4,3,FALSE,0,FALSE
312.03986,15.023,14.686,12.844,11.9,19.687,18,16,3,1804036.1,84,79,96,86,101,100,100,98,20.376,20.338,22.508,22.413,1876.035,92403,29871,0,284,2283,4,4,0,0,0,28,23,14,19,4,3,FALSE,0,FALSE
312.5441,15.081,14.729,12.974,12.003,19.683,18,16,3,1814006.2,82,76,102,91,101,100,100,98,20.384,20.342,22.521,22.423,1903.566,92403,29871,0,266,2283,4,4,0,0,0,28,23,14,19,4,3,FALSE,0,FALSE
313.0417,15.133,14.769,13.05,12.066,19.677,18,16,3,1820072.8,83,77,94,86,101,100,100,98,20.389,20.345,22.532,22.43,1930.391,92403,29871,0,316,2333,4,4,0,0,0,28,23,14,19,4,3,FALSE,0,FALSE
314.0421,15.197,14.82,13.1,12.108,19.657,18,16,3,1821997.9,72,70,70,70,101,100,100,98,20.396,20.347,22.54,22.435,1982.908,92403,29871,0,350,2367,4,4,0,0,0,28,23,14,19,4,3,FALSE,0,FALSE
314.53784,15.231,14.86,13.142,12.162,19.646,18,16,3,1825958.8,74,76,75,81,101,100,100,98,20.396,20.348,22.538,22.435,2011.488,92403,29871,0,350,2416,4,4,0,0,0,28,23,14,19,4,3,FALSE,0,FALSE
315.04358,15.283,14.924,13.201,12.236,19.634,18,16,3,1830647.9,77,81,78,85,101,100,100,99,20.397,20.351,22.539,22.44,2043.285,92403,29871,0,350,2416,4,4,0,0,0,28,23,14,19,4,3,FALSE,0,FALSE
315.54306,15.335,14.984,13.244,12.286,19.621,18,16,3,1823522.1,78,81,76,81,101,101,100,99,20.399,20.355,22.539,22.443,2072.828,92403,29871,0,350,2467,4,4,0,0,0,28,23,14,19,4,3,FALSE,0,FALSE
316.04114,15.368,15.026,13.273,12.316,19.608,18,16,3,1820959.2,73,76,73,75,101,101,100,99,20.398,20.357,22.537,22.443,2103.596,92403,29871,0,384,2467,4,4,0,0,0,28,23,14,19,4,3,FALSE,0,FALSE
316.54288,15.398,15.064,13.297,12.34,19.594,18,16,3,1812374.2,71,75,71,73,101,101,100,99,20.396,20.357,22.533,22.441,2136.197,92403,29871,0,400,2467,4,4,0,0,0,28,23,14,19,4,3,FALSE,0,FALSE
317.03833,15.413,15.084,13.306,12.347,19.581,18,16,3,1805354.8,70,72,70,70,101,101,100,98,20.394,20.356,22.529,22.437,2170.049,92403,29871,0,400,2467,4,4,0,0,0,28,23,14,19,4,3,FALSE,0,FALSE
317.5439,15.44,15.112,13.34,12.382,19.578,18,16,3,1834951.2,71,71,74,73,101,101,100,98,20.393,20.356,22.53,22.439,2200.875,92403,29871,0,417,2500,4,4,0,0,0,28,23,14,19,4,3,FALSE,0,FALSE
318.04123,15.455,15.124,13.349,12.393,19.577,18,16,3,1859730.8,70,69,72,70,101,101,100,99,20.394,20.357,22.533,22.442,2223.605,92403,29871,0,417,2500,4,4,0,0,0,28,23,14,19,4,3,FALSE,0,FALSE
318.53732,15.471,15.137,13.367,12.411,19.577,18,16,3,1881793.4,72,69,75,72,101,101,100,99,20.395,20.357,22.536,22.445,2242.965,92403,29871,0,417,2500,4,4,0,0,0,28,23,14,19,4,3,FALSE,0,FALSE
319.0434,15.506,15.161,13.414,12.451,19.577,18,16,3,1899538.6,79,72,86,80,101,101,100,99,20.399,20.359,22.542,22.451,2257.605,92403,29871,0,417,2567,4,4,0,0,0,28,23,14,19,4,3,FALSE,0,FALSE
319.54108,15.527,15.178,13.473,12.492,19.577,18,16,3,1913115.2,77,72,96,85,101,101,100,99,20.405,20.363,22.554,22.459,2269.445,92403,29871,0,467,2567,4,4,0,0,0,28,23,14,19,4,3,FALSE,0,FALSE
320.04132,15.538,15.187,13.521,12.524,19.575,18,16,3,1919797.5,75,71,100,86,102,101,101,99,20.41,20.365,22.568,22.469,2283.111,92403,29871,0,467,2567,4,4,0,0,0,28,23,14,19,4,3,FALSE,0,FALSE
320.5438,15.556,15.201,13.538,12.538,19.571,18,16,3,1925626.8,76,72,91,80,102,101,101,99,20.414,20.368,22.581,22.477,2297.721,92403,29871,0,467,2567,4,4,0,0,0,28,23,14,19,4,3,FALSE,0,FALSE
321.03955,15.574,15.217,13.551,12.549,19.566,18,16,3,1931627.9,77,72,84,76,102,101,101,99,20.418,20.37,22.589,22.482,2310.098,92403,29871,0,467,2533,4,4,0,0,0,28,23,14,19,4,3,FALSE,0,FALSE
321.53903,15.59,15.232,13.557,12.554,19.558,18,16,3,1938153,76,72,77,72,102,101,101,99,20.422,20.372,22.595,22.485,2323.438,92403,29871,0,417,2533,4,4,0,0,0,28,23,14,19,4,3,FALSE,0,FALSE
322.04327,15.603,15.247,13.56,12.557,19.549,18,16,3,1945527.9,74,72,72,68,102,101,101,99,20.425,20.374,22.597,22.486,2338.791,92403,29871,0,417,2583,4,4,0,0,0,28,23,14,19,4,3,FALSE,0,FALSE
322.54123,15.621,15.264,13.562,12.559,19.538,18,16,3,1952843.8,73,72,69,66,102,101,101,99,20.427,20.375,22.597,22.486,2356.795,92403,29871,0,417,2583,4,4,0,0,0,28,23,14,19,4,3,FALSE,0,FALSE
323.03806,15.651,15.296,13.564,12.561,19.526,18,16,3,1955541.5,75,75,67,66,102,101,101,99,20.429,20.378,22.596,22.485,2377.678,92403,29871,0,466,2583,4,4,0,0,0,28,23,14,19,4,3,FALSE,0,FALSE
323.54233,15.671,15.319,13.564,12.562,19.512,18,16,3,1951036.5,73,72,66,66,102,101,101,99,20.431,20.38,22.594,22.483,2401.236,92403,29871,0,466,2533,4,4,0,0,0,28,23,14,19,4,3,FALSE,0,FALSE
324.03845,15.686,15.335,13.564,12.562,19.5,18,16,3,1950698.8,71,70,66,66,102,101,101,99,20.431,20.38,22.591,22.481,2427.184,92403,29871,0,417,2533,4,4,0,0,0,28,23,14,19,4,3,FALSE,0,FALSE
324.53552,15.7,15.35,13.564,12.562,19.486,18,16,3,1944054,70,69,66,66,102,101,101,99,20.43,20.379,22.587,22.478,2455.297,92403,29871,0,417,2533,4,4,0,0,0,28,23,14,19,4,3,FALSE,0,FALSE
325.0429,15.712,15.362,13.564,12.562,19.473,18,16,3,1941833,69,69,67,66,102,101,101,99,20.428,20.378,22.583,22.475,2485.404,92403,29871,0,416,2533,4,4,0,0,0,28,23,14,19,4,3,FALSE,0,FALSE
325.53973,15.723,15.374,13.564,12.562,19.459,18,16,3,1933521.9,69,69,67,66,102,101,101,99,20.426,20.375,22.579,22.471,2517.131,92403,29871,0,400,2533,4,4,0,0,0,28,23,14,19,4,3,FALSE,0,FALSE
326.04004,15.735,15.388,13.567,12.564,19.446,18,16,3,1924878.1,69,70,67,68,102,101,101,99,20.423,20.373,22.574,22.467,2550.514,92403,29871,0,400,2533,4,4,0,0,0,28,23,14,19,4,3,FALSE,0,FALSE
326.54214,15.752,15.411,13.582,12.577,19.432,18,16,3,1916234.4,70,72,69,71,102,101,101,99,20.42,20.371,22.569,22.463,2585.301,92403,29871,0,400,2533,4,4,0,0,0,28,23,14,19,4,3,FALSE,0,FALSE
327.04123,15.788,15.457,13.624,12.621,19.419,18,16,3,1914723.9,73,76,74,77,102,101,101,99,20.417,20.37,22.565,22.461,2620.576,92403,29871,0,400,2533,4,4,0,0,0,28,23,14,19,4,3,FALSE,0,FALSE
327.54083,15.835,15.515,13.683,12.68,19.417,18,16,3,1943762.4,75,78,78,81,102,101,101,99,20.418,20.373,22.566,22.464,2654.539,92403,29871,0,400,2533,4,4,0,0,0,28,23,14,19,4,3,FALSE,0,FALSE
328.04242,15.865,15.551,13.713,12.71,19.415,18,16,3,1969421.4,72,75,75,77,102,101,101,99,20.42,20.377,22.569,22.469,2681.496,92403,29871,0,400,2566,4,4,0,0,0,28,23,14,19,4,3,FALSE,0,FALSE
328.5386,15.88,15.571,13.73,12.726,19.415,18,16,3,1991950.5,70,73,73,75,102,101,101,99,20.421,20.38,22.572,22.474,2702.125,92403,29871,0,400,2566,4,4,0,0,0,28,23,14,19,4,3,FALSE,0,FALSE
329.0373,15.897,15.593,13.751,12.751,19.415,18,16,3,2011378.2,71,75,74,78,102,101,101,99,20.423,20.384,22.576,22.479,2719.107,92403,29871,0,400,2566,4,4,0,0,0,28,23,14,19,4,3,FALSE,0,FALSE
329.53708,15.913,15.613,13.777,12.784,19.415,18,16,3,2027320.4,71,75,77,84,102,101,101,99,20.425,20.388,22.58,22.486,2732.666,92403,29871,0,400,2566,4,4,0,0,0,28,23,14,19,4,3,FALSE,0,FALSE
330.03873,15.924,15.626,13.809,12.836,19.414,18,16,3,2036663.4,71,74,81,94,102,101,101,99,20.427,20.392,22.586,22.497,2743.555,92403,29871,0,450,2617,4,4,0,0,0,28,23,14,19,4,3,FALSE,0,FALSE
330.54208,15.934,15.639,13.839,12.878,19.411,18,16,3,2041875.1,71,75,84,96,102,101,101,100,20.428,20.396,22.593,22.51,2763.645,92403,29871,0,450,2617,4,4,0,0,0,28,23,14,19,4,3,FALSE,0,FALSE
331.0419,15.95,15.66,13.849,12.89,19.408,18,16,3,2047399.2,72,77,79,87,102,101,101,100,20.43,20.401,22.599,22.522,2773.67,92403,29871,0,450,2617,4,4,0,0,0,28,23,14,19,4,3,FALSE,0,FALSE
331.53995,15.961,15.671,13.854,12.895,19.402,18,16,3,2053324.9,71,74,73,79,102,101,101,100,20.432,20.405,22.603,22.529,2785.5,92403,29871,0,450,2600,4,4,0,0,0,28,23,14,19,4,3,FALSE,0,FALSE
332.03998,15.973,15.685,13.855,12.896,19.393,18,16,3,2057988.8,72,73,68,73,102,101,101,100,20.433,20.407,22.603,22.532,2799.934,92403,29871,0,433,2600,4,4,0,0,0,28,23,14,19,4,3,FALSE,0,FALSE
332.5394,15.994,15.707,13.855,12.896,19.382,18,16,3,2062537.8,74,75,66,68,102,102,101,100,20.435,20.41,22.602,22.533,2816.824,92403,29871,0,433,2600,4,4,0,0,0,28,23,14,19,4,3,FALSE,0,FALSE
333.0393,16.04,15.749,13.855,12.896,19.37,18,16,3,2069861.6,80,79,66,66,102,102,101,100,20.439,20.415,22.601,22.532,2836.535,92403,29871,0,433,2616,4,4,0,0,0,28,23,14,19,4,3,FALSE,0,FALSE
333.5427,16.065,15.773,13.855,12.896,19.357,18,16,3,2065855.8,75,74,66,66,102,102,101,100,20.442,20.418,22.598,22.53,2859.014,92403,29871,0,450,2616,4,4,0,0,0,28,23,14,19,4,3,FALSE,0,FALSE
334.0409,16.088,15.796,13.855,12.896,19.344,18,16,3,2046114.2,72,72,66,66,102,102,101,100,20.443,20.419,22.595,22.528,2884.199,92403,29871,0,450,2617,4,4,0,0,0,28,23,14,19,4,3,FALSE,0,FALSE
334.54257,16.109,15.817,13.855,12.896,19.33,18,16,3,2002614.6,71,71,67,67,102,102,101,100,20.443,20.419,22.592,22.525,2912.023,92403,29871,0,434,2617,4,4,0,0,0,28,23,14,19,4,3,FALSE,0,FALSE
335.04208,16.123,15.831,13.855,12.896,19.318,18,16,3,1979342.1,69,69,67,67,102,102,101,100,20.442,20.418,22.588,22.522,2942.225,92403,29871,0,434,2617,4,4,0,0,0,28,23,14,19,4,3,FALSE,0,FALSE
335.54044,16.135,15.843,13.855,12.896,19.304,18,16,3,1970896.4,68,68,67,67,102,102,101,100,20.439,20.416,22.584,22.518,2974.398,92403,29871,0,417,2583,4,4,0,0,0,28,23,14,19,4,3,FALSE,0,FALSE
336.0347,16.146,15.855,13.855,12.896,19.29,18,16,3,1962252.6,68,68,68,67,102,102,101,100,20.436,20.413,22.579,22.514,3008.326,92403,29871,0,417,2584,4,4,0,0,0,28,23,14,19,4,3,FALSE,0,FALSE
336.54007,16.156,15.864,13.855,12.896,19.277,18,16,3,1958916.5,68,68,68,68,102,102,101,100,20.433,20.41,22.574,22.51,3043.676,92403,29871,0,417,2584,4,4,0,0,0,28,23,14,19,4,3,FALSE,0,FALSE
337.0405,16.166,15.874,13.855,12.896,19.264,18,16,3,1950272.8,68,68,68,68,102,101,101,100,20.429,20.406,22.569,22.504,3080.33,92403,29871,0,400,2567,4,4,0,0,0,28,23,14,19,4,3,FALSE,0,FALSE
337.54153,16.176,15.883,13.855,12.896,19.25,18,16,3,1941629,69,69,69,69,102,101,101,99,20.424,20.402,22.563,22.499,3118.24,92403,29871,0,400,2567,4,4,0,0,0,28,23,14,19,4,3,FALSE,0,FALSE
338.03625,16.185,15.893,13.855,12.896,19.236,18,16,3,1932985.2,68,68,69,68,102,101,100,99,20.42,20.397,22.557,22.493,3157.289,92403,29871,0,400,2533,4,4,0,0,0,28,23,14,19,4,3,FALSE,0,FALSE
338.5397,16.194,15.901,13.855,12.896,19.223,18,16,3,1929695.1,68,68,69,68,102,101,100,99,20.415,20.392,22.55,22.487,3197.312,92403,29871,0,383,2533,4,4,0,0,0,28,23,14,19,4,3,FALSE,0,FALSE
339.5393,16.212,15.917,13.855,12.896,19.196,18,16,3,1912407.6,68,68,69,68,101,101,100,99,20.403,20.381,22.535,22.473,3279.721,92403,29871,0,383,2516,4,4,0,0,0,28,23,14,19,4,3,FALSE,0,FALSE
340.03757,16.22,15.926,13.855,12.896,19.182,18,16,3,1903763.9,68,68,69,69,101,101,100,99,20.397,20.375,22.527,22.465,3322.066,92403,29871,0,383,2467,4,4,0,0,0,28,23,14,19,4,3,FALSE,0,FALSE
340.53934,16.237,15.943,13.873,12.914,19.172,18,16,3,1913599.4,71,71,74,73,101,101,100,99,20.392,20.37,22.52,22.459,3364.309,92403,29871,0,367,2467,4,4,0,0,0,28,23,14,19,4,3,FALSE,0,FALSE
341.03745,16.269,15.974,13.91,12.95,19.17,18,16,3,1945718.2,71,72,74,74,101,101,100,99,20.391,20.37,22.523,22.462,3399.102,92403,29871,0,366,2433,4,4,0,0,0,28,23,14,19,4,3,FALSE,0,FALSE
341.5388,16.294,16.007,13.944,12.985,19.17,18,16,3,1973822.4,71,76,76,78,101,101,100,99,20.392,20.372,22.528,22.467,3427.004,92403,29871,0,366,2433,4,4,0,0,0,28,23,14,19,4,3,FALSE,0,FALSE
342.0379,16.332,16.057,14.011,13.073,19.169,18,16,3,1993221.6,75,80,84,93,101,101,100,99,20.395,20.378,22.535,22.477,3449.863,92403,29871,0,383,2433,4,4,0,0,0,28,23,14,19,4,3,FALSE,0,FALSE
342.54068,16.363,16.104,14.082,13.154,19.166,18,16,3,2001345.5,74,84,89,93,101,101,100,99,20.399,20.385,22.545,22.49,3475.193,92403,29871,0,383,2467,4,4,0,0,0,28,23,14,19,4,3,FALSE,0,FALSE
343.04108,16.403,16.153,14.134,13.223,19.159,18,16,3,2008391.6,77,83,86,93,101,101,100,100,20.403,20.393,22.553,22.502,3499.352,92403,29871,0,383,2467,4,4,0,0,0,28,23,14,19,4,3,FALSE,0,FALSE
343.53845,16.441,16.2,14.178,13.279,19.151,18,16,3,2015111.8,77,83,82,89,101,101,100,100,20.407,20.4,22.56,22.513,3521.039,92403,29871,0,367,2450,4,4,0,0,0,28,23,14,19,4,3,FALSE,0,FALSE
344.04095,16.478,16.247,14.211,13.318,19.141,18,16,3,2021586.6,76,82,77,83,102,101,101,100,20.411,20.407,22.564,22.52,3543.238,92403,29871,0,367,2433,4,4,0,0,0,28,23,14,19,4,3,FALSE,0,FALSE
344.54153,16.508,16.283,14.239,13.348,19.129,18,16,3,2027851,74,79,75,79,102,102,101,100,20.413,20.411,22.567,22.525,3566.586,92403,29871,0,350,2433,4,4,0,0,0,28,23,14,19,4,3,FALSE,0,FALSE
345.03867,16.551,16.334,14.273,13.384,19.117,18,16,3,2033407.8,77,82,76,79,102,102,101,100,20.414,20.416,22.568,22.528,3591.354,92403,29871,0,350,2500,4,4,0,0,0,28,23,14,19,4,3,FALSE,0,FALSE
345.54156,16.603,16.395,14.307,13.421,19.104,18,16,3,2027129,77,82,75,78,102,102,101,100,20.417,20.421,22.57,22.531,3617.986,92403,29871,0,416,2500,4,4,0,0,0,28,23,14,19,4,3,FALSE,0,FALSE
346.53854,16.669,16.475,14.361,13.473,19.077,18,16,3,2017575.8,72,78,74,74,102,102,101,100,20.418,20.426,22.568,22.532,3677.736,92403,29871,0,450,2517,4,4,0,0,0,28,23,14,19,4,3,FALSE,0,FALSE
347.0367,16.689,16.501,14.371,13.482,19.063,18,16,3,2009132.4,70,72,69,69,102,102,101,100,20.416,20.427,22.566,22.53,3710.299,92403,29871,0,467,2517,4,4,0,0,0,28,23,14,19,4,3,FALSE,0,FALSE
347.53958,16.726,16.533,14.406,13.514,19.05,18,16,3,2000488.6,76,74,78,73,102,102,101,100,20.415,20.425,22.563,22.527,3743.887,92403,29871,0,467,2550,4,4,0,0,0,28,23,14,19,4,3,FALSE,0,FALSE
348.03702,16.795,16.589,14.479,13.58,19.036,18,16,3,1991844.9,81,77,84,79,102,102,101,100,20.416,20.425,22.564,22.525,3777.65,92403,29871,0,483,2550,4,4,0,0,0,28,23,14,19,4,3,FALSE,0,FALSE
348.54144,16.882,16.662,14.579,13.672,19.022,18,16,3,1983201.1,84,80,89,83,102,102,101,100,20.419,20.425,22.566,22.526,3812.99,92403,29871,0,500,2550,4,4,0,0,0,28,23,14,19,4,3,FALSE,0,FALSE
349.043,16.967,16.732,14.676,13.76,19.009,18,16,3,1979965.2,83,78,87,82,102,102,101,100,20.422,20.426,22.568,22.526,3849.521,92403,29871,0,500,2566,4,4,0,0,0,28,23,14,19,4,3,FALSE,0,FALSE
349.54102,17.059,16.808,14.795,13.866,18.996,18,16,3,1971321.5,85,80,91,85,102,102,101,100,20.425,20.426,22.57,22.526,3886.484,92403,29871,0,516,2583,4,4,0,0,0,28,23,14,19,4,3,FALSE,0,FALSE
350.5422,17.215,16.938,14.965,14.023,18.968,18,16,3,1954034,80,76,81,77,102,102,101,100,20.427,20.424,22.571,22.523,3959.373,92403,29871,0,517,2567,4,4,0,0,0,28,23,14,19,4,3,FALSE,0,FALSE
351.04166,17.252,16.965,14.989,14.047,18.955,18,16,3,1945390.2,73,71,73,69,102,102,101,100,20.425,20.42,22.567,22.518,3996.053,92403,29871,0,517,2567,4,4,0,0,0,28,23,14,19,4,3,FALSE,0,FALSE
351.53952,17.271,16.98,15.01,14.059,18.944,18,16,3,1952453.9,72,70,75,71,102,102,100,100,20.42,20.415,22.56,22.511,4033.281,92403,29871,40239,517,2567,4,4,0,0,0,28,23,14,19,4,3,FALSE,0,FALSE
352.03946,17.31,17.009,15.049,14.097,18.942,18,16,3,1983476.2,77,71,78,76,102,102,101,100,20.42,20.413,22.561,22.511,4064.646,92403,29871,40239,517,2567,4,4,0,0,0,28,23,14,19,4,3,FALSE,0,FALSE
352.53836,17.367,17.051,15.13,14.167,18.942,18,16,3,2012190.9,82,75,90,84,102,102,101,100,20.423,20.414,22.566,22.515,4090.498,92403,29871,40239,534,2567,4,4,0,0,0,28,23,14,19,4,3,FALSE,0,FALSE
353.0408,17.424,17.094,15.233,14.248,18.942,18,16,3,2036553.1,83,77,100,90,102,102,101,100,20.43,20.417,22.577,22.523,4112.729,92403,29871,40239,534,2584,4,4,0,0,0,28,23,14,19,4,3,FALSE,0,FALSE
353.5394,17.457,17.119,15.326,14.318,18.94,18,16,3,2051020.1,79,74,104,91,102,102,101,100,20.435,20.419,22.592,22.533,4132.416,92403,29871,40239,534,2584,4,4,0,0,0,28,23,14,19,4,3,FALSE,0,FALSE
354.04077,17.493,17.15,15.398,14.368,18.933,18,16,3,2057548.5,81,77,101,87,102,102,101,100,20.44,20.422,22.605,22.541,4154.174,92403,29871,40239,467,2517,4,4,0,0,0,28,23,14,19,4,3,FALSE,0,FALSE
354.54065,17.539,17.188,15.452,14.408,18.925,18,16,3,2064083.1,83,79,93,82,102,102,101,100,20.445,20.425,22.616,22.547,4174.604,92403,29871,40239,467,2517,4,4,0,0,0,28,23,14,19,4,3,FALSE,0,FALSE
355.04205,17.582,17.225,15.479,14.43,18.914,18,16,3,2069860.9,82,77,83,75,102,102,102,100,20.451,20.428,22.623,22.55,4195.129,92403,29871,40239,467,2567,4,4,0,0,0,28,23,14,19,4,3,FALSE,0,FALSE
355.54138,17.62,17.263,15.492,14.443,18.901,18,16,3,2067523.5,80,77,75,71,102,102,102,100,20.454,20.43,22.625,22.55,4217.752,92403,29871,40239,500,2567,4,4,0,0,0,28,23,14,19,4,3,FALSE,0,FALSE
356.0414,17.65,17.292,15.495,14.447,18.888,18,16,3,2067638.1,74,73,68,67,102,102,102,100,20.457,20.432,22.623,22.549,4243.402,92403,29871,40239,500,2583,4,4,0,0,0,28,23,14,19,4,3,FALSE,0,FALSE
356.54068,17.67,17.31,15.495,14.447,18.875,18,16,3,2061283,72,71,67,67,102,102,101,100,20.456,20.431,22.62,22.545,4271.23,92403,29871,40239,516,2583,4,4,0,0,0,28,23,14,19,4,3,FALSE,0,FALSE
357.0416,17.684,17.323,15.495,14.447,18.862,18,16,3,2033206.4,71,70,67,67,102,102,101,100,20.454,20.429,22.616,22.541,4301.102,92403,29871,40239,516,2583,4,4,0,0,0,28,23,14,19,4,3,FALSE,0,FALSE
357.5422,17.699,17.339,15.495,14.447,18.849,18,16,3,1977580.9,71,71,68,68,102,102,101,100,20.452,20.426,22.611,22.537,4333.016,92403,29871,40239,516,2566,4,4,0,0,0,28,23,14,19,4,3,FALSE,0,FALSE
358.03885,17.714,17.353,15.495,14.447,18.835,18,16,3,1919965.9,70,70,68,68,102,102,101,100,20.449,20.424,22.606,22.532,4366.934,92403,29871,40239,517,2584,4,4,0,0,0,28,23,14,19,4,3,FALSE,0,FALSE
358.53754,17.723,17.364,15.495,14.447,18.822,18,16,3,1908491.8,69,69,68,68,102,102,101,100,20.445,20.42,22.6,22.527,4402.35,92403,29871,40239,517,2584,4,4,0,0,0,28,23,14,19,4,3,FALSE,0,FALSE
359.03717,17.733,17.373,15.495,14.447,18.808,18,16,3,1899848,69,69,68,68,102,102,101,100,20.441,20.416,22.594,22.521,4438.887,92403,29871,40239,517,2567,4,4,0,0,0,28,23,14,19,4,3,FALSE,0,FALSE
359.54153,17.742,17.383,15.495,14.447,18.795,18,16,3,1891204.2,69,69,68,68,102,102,101,100,20.436,20.411,22.587,22.515,4476.516,92403,29871,40239,517,2550,4,4,0,0,0,28,23,14,19,4,3,FALSE,0,FALSE
360.038,17.751,17.393,15.495,14.447,18.781,18,16,3,1882560.5,69,69,68,68,102,101,101,100,20.431,20.406,22.58,22.508,4515.148,92403,29871,40239,500,2533,4,4,0,0,0,28,23,14,19,4,3,FALSE,0,FALSE
360.5409,17.76,17.402,15.495,14.447,18.767,18,16,3,1873916.8,69,69,68,68,102,101,101,100,20.425,20.401,22.573,22.501,4554.688,92403,29871,40239,500,2533,4,4,0,0,0,28,23,14,19,4,3,FALSE,0,FALSE
361.0369,17.768,17.41,15.495,14.447,18.754,18,16,3,1870599.6,70,70,69,68,102,101,101,99,20.42,20.396,22.565,22.494,4594.902,92403,29871,40239,484,2517,4,4,0,0,0,28,23,14,19,4,3,FALSE,0,FALSE
361.5397,17.776,17.418,15.495,14.447,18.741,18,16,3,1861955.9,70,70,69,69,102,101,100,99,20.414,20.39,22.557,22.486,4635.768,92403,29871,40239,466,2483,4,4,0,0,0,28,23,14,19,4,3,FALSE,0,FALSE
362.0365,17.784,17.427,15.495,14.447,18.727,18,16,3,1853312.1,71,71,70,69,101,101,100,99,20.408,20.385,22.549,22.478,4677.254,92403,29871,40239,467,2483,4,4,0,0,0,28,23,14,19,4,3,FALSE,0,FALSE
362.53802,17.793,17.435,15.495,14.447,18.713,18,16,3,1844668.4,71,71,69,69,101,101,100,99,20.402,20.379,22.54,22.47,4719.285,92403,29871,40239,467,2483,4,4,0,0,0,28,23,14,19,4,3,FALSE,0,FALSE
363.03586,17.801,17.444,15.495,14.447,18.699,18,16,3,1836024.6,71,71,69,69,101,101,100,99,20.396,20.373,22.531,22.462,4761.797,92403,29871,40239,467,2483,4,4,0,0,0,28,23,14,19,4,3,FALSE,0,FALSE
363.53564,17.809,17.453,15.495,14.447,18.685,18,16,3,1827380.9,70,71,69,69,101,101,100,99,20.389,20.366,22.522,22.453,4804.723,92403,29871,40239,450,2433,4,4,0,0,0,28,23,14,19,4,3,FALSE,0,FALSE
364.04236,17.842,17.487,15.543,14.491,18.681,18,16,3,1858182.1,72,72,76,75,101,101,100,99,20.386,20.363,22.52,22.451,4843.75,92403,29871,40239,450,2433,4,4,0,0,0,28,23,14,19,4,3,FALSE,0,FALSE
364.54092,17.866,17.513,15.568,14.515,18.68,18,16,3,1887959.9,70,70,72,72,101,101,100,99,20.386,20.364,22.525,22.456,4874.012,92403,29871,40239,450,2433,4,4,0,0,0,28,23,14,19,4,3,FALSE,0,FALSE
365.03824,17.884,17.527,15.586,14.533,18.68,18,16,3,1913798.6,71,68,74,72,101,101,100,99,20.387,20.365,22.529,22.46,4898.348,92403,29871,40239,450,2450,4,4,0,0,0,28,23,14,19,4,3,FALSE,0,FALSE
365.53964,17.922,17.556,15.647,14.582,18.68,18,16,3,1935348.8,78,73,88,80,101,101,100,99,20.391,20.367,22.536,22.466,4917.963,92403,29871,40239,467,2450,4,4,0,0,0,28,23,14,19,4,3,FALSE,0,FALSE
366.04016,17.958,17.583,15.728,14.641,18.679,18,16,3,1950178,79,74,100,87,101,101,100,99,20.398,20.371,22.549,22.476,4934.584,92403,29871,40239,467,2433,4,4,0,0,0,28,23,14,19,4,3,FALSE,0,FALSE
366.53824,17.977,17.599,15.79,14.678,18.675,18,16,3,1956307.1,77,73,100,85,101,101,101,99,20.403,20.374,22.565,22.486,4956.529,92403,29871,40239,467,2433,4,4,0,0,0,28,23,14,19,4,3,FALSE,0,FALSE
367.04105,17.998,17.616,15.804,14.69,18.668,18,16,3,1962288.1,76,72,85,76,101,101,101,99,20.408,20.377,22.576,22.493,4972.502,92403,29871,40239,450,2433,4,4,0,0,0,28,23,14,19,4,3,FALSE,0,FALSE
367.53958,18.021,17.638,15.814,14.699,18.659,18,16,3,1962343.6,76,74,77,71,102,101,101,99,20.411,20.379,22.582,22.496,4990.438,92403,29871,40239,450,2433,4,4,0,0,0,28,23,14,19,4,3,FALSE,0,FALSE
368.0398,18.049,17.667,15.82,14.705,18.647,18,16,3,1959209,76,74,72,68,102,101,101,99,20.415,20.382,22.585,22.497,5010.582,92403,29871,40239,517,2500,4,4,0,0,0,28,23,14,19,4,3,FALSE,0,FALSE
368.53546,18.086,17.703,15.831,14.715,18.633,18,16,3,1954823.9,77,76,72,68,102,101,101,99,20.419,20.385,22.586,22.497,5032.953,92403,29871,40239,517,2500,4,4,0,0,0,28,23,14,19,4,3,FALSE,0,FALSE
369.53992,18.141,17.755,15.84,14.726,18.606,18,16,3,1880706,72,71,68,67,102,101,101,99,20.423,20.389,22.585,22.496,5086.441,92403,29871,40239,550,2533,4,4,0,0,0,28,23,14,19,4,3,FALSE,0,FALSE
370.04062,18.159,17.772,15.84,14.726,18.593,18,16,3,1833810.4,72,70,67,68,102,101,101,99,20.423,20.388,22.583,22.494,5117.336,92403,29871,40239,550,2533,4,4,0,0,0,28,23,14,19,4,3,FALSE,0,FALSE
370.53256,18.178,17.787,15.841,14.726,18.579,18,16,3,1776607.8,72,70,68,68,102,101,101,99,20.422,20.387,22.581,22.491,5149.98,92403,29871,40239,550,2534,4,4,0,0,0,28,23,14,19,4,3,FALSE,0,FALSE
371.0381,18.196,17.801,15.841,14.727,18.566,18,16,3,1727154.6,72,70,68,68,102,101,101,99,20.422,20.385,22.577,22.488,5184.275,92403,29871,40239,550,2516,4,4,0,0,0,28,23,14,19,4,3,FALSE,0,FALSE
371.53778,18.207,17.811,15.841,14.727,18.553,18,16,3,1723997.5,70,70,68,68,102,101,101,99,20.42,20.383,22.573,22.485,5220.016,92403,29871,40239,566,2516,4,4,0,0,0,28,23,14,19,4,3,FALSE,0,FALSE
372.03305,18.216,17.821,15.841,14.727,18.539,18,16,3,1715353.8,69,69,68,68,102,101,101,99,20.417,20.381,22.568,22.481,5256.828,92403,29871,40239,566,2516,4,4,0,0,0,28,23,14,19,4,3,FALSE,0,FALSE
372.53635,18.226,17.83,15.841,14.727,18.525,18,16,3,1706710,70,70,68,68,102,101,101,99,20.413,20.378,22.563,22.476,5294.691,92403,29871,40239,550,2484,4,4,0,0,0,28,23,14,19,4,3,FALSE,0,FALSE
373.03442,18.235,17.839,15.841,14.727,18.511,18,16,3,1698066.2,70,70,69,68,102,101,100,99,20.41,20.374,22.558,22.471,5333.5,92403,29871,40239,550,2466,4,4,0,0,0,28,23,14,19,4,3,FALSE,0,FALSE
373.52908,18.244,17.848,15.841,14.727,18.498,18,16,3,1689422.5,69,69,69,68,101,101,100,99,20.406,20.37,22.551,22.465,5373.145,92403,29871,40239,550,2466,4,4,0,0,0,28,23,14,19,4,3,FALSE,0,FALSE
374.03757,18.252,17.857,15.841,14.727,18.485,18,16,4,1686246.9,68,68,69,68,101,101,100,99,20.4,20.365,22.545,22.459,4.742,92919,0,0,550,2450,4,5,0,0,0,28,23,14,19,4,3,FALSE,0,FALSE
374.5349,18.261,17.865,15.841,14.727,18.471,18,16,4,1677603.1,68,68,69,68,101,101,100,99,20.395,20.36,22.538,22.452,46.021,92919,0,0,550,2433,4,5,0,0,0,28,23,14,19,4,3,FALSE,0,FALSE
375.0353,18.269,17.874,15.841,14.727,18.457,18,16,4,1668959.4,68,68,69,69,101,100,100,99,20.389,20.354,22.53,22.445,88.016,92919,0,0,533,2400,4,5,0,0,0,28,23,14,19,4,3,FALSE,0,FALSE
375.535,18.278,17.882,15.841,14.727,18.443,18,16,4,1660315.6,69,69,69,69,101,100,100,98,20.382,20.348,22.522,22.438,130.691,92919,0,0,550,2383,4,5,0,0,0,28,23,14,19,4,3,FALSE,0,FALSE
376.03268,18.286,17.891,15.841,14.727,18.43,18,16,4,1651671.9,68,68,69,68,101,100,100,98,20.376,20.342,22.514,22.43,174.016,92919,0,0,534,2383,4,5,0,0,0,28,23,14,19,4,3,FALSE,0,FALSE
376.54077,18.294,17.899,15.841,14.727,18.416,18,16,4,1643028.1,68,68,69,68,101,100,100,98,20.369,20.335,22.505,22.422,217.914,92919,0,0,534,2334,4,5,0,0,0,28,23,14,19,4,3,FALSE,0,FALSE
377.0353,18.303,17.907,15.841,14.727,18.402,18,16,4,1634384.4,68,68,69,68,101,100,99,98,20.361,20.328,22.496,22.413,262.318,92919,0,0,550,2300,4,5,0,0,0,28,23,14,19,4,3,FALSE,0,FALSE
377.53967,18.311,17.915,15.841,14.727,18.388,18,16,4,1625742.2,69,68,69,69,100,100,99,98,20.354,20.321,22.487,22.405,307.152,92919,0,0,567,2267,4,5,0,0,0,28,23,14,19,4,3,FALSE,0,FALSE
378.03793,18.319,17.923,15.841,14.727,18.374,18,16,4,1617262.8,68,68,68,68,100,100,99,98,20.346,20.313,22.478,22.396,352.387,92919,0,0,567,2267,4,5,0,0,0,28,23,14,19,4,3,FALSE,0,FALSE
378.53635,18.327,17.931,15.841,14.727,18.361,18,16,4,1609010,69,69,69,69,100,100,99,98,20.338,20.305,22.468,22.386,397.951,92919,0,0,583,2233,4,5,0,0,0,28,23,14,19,4,3,FALSE,0,FALSE
379.03946,18.335,17.939,15.841,14.727,18.347,18,16,4,1600953.9,69,69,69,69,100,99,99,97,20.33,20.297,22.458,22.377,443.799,92919,0,0,583,2183,4,5,0,0,0,28,23,14,19,4,3,FALSE,0,FALSE
380.0371,18.35,17.955,15.841,14.727,18.319,18,16,4,1585388.2,68,68,69,69,100,99,98,97,20.312,20.28,22.437,22.357,536.285,92919,0,0,583,2133,4,5,0,0,0,28,23,14,19,4,3,FALSE,0,FALSE
380.53705,18.358,17.962,15.841,14.727,18.305,18,16,4,1577828.5,70,70,70,69,100,99,98,97,20.303,20.271,22.427,22.347,582.84,92919,0,0,600,2033,4,5,0,0,0,28,23,14,19,4,3,FALSE,0,FALSE
381.0362,18.389,17.993,15.884,14.771,18.301,18,16,4,1609856.4,72,72,75,74,99,99,98,97,20.299,20.267,22.424,22.345,625.547,92919,0,0,616,2033,4,5,0,0,0,28,23,14,19,4,3,FALSE,0,FALSE
381.5402,18.424,18.026,15.922,14.81,18.3,18,16,4,1641445.8,72,72,75,75,99,99,98,97,20.3,20.269,22.43,22.35,658.861,92919,0,0,616,2033,4,5,0,0,0,28,23,14,19,4,3,FALSE,0,FALSE
382.0375,18.452,18.055,15.942,14.83,18.299,18,16,4,1666416.8,72,72,73,72,100,99,98,97,20.303,20.272,22.436,22.357,684.027,92919,0,0,633,2033,4,5,0,0,0,28,23,14,19,4,3,FALSE,0,FALSE
382.5393,18.461,18.063,15.947,14.836,18.299,18,16,4,1687076.1,69,68,70,69,100,99,99,97,20.306,20.275,22.442,22.363,703.553,92919,0,0,633,2033,4,5,0,0,0,28,23,14,19,4,3,FALSE,0,FALSE
383.03665,18.476,18.075,15.965,14.851,18.299,18,16,4,1703412.1,71,68,74,71,100,99,99,97,20.309,20.278,22.447,22.368,718.713,92919,0,0,633,2033,4,5,0,0,0,28,23,14,19,4,3,FALSE,0,FALSE
383.53766,18.495,18.09,16,14.878,18.299,18,16,4,1715851.5,73,70,82,76,100,99,99,97,20.313,20.281,22.455,22.374,729.842,92919,0,0,633,2033,4,5,0,0,0,28,23,14,19,4,3,FALSE,0,FALSE
384.0323,18.506,18.099,16.038,14.9,18.299,18,16,4,1723136.2,72,70,90,77,100,99,99,98,20.318,20.284,22.466,22.382,743.055,92919,0,0,683,2033,4,5,0,0,0,28,23,14,19,4,3,FALSE,0,FALSE
384.53644,18.517,18.109,16.064,14.917,18.297,18,16,4,1726928.6,73,70,90,77,100,99,99,98,20.322,20.287,22.478,22.389,758.928,92919,0,0,683,2133,4,5,0,0,0,28,23,14,19,4,3,FALSE,0,FALSE
385.03766,18.528,18.118,16.071,14.924,18.294,18,16,4,1729730.8,73,69,83,74,100,99,99,98,20.326,20.29,22.488,22.396,768.947,92919,0,0,683,2133,4,5,0,0,0,28,23,14,19,4,3,FALSE,0,FALSE
385.53537,18.536,18.126,16.074,14.926,18.289,18,16,4,1730086.4,71,68,76,70,100,99,99,98,20.329,20.292,22.495,22.401,779.863,92919,0,0,683,2133,4,5,0,0,0,28,23,14,19,4,3,FALSE,0,FALSE
386.03748,18.541,18.133,16.074,14.926,18.283,18,16,4,1730086.4,69,68,70,67,100,99,99,98,20.332,20.294,22.499,22.404,792.715,92919,0,0,683,2133,4,5,0,0,0,28,23,14,19,4,3,FALSE,0,FALSE
386.5356,18.549,18.141,16.075,14.927,18.275,18,16,4,1729594.9,69,68,67,67,100,99,100,98,20.333,20.295,22.501,22.405,807.678,92919,0,0,533,2133,4,5,0,0,0,28,23,14,19,4,3,FALSE,0,FALSE
387.0399,18.566,18.158,16.082,14.936,18.266,18,16,4,1728593.4,71,71,67,69,100,99,100,98,20.335,20.297,22.502,22.407,824.768,92919,0,0,533,2184,4,5,0,0,0,28,23,14,19,4,3,FALSE,0,FALSE
387.53824,18.593,18.189,16.098,14.956,18.256,18,16,4,1732817.1,74,77,70,74,100,100,100,98,20.338,20.301,22.502,22.41,847.648,92919,0,0,417,2184,4,5,0,0,0,28,23,14,19,4,3,FALSE,0,FALSE
388.03592,18.625,18.225,16.117,14.974,18.246,18,16,4,1739166,75,78,71,73,100,100,100,98,20.342,20.307,22.504,22.413,870.156,92919,0,0,417,2184,4,5,0,0,0,28,23,14,19,4,3,FALSE,0,FALSE
388.53888,18.675,18.278,16.135,14.992,18.233,18,16,4,1738722.2,81,85,71,73,100,100,100,98,20.346,20.312,22.505,22.415,892.336,92919,0,0,417,2184,4,5,0,0,0,28,23,14,19,4,3,FALSE,0,FALSE
389.0385,18.76,18.376,16.145,15.002,18.219,18,16,4,1736208.8,84,88,69,69,100,100,100,98,20.354,20.324,22.505,22.416,917.215,92919,0,0,400,2250,4,5,0,0,0,28,23,14,19,4,3,FALSE,0,FALSE
389.53915,18.784,18.402,16.149,15.007,18.207,18,16,4,1735594.5,74,74,67,69,101,100,100,98,20.359,20.328,22.504,22.416,945.111,92919,0,0,400,2267,4,5,0,0,0,28,23,14,19,4,3,FALSE,0,FALSE
390.03403,18.808,18.424,16.16,15.018,18.193,18,16,4,1728517.5,73,72,71,69,101,100,100,98,20.359,20.329,22.502,22.415,975.635,92919,0,0,333,2267,4,5,0,0,0,28,23,14,19,4,3,FALSE,0,FALSE
390.53824,18.85,18.458,16.186,15.043,18.18,18,16,4,1726122.6,75,72,72,70,101,100,100,98,20.361,20.33,22.501,22.414,1005.92,92919,0,0,333,2267,4,5,0,0,0,28,23,14,19,4,3,FALSE,0,FALSE
391.03912,18.871,18.475,16.192,15.051,18.166,18,16,4,1717648.9,70,68,69,68,101,100,99,98,20.361,20.329,22.499,22.411,1038.021,92919,0,0,317,2283,4,5,0,0,0,28,23,14,19,4,3,FALSE,0,FALSE
391.53772,18.887,18.488,16.195,15.053,18.152,18,16,4,1709005.1,68,67,68,67,101,100,99,98,20.359,20.326,22.495,22.407,1071.9,92919,0,0,317,2283,4,5,0,0,0,28,23,14,19,4,3,FALSE,0,FALSE
392.03793,18.898,18.499,16.195,15.053,18.14,18,16,4,1705783.5,67,67,67,67,101,100,99,98,20.356,20.323,22.491,22.403,1107.279,92919,0,0,317,2283,4,5,0,0,0,28,23,14,19,4,3,FALSE,0,FALSE
392.5381,18.908,18.509,16.195,15.053,18.126,18,16,4,1697139.8,68,68,68,67,100,100,99,98,20.352,20.32,22.485,22.398,1143.93,92919,0,0,300,2283,4,5,0,0,0,28,23,14,19,4,3,FALSE,0,FALSE
393.53607,18.927,18.528,16.195,15.053,18.098,18,16,4,1679852.2,68,68,68,68,100,100,99,98,20.344,20.312,22.474,22.388,1220.895,92919,0,0,300,2267,4,5,0,0,0,28,23,14,19,4,3,FALSE,0,FALSE
394.0394,18.936,18.538,16.195,15.053,18.084,18,16,4,1671208.5,68,68,68,68,100,100,99,98,20.339,20.307,22.467,22.382,1260.979,92919,0,0,284,2250,4,5,0,0,0,28,23,14,19,4,3,FALSE,0,FALSE
395.03796,18.952,18.556,16.195,15.054,18.058,18,16,4,1659346.1,68,68,68,68,100,99,99,97,20.328,20.297,22.453,22.368,1343.49,92919,0,0,234,2217,4,5,0,0,0,28,23,14,19,4,3,FALSE,0,FALSE
395.53476,18.962,18.564,16.195,15.054,18.044,18,16,4,1650702.4,68,68,68,68,100,99,99,97,20.322,20.291,22.445,22.361,1385.9,92919,0,0,234,2217,4,5,0,0,0,28,23,14,19,4,3,FALSE,0,FALSE
396.03485,18.989,18.587,16.236,15.086,18.037,18,16,4,1670963.5,72,71,76,74,100,99,99,97,20.318,20.288,22.442,22.358,1426.697,92919,0,0,217,2150,4,5,0,0,0,28,23,14,19,4,3,FALSE,0,FALSE
396.5366,19.021,18.623,16.291,15.114,18.035,18,16,4,1701370.2,71,73,79,71,100,99,99,97,20.32,20.289,22.447,22.362,1459.068,92919,0,0,200,2150,4,5,0,0,0,28,23,14,19,4,3,FALSE,0,FALSE
397.03775,19.048,18.645,16.312,15.134,18.033,18,16,4,1727211.1,73,71,75,72,100,99,99,97,20.322,20.292,22.453,22.367,1484.809,92919,0,0,200,2166,4,5,0,0,0,28,23,14,19,4,3,FALSE,0,FALSE
397.5399,19.08,18.67,16.34,15.16,18.033,18,16,4,1750693,76,71,77,73,100,99,99,97,20.327,20.295,22.46,22.373,1505.055,92919,0,0,200,2166,4,5,0,0,0,28,23,14,19,4,3,FALSE,0,FALSE
398.04004,19.101,18.685,16.371,15.186,18.033,18,16,4,1769596.5,75,70,81,76,100,99,99,98,20.333,20.299,22.468,22.379,1520.865,92919,0,0,233,2166,4,5,0,0,0,28,23,14,19,4,3,FALSE,0,FALSE
398.5345,19.129,18.703,16.415,15.224,18.031,18,16,4,1777622.4,78,71,86,80,100,100,99,98,20.339,20.302,22.477,22.387,1543.713,92919,0,0,233,2217,4,5,0,0,0,28,23,14,19,4,3,FALSE,0,FALSE
399.03244,19.152,18.72,16.449,15.248,18.027,18,16,4,1784773.4,77,71,86,78,100,100,99,98,20.345,20.305,22.487,22.395,1565.602,92919,0,0,233,2217,4,5,0,0,0,28,23,14,19,4,3,FALSE,0,FALSE
399.53595,19.173,18.737,16.469,15.263,18.021,18,16,4,1792114.6,77,72,82,74,100,100,99,98,20.351,20.308,22.496,22.401,1582.578,92919,0,0,233,2217,4,5,0,0,0,28,23,14,19,4,3,FALSE,0,FALSE
400.0354,19.193,18.754,16.482,15.274,18.013,18,16,4,1799731.1,76,71,77,71,101,100,100,98,20.355,20.311,22.502,22.405,1599.857,92919,0,0,233,2250,4,5,0,0,0,28,23,14,19,4,3,FALSE,0,FALSE
400.5363,19.212,18.773,16.488,15.281,18.003,18,16,4,1807518.1,74,71,72,69,101,100,100,98,20.359,20.314,22.505,22.407,1617.885,92919,0,0,283,2250,4,5,0,0,0,28,23,14,19,4,3,FALSE,0,FALSE
401.5345,19.273,18.838,16.496,15.29,17.978,18,16,4,1813364.4,77,76,67,66,101,100,100,98,20.367,20.32,22.506,22.408,1662.334,92919,0,0,283,2166,4,5,0,0,0,28,23,14,19,4,3,FALSE,0,FALSE
402.03735,19.299,18.861,16.497,15.29,17.965,18,16,4,1813407.4,73,71,66,64,101,100,100,98,20.369,20.323,22.505,22.407,1688.588,92919,0,0,250,2166,4,5,0,0,0,28,23,14,19,4,3,FALSE,0,FALSE
402.5367,19.316,18.878,16.499,15.292,17.951,18,16,4,1806700.6,70,71,67,67,101,100,100,98,20.369,20.323,22.503,22.405,1717.201,92919,0,0,250,2116,4,5,0,0,0,28,23,14,19,4,3,FALSE,0,FALSE
403.03482,19.332,18.898,16.506,15.298,17.937,18,16,4,1799015.9,70,71,68,69,101,100,100,98,20.369,20.324,22.501,22.403,1747.607,92919,0,0,233,2116,4,5,0,0,0,28,23,14,19,4,3,FALSE,0,FALSE
403.53467,19.355,18.928,16.525,15.316,17.924,18,16,4,1796139,71,73,70,71,101,100,99,98,20.368,20.324,22.498,22.402,1779.633,92919,0,0,216,2100,4,5,0,0,0,28,23,14,19,4,3,FALSE,0,FALSE
404.03354,19.379,18.959,16.545,15.336,17.911,18,16,4,1787495.2,71,74,71,72,101,100,99,98,20.367,20.325,22.496,22.401,1814.09,92919,29923,0,216,2100,4,5,0,0,0,28,23,14,19,4,3,FALSE,0,FALSE
404.53638,19.405,18.987,16.582,15.354,17.903,18,16,4,1801263.6,70,71,77,70,101,100,99,98,20.366,20.325,22.494,22.399,1849.309,92919,29923,0,216,2083,4,5,0,0,0,28,23,14,19,4,3,FALSE,0,FALSE
405.03516,19.472,19.042,16.677,15.435,17.903,18,16,4,1830453.1,82,77,92,84,101,100,99,98,20.369,20.327,22.5,22.402,1877.818,92919,29923,0,216,2083,4,5,0,0,0,28,23,14,19,4,3,FALSE,0,FALSE
405.53748,19.531,19.086,16.802,15.533,17.9,18,16,4,1844378.5,82,75,101,91,101,100,100,98,20.376,20.332,22.511,22.41,1904.711,92919,29923,0,217,2083,4,5,0,0,0,28,23,14,19,4,3,FALSE,0,FALSE
406.03528,19.587,19.129,16.89,15.604,17.892,18,16,4,1850054.2,83,77,94,86,101,100,100,98,20.382,20.335,22.523,22.418,1932.262,92919,29923,0,217,2117,4,5,0,0,0,28,23,14,19,4,3,FALSE,0,FALSE
406.5358,19.641,19.172,16.935,15.641,17.883,18,16,4,1854832.4,81,75,82,76,101,100,100,98,20.388,20.338,22.53,22.423,1958.592,92919,29923,0,267,2117,4,5,0,0,0,28,23,14,19,4,3,FALSE,0,FALSE
407.039,19.664,19.194,16.941,15.647,17.869,18,16,4,1848711.5,72,70,70,69,101,100,100,98,20.39,20.339,22.53,22.422,1985.605,92919,29923,0,267,2133,4,5,0,0,0,28,23,14,19,4,3,FALSE,0,FALSE
407.53824,19.704,19.242,16.992,15.713,17.858,18,16,4,1850209.2,75,78,78,85,101,100,100,98,20.391,20.34,22.529,22.423,2015.557,92919,29923,0,266,2133,4,5,0,0,0,28,23,14,19,4,3,FALSE,0,FALSE
408.03354,19.761,19.312,17.084,15.833,17.848,18,16,4,1855605.4,77,82,85,95,101,100,100,98,20.392,20.344,22.531,22.43,2046.551,92919,29923,0,266,2150,4,5,0,0,0,28,23,14,19,4,3,FALSE,0,FALSE
408.5364,19.828,19.392,17.166,15.936,17.836,18,16,4,1858200.1,81,86,84,92,101,100,100,98,20.395,20.349,22.534,22.437,2075.773,92919,29923,0,266,2150,4,5,0,0,0,28,23,14,19,4,3,FALSE,0,FALSE
409.03552,19.894,19.473,17.209,15.985,17.824,18,16,4,1863249.4,77,81,74,78,101,101,100,99,20.398,20.355,22.534,22.441,2105.824,92919,29923,0,283,2167,4,5,0,0,0,28,23,14,19,4,3,FALSE,0,FALSE
409.5373,19.909,19.493,17.217,15.992,17.81,18,16,4,1854939.6,70,72,69,70,101,101,100,98,20.396,20.355,22.53,22.438,2137.576,92919,29923,0,283,2167,4,5,0,0,0,28,23,14,19,4,3,FALSE,0,FALSE
410.0353,19.924,19.512,17.226,15.999,17.796,18,16,4,1849944.1,70,72,70,70,101,100,100,98,20.393,20.354,22.525,22.434,2170.732,92919,29923,0,317,2167,4,5,0,0,0,28,23,14,19,4,3,FALSE,0,FALSE
410.53528,19.949,19.538,17.255,16.029,17.794,18,16,4,1879062.4,71,71,74,73,101,100,100,98,20.392,20.354,22.526,22.435,2199.904,92919,29923,0,333,2233,4,5,0,0,0,28,23,14,19,4,3,FALSE,0,FALSE
411.03796,19.97,19.555,17.268,16.045,17.794,18,16,4,1903581.1,71,70,73,71,101,101,100,98,20.393,20.355,22.529,22.438,2222.373,92919,29923,0,333,2233,4,5,0,0,0,28,23,14,19,4,3,FALSE,0,FALSE
411.53983,19.979,19.562,17.278,16.055,17.794,18,16,4,1924595.5,70,67,72,70,101,101,100,99,20.394,20.356,22.532,22.441,2240.742,92919,29923,0,333,2233,4,5,0,0,0,28,23,14,19,4,3,FALSE,0,FALSE
412.0382,19.999,19.576,17.304,16.078,17.794,18,16,4,1942127.2,74,68,78,74,101,101,100,99,20.397,20.356,22.536,22.445,2255.434,92919,29923,0,333,2233,4,5,0,0,0,28,23,14,19,4,3,FALSE,0,FALSE
412.53656,20.018,19.591,17.348,16.109,17.794,18,16,4,1954681.8,75,70,88,78,101,101,100,99,20.4,20.358,22.544,22.451,2267.078,92919,29923,0,417,2350,4,5,0,0,0,28,23,14,19,4,3,FALSE,0,FALSE
413.03537,20.031,19.601,17.399,16.141,17.792,18,16,4,1961086.9,74,70,96,82,101,101,100,99,20.404,20.36,22.555,22.458,2281.332,92919,29923,0,417,2350,4,5,0,0,0,28,23,14,19,4,3,FALSE,0,FALSE
413.53583,20.048,19.615,17.418,16.155,17.788,18,16,4,1966836.8,76,71,89,78,101,101,101,99,20.407,20.362,22.566,22.464,2296.877,92919,29923,0,417,2350,4,5,0,0,0,28,23,14,19,4,3,FALSE,0,FALSE
414.03683,20.063,19.628,17.429,16.165,17.782,18,16,4,1973154.5,75,71,82,74,102,101,101,99,20.411,20.363,22.574,22.469,2309.932,92919,29923,0,417,2350,4,5,0,0,0,28,23,14,19,4,3,FALSE,0,FALSE
414.5345,20.08,19.644,17.437,16.173,17.775,18,16,4,1980201.9,75,72,77,71,102,101,101,99,20.414,20.365,22.579,22.472,2323.193,92919,29923,0,350,2350,4,5,0,0,0,28,23,14,19,4,3,FALSE,0,FALSE
415.03418,20.101,19.665,17.446,16.181,17.766,18,16,4,1987657.1,76,74,74,69,102,101,101,99,20.417,20.367,22.582,22.473,2338.334,92919,29923,0,350,2317,4,5,0,0,0,28,23,14,19,4,3,FALSE,0,FALSE
415.5379,20.123,19.684,17.449,16.183,17.756,18,16,4,1995395.2,75,73,71,66,102,101,101,99,20.42,20.37,22.583,22.473,2356.113,92919,29923,0,350,2317,4,5,0,0,0,28,23,14,19,4,3,FALSE,0,FALSE
416.03687,20.15,19.709,17.449,16.184,17.744,18,16,4,2005374.4,76,74,67,66,102,101,101,99,20.423,20.371,22.582,22.471,2376.568,92919,29923,0,317,2317,4,5,0,0,0,28,23,14,19,4,3,FALSE,0,FALSE
416.53943,20.172,19.737,17.449,16.184,17.731,18,16,4,2001868.5,74,73,66,66,102,101,101,99,20.425,20.373,22.579,22.47,2399.578,92919,29923,0,317,2317,4,5,0,0,0,28,23,14,19,4,3,FALSE,0,FALSE
417.53018,20.204,19.77,17.449,16.184,17.704,18,16,4,1995360.2,70,69,66,66,102,101,101,99,20.425,20.373,22.572,22.465,2452.98,92919,29923,0,283,2267,4,5,0,0,0,28,23,14,19,4,3,FALSE,0,FALSE
418.0385,20.217,19.783,17.449,16.184,17.69,18,16,4,1987926.2,70,69,67,66,102,101,101,99,20.423,20.371,22.568,22.462,2482.812,92919,29923,0,284,2267,4,5,0,0,0,28,23,14,19,4,3,FALSE,0,FALSE
418.5346,20.229,19.795,17.449,16.184,17.678,18,16,4,1985183.5,69,69,67,66,102,101,101,99,20.42,20.369,22.564,22.458,2514.279,92919,29923,0,284,2267,4,5,0,0,0,28,23,14,19,4,3,FALSE,0,FALSE
419.0384,20.241,19.808,17.452,16.186,17.664,18,16,4,1976542.5,69,70,67,68,102,101,100,99,20.418,20.367,22.559,22.454,2547.383,92919,29923,0,283,2267,4,5,0,0,0,28,23,14,19,4,3,FALSE,0,FALSE
419.53195,20.258,19.83,17.466,16.199,17.65,18,16,4,1967898.8,70,72,70,71,102,101,100,99,20.414,20.365,22.554,22.45,2582.01,92919,29923,0,283,2283,4,5,0,0,0,28,23,14,19,4,3,FALSE,0,FALSE
420.53467,20.35,19.947,17.581,16.322,17.633,18,16,4,1990778,73,77,76,80,102,101,100,99,20.412,20.367,22.551,22.45,2652.205,92919,29923,0,284,2283,4,5,0,0,0,28,23,14,19,4,3,FALSE,0,FALSE
421.0365,20.389,19.993,17.62,16.36,17.632,18,16,4,2017563.9,74,78,76,79,102,101,100,99,20.414,20.371,22.553,22.455,2680.959,92919,29923,0,284,2283,4,5,0,0,0,28,23,14,19,4,3,FALSE,0,FALSE
421.53732,20.41,20.018,17.639,16.378,17.631,18,16,4,2039775.1,72,74,74,76,102,101,100,99,20.416,20.375,22.557,22.46,2702.16,92919,29923,0,300,2316,4,5,0,0,0,28,23,14,19,4,3,FALSE,0,FALSE
422.03616,20.431,20.039,17.655,16.394,17.631,18,16,4,2057770.4,72,75,73,76,102,101,101,99,20.419,20.379,22.561,22.465,2718.594,92919,29923,0,300,2316,4,5,0,0,0,28,23,14,19,4,3,FALSE,0,FALSE
422.53586,20.444,20.056,17.679,16.423,17.631,18,16,4,2072177.5,71,75,77,81,102,101,101,99,20.421,20.383,22.565,22.472,2731.195,92919,29923,0,300,2316,4,5,0,0,0,28,23,14,19,4,3,FALSE,0,FALSE
423.03455,20.454,20.068,17.702,16.462,17.63,18,16,4,2080340.9,71,73,78,89,102,101,101,99,20.423,20.387,22.57,22.481,2740.668,92919,29923,0,300,2316,4,5,0,0,0,28,23,14,19,4,3,FALSE,0,FALSE
423.53394,20.464,20.08,17.718,16.488,17.627,18,16,4,2085362.8,71,73,77,89,102,101,101,99,20.425,20.391,22.576,22.492,2760.656,92919,29923,0,284,2300,4,5,0,0,0,28,23,14,19,4,3,FALSE,0,FALSE
424.03522,20.48,20.099,17.728,16.5,17.623,18,16,4,2090903.4,73,76,75,83,102,101,101,100,20.427,20.395,22.58,22.501,2772.287,92919,29923,0,284,2300,4,5,0,0,0,28,23,14,19,4,3,FALSE,0,FALSE
424.53665,20.496,20.115,17.731,16.504,17.616,18,16,4,2096674.8,73,75,71,76,102,101,101,100,20.43,20.399,22.582,22.507,2784.127,92919,29923,0,284,2384,4,5,0,0,0,28,23,14,19,4,3,FALSE,0,FALSE
425.03796,20.509,20.126,17.733,16.506,17.608,18,16,4,2103053.5,72,73,68,71,102,101,101,100,20.432,20.402,22.583,22.51,2798.637,92919,29923,0,284,2384,4,5,0,0,0,28,23,14,19,4,3,FALSE,0,FALSE
425.53735,20.532,20.149,17.734,16.506,17.597,18,16,4,2107959,75,76,66,68,102,101,101,100,20.433,20.405,22.582,22.511,2815.504,92919,29923,0,350,2384,4,5,0,0,0,28,23,14,19,4,3,FALSE,0,FALSE
426.03265,20.568,20.183,17.734,16.506,17.586,18,16,4,2112402.2,76,76,65,66,102,102,101,100,20.438,20.409,22.58,22.51,2835.053,92919,29923,0,350,2384,4,5,0,0,0,28,23,14,19,4,3,FALSE,0,FALSE
426.537,20.595,20.21,17.734,16.506,17.572,18,16,4,2108470,75,74,65,65,102,102,101,100,20.44,20.412,22.578,22.508,2857.383,92919,29923,0,283,2316,4,5,0,0,0,28,23,14,19,4,3,FALSE,0,FALSE
427.03668,20.616,20.231,17.734,16.506,17.56,18,16,4,2108506.2,71,71,66,66,102,102,101,100,20.441,20.413,22.575,22.506,2882.471,92919,29923,0,283,2316,4,5,0,0,0,28,23,14,19,4,3,FALSE,0,FALSE
428.03665,20.645,20.26,17.734,16.506,17.533,18,16,4,2100122.5,68,69,67,67,102,102,101,100,20.439,20.412,22.568,22.501,2939.6,92919,29923,0,250,2300,4,5,0,0,0,28,23,14,19,4,3,FALSE,0,FALSE
429.03455,20.669,20.284,17.734,16.506,17.506,18,16,4,2083249.6,68,68,67,67,102,101,100,99,20.433,20.407,22.56,22.493,3004.637,92919,29923,0,250,2300,4,5,0,0,0,28,23,14,19,4,3,FALSE,0,FALSE
429.53195,20.679,20.294,17.734,16.506,17.493,18,16,4,2080043.6,68,68,68,67,102,101,100,99,20.43,20.404,22.555,22.489,3039.709,92919,29923,0,234,2300,4,5,0,0,0,28,23,14,19,4,3,FALSE,0,FALSE
430.0326,20.689,20.305,17.734,16.506,17.479,18,16,4,2071399.9,68,68,68,67,102,101,100,99,20.426,20.4,22.55,22.484,3076.076,92919,29923,0,233,2283,4,5,0,0,0,28,23,14,19,4,3,FALSE,0,FALSE
430.535,20.699,20.314,17.734,16.506,17.466,18,16,4,2062756.1,68,68,68,68,102,101,100,99,20.422,20.396,22.544,22.479,3113.754,92919,29923,0,233,2283,4,5,0,0,0,28,23,14,19,4,3,FALSE,0,FALSE
431.0358,20.709,20.324,17.734,16.506,17.452,18,16,4,2054112.4,68,68,68,68,102,101,100,99,20.417,20.391,22.538,22.473,3152.631,92919,29923,0,233,2267,4,5,0,0,0,28,23,14,19,4,3,FALSE,0,FALSE
431.53513,20.718,20.332,17.734,16.506,17.438,18,16,4,2045468.6,68,68,68,68,102,101,100,99,20.412,20.387,22.531,22.467,3192.582,92919,29923,0,234,2267,4,5,0,0,0,28,23,14,19,4,3,FALSE,0,FALSE
432.03665,20.727,20.341,17.734,16.506,17.425,18,16,4,2042267.4,68,68,68,68,101,101,100,99,20.407,20.381,22.524,22.46,3233.391,92919,29923,0,233,2267,4,5,0,0,0,28,23,14,19,4,3,FALSE,0,FALSE
432.5356,20.736,20.349,17.734,16.506,17.411,18,16,4,2033623.6,68,68,69,68,101,101,100,99,20.401,20.376,22.517,22.453,3274.99,92919,29923,0,233,2233,4,5,0,0,0,28,23,14,19,4,3,FALSE,0,FALSE
433.53125,20.765,20.377,17.757,16.529,17.388,18,16,4,2036992.5,71,71,74,74,101,101,100,99,20.39,20.365,22.503,22.44,3359.277,92919,29923,0,200,2167,4,5,0,0,0,28,23,14,19,4,3,FALSE,0,FALSE
434.03616,20.792,20.404,17.786,16.557,17.387,18,16,4,2070183.9,70,70,72,72,101,101,100,99,20.39,20.365,22.506,22.443,3393.494,92919,29923,0,200,2167,4,5,0,0,0,28,23,14,19,4,3,FALSE,0,FALSE
434.5348,20.811,20.427,17.811,16.582,17.386,18,16,4,2098365,70,72,74,75,101,101,100,99,20.39,20.366,22.51,22.448,3421.076,92919,29923,0,200,2200,4,5,0,0,0,28,23,14,19,4,3,FALSE,0,FALSE
435.03403,20.848,20.479,17.874,16.663,17.385,18,16,4,2114790.5,75,80,82,90,101,101,100,99,20.393,20.372,22.517,22.457,3443.891,92919,29923,0,200,2200,4,5,0,0,0,28,23,14,19,4,3,FALSE,0,FALSE
435.53427,20.88,20.52,17.941,16.754,17.381,18,16,4,2122646.8,75,80,87,98,101,101,100,99,20.397,20.378,22.525,22.469,3467.572,92919,29923,0,267,2200,4,5,0,0,0,28,23,14,19,4,3,FALSE,0,FALSE
436.03308,20.916,20.569,18.02,16.853,17.377,18,16,4,2130265.2,77,84,92,102,101,101,100,99,20.4,20.385,22.535,22.484,3492.748,92919,29923,0,267,2217,4,5,0,0,0,28,23,14,19,4,3,FALSE,0,FALSE
436.53537,20.963,20.626,18.072,16.921,17.368,18,16,4,2136971.8,80,86,85,94,101,101,100,99,20.405,20.393,22.544,22.498,3514.281,92919,29923,0,283,2217,4,5,0,0,0,28,23,14,19,4,3,FALSE,0,FALSE
437.03485,21.015,20.687,18.105,16.96,17.357,18,16,4,2143256.2,81,86,79,85,102,101,100,100,20.41,20.401,22.55,22.507,3536.221,92919,29923,0,283,2217,4,5,0,0,0,28,23,14,19,4,3,FALSE,0,FALSE
437.53574,21.094,20.78,18.141,17,17.344,18,16,4,2148857.5,88,95,77,82,102,102,100,100,20.417,20.411,22.553,22.512,3559.568,92919,29923,0,300,2217,4,5,0,0,0,28,23,14,19,4,3,FALSE,0,FALSE
438.03708,21.156,20.851,18.167,17.028,17.331,18,16,4,2149120.2,79,84,75,78,102,102,100,100,20.424,20.421,22.555,22.516,3584.293,92919,29923,0,300,2217,4,5,0,0,0,28,23,14,19,4,3,FALSE,0,FALSE
438.5362,21.218,20.923,18.207,17.071,17.318,18,16,4,2148493.8,81,87,77,80,102,102,100,100,20.428,20.428,22.556,22.519,3610.951,92919,29923,0,300,2184,4,5,0,0,0,28,23,14,19,4,3,FALSE,0,FALSE
439.0324,21.257,20.97,18.233,17.097,17.304,18,16,4,2141467.2,74,78,73,74,102,102,100,100,20.43,20.433,22.556,22.52,3639.621,92919,29923,0,300,2184,4,5,0,0,0,28,23,14,19,4,3,FALSE,0,FALSE
439.5369,21.289,21.009,18.26,17.123,17.291,18,16,4,2133648,73,78,73,74,102,102,100,100,20.43,20.434,22.555,22.52,3670.611,92919,29923,0,300,2166,4,5,0,0,0,28,23,14,19,4,3,FALSE,0,FALSE
440.03342,21.319,21.048,18.281,17.143,17.278,18,16,4,2130824.5,71,74,70,70,102,102,100,100,20.429,20.436,22.553,22.519,3703.217,92919,29923,0,300,2150,4,5,0,0,0,28,23,14,19,4,3,FALSE,0,FALSE
440.53406,21.357,21.079,18.305,17.167,17.264,18,16,4,2122184.5,74,73,73,70,102,102,100,100,20.428,20.434,22.551,22.516,3736.701,92919,29923,0,300,2150,4,5,0,0,0,28,23,14,19,4,3,FALSE,0,FALSE
441.03595,21.398,21.112,18.342,17.203,17.25,18,16,4,2113544.5,78,75,78,74,102,102,100,100,20.426,20.432,22.548,22.512,3770.834,92919,29923,0,316,2166,4,5,0,0,0,28,23,14,19,4,3,FALSE,0,FALSE
441.53568,21.464,21.167,18.419,17.275,17.236,18,16,4,2104904.5,82,77,86,81,102,102,100,100,20.428,20.431,22.548,22.511,3806.736,92919,29923,0,316,2166,4,5,0,0,0,28,23,14,19,4,3,FALSE,0,FALSE
442.53537,21.671,21.34,18.68,17.504,17.21,18,16,4,2093123.5,85,80,92,86,102,102,100,100,20.435,20.433,22.555,22.513,3880.467,92919,29923,0,317,2150,4,5,0,0,0,28,23,14,19,4,3,FALSE,0,FALSE
443.03705,21.78,21.432,18.839,17.64,17.196,18,16,4,2084479.8,87,82,98,90,102,102,100,100,20.438,20.434,22.559,22.514,3916.846,92919,29923,0,317,2150,4,5,0,0,0,28,23,14,19,4,3,FALSE,0,FALSE
443.53314,21.891,21.525,18.995,17.773,17.182,18,16,4,2075836,87,81,94,87,102,102,101,100,20.441,20.434,22.564,22.516,3952.156,92919,29923,0,317,2150,4,5,0,0,0,28,23,14,19,4,3,FALSE,0,FALSE
444.03467,21.965,21.587,19.062,17.833,17.169,18,16,4,2067192.2,76,74,76,73,102,102,101,100,20.442,20.433,22.564,22.514,3987.914,92919,29923,0,333,2150,4,5,0,0,0,28,23,14,19,4,3,FALSE,0,FALSE
444.53497,21.976,21.598,19.067,17.839,17.155,18,16,4,2065669.5,70,70,70,70,102,102,100,100,20.437,20.428,22.557,22.507,4024.846,92919,29923,40380,333,2150,4,5,0,0,0,28,23,14,19,4,3,FALSE,0,FALSE
445.03433,22.006,21.627,19.101,17.873,17.154,18,16,4,2096549.4,72,70,74,73,102,102,100,100,20.435,20.426,22.557,22.507,4056.553,92919,29923,40380,350,2150,4,5,0,0,0,28,23,14,19,4,3,FALSE,0,FALSE
445.536,22.035,21.648,19.131,17.901,17.153,18,16,4,2123501.8,74,70,77,74,102,102,100,100,20.436,20.425,22.559,22.509,4082.143,92919,29923,40380,350,2200,4,5,0,0,0,28,23,14,19,4,3,FALSE,0,FALSE
446.03378,22.076,21.678,19.194,17.953,17.153,18,16,4,2145932,79,73,88,81,102,102,101,100,20.439,20.425,22.566,22.514,4104.158,92919,29923,40380,400,2200,4,5,0,0,0,28,23,14,19,4,3,FALSE,0,FALSE
447.03745,22.156,21.741,19.346,18.065,17.145,18,16,4,2167823.5,81,75,96,85,102,102,101,100,20.449,20.431,22.59,22.529,4143.986,92919,29923,40380,400,2167,4,5,0,0,0,28,23,14,19,4,3,FALSE,0,FALSE
447.5376,22.197,21.775,19.392,18.1,17.137,18,16,4,2174345.5,82,77,90,81,102,102,101,100,20.455,20.433,22.599,22.535,4166.607,92919,29923,40380,384,2167,4,5,0,0,0,28,23,14,19,4,3,FALSE,0,FALSE
448.035,22.234,21.807,19.418,18.122,17.127,18,16,4,2180285.2,80,77,82,75,102,102,101,100,20.459,20.436,22.606,22.538,4187.08,92919,29923,40380,384,2200,4,5,0,0,0,28,23,14,19,4,3,FALSE,0,FALSE
449.03488,22.317,21.886,19.448,18.151,17.101,18,16,4,2179326.8,79,76,72,69,103,102,101,100,20.467,20.441,22.609,22.538,4233.561,92919,29923,40380,417,2200,4,5,0,0,0,28,23,14,19,4,3,FALSE,0,FALSE
449.5325,22.335,21.903,19.449,18.151,17.089,18,16,4,2178660.8,72,71,66,65,103,102,101,100,20.467,20.44,22.607,22.536,4260.732,92919,29923,40380,417,2150,4,5,0,0,0,28,23,14,19,4,3,FALSE,0,FALSE
450.0344,22.354,21.918,19.449,18.151,17.075,18,16,4,2171522.8,72,70,66,67,103,102,101,100,20.466,20.438,22.603,22.532,4290.006,92919,29923,40380,417,2150,4,5,0,0,0,28,23,14,19,4,3,FALSE,0,FALSE
450.53653,22.369,21.931,19.449,18.151,17.062,18,16,4,2165853,71,70,67,67,103,102,101,100,20.464,20.436,22.599,22.528,4321.121,92919,29923,40380,417,2117,4,5,0,0,0,28,23,14,19,4,3,FALSE,0,FALSE
451.03348,22.386,21.945,19.449,18.151,17.048,18,16,4,2108541.5,71,70,68,67,102,102,101,100,20.461,20.433,22.594,22.524,4353.947,92919,29923,40380,417,2100,4,5,0,0,0,28,23,14,19,4,3,FALSE,0,FALSE
451.5369,22.401,21.96,19.449,18.151,17.034,18,16,4,2050926.5,71,70,67,67,102,102,101,100,20.458,20.43,22.589,22.519,4388.619,92919,29923,40380,417,2100,4,5,0,0,0,28,23,14,19,4,3,FALSE,0,FALSE
452.03574,22.415,21.973,19.449,18.151,17.022,18,16,4,1998881.9,70,70,68,67,102,102,101,100,20.454,20.426,22.583,22.514,4424.77,92919,29923,40380,417,2083,4,5,0,0,0,28,23,14,19,4,3,FALSE,0,FALSE
452.5348,22.428,21.986,19.449,18.151,17.008,18,16,4,1941266.9,70,70,68,68,102,102,101,100,20.45,20.422,22.577,22.508,4462.357,92919,29923,40380,400,2067,4,5,0,0,0,28,23,14,19,4,3,FALSE,0,FALSE
453.0339,22.44,21.998,19.449,18.151,16.994,18,16,4,1883651.9,70,70,68,68,102,102,101,100,20.445,20.417,22.57,22.501,4501.293,92919,29923,40380,400,2017,4,5,0,0,0,28,23,14,19,4,3,FALSE,0,FALSE
453.53406,22.452,22.01,19.449,18.151,16.981,18,16,4,1834807.8,70,69,68,68,102,102,101,99,20.44,20.412,22.563,22.495,4541.424,92919,29923,40380,383,2017,4,5,0,0,0,28,23,14,19,4,3,FALSE,0,FALSE
454.03635,22.46,22.018,19.449,18.151,16.967,18,16,4,1826164,70,70,68,68,102,101,100,99,20.434,20.407,22.556,22.487,4582.303,92919,29923,40380,366,1983,4,5,0,0,0,28,23,14,19,4,3,FALSE,0,FALSE
454.53528,22.468,22.027,19.449,18.151,16.954,18,16,4,1817520.2,71,71,69,69,102,101,100,99,20.429,20.401,22.548,22.48,4623.846,92919,29923,40380,366,1967,4,5,0,0,0,28,23,14,19,4,3,FALSE,0,FALSE
455.03217,22.476,22.036,19.449,18.151,16.94,18,16,4,1808876.5,70,70,69,69,102,101,100,99,20.423,20.396,22.54,22.473,4665.998,92919,29923,40380,350,1916,4,5,0,0,0,28,23,14,19,4,3,FALSE,0,FALSE
455.53674,22.484,22.044,19.449,18.151,16.926,18,16,4,1800232.8,71,71,70,69,102,101,100,99,20.417,20.39,22.532,22.465,4708.689,92919,29923,40380,316,1916,4,5,0,0,0,28,23,14,19,4,3,FALSE,0,FALSE
456.0325,22.493,22.053,19.449,18.151,16.912,18,16,4,1791589,71,71,69,69,102,101,100,99,20.41,20.383,22.523,22.456,4751.84,92919,29923,40380,284,1884,4,5,0,0,0,28,23,14,19,4,3,FALSE,0,FALSE
456.53302,22.501,22.061,19.449,18.151,16.898,18,16,4,1782945.2,70,71,69,69,101,101,100,99,20.403,20.377,22.514,22.448,4795.389,92919,29923,40380,283,1884,4,5,0,0,0,28,23,14,19,4,3,FALSE,0,FALSE
457.0368,22.539,22.099,19.498,18.195,16.892,18,16,4,1811277.9,73,73,76,75,101,101,100,99,20.4,20.374,22.512,22.446,4835.5,92919,29923,40380,283,1833,4,5,0,0,0,28,23,14,19,4,3,FALSE,0,FALSE
458.0352,22.588,22.151,19.545,18.239,16.891,18,16,4,1867033.6,70,69,72,71,101,101,100,99,20.402,20.377,22.521,22.455,4890.924,92919,29923,40380,283,1833,4,5,0,0,0,28,23,14,19,4,3,FALSE,0,FALSE
458.5342,22.61,22.166,19.571,18.262,16.891,18,16,4,1887459.2,73,69,76,72,101,101,100,99,20.405,20.378,22.527,22.46,4910.844,92919,29923,40380,316,1883,4,5,0,0,0,28,23,14,19,4,3,FALSE,0,FALSE
459.03528,22.637,22.185,19.615,18.297,16.891,18,16,4,1902554.9,76,71,85,78,102,101,100,99,20.409,20.38,22.534,22.466,4927.143,92919,29923,40380,316,1883,4,5,0,0,0,28,23,14,19,4,3,FALSE,0,FALSE
459.53568,22.664,22.209,19.677,18.334,16.887,18,16,4,1908869.8,77,74,94,80,102,101,100,99,20.414,20.383,22.545,22.473,4950.268,92919,29923,40380,316,1883,4,5,0,0,0,28,23,14,19,4,3,FALSE,0,FALSE
460.0358,22.694,22.234,19.702,18.354,16.879,18,16,4,1915098.9,79,75,85,76,102,101,100,99,20.419,20.386,22.556,22.479,4968.049,92919,29923,40380,350,1900,4,5,0,0,0,28,23,14,19,4,3,FALSE,0,FALSE
460.52905,22.722,22.26,19.717,18.367,16.87,18,16,4,1918039.6,78,75,78,72,102,101,101,99,20.424,20.39,22.562,22.483,4986.209,92919,29923,40380,350,1900,4,5,0,0,0,28,23,14,19,4,3,FALSE,0,FALSE
461.03122,22.758,22.294,19.733,18.381,16.859,18,16,4,1922136.4,79,76,75,70,102,101,101,99,20.429,20.393,22.566,22.485,5006.562,92919,29923,40380,350,1900,4,5,0,0,0,28,23,14,19,4,3,FALSE,0,FALSE
461.53195,22.79,22.325,19.743,18.391,16.845,18,16,4,1918654.8,78,76,72,69,102,101,101,99,20.433,20.396,22.568,22.486,5028.75,92919,29923,40380,350,1900,4,5,0,0,0,28,23,14,19,4,3,FALSE,0,FALSE
462.03122,22.826,22.359,19.754,18.402,16.832,18,16,4,1910884.8,76,74,71,68,102,101,101,99,20.436,20.399,22.569,22.486,5053.451,92919,29923,40380,350,1800,4,5,0,0,0,28,23,14,19,4,3,FALSE,0,FALSE
462.53232,22.852,22.383,19.758,18.406,16.819,18,16,4,1872807.9,73,72,68,67,102,101,101,99,20.438,20.4,22.568,22.485,5081.197,92919,29923,40380,333,1800,4,5,0,0,0,28,23,14,19,4,3,FALSE,0,FALSE
463.0302,22.868,22.4,19.758,18.406,16.806,18,16,4,1831618.1,71,70,67,67,102,101,101,99,20.438,20.4,22.566,22.483,5111.701,92919,29923,40380,333,1800,4,5,0,0,0,28,23,14,19,4,3,FALSE,0,FALSE
464.03394,22.89,22.422,19.758,18.406,16.778,18,16,4,1814478.1,70,69,68,68,102,101,100,99,20.434,20.396,22.559,22.478,5177.906,92919,29923,40380,334,1734,4,5,0,0,0,28,23,14,19,4,3,FALSE,0,FALSE
464.53162,22.9,22.432,19.758,18.406,16.764,18,16,4,1805834.4,70,69,68,68,102,101,100,99,20.432,20.394,22.555,22.475,5213.277,92919,29923,40380,334,1734,4,5,0,0,0,28,23,14,19,4,3,FALSE,0,FALSE
465.0304,22.909,22.441,19.758,18.406,16.752,18,16,4,1802711,70,69,68,68,102,101,100,99,20.429,20.391,22.551,22.471,5249.771,92919,29923,40380,334,1717,4,5,0,0,0,28,23,14,19,4,3,FALSE,0,FALSE
465.53244,22.919,22.45,19.758,18.406,16.738,18,16,4,1794067.2,69,69,68,68,102,101,100,99,20.425,20.388,22.546,22.466,5287.35,92919,29923,40380,334,1700,4,5,0,0,0,28,23,14,19,4,3,FALSE,0,FALSE
466.0302,22.928,22.459,19.758,18.406,16.724,18,16,4,1785423.5,69,69,68,68,102,101,100,99,20.421,20.384,22.54,22.461,5325.938,92919,29923,40380,334,1700,4,5,0,0,0,28,23,14,19,4,3,FALSE,0,FALSE
466.52948,22.937,22.468,19.758,18.406,16.71,18,16,4,1776779.8,68,68,68,68,102,101,100,99,20.416,20.38,22.534,22.455,5365.551,92919,29923,40380,333,1683,4,5,0,0,0,28,23,14,19,4,3,FALSE,0,FALSE
467.0335,22.946,22.477,19.758,18.406,16.697,18,16,4,1773591,68,68,69,68,102,101,100,99,20.411,20.375,22.528,22.449,5406.041,92919,29923,40380,317,1650,4,5,0,0,0,28,23,14,19,4,3,FALSE,0,FALSE
468.03262,22.963,22.494,19.758,18.406,16.67,18,16,5,1756303.5,68,68,68,68,101,101,100,98,20.399,20.363,22.513,22.436,80.588,93092,0,0,333,1633,4,6,0,0,0,28,23,14,19,4,3,FALSE,0,FALSE
468.5299,22.971,22.502,19.758,18.406,16.656,18,16,5,1747659.8,69,68,69,69,101,101,100,98,20.393,20.357,22.505,22.428,123.385,93092,0,0,317,1617,4,6,0,0,0,28,23,14,19,4,3,FALSE,0,FALSE
469.0247,22.979,22.51,19.758,18.406,16.643,18,16,5,1739304.1,68,68,69,68,101,100,99,98,20.386,20.351,22.497,22.421,165.393,93092,0,0,300,1566,4,6,0,0,0,28,23,14,19,4,3,FALSE,0,FALSE
469.5295,22.988,22.519,19.758,18.406,16.628,18,16,5,1730372.2,68,68,69,68,101,100,99,98,20.379,20.344,22.489,22.412,210.918,93092,0,0,283,1533,4,6,0,0,0,28,23,14,19,4,3,FALSE,0,FALSE
470.53186,23.004,22.535,19.758,18.406,16.601,18,16,5,1713148.9,68,68,69,68,101,100,99,98,20.364,20.329,22.47,22.395,300.576,93092,0,0,284,1484,4,6,0,0,0,28,23,14,19,4,3,FALSE,0,FALSE
471.0305,23.012,22.543,19.758,18.406,16.587,18,16,5,1704849.1,68,68,69,68,101,100,99,98,20.356,20.321,22.461,22.386,346.072,93092,0,0,267,1434,4,6,0,0,0,28,23,14,19,4,3,FALSE,0,FALSE
471.531,23.02,22.55,19.758,18.406,16.573,18,16,5,1696794.5,69,69,69,69,100,100,99,97,20.348,20.314,22.451,22.377,391.922,93092,0,0,250,1400,4,6,0,0,0,28,23,14,19,4,3,FALSE,0,FALSE
472.53262,23.035,22.565,19.758,18.406,16.546,18,16,5,1681285.1,68,68,69,68,100,99,98,97,20.33,20.297,22.431,22.358,484.492,93092,0,0,233,1350,4,6,0,0,0,28,23,14,19,4,3,FALSE,0,FALSE
473.0326,23.042,22.573,19.758,18.406,16.532,18,16,5,1673801.1,68,69,69,69,100,99,98,97,20.321,20.288,22.421,22.348,531.166,93092,0,0,216,1300,4,6,0,0,0,28,23,14,19,4,3,FALSE,0,FALSE
473.53214,23.05,22.582,19.762,18.41,16.518,18,16,5,1671862.8,70,69,71,71,100,99,98,97,20.312,20.279,22.411,22.338,577.992,93092,0,0,216,1217,4,6,0,0,0,28,23,14,19,4,3,FALSE,0,FALSE
474.03442,23.087,22.617,19.806,18.456,16.516,18,16,5,1709009.8,71,72,74,73,100,99,98,97,20.309,20.277,22.411,22.338,619.018,93092,0,0,217,1217,4,6,0,0,0,28,23,14,19,4,3,FALSE,0,FALSE
474.5339,23.122,22.649,19.834,18.485,16.515,18,16,5,1739713.6,72,72,73,72,100,99,98,97,20.311,20.278,22.416,22.344,651.275,93092,0,0,200,1183,4,6,0,0,0,28,23,14,19,4,3,FALSE,0,FALSE
475.03128,23.154,22.672,19.85,18.502,16.514,18,16,5,1765004.6,74,71,72,71,100,99,98,97,20.314,20.282,22.422,22.35,676.004,93092,0,0,200,1183,4,6,0,0,0,28,23,14,19,4,3,FALSE,0,FALSE
475.536,23.167,22.684,19.856,18.508,16.514,18,16,5,1786353.6,70,69,69,69,100,99,98,97,20.318,20.285,22.427,22.355,694.916,93092,0,0,250,1183,4,6,0,0,0,28,23,14,19,4,3,FALSE,0,FALSE
476.03207,23.17,22.686,19.859,18.511,16.514,18,16,5,1803771.6,67,66,68,67,100,99,98,97,20.32,20.287,22.431,22.36,710.15,93092,0,0,250,1183,4,6,0,0,0,28,23,14,19,4,3,FALSE,0,FALSE
476.5349,23.179,22.693,19.871,18.522,16.514,18,16,5,1817934.4,68,66,71,68,100,99,98,97,20.322,20.289,22.436,22.364,722.434,93092,0,0,250,1467,4,6,0,0,0,28,23,14,19,4,3,FALSE,0,FALSE
477.03482,23.19,22.701,19.895,18.539,16.514,18,16,5,1826614.1,70,67,77,72,100,99,99,97,20.324,20.29,22.442,22.369,731.49,93092,0,0,250,1467,4,6,0,0,0,28,23,14,19,4,3,FALSE,0,FALSE
477.53284,23.201,22.711,19.93,18.558,16.513,18,16,5,1831099.5,70,68,86,74,100,99,99,97,20.328,20.292,22.451,22.374,743.488,93092,0,0,317,1467,4,6,0,0,0,28,23,14,19,4,3,FALSE,0,FALSE
478.03116,23.212,22.721,19.949,18.569,16.511,18,16,5,1835702.6,71,69,85,73,100,99,99,98,20.331,20.295,22.461,22.38,759.324,93092,0,0,317,1467,4,6,0,0,0,28,23,14,19,4,3,FALSE,0,FALSE
478.53165,23.224,22.732,19.954,18.574,16.506,18,16,5,1840529.5,72,69,79,70,100,99,99,98,20.334,20.297,22.469,22.385,770.102,93092,0,0,317,1717,4,6,0,0,0,28,23,14,19,4,3,FALSE,0,FALSE
479.0288,23.236,22.748,19.955,18.576,16.5,18,16,5,1843894.2,73,72,73,68,100,99,99,98,20.338,20.3,22.475,22.388,781.93,93092,0,0,317,1717,4,6,0,0,0,28,23,14,19,4,3,FALSE,0,FALSE
479.5315,23.251,22.766,19.956,18.577,16.491,18,16,5,1848291.2,73,73,68,67,100,100,99,98,20.341,20.304,22.477,22.39,796.16,93092,0,0,317,1717,4,6,0,0,0,28,23,14,19,4,3,FALSE,0,FALSE
480.03168,23.264,22.781,19.96,18.581,16.482,18,16,5,1855701.2,71,72,66,68,100,100,99,98,20.344,20.307,22.479,22.392,812.77,93092,0,0,467,1717,4,6,0,0,0,28,23,14,19,4,3,FALSE,0,FALSE
480.52966,23.279,22.798,19.967,18.589,16.471,18,16,5,1863477.8,71,72,67,69,100,100,99,98,20.346,20.31,22.479,22.393,831.154,93092,0,0,467,1717,4,6,0,0,0,28,23,14,19,4,3,FALSE,0,FALSE
481.03174,23.303,22.825,19.984,18.609,16.463,18,16,5,1874010.2,73,76,71,73,100,100,99,98,20.349,20.313,22.479,22.396,857.588,93092,0,0,334,1600,4,6,0,0,0,28,23,14,19,4,3,FALSE,0,FALSE
481.53427,23.331,22.861,20.009,18.635,16.453,18,16,5,1880508.4,73,78,73,75,100,100,99,98,20.351,20.318,22.481,22.399,878.539,93092,0,0,334,1600,4,6,0,0,0,28,23,14,19,4,3,FALSE,0,FALSE
482.03186,23.36,22.894,20.023,18.649,16.441,18,16,5,1883171.9,74,77,70,73,100,100,99,98,20.353,20.323,22.482,22.401,901.566,93092,0,0,334,1600,4,6,0,0,0,28,23,14,19,4,3,FALSE,0,FALSE
482.53345,23.388,22.928,20.028,18.653,16.428,18,16,5,1883325.9,73,75,68,69,101,100,99,98,20.355,20.326,22.481,22.401,927.328,93092,0,0,333,1600,4,6,0,0,0,28,23,14,19,4,3,FALSE,0,FALSE
483.0315,23.42,22.96,20.042,18.663,16.415,18,16,5,1876977.9,75,74,72,68,101,100,99,98,20.357,20.327,22.479,22.401,956.287,93092,0,0,350,1617,4,6,0,0,0,28,23,14,19,4,3,FALSE,0,FALSE
483.53406,23.452,22.987,20.056,18.677,16.401,18,16,5,1869770.5,74,71,71,69,101,100,99,98,20.359,20.328,22.479,22.399,986.59,93092,0,0,350,1633,4,6,0,0,0,28,23,14,19,4,3,FALSE,0,FALSE
484.0328,23.476,23.007,20.066,18.687,16.387,18,16,5,1861758.4,72,70,70,68,101,100,99,98,20.359,20.328,22.477,22.397,1017.309,93092,0,0,367,1633,4,6,0,0,0,28,23,14,19,4,3,FALSE,0,FALSE
484.53323,23.493,23.021,20.069,18.692,16.374,18,16,5,1858993.9,69,68,68,67,101,100,99,98,20.358,20.326,22.474,22.394,1049.881,93092,0,0,367,1633,4,6,0,0,0,28,23,14,19,4,3,FALSE,0,FALSE
485.53357,23.521,23.046,20.071,18.695,16.347,18,16,5,1847161.5,68,68,68,67,100,100,99,98,20.352,20.32,22.465,22.385,1119.643,93092,0,0,383,1617,4,6,0,0,0,28,23,14,19,4,3,FALSE,0,FALSE
486.03336,23.531,23.056,20.071,18.695,16.334,18,16,5,1838517.8,68,68,68,68,100,100,99,98,20.348,20.316,22.46,22.38,1156.436,93092,0,0,383,1633,4,6,0,0,0,28,23,14,19,4,3,FALSE,0,FALSE
486.53397,23.54,23.066,20.071,18.695,16.32,18,16,5,1829874,68,68,68,68,100,100,99,97,20.344,20.313,22.454,22.375,1194.426,93092,0,0,383,1616,4,6,0,0,0,28,23,14,19,4,3,FALSE,0,FALSE
487.03183,23.55,23.076,20.071,18.695,16.306,18,16,5,1821230.2,68,68,68,68,100,100,99,97,20.34,20.308,22.448,22.37,1233.498,93092,0,0,383,1600,4,6,0,0,0,28,23,14,19,4,3,FALSE,0,FALSE
487.53375,23.559,23.085,20.071,18.695,16.292,18,16,5,1812586.5,68,68,68,68,100,100,99,97,20.335,20.304,22.441,22.363,1273.535,93092,0,0,366,1600,4,6,0,0,0,28,23,14,19,4,3,FALSE,0,FALSE
488.03418,23.567,23.093,20.071,18.695,16.279,18,16,5,1809403.4,68,68,68,68,100,99,98,97,20.329,20.299,22.434,22.357,1314.338,93092,0,0,366,1566,4,6,0,0,0,28,23,14,19,4,3,FALSE,0,FALSE
488.5325,23.575,23.102,20.071,18.695,16.266,18,16,5,1800759.6,68,68,68,68,100,99,98,97,20.324,20.293,22.427,22.35,1355.85,93092,0,0,384,1550,4,6,0,0,0,28,23,14,19,4,3,FALSE,0,FALSE
489.0332,23.583,23.111,20.072,18.695,16.252,18,16,5,1792677.6,68,68,68,68,100,99,98,97,20.318,20.288,22.419,22.343,1398.062,93092,0,0,367,1550,4,6,0,0,0,28,23,14,19,4,3,FALSE,0,FALSE
489.53528,23.618,23.143,20.125,18.739,16.247,18,16,5,1823886.5,72,72,76,74,100,99,98,97,20.316,20.286,22.419,22.343,1436.137,93092,0,0,350,1550,4,6,0,0,0,28,23,14,19,4,3,FALSE,0,FALSE
490.0333,23.643,23.168,20.144,18.753,16.246,18,16,5,1853417.2,70,71,72,70,100,99,98,97,20.317,20.288,22.424,22.347,1466.049,93092,0,0,350,1483,4,6,0,0,0,28,23,14,19,4,3,FALSE,0,FALSE
491.03018,23.703,23.213,20.215,18.815,16.246,18,16,5,1898383.6,78,72,83,77,100,99,98,97,20.325,20.293,22.436,22.359,1509.818,93092,0,0,417,1550,4,6,0,0,0,28,23,14,19,4,3,FALSE,0,FALSE
491.5331,23.735,23.236,20.266,18.857,16.246,18,16,5,1913582.8,79,72,88,81,100,99,99,97,20.332,20.297,22.447,22.366,1528.176,93092,0,0,417,1550,4,6,0,0,0,28,23,14,19,4,3,FALSE,0,FALSE
492.0354,23.772,23.26,20.327,18.906,16.244,18,16,5,1920855.5,81,73,94,85,100,100,99,97,20.34,20.301,22.459,22.376,1555.744,93092,0,0,433,1550,4,6,0,0,0,28,23,14,19,4,3,FALSE,0,FALSE
492.5295,23.794,23.278,20.368,18.934,16.24,18,16,5,1926976.9,78,72,90,81,100,100,99,98,20.346,20.304,22.471,22.385,1573.906,93092,0,0,433,1500,4,6,0,0,0,28,23,14,19,4,3,FALSE,0,FALSE
493.03387,23.813,23.293,20.385,18.948,16.234,18,16,5,1933148.2,75,71,82,75,100,100,99,98,20.351,20.307,22.48,22.391,1590.775,93092,0,0,433,1500,4,6,0,0,0,28,23,14,19,4,3,FALSE,0,FALSE
493.52902,23.838,23.313,20.403,18.964,16.227,18,16,5,1939076.6,77,72,78,72,101,100,99,98,20.355,20.309,22.486,22.395,1607.178,93092,0,0,433,1500,4,6,0,0,0,28,23,14,19,4,3,FALSE,0,FALSE
494.52866,23.894,23.366,20.415,18.976,16.204,18,16,5,1938751.8,75,74,70,66,101,100,99,98,20.364,20.316,22.49,22.397,1647.814,93092,0,0,383,1500,4,6,0,0,0,28,23,14,19,4,3,FALSE,0,FALSE
495.03278,23.944,23.413,20.416,18.978,16.19,18,16,5,1936513.9,78,78,68,65,101,100,99,98,20.367,20.319,22.49,22.396,1671.957,93092,0,0,384,1500,4,6,0,0,0,28,23,14,19,4,3,FALSE,0,FALSE
495.53,23.971,23.437,20.419,18.981,16.178,18,16,5,1936510.5,72,72,66,66,101,100,99,98,20.369,20.322,22.488,22.395,1698.623,93092,0,0,384,1517,4,6,0,0,0,28,23,14,19,4,3,FALSE,0,FALSE
496.0329,23.989,23.458,20.423,18.984,16.164,18,16,5,1929689.5,71,71,67,68,101,100,99,98,20.369,20.323,22.485,22.393,1727.365,93092,0,0,400,1517,4,6,0,0,0,28,23,14,19,4,3,FALSE,0,FALSE
496.52982,24.003,23.474,20.426,18.987,16.151,18,16,5,1927387.1,70,70,67,68,101,100,99,98,20.368,20.323,22.483,22.391,1757.961,93092,0,0,400,1534,4,6,0,0,0,28,23,14,19,4,3,FALSE,0,FALSE
497.03104,24.02,23.495,20.439,18.999,16.137,18,16,5,1918942.8,70,72,70,71,101,100,99,98,20.367,20.322,22.48,22.389,1790.352,93092,0,0,400,1534,4,6,0,0,0,28,23,14,19,4,3,FALSE,0,FALSE
497.5315,24.055,23.54,20.471,19.031,16.124,18,16,5,1910299,72,77,74,73,101,100,99,98,20.366,20.323,22.478,22.389,1825.084,93092,30173,0,416,1533,4,6,0,0,0,28,23,14,19,4,3,FALSE,0,FALSE
498.03256,24.093,23.574,20.513,19.064,16.12,18,16,5,1932018,74,72,77,74,101,100,99,98,20.366,20.325,22.478,22.389,1858.229,93092,30173,0,416,1533,4,6,0,0,0,28,23,14,19,4,3,FALSE,0,FALSE
498.5336,24.173,23.637,20.634,19.163,16.119,18,16,5,1958265.1,87,80,99,89,101,100,99,98,20.371,20.328,22.486,22.395,1884.686,93092,30173,0,417,1517,4,6,0,0,0,28,23,14,19,4,3,FALSE,0,FALSE
499.0308,24.232,23.683,20.752,19.258,16.112,18,16,5,1965510.2,83,77,102,91,101,100,99,98,20.379,20.333,22.499,22.404,1910.42,93092,30173,0,417,1517,4,6,0,0,0,28,23,14,19,4,3,FALSE,0,FALSE
499.5278,24.291,23.731,20.822,19.315,16.103,18,16,5,1970839.1,84,77,91,83,101,100,100,98,20.386,20.337,22.51,22.412,1936.965,93092,30173,0,483,1583,4,6,0,0,0,28,23,14,19,4,3,FALSE,0,FALSE
500.03076,24.36,23.786,20.875,19.358,16.094,18,16,5,1975270.1,85,78,84,78,101,100,100,98,20.393,20.341,22.517,22.416,1962.531,93092,30173,0,483,1633,4,6,0,0,0,28,23,14,19,4,3,FALSE,0,FALSE
500.53156,24.391,23.817,20.895,19.382,16.081,18,16,5,1972396.1,75,75,74,76,101,100,100,98,20.396,20.344,22.518,22.417,1989.211,93092,30173,0,533,1633,4,6,0,0,0,28,23,14,19,4,3,FALSE,0,FALSE
501.02786,24.443,23.881,20.951,19.451,16.071,18,16,5,1977502.8,77,83,80,84,101,100,100,98,20.398,20.347,22.519,22.421,2018.059,93092,30173,0,600,1650,4,6,0,0,0,28,23,14,19,4,3,FALSE,0,FALSE
501.53348,24.517,23.973,21.014,19.524,16.059,18,16,5,1982159.1,83,89,80,86,101,100,100,98,20.401,20.353,22.521,22.425,2048.646,93092,30173,0,600,1650,4,6,0,0,0,28,23,14,19,4,3,FALSE,0,FALSE
502.03076,24.56,24.024,21.048,19.563,16.045,18,16,5,1975713.5,76,79,75,80,101,101,100,98,20.403,20.358,22.521,22.427,2078.492,93092,30173,0,650,1650,4,6,0,0,0,28,23,14,19,4,3,FALSE,0,FALSE
502.5326,24.598,24.07,21.072,19.587,16.033,18,16,5,1973294.6,72,75,71,73,101,101,100,98,20.403,20.36,22.518,22.427,2109.189,93092,30173,0,650,1700,4,6,0,0,0,28,23,14,19,4,3,FALSE,0,FALSE
503.03152,24.615,24.092,21.082,19.596,16.019,18,16,5,1964744.2,70,72,69,70,101,101,100,98,20.401,20.359,22.514,22.424,2141.682,93092,30173,0,700,1700,4,6,0,0,0,28,23,14,19,4,3,FALSE,0,FALSE
503.52982,24.632,24.114,21.093,19.606,16.005,18,16,5,1958977,71,73,71,71,101,101,100,98,20.398,20.358,22.51,22.42,2175.504,93092,30173,0,700,1700,4,6,0,0,0,28,23,14,19,4,3,FALSE,0,FALSE
504.03168,24.663,24.148,21.137,19.646,16.003,18,16,5,1988027.1,72,73,76,76,101,101,100,98,20.397,20.359,22.512,22.422,2204.736,93092,30173,0,716,1700,4,6,0,0,0,28,23,14,19,4,3,FALSE,0,FALSE
504.53073,24.679,24.161,21.148,19.658,16.002,18,16,5,2012721.8,70,70,73,71,101,101,100,98,20.399,20.36,22.516,22.427,2227.188,93092,30173,0,716,1783,4,6,0,0,0,28,23,14,19,4,3,FALSE,0,FALSE
505.03104,24.701,24.177,21.174,19.684,16.002,18,16,5,2033672.9,75,70,78,75,101,101,100,98,20.401,20.362,22.52,22.431,2245.566,93092,30173,0,716,1783,4,6,0,0,0,28,23,14,19,4,3,FALSE,0,FALSE
506.03134,24.754,24.218,21.298,19.772,16.002,18,16,5,2059670.8,77,72,101,87,102,101,100,99,20.412,20.368,22.542,22.447,2271.863,93092,30173,0,716,1783,4,6,0,0,0,28,23,14,19,4,3,FALSE,0,FALSE
506.52966,24.767,24.228,21.344,19.803,16,18,16,5,2065586.4,75,71,101,87,102,101,100,99,20.416,20.37,22.558,22.457,2287.541,93092,30173,0,716,1700,4,6,0,0,0,28,23,14,19,4,3,FALSE,0,FALSE
507.03052,24.786,24.243,21.363,19.819,15.997,18,16,5,2071286.5,77,72,92,82,102,101,101,99,20.42,20.372,22.57,22.465,2300.816,93092,30173,0,716,1700,4,6,0,0,0,28,23,14,19,4,3,FALSE,0,FALSE
507.53003,24.808,24.262,21.375,19.829,15.991,18,16,5,2077520.5,78,73,84,76,102,101,101,99,20.425,20.375,22.579,22.471,2313.197,93092,30173,0,550,1700,4,6,0,0,0,28,23,14,19,4,3,FALSE,0,FALSE
508.02527,24.823,24.277,21.381,19.834,15.984,18,16,5,2084034.9,76,73,77,72,102,101,101,99,20.428,20.377,22.584,22.474,2325.996,93092,30173,0,550,1700,4,6,0,0,0,28,23,14,19,4,3,FALSE,0,FALSE
508.53116,24.848,24.306,21.385,19.838,15.974,18,16,5,2090940.8,77,77,72,68,102,101,101,99,20.432,20.38,22.587,22.475,2341.898,93092,30173,0,550,1700,4,6,0,0,0,28,23,14,19,4,3,FALSE,0,FALSE
509.032,24.883,24.344,21.385,19.838,15.962,18,16,5,2095555.1,80,81,68,66,102,101,101,99,20.436,20.384,22.587,22.475,2360.422,93092,30173,0,600,1716,4,6,0,0,0,28,23,14,19,4,3,FALSE,0,FALSE
509.53024,24.925,24.39,21.386,19.839,15.949,18,16,5,2099522,80,80,67,66,102,101,101,99,20.441,20.39,22.585,22.473,2381.82,93092,30173,0,600,1716,4,6,0,0,0,28,23,14,19,4,3,FALSE,0,FALSE
510.0302,24.945,24.413,21.386,19.84,15.935,18,16,5,2094773.6,74,73,66,66,102,101,101,99,20.444,20.393,22.583,22.472,2405.928,93092,30173,0,600,1650,4,6,0,0,0,28,23,14,19,4,3,FALSE,0,FALSE
510.52786,24.961,24.43,21.386,19.84,15.923,18,16,5,2094287.1,71,70,66,66,102,101,101,99,20.444,20.393,22.58,22.469,2432.346,93092,30173,0,550,1650,4,6,0,0,0,28,23,14,19,4,3,FALSE,0,FALSE
511.02765,24.975,24.445,21.386,19.84,15.909,18,16,5,2087444,70,69,66,66,102,101,101,99,20.442,20.392,22.576,22.467,2460.887,93092,30173,0,533,1616,4,6,0,0,0,28,23,14,19,4,3,FALSE,0,FALSE
511.52994,24.988,24.457,21.386,19.84,15.896,18,16,5,2085169.5,69,69,67,66,102,101,101,99,20.44,20.39,22.572,22.463,2491.371,93092,30173,0,533,1600,4,6,0,0,0,28,23,14,19,4,3,FALSE,0,FALSE
512.03015,25,24.47,21.387,19.841,15.882,18,16,5,2076719,69,69,67,67,102,101,101,99,20.438,20.387,22.567,22.459,2523.443,93092,30173,0,533,1600,4,6,0,0,0,28,23,14,19,4,3,FALSE,0,FALSE
512.52814,25.011,24.484,21.389,19.842,15.869,18,16,5,2068075.2,69,70,67,67,102,101,101,99,20.434,20.385,22.562,22.455,2557.152,93092,30173,0,566,1600,4,6,0,0,0,28,23,14,19,4,3,FALSE,0,FALSE
513.0338,25.037,24.517,21.415,19.868,15.855,18,16,5,2062163.6,72,74,72,74,102,101,100,99,20.431,20.383,22.558,22.452,2592.123,93092,30173,0,566,1600,4,6,0,0,0,28,23,14,19,4,3,FALSE,0,FALSE
513.5318,25.077,24.567,21.463,19.918,15.842,18,16,5,2062933.5,73,77,76,79,102,101,100,99,20.429,20.383,22.555,22.451,2627.418,93092,30173,0,584,1584,4,6,0,0,0,28,23,14,19,4,3,FALSE,0,FALSE
514.03217,25.116,24.616,21.512,19.964,15.84,18,16,5,2090895.6,74,77,77,79,102,101,100,99,20.43,20.385,22.556,22.454,2660.215,93092,30173,0,584,1584,4,6,0,0,0,28,23,14,19,4,3,FALSE,0,FALSE
514.5303,25.146,24.652,21.544,19.995,15.839,18,16,5,2116177.8,73,76,76,78,102,101,100,99,20.432,20.389,22.56,22.46,2685.146,93092,30173,0,617,1584,4,6,0,0,0,28,23,14,19,4,3,FALSE,0,FALSE
515.02936,25.167,24.678,21.566,20.019,15.838,18,16,5,2137534,72,76,75,78,102,101,101,99,20.434,20.394,22.564,22.466,2704.184,93092,30173,0,617,1584,4,6,0,0,0,28,23,14,19,4,3,FALSE,0,FALSE
515.5304,25.181,24.697,21.583,20.039,15.838,18,16,5,2156244.2,70,74,74,78,102,101,101,99,20.436,20.398,22.568,22.472,2720.518,93092,30173,0,617,1667,4,6,0,0,0,28,23,14,19,4,3,FALSE,0,FALSE
516.0296,25.195,24.715,21.608,20.072,15.838,18,16,5,2169855.8,71,75,77,84,102,101,101,99,20.438,20.402,22.573,22.479,2733.229,93092,30173,0,617,1667,4,6,0,0,0,28,23,14,19,4,3,FALSE,0,FALSE
516.52893,25.207,24.73,21.634,20.115,15.838,18,16,5,2178578,71,75,80,92,102,101,101,99,20.439,20.406,22.578,22.489,2745.352,93092,30173,0,617,1667,4,6,0,0,0,28,23,14,19,4,3,FALSE,0,FALSE
517.02924,25.223,24.749,21.66,20.153,15.837,18,16,5,2183721,75,79,84,96,102,102,101,100,20.441,20.41,22.582,22.5,2766.623,93092,30173,0,617,1667,4,6,0,0,0,28,23,14,19,4,3,FALSE,0,FALSE
517.5325,25.241,24.771,21.677,20.174,15.833,18,16,5,2189056,75,80,81,90,102,102,101,100,20.445,20.416,22.589,22.512,2776.127,93092,30173,0,617,1534,4,6,0,0,0,28,23,14,19,4,3,FALSE,0,FALSE
518.0275,25.27,24.801,21.679,20.177,15.826,18,16,5,2194726.2,79,82,74,80,102,102,101,100,20.449,20.423,22.593,22.52,2787.717,93092,30173,0,617,1534,4,6,0,0,0,28,23,14,19,4,3,FALSE,0,FALSE
518.5314,25.29,24.818,21.68,20.177,15.818,18,16,5,2197281,78,78,69,72,102,102,101,100,20.453,20.428,22.595,22.523,2801.76,93092,30173,0,450,1534,4,6,0,0,0,28,23,14,19,4,3,FALSE,0,FALSE
519.02686,25.329,24.856,21.68,20.177,15.806,18,16,5,2203667,82,81,67,68,102,102,101,100,20.459,20.434,22.594,22.524,2818.359,93092,30173,0,450,1534,4,6,0,0,0,28,23,14,19,4,3,FALSE,0,FALSE
519.5329,25.375,24.901,21.68,20.177,15.795,18,16,5,2210779.2,82,82,66,66,103,102,101,100,20.465,20.44,22.592,22.523,2837.703,93092,30173,0,450,1534,4,6,0,0,0,28,23,14,19,4,3,FALSE,0,FALSE
520.031,25.404,24.929,21.68,20.177,15.782,18,16,5,2206957.8,77,76,66,66,103,102,101,100,20.469,20.444,22.59,22.522,2859.809,93092,30173,0,550,1617,4,6,0,0,0,28,23,14,19,4,3,FALSE,0,FALSE
520.5295,25.428,24.953,21.68,20.177,15.768,18,16,5,2201799.8,72,72,66,66,103,102,101,100,20.47,20.446,22.587,22.519,2884.73,93092,30173,0,550,1600,4,6,0,0,0,28,23,14,19,4,3,FALSE,0,FALSE
521.0308,25.445,24.971,21.68,20.177,15.755,18,16,5,2197194,70,70,66,67,103,102,101,100,20.47,20.445,22.584,22.517,2912.053,93092,30173,0,533,1600,4,6,0,0,0,28,23,14,19,4,3,FALSE,0,FALSE
521.5324,25.465,24.991,21.68,20.177,15.741,18,16,5,2147710.8,70,70,67,67,103,102,101,100,20.468,20.444,22.58,22.513,2941.807,93092,30173,0,550,1600,4,6,0,0,0,28,23,14,19,4,3,FALSE,0,FALSE
522.0285,25.483,25.009,21.681,20.177,15.728,18,16,5,2097417,70,70,67,67,103,102,101,100,20.466,20.442,22.576,22.51,2973.867,93092,30173,0,550,1600,4,6,0,0,0,28,23,14,19,4,3,FALSE,0,FALSE
522.528,25.497,25.022,21.681,20.177,15.715,18,16,5,2067552.4,69,69,68,67,102,102,101,100,20.463,20.44,22.572,22.506,3007.986,93092,30173,0,534,1567,4,6,0,0,0,28,23,14,19,4,3,FALSE,0,FALSE
523.0313,25.507,25.033,21.681,20.177,15.702,18,16,5,2064359.4,68,68,68,68,102,102,101,100,20.46,20.437,22.567,22.502,3043.605,93092,30173,0,534,1567,4,6,0,0,0,28,23,14,19,4,3,FALSE,0,FALSE
523.53204,25.517,25.043,21.681,20.177,15.688,18,16,5,2055715.6,68,68,68,68,102,102,101,99,20.455,20.433,22.561,22.497,3080.473,93092,30173,0,550,1533,4,6,0,0,0,28,23,14,19,4,3,FALSE,0,FALSE
524.5299,25.537,25.062,21.681,20.177,15.66,18,16,5,2038428.1,68,68,69,68,102,102,100,99,20.446,20.424,22.549,22.485,3157.764,93092,30173,0,550,1517,4,6,0,0,0,28,23,14,19,4,3,FALSE,0,FALSE
525.52905,25.556,25.08,21.681,20.178,15.634,18,16,5,2026544.5,69,68,69,69,102,102,100,99,20.435,20.413,22.536,22.472,3238.834,93092,30173,0,550,1483,4,6,0,0,0,28,23,14,19,4,3,FALSE,0,FALSE
526.0307,25.565,25.088,21.681,20.178,15.62,18,16,5,2017900.8,69,68,69,69,102,101,100,99,20.43,20.407,22.528,22.465,3280.508,93092,30173,0,550,1450,4,6,0,0,0,28,23,14,19,4,3,FALSE,0,FALSE
526.5303,25.574,25.097,21.681,20.178,15.606,18,16,5,2009257,69,69,69,69,102,101,100,99,20.423,20.401,22.52,22.458,3322.893,93092,30173,0,550,1383,4,6,0,0,0,28,23,14,19,4,3,FALSE,0,FALSE
527.02856,25.595,25.119,21.71,20.206,15.597,18,16,5,2026043.4,72,72,75,75,102,101,100,99,20.419,20.397,22.516,22.454,3364.094,93092,30173,0,550,1383,4,6,0,0,0,28,23,14,19,4,3,FALSE,0,FALSE
527.5313,25.624,25.147,21.741,20.238,15.596,18,16,5,2057934.6,71,71,73,73,102,101,100,99,20.419,20.397,22.52,22.458,3396.93,93092,30173,0,550,1350,4,6,0,0,0,28,23,14,19,4,3,FALSE,0,FALSE
528.02747,25.64,25.168,21.763,20.259,15.596,18,16,5,2085266.1,69,73,74,75,102,101,100,99,20.42,20.399,22.524,22.462,3423.328,93092,30173,0,550,1350,4,6,0,0,0,28,23,14,19,4,3,FALSE,0,FALSE
528.5311,25.671,25.209,21.808,20.316,15.596,18,16,5,2106742.2,73,78,79,85,102,101,100,99,20.421,20.403,22.529,22.47,3445.391,93092,30173,0,600,1350,4,6,0,0,0,28,23,14,19,4,3,FALSE,0,FALSE
529.0292,25.697,25.253,21.861,20.375,15.595,18,16,5,2116519.2,73,83,85,86,102,102,100,99,20.424,20.41,22.536,22.481,3467.801,93092,30173,0,600,1433,4,6,0,0,0,28,23,14,19,4,3,FALSE,0,FALSE
529.5303,25.735,25.293,21.897,20.443,15.59,18,16,5,2123669.5,80,82,81,94,102,102,100,99,20.428,20.417,22.543,22.492,3492.34,93092,30173,0,650,1433,4,6,0,0,0,28,23,14,19,4,3,FALSE,0,FALSE
530.0322,25.761,25.326,21.927,20.481,15.582,18,16,5,2130351.2,76,80,78,87,102,102,100,100,20.432,20.423,22.548,22.502,3513.02,93092,30173,0,650,1466,4,6,0,0,0,28,23,14,19,4,3,FALSE,0,FALSE
530.5315,25.789,25.359,21.948,20.505,15.573,18,16,5,2136703,75,79,74,80,102,102,100,100,20.435,20.427,22.552,22.509,3534.059,93092,30173,0,650,1466,4,6,0,0,0,28,23,14,19,4,3,FALSE,0,FALSE
531.0329,25.828,25.403,21.973,20.532,15.561,18,16,5,2142171.2,78,82,74,78,102,102,100,100,20.437,20.432,22.554,22.513,3556.537,93092,30173,0,683,1500,4,6,0,0,0,28,23,14,19,4,3,FALSE,0,FALSE
531.52954,25.911,25.496,22.006,20.569,15.547,18,16,5,2140938.5,89,95,76,79,102,102,100,100,20.443,20.44,22.556,22.517,3580.732,93092,30173,0,683,1500,4,6,0,0,0,28,23,14,19,4,3,FALSE,0,FALSE
532.03107,26.046,25.654,22.043,20.609,15.535,18,16,5,2144733.5,98,106,77,81,102,102,100,100,20.455,20.456,22.557,22.52,3606.475,93092,30173,0,716,1533,4,6,0,0,0,28,23,14,19,4,3,FALSE,0,FALSE
532.53253,26.099,25.714,22.056,20.621,15.521,18,16,5,2139246.8,77,81,72,73,102,103,100,100,20.463,20.467,22.557,22.521,3634.043,93092,30173,0,750,1566,4,6,0,0,0,28,23,14,19,4,3,FALSE,0,FALSE
533.0307,26.145,25.768,22.089,20.654,15.507,18,16,5,2132068.8,76,81,74,75,103,103,100,100,20.464,20.47,22.557,22.522,3663.865,93092,30173,0,750,1566,4,6,0,0,0,28,23,14,19,4,3,FALSE,0,FALSE
533.5275,26.169,25.798,22.103,20.667,15.494,18,16,5,2128161.2,71,75,71,70,102,103,100,100,20.463,20.472,22.555,22.521,3695.705,93092,30173,0,766,1583,4,6,0,0,0,28,23,14,19,4,3,FALSE,0,FALSE
534.03033,26.197,25.824,22.116,20.681,15.481,18,16,5,2071270,74,74,73,71,102,103,100,100,20.461,20.47,22.552,22.517,3728.445,93092,30173,0,766,1583,4,6,0,0,0,28,23,14,19,4,3,FALSE,0,FALSE
534.5308,26.251,25.869,22.152,20.715,15.467,18,16,5,2013655,77,74,76,72,102,103,100,100,20.462,20.47,22.551,22.515,3761.92,93092,30173,0,766,1583,4,6,0,0,0,28,23,14,19,4,3,FALSE,0,FALSE
535.02795,26.304,25.913,22.204,20.766,15.454,18,16,5,2008782.2,81,76,81,77,102,103,100,100,20.462,20.468,22.55,22.513,3797.455,93092,30173,0,817,1600,4,6,0,0,0,28,23,14,19,4,3,FALSE,0,FALSE
535.53015,26.385,25.98,22.305,20.858,15.44,18,16,5,2000138.5,84,79,90,84,103,103,100,100,20.464,20.468,22.551,22.512,3834.271,93092,30173,0,817,1600,4,6,0,0,0,28,23,14,19,4,3,FALSE,0,FALSE
536.0299,26.493,26.072,22.464,20.997,15.427,18,16,5,1991494.8,88,82,97,90,103,103,100,100,20.468,20.469,22.556,22.515,3871.285,93092,30173,0,817,1600,4,6,0,0,0,28,23,14,19,4,3,FALSE,0,FALSE
536.5279,26.602,26.164,22.601,21.117,15.413,18,16,5,1982851,86,81,91,85,103,103,101,100,20.472,20.471,22.561,22.517,3907.758,93092,30173,0,816,1583,4,6,0,0,0,28,23,14,19,4,3,FALSE,0,FALSE
537.0289,26.682,26.232,22.705,21.211,15.4,18,16,5,1974207.2,84,80,91,85,103,103,101,100,20.473,20.47,22.562,22.516,3943.479,93092,30173,0,834,1583,4,6,0,0,0,28,23,14,19,4,3,FALSE,0,FALSE
537.5311,26.785,26.319,22.801,21.297,15.386,18,16,5,1965563.5,82,78,81,76,103,103,101,100,20.476,20.47,22.563,22.516,3978.785,93092,30173,0,834,1584,4,6,0,0,0,28,23,14,19,4,3,FALSE,0,FALSE
538.0291,26.799,26.331,22.802,21.298,15.372,18,16,5,1956919.8,73,69,68,70,103,103,100,100,20.472,20.466,22.558,22.509,4015.428,93092,30173,40665,850,1584,4,6,0,0,0,28,23,14,19,4,3,FALSE,0,FALSE
538.53186,26.819,26.347,22.821,21.321,15.366,18,16,5,1979732.8,71,69,72,71,103,102,100,100,20.467,20.461,22.553,22.504,4050.352,93092,30173,40665,850,1600,4,6,0,0,0,28,23,14,19,4,3,FALSE,0,FALSE
539.5283,26.941,26.442,22.978,21.459,15.365,18,16,5,2036110.6,85,78,95,87,103,102,101,100,20.474,20.462,22.563,22.512,4102.658,93092,30173,40665,867,1617,4,6,0,0,0,28,23,14,19,4,3,FALSE,0,FALSE
540.0308,26.993,26.482,23.082,21.539,15.365,18,16,5,2056293.5,84,78,104,92,103,103,101,100,20.48,20.465,22.575,22.52,4123.223,93092,30173,40665,867,1617,4,6,0,0,0,28,23,14,19,4,3,FALSE,0,FALSE
540.53015,27.022,26.504,23.166,21.599,15.36,18,16,5,2064151.8,80,75,104,90,103,103,101,100,20.485,20.467,22.589,22.53,4143.475,93092,30173,40665,750,1617,4,6,0,0,0,28,23,14,19,4,3,FALSE,0,FALSE
541.0281,27.057,26.534,23.212,21.634,15.353,18,16,5,2070765.5,80,76,93,82,103,103,101,100,20.489,20.469,22.601,22.536,4165.031,93092,30173,40665,750,1500,4,6,0,0,0,28,23,14,19,4,3,FALSE,0,FALSE
541.533,27.094,26.564,23.256,21.668,15.346,18,16,5,2077367.4,81,76,88,79,103,103,101,100,20.493,20.471,22.608,22.54,4184.602,93092,30173,40665,783,1500,4,6,0,0,0,28,23,14,19,4,3,FALSE,0,FALSE
542.03,27.141,26.607,23.276,21.685,15.334,18,16,5,2080087.1,83,79,79,73,103,103,101,100,20.497,20.473,22.613,22.541,4205.213,93092,30173,40665,783,1533,4,6,0,0,0,28,23,14,19,4,3,FALSE,0,FALSE
542.5307,27.185,26.65,23.281,21.691,15.321,18,16,5,2075857.5,81,79,72,68,103,103,101,100,20.501,20.476,22.613,22.54,4228.605,93092,30173,40665,783,1533,4,6,0,0,0,28,23,14,19,4,3,FALSE,0,FALSE
543.02716,27.205,26.671,23.281,21.691,15.308,18,16,5,2052921.9,74,73,68,67,103,103,101,100,20.501,20.476,22.61,22.537,4254.957,93092,30173,40665,817,1567,4,6,0,0,0,28,23,14,19,4,3,FALSE,0,FALSE
543.5269,27.223,26.69,23.281,21.691,15.294,18,16,5,2006467.9,72,72,68,67,103,103,101,100,20.5,20.474,22.606,22.533,4283.857,93092,30173,40665,816,1566,4,6,0,0,0,28,23,14,19,4,3,FALSE,0,FALSE
544.0296,27.24,26.707,23.281,21.692,15.281,18,16,5,1958707.1,72,70,67,67,103,103,101,100,20.497,20.472,22.601,22.529,4314.992,93092,30173,40665,816,1566,4,6,0,0,0,28,23,14,19,4,3,FALSE,0,FALSE
544.5308,27.259,26.724,23.282,21.692,15.267,18,16,5,1901299.2,71,71,68,68,103,103,101,100,20.495,20.469,22.596,22.524,4347.869,93092,30173,40665,817,1533,4,6,0,0,0,28,23,14,19,4,3,FALSE,0,FALSE
545.0313,27.274,26.74,23.282,21.692,15.254,18,16,5,1843684.2,70,70,68,68,103,103,101,100,20.491,20.466,22.591,22.519,4382.547,93092,30173,40665,817,1500,4,6,0,0,0,28,23,14,19,4,3,FALSE,0,FALSE
545.52936,27.284,26.75,23.282,21.692,15.241,18,16,5,1832410.8,70,70,68,68,103,102,101,100,20.487,20.461,22.585,22.513,4418.533,93092,30173,40665,817,1500,4,6,0,0,0,28,23,14,19,4,3,FALSE,0,FALSE
546.5304,27.303,26.77,23.282,21.692,15.213,18,16,5,1815123.2,70,70,68,68,103,102,101,100,20.477,20.452,22.571,22.501,4493.65,93092,30173,40665,783,1483,4,6,0,0,0,28,23,14,19,4,3,FALSE,0,FALSE
547.0294,27.313,26.779,23.282,21.692,15.199,18,16,5,1806479.5,70,70,69,68,103,102,101,99,20.471,20.446,22.564,22.494,4532.625,93092,30173,40665,783,1483,4,6,0,0,0,28,23,14,19,4,3,FALSE,0,FALSE
548.0272,27.331,26.797,23.282,21.692,15.173,18,16,5,1794627.8,71,71,69,69,102,102,100,99,20.46,20.435,22.548,22.479,4612.898,93092,30173,40665,767,1450,4,6,0,0,0,28,23,14,19,4,3,FALSE,0,FALSE
548.52704,27.339,26.807,23.283,21.693,15.159,18,16,5,1785984,71,71,69,69,102,102,100,99,20.454,20.429,22.54,22.471,4653.887,93092,30173,40665,767,1434,4,6,0,0,0,28,23,14,19,4,3,FALSE,0,FALSE
549.02924,27.348,26.816,23.283,21.693,15.145,18,16,5,1777340.2,71,71,69,69,102,102,100,99,20.447,20.423,22.532,22.463,4695.414,93092,30173,40665,767,1434,4,6,0,0,0,28,23,14,19,4,3,FALSE,0,FALSE
549.52905,27.356,26.825,23.283,21.693,15.132,18,16,5,1768696.5,71,71,70,69,102,102,100,99,20.441,20.417,22.523,22.455,4737.406,93092,30173,40665,766,1416,4,6,0,0,0,28,23,14,19,4,3,FALSE,0,FALSE
550.02856,27.366,26.834,23.283,21.693,15.118,18,16,5,1760052.8,71,72,70,69,102,102,100,99,20.434,20.41,22.514,22.446,4779.797,93092,30173,40665,766,1384,4,6,0,0,0,28,23,14,19,4,3,FALSE,0,FALSE
550.52826,27.382,26.852,23.314,21.71,15.106,18,16,5,1765707.4,72,72,78,74,102,101,100,98,20.428,20.404,22.507,22.439,4821.908,93092,30173,40665,767,1384,4,6,0,0,0,28,23,14,19,4,3,FALSE,0,FALSE
551.03094,27.419,26.89,23.364,21.755,15.104,18,16,5,1798307.1,73,73,77,76,102,101,100,99,20.427,20.403,22.51,22.442,4856.545,93092,30173,40665,767,1384,4,6,0,0,0,28,23,14,19,4,3,FALSE,0,FALSE
551.5293,27.437,26.908,23.376,21.768,15.103,18,16,5,1825079.6,70,69,72,71,102,101,100,99,20.427,20.404,22.515,22.447,4883.443,93092,30173,40665,767,1384,4,6,0,0,0,28,23,14,19,4,3,FALSE,0,FALSE
552.03107,27.455,26.92,23.4,21.789,15.103,18,16,5,1848552.1,72,69,76,73,102,101,100,99,20.428,20.404,22.519,22.451,4905.82,93092,30173,40665,750,1384,4,6,0,0,0,28,23,14,19,4,3,FALSE,0,FALSE
552.52954,27.502,26.957,23.471,21.847,15.103,18,16,5,1868350.8,82,76,92,84,102,101,100,99,20.433,20.406,22.528,22.457,4923.863,93092,30173,40665,750,1384,4,6,0,0,0,28,23,14,19,4,3,FALSE,0,FALSE
553.0278,27.556,27.004,23.558,21.901,15.102,18,16,5,1877823.4,87,83,104,87,102,102,100,99,20.441,20.412,22.542,22.468,4943.09,93092,30173,40665,750,1450,4,6,0,0,0,28,23,14,19,4,3,FALSE,0,FALSE
553.52686,27.577,27.024,23.581,21.917,15.095,18,16,5,1882997.4,80,77,90,79,102,102,100,99,20.449,20.419,22.557,22.476,4962.17,93092,30173,40665,667,1450,4,6,0,0,0,28,23,14,19,4,3,FALSE,0,FALSE
554.0296,27.599,27.044,23.594,21.928,15.087,18,16,5,1887503.1,77,75,80,73,102,102,101,99,20.454,20.422,22.565,22.481,4978.662,93092,30173,40665,667,1450,4,6,0,0,0,28,23,14,19,4,3,FALSE,0,FALSE
554.52826,27.627,27.07,23.61,21.942,15.077,18,16,5,1892926.9,78,75,76,71,102,102,101,99,20.458,20.425,22.569,22.483,4997.658,93092,30173,40665,667,1250,4,6,0,0,0,28,23,14,19,4,3,FALSE,0,FALSE
555.03046,27.655,27.098,23.618,21.949,15.065,18,16,5,1891825.5,77,75,72,68,102,102,101,99,20.461,20.427,22.572,22.485,5018.119,93092,30173,40665,716,1250,4,6,0,0,0,28,23,14,19,4,3,FALSE,0,FALSE
555.5278,27.696,27.139,23.629,21.96,15.051,18,16,5,1887139.6,79,77,71,68,103,102,101,99,20.464,20.43,22.572,22.485,5040.766,93092,30173,40665,716,1250,4,6,0,0,0,28,23,14,19,4,3,FALSE,0,FALSE
556.02704,27.722,27.163,23.633,21.965,15.039,18,16,5,1869670.5,74,73,69,67,103,102,101,99,20.467,20.432,22.572,22.484,5066.598,93092,30173,40665,733,1250,4,6,0,0,0,28,23,14,19,4,3,FALSE,0,FALSE
556.52856,27.746,27.184,23.634,21.967,15.025,18,16,5,1823177.2,73,71,68,67,103,102,101,99,20.467,20.432,22.571,22.482,5095.516,93092,30173,40665,750,1200,4,6,0,0,0,28,23,14,19,4,3,FALSE,0,FALSE
557.02966,27.765,27.201,23.634,21.967,15.012,18,16,5,1775468.1,72,70,67,68,103,102,101,99,20.467,20.431,22.568,22.48,5126.652,93092,30173,40665,750,1167,4,6,0,0,0,28,23,14,19,4,3,FALSE,0,FALSE
557.5277,27.78,27.217,23.634,21.967,14.998,18,16,5,1717980.1,72,71,68,68,103,102,101,99,20.465,20.429,22.564,22.478,5159.717,93092,30173,40665,750,1167,4,6,0,0,0,28,23,14,19,4,3,FALSE,0,FALSE
558.02734,27.795,27.232,23.634,21.967,14.984,18,16,5,1660365.1,71,71,68,68,102,102,101,99,20.463,20.427,22.56,22.475,5194.664,93092,30173,40665,750,1150,4,6,0,0,0,28,23,14,19,4,3,FALSE,0,FALSE
558.5276,27.807,27.245,23.634,21.967,14.971,18,16,5,1608434.9,71,71,69,68,102,102,100,99,20.46,20.425,22.556,22.471,5231.139,93092,30173,40665,750,1133,4,6,0,0,0,28,23,14,19,4,3,FALSE,0,FALSE
559.02545,27.817,27.255,23.634,21.967,14.958,18,16,5,1590285,71,70,69,69,102,102,100,99,20.457,20.422,22.552,22.467,5267.539,93092,30173,40665,734,1133,4,6,0,0,0,28,23,14,19,4,3,FALSE,0,FALSE
559.52527,27.827,27.264,23.634,21.967,14.944,18,16,5,1581641.2,70,70,69,68,102,102,100,99,20.454,20.419,22.546,22.462,5306.064,93092,30173,40665,734,1084,4,6,0,0,0,28,23,14,19,4,3,FALSE,0,FALSE
560.0261,27.836,27.274,23.634,21.967,14.93,18,16,5,1572997.5,69,69,69,69,102,102,100,99,20.45,20.415,22.541,22.457,5345.387,93092,30173,40665,734,1050,4,6,0,0,0,28,23,14,19,4,3,FALSE,0,FALSE
560.5266,27.846,27.282,23.634,21.967,14.918,18,16,5,1569755.2,69,69,69,69,102,102,100,99,20.444,20.41,22.535,22.451,5385.531,93092,30173,40665,1034,1034,2,6,0,0,0,28,23,14,19,4,3,FALSE,0,FALSE
561.02826,27.855,27.291,23.634,21.967,14.903,18,16,6,1560823.4,69,69,69,69,102,101,100,99,20.439,20.404,22.528,22.445,18.811,93736,0,0,1034,1034,2,7,0,0,0,28,23,14,19,4,3,FALSE,0,FALSE
561.52673,27.863,27.3,23.634,21.967,14.89,18,16,6,1552467.8,69,69,69,69,102,101,100,98,20.433,20.399,22.521,22.438,58.971,93736,0,0,1016,1016,2,7,0,0,0,28,23,14,19,4,3,FALSE,0,FALSE
562.02905,27.872,27.309,23.634,21.967,14.876,18,16,6,1543535.9,69,69,69,69,102,101,100,98,20.426,20.392,22.513,22.431,102.494,93736,0,0,983,983,2,7,0,0,0,28,23,14,19,4,3,FALSE,0,FALSE
563.0238,27.89,27.326,23.634,21.967,14.849,18,16,6,1526536.5,69,69,70,69,102,101,99,98,20.413,20.379,22.497,22.416,187.037,93736,0,0,966,966,2,7,0,0,0,28,23,14,19,4,3,FALSE,0,FALSE
563.52783,27.899,27.335,23.634,21.967,14.834,18,16,6,1517604.6,69,69,70,69,101,101,99,98,20.406,20.372,22.489,22.408,232.236,93736,0,0,917,917,2,7,0,0,0,28,23,14,19,4,3,FALSE,0,FALSE
564.02673,27.907,27.343,23.634,21.967,14.821,18,16,6,1509249,69,69,69,69,101,101,99,98,20.398,20.365,22.48,22.399,274.912,93736,0,0,900,900,2,7,0,0,0,28,23,14,19,4,3,FALSE,0,FALSE
564.52765,27.916,27.352,23.634,21.967,14.807,18,16,6,1500317.1,69,69,70,69,101,101,99,98,20.39,20.357,22.471,22.391,320.918,93736,0,0,850,850,2,7,0,0,0,28,23,14,19,4,3,FALSE,0,FALSE
565.0272,27.924,27.36,23.634,21.967,14.793,18,16,6,1491673.5,70,70,70,69,101,100,99,98,20.382,20.349,22.461,22.382,365.793,93736,0,0,833,833,2,7,0,0,0,28,23,14,19,4,3,FALSE,0,FALSE
565.5277,27.933,27.369,23.634,21.967,14.779,18,16,6,1483132.9,70,69,69,69,101,100,99,97,20.374,20.341,22.452,22.372,410.938,93736,0,0,833,833,2,7,0,0,0,28,23,14,19,4,3,FALSE,0,FALSE
566.02856,27.941,27.377,23.634,21.967,14.765,18,16,6,1474756.9,69,69,69,69,101,100,99,97,20.365,20.333,22.442,22.363,456.324,93736,0,0,800,800,2,7,0,0,0,28,23,14,19,4,3,FALSE,0,FALSE
566.52765,27.949,27.385,23.634,21.967,14.752,18,16,6,1466554.2,69,69,69,69,101,100,98,97,20.356,20.324,22.432,22.353,501.961,93736,0,0,783,783,2,7,0,0,0,28,23,14,19,4,3,FALSE,0,FALSE
567.0227,27.957,27.393,23.634,21.967,14.738,18,16,6,1458773,69,69,69,69,100,100,98,97,20.348,20.316,22.422,22.344,546.285,93736,0,0,767,767,2,7,0,0,0,28,23,14,19,4,3,FALSE,0,FALSE
567.5281,27.968,27.404,23.641,21.974,14.724,18,16,6,1456987.9,70,70,72,71,100,100,98,97,20.338,20.306,22.411,22.334,593.68,93736,0,0,750,750,2,7,0,0,0,28,23,14,19,4,3,FALSE,0,FALSE
568.5284,28.041,27.47,23.722,22.057,14.722,18,16,6,1521843.4,72,72,74,73,100,100,98,97,20.337,20.307,22.419,22.342,663.605,93736,0,0,750,750,2,7,0,0,0,28,23,14,19,4,3,FALSE,0,FALSE
569.0292,28.069,27.494,23.735,22.071,14.721,18,16,6,1544660.2,72,71,72,71,100,100,98,97,20.341,20.31,22.425,22.348,686.617,93736,0,0,767,767,2,7,0,0,0,28,23,14,19,4,3,FALSE,0,FALSE
569.5266,28.081,27.506,23.742,22.079,14.721,18,16,6,1562579.2,70,69,71,70,100,100,98,97,20.344,20.313,22.43,22.353,703.641,93736,0,0,767,767,2,7,0,0,0,28,23,14,19,4,3,FALSE,0,FALSE
570.0288,28.091,27.513,23.754,22.089,14.72,18,16,6,1578016.9,70,67,72,69,100,100,98,97,20.347,20.315,22.435,22.358,717.668,93736,0,0,767,767,2,7,0,0,0,28,23,14,19,4,3,FALSE,0,FALSE
570.52856,28.1,27.519,23.766,22.1,14.72,18,16,6,1588424.5,70,66,73,70,100,100,99,97,20.349,20.317,22.441,22.363,728.492,93736,0,0,900,900,2,7,0,0,0,28,23,14,19,4,3,FALSE,0,FALSE
571.0306,28.11,27.529,23.802,22.118,14.72,18,16,6,1595873.8,69,68,84,72,100,100,99,97,20.352,20.318,22.448,22.368,745.73,93736,0,0,900,900,2,7,0,0,0,28,23,14,19,4,3,FALSE,0,FALSE
571.5276,28.123,27.54,23.83,22.132,14.718,18,16,6,1600737.6,72,70,86,75,100,100,99,97,20.354,20.32,22.459,22.373,761.926,93736,0,0,900,900,2,7,0,0,0,28,23,14,19,4,3,FALSE,0,FALSE
572.0275,28.137,27.551,23.842,22.142,14.714,18,16,6,1605910.1,74,70,81,73,101,100,99,97,20.358,20.323,22.469,22.378,771.691,93736,0,0,900,900,2,7,0,0,0,28,23,14,19,4,3,FALSE,0,FALSE
572.53107,28.147,27.561,23.845,22.146,14.709,18,16,6,1611758.2,72,69,75,70,101,100,99,98,20.362,20.325,22.475,22.382,783.145,93736,0,0,900,900,2,7,0,0,0,28,23,14,19,4,3,FALSE,0,FALSE
573.02905,28.159,27.576,23.846,22.146,14.701,18,16,6,1615797.8,72,71,70,67,101,100,99,98,20.364,20.327,22.479,22.385,796.555,93736,0,0,817,817,2,7,0,0,0,28,23,14,19,4,3,FALSE,0,FALSE
574.0304,28.204,27.623,23.862,22.166,14.683,18,16,6,1631332.6,73,74,69,72,101,100,99,98,20.371,20.334,22.481,22.389,830.836,93736,0,0,817,817,2,7,0,0,0,28,23,14,19,4,3,FALSE,0,FALSE
574.52826,28.234,27.66,23.892,22.205,14.675,18,16,6,1637830.6,76,81,76,80,101,100,99,98,20.375,20.339,22.484,22.394,855.812,93736,0,0,817,817,2,7,0,0,0,28,23,14,19,4,3,FALSE,0,FALSE
575.0285,28.267,27.7,23.91,22.223,14.665,18,16,6,1644240,75,80,72,75,101,100,99,98,20.378,20.346,22.486,22.399,876.164,93736,0,0,817,817,2,7,0,0,0,28,23,14,19,4,3,FALSE,0,FALSE
575.53107,28.302,27.731,23.916,22.229,14.652,18,16,6,1635521.6,77,79,69,70,101,100,99,98,20.381,20.35,22.487,22.4,898.441,93736,0,0,850,850,2,7,0,0,0,28,23,14,19,4,3,FALSE,0,FALSE
576.0293,28.341,27.772,23.92,22.232,14.639,18,16,6,1605754.4,76,76,67,69,101,101,99,98,20.385,20.355,22.486,22.4,923.852,93736,0,0,900,900,2,7,0,0,0,28,23,14,19,4,3,FALSE,0,FALSE
576.5302,28.369,27.803,23.931,22.239,14.625,18,16,6,1563563.2,75,74,70,68,101,101,99,98,20.386,20.356,22.484,22.4,952.574,93736,0,0,900,900,2,7,0,0,0,28,23,14,19,4,3,FALSE,0,FALSE
577.0267,28.413,27.842,23.952,22.259,14.612,18,16,6,1517139.4,77,75,73,70,101,101,99,98,20.389,20.358,22.484,22.399,982.316,93736,0,0,900,900,2,7,0,0,0,28,23,14,19,4,3,FALSE,0,FALSE
577.5265,28.44,27.866,23.959,22.267,14.599,18,16,6,1469165.1,73,71,70,68,101,101,99,98,20.39,20.358,22.482,22.397,1013.176,93736,0,0,900,900,2,7,0,0,0,28,23,14,19,4,3,FALSE,0,FALSE
578.52814,28.48,27.902,23.963,22.273,14.571,18,16,6,1352186.8,69,69,68,67,101,100,99,98,20.387,20.354,22.475,22.39,1082.188,93736,0,0,884,884,2,7,0,0,0,28,23,14,19,4,3,FALSE,0,FALSE
579.026,28.491,27.912,23.963,22.273,14.559,18,16,6,1346141.8,68,68,68,67,101,100,99,98,20.383,20.351,22.471,22.386,1117.309,93736,0,0,884,884,2,7,0,0,0,28,23,14,19,4,3,FALSE,0,FALSE
579.527,28.501,27.922,23.963,22.273,14.545,18,16,6,1337209.9,68,68,68,68,101,100,99,98,20.379,20.347,22.466,22.381,1156.059,93736,0,0,850,850,2,7,0,0,0,28,23,14,19,4,3,FALSE,0,FALSE
580.0292,28.511,27.932,23.963,22.273,14.531,18,16,6,1328566.1,68,68,68,68,101,100,99,97,20.375,20.343,22.46,22.376,1194.66,93736,0,0,816,816,2,7,0,0,0,28,23,14,19,4,3,FALSE,0,FALSE
580.5262,28.52,27.941,23.963,22.273,14.518,18,16,6,1320210.5,68,68,68,68,101,100,99,97,20.371,20.339,22.454,22.371,1232.891,93736,0,0,816,816,2,7,0,0,0,28,23,14,19,4,3,FALSE,0,FALSE
581.02893,28.53,27.951,23.963,22.273,14.503,18,16,6,1311278.6,68,68,69,68,101,100,99,97,20.365,20.334,22.448,22.365,1274.641,93736,0,0,800,800,2,7,0,0,0,28,23,14,19,4,3,FALSE,0,FALSE
581.5308,28.538,27.96,23.963,22.273,14.49,18,16,6,1308107,68,68,69,68,101,100,99,97,20.36,20.329,22.441,22.359,1315.688,93736,0,0,766,766,2,7,0,0,0,28,23,14,19,4,3,FALSE,0,FALSE
582.0298,28.547,27.969,23.963,22.273,14.477,18,16,6,1299463.2,68,69,69,68,100,100,98,97,20.354,20.324,22.434,22.352,1357.402,93736,0,0,750,750,2,7,0,0,0,28,23,14,19,4,3,FALSE,0,FALSE
582.5282,28.555,27.979,23.964,22.273,14.463,18,16,6,1290864.1,68,69,69,68,100,100,98,97,20.348,20.318,22.426,22.345,1399.746,93736,0,0,750,750,2,7,0,0,0,28,23,14,19,4,3,FALSE,0,FALSE
583.0235,28.59,28.008,24.019,22.317,14.459,18,16,6,1321481.6,73,72,78,75,100,100,98,97,20.346,20.316,22.426,22.345,1436.875,93736,0,0,683,683,2,7,0,0,0,28,23,14,19,4,3,FALSE,0,FALSE
583.5265,28.626,28.038,24.055,22.339,14.458,18,16,6,1349648.8,72,71,74,72,100,100,98,97,20.349,20.318,22.432,22.35,1466.691,93736,0,0,683,683,2,7,0,0,0,28,23,14,19,4,3,FALSE,0,FALSE
584.027,28.646,28.056,24.073,22.359,14.457,18,16,6,1374569,73,69,74,72,100,100,98,97,20.351,20.32,22.438,22.355,1491.188,93736,0,0,733,733,2,7,0,0,0,28,23,14,19,4,3,FALSE,0,FALSE
584.5243,28.687,28.087,24.124,22.4,14.457,18,16,6,1392845.9,80,74,85,78,101,100,99,97,20.356,20.324,22.445,22.362,1509.07,93736,0,0,733,733,2,7,0,0,0,28,23,14,19,4,3,FALSE,0,FALSE
585.0265,28.716,28.109,24.165,22.431,14.457,18,16,6,1401030.5,79,73,86,78,101,100,99,97,20.364,20.328,22.456,22.37,1525.656,93736,0,0,733,733,2,7,0,0,0,28,23,14,19,4,3,FALSE,0,FALSE
585.5295,28.747,28.126,24.214,22.47,14.457,18,16,6,1407606.5,82,74,92,83,101,100,99,97,20.37,20.331,22.465,22.377,1554.684,93736,0,0,784,784,2,7,0,0,0,28,23,14,19,4,3,FALSE,0,FALSE
586.0276,28.766,28.141,24.259,22.502,14.454,18,16,6,1413672,77,72,91,81,101,100,99,98,20.376,20.334,22.477,22.386,1572.906,93736,0,0,784,784,2,7,0,0,0,28,23,14,19,4,3,FALSE,0,FALSE
586.53015,28.787,28.158,24.28,22.52,14.448,18,16,6,1419753.2,77,72,84,76,101,100,99,98,20.381,20.336,22.487,22.392,1589.375,93736,0,0,784,784,2,7,0,0,0,28,23,14,19,4,3,FALSE,0,FALSE
587.03033,28.808,28.175,24.293,22.531,14.441,18,16,6,1425666,76,71,77,72,101,100,99,98,20.385,20.338,22.493,22.396,1605.57,93736,0,0,733,733,2,7,0,0,0,28,23,14,19,4,3,FALSE,0,FALSE
587.52765,28.832,28.199,24.302,22.54,14.431,18,16,6,1428623.2,76,73,73,69,101,100,99,98,20.389,20.34,22.496,22.398,1623.844,93736,0,0,733,733,2,7,0,0,0,28,23,14,19,4,3,FALSE,0,FALSE
588.0244,28.854,28.221,24.304,22.543,14.419,18,16,6,1425627.1,75,73,70,67,101,100,99,98,20.391,20.343,22.497,22.399,1644.234,93736,0,0,766,766,2,7,0,0,0,28,23,14,19,4,3,FALSE,0,FALSE
588.52496,28.885,28.251,24.306,22.545,14.406,18,16,6,1421819.8,75,75,69,66,101,100,99,98,20.394,20.345,22.497,22.398,1667.867,93736,0,0,766,766,2,7,0,0,0,28,23,14,19,4,3,FALSE,0,FALSE
589.026,28.922,28.285,24.306,22.546,14.393,18,16,6,1401952.9,75,72,66,66,101,100,99,98,20.396,20.348,22.496,22.396,1694.082,93736,0,0,784,784,2,7,0,0,0,28,23,14,19,4,3,FALSE,0,FALSE
589.52405,28.952,28.316,24.311,22.55,14.379,18,16,6,1357654.5,73,74,68,69,101,100,99,98,20.398,20.349,22.493,22.395,1722.543,93736,0,0,784,784,2,7,0,0,0,28,23,14,19,4,3,FALSE,0,FALSE
590.0285,28.971,28.339,24.32,22.557,14.366,18,16,6,1332240.2,70,72,68,69,101,100,99,98,20.397,20.35,22.491,22.394,1754.156,93736,0,0,783,783,2,7,0,0,0,28,23,14,19,4,3,FALSE,0,FALSE
591.0279,29.022,28.403,24.36,22.596,14.338,18,16,6,1315126.6,72,75,72,72,101,100,99,98,20.395,20.351,22.486,22.391,1820.988,93736,29995,0,766,766,2,7,0,0,0,28,23,14,19,4,3,FALSE,0,FALSE
591.52686,29.049,28.433,24.403,22.629,14.332,18,16,6,1331347.8,73,72,79,74,101,100,99,98,20.394,20.351,22.486,22.391,1854.176,93736,29995,0,767,767,2,7,0,0,0,28,23,14,19,4,3,FALSE,0,FALSE
592.0285,29.125,28.492,24.528,22.733,14.332,18,16,6,1359095.8,84,78,99,89,101,100,99,98,20.398,20.353,22.493,22.396,1883.27,93736,29995,0,767,767,2,7,0,0,0,28,23,14,19,4,3,FALSE,0,FALSE
592.52606,29.18,28.534,24.651,22.834,14.326,18,16,6,1365306.6,83,76,102,92,101,101,100,98,20.404,20.357,22.505,22.405,1910.641,93736,29995,0,783,783,2,7,0,0,0,28,23,14,19,4,3,FALSE,0,FALSE
593.0246,29.244,28.584,24.749,22.915,14.318,18,16,6,1371127.1,84,77,94,86,102,101,100,98,20.409,20.36,22.517,22.413,1939.055,93736,29995,0,783,783,2,7,0,0,0,28,23,14,19,4,3,FALSE,0,FALSE
593.5234,29.307,28.635,24.806,22.963,14.307,18,16,6,1374297.2,83,77,84,78,102,101,100,98,20.415,20.363,22.524,22.417,1965.496,93736,29995,0,767,767,2,7,0,0,0,28,23,14,19,4,3,FALSE,0,FALSE
594.02716,29.347,28.674,24.826,22.986,14.293,18,16,6,1369361.5,76,76,74,76,102,101,100,98,20.418,20.364,22.524,22.418,1994.5,93736,29995,0,767,767,2,7,0,0,0,28,23,14,19,4,3,FALSE,0,FALSE
594.5296,29.398,28.743,24.899,23.07,14.284,18,16,6,1374836,76,83,83,87,102,101,100,98,20.419,20.367,22.525,22.42,2025.543,93736,29995,0,734,734,2,7,0,0,0,28,23,14,19,4,3,FALSE,0,FALSE
595.0282,29.455,28.809,24.977,23.17,14.273,18,16,6,1379882.8,78,82,83,91,102,101,100,98,20.42,20.371,22.527,22.426,2056.246,93736,29995,0,734,734,2,7,0,0,0,28,23,14,15,4,3,FALSE,0,FALSE
595.5291,29.519,28.885,25.031,23.235,14.26,18,16,6,1379934.5,78,82,77,82,102,101,100,98,20.422,20.376,22.528,22.431,2085.453,93736,29995,0,783,783,2,7,0,0,0,28,23,14,15,4,3,FALSE,0,FALSE
596.0273,29.556,28.929,25.06,23.264,14.247,18,16,6,1377384.2,74,76,73,75,102,101,100,98,20.421,20.377,22.525,22.43,2116.43,93736,29995,0,800,800,2,7,0,0,0,28,23,14,15,4,3,FALSE,0,FALSE
596.52954,29.58,28.957,25.075,23.276,14.234,18,16,6,1368812.1,71,74,71,71,102,101,100,98,20.419,20.377,22.521,22.427,2148.926,93736,29995,0,800,800,2,7,0,0,0,28,23,14,15,4,3,FALSE,0,FALSE
597.0272,29.593,28.973,25.081,23.281,14.22,18,16,6,1365660.4,71,72,71,70,102,101,100,98,20.415,20.374,22.516,22.423,2182.629,93736,29995,0,833,833,2,7,0,0,0,28,23,14,15,4,3,FALSE,0,FALSE
597.52734,29.614,28.995,25.104,23.304,14.22,18,16,6,1394946.2,71,70,72,71,102,101,100,98,20.414,20.374,22.516,22.423,2211.961,93736,29995,0,833,833,2,7,0,0,0,28,23,14,15,4,3,FALSE,0,FALSE
598.0229,29.637,29.013,25.124,23.325,14.219,18,16,6,1419601.8,73,71,75,73,102,101,100,98,20.414,20.374,22.519,22.426,2234.695,93736,29995,0,833,833,2,7,0,0,0,28,23,14,15,4,3,FALSE,0,FALSE
598.5243,29.676,29.041,25.168,23.365,14.219,18,16,6,1441145.5,80,74,83,79,102,101,100,98,20.418,20.376,22.525,22.431,2253.324,93736,29995,0,833,833,2,7,0,0,0,28,23,14,15,4,3,FALSE,0,FALSE
599.0284,29.716,29.074,25.223,23.405,14.219,18,16,6,1459234.5,82,77,92,82,102,101,100,98,20.425,20.38,22.534,22.438,2268.156,93736,29995,0,817,817,2,7,0,0,0,28,23,14,15,4,3,FALSE,0,FALSE
599.52734,29.732,29.086,25.274,23.443,14.219,18,16,6,1472913,78,73,97,86,102,101,100,99,20.431,20.384,22.547,22.447,2281.645,93736,29995,0,817,817,2,7,0,0,0,28,23,14,15,4,3,FALSE,0,FALSE
600.02576,29.744,29.095,25.311,23.474,14.217,18,16,6,1479746.2,77,71,97,87,102,101,100,99,20.436,20.386,22.56,22.456,2291.621,93736,29995,0,817,817,2,7,0,0,0,28,23,14,15,4,3,FALSE,0,FALSE
600.5256,29.762,29.11,25.328,23.487,14.214,18,16,6,1484963.4,78,72,90,81,102,101,101,99,20.44,20.388,22.571,22.464,2301.262,93736,29995,0,817,817,2,7,0,0,0,28,23,14,15,4,3,FALSE,0,FALSE
601.02594,29.775,29.122,25.336,23.495,14.208,18,16,6,1490782.4,76,72,82,76,102,101,101,99,20.444,20.39,22.579,22.47,2311.887,93736,29995,0,516,516,2,7,0,0,0,28,23,14,15,4,3,FALSE,0,FALSE
601.5261,29.799,29.149,25.341,23.499,14.201,18,16,6,1496093.4,79,77,76,71,102,101,101,99,20.447,20.392,22.584,22.473,2324.102,93736,29995,0,516,516,2,7,0,0,0,28,23,14,15,4,3,FALSE,0,FALSE
602.0274,29.835,29.19,25.342,23.5,14.19,18,16,6,1501448.9,81,82,71,68,102,101,101,99,20.453,20.398,22.585,22.473,2339.578,93736,29995,0,516,516,2,7,0,0,0,28,23,14,15,4,3,FALSE,0,FALSE
602.5287,29.867,29.223,25.342,23.5,14.178,18,16,6,1507793.2,80,80,68,66,102,101,101,99,20.458,20.404,22.585,22.473,2357.797,93736,29995,0,967,967,2,7,0,0,0,28,23,14,15,4,3,FALSE,0,FALSE
603.028,29.908,29.258,25.342,23.5,14.165,18,16,6,1506478.5,79,79,67,65,102,101,101,99,20.462,20.408,22.583,22.471,2379.035,93736,29995,0,967,967,2,7,0,0,0,28,23,14,15,4,3,FALSE,0,FALSE
603.5254,29.936,29.292,25.342,23.501,14.152,18,16,6,1476064.5,76,76,66,66,103,102,101,99,20.465,20.412,22.581,22.469,2402.324,93736,29995,0,900,900,2,7,0,0,0,28,23,14,15,4,3,FALSE,0,FALSE
604.024,29.954,29.312,25.342,23.501,14.139,18,16,6,1465072.2,72,71,66,67,103,102,101,99,20.466,20.412,22.578,22.467,2428.957,93736,29995,0,900,900,2,7,0,0,0,28,23,14,15,4,3,FALSE,0,FALSE
604.5245,29.969,29.327,25.342,23.501,14.126,18,16,6,1458158.6,70,70,66,67,103,102,101,99,20.465,20.411,22.574,22.464,2457.656,93736,29995,0,833,833,2,7,0,0,0,28,23,14,15,4,3,FALSE,0,FALSE
605.0279,29.982,29.34,25.342,23.501,14.112,18,16,6,1455617.2,70,69,67,67,102,102,101,99,20.462,20.409,22.57,22.461,2489.309,93736,29995,0,833,833,2,7,0,0,0,28,23,14,15,4,3,FALSE,0,FALSE
605.5287,29.994,29.352,25.342,23.501,14.098,18,16,6,1447125.9,69,69,67,67,102,101,101,99,20.46,20.407,22.566,22.457,2521.496,93736,29995,0,816,816,2,7,0,0,0,28,23,14,15,4,3,FALSE,0,FALSE
606.02826,30.006,29.364,25.344,23.503,14.085,18,16,6,1438482.1,69,70,68,68,102,101,101,99,20.457,20.404,22.561,22.452,2555.219,93736,29995,0,816,816,2,7,0,0,0,28,23,14,15,4,3,FALSE,0,FALSE
606.5287,30.042,29.409,25.385,23.546,14.072,18,16,6,1435237.5,74,77,74,77,102,101,100,99,20.454,20.403,22.557,22.45,2590.195,93736,29995,0,816,816,2,7,0,0,0,28,23,14,15,4,3,FALSE,0,FALSE
607.0254,30.096,29.474,25.447,23.613,14.059,18,16,6,1426881.9,76,80,78,81,102,101,100,99,20.453,20.404,22.555,22.45,2624.055,93736,29995,0,817,817,2,7,0,0,0,28,23,14,15,4,3,FALSE,0,FALSE
607.5224,30.149,29.537,25.514,23.68,14.055,18,16,6,1452910.2,76,79,79,82,102,101,100,99,20.453,20.406,22.556,22.453,2658.641,93736,29995,0,817,817,2,7,0,0,0,28,23,14,15,4,3,FALSE,0,FALSE
608.0257,30.186,29.581,25.552,23.715,14.053,18,16,6,1478178.8,75,78,77,79,102,102,101,99,20.456,20.411,22.56,22.46,2685.328,93736,29995,0,834,834,2,7,0,0,0,28,23,14,15,4,3,FALSE,0,FALSE
608.5273,30.203,29.602,25.567,23.73,14.053,18,16,6,1500551.2,71,74,73,75,102,102,101,99,20.458,20.415,22.565,22.465,2705.789,93736,29995,0,834,834,2,7,0,0,0,28,23,14,15,4,3,FALSE,0,FALSE
609.02936,30.217,29.619,25.587,23.752,14.053,18,16,6,1517712,70,74,74,78,102,102,101,99,20.459,20.418,22.568,22.471,2721.758,93736,29995,0,834,834,2,7,0,0,0,28,23,14,15,4,3,FALSE,0,FALSE
609.52905,30.232,29.64,25.614,23.788,14.053,18,16,6,1531538.2,71,76,78,84,102,102,101,99,20.461,20.422,22.573,22.478,2734.57,93736,29995,0,817,817,2,7,0,0,0,28,23,14,15,4,3,FALSE,0,FALSE
610.0265,30.244,29.652,25.642,23.837,14.053,18,16,6,1540399.1,72,74,81,95,102,102,101,99,20.463,20.426,22.579,22.489,2746.199,93736,29995,0,817,817,2,7,0,0,0,28,23,14,15,4,3,FALSE,0,FALSE
610.5294,30.255,29.666,25.664,23.865,14.05,18,16,6,1545472.8,72,75,81,92,103,102,101,100,20.464,20.429,22.586,22.502,2765.344,93736,29995,0,817,817,2,7,0,0,0,28,23,14,15,4,3,FALSE,0,FALSE
611.0279,30.277,29.693,25.675,23.879,14.046,18,16,6,1550892.5,75,80,78,86,103,102,101,100,20.466,20.434,22.591,22.512,2774.926,93736,29995,0,817,817,2,7,0,0,0,28,23,14,15,4,3,FALSE,0,FALSE
612.0259,30.306,29.723,25.678,23.881,14.032,18,16,6,1560842.2,73,74,68,71,103,102,101,100,20.472,20.443,22.595,22.521,2800.168,93736,29995,0,767,767,2,7,0,0,0,28,23,14,15,4,3,FALSE,0,FALSE
612.5275,30.339,29.754,25.678,23.881,14.021,18,16,6,1566000.8,78,78,66,68,103,102,101,100,20.475,20.447,22.594,22.522,2817.184,93736,29995,0,767,767,2,7,0,0,0,28,23,14,15,4,3,FALSE,0,FALSE
613.028,30.376,29.789,25.678,23.881,14.009,18,16,6,1570251,78,78,65,66,103,102,101,100,20.479,20.452,22.592,22.521,2836.387,93736,29995,0,833,833,2,7,0,0,0,28,23,14,15,4,3,FALSE,0,FALSE
614.0267,30.464,29.873,25.678,23.881,13.984,18,16,6,1521505,77,76,66,66,103,102,101,100,20.487,20.46,22.587,22.517,2882.359,93736,29995,0,816,816,2,7,0,0,0,28,23,14,15,4,3,FALSE,0,FALSE
614.52734,30.487,29.897,25.678,23.881,13.97,18,16,6,1477687.6,72,72,67,67,103,102,101,100,20.488,20.46,22.584,22.514,2910.777,93736,29995,0,816,816,2,7,0,0,0,28,23,14,15,4,3,FALSE,0,FALSE
615.0277,30.507,29.916,25.678,23.881,13.957,18,16,6,1432804.2,70,70,67,67,103,102,101,100,20.487,20.459,22.58,22.511,2940.863,93736,29995,0,800,800,2,7,0,0,0,28,23,14,15,4,3,FALSE,0,FALSE
615.5276,30.524,29.934,25.678,23.881,13.943,18,16,6,1376385.2,70,70,68,68,103,102,101,100,20.484,20.458,22.577,22.508,2973.16,93736,29995,0,800,800,2,7,0,0,0,28,23,14,15,4,3,FALSE,0,FALSE
616.5279,30.554,29.963,25.678,23.881,13.917,18,16,6,1266670.1,69,69,68,68,103,102,101,100,20.478,20.452,22.568,22.5,3043.598,93736,29995,0,733,733,2,7,0,0,0,28,23,14,15,4,3,FALSE,0,FALSE
617.02576,30.567,29.976,25.678,23.881,13.903,18,16,6,1210975.6,69,69,69,68,103,102,101,99,20.475,20.448,22.563,22.495,3079.965,93736,29995,0,733,733,2,7,0,0,0,28,23,14,15,4,3,FALSE,0,FALSE
617.52783,30.581,29.989,25.678,23.881,13.889,18,16,6,1151440.1,71,70,69,69,103,102,100,99,20.47,20.444,22.557,22.49,3120.352,93736,29995,0,716,716,2,7,0,0,0,28,23,14,15,4,3,FALSE,0,FALSE
618.02496,30.592,30,25.678,23.881,13.877,18,16,6,1117581,69,69,69,69,103,102,100,99,20.466,20.44,22.551,22.484,3159.305,93736,29995,0,667,667,2,7,0,0,0,28,23,14,15,4,3,FALSE,0,FALSE
618.5264,30.601,30.008,25.678,23.881,13.863,18,16,6,1108937.2,69,69,69,69,102,102,100,99,20.46,20.435,22.544,22.478,3200.375,93736,29995,0,616,616,2,7,0,0,0,28,23,14,15,4,3,FALSE,0,FALSE
619.0277,30.61,30.018,25.678,23.881,13.849,18,16,6,1100005.4,69,69,69,69,102,102,100,99,20.454,20.429,22.537,22.472,3243.602,93736,29995,0,616,616,2,7,0,0,0,28,23,14,15,4,3,FALSE,0,FALSE
619.5267,30.618,30.027,25.678,23.881,13.835,18,16,6,1091649.8,69,69,69,69,102,102,100,99,20.449,20.423,22.53,22.465,3284.699,93736,29995,0,583,583,2,7,0,0,0,28,23,14,15,4,3,FALSE,0,FALSE
620.028,30.628,30.037,25.678,23.881,13.821,18,16,6,1082717.9,69,69,69,69,102,102,100,99,20.442,20.417,22.522,22.457,3329.285,93736,29995,0,550,550,2,7,0,0,0,28,23,14,15,4,3,FALSE,0,FALSE
620.52716,30.648,30.057,25.702,23.904,13.811,18,16,6,1093276.2,72,72,75,74,102,102,100,99,20.436,20.412,22.516,22.451,3371.949,93736,29995,0,550,550,2,7,0,0,0,28,23,14,15,4,3,FALSE,0,FALSE
621.02527,30.684,30.092,25.746,23.947,13.809,18,16,6,1125260.1,73,73,77,76,102,102,100,99,20.437,20.412,22.519,22.455,3405.59,93736,29995,0,516,516,2,7,0,0,0,28,23,14,15,4,3,FALSE,0,FALSE
621.5273,30.726,30.144,25.807,24.014,13.809,18,16,6,1154944.6,75,81,82,86,102,102,100,99,20.439,20.416,22.526,22.463,3433.531,93736,29995,0,516,516,2,7,0,0,0,28,23,14,15,4,3,FALSE,0,FALSE
622.0272,30.776,30.206,25.895,24.129,13.809,18,16,6,1178826,79,84,91,102,102,102,100,99,20.444,20.424,22.536,22.477,3455.82,93736,29995,0,500,500,2,7,0,0,0,28,23,14,15,4,3,FALSE,0,FALSE
622.5274,30.801,30.239,25.961,24.217,13.805,18,16,6,1188146.5,76,81,90,102,102,102,100,99,20.448,20.431,22.548,22.494,3478.809,93736,29995,0,500,500,2,7,0,0,0,28,23,14,15,4,3,FALSE,0,FALSE
623.0274,30.837,30.285,26.008,24.276,13.798,18,16,6,1194987.9,77,84,86,94,102,102,100,100,20.452,20.438,22.558,22.508,3500.348,93736,29995,0,450,450,2,7,0,0,0,28,23,14,15,4,3,FALSE,0,FALSE
623.5241,30.871,30.327,26.047,24.328,13.79,18,16,6,1201432.2,77,83,82,90,102,102,101,100,20.456,20.444,22.565,22.519,3520.07,93736,29995,0,450,450,2,7,0,0,0,28,23,14,15,4,3,FALSE,0,FALSE
624.0258,30.916,30.381,26.078,24.366,13.78,18,16,6,1207914.8,79,85,78,84,102,102,101,100,20.46,20.451,22.57,22.527,3541.191,93736,29995,0,450,450,2,7,0,0,0,28,23,14,15,4,3,FALSE,0,FALSE
624.5279,30.951,30.417,26.092,24.38,13.767,18,16,6,1207768.8,77,80,72,75,103,102,101,100,20.463,20.457,22.572,22.532,3564.703,93736,29995,0,550,550,2,7,0,0,0,28,23,14,15,4,3,FALSE,0,FALSE
625.0279,30.987,30.457,26.111,24.399,13.754,18,16,6,1207684,76,79,72,74,103,102,101,100,20.466,20.461,22.573,22.534,3589.793,93736,29995,0,550,550,2,7,0,0,0,28,23,14,15,4,3,FALSE,0,FALSE
625.52484,31.03,30.506,26.144,24.432,13.741,18,16,6,1201556.1,77,82,75,78,103,103,101,100,20.467,20.465,22.573,22.536,3615.934,93736,29995,0,600,600,2,7,0,0,0,28,23,14,15,4,3,FALSE,0,FALSE
626.02405,31.082,30.568,26.183,24.473,13.727,18,16,6,1194459.2,77,82,76,78,103,103,101,100,20.47,20.47,22.574,22.538,3644.727,93736,29995,0,600,600,2,7,0,0,0,28,23,14,15,4,3,FALSE,0,FALSE
626.5281,31.12,30.613,26.211,24.5,13.714,18,16,6,1185806.8,73,78,73,74,103,103,101,100,20.47,20.473,22.574,22.539,3676.559,93736,29995,0,600,600,2,7,0,0,0,28,23,14,15,4,3,FALSE,0,FALSE
627.02686,31.145,30.642,26.222,24.51,13.701,18,16,6,1157193.2,70,73,69,70,103,103,101,100,20.469,20.474,22.572,22.537,3708.066,93736,29995,0,616,616,2,7,0,0,0,28,23,14,15,4,3,FALSE,0,FALSE
627.52594,31.171,30.664,26.243,24.53,13.687,18,16,6,1148549.5,75,73,75,72,103,103,101,100,20.467,20.472,22.569,22.534,3741.805,93736,29995,0,616,616,2,7,0,0,0,28,23,14,15,4,3,FALSE,0,FALSE
628.0245,31.238,30.72,26.313,24.595,13.673,18,16,6,1139905.8,81,77,84,79,103,103,101,100,20.468,20.471,22.569,22.533,3776.125,93736,29995,0,617,617,2,7,0,0,0,28,23,14,15,4,3,FALSE,0,FALSE
628.5269,31.332,30.799,26.432,24.702,13.659,18,16,6,1130973.9,86,81,92,86,103,103,101,100,20.471,20.472,22.572,22.534,3813.004,93736,29995,0,616,616,2,7,0,0,0,28,23,14,15,4,3,FALSE,0,FALSE
629.0285,31.436,30.886,26.569,24.822,13.646,18,16,6,1127747.9,87,81,94,88,103,103,101,100,20.475,20.473,22.577,22.536,3849.402,93736,29995,0,616,616,2,7,0,0,0,28,23,14,15,4,3,FALSE,0,FALSE
629.5227,31.535,30.969,26.712,24.947,13.633,18,16,6,1119392.2,87,82,97,90,103,103,101,100,20.479,20.474,22.581,22.538,3884.621,93736,29995,0,600,600,2,7,0,0,0,28,23,14,15,4,3,FALSE,0,FALSE
630.0239,31.634,31.053,26.834,25.055,13.62,18,16,6,1110748.5,85,80,91,85,103,103,101,100,20.482,20.475,22.585,22.54,3920.758,93736,29995,0,616,616,2,7,0,0,0,28,23,14,15,4,3,FALSE,0,FALSE
631.0271,31.751,31.147,26.938,25.153,13.592,18,16,6,1093172.9,72,71,72,69,103,103,101,100,20.481,20.471,22.582,22.533,3993.398,93736,29995,0,616,616,2,7,0,0,0,28,23,14,15,4,3,FALSE,0,FALSE
631.5257,31.767,31.159,26.946,25.162,13.582,18,16,6,1099195.4,71,69,71,70,103,103,101,100,20.476,20.465,22.575,22.526,4029.043,93736,29995,40404,616,616,2,7,0,0,0,28,23,14,15,4,3,FALSE,0,FALSE
632.0257,31.799,31.184,26.975,25.191,13.58,18,16,6,1130085.2,74,70,75,74,103,102,101,100,20.474,20.462,22.574,22.525,4060.695,93736,29995,40404,616,616,2,7,0,0,0,28,23,14,15,4,3,FALSE,0,FALSE
632.5254,31.835,31.21,27.016,25.229,13.58,18,16,6,1158831.9,76,71,79,76,103,102,101,100,20.476,20.461,22.577,22.527,4087.059,93736,29995,40404,634,634,2,7,0,0,0,28,23,14,15,4,3,FALSE,0,FALSE
633.52765,31.931,31.284,27.197,25.371,13.58,18,16,6,1200183,82,76,103,91,103,103,101,100,20.485,20.465,22.596,22.54,4130.395,93736,29995,40404,634,634,2,7,0,0,0,28,23,14,15,4,3,FALSE,0,FALSE
634.52527,31.987,31.329,27.302,25.447,13.569,18,16,6,1213217.9,79,75,91,81,103,103,101,100,20.493,20.468,22.62,22.554,4170.062,93736,29995,40404,534,534,2,7,0,0,0,28,23,14,15,4,3,FALSE,0,FALSE
635.02875,32.018,31.355,27.332,25.471,13.56,18,16,6,1219879,79,74,84,76,103,103,102,100,20.496,20.469,22.626,22.557,4189.746,93736,29995,40404,534,534,2,7,0,0,0,28,23,14,15,4,3,FALSE,0,FALSE
635.5251,32.053,31.386,27.351,25.487,13.55,18,16,6,1225112.2,79,76,78,72,103,103,102,100,20.499,20.471,22.629,22.558,4209.461,93736,29995,40404,583,583,2,7,0,0,0,28,23,14,15,4,3,FALSE,0,FALSE
636.0263,32.084,31.417,27.353,25.49,13.536,18,16,6,1220681.5,77,75,70,68,103,103,102,100,20.501,20.472,22.629,22.556,4232.586,93736,29995,40404,583,583,2,7,0,0,0,28,23,14,15,4,3,FALSE,0,FALSE
636.5267,32.106,31.435,27.353,25.49,13.524,18,16,6,1220458.1,73,72,68,67,103,103,102,100,20.501,20.471,22.626,22.553,4258.547,93736,29995,40404,633,633,2,7,0,0,0,28,23,14,15,4,3,FALSE,0,FALSE
637.02655,32.121,31.45,27.353,25.49,13.51,18,16,6,1213812.9,71,70,67,67,103,103,102,100,20.499,20.469,22.622,22.549,4286.758,93736,29995,40404,633,633,2,7,0,0,0,28,23,14,15,4,3,FALSE,0,FALSE
637.5237,32.133,31.462,27.353,25.49,13.497,18,16,6,1211657.2,70,70,68,67,103,103,101,100,20.497,20.467,22.617,22.545,4317.055,93736,29995,40404,633,633,2,7,0,0,0,28,23,14,15,4,3,FALSE,0,FALSE
638.02655,32.145,31.474,27.353,25.49,13.483,18,16,6,1203288.1,70,70,68,68,103,103,101,100,20.493,20.463,22.612,22.541,4348.996,93736,29995,40404,617,617,2,7,0,0,0,28,23,14,15,4,3,FALSE,0,FALSE
639.0267,32.167,31.496,27.353,25.49,13.456,18,16,6,1188732.6,69,69,68,67,103,102,101,100,20.485,20.456,22.601,22.53,4417.535,93736,29995,40404,617,617,2,7,0,0,0,28,23,14,15,4,3,FALSE,0,FALSE
639.5264,32.177,31.506,27.353,25.49,13.443,18,16,6,1182769.6,69,69,68,67,103,102,101,100,20.48,20.451,22.594,22.524,4453.609,93736,29995,40404,600,600,2,7,0,0,0,28,23,14,15,4,3,FALSE,0,FALSE
640.0251,32.187,31.516,27.353,25.49,13.429,18,16,6,1174125.9,69,69,68,68,103,102,101,100,20.475,20.446,22.588,22.517,4490.816,93736,29995,40404,600,600,2,7,0,0,0,28,23,14,15,4,3,FALSE,0,FALSE
640.5275,32.197,31.526,27.353,25.49,13.415,18,16,6,1165194,70,70,68,68,103,102,101,100,20.47,20.441,22.58,22.51,4530.367,93736,29995,40404,600,600,2,7,0,0,0,28,23,14,15,4,3,FALSE,0,FALSE
641.02655,32.206,31.535,27.353,25.49,13.402,18,16,6,1156838.4,70,70,68,68,103,102,101,100,20.464,20.435,22.573,22.503,4568.277,93736,29995,40404,600,600,2,7,0,0,0,28,23,14,15,4,3,FALSE,0,FALSE
641.52594,32.215,31.545,27.353,25.49,13.388,18,16,6,1148194.6,70,71,69,69,102,102,101,99,20.458,20.43,22.565,22.495,4608.328,93736,29995,40404,567,567,2,7,0,0,0,28,23,14,15,4,3,FALSE,0,FALSE
642.0279,32.224,31.554,27.354,25.49,13.375,18,16,6,1144677,71,71,69,69,102,102,100,99,20.452,20.424,22.556,22.488,4650.355,93736,29995,40404,567,567,2,7,0,0,0,28,23,14,15,4,3,FALSE,0,FALSE
642.5272,32.232,31.563,27.354,25.49,13.361,18,16,6,1136033.2,71,71,69,69,102,102,100,99,20.446,20.418,22.548,22.48,4691.633,93736,29995,40404,550,550,2,7,0,0,0,28,23,14,15,4,3,FALSE,0,FALSE
643.02747,32.24,31.573,27.354,25.49,13.347,18,16,6,1127389.5,71,71,69,69,102,102,100,99,20.439,20.412,22.539,22.471,4733.449,93736,29995,40404,550,550,2,7,0,0,0,28,23,14,15,4,3,FALSE,0,FALSE
643.52686,32.249,31.582,27.354,25.49,13.334,18,16,6,1119033.9,71,71,69,69,102,101,100,99,20.433,20.406,22.531,22.463,4774.328,93736,29995,40404,534,534,2,7,0,0,0,28,23,14,15,4,3,FALSE,0,FALSE
644.0256,32.256,31.59,27.354,25.491,13.32,18,16,6,1114157.8,70,71,70,69,102,101,100,99,20.426,20.399,22.521,22.454,4817.008,93736,29995,40404,534,534,2,7,0,0,0,28,23,14,15,4,3,FALSE,0,FALSE
644.52277,32.293,31.626,27.406,25.544,13.316,18,16,6,1146528.4,73,72,76,76,102,101,100,99,20.423,20.396,22.521,22.454,4854.625,93736,29995,40404,517,517,2,7,0,0,0,28,23,14,15,4,3,FALSE,0,FALSE
645.0261,32.323,31.658,27.437,25.574,13.315,18,16,6,1174689.8,71,71,74,73,102,101,100,99,20.424,20.397,22.526,22.46,4883.465,93736,29995,40404,517,517,2,7,0,0,0,28,23,14,15,4,3,FALSE,0,FALSE
645.52484,32.359,31.692,27.479,25.612,13.315,18,16,6,1198350.9,78,75,82,78,102,101,100,99,20.427,20.4,22.532,22.465,4906.02,93736,29995,40404,500,500,2,7,0,0,0,28,23,14,15,4,3,FALSE,0,FALSE
646.0251,32.414,31.734,27.569,25.682,13.315,18,16,6,1217128.1,85,79,99,89,102,101,100,99,20.434,20.405,22.544,22.475,4923.598,93736,29995,40404,500,500,2,7,0,0,0,28,23,14,15,4,3,FALSE,0,FALSE
646.524,32.438,31.754,27.646,25.733,13.311,18,16,6,1224744.5,79,75,103,88,102,102,100,99,20.441,20.409,22.56,22.486,4942.23,93736,29995,40404,500,500,2,7,0,0,0,28,23,14,15,4,3,FALSE,0,FALSE
647.02435,32.468,31.779,27.704,25.774,13.305,18,16,6,1231011.4,81,76,99,86,102,102,101,99,20.447,20.413,22.576,22.496,4961.672,93736,29995,40404,467,467,2,7,0,0,0,28,23,14,15,4,3,FALSE,0,FALSE
648.025,32.55,31.851,27.751,25.81,13.288,18,16,6,1240340.8,81,78,79,73,102,102,101,100,20.46,20.423,22.595,22.508,4997.152,93736,29995,40404,467,467,2,7,0,0,0,28,23,14,15,4,3,FALSE,0,FALSE
648.5242,32.579,31.879,27.756,25.816,13.276,18,16,6,1239363.9,77,75,72,69,103,102,101,100,20.465,20.426,22.598,22.509,5017.512,93736,29995,40404,516,516,2,7,0,0,0,28,23,14,15,4,3,FALSE,0,FALSE
649.0271,32.619,31.921,27.762,25.822,13.262,18,16,6,1210821.4,79,78,70,68,103,102,101,100,20.468,20.43,22.598,22.509,5041.34,93736,29995,40404,516,516,2,7,0,0,0,28,23,14,15,4,3,FALSE,0,FALSE
649.52435,32.647,31.948,27.767,25.827,13.249,18,16,6,1177971.8,75,74,69,68,103,102,101,100,20.47,20.432,22.598,22.508,5066.77,93736,29995,40404,533,533,2,7,0,0,0,28,23,14,15,4,3,FALSE,0,FALSE
650.02515,32.67,31.969,27.769,25.83,13.236,18,16,6,1130512.6,72,71,68,67,103,102,101,100,20.471,20.432,22.596,22.507,5095.996,93736,29995,40404,533,533,2,7,0,0,0,28,23,14,15,4,3,FALSE,0,FALSE
650.52313,32.687,31.986,27.769,25.831,13.223,18,16,6,1081798.4,72,70,68,68,103,102,101,100,20.47,20.43,22.593,22.504,5127.422,93736,29995,40404,517,517,2,7,0,0,0,28,23,14,15,4,3,FALSE,0,FALSE
651.02075,32.699,31.998,27.769,25.831,13.209,18,16,6,1069894.4,71,70,68,68,103,102,101,100,20.469,20.429,22.59,22.502,5160.605,93736,29995,40404,500,500,2,7,0,0,0,28,23,14,15,4,3,FALSE,0,FALSE
651.5254,32.71,32.008,27.769,25.831,13.195,18,16,6,1061250.6,70,70,68,68,103,102,101,99,20.466,20.426,22.586,22.499,5195.293,93736,29995,40404,500,500,2,7,0,0,0,28,23,14,15,4,3,FALSE,0,FALSE
652.02496,32.72,32.018,27.769,25.831,13.182,18,16,6,1058029.8,70,69,68,68,102,102,101,99,20.463,20.423,22.582,22.495,5231.141,93736,29995,40404,467,467,2,7,0,0,0,28,23,14,15,4,3,FALSE,0,FALSE
652.5242,32.73,32.028,27.769,25.831,13.168,18,16,6,1049386,70,70,68,68,102,102,101,99,20.459,20.42,22.577,22.49,5268.094,93736,29995,40404,467,467,2,7,0,0,0,28,23,14,15,4,3,FALSE,0,FALSE
653.0212,32.756,32.053,27.803,25.864,13.161,18,16,6,1067043.2,72,72,76,75,102,102,101,99,20.457,20.418,22.575,22.488,5300.465,93736,29995,40404,450,450,2,7,0,0,0,28,23,14,15,4,3,FALSE,0,FALSE
653.5215,32.808,32.105,27.868,25.923,13.159,18,16,6,1095398.8,78,77,80,79,102,102,101,99,20.459,20.421,22.581,22.495,5322.734,93736,29995,40404,450,450,2,7,0,0,0,28,23,14,15,4,3,FALSE,0,FALSE
654.02246,32.838,32.133,27.883,25.938,13.158,18,16,6,1119025.5,75,75,75,74,103,102,101,100,20.464,20.425,22.587,22.501,5341.781,93736,29995,40404,433,433,2,7,0,0,0,28,23,14,15,4,3,FALSE,0,FALSE
654.52057,32.868,32.152,27.893,25.948,13.158,18,16,6,1136520.2,78,74,73,72,103,102,101,100,20.468,20.429,22.593,22.507,5367.238,93736,29995,40404,0,0,2,7,0,0,0,28,23,14,0,4,3,FALSE,0,FALSE
655.0175,32.878,32.157,27.896,25.951,13.156,18,16,6,1146577.9,74,70,70,70,103,102,101,100,20.3,20.3,22.7,22.7,5377.805,93736,29995,40404,0,0,2,7,0,1,0,28,23,14,0,4,3,FALSE,0,FALSE
655.5215,32.878,32.157,27.896,25.951,13.154,18,16,6,1152910.8,68,67,68,68,103,102,101,100,20.3,20.3,22.7,22.7,5388.383,93736,29995,40404,0,0,2,7,0,1,0,28,23,14,0,4,3,FALSE,0,FALSE
656.0215,32.878,32.157,27.896,25.951,13.153,18,16,6,1159310.4,66,65,66,66,103,102,101,100,20.3,20.3,22.7,22.7,5399.195,93736,29995,40404,0,0,2,7,0,1,0,28,23,14,0,4,3,FALSE,0,FALSE
656.517,32.878,32.157,27.896,25.951,13.152,18,16,7,1165722,64,64,65,65,103,102,101,100,20.3,20.3,22.7,22.7,1.188,95658,0,0,0,0,2,8,0,1,0,28,23,14,0,4,3,FALSE,0,FALSE
657.0186,32.878,32.157,27.896,25.951,13.152,18,16,7,1172134.5,63,63,65,65,103,102,101,100,20.3,20.3,22.7,22.7,12.219,95658,0,0,0,0,2,8,0,1,0,28,23,14,0,4,3,FALSE,0,FALSE
658.01495,32.878,32.157,27.896,25.951,13.15,18,16,7,1184959.5,63,63,64,64,102,102,101,100,20.3,20.3,22.7,22.7,34.289,95658,0,0,0,0,2,8,0,1,0,28,23,14,0,4,3,FALSE,0,FALSE
658.513,32.878,32.157,27.896,25.951,13.149,18,16,7,1191372,62,62,64,64,102,102,101,100,20.3,20.3,22.7,22.7,45.324,95658,0,0,0,0,2,8,0,1,0,28,23,14,0,4,3,FALSE,0,FALSE
659.01465,32.878,32.157,27.896,25.951,13.149,18,16,7,1197784.5,62,62,64,64,102,102,101,100,20.3,20.3,22.7,22.7,56.352,95658,0,0,0,0,3,8,0,1,0,28,23,14,0,4,3,FALSE,0,FALSE
659.51465,32.878,32.157,27.896,25.951,13.148,18,16,7,1204197,62,62,64,64,102,102,101,100,20.3,20.3,22.7,22.7,67.367,95658,0,0,0,0,3,8,0,1,0,28,23,14,0,4,3,FALSE,0,FALSE
660.0102,32.878,32.157,27.896,25.951,13.147,18,16,7,1210395.8,62,62,64,64,102,102,101,100,20.3,20.3,22.7,22.7,78.016,95658,0,0,0,0,3,8,0,1,0,28,23,14,0,4,3,FALSE,0,FALSE
660.5144,32.878,32.157,27.896,25.951,13.147,18,16,7,1217022,62,62,64,64,102,101,101,100,20.3,20.3,22.7,22.7,89.402,95658,0,0,0,0,3,8,0,1,0,28,23,14,0,4,3,FALSE,0,FALSE
661.01355,32.878,32.157,27.896,25.951,13.146,18,16,7,1223434.5,62,62,64,64,102,101,101,100,20.3,20.3,22.7,22.7,100.418,95658,0,0,0,0,3,8,0,1,0,28,23,14,0,4,3,FALSE,0,FALSE
661.5163,32.878,32.157,27.896,25.951,13.145,18,16,7,1229847,62,62,64,64,102,101,101,99,20.3,20.3,22.7,22.7,111.434,95658,0,0,0,0,3,8,0,1,0,28,23,14,0,4,3,FALSE,0,FALSE
662.01196,32.878,32.157,27.896,25.951,13.144,18,16,7,1236259.5,62,62,64,64,102,101,101,99,20.3,20.3,22.7,22.7,122.441,95658,0,0,0,0,3,8,0,1,0,28,23,14,0,4,3,FALSE,0,FALSE
663.01355,32.878,32.157,27.896,25.951,13.143,18,16,7,1249084.5,62,62,64,64,102,101,101,99,20.3,20.3,22.7,22.7,144.449,95658,0,0,0,0,3,8,0,1,0,28,23,14,0,4,3,FALSE,0,FALSE
663.5165,32.878,32.157,27.896,25.951,13.142,18,16,7,1255497,62,62,64,64,102,101,101,99,20.3,20.3,22.7,22.7,155.453,95658,0,0,0,0,2,8,0,1,0,28,23,14,0,4,3,FALSE,0,FALSE
664.02106,32.878,32.157,27.896,25.951,13.142,18,16,7,1289807.2,62,62,64,64,102,101,101,99,20.3,20.3,22.7,22.7,166.215,95658,0,0,0,0,2,8,0,1,0,28,23,14,0,4,3,FALSE,0,FALSE
664.51654,32.878,32.157,27.896,25.951,13.142,18,16,7,1338135,61,61,64,64,102,101,101,99,20.3,20.3,22.7,22.7,175.559,95658,0,0,0,0,2,8,0,1,0,28,23,14,0,4,3,FALSE,0,FALSE
665.0141,32.878,32.157,27.896,25.951,13.142,18,16,7,1367373,61,61,64,64,101,101,101,99,20.3,20.3,22.7,22.7,184.609,95658,0,0,0,0,2,8,0,1,0,28,23,14,0,4,3,FALSE,0,FALSE
665.5199,32.878,32.157,27.896,25.951,13.142,18,16,7,1367373,60,60,64,64,101,101,101,99,20.3,20.3,22.7,22.7,189.469,95658,0,0,0,0,2,8,0,1,0,28,23,14,0,4,3,FALSE,0,FALSE
666.5185,32.878,32.157,27.896,25.951,13.136,18,16,7,1367373,58,58,64,64,101,100,101,99,20.387,20.353,22.564,22.486,190.172,95658,0,0,0,0,2,8,0,1,733,28,23,14,0,4,3,FALSE,0,FALSE
667.0185,0,0,0,0,13.133,19,17,0,1367373,70,70,70,70,70,70,70,70,18.544,18.544,20.553,20.553,190.195,95658,0,0,0,0,2,8,0,1,1233,28,23,14,0,4,3,FALSE,0,FALSE
667.52057,0,0,0,0,13.13,19,17,0,1367373,70,69,70,70,70,70,70,70,18.544,18.544,20.553,20.553,190.199,95658,0,0,0,0,2,8,0,1,1733,28,23,14,0,4,3,FALSE,0,FALSE
668.0221,0,0,0,0,13.127,19,17,0,1367373,70,69,70,70,70,70,70,70,18.544,18.544,20.553,20.553,190.199,95658,0,0,0,0,3,8,0,1,2233,28,23,14,0,4,3,FALSE,0,FALSE
668.51776,0,0,0,0,13.124,19,17,0,1367373,68,68,69,69,70,70,70,70,18.55,18.551,20.554,20.554,190.305,95658,0,0,0,0,3,8,0,1,2433,28,23,14,0,4,3,FALSE,0,FALSE
669.0168,0,0,0,0,13.124,19,17,0,1367373,68,67,68,68,70,70,70,70,20.3,20.3,22.7,22.7,190.688,95658,0,0,0,0,3,8,0,1,2433,28,23,14,0,4,3,FALSE,0,FALSE
669.51733,0,0,0,0,13.123,19,17,0,1367373,79,77,68,68,70,70,70,70,20.3,20.3,22.7,22.7,193.461,95658,0,0,0,0,3,8,0,1,2433,28,23,14,0,4,3,FALSE,0,FALSE
670.01874,0,0,0,0,13.123,19,17,0,1367373,89,88,68,68,71,71,70,70,20.3,20.3,22.7,22.7,198.449,95658,0,0,0,0,3,8,0,1,2433,28,23,14,0,4,3,FALSE,0,FALSE
670.51746,0,0,0,0,13.123,19,17,0,1385771.1,93,93,68,68,71,71,70,70,20.3,20.3,22.7,22.7,205.137,95658,0,0,0,0,3,8,0,1,2433,28,23,14,0,4,3,FALSE,0,FALSE
671.0075,0.005,0.005,0.004,0.004,13.123,19,17,0,1417984,91,90,70,70,71,71,70,70,20.3,20.3,22.7,22.7,215.352,95658,0,0,0,0,4,8,1,1,2433,28,23,14,0,4,3,FALSE,0,FALSE
672.0195,0.005,0.005,0.004,0.004,13.121,19,17,0,1433396,71,71,67,67,72,72,70,70,20.3,20.3,22.7,22.7,236.414,95658,0,0,0,0,4,8,1,1,2433,28,23,14,0,4,3,FALSE,0,FALSE
672.51575,0.005,0.005,0.004,0.004,13.12,19,17,0,1440996.6,68,68,67,67,72,72,70,70,20.3,20.3,22.7,22.7,246.805,95658,0,0,0,0,4,8,1,1,2433,28,23,14,0,4,3,FALSE,0,FALSE
673.0176,0.005,0.005,0.004,0.004,13.12,19,17,0,1448607.2,66,66,66,66,73,73,70,70,20.3,20.3,22.7,22.7,257.211,95658,0,0,0,0,4,8,1,1,2433,28,23,14,0,4,3,FALSE,0,FALSE
673.51135,0.005,0.005,0.004,0.004,13.119,19,17,0,1456228,65,65,66,66,73,73,71,71,20.3,20.3,22.7,22.7,267.633,95658,0,0,0,0,4,8,1,1,2433,28,23,14,0,4,3,FALSE,0,FALSE
674.0172,0.005,0.005,0.004,0.004,13.118,19,17,0,1463856.2,65,65,66,66,73,73,71,71,20.3,20.3,22.7,22.7,278.066,95658,0,0,0,0,4,8,1,1,2433,28,23,14,0,4,3,FALSE,0,FALSE
674.51294,0.005,0.005,0.004,0.004,13.117,19,17,0,1471490.1,65,65,66,66,73,73,71,71,20.3,20.3,22.7,22.7,288.504,95658,0,0,0,0,4,8,1,1,2433,28,23,14,0,4,3,FALSE,0,FALSE
675.01654,0.005,0.005,0.004,0.004,13.116,19,17,0,1479130.8,64,64,66,66,73,73,71,71,20.3,20.3,22.7,22.7,298.953,95658,0,0,0,0,4,8,1,1,2433,28,23,14,0,4,3,FALSE,0,FALSE
675.51495,0.005,0.005,0.004,0.004,13.115,19,17,0,1486807.1,64,64,66,66,74,74,71,71,20.3,20.3,22.7,22.7,309.426,95658,0,0,0,0,4,8,1,1,2433,28,23,14,0,4,3,FALSE,0,FALSE
676.0201,0.005,0.005,0.004,0.004,13.114,19,17,0,1494621.6,64,64,66,66,74,74,71,71,20.3,20.3,22.7,22.7,320.066,95658,0,0,0,0,4,8,1,1,2433,28,23,14,0,4,3,FALSE,0,FALSE
676.5197,0.005,0.005,0.004,0.004,13.113,19,17,0,1502522.5,64,64,66,66,74,74,71,71,20.3,20.3,22.7,22.7,330.848,95658,0,0,0,0,4,8,1,1,2433,28,23,14,0,4,3,FALSE,0,FALSE
677.0249,0.005,0.005,0.004,0.004,13.112,19,17,0,1510479.2,64,64,66,66,74,74,71,71,20.3,20.3,22.7,22.7,341.715,95658,0,0,0,0,4,8,1,1,2433,28,23,14,0,4,3,FALSE,0,FALSE
677.52075,0.005,0.005,0.004,0.004,13.111,19,17,0,1518472.2,64,64,66,66,74,74,72,72,20.3,20.3,22.7,22.7,352.637,95658,0,0,0,0,4,8,1,1,2433,28,23,14,0,4,3,FALSE,0,FALSE
678.02075,0.005,0.005,0.004,0.004,13.11,19,17,0,1526488.2,64,64,66,66,74,74,72,72,20.3,20.3,22.7,22.7,363.594,95658,0,0,0,0,4,8,1,1,2433,28,23,14,0,4,3,FALSE,0,FALSE
678.51904,0.005,0.005,0.004,0.004,13.109,19,17,0,1534518.6,64,64,66,66,75,75,72,72,20.3,20.3,22.7,22.7,374.574,95658,0,0,0,0,4,8,1,1,2433,28,23,14,0,4,3,FALSE,0,FALSE
679.0225,0.005,0.005,0.004,0.004,13.108,19,17,0,1542557.8,64,64,66,66,75,75,72,72,20.3,20.3,22.7,22.7,385.57,95658,0,0,0,0,4,8,1,1,2433,28,23,14,0,4,3,FALSE,0,FALSE
679.52167,0.005,0.005,0.004,0.004,13.107,19,17,0,1550604.2,64,64,66,66,75,75,72,72,20.3,20.3,22.7,22.7,396.543,95658,0,0,0,0,4,8,1,1,2433,28,23,14,0,4,3,FALSE,0,FALSE
680.0222,0.014,0.013,0.004,0.004,13.101,19,17,0,1559538.1,69,68,65,65,75,75,72,72,18.843,18.842,20.707,20.707,407.934,95658,0,0,0,0,5,8,1,0,0,28,23,14,0,4,3,FALSE,0,FALSE
680.52136,0.035,0.033,0.004,0.004,13.093,19,17,0,1574684.2,76,75,65,65,75,75,72,72,18.853,18.852,20.712,20.712,421.574,95658,0,0,0,0,5,8,1,0,0,28,23,14,0,4,3,FALSE,0,FALSE
681.0205,0.055,0.054,0.004,0.004,13.082,19,17,0,1586793,78,78,65,65,75,75,72,72,18.866,18.865,20.717,20.717,437.578,95658,0,0,0,0,5,8,1,0,0,28,23,14,0,4,3,FALSE,0,FALSE
681.5238,0.138,0.136,0.004,0.004,13.07,19,17,0,1594159.9,97,97,65,65,76,76,72,72,18.885,18.884,20.722,20.721,456.094,95658,0,0,0,0,5,8,1,0,0,28,23,14,0,4,3,FALSE,0,FALSE
682.0201,0.165,0.162,0.004,0.004,13.057,19,17,0,1591953,80,80,65,65,76,76,72,72,18.904,18.902,20.726,20.726,477.5,95658,0,0,0,0,5,8,1,0,0,28,23,14,0,4,3,FALSE,0,FALSE
682.52216,0.18,0.178,0.004,0.004,13.043,19,17,0,1587132.1,73,73,66,66,76,76,72,72,18.915,18.914,20.73,20.73,501.762,95658,0,0,0,0,5,8,1,0,0,28,23,14,0,4,3,FALSE,0,FALSE
683.023,0.193,0.19,0.004,0.004,13.031,19,17,0,1586698.6,71,70,66,66,77,77,73,73,18.924,18.923,20.734,20.734,528.664,95658,0,0,0,0,6,8,1,0,0,28,23,14,0,4,3,FALSE,0,FALSE
683.52,0.204,0.201,0.004,0.004,13.017,19,17,0,1579694.1,70,69,67,67,77,77,73,73,18.933,18.931,20.738,20.738,557.789,95658,0,0,0,0,6,8,1,0,0,28,23,14,0,4,3,FALSE,0,FALSE
684.0176,0.214,0.211,0.004,0.005,13.004,19,17,0,1577305.1,69,69,67,66,77,77,73,73,18.94,18.938,20.742,20.742,588.812,95658,0,0,0,0,6,8,1,0,0,28,23,14,0,4,3,FALSE,0,FALSE
685.0222,0.242,0.24,0.033,0.029,12.982,19,17,0,1581926.2,72,73,76,75,77,77,73,73,18.955,18.954,20.752,20.751,653.688,95658,0,0,216,0,6,8,1,0,0,28,23,14,19,4,3,FALSE,0,FALSE
685.52246,0.261,0.257,0.046,0.042,12.981,19,17,0,1607851.2,71,72,72,72,77,77,73,73,18.966,18.966,20.765,20.764,678.832,95658,0,0,216,19067,6,8,1,0,0,28,23,14,19,4,3,FALSE,0,FALSE
686.023,0.28,0.273,0.054,0.049,12.98,19,17,0,1629064.6,74,73,71,71,78,78,73,73,18.979,18.979,20.779,20.778,697.879,95658,0,0,250,19067,6,8,1,0,0,28,23,14,19,4,3,FALSE,0,FALSE
686.51855,0.286,0.278,0.059,0.054,12.98,19,17,0,1647041.1,70,69,70,69,78,78,73,73,18.993,18.992,20.793,20.792,712.34,95658,0,0,250,19200,6,8,1,0,0,28,23,14,19,4,3,FALSE,0,FALSE
687.02374,0.291,0.282,0.066,0.061,12.98,19,17,0,1661226.1,70,68,71,70,78,78,74,74,19.006,19.004,20.806,20.805,723.672,95658,0,0,250,19200,6,8,1,0,0,28,23,14,19,4,3,FALSE,0,FALSE
687.5214,0.298,0.287,0.079,0.071,12.98,19,17,0,1669736.9,70,68,75,71,78,78,74,74,19.019,19.016,20.821,20.819,732.52,95658,0,0,250,19200,6,8,1,0,0,28,23,14,19,4,3,FALSE,0,FALSE
688.0198,0.302,0.292,0.087,0.076,12.98,19,17,0,1669736.9,69,68,76,70,79,78,74,74,19.031,19.027,20.837,20.833,744.613,95658,0,0,250,19200,6,8,1,0,0,28,23,14,19,4,3,FALSE,0,FALSE
688.52216,0.307,0.298,0.094,0.08,12.978,19,17,0,1669736.9,69,69,75,69,79,79,74,74,19.044,19.039,20.852,20.846,758.07,95658,0,0,350,19200,6,8,1,0,0,28,23,14,19,4,3,FALSE,0,FALSE
689.02246,0.315,0.304,0.098,0.085,12.975,19,17,0,1672248.2,71,69,73,69,79,79,75,75,19.056,19.051,20.867,20.858,767.32,95658,0,0,350,19200,6,8,1,0,0,28,23,14,19,4,3,FALSE,0,FALSE
689.5178,0.321,0.313,0.099,0.086,12.969,19,17,0,1678393.9,71,70,70,67,79,79,75,75,19.068,19.063,20.88,20.87,777.113,95658,0,0,350,19567,6,8,1,0,0,28,23,14,19,4,3,FALSE,0,FALSE
690.02313,0.341,0.337,0.099,0.086,12.961,19,17,0,1686413.1,77,78,67,66,79,79,75,75,19.082,19.077,20.891,20.88,789.188,95658,0,0,350,19567,6,8,1,0,0,28,23,14,19,4,3,FALSE,0,FALSE
690.5209,0.36,0.356,0.102,0.089,12.952,19,17,0,1697550.1,77,78,66,67,80,80,75,75,19.097,19.092,20.902,20.891,803.742,95658,0,0,350,19567,6,8,1,0,0,28,23,14,19,4,3,FALSE,0,FALSE
691.02014,0.371,0.368,0.105,0.093,12.943,19,17,0,1705097.1,74,74,66,68,80,80,75,75,19.111,19.106,20.911,20.901,820.262,95658,0,0,367,19666,6,8,1,0,0,28,23,14,19,4,3,FALSE,0,FALSE
691.5247,0.385,0.383,0.114,0.102,12.933,19,17,0,1712935.6,73,75,69,71,80,80,76,75,19.123,19.119,20.92,20.911,840.359,95658,0,0,367,19666,6,8,1,0,0,28,23,14,19,4,3,FALSE,0,FALSE
692.0229,0.404,0.405,0.124,0.113,12.923,19,17,0,1723725.8,73,76,70,72,80,80,76,76,19.134,19.132,20.93,20.922,865.695,95658,0,0,200,19666,6,8,1,0,0,28,23,14,19,4,3,FALSE,0,FALSE
692.524,0.424,0.427,0.134,0.122,12.912,19,17,0,1727257.6,73,76,69,70,81,81,76,76,19.145,19.144,20.939,20.932,887.426,95658,0,0,200,19683,6,8,1,0,0,28,23,14,19,4,3,FALSE,0,FALSE
693.01886,0.454,0.457,0.141,0.129,12.898,19,17,0,1722176.1,74,77,69,69,81,81,76,76,19.157,19.158,20.948,20.942,912.121,95658,0,0,183,19683,6,8,1,0,0,28,23,14,19,4,3,FALSE,0,FALSE
693.5229,0.471,0.474,0.146,0.134,12.885,19,17,0,1721594.4,75,71,68,70,81,81,76,76,19.168,19.168,20.956,20.949,939.652,95658,0,0,183,19683,6,8,1,0,0,28,23,14,19,4,3,FALSE,0,FALSE
694.0214,0.499,0.499,0.153,0.14,12.871,19,17,0,1714914.4,73,73,68,66,81,81,76,76,19.179,19.176,20.962,20.956,970.789,95658,0,0,150,19683,6,8,1,0,0,28,23,14,19,4,3,FALSE,0,FALSE
694.52167,0.522,0.518,0.163,0.15,12.858,19,17,0,1712713.6,73,71,70,68,81,81,76,76,19.189,19.185,20.969,20.962,1001.641,95658,0,0,150,19683,6,8,1,0,0,28,23,14,19,4,3,FALSE,0,FALSE
695.02216,0.537,0.531,0.168,0.156,12.845,19,17,0,1704308.6,71,69,69,68,82,82,77,76,19.197,19.193,20.976,20.968,1033.566,95658,0,0,133,19666,6,8,1,0,0,28,23,14,19,4,3,FALSE,0,FALSE
695.5217,0.549,0.541,0.17,0.158,12.831,19,17,0,1695664.9,69,68,68,67,82,82,77,76,19.204,19.199,20.981,20.973,1067.242,95658,0,0,133,19667,6,8,1,0,0,28,23,14,19,4,3,FALSE,0,FALSE
696.0212,0.557,0.549,0.17,0.158,12.818,19,17,0,1692484,68,68,67,67,82,82,77,77,19.21,19.205,20.986,20.977,1102.477,95658,0,0,133,19667,6,8,1,0,0,28,23,14,19,4,3,FALSE,0,FALSE
696.519,0.565,0.557,0.17,0.158,12.804,19,17,0,1683840.2,68,68,68,68,82,82,77,77,19.215,19.21,20.989,20.981,1138.969,95658,0,0,133,19667,6,8,1,0,0,28,23,14,19,4,3,FALSE,0,FALSE
697.0203,0.572,0.565,0.17,0.158,12.79,19,17,0,1675196.5,68,68,68,68,82,82,77,77,19.22,19.215,20.993,20.984,1176.715,95658,0,0,133,19667,6,8,1,0,0,28,23,14,19,4,3,FALSE,0,FALSE
697.5242,0.579,0.572,0.17,0.158,12.777,19,17,0,1666552.8,68,68,68,68,82,82,77,77,19.225,19.22,20.996,20.987,1215.617,95658,0,0,150,19617,6,8,1,0,0,28,23,14,19,4,3,FALSE,0,FALSE
698.0227,0.586,0.579,0.17,0.158,12.763,19,17,0,1657909,68,69,68,68,82,82,77,77,19.229,19.224,20.998,20.99,1255.551,95658,0,0,150,19617,6,8,1,0,0,28,23,14,19,4,3,FALSE,0,FALSE
698.5205,0.593,0.587,0.171,0.159,12.75,19,17,0,1654741.5,68,69,68,69,82,82,77,77,19.232,19.227,21,20.992,1296.344,95658,0,0,150,19617,6,8,1,0,0,28,23,14,19,4,3,FALSE,0,FALSE
699.02026,0.599,0.596,0.173,0.16,12.736,19,17,0,1646097.8,69,69,68,69,82,82,77,77,19.235,19.231,21.002,20.994,1337.809,95658,0,0,150,19617,6,8,1,0,0,28,23,14,19,4,3,FALSE,0,FALSE
699.5198,0.606,0.604,0.174,0.161,12.722,19,17,0,1637454,69,69,69,69,82,82,77,77,19.238,19.234,21.003,20.996,1379.863,95658,0,0,150,19534,6,8,1,0,0,28,23,14,19,4,3,FALSE,0,FALSE
700.0239,0.619,0.618,0.191,0.177,12.712,19,17,0,1646549.8,72,72,74,74,82,82,77,77,19.242,19.238,21.007,20.999,1421.477,95658,0,0,150,19534,6,8,1,0,0,28,23,14,19,4,3,FALSE,0,FALSE
701.02386,0.655,0.649,0.23,0.213,12.709,19,17,0,1707139.4,71,69,72,71,83,83,77,77,19.262,19.257,21.032,21.024,1482.852,95658,0,0,133,19533,6,8,1,0,0,28,23,14,19,4,3,FALSE,0,FALSE
701.5249,0.677,0.665,0.254,0.236,12.708,19,17,0,1732139.9,74,71,77,74,83,83,78,78,19.274,19.268,21.046,21.037,1505.52,95658,0,0,133,19533,6,8,1,0,0,28,23,14,19,4,3,FALSE,0,FALSE
702.02344,0.703,0.684,0.298,0.275,12.708,19,17,0,1753491.8,78,72,85,82,83,83,78,78,19.288,19.28,21.064,21.053,1523.508,95658,0,0,150,19433,6,8,1,0,0,28,23,14,19,4,3,FALSE,0,FALSE
702.52057,0.726,0.7,0.349,0.316,12.707,19,17,0,1764071.5,78,73,93,86,84,83,78,78,19.303,19.292,21.084,21.071,1546.625,95658,0,0,150,19433,5,8,1,0,0,28,23,14,19,4,3,FALSE,0,FALSE
703.02277,0.741,0.712,0.388,0.345,12.702,19,17,0,1771483.6,76,72,92,83,84,84,79,78,19.317,19.303,21.105,21.089,1565.289,95658,0,0,150,19433,5,8,1,0,0,28,23,14,19,4,3,FALSE,0,FALSE
703.5224,0.762,0.729,0.421,0.369,12.696,19,17,0,1779027.9,78,74,89,81,84,84,79,79,19.331,19.315,21.124,21.106,1580.891,95658,0,0,1433,19433,5,8,1,0,0,28,23,14,19,4,3,FALSE,0,FALSE
704.52216,0.805,0.763,0.465,0.403,12.683,19,17,0,1794553.6,78,73,78,73,85,84,80,79,19.358,19.337,21.157,21.133,1612.688,95658,0,0,1567,19517,5,8,1,0,0,28,23,14,19,4,3,FALSE,0,FALSE
705.0241,0.829,0.787,0.467,0.405,12.67,19,17,0,1797108.1,79,77,71,69,85,84,80,79,19.37,19.349,21.168,21.143,1632.613,95658,0,0,1567,19517,5,8,1,0,0,28,23,14,19,4,3,FALSE,0,FALSE
705.52386,0.866,0.821,0.467,0.406,12.657,19,17,0,1785918.2,82,80,68,67,85,85,80,79,19.383,19.361,21.177,21.151,1654.992,95658,0,0,1667,19533,5,8,1,0,0,28,23,14,19,4,3,FALSE,0,FALSE
706.0213,0.898,0.85,0.469,0.408,12.645,19,17,0,1758382.2,78,77,67,66,85,85,80,80,19.395,19.374,21.183,21.158,1679.938,95658,0,0,1667,19533,5,8,1,0,0,28,23,14,19,4,3,FALSE,0,FALSE
706.5194,0.915,0.865,0.469,0.408,12.631,19,17,0,1717447.9,72,72,67,66,85,85,80,80,19.402,19.383,21.188,21.164,1707.578,95658,0,0,1700,19500,5,8,1,0,0,28,23,14,19,4,3,FALSE,0,FALSE
707.0212,0.93,0.88,0.471,0.41,12.617,19,17,0,1683823.1,72,72,67,69,86,85,80,80,19.41,19.392,21.193,21.17,1736.867,95658,0,0,1700,19500,5,8,1,0,0,28,23,14,19,4,3,FALSE,0,FALSE
707.5217,0.942,0.895,0.478,0.416,12.605,19,17,0,1681376.1,70,72,69,70,86,85,80,80,19.417,19.399,21.199,21.176,1768.082,95658,0,0,1700,19500,5,8,1,0,0,28,23,14,19,4,3,FALSE,0,FALSE
708.0207,0.959,0.917,0.492,0.429,12.591,19,17,0,1672799.1,71,73,70,71,86,85,80,80,19.424,19.407,21.204,21.183,1801.234,95658,0,0,1717,19500,5,8,1,0,0,28,23,14,19,4,3,FALSE,0,FALSE
708.519,0.976,0.937,0.503,0.439,12.577,19,17,0,1667864.9,70,72,70,70,86,86,80,80,19.43,19.415,21.209,21.188,1836.66,95658,51602,0,1717,19450,5,8,1,0,0,28,23,14,19,4,3,FALSE,0,FALSE
709.02216,1.003,0.958,0.54,0.473,12.577,19,17,0,1695339.9,76,72,79,75,86,86,81,80,19.437,19.422,21.217,21.196,1868.203,95658,51602,0,1716,19450,5,8,1,0,0,28,23,14,19,4,3,FALSE,0,FALSE
709.5182,1.046,0.99,0.617,0.537,12.577,19,17,0,1717123.4,80,75,91,85,86,86,81,80,19.448,19.43,21.23,21.207,1897.781,95658,51602,0,1716,19450,5,8,1,0,0,28,23,14,19,4,3,FALSE,0,FALSE
710.0227,1.098,1.021,0.704,0.616,12.574,19,17,0,1726728,83,77,98,90,86,86,81,81,19.462,19.438,21.245,21.219,1927.16,95658,51602,0,1734,19450,5,8,1,0,0,28,23,14,19,4,3,FALSE,0,FALSE
710.51935,1.143,1.056,0.766,0.666,12.565,19,17,0,1732240.8,83,77,89,82,87,86,81,81,19.474,19.448,21.261,21.232,1953.902,95658,51602,0,1750,19417,5,8,1,0,0,28,23,14,19,4,3,FALSE,0,FALSE
711.02124,1.172,1.081,0.778,0.679,12.552,19,17,0,1728447.5,76,73,73,71,87,86,81,81,19.484,19.456,21.271,21.24,1980.379,95658,51602,0,1750,19417,5,8,1,0,0,28,23,14,19,4,3,FALSE,0,FALSE
711.52155,1.193,1.106,0.804,0.708,12.541,19,17,0,1729695.1,73,75,74,78,87,87,82,81,19.491,19.463,21.277,21.246,2009.68,95658,51602,0,1750,19350,5,8,1,0,0,28,23,14,19,4,3,FALSE,0,FALSE
712.0228,1.229,1.15,0.854,0.772,12.53,19,17,0,1734625.9,76,79,80,87,87,87,82,81,19.499,19.472,21.284,21.256,2040.859,95658,51602,0,1750,19350,5,8,1,0,0,28,23,14,19,4,3,FALSE,0,FALSE
712.5214,1.27,1.2,0.914,0.846,12.519,19,17,0,1739623.6,77,81,82,89,87,87,82,81,19.507,19.482,21.292,21.268,2070.402,95658,51602,0,1783,19383,5,8,1,0,0,28,23,14,19,4,3,FALSE,0,FALSE
713.02216,1.311,1.251,0.961,0.904,12.508,19,17,0,1743469.4,76,80,77,81,87,87,82,82,19.514,19.492,21.3,21.278,2099.625,95658,51602,0,1850,19383,5,8,1,0,0,28,23,14,19,4,3,FALSE,0,FALSE
713.5201,1.327,1.27,0.97,0.91,12.495,19,17,0,1741104.6,71,74,71,70,88,87,82,82,19.519,19.499,21.304,21.283,2130.582,95658,51602,0,1850,19433,5,8,1,0,0,28,23,14,19,4,3,FALSE,0,FALSE
714.5203,1.36,1.309,1.002,0.943,12.475,19,17,0,1751633.6,72,72,75,75,88,87,82,82,19.528,19.51,21.311,21.291,2193.66,95658,51602,0,1850,19483,5,8,1,0,0,28,23,14,19,4,3,FALSE,0,FALSE
715.02045,1.377,1.324,1.014,0.957,12.474,19,17,0,1777541.5,72,71,73,72,88,88,82,82,19.535,19.517,21.321,21.301,2217.746,95658,51602,0,1967,19483,5,8,1,0,0,28,23,14,19,4,3,FALSE,0,FALSE
715.51794,1.385,1.329,1.021,0.964,12.474,19,17,0,1799507.6,70,68,71,70,88,88,82,82,19.543,19.525,21.332,21.311,2237.254,95658,51602,0,1967,19483,5,8,1,0,0,28,23,14,19,4,3,FALSE,0,FALSE
716.0206,1.396,1.336,1.037,0.978,12.474,19,17,0,1816944.9,72,68,75,72,88,88,83,82,19.551,19.531,21.342,21.321,2253.559,95658,51602,0,1967,19550,5,8,1,0,0,28,23,14,19,4,3,FALSE,0,FALSE
716.51917,1.412,1.349,1.071,1.003,12.474,19,17,0,1832612.6,74,71,84,77,88,88,83,82,19.56,19.539,21.355,21.332,2266.953,95658,51602,0,1967,19550,5,8,1,0,0,28,23,14,19,4,3,FALSE,0,FALSE
717.0227,1.421,1.356,1.11,1.03,12.474,19,17,0,1843023.9,73,70,92,82,88,88,83,83,19.57,19.547,21.372,21.345,2282.699,95658,51602,0,2083,19550,5,8,1,0,0,28,23,14,19,4,3,FALSE,0,FALSE
717.51984,1.434,1.367,1.132,1.047,12.471,19,17,0,1848334.6,76,72,89,81,89,88,83,83,19.579,19.555,21.39,21.359,2296.277,95658,51602,0,2083,19417,5,8,1,0,0,28,23,14,19,4,3,FALSE,0,FALSE
718.018,1.452,1.382,1.139,1.053,12.466,19,17,0,1854209.9,78,73,82,76,89,88,84,83,19.59,19.564,21.405,21.371,2308.066,95658,51602,0,2083,19417,5,8,1,0,0,28,23,14,19,4,3,FALSE,0,FALSE
718.5143,1.464,1.394,1.146,1.06,12.459,19,17,0,1860820.1,76,73,77,72,89,89,84,83,19.6,19.572,21.417,21.381,2320.344,95658,51602,0,2017,19417,5,8,1,0,0,28,23,14,19,4,3,FALSE,0,FALSE
719.0232,1.478,1.409,1.15,1.063,12.45,19,17,0,1866732.2,76,74,73,69,89,89,84,83,19.61,19.581,21.426,21.389,2334.613,95658,51602,0,2017,19417,5,8,1,0,0,28,23,14,19,4,3,FALSE,0,FALSE
719.5195,1.493,1.426,1.152,1.065,12.44,19,17,0,1874139,74,74,69,67,89,89,84,84,19.619,19.59,21.434,21.396,2351.516,95658,51602,0,2183,19483,5,8,1,0,0,28,23,14,19,4,3,FALSE,0,FALSE
720.5226,1.538,1.476,1.152,1.065,12.414,19,17,0,1863922.9,74,74,66,67,90,89,84,84,19.636,19.608,21.444,21.406,2394.434,95658,51602,0,2183,19416,5,8,1,0,0,28,23,14,19,4,3,FALSE,0,FALSE
721.02,1.554,1.494,1.152,1.065,12.401,19,17,0,1833016.5,73,72,66,67,90,89,84,84,19.643,19.615,21.448,21.411,2420.105,95658,51602,0,2183,19416,5,8,1,0,0,28,23,14,19,4,3,FALSE,0,FALSE
721.51843,1.568,1.508,1.152,1.066,12.387,19,17,0,1788998.2,72,71,67,67,90,89,84,84,19.649,19.62,21.452,21.415,2448.172,95658,51602,0,2183,19383,5,8,1,0,0,28,23,14,19,4,3,FALSE,0,FALSE
722.0213,1.58,1.52,1.152,1.066,12.374,19,17,0,1758383.6,70,70,67,67,90,90,85,84,19.653,19.625,21.455,21.418,2478.422,95658,51602,0,2167,19383,5,8,1,0,0,28,23,14,19,4,3,FALSE,0,FALSE
723.0197,1.598,1.54,1.156,1.069,12.347,19,17,0,1741346.4,70,71,68,69,90,90,85,84,19.66,19.632,21.46,21.423,2543.68,95658,51602,0,2150,19367,5,8,1,0,0,28,23,14,19,4,3,FALSE,0,FALSE
723.5234,1.608,1.554,1.163,1.075,12.334,19,17,0,1738033.9,70,71,69,70,90,90,85,84,19.663,19.636,21.461,21.426,2578.496,95658,51602,0,2134,19367,5,8,1,0,0,28,23,14,19,4,3,FALSE,0,FALSE
724.51965,1.676,1.638,1.251,1.165,12.314,19,17,0,1747301.9,74,77,77,79,90,90,85,84,19.672,19.648,21.47,21.437,2649.129,95658,51602,0,2134,19350,5,8,1,0,0,28,23,14,19,4,3,FALSE,0,FALSE
725.5195,1.714,1.685,1.291,1.204,12.311,19,17,0,1797235.4,71,73,72,74,91,90,85,85,19.686,19.666,21.49,21.459,2699.473,95658,51602,0,2150,19367,5,8,1,0,0,28,23,14,19,4,3,FALSE,0,FALSE
726.0225,1.724,1.697,1.304,1.218,12.311,19,17,0,1816576.8,70,73,73,75,91,90,85,85,19.693,19.674,21.499,21.47,2716.402,95658,51602,0,2150,19367,5,8,1,0,0,28,23,14,19,4,3,FALSE,0,FALSE
726.5196,1.734,1.711,1.322,1.24,12.311,19,17,0,1832072.9,70,74,75,80,91,91,85,85,19.7,19.683,21.509,21.482,2730.328,95658,51602,0,2150,19366,5,8,1,0,0,28,23,14,19,4,3,FALSE,0,FALSE
727.01984,1.742,1.72,1.341,1.273,12.311,19,17,0,1842113.6,70,73,77,88,91,91,86,85,19.707,19.692,21.521,21.496,2741.543,95658,51602,0,2150,19366,5,8,1,0,0,28,23,14,19,4,3,FALSE,0,FALSE
728.02106,1.766,1.75,1.379,1.323,12.304,19,17,0,1853387,74,78,79,87,91,91,86,86,19.722,19.71,21.544,21.529,2773.098,95658,51602,0,2216,19283,5,8,1,0,0,28,23,14,19,4,3,FALSE,0,FALSE
728.5181,1.779,1.766,1.388,1.335,12.299,19,17,0,1859525,73,78,75,81,91,91,86,86,19.73,19.721,21.555,21.543,2784.773,95658,51602,0,2216,19283,5,8,1,0,0,28,23,14,19,4,3,FALSE,0,FALSE
729.0196,1.787,1.777,1.389,1.335,12.291,19,17,0,1864022.1,72,75,70,74,92,91,86,86,19.737,19.73,21.563,21.553,2798.848,95658,51602,0,2216,19283,5,8,1,0,0,28,23,14,19,4,3,FALSE,0,FALSE
729.5196,1.802,1.791,1.389,1.335,12.28,19,17,0,1867466.4,74,75,67,69,92,92,86,86,19.744,19.738,21.569,21.56,2815.344,95658,51602,0,2250,19283,5,8,1,0,0,28,23,14,19,4,3,FALSE,0,FALSE
730.0194,1.839,1.825,1.389,1.335,12.268,19,17,0,1874825.4,80,80,66,67,92,92,87,86,19.754,19.747,21.573,21.565,2834.727,95658,51602,0,2250,19267,5,8,1,0,0,28,23,14,19,4,3,FALSE,0,FALSE
730.5168,1.853,1.839,1.389,1.335,12.255,19,17,0,1870978.1,74,73,66,66,92,92,87,86,19.762,19.755,21.577,21.57,2856.871,95658,51602,0,2250,19267,5,8,1,0,0,28,23,14,19,4,3,FALSE,0,FALSE
731.0214,1.866,1.853,1.389,1.335,12.241,19,17,0,1865845.5,71,71,66,66,92,92,87,87,19.767,19.761,21.581,21.573,2881.715,95658,51602,0,2250,19267,5,8,1,0,0,28,23,14,19,4,3,FALSE,0,FALSE
731.5228,1.877,1.864,1.389,1.335,12.228,19,17,0,1865239,70,70,67,67,92,92,87,87,19.772,19.766,21.584,21.577,2908.875,95658,51602,0,2267,19233,5,8,1,0,0,28,23,14,19,4,3,FALSE,0,FALSE
732.0185,1.886,1.873,1.389,1.335,12.214,19,17,0,1858046.9,70,70,67,67,92,92,87,87,19.775,19.77,21.587,21.579,2938.094,95658,51602,0,2267,19233,5,8,1,0,0,28,23,14,19,4,3,FALSE,0,FALSE
732.51886,1.895,1.882,1.389,1.335,12.201,19,17,0,1855615.6,70,70,67,68,92,92,87,87,19.779,19.773,21.589,21.582,2969.297,95658,51602,0,2267,19233,5,8,1,0,0,28,23,14,19,4,3,FALSE,0,FALSE
733.017,1.903,1.891,1.389,1.335,12.187,19,17,0,1847018.6,70,70,68,68,92,92,87,87,19.781,19.776,21.59,21.584,3002.035,95658,51602,0,2283,19233,5,8,1,0,0,28,23,14,19,4,3,FALSE,0,FALSE
733.52106,1.911,1.898,1.389,1.335,12.174,19,17,0,1838374.9,70,70,68,68,92,92,87,87,19.784,19.778,21.592,21.585,3036.246,95658,51602,0,2283,19233,5,8,1,0,0,28,23,14,19,4,3,FALSE,0,FALSE
734.01953,1.918,1.906,1.389,1.335,12.16,19,17,0,1829731.1,70,70,68,68,92,92,87,87,19.785,19.78,21.592,21.586,3071.742,95658,51602,0,2283,19250,5,8,1,0,0,28,23,14,19,4,3,FALSE,0,FALSE
734.5188,1.925,1.913,1.389,1.335,12.147,19,17,0,1826604.9,70,70,68,68,93,92,87,87,19.787,19.782,21.592,21.586,3108.207,95658,51602,0,2266,19250,5,8,1,0,0,28,23,14,19,4,3,FALSE,0,FALSE
735.0219,1.932,1.919,1.389,1.335,12.133,19,17,0,1817961.1,70,70,68,68,93,92,87,87,19.788,19.783,21.592,21.586,3145.641,95658,51602,0,2283,19250,5,8,1,0,0,28,23,14,19,4,3,FALSE,0,FALSE
735.51984,1.939,1.926,1.389,1.335,12.119,19,17,0,1809317.4,70,70,69,68,93,92,87,87,19.789,19.783,21.591,21.585,3183.969,95658,51602,0,2283,19250,5,8,1,0,0,28,23,14,19,4,3,FALSE,0,FALSE
736.02094,1.946,1.933,1.389,1.335,12.106,19,17,0,1800673.6,70,70,69,69,93,92,87,87,19.789,19.784,21.59,21.584,3223.098,95658,51602,0,2283,19250,5,8,1,0,0,28,23,14,19,4,3,FALSE,0,FALSE
736.51404,1.953,1.939,1.389,1.335,12.092,19,17,0,1792029.9,70,70,69,69,93,92,87,87,19.789,19.784,21.589,21.582,3262.914,95658,51602,0,2266,19250,5,8,1,0,0,28,23,14,19,4,3,FALSE,0,FALSE
737.0187,1.959,1.945,1.389,1.336,12.078,19,17,0,1783386.1,71,70,69,69,93,92,87,87,19.788,19.783,21.586,21.58,3303.324,95658,51602,0,2266,19250,5,8,1,0,0,28,23,14,19,4,3,FALSE,0,FALSE
737.521,1.966,1.951,1.389,1.336,12.065,19,17,0,1780697.2,71,70,69,69,93,92,87,87,19.788,19.783,21.584,21.578,3344.133,95658,51602,0,2267,19250,5,8,1,0,0,28,23,14,19,4,3,FALSE,0,FALSE
738.5106,2.002,1.988,1.441,1.384,12.059,19,17,0,1837884,70,71,72,73,93,93,87,87,19.795,19.79,21.598,21.591,3409.68,95658,51602,0,2250,19233,5,8,1,0,0,28,23,14,19,4,3,FALSE,0,FALSE
739.01996,2.015,2.007,1.461,1.406,12.059,19,17,0,1859210.8,70,73,73,75,93,93,87,87,19.8,19.797,21.607,21.601,3433.09,95658,51602,0,2250,19333,5,8,1,0,0,28,23,14,19,4,3,FALSE,0,FALSE
740.01794,2.053,2.062,1.518,1.476,12.054,19,17,0,1880869,74,81,78,83,93,93,87,87,19.811,19.813,21.627,21.626,3478.418,95658,51602,0,2367,19384,5,8,1,0,0,28,23,14,19,4,3,FALSE,0,FALSE
740.5227,2.075,2.087,1.544,1.516,12.047,19,17,0,1887599.2,76,79,78,86,93,93,88,88,19.818,19.822,21.636,21.639,3501.453,95658,51602,0,2500,19384,5,8,1,0,0,28,23,14,19,4,3,FALSE,0,FALSE
741.01953,2.097,2.114,1.565,1.542,12.038,19,17,0,1894139.4,74,78,75,81,93,93,88,88,19.826,19.831,21.645,21.651,3522.73,95658,51602,0,2500,19384,5,8,1,0,0,28,23,14,19,4,3,FALSE,0,FALSE
741.5201,2.119,2.141,1.583,1.562,12.027,19,17,0,1900316.5,74,78,73,77,93,93,88,88,19.831,19.839,21.653,21.66,3544.895,95658,51602,0,2566,19383,5,8,1,0,0,28,23,14,19,4,3,FALSE,0,FALSE
742.0182,2.145,2.171,1.603,1.583,12.014,19,17,0,1905516.1,75,79,73,76,93,94,88,88,19.837,19.847,21.659,21.668,3568.535,95658,51602,0,2566,19383,5,8,1,0,0,28,23,14,19,4,3,FALSE,0,FALSE
742.5193,2.175,2.206,1.626,1.607,12.001,19,17,0,1906055.9,75,79,73,76,94,94,88,88,19.843,19.854,21.665,21.675,3593.84,95658,51602,0,2617,19383,5,8,1,0,0,28,23,14,19,4,3,FALSE,0,FALSE
743.0198,2.204,2.24,1.649,1.631,11.988,19,17,0,1905264.8,75,79,74,76,94,94,88,88,19.848,19.861,21.67,21.681,3620.906,95658,51602,0,2617,19384,5,8,1,0,0,28,23,14,19,4,3,FALSE,0,FALSE
743.5209,2.234,2.276,1.675,1.658,11.974,19,17,0,1898009.5,74,78,74,76,94,94,88,88,19.853,19.868,21.675,21.686,3649.801,95658,51602,0,2617,19384,5,8,1,0,0,28,23,14,19,4,3,FALSE,0,FALSE
744.01733,2.26,2.308,1.698,1.679,11.961,19,17,0,1895576.9,73,77,73,74,94,94,88,88,19.856,19.873,21.679,21.691,3680.562,95658,51602,0,2650,19384,5,8,1,0,0,28,23,14,19,4,3,FALSE,0,FALSE
744.51917,2.273,2.324,1.703,1.684,11.948,19,17,0,1887096.9,70,71,69,69,94,94,88,89,19.858,19.877,21.681,21.693,3712.98,95658,51602,0,2683,19417,5,8,1,0,0,28,23,14,19,4,3,FALSE,0,FALSE
745.02216,2.297,2.343,1.722,1.703,11.934,19,17,0,1878453.1,74,72,74,71,94,94,88,89,19.86,19.878,21.683,21.694,3746.535,95658,51602,0,2683,19417,5,8,1,0,0,28,23,14,19,4,3,FALSE,0,FALSE
745.5187,2.333,2.372,1.756,1.736,11.92,19,17,0,1869809.4,77,74,77,74,94,94,88,89,19.864,19.88,21.686,21.696,3781.25,95658,51602,0,2716,19433,5,8,1,0,0,28,23,14,19,4,3,FALSE,0,FALSE
746.02136,2.383,2.413,1.817,1.794,11.907,19,17,0,1866510,80,76,84,80,94,94,88,89,19.869,19.883,21.69,21.699,3817.496,95658,51602,0,2734,19433,5,8,1,0,0,28,23,14,19,4,3,FALSE,0,FALSE
746.51996,2.458,2.475,1.935,1.897,11.894,19,17,0,1857866.2,84,80,94,88,94,94,89,89,19.875,19.887,21.698,21.705,3854.203,95658,51602,0,2734,19433,5,8,1,0,0,28,23,14,19,4,3,FALSE,0,FALSE
747.02075,2.531,2.536,2.043,1.991,11.881,19,17,0,1849222.5,83,79,89,84,94,94,89,89,19.881,19.891,21.707,21.711,3890.543,95658,51602,0,2717,19417,5,8,1,0,0,28,23,14,19,4,3,FALSE,0,FALSE
747.5195,2.592,2.588,2.123,2.063,11.867,19,17,0,1840578.8,81,77,86,81,94,94,89,89,19.886,19.894,21.712,21.715,3926.477,95658,51602,0,2717,19417,5,8,1,0,0,28,23,14,19,4,3,FALSE,0,FALSE
748.0194,2.644,2.63,2.176,2.113,11.854,19,17,0,1831935,78,75,79,75,94,95,89,89,19.89,19.895,21.716,21.716,3961.648,95658,51602,0,2733,19433,5,8,1,0,0,28,23,14,19,4,3,FALSE,0,FALSE
748.5179,2.669,2.649,2.191,2.128,11.84,19,17,0,1823291.2,72,71,71,69,94,95,89,89,19.89,19.895,21.716,21.715,3997.816,95658,51602,0,2733,19433,5,8,1,0,0,28,23,14,19,4,3,FALSE,0,FALSE
749.0201,2.678,2.657,2.197,2.134,11.828,19,17,0,1826091,70,70,70,70,94,94,89,89,19.889,19.893,21.713,21.713,4034.68,95658,51602,40562,2767,19433,5,8,1,0,0,28,23,14,19,4,3,FALSE,0,FALSE
749.5218,2.698,2.674,2.22,2.157,11.826,19,17,0,1856613.5,73,70,75,73,94,94,89,89,19.89,19.894,21.717,21.716,4065.945,95658,51602,40562,2767,19433,5,8,1,0,0,28,23,14,19,4,3,FALSE,0,FALSE
750.0199,2.74,2.704,2.285,2.213,11.826,19,17,0,1884910,81,75,89,83,95,95,89,89,19.896,19.898,21.727,21.724,4091.562,95658,51602,40562,2767,19450,5,8,1,0,0,28,23,14,19,4,3,FALSE,0,FALSE
750.5189,2.776,2.731,2.365,2.276,11.826,19,17,0,1908017.2,80,74,97,88,95,95,89,89,19.905,19.903,21.742,21.736,4113.594,95658,51602,40562,2800,19450,5,8,1,0,0,28,23,14,19,4,3,FALSE,0,FALSE
751.02136,2.799,2.748,2.431,2.326,11.823,19,17,0,1921080.1,78,73,97,87,95,95,90,89,19.912,19.908,21.758,21.749,4133.496,95658,51602,40562,2800,19450,5,8,1,0,0,28,23,14,19,4,3,FALSE,0,FALSE
751.52057,2.827,2.772,2.488,2.366,11.815,19,17,0,1927613,80,76,95,84,95,95,90,90,19.92,19.914,21.774,21.76,4155.699,95658,51602,40562,2750,19334,5,8,1,0,0,28,23,14,19,4,3,FALSE,0,FALSE
752.0189,2.859,2.798,2.527,2.395,11.807,19,17,0,1934174.1,81,77,88,80,95,95,90,90,19.927,19.919,21.787,21.769,4176.242,95658,51602,40562,2817,19334,5,8,1,0,0,28,23,14,19,4,3,FALSE,0,FALSE
753.02094,2.92,2.853,2.563,2.426,11.783,19,17,0,1937542.6,78,75,73,70,95,95,90,90,19.942,19.931,21.803,21.781,4219.812,95658,51602,40562,2817,19333,5,8,1,0,0,28,23,14,19,4,3,FALSE,0,FALSE
753.51953,2.937,2.869,2.563,2.426,11.77,19,17,0,1937451.6,74,71,67,69,95,95,90,90,19.945,19.934,21.805,21.783,4245.801,95658,51602,40562,2817,19333,5,8,1,0,0,28,23,14,19,4,3,FALSE,0,FALSE
754.0177,2.951,2.88,2.563,2.426,11.757,19,17,0,1930836.5,72,71,67,67,95,95,90,90,19.947,19.935,21.806,21.784,4273.93,95658,51602,40562,2867,19333,5,8,1,0,0,28,23,14,19,4,3,FALSE,0,FALSE
754.517,2.963,2.89,2.563,2.426,11.744,19,17,0,1906754.1,71,70,67,68,95,95,90,90,19.949,19.936,21.806,21.784,4304.086,95658,51602,40562,2900,19333,5,8,1,0,0,28,23,14,19,4,3,FALSE,0,FALSE
755.5183,2.984,2.912,2.563,2.426,11.716,19,17,0,1793153,70,71,68,68,96,95,90,90,19.95,19.937,21.805,21.784,4370.141,95658,51602,40562,2900,19300,5,8,1,0,0,28,23,14,19,4,3,FALSE,0,FALSE
756.0176,2.992,2.92,2.563,2.426,11.704,19,17,0,1776824.1,70,70,68,68,96,95,90,90,19.949,19.937,21.804,21.783,4405.609,95658,51602,40562,2883,19300,5,8,1,0,0,28,23,14,19,4,3,FALSE,0,FALSE
756.52075,2.999,2.927,2.563,2.426,11.69,19,17,0,1768180.4,70,70,68,68,95,95,90,90,19.948,19.936,21.802,21.781,4442.113,95658,51602,40562,2883,19300,5,8,1,0,0,28,23,14,19,4,3,FALSE,0,FALSE
757.0196,3.006,2.934,2.563,2.426,11.676,19,17,0,1759536.6,70,70,68,68,95,95,90,90,19.947,19.935,21.8,21.779,4479.629,95658,51602,40562,2883,19233,5,8,1,0,0,28,23,14,19,4,3,FALSE,0,FALSE
757.52075,3.013,2.941,2.563,2.426,11.662,19,17,0,1750892.9,70,70,68,68,95,95,90,90,19.945,19.933,21.797,21.777,4518.07,95658,51602,40562,2883,19233,5,8,1,0,0,28,23,14,19,4,3,FALSE,0,FALSE
758.0204,3.02,2.947,2.563,2.426,11.648,19,17,0,1742249.1,70,70,68,68,95,95,90,90,19.943,19.931,21.794,21.774,4557.34,95658,51602,40562,2867,19233,5,8,1,0,0,28,23,14,19,4,3,FALSE,0,FALSE
759.0211,3.036,2.964,2.563,2.426,11.622,19,17,0,1632567.1,71,71,69,69,95,95,90,90,19.939,19.927,21.787,21.767,4638.465,95658,51602,40562,2867,19233,5,8,1,0,0,28,23,14,19,4,3,FALSE,0,FALSE
759.5198,3.044,2.972,2.563,2.426,11.608,19,17,0,1574952.1,72,72,69,69,95,95,90,90,19.936,19.925,21.784,21.763,4680.23,95658,51602,40562,2850,19167,5,8,1,0,0,28,23,14,19,4,3,FALSE,0,FALSE
760.01776,3.051,2.979,2.563,2.426,11.594,19,17,0,1553249.4,71,71,69,69,95,95,90,90,19.933,19.923,21.779,21.759,4722.629,95658,51602,40562,2850,19167,5,8,1,0,0,28,23,14,19,4,3,FALSE,0,FALSE
760.52045,3.057,2.986,2.563,2.426,11.58,19,17,0,1544605.6,71,71,69,69,95,95,90,90,19.93,19.92,21.775,21.755,4765.352,95658,51602,40562,2817,19167,5,8,1,0,0,28,23,14,19,4,3,FALSE,0,FALSE
761.519,3.086,3.016,2.596,2.457,11.561,19,17,0,1564853.4,72,72,74,74,95,95,90,90,19.926,19.916,21.771,21.752,4847.652,95658,51602,40562,2817,19167,5,8,1,0,0,28,23,14,19,4,3,FALSE,0,FALSE
762.51855,3.125,3.05,2.642,2.5,11.56,19,17,0,1620416.2,73,70,75,73,95,95,90,90,19.935,19.923,21.789,21.768,4901.797,95658,51602,40562,2767,19100,5,8,1,0,0,28,23,14,19,4,3,FALSE,0,FALSE
763.02014,3.146,3.066,2.674,2.526,11.56,19,17,0,1642164.4,76,71,81,76,95,95,90,90,19.941,19.928,21.799,21.778,4921.156,95658,51602,40562,2800,19100,5,8,1,0,0,28,23,14,19,4,3,FALSE,0,FALSE
763.521,3.17,3.083,2.727,2.566,11.559,19,17,0,1654046.4,77,72,91,82,96,95,91,90,19.949,19.934,21.813,21.789,4941.434,95658,51602,40562,2800,19100,5,8,1,0,0,28,23,14,19,4,3,FALSE,0,FALSE
764.0183,3.188,3.099,2.765,2.589,11.553,19,17,0,1660360,78,74,89,80,96,95,91,90,19.956,19.94,21.829,21.799,4962.684,95658,51602,40562,2784,19100,5,8,1,0,0,28,23,14,19,4,3,FALSE,0,FALSE
764.5177,3.211,3.118,2.784,2.604,11.545,19,17,0,1666340.8,78,74,81,75,96,95,91,90,19.964,19.945,21.841,21.808,4979.867,95658,51602,40562,2784,19100,5,8,1,0,0,28,23,14,19,4,3,FALSE,0,FALSE
765.0164,3.228,3.134,2.79,2.61,11.534,19,17,0,1667417.9,75,73,73,70,96,96,91,91,19.971,19.951,21.849,21.815,4999.465,95658,51602,40562,2750,19100,5,8,1,0,0,28,23,14,19,4,3,FALSE,0,FALSE
765.51654,3.249,3.155,2.797,2.617,11.521,19,17,0,1663520.6,76,74,72,69,96,96,91,91,19.976,19.956,21.855,21.82,5020.934,95658,51602,40562,2750,19100,5,8,1,0,0,28,23,14,19,4,3,FALSE,0,FALSE
766.0148,3.275,3.179,2.808,2.627,11.507,19,17,0,1658368.9,76,74,72,69,96,96,91,91,19.982,19.961,21.86,21.824,5044.48,95658,51602,40562,2750,19100,5,8,1,0,0,28,23,14,19,4,3,FALSE,0,FALSE
766.5161,3.296,3.197,2.814,2.634,11.495,19,17,0,1657753.8,74,72,69,68,96,96,91,91,19.986,19.965,21.863,21.827,5071.039,95658,51602,40562,2750,19100,5,8,1,0,0,28,23,14,19,4,3,FALSE,0,FALSE
767.0172,3.311,3.209,2.814,2.635,11.481,19,17,0,1650634.4,72,70,67,67,96,96,91,91,19.989,19.967,21.865,21.829,5100.258,95658,51602,40562,2750,19100,5,8,1,0,0,28,23,14,19,4,3,FALSE,0,FALSE
767.51416,3.32,3.218,2.814,2.635,11.468,19,17,0,1648172.8,70,69,67,68,96,96,91,91,19.99,19.969,21.866,21.831,5131.328,95658,51602,40562,2750,19100,5,8,1,0,0,28,23,14,19,4,3,FALSE,0,FALSE
768.01874,3.327,3.226,2.814,2.635,11.454,19,17,0,1639588,70,70,68,68,96,96,91,91,19.992,19.97,21.867,21.832,5163.945,95658,51602,40562,2750,19100,5,8,1,0,0,28,23,14,19,4,3,FALSE,0,FALSE
768.51166,3.335,3.234,2.814,2.635,11.44,19,17,0,1630944.2,70,70,68,68,96,96,91,91,19.992,19.97,21.867,21.832,5198.086,95658,51602,40562,2750,19100,5,8,1,0,0,28,23,14,19,4,3,FALSE,0,FALSE
769.017,3.342,3.241,2.814,2.635,11.427,19,17,0,1627721,70,70,68,68,96,96,91,91,19.992,19.971,21.866,21.832,5233.516,95658,51602,40562,2767,5034,5,8,1,0,0,28,23,14,19,4,3,FALSE,0,FALSE
769.51416,3.349,3.248,2.814,2.635,11.414,19,17,0,1619077.2,70,70,68,68,96,96,91,91,19.992,19.97,21.865,21.832,5269.941,95658,51602,40562,2750,5034,5,8,1,0,0,28,23,14,19,4,3,FALSE,0,FALSE
770.0177,3.355,3.255,2.814,2.635,11.4,19,17,0,1610433.5,70,70,68,68,96,96,91,91,19.991,19.97,21.864,21.83,5307.352,95658,51602,40562,2750,5034,5,8,1,0,0,28,23,14,19,4,3,FALSE,0,FALSE
770.5158,3.362,3.261,2.814,2.635,11.386,19,17,0,1601789.8,70,70,68,68,96,96,91,91,19.99,19.969,21.862,21.829,5345.664,95658,51602,40562,2750,5033,5,8,1,0,0,28,23,14,19,4,3,FALSE,0,FALSE
771.0149,3.369,3.268,2.814,2.635,11.372,19,17,0,1593146,70,70,69,68,96,96,91,91,19.989,19.968,21.859,21.826,5384.742,95658,51602,40562,2750,5050,5,8,1,0,0,28,23,14,19,4,3,FALSE,0,FALSE
771.5152,3.376,3.274,2.814,2.635,11.359,19,17,1,1584502.2,70,70,69,69,96,96,91,91,19.987,19.966,21.856,21.824,15.637,114858,0,0,2750,5050,5,9,1,0,0,28,23,14,19,4,3,FALSE,0,FALSE
772.019,3.382,3.281,2.814,2.635,11.345,19,17,1,1575858.5,71,70,69,69,96,96,91,91,19.985,19.964,21.853,21.82,56.082,114858,0,0,0,5033,6,9,1,0,0,28,23,14,19,4,3,FALSE,0,FALSE
772.5174,3.388,3.287,2.814,2.635,11.332,19,17,1,1572689.2,71,71,69,69,96,96,91,91,19.982,19.962,21.849,21.817,96.918,114858,0,0,0,5034,6,9,1,0,0,28,23,14,19,4,3,FALSE,0,FALSE
773.0161,3.396,3.294,2.814,2.635,11.318,19,17,1,1537927.5,71,71,69,69,96,96,91,91,19.979,19.959,21.845,21.813,138.184,114858,0,0,0,5033,6,9,1,0,0,28,23,14,19,4,3,FALSE,0,FALSE
773.51514,3.405,3.302,2.814,2.635,11.304,19,17,1,1480312.5,71,70,69,68,96,96,91,90,19.976,19.956,21.84,21.808,180.145,114858,0,0,50,5016,5,9,1,0,0,28,23,14,19,4,3,FALSE,0,FALSE
774.0135,3.413,3.31,2.814,2.635,11.29,19,17,1,1422697.5,71,71,68,69,96,96,91,90,19.973,19.953,21.835,21.804,222.793,114858,0,0,83,5016,5,9,1,0,0,28,23,14,19,4,3,FALSE,0,FALSE
774.5158,3.421,3.319,2.814,2.635,11.277,19,17,1,1365082.5,71,71,68,69,96,96,91,90,19.969,19.949,21.83,21.798,266.137,114858,0,0,100,5000,5,9,1,0,0,28,23,14,19,4,3,FALSE,0,FALSE
775.51544,3.435,3.333,2.814,2.635,11.249,19,17,1,1308618,70,69,68,68,96,95,91,90,19.96,19.941,21.818,21.787,354.578,114858,0,0,100,4966,4,9,1,0,0,28,23,14,19,4,3,FALSE,0,FALSE
776.01746,3.441,3.339,2.814,2.635,11.235,19,17,1,1299974.2,70,70,68,69,96,95,91,90,19.955,19.936,21.812,21.781,399.289,114858,0,0,117,4966,4,9,1,0,0,28,23,14,19,4,3,FALSE,0,FALSE
777.0138,3.453,3.351,2.814,2.635,11.208,19,17,1,1282822.6,70,70,68,68,95,95,90,90,19.944,19.925,21.799,21.768,489.426,114858,0,0,134,4884,4,9,1,0,0,28,23,14,19,4,3,FALSE,0,FALSE
777.5144,3.458,3.357,2.814,2.635,11.194,19,17,1,1274449.6,70,70,69,69,95,95,90,90,19.939,19.92,21.792,21.762,534.812,114858,0,0,134,4884,4,9,1,0,0,28,23,14,19,4,3,FALSE,0,FALSE
778.0163,3.464,3.363,2.814,2.635,11.18,19,17,1,1266192.8,72,71,69,69,95,95,90,90,19.932,19.914,21.785,21.755,580.359,114858,0,0,134,4884,4,9,1,0,0,28,23,14,19,4,3,FALSE,0,FALSE
778.5109,3.489,3.386,2.847,2.669,11.175,19,17,1,1298119.9,72,72,74,74,95,95,90,90,19.931,19.912,21.786,21.756,621.789,114858,0,0,134,4884,4,9,1,0,0,28,23,14,19,4,3,FALSE,0,FALSE
779.01624,3.505,3.402,2.859,2.682,11.175,19,17,1,1330938.6,70,70,70,70,95,95,90,90,19.933,19.915,21.793,21.763,654.574,114858,0,0,117,4884,4,9,1,0,0,28,23,14,19,4,3,FALSE,0,FALSE
779.51495,3.518,3.415,2.867,2.69,11.173,19,17,1,1357555.9,70,70,70,70,95,95,90,90,19.937,19.919,21.8,21.771,680.809,114858,0,0,117,4867,4,9,1,0,0,28,23,14,19,4,3,FALSE,0,FALSE
780.01654,3.53,3.425,2.874,2.697,11.173,19,17,1,1380456.4,70,69,70,69,95,95,90,90,19.942,19.924,21.808,21.779,701.09,114858,0,0,200,4867,4,9,1,0,0,28,23,14,19,4,3,FALSE,0,FALSE
780.51465,3.54,3.434,2.885,2.708,11.173,19,17,1,1397770,71,69,72,71,95,95,91,90,19.947,19.929,21.816,21.787,716.293,114858,0,0,200,4967,4,9,1,0,0,28,23,14,19,4,3,FALSE,0,FALSE
781.01697,3.551,3.442,2.91,2.726,11.173,19,17,1,1410731.4,72,69,80,75,96,95,91,90,19.953,19.934,21.827,21.796,727.285,114858,0,0,200,4967,4,9,1,0,0,28,23,14,19,4,3,FALSE,0,FALSE
781.51794,3.559,3.448,2.939,2.746,11.173,19,17,1,1417780,72,69,86,78,96,95,91,90,19.959,19.939,21.84,21.806,737.359,114858,0,0,200,4967,4,9,1,0,0,28,23,14,19,4,3,FALSE,0,FALSE
782.0173,3.566,3.456,2.967,2.76,11.17,19,17,1,1422546.9,72,70,90,77,96,95,91,91,19.965,19.944,21.855,21.816,755.473,114858,0,0,267,4967,4,9,1,0,0,28,23,14,19,4,3,FALSE,0,FALSE
782.5132,3.579,3.465,2.979,2.77,11.167,19,17,1,1427546.8,74,71,85,76,96,96,91,91,19.971,19.949,21.869,21.826,766.848,114858,0,0,267,5134,4,9,1,0,0,28,23,14,19,4,3,FALSE,0,FALSE
783.515,3.593,3.482,2.981,2.772,11.154,19,17,1,1435824.6,72,72,71,68,96,96,92,91,19.982,19.958,21.887,21.841,791.219,114858,0,0,267,5134,4,9,1,0,0,28,23,14,19,4,3,FALSE,0,FALSE
784.01514,3.601,3.492,2.983,2.774,11.144,19,17,1,1442234.6,71,71,68,68,96,96,92,91,19.987,19.963,21.892,21.846,807.082,114858,0,0,400,5134,4,9,1,0,0,28,23,14,19,4,3,FALSE,0,FALSE
785.01794,3.623,3.517,2.996,2.788,11.127,19,17,1,1458223,71,73,69,71,96,96,92,91,19.994,19.972,21.9,21.855,849.734,114858,0,0,400,5100,4,9,1,0,0,28,23,14,19,4,3,FALSE,0,FALSE
785.51544,3.635,3.531,3.005,2.797,11.117,19,17,1,1464598.8,70,73,69,71,96,96,92,91,19.998,19.977,21.904,21.86,871.898,114858,0,0,250,5133,4,9,1,0,0,28,23,14,19,4,3,FALSE,0,FALSE
786.0137,3.656,3.557,3.03,2.827,11.108,19,17,1,1471209,74,77,74,79,96,96,92,91,20.001,19.982,21.908,21.865,893.691,114858,0,0,250,5133,4,9,1,0,0,28,23,14,19,4,3,FALSE,0,FALSE
786.51697,3.688,3.591,3.044,2.843,11.096,19,17,1,1472456.6,76,79,71,73,97,96,92,91,20.006,19.988,21.912,21.871,917.469,114858,0,0,233,5133,4,9,1,0,0,28,23,14,19,4,3,FALSE,0,FALSE
787.018,3.709,3.611,3.047,2.847,11.083,19,17,1,1472420.4,74,72,67,68,97,96,92,92,20.011,19.993,21.914,21.874,944.41,114858,0,0,233,5216,4,9,1,0,0,28,23,14,19,4,3,FALSE,0,FALSE
787.51825,3.727,3.626,3.051,2.851,11.07,19,17,1,1466171.4,72,72,69,68,97,96,92,92,20.013,19.996,21.915,21.875,973.879,114858,0,0,300,5216,4,9,1,0,0,28,23,14,19,4,3,FALSE,0,FALSE
788.0194,3.762,3.656,3.08,2.878,11.056,19,17,1,1458731.4,79,75,76,73,97,96,92,92,20.017,19.998,21.917,21.876,1003.121,114858,0,0,300,5216,4,9,1,0,0,28,23,14,19,4,3,FALSE,0,FALSE
788.51117,3.788,3.677,3.09,2.887,11.042,19,17,1,1450597.6,71,70,70,68,97,96,92,92,20.02,20.001,21.919,21.877,1034.426,114858,0,0,350,5266,4,9,1,0,0,28,23,14,19,4,3,FALSE,0,FALSE
789.518,3.808,3.695,3.092,2.89,11.015,19,17,1,1439077.8,68,68,67,67,97,96,92,92,20.02,19.999,21.917,21.875,1101.973,114858,0,0,383,5316,4,9,1,0,0,28,23,14,19,4,3,FALSE,0,FALSE
790.0155,3.815,3.703,3.092,2.89,11.002,19,17,1,1435963.6,68,68,68,68,97,96,92,92,20.018,19.998,21.915,21.873,1137.965,114858,0,0,400,5334,4,9,1,0,0,28,23,14,19,4,3,FALSE,0,FALSE
790.5194,3.822,3.711,3.092,2.89,10.989,19,17,1,1427319.9,68,68,68,68,97,96,92,92,20.016,19.997,21.912,21.871,1175.152,114858,0,0,400,5334,4,9,1,0,0,28,23,14,19,4,3,FALSE,0,FALSE
791.0147,3.829,3.718,3.092,2.89,10.975,19,17,1,1418676.1,68,68,68,68,97,96,92,91,20.014,19.994,21.909,21.869,1213.523,114858,0,0,400,5334,4,9,1,0,0,28,23,14,19,4,3,FALSE,0,FALSE
791.51715,3.836,3.725,3.092,2.89,10.961,19,17,1,1410032.4,68,68,68,68,97,96,92,91,20.012,19.992,21.906,21.865,1252.953,114858,0,0,383,5333,4,9,1,0,0,28,23,14,19,4,3,FALSE,0,FALSE
792.0165,3.842,3.731,3.092,2.89,10.948,19,17,1,1406790,68,68,68,68,97,96,92,91,20.008,19.989,21.902,21.862,1293.277,114858,0,0,366,5333,4,9,1,0,0,28,23,14,19,4,3,FALSE,0,FALSE
792.51575,3.848,3.738,3.092,2.89,10.935,19,17,1,1398146.2,68,69,68,68,97,96,92,91,20.005,19.986,21.897,21.858,1334.324,114858,0,0,350,5333,4,9,1,0,0,28,23,14,19,4,3,FALSE,0,FALSE
793.51624,3.869,3.761,3.111,2.908,10.911,19,17,1,1402231.1,71,71,73,73,96,96,92,91,19.999,19.98,21.89,21.851,1417.324,114858,0,0,317,5267,4,9,1,0,0,28,23,14,19,4,3,FALSE,0,FALSE
794.0163,3.884,3.775,3.126,2.923,10.91,19,17,1,1435129.9,69,70,71,70,96,96,92,91,20,19.982,21.896,21.857,1450.941,114858,0,0,300,5250,4,9,1,0,0,28,23,14,19,4,3,FALSE,0,FALSE
794.5182,3.898,3.788,3.139,2.931,10.909,19,17,1,1463362,70,69,71,70,97,96,92,91,20.003,19.985,21.902,21.863,1478.52,114858,0,0,300,5250,4,9,1,0,0,28,23,14,19,4,3,FALSE,0,FALSE
795.01825,3.92,3.805,3.165,2.954,10.908,19,17,1,1487851.4,75,71,77,74,97,96,92,91,20.008,19.989,21.909,21.87,1500.629,114858,0,0,300,5333,5,9,1,0,0,28,23,14,19,4,3,FALSE,0,FALSE
795.5184,3.944,3.823,3.2,2.982,10.908,19,17,1,1508792.6,77,73,83,77,97,96,92,92,20.016,19.995,21.92,21.879,1517.973,114858,0,0,300,5333,4,9,1,0,0,28,23,14,19,4,3,FALSE,0,FALSE
796.016,3.968,3.838,3.23,3.008,10.908,19,17,1,1522086.1,80,73,84,79,97,96,93,92,20.024,20,21.932,21.889,1539.57,114858,0,0,300,5400,5,9,1,0,0,28,23,14,19,4,3,FALSE,0,FALSE
796.51764,4.01,3.871,3.265,3.033,10.906,19,17,1,1528113.2,88,81,87,79,97,97,93,92,20.034,20.007,21.944,21.899,1561.68,114858,0,0,300,5400,5,9,1,0,0,28,23,14,19,4,3,FALSE,0,FALSE
798.0126,4.075,3.927,3.295,3.057,10.885,19,17,1,1540210.9,79,76,72,69,98,97,93,92,20.062,20.028,21.969,21.918,1609.555,114858,0,0,65519,5500,5,9,1,0,0,28,23,14,19,4,3,FALSE,0,FALSE
798.5148,4.095,3.949,3.301,3.063,10.874,19,17,1,1537667.8,77,75,70,68,98,97,93,92,20.068,20.033,21.974,21.922,1629.246,114858,0,0,65519,5500,4,9,1,0,0,28,23,14,19,4,3,FALSE,0,FALSE
799.01886,4.115,3.969,3.304,3.066,10.861,19,17,1,1534257.8,77,75,69,66,98,97,93,92,20.073,20.038,21.977,21.925,1651.699,114858,0,0,583,5500,4,9,1,0,0,28,23,14,19,4,3,FALSE,0,FALSE
799.5173,4.14,3.994,3.304,3.067,10.848,19,17,1,1505272.2,74,74,67,66,98,97,93,92,20.078,20.043,21.978,21.926,1676.812,114858,0,0,583,5600,4,9,1,0,0,28,23,14,19,4,3,FALSE,0,FALSE
800.014,4.155,4.009,3.305,3.067,10.834,19,17,1,1462418.8,71,72,67,67,98,97,93,92,20.08,20.045,21.979,21.927,1704.836,114858,0,0,583,5600,4,9,1,0,0,28,23,14,19,4,3,FALSE,0,FALSE
800.51624,4.168,4.025,3.309,3.071,10.822,19,17,1,1417456.2,71,72,68,69,98,97,93,92,20.082,20.048,21.979,21.927,1734.984,114858,0,0,583,5600,4,9,1,0,0,28,23,14,19,4,3,FALSE,0,FALSE
801.01294,4.185,4.045,3.318,3.079,10.808,19,17,1,1362883,71,73,69,70,98,97,93,92,20.083,20.05,21.979,21.928,1767.168,114858,0,0,550,5584,4,9,1,0,0,28,23,14,19,4,3,FALSE,0,FALSE
801.5158,4.2,4.064,3.331,3.091,10.794,19,17,1,1354239.2,71,73,70,72,98,97,93,92,20.083,20.051,21.979,21.929,1801.453,114858,0,0,533,5584,4,9,1,0,0,28,23,14,19,4,3,FALSE,0,FALSE
802.01697,4.225,4.097,3.356,3.114,10.782,19,17,1,1354505.4,71,75,73,71,98,97,93,92,20.084,20.054,21.979,21.93,1837.711,114858,30239,0,533,5567,4,9,1,0,0,28,23,14,19,4,3,FALSE,0,FALSE
802.51605,4.262,4.126,3.413,3.164,10.782,19,17,1,1385391.5,78,74,86,80,98,97,93,93,20.086,20.056,21.984,21.934,1868.727,114858,30239,0,534,5567,4,9,1,0,0,28,23,14,19,4,3,FALSE,0,FALSE
803.0189,4.308,4.161,3.514,3.245,10.782,19,17,1,1404509.4,81,76,97,88,98,98,94,93,20.093,20.061,21.996,21.943,1896.461,114858,30239,0,534,5567,4,9,1,0,0,28,23,14,19,4,3,FALSE,0,FALSE
803.51794,4.351,4.194,3.603,3.316,10.777,19,17,1,1411099.4,83,77,98,89,98,98,94,93,20.1,20.065,22.009,21.953,1924.707,114858,30239,0,550,5567,4,9,1,0,0,28,23,14,19,4,3,FALSE,0,FALSE
804.0187,4.393,4.226,3.646,3.352,10.768,19,17,1,1416548.1,82,76,84,78,98,98,94,93,20.107,20.069,22.019,21.961,1951.824,114858,30239,0,550,5567,4,9,1,0,0,28,23,14,19,4,3,FALSE,0,FALSE
804.51385,4.418,4.247,3.656,3.362,10.754,19,17,1,1411445,75,72,72,70,99,98,94,93,20.111,20.072,22.023,21.964,1978.637,114858,30239,0,583,5667,4,9,1,0,0,28,23,14,19,4,3,FALSE,0,FALSE
805.01776,4.446,4.28,3.688,3.4,10.742,19,17,1,1411199.1,76,78,75,80,99,98,94,93,20.113,20.074,22.024,21.966,2007.934,114858,30239,0,583,5667,4,9,1,0,0,28,23,14,19,4,3,FALSE,0,FALSE
805.5155,4.491,4.332,3.747,3.477,10.73,19,17,1,1415731.9,78,81,81,89,99,98,94,93,20.116,20.079,22.027,21.972,2039.516,114858,30239,0,600,5667,4,9,1,0,0,28,23,14,19,4,3,FALSE,0,FALSE
806.01263,4.544,4.394,3.806,3.55,10.716,19,17,1,1412521.8,81,84,81,88,99,98,94,93,20.12,20.085,22.03,21.979,2070.344,114858,30239,0,633,5667,4,9,1,0,0,28,23,14,19,4,3,FALSE,0,FALSE
806.51416,4.587,4.447,3.842,3.592,10.704,19,17,1,1410477.6,76,81,75,78,99,98,94,93,20.123,20.09,22.032,21.983,2101.27,114858,30239,0,633,5750,4,9,1,0,0,28,23,14,19,4,3,FALSE,0,FALSE
807.0155,4.6,4.463,3.849,3.597,10.69,19,17,1,1401874.8,70,72,69,70,99,98,94,93,20.122,20.091,22.031,21.983,2134.047,114858,30239,0,650,5750,4,9,1,0,0,28,23,14,19,4,3,FALSE,0,FALSE
807.51587,4.609,4.476,3.854,3.602,10.676,19,17,1,1394244.1,71,72,70,70,99,98,94,93,20.121,20.09,22.028,21.98,2168.27,114858,30239,0,650,5750,4,9,1,0,0,28,23,14,19,4,3,FALSE,0,FALSE
808.0172,4.63,4.498,3.885,3.631,10.673,19,17,1,1422699.5,72,73,75,75,99,98,94,93,20.121,20.092,22.031,21.984,2198.516,114858,30239,0,650,5767,4,9,1,0,0,28,23,14,19,4,3,FALSE,0,FALSE
808.51086,4.641,4.509,3.892,3.639,10.672,19,17,1,1447505,70,70,71,71,99,98,94,93,20.124,20.095,22.037,21.99,2221.336,114858,30239,0,650,5767,4,9,1,0,0,28,23,14,19,4,3,FALSE,0,FALSE
809.0154,4.65,4.516,3.905,3.651,10.672,19,17,1,1468721.9,71,69,74,72,99,98,94,94,20.126,20.097,22.043,21.995,2239.816,114858,30239,0,650,5883,4,9,1,0,0,28,23,14,19,4,3,FALSE,0,FALSE
809.51587,4.671,4.53,3.94,3.681,10.672,19,17,1,1485387.2,77,71,84,79,99,98,95,94,20.131,20.1,22.051,22.003,2254.621,114858,30239,0,750,5883,4,9,1,0,0,28,23,14,19,4,3,FALSE,0,FALSE
810.0169,4.685,4.54,3.98,3.708,10.672,19,17,1,1495982.5,76,71,91,82,99,98,95,94,20.137,20.104,22.063,22.012,2266.215,114858,30239,0,750,5883,4,9,1,0,0,28,23,14,19,4,3,FALSE,0,FALSE
811.0103,4.71,4.561,4.035,3.745,10.666,19,17,1,1507759.5,78,73,90,79,99,98,95,94,20.147,20.11,22.09,22.031,2298.164,114858,30239,0,750,5950,4,9,1,0,0,28,23,14,19,4,3,FALSE,0,FALSE
811.5143,4.729,4.576,4.049,3.755,10.661,19,17,1,1514306.6,79,74,83,76,99,99,95,94,20.153,20.115,22.1,22.038,2311.672,114858,30239,0,817,5950,4,9,1,0,0,28,23,14,19,4,3,FALSE,0,FALSE
812.01434,4.746,4.593,4.055,3.761,10.653,19,17,1,1521509.4,79,76,77,72,99,99,95,94,20.159,20.119,22.108,22.043,2325.551,114858,30239,0,817,5950,4,9,1,0,0,28,23,14,19,4,3,FALSE,0,FALSE
813.01184,4.776,4.623,4.06,3.766,10.631,19,17,1,1535589.1,75,75,70,67,100,99,96,94,20.167,20.126,22.115,22.048,2360.402,114858,30239,0,700,5867,4,9,1,0,0,28,23,14,19,4,3,FALSE,0,FALSE
813.51416,4.8,4.652,4.06,3.766,10.618,19,17,1,1538586.1,77,77,67,67,100,99,96,94,20.172,20.131,22.116,22.049,2382.195,114858,30239,0,700,5867,4,9,1,0,0,28,23,14,19,4,3,FALSE,0,FALSE
814.01764,4.813,4.667,4.06,3.766,10.604,19,17,1,1529525.5,73,73,66,67,100,99,96,94,20.174,20.134,22.116,22.049,2406.68,114858,30239,0,650,5867,4,9,1,0,0,28,23,14,19,4,3,FALSE,0,FALSE
814.5185,4.827,4.681,4.06,3.766,10.592,19,17,1,1509076.4,72,71,66,67,100,99,96,94,20.176,20.135,22.115,22.049,2433.641,114858,30239,0,650,5867,4,9,1,0,0,28,23,14,19,4,3,FALSE,0,FALSE
815.5166,4.846,4.7,4.06,3.766,10.565,19,17,1,1499586,70,70,67,67,100,99,96,94,20.175,20.135,22.112,22.047,2493.645,114858,30239,0,600,5783,4,9,1,0,0,28,23,14,19,4,3,FALSE,0,FALSE
816.0148,4.854,4.709,4.061,3.767,10.551,19,17,1,1491015.5,69,70,67,67,100,99,95,94,20.174,20.134,22.11,22.045,2526.145,114858,30239,0,583,5783,4,9,1,0,0,28,23,14,19,4,3,FALSE,0,FALSE
816.5152,4.863,4.721,4.065,3.77,10.537,19,17,1,1482371.8,70,71,68,69,100,99,95,94,20.172,20.132,22.107,22.043,2560.254,114858,30239,0,583,5783,4,9,1,0,0,28,23,14,19,4,3,FALSE,0,FALSE
817.0175,4.882,4.745,4.086,3.791,10.525,19,17,1,1479172.2,72,74,72,74,100,99,95,94,20.17,20.132,22.105,22.042,2595.496,114858,30239,0,583,5766,4,9,1,0,0,28,23,14,19,4,3,FALSE,0,FALSE
817.51404,4.921,4.793,4.132,3.839,10.511,19,17,1,1470528.5,75,79,76,79,100,99,95,94,20.17,20.134,22.104,22.043,2631.117,114858,30239,0,567,5766,4,9,1,0,0,28,23,14,19,4,3,FALSE,0,FALSE
818.0161,4.954,4.834,4.189,3.89,10.505,19,17,1,1492884,75,77,79,80,100,99,95,94,20.171,20.137,22.107,22.047,2666.328,114858,30239,0,567,5766,4,9,1,0,0,28,23,14,19,4,3,FALSE,0,FALSE
818.512,4.982,4.867,4.221,3.92,10.503,19,17,1,1519109.8,75,78,78,80,100,99,96,95,20.175,20.142,22.114,22.055,2692.422,114858,30239,0,550,5750,4,9,1,0,0,28,23,14,19,4,3,FALSE,0,FALSE
819.0179,5.005,4.894,4.246,3.948,10.503,19,17,1,1542294.5,75,79,77,81,100,99,96,95,20.179,20.148,22.121,22.064,2712.324,114858,30239,0,550,5750,4,9,1,0,0,28,23,14,19,4,3,FALSE,0,FALSE
819.5143,5.024,4.919,4.267,3.973,10.503,19,17,1,1560642.8,75,80,78,83,100,99,96,95,20.184,20.156,22.129,22.074,2728.441,114858,30239,0,550,5733,4,9,1,0,0,28,23,14,19,4,3,FALSE,0,FALSE
820.01355,5.037,4.934,4.287,4.004,10.503,19,17,1,1574718.5,74,78,79,88,100,99,96,95,20.189,20.163,22.137,22.085,2740.348,114858,30239,0,550,5733,4,9,1,0,0,28,23,14,19,4,3,FALSE,0,FALSE
820.51715,5.043,4.942,4.309,4.034,10.503,19,17,1,1582721.6,72,76,82,92,100,100,96,95,20.193,20.169,22.145,22.098,2757.484,114858,30239,0,516,5733,4,9,1,0,0,28,23,14,19,4,3,FALSE,0,FALSE
821.517,5.062,4.964,4.323,4.052,10.495,19,17,1,1592831.4,72,76,74,79,100,100,96,96,20.2,20.18,22.16,22.12,2779.148,114858,30239,0,516,5717,4,9,1,0,0,28,23,14,19,4,3,FALSE,0,FALSE
822.51685,5.102,4.999,4.325,4.054,10.476,19,17,1,1597759.6,80,79,67,69,100,100,96,96,20.208,20.189,22.166,22.129,2807.953,114858,30239,0,467,5717,4,9,1,0,0,28,23,14,19,4,3,FALSE,0,FALSE
823.0149,5.137,5.034,4.325,4.054,10.465,19,17,1,1606449.6,83,82,66,67,100,100,96,96,20.215,20.196,22.167,22.131,2826.5,114858,30239,0,467,5834,4,9,1,0,0,28,23,14,19,4,3,FALSE,0,FALSE
823.51324,5.153,5.049,4.325,4.054,10.452,19,17,1,1602984.2,75,75,66,66,101,100,96,96,20.22,20.201,22.167,22.132,2847.828,114858,30239,0,550,5834,4,9,1,0,0,28,23,14,19,4,3,FALSE,0,FALSE
824.0138,5.174,5.07,4.325,4.054,10.438,19,17,1,1579911.2,74,74,66,66,101,100,96,96,20.223,20.204,22.167,22.132,2872.074,114858,30239,0,550,5834,4,9,1,0,0,28,23,14,19,4,3,FALSE,0,FALSE
824.51495,5.19,5.086,4.325,4.054,10.426,19,17,1,1544678,72,72,67,67,101,100,96,96,20.224,20.206,22.166,22.132,2899.086,114858,30239,0,516,5816,4,9,1,0,0,28,23,14,19,4,3,FALSE,0,FALSE
825.01807,5.204,5.1,4.325,4.054,10.412,19,17,1,1495702.6,71,71,67,67,101,100,96,96,20.224,20.207,22.165,22.131,2928.734,114858,30239,0,516,5800,4,9,1,0,0,28,23,14,19,4,3,FALSE,0,FALSE
825.5165,5.216,5.113,4.325,4.054,10.399,19,17,1,1445662.1,70,70,68,68,101,100,96,96,20.224,20.206,22.164,22.13,2960.629,114858,30239,0,500,5800,4,9,1,0,0,28,23,14,19,4,3,FALSE,0,FALSE
826.0131,5.226,5.123,4.325,4.054,10.385,19,17,1,1422327,69,69,68,68,101,100,96,96,20.222,20.205,22.162,22.128,2994.613,114858,30239,0,500,5750,4,9,1,0,0,28,23,14,19,4,3,FALSE,0,FALSE
826.5139,5.233,5.13,4.325,4.054,10.372,19,17,1,1419177.4,69,69,68,68,101,100,96,96,20.22,20.203,22.159,22.126,3030.16,114858,30239,0,450,5750,4,9,1,0,0,28,23,14,19,4,3,FALSE,0,FALSE
827.5142,5.247,5.144,4.325,4.054,10.345,19,17,1,1401889.9,69,69,68,68,100,100,96,96,20.215,20.198,22.153,22.12,3105.023,114858,30239,0,433,5733,4,9,1,0,0,28,23,14,19,4,3,FALSE,0,FALSE
828.01276,5.254,5.151,4.325,4.054,10.331,19,17,1,1393246.1,69,69,69,68,100,100,96,96,20.212,20.195,22.149,22.117,3144.234,114858,30239,0,383,5650,4,9,1,0,0,28,23,14,19,4,3,FALSE,0,FALSE
828.50635,5.261,5.157,4.325,4.054,10.317,19,17,1,1384890.5,69,69,69,69,100,100,96,96,20.208,20.192,22.145,22.112,3183.113,114858,30239,0,350,5650,4,9,1,0,0,28,23,14,19,4,3,FALSE,0,FALSE
829.0141,5.268,5.163,4.325,4.054,10.304,19,17,1,1381414.9,69,69,69,69,100,100,96,95,20.204,20.188,22.14,22.108,3225.496,114858,30239,0,300,5650,4,9,1,0,0,28,23,14,19,4,3,FALSE,0,FALSE
829.5149,5.274,5.169,4.325,4.054,10.29,19,17,1,1372771.1,69,69,69,69,100,100,96,95,20.199,20.183,22.134,22.102,3267.309,114858,30239,0,300,5617,4,9,1,0,0,28,23,14,19,4,3,FALSE,0,FALSE
830.01685,5.281,5.175,4.325,4.054,10.277,19,17,1,1364127.4,69,69,69,69,100,100,96,95,20.195,20.178,22.129,22.097,3309.879,114858,30239,0,283,5617,4,9,1,0,0,28,23,14,19,4,3,FALSE,0,FALSE
830.51196,5.289,5.184,4.335,4.064,10.264,19,17,1,1368097.2,71,70,72,72,100,100,96,95,20.19,20.174,22.123,22.092,3352.691,114858,30239,0,250,5550,4,9,1,0,0,28,23,14,19,4,3,FALSE,0,FALSE
831.01166,5.311,5.206,4.363,4.092,10.262,19,17,1,1401752.2,71,72,73,73,100,100,96,95,20.19,20.174,22.127,22.096,3388.695,114858,30239,0,250,5517,4,9,1,0,0,28,23,14,19,4,3,FALSE,0,FALSE
831.512,5.324,5.22,4.376,4.104,10.261,19,17,1,1430762.8,70,72,72,73,100,100,96,95,20.192,20.177,22.133,22.102,3417.277,114858,30239,0,233,5517,4,9,1,0,0,28,23,14,19,4,3,FALSE,0,FALSE
832.5154,5.367,5.278,4.449,4.199,10.256,19,17,1,1466336.1,75,79,81,89,100,100,96,96,20.199,20.188,22.148,22.122,3462.32,114858,30239,0,300,5600,4,9,1,0,0,28,23,14,19,4,3,FALSE,0,FALSE
833.016,5.399,5.318,4.483,4.242,10.249,19,17,1,1473229,80,84,80,90,100,100,96,96,20.203,20.196,22.156,22.133,3488.227,114858,30239,0,300,5683,4,9,1,0,0,28,23,14,19,4,3,FALSE,0,FALSE
833.5174,5.434,5.36,4.518,4.286,10.238,19,17,1,1479580.4,81,86,80,88,100,100,96,96,20.209,20.205,22.164,22.144,3511.133,114858,30239,0,366,5683,4,9,1,0,0,28,23,14,19,4,3,FALSE,0,FALSE
834.0164,5.467,5.4,4.544,4.315,10.227,19,17,1,1485878.4,78,83,77,82,100,100,96,96,20.215,20.214,22.17,22.153,3533.922,114858,30239,0,366,5683,4,9,1,0,0,28,23,14,19,4,3,FALSE,0,FALSE
834.5136,5.497,5.437,4.574,4.349,10.216,19,17,1,1492265.8,77,82,77,81,101,101,97,96,20.22,20.221,22.175,22.16,3557.801,114858,30239,0,350,5683,4,9,1,0,0,28,23,14,19,4,3,FALSE,0,FALSE
835.51807,5.55,5.505,4.627,4.407,10.193,19,17,1,1507633.6,74,79,75,77,101,101,97,97,20.226,20.231,22.183,22.171,3608.816,114858,30239,0,316,5666,4,9,1,0,0,28,23,14,19,4,3,FALSE,0,FALSE
836.01483,5.58,5.54,4.649,4.429,10.179,19,17,1,1501156.6,75,79,73,75,101,101,97,97,20.228,20.236,22.185,22.174,3636.895,114858,30239,0,316,5666,4,9,1,0,0,28,23,14,19,4,3,FALSE,0,FALSE
836.51416,5.607,5.573,4.671,4.451,10.165,19,17,1,1493513.9,74,78,73,74,101,101,97,97,20.229,20.239,22.186,22.175,3667.207,114858,30239,0,317,5684,4,9,1,0,0,28,23,14,19,4,3,FALSE,0,FALSE
837.5121,5.639,5.607,4.69,4.47,10.139,19,17,1,1482088.5,73,71,72,70,101,101,97,97,20.227,20.24,22.184,22.174,3732.891,114858,30239,0,334,5700,4,9,1,0,0,28,23,14,19,4,3,FALSE,0,FALSE
838.0166,5.678,5.639,4.73,4.506,10.125,19,17,1,1473444.8,79,76,80,76,101,101,97,97,20.228,20.239,22.184,22.173,3766.809,114858,30239,0,333,5700,4,9,1,0,0,28,23,14,19,4,3,FALSE,0,FALSE
838.5147,5.736,5.686,4.791,4.564,10.111,19,17,1,1464801,82,78,83,79,101,101,97,97,20.231,20.24,22.186,22.173,3802.176,114858,30239,0,333,5700,4,9,1,0,0,28,23,14,19,4,3,FALSE,0,FALSE
839.0143,5.794,5.733,4.857,4.625,10.098,19,17,1,1461616.4,82,78,84,80,101,101,97,97,20.234,20.241,22.188,22.174,3838.898,114858,30239,0,334,5700,4,9,1,0,0,28,23,14,19,4,3,FALSE,0,FALSE
839.5142,5.869,5.796,4.961,4.716,10.085,19,17,1,1452972.6,86,81,92,86,101,101,97,97,20.237,20.242,22.192,22.176,3876.113,114858,30239,0,334,5700,4,9,1,0,0,28,23,14,19,4,3,FALSE,0,FALSE
840.01746,5.946,5.861,5.068,4.809,10.071,19,17,1,1444328.9,85,80,90,85,101,101,97,97,20.241,20.243,22.197,22.178,3913.023,114858,30239,0,334,5700,4,9,1,0,0,28,23,14,19,4,3,FALSE,0,FALSE
840.5166,6.001,5.905,5.124,4.86,10.057,19,17,1,1435685.1,80,76,80,77,101,101,97,97,20.243,20.243,22.198,22.178,3949.344,114858,30239,0,316,5700,4,9,1,0,0,28,23,14,19,4,3,FALSE,0,FALSE
841.017,6.042,5.938,5.159,4.894,10.043,19,17,1,1427041.4,76,74,75,72,101,101,97,97,20.242,20.241,22.196,22.175,3985.801,114858,30239,0,316,5700,4,9,1,0,0,28,23,14,19,4,3,FALSE,0,FALSE
841.51556,6.055,5.949,5.171,4.9,10.03,19,17,1,1426726.9,73,71,73,72,101,101,97,96,20.239,20.237,22.192,22.169,4023.426,114858,30239,39725,316,5700,4,9,1,0,0,28,23,14,19,4,3,FALSE,0,FALSE
842.0128,6.084,5.971,5.192,4.93,10.029,19,17,1,1457852.6,75,72,74,73,101,101,97,96,20.238,20.235,22.192,22.17,4055.977,114858,30239,39725,317,5700,4,9,1,0,0,28,23,14,19,4,3,FALSE,0,FALSE
842.51575,6.11,5.991,5.218,4.955,10.029,19,17,1,1486522.2,76,72,77,75,101,101,97,97,20.241,20.236,22.196,22.174,4082.043,114858,30239,39725,317,5733,4,9,1,0,0,28,23,14,19,4,3,FALSE,0,FALSE
843.01544,6.146,6.018,5.271,4.997,10.029,19,17,1,1509606.6,81,75,88,81,101,101,97,97,20.246,20.239,22.204,22.18,4103.637,114858,30239,39725,333,5733,4,9,1,0,0,28,23,14,19,4,3,FALSE,0,FALSE
844.0111,6.196,6.054,5.361,5.065,10.023,19,17,1,1527077.4,80,73,87,81,101,101,97,97,20.257,20.244,22.227,22.195,4143.609,114858,30239,39725,333,5784,4,9,1,0,0,28,23,14,19,4,3,FALSE,0,FALSE
844.5154,6.219,6.074,5.39,5.084,10.016,19,17,1,1533785.5,78,75,85,77,101,101,98,97,20.261,20.247,22.235,22.2,4166.504,114858,30239,39725,367,5784,4,9,1,0,0,28,23,14,19,4,3,FALSE,0,FALSE
845.01746,6.238,6.09,5.405,5.097,10.007,19,17,1,1540049.4,77,74,78,73,101,101,98,97,20.265,20.249,22.241,22.203,4186.926,114858,30239,39725,367,5850,4,9,1,0,0,28,23,14,19,4,3,FALSE,0,FALSE
846.0141,6.302,6.151,5.426,5.116,9.98,19,17,1,1535591,77,75,70,69,102,101,98,97,20.273,20.255,22.246,22.205,4233.438,114858,30239,39725,400,5850,4,9,1,0,0,28,23,14,19,4,3,FALSE,0,FALSE
846.51324,6.318,6.165,5.427,5.119,9.967,19,17,1,1534917,74,72,68,68,102,101,98,97,20.274,20.255,22.245,22.204,4260.723,114858,30239,39725,417,5883,4,9,1,0,0,28,23,14,19,4,3,FALSE,0,FALSE
847.51526,6.338,6.184,5.428,5.119,9.941,19,17,1,1525062.2,70,71,68,68,101,101,98,97,20.272,20.253,22.24,22.2,4321.59,114858,30239,39725,433,5900,4,9,1,0,0,28,23,14,19,4,3,FALSE,0,FALSE
848.0153,6.346,6.192,5.428,5.119,9.927,19,17,1,1516433.9,70,70,68,68,101,101,98,97,20.27,20.251,22.237,22.197,4354.59,114858,30239,39725,433,5916,4,9,1,0,0,28,23,14,19,4,3,FALSE,0,FALSE
848.5126,6.354,6.2,5.428,5.119,9.913,19,17,1,1507790.1,70,70,68,68,101,101,98,97,20.267,20.248,22.234,22.194,4389.121,114858,30239,39725,433,5916,4,9,1,0,0,28,23,14,19,4,3,FALSE,0,FALSE
849.015,6.361,6.207,5.428,5.119,9.9,19,17,1,1504627.6,70,70,68,68,101,101,97,97,20.264,20.245,22.23,22.19,4424.93,114858,30239,39725,433,5916,4,9,1,0,0,28,23,14,19,4,3,FALSE,0,FALSE
849.51337,6.368,6.214,5.428,5.119,9.887,19,17,1,1495983.9,70,70,68,68,101,101,97,97,20.26,20.242,22.225,22.185,4461.824,114858,30239,39725,416,5916,4,9,1,0,0,28,23,14,19,4,3,FALSE,0,FALSE
850.015,6.375,6.221,5.428,5.119,9.873,19,17,1,1487340.1,70,70,68,68,101,101,97,97,20.256,20.238,22.22,22.18,4499.816,114858,30239,39725,416,5900,4,9,1,0,0,28,23,14,19,4,3,FALSE,0,FALSE
850.5154,6.382,6.228,5.428,5.119,9.859,19,17,1,1478696.4,70,70,69,68,101,101,97,97,20.252,20.234,22.214,22.175,4538.812,114858,30239,39725,400,5900,4,9,1,0,0,28,23,14,19,4,3,FALSE,0,FALSE
851.01416,6.388,6.235,5.428,5.119,9.845,19,17,1,1470052.6,70,70,69,69,101,101,97,96,20.248,20.229,22.208,22.169,4578.711,114858,30239,39725,400,5900,4,9,1,0,0,28,23,14,19,4,3,FALSE,0,FALSE
851.5157,6.394,6.241,5.428,5.119,9.832,19,17,1,1466865.1,71,71,69,69,101,101,97,96,20.243,20.225,22.202,22.163,4619.371,114858,30239,39725,400,5867,4,9,1,0,0,28,23,14,19,4,3,FALSE,0,FALSE
852.0148,6.4,6.247,5.428,5.119,9.819,19,17,1,1458221.4,71,71,69,69,101,101,97,96,20.238,20.22,22.196,22.157,4660.629,114858,30239,39725,384,5867,4,9,1,0,0,28,23,14,19,4,3,FALSE,0,FALSE
852.51447,6.406,6.254,5.428,5.119,9.805,19,17,1,1449577.6,71,72,70,69,101,100,97,96,20.233,20.215,22.189,22.151,4702.504,114858,30239,39725,366,5867,4,9,1,0,0,28,23,14,19,4,3,FALSE,0,FALSE
853.01263,6.412,6.26,5.428,5.119,9.791,19,17,1,1440933.9,72,72,70,69,101,100,97,96,20.227,20.21,22.182,22.144,4744.91,114858,30239,39725,350,5850,4,9,1,0,0,28,23,14,19,4,3,FALSE,0,FALSE
853.51227,6.418,6.266,5.428,5.119,9.777,19,17,1,1432290.1,71,71,69,69,101,100,97,96,20.222,20.204,22.175,22.137,4787.793,114858,30239,39725,350,5850,4,9,1,0,0,28,23,14,19,4,3,FALSE,0,FALSE
855.0118,6.464,6.311,5.476,5.164,9.765,19,17,1,1505997.6,71,70,72,71,100,100,97,96,20.217,20.2,22.177,22.139,4892.867,114858,30239,39725,317,5817,4,9,1,0,0,28,23,14,19,4,3,FALSE,0,FALSE
855.5141,6.497,6.336,5.527,5.206,9.765,19,17,1,1530404.5,79,74,87,80,101,100,97,96,20.221,20.202,22.184,22.146,4915.582,114858,30239,39725,333,5833,4,9,1,0,0,28,23,14,19,4,3,FALSE,0,FALSE
856.0163,6.528,6.359,5.598,5.259,9.765,19,17,1,1549540.2,80,75,98,87,101,100,97,96,20.229,20.207,22.198,22.157,4934.457,114858,30239,39725,333,5833,4,9,1,0,0,28,23,14,19,4,3,FALSE,0,FALSE
857.5131,6.59,6.411,5.703,5.334,9.75,19,17,1,1572654.2,80,76,83,75,101,101,98,97,20.246,20.219,22.239,22.185,4986.031,114858,30239,39725,200,5900,4,9,1,0,0,28,23,14,19,4,3,FALSE,0,FALSE
858.01025,6.608,6.429,5.708,5.339,9.739,19,17,1,1572433,77,76,75,70,101,101,98,97,20.251,20.223,22.244,22.188,5004.828,114858,30239,39725,200,5900,4,9,1,0,0,28,23,14,19,4,3,FALSE,0,FALSE
858.511,6.651,6.472,5.714,5.346,9.726,19,17,1,1566650,84,83,72,69,101,101,98,97,20.256,20.228,22.247,22.19,5025.484,114858,30239,39725,350,5900,4,9,1,0,0,28,23,14,19,4,3,FALSE,0,FALSE
859.0115,6.676,6.497,5.716,5.348,9.713,19,17,1,1533348.4,77,76,69,68,101,101,98,97,20.262,20.233,22.249,22.191,5049.059,114858,30239,39725,350,6017,4,9,1,0,0,28,23,14,19,4,3,FALSE,0,FALSE
859.51324,6.695,6.515,5.719,5.351,9.7,19,17,1,1497206.5,74,73,69,68,101,101,98,97,20.264,20.235,22.249,22.191,5076.074,114858,30239,39725,450,6017,4,9,1,0,0,28,23,14,19,4,3,FALSE,0,FALSE
860.01056,6.708,6.528,5.719,5.351,9.686,19,17,1,1447568.9,72,71,67,68,101,101,98,97,20.264,20.236,22.248,22.191,5106,114858,30239,39725,450,6017,4,9,1,0,0,28,23,14,19,4,3,FALSE,0,FALSE
860.5131,6.719,6.54,5.719,5.351,9.673,19,17,1,1397296.4,71,71,67,68,101,101,98,97,20.264,20.235,22.246,22.19,5138.012,114858,30239,39725,466,6033,4,9,1,0,0,28,23,14,19,4,3,FALSE,0,FALSE
861.00793,6.73,6.55,5.719,5.351,9.66,19,17,1,1341601.9,72,71,68,69,101,101,98,97,20.263,20.235,22.244,22.188,5170.871,114858,30239,39725,450,6033,4,9,1,0,0,28,23,14,19,4,3,FALSE,0,FALSE
862.0116,6.745,6.565,5.719,5.351,9.633,19,17,1,1308246.1,71,70,69,69,101,101,98,97,20.26,20.231,22.239,22.183,5244.574,114858,30239,39725,433,6016,4,9,1,0,0,28,23,14,19,4,3,FALSE,0,FALSE
862.5118,6.752,6.572,5.719,5.351,9.619,19,17,1,1299602.4,71,70,69,69,101,101,98,97,20.257,20.229,22.235,22.18,5282.512,114858,30239,39725,417,5984,4,9,1,0,0,28,23,14,19,4,3,FALSE,0,FALSE
863.0105,6.759,6.579,5.719,5.351,9.605,19,17,1,1290958.6,71,71,69,69,101,101,98,97,20.254,20.226,22.231,22.176,5321.414,114858,30239,39725,417,5983,4,9,1,0,0,28,23,14,19,4,3,FALSE,0,FALSE
863.51587,6.766,6.585,5.719,5.351,9.591,19,17,1,1282314.9,69,69,69,69,101,101,97,97,20.25,20.222,22.226,22.172,5361.27,114858,30239,39725,400,5983,4,9,1,0,0,28,23,14,19,4,3,FALSE,0,FALSE
864.00775,6.772,6.591,5.719,5.351,9.578,19,17,1,1273959.2,69,69,69,69,101,100,97,96,20.246,20.218,22.221,22.167,5400.648,114858,30239,39725,367,5983,4,9,1,0,0,28,23,14,19,4,3,FALSE,0,FALSE
864.5113,6.778,6.598,5.719,5.351,9.565,19,17,2,1270612.9,69,69,69,69,101,100,97,96,20.241,20.213,22.216,22.161,34.719,92778,0,0,334,5950,4,10,1,0,0,28,23,14,19,4,3,FALSE,0,FALSE
865.51483,6.791,6.61,5.719,5.351,9.537,19,17,2,1253325.4,69,69,69,69,101,100,97,96,20.23,20.203,22.203,22.149,120.008,92778,0,0,300,5884,4,10,1,0,0,28,23,14,19,4,3,FALSE,0,FALSE
866.0131,6.797,6.616,5.719,5.351,9.523,19,17,2,1244681.6,70,70,69,69,101,100,97,96,20.224,20.197,22.196,22.143,163.66,92778,0,0,267,5850,4,10,1,0,0,28,23,14,19,4,3,FALSE,0,FALSE
866.5115,6.803,6.622,5.719,5.351,9.509,19,17,2,1236037.9,69,69,69,69,100,100,97,96,20.218,20.191,22.189,22.136,207.91,92778,0,0,250,5850,4,10,1,0,0,28,23,14,19,4,3,FALSE,0,FALSE
867.0098,6.809,6.628,5.719,5.352,9.496,19,17,2,1227682.4,69,69,69,69,100,100,97,96,20.212,20.185,22.181,22.129,251.191,92778,0,0,250,5850,4,10,1,0,0,28,23,14,19,4,3,FALSE,0,FALSE
867.5108,6.817,6.634,5.72,5.353,9.482,19,17,2,1218912.1,70,69,70,69,100,100,97,96,20.205,20.178,22.173,22.121,297.906,92778,0,0,183,5783,4,10,1,0,0,28,23,14,19,4,3,FALSE,0,FALSE
868.00903,6.824,6.639,5.72,5.354,9.469,19,17,2,1210975.1,70,70,70,70,100,100,96,96,20.198,20.171,22.166,22.113,341.969,92778,0,0,150,5783,4,10,1,0,0,28,23,14,19,4,3,FALSE,0,FALSE
868.5064,6.831,6.646,5.722,5.355,9.455,19,17,2,1202903,71,71,70,71,100,99,96,95,20.191,20.164,22.158,22.106,387.723,92778,0,0,100,5783,4,10,1,0,0,28,23,14,19,4,3,FALSE,0,FALSE
869.01184,6.837,6.655,5.724,5.356,9.441,19,17,2,1194621.4,70,71,70,70,100,99,96,95,20.183,20.157,22.149,22.098,435.148,92778,0,0,66,5650,4,10,1,0,0,28,23,14,19,4,3,FALSE,0,FALSE
869.5106,6.842,6.663,5.726,5.358,9.427,19,17,2,1186678.1,70,71,70,70,100,99,96,95,20.176,20.15,22.141,22.09,481.152,92778,0,0,66,5650,3,10,1,0,0,28,23,14,19,4,3,FALSE,0,FALSE
870.5133,6.854,6.677,5.728,5.359,9.399,19,17,2,1170984.4,69,69,70,70,99,99,96,95,20.159,20.135,22.123,22.073,573.332,92778,0,0,2683,5650,3,10,1,0,0,28,23,14,19,4,3,FALSE,0,FALSE
871.0152,6.867,6.688,5.742,5.374,9.387,19,17,2,1176841.1,72,72,74,73,99,99,96,95,20.152,20.127,22.116,22.065,618.965,92778,0,0,2683,5483,3,10,1,0,0,28,23,14,19,4,3,FALSE,0,FALSE
871.5099,6.891,6.712,5.773,5.405,9.386,19,17,2,1211306.6,73,73,75,75,99,99,96,95,20.151,20.127,22.119,22.069,655.871,92778,0,0,2683,5483,3,10,1,0,0,28,23,14,19,4,3,FALSE,0,FALSE
872.01056,6.915,6.737,5.799,5.431,9.385,19,17,2,1240349.9,73,73,75,75,99,99,96,95,20.154,20.13,22.126,22.076,685.91,92778,0,0,2583,5483,3,10,1,0,0,28,23,14,19,4,3,FALSE,0,FALSE
872.51306,6.941,6.762,5.815,5.45,9.384,19,17,2,1262632.1,75,75,75,75,99,99,96,95,20.159,20.135,22.135,22.085,707.023,92778,0,0,2583,5466,3,10,1,0,0,28,23,14,19,4,3,FALSE,0,FALSE
873.0124,6.967,6.79,5.838,5.469,9.384,19,17,2,1279588.8,80,79,80,76,100,99,96,95,20.166,20.142,22.143,22.093,722.168,92778,0,0,2583,5466,3,10,1,0,0,28,23,14,19,4,3,FALSE,0,FALSE
873.51526,6.992,6.81,5.876,5.496,9.384,19,17,2,1291503.5,82,79,90,81,100,99,96,95,20.175,20.15,22.155,22.103,733.066,92778,0,0,2583,5400,3,10,1,0,0,28,23,14,19,4,3,FALSE,0,FALSE
874.01166,7,6.816,5.913,5.522,9.381,19,17,2,1296953.8,78,75,96,84,100,99,96,96,20.183,20.156,22.17,22.114,746.934,92778,0,0,2516,5400,3,10,1,0,0,28,23,14,19,4,3,FALSE,0,FALSE
874.5085,7.012,6.827,5.933,5.534,9.377,19,17,2,1302238.4,77,75,92,80,100,99,97,96,20.189,20.161,22.185,22.125,759.199,92778,0,0,2516,5400,3,10,1,0,0,28,23,14,19,4,3,FALSE,0,FALSE
875.0093,7.025,6.838,5.948,5.546,9.373,19,17,2,1308049.4,77,74,86,77,100,100,97,96,20.195,20.166,22.197,22.133,769.695,92778,0,0,2516,5400,3,10,1,0,0,28,23,14,19,4,3,FALSE,0,FALSE
876.01227,7.056,6.868,5.956,5.553,9.358,19,17,2,1317893.1,77,75,72,70,100,100,97,96,20.207,20.175,22.213,22.145,797.254,92778,0,0,2650,5533,3,10,1,0,0,28,23,14,19,4,3,FALSE,0,FALSE
876.51184,7.066,6.88,5.959,5.557,9.348,19,17,2,1324956.8,73,73,69,70,100,100,97,96,20.212,20.18,22.217,22.149,814.68,92778,0,0,2650,5533,3,10,1,0,0,28,23,14,19,4,3,FALSE,0,FALSE
877.0142,7.079,6.895,5.972,5.572,9.34,19,17,2,1335690.6,73,75,71,75,100,100,97,96,20.214,20.183,22.219,22.152,834.262,92778,0,0,2650,5450,3,10,1,0,0,28,23,14,19,4,3,FALSE,0,FALSE
877.5117,7.102,6.926,5.999,5.604,9.333,19,17,2,1342387.1,76,82,77,81,100,100,97,96,20.217,20.188,22.223,22.158,860.441,92778,0,0,2550,5450,3,10,1,0,0,28,23,14,19,4,3,FALSE,0,FALSE
878.01483,7.124,6.953,6.013,5.618,9.324,19,17,2,1346820.5,75,79,73,75,101,100,97,96,20.221,20.195,22.227,22.164,880.242,92778,0,0,2550,5450,3,10,1,0,0,28,23,14,19,4,3,FALSE,0,FALSE
878.51324,7.155,6.983,6.021,5.626,9.31,19,17,2,1342566.4,78,80,71,72,101,100,97,96,20.224,20.2,22.229,22.167,903.02,92778,0,0,2550,5467,3,10,1,0,0,28,23,14,19,4,3,FALSE,0,FALSE
879.0113,7.171,7.001,6.022,5.627,9.297,19,17,2,1342748,74,74,68,69,101,100,97,96,20.227,20.203,22.229,22.168,928.812,92778,0,0,2550,5467,3,10,1,0,0,28,23,14,19,4,3,FALSE,0,FALSE
879.5124,7.199,7.029,6.034,5.635,9.284,19,17,2,1336946.5,78,77,73,70,101,100,97,96,20.229,20.205,22.229,22.168,957.844,92778,0,0,2550,5534,3,10,1,0,0,28,23,14,19,4,3,FALSE,0,FALSE
880.01385,7.222,7.049,6.046,5.646,9.27,19,17,2,1329821.4,75,73,72,70,101,100,97,96,20.231,20.206,22.23,22.168,988.051,92778,0,0,2634,5534,3,10,1,0,0,28,23,14,19,4,3,FALSE,0,FALSE
880.51276,7.236,7.06,6.05,5.651,9.257,19,17,2,1327346,72,71,70,69,101,100,97,96,20.232,20.206,22.229,22.167,1018.617,92778,0,0,2667,5567,3,10,1,0,0,28,23,14,19,4,3,FALSE,0,FALSE
881.01196,7.249,7.07,6.052,5.654,9.243,19,17,2,1318833.1,72,70,69,68,101,100,97,96,20.231,20.205,22.227,22.165,1050.887,92778,0,0,2700,5583,3,10,1,0,0,28,23,14,19,4,3,FALSE,0,FALSE
881.5131,7.259,7.078,6.053,5.656,9.229,19,17,2,1310189.4,71,70,69,68,101,100,97,96,20.23,20.203,22.224,22.162,1084.652,92778,0,0,2700,5583,3,10,1,0,0,28,23,14,19,4,3,FALSE,0,FALSE
882.0127,7.267,7.086,6.053,5.656,9.216,19,17,2,1301545.6,71,70,69,68,101,100,97,96,20.227,20.201,22.221,22.159,1119.711,92778,0,0,2700,5583,3,10,1,0,0,28,23,14,19,4,3,FALSE,0,FALSE
882.51245,7.275,7.093,6.053,5.657,9.203,19,17,2,1298446.5,71,71,69,69,101,100,97,96,20.225,20.199,22.217,22.155,1155.805,92778,0,0,2717,5600,3,10,1,0,0,28,23,14,19,4,3,FALSE,0,FALSE
883.01215,7.282,7.1,6.054,5.657,9.189,19,17,2,1289802.8,71,71,69,69,101,100,97,96,20.222,20.196,22.213,22.151,1192.781,92778,0,0,2717,5600,3,10,1,0,0,28,23,14,19,4,3,FALSE,0,FALSE
883.5108,7.288,7.109,6.055,5.658,9.175,19,17,2,1281159,71,71,69,69,100,100,97,96,20.219,20.193,22.208,22.147,1230.699,92778,0,0,2717,5617,3,10,1,0,0,28,23,14,19,4,3,FALSE,0,FALSE
884.0104,7.295,7.117,6.056,5.658,9.161,19,17,2,1272515.2,71,71,69,69,100,100,97,96,20.215,20.19,22.203,22.142,1269.426,92778,0,0,2717,5617,3,10,1,0,0,28,23,14,19,4,3,FALSE,0,FALSE
884.51227,7.302,7.125,6.057,5.659,9.148,19,17,2,1263871.5,71,71,69,69,100,100,97,96,20.211,20.186,22.197,22.137,1308.828,92778,0,0,2717,5617,3,10,1,0,0,28,23,14,19,4,3,FALSE,0,FALSE
885.0133,7.308,7.132,6.057,5.659,9.135,19,17,2,1260580.8,71,71,69,69,100,100,97,96,20.207,20.182,22.191,22.131,1348.809,92778,0,0,2717,5617,3,10,1,0,0,28,23,14,19,4,3,FALSE,0,FALSE
885.5115,7.314,7.138,6.057,5.659,9.121,19,17,2,1251937,71,71,69,69,100,100,97,96,20.203,20.178,22.185,22.125,1389.16,92778,0,0,2717,5617,3,10,1,0,0,28,23,14,19,4,3,FALSE,0,FALSE
886.01263,7.323,7.147,6.065,5.667,9.109,19,17,2,1253226.4,72,72,73,73,100,100,97,96,20.198,20.174,22.179,22.12,1429.625,92778,0,0,2717,5617,3,10,1,0,0,28,23,14,19,4,3,FALSE,0,FALSE
886.50885,7.345,7.17,6.094,5.697,9.107,19,17,2,1283779.2,72,73,75,75,100,100,97,96,20.198,20.174,22.182,22.123,1462.348,92778,0,0,2717,5617,3,10,1,0,0,28,23,14,19,4,3,FALSE,0,FALSE
887.01447,7.362,7.185,6.107,5.711,9.106,19,17,2,1311174.1,72,71,73,72,100,100,97,96,20.2,20.176,22.187,22.129,1489.316,92778,0,0,2717,5650,3,10,1,0,0,28,23,14,19,4,3,FALSE,0,FALSE
887.5148,7.379,7.198,6.127,5.729,9.106,19,17,2,1333245,74,71,77,74,100,100,97,96,20.204,20.178,22.194,22.135,1509.781,92778,0,0,2717,5650,3,10,1,0,0,28,23,14,19,4,3,FALSE,0,FALSE
888.01373,7.402,7.213,6.165,5.762,9.106,19,17,2,1349935,78,72,85,81,100,100,97,96,20.209,20.181,22.203,22.142,1528.391,92778,0,0,2733,5650,3,10,1,0,0,28,23,14,19,4,3,FALSE,0,FALSE
888.5096,7.429,7.232,6.215,5.8,9.105,19,17,2,1359207.1,82,75,95,86,100,100,97,96,20.216,20.185,22.215,22.153,1551.496,92778,0,0,2733,5650,3,10,1,0,0,28,23,14,19,4,3,FALSE,0,FALSE
889.0051,7.442,7.243,6.238,5.817,9.101,19,17,2,1365020.9,78,73,89,81,101,100,97,96,20.223,20.189,22.228,22.162,1568.301,92778,0,0,2733,5650,3,10,1,0,0,28,23,14,19,4,3,FALSE,0,FALSE
889.5114,7.459,7.257,6.258,5.831,9.095,19,17,2,1371194.6,78,73,84,77,101,100,98,96,20.228,20.192,22.239,22.17,1584.359,92778,0,0,2733,5766,3,10,1,0,0,28,23,14,19,4,3,FALSE,0,FALSE
890.0098,7.477,7.273,6.265,5.838,9.087,19,17,2,1374258.4,78,74,77,72,101,100,98,97,20.233,20.196,22.245,22.175,1599.836,92778,0,0,2833,5766,3,10,1,0,0,28,23,14,19,4,3,FALSE,0,FALSE
890.5135,7.493,7.291,6.269,5.842,9.077,19,17,2,1372440.4,76,74,72,69,101,100,98,97,20.237,20.199,22.249,22.177,1618.316,92778,0,0,2833,5766,3,10,1,0,0,28,23,14,19,4,3,FALSE,0,FALSE
891.0122,7.51,7.308,6.273,5.846,9.064,19,17,2,1369101.8,76,74,70,68,101,100,98,97,20.241,20.202,22.251,22.179,1639.547,92778,0,0,2917,5766,3,10,1,0,0,28,23,14,19,4,3,FALSE,0,FALSE
891.51154,7.531,7.33,6.274,5.847,9.051,19,17,2,1364940.8,75,75,68,67,101,100,98,97,20.244,20.205,22.252,22.18,1663.258,92778,0,0,2917,5800,3,10,1,0,0,28,23,14,19,4,3,FALSE,0,FALSE
892.01117,7.544,7.343,6.274,5.847,9.038,19,17,2,1364686.2,71,71,67,66,101,100,98,97,20.245,20.206,22.252,22.179,1689.504,92778,0,0,2917,5800,3,10,1,0,0,28,23,14,19,4,3,FALSE,0,FALSE
892.5101,7.554,7.353,6.274,5.848,9.025,19,17,2,1358236.6,71,71,68,68,101,100,98,97,20.245,20.207,22.25,22.178,1717.035,92778,0,0,2917,5783,3,10,1,0,0,28,23,14,19,4,3,FALSE,0,FALSE
893.0096,7.566,7.368,6.281,5.853,9.012,19,17,2,1356058.6,71,73,69,70,101,100,98,97,20.245,20.207,22.249,22.178,1747.188,92778,0,0,2917,5783,3,10,1,0,0,28,23,14,19,4,3,FALSE,0,FALSE
893.5103,7.585,7.392,6.297,5.87,8.998,19,17,2,1347484.5,73,75,71,73,101,100,98,97,20.244,20.208,22.248,22.178,1779.984,92778,0,0,2900,5783,3,10,1,0,0,28,23,14,19,4,3,FALSE,0,FALSE
894.0117,7.602,7.414,6.311,5.882,8.984,19,17,2,1338840.8,72,75,72,73,101,100,98,97,20.244,20.209,22.247,22.178,1813.867,92778,29783,0,2900,5784,3,10,1,0,0,28,23,14,19,4,3,FALSE,0,FALSE
894.5132,7.62,7.431,6.33,5.902,8.975,19,17,2,1348623.8,74,72,76,74,101,100,98,97,20.242,20.209,22.246,22.177,1849.137,92778,29783,0,2917,5784,3,10,1,0,0,28,23,14,19,4,3,FALSE,0,FALSE
895.0123,7.675,7.474,6.412,5.969,8.975,19,17,2,1372505.6,82,77,91,83,101,100,98,97,20.245,20.21,22.25,22.18,1879.727,92778,29783,0,2917,5800,3,10,1,0,0,28,23,14,19,4,3,FALSE,0,FALSE
896.0134,7.768,7.534,6.58,6.104,8.972,19,17,2,1398191.2,82,76,98,88,101,100,98,97,20.256,20.213,22.267,22.19,1939.715,92778,29783,0,2917,5800,3,10,1,0,0,28,23,14,19,4,3,FALSE,0,FALSE
896.51355,7.814,7.569,6.636,6.149,8.963,19,17,2,1403368.8,83,76,87,81,101,100,98,97,20.26,20.215,22.276,22.195,1965.566,92778,29783,0,2917,5783,3,10,1,0,0,28,23,14,19,4,3,FALSE,0,FALSE
897.0125,7.838,7.592,6.649,6.163,8.95,19,17,2,1400877.2,75,74,74,75,101,100,98,97,20.263,20.216,22.277,22.195,1992.777,92778,29783,0,2883,5783,3,10,1,0,0,28,23,14,19,4,3,FALSE,0,FALSE
897.5113,7.871,7.633,6.694,6.22,8.94,19,17,2,1406187.1,77,80,80,87,101,100,98,97,20.263,20.217,22.276,22.197,2022.602,92778,29783,0,2883,5783,3,10,1,0,0,28,23,14,19,4,3,FALSE,0,FALSE
898.01227,7.91,7.68,6.746,6.287,8.93,19,17,2,1411151.1,78,82,81,88,101,101,98,97,20.264,20.22,22.277,22.202,2052.648,92778,29783,0,2916,5783,3,10,1,0,0,28,23,14,19,4,3,FALSE,0,FALSE
898.506,7.944,7.722,6.78,6.327,8.918,19,17,2,1413467.1,77,80,76,81,101,101,98,97,20.264,20.223,22.277,22.205,2080.523,92778,29783,0,2916,5933,3,10,1,0,0,28,23,14,19,4,3,FALSE,0,FALSE
899.5131,7.982,7.769,6.805,6.351,8.891,19,17,2,1402401.6,71,74,71,71,101,101,98,97,20.26,20.222,22.27,22.2,2144.133,92778,29783,0,3067,5933,3,10,1,0,0,28,23,14,19,4,3,FALSE,0,FALSE
900.00574,7.99,7.779,6.806,6.352,8.877,19,17,2,1394046,71,72,70,70,101,101,98,97,20.256,20.22,22.265,22.196,2176.473,92778,29783,0,3067,6000,3,10,1,0,0,28,23,14,19,4,3,FALSE,0,FALSE
901.00635,8.024,7.811,6.843,6.39,8.872,19,17,2,1445814.9,73,72,75,73,101,101,98,97,20.256,20.22,22.269,22.2,2230.543,92778,29783,0,3067,6083,3,10,1,0,0,28,23,14,19,4,3,FALSE,0,FALSE
901.5119,8.048,7.828,6.869,6.417,8.872,19,17,2,1467311.8,79,72,80,79,101,101,98,97,20.259,20.222,22.275,22.205,2249.453,92778,29783,0,3116,6083,3,10,1,0,0,28,23,14,19,4,3,FALSE,0,FALSE
902.0126,8.078,7.851,6.909,6.446,8.872,19,17,2,1482821.6,83,77,90,82,101,101,98,97,20.266,20.226,22.284,22.213,2262.672,92778,29783,0,3116,6083,3,10,1,0,0,28,23,14,19,4,3,FALSE,0,FALSE
902.5117,8.09,7.861,6.948,6.472,8.872,19,17,2,1494425.8,78,74,96,84,101,101,99,97,20.272,20.23,22.296,22.222,2275.012,92778,29783,0,3116,6083,3,10,1,0,0,28,23,14,19,4,3,FALSE,0,FALSE
903.01154,8.1,7.869,6.975,6.491,8.869,19,17,2,1499883.9,77,73,94,83,102,101,99,98,20.277,20.233,22.31,22.231,2289.645,92778,29783,0,3050,6017,3,10,1,0,0,28,23,14,19,4,3,FALSE,0,FALSE
903.51324,8.112,7.878,6.983,6.498,8.865,19,17,2,1505675.2,77,72,86,78,102,101,99,98,20.281,20.235,22.32,22.238,2302.352,92778,29783,0,3050,6017,3,10,1,0,0,28,23,14,19,4,3,FALSE,0,FALSE
904.01215,8.128,7.894,6.991,6.505,8.858,19,17,2,1512169.2,79,76,80,74,102,101,99,98,20.285,20.237,22.327,22.243,2315.145,92778,29783,0,3050,6017,3,10,1,0,0,28,23,14,19,4,3,FALSE,0,FALSE
904.51276,8.154,7.92,6.995,6.508,8.85,19,17,2,1519332.6,82,79,74,70,102,101,99,98,20.291,20.242,22.332,22.245,2329.207,92778,29783,0,3050,6017,3,10,1,0,0,28,23,14,19,4,3,FALSE,0,FALSE
905.011,8.166,7.931,6.997,6.511,8.839,19,17,2,1526447.9,76,75,72,67,102,101,99,98,20.295,20.246,22.334,22.247,2345.5,92778,29783,0,3150,6017,3,10,1,0,0,28,23,14,19,4,3,FALSE,0,FALSE
905.509,8.195,7.963,6.999,6.513,8.827,19,17,2,1533977.2,84,81,70,67,102,101,99,98,20.298,20.25,22.334,22.247,2364.273,92778,29783,0,3150,6150,3,10,1,0,0,28,23,14,19,4,3,FALSE,0,FALSE
906.0101,8.224,7.995,7,6.514,8.815,19,17,2,1540293,82,80,68,68,102,101,99,98,20.303,20.255,22.334,22.246,2386.074,92778,29783,0,3150,6150,3,10,1,0,0,28,23,14,19,4,3,FALSE,0,FALSE
907.5131,8.26,8.034,7,6.514,8.774,19,17,2,1527805.1,71,71,68,68,102,101,99,98,20.305,20.256,22.328,22.242,2467.168,92778,29783,0,3117,6117,3,10,1,0,0,28,23,14,19,4,3,FALSE,0,FALSE
908.01105,8.27,8.043,7,6.515,8.762,19,17,2,1525436.6,71,70,68,68,102,101,99,98,20.303,20.254,22.325,22.24,2497.898,92778,29783,0,3117,6117,3,10,1,0,0,28,23,14,19,4,3,FALSE,0,FALSE
908.5097,8.278,8.051,7,6.515,8.748,19,17,2,1517215,70,70,68,68,102,101,99,98,20.301,20.252,22.322,22.237,2528.973,92778,29783,0,3100,6117,3,10,1,0,0,28,23,14,19,4,3,FALSE,0,FALSE
909.0114,8.291,8.068,7.011,6.525,8.734,19,17,2,1508283.1,72,74,71,73,102,101,99,98,20.298,20.25,22.318,22.234,2563.832,92778,29783,0,3100,6100,3,10,1,0,0,28,23,14,19,4,3,FALSE,0,FALSE
909.5107,8.323,8.107,7.044,6.559,8.721,19,17,2,1504984.9,74,77,74,76,102,101,99,98,20.297,20.251,22.316,22.233,2598.453,92778,29783,0,3100,6100,3,10,1,0,0,28,23,14,19,4,3,FALSE,0,FALSE
910.0106,8.342,8.133,7.069,6.583,8.711,19,17,2,1514636,72,75,74,76,102,101,99,98,20.295,20.25,22.314,22.233,2633.402,92778,29783,0,3117,6100,3,10,1,0,0,28,23,14,19,4,3,FALSE,0,FALSE
911.00885,8.382,8.18,7.11,6.621,8.708,19,17,2,1566298.4,72,74,74,75,102,101,99,98,20.297,20.256,22.319,22.24,2688.297,92778,29783,0,3117,6117,3,10,1,0,0,28,23,14,19,4,3,FALSE,0,FALSE
911.5128,8.392,8.192,7.119,6.63,8.708,19,17,2,1588125.5,71,73,72,74,102,101,99,98,20.298,20.259,22.323,22.245,2706.824,92778,29783,0,3117,6167,3,10,1,0,0,28,23,14,19,4,3,FALSE,0,FALSE
912.00977,8.399,8.201,7.129,6.641,8.708,19,17,2,1604233,70,73,73,75,102,101,99,98,20.3,20.262,22.327,22.25,2720.898,92778,29783,0,3267,6167,3,10,1,0,0,28,23,14,19,4,3,FALSE,0,FALSE
912.51086,8.406,8.211,7.141,6.656,8.708,19,17,2,1615006.1,70,73,74,78,102,101,99,98,20.301,20.265,22.331,22.257,2732.605,92778,29783,0,3267,6267,3,10,1,0,0,28,23,14,19,4,3,FALSE,0,FALSE
913.0101,8.414,8.219,7.149,6.672,8.708,19,17,2,1620092.6,71,72,72,81,102,101,99,98,20.302,20.268,22.335,22.263,2742.586,92778,29783,0,3267,6267,3,10,1,0,0,28,23,14,19,4,3,FALSE,0,FALSE
913.51294,8.431,8.236,7.16,6.688,8.705,19,17,2,1625774.2,77,78,74,82,102,101,99,98,20.305,20.272,22.338,22.271,2765.551,92778,29783,0,3267,6267,3,10,1,0,0,28,23,14,19,4,3,FALSE,0,FALSE
914.0083,8.44,8.248,7.168,6.697,8.701,19,17,2,1631236.9,74,77,74,80,102,102,99,98,20.308,20.277,22.342,22.278,2775.43,92778,29783,0,3267,6350,3,10,1,0,0,28,23,14,19,4,3,FALSE,0,FALSE
914.51105,8.452,8.26,7.171,6.701,8.694,19,17,2,1636804.6,74,76,70,74,102,102,99,98,20.311,20.282,22.344,22.283,2788.168,92778,29783,0,3334,6350,3,10,1,0,0,28,23,14,19,4,3,FALSE,0,FALSE
915.01074,8.464,8.272,7.172,6.701,8.685,19,17,2,1640839.9,74,75,68,71,102,102,99,98,20.313,20.285,22.345,22.286,2803.234,92778,29783,0,3334,6350,3,10,1,0,0,28,23,14,19,4,3,FALSE,0,FALSE
915.5106,8.486,8.295,7.172,6.701,8.673,19,17,2,1644390.5,79,79,67,68,102,102,99,98,20.316,20.289,22.344,22.287,2820.957,92778,29783,0,3334,6350,3,10,1,0,0,28,23,14,19,4,3,FALSE,0,FALSE
916.0112,8.518,8.326,7.172,6.701,8.661,19,17,2,1639175.6,80,79,67,67,102,102,99,98,20.321,20.294,22.343,22.287,2841.625,92778,29783,0,3317,6350,3,10,1,0,0,28,23,14,19,4,3,FALSE,0,FALSE
916.509,8.538,8.346,7.172,6.701,8.647,19,17,2,1609954,76,76,67,67,102,102,99,98,20.325,20.297,22.342,22.286,2864.461,92778,29783,0,3317,6350,3,10,1,0,0,28,23,14,19,4,3,FALSE,0,FALSE
917.0106,8.553,8.361,7.172,6.701,8.634,19,17,2,1575330.2,73,73,68,68,102,102,99,98,20.326,20.299,22.34,22.284,2891.609,92778,29783,0,3300,6350,3,10,1,0,0,28,23,14,19,4,3,FALSE,0,FALSE
917.5092,8.566,8.374,7.172,6.701,8.621,19,17,2,1530348.2,72,72,68,68,102,102,99,98,20.326,20.299,22.338,22.283,2919.41,92778,29783,0,3300,6300,3,10,1,0,0,28,23,14,19,4,3,FALSE,0,FALSE
918.5099,8.588,8.398,7.172,6.701,8.594,19,17,2,1425361,72,72,69,69,102,102,99,98,20.323,20.298,22.332,22.278,2983.262,92778,29783,0,3283,6283,3,10,1,0,0,28,23,14,19,4,3,FALSE,0,FALSE
919.011,8.598,8.41,7.172,6.701,8.581,19,17,2,1371338,71,72,69,69,102,102,99,98,20.322,20.296,22.329,22.275,3019.27,92778,29783,0,3267,6267,3,10,1,0,0,28,23,14,19,4,3,FALSE,0,FALSE
919.51196,8.607,8.421,7.172,6.701,8.567,19,17,2,1313723,72,72,69,69,102,102,99,98,20.319,20.294,22.325,22.271,3055.508,92778,29783,0,3250,6267,3,10,1,0,0,28,23,14,19,4,3,FALSE,0,FALSE
920.00964,8.616,8.43,7.172,6.701,8.554,19,17,2,1277617,71,72,70,69,102,102,99,98,20.317,20.292,22.321,22.267,3091.824,92778,29783,0,3250,6267,3,10,1,0,0,28,23,14,19,4,3,FALSE,0,FALSE
921.0106,8.63,8.445,7.172,6.701,8.526,19,17,2,1260041.4,72,71,70,70,102,102,99,98,20.31,20.286,22.31,22.258,3170.891,92778,29783,0,3200,6217,3,10,1,0,0,28,23,14,19,4,3,FALSE,0,FALSE
921.50836,8.637,8.451,7.172,6.701,8.512,19,17,2,1251685.8,72,72,70,70,102,102,99,98,20.306,20.282,22.305,22.252,3209.516,92778,29783,0,3200,6184,3,10,1,0,0,28,23,14,19,4,3,FALSE,0,FALSE
922.0111,8.643,8.458,7.172,6.701,8.499,19,17,2,1248123.1,72,72,70,70,102,102,99,98,20.302,20.278,22.298,22.246,3251.254,92778,29783,0,3167,6184,3,10,1,0,0,28,23,14,19,4,3,FALSE,0,FALSE
922.51086,8.649,8.465,7.172,6.701,8.486,19,17,2,1239479.4,72,72,70,70,102,102,99,98,20.297,20.274,22.292,22.24,3292.109,92778,29783,0,3167,6134,3,10,1,0,0,28,23,14,19,4,3,FALSE,0,FALSE
923.00977,8.656,8.472,7.172,6.701,8.472,19,17,2,1231123.8,72,72,70,70,102,101,98,98,20.293,20.269,22.285,22.234,3332.012,92778,29783,0,3167,6134,3,10,1,0,0,28,23,14,19,4,3,FALSE,0,FALSE
923.5109,8.667,8.483,7.183,6.712,8.46,19,17,2,1235623.1,73,73,74,73,102,101,98,97,20.288,20.265,22.279,22.227,3374.574,92778,29783,0,3150,6116,3,10,1,0,0,28,23,14,19,4,3,FALSE,0,FALSE
924.00995,8.69,8.505,7.213,6.742,8.459,19,17,2,1266138.2,73,73,76,76,102,101,98,98,20.287,20.265,22.281,22.23,3407.605,92778,29783,0,3150,6100,3,10,1,0,0,28,23,14,19,4,3,FALSE,0,FALSE
925.00836,8.747,8.579,7.315,6.868,8.459,19,17,2,1311055.4,78,83,90,100,102,102,99,98,20.293,20.275,22.298,22.251,3456.215,92778,29783,0,3134,6117,3,10,1,0,0,28,23,14,19,4,3,FALSE,0,FALSE
925.51294,8.774,8.612,7.366,6.936,8.451,19,17,2,1316181.1,79,84,88,98,102,102,99,98,20.297,20.281,22.309,22.266,3480.887,92778,29783,0,3167,6150,3,10,1,0,0,28,23,14,19,4,3,FALSE,0,FALSE
926.00934,8.805,8.652,7.411,6.991,8.443,19,17,2,1321392.8,80,86,87,95,102,102,99,98,20.302,20.289,22.318,22.279,3502.742,92778,29783,0,3167,6150,3,10,1,0,0,28,23,14,19,4,3,FALSE,0,FALSE
926.50995,8.834,8.687,7.442,7.029,8.434,19,17,2,1325873.9,78,83,81,88,102,102,99,98,20.306,20.296,22.325,22.29,3524.426,92778,29783,0,3167,6150,3,10,1,0,0,28,23,14,19,4,3,FALSE,0,FALSE
927.01263,8.861,8.72,7.461,7.051,8.423,19,17,2,1325395.5,76,80,75,79,102,102,99,99,20.309,20.302,22.33,22.297,3547.832,92778,29783,0,3233,6216,3,10,1,0,0,28,23,14,19,4,3,FALSE,0,FALSE
927.51294,8.879,8.741,7.474,7.064,8.411,19,17,2,1320278.9,74,77,73,75,102,102,99,99,20.311,20.305,22.331,22.3,3572.145,92778,29783,0,3233,6216,3,10,1,0,0,28,23,14,19,4,3,FALSE,0,FALSE
928.0107,8.91,8.777,7.499,7.09,8.397,19,17,2,1314199,77,82,76,78,102,102,99,99,20.312,20.308,22.333,22.303,3598.215,92778,29783,0,3267,6250,3,10,1,0,0,28,23,14,19,4,3,FALSE,0,FALSE
929.01044,8.964,8.842,7.541,7.131,8.37,19,17,2,1299671,74,78,73,75,102,102,99,99,20.314,20.314,22.334,22.306,3655.98,92778,29783,0,3267,6250,3,10,1,0,0,28,23,14,19,4,3,FALSE,0,FALSE
929.50726,8.991,8.874,7.562,7.152,8.357,19,17,2,1258147.5,74,79,74,75,102,102,99,99,20.313,20.316,22.334,22.306,3686.453,92778,29783,0,3267,6250,3,10,1,0,0,28,23,14,19,4,3,FALSE,0,FALSE
930.0072,9.007,8.895,7.572,7.16,8.344,19,17,2,1249503.9,71,73,70,70,102,102,99,99,20.312,20.316,22.332,22.305,3719.574,92778,29783,0,3300,6300,3,10,1,0,0,28,23,14,19,4,3,FALSE,0,FALSE
930.51294,9.037,8.919,7.604,7.191,8.329,19,17,2,1240572,79,76,81,77,102,102,99,99,20.31,20.314,22.33,22.303,3755.066,92778,29783,0,3300,6300,3,10,1,0,0,28,23,14,19,4,3,FALSE,0,FALSE
931.00916,9.11,8.981,7.699,7.275,8.316,19,17,2,1232216.4,87,83,93,87,102,102,99,99,20.313,20.315,22.334,22.304,3789.148,92778,29783,0,3317,6317,3,10,1,0,0,28,23,14,19,4,3,FALSE,0,FALSE
931.51,9.184,9.043,7.799,7.363,8.303,19,17,2,1228901.5,86,81,92,86,102,102,99,99,20.317,20.317,22.339,22.307,3825.082,92778,29783,0,3300,6317,3,10,1,0,0,28,23,14,19,4,3,FALSE,0,FALSE
932.0098,9.253,9.101,7.894,7.446,8.29,19,17,2,1220257.8,85,80,92,85,102,102,99,99,20.32,20.318,22.343,22.309,3861.426,92778,29783,0,3300,6300,3,10,1,0,0,28,23,14,19,4,3,FALSE,0,FALSE
932.5095,9.321,9.157,7.985,7.526,8.277,19,17,2,1211614,85,80,90,85,102,102,99,99,20.323,20.318,22.346,22.31,3897.953,92778,29783,0,3300,6300,3,10,1,0,0,28,23,14,19,4,3,FALSE,0,FALSE
933.013,9.378,9.204,8.048,7.584,8.263,19,17,2,1202682.1,81,77,84,80,102,102,99,99,20.324,20.317,22.347,22.309,3935.41,92778,29783,0,3333,6300,3,10,1,0,0,28,23,14,19,4,3,FALSE,0,FALSE
933.5113,9.42,9.238,8.081,7.616,8.249,19,17,2,1194038.4,77,74,76,73,102,102,99,99,20.323,20.315,22.345,22.306,3971.047,92778,29783,0,3333,6316,3,10,1,0,0,28,23,14,19,4,3,FALSE,0,FALSE
934.0104,9.434,9.248,8.086,7.623,8.236,19,17,2,1185394.6,73,71,71,70,102,102,99,99,20.319,20.31,22.339,22.3,4007.676,92778,29783,40111,3317,6317,3,10,1,0,0,28,23,14,19,4,3,FALSE,0,FALSE
934.512,9.447,9.26,8.097,7.633,8.227,19,17,2,1199931.5,72,71,72,72,102,102,99,99,20.315,20.305,22.335,22.295,4043.742,92778,29783,40111,3317,6317,3,10,1,0,0,28,23,14,19,4,3,FALSE,0,FALSE
935.01245,9.464,9.273,8.114,7.651,8.226,19,17,2,1229893.6,74,71,76,74,102,102,99,99,20.314,20.303,22.336,22.296,4072.922,92778,29783,40111,3367,6350,3,10,1,0,0,28,23,14,19,4,3,FALSE,0,FALSE
935.51,9.501,9.301,8.168,7.697,8.226,19,17,2,1254935.1,81,76,89,83,102,102,99,99,20.317,20.304,22.341,22.301,4095.734,92778,29783,40111,3367,6350,3,10,1,0,0,28,23,14,19,4,3,FALSE,0,FALSE
936.0112,9.535,9.327,8.244,7.755,8.226,19,17,2,1277021.8,82,76,100,89,102,102,100,99,20.322,20.307,22.353,22.309,4116.551,92778,29783,40111,3367,6350,3,10,1,0,0,28,23,14,19,4,3,FALSE,0,FALSE
936.5046,9.557,9.343,8.303,7.799,8.222,19,17,2,1285349.2,80,75,101,89,102,102,100,99,20.327,20.309,22.367,22.319,4133.992,92778,29783,40111,3350,6350,3,10,1,0,0,28,23,14,19,4,3,FALSE,0,FALSE
937.50854,9.614,9.392,8.373,7.851,8.206,19,17,2,1298293.5,83,79,88,79,103,102,100,99,20.336,20.314,22.388,22.331,4173.719,92778,29783,40111,3350,6350,3,10,1,0,0,28,23,14,19,4,3,FALSE,0,FALSE
938.00806,9.64,9.415,8.387,7.862,8.195,19,17,2,1302845.6,79,76,79,73,103,102,100,99,20.341,20.318,22.393,22.334,4194.281,92778,29783,40111,3533,6550,3,10,1,0,0,28,23,14,19,4,3,FALSE,0,FALSE
938.5097,9.665,9.439,8.394,7.869,8.182,19,17,2,1299333.5,78,76,73,70,103,102,100,99,20.343,20.319,22.394,22.334,4217.125,92778,29783,40111,3533,6550,3,10,1,0,0,28,23,14,19,4,3,FALSE,0,FALSE
939.00775,9.684,9.457,8.396,7.872,8.169,19,17,2,1282395,75,74,70,69,103,102,100,99,20.345,20.32,22.394,22.333,4243.059,92778,29783,40111,3533,6567,3,10,1,0,0,28,23,14,19,4,3,FALSE,0,FALSE
939.50964,9.697,9.471,8.396,7.872,8.155,19,17,2,1236986.2,73,73,69,68,103,102,100,99,20.344,20.319,22.391,22.33,4271.609,92778,29783,40111,3550,6567,3,10,1,0,0,28,23,14,19,4,3,FALSE,0,FALSE
940.00757,9.71,9.482,8.396,7.872,8.143,19,17,2,1190260.9,71,72,67,66,103,102,100,99,20.342,20.318,22.388,22.327,4302.406,92778,29783,40111,3517,6517,3,10,1,0,0,28,23,14,19,4,3,FALSE,0,FALSE
940.50885,9.723,9.494,8.396,7.872,8.129,19,17,2,1133498.6,73,71,66,68,103,102,100,99,20.34,20.315,22.383,22.323,4334.75,92778,29783,40111,3517,6517,3,10,1,0,0,28,23,14,19,4,3,FALSE,0,FALSE
941.0112,9.737,9.505,8.396,7.872,8.114,19,17,2,1073963.1,73,71,69,69,103,102,100,99,20.338,20.313,22.379,22.318,4369.75,92778,29783,40111,3500,6517,3,10,1,0,0,28,23,14,19,4,3,FALSE,0,FALSE
941.5101,9.75,9.516,8.396,7.872,8.102,19,17,2,1023859.6,73,72,69,69,103,102,100,99,20.336,20.31,22.375,22.314,4403.836,92778,29783,40111,3483,6500,3,10,1,0,0,28,23,14,19,4,3,FALSE,0,FALSE
942.5088,9.768,9.534,8.396,7.872,8.075,19,17,2,954337.9,71,71,69,69,103,102,100,99,20.328,20.303,22.364,22.304,4478.301,92778,29783,40111,3467,6433,3,10,1,0,0,28,23,14,19,4,3,FALSE,0,FALSE
943.0108,9.776,9.541,8.396,7.872,8.06,19,17,2,945407.94,71,71,69,69,102,102,100,99,20.324,20.299,22.358,22.299,4518.336,92778,29783,40111,3467,6433,3,10,1,0,0,28,23,14,19,4,3,FALSE,0,FALSE
943.5106,9.782,9.548,8.396,7.872,8.047,19,17,2,936766.06,71,71,70,69,102,102,100,99,20.319,20.294,22.351,22.293,4557.887,92778,29783,40111,3450,6433,3,10,1,0,0,28,23,14,19,4,3,FALSE,0,FALSE
944.0076,9.789,9.554,8.396,7.872,8.033,19,17,2,928412.25,71,72,70,70,102,102,99,98,20.314,20.289,22.345,22.286,4596.789,92778,29783,40111,3434,6400,3,10,1,0,0,28,23,14,19,4,3,FALSE,0,FALSE
944.51025,9.795,9.561,8.396,7.872,8.02,19,17,2,924916.6,72,72,70,70,102,102,99,98,20.309,20.284,22.338,22.28,4638.891,92778,29783,40111,3434,6400,3,10,1,0,0,28,23,14,19,4,3,FALSE,0,FALSE
945.01117,9.802,9.567,8.396,7.872,8.006,19,17,2,916274.75,72,73,71,70,102,102,99,98,20.303,20.279,22.331,22.273,4680.133,92778,29783,40111,3434,6367,3,10,1,0,0,28,23,14,19,4,3,FALSE,0,FALSE
945.509,9.808,9.574,8.396,7.872,7.993,19,17,2,907920.94,72,72,71,70,102,102,99,98,20.298,20.274,22.324,22.266,4720.422,92778,29783,40111,3417,6367,3,10,1,0,0,28,23,14,19,4,3,FALSE,0,FALSE
946.0094,9.816,9.58,8.396,7.872,7.979,19,17,2,899279.06,73,72,71,70,102,101,99,98,20.292,20.268,22.316,22.258,4762.469,92778,29783,40111,3417,6350,3,10,1,0,0,28,23,14,19,4,3,FALSE,0,FALSE
946.5106,9.823,9.587,8.397,7.873,7.965,19,17,2,890349.1,72,72,70,70,102,101,99,98,20.286,20.262,22.307,22.25,4806.262,92778,29783,40111,3417,6350,3,10,1,0,0,28,23,14,19,4,3,FALSE,0,FALSE
947.01044,9.843,9.609,8.425,7.9,7.958,19,17,2,914967.25,73,73,76,75,102,101,99,98,20.282,20.259,22.305,22.248,4845.703,92778,29783,40111,3366,6333,3,10,1,0,0,28,23,14,19,4,3,FALSE,0,FALSE
947.5108,9.867,9.636,8.454,7.927,7.957,19,17,2,944662.1,74,74,76,76,102,101,99,98,20.282,20.26,22.31,22.253,4876.02,92778,29783,40111,3366,6333,3,10,1,0,0,28,23,14,19,4,3,FALSE,0,FALSE
948.00995,9.884,9.65,8.473,7.946,7.957,19,17,2,968551.7,75,72,77,75,102,101,99,98,20.285,20.262,22.316,22.259,4898.562,92778,29783,40111,3400,6367,3,10,1,0,0,28,23,14,19,4,3,FALSE,0,FALSE
949.01025,9.92,9.676,8.523,7.984,7.957,19,17,2,1003879.3,75,71,84,76,102,101,99,98,20.293,20.266,22.331,22.271,4935.855,92778,29783,40111,3417,6367,3,10,1,0,0,28,23,14,19,4,3,FALSE,0,FALSE
949.50964,9.936,9.689,8.559,8.006,7.953,19,17,2,1009890.2,76,73,89,78,102,101,99,98,20.296,20.268,22.341,22.277,4957.871,92778,29783,40111,3417,6400,3,10,1,0,0,28,23,14,19,4,3,FALSE,0,FALSE
950.006,9.951,9.701,8.57,8.015,7.947,19,17,2,1016050.75,76,72,80,73,102,101,99,98,20.3,20.271,22.35,22.283,4973.883,92778,29783,40111,3417,6400,3,10,1,0,0,28,23,14,19,4,3,FALSE,0,FALSE
951.0083,9.986,9.736,8.582,8.027,7.925,19,17,2,1013895.1,76,75,72,69,102,102,100,98,20.306,20.275,22.358,22.288,5012.211,92778,29783,40111,3467,6450,3,10,1,0,0,28,23,14,19,4,3,FALSE,0,FALSE
951.5073,10.012,9.762,8.591,8.035,7.911,19,17,2,1007518.44,78,77,72,70,102,102,100,98,20.31,20.278,22.36,22.289,5034.566,92778,29783,40111,3467,6450,3,10,1,0,0,28,23,14,19,4,3,FALSE,0,FALSE
952.007,10.041,9.789,8.599,8.043,7.898,19,17,2,975258.06,77,76,72,69,102,102,100,98,20.313,20.281,22.361,22.29,5059.797,92778,29783,40111,3467,6516,3,10,1,0,0,28,23,14,19,4,3,FALSE,0,FALSE
952.5077,10.057,9.804,8.6,8.044,7.885,19,17,2,929771,74,72,69,69,102,102,100,98,20.315,20.282,22.361,22.289,5088.242,92778,29783,40111,3466,6534,3,10,1,0,0,28,23,14,19,4,3,FALSE,0,FALSE
953.00806,10.07,9.816,8.6,8.044,7.872,19,17,2,888987,72,71,68,69,102,102,100,98,20.315,20.281,22.359,22.288,5119.16,92778,29783,40111,3467,6534,3,10,1,0,0,28,23,14,19,4,3,FALSE,0,FALSE
953.50903,10.078,9.825,8.6,8.044,7.858,19,17,2,880414.5,72,71,69,70,102,102,100,98,20.314,20.28,22.357,22.287,5151.727,92778,29783,40111,3467,6534,3,10,1,0,0,28,23,14,19,4,3,FALSE,0,FALSE
954.0079,10.086,9.832,8.6,8.044,7.844,19,17,2,871772.6,71,71,69,69,102,102,100,98,20.312,20.279,22.354,22.285,5185.816,92778,29783,40111,3450,6517,3,10,1,0,0,28,23,14,19,4,3,FALSE,0,FALSE
954.50824,10.093,9.84,8.6,8.044,7.831,19,17,2,868523.7,71,71,69,69,102,102,100,98,20.31,20.277,22.351,22.282,5221.195,92778,29783,40111,3450,6500,3,10,1,0,0,28,23,14,19,4,3,FALSE,0,FALSE
955.0057,10.1,9.847,8.6,8.044,7.818,19,17,2,859881.8,71,71,69,69,102,102,99,98,20.308,20.274,22.347,22.279,5257.59,92778,29783,40111,3450,6500,3,10,1,0,0,28,23,14,19,4,3,FALSE,0,FALSE
955.50574,10.107,9.853,8.6,8.044,7.804,19,17,2,851239.94,71,71,70,69,102,101,99,98,20.305,20.271,22.343,22.275,5294.984,92778,29783,40111,3450,6516,3,10,1,0,0,28,23,14,19,4,3,FALSE,0,FALSE
956.0014,10.114,9.86,8.6,8.044,7.79,19,17,2,842598.06,71,71,70,69,102,101,99,98,20.301,20.268,22.339,22.271,5333.281,92778,29783,40111,3466,6500,3,10,1,0,0,28,23,14,19,4,3,FALSE,0,FALSE
956.4995,10.121,9.867,8.6,8.044,7.776,19,17,2,833956.2,71,71,70,70,102,101,99,98,20.297,20.265,22.333,22.266,5372.363,92778,29783,40111,3467,6500,3,10,1,0,0,28,23,14,19,4,3,FALSE,0,FALSE
957.0076,10.127,9.874,8.6,8.044,7.762,19,17,3,825314.3,71,71,70,70,102,101,99,98,20.293,20.261,22.328,22.261,3.223,92859,0,0,3450,6500,3,11,1,0,0,28,23,14,19,4,3,FALSE,0,FALSE
957.5076,10.134,9.88,8.6,8.044,7.749,19,17,3,816672.44,72,71,70,70,102,101,99,98,20.289,20.257,22.322,22.255,43.66,92859,0,0,3450,6500,3,11,1,0,0,28,23,14,19,4,3,FALSE,0,FALSE
958.0083,10.14,9.886,8.6,8.044,7.736,19,17,3,813536.9,71,71,70,70,102,101,99,98,20.284,20.252,22.315,22.249,84.566,92859,0,0,3450,6483,3,11,1,0,0,28,23,14,19,4,3,FALSE,0,FALSE
958.50525,10.146,9.892,8.6,8.044,7.722,19,17,3,804895,72,72,70,70,102,101,99,98,20.279,20.247,22.308,22.242,125.785,92859,0,0,3450,6483,3,11,1,0,0,28,23,14,19,4,3,FALSE,0,FALSE
959.0014,10.153,9.899,8.6,8.044,7.708,19,17,3,796253.1,72,72,70,70,102,101,99,98,20.274,20.242,22.301,22.236,167.422,92859,0,0,3450,6483,3,11,1,0,0,28,23,14,19,4,3,FALSE,0,FALSE
959.5085,10.159,9.905,8.6,8.044,7.694,19,17,3,787611.25,72,72,70,70,101,101,99,97,20.268,20.237,22.293,22.228,209.426,92859,0,0,3434,6467,3,11,1,0,0,28,23,14,19,4,3,FALSE,0,FALSE
960.5068,10.172,9.918,8.6,8.044,7.667,19,17,3,770327.5,72,72,70,70,101,101,98,97,20.256,20.225,22.277,22.213,294.375,92859,0,0,3417,6467,3,11,1,0,0,28,23,14,19,4,3,FALSE,0,FALSE
961.0098,10.178,9.924,8.6,8.044,7.653,19,17,3,761685.6,72,72,70,70,101,100,98,97,20.25,20.219,22.269,22.205,337.258,92859,0,0,3417,6467,3,11,1,0,0,28,23,14,19,4,3,FALSE,0,FALSE
962.00885,10.191,9.937,8.6,8.044,7.625,19,17,3,744401.9,72,72,70,70,101,100,98,97,20.236,20.205,22.251,22.188,423.648,92859,0,0,3416,6450,3,11,1,0,0,28,23,14,19,4,3,FALSE,0,FALSE
962.50995,10.198,9.943,8.6,8.044,7.611,19,17,3,735760,72,72,70,70,101,100,98,97,20.229,20.198,22.242,22.179,467.086,92859,0,0,3383,6450,3,11,1,0,0,28,23,14,19,4,3,FALSE,0,FALSE
963.01025,10.204,9.949,8.6,8.044,7.597,19,17,3,726830.06,72,72,70,70,101,100,98,96,20.221,20.191,22.232,22.17,512.129,92859,0,0,3383,6450,3,11,1,0,0,28,23,14,19,4,3,FALSE,0,FALSE
963.5085,10.211,9.955,8.6,8.044,7.584,19,17,3,718476.25,72,72,70,70,100,100,97,96,20.213,20.183,22.223,22.161,554.398,92859,0,0,3383,6417,3,11,1,0,0,28,23,14,19,4,3,FALSE,0,FALSE
964.00757,10.217,9.962,8.602,8.047,7.57,19,17,3,712987.9,72,72,72,71,100,100,97,96,20.205,20.176,22.213,22.151,598.164,92859,0,0,3383,6417,3,11,1,0,0,28,23,14,19,4,3,FALSE,0,FALSE
964.50726,10.243,9.986,8.636,8.082,7.566,19,17,3,745766.94,73,73,76,75,100,100,97,96,20.202,20.173,22.214,22.152,636.402,92859,0,0,3350,6383,3,11,1,0,0,28,23,14,19,4,3,FALSE,0,FALSE
965.00604,10.263,10.006,8.656,8.103,7.565,19,17,3,775268.56,72,72,73,73,100,100,97,96,20.204,20.175,22.22,22.158,665.531,92859,0,0,3350,6383,3,11,1,0,0,28,23,14,19,4,3,FALSE,0,FALSE
965.5087,10.274,10.016,8.661,8.108,7.564,19,17,3,799468.4,70,70,71,70,100,100,97,96,20.206,20.177,22.225,22.164,687.953,92859,0,0,3350,6383,3,11,1,0,0,28,23,14,19,4,3,FALSE,0,FALSE
966.01025,10.279,10.021,8.665,8.112,7.564,19,17,3,820347.94,69,68,70,69,100,100,97,96,20.208,20.179,22.23,22.169,706.266,92859,0,0,3350,6466,3,11,1,0,0,28,23,14,19,4,3,FALSE,0,FALSE
967.0078,10.301,10.037,8.705,8.144,7.564,19,17,3,847933.5,74,70,82,76,100,100,98,97,20.213,20.183,22.243,22.18,730.117,92859,0,0,3567,6617,3,11,1,0,0,28,23,14,19,4,3,FALSE,0,FALSE
967.5094,10.308,10.045,8.735,8.157,7.563,19,17,3,854296.2,72,71,90,76,100,100,98,97,20.217,20.186,22.254,22.188,746.387,92859,0,0,3567,6617,3,11,1,0,0,28,23,14,19,4,3,FALSE,0,FALSE
968.0101,10.32,10.054,8.75,8.167,7.56,19,17,3,859331.1,76,73,87,76,101,100,98,97,20.22,20.188,22.266,22.194,762.809,92859,0,0,3567,6617,3,11,1,0,0,28,23,14,19,4,3,FALSE,0,FALSE
969.508,10.351,10.088,8.758,8.174,7.539,19,17,3,875371.5,73,73,69,68,101,100,98,97,20.233,20.199,22.284,22.206,800.801,92859,0,0,3533,6600,3,11,1,0,0,28,23,14,19,4,3,FALSE,0,FALSE
970.0093,10.363,10.101,8.763,8.18,7.53,19,17,3,885386.25,73,74,69,70,101,100,98,97,20.235,20.202,22.286,22.208,818.156,92859,0,0,3533,6600,3,11,1,0,0,28,23,14,19,4,3,FALSE,0,FALSE
970.51013,10.378,10.118,8.777,8.197,7.521,19,17,3,891665.6,74,76,72,75,101,100,98,97,20.238,20.205,22.288,22.212,838.117,92859,0,0,3433,6533,3,11,1,0,0,28,23,14,19,4,3,FALSE,0,FALSE
971.0063,10.403,10.149,8.793,8.216,7.512,19,17,3,898131.25,77,81,73,76,101,100,98,97,20.241,20.21,22.29,22.216,863.629,92859,0,0,3433,6533,3,11,1,0,0,28,23,14,19,4,3,FALSE,0,FALSE
971.50726,10.425,10.171,8.8,8.222,7.5,19,17,3,898592.3,76,78,71,72,101,100,99,97,20.244,20.215,22.292,22.219,884.922,92859,0,0,3467,6550,3,11,1,0,0,28,23,14,19,4,3,FALSE,0,FALSE
972.006,10.447,10.193,8.805,8.226,7.487,19,17,3,893198.7,74,76,70,70,101,100,99,97,20.246,20.219,22.292,22.22,909.316,92859,0,0,3467,6550,3,11,1,0,0,28,23,14,19,4,3,FALSE,0,FALSE
972.50714,10.462,10.211,8.806,8.227,7.474,19,17,3,855501.6,73,72,68,69,101,101,99,97,20.247,20.22,22.291,22.22,936.551,92859,0,0,3467,6567,3,11,1,0,0,28,23,14,19,4,3,FALSE,0,FALSE
973.5073,10.508,10.254,8.826,8.245,7.447,19,17,3,761773.75,75,73,72,70,101,101,98,97,20.25,20.222,22.289,22.218,998.266,92859,0,0,3484,6567,3,11,1,0,0,28,23,14,19,4,3,FALSE,0,FALSE
974.0057,10.526,10.269,8.83,8.25,7.433,19,17,3,704786.7,73,72,70,69,101,101,98,97,20.25,20.221,22.288,22.216,1030.5,92859,0,0,3484,6567,3,11,1,0,0,28,23,14,19,4,3,FALSE,0,FALSE
974.5095,10.542,10.282,8.834,8.255,7.42,19,17,3,647171.7,73,71,70,69,101,101,98,97,20.249,20.22,22.285,22.213,1064.645,92859,0,0,3483,6566,3,11,1,0,0,28,23,14,19,4,3,FALSE,0,FALSE
975.00867,10.553,10.291,8.834,8.256,7.407,19,17,3,626069.94,71,71,69,69,101,100,98,97,20.247,20.218,22.281,22.21,1100.195,92859,0,0,3467,6566,3,11,1,0,0,28,23,14,19,4,3,FALSE,0,FALSE
975.5085,10.56,10.299,8.834,8.256,7.393,19,17,3,617428.06,71,71,69,69,101,100,98,97,20.245,20.216,22.277,22.206,1136.73,92859,0,0,3467,6566,3,11,1,0,0,28,23,14,19,4,3,FALSE,0,FALSE
976.0068,10.567,10.306,8.834,8.256,7.379,19,17,3,608786.2,71,71,69,69,101,100,98,97,20.242,20.213,22.273,22.202,1174.219,92859,0,0,3467,6550,3,11,1,0,0,28,23,14,19,4,3,FALSE,0,FALSE
976.50665,10.574,10.313,8.834,8.256,7.365,19,17,3,600144.3,71,71,70,69,101,100,98,97,20.238,20.21,22.268,22.197,1212.57,92859,0,0,3450,6550,3,11,1,0,0,28,23,14,19,4,3,FALSE,0,FALSE
977.00885,10.581,10.32,8.834,8.256,7.352,19,17,3,591502.44,71,71,70,69,101,100,98,97,20.234,20.207,22.262,22.192,1251.68,92859,0,0,3450,6550,3,11,1,0,0,28,23,14,19,4,3,FALSE,0,FALSE
977.5077,10.588,10.327,8.834,8.256,7.338,19,17,3,582860.56,71,71,70,69,101,100,98,97,20.23,20.203,22.256,22.187,1291.441,92859,0,0,3450,6516,3,11,1,0,0,28,23,14,19,4,3,FALSE,0,FALSE
978.0091,10.595,10.333,8.834,8.256,7.325,19,17,3,579568.8,71,71,70,69,101,100,98,97,20.226,20.199,22.25,22.181,1331.66,92859,0,0,3450,6516,3,11,1,0,0,28,23,14,19,4,3,FALSE,0,FALSE
979.51013,10.638,10.37,8.883,8.292,7.294,19,17,3,597914.3,75,73,79,76,100,100,98,96,20.216,20.189,22.239,22.17,1448.578,92859,0,0,3416,6483,3,11,1,0,0,28,23,14,19,4,3,FALSE,0,FALSE
980.0066,10.653,10.385,8.899,8.3,7.293,19,17,3,626519.5,72,71,73,71,100,100,98,97,20.218,20.191,22.244,22.175,1476.289,92859,0,0,3416,6483,3,11,1,0,0,28,23,14,19,4,3,FALSE,0,FALSE
980.5094,10.669,10.398,8.917,8.317,7.293,19,17,3,652159.5,74,71,76,73,101,100,98,97,20.221,20.193,22.25,22.18,1498.691,92859,0,0,3483,6566,3,11,1,0,0,28,23,14,19,4,3,FALSE,0,FALSE
981.0079,10.693,10.416,8.956,8.349,7.293,19,17,3,673421.5,79,74,86,80,101,100,98,97,20.226,20.196,22.258,22.187,1516.172,92859,0,0,3483,6600,3,11,1,0,0,28,23,14,19,4,3,FALSE,0,FALSE
981.5082,10.716,10.43,8.997,8.386,7.291,19,17,3,684537.7,80,73,91,85,101,100,98,97,20.232,20.2,22.269,22.196,1535.863,92859,0,0,3500,6600,3,11,1,0,0,28,23,14,19,4,3,FALSE,0,FALSE
982.01025,10.741,10.451,9.035,8.413,7.285,19,17,3,692255.94,82,76,91,82,101,100,98,97,20.239,20.204,22.282,22.206,1561.402,92859,0,0,3500,6600,3,11,1,0,0,28,23,14,19,4,3,FALSE,0,FALSE
982.508,10.768,10.473,9.063,8.432,7.279,19,17,3,699655.2,83,78,88,79,101,100,99,97,20.246,20.208,22.292,22.213,1578.477,92859,0,0,3533,6600,3,11,1,0,0,28,23,14,19,4,3,FALSE,0,FALSE
983.00684,10.789,10.491,9.078,8.445,7.271,19,17,3,707404.8,80,76,81,75,101,100,99,97,20.253,20.213,22.3,22.219,1596.289,92859,0,0,3533,6650,3,11,1,0,0,28,23,14,19,4,3,FALSE,0,FALSE
983.5074,10.817,10.521,9.085,8.452,7.259,19,17,3,713859,82,80,75,71,101,100,99,97,20.258,20.217,22.305,22.222,1614.691,92859,0,0,3533,6650,3,11,1,0,0,28,23,14,19,4,3,FALSE,0,FALSE
984.50824,10.917,10.61,9.102,8.467,7.237,19,17,3,730134.6,80,80,71,68,102,101,99,97,20.277,20.233,22.309,22.226,1658.629,92859,0,0,3467,6517,3,11,1,0,0,28,23,14,19,4,3,FALSE,0,FALSE
985.0055,10.945,10.637,9.103,8.469,7.224,19,17,3,725542.56,76,75,68,67,102,101,99,97,20.28,20.237,22.309,22.225,1683.832,92859,0,0,3467,6517,3,11,1,0,0,28,23,14,19,4,3,FALSE,0,FALSE
985.50836,10.963,10.654,9.104,8.469,7.211,19,17,3,725822.7,74,72,67,68,102,101,99,97,20.281,20.239,22.308,22.224,1711.438,92859,0,0,3467,6516,3,11,1,0,0,28,23,14,19,4,3,FALSE,0,FALSE
986.0098,10.974,10.667,9.108,8.473,7.197,19,17,3,718667.56,72,73,69,70,102,101,99,97,20.281,20.239,22.306,22.223,1740.656,92859,0,0,3483,6516,3,11,1,0,0,28,23,14,19,4,3,FALSE,0,FALSE
986.5084,10.987,10.684,9.116,8.48,7.184,19,17,3,716141.5,72,73,70,71,102,101,99,97,20.28,20.239,22.304,22.222,1771.746,92859,0,0,3483,6534,3,11,1,0,0,28,23,14,19,4,3,FALSE,0,FALSE
987.50824,11.019,10.726,9.14,8.503,7.158,19,17,3,704600.6,71,74,71,71,102,101,99,97,20.277,20.24,22.3,22.219,1840.277,92859,30035,0,3516,6533,3,11,1,0,0,28,23,14,19,4,3,FALSE,0,FALSE
988.0087,11.06,10.758,9.199,8.555,7.157,19,17,3,734866.44,81,76,89,82,102,101,99,97,20.279,20.24,22.302,22.221,1870.93,92859,30035,0,3517,6533,3,11,1,0,0,28,23,14,19,4,3,FALSE,0,FALSE
988.5072,11.111,10.797,9.302,8.637,7.155,19,17,3,750567.3,83,78,101,91,102,101,99,97,20.285,20.244,22.313,22.229,1898.258,92859,30035,0,3566,6533,3,11,1,0,0,28,23,14,19,4,3,FALSE,0,FALSE
989.5073,11.203,10.869,9.42,8.735,7.138,19,17,3,761699.44,85,79,86,80,102,101,99,98,20.296,20.25,22.332,22.242,1954,92859,30035,0,3566,6583,3,11,1,0,0,28,23,14,19,4,3,FALSE,0,FALSE
990.00793,11.223,10.886,9.428,8.743,7.125,19,17,3,758785.9,75,72,72,71,102,101,99,98,20.299,20.251,22.333,22.243,1981.035,92859,30035,0,3566,6583,3,11,1,0,0,28,23,14,19,4,3,FALSE,0,FALSE
990.50726,11.248,10.916,9.456,8.776,7.113,19,17,3,761249.6,75,78,75,80,102,101,99,98,20.299,20.252,22.332,22.243,2010.371,92859,30035,0,3583,6583,3,11,1,0,0,28,23,14,19,4,3,FALSE,0,FALSE
991.50476,11.327,11.01,9.545,8.885,7.088,19,17,3,766107.94,79,82,80,86,102,101,99,98,20.301,20.258,22.333,22.249,2072.559,92859,30035,0,3583,6633,3,11,1,0,0,28,23,14,19,4,3,FALSE,0,FALSE
992.50745,11.391,11.084,9.599,8.935,7.062,19,17,3,756935.56,73,78,75,73,102,101,99,98,20.3,20.261,22.329,22.249,2136.121,92859,30035,0,3650,6700,3,11,1,0,0,28,23,14,19,4,3,FALSE,0,FALSE
993.0074,11.403,11.101,9.606,8.941,7.048,19,17,3,748293.7,72,74,71,71,102,101,99,98,20.298,20.26,22.325,22.246,2169.879,92859,30035,0,3650,6700,3,11,1,0,0,28,23,14,19,4,3,FALSE,0,FALSE
993.5081,11.424,11.121,9.633,8.972,7.043,19,17,3,771072,75,74,78,78,102,101,99,98,20.296,20.259,22.325,22.246,2201.547,92859,30035,0,3650,6716,3,11,1,0,0,28,23,14,19,4,3,FALSE,0,FALSE
994.00586,11.444,11.139,9.649,8.99,7.042,19,17,3,797167.7,74,72,76,74,102,101,99,98,20.298,20.261,22.33,22.251,2225.77,92859,30035,0,3700,6716,3,11,1,0,0,28,23,14,19,4,3,FALSE,0,FALSE
994.50543,11.463,11.156,9.667,9.009,7.042,19,17,3,818313.25,77,73,78,76,102,101,99,98,20.301,20.263,22.335,22.256,2244.5,92859,30035,0,3700,6767,3,11,1,0,0,28,23,14,19,4,3,FALSE,0,FALSE
995.0061,11.487,11.174,9.699,9.032,7.042,19,17,3,832161.6,80,75,85,79,102,101,99,98,20.307,20.267,22.343,22.263,2258.332,92859,30035,0,3700,6767,3,11,1,0,0,28,23,14,19,4,3,FALSE,0,FALSE
995.5072,11.496,11.181,9.713,9.042,7.042,19,17,3,842700.4,76,72,83,76,102,101,100,98,20.311,20.269,22.351,22.269,2272.418,92859,30035,0,3733,6767,3,11,1,0,0,28,23,14,19,4,3,FALSE,0,FALSE
996.507,11.53,11.207,9.761,9.078,7.036,19,17,3,855718.3,81,75,86,79,102,102,100,98,20.32,20.274,22.37,22.282,2303.582,92859,30035,0,3617,6683,3,11,1,0,0,28,23,14,19,4,3,FALSE,0,FALSE
997.0061,11.543,11.217,9.774,9.089,7.031,19,17,3,862112.6,79,73,83,76,102,102,100,98,20.325,20.277,22.377,22.287,2315.613,92859,30035,0,3617,6683,3,11,1,0,0,28,23,14,19,4,3,FALSE,0,FALSE
997.50903,11.561,11.234,9.783,9.096,7.025,19,17,3,869164.7,80,75,78,73,103,102,100,99,20.33,20.28,22.383,22.29,2328.625,92859,30035,0,3617,6683,3,11,1,0,0,28,23,14,19,4,3,FALSE,0,FALSE
998.50806,11.596,11.264,9.786,9.099,7.004,19,17,3,884507.75,79,75,70,67,103,102,100,99,20.336,20.285,22.388,22.292,2361.84,92859,30035,0,3600,6700,3,11,1,0,0,28,23,14,19,4,3,FALSE,0,FALSE
999.0011,11.612,11.283,9.786,9.099,6.993,19,17,3,891784.94,77,76,67,68,103,102,100,99,20.339,20.287,22.387,22.292,2382.41,92859,30035,0,3600,6700,3,11,1,0,0,28,23,14,19,4,3,FALSE,0,FALSE
1000.00824,11.643,11.317,9.786,9.099,6.967,19,17,3,849272.7,72,72,67,68,103,102,100,98,20.341,20.289,22.383,22.289,2431.645,92859,30035,0,3650,6734,3,11,1,0,0,28,23,14,19,4,3,FALSE,0,FALSE
1000.506,11.653,11.328,9.786,9.099,6.953,19,17,3,842657.2,71,71,68,68,103,102,100,98,20.34,20.288,22.38,22.288,2459.707,92859,30035,0,3650,6734,3,11,1,0,0,28,23,14,19,4,3,FALSE,0,FALSE
1001.0076,11.663,11.337,9.786,9.099,6.94,19,17,3,840533.5,71,70,68,68,103,102,100,98,20.339,20.287,22.377,22.285,2489.758,92859,30035,0,3650,6734,3,11,1,0,0,28,23,14,19,4,3,FALSE,0,FALSE
1001.50507,11.671,11.345,9.786,9.099,6.927,19,17,3,832269.1,70,70,68,68,103,102,100,98,20.336,20.285,22.374,22.282,2521.355,92859,30035,0,3650,6767,3,11,1,0,0,28,23,14,19,4,3,FALSE,0,FALSE
1002.006,11.681,11.357,9.79,9.102,6.913,19,17,3,823627.25,70,71,69,69,103,102,100,98,20.334,20.282,22.37,22.279,2554.562,92859,30035,0,3650,6767,3,11,1,0,0,28,23,14,19,4,3,FALSE,0,FALSE
1002.5071,11.697,11.378,9.804,9.115,6.899,19,17,3,814985.4,72,74,71,73,103,102,100,98,20.331,20.281,22.366,22.276,2589.086,92859,30035,0,3650,6767,3,11,1,0,0,28,23,14,19,4,3,FALSE,0,FALSE
1003.00745,11.726,11.414,9.837,9.149,6.886,19,17,3,811708.56,75,78,75,78,103,102,100,98,20.329,20.281,22.363,22.275,2624.082,92859,30035,0,3683,6766,3,11,1,0,0,28,23,14,19,4,3,FALSE,0,FALSE
1003.50793,11.755,11.451,9.874,9.186,6.882,19,17,3,836365.7,74,77,76,79,103,102,100,98,20.328,20.282,22.363,22.277,2659.086,92859,30035,0,3683,6766,3,11,1,0,0,28,23,14,19,4,3,FALSE,0,FALSE
1004.00464,11.779,11.48,9.903,9.213,6.88,19,17,3,862392.4,75,78,77,80,103,102,100,98,20.33,20.285,22.367,22.282,2686.195,92859,30035,0,3683,6766,3,11,1,0,0,28,23,14,19,4,3,FALSE,0,FALSE
1005.00415,11.813,11.522,9.938,9.253,6.879,19,17,3,904599.3,74,78,77,81,103,102,100,99,20.335,20.295,22.376,22.295,2723.004,92859,30035,0,3717,6784,3,11,1,0,0,28,23,14,19,4,3,FALSE,0,FALSE
1005.50226,11.827,11.539,9.956,9.277,6.879,19,17,3,919091.25,74,78,78,85,103,102,100,99,20.338,20.3,22.382,22.303,2735.281,92859,30035,0,3717,6784,3,11,1,0,0,28,23,14,19,4,3,FALSE,0,FALSE
1006.00604,11.834,11.547,9.972,9.306,6.879,19,17,3,927222.56,73,75,79,91,103,102,100,99,20.341,20.305,22.388,22.313,2747.938,92859,30035,0,3717,6784,3,11,1,0,0,28,23,14,19,4,3,FALSE,0,FALSE
1006.5065,11.843,11.559,9.987,9.324,6.876,19,17,3,932467.1,73,77,79,89,103,102,100,99,20.343,20.309,22.393,22.324,2766.875,92859,30035,0,3717,6750,3,11,1,0,0,28,23,14,19,4,3,FALSE,0,FALSE
1007.0081,11.857,11.576,9.994,9.333,6.871,19,17,3,938113.25,75,79,76,82,103,102,100,99,20.346,20.314,22.398,22.333,2777.258,92859,30035,0,3684,6750,3,11,1,0,0,28,23,14,19,4,3,FALSE,0,FALSE
1007.50446,11.864,11.583,9.995,9.334,6.864,19,17,3,943010.1,73,75,71,75,103,102,100,99,20.348,20.318,22.401,22.338,2789.848,92859,30035,0,3684,6750,3,11,1,0,0,28,23,14,19,4,3,FALSE,0,FALSE
1008.0053,11.881,11.598,9.995,9.334,6.854,19,17,3,945291.3,76,76,68,70,103,102,100,99,20.35,20.321,22.402,22.341,2805.047,92859,30035,0,3684,6750,3,11,1,0,0,28,23,14,19,4,3,FALSE,0,FALSE
1008.5054,11.909,11.627,9.995,9.334,6.842,19,17,3,951305.4,80,81,67,68,103,102,100,99,20.354,20.326,22.401,22.342,2823.023,92859,30035,0,3684,6733,3,11,1,0,0,28,23,14,19,4,3,FALSE,0,FALSE
1009.0034,11.939,11.654,9.995,9.334,6.829,19,17,3,955925.9,79,79,67,67,103,103,100,99,20.359,20.331,22.4,22.341,2844.02,92859,30035,0,3683,6733,3,11,1,0,0,28,23,14,19,4,3,FALSE,0,FALSE
1009.50836,11.955,11.671,9.995,9.334,6.816,19,17,3,951452.8,74,74,67,67,103,103,100,99,20.361,20.333,22.398,22.34,2867.797,92859,30035,0,3683,6733,3,11,1,0,0,28,23,14,19,4,3,FALSE,0,FALSE
1010.00806,11.967,11.682,9.995,9.334,6.803,19,17,3,951129.06,72,72,68,68,103,103,100,99,20.361,20.334,22.396,22.338,2894.016,92859,30035,0,3633,6683,3,11,1,0,0,28,23,14,19,4,3,FALSE,0,FALSE
1010.5068,11.977,11.693,9.995,9.334,6.789,19,17,3,944333.75,71,72,68,68,103,103,100,99,20.361,20.334,22.394,22.336,2922.375,92859,30035,0,3633,6683,3,11,1,0,0,28,23,14,19,4,3,FALSE,0,FALSE
1010.9997,11.986,11.703,9.996,9.334,6.777,19,17,3,942005.56,71,71,68,69,103,103,100,99,20.359,20.332,22.391,22.334,2952.668,92859,30035,0,3633,6683,3,11,1,0,0,28,23,14,19,4,3,FALSE,0,FALSE
1011.3397,11.991,11.71,9.996,9.334,6.767,19,17,3,936471.94,71,72,69,69,103,103,100,99,20.358,20.332,22.389,22.332,2973.852,92859,30035,0,3633,6683,3,11,1,0,0,28,23,14,19,4,3,FALSE,0,FALSE
1011.8459,12,11.718,9.996,9.334,6.753,19,17,3,927547.3,71,71,69,69,103,103,100,99,20.356,20.33,22.385,22.329,3008.078,92859,30035,0,3634,6667,3,11,1,0,0,28,23,14,19,4,3,FALSE,0,FALSE
1012.3425,12.007,11.725,9.996,9.334,6.74,19,17,3,919193.5,71,71,69,69,103,103,100,99,20.353,20.328,22.381,22.326,3041.484,92859,30035,0,3634,6667,3,11,1,0,0,28,23,14,19,4,3,FALSE,0,FALSE
1012.8456,12.015,11.733,9.996,9.334,6.727,19,17,3,915739.8,71,71,70,69,103,102,100,99,20.35,20.325,22.377,22.321,3078.422,92859,30035,0,3650,6666,3,11,1,0,0,28,23,14,19,4,3,FALSE,0,FALSE
1013.3401,12.022,11.74,9.996,9.334,6.713,19,17,3,907386,71,71,70,70,103,102,100,99,20.347,20.322,22.372,22.317,3113.914,92859,30035,0,3650,6666,3,11,1,0,0,28,23,14,19,4,3,FALSE,0,FALSE
1013.843,12.03,11.746,9.996,9.334,6.699,19,17,3,898744.1,72,71,70,69,103,102,100,99,20.344,20.318,22.367,22.312,3151.582,92859,30035,0,3650,6666,3,11,1,0,0,28,23,14,19,4,3,FALSE,0,FALSE
1014.34656,12.037,11.753,9.996,9.334,6.685,19,17,3,889814.2,72,71,70,70,103,102,100,99,20.34,20.314,22.361,22.306,3191.426,92859,30035,0,3650,6667,3,11,1,0,0,28,23,14,19,4,3,FALSE,0,FALSE
1014.8405,12.044,11.76,9.996,9.334,6.672,19,17,3,881460.4,72,71,70,70,103,102,100,99,20.335,20.311,22.355,22.301,3229.441,92859,30035,0,3650,6667,3,11,1,0,0,28,23,14,19,4,3,FALSE,0,FALSE
1015.3416,12.051,11.766,9.996,9.334,6.658,19,17,3,872818.5,72,72,70,70,103,102,99,99,20.331,20.306,22.348,22.294,3269.414,92859,30035,0,3650,6650,3,11,1,0,0,28,23,14,19,4,3,FALSE,0,FALSE
1015.84216,12.057,11.772,9.996,9.334,6.645,19,17,3,869562,72,72,70,70,102,102,99,98,20.326,20.301,22.341,22.288,3309.844,92859,30035,0,3650,6650,3,11,1,0,0,28,23,14,19,4,3,FALSE,0,FALSE
1016.34265,12.063,11.779,9.996,9.334,6.632,19,17,3,860920.1,72,71,70,70,102,102,99,98,20.321,20.296,22.334,22.281,3350.707,92859,30035,0,3650,6650,3,11,1,0,0,28,23,14,19,4,3,FALSE,0,FALSE
1016.8456,12.083,11.798,10.025,9.363,6.625,19,17,3,887344.75,73,73,76,76,102,102,99,98,20.318,20.294,22.332,22.279,3389.602,92859,30035,0,3650,6650,3,11,1,0,0,28,23,14,19,4,3,FALSE,0,FALSE
1017.34515,12.102,11.818,10.048,9.385,6.624,19,17,3,916262.5,71,74,75,75,102,102,99,98,20.319,20.295,22.337,22.285,3418.445,92859,30035,0,3667,6684,3,11,1,0,0,28,23,14,19,4,3,FALSE,0,FALSE
1017.843,12.119,11.843,10.08,9.422,6.624,19,17,3,940516.06,73,78,79,84,102,102,99,99,20.319,20.298,22.342,22.291,3441.297,92859,30035,0,3667,6684,3,11,1,0,0,28,23,14,19,4,3,FALSE,0,FALSE
1018.3454,12.146,11.878,10.133,9.495,6.622,19,17,3,956768.56,77,81,87,97,102,102,100,99,20.323,20.304,22.351,22.303,3463.602,92859,30035,0,3684,6684,3,11,1,0,0,28,23,14,19,4,3,FALSE,0,FALSE
1018.8406,12.169,11.906,10.166,9.537,6.615,19,17,3,963281.94,77,83,84,92,102,102,100,99,20.326,20.309,22.359,22.316,3487.125,92859,30035,0,3733,6733,3,11,1,0,0,28,23,14,19,4,3,FALSE,0,FALSE
1019.3451,12.206,11.95,10.196,9.576,6.605,19,17,3,969929.3,82,87,81,88,103,102,100,99,20.33,20.317,22.366,22.326,3510.156,92859,30035,0,3733,6733,3,11,1,0,0,28,23,14,19,4,3,FALSE,0,FALSE
1019.8447,12.243,11.994,10.218,9.602,6.594,19,17,3,976293.44,81,86,77,82,103,102,100,99,20.336,20.325,22.371,22.334,3532.504,92859,30035,0,3767,6783,3,11,1,0,0,28,23,14,19,4,3,FALSE,0,FALSE
1020.3456,12.264,12.019,10.236,9.62,6.582,19,17,3,982399.56,76,80,75,78,103,103,100,99,20.338,20.33,22.373,22.338,3556.273,92859,30035,0,3767,6783,3,11,1,0,0,28,23,14,19,4,3,FALSE,0,FALSE
1020.8471,12.294,12.055,10.258,9.643,6.57,19,17,3,986688.06,78,82,75,78,103,103,100,99,20.34,20.334,22.375,22.342,3581.426,92859,30035,0,3767,6783,3,11,1,0,0,28,23,14,19,4,3,FALSE,0,FALSE
1021.34503,12.325,12.091,10.28,9.666,6.557,19,17,3,980453.6,77,81,75,77,103,103,100,99,20.342,20.338,22.376,22.344,3608.402,92859,30035,0,3783,6783,3,11,1,0,0,28,23,14,19,4,3,FALSE,0,FALSE
1021.8426,12.354,12.125,10.304,9.69,6.543,19,17,3,973647.94,76,80,75,77,103,103,100,99,20.343,20.341,22.377,22.346,3636.375,92859,30035,0,3783,6783,3,11,1,0,0,28,23,14,19,4,3,FALSE,0,FALSE
1022.3433,12.385,12.163,10.33,9.717,6.531,19,17,3,950508.4,76,80,75,77,103,103,100,99,20.344,20.344,22.377,22.347,3667.137,92859,30035,0,3783,6767,3,11,1,0,0,28,23,14,19,4,3,FALSE,0,FALSE
1022.84375,12.405,12.187,10.341,9.727,6.517,19,17,3,931093.4,71,75,71,71,103,103,100,99,20.343,20.345,22.376,22.347,3700.926,92859,30035,0,3783,6767,3,11,1,0,0,28,23,14,19,4,3,FALSE,0,FALSE
1023.34503,12.427,12.206,10.359,9.745,6.503,19,17,3,922451.5,77,75,76,73,103,103,100,99,20.341,20.343,22.374,22.344,3734.484,92859,30035,0,3800,6767,3,11,1,0,0,28,23,14,19,4,3,FALSE,0,FALSE
1023.8416,12.468,12.24,10.396,9.78,6.489,19,17,3,914097.7,79,76,79,76,103,103,100,99,20.341,20.343,22.374,22.343,3767.078,92859,30035,0,3800,6766,3,11,1,0,0,28,23,14,19,4,3,FALSE,0,FALSE
1024.3424,12.507,12.271,10.432,9.815,6.477,19,17,3,910829.2,79,76,80,77,103,103,100,99,20.342,20.341,22.373,22.341,3802.844,92859,30035,0,3800,6766,3,11,1,0,0,28,23,14,19,4,3,FALSE,0,FALSE
1024.844,12.57,12.323,10.494,9.872,6.463,19,17,3,901899.25,82,78,83,77,103,103,100,99,20.344,20.34,22.373,22.341,3841.402,92859,30035,0,3800,6783,3,11,1,0,0,28,23,14,19,4,3,FALSE,0,FALSE
1025.3428,12.618,12.363,10.564,9.93,6.449,19,17,3,893545.44,83,81,90,83,103,103,100,99,20.344,20.339,22.373,22.339,3877.75,92859,30035,0,3817,6783,3,11,1,0,0,28,23,14,19,4,3,FALSE,0,FALSE
1025.8435,12.695,12.429,10.666,10.02,6.436,19,17,3,884903.56,86,81,93,87,103,103,100,99,20.346,20.339,22.376,22.339,3914.484,92859,30035,0,3817,6750,3,11,1,0,0,28,23,14,19,4,3,FALSE,0,FALSE
1026.3424,12.778,12.499,10.784,10.123,6.422,19,17,3,876261.7,88,83,96,90,103,103,100,99,20.349,20.34,22.38,22.341,3949.844,92859,30035,0,3817,6750,3,11,1,0,0,28,23,14,19,4,3,FALSE,0,FALSE
1026.8431,12.844,12.557,10.854,10.186,6.408,19,17,3,867619.8,81,78,79,76,103,103,100,99,20.35,20.34,22.382,22.34,3985.211,92859,30035,0,3816,6766,3,11,1,0,0,28,23,14,19,4,3,FALSE,0,FALSE
1027.3405,12.852,12.565,10.855,10.188,6.395,19,17,3,862860.06,71,70,69,70,103,103,100,99,20.346,20.335,22.375,22.334,4021.633,92859,30035,40124,3816,6766,3,11,1,0,0,28,23,14,19,4,3,FALSE,0,FALSE
1027.8447,12.868,12.577,10.867,10.2,6.393,19,17,3,895872.25,72,70,72,71,103,103,100,99,20.342,20.33,22.372,22.33,4055.84,92859,30035,40124,3850,6783,3,11,1,0,0,28,23,14,19,4,3,FALSE,0,FALSE
1028.3442,12.893,12.595,10.897,10.229,6.392,19,17,3,924799.06,77,72,81,77,103,103,100,99,20.342,20.329,22.372,22.331,4083.016,92859,30035,40124,3850,6816,3,11,1,0,0,28,23,14,19,4,3,FALSE,0,FALSE
1028.846,12.933,12.625,10.963,10.282,6.392,19,17,3,945178.2,82,76,93,85,103,103,100,99,20.346,20.33,22.379,22.336,4106.293,92859,30035,40124,3866,6816,3,11,1,0,0,28,23,14,19,4,3,FALSE,0,FALSE
1029.3418,12.964,12.647,11.033,10.335,6.392,19,17,3,962893.8,81,76,100,89,103,103,100,99,20.351,20.332,22.39,22.343,4126.668,92859,30035,40124,3866,6816,3,11,1,0,0,28,23,14,19,4,3,FALSE,0,FALSE
1029.842,12.987,12.665,11.096,10.379,6.388,19,17,3,970710.6,80,75,102,88,103,103,100,100,20.354,20.333,22.402,22.35,4148.027,92859,30035,40124,3816,6750,3,11,1,0,0,28,23,14,19,4,3,FALSE,0,FALSE
1030.3406,13.015,12.688,11.133,10.407,6.382,19,17,3,977339.6,82,77,92,82,103,103,101,100,20.358,20.335,22.413,22.356,4169.117,92859,30035,40124,3817,6783,3,11,1,0,0,28,23,14,19,4,3,FALSE,0,FALSE
1030.84,13.038,12.707,11.153,10.424,6.373,19,17,3,983792.06,79,75,83,76,103,103,101,100,20.361,20.336,22.419,22.359,4188.941,92859,30035,40124,3817,6783,3,11,1,0,0,28,23,14,19,4,3,FALSE,0,FALSE
1031.338,13.064,12.731,11.165,10.434,6.361,19,17,3,985906.06,79,77,76,72,103,103,101,100,20.364,20.337,22.421,22.359,4210.293,92859,30035,40124,3817,6783,3,11,1,0,0,28,23,14,19,4,3,FALSE,0,FALSE
1031.8445,13.088,12.754,11.168,10.438,6.347,19,17,3,986092.1,78,75,71,69,103,103,101,100,20.365,20.338,22.42,22.358,4235.441,92859,30035,40124,3883,6833,3,11,1,0,0,28,23,14,19,4,3,FALSE,0,FALSE
1032.3417,13.102,12.765,11.168,10.438,6.334,19,17,3,980266.5,74,72,69,68,103,103,101,100,20.365,20.337,22.418,22.355,4261.395,92859,30035,40124,3883,6833,3,11,1,0,0,28,23,14,19,4,3,FALSE,0,FALSE
1032.8422,13.114,12.777,11.168,10.438,6.321,19,17,3,975874.6,71,72,67,66,103,103,101,100,20.363,20.335,22.414,22.351,4290.379,92859,30035,40124,3883,6833,3,11,1,0,0,28,23,14,19,4,3,FALSE,0,FALSE
1033.3447,13.124,12.786,11.168,10.438,6.308,19,17,3,970448.75,70,70,66,66,103,103,100,99,20.36,20.332,22.41,22.346,4321.945,92859,30035,40124,3900,6834,3,11,1,0,0,28,23,14,19,4,3,FALSE,0,FALSE
1033.8458,13.135,12.795,11.168,10.438,6.294,19,17,3,962041.7,72,71,69,69,103,103,100,99,20.357,20.328,22.405,22.341,4353.977,92859,30035,40124,3900,6833,3,11,1,0,0,28,23,14,19,4,3,FALSE,0,FALSE
1034.3411,13.143,12.803,11.168,10.438,6.281,19,17,3,953687.9,71,71,69,69,103,102,100,99,20.354,20.325,22.399,22.337,4386.414,92859,30035,40124,3900,6833,3,11,1,0,0,28,23,14,19,4,3,FALSE,0,FALSE
1034.8433,13.151,12.81,11.168,10.438,6.268,19,17,3,947766,71,71,69,69,103,102,100,99,20.349,20.321,22.394,22.331,4421.328,92859,30035,40124,3933,6833,3,11,1,0,0,28,23,14,19,4,3,FALSE,0,FALSE
1035.3428,13.157,12.818,11.168,10.438,6.254,19,17,3,941793.06,71,71,69,69,103,102,100,99,20.345,20.317,22.388,22.326,4457.273,92859,30035,40124,3933,6866,3,11,1,0,0,28,23,14,19,4,3,FALSE,0,FALSE
1035.8413,13.164,12.825,11.168,10.438,6.241,19,17,3,933151.2,71,71,69,69,103,102,100,99,20.34,20.312,22.381,22.319,4494.277,92859,30035,40124,3933,6866,3,11,1,0,0,28,23,14,19,4,3,FALSE,0,FALSE
1036.3424,13.171,12.832,11.168,10.438,6.227,19,17,3,924509.3,71,71,70,69,103,102,100,99,20.335,20.307,22.374,22.313,4532.273,92859,30035,40124,3967,6883,3,11,1,0,0,28,23,14,19,4,3,FALSE,0,FALSE
1036.8429,13.178,12.839,11.168,10.438,6.213,19,17,3,915867.44,71,71,69,69,103,102,100,99,20.329,20.302,22.367,22.306,4571.16,92859,30035,40124,3950,6883,3,11,1,0,0,28,23,14,19,4,3,FALSE,0,FALSE
1037.3424,13.184,12.845,11.168,10.438,6.2,19,17,3,912518.7,72,72,70,70,102,102,100,99,20.323,20.296,22.36,22.299,4610.812,92859,30035,40124,3950,6883,3,11,1,0,0,28,23,14,19,4,3,FALSE,0,FALSE
1037.8453,13.191,12.852,11.168,10.438,6.186,19,17,3,903588.75,72,72,70,70,102,102,100,99,20.318,20.291,22.352,22.292,4652.332,92859,30035,40124,3950,6883,3,11,1,0,0,28,23,14,19,4,3,FALSE,0,FALSE
1038.3405,13.197,12.858,11.168,10.438,6.173,19,17,3,895234.94,72,72,70,70,102,102,99,98,20.312,20.285,22.345,22.284,4691.695,92859,30035,40124,3967,6883,3,11,1,0,0,28,23,14,19,4,3,FALSE,0,FALSE
1038.8405,13.204,12.864,11.168,10.438,6.159,19,17,3,886593.06,72,72,70,70,102,102,99,98,20.306,20.279,22.337,22.277,4732.898,92859,30035,40124,3967,6883,3,11,1,0,0,28,23,14,19,4,3,FALSE,0,FALSE
1039.34,13.211,12.871,11.168,10.438,6.145,19,17,3,877951.2,72,72,71,70,102,102,99,98,20.299,20.273,22.328,22.269,4774.52,92859,30035,40124,3950,6883,3,11,1,0,0,28,23,14,19,4,3,FALSE,0,FALSE
1039.8386,13.218,12.878,11.17,10.44,6.132,19,17,3,872500.25,72,73,72,71,102,101,99,98,20.293,20.267,22.32,22.26,4816.484,92859,30035,40124,3950,6883,3,11,1,0,0,28,23,14,19,4,3,FALSE,0,FALSE
1040.3418,13.243,12.904,11.207,10.474,6.129,19,17,3,904393.2,73,73,76,76,102,101,99,98,20.29,20.264,22.32,22.261,4853.062,92859,30035,40124,3950,6883,3,11,1,0,0,28,23,14,19,4,3,FALSE,0,FALSE
1040.8455,13.264,12.927,11.228,10.494,6.128,19,17,3,932472.3,73,72,74,74,102,101,99,98,20.291,20.266,22.325,22.267,4881.594,92859,30035,40124,3950,6883,3,11,1,0,0,28,23,14,19,4,3,FALSE,0,FALSE
1041.341,13.278,12.937,11.242,10.507,6.128,19,17,3,954637,73,71,75,73,102,101,99,98,20.293,20.267,22.331,22.272,4902.562,92859,30035,40124,3950,6917,3,11,1,0,0,28,23,14,19,4,3,FALSE,0,FALSE
1041.8447,13.294,12.948,11.267,10.528,6.128,19,17,3,972304,75,70,80,75,102,101,99,98,20.296,20.269,22.337,22.277,4921.117,92859,30035,40124,4000,6917,3,11,1,0,0,28,23,14,19,4,3,FALSE,0,FALSE
1042.3451,13.316,12.965,11.317,10.56,6.124,19,17,3,980249.9,77,74,93,81,102,101,99,98,20.3,20.271,22.347,22.284,4939.984,92859,30035,40124,4000,6917,3,11,1,0,0,28,23,14,19,4,3,FALSE,0,FALSE
1042.8422,13.335,12.981,11.351,10.584,6.118,19,17,3,986354,79,75,91,80,102,102,100,99,20.304,20.273,22.359,22.291,4961.461,92859,30035,40124,4033,6950,3,11,1,0,0,28,23,14,19,4,3,FALSE,0,FALSE
1043.339,13.354,12.998,11.366,10.596,6.111,19,17,3,992668.9,78,74,81,74,102,102,100,99,20.309,20.276,22.367,22.297,4978.816,92859,30035,40124,4000,6950,3,11,1,0,0,28,23,14,19,4,3,FALSE,0,FALSE
1043.8412,13.376,13.019,11.375,10.603,6.1,19,17,3,992877.75,78,76,75,71,102,102,100,99,20.312,20.279,22.372,22.3,4998.551,92859,30035,40124,4000,6950,3,11,1,0,0,28,23,14,19,4,3,FALSE,0,FALSE
1044.343,13.406,13.05,11.383,10.612,6.087,19,17,3,989040.5,80,79,73,70,102,102,100,99,20.317,20.282,22.375,22.301,5020.145,92859,30035,40124,4000,6933,3,11,1,0,0,28,23,14,19,4,3,FALSE,0,FALSE
1044.8402,13.435,13.077,11.394,10.622,6.073,19,17,3,983832.1,79,76,73,70,102,102,100,99,20.321,20.286,22.376,22.302,5043.922,92859,30035,40124,4000,6950,3,11,1,0,0,28,23,14,19,4,3,FALSE,0,FALSE
1045.3431,13.451,13.091,11.397,10.625,6.06,19,17,3,983118.44,74,72,70,68,102,102,100,99,20.322,20.287,22.377,22.302,5070.688,92859,30035,40124,4000,6950,3,11,1,0,0,28,23,14,19,4,3,FALSE,0,FALSE
1045.8422,13.461,13.1,11.397,10.626,6.046,19,17,3,975884.25,72,71,69,68,102,102,100,99,20.322,20.286,22.376,22.301,5100.156,92859,30035,40124,4000,6950,3,11,1,0,0,28,23,14,19,4,3,FALSE,0,FALSE
1046.3373,13.469,13.109,11.397,10.626,6.033,19,17,3,973230.6,71,70,68,69,102,102,100,99,20.32,20.285,22.373,22.299,5131.367,92859,30035,40124,4000,6933,3,11,1,0,0,28,23,14,19,4,3,FALSE,0,FALSE
1046.841,13.477,13.117,11.397,10.626,6.02,19,17,3,964618.44,72,71,69,69,102,102,100,99,20.319,20.283,22.371,22.297,5164.176,92859,30035,40124,3984,6934,3,11,1,0,0,28,23,14,19,4,3,FALSE,0,FALSE
1047.3453,13.485,13.125,11.397,10.626,6.005,19,17,3,955688.5,71,71,69,69,102,102,100,99,20.317,20.281,22.367,22.295,5199.652,92859,30035,40124,3984,6934,3,11,1,0,0,28,23,14,19,4,3,FALSE,0,FALSE
1047.8416,13.492,13.132,11.397,10.626,5.993,19,17,3,952682.1,71,71,69,69,102,102,100,99,20.314,20.279,22.364,22.292,5233.98,92859,30035,40124,3984,6917,3,11,1,0,0,28,23,14,19,4,3,FALSE,0,FALSE
1048.339,13.499,13.139,11.397,10.626,5.979,19,17,3,944040.25,71,71,70,69,102,102,100,98,20.311,20.276,22.36,22.288,5270.512,92859,30035,40124,3983,6917,3,11,1,0,0,28,23,14,19,4,3,FALSE,0,FALSE
1048.8448,13.506,13.146,11.397,10.626,5.965,19,17,3,935110.3,71,71,70,69,102,101,100,98,20.307,20.272,22.355,22.284,5309.293,92859,30035,40124,3984,6933,3,11,1,0,0,28,23,14,19,4,3,FALSE,0,FALSE
1049.3416,13.513,13.153,11.397,10.626,5.952,19,17,3,926756.5,71,71,70,69,102,101,99,98,20.304,20.269,22.35,22.279,5346.434,92859,30035,40124,3984,6934,3,11,1,0,0,28,23,14,19,4,3,FALSE,0,FALSE
1049.8436,13.52,13.16,11.397,10.626,5.938,19,17,3,917826.56,71,71,70,69,102,101,99,98,20.3,20.265,22.344,22.274,5386.914,92859,30035,40124,3984,6917,3,11,1,0,0,28,23,14,19,4,3,FALSE,0,FALSE
1050.3385,13.526,13.166,11.397,10.626,5.925,19,17,4,914753.4,71,71,70,70,102,101,99,98,20.295,20.261,22.338,22.268,16.484,93166,0,0,3984,6917,3,12,1,0,0,28,23,14,19,4,3,FALSE,0,FALSE
1050.8405,13.532,13.172,11.397,10.626,5.912,19,17,4,906111.5,71,71,70,70,102,101,99,98,20.29,20.257,22.332,22.262,56.766,93166,0,0,3967,6917,3,12,1,0,0,28,23,14,19,4,3,FALSE,0,FALSE
1051.3419,13.538,13.178,11.397,10.626,5.898,19,17,4,897469.6,72,72,70,70,102,101,99,98,20.285,20.252,22.325,22.256,97.469,93166,0,0,3967,6916,3,12,1,0,0,28,23,14,19,4,3,FALSE,0,FALSE
1051.8414,13.545,13.184,11.397,10.626,5.884,19,17,4,888827.75,71,71,70,69,102,101,99,98,20.28,20.246,22.318,22.249,138.637,93166,0,0,3983,6916,3,12,1,0,0,28,23,14,19,4,3,FALSE,0,FALSE
1052.3396,13.551,13.191,11.397,10.626,5.871,19,17,4,880185.9,71,71,70,69,102,101,99,98,20.274,20.241,22.31,22.241,180.219,93166,0,0,3966,6900,3,12,1,0,0,28,23,14,19,4,3,FALSE,0,FALSE
1052.8441,13.558,13.197,11.397,10.626,5.856,19,17,4,871255.94,72,72,70,70,101,101,99,98,20.268,20.235,22.302,22.234,223.586,93166,0,0,3967,6900,3,12,1,0,0,28,23,14,19,4,3,FALSE,0,FALSE
1053.3389,13.564,13.203,11.397,10.626,5.843,19,17,4,862902.1,72,72,70,70,101,101,99,97,20.262,20.229,22.294,22.226,264.465,93166,0,0,3950,6900,3,12,1,0,0,28,23,14,19,4,3,FALSE,0,FALSE
1053.8373,13.57,13.21,11.397,10.626,5.829,19,17,4,854260.25,72,71,70,70,101,101,98,97,20.256,20.223,22.286,22.218,307.039,93166,0,0,3950,6900,3,12,1,0,0,28,23,14,19,4,3,FALSE,0,FALSE
1054.3412,13.577,13.216,11.397,10.626,5.815,19,17,4,845618.4,71,71,69,69,101,100,98,97,20.249,20.216,22.277,22.21,349.895,93166,0,0,3950,6900,3,12,1,0,0,28,23,14,19,4,3,FALSE,0,FALSE
1054.842,13.583,13.222,11.397,10.626,5.801,19,17,4,836976.5,72,72,71,70,101,100,98,97,20.242,20.21,22.268,22.201,392.965,93166,0,0,3950,6900,3,12,1,0,0,28,23,14,19,4,3,FALSE,0,FALSE
1055.3271,13.59,13.229,11.397,10.626,5.788,19,17,4,828334.6,72,72,70,70,101,100,98,97,20.235,20.203,22.259,22.192,436.215,93166,0,0,3950,6900,3,12,1,0,0,28,23,14,19,4,3,FALSE,0,FALSE
1055.84,13.596,13.235,11.397,10.626,5.774,19,17,4,819692.75,72,72,70,70,101,100,98,97,20.227,20.195,22.25,22.183,479.637,93166,0,0,3950,6900,3,12,1,0,0,28,23,14,19,4,3,FALSE,0,FALSE
1056.3411,13.603,13.241,11.397,10.626,5.76,19,17,4,811050.9,72,72,70,70,101,100,98,97,20.219,20.188,22.24,22.174,523.215,93166,0,0,3950,6850,3,12,1,0,0,28,23,14,19,4,3,FALSE,0,FALSE
1056.8383,13.609,13.248,11.397,10.626,5.746,19,17,4,802409,71,71,69,69,100,100,97,96,20.212,20.18,22.23,22.165,566.918,93166,0,0,3950,6850,3,12,1,0,0,28,23,14,19,4,3,FALSE,0,FALSE
1057.341,13.621,13.259,11.41,10.639,5.735,19,17,4,808317.9,73,73,74,73,100,100,97,96,20.204,20.173,22.222,22.157,610.078,93166,0,0,3917,6833,3,12,1,0,0,28,23,14,19,4,3,FALSE,0,FALSE
1057.8422,13.649,13.285,11.443,10.674,5.733,19,17,4,841739.5,73,73,76,76,100,100,97,96,20.203,20.172,22.225,22.16,645.52,93166,0,0,3917,6833,4,12,1,0,0,28,23,14,19,4,3,FALSE,0,FALSE
1058.3396,13.669,13.306,11.46,10.69,5.732,19,17,4,868595.8,73,73,74,73,100,100,98,96,20.205,20.174,22.231,22.166,672.25,93166,0,0,65502,6833,4,12,1,0,0,28,23,14,19,4,3,FALSE,0,FALSE
1058.841,13.679,13.315,11.464,10.695,5.731,19,17,4,890270.4,70,70,71,70,100,100,98,97,20.207,20.177,22.237,22.172,692.543,93166,0,0,65502,6900,4,12,1,0,0,28,23,14,19,4,3,FALSE,0,FALSE
1059.3378,13.687,13.322,11.468,10.699,5.731,19,17,4,907721.2,70,69,70,69,100,100,98,97,20.21,20.18,22.242,22.178,707.996,93166,0,0,34,6900,4,12,1,0,0,28,23,14,19,4,3,FALSE,0,FALSE
1059.8438,13.694,13.327,11.483,10.71,5.731,19,17,4,917788.94,70,68,75,71,100,100,98,97,20.212,20.182,22.247,22.183,720.141,93166,0,0,34,7066,4,12,1,0,0,28,23,14,19,4,3,FALSE,0,FALSE
1060.3385,13.703,13.334,11.495,10.72,5.731,19,17,4,927174.2,72,69,77,72,100,100,98,97,20.215,20.183,22.254,22.188,729.027,93166,0,0,34,7066,4,12,1,0,0,28,23,14,19,4,3,FALSE,0,FALSE
1060.8423,13.71,13.34,11.517,10.731,5.731,19,17,4,931709.75,71,70,84,73,100,100,98,97,20.218,20.185,22.262,22.194,740.652,93166,0,0,34,7066,4,12,1,0,0,28,23,14,19,4,3,FALSE,0,FALSE
1061.3386,13.721,13.354,11.528,10.737,5.729,19,17,4,936444.25,76,75,82,74,101,100,98,97,20.22,20.188,22.271,22.198,760.535,93166,0,0,233,7066,4,12,1,0,0,28,23,14,19,4,3,FALSE,0,FALSE
1061.8402,13.735,13.365,11.531,10.741,5.725,19,17,4,940610.7,77,74,77,72,101,100,98,97,20.226,20.192,22.278,22.203,771.09,93166,0,0,233,7233,4,12,1,0,0,28,23,14,19,4,3,FALSE,0,FALSE
1062.3418,13.745,13.379,11.532,10.742,5.718,19,17,4,944033.5,76,75,72,69,101,100,98,97,20.23,20.196,22.283,22.206,783.004,93166,0,0,233,7233,4,12,1,0,0,28,23,14,19,4,3,FALSE,0,FALSE
1062.841,13.753,13.389,11.532,10.742,5.709,19,17,4,949466.75,73,73,69,68,101,100,98,97,20.234,20.2,22.286,22.209,797.328,93166,0,0,233,7233,4,12,1,0,0,28,23,14,19,4,3,FALSE,0,FALSE
1063.3434,13.765,13.402,11.537,10.748,5.701,19,17,4,958069.7,73,73,68,70,101,100,98,97,20.236,20.203,22.287,22.211,814.039,93166,0,0,366,7166,4,12,1,0,0,28,23,14,19,4,3,FALSE,0,FALSE
1063.8413,13.78,13.419,11.547,10.76,5.691,19,17,4,963073.4,74,75,69,73,101,100,98,97,20.239,20.206,22.289,22.214,832.133,93166,0,0,366,7166,4,12,1,0,0,28,23,14,19,4,3,FALSE,0,FALSE
1064.3396,13.799,13.44,11.557,10.772,5.681,19,17,4,969220.06,75,78,71,74,101,100,98,97,20.241,20.209,22.29,22.217,859.156,93166,0,0,200,7166,4,12,1,0,0,28,23,14,19,4,3,FALSE,0,FALSE
1064.8405,13.823,13.465,11.568,10.782,5.669,19,17,4,973507.5,75,78,71,72,101,100,99,97,20.244,20.214,22.291,22.22,880.645,93166,0,0,200,7167,4,12,1,0,0,28,23,14,19,4,3,FALSE,0,FALSE
1065.3414,13.852,13.496,11.579,10.792,5.656,19,17,4,973638.3,75,78,70,71,101,100,99,97,20.247,20.218,22.292,22.221,904.961,93166,0,0,200,7167,4,12,1,0,0,28,23,14,19,4,3,FALSE,0,FALSE
1065.8417,13.863,13.509,11.58,10.793,5.643,19,17,4,973005.44,72,72,68,69,101,101,99,97,20.247,20.22,22.292,22.221,931.895,93166,0,0,183,7167,4,12,1,0,0,28,23,14,19,4,3,FALSE,0,FALSE
1066.8391,13.907,13.545,11.604,10.818,5.617,19,17,4,963688.44,76,73,73,71,101,101,98,97,20.249,20.22,22.29,22.22,993.082,93166,0,0,166,7150,4,12,1,0,0,28,23,14,19,4,3,FALSE,0,FALSE
1067.8424,13.937,13.569,11.612,10.827,5.589,19,17,4,946633.25,70,69,69,68,101,100,98,97,20.247,20.217,22.286,22.215,1058.555,93166,0,0,166,7133,4,12,1,0,0,28,23,14,19,4,3,FALSE,0,FALSE
1068.3417,13.947,13.578,11.613,10.828,5.576,19,17,4,943460.94,69,69,68,68,101,100,98,97,20.244,20.214,22.282,22.212,1093.781,93166,0,0,150,7133,4,12,1,0,0,28,23,14,19,4,3,FALSE,0,FALSE
1068.8395,13.954,13.586,11.613,10.828,5.563,19,17,4,934819.06,69,69,68,68,101,100,98,97,20.241,20.211,22.277,22.208,1130.258,93166,0,0,133,7100,4,12,1,0,0,28,23,14,19,4,3,FALSE,0,FALSE
1069.3392,13.961,13.593,11.613,10.828,5.549,19,17,4,926177.2,69,69,69,68,101,100,98,97,20.237,20.207,22.273,22.203,1168.035,93166,0,0,133,7100,4,12,1,0,0,28,23,14,19,4,3,FALSE,0,FALSE
1069.8435,13.969,13.603,11.615,10.83,5.534,19,17,4,917247.25,69,70,69,69,101,100,98,97,20.232,20.203,22.267,22.198,1208.316,93166,0,0,116,7100,4,12,1,0,0,28,23,14,19,4,3,FALSE,0,FALSE
1070.3402,13.981,13.613,11.619,10.834,5.522,19,17,4,914250.1,71,70,71,70,101,100,98,97,20.228,20.199,22.262,22.193,1246.926,93166,0,0,83,7050,4,12,1,0,0,28,23,14,19,4,3,FALSE,0,FALSE
1070.8394,13.988,13.623,11.622,10.836,5.509,19,17,4,905608.25,70,70,70,70,101,100,98,97,20.223,20.195,22.256,22.188,1287.457,93166,0,0,83,7050,4,12,1,0,0,28,23,14,19,4,3,FALSE,0,FALSE
1071.3401,13.995,13.629,11.622,10.837,5.495,19,17,4,896966.4,70,70,70,69,100,100,98,97,20.218,20.19,22.25,22.182,1328.633,93166,0,0,67,7000,4,12,1,0,0,28,23,14,19,4,3,FALSE,0,FALSE
1071.8384,14.002,13.635,11.622,10.837,5.481,19,17,4,888324.5,70,70,70,69,100,100,98,97,20.213,20.185,22.243,22.176,1370.434,93166,0,0,50,7000,4,12,1,0,0,28,23,14,19,4,3,FALSE,0,FALSE
1072.3369,14.019,13.65,11.647,10.857,5.472,19,17,4,904261.56,73,73,76,75,100,100,98,97,20.209,20.181,22.24,22.173,1411.074,93166,0,0,33,6966,4,12,1,0,0,28,23,14,19,4,3,FALSE,0,FALSE
1072.8406,14.038,13.666,11.664,10.871,5.471,19,17,4,936086.5,71,71,72,71,100,100,98,97,20.21,20.182,22.244,22.177,1443.688,93166,0,0,33,6966,4,12,1,0,0,28,23,14,19,4,3,FALSE,0,FALSE
1073.3429,14.05,13.676,11.67,10.875,5.47,19,17,4,962415.94,71,70,70,70,100,100,98,97,20.212,20.184,22.248,22.181,1470.191,93166,0,0,33,6967,4,12,1,0,0,28,23,14,19,4,3,FALSE,0,FALSE
1073.8383,14.058,13.682,11.678,10.883,5.469,19,17,4,985532.25,70,68,71,70,100,100,98,97,20.214,20.185,22.252,22.185,1492.094,93166,0,0,33,6967,4,12,1,0,0,28,23,14,19,4,3,FALSE,0,FALSE
1074.3425,14.077,13.696,11.713,10.911,5.469,19,17,4,1002469.94,75,71,83,77,100,100,98,97,20.217,20.187,22.258,22.191,1509.812,93166,0,0,167,7100,4,12,1,0,0,28,23,14,19,4,3,FALSE,0,FALSE
1074.8403,14.098,13.71,11.763,10.954,5.468,19,17,4,1010553.44,79,72,91,86,101,100,98,97,20.223,20.19,22.27,22.199,1525.543,93166,0,0,167,7234,4,12,1,0,0,28,23,14,19,4,3,FALSE,0,FALSE
1075.3405,14.124,13.728,11.81,10.99,5.465,19,17,4,1018134.4,81,74,96,87,101,100,98,97,20.229,20.194,22.282,22.21,1550.688,93166,0,0,167,7234,4,12,1,0,0,28,23,14,19,4,3,FALSE,0,FALSE
1075.8367,14.14,13.74,11.848,11.017,5.461,19,17,4,1025594.44,78,73,93,84,101,100,99,97,20.235,20.197,22.295,22.219,1570.094,93166,0,0,300,7234,4,12,1,0,0,28,23,14,19,4,3,FALSE,0,FALSE
1076.3394,14.157,13.754,11.866,11.031,5.455,19,17,4,1033129.06,77,73,85,77,101,100,99,97,20.24,20.2,22.305,22.226,1587.102,93166,0,0,300,7234,4,12,1,0,0,28,23,14,19,4,3,FALSE,0,FALSE
1076.8417,14.168,13.763,11.873,11.037,5.448,19,17,4,1040811.8,75,71,76,72,101,100,99,97,20.244,20.202,22.311,22.23,1603.805,93166,0,0,300,7284,4,12,1,0,0,28,23,14,19,4,3,FALSE,0,FALSE
1077.3433,14.191,13.785,11.882,11.045,5.437,19,17,4,1048724.1,78,75,73,71,101,100,99,98,20.247,20.204,22.313,22.232,1622.391,93166,0,0,284,7284,4,12,1,0,0,28,23,14,19,4,3,FALSE,0,FALSE
1077.8408,14.211,13.805,11.885,11.049,5.424,19,17,4,1050823.1,77,75,71,69,101,100,99,98,20.251,20.207,22.315,22.233,1644,93166,0,0,284,7267,4,12,1,0,0,28,23,14,19,4,3,FALSE,0,FALSE
1078.3418,14.243,13.835,11.886,11.051,5.411,19,17,4,1053727.4,77,77,69,67,101,100,99,98,20.255,20.211,22.315,22.232,1668,93166,0,0,217,7267,4,12,1,0,0,28,23,14,19,4,3,FALSE,0,FALSE
1078.8413,14.264,13.855,11.887,11.051,5.399,19,17,4,1054010.1,73,73,67,67,101,100,99,98,20.257,20.213,22.313,22.231,1694.68,93166,0,0,217,7267,4,12,1,0,0,28,23,14,19,4,3,FALSE,0,FALSE
1079.3357,14.275,13.867,11.889,11.053,5.385,19,17,4,1047088.6,71,72,68,69,101,100,99,97,20.257,20.213,22.311,22.229,1723.633,93166,0,0,183,7250,4,12,1,0,0,28,23,14,19,4,3,FALSE,0,FALSE
1079.8397,14.289,13.884,11.897,11.06,5.372,19,17,4,1044665.75,71,73,69,70,101,100,99,97,20.256,20.214,22.309,22.228,1754.391,93166,0,0,183,7250,4,12,1,0,0,28,23,14,19,4,3,FALSE,0,FALSE
1080.3394,14.302,13.901,11.906,11.068,5.358,19,17,4,1036150.06,71,72,69,71,101,100,99,97,20.255,20.213,22.306,22.226,1786.871,93166,0,0,166,7250,4,12,1,0,0,28,23,14,19,4,3,FALSE,0,FALSE
1080.8398,14.322,13.927,11.924,11.086,5.345,19,17,4,1027508.2,72,77,74,73,101,100,99,97,20.253,20.214,22.304,22.225,1821.938,93166,30462,0,166,7250,4,12,1,0,0,28,23,14,19,4,3,FALSE,0,FALSE
1081.339,14.348,13.954,11.951,11.107,5.342,19,17,4,1054121.8,76,75,78,74,101,100,99,97,20.253,20.214,22.304,22.224,1855.723,93166,30462,0,150,7250,4,12,1,0,0,28,23,14,19,4,3,FALSE,0,FALSE
1081.8405,14.385,13.982,11.996,11.145,5.342,19,17,4,1081338.4,78,73,82,77,101,100,99,97,20.257,20.217,22.308,22.227,1883.426,93166,30462,0,150,7250,4,12,1,0,0,28,23,14,19,4,3,FALSE,0,FALSE
1082.339,14.427,14.007,12.052,11.204,5.338,19,17,4,1089416.4,86,74,87,88,101,100,99,98,20.261,20.218,22.314,22.232,1911.965,93166,30462,0,150,7233,4,12,1,0,0,28,23,14,19,4,3,FALSE,0,FALSE
1082.8372,14.506,14.065,12.134,11.276,5.33,19,17,4,1095392.9,93,83,94,89,101,101,99,98,20.27,20.222,22.322,22.239,1940.25,93166,30462,0,183,7233,4,12,1,0,0,28,23,14,19,4,3,FALSE,0,FALSE
1083.3381,14.574,14.119,12.181,11.313,5.32,19,17,4,1099986.5,89,82,85,80,102,101,99,98,20.28,20.229,22.329,22.244,1966.195,93166,30462,0,183,7233,4,12,1,0,0,28,23,14,19,4,3,FALSE,0,FALSE
1083.8414,14.602,14.147,12.198,11.334,5.307,19,17,4,1098935.9,77,77,75,78,102,101,99,98,20.284,20.231,22.33,22.245,1993.41,93166,30462,0,166,7266,4,12,1,0,0,28,23,14,19,4,3,FALSE,0,FALSE
1084.3418,14.64,14.192,12.233,11.379,5.295,19,17,4,1103515.1,77,80,77,82,102,101,99,98,20.286,20.234,22.33,22.248,2023.25,93166,30462,0,166,7266,4,12,1,0,0,28,23,14,19,4,3,FALSE,0,FALSE
1085.3385,14.723,14.291,12.318,11.483,5.27,19,17,4,1109679.6,78,82,78,83,102,101,99,98,20.288,20.241,22.33,22.254,2084.074,93166,30462,0,200,7333,4,12,1,0,0,28,23,14,19,4,3,FALSE,0,FALSE
1085.8406,14.777,14.355,12.359,11.523,5.257,19,17,4,1101887.4,80,87,77,77,102,101,99,98,20.289,20.244,22.329,22.255,2115.598,93166,30462,0,250,7333,4,12,1,0,0,28,23,14,19,4,3,FALSE,0,FALSE
1086.3389,14.825,14.418,12.389,11.547,5.243,19,17,4,1093520,75,78,73,72,102,101,99,98,20.291,20.249,22.328,22.253,2147.941,93166,30462,0,267,7333,4,12,1,0,0,28,23,14,19,4,3,FALSE,0,FALSE
1086.8375,14.836,14.428,12.397,11.556,5.23,19,17,4,1094970.8,72,72,74,73,102,101,99,98,20.288,20.248,22.324,22.25,2181.254,93166,30462,0,267,7350,4,12,1,0,0,28,23,14,19,4,3,FALSE,0,FALSE
1087.3389,14.859,14.451,12.422,11.584,5.229,19,17,4,1123488.8,74,73,76,75,102,101,99,98,20.289,20.248,22.327,22.253,2208.98,93166,30462,0,300,7350,4,12,1,0,0,28,23,14,19,4,3,FALSE,0,FALSE
1087.8397,14.873,14.462,12.43,11.593,5.229,19,17,4,1147400.2,72,71,73,72,102,101,99,98,20.291,20.25,22.331,22.257,2230.613,93166,30462,0,300,7383,4,12,1,0,0,28,23,14,19,4,3,FALSE,0,FALSE
1088.3425,14.884,14.473,12.441,11.603,5.229,19,17,4,1166643.6,73,70,74,73,102,101,99,98,20.293,20.251,22.335,22.261,2247.523,93166,30462,0,300,7433,4,12,1,0,0,28,23,14,19,4,3,FALSE,0,FALSE
1088.8417,14.896,14.482,12.463,11.62,5.229,19,17,4,1180871,74,71,80,75,102,101,99,98,20.295,20.253,22.341,22.266,2260.125,93166,30462,0,300,7433,4,12,1,0,0,28,23,14,19,4,3,FALSE,0,FALSE
1089.339,14.908,14.491,12.487,11.635,5.228,19,17,4,1188283.4,74,71,85,76,102,101,99,98,20.299,20.255,22.349,22.272,2272.344,93166,30462,0,367,7433,4,12,1,0,0,28,23,14,19,4,3,FALSE,0,FALSE
1089.8403,14.919,14.502,12.503,11.646,5.225,19,17,4,1194171.8,75,73,85,75,102,101,100,98,20.302,20.257,22.357,22.276,2290.996,93166,30462,0,367,7450,4,12,1,0,0,28,23,14,19,4,3,FALSE,0,FALSE
1090.3391,14.934,14.514,12.519,11.659,5.221,19,17,4,1200269.5,78,73,83,75,102,101,100,98,20.306,20.26,22.365,22.281,2304.301,93166,30462,0,367,7450,4,12,1,0,0,28,23,14,19,4,3,FALSE,0,FALSE
1090.8391,14.948,14.525,12.531,11.669,5.215,19,17,4,1206873.1,77,73,80,74,102,101,100,98,20.31,20.262,22.371,22.285,2316.922,93166,30462,0,367,7450,4,12,1,0,0,28,23,14,19,4,3,FALSE,0,FALSE
1091.3428,14.964,14.54,12.538,11.675,5.208,19,17,4,1213644.8,78,74,76,71,102,101,100,98,20.314,20.264,22.376,22.288,2330.609,93166,30462,0,366,7450,4,12,1,0,0,28,23,14,19,4,3,FALSE,0,FALSE
1091.8423,14.986,14.564,12.541,11.678,5.198,19,17,4,1220651.9,79,78,73,68,102,101,100,98,20.318,20.268,22.378,22.289,2346.574,93166,30462,0,366,7450,4,12,1,0,0,28,23,14,19,4,3,FALSE,0,FALSE
1092.3387,14.998,14.576,12.542,11.679,5.186,19,17,4,1228401.4,74,74,69,67,102,101,100,98,20.321,20.271,22.379,22.289,2365.691,93166,30462,0,366,7450,4,12,1,0,0,28,23,14,19,4,3,FALSE,0,FALSE
1092.8381,15.016,14.598,12.542,11.679,5.174,19,17,4,1231715.5,75,75,67,67,102,101,100,98,20.323,20.273,22.378,22.288,2387.273,93166,30462,0,300,7383,4,12,1,0,0,28,23,14,19,4,3,FALSE,0,FALSE
1093.3352,15.03,14.614,12.542,11.679,5.161,19,17,4,1226854,73,73,67,67,102,102,100,98,20.324,20.274,22.376,22.287,2411.594,93166,30462,0,300,7383,4,12,1,0,0,28,23,14,19,4,3,FALSE,0,FALSE
1093.8378,15.042,14.627,12.542,11.679,5.148,19,17,4,1226292.5,72,71,67,67,102,102,100,98,20.324,20.274,22.373,22.285,2438.273,93166,30462,0,283,7383,4,12,1,0,0,28,23,14,19,4,3,FALSE,0,FALSE
1094.3351,15.052,14.637,12.542,11.679,5.134,19,17,4,1219302,71,70,67,67,102,102,100,98,20.323,20.273,22.37,22.283,2467.137,93166,30462,0,283,7383,4,12,1,0,0,28,23,14,19,4,3,FALSE,0,FALSE
1094.8401,15.061,14.646,12.542,11.679,5.121,19,17,4,1216829.1,70,70,68,68,102,101,100,98,20.321,20.271,22.367,22.28,2497.875,93166,30462,0,266,7333,4,12,1,0,0,28,23,14,19,4,3,FALSE,0,FALSE
1095.339,15.07,14.655,12.542,11.679,5.108,19,17,4,1208286.6,70,70,68,68,102,101,100,98,20.318,20.269,22.363,22.277,2530.27,93166,30462,0,267,7333,4,12,1,0,0,28,23,14,19,4,3,FALSE,0,FALSE
1095.8364,15.081,14.669,12.549,11.684,5.094,19,17,4,1199642.9,71,72,69,70,102,101,100,98,20.315,20.267,22.359,22.274,2564.352,93166,30462,0,267,7333,4,12,1,0,0,28,23,14,19,4,3,FALSE,0,FALSE
1096.3406,15.104,14.699,12.574,11.71,5.081,19,17,4,1196385.1,73,76,73,76,102,101,100,98,20.313,20.266,22.355,22.271,2599.465,93166,30462,0,250,7316,4,12,1,0,0,28,23,14,19,4,3,FALSE,0,FALSE
1096.8383,15.132,14.735,12.61,11.747,5.068,19,17,4,1198479.1,73,75,76,78,102,101,100,98,20.311,20.266,22.353,22.271,2635.016,93166,30462,0,250,7316,4,12,1,0,0,28,23,14,19,4,3,FALSE,0,FALSE
1097.3359,15.157,14.767,12.64,11.776,5.067,19,17,4,1227757.1,74,76,76,78,102,101,100,98,20.311,20.268,22.355,22.274,2667.277,93166,30462,0,250,7317,4,12,1,0,0,28,23,14,19,4,3,FALSE,0,FALSE
1097.8405,15.179,14.793,12.664,11.801,5.065,19,17,4,1253541.6,74,77,76,79,102,101,100,98,20.313,20.272,22.359,22.28,2691.848,93166,30462,0,250,7317,4,12,1,0,0,28,23,14,19,4,3,FALSE,0,FALSE
1098.3372,15.199,14.818,12.688,11.829,5.065,19,17,4,1276489.2,75,78,77,83,102,102,100,98,20.316,20.277,22.364,22.287,2711.449,93166,30462,0,266,7316,4,12,1,0,0,28,23,14,19,4,3,FALSE,0,FALSE
1098.8418,15.217,14.843,12.708,11.852,5.065,19,17,4,1295075.2,76,82,78,82,102,102,100,99,20.319,20.283,22.369,22.295,2727.699,93166,30462,0,266,7317,4,12,1,0,0,28,23,14,19,4,3,FALSE,0,FALSE
1099.3395,15.23,14.859,12.729,11.884,5.065,19,17,4,1307580.2,76,79,80,90,102,102,100,99,20.323,20.29,22.375,22.304,2738.797,93166,30462,0,266,7317,4,12,1,0,0,28,23,14,19,4,3,FALSE,0,FALSE
1099.8402,15.235,14.865,12.746,11.91,5.065,19,17,4,1314958.5,73,75,81,92,102,102,100,99,20.326,20.294,22.382,22.315,2752.531,93166,30462,0,267,7317,4,12,1,0,0,28,23,14,19,4,3,FALSE,0,FALSE
1100.339,15.245,14.875,12.752,11.917,5.061,19,17,4,1319465.4,73,76,77,85,103,102,100,99,20.328,20.298,22.388,22.326,2766.906,93166,30462,0,267,7367,4,12,1,0,0,28,23,14,19,4,3,FALSE,0,FALSE
1100.8367,15.267,14.9,12.758,11.925,5.056,19,17,4,1325233.1,79,83,74,80,103,102,100,99,20.332,20.304,22.392,22.333,2777.074,93166,30462,0,267,7367,4,12,1,0,0,28,23,14,19,4,3,FALSE,0,FALSE
1101.3362,15.283,14.916,12.759,11.926,5.049,19,17,4,1328845.4,78,80,70,74,103,102,100,99,20.337,20.311,22.394,22.338,2789.477,93166,30462,0,267,7367,4,12,1,0,0,28,23,14,19,4,3,FALSE,0,FALSE
1101.8405,15.301,14.932,12.759,11.926,5.039,19,17,4,1331642.9,79,79,68,70,103,102,100,99,20.341,20.316,22.394,22.34,2804.555,93166,30462,0,267,7367,4,12,1,0,0,28,23,14,19,4,3,FALSE,0,FALSE
1102.337,15.327,14.955,12.76,11.926,5.027,19,17,4,1338014.1,80,79,67,68,103,102,100,99,20.346,20.32,22.393,22.34,2822.363,93166,30462,0,283,7433,4,12,1,0,0,28,23,14,19,4,3,FALSE,0,FALSE
1102.8385,15.354,14.981,12.76,11.926,5.015,19,17,4,1342453.2,78,78,66,67,103,102,100,99,20.351,20.325,22.392,22.339,2842.992,93166,30462,0,283,7433,4,12,1,0,0,28,23,14,19,4,3,FALSE,0,FALSE
1103.3387,15.375,15.002,12.76,11.926,5.001,19,17,4,1337975.1,75,75,67,67,103,103,100,99,20.353,20.328,22.39,22.338,2866.492,93166,30462,0,233,7433,4,12,1,0,0,28,23,14,19,4,3,FALSE,0,FALSE
1103.8408,15.388,15.015,12.76,11.926,4.989,19,17,4,1337588.5,71,71,67,67,103,103,100,99,20.353,20.328,22.388,22.336,2892.582,93166,30462,0,233,7400,4,12,1,0,0,28,23,14,19,4,3,FALSE,0,FALSE
1104.3414,15.4,15.027,12.76,11.926,4.975,19,17,4,1330776.6,70,70,68,68,103,103,100,99,20.352,20.327,22.385,22.334,2921.043,93166,30462,0,184,7400,4,12,1,0,0,28,23,14,19,4,3,FALSE,0,FALSE
1104.839,15.409,15.036,12.76,11.926,4.962,19,17,4,1328298.4,69,70,68,68,103,102,100,99,20.35,20.326,22.382,22.331,2951.574,93166,30462,0,184,7367,4,12,1,0,0,28,23,14,19,4,3,FALSE,0,FALSE
1105.3384,15.418,15.046,12.76,11.926,4.948,19,17,4,1319764.8,69,69,68,68,103,102,100,99,20.347,20.323,22.379,22.328,2984.082,93166,30462,0,150,7367,4,12,1,0,0,28,23,14,19,4,3,FALSE,0,FALSE
1105.8341,15.426,15.054,12.76,11.926,4.936,19,17,4,1316336.1,69,69,68,68,103,102,100,99,20.344,20.321,22.375,22.324,3018.324,93166,30462,0,150,7367,4,12,1,0,0,28,23,14,19,4,3,FALSE,0,FALSE
1106.339,15.433,15.061,12.76,11.926,4.922,19,17,4,1307692.4,69,69,69,68,103,102,100,99,20.341,20.317,22.37,22.32,3053.953,93166,30462,0,134,7350,4,12,1,0,0,28,23,14,19,4,3,FALSE,0,FALSE
1106.8383,15.44,15.068,12.76,11.926,4.908,19,17,4,1299048.6,69,69,69,69,103,102,100,99,20.337,20.313,22.365,22.316,3090.969,93166,30462,0,117,7350,4,12,1,0,0,28,23,14,19,4,3,FALSE,0,FALSE
1107.3408,15.451,15.082,12.766,11.931,4.895,19,17,4,1290404.9,70,71,69,70,103,102,100,99,20.333,20.31,22.36,22.311,3129.219,93166,30462,0,117,7317,4,12,1,0,0,28,23,14,19,4,3,FALSE,0,FALSE
1107.8384,15.461,15.09,12.767,11.933,4.881,19,17,4,1281761.1,71,70,71,70,103,102,100,99,20.329,20.306,22.355,22.306,3168.477,93166,30462,0,100,7317,4,12,1,0,0,28,23,14,19,4,3,FALSE,0,FALSE
1108.3356,15.469,15.096,12.768,11.935,4.868,19,17,4,1278527.8,70,70,70,70,102,102,99,99,20.324,20.301,22.349,22.3,3208.652,93166,30462,0,84,7284,4,12,1,0,0,28,23,14,19,4,3,FALSE,0,FALSE
1108.8403,15.477,15.103,12.769,11.936,4.854,19,17,4,1269884,70,70,70,70,102,102,99,99,20.319,20.296,22.343,22.294,3249.449,93166,30462,0,50,7284,4,12,1,0,0,28,23,14,19,4,3,FALSE,0,FALSE
1109.3342,15.485,15.109,12.769,11.936,4.841,19,17,4,1261240.2,70,70,70,70,102,102,99,98,20.314,20.291,22.336,22.288,3290.91,93166,30462,0,50,7217,4,12,1,0,0,28,23,14,19,4,3,FALSE,0,FALSE
1109.8381,15.491,15.115,12.769,11.936,4.827,19,17,4,1252596.5,70,70,70,70,102,102,99,98,20.308,20.285,22.329,22.281,3332.992,93166,30462,0,17,7217,4,12,1,0,0,28,23,14,19,4,3,FALSE,0,FALSE
1110.3365,15.5,15.126,12.778,11.945,4.814,19,17,4,1252715.5,72,72,73,74,102,102,99,98,20.302,20.28,22.322,22.274,3375.43,93166,30462,0,4317,7217,3,12,1,0,0,28,23,14,19,4,3,FALSE,0,FALSE
1110.8368,15.524,15.151,12.813,11.978,4.811,19,17,4,1285911.4,73,74,77,77,102,102,99,98,20.301,20.28,22.324,22.277,3411.387,93166,30462,0,4317,7183,3,12,1,0,0,28,23,14,19,4,3,FALSE,0,FALSE
1111.3405,15.551,15.183,12.856,12.023,4.811,19,17,4,1314634.5,74,78,81,84,102,102,99,98,20.304,20.283,22.331,22.285,3438.754,93166,30462,0,4250,7133,3,12,1,0,0,28,23,14,19,4,3,FALSE,0,FALSE
1111.8407,15.583,15.224,12.918,12.102,4.811,19,17,4,1337574.8,78,83,90,99,102,102,99,99,20.308,20.289,22.341,22.297,3462.156,93166,30462,0,4250,7133,3,12,1,0,0,28,23,14,19,4,3,FALSE,0,FALSE
1112.3396,15.603,15.25,12.973,12.172,4.807,19,17,4,1346008,76,82,92,101,102,102,100,99,20.312,20.296,22.352,22.313,3484.473,93166,30462,0,4167,7067,3,12,1,0,0,28,23,14,19,4,3,FALSE,0,FALSE
1112.8408,15.625,15.28,13.024,12.236,4.804,19,17,4,1353479.4,76,82,92,101,102,102,100,99,20.315,20.303,22.364,22.329,3503.828,93166,30462,0,4167,7067,3,12,1,0,0,28,23,14,19,4,3,FALSE,0,FALSE
1113.3381,15.647,15.307,13.055,12.278,4.798,19,17,4,1360175.1,77,81,84,92,102,102,100,99,20.318,20.309,22.373,22.342,3522.266,93166,30462,0,4167,7067,3,12,1,0,0,28,23,14,19,4,3,FALSE,0,FALSE
1113.8407,15.667,15.33,13.068,12.293,4.788,19,17,4,1366251.1,76,79,76,81,102,102,100,100,20.321,20.314,22.378,22.351,3541.758,93166,30462,0,4350,7250,3,12,1,0,0,28,23,14,19,4,3,FALSE,0,FALSE
1114.3408,15.691,15.354,13.076,12.301,4.775,19,17,4,1365593.6,76,79,72,74,102,102,100,100,20.323,20.318,22.38,22.354,3563.285,93166,30462,0,4350,7250,3,12,1,0,0,28,23,14,19,4,3,FALSE,0,FALSE
1114.8414,15.714,15.378,13.086,12.31,4.761,19,17,4,1360419.9,75,78,72,73,102,102,100,100,20.325,20.321,22.381,22.356,3587.422,93166,30462,0,4350,7250,3,12,1,0,0,28,23,14,19,4,3,FALSE,0,FALSE
1115.3301,15.74,15.408,13.105,12.329,4.749,19,17,4,1359798.4,76,79,74,76,102,102,100,100,20.327,20.324,22.381,22.357,3613.816,93166,30462,0,4500,7250,3,12,1,0,0,28,23,14,19,4,3,FALSE,0,FALSE
1115.8391,15.771,15.445,13.129,12.354,4.735,19,17,4,1352857.4,76,80,75,77,103,103,100,100,20.328,20.327,22.382,22.359,3642.16,93166,30462,0,4533,7417,3,12,1,0,0,28,23,14,19,4,3,FALSE,0,FALSE
1116.3374,15.797,15.477,13.15,12.374,4.722,19,17,4,1350584.6,74,78,74,75,103,103,100,100,20.328,20.33,22.382,22.36,3672.492,93166,30462,0,4533,7417,3,12,1,0,0,28,23,14,19,4,3,FALSE,0,FALSE
1116.8406,15.811,15.495,13.158,12.381,4.708,19,17,4,1342311.4,71,74,70,70,103,103,100,100,20.327,20.33,22.381,22.359,3704.562,93166,30462,0,4533,7467,3,12,1,0,0,28,23,14,19,4,3,FALSE,0,FALSE
1117.3369,15.824,15.506,13.165,12.389,4.695,19,17,4,1333668.1,73,72,73,71,102,103,100,100,20.325,20.329,22.378,22.356,3737.828,93166,30462,0,4583,7467,3,12,1,0,0,28,23,14,19,4,3,FALSE,0,FALSE
1117.8378,15.874,15.548,13.218,12.437,4.681,19,17,4,1325024.4,82,78,84,79,102,103,100,100,20.326,20.328,22.378,22.355,3771.512,93166,30462,0,4583,7467,3,12,1,0,0,28,23,14,19,4,3,FALSE,0,FALSE
1118.3378,15.938,15.602,13.297,12.509,4.667,19,17,4,1316380.6,86,81,90,85,103,103,100,100,20.329,20.329,22.381,22.356,3806.18,93166,30462,0,4617,7484,3,12,1,0,0,28,23,14,19,4,3,FALSE,0,FALSE
1118.8375,16.013,15.665,13.392,12.593,4.653,19,17,4,1307736.9,86,81,92,86,103,103,100,100,20.332,20.33,22.385,22.358,3841.734,93166,30462,0,4617,7484,3,12,1,0,0,28,23,14,19,4,3,FALSE,0,FALSE
1119.3337,16.088,15.728,13.498,12.686,4.641,19,17,4,1304459.6,87,82,93,87,103,103,100,100,20.336,20.332,22.389,22.36,3877.598,93166,30462,0,4617,7516,3,12,1,0,0,28,23,14,19,4,3,FALSE,0,FALSE
1119.8387,16.153,15.783,13.578,12.758,4.627,19,17,4,1295815.9,84,80,88,83,103,103,100,100,20.338,20.332,22.392,22.361,3913.5,93166,30462,0,4683,7516,3,12,1,0,0,28,23,14,19,4,3,FALSE,0,FALSE
1120.3379,16.202,15.822,13.624,12.802,4.614,19,17,4,1287172.1,81,77,81,78,103,103,100,100,20.339,20.33,22.392,22.359,3949.266,93166,30462,0,4683,7550,3,12,1,0,0,28,23,14,19,4,3,FALSE,0,FALSE
1120.8384,16.228,15.842,13.64,12.818,4.6,19,17,4,1278528.4,74,72,73,71,103,102,100,100,20.337,20.327,22.388,22.354,3985.152,93166,30462,0,4683,7550,3,12,1,0,0,28,23,14,19,4,3,FALSE,0,FALSE
1121.337,16.237,15.848,13.644,12.823,4.587,19,17,4,1274699.5,71,71,72,71,103,102,100,99,20.332,20.322,22.381,22.347,4022.176,93166,30462,40527,4683,7550,3,12,1,0,0,28,23,14,19,4,3,FALSE,0,FALSE
1121.8397,16.258,15.868,13.666,12.846,4.585,19,17,4,1304826.5,73,72,74,73,103,102,100,99,20.33,20.319,22.381,22.347,4054.375,93166,30462,40527,4683,7550,3,12,1,0,0,28,23,14,19,4,3,FALSE,0,FALSE
1122.3397,16.281,15.887,13.695,12.873,4.584,19,17,4,1331014.8,76,73,81,77,103,102,100,100,20.331,20.32,22.385,22.351,4078.969,93166,30462,40527,4700,7600,3,12,1,0,0,28,23,14,19,4,3,FALSE,0,FALSE
1122.8413,16.315,15.912,13.757,12.921,4.583,19,17,4,1347653.1,81,76,93,85,103,102,100,100,20.335,20.322,22.395,22.358,4099.469,93166,30462,40527,4733,7600,3,12,1,0,0,28,23,14,19,4,3,FALSE,0,FALSE
1123.3372,16.34,15.931,13.798,12.952,4.578,19,17,4,1354799.2,80,75,90,82,103,102,100,100,20.34,20.324,22.405,22.365,4119.219,93166,30462,40527,4733,7600,3,12,1,0,0,28,23,14,19,4,3,FALSE,0,FALSE
1123.8364,16.367,15.948,13.845,12.994,4.574,19,17,4,1362154.5,82,73,91,87,103,102,101,100,20.344,20.325,22.414,22.371,4140.488,93166,30462,40527,4817,7683,3,12,1,0,0,28,23,14,19,4,3,FALSE,0,FALSE
1124.3414,16.396,15.974,13.914,13.036,4.569,19,17,4,1369165.6,81,78,102,88,103,102,101,100,20.349,20.327,22.425,22.377,4164.555,93166,30462,40527,4817,7683,3,12,1,0,0,28,23,14,19,4,3,FALSE,0,FALSE
1125.3386,16.453,16.023,13.962,13.073,4.55,19,17,4,1377458.8,79,76,78,73,103,103,101,100,20.357,20.332,22.441,22.386,4205.777,93166,30462,40527,4767,7650,3,12,1,0,0,28,23,14,19,4,3,FALSE,0,FALSE
1125.8378,16.472,16.041,13.965,13.076,4.536,19,17,4,1372729.4,76,74,71,69,103,103,101,100,20.358,20.333,22.441,22.385,4229.516,93166,30462,40527,4783,7650,3,12,1,0,0,28,23,14,19,4,3,FALSE,0,FALSE
1126.3384,16.484,16.052,13.965,13.077,4.523,19,17,4,1372204.9,72,72,70,68,103,103,101,100,20.358,20.332,22.44,22.383,4255.965,93166,30462,40527,4783,7667,3,12,1,0,0,28,23,14,19,4,3,FALSE,0,FALSE
1126.8363,16.494,16.062,13.965,13.077,4.51,19,17,4,1365334,72,71,69,69,103,103,101,100,20.356,20.33,22.437,22.38,4284.66,93166,30462,40527,4783,7667,3,12,1,0,0,28,23,14,19,4,3,FALSE,0,FALSE
1127.34,16.503,16.071,13.965,13.077,4.496,19,17,4,1357531.6,71,71,69,69,103,103,101,100,20.354,20.327,22.433,22.377,4315.359,93166,30462,40527,4800,7667,3,12,1,0,0,28,23,14,19,4,3,FALSE,0,FALSE
1127.8352,16.511,16.08,13.965,13.077,4.483,19,17,4,1354626.4,71,71,69,69,103,102,101,100,20.351,20.325,22.429,22.373,4347.613,93166,30462,40527,4800,7667,3,12,1,0,0,28,23,14,19,4,3,FALSE,0,FALSE
1128.3363,16.519,16.088,13.965,13.077,4.469,19,17,4,1345982.6,71,71,68,69,103,102,101,100,20.347,20.321,22.425,22.369,4381.395,93166,30462,40527,4800,7667,3,12,1,0,0,28,23,14,19,4,3,FALSE,0,FALSE
1128.8354,16.527,16.096,13.965,13.077,4.455,19,17,4,1337338.9,71,71,69,69,103,102,101,100,20.344,20.318,22.419,22.365,4416.52,93166,30462,40527,4783,7667,3,12,1,0,0,28,23,14,19,4,3,FALSE,0,FALSE
1129.334,16.535,16.103,13.965,13.077,4.442,19,17,4,1328695.1,71,71,69,69,103,102,101,100,20.339,20.314,22.414,22.359,4452.816,93166,30462,40527,4783,7667,3,12,1,0,0,28,23,14,19,4,3,FALSE,0,FALSE
1129.8397,16.542,16.11,13.965,13.077,4.429,19,17,4,1325799.6,71,71,69,69,103,102,100,100,20.335,20.309,22.408,22.354,4490.07,93166,30462,40527,4800,7667,3,12,1,0,0,28,23,14,19,4,3,FALSE,0,FALSE
1130.3402,16.55,16.117,13.965,13.077,4.415,19,17,4,1317155.9,71,71,70,69,103,102,100,99,20.33,20.305,22.402,22.348,4528.23,93166,30462,40527,4800,7667,3,12,1,0,0,28,23,14,19,4,3,FALSE,0,FALSE
1130.8378,16.556,16.124,13.965,13.077,4.401,19,17,4,1308512.1,71,71,70,70,102,102,100,99,20.325,20.3,22.395,22.341,4567.262,93166,30462,40527,4800,7667,3,12,1,0,0,28,23,14,19,4,3,FALSE,0,FALSE
1131.3403,16.563,16.131,13.965,13.077,4.387,19,17,4,1299868.4,72,72,70,70,102,102,100,99,20.32,20.295,22.388,22.334,4607.07,93166,30462,40527,4783,7650,3,12,1,0,0,28,23,14,19,4,3,FALSE,0,FALSE
1131.8368,16.569,16.137,13.965,13.077,4.374,19,17,4,1291224.6,73,72,71,71,102,102,100,99,20.314,20.289,22.381,22.328,4647.555,93166,30462,40527,4783,7650,3,12,1,0,0,28,23,14,19,4,3,FALSE,0,FALSE
1132.3379,16.576,16.143,13.965,13.077,4.361,19,17,4,1288078.1,72,72,70,70,102,102,100,99,20.309,20.284,22.373,22.32,4688.535,93166,30462,40527,4783,7650,3,12,1,0,0,28,23,14,19,4,3,FALSE,0,FALSE
1132.8372,16.582,16.15,13.965,13.077,4.347,19,17,4,1279434.4,72,72,70,70,102,102,100,99,20.303,20.278,22.365,22.313,4729.918,93166,30462,40527,4784,7650,3,12,1,0,0,28,23,14,19,4,3,FALSE,0,FALSE
1133.8392,16.594,16.164,13.966,13.077,4.319,19,17,4,1262146.9,72,72,70,70,102,101,99,99,20.29,20.266,22.349,22.297,4813.832,93166,30462,40527,4767,7634,3,12,1,0,0,28,23,14,19,4,3,FALSE,0,FALSE
1134.3378,16.616,16.186,13.997,13.108,4.314,19,17,4,1291176.4,73,73,76,76,102,101,99,99,20.286,20.263,22.347,22.295,4852.203,93166,30462,40527,4767,7634,3,12,1,0,0,28,23,14,19,4,3,FALSE,0,FALSE
1134.8397,16.637,16.209,14.023,13.132,4.313,19,17,4,1320199.6,73,72,74,74,102,101,100,99,20.287,20.264,22.352,22.3,4881.531,93166,30462,40527,4767,7634,3,12,1,0,0,28,23,14,19,4,3,FALSE,0,FALSE
1135.3398,16.657,16.226,14.045,13.154,4.313,19,17,4,1343974.5,75,73,79,76,102,101,100,99,20.289,20.266,22.357,22.306,4904.066,93166,30462,40527,4767,7650,3,12,1,0,0,28,23,14,19,4,3,FALSE,0,FALSE
1135.8368,16.688,16.25,14.101,13.197,4.313,19,17,4,1361046,81,75,93,85,102,101,100,99,20.295,20.269,22.367,22.314,4921.477,93166,30462,40527,4767,7650,3,12,1,0,0,28,23,14,19,4,3,FALSE,0,FALSE
1136.3387,16.706,16.264,14.154,13.233,4.308,19,17,4,1367440,78,74,98,85,102,101,100,99,20.3,20.272,22.381,22.324,4939.594,93166,30462,40527,4767,7650,3,12,1,0,0,28,23,14,19,4,3,FALSE,0,FALSE
1136.8374,16.725,16.28,14.181,13.252,4.301,19,17,4,1373780.8,79,75,90,80,102,102,100,99,20.305,20.276,22.393,22.331,4961.465,93166,30462,40527,4766,7650,3,12,1,0,0,28,23,14,19,4,3,FALSE,0,FALSE
1137.3364,16.747,16.299,14.196,13.264,4.293,19,17,4,1379962.2,78,75,81,74,102,102,100,99,20.31,20.279,22.401,22.337,4979.219,93166,30462,40527,4766,7650,3,12,1,0,0,28,23,14,19,4,3,FALSE,0,FALSE
1137.835,16.771,16.321,14.207,13.274,4.282,19,17,4,1382803.1,79,76,76,71,102,102,100,99,20.314,20.282,22.406,22.34,4999.465,93166,30462,40527,4766,7650,3,12,1,0,0,28,23,14,19,4,3,FALSE,0,FALSE
1138.3353,16.795,16.345,14.213,13.281,4.268,19,17,4,1378688.6,78,76,73,70,102,102,100,99,20.317,20.285,22.408,22.341,5021.438,93166,30462,40527,4766,7633,3,12,1,0,0,28,23,14,19,4,3,FALSE,0,FALSE
1138.8368,16.823,16.372,14.227,13.294,4.255,19,17,4,1373253.2,78,76,74,71,102,102,100,99,20.321,20.287,22.41,22.342,5045.434,93166,30462,40527,4717,7583,3,12,1,0,0,28,23,14,19,4,3,FALSE,0,FALSE
1139.3363,16.847,16.394,14.234,13.302,4.242,19,17,4,1372547.6,75,73,71,69,102,102,101,99,20.323,20.289,22.411,22.342,5072.387,93166,30462,40527,4717,7583,3,12,1,0,0,28,23,14,19,4,3,FALSE,0,FALSE
1139.8351,16.859,16.405,14.234,13.302,4.229,19,17,4,1370571.6,71,71,68,67,102,102,100,99,20.323,20.289,22.409,22.34,5102.02,93166,30462,40527,4717,7583,3,12,1,0,0,28,23,14,19,4,3,FALSE,0,FALSE
1140.3326,16.869,16.414,14.234,13.302,4.215,19,17,4,1362504.9,71,70,68,69,102,102,100,99,20.322,20.287,22.407,22.338,5133.262,93166,30462,40527,4717,7567,3,12,1,0,0,28,23,14,19,4,3,FALSE,0,FALSE
1140.8306,16.877,16.423,14.234,13.302,4.201,19,17,4,1353882.9,72,71,69,69,102,102,100,99,20.32,20.286,22.404,22.336,5166.129,93166,30462,40527,4700,7566,3,12,1,0,0,28,23,14,19,4,3,FALSE,0,FALSE
1141.3378,16.886,16.431,14.234,13.302,4.188,19,17,4,1345239.1,72,71,69,69,102,102,100,99,20.318,20.284,22.401,22.334,5200.492,93166,30462,40527,4700,7566,3,12,1,0,0,28,23,14,19,4,3,FALSE,0,FALSE
1141.8373,16.896,16.438,14.234,13.302,4.175,19,17,4,1342120.5,72,71,70,69,102,102,100,99,20.316,20.281,22.397,22.33,5236.141,93166,30462,40527,4717,7567,3,12,1,0,0,28,23,14,19,4,3,FALSE,0,FALSE
1142.3357,16.905,16.445,14.234,13.302,4.161,19,17,4,1333476.8,71,71,70,69,102,102,100,99,20.313,20.279,22.392,22.326,5272.762,93166,30462,40527,4700,7567,3,12,1,0,0,28,23,14,19,4,3,FALSE,0,FALSE
1142.831,16.913,16.453,14.234,13.302,4.147,19,17,4,1324833,71,71,70,69,102,102,100,99,20.31,20.276,22.388,22.322,5310.363,93166,30462,40527,4700,7550,3,12,1,0,0,28,23,14,19,4,3,FALSE,0,FALSE
1143.8315,16.927,16.466,14.234,13.302,4.12,19,17,4,1307545.5,71,71,70,70,102,101,100,99,20.302,20.268,22.377,22.312,5388.086,93166,30462,40527,4716,7550,3,12,1,0,0,28,23,14,19,4,3,FALSE,0,FALSE
1144.3364,16.934,16.473,14.234,13.302,4.106,19,17,5,1298901.8,71,72,70,70,102,101,100,99,20.298,20.264,22.371,22.306,19.133,93968,0,0,4700,7550,3,13,1,0,0,28,23,14,19,4,3,FALSE,0,FALSE
1144.836,16.941,16.48,14.234,13.303,4.092,19,17,5,1290258,72,72,70,70,102,101,100,99,20.293,20.26,22.364,22.299,59.695,93968,0,0,4700,7534,3,13,1,0,0,28,23,14,19,4,3,FALSE,0,FALSE
1145.3359,16.951,16.488,14.235,13.305,4.079,19,17,5,1287111.6,73,71,70,70,102,101,100,99,20.288,20.255,22.357,22.293,100.598,93968,0,0,4683,7534,3,13,1,0,0,28,23,14,19,4,3,FALSE,0,FALSE
1145.8373,16.959,16.496,14.236,13.305,4.066,19,17,5,1278467.9,72,71,70,70,102,101,99,98,20.283,20.25,22.35,22.286,141.898,93968,0,0,4683,7533,3,13,1,0,0,28,23,14,19,4,3,FALSE,0,FALSE
1146.3374,16.965,16.502,14.236,13.305,4.052,19,17,5,1269824.1,72,71,70,70,102,101,99,98,20.277,20.245,22.342,22.278,183.605,93968,0,0,4683,7533,3,13,1,0,0,28,23,14,19,4,3,FALSE,0,FALSE
1146.8351,16.972,16.509,14.236,13.306,4.038,19,17,5,1261180.4,72,72,70,70,101,101,99,98,20.271,20.239,22.334,22.271,225.68,93968,0,0,4683,7533,3,13,1,0,0,28,23,14,19,4,3,FALSE,0,FALSE
1147.3373,16.978,16.516,14.237,13.306,4.024,19,17,5,1252536.6,72,72,70,70,101,101,99,98,20.265,20.233,22.325,22.263,268.059,93968,0,0,4683,7517,3,13,1,0,0,28,23,14,19,4,3,FALSE,0,FALSE
1147.8379,16.985,16.522,14.237,13.306,4.01,19,17,5,1243892.9,72,71,70,70,101,101,99,98,20.258,20.227,22.317,22.254,310.727,93968,0,0,4683,7517,3,13,1,0,0,28,23,14,19,4,3,FALSE,0,FALSE
1148.3373,16.995,16.529,14.237,13.307,3.996,19,17,5,1235249.1,72,71,70,69,101,101,99,98,20.252,20.22,22.308,22.246,353.656,93968,0,0,4650,7517,3,13,1,0,0,28,23,14,19,4,3,FALSE,0,FALSE
1149.3365,17.01,16.542,14.237,13.307,3.969,19,17,5,1217961.6,72,72,70,70,101,100,98,97,20.238,20.206,22.29,22.228,440.125,93968,0,0,4650,7517,3,13,1,0,0,28,23,14,19,4,3,FALSE,0,FALSE
1149.8339,17.016,16.549,14.237,13.307,3.955,19,17,5,1209317.9,72,72,70,70,101,100,98,97,20.23,20.199,22.28,22.219,483.613,93968,0,0,4650,7467,3,13,1,0,0,28,23,14,19,4,3,FALSE,0,FALSE
1150.3306,17.023,16.555,14.237,13.307,3.941,19,17,5,1200674.1,72,72,70,70,101,100,98,97,20.223,20.191,22.27,22.21,527.242,93968,0,0,4633,7467,3,13,1,0,0,28,23,14,19,4,3,FALSE,0,FALSE
1150.835,17.029,16.562,14.237,13.307,3.927,19,17,5,1192030.4,71,71,69,69,100,100,98,97,20.215,20.184,22.26,22.2,570.992,93968,0,0,4633,7450,3,13,1,0,0,28,23,14,19,4,3,FALSE,0,FALSE
1151.338,17.039,16.571,14.25,13.32,3.915,19,17,5,1195894.4,71,73,75,73,100,100,98,97,20.207,20.177,22.252,22.192,614.234,93968,0,0,4633,7450,3,13,1,0,0,28,23,14,19,4,3,FALSE,0,FALSE
1151.8368,17.071,16.596,14.284,13.358,3.913,19,17,5,1229321.8,74,73,77,76,100,100,98,97,20.206,20.176,22.255,22.195,650.008,93968,0,0,4633,7433,3,13,1,0,0,28,23,14,19,4,3,FALSE,0,FALSE
1152.3384,17.091,16.617,14.302,13.375,3.912,19,17,5,1256353.8,73,73,74,73,100,100,98,97,20.208,20.178,22.261,22.201,676.977,93968,0,0,4633,7433,3,13,1,0,0,28,23,14,19,4,3,FALSE,0,FALSE
1152.8375,17.1,16.625,14.306,13.38,3.911,19,17,5,1278401,70,70,71,70,100,100,98,97,20.21,20.181,22.267,22.207,697.688,93968,0,0,4633,7483,3,13,1,0,0,28,23,14,19,4,3,FALSE,0,FALSE
1153.3346,17.108,16.631,14.315,13.388,3.911,19,17,5,1296985.4,70,69,73,71,100,100,98,97,20.212,20.182,22.272,22.212,713.953,93968,0,0,4633,7483,3,13,1,0,0,28,23,14,19,4,3,FALSE,0,FALSE
1153.8379,17.122,16.641,14.339,13.407,3.911,19,17,5,1311547.5,73,70,80,75,100,100,98,97,20.215,20.185,22.279,22.218,725.93,93968,0,0,4717,7567,3,13,1,0,0,28,23,14,19,4,3,FALSE,0,FALSE
1154.3341,17.131,16.649,14.37,13.428,3.91,19,17,5,1319991.6,73,70,88,79,101,100,98,97,20.219,20.187,22.289,22.225,736.273,93968,0,0,4717,7567,3,13,1,0,0,28,23,14,19,4,3,FALSE,0,FALSE
1154.8334,17.139,16.656,14.396,13.442,3.907,19,17,5,1325017.1,73,71,91,78,101,100,99,98,20.223,20.19,22.301,22.233,755.422,93968,0,0,4717,7567,3,13,1,0,0,28,23,14,19,4,3,FALSE,0,FALSE
1155.3353,17.153,16.668,14.407,13.45,3.903,19,17,5,1330469,76,73,85,76,101,100,99,98,20.227,20.193,22.312,22.24,766.812,93968,0,0,4717,7583,3,13,1,0,0,28,23,14,19,4,3,FALSE,0,FALSE
1155.8347,17.162,16.676,14.411,13.454,3.898,19,17,5,1336532.9,75,72,78,72,101,100,99,98,20.231,20.196,22.32,22.245,778.477,93968,0,0,4716,7583,3,13,1,0,0,28,23,14,19,4,3,FALSE,0,FALSE
1156.3376,17.175,16.693,14.413,13.456,3.89,19,17,5,1343019.6,76,75,73,69,101,100,99,98,20.235,20.199,22.325,22.248,792.336,93968,0,0,4716,7583,3,13,1,0,0,28,23,14,19,4,3,FALSE,0,FALSE
1156.839,17.186,16.704,14.415,13.458,3.88,19,17,5,1352023.9,74,74,69,69,101,100,99,98,20.239,20.203,22.327,22.251,808.758,93968,0,0,4716,7583,3,13,1,0,0,28,23,14,19,4,3,FALSE,0,FALSE
1157.3359,17.203,16.723,14.427,13.474,3.871,19,17,5,1356407.8,75,76,71,75,101,100,99,98,20.242,20.206,22.329,22.253,827.289,93968,0,0,4566,7466,3,13,1,0,0,28,23,14,19,4,3,FALSE,0,FALSE
1157.8351,17.225,16.748,14.445,13.495,3.862,19,17,5,1362777.1,77,79,74,78,101,100,99,98,20.245,20.211,22.331,22.258,852.641,93968,0,0,4566,7466,3,13,1,0,0,28,23,14,19,4,3,FALSE,0,FALSE
1158.3363,17.244,16.772,14.458,13.509,3.852,19,17,5,1369138,74,78,73,75,101,100,99,98,20.248,20.216,22.333,22.262,874.383,93968,0,0,4566,7466,3,13,1,0,0,28,23,14,19,4,3,FALSE,0,FALSE
1158.835,17.265,16.794,14.468,13.518,3.839,19,17,5,1372867.4,74,77,71,72,101,101,99,98,20.249,20.22,22.334,22.264,897.18,93968,0,0,4550,7467,3,13,1,0,0,28,23,14,19,4,3,FALSE,0,FALSE
1159.3356,17.282,16.814,14.472,13.522,3.827,19,17,5,1372620.9,74,75,68,71,101,101,99,98,20.251,20.222,22.334,22.265,922.695,93968,0,0,4550,7467,3,13,1,0,0,28,23,14,19,4,3,FALSE,0,FALSE
1159.8359,17.302,16.835,14.48,13.528,3.813,19,17,5,1366730.2,77,74,72,70,101,101,99,98,20.252,20.223,22.333,22.264,951.312,93968,0,0,4567,7467,3,13,1,0,0,28,23,14,19,4,3,FALSE,0,FALSE
1160.3359,17.348,16.876,14.501,13.546,3.8,19,17,5,1360263.2,79,76,74,72,101,101,99,98,20.256,20.226,22.333,22.264,981.938,93968,0,0,4567,7467,3,13,1,0,0,28,23,14,19,4,3,FALSE,0,FALSE
1160.836,17.36,16.886,14.503,13.549,3.787,19,17,5,1357894,72,71,70,69,101,101,99,98,20.257,20.226,22.332,22.262,1012.375,93968,0,0,4567,7467,3,13,1,0,0,28,23,14,19,4,3,FALSE,0,FALSE
1161.3372,17.37,16.895,14.504,13.55,3.773,19,17,5,1349432.5,71,70,69,68,101,101,99,98,20.255,20.225,22.329,22.259,1044.383,93968,0,0,4567,7467,3,13,1,0,0,28,23,14,19,4,3,FALSE,0,FALSE
1162.3312,17.389,16.912,14.505,13.552,3.746,19,17,5,1332145,71,71,69,69,101,101,99,98,20.251,20.22,22.321,22.252,1112.898,93968,0,0,4584,7483,3,13,1,0,0,28,23,14,19,4,3,FALSE,0,FALSE
1162.8341,17.398,16.918,14.505,13.552,3.733,19,17,5,1328935.6,71,71,69,69,101,100,99,98,20.248,20.217,22.317,22.247,1148.844,93968,0,0,4584,7483,3,13,1,0,0,28,23,14,19,4,3,FALSE,0,FALSE
1163.3376,17.406,16.925,14.505,13.552,3.719,19,17,5,1320291.9,71,71,69,69,101,100,99,98,20.245,20.214,22.312,22.243,1185.773,93968,0,0,4584,7483,3,13,1,0,0,28,23,14,19,4,3,FALSE,0,FALSE
1163.8358,17.413,16.933,14.505,13.552,3.705,19,17,5,1311648.1,71,71,69,69,101,100,99,98,20.242,20.211,22.306,22.238,1223.617,93968,0,0,4584,7500,3,13,1,0,0,28,23,14,19,4,3,FALSE,0,FALSE
1164.3373,17.421,16.939,14.505,13.552,3.691,19,17,5,1303004.4,71,71,70,69,101,100,99,98,20.238,20.207,22.3,22.232,1262.273,93968,0,0,4584,7500,3,13,1,0,0,28,23,14,19,4,3,FALSE,0,FALSE
1164.8347,17.428,16.946,14.505,13.552,3.678,19,17,5,1294360.6,71,71,70,69,101,100,99,97,20.234,20.203,22.294,22.226,1301.641,93968,0,0,4584,7484,3,13,1,0,0,28,23,14,19,4,3,FALSE,0,FALSE
1165.3387,17.435,16.953,14.505,13.552,3.665,19,17,5,1291070.4,71,71,70,70,101,100,98,97,20.229,20.199,22.287,22.22,1341.617,93968,0,0,4584,7484,3,13,1,0,0,28,23,14,19,4,3,FALSE,0,FALSE
1165.8359,17.442,16.96,14.505,13.552,3.651,19,17,5,1282426.6,71,71,70,70,101,100,98,97,20.225,20.195,22.28,22.213,1381.969,93968,0,0,4584,7483,3,13,1,0,0,28,23,14,19,4,3,FALSE,0,FALSE
1166.3368,17.452,16.97,14.516,13.561,3.639,19,17,5,1284329,72,72,74,73,101,100,98,97,20.22,20.19,22.274,22.207,1422.445,93968,0,0,4584,7483,3,13,1,0,0,28,23,14,19,4,3,FALSE,0,FALSE
1166.8372,17.483,16.994,14.57,13.594,3.637,19,17,5,1315705.8,74,72,82,75,101,100,98,97,20.22,20.19,22.277,22.21,1456.07,93968,0,0,4567,7467,3,13,1,0,0,28,23,14,19,4,3,FALSE,0,FALSE
1167.3348,17.497,17.012,14.6,13.603,3.636,19,17,5,1341781.5,72,71,76,72,101,100,98,97,20.222,20.193,22.285,22.215,1482.297,93968,0,0,4567,7467,3,13,1,0,0,28,23,14,19,4,3,FALSE,0,FALSE
1167.8351,17.523,17.033,14.63,13.631,3.636,19,17,5,1363657.6,78,74,83,78,101,100,99,97,20.226,20.195,22.292,22.221,1502.883,93968,0,0,4616,7533,3,13,1,0,0,28,23,14,19,4,3,FALSE,0,FALSE
1168.3348,17.555,17.059,14.691,13.676,3.636,19,17,5,1378892.9,83,77,97,87,101,100,99,97,20.233,20.2,22.304,22.23,1518.164,93968,0,0,4616,7600,3,13,1,0,0,28,23,14,19,4,3,FALSE,0,FALSE
1168.8394,17.572,17.069,14.729,13.712,3.634,19,17,5,1384893.2,80,73,95,88,101,100,99,98,20.24,20.205,22.318,22.241,1538.094,93968,0,0,4667,7600,3,13,1,0,0,28,23,14,19,4,3,FALSE,0,FALSE
1169.3346,17.589,17.082,14.751,13.728,3.63,19,17,5,1390876.4,79,73,88,81,101,100,99,98,20.246,20.208,22.329,22.251,1563.055,93968,0,0,4667,7600,3,13,1,0,0,28,23,14,19,4,3,FALSE,0,FALSE
1169.8365,17.606,17.096,14.764,13.738,3.623,19,17,5,1396928.4,78,74,82,75,101,100,99,98,20.251,20.211,22.338,22.257,1580.953,93968,0,0,4667,7600,3,13,1,0,0,28,23,14,19,4,3,FALSE,0,FALSE
1170.3367,17.619,17.109,14.771,13.744,3.615,19,17,5,1400865,76,73,75,71,101,100,99,98,20.255,20.213,22.343,22.26,1599.102,93968,0,0,4700,7634,3,13,1,0,0,28,23,14,19,4,3,FALSE,0,FALSE
1170.8373,17.64,17.129,14.78,13.753,3.605,19,17,5,1403523.6,78,75,73,71,101,100,99,98,20.258,20.216,22.345,22.262,1617.594,93968,0,0,4700,7634,3,13,1,0,0,28,23,14,19,4,3,FALSE,0,FALSE
1171.3363,17.663,17.153,14.785,13.757,3.592,19,17,5,1401352.9,77,76,71,69,101,101,99,98,20.262,20.219,22.347,22.264,1639.078,93968,0,0,4600,7433,3,13,1,0,0,28,23,14,19,4,3,FALSE,0,FALSE
1171.8296,17.687,17.175,14.788,13.761,3.578,19,17,5,1397035.5,77,76,71,68,101,101,99,98,20.265,20.222,22.347,22.264,1663.266,93968,0,0,4600,7433,3,13,1,0,0,28,23,14,19,4,3,FALSE,0,FALSE
1172.3375,17.716,17.203,14.788,13.762,3.566,19,17,5,1398913.5,76,76,69,66,101,101,99,98,20.268,20.226,22.347,22.262,1689.93,93968,0,0,4600,7433,3,13,1,0,0,28,23,14,19,4,3,FALSE,0,FALSE
1172.8331,17.733,17.219,14.791,13.764,3.552,19,17,5,1392508.4,73,73,68,70,101,101,99,98,20.269,20.227,22.345,22.261,1718.742,93968,0,0,4600,7350,3,13,1,0,0,28,23,14,19,4,3,FALSE,0,FALSE
1173.3353,17.744,17.233,14.795,13.768,3.539,19,17,5,1390288.4,71,72,69,70,101,101,99,98,20.269,20.227,22.343,22.26,1749.227,93968,0,0,4550,7350,3,13,1,0,0,28,23,14,19,4,3,FALSE,0,FALSE
1173.8351,17.755,17.247,14.801,13.773,3.526,19,17,5,1381879.6,71,72,70,71,101,101,99,98,20.267,20.227,22.341,22.259,1781.312,93968,0,0,4534,7317,3,13,1,0,0,28,23,14,19,4,3,FALSE,0,FALSE
1174.3352,17.773,17.27,14.818,13.789,3.512,19,17,5,1373235.9,73,76,73,74,101,101,99,98,20.266,20.227,22.338,22.257,1815.898,93968,30077,0,4534,7317,3,13,1,0,0,28,23,14,19,4,3,FALSE,0,FALSE
1174.8342,17.796,17.298,14.837,13.808,3.502,19,17,5,1380511.2,72,73,73,73,101,101,99,98,20.265,20.228,22.337,22.256,1851.266,93968,30077,0,4516,7317,3,13,1,0,0,28,23,14,19,4,3,FALSE,0,FALSE
1175.3282,17.851,17.341,14.921,13.88,3.502,19,17,5,1410672.9,85,79,96,88,101,101,99,98,20.268,20.23,22.341,22.26,1880.633,93968,30077,0,4516,7317,3,13,1,0,0,28,23,14,19,4,3,FALSE,0,FALSE
1175.8337,17.893,17.373,15.019,13.96,3.5,19,17,5,1428803.6,82,76,102,92,102,101,100,98,20.275,20.234,22.354,22.269,1907.102,93968,30077,0,4516,7283,3,13,1,0,0,28,23,14,19,4,3,FALSE,0,FALSE
1176.3334,17.935,17.405,15.097,14.024,3.493,19,17,5,1436183.4,84,77,98,90,102,101,100,98,20.28,20.237,22.366,22.278,1932.617,93968,30077,0,4516,7283,3,13,1,0,0,28,23,14,19,4,3,FALSE,0,FALSE
1176.837,17.983,17.444,15.14,14.058,3.483,19,17,5,1443096.1,85,79,87,80,102,101,100,98,20.287,20.241,22.374,22.284,1957.242,93968,30077,0,4516,7283,3,13,1,0,0,28,23,14,19,4,3,FALSE,0,FALSE
1177.3378,18.003,17.461,15.148,14.066,3.471,19,17,5,1442214.9,75,73,73,72,102,101,100,98,20.29,20.242,22.376,22.285,1982.984,93968,30077,0,4516,7283,3,13,1,0,0,28,23,14,19,4,3,FALSE,0,FALSE
1177.83,18.025,17.495,15.183,14.102,3.463,19,17,5,1453958.9,73,81,79,78,102,101,100,98,20.29,20.243,22.376,22.286,2011.312,93968,30077,0,4516,7400,3,13,1,0,0,28,23,14,19,4,3,FALSE,0,FALSE
1178.3351,18.063,17.542,15.228,14.18,3.454,19,17,5,1459908.8,78,82,83,94,102,101,100,98,20.29,20.247,22.377,22.29,2040.961,93968,30077,0,4666,7400,3,13,1,0,0,28,23,14,19,4,3,FALSE,0,FALSE
1178.8375,18.095,17.582,15.267,14.227,3.444,19,17,5,1464742,77,81,79,85,102,101,100,99,20.291,20.251,22.378,22.295,2069.375,93968,30077,0,4666,7400,3,13,1,0,0,28,23,14,19,4,3,FALSE,0,FALSE
1179.3367,18.12,17.611,15.283,14.243,3.431,19,17,5,1462955.5,73,76,72,75,102,101,100,99,20.291,20.253,22.377,22.296,2097.703,93968,30077,0,4666,7517,3,13,1,0,0,28,23,14,19,4,3,FALSE,0,FALSE
1179.8353,18.134,17.628,15.29,14.25,3.418,19,17,5,1460615,71,73,70,71,102,101,100,99,20.289,20.252,22.373,22.293,2128.219,93968,30077,0,4666,7517,3,13,1,0,0,28,23,14,19,4,3,FALSE,0,FALSE
1180.3381,18.144,17.642,15.295,14.253,3.404,19,17,5,1452154.9,71,74,71,70,102,101,100,98,20.286,20.25,22.369,22.289,2160.336,93968,30077,0,4833,7583,3,13,1,0,0,28,23,14,19,4,3,FALSE,0,FALSE
1180.8333,18.162,17.663,15.32,14.274,3.395,19,17,5,1463994.6,73,75,77,77,102,101,100,98,20.284,20.249,22.366,22.287,2192.336,93968,30077,0,4833,7583,3,13,1,0,0,28,23,14,19,4,3,FALSE,0,FALSE
1181.3353,18.176,17.678,15.331,14.286,3.394,19,17,5,1490902.5,72,72,74,73,102,101,100,98,20.284,20.251,22.369,22.29,2217.375,93968,30077,0,4833,7617,3,13,1,0,0,28,23,14,19,4,3,FALSE,0,FALSE
1181.8369,18.191,17.689,15.347,14.301,3.394,19,17,5,1513496.8,74,71,77,74,102,101,100,99,20.286,20.252,22.373,22.294,2237.133,93968,30077,0,4967,7617,3,13,1,0,0,28,23,14,19,4,3,FALSE,0,FALSE
1182.3367,18.209,17.7,15.372,14.323,3.394,19,17,5,1529136.1,77,71,82,77,102,101,100,99,20.289,20.253,22.378,22.299,2253.156,93968,30077,0,4967,7700,3,13,1,0,0,28,23,14,19,4,3,FALSE,0,FALSE
1182.8341,18.225,17.712,15.414,14.352,3.394,19,17,5,1541358.1,77,72,92,82,102,101,100,99,20.293,20.255,22.387,22.306,2266.195,93968,30077,0,4967,7700,3,13,1,0,0,28,23,14,19,4,3,FALSE,0,FALSE
1183.3378,18.235,17.72,15.459,14.382,3.394,19,17,5,1549162.9,75,72,100,86,102,101,100,99,20.297,20.257,22.4,22.314,2282.844,93968,30077,0,4967,7700,3,13,1,0,0,28,23,14,19,4,3,FALSE,0,FALSE
1183.8356,18.251,17.732,15.487,14.405,3.39,19,17,5,1555240.4,78,73,96,85,102,101,101,99,20.3,20.259,22.413,22.322,2297.875,93968,30077,0,4850,7617,3,13,1,0,0,28,23,14,19,4,3,FALSE,0,FALSE
1184.3335,18.271,17.747,15.506,14.42,3.386,19,17,5,1561575.1,81,75,90,81,102,101,101,99,20.305,20.261,22.423,22.329,2310.133,93968,30077,0,4850,7617,3,13,1,0,0,28,23,14,19,4,3,FALSE,0,FALSE
1184.8336,18.284,17.758,15.517,14.428,3.38,19,17,5,1568302.4,78,73,83,76,102,101,101,99,20.31,20.263,22.431,22.334,2322.547,93968,30077,0,4850,7617,3,13,1,0,0,28,23,14,19,4,3,FALSE,0,FALSE
1185.3323,18.294,17.768,15.521,14.432,3.372,19,17,5,1575554.9,76,73,76,72,102,101,101,99,20.313,20.265,22.435,22.336,2336.844,93968,30077,0,4833,7617,3,13,1,0,0,28,23,14,19,4,3,FALSE,0,FALSE
1185.8363,18.307,17.778,15.521,14.433,3.362,19,17,5,1583158.6,74,72,71,68,102,101,101,99,20.315,20.266,22.436,22.336,2353.711,93968,30077,0,4833,7617,3,13,1,0,0,28,23,14,19,4,3,FALSE,0,FALSE
1186.337,18.327,17.8,15.521,14.433,3.349,19,17,5,1585826.6,77,77,69,67,102,101,101,99,20.316,20.267,22.435,22.335,2373.422,93968,30077,0,4833,7583,3,13,1,0,0,28,23,14,19,4,3,FALSE,0,FALSE
1186.8335,18.343,17.819,15.521,14.433,3.337,19,17,5,1587579,75,75,68,68,102,101,101,99,20.318,20.27,22.433,22.333,2395.797,93968,30077,0,4833,7583,3,13,1,0,0,28,23,14,19,4,3,FALSE,0,FALSE
1187.3287,18.356,17.833,15.521,14.433,3.324,19,17,5,1587708.9,73,72,67,68,102,101,101,99,20.318,20.27,22.43,22.332,2420.82,93968,30077,0,4834,7583,3,13,1,0,0,28,23,14,19,4,3,FALSE,0,FALSE
1187.836,18.366,17.844,15.521,14.433,3.311,19,17,5,1581488.8,72,71,67,68,102,101,101,99,20.318,20.269,22.427,22.329,2447.992,93968,30077,0,4834,7583,3,13,1,0,0,28,23,14,19,4,3,FALSE,0,FALSE
1188.3351,18.376,17.854,15.521,14.433,3.297,19,17,5,1574297.6,71,71,68,68,102,101,101,99,20.316,20.268,22.423,22.326,2477.25,93968,30077,0,4834,7517,3,13,1,0,0,28,23,14,19,4,3,FALSE,0,FALSE
1188.8336,18.385,17.864,15.522,14.434,3.284,19,17,5,1571824.5,71,71,68,69,102,101,101,99,20.314,20.266,22.419,22.323,2508.32,93968,30077,0,4834,7517,3,13,1,0,0,28,23,14,19,4,3,FALSE,0,FALSE
1189.3319,18.395,17.876,15.525,14.436,3.27,19,17,5,1563238.1,71,71,69,69,102,101,101,99,20.311,20.264,22.415,22.319,2540.969,93968,30077,0,4850,7517,3,13,1,0,0,28,23,14,19,4,3,FALSE,0,FALSE
1189.8372,18.404,17.887,15.53,14.44,3.256,19,17,5,1554594.4,71,72,70,70,102,101,100,99,20.308,20.262,22.41,22.315,2575.094,93968,30077,0,4850,7516,3,13,1,0,0,28,23,14,19,4,3,FALSE,0,FALSE
1190.3348,18.43,17.92,15.557,14.467,3.244,19,17,5,1551326.5,74,77,74,76,102,101,100,99,20.305,20.261,22.406,22.313,2609.812,93968,30077,0,4850,7516,3,13,1,0,0,28,23,14,19,4,3,FALSE,0,FALSE
1191.3324,18.471,17.972,15.607,14.515,3.237,19,17,5,1599809.8,72,75,74,77,102,101,100,99,20.305,20.263,22.407,22.317,2673.531,93968,30077,0,4917,7500,3,13,1,0,0,28,23,14,19,4,3,FALSE,0,FALSE
1191.8328,18.482,17.988,15.619,14.528,3.236,19,17,5,1622981.2,71,74,73,75,102,101,100,99,20.306,20.266,22.409,22.321,2696.047,93968,30077,0,4917,7533,3,13,1,0,0,28,23,14,19,4,3,FALSE,0,FALSE
1192.3358,18.493,18.002,15.632,14.54,3.236,19,17,5,1643947,71,74,73,76,102,101,101,99,20.307,20.269,22.412,22.325,2714.102,93968,30077,0,4966,7566,3,13,1,0,0,28,23,14,19,4,3,FALSE,0,FALSE
1192.8336,18.508,18.019,15.649,14.56,3.236,19,17,5,1659978.9,73,77,76,80,102,102,101,99,20.309,20.273,22.416,22.331,2728.281,93968,30077,0,4966,7566,3,13,1,0,0,28,23,14,19,4,3,FALSE,0,FALSE
1193.3358,18.523,18.036,15.666,14.585,3.236,19,17,5,1670143.2,75,78,78,86,102,102,101,99,20.312,20.279,22.421,22.339,2738.086,93968,30077,0,4966,7566,3,13,1,0,0,28,23,14,19,4,3,FALSE,0,FALSE
1193.8342,18.529,18.043,15.673,14.599,3.233,19,17,5,1675161.8,73,75,76,85,102,102,101,99,20.315,20.283,22.426,22.348,2753.586,93968,30077,0,4966,7566,3,13,1,0,0,28,23,14,19,4,3,FALSE,0,FALSE
1194.334,18.538,18.053,15.68,14.607,3.229,19,17,5,1680592.1,73,76,74,81,102,102,101,100,20.318,20.287,22.429,22.355,2769.398,93968,30077,0,5017,7566,3,13,1,0,0,28,23,14,19,4,3,FALSE,0,FALSE
1194.8351,18.547,18.063,15.685,14.613,3.223,19,17,5,1686697.1,72,75,72,77,102,102,101,100,20.32,20.291,22.431,22.361,2780.516,93968,30077,0,5017,7633,3,13,1,0,0,28,23,14,19,4,3,FALSE,0,FALSE
1195.3331,18.556,18.074,15.687,14.614,3.215,19,17,5,1692269.5,73,75,69,73,102,102,101,100,20.321,20.294,22.432,22.364,2794.273,93968,30077,0,5017,7633,3,13,1,0,0,28,23,14,19,4,3,FALSE,0,FALSE
1195.834,18.575,18.096,15.688,14.615,3.205,19,17,5,1698293.5,76,78,67,70,102,102,101,100,20.324,20.297,22.432,22.365,2810.609,93968,30077,0,5017,7633,3,13,1,0,0,28,23,14,19,4,3,FALSE,0,FALSE
1196.3335,18.6,18.121,15.688,14.615,3.193,19,17,5,1706146.4,79,79,67,68,103,102,101,100,20.328,20.3,22.43,22.365,2829.531,93968,30077,0,5017,7633,3,13,1,0,0,28,23,14,19,4,3,FALSE,0,FALSE
1196.8353,18.622,18.14,15.688,14.615,3.18,19,17,5,1710523.1,76,76,67,67,103,102,101,100,20.331,20.304,22.429,22.364,2851.18,93968,30077,0,4934,7567,3,13,1,0,0,28,23,14,19,4,3,FALSE,0,FALSE
1197.3365,18.637,18.154,15.688,14.615,3.167,19,17,5,1705616.4,73,73,68,67,103,102,101,100,20.333,20.306,22.427,22.362,2875.547,93968,30077,0,4934,7533,3,13,1,0,0,28,23,14,19,4,3,FALSE,0,FALSE
1197.836,18.648,18.166,15.688,14.615,3.154,19,17,5,1705109.4,72,72,68,68,103,102,101,100,20.333,20.306,22.424,22.36,2902.312,93968,30077,0,4883,7533,3,13,1,0,0,28,23,14,19,4,3,FALSE,0,FALSE
1198.3352,18.658,18.176,15.688,14.615,3.14,19,17,5,1698076.5,71,71,68,68,103,102,101,100,20.332,20.306,22.421,22.358,2931.211,93968,30077,0,4883,7533,3,13,1,0,0,28,23,14,19,4,3,FALSE,0,FALSE
1198.8334,18.667,18.185,15.688,14.615,3.127,19,17,5,1695640.1,71,71,69,69,103,102,101,100,20.33,20.305,22.418,22.355,2962.055,93968,30077,0,4900,7516,3,13,1,0,0,28,23,14,19,4,3,FALSE,0,FALSE
1199.3314,18.675,18.193,15.688,14.615,3.113,19,17,5,1687094.5,71,71,69,69,103,102,101,100,20.328,20.303,22.414,22.352,2994.547,93968,30077,0,4917,7516,3,13,1,0,0,28,23,14,19,4,3,FALSE,0,FALSE
1200.3339,18.69,18.209,15.688,14.615,3.087,19,17,5,1675216.5,71,71,69,69,102,102,100,99,20.323,20.299,22.406,22.344,3063.836,93968,30077,0,4917,7517,3,13,1,0,0,28,23,14,19,4,3,FALSE,0,FALSE
1200.8341,18.697,18.216,15.688,14.615,3.073,19,17,5,1666572.8,71,71,69,69,102,102,100,99,20.321,20.296,22.401,22.339,3100.117,93968,30077,0,4917,7533,3,13,1,0,0,28,23,14,19,4,3,FALSE,0,FALSE
1201.3354,18.705,18.223,15.688,14.615,3.059,19,17,5,1657929,71,71,69,69,102,102,100,99,20.317,20.293,22.395,22.334,3137.406,93968,30077,0,4916,7533,3,13,1,0,0,28,23,14,19,4,3,FALSE,0,FALSE
1201.8309,18.712,18.231,15.688,14.615,3.045,19,17,5,1649285.2,71,71,70,70,102,102,100,99,20.314,20.289,22.389,22.329,3175.617,93968,30077,0,4916,7517,3,13,1,0,0,28,23,14,19,4,3,FALSE,0,FALSE
1202.3353,18.719,18.238,15.688,14.615,3.032,19,17,5,1640641.5,71,71,70,70,102,102,100,99,20.31,20.285,22.383,22.323,3214.648,93968,30077,0,4917,7517,3,13,1,0,0,28,23,14,19,4,3,FALSE,0,FALSE
1202.8286,18.725,18.245,15.688,14.615,3.018,19,17,5,1631997.8,72,72,70,70,102,102,100,99,20.305,20.281,22.376,22.316,3254.391,93968,30077,0,4917,7534,3,13,1,0,0,28,23,14,19,4,3,FALSE,0,FALSE
1203.334,18.732,18.252,15.688,14.615,3.005,19,17,5,1628757.1,72,71,70,70,102,102,100,99,20.301,20.277,22.369,22.31,3294.703,93968,30077,0,4917,7534,3,13,1,0,0,28,23,14,19,4,3,FALSE,0,FALSE
1203.8346,18.739,18.259,15.688,14.615,2.991,19,17,5,1620113.4,72,71,70,70,102,101,100,99,20.296,20.272,22.362,22.303,3335.406,93968,30077,0,4917,7533,3,13,1,0,0,28,23,14,19,4,3,FALSE,0,FALSE
1204.3335,18.754,18.274,15.708,14.635,2.983,19,17,5,1635540.5,73,73,76,75,102,101,100,99,20.292,20.268,22.357,22.298,3374.859,93968,30077,0,4917,7533,3,13,1,0,0,28,23,14,19,4,3,FALSE,0,FALSE
1204.8348,18.777,18.296,15.736,14.663,2.981,19,17,5,1665154.9,73,73,76,76,102,101,100,99,20.293,20.269,22.361,22.303,3405.82,93968,30077,0,4900,7533,3,13,1,0,0,28,23,14,19,4,3,FALSE,0,FALSE
1205.3324,18.792,18.317,15.761,14.69,2.981,19,17,5,1690088.4,71,76,77,80,102,101,100,99,20.294,20.272,22.366,22.309,3430.406,93968,30077,0,4950,7533,3,13,1,0,0,28,23,14,19,4,3,FALSE,0,FALSE
1205.8352,18.814,18.347,15.796,14.736,2.981,19,17,5,1703017.1,74,79,80,87,102,102,100,99,20.296,20.277,22.373,22.318,3451.344,93968,30077,0,4950,7583,3,13,1,0,0,28,23,14,19,4,3,FALSE,0,FALSE
1206.3334,18.829,18.371,15.822,14.763,2.977,19,17,5,1710656.1,72,80,80,83,102,102,100,99,20.297,20.282,22.378,22.326,3476.172,93968,30077,0,4950,7666,3,13,1,0,0,28,23,14,19,4,3,FALSE,0,FALSE
1206.8337,18.853,18.398,15.852,14.811,2.971,19,17,5,1717758.6,76,80,80,89,102,102,100,99,20.3,20.286,22.383,22.335,3499.727,93968,30077,0,5016,7666,3,13,1,0,0,28,23,14,19,4,3,FALSE,0,FALSE
1207.3348,18.875,18.426,15.875,14.839,2.963,19,17,5,1724397.2,76,80,77,84,102,102,100,99,20.302,20.291,22.388,22.344,3521.023,93968,30077,0,5016,7666,3,13,1,0,0,28,23,14,19,4,3,FALSE,0,FALSE
1207.8324,18.901,18.456,15.894,14.862,2.952,19,17,5,1730674.4,76,81,75,79,102,102,100,99,20.305,20.296,22.391,22.349,3543.086,93968,30077,0,5033,7683,3,13,1,0,0,28,23,14,19,4,3,FALSE,0,FALSE
1208.3357,18.92,18.479,15.909,14.876,2.94,19,17,5,1736717.9,74,78,74,76,102,102,100,100,20.306,20.299,22.392,22.352,3566.609,93968,30077,0,5033,7683,3,13,1,0,0,28,23,14,19,4,3,FALSE,0,FALSE
1208.8357,18.947,18.511,15.934,14.903,2.929,19,17,5,1746328.8,76,81,76,79,102,102,100,100,20.307,20.302,22.393,22.354,3591.539,93968,30077,0,5033,7683,3,13,1,0,0,28,23,14,19,4,3,FALSE,0,FALSE
1209.3319,18.979,18.55,15.96,14.931,2.916,19,17,5,1744377,77,81,76,78,102,102,100,100,20.309,20.306,22.395,22.357,3617.891,93968,30077,0,5066,7716,3,13,1,0,0,28,23,14,19,4,3,FALSE,0,FALSE
1209.8351,19.005,18.581,15.979,14.95,2.902,19,17,5,1737435.8,75,79,74,76,102,102,100,100,20.309,20.309,22.395,22.358,3646.211,93968,30077,0,5100,7716,3,13,1,0,0,28,23,14,19,4,3,FALSE,0,FALSE
1210.3324,19.028,18.609,15.997,14.966,2.889,19,17,5,1732501.5,73,77,73,74,102,102,100,100,20.309,20.311,22.394,22.358,3676.742,93968,30077,0,5100,7750,3,13,1,0,0,28,23,14,19,4,3,FALSE,0,FALSE
1210.8325,19.044,18.628,16.005,14.973,2.875,19,17,5,1726898.8,71,73,70,70,102,102,100,100,20.307,20.311,22.391,22.356,3708.891,93968,30077,0,5133,7750,3,13,1,0,0,28,23,14,19,4,3,FALSE,0,FALSE
1211.8356,19.109,18.681,16.064,15.03,2.848,19,17,5,1709611.2,81,77,81,78,102,102,100,100,20.305,20.307,22.388,22.351,3776.133,93968,30077,0,5167,7834,3,13,1,0,0,28,23,14,19,4,3,FALSE,0,FALSE
1212.3352,19.161,18.725,16.124,15.086,2.834,19,17,5,1700967.5,83,79,86,82,102,102,100,100,20.307,20.307,22.389,22.351,3811.664,93968,30077,0,5167,7834,3,13,1,0,0,28,23,14,19,4,3,FALSE,0,FALSE
1213.3358,19.309,18.849,16.318,15.257,2.807,19,17,5,1689129.8,86,81,93,86,102,102,100,100,20.312,20.308,22.395,22.353,3884.883,93968,30077,0,5167,7883,3,13,1,0,0,28,23,14,19,4,3,FALSE,0,FALSE
1213.8352,19.38,18.91,16.417,15.344,2.794,19,17,5,1680486,86,81,92,86,102,102,100,100,20.315,20.308,22.398,22.354,3921.211,93968,30077,0,5167,7883,3,13,1,0,0,28,23,14,19,4,3,FALSE,0,FALSE
1214.3346,19.439,18.959,16.474,15.397,2.78,19,17,5,1671842.2,80,77,80,77,102,102,100,100,20.316,20.308,22.398,22.352,3956.836,93968,30077,0,5183,7900,3,13,1,0,0,28,23,14,19,4,3,FALSE,0,FALSE
1214.8328,19.455,18.971,16.48,15.404,2.767,19,17,5,1663198.5,72,71,71,70,102,102,100,99,20.313,20.303,22.393,22.347,3992.945,93968,30077,0,5183,7916,3,13,1,0,0,28,23,14,19,4,3,FALSE,0,FALSE
1215.3314,19.465,18.978,16.485,15.409,2.753,19,17,5,1658949,71,70,72,71,102,102,100,99,20.307,20.298,22.386,22.34,4030.133,93968,30077,40838,5183,7916,3,13,1,0,0,28,23,14,19,4,3,FALSE,0,FALSE
1215.8358,19.49,18.996,16.514,15.433,2.75,19,17,5,1689091.1,74,71,76,74,102,102,100,99,20.305,20.295,22.386,22.339,4062.5,93968,30077,40838,5183,7950,3,13,1,0,0,28,23,14,19,4,3,FALSE,0,FALSE
1216.3363,19.532,19.027,16.575,15.489,2.75,19,17,5,1717408.1,83,76,91,86,102,102,100,99,20.308,20.295,22.391,22.343,4088.164,93968,30077,40838,5183,7950,3,13,1,0,0,28,23,14,19,4,3,FALSE,0,FALSE
1217.3328,19.598,19.076,16.729,15.609,2.749,19,17,5,1756994.5,80,74,103,92,102,102,101,100,20.319,20.301,22.417,22.362,4129.016,93968,30077,40838,5150,7933,3,13,1,0,0,28,23,14,19,4,3,FALSE,0,FALSE
1217.8297,19.621,19.095,16.784,15.648,2.743,19,17,5,1763684,80,76,100,88,102,102,101,100,20.323,20.302,22.431,22.371,4148.359,93968,30077,40838,5150,7933,3,13,1,0,0,28,23,14,19,4,3,FALSE,0,FALSE
1218.3315,19.647,19.117,16.816,15.673,2.736,19,17,5,1770184.6,81,77,91,82,103,102,101,100,20.327,20.305,22.441,22.377,4168.32,93968,30077,40838,5150,7933,3,13,1,0,0,28,23,14,19,4,3,FALSE,0,FALSE
1218.8312,19.677,19.144,16.836,15.689,2.726,19,17,5,1775590.1,81,78,82,75,103,102,101,100,20.332,20.307,22.447,22.38,4188.133,93968,30077,40838,5267,7933,3,13,1,0,0,28,23,14,19,4,3,FALSE,0,FALSE
1219.3324,19.702,19.169,16.842,15.694,2.713,19,17,5,1771568.4,78,77,74,71,103,102,101,100,20.335,20.31,22.449,22.381,4209.984,93968,30077,40838,5267,8050,3,13,1,0,0,28,23,14,19,4,3,FALSE,0,FALSE
1219.8319,19.727,19.192,16.847,15.7,2.7,19,17,5,1772122,77,75,71,69,103,102,101,100,20.337,20.311,22.448,22.379,4234.781,93968,30077,40838,5267,8050,3,13,1,0,0,28,23,14,19,4,3,FALSE,0,FALSE
1220.3344,19.742,19.206,16.847,15.701,2.687,19,17,5,1766296.1,74,72,68,68,103,102,101,100,20.337,20.31,22.446,22.377,4261.906,93968,30077,40838,5283,8083,3,13,1,0,0,28,23,14,19,4,3,FALSE,0,FALSE
1220.8319,19.752,19.216,16.847,15.701,2.673,19,17,5,1759162.2,72,71,69,69,103,102,101,100,20.335,20.309,22.442,22.374,4291.164,93968,30077,40838,5283,8083,3,13,1,0,0,28,23,14,19,4,3,FALSE,0,FALSE
1221.3325,19.76,19.224,16.847,15.701,2.66,19,17,5,1756537.1,71,71,69,69,103,102,101,100,20.333,20.306,22.438,22.37,4322.164,93968,30077,40838,5283,8083,3,13,1,0,0,28,23,14,19,4,3,FALSE,0,FALSE
1221.8317,19.768,19.233,16.847,15.701,2.647,19,17,5,1747962.6,71,71,69,69,103,102,101,100,20.33,20.304,22.434,22.366,4354.781,93968,30077,40838,5283,8116,3,13,1,0,0,28,23,14,19,4,3,FALSE,0,FALSE
1222.3325,19.776,19.241,16.847,15.701,2.633,19,17,5,1739318.9,71,71,69,69,102,102,101,100,20.326,20.3,22.429,22.362,4388.883,93968,30077,40838,5283,8116,3,13,1,0,0,28,23,14,19,4,3,FALSE,0,FALSE
1222.8348,19.784,19.248,16.847,15.701,2.62,19,17,5,1736013.5,71,71,69,69,102,102,101,100,20.322,20.297,22.424,22.357,4424.188,93968,30077,40838,5283,8116,3,13,1,0,0,28,23,14,19,4,3,FALSE,0,FALSE
1223.3334,19.792,19.255,16.847,15.701,2.606,19,17,5,1727369.8,71,71,69,69,102,102,101,100,20.318,20.293,22.418,22.351,4460.531,93968,30077,40838,5284,8150,3,13,1,0,0,28,23,14,19,4,3,FALSE,0,FALSE
1223.8312,19.8,19.262,16.847,15.701,2.593,19,17,5,1718726,71,71,69,69,102,102,101,99,20.314,20.288,22.412,22.345,4497.922,93968,30077,40838,5284,8150,3,13,1,0,0,28,23,14,19,4,3,FALSE,0,FALSE
1224.3302,19.808,19.269,16.847,15.701,2.579,19,17,5,1710082.2,71,71,70,69,102,102,100,99,20.309,20.284,22.405,22.339,4536.258,93968,30077,40838,5284,8200,3,13,1,0,0,28,23,14,19,4,3,FALSE,0,FALSE
1224.8309,19.815,19.276,16.847,15.701,2.565,19,17,5,1701438.5,71,71,70,69,102,102,100,99,20.304,20.279,22.398,22.333,4575.453,93968,30077,40838,5283,8200,3,13,1,0,0,28,23,14,19,4,3,FALSE,0,FALSE
1225.3317,19.822,19.283,16.847,15.701,2.551,19,17,5,1692794.8,72,72,70,70,102,102,100,99,20.299,20.274,22.391,22.326,4615.406,93968,30077,40838,5283,8233,3,13,1,0,0,28,23,14,19,4,3,FALSE,0,FALSE
1225.8319,19.829,19.289,16.847,15.701,2.539,19,17,5,1689528.6,72,72,70,70,102,101,100,99,20.294,20.269,22.384,22.319,4655.867,93968,30077,40838,5283,8233,3,13,1,0,0,28,23,14,19,4,3,FALSE,0,FALSE
1226.3331,19.836,19.296,16.847,15.701,2.525,19,17,5,1680884.9,72,72,70,70,102,101,100,99,20.288,20.263,22.376,22.311,4696.844,93968,30077,40838,5267,8233,3,13,1,0,0,28,23,14,19,4,3,FALSE,0,FALSE
1227.3348,19.85,19.309,16.847,15.701,2.497,19,17,5,1663597.4,72,72,71,70,102,101,100,99,20.276,20.252,22.36,22.296,4780.117,93968,30077,40838,5267,8250,3,13,1,0,0,28,23,14,19,4,3,FALSE,0,FALSE
1227.8312,19.857,19.315,16.847,15.701,2.483,19,17,5,1656157.4,71,70,70,70,101,101,100,98,20.27,20.245,22.351,22.287,4822.289,93968,30077,40838,5267,8250,3,13,1,0,0,28,23,14,19,4,3,FALSE,0,FALSE
1228.8337,19.904,19.364,16.961,15.768,2.479,19,17,5,1716305.2,73,73,82,75,101,101,100,99,20.268,20.244,22.359,22.293,4887.953,93968,30077,40838,5267,8250,3,13,1,0,0,28,23,14,19,4,3,FALSE,0,FALSE
1229.3328,19.935,19.388,17.003,15.804,2.479,19,17,5,1739722.1,80,76,89,81,101,101,100,99,20.271,20.246,22.367,22.299,4909.984,93968,30077,40838,5233,8233,3,13,1,0,0,28,23,14,19,4,3,FALSE,0,FALSE
1229.835,19.98,19.423,17.074,15.859,2.479,19,17,5,1757250.6,87,81,102,91,102,101,100,99,20.28,20.252,22.381,22.31,4926.773,93968,30077,40838,5233,8183,3,13,1,0,0,28,23,14,19,4,3,FALSE,0,FALSE
1230.3276,19.999,19.439,17.131,15.894,2.474,19,17,5,1763662.4,80,77,104,87,102,101,100,99,20.288,20.258,22.398,22.321,4947.141,93968,30077,40838,5183,8183,3,13,1,0,0,28,23,14,19,4,3,FALSE,0,FALSE
1230.8328,20.026,19.462,17.157,15.914,2.466,19,17,5,1769856.6,83,79,92,81,102,101,101,99,20.294,20.262,22.411,22.33,4965.461,93968,30077,40838,5183,8183,3,13,1,0,0,28,23,14,19,4,3,FALSE,0,FALSE
1231.3302,20.076,19.506,17.175,15.928,2.457,19,17,5,1776392.9,91,86,83,76,102,101,101,99,20.302,20.269,22.42,22.335,4983.25,93968,30077,40838,5183,8183,3,13,1,0,0,28,23,14,19,4,3,FALSE,0,FALSE
1231.8333,20.1,19.528,17.18,15.932,2.447,19,17,5,1778442,80,78,74,71,102,102,101,99,20.31,20.275,22.424,22.338,5002.953,93968,30077,40838,5217,8250,3,13,1,0,0,28,23,14,19,4,3,FALSE,0,FALSE
1232.3328,20.119,19.547,17.186,15.939,2.434,19,17,5,1778278.1,77,75,73,69,102,102,101,99,20.314,20.278,22.426,22.339,5024.461,93968,30077,40838,5217,8250,3,13,1,0,0,28,23,14,19,4,3,FALSE,0,FALSE
1233.3303,20.164,19.588,17.199,15.952,2.408,19,17,5,1772465.5,75,73,70,69,102,102,101,99,20.318,20.282,22.427,22.339,5074.883,93968,30077,40838,5233,8250,3,13,1,0,0,28,23,14,19,4,3,FALSE,0,FALSE
1233.8295,20.18,19.601,17.199,15.953,2.394,19,17,5,1765321.2,74,70,66,68,102,102,101,99,20.319,20.281,22.425,22.338,5104.164,93968,30077,40838,5233,8267,3,13,1,0,0,28,23,14,19,4,3,FALSE,0,FALSE
1234.3301,20.192,19.611,17.199,15.953,2.381,19,17,5,1762818,72,70,68,69,102,102,101,99,20.318,20.28,22.422,22.336,5135.188,93968,30077,40838,5234,8267,3,13,1,0,0,28,23,14,19,4,3,FALSE,0,FALSE
1234.8331,20.2,19.62,17.199,15.953,2.367,19,17,5,1754232.6,72,71,69,70,102,102,101,99,20.317,20.278,22.419,22.334,5167.812,93968,30077,40838,5284,8300,3,13,1,0,0,28,23,14,19,4,3,FALSE,0,FALSE
1235.3193,20.207,19.628,17.199,15.953,2.354,19,17,5,1745877,71,71,69,69,102,102,101,99,20.315,20.276,22.416,22.331,5200.805,93968,30077,40838,5284,8300,3,13,1,0,0,28,23,14,19,4,3,FALSE,0,FALSE
1235.8326,20.215,19.635,17.199,15.953,2.341,19,17,5,1742373.2,71,71,70,69,102,102,101,99,20.312,20.274,22.412,22.327,5237.422,93968,30077,40838,5284,8317,3,13,1,0,0,28,23,14,19,4,3,FALSE,0,FALSE
1236.3292,20.222,19.642,17.199,15.953,2.327,19,17,5,1733729.5,71,71,70,69,102,101,100,99,20.309,20.271,22.407,22.323,5273.867,93968,30077,40838,5316,8350,3,13,1,0,0,28,23,14,19,4,3,FALSE,0,FALSE
1236.8278,20.229,19.649,17.199,15.953,2.313,19,17,5,1725085.8,71,71,70,69,102,101,100,99,20.306,20.268,22.402,22.319,5311.32,93968,30077,40838,5316,8350,3,13,1,0,0,28,23,14,19,4,3,FALSE,0,FALSE
1237.3324,20.236,19.656,17.199,15.953,2.299,19,17,5,1716442,71,71,70,70,102,101,100,99,20.302,20.264,22.397,22.314,5349.672,93968,30077,40838,5334,8350,3,13,1,0,0,28,23,14,19,4,3,FALSE,0,FALSE
1237.8318,20.243,19.663,17.199,15.953,2.285,19,17,5,1707798.2,71,71,70,70,102,101,100,99,20.298,20.261,22.391,22.309,5388.781,93968,30077,40838,5334,8384,3,13,1,0,0,28,23,14,19,4,3,FALSE,0,FALSE
1238.332,20.25,19.67,17.199,15.954,2.272,19,17,6,1699154.5,71,72,70,70,102,101,100,99,20.294,20.257,22.385,22.303,19.727,93991,0,0,5350,8384,3,14,1,0,0,28,23,14,19,4,3,FALSE,0,FALSE
1238.8307,20.257,19.677,17.199,15.954,2.258,19,17,6,1690510.8,72,72,70,70,102,101,100,99,20.289,20.252,22.378,22.296,60.195,93991,0,0,5367,8417,3,14,1,0,0,28,23,14,19,4,3,FALSE,0,FALSE
1239.331,20.264,19.683,17.199,15.954,2.245,19,17,6,1687334.9,71,71,70,70,102,101,100,98,20.284,20.247,22.371,22.29,101.039,93991,0,0,5366,8417,3,14,1,0,0,28,23,14,19,4,3,FALSE,0,FALSE
1239.8326,20.27,19.689,17.199,15.954,2.231,19,17,6,1678691.1,71,71,70,70,102,101,100,98,20.278,20.242,22.363,22.283,142.289,93991,0,0,5383,8417,3,14,1,0,0,28,23,14,19,4,3,FALSE,0,FALSE
1240.3306,20.276,19.696,17.199,15.954,2.218,19,17,6,1670047.4,71,71,70,70,101,101,100,98,20.273,20.237,22.355,22.275,183.961,93991,0,0,5383,8450,3,14,1,0,0,28,23,14,19,4,3,FALSE,0,FALSE
1240.8307,20.283,19.702,17.199,15.954,2.204,19,17,6,1661403.6,72,72,70,70,101,101,99,98,20.267,20.231,22.347,22.268,225.992,93991,0,0,5383,8450,3,14,1,0,0,28,23,14,19,4,3,FALSE,0,FALSE
1241.3328,20.29,19.709,17.199,15.954,2.19,19,17,6,1652759.9,72,72,70,70,101,101,99,98,20.26,20.225,22.339,22.259,268.344,93991,0,0,5383,8450,3,14,1,0,0,28,23,14,19,4,3,FALSE,0,FALSE
1241.8341,20.297,19.715,17.2,15.954,2.176,19,17,6,1644116.1,72,71,70,70,101,100,99,98,20.254,20.219,22.33,22.251,310.977,93991,0,0,5383,8450,3,14,1,0,0,28,23,14,19,4,3,FALSE,0,FALSE
1242.3306,20.303,19.723,17.2,15.955,2.162,19,17,6,1635472.4,71,71,70,69,101,100,99,98,20.247,20.212,22.321,22.243,353.875,93991,0,0,5383,8450,3,14,1,0,0,28,23,14,19,4,3,FALSE,0,FALSE
1242.8319,20.31,19.729,17.201,15.955,2.148,19,17,6,1626828.6,72,72,70,70,101,100,99,98,20.24,20.206,22.312,22.234,396.969,93991,0,0,5383,8450,3,14,1,0,0,28,23,14,19,4,3,FALSE,0,FALSE
1243.3326,20.317,19.736,17.201,15.955,2.134,19,17,6,1618184.9,72,72,70,70,101,100,99,97,20.233,20.199,22.302,22.225,440.242,93991,0,0,5383,8450,3,14,1,0,0,28,23,14,19,4,3,FALSE,0,FALSE
1243.8286,20.324,19.742,17.201,15.955,2.121,19,17,6,1609541.1,72,72,70,70,101,100,99,97,20.226,20.192,22.293,22.216,483.688,93991,0,0,5384,8450,3,14,1,0,0,28,23,14,19,4,3,FALSE,0,FALSE
1244.3312,20.33,19.749,17.201,15.955,2.107,19,17,6,1600897.4,72,72,70,70,100,100,98,97,20.218,20.184,22.283,22.206,527.289,93991,0,0,5384,8450,3,14,1,0,0,28,23,14,19,4,3,FALSE,0,FALSE
1245.3297,20.346,19.765,17.21,15.965,2.08,19,17,6,1594025.4,72,73,74,73,100,100,98,97,20.202,20.169,22.264,22.188,614.43,93991,0,0,5384,8467,3,14,1,0,0,28,23,14,19,4,3,FALSE,0,FALSE
1245.8287,20.373,19.791,17.244,16,2.078,19,17,6,1627957.1,73,73,76,76,100,100,98,97,20.2,20.168,22.266,22.19,650.711,93991,0,0,5366,8466,3,14,1,0,0,28,23,14,19,4,3,FALSE,0,FALSE
1246.3285,20.392,19.809,17.259,16.015,2.078,19,17,6,1655675,72,72,73,73,100,100,98,97,20.202,20.17,22.272,22.196,678.305,93991,0,0,5366,8466,3,14,1,0,0,28,23,14,19,4,3,FALSE,0,FALSE
1246.8295,20.405,19.821,17.266,16.022,2.077,19,17,6,1678405.6,71,71,72,71,100,100,98,97,20.205,20.172,22.277,22.202,699.289,93991,0,0,5400,8483,3,14,1,0,0,28,23,14,19,4,3,FALSE,0,FALSE
1247.3284,20.42,19.834,17.285,16.038,2.077,19,17,6,1696403.6,74,72,77,74,100,100,98,97,20.208,20.175,22.283,22.208,715.094,93991,0,0,5400,8483,3,14,1,0,0,28,23,14,19,4,3,FALSE,0,FALSE
1247.8314,20.434,19.844,17.318,16.063,2.077,19,17,6,1708714.6,75,71,86,79,100,100,99,97,20.212,20.179,22.292,22.215,726.562,93991,0,0,5400,8534,3,14,1,0,0,28,23,14,19,4,3,FALSE,0,FALSE
1248.333,20.442,19.852,17.354,16.084,2.077,19,17,6,1717221.4,73,71,95,81,100,100,99,97,20.217,20.182,22.304,22.224,738.375,93991,0,0,5434,8534,3,14,1,0,0,28,23,14,19,4,3,FALSE,0,FALSE
1248.8323,20.449,19.858,17.38,16.096,2.075,19,17,6,1721872.2,72,72,95,79,101,100,99,98,20.22,20.185,22.319,22.232,758.656,93991,0,0,5434,8467,3,14,1,0,0,28,23,14,19,4,3,FALSE,0,FALSE
1249.332,20.464,19.869,17.385,16.103,2.072,19,17,6,1726907.9,76,72,86,76,101,100,99,98,20.224,20.188,22.331,22.24,769.062,93991,0,0,5350,8467,3,14,1,0,0,28,23,14,19,4,3,FALSE,0,FALSE
1249.8292,20.47,19.875,17.388,16.105,2.066,19,17,6,1732598.4,74,71,78,72,101,100,99,98,20.228,20.19,22.338,22.245,780.164,93991,0,0,5350,8467,3,14,1,0,0,28,23,14,19,4,3,FALSE,0,FALSE
1250.3274,20.476,19.883,17.388,16.105,2.059,19,17,6,1737554.8,72,71,72,69,101,100,99,98,20.231,20.192,22.343,22.248,793.305,93991,0,0,5350,8467,3,14,1,0,0,28,23,14,19,4,3,FALSE,0,FALSE
1250.8306,20.486,19.894,17.389,16.106,2.049,19,17,6,1743078.9,73,72,68,68,101,100,99,98,20.233,20.195,22.345,22.25,808.969,93991,0,0,5350,8467,3,14,1,0,0,28,23,14,19,4,3,FALSE,0,FALSE
1251.3306,20.501,19.909,17.395,16.113,2.04,19,17,6,1753132.5,74,74,69,71,101,100,99,98,20.236,20.197,22.346,22.252,826.945,93991,0,0,5350,8467,3,14,1,0,0,28,23,14,19,4,3,FALSE,0,FALSE
1251.8322,20.516,19.927,17.409,16.129,2.032,19,17,6,1759626.2,75,77,73,75,101,100,99,98,20.238,20.201,22.347,22.255,851.422,93991,0,0,5350,8466,3,14,1,0,0,28,23,14,19,4,3,FALSE,0,FALSE
1252.3313,20.535,19.952,17.425,16.146,2.023,19,17,6,1766136.6,74,79,73,75,101,100,99,98,20.24,20.205,22.349,22.259,872.781,93991,0,0,5350,8483,3,14,1,0,0,28,23,14,19,4,3,FALSE,0,FALSE
1252.8302,20.562,19.98,17.435,16.156,2.01,19,17,6,1767375.1,77,80,72,72,101,100,100,98,20.242,20.21,22.35,22.261,894.875,93991,0,0,5366,8483,3,14,1,0,0,28,23,14,19,4,3,FALSE,0,FALSE
1253.3291,20.587,20.004,17.439,16.159,1.997,19,17,6,1767571.9,74,76,70,70,101,100,99,98,20.246,20.214,22.35,22.262,919.875,93991,0,0,5366,8483,3,14,1,0,0,28,23,14,19,4,3,FALSE,0,FALSE
1253.8314,20.606,20.023,17.446,16.167,1.984,19,17,6,1761433.6,76,73,70,70,101,100,99,98,20.247,20.215,22.349,22.262,947.93,93991,0,0,5366,8500,3,14,1,0,0,28,23,14,19,4,3,FALSE,0,FALSE
1254.332,20.63,20.045,17.455,16.174,1.97,19,17,6,1754426.4,75,73,72,69,101,100,99,98,20.249,20.216,22.348,22.261,978.734,93991,0,0,5383,8500,3,14,1,0,0,28,23,14,19,4,3,FALSE,0,FALSE
1254.8319,20.646,20.057,17.46,16.179,1.957,19,17,6,1752107.6,73,71,71,69,101,100,99,98,20.249,20.216,22.347,22.259,1009.266,93991,0,0,5384,8517,3,14,1,0,0,28,23,14,19,4,3,FALSE,0,FALSE
1255.3326,20.656,20.066,17.461,16.181,1.944,19,17,6,1743642.1,71,70,69,68,101,100,99,98,20.248,20.214,22.344,22.256,1041.289,93991,0,0,5417,8517,3,14,1,0,0,28,23,14,19,4,3,FALSE,0,FALSE
1255.8319,20.666,20.075,17.462,16.182,1.93,19,17,6,1734998.4,71,70,69,68,101,100,99,98,20.246,20.212,22.34,22.253,1074.875,93991,0,0,5417,8517,3,14,1,0,0,28,23,14,19,4,3,FALSE,0,FALSE
1256.3298,20.676,20.083,17.462,16.182,1.916,19,17,6,1726354.6,71,71,69,68,101,100,99,98,20.244,20.21,22.336,22.249,1109.82,93991,0,0,5417,8600,3,14,1,0,0,28,23,14,19,4,3,FALSE,0,FALSE
1256.8302,20.684,20.09,17.462,16.182,1.903,19,17,6,1723208.9,71,71,69,69,101,100,99,98,20.241,20.207,22.332,22.245,1145.836,93991,0,0,5450,8600,3,14,1,0,0,28,23,14,19,4,3,FALSE,0,FALSE
1257.3314,20.692,20.097,17.462,16.182,1.889,19,17,6,1714565.1,71,71,69,69,101,100,99,98,20.238,20.204,22.327,22.24,1182.797,93991,0,0,5450,8600,3,14,1,0,0,28,23,14,19,4,3,FALSE,0,FALSE
1257.8307,20.7,20.105,17.463,16.183,1.875,19,17,6,1705921.4,71,71,70,70,101,100,99,98,20.235,20.201,22.321,22.235,1220.672,93991,0,0,5500,8617,3,14,1,0,0,28,23,14,19,4,3,FALSE,0,FALSE
1258.3315,20.709,20.112,17.463,16.183,1.862,19,17,6,1697277.6,72,71,70,69,101,100,99,97,20.231,20.198,22.315,22.23,1259.359,93991,0,0,5500,8617,3,14,1,0,0,28,23,14,19,4,3,FALSE,0,FALSE
1258.8307,20.716,20.119,17.463,16.183,1.848,19,17,6,1688633.9,72,71,70,69,101,100,99,97,20.227,20.194,22.309,22.224,1298.758,93991,0,0,5500,8684,3,14,1,0,0,28,23,14,19,4,3,FALSE,0,FALSE
1259.3315,20.724,20.126,17.463,16.184,1.835,19,17,6,1685328,71,71,70,70,101,100,99,97,20.223,20.189,22.302,22.218,1338.719,93991,0,0,5500,8700,3,14,1,0,0,28,23,14,19,4,3,FALSE,0,FALSE
1259.8285,20.73,20.133,17.464,16.184,1.822,19,17,6,1676684.2,71,71,70,70,100,100,99,97,20.218,20.185,22.295,22.212,1379.07,93991,0,0,5550,8700,3,14,1,0,0,28,23,14,19,4,3,FALSE,0,FALSE
1260.332,20.738,20.143,17.468,16.188,1.808,19,17,6,1673051.9,71,72,71,71,100,100,98,97,20.213,20.18,22.288,22.205,1419.812,93991,0,0,5550,8716,3,14,1,0,0,28,23,14,19,4,3,FALSE,0,FALSE
1260.831,20.769,20.166,17.508,16.229,1.806,19,17,6,1705552.8,75,74,78,78,100,100,98,97,20.213,20.18,22.289,22.207,1454.891,93991,0,0,5600,8716,3,14,1,0,0,28,23,14,19,4,3,FALSE,0,FALSE
1261.3326,20.786,20.227,17.557,16.245,1.805,19,17,6,1731640,73,77,78,74,100,100,99,97,20.215,20.187,22.298,22.212,1482.008,93991,0,0,5600,8733,3,14,1,0,0,28,23,14,19,4,3,FALSE,0,FALSE
1261.8296,20.811,20.247,17.589,16.272,1.805,19,17,6,1754387.8,78,75,83,78,100,100,99,97,20.219,20.191,22.305,22.219,1503.234,93991,0,0,5617,8767,3,14,1,0,0,28,23,14,19,4,3,FALSE,0,FALSE
1262.3301,20.838,20.267,17.629,16.304,1.805,19,17,6,1771757.4,80,75,89,81,101,100,99,97,20.225,20.195,22.315,22.227,1519.891,93991,0,0,5617,8767,3,14,1,0,0,28,23,14,19,4,3,FALSE,0,FALSE
1262.8331,20.86,20.281,17.668,16.338,1.804,19,17,6,1781756.5,80,73,92,85,101,100,99,98,20.232,20.199,22.327,22.236,1543.531,93991,0,0,5616,8766,3,14,1,0,0,28,23,14,19,4,3,FALSE,0,FALSE
1263.3331,20.876,20.293,17.696,16.358,1.8,19,17,6,1787734.5,78,72,89,81,101,100,99,98,20.238,20.202,22.338,22.245,1566,93991,0,0,5616,8766,3,14,1,0,0,28,23,14,19,4,3,FALSE,0,FALSE
1263.8317,20.892,20.306,17.713,16.371,1.795,19,17,6,1793798.2,77,73,84,77,101,100,99,98,20.243,20.205,22.347,22.251,1583.133,93991,0,0,5616,8750,3,14,1,0,0,28,23,14,19,4,3,FALSE,0,FALSE
1264.3303,20.905,20.317,17.721,16.378,1.788,19,17,6,1799919.8,76,72,77,72,101,100,100,98,20.247,20.207,22.352,22.255,1600.289,93991,0,0,5600,8750,3,14,1,0,0,28,23,14,19,4,3,FALSE,0,FALSE
1264.8301,20.921,20.333,17.725,16.382,1.778,19,17,6,1800692.5,76,73,72,69,101,100,100,98,20.25,20.209,22.355,22.257,1618.242,93991,0,0,5600,8750,3,14,1,0,0,28,23,14,19,4,3,FALSE,0,FALSE
1265.3284,20.937,20.351,17.729,16.386,1.765,19,17,6,1797387,75,74,70,69,101,100,100,98,20.253,20.211,22.356,22.258,1639.219,93991,0,0,5567,8717,3,14,1,0,0,28,23,14,19,4,3,FALSE,0,FALSE
1265.8308,20.967,20.38,17.733,16.39,1.752,19,17,6,1793763.2,78,78,70,68,101,100,100,98,20.256,20.214,22.357,22.258,1662.852,93991,0,0,5567,8717,3,14,1,0,0,28,23,14,19,4,3,FALSE,0,FALSE
1266.3326,20.983,20.394,17.733,16.391,1.739,19,17,6,1793581.6,73,72,68,67,101,100,100,98,20.258,20.216,22.356,22.257,1689.062,93991,0,0,5567,8717,3,14,1,0,0,28,23,14,19,4,3,FALSE,0,FALSE
1266.8284,20.995,20.406,17.734,16.391,1.725,19,17,6,1786902,71,72,69,68,101,100,100,98,20.258,20.216,22.354,22.256,1717.664,93991,0,0,5566,8717,3,14,1,0,0,28,23,14,19,4,3,FALSE,0,FALSE
1267.3295,21.007,20.421,17.74,16.397,1.713,19,17,6,1784672.4,71,73,70,71,101,100,100,98,20.257,20.217,22.352,22.255,1747.922,93991,0,0,5566,8717,3,14,1,0,0,28,23,14,19,4,3,FALSE,0,FALSE
1267.8301,21.02,20.439,17.748,16.404,1.699,19,17,6,1776350.8,71,73,70,71,101,100,99,98,20.256,20.217,22.35,22.254,1779.742,93991,0,0,5550,8717,3,14,1,0,0,28,23,14,19,4,3,FALSE,0,FALSE
1268.3291,21.035,20.457,17.759,16.414,1.685,19,17,6,1767707,72,75,72,73,101,100,99,98,20.255,20.216,22.347,22.252,1814.117,93991,30110,0,5550,8700,3,14,1,0,0,28,23,14,19,4,3,FALSE,0,FALSE
1268.8271,21.052,20.476,17.774,16.428,1.678,19,17,6,1781580.8,72,71,73,72,101,100,99,98,20.254,20.217,22.346,22.251,1848.828,93991,30110,0,5566,8700,3,14,1,0,0,28,23,14,19,4,3,FALSE,0,FALSE
1269.3314,21.091,20.505,17.82,16.469,1.678,19,17,6,1806607.2,79,75,82,77,101,100,99,98,20.256,20.218,22.349,22.253,1877.359,93991,30110,0,5566,8700,3,14,1,0,0,28,23,14,19,4,3,FALSE,0,FALSE
1269.8168,21.117,20.523,17.859,16.498,1.678,19,17,6,1828326.5,79,72,85,79,101,100,100,98,20.26,20.219,22.353,22.256,1904.93,93991,30110,0,5567,8700,3,14,1,0,0,28,23,14,19,4,3,FALSE,0,FALSE
1270.329,21.139,20.539,17.92,16.535,1.677,19,17,6,1836378.2,79,73,92,81,101,101,100,98,20.262,20.219,22.36,22.259,1932.805,93991,30110,0,5567,8783,3,14,1,0,0,28,23,14,19,4,3,FALSE,0,FALSE
1270.8278,21.194,20.581,17.989,16.585,1.675,19,17,6,1844848,88,80,95,84,101,101,100,98,20.268,20.222,22.37,22.264,1955.75,93991,30110,0,5567,8783,3,14,1,0,0,28,23,14,19,4,3,FALSE,0,FALSE
1271.331,21.224,20.607,18.002,16.597,1.664,19,17,6,1847530.5,80,77,78,74,102,101,100,98,20.274,20.225,22.375,22.267,1978.383,93991,30110,0,5684,8783,3,14,1,0,0,28,23,14,19,4,3,FALSE,0,FALSE
1271.8296,21.25,20.635,18.025,16.627,1.653,19,17,6,1849744.5,77,78,77,81,102,101,100,98,20.276,20.227,22.375,22.268,2003.664,93991,30110,0,5684,8850,3,14,1,0,0,28,23,14,19,4,3,FALSE,0,FALSE
1272.3295,21.284,20.676,18.063,16.678,1.643,19,17,6,1856650.4,78,81,78,85,102,101,100,98,20.278,20.231,22.376,22.272,2031,93991,30110,0,5684,8850,3,14,1,0,0,28,23,14,19,4,3,FALSE,0,FALSE
1272.8319,21.317,20.715,18.088,16.708,1.631,19,17,6,1864669.1,76,80,75,79,102,101,100,98,20.28,20.234,22.376,22.276,2058.766,93991,30110,0,5684,9050,3,14,1,0,0,28,23,14,19,4,3,FALSE,0,FALSE
1273.3315,21.351,20.754,18.111,16.734,1.617,19,17,6,1860852.1,78,81,74,77,102,101,100,98,20.28,20.237,22.374,22.276,2086.406,93991,30110,0,5967,9050,3,14,1,0,0,28,23,14,19,4,3,FALSE,0,FALSE
1273.8328,21.377,20.785,18.126,16.748,1.604,19,17,6,1853359.2,73,76,71,72,102,101,100,98,20.28,20.239,22.371,22.275,2116.383,93991,30110,0,5967,9217,3,14,1,0,0,28,23,14,19,4,3,FALSE,0,FALSE
1274.3329,21.39,20.801,18.132,16.754,1.591,19,17,6,1850643,71,74,71,71,102,101,100,98,20.278,20.238,22.367,22.272,2148.016,93991,30110,0,5967,9300,3,14,1,0,0,28,23,14,19,4,3,FALSE,0,FALSE
1274.8306,21.398,20.811,18.136,16.757,1.577,19,17,6,1846332.9,71,71,70,70,102,101,100,98,20.275,20.236,22.363,22.268,2180.883,93991,30110,0,6067,9300,3,14,1,0,0,28,23,14,19,4,3,FALSE,0,FALSE
1275.3323,21.421,20.836,18.164,16.787,1.575,19,17,6,1874278.4,74,74,76,76,102,101,100,98,20.275,20.236,22.364,22.27,2209.461,93991,30110,0,6067,9367,3,14,1,0,0,28,23,14,19,4,3,FALSE,0,FALSE
1275.8293,21.44,20.85,18.176,16.801,1.574,19,17,6,1897662.6,74,72,75,74,102,101,100,98,20.277,20.239,22.368,22.274,2230.992,93991,30110,0,6116,9416,3,14,1,0,0,28,23,14,19,4,3,FALSE,0,FALSE
1276.3308,21.457,20.863,18.193,16.819,1.574,19,17,6,1916339.9,77,71,78,77,102,101,100,98,20.281,20.241,22.374,22.28,2247.523,93991,30110,0,6116,9416,3,14,1,0,0,28,23,14,19,4,3,FALSE,0,FALSE
1276.8314,21.473,20.875,18.217,16.836,1.574,19,17,6,1924738.6,77,72,82,76,102,101,100,98,20.285,20.243,22.381,22.286,2260.227,93991,30110,0,6116,9416,3,14,1,0,0,28,23,14,19,4,3,FALSE,0,FALSE
1277.3293,21.484,20.883,18.236,16.849,1.574,19,17,6,1933770.6,75,71,84,76,102,101,100,99,20.289,20.245,22.388,22.291,2274.406,93991,30110,0,6116,9416,3,14,1,0,0,28,23,14,19,4,3,FALSE,0,FALSE
1277.8308,21.496,20.893,18.271,16.874,1.572,19,17,6,1939861.1,76,72,92,81,102,101,100,99,20.292,20.247,22.397,22.297,2292.891,93991,30110,0,6083,9416,3,14,1,0,0,28,23,14,19,4,3,FALSE,0,FALSE
1278.3295,21.514,20.906,18.288,16.888,1.568,19,17,6,1946027,79,74,88,79,102,101,100,99,20.296,20.249,22.407,22.303,2305.68,93991,30110,0,6083,9416,3,14,1,0,0,28,23,14,19,4,3,FALSE,0,FALSE
1278.8274,21.537,20.927,18.299,16.896,1.562,19,17,6,1952751.9,82,77,82,75,102,101,101,99,20.302,20.252,22.414,22.308,2318.109,93991,30110,0,6083,9383,3,14,1,0,0,28,23,14,19,4,3,FALSE,0,FALSE
1279.3293,21.551,20.94,18.304,16.901,1.554,19,17,6,1959956.6,79,75,76,72,102,101,101,99,20.307,20.256,22.418,22.31,2331.969,93991,30110,0,6083,9383,3,14,1,0,0,28,23,14,19,4,3,FALSE,0,FALSE
1279.8236,21.574,20.962,18.307,16.904,1.545,19,17,6,1967379.8,80,78,73,68,102,101,101,99,20.311,20.259,22.42,22.311,2347.539,93991,30110,0,6083,9383,3,14,1,0,0,28,23,14,19,4,3,FALSE,0,FALSE
1280.3304,21.59,20.979,18.307,16.904,1.532,19,17,6,1974043.1,76,76,69,67,102,101,101,99,20.314,20.263,22.42,22.311,2367.516,93991,30110,0,6000,9383,3,14,1,0,0,28,23,14,19,4,3,FALSE,0,FALSE
1280.8313,21.607,20.998,18.307,16.904,1.52,19,17,6,1975798.2,75,75,68,68,102,101,101,99,20.316,20.265,22.419,22.31,2389.562,93991,30110,0,6000,9317,3,14,1,0,0,28,23,14,19,4,3,FALSE,0,FALSE
1281.3313,21.62,21.013,18.307,16.904,1.506,19,17,6,1970739.4,73,73,67,68,102,101,101,99,20.317,20.266,22.417,22.308,2414.328,93991,30110,0,6000,9317,3,14,1,0,0,28,23,14,19,4,3,FALSE,0,FALSE
1281.8287,21.632,21.025,18.307,16.904,1.493,19,17,6,1970073.4,72,71,68,68,102,101,101,99,20.317,20.265,22.414,22.306,2441.297,93991,30110,0,6000,9317,3,14,1,0,0,28,23,14,19,4,3,FALSE,0,FALSE
1282.329,21.642,21.036,18.307,16.904,1.479,19,17,6,1962989.2,71,71,68,68,102,101,101,99,20.316,20.264,22.411,22.304,2470.336,93991,30110,0,5950,9283,3,14,1,0,0,28,23,14,19,4,3,FALSE,0,FALSE
1282.8284,21.651,21.045,18.307,16.904,1.467,19,17,6,1960497.5,71,71,68,68,102,101,100,99,20.314,20.263,22.407,22.301,2501.141,93991,30110,0,5950,9283,3,14,1,0,0,28,23,14,19,4,3,FALSE,0,FALSE
1283.33,21.66,21.054,18.308,16.904,1.453,19,17,6,1951952.8,71,71,69,69,102,101,100,99,20.311,20.26,22.403,22.298,2533.539,93991,30110,0,5950,9300,3,14,1,0,0,28,23,14,19,4,3,FALSE,0,FALSE
1283.8289,21.671,21.069,18.316,16.911,1.439,19,17,6,1943309,71,73,70,71,102,101,100,99,20.308,20.258,22.399,22.294,2567.5,93991,30110,0,5950,9316,3,14,1,0,0,28,23,14,19,4,3,FALSE,0,FALSE
1284.3306,21.701,21.106,18.349,16.946,1.426,19,17,6,1940060.9,75,79,76,78,102,101,100,99,20.306,20.258,22.395,22.293,2602.258,93991,30110,0,5983,9316,3,14,1,0,0,28,23,14,19,4,3,FALSE,0,FALSE
1284.8284,21.73,21.142,18.38,16.976,1.415,19,17,6,1944234.5,74,76,75,77,102,101,100,99,20.305,20.259,22.393,22.292,2637.766,93991,30110,0,5983,9350,3,14,1,0,0,28,23,14,19,4,3,FALSE,0,FALSE
1285.3281,21.754,21.173,18.408,17.003,1.413,19,17,6,1972792.2,74,77,76,78,102,101,100,99,20.305,20.261,22.394,22.295,2669.836,93991,30110,0,6050,9383,3,14,1,0,0,28,23,14,19,4,3,FALSE,0,FALSE
1285.8287,21.773,21.195,18.425,17.019,1.413,19,17,6,1997727.2,73,76,75,76,102,101,100,99,20.307,20.264,22.398,22.3,2693.742,93991,30110,0,6050,9383,3,14,1,0,0,28,23,14,19,4,3,FALSE,0,FALSE
1286.3289,21.788,21.212,18.441,17.035,1.413,19,17,6,2018619.2,73,76,75,77,102,101,100,99,20.309,20.268,22.402,22.305,2711.719,93991,30110,0,6067,9383,3,14,1,0,0,28,23,14,19,4,3,FALSE,0,FALSE
1286.8313,21.801,21.229,18.455,17.053,1.413,19,17,6,2034892.4,73,77,76,79,102,101,100,99,20.312,20.273,22.407,22.312,2726.117,93991,30110,0,6067,9400,3,14,1,0,0,28,23,14,19,4,3,FALSE,0,FALSE
1287.3274,21.808,21.239,18.466,17.068,1.413,19,17,6,2045747,71,75,75,80,102,102,101,99,20.314,20.277,22.411,22.319,2737.086,93991,30110,0,6067,9400,3,14,1,0,0,28,23,14,19,4,3,FALSE,0,FALSE
1287.8285,21.816,21.247,18.478,17.087,1.411,19,17,6,2051097,72,74,76,84,102,102,101,99,20.316,20.281,22.415,22.327,2755.766,93991,30110,0,6067,9400,3,14,1,0,0,28,23,14,19,4,3,FALSE,0,FALSE
1288.3268,21.826,21.261,18.493,17.105,1.409,19,17,6,2056387,73,77,77,85,102,102,101,99,20.318,20.284,22.419,22.335,2769.398,93991,30110,0,6017,9367,3,14,1,0,0,28,23,14,19,4,3,FALSE,0,FALSE
1288.831,21.841,21.28,18.499,17.113,1.404,19,17,6,2062456.8,74,79,74,79,102,102,101,99,20.321,20.29,22.423,22.342,2780.438,93991,30110,0,6017,9367,3,14,1,0,0,28,23,14,19,4,3,FALSE,0,FALSE
1289.3312,21.847,21.286,18.5,17.114,1.397,19,17,6,2068963.6,72,75,70,74,102,102,101,99,20.323,20.294,22.424,22.346,2793.531,93991,30110,0,6017,9367,3,14,1,0,0,28,23,14,19,4,3,FALSE,0,FALSE
1289.823,21.858,21.299,18.5,17.114,1.388,19,17,6,2073227.5,74,75,68,70,102,102,101,99,20.324,20.296,22.424,22.348,2808.375,93991,30110,0,6017,9367,3,14,1,0,0,28,23,14,19,4,3,FALSE,0,FALSE
1290.3304,21.883,21.322,18.5,17.114,1.375,19,17,6,2079067.1,78,78,67,67,102,102,101,99,20.327,20.3,22.423,22.348,2827.023,93991,30110,0,6017,9367,3,14,1,0,0,28,23,14,19,4,3,FALSE,0,FALSE
1290.8278,21.912,21.349,18.5,17.114,1.363,19,17,6,2083219,78,78,67,67,103,102,101,99,20.331,20.304,22.422,22.347,2847.938,93991,30110,0,6017,9350,3,14,1,0,0,28,23,14,19,4,3,FALSE,0,FALSE
1291.3291,21.927,21.364,18.5,17.114,1.35,19,17,6,2078640.5,74,74,67,67,103,102,101,99,20.333,20.307,22.42,22.346,2871.625,93991,30110,0,6017,9350,3,14,1,0,0,28,23,14,19,4,3,FALSE,0,FALSE
1291.8306,21.939,21.377,18.501,17.114,1.337,19,17,6,2078299.8,72,72,68,68,103,102,101,99,20.334,20.307,22.417,22.344,2897.75,93991,30110,0,6000,9334,3,14,1,0,0,28,23,14,19,4,3,FALSE,0,FALSE
1292.3298,21.95,21.387,18.501,17.114,1.323,19,17,6,2071533.8,71,71,68,68,103,102,101,99,20.333,20.307,22.415,22.342,2926.023,93991,30110,0,6000,9334,3,14,1,0,0,28,23,14,19,4,3,FALSE,0,FALSE
1292.8318,21.959,21.397,18.501,17.114,1.31,19,17,6,2069251.1,71,71,68,69,103,102,101,99,20.331,20.306,22.411,22.34,2956.312,93991,30110,0,5984,9334,3,14,1,0,0,28,23,14,19,4,3,FALSE,0,FALSE
1293.3279,21.967,21.407,18.501,17.114,1.297,19,17,6,2060846.9,71,71,69,69,103,102,100,99,20.33,20.304,22.408,22.337,2988.344,93991,30110,0,5984,9334,3,14,1,0,0,28,23,14,19,4,3,FALSE,0,FALSE
1294.331,21.983,21.425,18.501,17.114,1.269,19,17,6,2043559.4,71,71,69,69,102,102,100,99,20.325,20.3,22.399,22.329,3056.922,93991,30110,0,6000,9367,3,14,1,0,0,28,23,14,19,4,3,FALSE,0,FALSE
1294.8275,21.991,21.433,18.501,17.114,1.256,19,17,6,2040329.4,71,71,70,69,102,102,100,99,20.322,20.298,22.395,22.325,3092.922,93991,30110,0,6000,9367,3,14,1,0,0,28,23,14,19,4,3,FALSE,0,FALSE
1295.3231,21.998,21.441,18.501,17.114,1.243,19,17,6,2031973.8,71,71,69,69,102,102,100,99,20.319,20.295,22.389,22.32,3128.688,93991,30110,0,6050,9384,3,14,1,0,0,28,23,14,19,4,3,FALSE,0,FALSE
1295.8307,22.005,21.449,18.501,17.114,1.229,19,17,6,2023041.9,71,71,70,69,102,102,100,99,20.315,20.291,22.384,22.314,3167.906,93991,30110,0,6050,9400,3,14,1,0,0,28,23,14,19,4,3,FALSE,0,FALSE
1296.3293,22.013,21.456,18.501,17.114,1.215,19,17,6,2014398.1,71,71,70,70,102,102,100,99,20.311,20.287,22.377,22.309,3206.734,93991,30110,0,6117,9400,3,14,1,0,0,28,23,14,19,4,3,FALSE,0,FALSE
1296.8307,22.019,21.464,18.501,17.114,1.201,19,17,6,2005754.4,72,71,70,70,102,102,100,99,20.306,20.283,22.371,22.302,3246.297,93991,30110,0,6117,9434,3,14,1,0,0,28,23,14,19,4,3,FALSE,0,FALSE
1297.3302,22.026,21.471,18.501,17.114,1.188,19,17,6,2002494.6,72,71,70,70,102,102,100,99,20.302,20.279,22.364,22.296,3286.461,93991,30110,0,6133,9450,3,14,1,0,0,28,23,14,19,4,3,FALSE,0,FALSE
1297.8296,22.033,21.477,18.501,17.114,1.175,19,17,6,1993850.9,72,72,70,70,102,102,100,98,20.297,20.274,22.356,22.289,3327.031,93991,30110,0,6133,9450,3,14,1,0,0,28,23,14,19,4,3,FALSE,0,FALSE
1298.3303,22.046,21.489,18.513,17.127,1.164,19,17,6,2000434.9,73,73,75,74,102,101,99,98,20.292,20.27,22.35,22.283,3367.406,93991,30110,0,6166,9467,3,14,1,0,0,28,23,14,19,4,3,FALSE,0,FALSE
1298.8309,22.067,21.51,18.539,17.153,1.162,19,17,6,2032038.9,72,72,74,74,102,101,100,98,20.292,20.27,22.353,22.286,3400.414,93991,30110,0,6166,9483,3,14,1,0,0,28,23,14,19,4,3,FALSE,0,FALSE
1299.33,22.081,21.531,18.564,17.178,1.161,19,17,6,2058008.5,71,76,78,78,102,101,100,99,20.293,20.271,22.357,22.291,3426.875,93991,30110,0,6216,9483,3,14,1,0,0,28,23,14,19,4,3,FALSE,0,FALSE
1299.8271,22.109,21.568,18.604,17.231,1.161,19,17,6,2068583.9,75,81,81,88,102,102,100,99,20.294,20.276,22.363,22.299,3449.859,93991,30110,0,6216,9550,3,14,1,0,0,28,23,14,19,4,3,FALSE,0,FALSE
1300.3259,22.131,21.6,18.649,17.285,1.159,19,17,6,2076727.2,75,83,86,91,102,102,100,99,20.297,20.281,22.37,22.309,3474.992,93991,30110,0,6216,9533,3,14,1,0,0,28,23,14,19,4,3,FALSE,0,FALSE
1300.8285,22.161,21.639,18.7,17.347,1.153,19,17,6,2084375.8,77,84,87,94,102,102,100,99,20.3,20.288,22.378,22.321,3500.18,93991,30110,0,6200,9533,3,14,1,0,0,28,23,14,19,4,3,FALSE,0,FALSE
1301.3315,22.188,21.674,18.729,17.382,1.145,19,17,6,2091277.6,77,82,80,86,102,102,100,99,20.303,20.294,22.384,22.33,3521.938,93991,30110,0,6167,9500,3,14,1,0,0,28,23,14,19,4,3,FALSE,0,FALSE
1301.8295,22.211,21.703,18.751,17.408,1.135,19,17,6,2097754.5,76,81,77,81,102,102,100,99,20.304,20.298,22.387,22.336,3544.148,93991,30110,0,6167,9500,3,14,1,0,0,28,23,14,19,4,3,FALSE,0,FALSE
1302.3295,22.243,21.741,18.775,17.435,1.123,19,17,6,2103869.8,78,83,77,80,102,102,100,99,20.306,20.303,22.389,22.34,3567.602,93991,30110,0,6167,9500,3,14,1,0,0,28,23,14,19,4,3,FALSE,0,FALSE
1302.8317,22.277,21.78,18.799,17.46,1.111,19,17,6,2110379.2,78,83,76,79,102,102,100,99,20.308,20.307,22.391,22.343,3592.594,93991,30110,0,6167,9467,3,14,1,0,0,28,23,14,19,4,3,FALSE,0,FALSE
1303.3284,22.306,21.813,18.817,17.478,1.097,19,17,6,2103973.5,76,79,74,76,102,102,100,99,20.31,20.31,22.391,22.344,3619.617,93991,30110,0,6167,9467,3,14,1,0,0,28,23,14,19,4,3,FALSE,0,FALSE
1303.8274,22.333,21.845,18.838,17.499,1.083,19,17,6,2096733,75,79,74,76,102,102,100,99,20.31,20.312,22.39,22.344,3648.773,93991,30110,0,6133,9466,3,14,1,0,0,28,23,14,19,4,3,FALSE,0,FALSE
1304.3291,22.357,21.875,18.857,17.517,1.07,19,17,6,2094333.4,73,78,74,74,102,102,100,99,20.309,20.314,22.389,22.344,3680.039,93991,30110,0,6133,9466,3,14,1,0,0,28,23,14,19,4,3,FALSE,0,FALSE
1304.8314,22.371,21.891,18.864,17.523,1.057,19,17,6,2085830.1,72,72,71,70,102,102,100,99,20.306,20.313,22.386,22.341,3712.805,93991,30110,0,6133,9466,3,14,1,0,0,28,23,14,19,4,3,FALSE,0,FALSE
1305.3303,22.394,21.91,18.878,17.538,1.043,19,17,6,2077186.4,74,73,73,71,102,102,100,99,20.304,20.31,22.383,22.338,3746.414,93991,30110,0,6133,9466,3,14,1,0,0,28,23,14,19,4,3,FALSE,0,FALSE
1305.83,22.431,21.939,18.915,17.574,1.029,19,17,6,2068542.6,80,77,81,78,102,102,100,99,20.303,20.308,22.381,22.335,3780.914,93991,30110,0,6133,9483,3,14,1,0,0,28,23,14,19,4,3,FALSE,0,FALSE
1306.3302,22.502,22,19,17.651,1.015,19,17,6,2059898.9,87,82,90,85,102,102,100,99,20.306,20.308,22.383,22.335,3816.914,93991,30110,0,6150,9483,3,14,1,0,0,28,23,14,19,4,3,FALSE,0,FALSE
1306.828,22.566,22.054,19.07,17.715,1.001,19,17,6,2051255.1,82,78,86,82,102,102,100,99,20.308,20.308,22.384,22.335,3853.859,93991,30110,0,6150,9500,3,14,1,0,0,28,23,14,19,4,3,FALSE,0,FALSE
1307.3267,22.643,22.12,19.166,17.8,0.988,19,17,6,2042899.5,88,83,92,86,102,102,100,99,20.31,20.308,22.386,22.335,3889.727,93991,30110,0,6183,9516,3,14,1,0,0,28,23,14,19,4,3,FALSE,0,FALSE
1307.8285,22.715,22.18,19.247,17.873,0.975,19,17,6,2039476.6,84,80,86,82,102,102,100,99,20.313,20.308,22.388,22.335,3927.406,93991,30110,0,6183,9516,3,14,1,0,0,28,23,14,19,4,3,FALSE,0,FALSE
1308.3302,22.761,22.217,19.288,17.913,0.961,19,17,6,2030832.9,79,75,79,76,102,102,100,99,20.312,20.306,22.386,22.332,3962.977,93991,30110,0,6183,9517,3,14,1,0,0,28,23,14,19,4,3,FALSE,0,FALSE
1308.827,22.792,22.243,19.308,17.935,0.948,19,17,6,2022189.1,75,72,73,71,102,102,100,99,20.309,20.302,22.382,22.327,3999.617,93991,30110,0,6183,9533,3,14,1,0,0,28,23,14,19,4,3,FALSE,0,FALSE
1309.3253,22.801,22.251,19.313,17.94,0.936,19,17,6,2026811.5,70,70,68,68,102,102,100,99,20.304,20.296,22.374,22.319,4035.359,93991,30110,40722,6233,9533,3,14,1,0,0,28,23,14,19,4,3,FALSE,0,FALSE
1309.8247,22.835,22.276,19.345,17.97,0.934,19,17,6,2057096,78,73,78,77,102,102,100,99,20.303,20.294,22.374,22.319,4066.391,93991,30110,40722,6234,9550,3,14,1,0,0,28,23,14,19,4,3,FALSE,0,FALSE
1310.3282,22.877,22.307,19.404,18.021,0.934,19,17,6,2085804.9,83,76,90,84,102,102,100,99,20.306,20.295,22.38,22.323,4092.18,93991,30110,40722,6234,9567,3,14,1,0,0,28,23,14,19,4,3,FALSE,0,FALSE
1310.8304,22.918,22.339,19.477,18.077,0.934,19,17,6,2105327.8,84,78,99,88,102,102,100,99,20.312,20.298,22.39,22.331,4113.688,93991,30110,40722,6234,9567,3,14,1,0,0,28,23,14,19,4,3,FALSE,0,FALSE
1311.3289,22.943,22.357,19.544,18.127,0.932,19,17,6,2117051.2,80,75,101,89,102,102,100,99,20.317,20.3,22.403,22.34,4133.461,93991,30110,40722,6183,9567,3,14,1,0,0,28,23,14,19,4,3,FALSE,0,FALSE
1311.8267,22.969,22.379,19.601,18.167,0.926,19,17,6,2123502,81,77,100,87,102,102,101,99,20.321,20.302,22.415,22.347,4154.742,93991,30110,40722,6183,9516,3,14,1,0,0,28,23,14,19,4,3,FALSE,0,FALSE
1312.3295,23.001,22.405,19.635,18.193,0.918,19,17,6,2130362.8,83,78,90,81,102,102,101,100,20.325,20.304,22.425,22.353,4175.836,93991,30110,40722,6183,9516,3,14,1,0,0,28,23,14,19,4,3,FALSE,0,FALSE
1312.8276,23.026,22.427,19.65,18.206,0.908,19,17,6,2134476.5,80,77,80,74,103,102,101,100,20.329,20.306,22.43,22.355,4196.359,93991,30110,40722,6216,9566,3,14,1,0,0,28,23,14,19,4,3,FALSE,0,FALSE
1313.3274,23.056,22.458,19.656,18.212,0.894,19,17,6,2130070.8,79,78,73,70,103,102,101,100,20.332,20.308,22.431,22.355,4219.172,93991,30110,40722,6216,9566,3,14,1,0,0,28,23,14,19,4,3,FALSE,0,FALSE
1313.8269,23.071,22.472,19.657,18.213,0.881,19,17,6,2129939.2,74,73,69,69,103,102,101,100,20.333,20.309,22.429,22.353,4245.102,93991,30110,40722,6216,9566,3,14,1,0,0,28,23,14,19,4,3,FALSE,0,FALSE
1314.3287,23.083,22.483,19.657,18.213,0.868,19,17,6,2123292.8,72,72,69,68,103,102,101,99,20.331,20.307,22.426,22.35,4273.289,93991,30110,40722,6217,9533,3,14,1,0,0,28,23,14,19,4,3,FALSE,0,FALSE
1314.826,23.097,22.496,19.657,18.213,0.854,19,17,6,2098186.8,72,72,68,67,103,102,101,99,20.33,20.305,22.422,22.347,4302.523,93991,30110,40722,6217,9533,3,14,1,0,0,28,23,14,19,4,3,FALSE,0,FALSE
1315.3297,23.11,22.508,19.657,18.213,0.841,19,17,6,2045893.5,72,72,69,68,103,102,101,99,20.327,20.303,22.418,22.342,4335.719,93991,30110,40722,6217,9533,3,14,1,0,0,28,23,14,19,4,3,FALSE,0,FALSE
1315.8282,23.125,22.521,19.657,18.213,0.827,19,17,6,1988278.5,72,72,69,69,102,102,101,99,20.324,20.3,22.413,22.338,4369.539,93991,30110,40722,6217,9466,3,14,1,0,0,28,23,14,19,4,3,FALSE,0,FALSE
1316.327,23.138,22.534,19.657,18.213,0.814,19,17,6,1936025.5,72,72,69,69,102,102,100,99,20.322,20.297,22.408,22.333,4404.828,93991,30110,40722,6250,9466,3,14,1,0,0,28,23,14,19,4,3,FALSE,0,FALSE
1316.8297,23.149,22.544,19.657,18.213,0.801,19,17,6,1878410.5,72,72,69,69,102,102,100,99,20.318,20.293,22.402,22.328,4441.484,93991,30110,40722,6250,9466,3,14,1,0,0,28,23,14,19,4,3,FALSE,0,FALSE
1317.3295,23.16,22.554,19.657,18.213,0.787,19,17,6,1820795.5,72,71,70,69,102,102,100,99,20.314,20.289,22.396,22.322,4479.5,93991,30110,40722,6266,9466,3,14,1,0,0,28,23,14,19,4,3,FALSE,0,FALSE
1317.827,23.17,22.564,19.657,18.213,0.773,19,17,6,1763180.5,72,72,70,69,102,102,100,99,20.309,20.285,22.39,22.316,4518.727,93991,30110,40722,6266,9466,3,14,1,0,0,28,23,14,19,4,3,FALSE,0,FALSE
1318.3268,23.179,22.572,19.657,18.213,0.761,19,17,6,1712979.5,71,71,70,69,102,102,100,99,20.305,20.28,22.383,22.31,4557.602,93991,30110,40722,6266,9450,3,14,1,0,0,28,23,14,19,4,3,FALSE,0,FALSE
1318.8276,23.188,22.581,19.657,18.213,0.747,19,17,6,1653444,72,72,70,70,102,102,100,99,20.299,20.275,22.376,22.303,4599.992,93991,30110,40722,6234,9450,3,14,1,0,0,28,23,14,19,4,3,FALSE,0,FALSE
1319.3284,23.198,22.59,19.657,18.213,0.733,19,17,6,1595829,73,73,71,71,102,101,100,99,20.294,20.27,22.368,22.296,4641.867,93991,30110,40722,6234,9450,3,14,1,0,0,28,23,14,19,4,3,FALSE,0,FALSE
1319.8209,23.207,22.599,19.657,18.213,0.719,19,17,6,1540134.5,73,73,71,70,102,101,100,98,20.289,20.265,22.361,22.289,4683.047,93991,30110,40722,6234,9417,3,14,1,0,0,28,23,14,19,4,3,FALSE,0,FALSE
1320.3307,23.217,22.608,19.657,18.213,0.705,19,17,6,1480599,73,73,71,70,102,101,100,98,20.283,20.26,22.353,22.281,4727.703,93991,30110,40722,6200,9383,3,14,1,0,0,28,23,14,19,4,3,FALSE,0,FALSE
1320.8296,23.225,22.616,19.657,18.213,0.691,19,17,6,1453999.1,73,73,71,71,102,101,99,98,20.277,20.254,22.345,22.273,4771.398,93991,30110,40722,6200,9383,3,14,1,0,0,28,23,14,19,4,3,FALSE,0,FALSE
1321.3304,23.232,22.622,19.657,18.213,0.677,19,17,6,1445630.5,72,72,71,70,101,101,99,98,20.271,20.248,22.336,22.265,4815.242,93991,30110,40722,6150,9366,3,14,1,0,0,28,23,14,19,4,3,FALSE,0,FALSE
1321.8312,23.26,22.65,19.697,18.248,0.674,19,17,6,1479302.5,74,73,76,76,101,101,99,98,20.268,20.245,22.336,22.265,4854.344,93991,30110,40722,6150,9350,3,14,1,0,0,28,23,14,19,4,3,FALSE,0,FALSE
1322.3241,23.281,22.672,19.719,18.269,0.673,19,17,6,1508127,73,72,74,74,101,101,99,98,20.27,20.246,22.341,22.27,4883.391,93991,30110,40722,6133,9350,3,14,1,0,0,28,23,14,19,4,3,FALSE,0,FALSE
1322.8267,23.314,22.703,19.757,18.304,0.673,19,17,6,1532372.5,81,78,85,81,102,101,99,98,20.273,20.25,22.348,22.277,4906.602,93991,30110,40722,6100,9317,3,14,1,0,0,28,23,14,19,4,3,FALSE,0,FALSE
1323.3296,23.383,22.756,19.838,18.364,0.673,19,17,6,1545461.6,96,88,102,91,102,101,100,98,20.284,20.258,22.362,22.288,4924.984,93991,30110,40722,6100,9317,3,14,1,0,0,28,23,14,19,4,3,FALSE,0,FALSE
1324.3268,23.476,22.84,19.919,18.415,0.665,19,17,6,1558336,88,84,91,80,102,102,100,99,20.312,20.281,22.392,22.308,4963.375,93991,30110,40722,6034,9267,3,14,1,0,0,28,23,14,19,4,3,FALSE,0,FALSE
1324.8276,23.497,22.858,19.938,18.431,0.657,19,17,6,1564796.4,82,79,84,76,102,102,100,99,20.319,20.286,22.401,22.314,4980.797,93991,30110,40722,6034,9267,3,14,1,0,0,28,23,14,19,4,3,FALSE,0,FALSE
1325.327,23.547,22.904,19.951,18.441,0.647,19,17,6,1570474.6,90,86,78,72,103,102,100,99,20.327,20.293,22.407,22.318,4999.781,93991,30110,40722,6066,9267,3,14,1,0,0,28,23,14,19,4,3,FALSE,0,FALSE
1325.8268,23.579,22.937,19.959,18.449,0.634,19,17,6,1567356.1,84,83,74,70,103,102,101,99,20.334,20.299,22.41,22.32,5019.57,93991,30110,40722,6066,9300,3,14,1,0,0,28,23,14,19,4,3,FALSE,0,FALSE
1326.326,23.603,22.961,19.962,18.452,0.621,19,17,6,1551047.1,78,77,70,68,103,102,101,99,20.339,20.303,22.412,22.32,5042.766,93991,30110,40722,6116,9300,3,14,1,0,0,28,23,14,19,4,3,FALSE,0,FALSE
1326.8279,23.622,22.979,19.963,18.453,0.607,19,17,6,1515353.6,75,74,69,68,103,102,101,99,20.341,20.305,22.411,22.32,5070.148,93991,30110,40722,6116,9266,3,14,1,0,0,28,23,14,19,4,3,FALSE,0,FALSE
1327.3253,23.636,22.993,19.963,18.454,0.594,19,17,6,1469173,73,72,69,68,103,102,100,99,20.341,20.305,22.41,22.319,5098.5,93991,30110,40722,6116,9266,3,14,1,0,0,28,23,14,19,4,3,FALSE,0,FALSE
1327.8265,23.648,23.005,19.963,18.454,0.581,19,17,6,1420411.8,72,71,68,69,103,102,100,99,20.34,20.304,22.408,22.317,5129.961,93991,30110,40722,6100,9233,3,14,1,0,0,28,23,14,19,4,3,FALSE,0,FALSE
1328.3225,23.659,23.017,19.963,18.454,0.567,19,17,6,1362800.6,73,72,69,69,103,102,100,99,20.339,20.303,22.405,22.315,5163.359,93991,30110,40722,6100,9233,3,14,1,0,0,28,23,14,19,4,3,FALSE,0,FALSE
1328.8301,23.669,23.026,19.963,18.454,0.554,19,17,6,1308737.1,72,72,69,69,103,102,100,99,20.337,20.301,22.402,22.313,5199.672,93991,30110,40722,6084,9234,3,14,1,0,0,28,23,14,19,4,3,FALSE,0,FALSE
1329.3254,23.679,23.036,19.963,18.454,0.541,19,17,6,1253042.6,72,72,70,69,103,102,100,99,20.335,20.299,22.398,22.31,5235.023,93991,30110,40722,6084,9234,3,14,1,0,0,28,23,14,19,4,3,FALSE,0,FALSE
1329.8188,23.689,23.046,19.963,18.454,0.527,19,17,6,1195427.6,72,72,70,69,103,102,100,99,20.332,20.296,22.394,22.306,5272.93,93991,30110,40722,6084,9234,3,14,1,0,0,28,23,14,19,4,3,FALSE,0,FALSE
1330.3263,23.698,23.055,19.963,18.454,0.513,19,17,6,1137812.6,72,72,70,70,103,102,100,99,20.329,20.293,22.389,22.302,5312.023,93991,30110,40722,6050,9183,3,14,1,0,0,28,23,14,19,4,3,FALSE,0,FALSE
